<?xml version="1.0" encoding="UTF-8"?>
<!-- track-length = 695611 filtered ascend = 1146 plain-ascend = 16 cost=712071 energy=8.5kwh time=15h 27m 28s -->
<gpx 
 xmlns="http://www.topografix.com/GPX/1/1" 
 xmlns:xsi="http://www.w3.org/2001/XMLSchema-instance" 
 xsi:schemaLocation="http://www.topografix.com/GPX/1/1 http://www.topografix.com/GPX/1/1/gpx.xsd" 
 version="1.1" 
 creator="BRouter-Web 99.71.0">
 <trk>
  <name>Amsterdam-Cambridge</name>
  <link href="https://brouter.damsy.net/latest/#map=7/52.056/3.571/standard&amp;lonlats=4.900975,52.378901;4.361572,50.837973;-0.126214,51.531841;-0.228846,51.980344;0.137415,52.193397&amp;profile=rail">
   <text>BRouter-Web</text>
  </link>
  <trkseg>
   <trkpt lat="52.378899" lon="4.900973"><ele>1.75</ele></trkpt>
   <trkpt lat="52.379127" lon="4.900347"><ele>2</ele></trkpt>
   <trkpt lat="52.379295" lon="4.899886"><ele>1.5</ele></trkpt>
   <trkpt lat="52.379296" lon="4.899884"><ele>1.5</ele></trkpt>
   <trkpt lat="52.379297" lon="4.89988"><ele>1.5</ele></trkpt>
   <trkpt lat="52.37943" lon="4.899516"><ele>2</ele></trkpt>
   <trkpt lat="52.379942" lon="4.89811"><ele>1</ele></trkpt>
   <trkpt lat="52.380062" lon="4.897773"><ele>1</ele></trkpt>
   <trkpt lat="52.380144" lon="4.897504"><ele>1.5</ele></trkpt>
   <trkpt lat="52.380376" lon="4.896636"><ele>3.25</ele></trkpt>
   <trkpt lat="52.380562" lon="4.895948"><ele>4.75</ele></trkpt>
   <trkpt lat="52.38064" lon="4.8957"><ele>5.25</ele></trkpt>
   <trkpt lat="52.380649" lon="4.895676"><ele>5.5</ele></trkpt>
   <trkpt lat="52.380711" lon="4.895506"><ele>5.5</ele></trkpt>
   <trkpt lat="52.380877" lon="4.895126"><ele>5.75</ele></trkpt>
   <trkpt lat="52.38104" lon="4.894689"><ele>6</ele></trkpt>
   <trkpt lat="52.381261" lon="4.894212"><ele>6</ele></trkpt>
   <trkpt lat="52.381372" lon="4.893973"><ele>5.75</ele></trkpt>
   <trkpt lat="52.381483" lon="4.893735"><ele>6</ele></trkpt>
   <trkpt lat="52.381593" lon="4.893496"><ele>6</ele></trkpt>
   <trkpt lat="52.381669" lon="4.893224"><ele>6</ele></trkpt>
   <trkpt lat="52.381909" lon="4.892564"><ele>6</ele></trkpt>
   <trkpt lat="52.381927" lon="4.892515"><ele>6</ele></trkpt>
   <trkpt lat="52.381956" lon="4.892437"><ele>6</ele></trkpt>
   <trkpt lat="52.382043" lon="4.8922"><ele>6</ele></trkpt>
   <trkpt lat="52.382063" lon="4.892141"><ele>6</ele></trkpt>
   <trkpt lat="52.382474" lon="4.890959"><ele>5.25</ele></trkpt>
   <trkpt lat="52.382612" lon="4.890556"><ele>5</ele></trkpt>
   <trkpt lat="52.382892" lon="4.889738"><ele>4.75</ele></trkpt>
   <trkpt lat="52.383069" lon="4.889239"><ele>4.5</ele></trkpt>
   <trkpt lat="52.38319" lon="4.888933"><ele>4.25</ele></trkpt>
   <trkpt lat="52.383307" lon="4.888664"><ele>4</ele></trkpt>
   <trkpt lat="52.383439" lon="4.88839"><ele>4</ele></trkpt>
   <trkpt lat="52.383619" lon="4.88805"><ele>3.75</ele></trkpt>
   <trkpt lat="52.383942" lon="4.887474"><ele>3.25</ele></trkpt>
   <trkpt lat="52.384773" lon="4.885989"><ele>2.5</ele></trkpt>
   <trkpt lat="52.384778" lon="4.885981"><ele>2.5</ele></trkpt>
   <trkpt lat="52.384779" lon="4.885978"><ele>2.5</ele></trkpt>
   <trkpt lat="52.384806" lon="4.885931"><ele>2.5</ele></trkpt>
   <trkpt lat="52.385203" lon="4.885206"><ele>2</ele></trkpt>
   <trkpt lat="52.385358" lon="4.884897"><ele>1.75</ele></trkpt>
   <trkpt lat="52.385582" lon="4.884392"><ele>1.5</ele></trkpt>
   <trkpt lat="52.385757" lon="4.883934"><ele>1.25</ele></trkpt>
   <trkpt lat="52.385943" lon="4.883418"><ele>1</ele></trkpt>
   <trkpt lat="52.386027" lon="4.883181"><ele>1.75</ele></trkpt>
   <trkpt lat="52.386091" lon="4.882997"><ele>2.5</ele></trkpt>
   <trkpt lat="52.386189" lon="4.882713"><ele>3.5</ele></trkpt>
   <trkpt lat="52.386229" lon="4.882599"><ele>3.5</ele></trkpt>
   <trkpt lat="52.386238" lon="4.882572"><ele>3.75</ele></trkpt>
   <trkpt lat="52.386247" lon="4.882548"><ele>4</ele></trkpt>
   <trkpt lat="52.386545" lon="4.881691"><ele>3.75</ele></trkpt>
   <trkpt lat="52.386646" lon="4.881389"><ele>4.75</ele></trkpt>
   <trkpt lat="52.386669" lon="4.88132"><ele>5</ele></trkpt>
   <trkpt lat="52.386766" lon="4.881022"><ele>4</ele></trkpt>
   <trkpt lat="52.387002" lon="4.880291"><ele>4.75</ele></trkpt>
   <trkpt lat="52.387405" lon="4.879037"><ele>4.25</ele></trkpt>
   <trkpt lat="52.387553" lon="4.878579"><ele>3.5</ele></trkpt>
   <trkpt lat="52.387558" lon="4.878561"><ele>3.5</ele></trkpt>
   <trkpt lat="52.387642" lon="4.878323"><ele>4.5</ele></trkpt>
   <trkpt lat="52.38778" lon="4.877932"><ele>4.75</ele></trkpt>
   <trkpt lat="52.388108" lon="4.877058"><ele>4.25</ele></trkpt>
   <trkpt lat="52.388174" lon="4.876872"><ele>4.25</ele></trkpt>
   <trkpt lat="52.388193" lon="4.876817"><ele>4.25</ele></trkpt>
   <trkpt lat="52.388221" lon="4.876739"><ele>4</ele></trkpt>
   <trkpt lat="52.388302" lon="4.876511"><ele>4</ele></trkpt>
   <trkpt lat="52.388471" lon="4.876008"><ele>4.5</ele></trkpt>
   <trkpt lat="52.388602" lon="4.875589"><ele>4</ele></trkpt>
   <trkpt lat="52.388697" lon="4.875246"><ele>3.75</ele></trkpt>
   <trkpt lat="52.389112" lon="4.873666"><ele>3.5</ele></trkpt>
   <trkpt lat="52.389135" lon="4.873576"><ele>3</ele></trkpt>
   <trkpt lat="52.389159" lon="4.873484"><ele>2.5</ele></trkpt>
   <trkpt lat="52.389278" lon="4.873034"><ele>2.75</ele></trkpt>
   <trkpt lat="52.389322" lon="4.872805"><ele>2.25</ele></trkpt>
   <trkpt lat="52.389378" lon="4.872388"><ele>2.25</ele></trkpt>
   <trkpt lat="52.389432" lon="4.871789"><ele>2</ele></trkpt>
   <trkpt lat="52.389455" lon="4.87159"><ele>2.25</ele></trkpt>
   <trkpt lat="52.38953" lon="4.871109"><ele>2.5</ele></trkpt>
   <trkpt lat="52.3896" lon="4.870768"><ele>1.75</ele></trkpt>
   <trkpt lat="52.389664" lon="4.870513"><ele>1.75</ele></trkpt>
   <trkpt lat="52.389942" lon="4.869609"><ele>1.75</ele></trkpt>
   <trkpt lat="52.390107" lon="4.869134"><ele>1.75</ele></trkpt>
   <trkpt lat="52.390256" lon="4.868753"><ele>1.75</ele></trkpt>
   <trkpt lat="52.390489" lon="4.868216"><ele>1.75</ele></trkpt>
   <trkpt lat="52.390798" lon="4.867543"><ele>2</ele></trkpt>
   <trkpt lat="52.39101" lon="4.867119"><ele>2</ele></trkpt>
   <trkpt lat="52.391198" lon="4.86676"><ele>2</ele></trkpt>
   <trkpt lat="52.391396" lon="4.866418"><ele>2</ele></trkpt>
   <trkpt lat="52.39178" lon="4.865873"><ele>2</ele></trkpt>
   <trkpt lat="52.391947" lon="4.865655"><ele>2.5</ele></trkpt>
   <trkpt lat="52.39262" lon="4.864701"><ele>1.75</ele></trkpt>
   <trkpt lat="52.392706" lon="4.864584"><ele>1.75</ele></trkpt>
   <trkpt lat="52.39289" lon="4.864342"><ele>1.75</ele></trkpt>
   <trkpt lat="52.392962" lon="4.864248"><ele>1.75</ele></trkpt>
   <trkpt lat="52.393356" lon="4.863654"><ele>2</ele></trkpt>
   <trkpt lat="52.393548" lon="4.8634"><ele>2.5</ele></trkpt>
   <trkpt lat="52.393642" lon="4.863272"><ele>2.5</ele></trkpt>
   <trkpt lat="52.39389" lon="4.86292"><ele>2.5</ele></trkpt>
   <trkpt lat="52.394005" lon="4.862734"><ele>1.75</ele></trkpt>
   <trkpt lat="52.394246" lon="4.862305"><ele>1.5</ele></trkpt>
   <trkpt lat="52.394388" lon="4.86202"><ele>2.75</ele></trkpt>
   <trkpt lat="52.394516" lon="4.861743"><ele>2.25</ele></trkpt>
   <trkpt lat="52.39475" lon="4.861161"><ele>2</ele></trkpt>
   <trkpt lat="52.394921" lon="4.860651"><ele>2</ele></trkpt>
   <trkpt lat="52.395085" lon="4.860062"><ele>1.75</ele></trkpt>
   <trkpt lat="52.395184" lon="4.859626"><ele>1.75</ele></trkpt>
   <trkpt lat="52.395262" lon="4.859215"><ele>1.75</ele></trkpt>
   <trkpt lat="52.3953" lon="4.858979"><ele>1.75</ele></trkpt>
   <trkpt lat="52.39536" lon="4.858534"><ele>1.5</ele></trkpt>
   <trkpt lat="52.395379" lon="4.858364"><ele>1.75</ele></trkpt>
   <trkpt lat="52.395418" lon="4.85789"><ele>1.5</ele></trkpt>
   <trkpt lat="52.395438" lon="4.857503"><ele>2</ele></trkpt>
   <trkpt lat="52.395446" lon="4.857217"><ele>2.75</ele></trkpt>
   <trkpt lat="52.395449" lon="4.856438"><ele>3</ele></trkpt>
   <trkpt lat="52.395444" lon="4.855668"><ele>3.25</ele></trkpt>
   <trkpt lat="52.395439" lon="4.854881"><ele>3.75</ele></trkpt>
   <trkpt lat="52.395418" lon="4.851419"><ele>3.75</ele></trkpt>
   <trkpt lat="52.395416" lon="4.851124"><ele>4</ele></trkpt>
   <trkpt lat="52.395414" lon="4.850731"><ele>3</ele></trkpt>
   <trkpt lat="52.395413" lon="4.850528"><ele>1.25</ele></trkpt>
   <trkpt lat="52.395393" lon="4.847103"><ele>0.5</ele></trkpt>
   <trkpt lat="52.395391" lon="4.846757"><ele>0.5</ele></trkpt>
   <trkpt lat="52.395377" lon="4.845905"><ele>1.5</ele></trkpt>
   <trkpt lat="52.39536" lon="4.845532"><ele>1</ele></trkpt>
   <trkpt lat="52.395334" lon="4.845178"><ele>1.25</ele></trkpt>
   <trkpt lat="52.395305" lon="4.844852"><ele>1.25</ele></trkpt>
   <trkpt lat="52.395272" lon="4.844584"><ele>2</ele></trkpt>
   <trkpt lat="52.395171" lon="4.843931"><ele>3.5</ele></trkpt>
   <trkpt lat="52.3951" lon="4.843573"><ele>1.5</ele></trkpt>
   <trkpt lat="52.395017" lon="4.843206"><ele>1.5</ele></trkpt>
   <trkpt lat="52.394893" lon="4.842747"><ele>1.5</ele></trkpt>
   <trkpt lat="52.394716" lon="4.842201"><ele>1.75</ele></trkpt>
   <trkpt lat="52.394499" lon="4.841648"><ele>2</ele></trkpt>
   <trkpt lat="52.394314" lon="4.84124"><ele>2.5</ele></trkpt>
   <trkpt lat="52.39412" lon="4.840862"><ele>2.5</ele></trkpt>
   <trkpt lat="52.39392" lon="4.840519"><ele>3</ele></trkpt>
   <trkpt lat="52.393774" lon="4.840293"><ele>3</ele></trkpt>
   <trkpt lat="52.3936" lon="4.840044"><ele>4.25</ele></trkpt>
   <trkpt lat="52.39333" lon="4.839703"><ele>4.75</ele></trkpt>
   <trkpt lat="52.39314" lon="4.83949"><ele>5</ele></trkpt>
   <trkpt lat="52.39285" lon="4.839205"><ele>5.5</ele></trkpt>
   <trkpt lat="52.392636" lon="4.83902"><ele>5.75</ele></trkpt>
   <trkpt lat="52.392623" lon="4.839009"><ele>5.75</ele></trkpt>
   <trkpt lat="52.392459" lon="4.838886"><ele>6.5</ele></trkpt>
   <trkpt lat="52.392174" lon="4.838693"><ele>6.5</ele></trkpt>
   <trkpt lat="52.391826" lon="4.838503"><ele>6.5</ele></trkpt>
   <trkpt lat="52.391642" lon="4.838422"><ele>6.5</ele></trkpt>
   <trkpt lat="52.39147" lon="4.838358"><ele>6.5</ele></trkpt>
   <trkpt lat="52.391156" lon="4.838267"><ele>6.5</ele></trkpt>
   <trkpt lat="52.3909" lon="4.838219"><ele>6.5</ele></trkpt>
   <trkpt lat="52.390588" lon="4.838187"><ele>6.5</ele></trkpt>
   <trkpt lat="52.38992" lon="4.838187"><ele>6.5</ele></trkpt>
   <trkpt lat="52.389668" lon="4.838192"><ele>6.5</ele></trkpt>
   <trkpt lat="52.389424" lon="4.838198"><ele>6.5</ele></trkpt>
   <trkpt lat="52.389238" lon="4.838202"><ele>6.5</ele></trkpt>
   <trkpt lat="52.388753" lon="4.838213"><ele>6.5</ele></trkpt>
   <trkpt lat="52.388356" lon="4.838245"><ele>6.5</ele></trkpt>
   <trkpt lat="52.388103" lon="4.838281"><ele>6.5</ele></trkpt>
   <trkpt lat="52.387632" lon="4.838381"><ele>6.5</ele></trkpt>
   <trkpt lat="52.387311" lon="4.838474"><ele>6.5</ele></trkpt>
   <trkpt lat="52.385164" lon="4.839153"><ele>6.5</ele></trkpt>
   <trkpt lat="52.384963" lon="4.839213"><ele>6.5</ele></trkpt>
   <trkpt lat="52.384684" lon="4.839281"><ele>6.5</ele></trkpt>
   <trkpt lat="52.38449" lon="4.839318"><ele>6.5</ele></trkpt>
   <trkpt lat="52.384471" lon="4.839321"><ele>6.5</ele></trkpt>
   <trkpt lat="52.384182" lon="4.839357"><ele>6.5</ele></trkpt>
   <trkpt lat="52.383862" lon="4.839376"><ele>6.5</ele></trkpt>
   <trkpt lat="52.383728" lon="4.839376"><ele>6.5</ele></trkpt>
   <trkpt lat="52.383332" lon="4.839345"><ele>6.25</ele></trkpt>
   <trkpt lat="52.383077" lon="4.839308"><ele>6.25</ele></trkpt>
   <trkpt lat="52.382774" lon="4.839244"><ele>6.25</ele></trkpt>
   <trkpt lat="52.382448" lon="4.839147"><ele>6.25</ele></trkpt>
   <trkpt lat="52.38218" lon="4.83905"><ele>6.5</ele></trkpt>
   <trkpt lat="52.381823" lon="4.838902"><ele>6.75</ele></trkpt>
   <trkpt lat="52.381638" lon="4.838824"><ele>6.75</ele></trkpt>
   <trkpt lat="52.379892" lon="4.838092"><ele>7</ele></trkpt>
   <trkpt lat="52.379882" lon="4.838088"><ele>7</ele></trkpt>
   <trkpt lat="52.379667" lon="4.837998"><ele>6.75</ele></trkpt>
   <trkpt lat="52.379604" lon="4.837972"><ele>6.75</ele></trkpt>
   <trkpt lat="52.379119" lon="4.837771"><ele>4.25</ele></trkpt>
   <trkpt lat="52.378588" lon="4.837548"><ele>3.75</ele></trkpt>
   <trkpt lat="52.376752" lon="4.836782"><ele>5</ele></trkpt>
   <trkpt lat="52.376726" lon="4.836771"><ele>4.75</ele></trkpt>
   <trkpt lat="52.376705" lon="4.836762"><ele>4.5</ele></trkpt>
   <trkpt lat="52.376195" lon="4.836549"><ele>4</ele></trkpt>
   <trkpt lat="52.376194" lon="4.836548"><ele>4</ele></trkpt>
   <trkpt lat="52.376011" lon="4.836472"><ele>4</ele></trkpt>
   <trkpt lat="52.375977" lon="4.836458"><ele>4</ele></trkpt>
   <trkpt lat="52.374604" lon="4.835884"><ele>6.75</ele></trkpt>
   <trkpt lat="52.374153" lon="4.835695"><ele>6.5</ele></trkpt>
   <trkpt lat="52.373418" lon="4.835385"><ele>2.25</ele></trkpt>
   <trkpt lat="52.372903" lon="4.835169"><ele>4</ele></trkpt>
   <trkpt lat="52.372635" lon="4.835058"><ele>6.5</ele></trkpt>
   <trkpt lat="52.372036" lon="4.834812"><ele>6.75</ele></trkpt>
   <trkpt lat="52.371438" lon="4.8346"><ele>5.75</ele></trkpt>
   <trkpt lat="52.370894" lon="4.834448"><ele>5.75</ele></trkpt>
   <trkpt lat="52.370466" lon="4.834354"><ele>6</ele></trkpt>
   <trkpt lat="52.369897" lon="4.834248"><ele>6.25</ele></trkpt>
   <trkpt lat="52.369345" lon="4.834153"><ele>6.5</ele></trkpt>
   <trkpt lat="52.368432" lon="4.833935"><ele>6.5</ele></trkpt>
   <trkpt lat="52.368274" lon="4.833907"><ele>7</ele></trkpt>
   <trkpt lat="52.368107" lon="4.833879"><ele>7.5</ele></trkpt>
   <trkpt lat="52.367953" lon="4.833855"><ele>7.25</ele></trkpt>
   <trkpt lat="52.367652" lon="4.833806"><ele>6.75</ele></trkpt>
   <trkpt lat="52.366924" lon="4.833732"><ele>6.25</ele></trkpt>
   <trkpt lat="52.366688" lon="4.833715"><ele>6.75</ele></trkpt>
   <trkpt lat="52.365041" lon="4.833669"><ele>5.75</ele></trkpt>
   <trkpt lat="52.364329" lon="4.833672"><ele>5.5</ele></trkpt>
   <trkpt lat="52.36377" lon="4.833684"><ele>5.25</ele></trkpt>
   <trkpt lat="52.362965" lon="4.833708"><ele>4.75</ele></trkpt>
   <trkpt lat="52.362544" lon="4.833721"><ele>4.75</ele></trkpt>
   <trkpt lat="52.362018" lon="4.833737"><ele>4.5</ele></trkpt>
   <trkpt lat="52.360777" lon="4.833822"><ele>4.5</ele></trkpt>
   <trkpt lat="52.359552" lon="4.833868"><ele>2.75</ele></trkpt>
   <trkpt lat="52.359503" lon="4.83387"><ele>2.75</ele></trkpt>
   <trkpt lat="52.359327" lon="4.833875"><ele>2.75</ele></trkpt>
   <trkpt lat="52.357834" lon="4.83392"><ele>2.75</ele></trkpt>
   <trkpt lat="52.357738" lon="4.833923"><ele>2.75</ele></trkpt>
   <trkpt lat="52.357236" lon="4.833938"><ele>2.75</ele></trkpt>
   <trkpt lat="52.356994" lon="4.833945"><ele>2.75</ele></trkpt>
   <trkpt lat="52.356758" lon="4.833952"><ele>2.75</ele></trkpt>
   <trkpt lat="52.356725" lon="4.833953"><ele>2.75</ele></trkpt>
   <trkpt lat="52.356221" lon="4.833968"><ele>2.75</ele></trkpt>
   <trkpt lat="52.356147" lon="4.83397"><ele>2.75</ele></trkpt>
   <trkpt lat="52.356061" lon="4.833973"><ele>2.75</ele></trkpt>
   <trkpt lat="52.356037" lon="4.833973"><ele>2.75</ele></trkpt>
   <trkpt lat="52.355424" lon="4.833985"><ele>5.25</ele></trkpt>
   <trkpt lat="52.35461" lon="4.833977"><ele>5</ele></trkpt>
   <trkpt lat="52.353894" lon="4.833977"><ele>5.25</ele></trkpt>
   <trkpt lat="52.35324" lon="4.833996"><ele>5</ele></trkpt>
   <trkpt lat="52.352221" lon="4.834026"><ele>4.75</ele></trkpt>
   <trkpt lat="52.352152" lon="4.834028"><ele>4.75</ele></trkpt>
   <trkpt lat="52.351243" lon="4.834055"><ele>4.75</ele></trkpt>
   <trkpt lat="52.349702" lon="4.834102"><ele>4.75</ele></trkpt>
   <trkpt lat="52.347774" lon="4.83416"><ele>4.75</ele></trkpt>
   <trkpt lat="52.347284" lon="4.834174"><ele>3.75</ele></trkpt>
   <trkpt lat="52.347181" lon="4.834177"><ele>3.5</ele></trkpt>
   <trkpt lat="52.346739" lon="4.834191"><ele>2.75</ele></trkpt>
   <trkpt lat="52.346323" lon="4.834203"><ele>2</ele></trkpt>
   <trkpt lat="52.34585" lon="4.834216"><ele>2.5</ele></trkpt>
   <trkpt lat="52.34535" lon="4.834232"><ele>3.25</ele></trkpt>
   <trkpt lat="52.344747" lon="4.834251"><ele>4.25</ele></trkpt>
   <trkpt lat="52.34396" lon="4.834255"><ele>4.25</ele></trkpt>
   <trkpt lat="52.343468" lon="4.834246"><ele>3.75</ele></trkpt>
   <trkpt lat="52.343295" lon="4.834239"><ele>3.5</ele></trkpt>
   <trkpt lat="52.343282" lon="4.834238"><ele>3.5</ele></trkpt>
   <trkpt lat="52.343095" lon="4.834231"><ele>3.75</ele></trkpt>
   <trkpt lat="52.342803" lon="4.834207"><ele>3.5</ele></trkpt>
   <trkpt lat="52.342516" lon="4.834165"><ele>3.5</ele></trkpt>
   <trkpt lat="52.34228" lon="4.834107"><ele>3.5</ele></trkpt>
   <trkpt lat="52.342095" lon="4.834048"><ele>3.5</ele></trkpt>
   <trkpt lat="52.341884" lon="4.833965"><ele>3.5</ele></trkpt>
   <trkpt lat="52.341708" lon="4.833877"><ele>3.5</ele></trkpt>
   <trkpt lat="52.341615" lon="4.833831"><ele>3.5</ele></trkpt>
   <trkpt lat="52.341333" lon="4.833659"><ele>4</ele></trkpt>
   <trkpt lat="52.341032" lon="4.833434"><ele>4.5</ele></trkpt>
   <trkpt lat="52.340818" lon="4.833246"><ele>5</ele></trkpt>
   <trkpt lat="52.340605" lon="4.833033"><ele>5</ele></trkpt>
   <trkpt lat="52.340373" lon="4.832768"><ele>4.75</ele></trkpt>
   <trkpt lat="52.340188" lon="4.832532"><ele>4.75</ele></trkpt>
   <trkpt lat="52.34002" lon="4.832292"><ele>4.75</ele></trkpt>
   <trkpt lat="52.339831" lon="4.831991"><ele>5</ele></trkpt>
   <trkpt lat="52.339671" lon="4.831707"><ele>5.25</ele></trkpt>
   <trkpt lat="52.339538" lon="4.831446"><ele>5.25</ele></trkpt>
   <trkpt lat="52.339413" lon="4.831172"><ele>5.25</ele></trkpt>
   <trkpt lat="52.339326" lon="4.830969"><ele>5.25</ele></trkpt>
   <trkpt lat="52.339169" lon="4.830559"><ele>5.25</ele></trkpt>
   <trkpt lat="52.339051" lon="4.830205"><ele>5.25</ele></trkpt>
   <trkpt lat="52.338965" lon="4.829913"><ele>5.25</ele></trkpt>
   <trkpt lat="52.338896" lon="4.82965"><ele>5.25</ele></trkpt>
   <trkpt lat="52.338793" lon="4.829194"><ele>5.5</ele></trkpt>
   <trkpt lat="52.338724" lon="4.828821"><ele>5.5</ele></trkpt>
   <trkpt lat="52.338637" lon="4.828144"><ele>5.5</ele></trkpt>
   <trkpt lat="52.338595" lon="4.827671"><ele>5.5</ele></trkpt>
   <trkpt lat="52.338572" lon="4.827277"><ele>5.5</ele></trkpt>
   <trkpt lat="52.338567" lon="4.826683"><ele>5.75</ele></trkpt>
   <trkpt lat="52.338575" lon="4.825694"><ele>5.75</ele></trkpt>
   <trkpt lat="52.338575" lon="4.82564"><ele>5.75</ele></trkpt>
   <trkpt lat="52.338605" lon="4.823413"><ele>6.75</ele></trkpt>
   <trkpt lat="52.338601" lon="4.823185"><ele>6.75</ele></trkpt>
   <trkpt lat="52.338596" lon="4.822706"><ele>6.5</ele></trkpt>
   <trkpt lat="52.338592" lon="4.821683"><ele>2</ele></trkpt>
   <trkpt lat="52.338591" lon="4.821513"><ele>3.5</ele></trkpt>
   <trkpt lat="52.338595" lon="4.819225"><ele>5.75</ele></trkpt>
   <trkpt lat="52.338595" lon="4.818411"><ele>5.75</ele></trkpt>
   <trkpt lat="52.338592" lon="4.818019"><ele>5.75</ele></trkpt>
   <trkpt lat="52.338577" lon="4.817325"><ele>5.75</ele></trkpt>
   <trkpt lat="52.338541" lon="4.816602"><ele>6</ele></trkpt>
   <trkpt lat="52.338501" lon="4.816073"><ele>5.75</ele></trkpt>
   <trkpt lat="52.338435" lon="4.815415"><ele>5.75</ele></trkpt>
   <trkpt lat="52.33838" lon="4.814964"><ele>5.5</ele></trkpt>
   <trkpt lat="52.338311" lon="4.814481"><ele>5.25</ele></trkpt>
   <trkpt lat="52.338211" lon="4.813895"><ele>5.25</ele></trkpt>
   <trkpt lat="52.338101" lon="4.813326"><ele>5.25</ele></trkpt>
   <trkpt lat="52.337993" lon="4.812841"><ele>5.25</ele></trkpt>
   <trkpt lat="52.337946" lon="4.81265"><ele>5.25</ele></trkpt>
   <trkpt lat="52.337873" lon="4.812359"><ele>5.75</ele></trkpt>
   <trkpt lat="52.337786" lon="4.812034"><ele>5.75</ele></trkpt>
   <trkpt lat="52.33763" lon="4.811501"><ele>5.75</ele></trkpt>
   <trkpt lat="52.337506" lon="4.811112"><ele>5.75</ele></trkpt>
   <trkpt lat="52.337329" lon="4.810598"><ele>6</ele></trkpt>
   <trkpt lat="52.337178" lon="4.810195"><ele>6</ele></trkpt>
   <trkpt lat="52.336978" lon="4.809703"><ele>6.75</ele></trkpt>
   <trkpt lat="52.336744" lon="4.809177"><ele>6.5</ele></trkpt>
   <trkpt lat="52.336579" lon="4.808832"><ele>6.25</ele></trkpt>
   <trkpt lat="52.336336" lon="4.808355"><ele>6.75</ele></trkpt>
   <trkpt lat="52.336203" lon="4.808109"><ele>6.5</ele></trkpt>
   <trkpt lat="52.335802" lon="4.807403"><ele>7</ele></trkpt>
   <trkpt lat="52.335319" lon="4.806601"><ele>6.75</ele></trkpt>
   <trkpt lat="52.333568" lon="4.803745"><ele>6.5</ele></trkpt>
   <trkpt lat="52.333194" lon="4.803134"><ele>6.25</ele></trkpt>
   <trkpt lat="52.33255" lon="4.802082"><ele>6.25</ele></trkpt>
   <trkpt lat="52.330872" lon="4.799336"><ele>6</ele></trkpt>
   <trkpt lat="52.330499" lon="4.798687"><ele>6</ele></trkpt>
   <trkpt lat="52.33031" lon="4.798343"><ele>6</ele></trkpt>
   <trkpt lat="52.330033" lon="4.797819"><ele>6</ele></trkpt>
   <trkpt lat="52.329589" lon="4.796921"><ele>4.75</ele></trkpt>
   <trkpt lat="52.329305" lon="4.796307"><ele>3.5</ele></trkpt>
   <trkpt lat="52.328958" lon="4.795508"><ele>2.25</ele></trkpt>
   <trkpt lat="52.32867" lon="4.794799"><ele>1.25</ele></trkpt>
   <trkpt lat="52.328544" lon="4.794472"><ele>0.75</ele></trkpt>
   <trkpt lat="52.328235" lon="4.793625"><ele>0</ele></trkpt>
   <trkpt lat="52.328084" lon="4.793174"><ele>-0.25</ele></trkpt>
   <trkpt lat="52.327941" lon="4.792716"><ele>-0.75</ele></trkpt>
   <trkpt lat="52.327703" lon="4.791884"><ele>-1.75</ele></trkpt>
   <trkpt lat="52.32755" lon="4.791312"><ele>-1.75</ele></trkpt>
   <trkpt lat="52.327401" lon="4.790723"><ele>-2</ele></trkpt>
   <trkpt lat="52.327384" lon="4.790652"><ele>-2</ele></trkpt>
   <trkpt lat="52.327202" lon="4.789883"><ele>-3</ele></trkpt>
   <trkpt lat="52.327065" lon="4.789264"><ele>-2.75</ele></trkpt>
   <trkpt lat="52.326909" lon="4.788506"><ele>-3</ele></trkpt>
   <trkpt lat="52.326443" lon="4.78614"><ele>-3.75</ele></trkpt>
   <trkpt lat="52.326329" lon="4.785584"><ele>-3.75</ele></trkpt>
   <trkpt lat="52.326163" lon="4.78484"><ele>-3.25</ele></trkpt>
   <trkpt lat="52.32615" lon="4.784785"><ele>-3</ele></trkpt>
   <trkpt lat="52.326141" lon="4.784746"><ele>-3</ele></trkpt>
   <trkpt lat="52.326119" lon="4.784653"><ele>-3</ele></trkpt>
   <trkpt lat="52.326108" lon="4.784611"><ele>-3</ele></trkpt>
   <trkpt lat="52.326085" lon="4.784514"><ele>-3</ele></trkpt>
   <trkpt lat="52.326075" lon="4.784472"><ele>-3</ele></trkpt>
   <trkpt lat="52.326051" lon="4.784378"><ele>-3</ele></trkpt>
   <trkpt lat="52.326041" lon="4.784338"><ele>-3</ele></trkpt>
   <trkpt lat="52.326017" lon="4.784242"><ele>-3</ele></trkpt>
   <trkpt lat="52.326006" lon="4.784201"><ele>-3</ele></trkpt>
   <trkpt lat="52.325981" lon="4.784107"><ele>-3</ele></trkpt>
   <trkpt lat="52.325971" lon="4.784067"><ele>-3</ele></trkpt>
   <trkpt lat="52.325953" lon="4.783999"><ele>-3</ele></trkpt>
   <trkpt lat="52.32579" lon="4.78341"><ele>-3</ele></trkpt>
   <trkpt lat="52.325591" lon="4.782752"><ele>-3</ele></trkpt>
   <trkpt lat="52.325422" lon="4.782234"><ele>-3</ele></trkpt>
   <trkpt lat="52.325289" lon="4.781851"><ele>-3</ele></trkpt>
   <trkpt lat="52.325057" lon="4.781223"><ele>-3</ele></trkpt>
   <trkpt lat="52.324911" lon="4.780853"><ele>-3</ele></trkpt>
   <trkpt lat="52.324709" lon="4.780368"><ele>-3</ele></trkpt>
   <trkpt lat="52.32445" lon="4.779784"><ele>-3</ele></trkpt>
   <trkpt lat="52.324295" lon="4.779456"><ele>-3</ele></trkpt>
   <trkpt lat="52.323918" lon="4.778707"><ele>-3</ele></trkpt>
   <trkpt lat="52.323533" lon="4.778011"><ele>-3</ele></trkpt>
   <trkpt lat="52.323129" lon="4.777343"><ele>-3</ele></trkpt>
   <trkpt lat="52.322684" lon="4.776673"><ele>-3</ele></trkpt>
   <trkpt lat="52.322244" lon="4.77607"><ele>-3</ele></trkpt>
   <trkpt lat="52.321861" lon="4.775587"><ele>-3</ele></trkpt>
   <trkpt lat="52.321434" lon="4.775092"><ele>-3</ele></trkpt>
   <trkpt lat="52.320666" lon="4.774262"><ele>-3</ele></trkpt>
   <trkpt lat="52.319937" lon="4.773483"><ele>-3.25</ele></trkpt>
   <trkpt lat="52.316037" lon="4.769311"><ele>-3.25</ele></trkpt>
   <trkpt lat="52.315969" lon="4.769238"><ele>-3.25</ele></trkpt>
   <trkpt lat="52.315675" lon="4.768924"><ele>-3.25</ele></trkpt>
   <trkpt lat="52.314173" lon="4.767318"><ele>-3.25</ele></trkpt>
   <trkpt lat="52.313" lon="4.766064"><ele>-3.25</ele></trkpt>
   <trkpt lat="52.312996" lon="4.76606"><ele>-3.25</ele></trkpt>
   <trkpt lat="52.312802" lon="4.76585"><ele>-3.25</ele></trkpt>
   <trkpt lat="52.312735" lon="4.765779"><ele>-3.25</ele></trkpt>
   <trkpt lat="52.312734" lon="4.765778"><ele>-3.25</ele></trkpt>
   <trkpt lat="52.312615" lon="4.765649"><ele>-3.25</ele></trkpt>
   <trkpt lat="52.312268" lon="4.765249"><ele>-3.5</ele></trkpt>
   <trkpt lat="52.311508" lon="4.76431"><ele>-3.5</ele></trkpt>
   <trkpt lat="52.311095" lon="4.763759"><ele>-3.5</ele></trkpt>
   <trkpt lat="52.310874" lon="4.763445"><ele>-3.5</ele></trkpt>
   <trkpt lat="52.31071" lon="4.763211"><ele>-3.5</ele></trkpt>
   <trkpt lat="52.310595" lon="4.763046"><ele>-3.5</ele></trkpt>
   <trkpt lat="52.310218" lon="4.762527"><ele>-3.5</ele></trkpt>
   <trkpt lat="52.31015" lon="4.762437"><ele>-3.5</ele></trkpt>
   <trkpt lat="52.309819" lon="4.762012"><ele>-3.5</ele></trkpt>
   <trkpt lat="52.309763" lon="4.761939"><ele>-3.5</ele></trkpt>
   <trkpt lat="52.309514" lon="4.76162"><ele>-3.5</ele></trkpt>
   <trkpt lat="52.309207" lon="4.761226"><ele>-3.5</ele></trkpt>
   <trkpt lat="52.308952" lon="4.760899"><ele>-3.5</ele></trkpt>
   <trkpt lat="52.308583" lon="4.760426"><ele>-3.5</ele></trkpt>
   <trkpt lat="52.308219" lon="4.759958"><ele>-3.5</ele></trkpt>
   <trkpt lat="52.308043" lon="4.75973"><ele>-3.5</ele></trkpt>
   <trkpt lat="52.307763" lon="4.759359"><ele>-3.5</ele></trkpt>
   <trkpt lat="52.307618" lon="4.759161"><ele>-3.5</ele></trkpt>
   <trkpt lat="52.307564" lon="4.759086"><ele>-3.5</ele></trkpt>
   <trkpt lat="52.3074" lon="4.758853"><ele>-3.5</ele></trkpt>
   <trkpt lat="52.307204" lon="4.75857"><ele>-3.5</ele></trkpt>
   <trkpt lat="52.306799" lon="4.75796"><ele>-3.5</ele></trkpt>
   <trkpt lat="52.306493" lon="4.757473"><ele>-3.5</ele></trkpt>
   <trkpt lat="52.306377" lon="4.757272"><ele>-3.5</ele></trkpt>
   <trkpt lat="52.306243" lon="4.75704"><ele>-3.5</ele></trkpt>
   <trkpt lat="52.306241" lon="4.757038"><ele>-3.5</ele></trkpt>
   <trkpt lat="52.305948" lon="4.756521"><ele>-3.5</ele></trkpt>
   <trkpt lat="52.305654" lon="4.755962"><ele>-3.5</ele></trkpt>
   <trkpt lat="52.305464" lon="4.755578"><ele>-3.75</ele></trkpt>
   <trkpt lat="52.305203" lon="4.755012"><ele>-3.75</ele></trkpt>
   <trkpt lat="52.305098" lon="4.754767"><ele>-3.75</ele></trkpt>
   <trkpt lat="52.305089" lon="4.754746"><ele>-3.75</ele></trkpt>
   <trkpt lat="52.304973" lon="4.754468"><ele>-3.75</ele></trkpt>
   <trkpt lat="52.304724" lon="4.753838"><ele>-3.75</ele></trkpt>
   <trkpt lat="52.303467" lon="4.750565"><ele>-3.75</ele></trkpt>
   <trkpt lat="52.303452" lon="4.750527"><ele>-3.75</ele></trkpt>
   <trkpt lat="52.303438" lon="4.750489"><ele>-3.75</ele></trkpt>
   <trkpt lat="52.302244" lon="4.747381"><ele>-3.75</ele></trkpt>
   <trkpt lat="52.301679" lon="4.745911"><ele>-3.75</ele></trkpt>
   <trkpt lat="52.300579" lon="4.743036"><ele>-4</ele></trkpt>
   <trkpt lat="52.300117" lon="4.741761"><ele>-4</ele></trkpt>
   <trkpt lat="52.299752" lon="4.740691"><ele>-4</ele></trkpt>
   <trkpt lat="52.299434" lon="4.739674"><ele>-4</ele></trkpt>
   <trkpt lat="52.299111" lon="4.73858"><ele>-4</ele></trkpt>
   <trkpt lat="52.298883" lon="4.737761"><ele>-4</ele></trkpt>
   <trkpt lat="52.298742" lon="4.737228"><ele>-4</ele></trkpt>
   <trkpt lat="52.298487" lon="4.736211"><ele>-4</ele></trkpt>
   <trkpt lat="52.298199" lon="4.734971"><ele>-4</ele></trkpt>
   <trkpt lat="52.297991" lon="4.733992"><ele>-4</ele></trkpt>
   <trkpt lat="52.297798" lon="4.733014"><ele>-4</ele></trkpt>
   <trkpt lat="52.297555" lon="4.731652"><ele>-4</ele></trkpt>
   <trkpt lat="52.29745" lon="4.731004"><ele>-4</ele></trkpt>
   <trkpt lat="52.297316" lon="4.730108"><ele>-4.25</ele></trkpt>
   <trkpt lat="52.297309" lon="4.730064"><ele>-4.25</ele></trkpt>
   <trkpt lat="52.297304" lon="4.730029"><ele>-4.25</ele></trkpt>
   <trkpt lat="52.297299" lon="4.729991"><ele>-4.25</ele></trkpt>
   <trkpt lat="52.297293" lon="4.729952"><ele>-4.25</ele></trkpt>
   <trkpt lat="52.29727" lon="4.729783"><ele>-4</ele></trkpt>
   <trkpt lat="52.297264" lon="4.729743"><ele>-4</ele></trkpt>
   <trkpt lat="52.29726" lon="4.729707"><ele>-4</ele></trkpt>
   <trkpt lat="52.297254" lon="4.729667"><ele>-4.25</ele></trkpt>
   <trkpt lat="52.29723" lon="4.729493"><ele>-5.5</ele></trkpt>
   <trkpt lat="52.297225" lon="4.729452"><ele>-5.75</ele></trkpt>
   <trkpt lat="52.29722" lon="4.729418"><ele>-6</ele></trkpt>
   <trkpt lat="52.297215" lon="4.729375"><ele>-6</ele></trkpt>
   <trkpt lat="52.297211" lon="4.729344"><ele>-6.25</ele></trkpt>
   <trkpt lat="52.2971" lon="4.728466"><ele>-6.5</ele></trkpt>
   <trkpt lat="52.297011" lon="4.727671"><ele>-5.25</ele></trkpt>
   <trkpt lat="52.296935" lon="4.726928"><ele>-5.75</ele></trkpt>
   <trkpt lat="52.296838" lon="4.725847"><ele>-5</ele></trkpt>
   <trkpt lat="52.296768" lon="4.725004"><ele>-4.25</ele></trkpt>
   <trkpt lat="52.296493" lon="4.721703"><ele>-2.25</ele></trkpt>
   <trkpt lat="52.296424" lon="4.720696"><ele>-1.75</ele></trkpt>
   <trkpt lat="52.29637" lon="4.719648"><ele>-1</ele></trkpt>
   <trkpt lat="52.296348" lon="4.719181"><ele>-0.75</ele></trkpt>
   <trkpt lat="52.296248" lon="4.717014"><ele>0.25</ele></trkpt>
   <trkpt lat="52.296201" lon="4.716109"><ele>0.25</ele></trkpt>
   <trkpt lat="52.296177" lon="4.715712"><ele>0.25</ele></trkpt>
   <trkpt lat="52.296127" lon="4.71499"><ele>0.75</ele></trkpt>
   <trkpt lat="52.296114" lon="4.714822"><ele>0.75</ele></trkpt>
   <trkpt lat="52.296023" lon="4.713739"><ele>1.5</ele></trkpt>
   <trkpt lat="52.295944" lon="4.712979"><ele>2</ele></trkpt>
   <trkpt lat="52.295865" lon="4.712347"><ele>2</ele></trkpt>
   <trkpt lat="52.295757" lon="4.711608"><ele>2</ele></trkpt>
   <trkpt lat="52.295663" lon="4.711051"><ele>2</ele></trkpt>
   <trkpt lat="52.295581" lon="4.710575"><ele>2.25</ele></trkpt>
   <trkpt lat="52.295545" lon="4.710397"><ele>2.25</ele></trkpt>
   <trkpt lat="52.295292" lon="4.709148"><ele>1.5</ele></trkpt>
   <trkpt lat="52.295233" lon="4.70881"><ele>1.5</ele></trkpt>
   <trkpt lat="52.295045" lon="4.707899"><ele>1</ele></trkpt>
   <trkpt lat="52.294853" lon="4.706974"><ele>0.5</ele></trkpt>
   <trkpt lat="52.294792" lon="4.706621"><ele>0.5</ele></trkpt>
   <trkpt lat="52.294656" lon="4.705952"><ele>0.25</ele></trkpt>
   <trkpt lat="52.294408" lon="4.704871"><ele>0</ele></trkpt>
   <trkpt lat="52.294287" lon="4.704258"><ele>0</ele></trkpt>
   <trkpt lat="52.294145" lon="4.703609"><ele>-0.25</ele></trkpt>
   <trkpt lat="52.294061" lon="4.703251"><ele>-0.25</ele></trkpt>
   <trkpt lat="52.293943" lon="4.702774"><ele>0</ele></trkpt>
   <trkpt lat="52.293763" lon="4.702093"><ele>0</ele></trkpt>
   <trkpt lat="52.29372" lon="4.701948"><ele>0</ele></trkpt>
   <trkpt lat="52.293719" lon="4.701942"><ele>0</ele></trkpt>
   <trkpt lat="52.293541" lon="4.70134"><ele>0</ele></trkpt>
   <trkpt lat="52.293324" lon="4.700661"><ele>0</ele></trkpt>
   <trkpt lat="52.293224" lon="4.700366"><ele>0</ele></trkpt>
   <trkpt lat="52.293089" lon="4.699981"><ele>-0.25</ele></trkpt>
   <trkpt lat="52.293063" lon="4.69991"><ele>-0.25</ele></trkpt>
   <trkpt lat="52.292847" lon="4.699332"><ele>-0.75</ele></trkpt>
   <trkpt lat="52.292833" lon="4.699296"><ele>-0.75</ele></trkpt>
   <trkpt lat="52.292806" lon="4.699229"><ele>-0.75</ele></trkpt>
   <trkpt lat="52.292705" lon="4.698973"><ele>-0.75</ele></trkpt>
   <trkpt lat="52.292682" lon="4.698918"><ele>-1</ele></trkpt>
   <trkpt lat="52.29268" lon="4.698911"><ele>-1</ele></trkpt>
   <trkpt lat="52.292629" lon="4.698787"><ele>-1</ele></trkpt>
   <trkpt lat="52.292527" lon="4.698542"><ele>-1.5</ele></trkpt>
   <trkpt lat="52.292449" lon="4.698359"><ele>-1.25</ele></trkpt>
   <trkpt lat="52.292278" lon="4.697965"><ele>-1.25</ele></trkpt>
   <trkpt lat="52.292078" lon="4.697533"><ele>-1.25</ele></trkpt>
   <trkpt lat="52.291828" lon="4.696958"><ele>-1.25</ele></trkpt>
   <trkpt lat="52.291511" lon="4.696174"><ele>-1.25</ele></trkpt>
   <trkpt lat="52.29121" lon="4.695474"><ele>-1.75</ele></trkpt>
   <trkpt lat="52.290904" lon="4.694801"><ele>-1.75</ele></trkpt>
   <trkpt lat="52.290595" lon="4.69415"><ele>-1.75</ele></trkpt>
   <trkpt lat="52.290334" lon="4.693607"><ele>-1.75</ele></trkpt>
   <trkpt lat="52.290006" lon="4.692922"><ele>-1.75</ele></trkpt>
   <trkpt lat="52.288282" lon="4.689327"><ele>-1.75</ele></trkpt>
   <trkpt lat="52.288278" lon="4.689318"><ele>-1.75</ele></trkpt>
   <trkpt lat="52.28814" lon="4.689042"><ele>-1.75</ele></trkpt>
   <trkpt lat="52.288088" lon="4.688938"><ele>-1.75</ele></trkpt>
   <trkpt lat="52.287841" lon="4.688455"><ele>-1.75</ele></trkpt>
   <trkpt lat="52.287412" lon="4.687648"><ele>-1.75</ele></trkpt>
   <trkpt lat="52.287012" lon="4.686905"><ele>-1.75</ele></trkpt>
   <trkpt lat="52.286042" lon="4.685111"><ele>-1.75</ele></trkpt>
   <trkpt lat="52.285665" lon="4.684447"><ele>-2</ele></trkpt>
   <trkpt lat="52.28525" lon="4.683743"><ele>-2</ele></trkpt>
   <trkpt lat="52.284895" lon="4.683165"><ele>-2.75</ele></trkpt>
   <trkpt lat="52.284553" lon="4.682629"><ele>-3.25</ele></trkpt>
   <trkpt lat="52.28406" lon="4.68189"><ele>-4</ele></trkpt>
   <trkpt lat="52.283687" lon="4.681353"><ele>-4</ele></trkpt>
   <trkpt lat="52.283076" lon="4.680515"><ele>-3.75</ele></trkpt>
   <trkpt lat="52.282518" lon="4.679793"><ele>-3</ele></trkpt>
   <trkpt lat="52.281364" lon="4.678347"><ele>-1.75</ele></trkpt>
   <trkpt lat="52.281024" lon="4.677908"><ele>-1.5</ele></trkpt>
   <trkpt lat="52.280234" lon="4.676846"><ele>-0.5</ele></trkpt>
   <trkpt lat="52.279611" lon="4.675967"><ele>0</ele></trkpt>
   <trkpt lat="52.279607" lon="4.675962"><ele>0</ele></trkpt>
   <trkpt lat="52.279235" lon="4.675423"><ele>0.5</ele></trkpt>
   <trkpt lat="52.279152" lon="4.6753"><ele>0.25</ele></trkpt>
   <trkpt lat="52.278648" lon="4.674565"><ele>-0.5</ele></trkpt>
   <trkpt lat="52.276932" lon="4.67206"><ele>-3.75</ele></trkpt>
   <trkpt lat="52.275685" lon="4.670241"><ele>-4</ele></trkpt>
   <trkpt lat="52.275258" lon="4.669617"><ele>-4</ele></trkpt>
   <trkpt lat="52.274503" lon="4.668515"><ele>-4</ele></trkpt>
   <trkpt lat="52.273966" lon="4.667732"><ele>-4</ele></trkpt>
   <trkpt lat="52.273501" lon="4.667053"><ele>-4.25</ele></trkpt>
   <trkpt lat="52.27222" lon="4.665186"><ele>-4</ele></trkpt>
   <trkpt lat="52.271117" lon="4.663575"><ele>-4</ele></trkpt>
   <trkpt lat="52.266472" lon="4.656799"><ele>-4.25</ele></trkpt>
   <trkpt lat="52.265421" lon="4.655265"><ele>-4.25</ele></trkpt>
   <trkpt lat="52.263449" lon="4.65239"><ele>-4.75</ele></trkpt>
   <trkpt lat="52.263212" lon="4.652045"><ele>-4.5</ele></trkpt>
   <trkpt lat="52.262305" lon="4.650723"><ele>-3.25</ele></trkpt>
   <trkpt lat="52.261835" lon="4.65005"><ele>-3.25</ele></trkpt>
   <trkpt lat="52.261394" lon="4.649421"><ele>-2</ele></trkpt>
   <trkpt lat="52.2606" lon="4.648317"><ele>-2</ele></trkpt>
   <trkpt lat="52.260011" lon="4.647524"><ele>-2</ele></trkpt>
   <trkpt lat="52.259241" lon="4.646533"><ele>-2</ele></trkpt>
   <trkpt lat="52.258619" lon="4.645761"><ele>-2</ele></trkpt>
   <trkpt lat="52.258345" lon="4.645428"><ele>-2</ele></trkpt>
   <trkpt lat="52.25742" lon="4.644348"><ele>-2</ele></trkpt>
   <trkpt lat="52.256678" lon="4.643522"><ele>-2</ele></trkpt>
   <trkpt lat="52.256223" lon="4.643037"><ele>-2</ele></trkpt>
   <trkpt lat="52.255585" lon="4.642372"><ele>-2.5</ele></trkpt>
   <trkpt lat="52.255111" lon="4.641894"><ele>-3.25</ele></trkpt>
   <trkpt lat="52.254516" lon="4.641312"><ele>-3.75</ele></trkpt>
   <trkpt lat="52.254056" lon="4.640879"><ele>-4.75</ele></trkpt>
   <trkpt lat="52.253808" lon="4.640648"><ele>-4.5</ele></trkpt>
   <trkpt lat="52.25286" lon="4.639802"><ele>-4.25</ele></trkpt>
   <trkpt lat="52.251911" lon="4.639002"><ele>-5</ele></trkpt>
   <trkpt lat="52.250925" lon="4.63822"><ele>-5</ele></trkpt>
   <trkpt lat="52.250027" lon="4.637547"><ele>-4</ele></trkpt>
   <trkpt lat="52.249439" lon="4.637128"><ele>-5</ele></trkpt>
   <trkpt lat="52.248639" lon="4.636583"><ele>-4.75</ele></trkpt>
   <trkpt lat="52.247864" lon="4.636085"><ele>-5</ele></trkpt>
   <trkpt lat="52.247413" lon="4.635807"><ele>-5</ele></trkpt>
   <trkpt lat="52.246283" lon="4.63515"><ele>-5</ele></trkpt>
   <trkpt lat="52.245693" lon="4.634829"><ele>-5</ele></trkpt>
   <trkpt lat="52.24485" lon="4.634397"><ele>-5</ele></trkpt>
   <trkpt lat="52.244283" lon="4.634122"><ele>-5</ele></trkpt>
   <trkpt lat="52.243369" lon="4.633706"><ele>-5</ele></trkpt>
   <trkpt lat="52.242306" lon="4.633264"><ele>-4.75</ele></trkpt>
   <trkpt lat="52.241377" lon="4.632916"><ele>-5</ele></trkpt>
   <trkpt lat="52.240949" lon="4.632765"><ele>-5</ele></trkpt>
   <trkpt lat="52.240374" lon="4.632578"><ele>-4.5</ele></trkpt>
   <trkpt lat="52.239229" lon="4.632237"><ele>-4</ele></trkpt>
   <trkpt lat="52.238513" lon="4.63205"><ele>-4.25</ele></trkpt>
   <trkpt lat="52.237169" lon="4.631731"><ele>-3</ele></trkpt>
   <trkpt lat="52.236096" lon="4.631503"><ele>-2.25</ele></trkpt>
   <trkpt lat="52.235083" lon="4.631295"><ele>-1.5</ele></trkpt>
   <trkpt lat="52.234453" lon="4.631166"><ele>-0.75</ele></trkpt>
   <trkpt lat="52.23209" lon="4.630685"><ele>-1</ele></trkpt>
   <trkpt lat="52.228664" lon="4.629986"><ele>-1.5</ele></trkpt>
   <trkpt lat="52.226435" lon="4.629528"><ele>-2</ele></trkpt>
   <trkpt lat="52.225889" lon="4.629418"><ele>-2.25</ele></trkpt>
   <trkpt lat="52.22516" lon="4.629272"><ele>-2.25</ele></trkpt>
   <trkpt lat="52.223598" lon="4.628934"><ele>-2.75</ele></trkpt>
   <trkpt lat="52.222334" lon="4.628627"><ele>-2.75</ele></trkpt>
   <trkpt lat="52.221715" lon="4.628458"><ele>-4.25</ele></trkpt>
   <trkpt lat="52.221015" lon="4.62825"><ele>-4.5</ele></trkpt>
   <trkpt lat="52.220117" lon="4.62796"><ele>-5.25</ele></trkpt>
   <trkpt lat="52.219485" lon="4.62774"><ele>-6.75</ele></trkpt>
   <trkpt lat="52.218288" lon="4.62728"><ele>-8</ele></trkpt>
   <trkpt lat="52.217411" lon="4.626916"><ele>-7</ele></trkpt>
   <trkpt lat="52.216717" lon="4.626603"><ele>-6.75</ele></trkpt>
   <trkpt lat="52.215986" lon="4.626259"><ele>-6.5</ele></trkpt>
   <trkpt lat="52.215075" lon="4.625794"><ele>-6.5</ele></trkpt>
   <trkpt lat="52.214661" lon="4.625577"><ele>-6.25</ele></trkpt>
   <trkpt lat="52.21384" lon="4.625122"><ele>-6.5</ele></trkpt>
   <trkpt lat="52.212809" lon="4.624513"><ele>-6.75</ele></trkpt>
   <trkpt lat="52.211984" lon="4.623995"><ele>-5.5</ele></trkpt>
   <trkpt lat="52.211262" lon="4.62352"><ele>-4.5</ele></trkpt>
   <trkpt lat="52.210706" lon="4.623138"><ele>-4</ele></trkpt>
   <trkpt lat="52.210058" lon="4.622677"><ele>-4</ele></trkpt>
   <trkpt lat="52.209056" lon="4.621929"><ele>-3</ele></trkpt>
   <trkpt lat="52.208291" lon="4.621329"><ele>-3.25</ele></trkpt>
   <trkpt lat="52.207409" lon="4.620602"><ele>-3.25</ele></trkpt>
   <trkpt lat="52.206475" lon="4.619792"><ele>-3</ele></trkpt>
   <trkpt lat="52.205452" lon="4.618871"><ele>-3</ele></trkpt>
   <trkpt lat="52.204983" lon="4.618438"><ele>-2.75</ele></trkpt>
   <trkpt lat="52.202134" lon="4.615789"><ele>-2.75</ele></trkpt>
   <trkpt lat="52.201993" lon="4.615658"><ele>-2.75</ele></trkpt>
   <trkpt lat="52.19985" lon="4.613663"><ele>-2.75</ele></trkpt>
   <trkpt lat="52.199511" lon="4.613346"><ele>-2.75</ele></trkpt>
   <trkpt lat="52.197548" lon="4.611516"><ele>-2.5</ele></trkpt>
   <trkpt lat="52.196759" lon="4.610782"><ele>-2.5</ele></trkpt>
   <trkpt lat="52.193387" lon="4.607639"><ele>-2.5</ele></trkpt>
   <trkpt lat="52.192599" lon="4.606888"><ele>-2.5</ele></trkpt>
   <trkpt lat="52.191661" lon="4.605966"><ele>-2.25</ele></trkpt>
   <trkpt lat="52.191185" lon="4.605479"><ele>-2.5</ele></trkpt>
   <trkpt lat="52.190657" lon="4.604919"><ele>-2.5</ele></trkpt>
   <trkpt lat="52.190158" lon="4.60437"><ele>-3.25</ele></trkpt>
   <trkpt lat="52.189439" lon="4.603552"><ele>-3</ele></trkpt>
   <trkpt lat="52.188868" lon="4.602869"><ele>-3.25</ele></trkpt>
   <trkpt lat="52.188289" lon="4.60215"><ele>-3.25</ele></trkpt>
   <trkpt lat="52.187916" lon="4.601673"><ele>-3</ele></trkpt>
   <trkpt lat="52.18751" lon="4.601138"><ele>-3</ele></trkpt>
   <trkpt lat="52.186863" lon="4.600253"><ele>-2.5</ele></trkpt>
   <trkpt lat="52.186421" lon="4.599627"><ele>-2.5</ele></trkpt>
   <trkpt lat="52.185863" lon="4.598807"><ele>-1.75</ele></trkpt>
   <trkpt lat="52.185111" lon="4.597647"><ele>-0.75</ele></trkpt>
   <trkpt lat="52.18449" lon="4.596645"><ele>0</ele></trkpt>
   <trkpt lat="52.184166" lon="4.596101"><ele>0</ele></trkpt>
   <trkpt lat="52.183689" lon="4.595279"><ele>0.5</ele></trkpt>
   <trkpt lat="52.183145" lon="4.594302"><ele>2.5</ele></trkpt>
   <trkpt lat="52.182976" lon="4.593987"><ele>3.25</ele></trkpt>
   <trkpt lat="52.182668" lon="4.59341"><ele>4.5</ele></trkpt>
   <trkpt lat="52.182207" lon="4.592513"><ele>4.5</ele></trkpt>
   <trkpt lat="52.181881" lon="4.591859"><ele>1.25</ele></trkpt>
   <trkpt lat="52.18139" lon="4.590837"><ele>3.75</ele></trkpt>
   <trkpt lat="52.181126" lon="4.590271"><ele>3.5</ele></trkpt>
   <trkpt lat="52.18071" lon="4.589349"><ele>2.5</ele></trkpt>
   <trkpt lat="52.180234" lon="4.588258"><ele>3.25</ele></trkpt>
   <trkpt lat="52.179521" lon="4.586567"><ele>1</ele></trkpt>
   <trkpt lat="52.178059" lon="4.582984"><ele>0.25</ele></trkpt>
   <trkpt lat="52.177731" lon="4.582183"><ele>0</ele></trkpt>
   <trkpt lat="52.177138" lon="4.580756"><ele>-0.5</ele></trkpt>
   <trkpt lat="52.176445" lon="4.579141"><ele>-1</ele></trkpt>
   <trkpt lat="52.176079" lon="4.578316"><ele>-1.5</ele></trkpt>
   <trkpt lat="52.175761" lon="4.577623"><ele>-1.25</ele></trkpt>
   <trkpt lat="52.175052" lon="4.576141"><ele>-1.25</ele></trkpt>
   <trkpt lat="52.174605" lon="4.575251"><ele>-1</ele></trkpt>
   <trkpt lat="52.173922" lon="4.573948"><ele>-1</ele></trkpt>
   <trkpt lat="52.173336" lon="4.572886"><ele>-0.25</ele></trkpt>
   <trkpt lat="52.172677" lon="4.571738"><ele>0.25</ele></trkpt>
   <trkpt lat="52.172261" lon="4.571046"><ele>0.5</ele></trkpt>
   <trkpt lat="52.171834" lon="4.570355"><ele>1</ele></trkpt>
   <trkpt lat="52.171086" lon="4.56919"><ele>1.75</ele></trkpt>
   <trkpt lat="52.170547" lon="4.568387"><ele>2.25</ele></trkpt>
   <trkpt lat="52.170165" lon="4.567836"><ele>2.75</ele></trkpt>
   <trkpt lat="52.169729" lon="4.567223"><ele>2.75</ele></trkpt>
   <trkpt lat="52.169278" lon="4.566608"><ele>1.75</ele></trkpt>
   <trkpt lat="52.168503" lon="4.565591"><ele>2</ele></trkpt>
   <trkpt lat="52.167711" lon="4.564605"><ele>2.25</ele></trkpt>
   <trkpt lat="52.166867" lon="4.563615"><ele>1.5</ele></trkpt>
   <trkpt lat="52.166573" lon="4.56328"><ele>1.25</ele></trkpt>
   <trkpt lat="52.166105" lon="4.562763"><ele>0.75</ele></trkpt>
   <trkpt lat="52.165864" lon="4.562505"><ele>0.5</ele></trkpt>
   <trkpt lat="52.165677" lon="4.562304"><ele>0.25</ele></trkpt>
   <trkpt lat="52.164961" lon="4.561563"><ele>-0.25</ele></trkpt>
   <trkpt lat="52.164158" lon="4.560775"><ele>-1</ele></trkpt>
   <trkpt lat="52.163608" lon="4.560259"><ele>-1.5</ele></trkpt>
   <trkpt lat="52.163113" lon="4.55981"><ele>-1.5</ele></trkpt>
   <trkpt lat="52.16231" lon="4.559113"><ele>-2.25</ele></trkpt>
   <trkpt lat="52.161357" lon="4.558335"><ele>-2.25</ele></trkpt>
   <trkpt lat="52.160209" lon="4.55746"><ele>-2.25</ele></trkpt>
   <trkpt lat="52.15955" lon="4.556992"><ele>-2.5</ele></trkpt>
   <trkpt lat="52.159085" lon="4.556673"><ele>-2.5</ele></trkpt>
   <trkpt lat="52.158443" lon="4.556254"><ele>-2.5</ele></trkpt>
   <trkpt lat="52.157428" lon="4.555633"><ele>-2.75</ele></trkpt>
   <trkpt lat="52.156672" lon="4.555202"><ele>-2.75</ele></trkpt>
   <trkpt lat="52.156144" lon="4.554917"><ele>-2.75</ele></trkpt>
   <trkpt lat="52.155678" lon="4.554674"><ele>-3</ele></trkpt>
   <trkpt lat="52.154663" lon="4.554174"><ele>-3</ele></trkpt>
   <trkpt lat="52.153329" lon="4.553609"><ele>-3.25</ele></trkpt>
   <trkpt lat="52.152605" lon="4.553327"><ele>-3.25</ele></trkpt>
   <trkpt lat="52.151766" lon="4.55303"><ele>-3.25</ele></trkpt>
   <trkpt lat="52.150802" lon="4.552733"><ele>-3.5</ele></trkpt>
   <trkpt lat="52.150274" lon="4.55258"><ele>-3.5</ele></trkpt>
   <trkpt lat="52.149514" lon="4.552388"><ele>-3.5</ele></trkpt>
   <trkpt lat="52.14879" lon="4.552221"><ele>-3.5</ele></trkpt>
   <trkpt lat="52.148317" lon="4.552127"><ele>-3.75</ele></trkpt>
   <trkpt lat="52.147437" lon="4.551974"><ele>-3.75</ele></trkpt>
   <trkpt lat="52.146976" lon="4.551909"><ele>-3.75</ele></trkpt>
   <trkpt lat="52.146074" lon="4.5518"><ele>-4</ele></trkpt>
   <trkpt lat="52.145364" lon="4.551741"><ele>-4</ele></trkpt>
   <trkpt lat="52.144206" lon="4.551685"><ele>-4</ele></trkpt>
   <trkpt lat="52.143609" lon="4.551679"><ele>-4.25</ele></trkpt>
   <trkpt lat="52.143005" lon="4.551685"><ele>-4.25</ele></trkpt>
   <trkpt lat="52.141873" lon="4.551735"><ele>-4.25</ele></trkpt>
   <trkpt lat="52.140619" lon="4.551837"><ele>-4.5</ele></trkpt>
   <trkpt lat="52.139329" lon="4.551979"><ele>-4.5</ele></trkpt>
   <trkpt lat="52.138255" lon="4.552115"><ele>-4.75</ele></trkpt>
   <trkpt lat="52.136185" lon="4.552406"><ele>-5</ele></trkpt>
   <trkpt lat="52.134218" lon="4.552717"><ele>-5.25</ele></trkpt>
   <trkpt lat="52.133317" lon="4.552872"><ele>-5.25</ele></trkpt>
   <trkpt lat="52.132232" lon="4.553072"><ele>-5.25</ele></trkpt>
   <trkpt lat="52.130946" lon="4.553316"><ele>-5.5</ele></trkpt>
   <trkpt lat="52.129008" lon="4.553716"><ele>-5.75</ele></trkpt>
   <trkpt lat="52.127939" lon="4.55395"><ele>-5.75</ele></trkpt>
   <trkpt lat="52.126886" lon="4.554194"><ele>-6</ele></trkpt>
   <trkpt lat="52.125338" lon="4.554569"><ele>-6</ele></trkpt>
   <trkpt lat="52.124875" lon="4.554685"><ele>-6.25</ele></trkpt>
   <trkpt lat="52.124848" lon="4.554692"><ele>-6.25</ele></trkpt>
   <trkpt lat="52.123205" lon="4.55512"><ele>-6.25</ele></trkpt>
   <trkpt lat="52.121051" lon="4.555721"><ele>-6.5</ele></trkpt>
   <trkpt lat="52.119612" lon="4.556147"><ele>-6.75</ele></trkpt>
   <trkpt lat="52.11786" lon="4.556692"><ele>-7</ele></trkpt>
   <trkpt lat="52.115412" lon="4.557494"><ele>-7.25</ele></trkpt>
   <trkpt lat="52.103518" lon="4.561477"><ele>-8.5</ele></trkpt>
   <trkpt lat="52.103018" lon="4.561644"><ele>-8.5</ele></trkpt>
   <trkpt lat="52.100611" lon="4.562452"><ele>-8.75</ele></trkpt>
   <trkpt lat="52.097846" lon="4.563366"><ele>-9</ele></trkpt>
   <trkpt lat="52.096941" lon="4.563676"><ele>-9.25</ele></trkpt>
   <trkpt lat="52.095874" lon="4.563995"><ele>-9.25</ele></trkpt>
   <trkpt lat="52.094236" lon="4.564436"><ele>-9.5</ele></trkpt>
   <trkpt lat="52.093204" lon="4.56466"><ele>-9.5</ele></trkpt>
   <trkpt lat="52.092497" lon="4.5648"><ele>-9.75</ele></trkpt>
   <trkpt lat="52.091381" lon="4.564991"><ele>-9.75</ele></trkpt>
   <trkpt lat="52.090314" lon="4.565136"><ele>-6</ele></trkpt>
   <trkpt lat="52.089275" lon="4.565244"><ele>-5</ele></trkpt>
   <trkpt lat="52.088303" lon="4.565315"><ele>-4</ele></trkpt>
   <trkpt lat="52.087791" lon="4.565343"><ele>-3.25</ele></trkpt>
   <trkpt lat="52.08705" lon="4.565369"><ele>-2.75</ele></trkpt>
   <trkpt lat="52.086163" lon="4.56538"><ele>-2</ele></trkpt>
   <trkpt lat="52.085529" lon="4.565378"><ele>-2</ele></trkpt>
   <trkpt lat="52.08483" lon="4.565364"><ele>-2</ele></trkpt>
   <trkpt lat="52.083783" lon="4.565312"><ele>-2</ele></trkpt>
   <trkpt lat="52.083468" lon="4.565292"><ele>-2</ele></trkpt>
   <trkpt lat="52.082505" lon="4.565206"><ele>-2.25</ele></trkpt>
   <trkpt lat="52.081297" lon="4.565059"><ele>-2.25</ele></trkpt>
   <trkpt lat="52.0806" lon="4.564954"><ele>-2.25</ele></trkpt>
   <trkpt lat="52.079879" lon="4.56483"><ele>-2.5</ele></trkpt>
   <trkpt lat="52.078661" lon="4.564583"><ele>-2</ele></trkpt>
   <trkpt lat="52.078195" lon="4.564477"><ele>-2</ele></trkpt>
   <trkpt lat="52.077475" lon="4.564303"><ele>-1.75</ele></trkpt>
   <trkpt lat="52.076518" lon="4.564043"><ele>-1.25</ele></trkpt>
   <trkpt lat="52.075611" lon="4.563767"><ele>-1.5</ele></trkpt>
   <trkpt lat="52.074895" lon="4.563532"><ele>-1.25</ele></trkpt>
   <trkpt lat="52.074741" lon="4.563478"><ele>-1.5</ele></trkpt>
   <trkpt lat="52.074022" lon="4.563225"><ele>-1.25</ele></trkpt>
   <trkpt lat="52.073449" lon="4.563009"><ele>-1.25</ele></trkpt>
   <trkpt lat="52.072729" lon="4.562723"><ele>-1.5</ele></trkpt>
   <trkpt lat="52.072083" lon="4.562452"><ele>-1.75</ele></trkpt>
   <trkpt lat="52.071077" lon="4.562002"><ele>-2</ele></trkpt>
   <trkpt lat="52.070342" lon="4.561652"><ele>-2.5</ele></trkpt>
   <trkpt lat="52.069612" lon="4.561285"><ele>-2.5</ele></trkpt>
   <trkpt lat="52.069314" lon="4.56113"><ele>-2.25</ele></trkpt>
   <trkpt lat="52.068598" lon="4.560746"><ele>-2.25</ele></trkpt>
   <trkpt lat="52.068092" lon="4.560463"><ele>-2.25</ele></trkpt>
   <trkpt lat="52.066958" lon="4.559794"><ele>-2</ele></trkpt>
   <trkpt lat="52.066297" lon="4.559384"><ele>-2</ele></trkpt>
   <trkpt lat="52.065666" lon="4.558977"><ele>-2</ele></trkpt>
   <trkpt lat="52.065455" lon="4.558836"><ele>-1.75</ele></trkpt>
   <trkpt lat="52.064913" lon="4.558471"><ele>-1.75</ele></trkpt>
   <trkpt lat="52.063826" lon="4.557703"><ele>-1.75</ele></trkpt>
   <trkpt lat="52.062651" lon="4.556819"><ele>-1.5</ele></trkpt>
   <trkpt lat="52.062118" lon="4.556399"><ele>-1.5</ele></trkpt>
   <trkpt lat="52.061275" lon="4.555712"><ele>-1.25</ele></trkpt>
   <trkpt lat="52.060628" lon="4.555166"><ele>-1.25</ele></trkpt>
   <trkpt lat="52.059856" lon="4.554489"><ele>-1.25</ele></trkpt>
   <trkpt lat="52.059083" lon="4.553784"><ele>-1.25</ele></trkpt>
   <trkpt lat="52.057998" lon="4.552749"><ele>-1.25</ele></trkpt>
   <trkpt lat="52.057244" lon="4.551994"><ele>-1.25</ele></trkpt>
   <trkpt lat="52.056486" lon="4.55121"><ele>-1.5</ele></trkpt>
   <trkpt lat="52.05566" lon="4.550321"><ele>-1.5</ele></trkpt>
   <trkpt lat="52.054835" lon="4.549396"><ele>-1.5</ele></trkpt>
   <trkpt lat="52.054579" lon="4.549101"><ele>-1.5</ele></trkpt>
   <trkpt lat="52.053807" lon="4.548193"><ele>-1.5</ele></trkpt>
   <trkpt lat="52.053113" lon="4.547347"><ele>-1.5</ele></trkpt>
   <trkpt lat="52.052023" lon="4.545962"><ele>-1.5</ele></trkpt>
   <trkpt lat="52.05071" lon="4.544244"><ele>-1.75</ele></trkpt>
   <trkpt lat="52.044732" lon="4.536358"><ele>-2</ele></trkpt>
   <trkpt lat="52.04436" lon="4.535867"><ele>-2</ele></trkpt>
   <trkpt lat="52.041083" lon="4.531547"><ele>-2.25</ele></trkpt>
   <trkpt lat="52.039967" lon="4.530096"><ele>-2.25</ele></trkpt>
   <trkpt lat="52.039212" lon="4.529138"><ele>-2.25</ele></trkpt>
   <trkpt lat="52.038711" lon="4.528521"><ele>-2.25</ele></trkpt>
   <trkpt lat="52.038174" lon="4.527876"><ele>-2.25</ele></trkpt>
   <trkpt lat="52.03739" lon="4.526971"><ele>-2.25</ele></trkpt>
   <trkpt lat="52.03654" lon="4.526032"><ele>-2.5</ele></trkpt>
   <trkpt lat="52.035901" lon="4.525358"><ele>-2.5</ele></trkpt>
   <trkpt lat="52.035378" lon="4.524823"><ele>-2.5</ele></trkpt>
   <trkpt lat="52.034555" lon="4.524016"><ele>-2.5</ele></trkpt>
   <trkpt lat="52.034004" lon="4.523493"><ele>-2.5</ele></trkpt>
   <trkpt lat="52.033029" lon="4.522612"><ele>-2.5</ele></trkpt>
   <trkpt lat="52.032266" lon="4.521957"><ele>-2.5</ele></trkpt>
   <trkpt lat="52.031544" lon="4.521364"><ele>-2.75</ele></trkpt>
   <trkpt lat="52.031098" lon="4.521012"><ele>-2.75</ele></trkpt>
   <trkpt lat="52.030547" lon="4.520588"><ele>-2.75</ele></trkpt>
   <trkpt lat="52.029863" lon="4.520083"><ele>-2.75</ele></trkpt>
   <trkpt lat="52.028881" lon="4.519395"><ele>-2.75</ele></trkpt>
   <trkpt lat="52.028108" lon="4.518885"><ele>-2.75</ele></trkpt>
   <trkpt lat="52.02711" lon="4.518265"><ele>-2.75</ele></trkpt>
   <trkpt lat="52.026629" lon="4.51798"><ele>-2.75</ele></trkpt>
   <trkpt lat="52.026006" lon="4.517628"><ele>-3</ele></trkpt>
   <trkpt lat="52.02539" lon="4.517296"><ele>-3</ele></trkpt>
   <trkpt lat="52.024707" lon="4.516941"><ele>-3</ele></trkpt>
   <trkpt lat="52.02377" lon="4.516474"><ele>-3</ele></trkpt>
   <trkpt lat="52.023012" lon="4.51611"><ele>-3</ele></trkpt>
   <trkpt lat="52.022575" lon="4.515901"><ele>-3</ele></trkpt>
   <trkpt lat="52.020818" lon="4.515059"><ele>-3.25</ele></trkpt>
   <trkpt lat="52.019545" lon="4.514422"><ele>-3.25</ele></trkpt>
   <trkpt lat="52.018641" lon="4.513942"><ele>-3.25</ele></trkpt>
   <trkpt lat="52.017552" lon="4.513325"><ele>-3.25</ele></trkpt>
   <trkpt lat="52.016888" lon="4.512928"><ele>-3.25</ele></trkpt>
   <trkpt lat="52.016309" lon="4.512569"><ele>-3.25</ele></trkpt>
   <trkpt lat="52.01533" lon="4.511931"><ele>-3.25</ele></trkpt>
   <trkpt lat="52.014749" lon="4.511538"><ele>-3.5</ele></trkpt>
   <trkpt lat="52.014234" lon="4.511177"><ele>-3.5</ele></trkpt>
   <trkpt lat="52.013293" lon="4.510492"><ele>-3.5</ele></trkpt>
   <trkpt lat="52.012684" lon="4.510029"><ele>-3.5</ele></trkpt>
   <trkpt lat="52.011991" lon="4.509485"><ele>-3.5</ele></trkpt>
   <trkpt lat="52.011141" lon="4.508788"><ele>-3.5</ele></trkpt>
   <trkpt lat="52.010753" lon="4.508461"><ele>-3.5</ele></trkpt>
   <trkpt lat="52.010013" lon="4.507818"><ele>-3.5</ele></trkpt>
   <trkpt lat="52.00912" lon="4.507008"><ele>-3.75</ele></trkpt>
   <trkpt lat="52.008066" lon="4.506007"><ele>-3.75</ele></trkpt>
   <trkpt lat="52.007452" lon="4.505398"><ele>-3.75</ele></trkpt>
   <trkpt lat="52.006766" lon="4.504697"><ele>-3.75</ele></trkpt>
   <trkpt lat="52.005789" lon="4.503658"><ele>-3.75</ele></trkpt>
   <trkpt lat="52.004908" lon="4.502677"><ele>-4</ele></trkpt>
   <trkpt lat="52.004744" lon="4.50249"><ele>-4</ele></trkpt>
   <trkpt lat="52.004374" lon="4.502062"><ele>-4.75</ele></trkpt>
   <trkpt lat="52.003737" lon="4.501308"><ele>-5.5</ele></trkpt>
   <trkpt lat="52.002743" lon="4.500088"><ele>-5.75</ele></trkpt>
   <trkpt lat="52.002042" lon="4.499202"><ele>-5.75</ele></trkpt>
   <trkpt lat="52.000708" lon="4.497483"><ele>-6.5</ele></trkpt>
   <trkpt lat="51.997446" lon="4.493267"><ele>-6.5</ele></trkpt>
   <trkpt lat="51.989851" lon="4.483451"><ele>-6.25</ele></trkpt>
   <trkpt lat="51.988781" lon="4.482073"><ele>-6</ele></trkpt>
   <trkpt lat="51.987986" lon="4.481066"><ele>-6.25</ele></trkpt>
   <trkpt lat="51.987164" lon="4.480049"><ele>-5.75</ele></trkpt>
   <trkpt lat="51.986476" lon="4.479223"><ele>-6.5</ele></trkpt>
   <trkpt lat="51.985756" lon="4.478374"><ele>-6.25</ele></trkpt>
   <trkpt lat="51.984815" lon="4.477294"><ele>-5.75</ele></trkpt>
   <trkpt lat="51.984334" lon="4.476755"><ele>-5.5</ele></trkpt>
   <trkpt lat="51.983888" lon="4.47626"><ele>-5.25</ele></trkpt>
   <trkpt lat="51.983128" lon="4.475438"><ele>-5.5</ele></trkpt>
   <trkpt lat="51.982171" lon="4.474432"><ele>-4</ele></trkpt>
   <trkpt lat="51.981454" lon="4.473696"><ele>-3.75</ele></trkpt>
   <trkpt lat="51.980357" lon="4.472604"><ele>-2.25</ele></trkpt>
   <trkpt lat="51.979412" lon="4.471695"><ele>-2.5</ele></trkpt>
   <trkpt lat="51.97887" lon="4.471186"><ele>-2.25</ele></trkpt>
   <trkpt lat="51.978067" lon="4.470446"><ele>-1.75</ele></trkpt>
   <trkpt lat="51.9775" lon="4.469939"><ele>-1.75</ele></trkpt>
   <trkpt lat="51.977161" lon="4.469638"><ele>-1.75</ele></trkpt>
   <trkpt lat="51.977026" lon="4.46952"><ele>-2</ele></trkpt>
   <trkpt lat="51.976945" lon="4.469449"><ele>-1</ele></trkpt>
   <trkpt lat="51.976292" lon="4.468884"><ele>-1.5</ele></trkpt>
   <trkpt lat="51.975221" lon="4.467987"><ele>-2.75</ele></trkpt>
   <trkpt lat="51.975082" lon="4.467873"><ele>-3</ele></trkpt>
   <trkpt lat="51.974104" lon="4.467086"><ele>-3</ele></trkpt>
   <trkpt lat="51.973963" lon="4.466974"><ele>-3</ele></trkpt>
   <trkpt lat="51.972639" lon="4.465954"><ele>-4</ele></trkpt>
   <trkpt lat="51.972502" lon="4.465865"><ele>-4</ele></trkpt>
   <trkpt lat="51.971196" lon="4.46491"><ele>-5.75</ele></trkpt>
   <trkpt lat="51.97009" lon="4.464137"><ele>-6.75</ele></trkpt>
   <trkpt lat="51.968808" lon="4.463278"><ele>-8.75</ele></trkpt>
   <trkpt lat="51.968028" lon="4.462777"><ele>-9.25</ele></trkpt>
   <trkpt lat="51.967018" lon="4.46215"><ele>-5.75</ele></trkpt>
   <trkpt lat="51.966292" lon="4.461715"><ele>-6.25</ele></trkpt>
   <trkpt lat="51.965405" lon="4.461191"><ele>-6.75</ele></trkpt>
   <trkpt lat="51.963981" lon="4.460405"><ele>-8</ele></trkpt>
   <trkpt lat="51.96293" lon="4.459852"><ele>-8</ele></trkpt>
   <trkpt lat="51.962024" lon="4.4594"><ele>-10</ele></trkpt>
   <trkpt lat="51.961294" lon="4.459049"><ele>-8.75</ele></trkpt>
   <trkpt lat="51.960639" lon="4.458742"><ele>-7.5</ele></trkpt>
   <trkpt lat="51.959773" lon="4.458356"><ele>-10</ele></trkpt>
   <trkpt lat="51.95897" lon="4.458012"><ele>-10.5</ele></trkpt>
   <trkpt lat="51.958284" lon="4.457734"><ele>-10.25</ele></trkpt>
   <trkpt lat="51.957442" lon="4.457398"><ele>-9.75</ele></trkpt>
   <trkpt lat="51.955915" lon="4.456846"><ele>-9.25</ele></trkpt>
   <trkpt lat="51.954608" lon="4.456392"><ele>-8.75</ele></trkpt>
   <trkpt lat="51.9526" lon="4.455783"><ele>-8.25</ele></trkpt>
   <trkpt lat="51.951072" lon="4.455287"><ele>-7.75</ele></trkpt>
   <trkpt lat="51.949931" lon="4.454934"><ele>-7.25</ele></trkpt>
   <trkpt lat="51.948165" lon="4.454387"><ele>-6.75</ele></trkpt>
   <trkpt lat="51.947944" lon="4.454319"><ele>-6.5</ele></trkpt>
   <trkpt lat="51.946399" lon="4.453841"><ele>-6</ele></trkpt>
   <trkpt lat="51.943309" lon="4.452894"><ele>-5</ele></trkpt>
   <trkpt lat="51.943308" lon="4.452894"><ele>-5</ele></trkpt>
   <trkpt lat="51.940263" lon="4.451949"><ele>-4</ele></trkpt>
   <trkpt lat="51.940107" lon="4.451901"><ele>-3.75</ele></trkpt>
   <trkpt lat="51.938859" lon="4.451515"><ele>-4</ele></trkpt>
   <trkpt lat="51.937797" lon="4.451187"><ele>-2.5</ele></trkpt>
   <trkpt lat="51.93757" lon="4.451117"><ele>-2</ele></trkpt>
   <trkpt lat="51.937467" lon="4.451085"><ele>-2</ele></trkpt>
   <trkpt lat="51.936984" lon="4.450935"><ele>-2</ele></trkpt>
   <trkpt lat="51.936339" lon="4.450729"><ele>-2</ele></trkpt>
   <trkpt lat="51.935085" lon="4.450314"><ele>-2</ele></trkpt>
   <trkpt lat="51.933572" lon="4.449833"><ele>-2</ele></trkpt>
   <trkpt lat="51.931921" lon="4.449324"><ele>-2</ele></trkpt>
   <trkpt lat="51.931323" lon="4.44914"><ele>-2</ele></trkpt>
   <trkpt lat="51.931304" lon="4.449134"><ele>-2</ele></trkpt>
   <trkpt lat="51.930415" lon="4.44886"><ele>-2</ele></trkpt>
   <trkpt lat="51.930384" lon="4.44885"><ele>-2</ele></trkpt>
   <trkpt lat="51.929172" lon="4.448475"><ele>-2</ele></trkpt>
   <trkpt lat="51.928411" lon="4.448243"><ele>-2</ele></trkpt>
   <trkpt lat="51.928333" lon="4.448221"><ele>-2</ele></trkpt>
   <trkpt lat="51.92794" lon="4.448128"><ele>-2</ele></trkpt>
   <trkpt lat="51.927561" lon="4.448061"><ele>-2</ele></trkpt>
   <trkpt lat="51.927122" lon="4.448014"><ele>-2</ele></trkpt>
   <trkpt lat="51.926857" lon="4.448014"><ele>-2</ele></trkpt>
   <trkpt lat="51.926657" lon="4.448034"><ele>-2</ele></trkpt>
   <trkpt lat="51.926499" lon="4.448064"><ele>-1.75</ele></trkpt>
   <trkpt lat="51.926386" lon="4.448092"><ele>-1.75</ele></trkpt>
   <trkpt lat="51.926163" lon="4.448169"><ele>-1.75</ele></trkpt>
   <trkpt lat="51.925904" lon="4.44829"><ele>-2</ele></trkpt>
   <trkpt lat="51.925782" lon="4.44836"><ele>-1.75</ele></trkpt>
   <trkpt lat="51.92557" lon="4.448503"><ele>-1.75</ele></trkpt>
   <trkpt lat="51.925408" lon="4.448631"><ele>-2.25</ele></trkpt>
   <trkpt lat="51.925251" lon="4.448772"><ele>-2.25</ele></trkpt>
   <trkpt lat="51.925099" lon="4.448927"><ele>-1.75</ele></trkpt>
   <trkpt lat="51.924952" lon="4.449094"><ele>-2</ele></trkpt>
   <trkpt lat="51.924818" lon="4.449266"><ele>-1.75</ele></trkpt>
   <trkpt lat="51.924682" lon="4.449458"><ele>-1.5</ele></trkpt>
   <trkpt lat="51.924477" lon="4.449791"><ele>-1</ele></trkpt>
   <trkpt lat="51.924292" lon="4.450148"><ele>-0.75</ele></trkpt>
   <trkpt lat="51.92423" lon="4.450282"><ele>-0.5</ele></trkpt>
   <trkpt lat="51.924101" lon="4.450593"><ele>-0.25</ele></trkpt>
   <trkpt lat="51.924026" lon="4.450799"><ele>0</ele></trkpt>
   <trkpt lat="51.923942" lon="4.451058"><ele>0</ele></trkpt>
   <trkpt lat="51.923871" lon="4.451303"><ele>0.25</ele></trkpt>
   <trkpt lat="51.923799" lon="4.451597"><ele>0.5</ele></trkpt>
   <trkpt lat="51.923744" lon="4.451863"><ele>0.75</ele></trkpt>
   <trkpt lat="51.923697" lon="4.45213"><ele>1</ele></trkpt>
   <trkpt lat="51.92364" lon="4.452574"><ele>1</ele></trkpt>
   <trkpt lat="51.92362" lon="4.452785"><ele>1</ele></trkpt>
   <trkpt lat="51.923601" lon="4.453091"><ele>1</ele></trkpt>
   <trkpt lat="51.923585" lon="4.453671"><ele>1</ele></trkpt>
   <trkpt lat="51.923584" lon="4.454267"><ele>1.25</ele></trkpt>
   <trkpt lat="51.923593" lon="4.454753"><ele>2</ele></trkpt>
   <trkpt lat="51.923608" lon="4.455154"><ele>1.75</ele></trkpt>
   <trkpt lat="51.92364" lon="4.455715"><ele>1.75</ele></trkpt>
   <trkpt lat="51.923748" lon="4.457215"><ele>1.5</ele></trkpt>
   <trkpt lat="51.923772" lon="4.457556"><ele>1.25</ele></trkpt>
   <trkpt lat="51.923859" lon="4.458715"><ele>2</ele></trkpt>
   <trkpt lat="51.923975" lon="4.460025"><ele>2</ele></trkpt>
   <trkpt lat="51.92407" lon="4.460957"><ele>2</ele></trkpt>
   <trkpt lat="51.924147" lon="4.461739"><ele>2.75</ele></trkpt>
   <trkpt lat="51.92416" lon="4.461848"><ele>2.25</ele></trkpt>
   <trkpt lat="51.924243" lon="4.46267"><ele>2.25</ele></trkpt>
   <trkpt lat="51.924261" lon="4.463257"><ele>3</ele></trkpt>
   <trkpt lat="51.924321" lon="4.463843"><ele>3</ele></trkpt>
   <trkpt lat="51.924403" lon="4.464663"><ele>3</ele></trkpt>
   <trkpt lat="51.924468" lon="4.465208"><ele>3</ele></trkpt>
   <trkpt lat="51.924529" lon="4.465583"><ele>3</ele></trkpt>
   <trkpt lat="51.92453" lon="4.465589"><ele>3</ele></trkpt>
   <trkpt lat="51.924594" lon="4.465929"><ele>3</ele></trkpt>
   <trkpt lat="51.92485" lon="4.467184"><ele>3</ele></trkpt>
   <trkpt lat="51.924865" lon="4.467257"><ele>3</ele></trkpt>
   <trkpt lat="51.925345" lon="4.469621"><ele>3</ele></trkpt>
   <trkpt lat="51.92558" lon="4.470778"><ele>3</ele></trkpt>
   <trkpt lat="51.925591" lon="4.470831"><ele>3</ele></trkpt>
   <trkpt lat="51.925611" lon="4.470932"><ele>3</ele></trkpt>
   <trkpt lat="51.925618" lon="4.470966"><ele>3</ele></trkpt>
   <trkpt lat="51.925626" lon="4.471008"><ele>3</ele></trkpt>
   <trkpt lat="51.925735" lon="4.471733"><ele>3</ele></trkpt>
   <trkpt lat="51.925789" lon="4.472266"><ele>3</ele></trkpt>
   <trkpt lat="51.925871" lon="4.473111"><ele>2.75</ele></trkpt>
   <trkpt lat="51.925907" lon="4.473568"><ele>3</ele></trkpt>
   <trkpt lat="51.925962" lon="4.474262"><ele>2.75</ele></trkpt>
   <trkpt lat="51.925989" lon="4.474606"><ele>2.75</ele></trkpt>
   <trkpt lat="51.926021" lon="4.475296"><ele>2.75</ele></trkpt>
   <trkpt lat="51.926052" lon="4.475982"><ele>2.75</ele></trkpt>
   <trkpt lat="51.926052" lon="4.475986"><ele>2.75</ele></trkpt>
   <trkpt lat="51.926056" lon="4.476031"><ele>2.75</ele></trkpt>
   <trkpt lat="51.926077" lon="4.476303"><ele>2.75</ele></trkpt>
   <trkpt lat="51.926085" lon="4.476461"><ele>2.75</ele></trkpt>
   <trkpt lat="51.926087" lon="4.476509"><ele>2.75</ele></trkpt>
   <trkpt lat="51.926091" lon="4.476583"><ele>2.75</ele></trkpt>
   <trkpt lat="51.9261" lon="4.476919"><ele>2.75</ele></trkpt>
   <trkpt lat="51.926097" lon="4.477324"><ele>2.75</ele></trkpt>
   <trkpt lat="51.926079" lon="4.477779"><ele>2.75</ele></trkpt>
   <trkpt lat="51.926057" lon="4.478056"><ele>2.75</ele></trkpt>
   <trkpt lat="51.926017" lon="4.478451"><ele>2.75</ele></trkpt>
   <trkpt lat="51.926014" lon="4.478474"><ele>2.75</ele></trkpt>
   <trkpt lat="51.925997" lon="4.478608"><ele>2.75</ele></trkpt>
   <trkpt lat="51.925917" lon="4.479118"><ele>2.75</ele></trkpt>
   <trkpt lat="51.925848" lon="4.479461"><ele>2.75</ele></trkpt>
   <trkpt lat="51.925754" lon="4.479854"><ele>2.75</ele></trkpt>
   <trkpt lat="51.925666" lon="4.480174"><ele>2.75</ele></trkpt>
   <trkpt lat="51.925569" lon="4.480486"><ele>2.75</ele></trkpt>
   <trkpt lat="51.925509" lon="4.480662"><ele>2.75</ele></trkpt>
   <trkpt lat="51.925409" lon="4.480932"><ele>2.75</ele></trkpt>
   <trkpt lat="51.925283" lon="4.481241"><ele>2.75</ele></trkpt>
   <trkpt lat="51.925177" lon="4.481473"><ele>2.75</ele></trkpt>
   <trkpt lat="51.925046" lon="4.481738"><ele>2.75</ele></trkpt>
   <trkpt lat="51.924886" lon="4.482028"><ele>2.75</ele></trkpt>
   <trkpt lat="51.924555" lon="4.482563"><ele>2.75</ele></trkpt>
   <trkpt lat="51.924427" lon="4.482756"><ele>2.75</ele></trkpt>
   <trkpt lat="51.924385" lon="4.482819"><ele>2.75</ele></trkpt>
   <trkpt lat="51.924126" lon="4.483208"><ele>2.75</ele></trkpt>
   <trkpt lat="51.923686" lon="4.483854"><ele>2.75</ele></trkpt>
   <trkpt lat="51.923204" lon="4.48454"><ele>2.75</ele></trkpt>
   <trkpt lat="51.921971" lon="4.486253"><ele>2.75</ele></trkpt>
   <trkpt lat="51.921175" lon="4.487295"><ele>2.75</ele></trkpt>
   <trkpt lat="51.920994" lon="4.487527"><ele>2.75</ele></trkpt>
   <trkpt lat="51.920804" lon="4.487772"><ele>2.75</ele></trkpt>
   <trkpt lat="51.920757" lon="4.487834"><ele>2.75</ele></trkpt>
   <trkpt lat="51.920472" lon="4.48821"><ele>2.75</ele></trkpt>
   <trkpt lat="51.92005" lon="4.48879"><ele>2.75</ele></trkpt>
   <trkpt lat="51.920037" lon="4.488809"><ele>2.75</ele></trkpt>
   <trkpt lat="51.919955" lon="4.488922"><ele>2.75</ele></trkpt>
   <trkpt lat="51.919612" lon="4.489403"><ele>2.75</ele></trkpt>
   <trkpt lat="51.91952" lon="4.489533"><ele>2.75</ele></trkpt>
   <trkpt lat="51.919444" lon="4.489643"><ele>2.75</ele></trkpt>
   <trkpt lat="51.919415" lon="4.489686"><ele>2.75</ele></trkpt>
   <trkpt lat="51.91926" lon="4.489913"><ele>2.75</ele></trkpt>
   <trkpt lat="51.918899" lon="4.490465"><ele>2.75</ele></trkpt>
   <trkpt lat="51.918847" lon="4.490548"><ele>2.75</ele></trkpt>
   <trkpt lat="51.918565" lon="4.491008"><ele>2.75</ele></trkpt>
   <trkpt lat="51.91854" lon="4.491049"><ele>2.75</ele></trkpt>
   <trkpt lat="51.918486" lon="4.49114"><ele>2.75</ele></trkpt>
   <trkpt lat="51.918474" lon="4.491161"><ele>2.75</ele></trkpt>
   <trkpt lat="51.917931" lon="4.492099"><ele>2.75</ele></trkpt>
   <trkpt lat="51.916703" lon="4.494232"><ele>2.75</ele></trkpt>
   <trkpt lat="51.916459" lon="4.494657"><ele>2.75</ele></trkpt>
   <trkpt lat="51.915851" lon="4.495715"><ele>2.75</ele></trkpt>
   <trkpt lat="51.915294" lon="4.496675"><ele>2.75</ele></trkpt>
   <trkpt lat="51.914775" lon="4.497509"><ele>2.75</ele></trkpt>
   <trkpt lat="51.914245" lon="4.498294"><ele>2.75</ele></trkpt>
   <trkpt lat="51.913668" lon="4.49908"><ele>2.75</ele></trkpt>
   <trkpt lat="51.912983" lon="4.499956"><ele>2.75</ele></trkpt>
   <trkpt lat="51.912487" lon="4.500586"><ele>2.75</ele></trkpt>
   <trkpt lat="51.912488" lon="4.500586"><ele>2.75</ele></trkpt>
   <trkpt lat="51.910898" lon="4.502611"><ele>2.75</ele></trkpt>
   <trkpt lat="51.90967" lon="4.50418"><ele>2.75</ele></trkpt>
   <trkpt lat="51.909531" lon="4.504362"><ele>2.75</ele></trkpt>
   <trkpt lat="51.909325" lon="4.504636"><ele>2.75</ele></trkpt>
   <trkpt lat="51.908585" lon="4.505626"><ele>2.75</ele></trkpt>
   <trkpt lat="51.908237" lon="4.506078"><ele>2.75</ele></trkpt>
   <trkpt lat="51.907778" lon="4.506646"><ele>2.75</ele></trkpt>
   <trkpt lat="51.907202" lon="4.507318"><ele>2.75</ele></trkpt>
   <trkpt lat="51.90701" lon="4.50753"><ele>2.75</ele></trkpt>
   <trkpt lat="51.906675" lon="4.50789"><ele>2.75</ele></trkpt>
   <trkpt lat="51.906152" lon="4.508426"><ele>2.75</ele></trkpt>
   <trkpt lat="51.905437" lon="4.509113"><ele>3</ele></trkpt>
   <trkpt lat="51.905223" lon="4.509317"><ele>3</ele></trkpt>
   <trkpt lat="51.905215" lon="4.509326"><ele>3</ele></trkpt>
   <trkpt lat="51.90506" lon="4.509471"><ele>3.5</ele></trkpt>
   <trkpt lat="51.905041" lon="4.509489"><ele>3.5</ele></trkpt>
   <trkpt lat="51.904845" lon="4.509677"><ele>3.5</ele></trkpt>
   <trkpt lat="51.90391" lon="4.510569"><ele>3.75</ele></trkpt>
   <trkpt lat="51.902952" lon="4.511482"><ele>3.5</ele></trkpt>
   <trkpt lat="51.902951" lon="4.511483"><ele>3.25</ele></trkpt>
   <trkpt lat="51.902887" lon="4.511544"><ele>3</ele></trkpt>
   <trkpt lat="51.90276" lon="4.511665"><ele>2</ele></trkpt>
   <trkpt lat="51.902602" lon="4.511814"><ele>3.25</ele></trkpt>
   <trkpt lat="51.901884" lon="4.512455"><ele>4</ele></trkpt>
   <trkpt lat="51.901603" lon="4.512696"><ele>3.75</ele></trkpt>
   <trkpt lat="51.901594" lon="4.512703"><ele>3.75</ele></trkpt>
   <trkpt lat="51.90142" lon="4.51285"><ele>3.25</ele></trkpt>
   <trkpt lat="51.901291" lon="4.512959"><ele>3.25</ele></trkpt>
   <trkpt lat="51.900987" lon="4.513215"><ele>2.75</ele></trkpt>
   <trkpt lat="51.900174" lon="4.513904"><ele>2.5</ele></trkpt>
   <trkpt lat="51.900022" lon="4.514032"><ele>2</ele></trkpt>
   <trkpt lat="51.899224" lon="4.514771"><ele>2</ele></trkpt>
   <trkpt lat="51.898618" lon="4.515293"><ele>1</ele></trkpt>
   <trkpt lat="51.89775" lon="4.516067"><ele>1</ele></trkpt>
   <trkpt lat="51.897385" lon="4.516421"><ele>0.75</ele></trkpt>
   <trkpt lat="51.896766" lon="4.517063"><ele>0.75</ele></trkpt>
   <trkpt lat="51.896304" lon="4.517541"><ele>0.5</ele></trkpt>
   <trkpt lat="51.895842" lon="4.51802"><ele>0.5</ele></trkpt>
   <trkpt lat="51.895794" lon="4.518069"><ele>0.5</ele></trkpt>
   <trkpt lat="51.895789" lon="4.518075"><ele>0.5</ele></trkpt>
   <trkpt lat="51.895783" lon="4.518081"><ele>0.5</ele></trkpt>
   <trkpt lat="51.895598" lon="4.518272"><ele>0.25</ele></trkpt>
   <trkpt lat="51.895549" lon="4.518321"><ele>0.25</ele></trkpt>
   <trkpt lat="51.895393" lon="4.518476"><ele>0.25</ele></trkpt>
   <trkpt lat="51.895182" lon="4.518675"><ele>0.25</ele></trkpt>
   <trkpt lat="51.894969" lon="4.518863"><ele>0.25</ele></trkpt>
   <trkpt lat="51.894752" lon="4.519048"><ele>0.25</ele></trkpt>
   <trkpt lat="51.894539" lon="4.519229"><ele>0</ele></trkpt>
   <trkpt lat="51.894298" lon="4.519433"><ele>0</ele></trkpt>
   <trkpt lat="51.894102" lon="4.519599"><ele>0</ele></trkpt>
   <trkpt lat="51.893847" lon="4.519816"><ele>0</ele></trkpt>
   <trkpt lat="51.893665" lon="4.51997"><ele>0</ele></trkpt>
   <trkpt lat="51.89359" lon="4.520034"><ele>0</ele></trkpt>
   <trkpt lat="51.89352" lon="4.520094"><ele>0</ele></trkpt>
   <trkpt lat="51.893136" lon="4.520419"><ele>0</ele></trkpt>
   <trkpt lat="51.892922" lon="4.520596"><ele>0</ele></trkpt>
   <trkpt lat="51.892706" lon="4.52077"><ele>0</ele></trkpt>
   <trkpt lat="51.892487" lon="4.520944"><ele>0</ele></trkpt>
   <trkpt lat="51.892268" lon="4.521118"><ele>-0.25</ele></trkpt>
   <trkpt lat="51.89209" lon="4.521257"><ele>-0.25</ele></trkpt>
   <trkpt lat="51.89182" lon="4.52147"><ele>-0.25</ele></trkpt>
   <trkpt lat="51.89178" lon="4.521501"><ele>-0.25</ele></trkpt>
   <trkpt lat="51.891357" lon="4.521829"><ele>-0.25</ele></trkpt>
   <trkpt lat="51.891071" lon="4.522122"><ele>-0.5</ele></trkpt>
   <trkpt lat="51.890848" lon="4.522324"><ele>-0.5</ele></trkpt>
   <trkpt lat="51.890042" lon="4.522953"><ele>-0.75</ele></trkpt>
   <trkpt lat="51.888264" lon="4.52441"><ele>-1</ele></trkpt>
   <trkpt lat="51.886818" lon="4.52554"><ele>-1.5</ele></trkpt>
   <trkpt lat="51.886438" lon="4.525851"><ele>-1.5</ele></trkpt>
   <trkpt lat="51.885774" lon="4.526413"><ele>-1.75</ele></trkpt>
   <trkpt lat="51.884772" lon="4.527265"><ele>-1.75</ele></trkpt>
   <trkpt lat="51.88454" lon="4.527466"><ele>-2</ele></trkpt>
   <trkpt lat="51.88422" lon="4.527753"><ele>-2</ele></trkpt>
   <trkpt lat="51.883507" lon="4.528419"><ele>-2.25</ele></trkpt>
   <trkpt lat="51.882076" lon="4.529833"><ele>-2.5</ele></trkpt>
   <trkpt lat="51.881534" lon="4.530339"><ele>-2.75</ele></trkpt>
   <trkpt lat="51.881454" lon="4.530411"><ele>-2.75</ele></trkpt>
   <trkpt lat="51.881449" lon="4.530415"><ele>-2.75</ele></trkpt>
   <trkpt lat="51.881153" lon="4.530675"><ele>-2.75</ele></trkpt>
   <trkpt lat="51.88094" lon="4.530858"><ele>-2.75</ele></trkpt>
   <trkpt lat="51.880528" lon="4.531207"><ele>-3</ele></trkpt>
   <trkpt lat="51.880426" lon="4.531293"><ele>-3</ele></trkpt>
   <trkpt lat="51.880338" lon="4.531367"><ele>-2.5</ele></trkpt>
   <trkpt lat="51.880115" lon="4.531558"><ele>-1.75</ele></trkpt>
   <trkpt lat="51.879961" lon="4.531685"><ele>-1</ele></trkpt>
   <trkpt lat="51.879907" lon="4.531733"><ele>-0.75</ele></trkpt>
   <trkpt lat="51.8794" lon="4.532165"><ele>-0.75</ele></trkpt>
   <trkpt lat="51.878846" lon="4.532634"><ele>-0.75</ele></trkpt>
   <trkpt lat="51.878767" lon="4.532701"><ele>-0.75</ele></trkpt>
   <trkpt lat="51.878701" lon="4.532757"><ele>-1</ele></trkpt>
   <trkpt lat="51.87793" lon="4.533391"><ele>-1</ele></trkpt>
   <trkpt lat="51.876665" lon="4.534374"><ele>-1.25</ele></trkpt>
   <trkpt lat="51.876027" lon="4.534897"><ele>-1.5</ele></trkpt>
   <trkpt lat="51.875478" lon="4.535361"><ele>-1.5</ele></trkpt>
   <trkpt lat="51.872916" lon="4.53753"><ele>-1.25</ele></trkpt>
   <trkpt lat="51.872773" lon="4.53765"><ele>-1.25</ele></trkpt>
   <trkpt lat="51.872488" lon="4.537886"><ele>-1</ele></trkpt>
   <trkpt lat="51.871762" lon="4.538462"><ele>-1</ele></trkpt>
   <trkpt lat="51.870808" lon="4.539174"><ele>-1</ele></trkpt>
   <trkpt lat="51.870332" lon="4.539543"><ele>-1</ele></trkpt>
   <trkpt lat="51.869436" lon="4.540288"><ele>-1</ele></trkpt>
   <trkpt lat="51.868096" lon="4.541422"><ele>-1</ele></trkpt>
   <trkpt lat="51.866984" lon="4.542365"><ele>-0.75</ele></trkpt>
   <trkpt lat="51.863263" lon="4.545514"><ele>-0.5</ele></trkpt>
   <trkpt lat="51.861388" lon="4.547151"><ele>-0.5</ele></trkpt>
   <trkpt lat="51.860331" lon="4.548079"><ele>-0.5</ele></trkpt>
   <trkpt lat="51.857697" lon="4.550391"><ele>-0.25</ele></trkpt>
   <trkpt lat="51.857109" lon="4.550922"><ele>-0.25</ele></trkpt>
   <trkpt lat="51.856812" lon="4.551206"><ele>-0.25</ele></trkpt>
   <trkpt lat="51.856419" lon="4.551599"><ele>-0.25</ele></trkpt>
   <trkpt lat="51.856026" lon="4.552014"><ele>-0.25</ele></trkpt>
   <trkpt lat="51.855518" lon="4.552571"><ele>-0.25</ele></trkpt>
   <trkpt lat="51.854547" lon="4.553653"><ele>-0.25</ele></trkpt>
   <trkpt lat="51.853435" lon="4.554933"><ele>0</ele></trkpt>
   <trkpt lat="51.852603" lon="4.555917"><ele>0</ele></trkpt>
   <trkpt lat="51.852276" lon="4.556315"><ele>0</ele></trkpt>
   <trkpt lat="51.851824" lon="4.556893"><ele>0</ele></trkpt>
   <trkpt lat="51.851374" lon="4.557505"><ele>0</ele></trkpt>
   <trkpt lat="51.850936" lon="4.558139"><ele>0</ele></trkpt>
   <trkpt lat="51.850311" lon="4.559106"><ele>0</ele></trkpt>
   <trkpt lat="51.849729" lon="4.560056"><ele>0</ele></trkpt>
   <trkpt lat="51.849539" lon="4.560379"><ele>0</ele></trkpt>
   <trkpt lat="51.84947" lon="4.560511"><ele>0</ele></trkpt>
   <trkpt lat="51.849167" lon="4.561025"><ele>0</ele></trkpt>
   <trkpt lat="51.848975" lon="4.561369"><ele>0</ele></trkpt>
   <trkpt lat="51.848529" lon="4.562191"><ele>0</ele></trkpt>
   <trkpt lat="51.848222" lon="4.562781"><ele>0</ele></trkpt>
   <trkpt lat="51.847937" lon="4.56335"><ele>0</ele></trkpt>
   <trkpt lat="51.84748" lon="4.564298"><ele>0</ele></trkpt>
   <trkpt lat="51.847092" lon="4.565142"><ele>0</ele></trkpt>
   <trkpt lat="51.846737" lon="4.565955"><ele>0</ele></trkpt>
   <trkpt lat="51.846416" lon="4.566716"><ele>0</ele></trkpt>
   <trkpt lat="51.845349" lon="4.56928"><ele>0</ele></trkpt>
   <trkpt lat="51.843819" lon="4.572961"><ele>-0.25</ele></trkpt>
   <trkpt lat="51.842389" lon="4.576421"><ele>-0.5</ele></trkpt>
   <trkpt lat="51.841958" lon="4.577454"><ele>-0.5</ele></trkpt>
   <trkpt lat="51.838506" lon="4.585745"><ele>-1</ele></trkpt>
   <trkpt lat="51.836161" lon="4.591377"><ele>-0.75</ele></trkpt>
   <trkpt lat="51.835164" lon="4.593769"><ele>-0.5</ele></trkpt>
   <trkpt lat="51.831395" lon="4.602816"><ele>-0.25</ele></trkpt>
   <trkpt lat="51.830944" lon="4.603897"><ele>-0.25</ele></trkpt>
   <trkpt lat="51.830627" lon="4.604634"><ele>-0.25</ele></trkpt>
   <trkpt lat="51.829383" lon="4.607389"><ele>0</ele></trkpt>
   <trkpt lat="51.828973" lon="4.608321"><ele>0</ele></trkpt>
   <trkpt lat="51.828634" lon="4.60913"><ele>0</ele></trkpt>
   <trkpt lat="51.828266" lon="4.610035"><ele>0</ele></trkpt>
   <trkpt lat="51.827665" lon="4.611522"><ele>0</ele></trkpt>
   <trkpt lat="51.825127" lon="4.617628"><ele>0.25</ele></trkpt>
   <trkpt lat="51.823833" lon="4.620881"><ele>0.5</ele></trkpt>
   <trkpt lat="51.823384" lon="4.621994"><ele>0.75</ele></trkpt>
   <trkpt lat="51.823332" lon="4.622118"><ele>0.75</ele></trkpt>
   <trkpt lat="51.82305" lon="4.622801"><ele>0.75</ele></trkpt>
   <trkpt lat="51.82232" lon="4.624566"><ele>0.75</ele></trkpt>
   <trkpt lat="51.822188" lon="4.624881"><ele>0.75</ele></trkpt>
   <trkpt lat="51.822057" lon="4.625189"><ele>0.75</ele></trkpt>
   <trkpt lat="51.82128" lon="4.627009"><ele>1</ele></trkpt>
   <trkpt lat="51.820627" lon="4.628573"><ele>1</ele></trkpt>
   <trkpt lat="51.8199" lon="4.630257"><ele>1.25</ele></trkpt>
   <trkpt lat="51.818757" lon="4.63299"><ele>1.25</ele></trkpt>
   <trkpt lat="51.818626" lon="4.633303"><ele>1.5</ele></trkpt>
   <trkpt lat="51.817991" lon="4.634827"><ele>0.5</ele></trkpt>
   <trkpt lat="51.816666" lon="4.637996"><ele>3</ele></trkpt>
   <trkpt lat="51.816304" lon="4.638881"><ele>1.75</ele></trkpt>
   <trkpt lat="51.816171" lon="4.639201"><ele>2.5</ele></trkpt>
   <trkpt lat="51.816078" lon="4.63943"><ele>0.75</ele></trkpt>
   <trkpt lat="51.815934" lon="4.639794"><ele>2</ele></trkpt>
   <trkpt lat="51.815796" lon="4.640146"><ele>2.5</ele></trkpt>
   <trkpt lat="51.815795" lon="4.64015"><ele>2.5</ele></trkpt>
   <trkpt lat="51.815599" lon="4.640651"><ele>4</ele></trkpt>
   <trkpt lat="51.815383" lon="4.641204"><ele>2.5</ele></trkpt>
   <trkpt lat="51.815042" lon="4.642049"><ele>4.5</ele></trkpt>
   <trkpt lat="51.81504" lon="4.642055"><ele>4.25</ele></trkpt>
   <trkpt lat="51.814462" lon="4.643389"><ele>2.75</ele></trkpt>
   <trkpt lat="51.814415" lon="4.6435"><ele>2.75</ele></trkpt>
   <trkpt lat="51.814251" lon="4.64389"><ele>2.25</ele></trkpt>
   <trkpt lat="51.813903" lon="4.64476"><ele>1.25</ele></trkpt>
   <trkpt lat="51.813895" lon="4.644781"><ele>1</ele></trkpt>
   <trkpt lat="51.813813" lon="4.644993"><ele>0.75</ele></trkpt>
   <trkpt lat="51.813487" lon="4.645852"><ele>1</ele></trkpt>
   <trkpt lat="51.813401" lon="4.646078"><ele>4.25</ele></trkpt>
   <trkpt lat="51.813062" lon="4.64695"><ele>8.75</ele></trkpt>
   <trkpt lat="51.812753" lon="4.647704"><ele>9.75</ele></trkpt>
   <trkpt lat="51.812638" lon="4.647979"><ele>8.5</ele></trkpt>
   <trkpt lat="51.812598" lon="4.648075"><ele>8.75</ele></trkpt>
   <trkpt lat="51.812521" lon="4.648261"><ele>9.75</ele></trkpt>
   <trkpt lat="51.812493" lon="4.648328"><ele>9.75</ele></trkpt>
   <trkpt lat="51.811077" lon="4.651722"><ele>1</ele></trkpt>
   <trkpt lat="51.810792" lon="4.652409"><ele>2.75</ele></trkpt>
   <trkpt lat="51.810467" lon="4.653181"><ele>5</ele></trkpt>
   <trkpt lat="51.810439" lon="4.653246"><ele>5.25</ele></trkpt>
   <trkpt lat="51.81012" lon="4.653943"><ele>7.5</ele></trkpt>
   <trkpt lat="51.810038" lon="4.654116"><ele>7.5</ele></trkpt>
   <trkpt lat="51.809761" lon="4.654707"><ele>7.25</ele></trkpt>
   <trkpt lat="51.809499" lon="4.655295"><ele>6.75</ele></trkpt>
   <trkpt lat="51.809146" lon="4.656154"><ele>6.5</ele></trkpt>
   <trkpt lat="51.809042" lon="4.656432"><ele>5.25</ele></trkpt>
   <trkpt lat="51.808912" lon="4.656812"><ele>5.75</ele></trkpt>
   <trkpt lat="51.808804" lon="4.657158"><ele>4.5</ele></trkpt>
   <trkpt lat="51.808703" lon="4.65752"><ele>3.75</ele></trkpt>
   <trkpt lat="51.808626" lon="4.657818"><ele>4.5</ele></trkpt>
   <trkpt lat="51.808534" lon="4.658223"><ele>3.75</ele></trkpt>
   <trkpt lat="51.808449" lon="4.658647"><ele>3</ele></trkpt>
   <trkpt lat="51.808386" lon="4.659019"><ele>2.5</ele></trkpt>
   <trkpt lat="51.808369" lon="4.65913"><ele>2.25</ele></trkpt>
   <trkpt lat="51.808349" lon="4.659272"><ele>2</ele></trkpt>
   <trkpt lat="51.80829" lon="4.659725"><ele>1.25</ele></trkpt>
   <trkpt lat="51.808234" lon="4.660227"><ele>1.25</ele></trkpt>
   <trkpt lat="51.808175" lon="4.660615"><ele>1.5</ele></trkpt>
   <trkpt lat="51.808111" lon="4.660956"><ele>1.75</ele></trkpt>
   <trkpt lat="51.808041" lon="4.661336"><ele>2</ele></trkpt>
   <trkpt lat="51.807973" lon="4.661713"><ele>2</ele></trkpt>
   <trkpt lat="51.807867" lon="4.662285"><ele>1.75</ele></trkpt>
   <trkpt lat="51.807729" lon="4.663029"><ele>1.5</ele></trkpt>
   <trkpt lat="51.80765" lon="4.663737"><ele>1.25</ele></trkpt>
   <trkpt lat="51.807562" lon="4.664437"><ele>1</ele></trkpt>
   <trkpt lat="51.807482" lon="4.664945"><ele>1</ele></trkpt>
   <trkpt lat="51.807387" lon="4.665493"><ele>0.75</ele></trkpt>
   <trkpt lat="51.807285" lon="4.666152"><ele>0.75</ele></trkpt>
   <trkpt lat="51.80722" lon="4.666681"><ele>0.75</ele></trkpt>
   <trkpt lat="51.80702" lon="4.668489"><ele>0.75</ele></trkpt>
   <trkpt lat="51.806964" lon="4.668995"><ele>0.75</ele></trkpt>
   <trkpt lat="51.806925" lon="4.669345"><ele>0.75</ele></trkpt>
   <trkpt lat="51.806885" lon="4.669706"><ele>0.75</ele></trkpt>
   <trkpt lat="51.806862" lon="4.669918"><ele>0.75</ele></trkpt>
   <trkpt lat="51.806859" lon="4.66995"><ele>0.75</ele></trkpt>
   <trkpt lat="51.806844" lon="4.670099"><ele>0.75</ele></trkpt>
   <trkpt lat="51.806809" lon="4.670504"><ele>0.75</ele></trkpt>
   <trkpt lat="51.806755" lon="4.671348"><ele>0.75</ele></trkpt>
   <trkpt lat="51.806714" lon="4.671968"><ele>0.75</ele></trkpt>
   <trkpt lat="51.806633" lon="4.672735"><ele>0.75</ele></trkpt>
   <trkpt lat="51.806617" lon="4.672986"><ele>0.75</ele></trkpt>
   <trkpt lat="51.806593" lon="4.67335"><ele>0.75</ele></trkpt>
   <trkpt lat="51.806554" lon="4.673785"><ele>0.75</ele></trkpt>
   <trkpt lat="51.806485" lon="4.6743"><ele>0.75</ele></trkpt>
   <trkpt lat="51.806449" lon="4.674513"><ele>0.75</ele></trkpt>
   <trkpt lat="51.806386" lon="4.674827"><ele>0.75</ele></trkpt>
   <trkpt lat="51.806284" lon="4.675243"><ele>0.75</ele></trkpt>
   <trkpt lat="51.80622" lon="4.675463"><ele>0.75</ele></trkpt>
   <trkpt lat="51.806199" lon="4.67553"><ele>0.75</ele></trkpt>
   <trkpt lat="51.806069" lon="4.675902"><ele>0.75</ele></trkpt>
   <trkpt lat="51.805957" lon="4.676178"><ele>0.75</ele></trkpt>
   <trkpt lat="51.80587" lon="4.676369"><ele>0.75</ele></trkpt>
   <trkpt lat="51.805755" lon="4.6766"><ele>0.75</ele></trkpt>
   <trkpt lat="51.80566" lon="4.676774"><ele>0.75</ele></trkpt>
   <trkpt lat="51.805579" lon="4.676911"><ele>0.75</ele></trkpt>
   <trkpt lat="51.805433" lon="4.677135"><ele>0.75</ele></trkpt>
   <trkpt lat="51.805298" lon="4.67732"><ele>0.75</ele></trkpt>
   <trkpt lat="51.805117" lon="4.677541"><ele>0.75</ele></trkpt>
   <trkpt lat="51.804909" lon="4.67776"><ele>0.75</ele></trkpt>
   <trkpt lat="51.804684" lon="4.677961"><ele>0.75</ele></trkpt>
   <trkpt lat="51.804648" lon="4.67799"><ele>0.75</ele></trkpt>
   <trkpt lat="51.804436" lon="4.678145"><ele>0.75</ele></trkpt>
   <trkpt lat="51.804223" lon="4.678274"><ele>0.75</ele></trkpt>
   <trkpt lat="51.804055" lon="4.678359"><ele>0.75</ele></trkpt>
   <trkpt lat="51.803907" lon="4.678422"><ele>0.75</ele></trkpt>
   <trkpt lat="51.803667" lon="4.678505"><ele>0.75</ele></trkpt>
   <trkpt lat="51.803455" lon="4.678561"><ele>0.75</ele></trkpt>
   <trkpt lat="51.803241" lon="4.678602"><ele>0.75</ele></trkpt>
   <trkpt lat="51.803007" lon="4.678626"><ele>0.75</ele></trkpt>
   <trkpt lat="51.802793" lon="4.678632"><ele>0.75</ele></trkpt>
   <trkpt lat="51.80249" lon="4.678608"><ele>0.75</ele></trkpt>
   <trkpt lat="51.802484" lon="4.678607"><ele>0.75</ele></trkpt>
   <trkpt lat="51.802159" lon="4.678545"><ele>0.75</ele></trkpt>
   <trkpt lat="51.801909" lon="4.678472"><ele>0.75</ele></trkpt>
   <trkpt lat="51.801529" lon="4.67833"><ele>0.5</ele></trkpt>
   <trkpt lat="51.800878" lon="4.678057"><ele>0.5</ele></trkpt>
   <trkpt lat="51.800193" lon="4.677828"><ele>0.5</ele></trkpt>
   <trkpt lat="51.799772" lon="4.677672"><ele>0.5</ele></trkpt>
   <trkpt lat="51.799445" lon="4.677531"><ele>0.5</ele></trkpt>
   <trkpt lat="51.799444" lon="4.677531"><ele>0.5</ele></trkpt>
   <trkpt lat="51.799297" lon="4.677467"><ele>0.5</ele></trkpt>
   <trkpt lat="51.799251" lon="4.677446"><ele>0.5</ele></trkpt>
   <trkpt lat="51.799024" lon="4.677348"><ele>0.5</ele></trkpt>
   <trkpt lat="51.797349" lon="4.676621"><ele>0.5</ele></trkpt>
   <trkpt lat="51.796995" lon="4.676468"><ele>0.5</ele></trkpt>
   <trkpt lat="51.79665" lon="4.676315"><ele>0.5</ele></trkpt>
   <trkpt lat="51.796207" lon="4.676108"><ele>0.5</ele></trkpt>
   <trkpt lat="51.795629" lon="4.675815"><ele>0.5</ele></trkpt>
   <trkpt lat="51.795233" lon="4.675598"><ele>0.5</ele></trkpt>
   <trkpt lat="51.794694" lon="4.675274"><ele>0.5</ele></trkpt>
   <trkpt lat="51.794254" lon="4.674987"><ele>0.5</ele></trkpt>
   <trkpt lat="51.793721" lon="4.674609"><ele>0.5</ele></trkpt>
   <trkpt lat="51.793255" lon="4.674251"><ele>0.5</ele></trkpt>
   <trkpt lat="51.792878" lon="4.673942"><ele>0.5</ele></trkpt>
   <trkpt lat="51.792748" lon="4.673832"><ele>0.5</ele></trkpt>
   <trkpt lat="51.791924" lon="4.673111"><ele>0.5</ele></trkpt>
   <trkpt lat="51.790271" lon="4.671633"><ele>0.5</ele></trkpt>
   <trkpt lat="51.789659" lon="4.671086"><ele>0.75</ele></trkpt>
   <trkpt lat="51.789613" lon="4.671045"><ele>0.75</ele></trkpt>
   <trkpt lat="51.78846" lon="4.670013"><ele>0.75</ele></trkpt>
   <trkpt lat="51.78476" lon="4.6667"><ele>1.25</ele></trkpt>
   <trkpt lat="51.784688" lon="4.666634"><ele>1.25</ele></trkpt>
   <trkpt lat="51.784608" lon="4.666562"><ele>1.25</ele></trkpt>
   <trkpt lat="51.784546" lon="4.666506"><ele>1.25</ele></trkpt>
   <trkpt lat="51.780822" lon="4.663176"><ele>1.75</ele></trkpt>
   <trkpt lat="51.777038" lon="4.65979"><ele>2.25</ele></trkpt>
   <trkpt lat="51.77696" lon="4.659721"><ele>2.25</ele></trkpt>
   <trkpt lat="51.776825" lon="4.6596"><ele>2.25</ele></trkpt>
   <trkpt lat="51.776771" lon="4.659552"><ele>2.25</ele></trkpt>
   <trkpt lat="51.771943" lon="4.655232"><ele>2.75</ele></trkpt>
   <trkpt lat="51.7713" lon="4.654658"><ele>2.75</ele></trkpt>
   <trkpt lat="51.767967" lon="4.651684"><ele>3.25</ele></trkpt>
   <trkpt lat="51.767516" lon="4.651299"><ele>3.25</ele></trkpt>
   <trkpt lat="51.767126" lon="4.650983"><ele>3.25</ele></trkpt>
   <trkpt lat="51.766606" lon="4.650589"><ele>3.5</ele></trkpt>
   <trkpt lat="51.766286" lon="4.650363"><ele>3.5</ele></trkpt>
   <trkpt lat="51.76579" lon="4.650035"><ele>3.5</ele></trkpt>
   <trkpt lat="51.7653" lon="4.649735"><ele>3.5</ele></trkpt>
   <trkpt lat="51.764931" lon="4.649523"><ele>3.5</ele></trkpt>
   <trkpt lat="51.764429" lon="4.64925"><ele>3.25</ele></trkpt>
   <trkpt lat="51.759565" lon="4.646712"><ele>3.25</ele></trkpt>
   <trkpt lat="51.755777" lon="4.644737"><ele>3</ele></trkpt>
   <trkpt lat="51.748467" lon="4.640926"><ele>2.75</ele></trkpt>
   <trkpt lat="51.747539" lon="4.64044"><ele>2.75</ele></trkpt>
   <trkpt lat="51.744821" lon="4.639024"><ele>2.75</ele></trkpt>
   <trkpt lat="51.744369" lon="4.638787"><ele>2.75</ele></trkpt>
   <trkpt lat="51.743846" lon="4.638576"><ele>2.75</ele></trkpt>
   <trkpt lat="51.74354" lon="4.638418"><ele>2.75</ele></trkpt>
   <trkpt lat="51.743002" lon="4.638135"><ele>2.75</ele></trkpt>
   <trkpt lat="51.741612" lon="4.637417"><ele>3</ele></trkpt>
   <trkpt lat="51.740833" lon="4.637033"><ele>3</ele></trkpt>
   <trkpt lat="51.740366" lon="4.636824"><ele>2</ele></trkpt>
   <trkpt lat="51.739734" lon="4.636577"><ele>2</ele></trkpt>
   <trkpt lat="51.73918" lon="4.63639"><ele>2</ele></trkpt>
   <trkpt lat="51.73851" lon="4.636203"><ele>2</ele></trkpt>
   <trkpt lat="51.737869" lon="4.636065"><ele>2</ele></trkpt>
   <trkpt lat="51.737392" lon="4.635985"><ele>2</ele></trkpt>
   <trkpt lat="51.737066" lon="4.635944"><ele>2</ele></trkpt>
   <trkpt lat="51.736488" lon="4.635892"><ele>2.25</ele></trkpt>
   <trkpt lat="51.735883" lon="4.635873"><ele>2.5</ele></trkpt>
   <trkpt lat="51.735875" lon="4.635873"><ele>2.5</ele></trkpt>
   <trkpt lat="51.735208" lon="4.635886"><ele>2.75</ele></trkpt>
   <trkpt lat="51.734522" lon="4.635945"><ele>3.25</ele></trkpt>
   <trkpt lat="51.734027" lon="4.636012"><ele>3.5</ele></trkpt>
   <trkpt lat="51.733695" lon="4.636069"><ele>3.5</ele></trkpt>
   <trkpt lat="51.732974" lon="4.636231"><ele>3.75</ele></trkpt>
   <trkpt lat="51.732347" lon="4.63641"><ele>4.25</ele></trkpt>
   <trkpt lat="51.73175" lon="4.636616"><ele>4.25</ele></trkpt>
   <trkpt lat="51.731183" lon="4.636844"><ele>3.75</ele></trkpt>
   <trkpt lat="51.73053" lon="4.637144"><ele>4.25</ele></trkpt>
   <trkpt lat="51.729985" lon="4.637431"><ele>4.25</ele></trkpt>
   <trkpt lat="51.729375" lon="4.637785"><ele>4.75</ele></trkpt>
   <trkpt lat="51.729059" lon="4.63798"><ele>4.5</ele></trkpt>
   <trkpt lat="51.728138" lon="4.638581"><ele>5.25</ele></trkpt>
   <trkpt lat="51.724743" lon="4.640817"><ele>7.5</ele></trkpt>
   <trkpt lat="51.724736" lon="4.640821"><ele>7.25</ele></trkpt>
   <trkpt lat="51.723596" lon="4.641571"><ele>7.25</ele></trkpt>
   <trkpt lat="51.719324" lon="4.644387"><ele>7</ele></trkpt>
   <trkpt lat="51.71825" lon="4.645092"><ele>7</ele></trkpt>
   <trkpt lat="51.718084" lon="4.645202"><ele>7</ele></trkpt>
   <trkpt lat="51.717996" lon="4.645259"><ele>7</ele></trkpt>
   <trkpt lat="51.715536" lon="4.646878"><ele>6.75</ele></trkpt>
   <trkpt lat="51.714598" lon="4.647497"><ele>6.75</ele></trkpt>
   <trkpt lat="51.713126" lon="4.648464"><ele>6.75</ele></trkpt>
   <trkpt lat="51.712602" lon="4.648809"><ele>6.5</ele></trkpt>
   <trkpt lat="51.711732" lon="4.649317"><ele>6</ele></trkpt>
   <trkpt lat="51.711014" lon="4.649793"><ele>5.25</ele></trkpt>
   <trkpt lat="51.710159" lon="4.650361"><ele>3.25</ele></trkpt>
   <trkpt lat="51.709902" lon="4.650533"><ele>2.5</ele></trkpt>
   <trkpt lat="51.708636" lon="4.651379"><ele>4.75</ele></trkpt>
   <trkpt lat="51.705495" lon="4.653451"><ele>3</ele></trkpt>
   <trkpt lat="51.705286" lon="4.653589"><ele>2.75</ele></trkpt>
   <trkpt lat="51.702829" lon="4.655204"><ele>1.5</ele></trkpt>
   <trkpt lat="51.70261" lon="4.655348"><ele>1.5</ele></trkpt>
   <trkpt lat="51.70244" lon="4.655459"><ele>1.25</ele></trkpt>
   <trkpt lat="51.701906" lon="4.655809"><ele>1.25</ele></trkpt>
   <trkpt lat="51.700892" lon="4.656474"><ele>1.25</ele></trkpt>
   <trkpt lat="51.700706" lon="4.656596"><ele>1.25</ele></trkpt>
   <trkpt lat="51.697644" lon="4.658603"><ele>1</ele></trkpt>
   <trkpt lat="51.694255" lon="4.660819"><ele>1</ele></trkpt>
   <trkpt lat="51.693678" lon="4.661197"><ele>1</ele></trkpt>
   <trkpt lat="51.692262" lon="4.662128"><ele>1</ele></trkpt>
   <trkpt lat="51.690206" lon="4.663481"><ele>1</ele></trkpt>
   <trkpt lat="51.690074" lon="4.663568"><ele>1</ele></trkpt>
   <trkpt lat="51.690047" lon="4.663585"><ele>1</ele></trkpt>
   <trkpt lat="51.689967" lon="4.663638"><ele>1</ele></trkpt>
   <trkpt lat="51.689959" lon="4.663644"><ele>1</ele></trkpt>
   <trkpt lat="51.689826" lon="4.663731"><ele>1</ele></trkpt>
   <trkpt lat="51.688941" lon="4.664312"><ele>1</ele></trkpt>
   <trkpt lat="51.688744" lon="4.664442"><ele>1</ele></trkpt>
   <trkpt lat="51.687905" lon="4.665056"><ele>1</ele></trkpt>
   <trkpt lat="51.687742" lon="4.665164"><ele>1</ele></trkpt>
   <trkpt lat="51.687504" lon="4.66532"><ele>1</ele></trkpt>
   <trkpt lat="51.685468" lon="4.666659"><ele>1</ele></trkpt>
   <trkpt lat="51.685318" lon="4.666758"><ele>1</ele></trkpt>
   <trkpt lat="51.68367" lon="4.667835"><ele>1</ele></trkpt>
   <trkpt lat="51.683423" lon="4.667993"><ele>1</ele></trkpt>
   <trkpt lat="51.682697" lon="4.668429"><ele>1</ele></trkpt>
   <trkpt lat="51.682301" lon="4.668643"><ele>1</ele></trkpt>
   <trkpt lat="51.682065" lon="4.668762"><ele>2</ele></trkpt>
   <trkpt lat="51.68163" lon="4.668959"><ele>4</ele></trkpt>
   <trkpt lat="51.681421" lon="4.669048"><ele>5</ele></trkpt>
   <trkpt lat="51.681224" lon="4.669124"><ele>6</ele></trkpt>
   <trkpt lat="51.680917" lon="4.669243"><ele>7.5</ele></trkpt>
   <trkpt lat="51.680376" lon="4.669422"><ele>7.5</ele></trkpt>
   <trkpt lat="51.679654" lon="4.669599"><ele>6.25</ele></trkpt>
   <trkpt lat="51.679193" lon="4.669687"><ele>1.75</ele></trkpt>
   <trkpt lat="51.678792" lon="4.669744"><ele>1.75</ele></trkpt>
   <trkpt lat="51.678331" lon="4.669789"><ele>1.75</ele></trkpt>
   <trkpt lat="51.678037" lon="4.669806"><ele>1.75</ele></trkpt>
   <trkpt lat="51.677612" lon="4.669814"><ele>2</ele></trkpt>
   <trkpt lat="51.677289" lon="4.669808"><ele>2</ele></trkpt>
   <trkpt lat="51.676958" lon="4.66979"><ele>2</ele></trkpt>
   <trkpt lat="51.67649" lon="4.669745"><ele>2</ele></trkpt>
   <trkpt lat="51.676067" lon="4.669684"><ele>2</ele></trkpt>
   <trkpt lat="51.675205" lon="4.669501"><ele>1.75</ele></trkpt>
   <trkpt lat="51.674749" lon="4.669371"><ele>1.75</ele></trkpt>
   <trkpt lat="51.67421" lon="4.669189"><ele>1.75</ele></trkpt>
   <trkpt lat="51.67361" lon="4.668947"><ele>1.75</ele></trkpt>
   <trkpt lat="51.673155" lon="4.668733"><ele>1.75</ele></trkpt>
   <trkpt lat="51.672598" lon="4.66844"><ele>1.75</ele></trkpt>
   <trkpt lat="51.672114" lon="4.668153"><ele>1.75</ele></trkpt>
   <trkpt lat="51.671614" lon="4.667826"><ele>1.75</ele></trkpt>
   <trkpt lat="51.671223" lon="4.667546"><ele>1.75</ele></trkpt>
   <trkpt lat="51.67099" lon="4.667368"><ele>1.5</ele></trkpt>
   <trkpt lat="51.670465" lon="4.666941"><ele>1.5</ele></trkpt>
   <trkpt lat="51.670181" lon="4.666693"><ele>1.5</ele></trkpt>
   <trkpt lat="51.669522" lon="4.666064"><ele>1.5</ele></trkpt>
   <trkpt lat="51.669029" lon="4.665547"><ele>1.5</ele></trkpt>
   <trkpt lat="51.668594" lon="4.665051"><ele>1.5</ele></trkpt>
   <trkpt lat="51.66816" lon="4.664521"><ele>1.5</ele></trkpt>
   <trkpt lat="51.667811" lon="4.664063"><ele>1.5</ele></trkpt>
   <trkpt lat="51.66751" lon="4.663646"><ele>1.5</ele></trkpt>
   <trkpt lat="51.667259" lon="4.663282"><ele>1.5</ele></trkpt>
   <trkpt lat="51.666826" lon="4.662613"><ele>1.25</ele></trkpt>
   <trkpt lat="51.666356" lon="4.661824"><ele>1.25</ele></trkpt>
   <trkpt lat="51.666222" lon="4.661587"><ele>1.25</ele></trkpt>
   <trkpt lat="51.665851" lon="4.660891"><ele>1.25</ele></trkpt>
   <trkpt lat="51.665469" lon="4.660119"><ele>1.25</ele></trkpt>
   <trkpt lat="51.665077" lon="4.65925"><ele>1.25</ele></trkpt>
   <trkpt lat="51.664838" lon="4.658685"><ele>1.25</ele></trkpt>
   <trkpt lat="51.664609" lon="4.658117"><ele>1.25</ele></trkpt>
   <trkpt lat="51.664074" lon="4.656741"><ele>1.25</ele></trkpt>
   <trkpt lat="51.661387" lon="4.649761"><ele>1</ele></trkpt>
   <trkpt lat="51.65685" lon="4.637972"><ele>0.5</ele></trkpt>
   <trkpt lat="51.655895" lon="4.63549"><ele>0.5</ele></trkpt>
   <trkpt lat="51.654255" lon="4.63123"><ele>0.25</ele></trkpt>
   <trkpt lat="51.651459" lon="4.623965"><ele>0</ele></trkpt>
   <trkpt lat="51.651333" lon="4.62364"><ele>0</ele></trkpt>
   <trkpt lat="51.65075" lon="4.622148"><ele>0</ele></trkpt>
   <trkpt lat="51.650376" lon="4.621274"><ele>0</ele></trkpt>
   <trkpt lat="51.650174" lon="4.620839"><ele>0</ele></trkpt>
   <trkpt lat="51.649754" lon="4.619985"><ele>0</ele></trkpt>
   <trkpt lat="51.649569" lon="4.619632"><ele>0</ele></trkpt>
   <trkpt lat="51.649212" lon="4.618987"><ele>0</ele></trkpt>
   <trkpt lat="51.648889" lon="4.618442"><ele>0</ele></trkpt>
   <trkpt lat="51.648554" lon="4.61791"><ele>0</ele></trkpt>
   <trkpt lat="51.648119" lon="4.617265"><ele>0</ele></trkpt>
   <trkpt lat="51.647714" lon="4.616708"><ele>0</ele></trkpt>
   <trkpt lat="51.647319" lon="4.616202"><ele>0</ele></trkpt>
   <trkpt lat="51.646867" lon="4.615661"><ele>0</ele></trkpt>
   <trkpt lat="51.646798" lon="4.615581"><ele>0</ele></trkpt>
   <trkpt lat="51.646725" lon="4.6155"><ele>0</ele></trkpt>
   <trkpt lat="51.646026" lon="4.614764"><ele>0</ele></trkpt>
   <trkpt lat="51.64236" lon="4.611128"><ele>0</ele></trkpt>
   <trkpt lat="51.642305" lon="4.611073"><ele>0</ele></trkpt>
   <trkpt lat="51.642259" lon="4.611033"><ele>0</ele></trkpt>
   <trkpt lat="51.642227" lon="4.611"><ele>0</ele></trkpt>
   <trkpt lat="51.641406" lon="4.610182"><ele>0</ele></trkpt>
   <trkpt lat="51.641369" lon="4.610144"><ele>0</ele></trkpt>
   <trkpt lat="51.641276" lon="4.610052"><ele>0.25</ele></trkpt>
   <trkpt lat="51.640247" lon="4.609031"><ele>0.25</ele></trkpt>
   <trkpt lat="51.640202" lon="4.608987"><ele>0.25</ele></trkpt>
   <trkpt lat="51.640142" lon="4.608927"><ele>0.25</ele></trkpt>
   <trkpt lat="51.639634" lon="4.608422"><ele>0.25</ele></trkpt>
   <trkpt lat="51.633111" lon="4.601952"><ele>0.5</ele></trkpt>
   <trkpt lat="51.632595" lon="4.60144"><ele>0.5</ele></trkpt>
   <trkpt lat="51.63232" lon="4.601167"><ele>0.5</ele></trkpt>
   <trkpt lat="51.630941" lon="4.599799"><ele>0.5</ele></trkpt>
   <trkpt lat="51.630916" lon="4.599774"><ele>0.5</ele></trkpt>
   <trkpt lat="51.627885" lon="4.59677"><ele>0.75</ele></trkpt>
   <trkpt lat="51.624866" lon="4.593776"><ele>0.75</ele></trkpt>
   <trkpt lat="51.624467" lon="4.593377"><ele>0.75</ele></trkpt>
   <trkpt lat="51.624243" lon="4.593155"><ele>1</ele></trkpt>
   <trkpt lat="51.623075" lon="4.591993"><ele>0.75</ele></trkpt>
   <trkpt lat="51.622714" lon="4.591622"><ele>0.75</ele></trkpt>
   <trkpt lat="51.622335" lon="4.591212"><ele>0.75</ele></trkpt>
   <trkpt lat="51.622055" lon="4.590894"><ele>0.75</ele></trkpt>
   <trkpt lat="51.621731" lon="4.590507"><ele>0.75</ele></trkpt>
   <trkpt lat="51.621505" lon="4.590229"><ele>0.75</ele></trkpt>
   <trkpt lat="51.621236" lon="4.589882"><ele>0.75</ele></trkpt>
   <trkpt lat="51.621226" lon="4.58987"><ele>0.75</ele></trkpt>
   <trkpt lat="51.620873" lon="4.589397"><ele>0.75</ele></trkpt>
   <trkpt lat="51.620576" lon="4.588978"><ele>0.75</ele></trkpt>
   <trkpt lat="51.620287" lon="4.588551"><ele>0.75</ele></trkpt>
   <trkpt lat="51.619853" lon="4.587874"><ele>0.75</ele></trkpt>
   <trkpt lat="51.619383" lon="4.587093"><ele>0.75</ele></trkpt>
   <trkpt lat="51.618095" lon="4.584896"><ele>0.75</ele></trkpt>
   <trkpt lat="51.610247" lon="4.571529"><ele>1.25</ele></trkpt>
   <trkpt lat="51.608081" lon="4.567841"><ele>1.5</ele></trkpt>
   <trkpt lat="51.60247" lon="4.558292"><ele>1.75</ele></trkpt>
   <trkpt lat="51.60093" lon="4.555672"><ele>2</ele></trkpt>
   <trkpt lat="51.600744" lon="4.555355"><ele>2</ele></trkpt>
   <trkpt lat="51.599229" lon="4.552777"><ele>1.75</ele></trkpt>
   <trkpt lat="51.595002" lon="4.545584"><ele>2</ele></trkpt>
   <trkpt lat="51.591572" lon="4.539749"><ele>3.75</ele></trkpt>
   <trkpt lat="51.591571" lon="4.539747"><ele>3.75</ele></trkpt>
   <trkpt lat="51.589021" lon="4.535411"><ele>3</ele></trkpt>
   <trkpt lat="51.588919" lon="4.535238"><ele>3</ele></trkpt>
   <trkpt lat="51.588643" lon="4.53477"><ele>3</ele></trkpt>
   <trkpt lat="51.588586" lon="4.534673"><ele>3</ele></trkpt>
   <trkpt lat="51.588513" lon="4.534549"><ele>3</ele></trkpt>
   <trkpt lat="51.588154" lon="4.533939"><ele>3</ele></trkpt>
   <trkpt lat="51.587996" lon="4.53367"><ele>3</ele></trkpt>
   <trkpt lat="51.58781" lon="4.533354"><ele>3</ele></trkpt>
   <trkpt lat="51.5842" lon="4.527223"><ele>1.75</ele></trkpt>
   <trkpt lat="51.584057" lon="4.526979"><ele>2</ele></trkpt>
   <trkpt lat="51.584011" lon="4.526901"><ele>2</ele></trkpt>
   <trkpt lat="51.583565" lon="4.526143"><ele>1.5</ele></trkpt>
   <trkpt lat="51.583463" lon="4.525969"><ele>1.25</ele></trkpt>
   <trkpt lat="51.582281" lon="4.523954"><ele>1.75</ele></trkpt>
   <trkpt lat="51.580892" lon="4.521595"><ele>2.25</ele></trkpt>
   <trkpt lat="51.580614" lon="4.521123"><ele>2.75</ele></trkpt>
   <trkpt lat="51.580474" lon="4.520885"><ele>3</ele></trkpt>
   <trkpt lat="51.578846" lon="4.51812"><ele>2.75</ele></trkpt>
   <trkpt lat="51.577255" lon="4.515414"><ele>3.25</ele></trkpt>
   <trkpt lat="51.577135" lon="4.51521"><ele>3.25</ele></trkpt>
   <trkpt lat="51.573217" lon="4.508558"><ele>3.5</ele></trkpt>
   <trkpt lat="51.570199" lon="4.503432"><ele>5</ele></trkpt>
   <trkpt lat="51.564193" lon="4.493242"><ele>3.5</ele></trkpt>
   <trkpt lat="51.564097" lon="4.493079"><ele>3</ele></trkpt>
   <trkpt lat="51.560304" lon="4.486648"><ele>3.75</ele></trkpt>
   <trkpt lat="51.556532" lon="4.480254"><ele>4.75</ele></trkpt>
   <trkpt lat="51.556397" lon="4.480024"><ele>5.75</ele></trkpt>
   <trkpt lat="51.553297" lon="4.474768"><ele>5.5</ele></trkpt>
   <trkpt lat="51.553268" lon="4.474719"><ele>5.75</ele></trkpt>
   <trkpt lat="51.553161" lon="4.474538"><ele>5</ele></trkpt>
   <trkpt lat="51.553133" lon="4.474492"><ele>5</ele></trkpt>
   <trkpt lat="51.552628" lon="4.473644"><ele>5.75</ele></trkpt>
   <trkpt lat="51.552558" lon="4.473527"><ele>5.75</ele></trkpt>
   <trkpt lat="51.552486" lon="4.473411"><ele>5.75</ele></trkpt>
   <trkpt lat="51.552317" lon="4.473145"><ele>5</ele></trkpt>
   <trkpt lat="51.552084" lon="4.472807"><ele>5</ele></trkpt>
   <trkpt lat="51.551952" lon="4.472632"><ele>5.5</ele></trkpt>
   <trkpt lat="51.551713" lon="4.472336"><ele>5.5</ele></trkpt>
   <trkpt lat="51.551364" lon="4.471956"><ele>5</ele></trkpt>
   <trkpt lat="51.551206" lon="4.471799"><ele>5</ele></trkpt>
   <trkpt lat="51.550891" lon="4.471519"><ele>5</ele></trkpt>
   <trkpt lat="51.550652" lon="4.471332"><ele>5</ele></trkpt>
   <trkpt lat="51.550393" lon="4.471147"><ele>5</ele></trkpt>
   <trkpt lat="51.550204" lon="4.47102"><ele>4.75</ele></trkpt>
   <trkpt lat="51.550129" lon="4.47097"><ele>4.75</ele></trkpt>
   <trkpt lat="51.548377" lon="4.469821"><ele>4.75</ele></trkpt>
   <trkpt lat="51.548368" lon="4.469816"><ele>4.75</ele></trkpt>
   <trkpt lat="51.547971" lon="4.469537"><ele>4.25</ele></trkpt>
   <trkpt lat="51.547709" lon="4.469332"><ele>4.5</ele></trkpt>
   <trkpt lat="51.547311" lon="4.468989"><ele>5</ele></trkpt>
   <trkpt lat="51.547059" lon="4.468749"><ele>5</ele></trkpt>
   <trkpt lat="51.546831" lon="4.468515"><ele>5</ele></trkpt>
   <trkpt lat="51.546393" lon="4.46802"><ele>4</ele></trkpt>
   <trkpt lat="51.546157" lon="4.467726"><ele>4</ele></trkpt>
   <trkpt lat="51.545939" lon="4.467435"><ele>4.25</ele></trkpt>
   <trkpt lat="51.545736" lon="4.467143"><ele>4</ele></trkpt>
   <trkpt lat="51.545487" lon="4.46676"><ele>4</ele></trkpt>
   <trkpt lat="51.544691" lon="4.465473"><ele>4</ele></trkpt>
   <trkpt lat="51.544548" lon="4.465288"><ele>4</ele></trkpt>
   <trkpt lat="51.544406" lon="4.465104"><ele>4</ele></trkpt>
   <trkpt lat="51.544123" lon="4.464737"><ele>4</ele></trkpt>
   <trkpt lat="51.543811" lon="4.464232"><ele>4</ele></trkpt>
   <trkpt lat="51.543754" lon="4.464138"><ele>4</ele></trkpt>
   <trkpt lat="51.543705" lon="4.46406"><ele>4</ele></trkpt>
   <trkpt lat="51.542377" lon="4.461907"><ele>4</ele></trkpt>
   <trkpt lat="51.542355" lon="4.461873"><ele>4</ele></trkpt>
   <trkpt lat="51.541973" lon="4.461253"><ele>4</ele></trkpt>
   <trkpt lat="51.541895" lon="4.461126"><ele>4</ele></trkpt>
   <trkpt lat="51.541817" lon="4.460999"><ele>4</ele></trkpt>
   <trkpt lat="51.541715" lon="4.460834"><ele>4</ele></trkpt>
   <trkpt lat="51.54138" lon="4.460292"><ele>4</ele></trkpt>
   <trkpt lat="51.541038" lon="4.459738"><ele>4</ele></trkpt>
   <trkpt lat="51.54098" lon="4.459644"><ele>4</ele></trkpt>
   <trkpt lat="51.540821" lon="4.459386"><ele>4</ele></trkpt>
   <trkpt lat="51.540637" lon="4.459088"><ele>4</ele></trkpt>
   <trkpt lat="51.540556" lon="4.458959"><ele>4</ele></trkpt>
   <trkpt lat="51.540372" lon="4.458613"><ele>4</ele></trkpt>
   <trkpt lat="51.540311" lon="4.458488"><ele>3.75</ele></trkpt>
   <trkpt lat="51.540196" lon="4.45828"><ele>4</ele></trkpt>
   <trkpt lat="51.540106" lon="4.458137"><ele>4</ele></trkpt>
   <trkpt lat="51.539354" lon="4.456923"><ele>4.25</ele></trkpt>
   <trkpt lat="51.539072" lon="4.456481"><ele>4.25</ele></trkpt>
   <trkpt lat="51.538827" lon="4.456119"><ele>4</ele></trkpt>
   <trkpt lat="51.538695" lon="4.455937"><ele>4.25</ele></trkpt>
   <trkpt lat="51.538436" lon="4.455604"><ele>4</ele></trkpt>
   <trkpt lat="51.538302" lon="4.455443"><ele>3.75</ele></trkpt>
   <trkpt lat="51.537894" lon="4.454953"><ele>3.5</ele></trkpt>
   <trkpt lat="51.537722" lon="4.45475"><ele>3.5</ele></trkpt>
   <trkpt lat="51.53747" lon="4.45448"><ele>3.75</ele></trkpt>
   <trkpt lat="51.537144" lon="4.454165"><ele>3.5</ele></trkpt>
   <trkpt lat="51.536888" lon="4.453942"><ele>3.5</ele></trkpt>
   <trkpt lat="51.536579" lon="4.453711"><ele>3</ele></trkpt>
   <trkpt lat="51.536351" lon="4.453562"><ele>3</ele></trkpt>
   <trkpt lat="51.536017" lon="4.453374"><ele>3</ele></trkpt>
   <trkpt lat="51.53543" lon="4.453078"><ele>3</ele></trkpt>
   <trkpt lat="51.534904" lon="4.452811"><ele>2.75</ele></trkpt>
   <trkpt lat="51.534531" lon="4.452624"><ele>3</ele></trkpt>
   <trkpt lat="51.533786" lon="4.452244"><ele>2.75</ele></trkpt>
   <trkpt lat="51.533734" lon="4.452217"><ele>3</ele></trkpt>
   <trkpt lat="51.533624" lon="4.452155"><ele>3</ele></trkpt>
   <trkpt lat="51.533615" lon="4.45215"><ele>3</ele></trkpt>
   <trkpt lat="51.533505" lon="4.452088"><ele>2.75</ele></trkpt>
   <trkpt lat="51.53316" lon="4.451893"><ele>2.75</ele></trkpt>
   <trkpt lat="51.533147" lon="4.451886"><ele>2.75</ele></trkpt>
   <trkpt lat="51.532614" lon="4.451587"><ele>2.75</ele></trkpt>
   <trkpt lat="51.532152" lon="4.451345"><ele>2.5</ele></trkpt>
   <trkpt lat="51.531872" lon="4.451198"><ele>1.25</ele></trkpt>
   <trkpt lat="51.527642" lon="4.449022"><ele>3</ele></trkpt>
   <trkpt lat="51.526933" lon="4.448657"><ele>3</ele></trkpt>
   <trkpt lat="51.526383" lon="4.448386"><ele>3</ele></trkpt>
   <trkpt lat="51.525877" lon="4.448158"><ele>2.75</ele></trkpt>
   <trkpt lat="51.525457" lon="4.447991"><ele>3</ele></trkpt>
   <trkpt lat="51.524953" lon="4.447815"><ele>3.75</ele></trkpt>
   <trkpt lat="51.524399" lon="4.447652"><ele>3.75</ele></trkpt>
   <trkpt lat="51.523997" lon="4.44755"><ele>3.75</ele></trkpt>
   <trkpt lat="51.523854" lon="4.447519"><ele>4</ele></trkpt>
   <trkpt lat="51.523742" lon="4.447496"><ele>4</ele></trkpt>
   <trkpt lat="51.523649" lon="4.447475"><ele>4</ele></trkpt>
   <trkpt lat="51.52292" lon="4.44735"><ele>6</ele></trkpt>
   <trkpt lat="51.522417" lon="4.447289"><ele>6</ele></trkpt>
   <trkpt lat="51.521528" lon="4.447228"><ele>7</ele></trkpt>
   <trkpt lat="51.521506" lon="4.447226"><ele>7</ele></trkpt>
   <trkpt lat="51.519323" lon="4.447143"><ele>6.5</ele></trkpt>
   <trkpt lat="51.519005" lon="4.447131"><ele>7</ele></trkpt>
   <trkpt lat="51.51835" lon="4.447106"><ele>7.75</ele></trkpt>
   <trkpt lat="51.518196" lon="4.4471"><ele>8</ele></trkpt>
   <trkpt lat="51.51818" lon="4.447099"><ele>8</ele></trkpt>
   <trkpt lat="51.51778" lon="4.447085"><ele>8</ele></trkpt>
   <trkpt lat="51.516311" lon="4.447029"><ele>8.25</ele></trkpt>
   <trkpt lat="51.515263" lon="4.44699"><ele>7.75</ele></trkpt>
   <trkpt lat="51.515207" lon="4.446987"><ele>8</ele></trkpt>
   <trkpt lat="51.515154" lon="4.446985"><ele>8.25</ele></trkpt>
   <trkpt lat="51.514637" lon="4.446966"><ele>8.25</ele></trkpt>
   <trkpt lat="51.514547" lon="4.446963"><ele>8.5</ele></trkpt>
   <trkpt lat="51.513277" lon="4.446916"><ele>9</ele></trkpt>
   <trkpt lat="51.511614" lon="4.446853"><ele>9.25</ele></trkpt>
   <trkpt lat="51.511471" lon="4.446847"><ele>9.25</ele></trkpt>
   <trkpt lat="51.510914" lon="4.446827"><ele>9</ele></trkpt>
   <trkpt lat="51.510715" lon="4.446819"><ele>9</ele></trkpt>
   <trkpt lat="51.510559" lon="4.446813"><ele>9</ele></trkpt>
   <trkpt lat="51.508969" lon="4.446754"><ele>9</ele></trkpt>
   <trkpt lat="51.506044" lon="4.446644"><ele>9</ele></trkpt>
   <trkpt lat="51.502744" lon="4.44652"><ele>8</ele></trkpt>
   <trkpt lat="51.502704" lon="4.446519"><ele>8</ele></trkpt>
   <trkpt lat="51.501775" lon="4.446484"><ele>8</ele></trkpt>
   <trkpt lat="51.497009" lon="4.446305"><ele>9</ele></trkpt>
   <trkpt lat="51.495704" lon="4.446257"><ele>8.75</ele></trkpt>
   <trkpt lat="51.49296" lon="4.446154"><ele>10</ele></trkpt>
   <trkpt lat="51.488147" lon="4.445973"><ele>12</ele></trkpt>
   <trkpt lat="51.486816" lon="4.445924"><ele>13</ele></trkpt>
   <trkpt lat="51.486546" lon="4.445914"><ele>13</ele></trkpt>
   <trkpt lat="51.486503" lon="4.445912"><ele>13</ele></trkpt>
   <trkpt lat="51.483482" lon="4.4458"><ele>13.75</ele></trkpt>
   <trkpt lat="51.480654" lon="4.4457"><ele>14</ele></trkpt>
   <trkpt lat="51.480042" lon="4.4457"><ele>14</ele></trkpt>
   <trkpt lat="51.479442" lon="4.445725"><ele>14</ele></trkpt>
   <trkpt lat="51.479065" lon="4.445759"><ele>14</ele></trkpt>
   <trkpt lat="51.478742" lon="4.445797"><ele>13.75</ele></trkpt>
   <trkpt lat="51.478278" lon="4.445866"><ele>13.75</ele></trkpt>
   <trkpt lat="51.47778" lon="4.445962"><ele>13.75</ele></trkpt>
   <trkpt lat="51.477477" lon="4.446034"><ele>13.75</ele></trkpt>
   <trkpt lat="51.476845" lon="4.446209"><ele>13.5</ele></trkpt>
   <trkpt lat="51.475876" lon="4.446535"><ele>13.5</ele></trkpt>
   <trkpt lat="51.474864" lon="4.44689"><ele>13.75</ele></trkpt>
   <trkpt lat="51.473958" lon="4.447208"><ele>13.75</ele></trkpt>
   <trkpt lat="51.473472" lon="4.447378"><ele>13.5</ele></trkpt>
   <trkpt lat="51.472201" lon="4.447824"><ele>14</ele></trkpt>
   <trkpt lat="51.471815" lon="4.44796"><ele>14.25</ele></trkpt>
   <trkpt lat="51.471773" lon="4.447975"><ele>14.25</ele></trkpt>
   <trkpt lat="51.471759" lon="4.447979"><ele>14.25</ele></trkpt>
   <trkpt lat="51.471522" lon="4.448063"><ele>14.75</ele></trkpt>
   <trkpt lat="51.469256" lon="4.448859"><ele>14.5</ele></trkpt>
   <trkpt lat="51.469135" lon="4.4489"><ele>15</ele></trkpt>
   <trkpt lat="51.469111" lon="4.448909"><ele>15</ele></trkpt>
   <trkpt lat="51.4688" lon="4.449018"><ele>15</ele></trkpt>
   <trkpt lat="51.468434" lon="4.449143"><ele>14.75</ele></trkpt>
   <trkpt lat="51.468108" lon="4.449259"><ele>15</ele></trkpt>
   <trkpt lat="51.467521" lon="4.449463"><ele>15</ele></trkpt>
   <trkpt lat="51.467047" lon="4.449629"><ele>15</ele></trkpt>
   <trkpt lat="51.4665" lon="4.44982"><ele>15</ele></trkpt>
   <trkpt lat="51.464037" lon="4.450658"><ele>16</ele></trkpt>
   <trkpt lat="51.462676" lon="4.451138"><ele>16</ele></trkpt>
   <trkpt lat="51.461382" lon="4.451597"><ele>16</ele></trkpt>
   <trkpt lat="51.459901" lon="4.452119"><ele>16</ele></trkpt>
   <trkpt lat="51.459615" lon="4.45222"><ele>16</ele></trkpt>
   <trkpt lat="51.457055" lon="4.453127"><ele>15.75</ele></trkpt>
   <trkpt lat="51.457053" lon="4.453128"><ele>15.75</ele></trkpt>
   <trkpt lat="51.457013" lon="4.453142"><ele>15.75</ele></trkpt>
   <trkpt lat="51.455308" lon="4.453739"><ele>16.25</ele></trkpt>
   <trkpt lat="51.454745" lon="4.453935"><ele>16.5</ele></trkpt>
   <trkpt lat="51.452766" lon="4.454628"><ele>17.5</ele></trkpt>
   <trkpt lat="51.449179" lon="4.455881"><ele>17.75</ele></trkpt>
   <trkpt lat="51.446358" lon="4.456867"><ele>17.5</ele></trkpt>
   <trkpt lat="51.437822" lon="4.459847"><ele>18</ele></trkpt>
   <trkpt lat="51.436913" lon="4.460163"><ele>18.5</ele></trkpt>
   <trkpt lat="51.428067" lon="4.463251"><ele>18.75</ele></trkpt>
   <trkpt lat="51.427671" lon="4.463392"><ele>18.75</ele></trkpt>
   <trkpt lat="51.425485" lon="4.46415"><ele>19</ele></trkpt>
   <trkpt lat="51.425103" lon="4.464274"><ele>19</ele></trkpt>
   <trkpt lat="51.424623" lon="4.464408"><ele>18.5</ele></trkpt>
   <trkpt lat="51.424157" lon="4.464517"><ele>18.75</ele></trkpt>
   <trkpt lat="51.423748" lon="4.464596"><ele>18.25</ele></trkpt>
   <trkpt lat="51.423171" lon="4.464677"><ele>18.75</ele></trkpt>
   <trkpt lat="51.422549" lon="4.464727"><ele>18.75</ele></trkpt>
   <trkpt lat="51.406764" lon="4.465674"><ele>19</ele></trkpt>
   <trkpt lat="51.40009" lon="4.466079"><ele>20</ele></trkpt>
   <trkpt lat="51.391992" lon="4.466569"><ele>21</ele></trkpt>
   <trkpt lat="51.391642" lon="4.466587"><ele>21</ele></trkpt>
   <trkpt lat="51.391411" lon="4.466599"><ele>20.75</ele></trkpt>
   <trkpt lat="51.387177" lon="4.466858"><ele>21.5</ele></trkpt>
   <trkpt lat="51.38708" lon="4.466864"><ele>21.5</ele></trkpt>
   <trkpt lat="51.384984" lon="4.466987"><ele>21.75</ele></trkpt>
   <trkpt lat="51.384525" lon="4.467014"><ele>21.75</ele></trkpt>
   <trkpt lat="51.384348" lon="4.467024"><ele>22</ele></trkpt>
   <trkpt lat="51.379923" lon="4.46729"><ele>22.75</ele></trkpt>
   <trkpt lat="51.379362" lon="4.467303"><ele>23</ele></trkpt>
   <trkpt lat="51.379125" lon="4.467298"><ele>23</ele></trkpt>
   <trkpt lat="51.379095" lon="4.467296"><ele>23</ele></trkpt>
   <trkpt lat="51.378621" lon="4.467262"><ele>23</ele></trkpt>
   <trkpt lat="51.378203" lon="4.467212"><ele>23</ele></trkpt>
   <trkpt lat="51.377669" lon="4.467117"><ele>23.25</ele></trkpt>
   <trkpt lat="51.377348" lon="4.467041"><ele>23.5</ele></trkpt>
   <trkpt lat="51.376791" lon="4.466881"><ele>23.25</ele></trkpt>
   <trkpt lat="51.376554" lon="4.466801"><ele>23.25</ele></trkpt>
   <trkpt lat="51.376006" lon="4.466588"><ele>23.5</ele></trkpt>
   <trkpt lat="51.37546" lon="4.466337"><ele>23.75</ele></trkpt>
   <trkpt lat="51.375151" lon="4.466176"><ele>23.5</ele></trkpt>
   <trkpt lat="51.374638" lon="4.465898"><ele>24</ele></trkpt>
   <trkpt lat="51.365686" lon="4.461028"><ele>27</ele></trkpt>
   <trkpt lat="51.364535" lon="4.460403"><ele>26.5</ele></trkpt>
   <trkpt lat="51.351172" lon="4.453149"><ele>22</ele></trkpt>
   <trkpt lat="51.347848" lon="4.451345"><ele>20.75</ele></trkpt>
   <trkpt lat="51.347459" lon="4.451134"><ele>20</ele></trkpt>
   <trkpt lat="51.320985" lon="4.4368"><ele>11</ele></trkpt>
   <trkpt lat="51.320885" lon="4.436752"><ele>11</ele></trkpt>
   <trkpt lat="51.320664" lon="4.436668"><ele>11</ele></trkpt>
   <trkpt lat="51.320391" lon="4.436536"><ele>11</ele></trkpt>
   <trkpt lat="51.319988" lon="4.436316"><ele>11</ele></trkpt>
   <trkpt lat="51.319891" lon="4.436265"><ele>11</ele></trkpt>
   <trkpt lat="51.319808" lon="4.436222"><ele>11</ele></trkpt>
   <trkpt lat="51.319608" lon="4.436139"><ele>11</ele></trkpt>
   <trkpt lat="51.31942" lon="4.436075"><ele>10.75</ele></trkpt>
   <trkpt lat="51.319206" lon="4.435972"><ele>10.5</ele></trkpt>
   <trkpt lat="51.315116" lon="4.433761"><ele>9.5</ele></trkpt>
   <trkpt lat="51.314545" lon="4.433448"><ele>9.25</ele></trkpt>
   <trkpt lat="51.314116" lon="4.433154"><ele>9.75</ele></trkpt>
   <trkpt lat="51.313947" lon="4.433052"><ele>9</ele></trkpt>
   <trkpt lat="51.313824" lon="4.432989"><ele>9</ele></trkpt>
   <trkpt lat="51.313605" lon="4.432863"><ele>9</ele></trkpt>
   <trkpt lat="51.312523" lon="4.432279"><ele>9</ele></trkpt>
   <trkpt lat="51.312049" lon="4.432022"><ele>9</ele></trkpt>
   <trkpt lat="51.311577" lon="4.431773"><ele>9</ele></trkpt>
   <trkpt lat="51.311158" lon="4.43157"><ele>8.25</ele></trkpt>
   <trkpt lat="51.31071" lon="4.431379"><ele>8.25</ele></trkpt>
   <trkpt lat="51.310347" lon="4.431242"><ele>8.5</ele></trkpt>
   <trkpt lat="51.309868" lon="4.431088"><ele>8.25</ele></trkpt>
   <trkpt lat="51.309434" lon="4.430973"><ele>8</ele></trkpt>
   <trkpt lat="51.308943" lon="4.43087"><ele>8</ele></trkpt>
   <trkpt lat="51.308571" lon="4.430809"><ele>8</ele></trkpt>
   <trkpt lat="51.308345" lon="4.430783"><ele>8.75</ele></trkpt>
   <trkpt lat="51.307865" lon="4.430746"><ele>8</ele></trkpt>
   <trkpt lat="51.307335" lon="4.430737"><ele>8</ele></trkpt>
   <trkpt lat="51.307053" lon="4.430744"><ele>8</ele></trkpt>
   <trkpt lat="51.306771" lon="4.430764"><ele>8</ele></trkpt>
   <trkpt lat="51.306488" lon="4.43079"><ele>8</ele></trkpt>
   <trkpt lat="51.306175" lon="4.430831"><ele>7</ele></trkpt>
   <trkpt lat="51.30592" lon="4.430873"><ele>7.5</ele></trkpt>
   <trkpt lat="51.305367" lon="4.430991"><ele>8</ele></trkpt>
   <trkpt lat="51.305073" lon="4.431068"><ele>7.25</ele></trkpt>
   <trkpt lat="51.303795" lon="4.431436"><ele>7</ele></trkpt>
   <trkpt lat="51.299482" lon="4.432671"><ele>6</ele></trkpt>
   <trkpt lat="51.294529" lon="4.434089"><ele>5.5</ele></trkpt>
   <trkpt lat="51.293834" lon="4.43429"><ele>5.5</ele></trkpt>
   <trkpt lat="51.293103" lon="4.434443"><ele>5.75</ele></trkpt>
   <trkpt lat="51.290784" lon="4.435105"><ele>6.75</ele></trkpt>
   <trkpt lat="51.290509" lon="4.435187"><ele>6</ele></trkpt>
   <trkpt lat="51.289796" lon="4.43539"><ele>6</ele></trkpt>
   <trkpt lat="51.289426" lon="4.435485"><ele>6</ele></trkpt>
   <trkpt lat="51.289049" lon="4.435565"><ele>6</ele></trkpt>
   <trkpt lat="51.288488" lon="4.435655"><ele>6</ele></trkpt>
   <trkpt lat="51.288113" lon="4.435693"><ele>6</ele></trkpt>
   <trkpt lat="51.287673" lon="4.435718"><ele>6</ele></trkpt>
   <trkpt lat="51.28717" lon="4.435716"><ele>6</ele></trkpt>
   <trkpt lat="51.286666" lon="4.435685"><ele>5.75</ele></trkpt>
   <trkpt lat="51.286453" lon="4.435664"><ele>5.5</ele></trkpt>
   <trkpt lat="51.286015" lon="4.435601"><ele>5.75</ele></trkpt>
   <trkpt lat="51.285612" lon="4.435521"><ele>6</ele></trkpt>
   <trkpt lat="51.285052" lon="4.435381"><ele>5</ele></trkpt>
   <trkpt lat="51.284745" lon="4.435287"><ele>5.75</ele></trkpt>
   <trkpt lat="51.282286" lon="4.434479"><ele>5</ele></trkpt>
   <trkpt lat="51.268788" lon="4.430052"><ele>3.25</ele></trkpt>
   <trkpt lat="51.267537" lon="4.429644"><ele>4</ele></trkpt>
   <trkpt lat="51.267341" lon="4.42959"><ele>3.5</ele></trkpt>
   <trkpt lat="51.26693" lon="4.429495"><ele>3</ele></trkpt>
   <trkpt lat="51.26681" lon="4.429458"><ele>3.5</ele></trkpt>
   <trkpt lat="51.266686" lon="4.429419"><ele>3.75</ele></trkpt>
   <trkpt lat="51.266592" lon="4.429389"><ele>4</ele></trkpt>
   <trkpt lat="51.264051" lon="4.428555"><ele>4.5</ele></trkpt>
   <trkpt lat="51.263708" lon="4.428445"><ele>4</ele></trkpt>
   <trkpt lat="51.261382" lon="4.427681"><ele>4</ele></trkpt>
   <trkpt lat="51.259981" lon="4.42723"><ele>4</ele></trkpt>
   <trkpt lat="51.258908" lon="4.426958"><ele>3.5</ele></trkpt>
   <trkpt lat="51.258156" lon="4.426772"><ele>4.5</ele></trkpt>
   <trkpt lat="51.257785" lon="4.426704"><ele>4.75</ele></trkpt>
   <trkpt lat="51.257285" lon="4.426635"><ele>4.75</ele></trkpt>
   <trkpt lat="51.256848" lon="4.426554"><ele>4.25</ele></trkpt>
   <trkpt lat="51.256436" lon="4.426463"><ele>3.75</ele></trkpt>
   <trkpt lat="51.255645" lon="4.426253"><ele>3</ele></trkpt>
   <trkpt lat="51.255317" lon="4.426165"><ele>3</ele></trkpt>
   <trkpt lat="51.254165" lon="4.425748"><ele>4</ele></trkpt>
   <trkpt lat="51.253773" lon="4.425632"><ele>4.5</ele></trkpt>
   <trkpt lat="51.253412" lon="4.425538"><ele>5</ele></trkpt>
   <trkpt lat="51.251289" lon="4.424977"><ele>7.75</ele></trkpt>
   <trkpt lat="51.251005" lon="4.424902"><ele>7.5</ele></trkpt>
   <trkpt lat="51.250166" lon="4.424685"><ele>6.75</ele></trkpt>
   <trkpt lat="51.249701" lon="4.424585"><ele>6.25</ele></trkpt>
   <trkpt lat="51.249277" lon="4.424519"><ele>6</ele></trkpt>
   <trkpt lat="51.248998" lon="4.424487"><ele>5.75</ele></trkpt>
   <trkpt lat="51.248526" lon="4.424455"><ele>5.5</ele></trkpt>
   <trkpt lat="51.248052" lon="4.424451"><ele>5</ele></trkpt>
   <trkpt lat="51.247772" lon="4.42446"><ele>4.75</ele></trkpt>
   <trkpt lat="51.247074" lon="4.424501"><ele>4.25</ele></trkpt>
   <trkpt lat="51.24565" lon="4.424584"><ele>3</ele></trkpt>
   <trkpt lat="51.245045" lon="4.424619"><ele>3.25</ele></trkpt>
   <trkpt lat="51.244438" lon="4.424655"><ele>4</ele></trkpt>
   <trkpt lat="51.244368" lon="4.424659"><ele>4</ele></trkpt>
   <trkpt lat="51.241811" lon="4.424808"><ele>9.75</ele></trkpt>
   <trkpt lat="51.239444" lon="4.42496"><ele>8.5</ele></trkpt>
   <trkpt lat="51.238407" lon="4.425036"><ele>7</ele></trkpt>
   <trkpt lat="51.236024" lon="4.425215"><ele>9.25</ele></trkpt>
   <trkpt lat="51.235708" lon="4.425239"><ele>7.25</ele></trkpt>
   <trkpt lat="51.235429" lon="4.42526"><ele>7.5</ele></trkpt>
   <trkpt lat="51.234938" lon="4.425295"><ele>6.75</ele></trkpt>
   <trkpt lat="51.233218" lon="4.425424"><ele>8.75</ele></trkpt>
   <trkpt lat="51.232608" lon="4.425465"><ele>8.5</ele></trkpt>
   <trkpt lat="51.232305" lon="4.425475"><ele>8.5</ele></trkpt>
   <trkpt lat="51.23202" lon="4.425467"><ele>8.5</ele></trkpt>
   <trkpt lat="51.231487" lon="4.425416"><ele>8.5</ele></trkpt>
   <trkpt lat="51.23124" lon="4.425376"><ele>8.5</ele></trkpt>
   <trkpt lat="51.230993" lon="4.425328"><ele>8.5</ele></trkpt>
   <trkpt lat="51.230522" lon="4.425211"><ele>8.25</ele></trkpt>
   <trkpt lat="51.230082" lon="4.42507"><ele>8.25</ele></trkpt>
   <trkpt lat="51.229699" lon="4.424921"><ele>8.25</ele></trkpt>
   <trkpt lat="51.22936" lon="4.424771"><ele>8.25</ele></trkpt>
   <trkpt lat="51.229033" lon="4.424605"><ele>8.25</ele></trkpt>
   <trkpt lat="51.228726" lon="4.424436"><ele>8.25</ele></trkpt>
   <trkpt lat="51.228428" lon="4.424257"><ele>8.25</ele></trkpt>
   <trkpt lat="51.2265" lon="4.422962"><ele>8</ele></trkpt>
   <trkpt lat="51.226206" lon="4.42277"><ele>8</ele></trkpt>
   <trkpt lat="51.225909" lon="4.422592"><ele>8</ele></trkpt>
   <trkpt lat="51.22561" lon="4.42243"><ele>7.75</ele></trkpt>
   <trkpt lat="51.225285" lon="4.422277"><ele>7.75</ele></trkpt>
   <trkpt lat="51.22496" lon="4.422144"><ele>7.75</ele></trkpt>
   <trkpt lat="51.224635" lon="4.422031"><ele>7.75</ele></trkpt>
   <trkpt lat="51.224311" lon="4.421938"><ele>7.75</ele></trkpt>
   <trkpt lat="51.224057" lon="4.42188"><ele>7.75</ele></trkpt>
   <trkpt lat="51.223803" lon="4.421831"><ele>7.75</ele></trkpt>
   <trkpt lat="51.223301" lon="4.421767"><ele>7.5</ele></trkpt>
   <trkpt lat="51.219371" lon="4.421435"><ele>7.25</ele></trkpt>
   <trkpt lat="51.218602" lon="4.421321"><ele>7.25</ele></trkpt>
   <trkpt lat="51.217957" lon="4.421253"><ele>7</ele></trkpt>
   <trkpt lat="51.21738" lon="4.421202"><ele>7</ele></trkpt>
   <trkpt lat="51.217223" lon="4.42119"><ele>7</ele></trkpt>
   <trkpt lat="51.216584" lon="4.421336"><ele>7</ele></trkpt>
   <trkpt lat="51.21652" lon="4.42135"><ele>7</ele></trkpt>
   <trkpt lat="51.216401" lon="4.421344"><ele>7</ele></trkpt>
   <trkpt lat="51.216345" lon="4.421341"><ele>7</ele></trkpt>
   <trkpt lat="51.216193" lon="4.421325"><ele>7</ele></trkpt>
   <trkpt lat="51.215785" lon="4.421284"><ele>7</ele></trkpt>
   <trkpt lat="51.215236" lon="4.421228"><ele>7</ele></trkpt>
   <trkpt lat="51.214757" lon="4.421245"><ele>7</ele></trkpt>
   <trkpt lat="51.214249" lon="4.421292"><ele>7.25</ele></trkpt>
   <trkpt lat="51.214149" lon="4.421301"><ele>7.25</ele></trkpt>
   <trkpt lat="51.213761" lon="4.421364"><ele>7.25</ele></trkpt>
   <trkpt lat="51.213352" lon="4.421442"><ele>7.25</ele></trkpt>
   <trkpt lat="51.213209" lon="4.421476"><ele>7.25</ele></trkpt>
   <trkpt lat="51.2125" lon="4.421698"><ele>7.25</ele></trkpt>
   <trkpt lat="51.212114" lon="4.421841"><ele>7.5</ele></trkpt>
   <trkpt lat="51.211738" lon="4.421919"><ele>7.5</ele></trkpt>
   <trkpt lat="51.211684" lon="4.42194"><ele>7.5</ele></trkpt>
   <trkpt lat="51.211125" lon="4.422169"><ele>7.5</ele></trkpt>
   <trkpt lat="51.210758" lon="4.422325"><ele>7.5</ele></trkpt>
   <trkpt lat="51.210461" lon="4.422468"><ele>7.75</ele></trkpt>
   <trkpt lat="51.210174" lon="4.422628"><ele>7.75</ele></trkpt>
   <trkpt lat="51.209878" lon="4.422814"><ele>7.75</ele></trkpt>
   <trkpt lat="51.209563" lon="4.423036"><ele>7.75</ele></trkpt>
   <trkpt lat="51.209268" lon="4.423268"><ele>7.75</ele></trkpt>
   <trkpt lat="51.208978" lon="4.423511"><ele>7.75</ele></trkpt>
   <trkpt lat="51.208037" lon="4.424353"><ele>8</ele></trkpt>
   <trkpt lat="51.207465" lon="4.424865"><ele>8</ele></trkpt>
   <trkpt lat="51.207409" lon="4.424915"><ele>8</ele></trkpt>
   <trkpt lat="51.206685" lon="4.425667"><ele>8.25</ele></trkpt>
   <trkpt lat="51.205697" lon="4.426551"><ele>8.25</ele></trkpt>
   <trkpt lat="51.204688" lon="4.427449"><ele>8.5</ele></trkpt>
   <trkpt lat="51.203122" lon="4.428799"><ele>10.75</ele></trkpt>
   <trkpt lat="51.202378" lon="4.429447"><ele>12</ele></trkpt>
   <trkpt lat="51.202254" lon="4.429556"><ele>11.75</ele></trkpt>
   <trkpt lat="51.202239" lon="4.429569"><ele>12</ele></trkpt>
   <trkpt lat="51.201837" lon="4.429925"><ele>11.5</ele></trkpt>
   <trkpt lat="51.201361" lon="4.430366"><ele>11.5</ele></trkpt>
   <trkpt lat="51.201276" lon="4.430443"><ele>11.25</ele></trkpt>
   <trkpt lat="51.200986" lon="4.430702"><ele>11.75</ele></trkpt>
   <trkpt lat="51.200531" lon="4.431121"><ele>12.75</ele></trkpt>
   <trkpt lat="51.200355" lon="4.431302"><ele>12.25</ele></trkpt>
   <trkpt lat="51.200207" lon="4.431454"><ele>11.75</ele></trkpt>
   <trkpt lat="51.200171" lon="4.431492"><ele>11.5</ele></trkpt>
   <trkpt lat="51.199979" lon="4.431692"><ele>12</ele></trkpt>
   <trkpt lat="51.199951" lon="4.43172"><ele>12</ele></trkpt>
   <trkpt lat="51.199866" lon="4.431805"><ele>12</ele></trkpt>
   <trkpt lat="51.199698" lon="4.431973"><ele>12</ele></trkpt>
   <trkpt lat="51.199625" lon="4.432044"><ele>12</ele></trkpt>
   <trkpt lat="51.199318" lon="4.432331"><ele>12</ele></trkpt>
   <trkpt lat="51.19926" lon="4.432381"><ele>12</ele></trkpt>
   <trkpt lat="51.199057" lon="4.432557"><ele>12</ele></trkpt>
   <trkpt lat="51.19899" lon="4.432615"><ele>12.25</ele></trkpt>
   <trkpt lat="51.198875" lon="4.432707"><ele>12.25</ele></trkpt>
   <trkpt lat="51.198586" lon="4.432939"><ele>13.25</ele></trkpt>
   <trkpt lat="51.197786" lon="4.433568"><ele>14.75</ele></trkpt>
   <trkpt lat="51.197576" lon="4.433732"><ele>15</ele></trkpt>
   <trkpt lat="51.196986" lon="4.434344"><ele>14.75</ele></trkpt>
   <trkpt lat="51.19687" lon="4.434455"><ele>14.75</ele></trkpt>
   <trkpt lat="51.1966" lon="4.434651"><ele>14.75</ele></trkpt>
   <trkpt lat="51.196182" lon="4.434951"><ele>14.75</ele></trkpt>
   <trkpt lat="51.195848" lon="4.435215"><ele>14.75</ele></trkpt>
   <trkpt lat="51.195468" lon="4.435553"><ele>14.75</ele></trkpt>
   <trkpt lat="51.19318" lon="4.437637"><ele>11.75</ele></trkpt>
   <trkpt lat="51.19298" lon="4.437814"><ele>12</ele></trkpt>
   <trkpt lat="51.192012" lon="4.438672"><ele>13.5</ele></trkpt>
   <trkpt lat="51.191608" lon="4.438968"><ele>13.5</ele></trkpt>
   <trkpt lat="51.190958" lon="4.43954"><ele>13</ele></trkpt>
   <trkpt lat="51.190017" lon="4.44039"><ele>12.75</ele></trkpt>
   <trkpt lat="51.189532" lon="4.440832"><ele>12.5</ele></trkpt>
   <trkpt lat="51.188782" lon="4.441398"><ele>12.5</ele></trkpt>
   <trkpt lat="51.187247" lon="4.442775"><ele>12</ele></trkpt>
   <trkpt lat="51.183536" lon="4.446108"><ele>12.25</ele></trkpt>
   <trkpt lat="51.182341" lon="4.44723"><ele>12.25</ele></trkpt>
   <trkpt lat="51.181683" lon="4.447838"><ele>12</ele></trkpt>
   <trkpt lat="51.180315" lon="4.449076"><ele>13.5</ele></trkpt>
   <trkpt lat="51.178521" lon="4.450636"><ele>12.25</ele></trkpt>
   <trkpt lat="51.177586" lon="4.451446"><ele>12.5</ele></trkpt>
   <trkpt lat="51.176858" lon="4.452058"><ele>12.75</ele></trkpt>
   <trkpt lat="51.176071" lon="4.452675"><ele>13.5</ele></trkpt>
   <trkpt lat="51.175339" lon="4.453212"><ele>13</ele></trkpt>
   <trkpt lat="51.174657" lon="4.453687"><ele>12.5</ele></trkpt>
   <trkpt lat="51.17395" lon="4.454155"><ele>11.75</ele></trkpt>
   <trkpt lat="51.173176" lon="4.454646"><ele>13.25</ele></trkpt>
   <trkpt lat="51.172369" lon="4.455125"><ele>13.75</ele></trkpt>
   <trkpt lat="51.171291" lon="4.455735"><ele>14</ele></trkpt>
   <trkpt lat="51.171053" lon="4.455868"><ele>14.25</ele></trkpt>
   <trkpt lat="51.170108" lon="4.456393"><ele>14.5</ele></trkpt>
   <trkpt lat="51.169112" lon="4.456946"><ele>15</ele></trkpt>
   <trkpt lat="51.167293" lon="4.457958"><ele>15</ele></trkpt>
   <trkpt lat="51.166549" lon="4.458371"><ele>15</ele></trkpt>
   <trkpt lat="51.162228" lon="4.460678"><ele>16.25</ele></trkpt>
   <trkpt lat="51.161572" lon="4.461044"><ele>18</ele></trkpt>
   <trkpt lat="51.159126" lon="4.462405"><ele>17.25</ele></trkpt>
   <trkpt lat="51.155722" lon="4.464302"><ele>19.25</ele></trkpt>
   <trkpt lat="51.154871" lon="4.464765"><ele>19.25</ele></trkpt>
   <trkpt lat="51.153365" lon="4.465547"><ele>19</ele></trkpt>
   <trkpt lat="51.151539" lon="4.466555"><ele>20.25</ele></trkpt>
   <trkpt lat="51.150993" lon="4.46687"><ele>20</ele></trkpt>
   <trkpt lat="51.14958" lon="4.467723"><ele>19.75</ele></trkpt>
   <trkpt lat="51.148934" lon="4.468103"><ele>19.25</ele></trkpt>
   <trkpt lat="51.145308" lon="4.470128"><ele>19</ele></trkpt>
   <trkpt lat="51.144846" lon="4.470387"><ele>18.25</ele></trkpt>
   <trkpt lat="51.144194" lon="4.470771"><ele>16.5</ele></trkpt>
   <trkpt lat="51.144095" lon="4.470831"><ele>17</ele></trkpt>
   <trkpt lat="51.142242" lon="4.471957"><ele>17.75</ele></trkpt>
   <trkpt lat="51.139847" lon="4.473301"><ele>17</ele></trkpt>
   <trkpt lat="51.139362" lon="4.47357"><ele>16.75</ele></trkpt>
   <trkpt lat="51.133933" lon="4.476593"><ele>17</ele></trkpt>
   <trkpt lat="51.129042" lon="4.479317"><ele>16.5</ele></trkpt>
   <trkpt lat="51.128615" lon="4.479555"><ele>16.75</ele></trkpt>
   <trkpt lat="51.128213" lon="4.479722"><ele>16.25</ele></trkpt>
   <trkpt lat="51.127421" lon="4.480164"><ele>16.5</ele></trkpt>
   <trkpt lat="51.119983" lon="4.484302"><ele>14.25</ele></trkpt>
   <trkpt lat="51.117968" lon="4.485415"><ele>14</ele></trkpt>
   <trkpt lat="51.117506" lon="4.485657"><ele>14</ele></trkpt>
   <trkpt lat="51.117015" lon="4.485897"><ele>13.75</ele></trkpt>
   <trkpt lat="51.116524" lon="4.486118"><ele>13.75</ele></trkpt>
   <trkpt lat="51.116045" lon="4.486317"><ele>13.5</ele></trkpt>
   <trkpt lat="51.115528" lon="4.486513"><ele>13.25</ele></trkpt>
   <trkpt lat="51.114636" lon="4.486804"><ele>12.75</ele></trkpt>
   <trkpt lat="51.114196" lon="4.486927"><ele>12.75</ele></trkpt>
   <trkpt lat="51.094483" lon="4.491962"><ele>8</ele></trkpt>
   <trkpt lat="51.091379" lon="4.492756"><ele>8.75</ele></trkpt>
   <trkpt lat="51.089132" lon="4.493255"><ele>5.75</ele></trkpt>
   <trkpt lat="51.088909" lon="4.493313"><ele>8.5</ele></trkpt>
   <trkpt lat="51.088329" lon="4.493477"><ele>8.5</ele></trkpt>
   <trkpt lat="51.087901" lon="4.493613"><ele>10.75</ele></trkpt>
   <trkpt lat="51.087405" lon="4.493786"><ele>11</ele></trkpt>
   <trkpt lat="51.086225" lon="4.494249"><ele>9.25</ele></trkpt>
   <trkpt lat="51.085253" lon="4.494642"><ele>9.5</ele></trkpt>
   <trkpt lat="51.083978" lon="4.495147"><ele>11.25</ele></trkpt>
   <trkpt lat="51.083064" lon="4.495469"><ele>11</ele></trkpt>
   <trkpt lat="51.082559" lon="4.495621"><ele>10.75</ele></trkpt>
   <trkpt lat="51.082121" lon="4.495731"><ele>10.25</ele></trkpt>
   <trkpt lat="51.081699" lon="4.495823"><ele>10.75</ele></trkpt>
   <trkpt lat="51.081248" lon="4.495902"><ele>10</ele></trkpt>
   <trkpt lat="51.080546" lon="4.495983"><ele>8.25</ele></trkpt>
   <trkpt lat="51.080358" lon="4.495999"><ele>8.5</ele></trkpt>
   <trkpt lat="51.079874" lon="4.496021"><ele>9</ele></trkpt>
   <trkpt lat="51.079423" lon="4.496024"><ele>8.25</ele></trkpt>
   <trkpt lat="51.078582" lon="4.495999"><ele>8</ele></trkpt>
   <trkpt lat="51.075367" lon="4.495796"><ele>6.5</ele></trkpt>
   <trkpt lat="51.073786" lon="4.495765"><ele>6.5</ele></trkpt>
   <trkpt lat="51.070758" lon="4.495724"><ele>7</ele></trkpt>
   <trkpt lat="51.070045" lon="4.495714"><ele>7</ele></trkpt>
   <trkpt lat="51.067137" lon="4.49568"><ele>7.25</ele></trkpt>
   <trkpt lat="51.063939" lon="4.49571"><ele>6.5</ele></trkpt>
   <trkpt lat="51.063359" lon="4.495702"><ele>6.5</ele></trkpt>
   <trkpt lat="51.062792" lon="4.495676"><ele>6</ele></trkpt>
   <trkpt lat="51.062298" lon="4.495637"><ele>5.75</ele></trkpt>
   <trkpt lat="51.061799" lon="4.495584"><ele>6</ele></trkpt>
   <trkpt lat="51.061371" lon="4.495526"><ele>5.75</ele></trkpt>
   <trkpt lat="51.060511" lon="4.495385"><ele>7.25</ele></trkpt>
   <trkpt lat="51.060295" lon="4.495344"><ele>10.25</ele></trkpt>
   <trkpt lat="51.057324" lon="4.494811"><ele>5.75</ele></trkpt>
   <trkpt lat="51.05721" lon="4.494791"><ele>5</ele></trkpt>
   <trkpt lat="51.055297" lon="4.494446"><ele>8.75</ele></trkpt>
   <trkpt lat="51.045903" lon="4.49277"><ele>13</ele></trkpt>
   <trkpt lat="51.04584" lon="4.492759"><ele>12.75</ele></trkpt>
   <trkpt lat="51.041471" lon="4.491976"><ele>8.5</ele></trkpt>
   <trkpt lat="51.041132" lon="4.491914"><ele>12</ele></trkpt>
   <trkpt lat="51.040373" lon="4.491765"><ele>12</ele></trkpt>
   <trkpt lat="51.039854" lon="4.491643"><ele>12.5</ele></trkpt>
   <trkpt lat="51.038219" lon="4.491221"><ele>12</ele></trkpt>
   <trkpt lat="51.038132" lon="4.4912"><ele>12</ele></trkpt>
   <trkpt lat="51.037814" lon="4.491124"><ele>12.75</ele></trkpt>
   <trkpt lat="51.036921" lon="4.490926"><ele>12.5</ele></trkpt>
   <trkpt lat="51.035053" lon="4.490526"><ele>12.5</ele></trkpt>
   <trkpt lat="51.034606" lon="4.490443"><ele>12.75</ele></trkpt>
   <trkpt lat="51.034047" lon="4.490366"><ele>13.25</ele></trkpt>
   <trkpt lat="51.033564" lon="4.490299"><ele>13</ele></trkpt>
   <trkpt lat="51.033057" lon="4.490254"><ele>13.75</ele></trkpt>
   <trkpt lat="51.032548" lon="4.490224"><ele>14</ele></trkpt>
   <trkpt lat="51.032025" lon="4.490207"><ele>14</ele></trkpt>
   <trkpt lat="51.030458" lon="4.490206"><ele>15</ele></trkpt>
   <trkpt lat="51.030225" lon="4.490207"><ele>15</ele></trkpt>
   <trkpt lat="51.029917" lon="4.490208"><ele>14.75</ele></trkpt>
   <trkpt lat="51.029744" lon="4.490208"><ele>14.75</ele></trkpt>
   <trkpt lat="51.02874" lon="4.490211"><ele>13.75</ele></trkpt>
   <trkpt lat="51.028689" lon="4.490211"><ele>13.5</ele></trkpt>
   <trkpt lat="51.028333" lon="4.490211"><ele>13</ele></trkpt>
   <trkpt lat="51.027494" lon="4.490222"><ele>14.75</ele></trkpt>
   <trkpt lat="51.02694" lon="4.490206"><ele>14.75</ele></trkpt>
   <trkpt lat="51.02669" lon="4.490197"><ele>15.25</ele></trkpt>
   <trkpt lat="51.026126" lon="4.490155"><ele>15.5</ele></trkpt>
   <trkpt lat="51.025559" lon="4.490078"><ele>15.5</ele></trkpt>
   <trkpt lat="51.025068" lon="4.489991"><ele>17.5</ele></trkpt>
   <trkpt lat="51.024817" lon="4.489934"><ele>16.5</ele></trkpt>
   <trkpt lat="51.024574" lon="4.489874"><ele>16</ele></trkpt>
   <trkpt lat="51.024078" lon="4.489728"><ele>18</ele></trkpt>
   <trkpt lat="51.023592" lon="4.489536"><ele>16.5</ele></trkpt>
   <trkpt lat="51.02323" lon="4.489363"><ele>16.75</ele></trkpt>
   <trkpt lat="51.023053" lon="4.489269"><ele>15.75</ele></trkpt>
   <trkpt lat="51.022584" lon="4.489005"><ele>14</ele></trkpt>
   <trkpt lat="51.022024" lon="4.488657"><ele>16</ele></trkpt>
   <trkpt lat="51.021642" lon="4.488391"><ele>17.25</ele></trkpt>
   <trkpt lat="51.021267" lon="4.488103"><ele>18.75</ele></trkpt>
   <trkpt lat="51.020924" lon="4.487805"><ele>18.75</ele></trkpt>
   <trkpt lat="51.020582" lon="4.48747"><ele>19.75</ele></trkpt>
   <trkpt lat="51.020442" lon="4.487326"><ele>17.25</ele></trkpt>
   <trkpt lat="51.020223" lon="4.487079"><ele>17.5</ele></trkpt>
   <trkpt lat="51.019849" lon="4.48664"><ele>18.25</ele></trkpt>
   <trkpt lat="51.019127" lon="4.485783"><ele>18.5</ele></trkpt>
   <trkpt lat="51.019085" lon="4.485733"><ele>18</ele></trkpt>
   <trkpt lat="51.018891" lon="4.485498"><ele>18.5</ele></trkpt>
   <trkpt lat="51.018474" lon="4.484987"><ele>18.75</ele></trkpt>
   <trkpt lat="51.018103" lon="4.484519"><ele>18.5</ele></trkpt>
   <trkpt lat="51.017736" lon="4.484057"><ele>18.25</ele></trkpt>
   <trkpt lat="51.017699" lon="4.484011"><ele>18</ele></trkpt>
   <trkpt lat="51.016868" lon="4.482957"><ele>17.5</ele></trkpt>
   <trkpt lat="51.016823" lon="4.4829"><ele>17.5</ele></trkpt>
   <trkpt lat="51.016575" lon="4.482579"><ele>17.5</ele></trkpt>
   <trkpt lat="51.016222" lon="4.482091"><ele>17</ele></trkpt>
   <trkpt lat="51.015816" lon="4.481486"><ele>14</ele></trkpt>
   <trkpt lat="51.015393" lon="4.480837"><ele>14.25</ele></trkpt>
   <trkpt lat="51.015297" lon="4.480689"><ele>17</ele></trkpt>
   <trkpt lat="51.014935" lon="4.480134"><ele>17.25</ele></trkpt>
   <trkpt lat="51.014645" lon="4.47969"><ele>17.25</ele></trkpt>
   <trkpt lat="51.014294" lon="4.479184"><ele>16.75</ele></trkpt>
   <trkpt lat="51.014111" lon="4.478921"><ele>16.5</ele></trkpt>
   <trkpt lat="51.013561" lon="4.47817"><ele>15.25</ele></trkpt>
   <trkpt lat="51.013375" lon="4.477918"><ele>14.75</ele></trkpt>
   <trkpt lat="51.013284" lon="4.4778"><ele>15.75</ele></trkpt>
   <trkpt lat="51.012995" lon="4.477464"><ele>16</ele></trkpt>
   <trkpt lat="51.012841" lon="4.477288"><ele>15.75</ele></trkpt>
   <trkpt lat="51.012683" lon="4.477131"><ele>15.5</ele></trkpt>
   <trkpt lat="51.012359" lon="4.476842"><ele>15</ele></trkpt>
   <trkpt lat="51.012171" lon="4.476692"><ele>15.25</ele></trkpt>
   <trkpt lat="51.011883" lon="4.476483"><ele>13.75</ele></trkpt>
   <trkpt lat="51.011693" lon="4.476355"><ele>13.25</ele></trkpt>
   <trkpt lat="51.011406" lon="4.476183"><ele>15.75</ele></trkpt>
   <trkpt lat="51.011048" lon="4.475998"><ele>16</ele></trkpt>
   <trkpt lat="51.01061" lon="4.475812"><ele>16.75</ele></trkpt>
   <trkpt lat="51.010389" lon="4.475732"><ele>16.5</ele></trkpt>
   <trkpt lat="51.009967" lon="4.475604"><ele>16.5</ele></trkpt>
   <trkpt lat="51.009571" lon="4.475515"><ele>16.75</ele></trkpt>
   <trkpt lat="51.009251" lon="4.475461"><ele>14.25</ele></trkpt>
   <trkpt lat="51.009171" lon="4.475451"><ele>13.25</ele></trkpt>
   <trkpt lat="51.009075" lon="4.47544"><ele>14.25</ele></trkpt>
   <trkpt lat="51.00886" lon="4.475422"><ele>16.25</ele></trkpt>
   <trkpt lat="51.008427" lon="4.475411"><ele>16.5</ele></trkpt>
   <trkpt lat="51.008205" lon="4.475416"><ele>16.5</ele></trkpt>
   <trkpt lat="51.00776" lon="4.475456"><ele>16.25</ele></trkpt>
   <trkpt lat="51.00725" lon="4.475537"><ele>16.75</ele></trkpt>
   <trkpt lat="51.005913" lon="4.475789"><ele>15.75</ele></trkpt>
   <trkpt lat="51.003702" lon="4.476208"><ele>13.75</ele></trkpt>
   <trkpt lat="51.003323" lon="4.476265"><ele>14.5</ele></trkpt>
   <trkpt lat="51.002874" lon="4.476316"><ele>14</ele></trkpt>
   <trkpt lat="51.002374" lon="4.476352"><ele>14.5</ele></trkpt>
   <trkpt lat="51.001961" lon="4.476366"><ele>13.75</ele></trkpt>
   <trkpt lat="51.001276" lon="4.476354"><ele>14.25</ele></trkpt>
   <trkpt lat="51.000618" lon="4.476305"><ele>15.25</ele></trkpt>
   <trkpt lat="50.99999" lon="4.476244"><ele>15.75</ele></trkpt>
   <trkpt lat="50.999902" lon="4.476234"><ele>15</ele></trkpt>
   <trkpt lat="50.998112" lon="4.47605"><ele>12.75</ele></trkpt>
   <trkpt lat="50.99765" lon="4.476003"><ele>12.25</ele></trkpt>
   <trkpt lat="50.995893" lon="4.475823"><ele>10.25</ele></trkpt>
   <trkpt lat="50.995724" lon="4.475806"><ele>11.25</ele></trkpt>
   <trkpt lat="50.991227" lon="4.475348"><ele>13.25</ele></trkpt>
   <trkpt lat="50.990971" lon="4.475324"><ele>14.25</ele></trkpt>
   <trkpt lat="50.990012" lon="4.475219"><ele>16.5</ele></trkpt>
   <trkpt lat="50.989445" lon="4.475131"><ele>16</ele></trkpt>
   <trkpt lat="50.989176" lon="4.475078"><ele>15.75</ele></trkpt>
   <trkpt lat="50.988527" lon="4.474924"><ele>15.25</ele></trkpt>
   <trkpt lat="50.988262" lon="4.474848"><ele>15.25</ele></trkpt>
   <trkpt lat="50.988171" lon="4.474823"><ele>13</ele></trkpt>
   <trkpt lat="50.987747" lon="4.474691"><ele>16.5</ele></trkpt>
   <trkpt lat="50.984205" lon="4.473573"><ele>16.75</ele></trkpt>
   <trkpt lat="50.983606" lon="4.473383"><ele>17</ele></trkpt>
   <trkpt lat="50.983389" lon="4.473315"><ele>17.25</ele></trkpt>
   <trkpt lat="50.982181" lon="4.472928"><ele>15.25</ele></trkpt>
   <trkpt lat="50.981751" lon="4.472778"><ele>17</ele></trkpt>
   <trkpt lat="50.981261" lon="4.472591"><ele>15.25</ele></trkpt>
   <trkpt lat="50.980711" lon="4.472365"><ele>14.75</ele></trkpt>
   <trkpt lat="50.979946" lon="4.472013"><ele>14.5</ele></trkpt>
   <trkpt lat="50.979734" lon="4.471915"><ele>14.5</ele></trkpt>
   <trkpt lat="50.97915" lon="4.471616"><ele>16.5</ele></trkpt>
   <trkpt lat="50.978614" lon="4.471323"><ele>16.75</ele></trkpt>
   <trkpt lat="50.977452" lon="4.470664"><ele>16.5</ele></trkpt>
   <trkpt lat="50.974267" lon="4.468857"><ele>13</ele></trkpt>
   <trkpt lat="50.974168" lon="4.468801"><ele>11.5</ele></trkpt>
   <trkpt lat="50.973526" lon="4.468435"><ele>15</ele></trkpt>
   <trkpt lat="50.97253" lon="4.467835"><ele>15.5</ele></trkpt>
   <trkpt lat="50.972062" lon="4.467538"><ele>14.75</ele></trkpt>
   <trkpt lat="50.971244" lon="4.466997"><ele>14.5</ele></trkpt>
   <trkpt lat="50.97116" lon="4.466937"><ele>15.25</ele></trkpt>
   <trkpt lat="50.970269" lon="4.466309"><ele>14.5</ele></trkpt>
   <trkpt lat="50.969835" lon="4.465988"><ele>13.75</ele></trkpt>
   <trkpt lat="50.967894" lon="4.46453"><ele>13.75</ele></trkpt>
   <trkpt lat="50.966911" lon="4.463791"><ele>13.75</ele></trkpt>
   <trkpt lat="50.966754" lon="4.463673"><ele>14</ele></trkpt>
   <trkpt lat="50.965793" lon="4.462951"><ele>13.5</ele></trkpt>
   <trkpt lat="50.965555" lon="4.46277"><ele>13.75</ele></trkpt>
   <trkpt lat="50.962119" lon="4.460189"><ele>13.75</ele></trkpt>
   <trkpt lat="50.960011" lon="4.458605"><ele>15.5</ele></trkpt>
   <trkpt lat="50.95977" lon="4.458424"><ele>10.75</ele></trkpt>
   <trkpt lat="50.959647" lon="4.458332"><ele>11.5</ele></trkpt>
   <trkpt lat="50.958645" lon="4.457578"><ele>15</ele></trkpt>
   <trkpt lat="50.956956" lon="4.456307"><ele>15</ele></trkpt>
   <trkpt lat="50.953918" lon="4.454021"><ele>14.5</ele></trkpt>
   <trkpt lat="50.949724" lon="4.450869"><ele>13.25</ele></trkpt>
   <trkpt lat="50.949596" lon="4.45077"><ele>14.25</ele></trkpt>
   <trkpt lat="50.945693" lon="4.447838"><ele>16</ele></trkpt>
   <trkpt lat="50.944739" lon="4.447121"><ele>17.25</ele></trkpt>
   <trkpt lat="50.944331" lon="4.446814"><ele>16.75</ele></trkpt>
   <trkpt lat="50.943976" lon="4.446547"><ele>14.25</ele></trkpt>
   <trkpt lat="50.943703" lon="4.446342"><ele>14.5</ele></trkpt>
   <trkpt lat="50.939521" lon="4.4432"><ele>18.75</ele></trkpt>
   <trkpt lat="50.937552" lon="4.441721"><ele>17</ele></trkpt>
   <trkpt lat="50.937365" lon="4.441579"><ele>17.75</ele></trkpt>
   <trkpt lat="50.933023" lon="4.438319"><ele>20.75</ele></trkpt>
   <trkpt lat="50.932054" lon="4.437613"><ele>20.25</ele></trkpt>
   <trkpt lat="50.931729" lon="4.437382"><ele>20.5</ele></trkpt>
   <trkpt lat="50.93165" lon="4.437326"><ele>20</ele></trkpt>
   <trkpt lat="50.93085" lon="4.436768"><ele>20.5</ele></trkpt>
   <trkpt lat="50.930415" lon="4.436526"><ele>20.5</ele></trkpt>
   <trkpt lat="50.929615" lon="4.435986"><ele>21</ele></trkpt>
   <trkpt lat="50.929012" lon="4.435669"><ele>20.5</ele></trkpt>
   <trkpt lat="50.928006" lon="4.435026"><ele>17.75</ele></trkpt>
   <trkpt lat="50.927876" lon="4.434946"><ele>17.25</ele></trkpt>
   <trkpt lat="50.927331" lon="4.434628"><ele>16.5</ele></trkpt>
   <trkpt lat="50.926884" lon="4.43439"><ele>16</ele></trkpt>
   <trkpt lat="50.926383" lon="4.434152"><ele>16</ele></trkpt>
   <trkpt lat="50.926209" lon="4.434072"><ele>17.75</ele></trkpt>
   <trkpt lat="50.925818" lon="4.433889"><ele>20.75</ele></trkpt>
   <trkpt lat="50.925459" lon="4.433711"><ele>21</ele></trkpt>
   <trkpt lat="50.924902" lon="4.43341"><ele>21.25</ele></trkpt>
   <trkpt lat="50.924519" lon="4.433179"><ele>20.75</ele></trkpt>
   <trkpt lat="50.924218" lon="4.432984"><ele>20.75</ele></trkpt>
   <trkpt lat="50.92379" lon="4.432676"><ele>20.75</ele></trkpt>
   <trkpt lat="50.923489" lon="4.432444"><ele>20.5</ele></trkpt>
   <trkpt lat="50.923151" lon="4.432163"><ele>20.25</ele></trkpt>
   <trkpt lat="50.922817" lon="4.431863"><ele>20.5</ele></trkpt>
   <trkpt lat="50.922412" lon="4.431485"><ele>20</ele></trkpt>
   <trkpt lat="50.921926" lon="4.431013"><ele>20</ele></trkpt>
   <trkpt lat="50.921218" lon="4.430296"><ele>19.5</ele></trkpt>
   <trkpt lat="50.919688" lon="4.428733"><ele>19</ele></trkpt>
   <trkpt lat="50.919614" lon="4.428654"><ele>19.25</ele></trkpt>
   <trkpt lat="50.918442" lon="4.427464"><ele>19</ele></trkpt>
   <trkpt lat="50.918169" lon="4.427196"><ele>15.75</ele></trkpt>
   <trkpt lat="50.91797" lon="4.427005"><ele>17.25</ele></trkpt>
   <trkpt lat="50.91754" lon="4.426605"><ele>19.25</ele></trkpt>
   <trkpt lat="50.916565" lon="4.42574"><ele>18.5</ele></trkpt>
   <trkpt lat="50.915911" lon="4.425163"><ele>18.5</ele></trkpt>
   <trkpt lat="50.914451" lon="4.42388"><ele>16.75</ele></trkpt>
   <trkpt lat="50.914315" lon="4.42376"><ele>16.25</ele></trkpt>
   <trkpt lat="50.913392" lon="4.422944"><ele>19</ele></trkpt>
   <trkpt lat="50.913358" lon="4.422914"><ele>19.25</ele></trkpt>
   <trkpt lat="50.912769" lon="4.422404"><ele>20.5</ele></trkpt>
   <trkpt lat="50.91259" lon="4.422265"><ele>20</ele></trkpt>
   <trkpt lat="50.912324" lon="4.422106"><ele>19.75</ele></trkpt>
   <trkpt lat="50.912066" lon="4.421975"><ele>20.75</ele></trkpt>
   <trkpt lat="50.911984" lon="4.421927"><ele>21.75</ele></trkpt>
   <trkpt lat="50.911807" lon="4.421855"><ele>21.5</ele></trkpt>
   <trkpt lat="50.911523" lon="4.421771"><ele>19.25</ele></trkpt>
   <trkpt lat="50.911379" lon="4.421727"><ele>18.5</ele></trkpt>
   <trkpt lat="50.910857" lon="4.421551"><ele>21</ele></trkpt>
   <trkpt lat="50.910418" lon="4.421454"><ele>20.75</ele></trkpt>
   <trkpt lat="50.909968" lon="4.421393"><ele>22.75</ele></trkpt>
   <trkpt lat="50.909685" lon="4.421375"><ele>22.75</ele></trkpt>
   <trkpt lat="50.90903" lon="4.421366"><ele>22.75</ele></trkpt>
   <trkpt lat="50.908519" lon="4.421373"><ele>23.75</ele></trkpt>
   <trkpt lat="50.907873" lon="4.421396"><ele>23.75</ele></trkpt>
   <trkpt lat="50.907431" lon="4.421436"><ele>23</ele></trkpt>
   <trkpt lat="50.907211" lon="4.421473"><ele>22.75</ele></trkpt>
   <trkpt lat="50.907018" lon="4.421517"><ele>22.25</ele></trkpt>
   <trkpt lat="50.906616" lon="4.421645"><ele>24.25</ele></trkpt>
   <trkpt lat="50.906405" lon="4.421731"><ele>23.5</ele></trkpt>
   <trkpt lat="50.904812" lon="4.422388"><ele>23.5</ele></trkpt>
   <trkpt lat="50.90426" lon="4.422583"><ele>23.5</ele></trkpt>
   <trkpt lat="50.903967" lon="4.422673"><ele>20</ele></trkpt>
   <trkpt lat="50.90382" lon="4.422715"><ele>20.25</ele></trkpt>
   <trkpt lat="50.902594" lon="4.423015"><ele>25.5</ele></trkpt>
   <trkpt lat="50.90114" lon="4.423326"><ele>26.5</ele></trkpt>
   <trkpt lat="50.90021" lon="4.423507"><ele>25.75</ele></trkpt>
   <trkpt lat="50.899202" lon="4.423687"><ele>27</ele></trkpt>
   <trkpt lat="50.898161" lon="4.423844"><ele>29.75</ele></trkpt>
   <trkpt lat="50.897572" lon="4.423926"><ele>30.25</ele></trkpt>
   <trkpt lat="50.896834" lon="4.424013"><ele>30.25</ele></trkpt>
   <trkpt lat="50.896511" lon="4.42405"><ele>31</ele></trkpt>
   <trkpt lat="50.896265" lon="4.424078"><ele>30.25</ele></trkpt>
   <trkpt lat="50.896147" lon="4.424091"><ele>29.25</ele></trkpt>
   <trkpt lat="50.895696" lon="4.424143"><ele>31.75</ele></trkpt>
   <trkpt lat="50.895438" lon="4.424152"><ele>32.25</ele></trkpt>
   <trkpt lat="50.895124" lon="4.42414"><ele>32.75</ele></trkpt>
   <trkpt lat="50.894824" lon="4.424099"><ele>32.5</ele></trkpt>
   <trkpt lat="50.89451" lon="4.424028"><ele>32.75</ele></trkpt>
   <trkpt lat="50.894141" lon="4.423916"><ele>34</ele></trkpt>
   <trkpt lat="50.893708" lon="4.423755"><ele>34.5</ele></trkpt>
   <trkpt lat="50.893467" lon="4.42365"><ele>34.25</ele></trkpt>
   <trkpt lat="50.893058" lon="4.423454"><ele>36.75</ele></trkpt>
   <trkpt lat="50.892802" lon="4.423314"><ele>34.5</ele></trkpt>
   <trkpt lat="50.892446" lon="4.423092"><ele>35.25</ele></trkpt>
   <trkpt lat="50.892108" lon="4.42285"><ele>36.5</ele></trkpt>
   <trkpt lat="50.891767" lon="4.42257"><ele>37</ele></trkpt>
   <trkpt lat="50.891418" lon="4.422258"><ele>32.75</ele></trkpt>
   <trkpt lat="50.891109" lon="4.421977"><ele>32.25</ele></trkpt>
   <trkpt lat="50.890283" lon="4.421245"><ele>37</ele></trkpt>
   <trkpt lat="50.889006" lon="4.420096"><ele>37.75</ele></trkpt>
   <trkpt lat="50.888694" lon="4.419815"><ele>38.25</ele></trkpt>
   <trkpt lat="50.888194" lon="4.419363"><ele>38</ele></trkpt>
   <trkpt lat="50.887802" lon="4.419011"><ele>37.75</ele></trkpt>
   <trkpt lat="50.887703" lon="4.418914"><ele>38</ele></trkpt>
   <trkpt lat="50.88735" lon="4.418518"><ele>38</ele></trkpt>
   <trkpt lat="50.887242" lon="4.418406"><ele>38</ele></trkpt>
   <trkpt lat="50.886775" lon="4.417968"><ele>38</ele></trkpt>
   <trkpt lat="50.886865" lon="4.418042"><ele>38</ele></trkpt>
   <trkpt lat="50.887131" lon="4.418217"><ele>38</ele></trkpt>
   <trkpt lat="50.887264" lon="4.41832"><ele>38</ele></trkpt>
   <trkpt lat="50.887285" lon="4.41834"><ele>38</ele></trkpt>
   <trkpt lat="50.887665" lon="4.418682"><ele>38</ele></trkpt>
   <trkpt lat="50.887622" lon="4.418638"><ele>38</ele></trkpt>
   <trkpt lat="50.887513" lon="4.41848"><ele>37.75</ele></trkpt>
   <trkpt lat="50.887459" lon="4.418421"><ele>38</ele></trkpt>
   <trkpt lat="50.887076" lon="4.418075"><ele>38</ele></trkpt>
   <trkpt lat="50.887022" lon="4.418027"><ele>38</ele></trkpt>
   <trkpt lat="50.886872" lon="4.417891"><ele>38</ele></trkpt>
   <trkpt lat="50.8866" lon="4.417645"><ele>38</ele></trkpt>
   <trkpt lat="50.885876" lon="4.416991"><ele>38</ele></trkpt>
   <trkpt lat="50.882394" lon="4.413885"><ele>42</ele></trkpt>
   <trkpt lat="50.881413" lon="4.412985"><ele>42.75</ele></trkpt>
   <trkpt lat="50.879441" lon="4.411108"><ele>47.75</ele></trkpt>
   <trkpt lat="50.879339" lon="4.410983"><ele>47.25</ele></trkpt>
   <trkpt lat="50.879161" lon="4.410742"><ele>47.75</ele></trkpt>
   <trkpt lat="50.879129" lon="4.410693"><ele>48</ele></trkpt>
   <trkpt lat="50.879047" lon="4.410597"><ele>48.25</ele></trkpt>
   <trkpt lat="50.879005" lon="4.410527"><ele>48.5</ele></trkpt>
   <trkpt lat="50.878938" lon="4.410368"><ele>48.25</ele></trkpt>
   <trkpt lat="50.878914" lon="4.410288"><ele>48</ele></trkpt>
   <trkpt lat="50.87884" lon="4.410009"><ele>48</ele></trkpt>
   <trkpt lat="50.878821" lon="4.409877"><ele>48</ele></trkpt>
   <trkpt lat="50.87882" lon="4.409834"><ele>48</ele></trkpt>
   <trkpt lat="50.87882" lon="4.409812"><ele>48</ele></trkpt>
   <trkpt lat="50.878824" lon="4.409734"><ele>48</ele></trkpt>
   <trkpt lat="50.878841" lon="4.409659"><ele>47.75</ele></trkpt>
   <trkpt lat="50.878859" lon="4.409603"><ele>47.5</ele></trkpt>
   <trkpt lat="50.878903" lon="4.409523"><ele>47.25</ele></trkpt>
   <trkpt lat="50.878908" lon="4.409517"><ele>47</ele></trkpt>
   <trkpt lat="50.878939" lon="4.409477"><ele>47</ele></trkpt>
   <trkpt lat="50.879025" lon="4.409407"><ele>46.75</ele></trkpt>
   <trkpt lat="50.879395" lon="4.409174"><ele>45</ele></trkpt>
   <trkpt lat="50.879492" lon="4.409099"><ele>45</ele></trkpt>
   <trkpt lat="50.879592" lon="4.409008"><ele>45</ele></trkpt>
   <trkpt lat="50.880385" lon="4.408538"><ele>42.25</ele></trkpt>
   <trkpt lat="50.880416" lon="4.408515"><ele>42.25</ele></trkpt>
   <trkpt lat="50.880459" lon="4.408466"><ele>42</ele></trkpt>
   <trkpt lat="50.880486" lon="4.408415"><ele>42</ele></trkpt>
   <trkpt lat="50.8805" lon="4.408367"><ele>42</ele></trkpt>
   <trkpt lat="50.880508" lon="4.408313"><ele>42</ele></trkpt>
   <trkpt lat="50.880508" lon="4.408248"><ele>42</ele></trkpt>
   <trkpt lat="50.880503" lon="4.408194"><ele>42</ele></trkpt>
   <trkpt lat="50.880487" lon="4.408128"><ele>42</ele></trkpt>
   <trkpt lat="50.880345" lon="4.407807"><ele>41.75</ele></trkpt>
   <trkpt lat="50.880244" lon="4.407625"><ele>42</ele></trkpt>
   <trkpt lat="50.880199" lon="4.407558"><ele>42</ele></trkpt>
   <trkpt lat="50.880159" lon="4.407493"><ele>41.75</ele></trkpt>
   <trkpt lat="50.879989" lon="4.407168"><ele>41</ele></trkpt>
   <trkpt lat="50.879288" lon="4.405811"><ele>37.75</ele></trkpt>
   <trkpt lat="50.879244" lon="4.405715"><ele>37.5</ele></trkpt>
   <trkpt lat="50.87921" lon="4.405615"><ele>37</ele></trkpt>
   <trkpt lat="50.879185" lon="4.405471"><ele>36.75</ele></trkpt>
   <trkpt lat="50.879183" lon="4.405394"><ele>37</ele></trkpt>
   <trkpt lat="50.879199" lon="4.405086"><ele>36.25</ele></trkpt>
   <trkpt lat="50.879236" lon="4.404509"><ele>35.5</ele></trkpt>
   <trkpt lat="50.879249" lon="4.40422"><ele>34.75</ele></trkpt>
   <trkpt lat="50.879241" lon="4.404132"><ele>34.5</ele></trkpt>
   <trkpt lat="50.879227" lon="4.404074"><ele>34.25</ele></trkpt>
   <trkpt lat="50.879183" lon="4.403985"><ele>34.25</ele></trkpt>
   <trkpt lat="50.879117" lon="4.403926"><ele>34.25</ele></trkpt>
   <trkpt lat="50.879053" lon="4.403885"><ele>34.25</ele></trkpt>
   <trkpt lat="50.878987" lon="4.403843"><ele>34.5</ele></trkpt>
   <trkpt lat="50.878762" lon="4.403705"><ele>35.25</ele></trkpt>
   <trkpt lat="50.878628" lon="4.403625"><ele>35.75</ele></trkpt>
   <trkpt lat="50.878534" lon="4.40357"><ele>36</ele></trkpt>
   <trkpt lat="50.878187" lon="4.403358"><ele>36.5</ele></trkpt>
   <trkpt lat="50.878134" lon="4.403319"><ele>36.75</ele></trkpt>
   <trkpt lat="50.877859" lon="4.403119"><ele>38.5</ele></trkpt>
   <trkpt lat="50.877807" lon="4.403064"><ele>38.75</ele></trkpt>
   <trkpt lat="50.877752" lon="4.403007"><ele>39.25</ele></trkpt>
   <trkpt lat="50.877689" lon="4.402917"><ele>39.75</ele></trkpt>
   <trkpt lat="50.877431" lon="4.40249"><ele>42.25</ele></trkpt>
   <trkpt lat="50.877346" lon="4.402362"><ele>43</ele></trkpt>
   <trkpt lat="50.876957" lon="4.40177"><ele>44.25</ele></trkpt>
   <trkpt lat="50.876925" lon="4.401704"><ele>44</ele></trkpt>
   <trkpt lat="50.87691" lon="4.401653"><ele>44</ele></trkpt>
   <trkpt lat="50.876893" lon="4.401511"><ele>44</ele></trkpt>
   <trkpt lat="50.876921" lon="4.401115"><ele>45</ele></trkpt>
   <trkpt lat="50.876916" lon="4.400873"><ele>45</ele></trkpt>
   <trkpt lat="50.876883" lon="4.400626"><ele>45</ele></trkpt>
   <trkpt lat="50.876834" lon="4.400411"><ele>45.25</ele></trkpt>
   <trkpt lat="50.876827" lon="4.400376"><ele>45.25</ele></trkpt>
   <trkpt lat="50.876797" lon="4.400172"><ele>45.25</ele></trkpt>
   <trkpt lat="50.876775" lon="4.400015"><ele>45</ele></trkpt>
   <trkpt lat="50.876771" lon="4.4"><ele>45</ele></trkpt>
   <trkpt lat="50.876626" lon="4.399397"><ele>45</ele></trkpt>
   <trkpt lat="50.876514" lon="4.398998"><ele>44.5</ele></trkpt>
   <trkpt lat="50.876493" lon="4.398872"><ele>44.5</ele></trkpt>
   <trkpt lat="50.876481" lon="4.398748"><ele>44.5</ele></trkpt>
   <trkpt lat="50.876474" lon="4.397633"><ele>42.5</ele></trkpt>
   <trkpt lat="50.876459" lon="4.397244"><ele>41.25</ele></trkpt>
   <trkpt lat="50.876425" lon="4.396665"><ele>39.5</ele></trkpt>
   <trkpt lat="50.876386" lon="4.396275"><ele>40</ele></trkpt>
   <trkpt lat="50.876268" lon="4.394973"><ele>44.75</ele></trkpt>
   <trkpt lat="50.876187" lon="4.394381"><ele>45.5</ele></trkpt>
   <trkpt lat="50.876144" lon="4.394083"><ele>45.5</ele></trkpt>
   <trkpt lat="50.875994" lon="4.393303"><ele>45.25</ele></trkpt>
   <trkpt lat="50.875918" lon="4.392838"><ele>44.25</ele></trkpt>
   <trkpt lat="50.875908" lon="4.392775"><ele>44.25</ele></trkpt>
   <trkpt lat="50.875886" lon="4.392623"><ele>44</ele></trkpt>
   <trkpt lat="50.875867" lon="4.39248"><ele>43.75</ele></trkpt>
   <trkpt lat="50.875856" lon="4.392402"><ele>44</ele></trkpt>
   <trkpt lat="50.875831" lon="4.392315"><ele>44</ele></trkpt>
   <trkpt lat="50.875802" lon="4.392184"><ele>44</ele></trkpt>
   <trkpt lat="50.875699" lon="4.391422"><ele>44.25</ele></trkpt>
   <trkpt lat="50.875658" lon="4.391187"><ele>44.75</ele></trkpt>
   <trkpt lat="50.875598" lon="4.390976"><ele>44.5</ele></trkpt>
   <trkpt lat="50.875421" lon="4.39045"><ele>44</ele></trkpt>
   <trkpt lat="50.875056" lon="4.389401"><ele>43.75</ele></trkpt>
   <trkpt lat="50.875023" lon="4.389306"><ele>43.5</ele></trkpt>
   <trkpt lat="50.875009" lon="4.389265"><ele>43.25</ele></trkpt>
   <trkpt lat="50.874954" lon="4.389115"><ele>43</ele></trkpt>
   <trkpt lat="50.874913" lon="4.389008"><ele>43.25</ele></trkpt>
   <trkpt lat="50.874731" lon="4.388561"><ele>43.75</ele></trkpt>
   <trkpt lat="50.874664" lon="4.388419"><ele>44</ele></trkpt>
   <trkpt lat="50.874592" lon="4.388294"><ele>44</ele></trkpt>
   <trkpt lat="50.874408" lon="4.388025"><ele>44</ele></trkpt>
   <trkpt lat="50.874284" lon="4.387867"><ele>44</ele></trkpt>
   <trkpt lat="50.874127" lon="4.387691"><ele>44</ele></trkpt>
   <trkpt lat="50.873832" lon="4.387373"><ele>45</ele></trkpt>
   <trkpt lat="50.873763" lon="4.3873"><ele>45</ele></trkpt>
   <trkpt lat="50.873689" lon="4.387227"><ele>45</ele></trkpt>
   <trkpt lat="50.873357" lon="4.386912"><ele>44.75</ele></trkpt>
   <trkpt lat="50.87297" lon="4.386537"><ele>43.75</ele></trkpt>
   <trkpt lat="50.872775" lon="4.3863"><ele>42.75</ele></trkpt>
   <trkpt lat="50.872661" lon="4.386146"><ele>42.5</ele></trkpt>
   <trkpt lat="50.872309" lon="4.38563"><ele>40.25</ele></trkpt>
   <trkpt lat="50.872083" lon="4.385266"><ele>38.25</ele></trkpt>
   <trkpt lat="50.871983" lon="4.385081"><ele>38</ele></trkpt>
   <trkpt lat="50.871942" lon="4.385004"><ele>37.75</ele></trkpt>
   <trkpt lat="50.871592" lon="4.384355"><ele>35.75</ele></trkpt>
   <trkpt lat="50.871533" lon="4.384263"><ele>35.5</ele></trkpt>
   <trkpt lat="50.871485" lon="4.384199"><ele>35.25</ele></trkpt>
   <trkpt lat="50.871416" lon="4.384131"><ele>35</ele></trkpt>
   <trkpt lat="50.871303" lon="4.384055"><ele>35</ele></trkpt>
   <trkpt lat="50.871162" lon="4.383958"><ele>35</ele></trkpt>
   <trkpt lat="50.871103" lon="4.383914"><ele>35</ele></trkpt>
   <trkpt lat="50.871034" lon="4.383854"><ele>35.25</ele></trkpt>
   <trkpt lat="50.870926" lon="4.383742"><ele>35.25</ele></trkpt>
   <trkpt lat="50.870831" lon="4.38362"><ele>34</ele></trkpt>
   <trkpt lat="50.870355" lon="4.382798"><ele>36.5</ele></trkpt>
   <trkpt lat="50.870298" lon="4.382658"><ele>33.5</ele></trkpt>
   <trkpt lat="50.870084" lon="4.38208"><ele>31.25</ele></trkpt>
   <trkpt lat="50.870055" lon="4.381998"><ele>30.5</ele></trkpt>
   <trkpt lat="50.870038" lon="4.381924"><ele>30.25</ele></trkpt>
   <trkpt lat="50.870029" lon="4.381784"><ele>30</ele></trkpt>
   <trkpt lat="50.870038" lon="4.3817"><ele>30</ele></trkpt>
   <trkpt lat="50.87006" lon="4.381595"><ele>29.75</ele></trkpt>
   <trkpt lat="50.870079" lon="4.381522"><ele>29.75</ele></trkpt>
   <trkpt lat="50.870766" lon="4.378853"><ele>27</ele></trkpt>
   <trkpt lat="50.871276" lon="4.376928"><ele>24.75</ele></trkpt>
   <trkpt lat="50.871302" lon="4.376811"><ele>24.75</ele></trkpt>
   <trkpt lat="50.87131" lon="4.3767"><ele>24.75</ele></trkpt>
   <trkpt lat="50.871302" lon="4.376622"><ele>24.75</ele></trkpt>
   <trkpt lat="50.871277" lon="4.376524"><ele>24.75</ele></trkpt>
   <trkpt lat="50.871244" lon="4.376455"><ele>24.5</ele></trkpt>
   <trkpt lat="50.871215" lon="4.376408"><ele>24.5</ele></trkpt>
   <trkpt lat="50.871186" lon="4.376366"><ele>24.5</ele></trkpt>
   <trkpt lat="50.871171" lon="4.376341"><ele>24.25</ele></trkpt>
   <trkpt lat="50.871101" lon="4.376239"><ele>24.5</ele></trkpt>
   <trkpt lat="50.871069" lon="4.376163"><ele>24.75</ele></trkpt>
   <trkpt lat="50.871041" lon="4.376035"><ele>25</ele></trkpt>
   <trkpt lat="50.871038" lon="4.376015"><ele>25</ele></trkpt>
   <trkpt lat="50.87103" lon="4.37592"><ele>25</ele></trkpt>
   <trkpt lat="50.871022" lon="4.375862"><ele>25</ele></trkpt>
   <trkpt lat="50.870987" lon="4.37575"><ele>24.5</ele></trkpt>
   <trkpt lat="50.870974" lon="4.375719"><ele>24.5</ele></trkpt>
   <trkpt lat="50.870933" lon="4.375659"><ele>24.25</ele></trkpt>
   <trkpt lat="50.870891" lon="4.375611"><ele>24</ele></trkpt>
   <trkpt lat="50.870842" lon="4.375576"><ele>24</ele></trkpt>
   <trkpt lat="50.869975" lon="4.375072"><ele>25</ele></trkpt>
   <trkpt lat="50.869899" lon="4.375027"><ele>25.25</ele></trkpt>
   <trkpt lat="50.869882" lon="4.375017"><ele>25.25</ele></trkpt>
   <trkpt lat="50.869785" lon="4.37496"><ele>25.75</ele></trkpt>
   <trkpt lat="50.868925" lon="4.374464"><ele>28</ele></trkpt>
   <trkpt lat="50.868884" lon="4.374447"><ele>28</ele></trkpt>
   <trkpt lat="50.868843" lon="4.374443"><ele>28</ele></trkpt>
   <trkpt lat="50.868797" lon="4.374452"><ele>28.25</ele></trkpt>
   <trkpt lat="50.868757" lon="4.374479"><ele>28.5</ele></trkpt>
   <trkpt lat="50.86872" lon="4.374517"><ele>28.5</ele></trkpt>
   <trkpt lat="50.868691" lon="4.374569"><ele>28.75</ele></trkpt>
   <trkpt lat="50.86862" lon="4.374769"><ele>28.75</ele></trkpt>
   <trkpt lat="50.868599" lon="4.374826"><ele>29</ele></trkpt>
   <trkpt lat="50.868246" lon="4.37561"><ele>28.75</ele></trkpt>
   <trkpt lat="50.868206" lon="4.375701"><ele>28.25</ele></trkpt>
   <trkpt lat="50.868165" lon="4.375793"><ele>28</ele></trkpt>
   <trkpt lat="50.868054" lon="4.376034"><ele>28</ele></trkpt>
   <trkpt lat="50.868026" lon="4.376071"><ele>28</ele></trkpt>
   <trkpt lat="50.867975" lon="4.376108"><ele>28</ele></trkpt>
   <trkpt lat="50.867904" lon="4.376122"><ele>27.75</ele></trkpt>
   <trkpt lat="50.867493" lon="4.376002"><ele>28.25</ele></trkpt>
   <trkpt lat="50.867163" lon="4.375903"><ele>28.75</ele></trkpt>
   <trkpt lat="50.867029" lon="4.375862"><ele>28.75</ele></trkpt>
   <trkpt lat="50.866928" lon="4.375824"><ele>29</ele></trkpt>
   <trkpt lat="50.866879" lon="4.37579"><ele>29.25</ele></trkpt>
   <trkpt lat="50.86684" lon="4.375761"><ele>29.5</ele></trkpt>
   <trkpt lat="50.866774" lon="4.375695"><ele>30</ele></trkpt>
   <trkpt lat="50.86674" lon="4.37565"><ele>30.25</ele></trkpt>
   <trkpt lat="50.866405" lon="4.375147"><ele>32.75</ele></trkpt>
   <trkpt lat="50.866326" lon="4.375017"><ele>33</ele></trkpt>
   <trkpt lat="50.866297" lon="4.374958"><ele>33.25</ele></trkpt>
   <trkpt lat="50.866273" lon="4.374897"><ele>33.75</ele></trkpt>
   <trkpt lat="50.866255" lon="4.37487"><ele>33.75</ele></trkpt>
   <trkpt lat="50.866173" lon="4.374741"><ele>34.5</ele></trkpt>
   <trkpt lat="50.866115" lon="4.374661"><ele>34.75</ele></trkpt>
   <trkpt lat="50.866045" lon="4.374594"><ele>35</ele></trkpt>
   <trkpt lat="50.865412" lon="4.374172"><ele>38</ele></trkpt>
   <trkpt lat="50.865211" lon="4.374039"><ele>38.5</ele></trkpt>
   <trkpt lat="50.865143" lon="4.373993"><ele>38.75</ele></trkpt>
   <trkpt lat="50.86509" lon="4.373957"><ele>38.75</ele></trkpt>
   <trkpt lat="50.865052" lon="4.373961"><ele>38.75</ele></trkpt>
   <trkpt lat="50.86498" lon="4.373936"><ele>39</ele></trkpt>
   <trkpt lat="50.864921" lon="4.3739"><ele>39.25</ele></trkpt>
   <trkpt lat="50.864906" lon="4.37389"><ele>39.25</ele></trkpt>
   <trkpt lat="50.864449" lon="4.373598"><ele>41</ele></trkpt>
   <trkpt lat="50.864313" lon="4.37352"><ele>41.25</ele></trkpt>
   <trkpt lat="50.864258" lon="4.373487"><ele>41.5</ele></trkpt>
   <trkpt lat="50.864022" lon="4.37336"><ele>42.25</ele></trkpt>
   <trkpt lat="50.863893" lon="4.373291"><ele>42.75</ele></trkpt>
   <trkpt lat="50.86351" lon="4.373087"><ele>43.25</ele></trkpt>
   <trkpt lat="50.863294" lon="4.372973"><ele>44</ele></trkpt>
   <trkpt lat="50.863004" lon="4.37282"><ele>44</ele></trkpt>
   <trkpt lat="50.862874" lon="4.37275"><ele>44.5</ele></trkpt>
   <trkpt lat="50.862357" lon="4.372469"><ele>46</ele></trkpt>
   <trkpt lat="50.862258" lon="4.372415"><ele>46</ele></trkpt>
   <trkpt lat="50.862144" lon="4.372354"><ele>46</ele></trkpt>
   <trkpt lat="50.861795" lon="4.372156"><ele>46.5</ele></trkpt>
   <trkpt lat="50.861478" lon="4.371979"><ele>47</ele></trkpt>
   <trkpt lat="50.861402" lon="4.371936"><ele>47</ele></trkpt>
   <trkpt lat="50.860864" lon="4.371636"><ele>48</ele></trkpt>
   <trkpt lat="50.860777" lon="4.371587"><ele>48</ele></trkpt>
   <trkpt lat="50.860768" lon="4.371586"><ele>48</ele></trkpt>
   <trkpt lat="50.860756" lon="4.371575"><ele>48.25</ele></trkpt>
   <trkpt lat="50.860745" lon="4.37157"><ele>48.25</ele></trkpt>
   <trkpt lat="50.860736" lon="4.371566"><ele>48.25</ele></trkpt>
   <trkpt lat="50.860663" lon="4.37153"><ele>48.5</ele></trkpt>
   <trkpt lat="50.860511" lon="4.371444"><ele>49</ele></trkpt>
   <trkpt lat="50.860142" lon="4.371234"><ele>50</ele></trkpt>
   <trkpt lat="50.859434" lon="4.37082"><ele>51</ele></trkpt>
   <trkpt lat="50.859383" lon="4.370791"><ele>51.25</ele></trkpt>
   <trkpt lat="50.859312" lon="4.370748"><ele>51.5</ele></trkpt>
   <trkpt lat="50.859257" lon="4.370688"><ele>51.75</ele></trkpt>
   <trkpt lat="50.859221" lon="4.370628"><ele>51.75</ele></trkpt>
   <trkpt lat="50.859189" lon="4.37055"><ele>52</ele></trkpt>
   <trkpt lat="50.859093" lon="4.370193"><ele>52.25</ele></trkpt>
   <trkpt lat="50.858996" lon="4.369761"><ele>52.5</ele></trkpt>
   <trkpt lat="50.858991" lon="4.369741"><ele>52.5</ele></trkpt>
   <trkpt lat="50.858844" lon="4.369251"><ele>53</ele></trkpt>
   <trkpt lat="50.858757" lon="4.369002"><ele>53</ele></trkpt>
   <trkpt lat="50.858718" lon="4.368907"><ele>53</ele></trkpt>
   <trkpt lat="50.858603" lon="4.368628"><ele>52</ele></trkpt>
   <trkpt lat="50.858546" lon="4.368539"><ele>52</ele></trkpt>
   <trkpt lat="50.858505" lon="4.368494"><ele>52</ele></trkpt>
   <trkpt lat="50.858459" lon="4.368457"><ele>52</ele></trkpt>
   <trkpt lat="50.858439" lon="4.368442"><ele>52</ele></trkpt>
   <trkpt lat="50.858396" lon="4.368418"><ele>52</ele></trkpt>
   <trkpt lat="50.858313" lon="4.368372"><ele>52</ele></trkpt>
   <trkpt lat="50.85751" lon="4.367956"><ele>52</ele></trkpt>
   <trkpt lat="50.856144" lon="4.367247"><ele>50</ele></trkpt>
   <trkpt lat="50.856059" lon="4.367203"><ele>49.75</ele></trkpt>
   <trkpt lat="50.855764" lon="4.367051"><ele>49.75</ele></trkpt>
   <trkpt lat="50.855661" lon="4.366999"><ele>49.5</ele></trkpt>
   <trkpt lat="50.855572" lon="4.366953"><ele>49</ele></trkpt>
   <trkpt lat="50.855506" lon="4.366919"><ele>49</ele></trkpt>
   <trkpt lat="50.85485" lon="4.36658"><ele>48.25</ele></trkpt>
   <trkpt lat="50.854723" lon="4.366512"><ele>48</ele></trkpt>
   <trkpt lat="50.85458" lon="4.366439"><ele>48</ele></trkpt>
   <trkpt lat="50.853918" lon="4.366101"><ele>46.75</ele></trkpt>
   <trkpt lat="50.853902" lon="4.366093"><ele>46.75</ele></trkpt>
   <trkpt lat="50.853828" lon="4.366054"><ele>46.5</ele></trkpt>
   <trkpt lat="50.853741" lon="4.366008"><ele>46.5</ele></trkpt>
   <trkpt lat="50.853694" lon="4.365983"><ele>46.5</ele></trkpt>
   <trkpt lat="50.853293" lon="4.365769"><ele>46.75</ele></trkpt>
   <trkpt lat="50.853216" lon="4.365726"><ele>46.5</ele></trkpt>
   <trkpt lat="50.85313" lon="4.365677"><ele>46.25</ele></trkpt>
   <trkpt lat="50.853064" lon="4.36564"><ele>46.25</ele></trkpt>
   <trkpt lat="50.852981" lon="4.365596"><ele>46.25</ele></trkpt>
   <trkpt lat="50.85293" lon="4.365567"><ele>46.25</ele></trkpt>
   <trkpt lat="50.852657" lon="4.365425"><ele>46.75</ele></trkpt>
   <trkpt lat="50.852323" lon="4.365266"><ele>47.5</ele></trkpt>
   <trkpt lat="50.852247" lon="4.36523"><ele>47.5</ele></trkpt>
   <trkpt lat="50.851778" lon="4.364991"><ele>47.75</ele></trkpt>
   <trkpt lat="50.850878" lon="4.364524"><ele>49.75</ele></trkpt>
   <trkpt lat="50.850833" lon="4.3645"><ele>50</ele></trkpt>
   <trkpt lat="50.850791" lon="4.364478"><ele>50</ele></trkpt>
   <trkpt lat="50.850693" lon="4.364425"><ele>49.75</ele></trkpt>
   <trkpt lat="50.850405" lon="4.364278"><ele>50</ele></trkpt>
   <trkpt lat="50.850299" lon="4.364225"><ele>50</ele></trkpt>
   <trkpt lat="50.849983" lon="4.364057"><ele>51</ele></trkpt>
   <trkpt lat="50.849681" lon="4.363902"><ele>51</ele></trkpt>
   <trkpt lat="50.849589" lon="4.363854"><ele>50.75</ele></trkpt>
   <trkpt lat="50.849227" lon="4.363665"><ele>51.75</ele></trkpt>
   <trkpt lat="50.848392" lon="4.36323"><ele>53.25</ele></trkpt>
   <trkpt lat="50.847985" lon="4.363019"><ele>54.25</ele></trkpt>
   <trkpt lat="50.847865" lon="4.362957"><ele>54.5</ele></trkpt>
   <trkpt lat="50.847664" lon="4.362853"><ele>55.25</ele></trkpt>
   <trkpt lat="50.847611" lon="4.362825"><ele>55.5</ele></trkpt>
   <trkpt lat="50.847542" lon="4.362789"><ele>55.75</ele></trkpt>
   <trkpt lat="50.846955" lon="4.362485"><ele>56.75</ele></trkpt>
   <trkpt lat="50.846893" lon="4.362453"><ele>57</ele></trkpt>
   <trkpt lat="50.846853" lon="4.362432"><ele>57.25</ele></trkpt>
   <trkpt lat="50.846735" lon="4.362371"><ele>57.75</ele></trkpt>
   <trkpt lat="50.846691" lon="4.362348"><ele>57.75</ele></trkpt>
   <trkpt lat="50.845534" lon="4.361744"><ele>58</ele></trkpt>
   <trkpt lat="50.84541" lon="4.361679"><ele>58</ele></trkpt>
   <trkpt lat="50.844148" lon="4.361024"><ele>58</ele></trkpt>
   <trkpt lat="50.844023" lon="4.360959"><ele>58</ele></trkpt>
   <trkpt lat="50.843993" lon="4.360942"><ele>58</ele></trkpt>
   <trkpt lat="50.84336" lon="4.360624"><ele>58.75</ele></trkpt>
   <trkpt lat="50.843171" lon="4.360522"><ele>58.75</ele></trkpt>
   <trkpt lat="50.842969" lon="4.360418"><ele>59.5</ele></trkpt>
   <trkpt lat="50.842921" lon="4.360378"><ele>59.75</ele></trkpt>
   <trkpt lat="50.842885" lon="4.360336"><ele>59.75</ele></trkpt>
   <trkpt lat="50.842641" lon="4.36"><ele>60</ele></trkpt>
   <trkpt lat="50.842603" lon="4.359936"><ele>60</ele></trkpt>
   <trkpt lat="50.842588" lon="4.359909"><ele>60</ele></trkpt>
   <trkpt lat="50.842525" lon="4.359773"><ele>60.5</ele></trkpt>
   <trkpt lat="50.842442" lon="4.359497"><ele>60.25</ele></trkpt>
   <trkpt lat="50.842382" lon="4.359378"><ele>60.25</ele></trkpt>
   <trkpt lat="50.842346" lon="4.359326"><ele>60.5</ele></trkpt>
   <trkpt lat="50.842266" lon="4.359242"><ele>60.75</ele></trkpt>
   <trkpt lat="50.842222" lon="4.359209"><ele>61</ele></trkpt>
   <trkpt lat="50.842082" lon="4.35915"><ele>60.75</ele></trkpt>
   <trkpt lat="50.841995" lon="4.359086"><ele>60.75</ele></trkpt>
   <trkpt lat="50.841967" lon="4.359053"><ele>60.75</ele></trkpt>
   <trkpt lat="50.841918" lon="4.358989"><ele>61</ele></trkpt>
   <trkpt lat="50.841767" lon="4.358777"><ele>60.5</ele></trkpt>
   <trkpt lat="50.841662" lon="4.358631"><ele>60</ele></trkpt>
   <trkpt lat="50.841494" lon="4.358396"><ele>60</ele></trkpt>
   <trkpt lat="50.841149" lon="4.357909"><ele>58.25</ele></trkpt>
   <trkpt lat="50.841078" lon="4.357808"><ele>57.75</ele></trkpt>
   <trkpt lat="50.840713" lon="4.357296"><ele>55.75</ele></trkpt>
   <trkpt lat="50.840585" lon="4.357127"><ele>55.5</ele></trkpt>
   <trkpt lat="50.840534" lon="4.357056"><ele>55.25</ele></trkpt>
   <trkpt lat="50.840585" lon="4.357127"><ele>55.5</ele></trkpt>
   <trkpt lat="50.840713" lon="4.357296"><ele>55.75</ele></trkpt>
   <trkpt lat="50.841078" lon="4.357808"><ele>57.75</ele></trkpt>
   <trkpt lat="50.841149" lon="4.357909"><ele>58.25</ele></trkpt>
   <trkpt lat="50.841494" lon="4.358396"><ele>60</ele></trkpt>
   <trkpt lat="50.841662" lon="4.358631"><ele>60</ele></trkpt>
   <trkpt lat="50.841767" lon="4.358777"><ele>60.5</ele></trkpt>
   <trkpt lat="50.841918" lon="4.358989"><ele>61</ele></trkpt>
   <trkpt lat="50.841967" lon="4.359053"><ele>60.75</ele></trkpt>
   <trkpt lat="50.841995" lon="4.359086"><ele>60.75</ele></trkpt>
   <trkpt lat="50.842082" lon="4.35915"><ele>60.75</ele></trkpt>
   <trkpt lat="50.842222" lon="4.359209"><ele>61</ele></trkpt>
   <trkpt lat="50.842266" lon="4.359242"><ele>60.75</ele></trkpt>
   <trkpt lat="50.842346" lon="4.359326"><ele>60.5</ele></trkpt>
   <trkpt lat="50.842382" lon="4.359378"><ele>60.25</ele></trkpt>
   <trkpt lat="50.842442" lon="4.359497"><ele>60.25</ele></trkpt>
   <trkpt lat="50.842525" lon="4.359773"><ele>60.5</ele></trkpt>
   <trkpt lat="50.842588" lon="4.359909"><ele>60</ele></trkpt>
   <trkpt lat="50.842603" lon="4.359936"><ele>60</ele></trkpt>
   <trkpt lat="50.842641" lon="4.36"><ele>60</ele></trkpt>
   <trkpt lat="50.842885" lon="4.360336"><ele>59.75</ele></trkpt>
   <trkpt lat="50.842921" lon="4.360378"><ele>59.75</ele></trkpt>
   <trkpt lat="50.842969" lon="4.360418"><ele>59.5</ele></trkpt>
   <trkpt lat="50.843171" lon="4.360522"><ele>58.75</ele></trkpt>
   <trkpt lat="50.84336" lon="4.360624"><ele>58.75</ele></trkpt>
   <trkpt lat="50.843993" lon="4.360942"><ele>58</ele></trkpt>
   <trkpt lat="50.844023" lon="4.360959"><ele>58</ele></trkpt>
   <trkpt lat="50.844148" lon="4.361024"><ele>58</ele></trkpt>
   <trkpt lat="50.84541" lon="4.361679"><ele>58</ele></trkpt>
   <trkpt lat="50.845534" lon="4.361744"><ele>58</ele></trkpt>
   <trkpt lat="50.846691" lon="4.362348"><ele>57.75</ele></trkpt>
   <trkpt lat="50.846735" lon="4.362371"><ele>57.75</ele></trkpt>
   <trkpt lat="50.846853" lon="4.362432"><ele>57.25</ele></trkpt>
   <trkpt lat="50.846893" lon="4.362453"><ele>57</ele></trkpt>
   <trkpt lat="50.846955" lon="4.362485"><ele>56.75</ele></trkpt>
   <trkpt lat="50.847542" lon="4.362789"><ele>55.75</ele></trkpt>
   <trkpt lat="50.847611" lon="4.362825"><ele>55.5</ele></trkpt>
   <trkpt lat="50.847664" lon="4.362853"><ele>55.25</ele></trkpt>
   <trkpt lat="50.847865" lon="4.362957"><ele>54.5</ele></trkpt>
   <trkpt lat="50.847985" lon="4.363019"><ele>54.25</ele></trkpt>
   <trkpt lat="50.848392" lon="4.36323"><ele>53.25</ele></trkpt>
   <trkpt lat="50.849227" lon="4.363665"><ele>51.75</ele></trkpt>
   <trkpt lat="50.849589" lon="4.363854"><ele>50.75</ele></trkpt>
   <trkpt lat="50.849681" lon="4.363902"><ele>51</ele></trkpt>
   <trkpt lat="50.849983" lon="4.364057"><ele>51</ele></trkpt>
   <trkpt lat="50.850299" lon="4.364225"><ele>50</ele></trkpt>
   <trkpt lat="50.850405" lon="4.364278"><ele>50</ele></trkpt>
   <trkpt lat="50.850693" lon="4.364425"><ele>49.75</ele></trkpt>
   <trkpt lat="50.850791" lon="4.364478"><ele>50</ele></trkpt>
   <trkpt lat="50.850833" lon="4.3645"><ele>50</ele></trkpt>
   <trkpt lat="50.850878" lon="4.364524"><ele>49.75</ele></trkpt>
   <trkpt lat="50.851778" lon="4.364991"><ele>47.75</ele></trkpt>
   <trkpt lat="50.852247" lon="4.36523"><ele>47.5</ele></trkpt>
   <trkpt lat="50.852323" lon="4.365266"><ele>47.5</ele></trkpt>
   <trkpt lat="50.852657" lon="4.365425"><ele>46.75</ele></trkpt>
   <trkpt lat="50.85293" lon="4.365567"><ele>46.25</ele></trkpt>
   <trkpt lat="50.852981" lon="4.365596"><ele>46.25</ele></trkpt>
   <trkpt lat="50.853064" lon="4.36564"><ele>46.25</ele></trkpt>
   <trkpt lat="50.85313" lon="4.365677"><ele>46.25</ele></trkpt>
   <trkpt lat="50.853216" lon="4.365726"><ele>46.5</ele></trkpt>
   <trkpt lat="50.853293" lon="4.365769"><ele>46.75</ele></trkpt>
   <trkpt lat="50.853694" lon="4.365983"><ele>46.5</ele></trkpt>
   <trkpt lat="50.853741" lon="4.366008"><ele>46.5</ele></trkpt>
   <trkpt lat="50.853827" lon="4.366037"><ele>46.5</ele></trkpt>
   <trkpt lat="50.853833" lon="4.366039"><ele>46.5</ele></trkpt>
   <trkpt lat="50.853908" lon="4.36606"><ele>46.5</ele></trkpt>
   <trkpt lat="50.853951" lon="4.366072"><ele>46.5</ele></trkpt>
   <trkpt lat="50.854587" lon="4.366402"><ele>48</ele></trkpt>
   <trkpt lat="50.85473" lon="4.366477"><ele>48</ele></trkpt>
   <trkpt lat="50.854858" lon="4.366543"><ele>48.25</ele></trkpt>
   <trkpt lat="50.855514" lon="4.366883"><ele>49</ele></trkpt>
   <trkpt lat="50.85558" lon="4.366917"><ele>49</ele></trkpt>
   <trkpt lat="50.855669" lon="4.366963"><ele>49.25</ele></trkpt>
   <trkpt lat="50.855771" lon="4.367017"><ele>49.75</ele></trkpt>
   <trkpt lat="50.855786" lon="4.367025"><ele>49.75</ele></trkpt>
   <trkpt lat="50.856152" lon="4.367213"><ele>49.75</ele></trkpt>
   <trkpt lat="50.857517" lon="4.367922"><ele>52</ele></trkpt>
   <trkpt lat="50.858052" lon="4.368199"><ele>52</ele></trkpt>
   <trkpt lat="50.858273" lon="4.368312"><ele>52</ele></trkpt>
   <trkpt lat="50.858404" lon="4.368382"><ele>52</ele></trkpt>
   <trkpt lat="50.858413" lon="4.368387"><ele>52</ele></trkpt>
   <trkpt lat="50.858447" lon="4.368405"><ele>52</ele></trkpt>
   <trkpt lat="50.858468" lon="4.368417"><ele>52</ele></trkpt>
   <trkpt lat="50.858519" lon="4.368455"><ele>52</ele></trkpt>
   <trkpt lat="50.858567" lon="4.368505"><ele>52</ele></trkpt>
   <trkpt lat="50.858625" lon="4.368596"><ele>52</ele></trkpt>
   <trkpt lat="50.858722" lon="4.368835"><ele>52.75</ele></trkpt>
   <trkpt lat="50.858741" lon="4.368884"><ele>52.75</ele></trkpt>
   <trkpt lat="50.858809" lon="4.369057"><ele>53</ele></trkpt>
   <trkpt lat="50.858867" lon="4.369231"><ele>53</ele></trkpt>
   <trkpt lat="50.858958" lon="4.369521"><ele>52.75</ele></trkpt>
   <trkpt lat="50.85902" lon="4.369744"><ele>52.5</ele></trkpt>
   <trkpt lat="50.859109" lon="4.370141"><ele>52</ele></trkpt>
   <trkpt lat="50.85918" lon="4.370421"><ele>52</ele></trkpt>
   <trkpt lat="50.859215" lon="4.370533"><ele>52</ele></trkpt>
   <trkpt lat="50.859248" lon="4.370606"><ele>51.75</ele></trkpt>
   <trkpt lat="50.85931" lon="4.370688"><ele>51.75</ele></trkpt>
   <trkpt lat="50.859392" lon="4.370751"><ele>51.25</ele></trkpt>
   <trkpt lat="50.859443" lon="4.37078"><ele>51</ele></trkpt>
   <trkpt lat="50.86" lon="4.371095"><ele>50</ele></trkpt>
   <trkpt lat="50.860154" lon="4.371182"><ele>50</ele></trkpt>
   <trkpt lat="50.860169" lon="4.371191"><ele>50</ele></trkpt>
   <trkpt lat="50.860673" lon="4.37148"><ele>48.5</ele></trkpt>
   <trkpt lat="50.860752" lon="4.371528"><ele>48.25</ele></trkpt>
   <trkpt lat="50.860765" lon="4.371536"><ele>48</ele></trkpt>
   <trkpt lat="50.860777" lon="4.371543"><ele>48</ele></trkpt>
   <trkpt lat="50.860873" lon="4.371596"><ele>48</ele></trkpt>
   <trkpt lat="50.86141" lon="4.371904"><ele>47</ele></trkpt>
   <trkpt lat="50.861485" lon="4.371946"><ele>47</ele></trkpt>
   <trkpt lat="50.862152" lon="4.372313"><ele>46</ele></trkpt>
   <trkpt lat="50.862365" lon="4.372435"><ele>46</ele></trkpt>
   <trkpt lat="50.862882" lon="4.372713"><ele>44.5</ele></trkpt>
   <trkpt lat="50.862956" lon="4.372753"><ele>44.25</ele></trkpt>
   <trkpt lat="50.863012" lon="4.372782"><ele>44</ele></trkpt>
   <trkpt lat="50.863302" lon="4.372936"><ele>44</ele></trkpt>
   <trkpt lat="50.863518" lon="4.373051"><ele>43.25</ele></trkpt>
   <trkpt lat="50.863614" lon="4.373102"><ele>43</ele></trkpt>
   <trkpt lat="50.8639" lon="4.373255"><ele>42.75</ele></trkpt>
   <trkpt lat="50.864021" lon="4.37332"><ele>42.5</ele></trkpt>
   <trkpt lat="50.864059" lon="4.373338"><ele>42.25</ele></trkpt>
   <trkpt lat="50.864337" lon="4.373489"><ele>41.25</ele></trkpt>
   <trkpt lat="50.864459" lon="4.373555"><ele>40.75</ele></trkpt>
   <trkpt lat="50.864952" lon="4.373869"><ele>39</ele></trkpt>
   <trkpt lat="50.86509" lon="4.373957"><ele>38.75</ele></trkpt>
   <trkpt lat="50.865143" lon="4.373993"><ele>38.75</ele></trkpt>
   <trkpt lat="50.865211" lon="4.374039"><ele>38.5</ele></trkpt>
   <trkpt lat="50.865412" lon="4.374172"><ele>38</ele></trkpt>
   <trkpt lat="50.866045" lon="4.374594"><ele>35</ele></trkpt>
   <trkpt lat="50.866115" lon="4.374661"><ele>34.75</ele></trkpt>
   <trkpt lat="50.866173" lon="4.374741"><ele>34.5</ele></trkpt>
   <trkpt lat="50.866255" lon="4.37487"><ele>33.75</ele></trkpt>
   <trkpt lat="50.866273" lon="4.374897"><ele>33.75</ele></trkpt>
   <trkpt lat="50.866297" lon="4.374958"><ele>33.25</ele></trkpt>
   <trkpt lat="50.866326" lon="4.375017"><ele>33</ele></trkpt>
   <trkpt lat="50.866405" lon="4.375147"><ele>32.75</ele></trkpt>
   <trkpt lat="50.86674" lon="4.37565"><ele>30.25</ele></trkpt>
   <trkpt lat="50.866774" lon="4.375695"><ele>30</ele></trkpt>
   <trkpt lat="50.86684" lon="4.375761"><ele>29.5</ele></trkpt>
   <trkpt lat="50.866879" lon="4.37579"><ele>29.25</ele></trkpt>
   <trkpt lat="50.866928" lon="4.375824"><ele>29</ele></trkpt>
   <trkpt lat="50.867029" lon="4.375862"><ele>28.75</ele></trkpt>
   <trkpt lat="50.867163" lon="4.375903"><ele>28.75</ele></trkpt>
   <trkpt lat="50.867493" lon="4.376002"><ele>28.25</ele></trkpt>
   <trkpt lat="50.867904" lon="4.376122"><ele>27.75</ele></trkpt>
   <trkpt lat="50.867975" lon="4.376108"><ele>28</ele></trkpt>
   <trkpt lat="50.868026" lon="4.376071"><ele>28</ele></trkpt>
   <trkpt lat="50.868054" lon="4.376034"><ele>28</ele></trkpt>
   <trkpt lat="50.868165" lon="4.375793"><ele>28</ele></trkpt>
   <trkpt lat="50.868206" lon="4.375701"><ele>28.25</ele></trkpt>
   <trkpt lat="50.868246" lon="4.37561"><ele>28.75</ele></trkpt>
   <trkpt lat="50.868599" lon="4.374826"><ele>29</ele></trkpt>
   <trkpt lat="50.86862" lon="4.374769"><ele>28.75</ele></trkpt>
   <trkpt lat="50.868691" lon="4.374569"><ele>28.75</ele></trkpt>
   <trkpt lat="50.86872" lon="4.374517"><ele>28.5</ele></trkpt>
   <trkpt lat="50.868757" lon="4.374479"><ele>28.5</ele></trkpt>
   <trkpt lat="50.868797" lon="4.374452"><ele>28.25</ele></trkpt>
   <trkpt lat="50.868843" lon="4.374443"><ele>28</ele></trkpt>
   <trkpt lat="50.868884" lon="4.374447"><ele>28</ele></trkpt>
   <trkpt lat="50.868925" lon="4.374464"><ele>28</ele></trkpt>
   <trkpt lat="50.869785" lon="4.37496"><ele>25.75</ele></trkpt>
   <trkpt lat="50.869882" lon="4.375017"><ele>25.25</ele></trkpt>
   <trkpt lat="50.869899" lon="4.375027"><ele>25.25</ele></trkpt>
   <trkpt lat="50.869975" lon="4.375072"><ele>25</ele></trkpt>
   <trkpt lat="50.870842" lon="4.375576"><ele>24</ele></trkpt>
   <trkpt lat="50.870891" lon="4.375611"><ele>24</ele></trkpt>
   <trkpt lat="50.870933" lon="4.375659"><ele>24.25</ele></trkpt>
   <trkpt lat="50.870974" lon="4.375719"><ele>24.5</ele></trkpt>
   <trkpt lat="50.870987" lon="4.37575"><ele>24.5</ele></trkpt>
   <trkpt lat="50.871022" lon="4.375862"><ele>25</ele></trkpt>
   <trkpt lat="50.87103" lon="4.37592"><ele>25</ele></trkpt>
   <trkpt lat="50.871038" lon="4.376015"><ele>25</ele></trkpt>
   <trkpt lat="50.871041" lon="4.376035"><ele>25</ele></trkpt>
   <trkpt lat="50.871069" lon="4.376163"><ele>24.75</ele></trkpt>
   <trkpt lat="50.871101" lon="4.376239"><ele>24.5</ele></trkpt>
   <trkpt lat="50.871171" lon="4.376341"><ele>24.25</ele></trkpt>
   <trkpt lat="50.871186" lon="4.376366"><ele>24.5</ele></trkpt>
   <trkpt lat="50.871215" lon="4.376408"><ele>24.5</ele></trkpt>
   <trkpt lat="50.871244" lon="4.376455"><ele>24.5</ele></trkpt>
   <trkpt lat="50.871277" lon="4.376524"><ele>24.75</ele></trkpt>
   <trkpt lat="50.871302" lon="4.376622"><ele>24.75</ele></trkpt>
   <trkpt lat="50.87131" lon="4.3767"><ele>24.75</ele></trkpt>
   <trkpt lat="50.871302" lon="4.376811"><ele>24.75</ele></trkpt>
   <trkpt lat="50.871276" lon="4.376928"><ele>24.75</ele></trkpt>
   <trkpt lat="50.870766" lon="4.378853"><ele>27</ele></trkpt>
   <trkpt lat="50.870079" lon="4.381522"><ele>29.75</ele></trkpt>
   <trkpt lat="50.87006" lon="4.381595"><ele>29.75</ele></trkpt>
   <trkpt lat="50.870038" lon="4.3817"><ele>30</ele></trkpt>
   <trkpt lat="50.870029" lon="4.381784"><ele>30</ele></trkpt>
   <trkpt lat="50.870038" lon="4.381924"><ele>30.25</ele></trkpt>
   <trkpt lat="50.870055" lon="4.381998"><ele>30.5</ele></trkpt>
   <trkpt lat="50.870084" lon="4.38208"><ele>31.25</ele></trkpt>
   <trkpt lat="50.870298" lon="4.382658"><ele>33.5</ele></trkpt>
   <trkpt lat="50.870355" lon="4.382798"><ele>36.5</ele></trkpt>
   <trkpt lat="50.870831" lon="4.38362"><ele>34</ele></trkpt>
   <trkpt lat="50.870926" lon="4.383742"><ele>35.25</ele></trkpt>
   <trkpt lat="50.871034" lon="4.383854"><ele>35.25</ele></trkpt>
   <trkpt lat="50.871103" lon="4.383914"><ele>35</ele></trkpt>
   <trkpt lat="50.871162" lon="4.383958"><ele>35</ele></trkpt>
   <trkpt lat="50.871303" lon="4.384055"><ele>35</ele></trkpt>
   <trkpt lat="50.871416" lon="4.384131"><ele>35</ele></trkpt>
   <trkpt lat="50.871485" lon="4.384199"><ele>35.25</ele></trkpt>
   <trkpt lat="50.871533" lon="4.384263"><ele>35.5</ele></trkpt>
   <trkpt lat="50.871592" lon="4.384355"><ele>35.75</ele></trkpt>
   <trkpt lat="50.871942" lon="4.385004"><ele>37.75</ele></trkpt>
   <trkpt lat="50.871983" lon="4.385081"><ele>38</ele></trkpt>
   <trkpt lat="50.872083" lon="4.385266"><ele>38.25</ele></trkpt>
   <trkpt lat="50.872309" lon="4.38563"><ele>40.25</ele></trkpt>
   <trkpt lat="50.872661" lon="4.386146"><ele>42.5</ele></trkpt>
   <trkpt lat="50.872775" lon="4.3863"><ele>42.75</ele></trkpt>
   <trkpt lat="50.87297" lon="4.386537"><ele>43.75</ele></trkpt>
   <trkpt lat="50.873357" lon="4.386912"><ele>44.75</ele></trkpt>
   <trkpt lat="50.873689" lon="4.387227"><ele>45</ele></trkpt>
   <trkpt lat="50.873763" lon="4.3873"><ele>45</ele></trkpt>
   <trkpt lat="50.873832" lon="4.387373"><ele>45</ele></trkpt>
   <trkpt lat="50.874127" lon="4.387691"><ele>44</ele></trkpt>
   <trkpt lat="50.874284" lon="4.387867"><ele>44</ele></trkpt>
   <trkpt lat="50.874408" lon="4.388025"><ele>44</ele></trkpt>
   <trkpt lat="50.874592" lon="4.388294"><ele>44</ele></trkpt>
   <trkpt lat="50.874664" lon="4.388419"><ele>44</ele></trkpt>
   <trkpt lat="50.874731" lon="4.388561"><ele>43.75</ele></trkpt>
   <trkpt lat="50.874913" lon="4.389008"><ele>43.25</ele></trkpt>
   <trkpt lat="50.874954" lon="4.389115"><ele>43</ele></trkpt>
   <trkpt lat="50.875009" lon="4.389265"><ele>43.25</ele></trkpt>
   <trkpt lat="50.875023" lon="4.389306"><ele>43.5</ele></trkpt>
   <trkpt lat="50.875056" lon="4.389401"><ele>43.75</ele></trkpt>
   <trkpt lat="50.875421" lon="4.39045"><ele>44</ele></trkpt>
   <trkpt lat="50.875598" lon="4.390976"><ele>44.5</ele></trkpt>
   <trkpt lat="50.875658" lon="4.391187"><ele>44.75</ele></trkpt>
   <trkpt lat="50.875699" lon="4.391422"><ele>44.25</ele></trkpt>
   <trkpt lat="50.875802" lon="4.392184"><ele>44</ele></trkpt>
   <trkpt lat="50.875831" lon="4.392315"><ele>44</ele></trkpt>
   <trkpt lat="50.875856" lon="4.392402"><ele>44</ele></trkpt>
   <trkpt lat="50.875867" lon="4.39248"><ele>43.75</ele></trkpt>
   <trkpt lat="50.875886" lon="4.392623"><ele>44</ele></trkpt>
   <trkpt lat="50.875908" lon="4.392775"><ele>44.25</ele></trkpt>
   <trkpt lat="50.875918" lon="4.392838"><ele>44.25</ele></trkpt>
   <trkpt lat="50.875994" lon="4.393303"><ele>45.25</ele></trkpt>
   <trkpt lat="50.876144" lon="4.394083"><ele>45.5</ele></trkpt>
   <trkpt lat="50.876187" lon="4.394381"><ele>45.5</ele></trkpt>
   <trkpt lat="50.876268" lon="4.394973"><ele>44.75</ele></trkpt>
   <trkpt lat="50.876386" lon="4.396275"><ele>40</ele></trkpt>
   <trkpt lat="50.876425" lon="4.396665"><ele>39.5</ele></trkpt>
   <trkpt lat="50.876459" lon="4.397244"><ele>41.25</ele></trkpt>
   <trkpt lat="50.876474" lon="4.397633"><ele>42.5</ele></trkpt>
   <trkpt lat="50.876481" lon="4.398748"><ele>44.5</ele></trkpt>
   <trkpt lat="50.876493" lon="4.398872"><ele>44.5</ele></trkpt>
   <trkpt lat="50.876514" lon="4.398998"><ele>44.5</ele></trkpt>
   <trkpt lat="50.876626" lon="4.399397"><ele>45</ele></trkpt>
   <trkpt lat="50.876771" lon="4.4"><ele>45</ele></trkpt>
   <trkpt lat="50.876775" lon="4.400015"><ele>45</ele></trkpt>
   <trkpt lat="50.876797" lon="4.400172"><ele>45.25</ele></trkpt>
   <trkpt lat="50.876827" lon="4.400376"><ele>45.25</ele></trkpt>
   <trkpt lat="50.876834" lon="4.400411"><ele>45.25</ele></trkpt>
   <trkpt lat="50.876883" lon="4.400626"><ele>45</ele></trkpt>
   <trkpt lat="50.876916" lon="4.400873"><ele>45</ele></trkpt>
   <trkpt lat="50.876921" lon="4.401115"><ele>45</ele></trkpt>
   <trkpt lat="50.876893" lon="4.401511"><ele>44</ele></trkpt>
   <trkpt lat="50.87691" lon="4.401653"><ele>44</ele></trkpt>
   <trkpt lat="50.876925" lon="4.401704"><ele>44</ele></trkpt>
   <trkpt lat="50.876957" lon="4.40177"><ele>44.25</ele></trkpt>
   <trkpt lat="50.877346" lon="4.402362"><ele>43</ele></trkpt>
   <trkpt lat="50.877431" lon="4.40249"><ele>42.25</ele></trkpt>
   <trkpt lat="50.877689" lon="4.402917"><ele>39.75</ele></trkpt>
   <trkpt lat="50.877752" lon="4.403007"><ele>39.25</ele></trkpt>
   <trkpt lat="50.877807" lon="4.403064"><ele>38.75</ele></trkpt>
   <trkpt lat="50.877859" lon="4.403119"><ele>38.5</ele></trkpt>
   <trkpt lat="50.878134" lon="4.403319"><ele>36.75</ele></trkpt>
   <trkpt lat="50.878187" lon="4.403358"><ele>36.5</ele></trkpt>
   <trkpt lat="50.878534" lon="4.40357"><ele>36</ele></trkpt>
   <trkpt lat="50.878628" lon="4.403625"><ele>35.75</ele></trkpt>
   <trkpt lat="50.878762" lon="4.403705"><ele>35.25</ele></trkpt>
   <trkpt lat="50.878987" lon="4.403843"><ele>34.5</ele></trkpt>
   <trkpt lat="50.879053" lon="4.403885"><ele>34.25</ele></trkpt>
   <trkpt lat="50.879117" lon="4.403926"><ele>34.25</ele></trkpt>
   <trkpt lat="50.879183" lon="4.403985"><ele>34.25</ele></trkpt>
   <trkpt lat="50.879227" lon="4.404074"><ele>34.25</ele></trkpt>
   <trkpt lat="50.879241" lon="4.404132"><ele>34.5</ele></trkpt>
   <trkpt lat="50.879249" lon="4.40422"><ele>34.75</ele></trkpt>
   <trkpt lat="50.879236" lon="4.404509"><ele>35.5</ele></trkpt>
   <trkpt lat="50.879199" lon="4.405086"><ele>36.25</ele></trkpt>
   <trkpt lat="50.879183" lon="4.405394"><ele>37</ele></trkpt>
   <trkpt lat="50.879185" lon="4.405471"><ele>36.75</ele></trkpt>
   <trkpt lat="50.87921" lon="4.405615"><ele>37</ele></trkpt>
   <trkpt lat="50.879244" lon="4.405715"><ele>37.5</ele></trkpt>
   <trkpt lat="50.879288" lon="4.405811"><ele>37.75</ele></trkpt>
   <trkpt lat="50.879989" lon="4.407168"><ele>41</ele></trkpt>
   <trkpt lat="50.880159" lon="4.407493"><ele>41.75</ele></trkpt>
   <trkpt lat="50.880199" lon="4.407558"><ele>42</ele></trkpt>
   <trkpt lat="50.880244" lon="4.407625"><ele>42</ele></trkpt>
   <trkpt lat="50.880345" lon="4.407807"><ele>41.75</ele></trkpt>
   <trkpt lat="50.880487" lon="4.408128"><ele>42</ele></trkpt>
   <trkpt lat="50.880503" lon="4.408194"><ele>42</ele></trkpt>
   <trkpt lat="50.880508" lon="4.408248"><ele>42</ele></trkpt>
   <trkpt lat="50.880508" lon="4.408313"><ele>42</ele></trkpt>
   <trkpt lat="50.8805" lon="4.408367"><ele>42</ele></trkpt>
   <trkpt lat="50.880486" lon="4.408415"><ele>42</ele></trkpt>
   <trkpt lat="50.880459" lon="4.408466"><ele>42</ele></trkpt>
   <trkpt lat="50.880416" lon="4.408515"><ele>42.25</ele></trkpt>
   <trkpt lat="50.880385" lon="4.408538"><ele>42.25</ele></trkpt>
   <trkpt lat="50.879592" lon="4.409008"><ele>45</ele></trkpt>
   <trkpt lat="50.879492" lon="4.409099"><ele>45</ele></trkpt>
   <trkpt lat="50.879395" lon="4.409174"><ele>45</ele></trkpt>
   <trkpt lat="50.879025" lon="4.409407"><ele>46.75</ele></trkpt>
   <trkpt lat="50.878939" lon="4.409477"><ele>47</ele></trkpt>
   <trkpt lat="50.878908" lon="4.409517"><ele>47</ele></trkpt>
   <trkpt lat="50.878903" lon="4.409523"><ele>47.25</ele></trkpt>
   <trkpt lat="50.878859" lon="4.409603"><ele>47.5</ele></trkpt>
   <trkpt lat="50.878841" lon="4.409659"><ele>47.75</ele></trkpt>
   <trkpt lat="50.878824" lon="4.409734"><ele>48</ele></trkpt>
   <trkpt lat="50.87882" lon="4.409812"><ele>48</ele></trkpt>
   <trkpt lat="50.878832" lon="4.409849"><ele>48</ele></trkpt>
   <trkpt lat="50.878895" lon="4.410063"><ele>48</ele></trkpt>
   <trkpt lat="50.878964" lon="4.410305"><ele>48</ele></trkpt>
   <trkpt lat="50.879005" lon="4.410442"><ele>48.25</ele></trkpt>
   <trkpt lat="50.879071" lon="4.410588"><ele>48.25</ele></trkpt>
   <trkpt lat="50.879129" lon="4.410693"><ele>48</ele></trkpt>
   <trkpt lat="50.879161" lon="4.410742"><ele>47.75</ele></trkpt>
   <trkpt lat="50.879339" lon="4.410983"><ele>47.25</ele></trkpt>
   <trkpt lat="50.879441" lon="4.411108"><ele>47.75</ele></trkpt>
   <trkpt lat="50.881413" lon="4.412985"><ele>42.75</ele></trkpt>
   <trkpt lat="50.882394" lon="4.413885"><ele>42</ele></trkpt>
   <trkpt lat="50.885876" lon="4.416991"><ele>38</ele></trkpt>
   <trkpt lat="50.8866" lon="4.417645"><ele>38</ele></trkpt>
   <trkpt lat="50.886872" lon="4.417891"><ele>38</ele></trkpt>
   <trkpt lat="50.887022" lon="4.418027"><ele>38</ele></trkpt>
   <trkpt lat="50.887076" lon="4.418075"><ele>38</ele></trkpt>
   <trkpt lat="50.887459" lon="4.418421"><ele>38</ele></trkpt>
   <trkpt lat="50.887513" lon="4.41848"><ele>37.75</ele></trkpt>
   <trkpt lat="50.887622" lon="4.418638"><ele>38</ele></trkpt>
   <trkpt lat="50.887665" lon="4.418682"><ele>38</ele></trkpt>
   <trkpt lat="50.887285" lon="4.41834"><ele>38</ele></trkpt>
   <trkpt lat="50.887264" lon="4.41832"><ele>38</ele></trkpt>
   <trkpt lat="50.887131" lon="4.418217"><ele>38</ele></trkpt>
   <trkpt lat="50.886865" lon="4.418042"><ele>38</ele></trkpt>
   <trkpt lat="50.886775" lon="4.417968"><ele>38</ele></trkpt>
   <trkpt lat="50.887242" lon="4.418406"><ele>38</ele></trkpt>
   <trkpt lat="50.88735" lon="4.418518"><ele>38</ele></trkpt>
   <trkpt lat="50.887703" lon="4.418914"><ele>38</ele></trkpt>
   <trkpt lat="50.887802" lon="4.419011"><ele>37.75</ele></trkpt>
   <trkpt lat="50.888194" lon="4.419363"><ele>38</ele></trkpt>
   <trkpt lat="50.888694" lon="4.419815"><ele>38.25</ele></trkpt>
   <trkpt lat="50.889006" lon="4.420096"><ele>37.75</ele></trkpt>
   <trkpt lat="50.890283" lon="4.421245"><ele>37</ele></trkpt>
   <trkpt lat="50.890508" lon="4.421486"><ele>36.75</ele></trkpt>
   <trkpt lat="50.890678" lon="4.421688"><ele>36.5</ele></trkpt>
   <trkpt lat="50.890916" lon="4.421973"><ele>34.75</ele></trkpt>
   <trkpt lat="50.89106" lon="4.42216"><ele>34</ele></trkpt>
   <trkpt lat="50.891193" lon="4.422365"><ele>34.25</ele></trkpt>
   <trkpt lat="50.891306" lon="4.422564"><ele>34.5</ele></trkpt>
   <trkpt lat="50.891414" lon="4.422788"><ele>34.75</ele></trkpt>
   <trkpt lat="50.891464" lon="4.422906"><ele>35</ele></trkpt>
   <trkpt lat="50.891589" lon="4.423264"><ele>35.5</ele></trkpt>
   <trkpt lat="50.891636" lon="4.42343"><ele>35.75</ele></trkpt>
   <trkpt lat="50.891641" lon="4.423447"><ele>35.75</ele></trkpt>
   <trkpt lat="50.89172" lon="4.42379"><ele>34.75</ele></trkpt>
   <trkpt lat="50.891753" lon="4.423979"><ele>35</ele></trkpt>
   <trkpt lat="50.891851" lon="4.424661"><ele>36</ele></trkpt>
   <trkpt lat="50.89192" lon="4.425234"><ele>37.25</ele></trkpt>
   <trkpt lat="50.891965" lon="4.425795"><ele>33.25</ele></trkpt>
   <trkpt lat="50.891977" lon="4.426055"><ele>33</ele></trkpt>
   <trkpt lat="50.892008" lon="4.427692"><ele>33.25</ele></trkpt>
   <trkpt lat="50.892019" lon="4.427995"><ele>34.25</ele></trkpt>
   <trkpt lat="50.89195" lon="4.426864"><ele>32</ele></trkpt>
   <trkpt lat="50.891892" lon="4.426167"><ele>31.75</ele></trkpt>
   <trkpt lat="50.891801" lon="4.425244"><ele>34.25</ele></trkpt>
   <trkpt lat="50.891685" lon="4.424268"><ele>31.5</ele></trkpt>
   <trkpt lat="50.891604" lon="4.423682"><ele>33.25</ele></trkpt>
   <trkpt lat="50.891514" lon="4.4231"><ele>33.75</ele></trkpt>
   <trkpt lat="50.891313" lon="4.421925"><ele>32.75</ele></trkpt>
   <trkpt lat="50.891147" lon="4.421081"><ele>30.5</ele></trkpt>
   <trkpt lat="50.890988" lon="4.420322"><ele>32.75</ele></trkpt>
   <trkpt lat="50.89047" lon="4.418197"><ele>32</ele></trkpt>
   <trkpt lat="50.890356" lon="4.417743"><ele>29.75</ele></trkpt>
   <trkpt lat="50.889825" lon="4.415666"><ele>28.25</ele></trkpt>
   <trkpt lat="50.888642" lon="4.41116"><ele>27.75</ele></trkpt>
   <trkpt lat="50.888416" lon="4.41035"><ele>28</ele></trkpt>
   <trkpt lat="50.888303" lon="4.409983"><ele>26</ele></trkpt>
   <trkpt lat="50.888156" lon="4.409553"><ele>25.25</ele></trkpt>
   <trkpt lat="50.88807" lon="4.409322"><ele>25</ele></trkpt>
   <trkpt lat="50.887962" lon="4.409044"><ele>24.5</ele></trkpt>
   <trkpt lat="50.887762" lon="4.408589"><ele>23.75</ele></trkpt>
   <trkpt lat="50.887527" lon="4.40809"><ele>23</ele></trkpt>
   <trkpt lat="50.887399" lon="4.407849"><ele>22.75</ele></trkpt>
   <trkpt lat="50.887197" lon="4.407487"><ele>22</ele></trkpt>
   <trkpt lat="50.886938" lon="4.407066"><ele>21.25</ele></trkpt>
   <trkpt lat="50.886603" lon="4.406566"><ele>20.5</ele></trkpt>
   <trkpt lat="50.886214" lon="4.406002"><ele>19.5</ele></trkpt>
   <trkpt lat="50.885878" lon="4.405511"><ele>19.5</ele></trkpt>
   <trkpt lat="50.885376" lon="4.404754"><ele>19.75</ele></trkpt>
   <trkpt lat="50.885203" lon="4.404475"><ele>19.75</ele></trkpt>
   <trkpt lat="50.885031" lon="4.404185"><ele>20.5</ele></trkpt>
   <trkpt lat="50.884727" lon="4.403639"><ele>20.75</ele></trkpt>
   <trkpt lat="50.884494" lon="4.403186"><ele>19.5</ele></trkpt>
   <trkpt lat="50.884157" lon="4.402472"><ele>19.75</ele></trkpt>
   <trkpt lat="50.88386" lon="4.401772"><ele>18.75</ele></trkpt>
   <trkpt lat="50.883633" lon="4.401181"><ele>19</ele></trkpt>
   <trkpt lat="50.883487" lon="4.400775"><ele>19</ele></trkpt>
   <trkpt lat="50.883364" lon="4.400407"><ele>19.25</ele></trkpt>
   <trkpt lat="50.883209" lon="4.399913"><ele>19.5</ele></trkpt>
   <trkpt lat="50.883053" lon="4.39937"><ele>18.75</ele></trkpt>
   <trkpt lat="50.882954" lon="4.398997"><ele>19</ele></trkpt>
   <trkpt lat="50.882781" lon="4.398276"><ele>18.75</ele></trkpt>
   <trkpt lat="50.882623" lon="4.397527"><ele>19</ele></trkpt>
   <trkpt lat="50.882488" lon="4.39676"><ele>18.25</ele></trkpt>
   <trkpt lat="50.882432" lon="4.396388"><ele>18.5</ele></trkpt>
   <trkpt lat="50.882356" lon="4.395776"><ele>19</ele></trkpt>
   <trkpt lat="50.8823" lon="4.395195"><ele>19</ele></trkpt>
   <trkpt lat="50.882244" lon="4.39446"><ele>18.75</ele></trkpt>
   <trkpt lat="50.882176" lon="4.393444"><ele>18.25</ele></trkpt>
   <trkpt lat="50.882149" lon="4.393037"><ele>18.5</ele></trkpt>
   <trkpt lat="50.88197" lon="4.390266"><ele>18</ele></trkpt>
   <trkpt lat="50.881903" lon="4.389306"><ele>18</ele></trkpt>
   <trkpt lat="50.88186" lon="4.388806"><ele>18</ele></trkpt>
   <trkpt lat="50.881819" lon="4.388439"><ele>18</ele></trkpt>
   <trkpt lat="50.881792" lon="4.38822"><ele>18</ele></trkpt>
   <trkpt lat="50.881732" lon="4.387832"><ele>18</ele></trkpt>
   <trkpt lat="50.881676" lon="4.38753"><ele>18</ele></trkpt>
   <trkpt lat="50.881524" lon="4.386847"><ele>18</ele></trkpt>
   <trkpt lat="50.881319" lon="4.386076"><ele>18</ele></trkpt>
   <trkpt lat="50.881279" lon="4.385926"><ele>18</ele></trkpt>
   <trkpt lat="50.88107" lon="4.385288"><ele>18</ele></trkpt>
   <trkpt lat="50.88103" lon="4.38514"><ele>18</ele></trkpt>
   <trkpt lat="50.880914" lon="4.384792"><ele>18</ele></trkpt>
   <trkpt lat="50.8807" lon="4.384282"><ele>17.75</ele></trkpt>
   <trkpt lat="50.880598" lon="4.383978"><ele>17.25</ele></trkpt>
   <trkpt lat="50.880574" lon="4.383897"><ele>17</ele></trkpt>
   <trkpt lat="50.880508" lon="4.383688"><ele>17.5</ele></trkpt>
   <trkpt lat="50.880389" lon="4.383372"><ele>17</ele></trkpt>
   <trkpt lat="50.880239" lon="4.383001"><ele>17.75</ele></trkpt>
   <trkpt lat="50.879973" lon="4.382438"><ele>17.75</ele></trkpt>
   <trkpt lat="50.879816" lon="4.382108"><ele>17.5</ele></trkpt>
   <trkpt lat="50.879526" lon="4.381323"><ele>18</ele></trkpt>
   <trkpt lat="50.879403" lon="4.381013"><ele>17.75</ele></trkpt>
   <trkpt lat="50.879185" lon="4.380513"><ele>18</ele></trkpt>
   <trkpt lat="50.878885" lon="4.379906"><ele>18.75</ele></trkpt>
   <trkpt lat="50.877891" lon="4.37811"><ele>18.25</ele></trkpt>
   <trkpt lat="50.877292" lon="4.377038"><ele>18</ele></trkpt>
   <trkpt lat="50.876116" lon="4.374974"><ele>17</ele></trkpt>
   <trkpt lat="50.875611" lon="4.37412"><ele>17.5</ele></trkpt>
   <trkpt lat="50.874927" lon="4.373064"><ele>17.5</ele></trkpt>
   <trkpt lat="50.874814" lon="4.372895"><ele>17.5</ele></trkpt>
   <trkpt lat="50.87334" lon="4.370671"><ele>20.5</ele></trkpt>
   <trkpt lat="50.872965" lon="4.370103"><ele>20.5</ele></trkpt>
   <trkpt lat="50.871686" lon="4.368169"><ele>22</ele></trkpt>
   <trkpt lat="50.871366" lon="4.367698"><ele>21.75</ele></trkpt>
   <trkpt lat="50.871131" lon="4.367381"><ele>21.25</ele></trkpt>
   <trkpt lat="50.870884" lon="4.367078"><ele>20.5</ele></trkpt>
   <trkpt lat="50.870631" lon="4.366797"><ele>20</ele></trkpt>
   <trkpt lat="50.870492" lon="4.366653"><ele>20.75</ele></trkpt>
   <trkpt lat="50.870223" lon="4.366407"><ele>20.75</ele></trkpt>
   <trkpt lat="50.870082" lon="4.366291"><ele>19.5</ele></trkpt>
   <trkpt lat="50.869836" lon="4.366108"><ele>20.75</ele></trkpt>
   <trkpt lat="50.869585" lon="4.365948"><ele>19.75</ele></trkpt>
   <trkpt lat="50.869395" lon="4.36584"><ele>19.75</ele></trkpt>
   <trkpt lat="50.869215" lon="4.365754"><ele>20.5</ele></trkpt>
   <trkpt lat="50.868583" lon="4.365489"><ele>19</ele></trkpt>
   <trkpt lat="50.867169" lon="4.364934"><ele>21</ele></trkpt>
   <trkpt lat="50.86694" lon="4.364858"><ele>21</ele></trkpt>
   <trkpt lat="50.866574" lon="4.364762"><ele>22</ele></trkpt>
   <trkpt lat="50.865573" lon="4.364535"><ele>22.25</ele></trkpt>
   <trkpt lat="50.86538" lon="4.364482"><ele>23.25</ele></trkpt>
   <trkpt lat="50.865222" lon="4.364439"><ele>23.5</ele></trkpt>
   <trkpt lat="50.864783" lon="4.364277"><ele>22.25</ele></trkpt>
   <trkpt lat="50.86476" lon="4.364268"><ele>22.25</ele></trkpt>
   <trkpt lat="50.86461" lon="4.364207"><ele>22.75</ele></trkpt>
   <trkpt lat="50.862446" lon="4.363229"><ele>21.75</ele></trkpt>
   <trkpt lat="50.862013" lon="4.363033"><ele>22.75</ele></trkpt>
   <trkpt lat="50.86189" lon="4.362978"><ele>22.5</ele></trkpt>
   <trkpt lat="50.860392" lon="4.362291"><ele>23.25</ele></trkpt>
   <trkpt lat="50.859948" lon="4.362098"><ele>22.25</ele></trkpt>
   <trkpt lat="50.85968" lon="4.361976"><ele>23.5</ele></trkpt>
   <trkpt lat="50.859453" lon="4.361873"><ele>22.25</ele></trkpt>
   <trkpt lat="50.85932" lon="4.361812"><ele>22.5</ele></trkpt>
   <trkpt lat="50.859256" lon="4.361783"><ele>22.75</ele></trkpt>
   <trkpt lat="50.859" lon="4.361657"><ele>25</ele></trkpt>
   <trkpt lat="50.85876" lon="4.361529"><ele>23.5</ele></trkpt>
   <trkpt lat="50.858507" lon="4.36141"><ele>22.75</ele></trkpt>
   <trkpt lat="50.858389" lon="4.361346"><ele>21.5</ele></trkpt>
   <trkpt lat="50.858284" lon="4.361277"><ele>22</ele></trkpt>
   <trkpt lat="50.858057" lon="4.361143"><ele>24.25</ele></trkpt>
   <trkpt lat="50.857948" lon="4.361092"><ele>25.25</ele></trkpt>
   <trkpt lat="50.857784" lon="4.361037"><ele>25.5</ele></trkpt>
   <trkpt lat="50.857642" lon="4.361003"><ele>24</ele></trkpt>
   <trkpt lat="50.857454" lon="4.360983"><ele>24.25</ele></trkpt>
   <trkpt lat="50.857312" lon="4.360991"><ele>24.5</ele></trkpt>
   <trkpt lat="50.857154" lon="4.361023"><ele>24.75</ele></trkpt>
   <trkpt lat="50.856946" lon="4.361106"><ele>24.75</ele></trkpt>
   <trkpt lat="50.856708" lon="4.361236"><ele>24.5</ele></trkpt>
   <trkpt lat="50.856459" lon="4.361369"><ele>24.5</ele></trkpt>
   <trkpt lat="50.856245" lon="4.361506"><ele>24.5</ele></trkpt>
   <trkpt lat="50.856222" lon="4.361525"><ele>24.75</ele></trkpt>
   <trkpt lat="50.856069" lon="4.361646"><ele>24.75</ele></trkpt>
   <trkpt lat="50.855846" lon="4.361824"><ele>25</ele></trkpt>
   <trkpt lat="50.855575" lon="4.362041"><ele>25</ele></trkpt>
   <trkpt lat="50.855564" lon="4.36205"><ele>25</ele></trkpt>
   <trkpt lat="50.855292" lon="4.362268"><ele>25</ele></trkpt>
   <trkpt lat="50.855138" lon="4.362415"><ele>25</ele></trkpt>
   <trkpt lat="50.855033" lon="4.362523"><ele>25</ele></trkpt>
   <trkpt lat="50.854897" lon="4.362662"><ele>25</ele></trkpt>
   <trkpt lat="50.854747" lon="4.3628"><ele>25</ele></trkpt>
   <trkpt lat="50.854653" lon="4.362874"><ele>25</ele></trkpt>
   <trkpt lat="50.854496" lon="4.362982"><ele>25</ele></trkpt>
   <trkpt lat="50.854302" lon="4.363086"><ele>25</ele></trkpt>
   <trkpt lat="50.854162" lon="4.363143"><ele>25</ele></trkpt>
   <trkpt lat="50.854032" lon="4.363178"><ele>25</ele></trkpt>
   <trkpt lat="50.853853" lon="4.363212"><ele>25</ele></trkpt>
   <trkpt lat="50.853682" lon="4.363217"><ele>25</ele></trkpt>
   <trkpt lat="50.853509" lon="4.363203"><ele>25.25</ele></trkpt>
   <trkpt lat="50.853332" lon="4.363163"><ele>25.25</ele></trkpt>
   <trkpt lat="50.853143" lon="4.363097"><ele>25.25</ele></trkpt>
   <trkpt lat="50.853049" lon="4.363053"><ele>25.25</ele></trkpt>
   <trkpt lat="50.852867" lon="4.362946"><ele>25.25</ele></trkpt>
   <trkpt lat="50.852736" lon="4.362857"><ele>25.25</ele></trkpt>
   <trkpt lat="50.851153" lon="4.361652"><ele>25.5</ele></trkpt>
   <trkpt lat="50.850787" lon="4.36136"><ele>25.5</ele></trkpt>
   <trkpt lat="50.850499" lon="4.361123"><ele>25.5</ele></trkpt>
   <trkpt lat="50.850324" lon="4.360963"><ele>25.5</ele></trkpt>
   <trkpt lat="50.850172" lon="4.360806"><ele>25.5</ele></trkpt>
   <trkpt lat="50.850015" lon="4.360625"><ele>25.5</ele></trkpt>
   <trkpt lat="50.849876" lon="4.360449"><ele>25.5</ele></trkpt>
   <trkpt lat="50.849615" lon="4.360068"><ele>25.5</ele></trkpt>
   <trkpt lat="50.849076" lon="4.359152"><ele>25.75</ele></trkpt>
   <trkpt lat="50.848863" lon="4.358821"><ele>25.75</ele></trkpt>
   <trkpt lat="50.84871" lon="4.358613"><ele>25.75</ele></trkpt>
   <trkpt lat="50.848552" lon="4.358431"><ele>25.75</ele></trkpt>
   <trkpt lat="50.848395" lon="4.358274"><ele>25.75</ele></trkpt>
   <trkpt lat="50.848265" lon="4.358161"><ele>25.75</ele></trkpt>
   <trkpt lat="50.848062" lon="4.358009"><ele>25.75</ele></trkpt>
   <trkpt lat="50.847891" lon="4.357905"><ele>25.75</ele></trkpt>
   <trkpt lat="50.847635" lon="4.357785"><ele>25.75</ele></trkpt>
   <trkpt lat="50.847358" lon="4.357688"><ele>25.75</ele></trkpt>
   <trkpt lat="50.846756" lon="4.35751"><ele>26</ele></trkpt>
   <trkpt lat="50.846558" lon="4.357447"><ele>26</ele></trkpt>
   <trkpt lat="50.846336" lon="4.357362"><ele>26</ele></trkpt>
   <trkpt lat="50.846112" lon="4.357257"><ele>26</ele></trkpt>
   <trkpt lat="50.845946" lon="4.357166"><ele>26</ele></trkpt>
   <trkpt lat="50.845782" lon="4.357059"><ele>26</ele></trkpt>
   <trkpt lat="50.845581" lon="4.356907"><ele>26</ele></trkpt>
   <trkpt lat="50.84529" lon="4.35665"><ele>26</ele></trkpt>
   <trkpt lat="50.845248" lon="4.356609"><ele>26</ele></trkpt>
   <trkpt lat="50.845116" lon="4.356472"><ele>26</ele></trkpt>
   <trkpt lat="50.844885" lon="4.356214"><ele>26</ele></trkpt>
   <trkpt lat="50.844779" lon="4.356075"><ele>26.25</ele></trkpt>
   <trkpt lat="50.844661" lon="4.355916"><ele>26.25</ele></trkpt>
   <trkpt lat="50.844409" lon="4.355543"><ele>26.25</ele></trkpt>
   <trkpt lat="50.844277" lon="4.355325"><ele>26.25</ele></trkpt>
   <trkpt lat="50.844129" lon="4.355053"><ele>26.25</ele></trkpt>
   <trkpt lat="50.844083" lon="4.354967"><ele>26.25</ele></trkpt>
   <trkpt lat="50.843886" lon="4.354573"><ele>26.25</ele></trkpt>
   <trkpt lat="50.843721" lon="4.35422"><ele>26.25</ele></trkpt>
   <trkpt lat="50.842729" lon="4.352095"><ele>26.5</ele></trkpt>
   <trkpt lat="50.841908" lon="4.350336"><ele>26.5</ele></trkpt>
   <trkpt lat="50.841726" lon="4.349907"><ele>26.75</ele></trkpt>
   <trkpt lat="50.841676" lon="4.349771"><ele>26.75</ele></trkpt>
   <trkpt lat="50.841572" lon="4.349425"><ele>25.75</ele></trkpt>
   <trkpt lat="50.841517" lon="4.349193"><ele>25.5</ele></trkpt>
   <trkpt lat="50.841374" lon="4.348514"><ele>22.5</ele></trkpt>
   <trkpt lat="50.841148" lon="4.347505"><ele>22.5</ele></trkpt>
   <trkpt lat="50.84107" lon="4.347174"><ele>22.75</ele></trkpt>
   <trkpt lat="50.840954" lon="4.346596"><ele>22.75</ele></trkpt>
   <trkpt lat="50.840881" lon="4.346156"><ele>23</ele></trkpt>
   <trkpt lat="50.840799" lon="4.345674"><ele>23</ele></trkpt>
   <trkpt lat="50.840722" lon="4.345283"><ele>23</ele></trkpt>
   <trkpt lat="50.840615" lon="4.3449"><ele>23.25</ele></trkpt>
   <trkpt lat="50.840524" lon="4.344636"><ele>23.25</ele></trkpt>
   <trkpt lat="50.840423" lon="4.344386"><ele>23.25</ele></trkpt>
   <trkpt lat="50.840365" lon="4.344261"><ele>23.5</ele></trkpt>
   <trkpt lat="50.839974" lon="4.343467"><ele>23.5</ele></trkpt>
   <trkpt lat="50.83973" lon="4.34308"><ele>23.75</ele></trkpt>
   <trkpt lat="50.839621" lon="4.342908"><ele>23.75</ele></trkpt>
   <trkpt lat="50.83951" lon="4.342734"><ele>23.75</ele></trkpt>
   <trkpt lat="50.839267" lon="4.342352"><ele>24</ele></trkpt>
   <trkpt lat="50.839077" lon="4.342041"><ele>24</ele></trkpt>
   <trkpt lat="50.839027" lon="4.341946"><ele>24</ele></trkpt>
   <trkpt lat="50.838876" lon="4.341639"><ele>24.25</ele></trkpt>
   <trkpt lat="50.838748" lon="4.341379"><ele>24.25</ele></trkpt>
   <trkpt lat="50.838373" lon="4.340615"><ele>24.5</ele></trkpt>
   <trkpt lat="50.838189" lon="4.340289"><ele>24.5</ele></trkpt>
   <trkpt lat="50.838052" lon="4.340075"><ele>24.5</ele></trkpt>
   <trkpt lat="50.837884" lon="4.33984"><ele>24.75</ele></trkpt>
   <trkpt lat="50.837641" lon="4.339539"><ele>24.75</ele></trkpt>
   <trkpt lat="50.83763" lon="4.339526"><ele>24.75</ele></trkpt>
   <trkpt lat="50.837397" lon="4.339237"><ele>25</ele></trkpt>
   <trkpt lat="50.837303" lon="4.339108"><ele>25</ele></trkpt>
   <trkpt lat="50.837124" lon="4.338829"><ele>25</ele></trkpt>
   <trkpt lat="50.83684" lon="4.338387"><ele>25.25</ele></trkpt>
   <trkpt lat="50.836672" lon="4.338155"><ele>25.25</ele></trkpt>
   <trkpt lat="50.836614" lon="4.338074"><ele>25.25</ele></trkpt>
   <trkpt lat="50.836517" lon="4.337943"><ele>25.25</ele></trkpt>
   <trkpt lat="50.836361" lon="4.337727"><ele>25.25</ele></trkpt>
   <trkpt lat="50.836345" lon="4.337705"><ele>25.5</ele></trkpt>
   <trkpt lat="50.836207" lon="4.337516"><ele>26.75</ele></trkpt>
   <trkpt lat="50.836004" lon="4.337244"><ele>26.75</ele></trkpt>
   <trkpt lat="50.835828" lon="4.337015"><ele>26.75</ele></trkpt>
   <trkpt lat="50.835358" lon="4.336423"><ele>26.75</ele></trkpt>
   <trkpt lat="50.835266" lon="4.336306"><ele>26.75</ele></trkpt>
   <trkpt lat="50.835257" lon="4.336294"><ele>26.75</ele></trkpt>
   <trkpt lat="50.835105" lon="4.3361"><ele>27</ele></trkpt>
   <trkpt lat="50.834861" lon="4.335791"><ele>27</ele></trkpt>
   <trkpt lat="50.834634" lon="4.335501"><ele>27</ele></trkpt>
   <trkpt lat="50.834229" lon="4.335037"><ele>27</ele></trkpt>
   <trkpt lat="50.834084" lon="4.334874"><ele>26.75</ele></trkpt>
   <trkpt lat="50.833324" lon="4.334015"><ele>26</ele></trkpt>
   <trkpt lat="50.833025" lon="4.333677"><ele>25.75</ele></trkpt>
   <trkpt lat="50.832366" lon="4.332931"><ele>26</ele></trkpt>
   <trkpt lat="50.832166" lon="4.332701"><ele>25</ele></trkpt>
   <trkpt lat="50.831898" lon="4.33239"><ele>25.25</ele></trkpt>
   <trkpt lat="50.831347" lon="4.331757"><ele>25.75</ele></trkpt>
   <trkpt lat="50.830833" lon="4.331172"><ele>25.75</ele></trkpt>
   <trkpt lat="50.830677" lon="4.330982"><ele>25.5</ele></trkpt>
   <trkpt lat="50.830444" lon="4.330681"><ele>25.25</ele></trkpt>
   <trkpt lat="50.830283" lon="4.330458"><ele>26</ele></trkpt>
   <trkpt lat="50.829884" lon="4.329848"><ele>25.5</ele></trkpt>
   <trkpt lat="50.829061" lon="4.328447"><ele>23.25</ele></trkpt>
   <trkpt lat="50.828774" lon="4.327987"><ele>23.25</ele></trkpt>
   <trkpt lat="50.828492" lon="4.327587"><ele>24.25</ele></trkpt>
   <trkpt lat="50.82825" lon="4.327272"><ele>24.25</ele></trkpt>
   <trkpt lat="50.827892" lon="4.326852"><ele>24.5</ele></trkpt>
   <trkpt lat="50.827158" lon="4.326028"><ele>25.25</ele></trkpt>
   <trkpt lat="50.82648" lon="4.325259"><ele>26</ele></trkpt>
   <trkpt lat="50.826139" lon="4.324877"><ele>26.75</ele></trkpt>
   <trkpt lat="50.825816" lon="4.324497"><ele>25</ele></trkpt>
   <trkpt lat="50.822512" lon="4.320707"><ele>22.25</ele></trkpt>
   <trkpt lat="50.822296" lon="4.320464"><ele>23.5</ele></trkpt>
   <trkpt lat="50.82152" lon="4.31962"><ele>26.25</ele></trkpt>
   <trkpt lat="50.821159" lon="4.319247"><ele>26.25</ele></trkpt>
   <trkpt lat="50.820779" lon="4.318874"><ele>26.5</ele></trkpt>
   <trkpt lat="50.820392" lon="4.318506"><ele>25.75</ele></trkpt>
   <trkpt lat="50.819207" lon="4.317422"><ele>26</ele></trkpt>
   <trkpt lat="50.818804" lon="4.317067"><ele>25.25</ele></trkpt>
   <trkpt lat="50.818333" lon="4.316671"><ele>25.75</ele></trkpt>
   <trkpt lat="50.818019" lon="4.31641"><ele>24.5</ele></trkpt>
   <trkpt lat="50.817209" lon="4.315781"><ele>24</ele></trkpt>
   <trkpt lat="50.815206" lon="4.314291"><ele>22.5</ele></trkpt>
   <trkpt lat="50.814784" lon="4.313978"><ele>22.5</ele></trkpt>
   <trkpt lat="50.812331" lon="4.312141"><ele>21.5</ele></trkpt>
   <trkpt lat="50.811536" lon="4.311523"><ele>21.25</ele></trkpt>
   <trkpt lat="50.810631" lon="4.3108"><ele>21</ele></trkpt>
   <trkpt lat="50.80978" lon="4.310112"><ele>21</ele></trkpt>
   <trkpt lat="50.809393" lon="4.309789"><ele>21</ele></trkpt>
   <trkpt lat="50.807751" lon="4.308469"><ele>22</ele></trkpt>
   <trkpt lat="50.806915" lon="4.307793"><ele>22</ele></trkpt>
   <trkpt lat="50.806755" lon="4.307663"><ele>22.25</ele></trkpt>
   <trkpt lat="50.802594" lon="4.304292"><ele>22.25</ele></trkpt>
   <trkpt lat="50.802001" lon="4.303811"><ele>23</ele></trkpt>
   <trkpt lat="50.801578" lon="4.303455"><ele>23</ele></trkpt>
   <trkpt lat="50.800426" lon="4.302441"><ele>23.25</ele></trkpt>
   <trkpt lat="50.79992" lon="4.302008"><ele>23.25</ele></trkpt>
   <trkpt lat="50.799572" lon="4.30173"><ele>23</ele></trkpt>
   <trkpt lat="50.797123" lon="4.299743"><ele>24</ele></trkpt>
   <trkpt lat="50.796776" lon="4.299467"><ele>24</ele></trkpt>
   <trkpt lat="50.792534" lon="4.296026"><ele>25</ele></trkpt>
   <trkpt lat="50.791064" lon="4.294837"><ele>25</ele></trkpt>
   <trkpt lat="50.789919" lon="4.293911"><ele>25</ele></trkpt>
   <trkpt lat="50.789098" lon="4.293244"><ele>25.25</ele></trkpt>
   <trkpt lat="50.788373" lon="4.292656"><ele>25</ele></trkpt>
   <trkpt lat="50.78749" lon="4.291941"><ele>26</ele></trkpt>
   <trkpt lat="50.7867" lon="4.2913"><ele>26</ele></trkpt>
   <trkpt lat="50.785877" lon="4.290631"><ele>25.75</ele></trkpt>
   <trkpt lat="50.785097" lon="4.289997"><ele>26</ele></trkpt>
   <trkpt lat="50.784431" lon="4.289457"><ele>26</ele></trkpt>
   <trkpt lat="50.783642" lon="4.288817"><ele>26</ele></trkpt>
   <trkpt lat="50.782865" lon="4.288189"><ele>26</ele></trkpt>
   <trkpt lat="50.782064" lon="4.28754"><ele>25.75</ele></trkpt>
   <trkpt lat="50.781262" lon="4.28689"><ele>26</ele></trkpt>
   <trkpt lat="50.780457" lon="4.286237"><ele>26</ele></trkpt>
   <trkpt lat="50.779654" lon="4.285586"><ele>25.75</ele></trkpt>
   <trkpt lat="50.778848" lon="4.284932"><ele>26</ele></trkpt>
   <trkpt lat="50.778044" lon="4.28428"><ele>25.75</ele></trkpt>
   <trkpt lat="50.777259" lon="4.283643"><ele>25.75</ele></trkpt>
   <trkpt lat="50.77645" lon="4.282987"><ele>26</ele></trkpt>
   <trkpt lat="50.775651" lon="4.282341"><ele>26.5</ele></trkpt>
   <trkpt lat="50.774855" lon="4.281694"><ele>27.75</ele></trkpt>
   <trkpt lat="50.773962" lon="4.280976"><ele>27.75</ele></trkpt>
   <trkpt lat="50.773951" lon="4.280967"><ele>27.75</ele></trkpt>
   <trkpt lat="50.773128" lon="4.280295"><ele>28</ele></trkpt>
   <trkpt lat="50.77235" lon="4.279662"><ele>28.25</ele></trkpt>
   <trkpt lat="50.771568" lon="4.279022"><ele>28.5</ele></trkpt>
   <trkpt lat="50.771127" lon="4.278653"><ele>28.75</ele></trkpt>
   <trkpt lat="50.77078" lon="4.278346"><ele>28.75</ele></trkpt>
   <trkpt lat="50.770012" lon="4.277666"><ele>29</ele></trkpt>
   <trkpt lat="50.769888" lon="4.277556"><ele>29</ele></trkpt>
   <trkpt lat="50.769255" lon="4.27695"><ele>29.25</ele></trkpt>
   <trkpt lat="50.76858" lon="4.276303"><ele>29.5</ele></trkpt>
   <trkpt lat="50.768474" lon="4.276195"><ele>29.5</ele></trkpt>
   <trkpt lat="50.766989" lon="4.274683"><ele>28.5</ele></trkpt>
   <trkpt lat="50.765487" lon="4.273143"><ele>27.5</ele></trkpt>
   <trkpt lat="50.764648" lon="4.272284"><ele>28.75</ele></trkpt>
   <trkpt lat="50.764468" lon="4.272101"><ele>28.25</ele></trkpt>
   <trkpt lat="50.763978" lon="4.271598"><ele>28</ele></trkpt>
   <trkpt lat="50.763108" lon="4.270705"><ele>27.5</ele></trkpt>
   <trkpt lat="50.762376" lon="4.269954"><ele>27.5</ele></trkpt>
   <trkpt lat="50.76236" lon="4.269938"><ele>27.5</ele></trkpt>
   <trkpt lat="50.761625" lon="4.269181"><ele>27.5</ele></trkpt>
   <trkpt lat="50.76088" lon="4.268421"><ele>27.75</ele></trkpt>
   <trkpt lat="50.760129" lon="4.26765"><ele>28.5</ele></trkpt>
   <trkpt lat="50.759382" lon="4.266884"><ele>28.5</ele></trkpt>
   <trkpt lat="50.758632" lon="4.266116"><ele>28.75</ele></trkpt>
   <trkpt lat="50.757885" lon="4.265349"><ele>28.75</ele></trkpt>
   <trkpt lat="50.757131" lon="4.264576"><ele>29</ele></trkpt>
   <trkpt lat="50.756378" lon="4.263805"><ele>29.25</ele></trkpt>
   <trkpt lat="50.755628" lon="4.263037"><ele>29.25</ele></trkpt>
   <trkpt lat="50.754882" lon="4.262273"><ele>29.5</ele></trkpt>
   <trkpt lat="50.754129" lon="4.261502"><ele>30</ele></trkpt>
   <trkpt lat="50.754104" lon="4.261476"><ele>30</ele></trkpt>
   <trkpt lat="50.753381" lon="4.260736"><ele>30</ele></trkpt>
   <trkpt lat="50.752623" lon="4.259959"><ele>30.25</ele></trkpt>
   <trkpt lat="50.751878" lon="4.259195"><ele>30.75</ele></trkpt>
   <trkpt lat="50.75154" lon="4.258849"><ele>31</ele></trkpt>
   <trkpt lat="50.751128" lon="4.258427"><ele>31</ele></trkpt>
   <trkpt lat="50.750371" lon="4.257648"><ele>32.75</ele></trkpt>
   <trkpt lat="50.750075" lon="4.257341"><ele>32.25</ele></trkpt>
   <trkpt lat="50.749816" lon="4.257078"><ele>31.75</ele></trkpt>
   <trkpt lat="50.749672" lon="4.256932"><ele>31.75</ele></trkpt>
   <trkpt lat="50.749201" lon="4.256454"><ele>31.75</ele></trkpt>
   <trkpt lat="50.748243" lon="4.255473"><ele>31.25</ele></trkpt>
   <trkpt lat="50.74747" lon="4.254683"><ele>31.75</ele></trkpt>
   <trkpt lat="50.746673" lon="4.253864"><ele>33</ele></trkpt>
   <trkpt lat="50.746031" lon="4.253209"><ele>33.25</ele></trkpt>
   <trkpt lat="50.74509" lon="4.25219"><ele>33.5</ele></trkpt>
   <trkpt lat="50.744688" lon="4.251765"><ele>34.5</ele></trkpt>
   <trkpt lat="50.744525" lon="4.251598"><ele>34.5</ele></trkpt>
   <trkpt lat="50.744441" lon="4.251512"><ele>34.25</ele></trkpt>
   <trkpt lat="50.743649" lon="4.250699"><ele>33.5</ele></trkpt>
   <trkpt lat="50.743211" lon="4.250256"><ele>33</ele></trkpt>
   <trkpt lat="50.742889" lon="4.249924"><ele>33</ele></trkpt>
   <trkpt lat="50.742198" lon="4.249217"><ele>33.5</ele></trkpt>
   <trkpt lat="50.741395" lon="4.248392"><ele>33.75</ele></trkpt>
   <trkpt lat="50.740636" lon="4.247618"><ele>34</ele></trkpt>
   <trkpt lat="50.739877" lon="4.24687"><ele>34</ele></trkpt>
   <trkpt lat="50.739301" lon="4.246321"><ele>34.5</ele></trkpt>
   <trkpt lat="50.739105" lon="4.246145"><ele>34.75</ele></trkpt>
   <trkpt lat="50.738325" lon="4.245441"><ele>36</ele></trkpt>
   <trkpt lat="50.737547" lon="4.244736"><ele>35.25</ele></trkpt>
   <trkpt lat="50.736764" lon="4.244026"><ele>36.5</ele></trkpt>
   <trkpt lat="50.736179" lon="4.243484"><ele>35.75</ele></trkpt>
   <trkpt lat="50.735431" lon="4.242752"><ele>36.25</ele></trkpt>
   <trkpt lat="50.734701" lon="4.241968"><ele>34</ele></trkpt>
   <trkpt lat="50.73447" lon="4.241704"><ele>36.75</ele></trkpt>
   <trkpt lat="50.730571" lon="4.236895"><ele>36.5</ele></trkpt>
   <trkpt lat="50.730184" lon="4.236417"><ele>36.75</ele></trkpt>
   <trkpt lat="50.729881" lon="4.236065"><ele>37</ele></trkpt>
   <trkpt lat="50.729244" lon="4.235367"><ele>38</ele></trkpt>
   <trkpt lat="50.728885" lon="4.234992"><ele>37</ele></trkpt>
   <trkpt lat="50.728023" lon="4.234127"><ele>38.5</ele></trkpt>
   <trkpt lat="50.727044" lon="4.233214"><ele>36.5</ele></trkpt>
   <trkpt lat="50.726959" lon="4.233135"><ele>36</ele></trkpt>
   <trkpt lat="50.726044" lon="4.23228"><ele>38.5</ele></trkpt>
   <trkpt lat="50.725111" lon="4.231406"><ele>40</ele></trkpt>
   <trkpt lat="50.723712" lon="4.230109"><ele>38.25</ele></trkpt>
   <trkpt lat="50.722804" lon="4.229255"><ele>40</ele></trkpt>
   <trkpt lat="50.722381" lon="4.228852"><ele>40.5</ele></trkpt>
   <trkpt lat="50.721429" lon="4.227918"><ele>43.5</ele></trkpt>
   <trkpt lat="50.715331" lon="4.221933"><ele>41</ele></trkpt>
   <trkpt lat="50.715263" lon="4.221866"><ele>41.25</ele></trkpt>
   <trkpt lat="50.712071" lon="4.21873"><ele>46.25</ele></trkpt>
   <trkpt lat="50.710828" lon="4.217493"><ele>48.5</ele></trkpt>
   <trkpt lat="50.710206" lon="4.216845"><ele>49.5</ele></trkpt>
   <trkpt lat="50.709975" lon="4.216592"><ele>49.75</ele></trkpt>
   <trkpt lat="50.709495" lon="4.216046"><ele>50.75</ele></trkpt>
   <trkpt lat="50.709256" lon="4.215762"><ele>51</ele></trkpt>
   <trkpt lat="50.708788" lon="4.215173"><ele>52</ele></trkpt>
   <trkpt lat="50.708462" lon="4.214743"><ele>52.5</ele></trkpt>
   <trkpt lat="50.707994" lon="4.214093"><ele>53.5</ele></trkpt>
   <trkpt lat="50.707592" lon="4.213488"><ele>53.5</ele></trkpt>
   <trkpt lat="50.707055" lon="4.212644"><ele>54</ele></trkpt>
   <trkpt lat="50.706581" lon="4.211839"><ele>53.5</ele></trkpt>
   <trkpt lat="50.70627" lon="4.211274"><ele>53.25</ele></trkpt>
   <trkpt lat="50.705963" lon="4.210696"><ele>53</ele></trkpt>
   <trkpt lat="50.705368" lon="4.209478"><ele>52.5</ele></trkpt>
   <trkpt lat="50.704891" lon="4.208401"><ele>52.75</ele></trkpt>
   <trkpt lat="50.704651" lon="4.207813"><ele>53.25</ele></trkpt>
   <trkpt lat="50.704457" lon="4.207318"><ele>54.75</ele></trkpt>
   <trkpt lat="50.704115" lon="4.206398"><ele>54.5</ele></trkpt>
   <trkpt lat="50.703804" lon="4.205495"><ele>55</ele></trkpt>
   <trkpt lat="50.703416" lon="4.204254"><ele>56</ele></trkpt>
   <trkpt lat="50.703066" lon="4.20299"><ele>54</ele></trkpt>
   <trkpt lat="50.702905" lon="4.202349"><ele>55.75</ele></trkpt>
   <trkpt lat="50.702683" lon="4.201404"><ele>56</ele></trkpt>
   <trkpt lat="50.702341" lon="4.199577"><ele>56.75</ele></trkpt>
   <trkpt lat="50.702028" lon="4.197726"><ele>57.5</ele></trkpt>
   <trkpt lat="50.701908" lon="4.196737"><ele>57.5</ele></trkpt>
   <trkpt lat="50.70176" lon="4.195368"><ele>59.25</ele></trkpt>
   <trkpt lat="50.701542" lon="4.193022"><ele>63</ele></trkpt>
   <trkpt lat="50.701122" lon="4.188337"><ele>66</ele></trkpt>
   <trkpt lat="50.700984" lon="4.186885"><ele>69</ele></trkpt>
   <trkpt lat="50.700823" lon="4.185416"><ele>70.5</ele></trkpt>
   <trkpt lat="50.70066" lon="4.184167"><ele>71.5</ele></trkpt>
   <trkpt lat="50.700451" lon="4.182822"><ele>73.5</ele></trkpt>
   <trkpt lat="50.700202" lon="4.181475"><ele>74</ele></trkpt>
   <trkpt lat="50.699918" lon="4.180154"><ele>74</ele></trkpt>
   <trkpt lat="50.69961" lon="4.178877"><ele>73.5</ele></trkpt>
   <trkpt lat="50.699264" lon="4.177608"><ele>74</ele></trkpt>
   <trkpt lat="50.698883" lon="4.176357"><ele>74</ele></trkpt>
   <trkpt lat="50.698469" lon="4.175127"><ele>74</ele></trkpt>
   <trkpt lat="50.698056" lon="4.174004"><ele>73</ele></trkpt>
   <trkpt lat="50.697648" lon="4.172988"><ele>73.25</ele></trkpt>
   <trkpt lat="50.697173" lon="4.171899"><ele>71.5</ele></trkpt>
   <trkpt lat="50.696692" lon="4.170878"><ele>69.25</ele></trkpt>
   <trkpt lat="50.696145" lon="4.169805"><ele>67</ele></trkpt>
   <trkpt lat="50.695563" lon="4.168757"><ele>65</ele></trkpt>
   <trkpt lat="50.694957" lon="4.167741"><ele>63</ele></trkpt>
   <trkpt lat="50.694334" lon="4.166753"><ele>60</ele></trkpt>
   <trkpt lat="50.692878" lon="4.164471"><ele>49.75</ele></trkpt>
   <trkpt lat="50.691238" lon="4.161738"><ele>51.25</ele></trkpt>
   <trkpt lat="50.690426" lon="4.160298"><ele>53.25</ele></trkpt>
   <trkpt lat="50.68988" lon="4.15929"><ele>54.5</ele></trkpt>
   <trkpt lat="50.689319" lon="4.15822"><ele>56.25</ele></trkpt>
   <trkpt lat="50.688762" lon="4.157134"><ele>57.75</ele></trkpt>
   <trkpt lat="50.688223" lon="4.15604"><ele>59.5</ele></trkpt>
   <trkpt lat="50.687692" lon="4.154936"><ele>60.5</ele></trkpt>
   <trkpt lat="50.687175" lon="4.153824"><ele>62.5</ele></trkpt>
   <trkpt lat="50.686662" lon="4.15269"><ele>64</ele></trkpt>
   <trkpt lat="50.686165" lon="4.151545"><ele>65.75</ele></trkpt>
   <trkpt lat="50.685733" lon="4.150522"><ele>67.75</ele></trkpt>
   <trkpt lat="50.685259" lon="4.149362"><ele>69.5</ele></trkpt>
   <trkpt lat="50.684797" lon="4.148195"><ele>71</ele></trkpt>
   <trkpt lat="50.684377" lon="4.1471"><ele>73.25</ele></trkpt>
   <trkpt lat="50.683622" lon="4.145029"><ele>74.75</ele></trkpt>
   <trkpt lat="50.68329" lon="4.144079"><ele>75.5</ele></trkpt>
   <trkpt lat="50.682962" lon="4.14311"><ele>75.5</ele></trkpt>
   <trkpt lat="50.682563" lon="4.141899"><ele>77</ele></trkpt>
   <trkpt lat="50.682171" lon="4.140663"><ele>77.5</ele></trkpt>
   <trkpt lat="50.681816" lon="4.139494"><ele>76.75</ele></trkpt>
   <trkpt lat="50.681297" lon="4.137708"><ele>75.5</ele></trkpt>
   <trkpt lat="50.681184" lon="4.137307"><ele>76.25</ele></trkpt>
   <trkpt lat="50.680832" lon="4.136019"><ele>77.75</ele></trkpt>
   <trkpt lat="50.680498" lon="4.134743"><ele>76.25</ele></trkpt>
   <trkpt lat="50.680179" lon="4.133468"><ele>74.25</ele></trkpt>
   <trkpt lat="50.679865" lon="4.132153"><ele>74.25</ele></trkpt>
   <trkpt lat="50.679571" lon="4.130861"><ele>76</ele></trkpt>
   <trkpt lat="50.679285" lon="4.129544"><ele>76.5</ele></trkpt>
   <trkpt lat="50.679009" lon="4.128221"><ele>76.5</ele></trkpt>
   <trkpt lat="50.678771" lon="4.126991"><ele>76</ele></trkpt>
   <trkpt lat="50.678523" lon="4.125663"><ele>75</ele></trkpt>
   <trkpt lat="50.678249" lon="4.124146"><ele>74</ele></trkpt>
   <trkpt lat="50.676427" lon="4.113771"><ele>74.75</ele></trkpt>
   <trkpt lat="50.676221" lon="4.112536"><ele>75.5</ele></trkpt>
   <trkpt lat="50.676037" lon="4.111377"><ele>76.25</ele></trkpt>
   <trkpt lat="50.675851" lon="4.110134"><ele>75.5</ele></trkpt>
   <trkpt lat="50.675665" lon="4.108783"><ele>76.5</ele></trkpt>
   <trkpt lat="50.675494" lon="4.107447"><ele>77</ele></trkpt>
   <trkpt lat="50.675336" lon="4.106075"><ele>76.75</ele></trkpt>
   <trkpt lat="50.675189" lon="4.104707"><ele>78.25</ele></trkpt>
   <trkpt lat="50.675062" lon="4.103332"><ele>77</ele></trkpt>
   <trkpt lat="50.674954" lon="4.102057"><ele>78</ele></trkpt>
   <trkpt lat="50.674854" lon="4.100667"><ele>78</ele></trkpt>
   <trkpt lat="50.674773" lon="4.099389"><ele>77.5</ele></trkpt>
   <trkpt lat="50.674702" lon="4.098012"><ele>76</ele></trkpt>
   <trkpt lat="50.674646" lon="4.096639"><ele>76</ele></trkpt>
   <trkpt lat="50.674604" lon="4.095293"><ele>75.5</ele></trkpt>
   <trkpt lat="50.674574" lon="4.093899"><ele>74.75</ele></trkpt>
   <trkpt lat="50.674548" lon="4.092508"><ele>73.25</ele></trkpt>
   <trkpt lat="50.674367" lon="4.079425"><ele>71.75</ele></trkpt>
   <trkpt lat="50.674357" lon="4.078035"><ele>73.5</ele></trkpt>
   <trkpt lat="50.674358" lon="4.076837"><ele>74</ele></trkpt>
   <trkpt lat="50.674372" lon="4.075553"><ele>75</ele></trkpt>
   <trkpt lat="50.6744" lon="4.074213"><ele>75.5</ele></trkpt>
   <trkpt lat="50.674448" lon="4.072841"><ele>76</ele></trkpt>
   <trkpt lat="50.674516" lon="4.071462"><ele>77.25</ele></trkpt>
   <trkpt lat="50.674598" lon="4.070083"><ele>75</ele></trkpt>
   <trkpt lat="50.674699" lon="4.0687"><ele>75.75</ele></trkpt>
   <trkpt lat="50.674819" lon="4.067342"><ele>75.25</ele></trkpt>
   <trkpt lat="50.674946" lon="4.066063"><ele>74</ele></trkpt>
   <trkpt lat="50.675094" lon="4.064731"><ele>74.25</ele></trkpt>
   <trkpt lat="50.675271" lon="4.063346"><ele>72</ele></trkpt>
   <trkpt lat="50.675459" lon="4.061996"><ele>71.25</ele></trkpt>
   <trkpt lat="50.67566" lon="4.060671"><ele>70.25</ele></trkpt>
   <trkpt lat="50.675882" lon="4.059346"><ele>68.75</ele></trkpt>
   <trkpt lat="50.676107" lon="4.058093"><ele>67</ele></trkpt>
   <trkpt lat="50.676359" lon="4.056763"><ele>66</ele></trkpt>
   <trkpt lat="50.676603" lon="4.055537"><ele>64.5</ele></trkpt>
   <trkpt lat="50.677303" lon="4.052109"><ele>61.75</ele></trkpt>
   <trkpt lat="50.677566" lon="4.050784"><ele>59.25</ele></trkpt>
   <trkpt lat="50.67797" lon="4.048655"><ele>61.75</ele></trkpt>
   <trkpt lat="50.678286" lon="4.046861"><ele>60.75</ele></trkpt>
   <trkpt lat="50.678495" lon="4.045586"><ele>56.25</ele></trkpt>
   <trkpt lat="50.678741" lon="4.043989"><ele>55.75</ele></trkpt>
   <trkpt lat="50.678994" lon="4.042228"><ele>56</ele></trkpt>
   <trkpt lat="50.679175" lon="4.040867"><ele>55.75</ele></trkpt>
   <trkpt lat="50.679343" lon="4.039512"><ele>56.5</ele></trkpt>
   <trkpt lat="50.67948" lon="4.038306"><ele>56.75</ele></trkpt>
   <trkpt lat="50.679615" lon="4.037034"><ele>58</ele></trkpt>
   <trkpt lat="50.679751" lon="4.035678"><ele>57.25</ele></trkpt>
   <trkpt lat="50.679871" lon="4.034321"><ele>59</ele></trkpt>
   <trkpt lat="50.679993" lon="4.032814"><ele>64.25</ele></trkpt>
   <trkpt lat="50.680062" lon="4.031888"><ele>64.75</ele></trkpt>
   <trkpt lat="50.680106" lon="4.031206"><ele>64</ele></trkpt>
   <trkpt lat="50.680198" lon="4.029671"><ele>59.75</ele></trkpt>
   <trkpt lat="50.68025" lon="4.028692"><ele>59.25</ele></trkpt>
   <trkpt lat="50.680301" lon="4.027585"><ele>59</ele></trkpt>
   <trkpt lat="50.68035" lon="4.026304"><ele>58</ele></trkpt>
   <trkpt lat="50.680391" lon="4.024908"><ele>54.75</ele></trkpt>
   <trkpt lat="50.680418" lon="4.023526"><ele>55.25</ele></trkpt>
   <trkpt lat="50.680436" lon="4.022137"><ele>56.5</ele></trkpt>
   <trkpt lat="50.680441" lon="4.02076"><ele>56</ele></trkpt>
   <trkpt lat="50.680435" lon="4.019401"><ele>55.5</ele></trkpt>
   <trkpt lat="50.680414" lon="4.018028"><ele>54.25</ele></trkpt>
   <trkpt lat="50.680387" lon="4.016727"><ele>52.75</ele></trkpt>
   <trkpt lat="50.680352" lon="4.015542"><ele>51.25</ele></trkpt>
   <trkpt lat="50.680242" lon="4.012959"><ele>49</ele></trkpt>
   <trkpt lat="50.680184" lon="4.011864"><ele>49.75</ele></trkpt>
   <trkpt lat="50.68011" lon="4.010668"><ele>49.25</ele></trkpt>
   <trkpt lat="50.680021" lon="4.009394"><ele>48.5</ele></trkpt>
   <trkpt lat="50.679916" lon="4.008021"><ele>48.75</ele></trkpt>
   <trkpt lat="50.679797" lon="4.006646"><ele>48.25</ele></trkpt>
   <trkpt lat="50.679531" lon="4.003949"><ele>49.75</ele></trkpt>
   <trkpt lat="50.679375" lon="4.002582"><ele>49.75</ele></trkpt>
   <trkpt lat="50.679209" lon="4.001206"><ele>50.25</ele></trkpt>
   <trkpt lat="50.679043" lon="3.999958"><ele>47.75</ele></trkpt>
   <trkpt lat="50.678853" lon="3.998599"><ele>51.25</ele></trkpt>
   <trkpt lat="50.678653" lon="3.997232"><ele>53</ele></trkpt>
   <trkpt lat="50.677984" lon="3.992922"><ele>57.25</ele></trkpt>
   <trkpt lat="50.674997" lon="3.973921"><ele>64</ele></trkpt>
   <trkpt lat="50.674786" lon="3.972646"><ele>64</ele></trkpt>
   <trkpt lat="50.674555" lon="3.97131"><ele>64</ele></trkpt>
   <trkpt lat="50.674304" lon="3.96996"><ele>64.25</ele></trkpt>
   <trkpt lat="50.674047" lon="3.968643"><ele>64.5</ele></trkpt>
   <trkpt lat="50.673774" lon="3.967332"><ele>64.25</ele></trkpt>
   <trkpt lat="50.673489" lon="3.966038"><ele>63</ele></trkpt>
   <trkpt lat="50.673205" lon="3.964831"><ele>61</ele></trkpt>
   <trkpt lat="50.672868" lon="3.963465"><ele>59.25</ele></trkpt>
   <trkpt lat="50.672547" lon="3.962238"><ele>58</ele></trkpt>
   <trkpt lat="50.672198" lon="3.960962"><ele>56.75</ele></trkpt>
   <trkpt lat="50.671835" lon="3.959702"><ele>55.5</ele></trkpt>
   <trkpt lat="50.671466" lon="3.958473"><ele>54.5</ele></trkpt>
   <trkpt lat="50.671096" lon="3.957303"><ele>53.25</ele></trkpt>
   <trkpt lat="50.670693" lon="3.956076"><ele>53.75</ele></trkpt>
   <trkpt lat="50.670273" lon="3.954864"><ele>52</ele></trkpt>
   <trkpt lat="50.669843" lon="3.953663"><ele>52</ele></trkpt>
   <trkpt lat="50.669398" lon="3.952473"><ele>51.75</ele></trkpt>
   <trkpt lat="50.668931" lon="3.951283"><ele>50.75</ele></trkpt>
   <trkpt lat="50.668462" lon="3.950108"><ele>50.25</ele></trkpt>
   <trkpt lat="50.668051" lon="3.94911"><ele>51.75</ele></trkpt>
   <trkpt lat="50.663428" lon="3.938095"><ele>52.25</ele></trkpt>
   <trkpt lat="50.662477" lon="3.935836"><ele>52.75</ele></trkpt>
   <trkpt lat="50.65764" lon="3.924327"><ele>54.75</ele></trkpt>
   <trkpt lat="50.654927" lon="3.917867"><ele>55.25</ele></trkpt>
   <trkpt lat="50.654374" lon="3.916534"><ele>55.25</ele></trkpt>
   <trkpt lat="50.654283" lon="3.916305"><ele>54.25</ele></trkpt>
   <trkpt lat="50.653602" lon="3.914609"><ele>58</ele></trkpt>
   <trkpt lat="50.6531" lon="3.913316"><ele>58.5</ele></trkpt>
   <trkpt lat="50.652585" lon="3.911958"><ele>59.75</ele></trkpt>
   <trkpt lat="50.651299" lon="3.908479"><ele>61.75</ele></trkpt>
   <trkpt lat="50.648773" lon="3.901644"><ele>61.75</ele></trkpt>
   <trkpt lat="50.648269" lon="3.900283"><ele>61</ele></trkpt>
   <trkpt lat="50.648168" lon="3.900005"><ele>61</ele></trkpt>
   <trkpt lat="50.647436" lon="3.89803"><ele>62.75</ele></trkpt>
   <trkpt lat="50.646594" lon="3.895879"><ele>63.25</ele></trkpt>
   <trkpt lat="50.642414" lon="3.884566"><ele>57</ele></trkpt>
   <trkpt lat="50.641936" lon="3.883284"><ele>57.5</ele></trkpt>
   <trkpt lat="50.641182" lon="3.881296"><ele>53.25</ele></trkpt>
   <trkpt lat="50.641121" lon="3.881138"><ele>53.75</ele></trkpt>
   <trkpt lat="50.640428" lon="3.879378"><ele>55</ele></trkpt>
   <trkpt lat="50.639899" lon="3.878072"><ele>56</ele></trkpt>
   <trkpt lat="50.639348" lon="3.876754"><ele>56.75</ele></trkpt>
   <trkpt lat="50.638825" lon="3.875528"><ele>57.5</ele></trkpt>
   <trkpt lat="50.638255" lon="3.874215"><ele>58.75</ele></trkpt>
   <trkpt lat="50.637676" lon="3.872918"><ele>59.25</ele></trkpt>
   <trkpt lat="50.637096" lon="3.871654"><ele>60.25</ele></trkpt>
   <trkpt lat="50.636517" lon="3.870415"><ele>60.25</ele></trkpt>
   <trkpt lat="50.634112" lon="3.865366"><ele>59.25</ele></trkpt>
   <trkpt lat="50.633272" lon="3.863495"><ele>58.5</ele></trkpt>
   <trkpt lat="50.632831" lon="3.862567"><ele>58</ele></trkpt>
   <trkpt lat="50.632735" lon="3.862376"><ele>58.25</ele></trkpt>
   <trkpt lat="50.6312" lon="3.859145"><ele>58.5</ele></trkpt>
   <trkpt lat="50.630827" lon="3.858296"><ele>58.75</ele></trkpt>
   <trkpt lat="50.630526" lon="3.857556"><ele>58</ele></trkpt>
   <trkpt lat="50.630067" lon="3.856297"><ele>58.75</ele></trkpt>
   <trkpt lat="50.629639" lon="3.855346"><ele>59</ele></trkpt>
   <trkpt lat="50.629325" lon="3.854668"><ele>59.25</ele></trkpt>
   <trkpt lat="50.629156" lon="3.854311"><ele>59.25</ele></trkpt>
   <trkpt lat="50.629001" lon="3.853981"><ele>59.25</ele></trkpt>
   <trkpt lat="50.628755" lon="3.853384"><ele>59.75</ele></trkpt>
   <trkpt lat="50.627253" lon="3.849535"><ele>60</ele></trkpt>
   <trkpt lat="50.627121" lon="3.849171"><ele>60</ele></trkpt>
   <trkpt lat="50.62691" lon="3.848448"><ele>60</ele></trkpt>
   <trkpt lat="50.626778" lon="3.847988"><ele>60.25</ele></trkpt>
   <trkpt lat="50.626615" lon="3.847427"><ele>60.75</ele></trkpt>
   <trkpt lat="50.626311" lon="3.846479"><ele>60.5</ele></trkpt>
   <trkpt lat="50.625636" lon="3.844762"><ele>61.5</ele></trkpt>
   <trkpt lat="50.625325" lon="3.843951"><ele>62.5</ele></trkpt>
   <trkpt lat="50.625101" lon="3.843359"><ele>63</ele></trkpt>
   <trkpt lat="50.624858" lon="3.842699"><ele>62.5</ele></trkpt>
   <trkpt lat="50.624619" lon="3.841987"><ele>62.25</ele></trkpt>
   <trkpt lat="50.62436" lon="3.841289"><ele>62.5</ele></trkpt>
   <trkpt lat="50.623845" lon="3.839963"><ele>61.75</ele></trkpt>
   <trkpt lat="50.623601" lon="3.839248"><ele>62</ele></trkpt>
   <trkpt lat="50.622644" lon="3.836802"><ele>61.5</ele></trkpt>
   <trkpt lat="50.619094" lon="3.827729"><ele>56.25</ele></trkpt>
   <trkpt lat="50.618581" lon="3.826374"><ele>55.5</ele></trkpt>
   <trkpt lat="50.61834" lon="3.825687"><ele>55.75</ele></trkpt>
   <trkpt lat="50.61809" lon="3.824889"><ele>52.25</ele></trkpt>
   <trkpt lat="50.618049" lon="3.824749"><ele>52</ele></trkpt>
   <trkpt lat="50.617926" lon="3.824297"><ele>52.25</ele></trkpt>
   <trkpt lat="50.617741" lon="3.823566"><ele>54.25</ele></trkpt>
   <trkpt lat="50.61759" lon="3.82288"><ele>52.5</ele></trkpt>
   <trkpt lat="50.617458" lon="3.822218"><ele>52.75</ele></trkpt>
   <trkpt lat="50.617349" lon="3.821554"><ele>51.5</ele></trkpt>
   <trkpt lat="50.617253" lon="3.820885"><ele>52.5</ele></trkpt>
   <trkpt lat="50.617174" lon="3.820203"><ele>51.5</ele></trkpt>
   <trkpt lat="50.617104" lon="3.819416"><ele>49.25</ele></trkpt>
   <trkpt lat="50.617054" lon="3.818634"><ele>49.5</ele></trkpt>
   <trkpt lat="50.617025" lon="3.817848"><ele>49</ele></trkpt>
   <trkpt lat="50.617022" lon="3.817061"><ele>48.5</ele></trkpt>
   <trkpt lat="50.617037" lon="3.816262"><ele>47</ele></trkpt>
   <trkpt lat="50.617074" lon="3.815484"><ele>45.5</ele></trkpt>
   <trkpt lat="50.617126" lon="3.814792"><ele>45.25</ele></trkpt>
   <trkpt lat="50.617193" lon="3.814112"><ele>46.5</ele></trkpt>
   <trkpt lat="50.617278" lon="3.813434"><ele>45.75</ele></trkpt>
   <trkpt lat="50.617395" lon="3.812652"><ele>42.75</ele></trkpt>
   <trkpt lat="50.617522" lon="3.811945"><ele>46.25</ele></trkpt>
   <trkpt lat="50.617666" lon="3.81125"><ele>42.5</ele></trkpt>
   <trkpt lat="50.61784" lon="3.810512"><ele>45.25</ele></trkpt>
   <trkpt lat="50.61806" lon="3.809694"><ele>46.75</ele></trkpt>
   <trkpt lat="50.618291" lon="3.808876"><ele>45.75</ele></trkpt>
   <trkpt lat="50.618907" lon="3.806784"><ele>45</ele></trkpt>
   <trkpt lat="50.618953" lon="3.806618"><ele>44</ele></trkpt>
   <trkpt lat="50.619209" lon="3.805748"><ele>45.75</ele></trkpt>
   <trkpt lat="50.619642" lon="3.804319"><ele>43.5</ele></trkpt>
   <trkpt lat="50.620326" lon="3.802202"><ele>45.5</ele></trkpt>
   <trkpt lat="50.621347" lon="3.799122"><ele>44.5</ele></trkpt>
   <trkpt lat="50.621415" lon="3.798916"><ele>46.25</ele></trkpt>
   <trkpt lat="50.622484" lon="3.795692"><ele>44.5</ele></trkpt>
   <trkpt lat="50.622704" lon="3.795003"><ele>42</ele></trkpt>
   <trkpt lat="50.622917" lon="3.794284"><ele>40.5</ele></trkpt>
   <trkpt lat="50.623121" lon="3.793546"><ele>42.25</ele></trkpt>
   <trkpt lat="50.624851" lon="3.787004"><ele>34</ele></trkpt>
   <trkpt lat="50.62489" lon="3.786866"><ele>34.25</ele></trkpt>
   <trkpt lat="50.625086" lon="3.786117"><ele>36.25</ele></trkpt>
   <trkpt lat="50.625265" lon="3.785485"><ele>36.5</ele></trkpt>
   <trkpt lat="50.625548" lon="3.784588"><ele>36</ele></trkpt>
   <trkpt lat="50.625593" lon="3.784442"><ele>35.75</ele></trkpt>
   <trkpt lat="50.625769" lon="3.783751"><ele>36</ele></trkpt>
   <trkpt lat="50.625836" lon="3.783542"><ele>36</ele></trkpt>
   <trkpt lat="50.625941" lon="3.783124"><ele>36</ele></trkpt>
   <trkpt lat="50.626006" lon="3.782813"><ele>35.5</ele></trkpt>
   <trkpt lat="50.626096" lon="3.782418"><ele>35.75</ele></trkpt>
   <trkpt lat="50.626223" lon="3.781831"><ele>35.25</ele></trkpt>
   <trkpt lat="50.626278" lon="3.781583"><ele>35.5</ele></trkpt>
   <trkpt lat="50.626313" lon="3.781391"><ele>35.5</ele></trkpt>
   <trkpt lat="50.626341" lon="3.781189"><ele>35</ele></trkpt>
   <trkpt lat="50.626401" lon="3.780744"><ele>35.25</ele></trkpt>
   <trkpt lat="50.626468" lon="3.780243"><ele>35.25</ele></trkpt>
   <trkpt lat="50.626488" lon="3.780042"><ele>35.25</ele></trkpt>
   <trkpt lat="50.626665" lon="3.776268"><ele>35.75</ele></trkpt>
   <trkpt lat="50.626682" lon="3.776052"><ele>36</ele></trkpt>
   <trkpt lat="50.626716" lon="3.775816"><ele>36</ele></trkpt>
   <trkpt lat="50.626818" lon="3.775315"><ele>36</ele></trkpt>
   <trkpt lat="50.6269" lon="3.774923"><ele>36</ele></trkpt>
   <trkpt lat="50.626985" lon="3.774524"><ele>36</ele></trkpt>
   <trkpt lat="50.62705" lon="3.774215"><ele>36</ele></trkpt>
   <trkpt lat="50.627135" lon="3.773815"><ele>36</ele></trkpt>
   <trkpt lat="50.627165" lon="3.773619"><ele>36</ele></trkpt>
   <trkpt lat="50.627224" lon="3.773159"><ele>35.75</ele></trkpt>
   <trkpt lat="50.627277" lon="3.772742"><ele>36</ele></trkpt>
   <trkpt lat="50.627302" lon="3.772181"><ele>34.75</ele></trkpt>
   <trkpt lat="50.627315" lon="3.771867"><ele>34</ele></trkpt>
   <trkpt lat="50.627327" lon="3.771321"><ele>36.25</ele></trkpt>
   <trkpt lat="50.627321" lon="3.770922"><ele>36</ele></trkpt>
   <trkpt lat="50.627301" lon="3.770512"><ele>36.75</ele></trkpt>
   <trkpt lat="50.627265" lon="3.770099"><ele>36</ele></trkpt>
   <trkpt lat="50.627212" lon="3.769706"><ele>34.75</ele></trkpt>
   <trkpt lat="50.627145" lon="3.769328"><ele>33.75</ele></trkpt>
   <trkpt lat="50.627046" lon="3.768878"><ele>35.5</ele></trkpt>
   <trkpt lat="50.62698" lon="3.768638"><ele>35.75</ele></trkpt>
   <trkpt lat="50.626916" lon="3.768409"><ele>35</ele></trkpt>
   <trkpt lat="50.626758" lon="3.767952"><ele>35.25</ele></trkpt>
   <trkpt lat="50.626664" lon="3.767712"><ele>35</ele></trkpt>
   <trkpt lat="50.626553" lon="3.767456"><ele>33</ele></trkpt>
   <trkpt lat="50.626288" lon="3.766903"><ele>34.25</ele></trkpt>
   <trkpt lat="50.625186" lon="3.764748"><ele>35</ele></trkpt>
   <trkpt lat="50.62352" lon="3.761497"><ele>35</ele></trkpt>
   <trkpt lat="50.623253" lon="3.760956"><ele>33.5</ele></trkpt>
   <trkpt lat="50.623001" lon="3.760399"><ele>34.25</ele></trkpt>
   <trkpt lat="50.622828" lon="3.759989"><ele>35.75</ele></trkpt>
   <trkpt lat="50.622576" lon="3.759312"><ele>34.5</ele></trkpt>
   <trkpt lat="50.622374" lon="3.758689"><ele>35.25</ele></trkpt>
   <trkpt lat="50.622191" lon="3.758072"><ele>35.75</ele></trkpt>
   <trkpt lat="50.622083" lon="3.757639"><ele>35.75</ele></trkpt>
   <trkpt lat="50.621988" lon="3.757237"><ele>36.75</ele></trkpt>
   <trkpt lat="50.621891" lon="3.756781"><ele>36.25</ele></trkpt>
   <trkpt lat="50.621766" lon="3.7561"><ele>35.5</ele></trkpt>
   <trkpt lat="50.62166" lon="3.755444"><ele>36.75</ele></trkpt>
   <trkpt lat="50.620867" lon="3.750412"><ele>39</ele></trkpt>
   <trkpt lat="50.620357" lon="3.747172"><ele>39.5</ele></trkpt>
   <trkpt lat="50.620241" lon="3.746398"><ele>38.75</ele></trkpt>
   <trkpt lat="50.620132" lon="3.745606"><ele>37.5</ele></trkpt>
   <trkpt lat="50.620046" lon="3.744872"><ele>38.5</ele></trkpt>
   <trkpt lat="50.619967" lon="3.744088"><ele>38.5</ele></trkpt>
   <trkpt lat="50.619891" lon="3.743204"><ele>37.5</ele></trkpt>
   <trkpt lat="50.619263" lon="3.734833"><ele>39.25</ele></trkpt>
   <trkpt lat="50.618754" lon="3.728087"><ele>36.5</ele></trkpt>
   <trkpt lat="50.61863" lon="3.726406"><ele>39.5</ele></trkpt>
   <trkpt lat="50.618574" lon="3.725521"><ele>38.25</ele></trkpt>
   <trkpt lat="50.618531" lon="3.724632"><ele>37.25</ele></trkpt>
   <trkpt lat="50.618508" lon="3.723738"><ele>38</ele></trkpt>
   <trkpt lat="50.618503" lon="3.722855"><ele>39</ele></trkpt>
   <trkpt lat="50.618514" lon="3.721961"><ele>39.5</ele></trkpt>
   <trkpt lat="50.618545" lon="3.721036"><ele>40.75</ele></trkpt>
   <trkpt lat="50.618585" lon="3.720284"><ele>39.75</ele></trkpt>
   <trkpt lat="50.618649" lon="3.719399"><ele>40</ele></trkpt>
   <trkpt lat="50.618732" lon="3.718522"><ele>38</ele></trkpt>
   <trkpt lat="50.618828" lon="3.717646"><ele>38.25</ele></trkpt>
   <trkpt lat="50.619618" lon="3.711089"><ele>40.25</ele></trkpt>
   <trkpt lat="50.619867" lon="3.70901"><ele>39.5</ele></trkpt>
   <trkpt lat="50.619947" lon="3.708221"><ele>40</ele></trkpt>
   <trkpt lat="50.620006" lon="3.707434"><ele>40.75</ele></trkpt>
   <trkpt lat="50.620049" lon="3.706637"><ele>40.5</ele></trkpt>
   <trkpt lat="50.620076" lon="3.705659"><ele>40.5</ele></trkpt>
   <trkpt lat="50.620073" lon="3.705062"><ele>40.5</ele></trkpt>
   <trkpt lat="50.620055" lon="3.704267"><ele>40</ele></trkpt>
   <trkpt lat="50.620019" lon="3.703473"><ele>40.25</ele></trkpt>
   <trkpt lat="50.61996" lon="3.702683"><ele>39.25</ele></trkpt>
   <trkpt lat="50.619883" lon="3.7019"><ele>38.5</ele></trkpt>
   <trkpt lat="50.619785" lon="3.701118"><ele>39.5</ele></trkpt>
   <trkpt lat="50.61967" lon="3.70035"><ele>39.75</ele></trkpt>
   <trkpt lat="50.619533" lon="3.699583"><ele>40.25</ele></trkpt>
   <trkpt lat="50.619387" lon="3.698851"><ele>39.25</ele></trkpt>
   <trkpt lat="50.619214" lon="3.698101"><ele>40.5</ele></trkpt>
   <trkpt lat="50.619095" lon="3.697614"><ele>40.25</ele></trkpt>
   <trkpt lat="50.616648" lon="3.687863"><ele>40.75</ele></trkpt>
   <trkpt lat="50.613044" lon="3.673533"><ele>40.75</ele></trkpt>
   <trkpt lat="50.612056" lon="3.669628"><ele>42.5</ele></trkpt>
   <trkpt lat="50.610398" lon="3.663021"><ele>43.5</ele></trkpt>
   <trkpt lat="50.60948" lon="3.65936"><ele>43.75</ele></trkpt>
   <trkpt lat="50.608175" lon="3.65418"><ele>45</ele></trkpt>
   <trkpt lat="50.605881" lon="3.645063"><ele>46</ele></trkpt>
   <trkpt lat="50.605619" lon="3.644004"><ele>46</ele></trkpt>
   <trkpt lat="50.605477" lon="3.643356"><ele>46.5</ele></trkpt>
   <trkpt lat="50.60533" lon="3.642596"><ele>46.25</ele></trkpt>
   <trkpt lat="50.605239" lon="3.642004"><ele>46.5</ele></trkpt>
   <trkpt lat="50.605154" lon="3.641346"><ele>46.5</ele></trkpt>
   <trkpt lat="50.605089" lon="3.640649"><ele>45.5</ele></trkpt>
   <trkpt lat="50.605047" lon="3.639963"><ele>45.75</ele></trkpt>
   <trkpt lat="50.605028" lon="3.639393"><ele>45.5</ele></trkpt>
   <trkpt lat="50.605026" lon="3.638589"><ele>45.5</ele></trkpt>
   <trkpt lat="50.605046" lon="3.637931"><ele>44.75</ele></trkpt>
   <trkpt lat="50.605092" lon="3.637147"><ele>44.5</ele></trkpt>
   <trkpt lat="50.605403" lon="3.63291"><ele>45.25</ele></trkpt>
   <trkpt lat="50.605445" lon="3.632227"><ele>45.25</ele></trkpt>
   <trkpt lat="50.605461" lon="3.631635"><ele>46</ele></trkpt>
   <trkpt lat="50.605453" lon="3.631044"><ele>46.25</ele></trkpt>
   <trkpt lat="50.605417" lon="3.630448"><ele>46.75</ele></trkpt>
   <trkpt lat="50.605394" lon="3.630186"><ele>46.25</ele></trkpt>
   <trkpt lat="50.605357" lon="3.629853"><ele>45.75</ele></trkpt>
   <trkpt lat="50.605269" lon="3.629288"><ele>46</ele></trkpt>
   <trkpt lat="50.605158" lon="3.628723"><ele>46</ele></trkpt>
   <trkpt lat="50.605017" lon="3.62817"><ele>45.75</ele></trkpt>
   <trkpt lat="50.604854" lon="3.627631"><ele>45</ele></trkpt>
   <trkpt lat="50.604672" lon="3.627117"><ele>45.5</ele></trkpt>
   <trkpt lat="50.604463" lon="3.626623"><ele>45.75</ele></trkpt>
   <trkpt lat="50.604234" lon="3.626149"><ele>44.75</ele></trkpt>
   <trkpt lat="50.604002" lon="3.625703"><ele>44.5</ele></trkpt>
   <trkpt lat="50.60376" lon="3.625256"><ele>44.25</ele></trkpt>
   <trkpt lat="50.602863" lon="3.623592"><ele>44.75</ele></trkpt>
   <trkpt lat="50.60258" lon="3.623044"><ele>45</ele></trkpt>
   <trkpt lat="50.602361" lon="3.622584"><ele>44</ele></trkpt>
   <trkpt lat="50.602151" lon="3.622083"><ele>44.25</ele></trkpt>
   <trkpt lat="50.60197" lon="3.621571"><ele>45</ele></trkpt>
   <trkpt lat="50.601804" lon="3.621045"><ele>45.75</ele></trkpt>
   <trkpt lat="50.601688" lon="3.620636"><ele>45.5</ele></trkpt>
   <trkpt lat="50.601313" lon="3.619316"><ele>45</ele></trkpt>
   <trkpt lat="50.601146" lon="3.618729"><ele>44.75</ele></trkpt>
   <trkpt lat="50.600714" lon="3.617221"><ele>45.25</ele></trkpt>
   <trkpt lat="50.600553" lon="3.616653"><ele>46</ele></trkpt>
   <trkpt lat="50.599007" lon="3.611235"><ele>45.75</ele></trkpt>
   <trkpt lat="50.598333" lon="3.608875"><ele>47</ele></trkpt>
   <trkpt lat="50.596216" lon="3.601466"><ele>48.5</ele></trkpt>
   <trkpt lat="50.596185" lon="3.601356"><ele>48.75</ele></trkpt>
   <trkpt lat="50.594147" lon="3.59424"><ele>48</ele></trkpt>
   <trkpt lat="50.593924" lon="3.593448"><ele>48.25</ele></trkpt>
   <trkpt lat="50.593703" lon="3.592633"><ele>47.5</ele></trkpt>
   <trkpt lat="50.593489" lon="3.591808"><ele>48</ele></trkpt>
   <trkpt lat="50.593282" lon="3.59098"><ele>48.25</ele></trkpt>
   <trkpt lat="50.593084" lon="3.590138"><ele>48.75</ele></trkpt>
   <trkpt lat="50.592897" lon="3.589303"><ele>48.75</ele></trkpt>
   <trkpt lat="50.592553" lon="3.58765"><ele>49</ele></trkpt>
   <trkpt lat="50.592388" lon="3.586802"><ele>47.5</ele></trkpt>
   <trkpt lat="50.592086" lon="3.58508"><ele>47.25</ele></trkpt>
   <trkpt lat="50.591949" lon="3.58422"><ele>49.75</ele></trkpt>
   <trkpt lat="50.591827" lon="3.583402"><ele>47.75</ele></trkpt>
   <trkpt lat="50.591604" lon="3.581745"><ele>48</ele></trkpt>
   <trkpt lat="50.591517" lon="3.581008"><ele>48</ele></trkpt>
   <trkpt lat="50.591341" lon="3.579343"><ele>49.75</ele></trkpt>
   <trkpt lat="50.591263" lon="3.578467"><ele>48.25</ele></trkpt>
   <trkpt lat="50.591169" lon="3.577237"><ele>50.5</ele></trkpt>
   <trkpt lat="50.591075" lon="3.575803"><ele>49.75</ele></trkpt>
   <trkpt lat="50.591027" lon="3.574928"><ele>49.25</ele></trkpt>
   <trkpt lat="50.590989" lon="3.574032"><ele>49.25</ele></trkpt>
   <trkpt lat="50.590959" lon="3.573143"><ele>48.5</ele></trkpt>
   <trkpt lat="50.590941" lon="3.572253"><ele>48.75</ele></trkpt>
   <trkpt lat="50.590931" lon="3.571463"><ele>49.25</ele></trkpt>
   <trkpt lat="50.59094" lon="3.569668"><ele>49.75</ele></trkpt>
   <trkpt lat="50.59098" lon="3.5681"><ele>50.75</ele></trkpt>
   <trkpt lat="50.591002" lon="3.567453"><ele>51.5</ele></trkpt>
   <trkpt lat="50.591184" lon="3.5632"><ele>53.75</ele></trkpt>
   <trkpt lat="50.591221" lon="3.562489"><ele>52.75</ele></trkpt>
   <trkpt lat="50.591262" lon="3.561897"><ele>53</ele></trkpt>
   <trkpt lat="50.591333" lon="3.561118"><ele>52.75</ele></trkpt>
   <trkpt lat="50.5914" lon="3.560538"><ele>53</ele></trkpt>
   <trkpt lat="50.59148" lon="3.559864"><ele>52.5</ele></trkpt>
   <trkpt lat="50.592625" lon="3.550804"><ele>54.75</ele></trkpt>
   <trkpt lat="50.593721" lon="3.54212"><ele>57.25</ele></trkpt>
   <trkpt lat="50.594015" lon="3.539835"><ele>58</ele></trkpt>
   <trkpt lat="50.594115" lon="3.539161"><ele>57.75</ele></trkpt>
   <trkpt lat="50.594236" lon="3.538488"><ele>58.25</ele></trkpt>
   <trkpt lat="50.594373" lon="3.537832"><ele>58</ele></trkpt>
   <trkpt lat="50.594529" lon="3.537198"><ele>59</ele></trkpt>
   <trkpt lat="50.59471" lon="3.53656"><ele>58.75</ele></trkpt>
   <trkpt lat="50.594904" lon="3.535947"><ele>59</ele></trkpt>
   <trkpt lat="50.595126" lon="3.535342"><ele>59</ele></trkpt>
   <trkpt lat="50.595364" lon="3.534758"><ele>59.5</ele></trkpt>
   <trkpt lat="50.595617" lon="3.534197"><ele>59.75</ele></trkpt>
   <trkpt lat="50.595891" lon="3.533653"><ele>59.75</ele></trkpt>
   <trkpt lat="50.596179" lon="3.533129"><ele>59.75</ele></trkpt>
   <trkpt lat="50.596478" lon="3.532636"><ele>59.5</ele></trkpt>
   <trkpt lat="50.596683" lon="3.532329"><ele>60.5</ele></trkpt>
   <trkpt lat="50.596803" lon="3.532157"><ele>60.5</ele></trkpt>
   <trkpt lat="50.597137" lon="3.531708"><ele>60.5</ele></trkpt>
   <trkpt lat="50.597486" lon="3.531284"><ele>60.75</ele></trkpt>
   <trkpt lat="50.597841" lon="3.530899"><ele>61</ele></trkpt>
   <trkpt lat="50.598212" lon="3.530533"><ele>61.5</ele></trkpt>
   <trkpt lat="50.598599" lon="3.530193"><ele>61.75</ele></trkpt>
   <trkpt lat="50.598995" lon="3.529886"><ele>62.25</ele></trkpt>
   <trkpt lat="50.5994" lon="3.52961"><ele>62.5</ele></trkpt>
   <trkpt lat="50.599811" lon="3.529366"><ele>62.75</ele></trkpt>
   <trkpt lat="50.60023" lon="3.529153"><ele>62.75</ele></trkpt>
   <trkpt lat="50.600656" lon="3.528971"><ele>63</ele></trkpt>
   <trkpt lat="50.601086" lon="3.528821"><ele>63</ele></trkpt>
   <trkpt lat="50.601519" lon="3.528706"><ele>62.5</ele></trkpt>
   <trkpt lat="50.60196" lon="3.528619"><ele>62</ele></trkpt>
   <trkpt lat="50.602404" lon="3.528569"><ele>62</ele></trkpt>
   <trkpt lat="50.602841" lon="3.528556"><ele>61</ele></trkpt>
   <trkpt lat="50.603283" lon="3.528574"><ele>61</ele></trkpt>
   <trkpt lat="50.603725" lon="3.528628"><ele>61</ele></trkpt>
   <trkpt lat="50.604158" lon="3.528711"><ele>61.25</ele></trkpt>
   <trkpt lat="50.604596" lon="3.528835"><ele>61.25</ele></trkpt>
   <trkpt lat="50.605024" lon="3.528984"><ele>61</ele></trkpt>
   <trkpt lat="50.605447" lon="3.529171"><ele>60.25</ele></trkpt>
   <trkpt lat="50.60629" lon="3.529589"><ele>61</ele></trkpt>
   <trkpt lat="50.606715" lon="3.529779"><ele>59.5</ele></trkpt>
   <trkpt lat="50.607148" lon="3.529933"><ele>59.75</ele></trkpt>
   <trkpt lat="50.607577" lon="3.530051"><ele>59.5</ele></trkpt>
   <trkpt lat="50.608016" lon="3.530131"><ele>58.25</ele></trkpt>
   <trkpt lat="50.608453" lon="3.530179"><ele>58.5</ele></trkpt>
   <trkpt lat="50.608903" lon="3.530191"><ele>58.25</ele></trkpt>
   <trkpt lat="50.609341" lon="3.530168"><ele>56.75</ele></trkpt>
   <trkpt lat="50.609778" lon="3.530109"><ele>56</ele></trkpt>
   <trkpt lat="50.610216" lon="3.530021"><ele>57.25</ele></trkpt>
   <trkpt lat="50.61065" lon="3.529896"><ele>55.25</ele></trkpt>
   <trkpt lat="50.611074" lon="3.529739"><ele>57.75</ele></trkpt>
   <trkpt lat="50.611499" lon="3.529551"><ele>56.5</ele></trkpt>
   <trkpt lat="50.611916" lon="3.529327"><ele>56.5</ele></trkpt>
   <trkpt lat="50.612325" lon="3.529077"><ele>56</ele></trkpt>
   <trkpt lat="50.612735" lon="3.528794"><ele>55.75</ele></trkpt>
   <trkpt lat="50.612914" lon="3.52866"><ele>56</ele></trkpt>
   <trkpt lat="50.613129" lon="3.528489"><ele>54.75</ele></trkpt>
   <trkpt lat="50.613513" lon="3.528158"><ele>54.25</ele></trkpt>
   <trkpt lat="50.61386" lon="3.527828"><ele>54.5</ele></trkpt>
   <trkpt lat="50.614227" lon="3.527437"><ele>53.5</ele></trkpt>
   <trkpt lat="50.61458" lon="3.527015"><ele>53</ele></trkpt>
   <trkpt lat="50.614917" lon="3.526572"><ele>52.75</ele></trkpt>
   <trkpt lat="50.61524" lon="3.526098"><ele>53</ele></trkpt>
   <trkpt lat="50.615547" lon="3.525601"><ele>52.75</ele></trkpt>
   <trkpt lat="50.615691" lon="3.525349"><ele>49.75</ele></trkpt>
   <trkpt lat="50.615885" lon="3.525005"><ele>51.5</ele></trkpt>
   <trkpt lat="50.616206" lon="3.524395"><ele>49.5</ele></trkpt>
   <trkpt lat="50.616513" lon="3.523767"><ele>48.25</ele></trkpt>
   <trkpt lat="50.616804" lon="3.523121"><ele>48.5</ele></trkpt>
   <trkpt lat="50.617083" lon="3.522457"><ele>49.5</ele></trkpt>
   <trkpt lat="50.617344" lon="3.521778"><ele>50</ele></trkpt>
   <trkpt lat="50.617587" lon="3.52109"><ele>51.25</ele></trkpt>
   <trkpt lat="50.617856" lon="3.520258"><ele>51.25</ele></trkpt>
   <trkpt lat="50.618029" lon="3.519661"><ele>51.25</ele></trkpt>
   <trkpt lat="50.618225" lon="3.518925"><ele>51.5</ele></trkpt>
   <trkpt lat="50.618401" lon="3.518188"><ele>51.75</ele></trkpt>
   <trkpt lat="50.618562" lon="3.517433"><ele>52</ele></trkpt>
   <trkpt lat="50.618705" lon="3.516672"><ele>52.25</ele></trkpt>
   <trkpt lat="50.61883" lon="3.515899"><ele>51.75</ele></trkpt>
   <trkpt lat="50.618936" lon="3.515125"><ele>51</ele></trkpt>
   <trkpt lat="50.619022" lon="3.514363"><ele>52.5</ele></trkpt>
   <trkpt lat="50.619092" lon="3.513582"><ele>51.5</ele></trkpt>
   <trkpt lat="50.619145" lon="3.512793"><ele>50</ele></trkpt>
   <trkpt lat="50.619203" lon="3.511765"><ele>49</ele></trkpt>
   <trkpt lat="50.619685" lon="3.502924"><ele>45.75</ele></trkpt>
   <trkpt lat="50.619711" lon="3.502234"><ele>45.75</ele></trkpt>
   <trkpt lat="50.619718" lon="3.501536"><ele>45.25</ele></trkpt>
   <trkpt lat="50.619705" lon="3.500837"><ele>44.75</ele></trkpt>
   <trkpt lat="50.619669" lon="3.500142"><ele>44.25</ele></trkpt>
   <trkpt lat="50.619613" lon="3.499481"><ele>43.75</ele></trkpt>
   <trkpt lat="50.619534" lon="3.498788"><ele>44</ele></trkpt>
   <trkpt lat="50.619432" lon="3.498113"><ele>44.75</ele></trkpt>
   <trkpt lat="50.61931" lon="3.497442"><ele>43.75</ele></trkpt>
   <trkpt lat="50.619168" lon="3.496788"><ele>44.75</ele></trkpt>
   <trkpt lat="50.619005" lon="3.496144"><ele>43</ele></trkpt>
   <trkpt lat="50.61882" lon="3.495511"><ele>43.75</ele></trkpt>
   <trkpt lat="50.618619" lon="3.494896"><ele>43.75</ele></trkpt>
   <trkpt lat="50.618188" lon="3.493683"><ele>43</ele></trkpt>
   <trkpt lat="50.617407" lon="3.491529"><ele>42.5</ele></trkpt>
   <trkpt lat="50.614896" lon="3.484582"><ele>36.75</ele></trkpt>
   <trkpt lat="50.61465" lon="3.483884"><ele>36.25</ele></trkpt>
   <trkpt lat="50.61444" lon="3.483234"><ele>37.75</ele></trkpt>
   <trkpt lat="50.614213" lon="3.482469"><ele>37.5</ele></trkpt>
   <trkpt lat="50.614022" lon="3.481755"><ele>33.5</ele></trkpt>
   <trkpt lat="50.613843" lon="3.481021"><ele>36</ele></trkpt>
   <trkpt lat="50.613683" lon="3.480259"><ele>35.5</ele></trkpt>
   <trkpt lat="50.61354" lon="3.479493"><ele>34.25</ele></trkpt>
   <trkpt lat="50.613416" lon="3.478737"><ele>35</ele></trkpt>
   <trkpt lat="50.613312" lon="3.477957"><ele>36.75</ele></trkpt>
   <trkpt lat="50.613226" lon="3.477183"><ele>35</ele></trkpt>
   <trkpt lat="50.613159" lon="3.476418"><ele>35.5</ele></trkpt>
   <trkpt lat="50.613135" lon="3.476064"><ele>36.75</ele></trkpt>
   <trkpt lat="50.61311" lon="3.475595"><ele>36</ele></trkpt>
   <trkpt lat="50.61308" lon="3.474804"><ele>36.75</ele></trkpt>
   <trkpt lat="50.613068" lon="3.474008"><ele>35.75</ele></trkpt>
   <trkpt lat="50.613078" lon="3.473226"><ele>35.75</ele></trkpt>
   <trkpt lat="50.613103" lon="3.472442"><ele>35.75</ele></trkpt>
   <trkpt lat="50.613148" lon="3.471653"><ele>35</ele></trkpt>
   <trkpt lat="50.613213" lon="3.470867"><ele>34.75</ele></trkpt>
   <trkpt lat="50.613292" lon="3.470116"><ele>34.5</ele></trkpt>
   <trkpt lat="50.613402" lon="3.469243"><ele>33.75</ele></trkpt>
   <trkpt lat="50.61427" lon="3.46281"><ele>31.75</ele></trkpt>
   <trkpt lat="50.614611" lon="3.460277"><ele>32</ele></trkpt>
   <trkpt lat="50.615423" lon="3.454243"><ele>28.5</ele></trkpt>
   <trkpt lat="50.616347" lon="3.447372"><ele>27.5</ele></trkpt>
   <trkpt lat="50.616388" lon="3.447068"><ele>28</ele></trkpt>
   <trkpt lat="50.616451" lon="3.44661"><ele>27.5</ele></trkpt>
   <trkpt lat="50.616546" lon="3.445823"><ele>26.25</ele></trkpt>
   <trkpt lat="50.616601" lon="3.44514"><ele>27</ele></trkpt>
   <trkpt lat="50.61664" lon="3.444441"><ele>27</ele></trkpt>
   <trkpt lat="50.61665" lon="3.443743"><ele>26.75</ele></trkpt>
   <trkpt lat="50.616638" lon="3.443074"><ele>26</ele></trkpt>
   <trkpt lat="50.616598" lon="3.442372"><ele>26</ele></trkpt>
   <trkpt lat="50.616539" lon="3.441687"><ele>26</ele></trkpt>
   <trkpt lat="50.616455" lon="3.440997"><ele>25.75</ele></trkpt>
   <trkpt lat="50.616348" lon="3.440327"><ele>25.25</ele></trkpt>
   <trkpt lat="50.616199" lon="3.43956"><ele>25.25</ele></trkpt>
   <trkpt lat="50.615852" lon="3.437901"><ele>25</ele></trkpt>
   <trkpt lat="50.612083" lon="3.419725"><ele>20</ele></trkpt>
   <trkpt lat="50.610722" lon="3.41318"><ele>18.25</ele></trkpt>
   <trkpt lat="50.610646" lon="3.412815"><ele>17.5</ele></trkpt>
   <trkpt lat="50.610621" lon="3.412693"><ele>17.75</ele></trkpt>
   <trkpt lat="50.610359" lon="3.411402"><ele>19</ele></trkpt>
   <trkpt lat="50.610279" lon="3.41092"><ele>19</ele></trkpt>
   <trkpt lat="50.610218" lon="3.410441"><ele>19</ele></trkpt>
   <trkpt lat="50.610175" lon="3.409948"><ele>18.5</ele></trkpt>
   <trkpt lat="50.610156" lon="3.409462"><ele>18.75</ele></trkpt>
   <trkpt lat="50.610154" lon="3.408966"><ele>18.5</ele></trkpt>
   <trkpt lat="50.610174" lon="3.408476"><ele>18.75</ele></trkpt>
   <trkpt lat="50.610214" lon="3.407989"><ele>19.75</ele></trkpt>
   <trkpt lat="50.610272" lon="3.407506"><ele>20</ele></trkpt>
   <trkpt lat="50.610351" lon="3.407032"><ele>20</ele></trkpt>
   <trkpt lat="50.61045" lon="3.406563"><ele>20</ele></trkpt>
   <trkpt lat="50.610513" lon="3.40631"><ele>20</ele></trkpt>
   <trkpt lat="50.610576" lon="3.406056"><ele>19.75</ele></trkpt>
   <trkpt lat="50.610874" lon="3.404955"><ele>20</ele></trkpt>
   <trkpt lat="50.611297" lon="3.403401"><ele>20</ele></trkpt>
   <trkpt lat="50.611364" lon="3.40302"><ele>20</ele></trkpt>
   <trkpt lat="50.612099" lon="3.400326"><ele>21</ele></trkpt>
   <trkpt lat="50.612228" lon="3.399851"><ele>21</ele></trkpt>
   <trkpt lat="50.612409" lon="3.399182"><ele>21</ele></trkpt>
   <trkpt lat="50.612597" lon="3.398491"><ele>21</ele></trkpt>
   <trkpt lat="50.61279" lon="3.397778"><ele>21</ele></trkpt>
   <trkpt lat="50.612964" lon="3.397136"><ele>21.25</ele></trkpt>
   <trkpt lat="50.613032" lon="3.396888"><ele>21</ele></trkpt>
   <trkpt lat="50.61305" lon="3.396819"><ele>21</ele></trkpt>
   <trkpt lat="50.613335" lon="3.395742"><ele>21.75</ele></trkpt>
   <trkpt lat="50.613419" lon="3.395426"><ele>21.5</ele></trkpt>
   <trkpt lat="50.613483" lon="3.39518"><ele>21.25</ele></trkpt>
   <trkpt lat="50.613703" lon="3.394303"><ele>21.5</ele></trkpt>
   <trkpt lat="50.613867" lon="3.393604"><ele>22</ele></trkpt>
   <trkpt lat="50.614017" lon="3.393015"><ele>22</ele></trkpt>
   <trkpt lat="50.61446" lon="3.391344"><ele>22</ele></trkpt>
   <trkpt lat="50.614597" lon="3.390839"><ele>22</ele></trkpt>
   <trkpt lat="50.614818" lon="3.389849"><ele>23</ele></trkpt>
   <trkpt lat="50.614936" lon="3.3894"><ele>21.75</ele></trkpt>
   <trkpt lat="50.614995" lon="3.389175"><ele>21.75</ele></trkpt>
   <trkpt lat="50.61567" lon="3.386641"><ele>21.5</ele></trkpt>
   <trkpt lat="50.617147" lon="3.381102"><ele>20.25</ele></trkpt>
   <trkpt lat="50.617294" lon="3.380561"><ele>20.5</ele></trkpt>
   <trkpt lat="50.617494" lon="3.379864"><ele>20</ele></trkpt>
   <trkpt lat="50.617594" lon="3.379552"><ele>19.75</ele></trkpt>
   <trkpt lat="50.617743" lon="3.379133"><ele>19.5</ele></trkpt>
   <trkpt lat="50.617878" lon="3.378793"><ele>19.25</ele></trkpt>
   <trkpt lat="50.617941" lon="3.378637"><ele>19.5</ele></trkpt>
   <trkpt lat="50.618158" lon="3.378147"><ele>20</ele></trkpt>
   <trkpt lat="50.618382" lon="3.377695"><ele>21</ele></trkpt>
   <trkpt lat="50.618627" lon="3.377253"><ele>21.25</ele></trkpt>
   <trkpt lat="50.619514" lon="3.375702"><ele>19.5</ele></trkpt>
   <trkpt lat="50.619882" lon="3.375026"><ele>18.25</ele></trkpt>
   <trkpt lat="50.620242" lon="3.37433"><ele>19</ele></trkpt>
   <trkpt lat="50.620595" lon="3.373625"><ele>20.25</ele></trkpt>
   <trkpt lat="50.621815" lon="3.371154"><ele>17</ele></trkpt>
   <trkpt lat="50.621875" lon="3.371037"><ele>17.25</ele></trkpt>
   <trkpt lat="50.622691" lon="3.369384"><ele>17.5</ele></trkpt>
   <trkpt lat="50.623166" lon="3.368424"><ele>17.75</ele></trkpt>
   <trkpt lat="50.624566" lon="3.36559"><ele>20</ele></trkpt>
   <trkpt lat="50.626588" lon="3.361499"><ele>19.25</ele></trkpt>
   <trkpt lat="50.627322" lon="3.360013"><ele>21.5</ele></trkpt>
   <trkpt lat="50.627405" lon="3.359846"><ele>23.5</ele></trkpt>
   <trkpt lat="50.627441" lon="3.359774"><ele>23</ele></trkpt>
   <trkpt lat="50.627544" lon="3.359565"><ele>21.75</ele></trkpt>
   <trkpt lat="50.62773" lon="3.359187"><ele>19.5</ele></trkpt>
   <trkpt lat="50.628742" lon="3.357138"><ele>19.5</ele></trkpt>
   <trkpt lat="50.62914" lon="3.356345"><ele>19</ele></trkpt>
   <trkpt lat="50.629343" lon="3.355915"><ele>19</ele></trkpt>
   <trkpt lat="50.62971" lon="3.355091"><ele>19</ele></trkpt>
   <trkpt lat="50.629904" lon="3.354679"><ele>19</ele></trkpt>
   <trkpt lat="50.630014" lon="3.354456"><ele>19</ele></trkpt>
   <trkpt lat="50.630307" lon="3.35383"><ele>19</ele></trkpt>
   <trkpt lat="50.630608" lon="3.353106"><ele>18.75</ele></trkpt>
   <trkpt lat="50.630797" lon="3.352589"><ele>18.75</ele></trkpt>
   <trkpt lat="50.630966" lon="3.352045"><ele>18.25</ele></trkpt>
   <trkpt lat="50.631113" lon="3.351498"><ele>18.75</ele></trkpt>
   <trkpt lat="50.631238" lon="3.350943"><ele>18</ele></trkpt>
   <trkpt lat="50.631344" lon="3.350365"><ele>18.75</ele></trkpt>
   <trkpt lat="50.631427" lon="3.349779"><ele>18.75</ele></trkpt>
   <trkpt lat="50.631485" lon="3.3492"><ele>18.5</ele></trkpt>
   <trkpt lat="50.631523" lon="3.348602"><ele>18</ele></trkpt>
   <trkpt lat="50.631537" lon="3.348005"><ele>17.75</ele></trkpt>
   <trkpt lat="50.631529" lon="3.347407"><ele>16.75</ele></trkpt>
   <trkpt lat="50.631498" lon="3.346811"><ele>16.5</ele></trkpt>
   <trkpt lat="50.631444" lon="3.346224"><ele>18.75</ele></trkpt>
   <trkpt lat="50.63137" lon="3.345663"><ele>19.5</ele></trkpt>
   <trkpt lat="50.631272" lon="3.345067"><ele>15.75</ele></trkpt>
   <trkpt lat="50.631071" lon="3.3441"><ele>19</ele></trkpt>
   <trkpt lat="50.630175" lon="3.339994"><ele>19</ele></trkpt>
   <trkpt lat="50.630151" lon="3.339888"><ele>19</ele></trkpt>
   <trkpt lat="50.629341" lon="3.336189"><ele>23.5</ele></trkpt>
   <trkpt lat="50.627921" lon="3.329703"><ele>31.25</ele></trkpt>
   <trkpt lat="50.627791" lon="3.329108"><ele>30</ele></trkpt>
   <trkpt lat="50.625266" lon="3.317598"><ele>31.25</ele></trkpt>
   <trkpt lat="50.624508" lon="3.314132"><ele>34.25</ele></trkpt>
   <trkpt lat="50.623901" lon="3.31142"><ele>34</ele></trkpt>
   <trkpt lat="50.622285" lon="3.304"><ele>33</ele></trkpt>
   <trkpt lat="50.621414" lon="3.300036"><ele>33</ele></trkpt>
   <trkpt lat="50.618156" lon="3.285225"><ele>31</ele></trkpt>
   <trkpt lat="50.617844" lon="3.283749"><ele>31.25</ele></trkpt>
   <trkpt lat="50.617728" lon="3.283134"><ele>31.75</ele></trkpt>
   <trkpt lat="50.617604" lon="3.282408"><ele>32</ele></trkpt>
   <trkpt lat="50.61749" lon="3.281648"><ele>32</ele></trkpt>
   <trkpt lat="50.617394" lon="3.280912"><ele>32</ele></trkpt>
   <trkpt lat="50.617308" lon="3.280144"><ele>32</ele></trkpt>
   <trkpt lat="50.617233" lon="3.279392"><ele>31.75</ele></trkpt>
   <trkpt lat="50.61717" lon="3.278648"><ele>31</ele></trkpt>
   <trkpt lat="50.61712" lon="3.277881"><ele>31</ele></trkpt>
   <trkpt lat="50.617084" lon="3.277188"><ele>30.75</ele></trkpt>
   <trkpt lat="50.617059" lon="3.276483"><ele>30.5</ele></trkpt>
   <trkpt lat="50.61705" lon="3.275747"><ele>30.5</ele></trkpt>
   <trkpt lat="50.617049" lon="3.274992"><ele>30.75</ele></trkpt>
   <trkpt lat="50.617059" lon="3.274217"><ele>30.75</ele></trkpt>
   <trkpt lat="50.617083" lon="3.273455"><ele>30.5</ele></trkpt>
   <trkpt lat="50.617274" lon="3.268626"><ele>29.75</ele></trkpt>
   <trkpt lat="50.617286" lon="3.268372"><ele>29.75</ele></trkpt>
   <trkpt lat="50.617312" lon="3.267652"><ele>29</ele></trkpt>
   <trkpt lat="50.617467" lon="3.26377"><ele>30</ele></trkpt>
   <trkpt lat="50.617932" lon="3.251951"><ele>34</ele></trkpt>
   <trkpt lat="50.617989" lon="3.250516"><ele>32</ele></trkpt>
   <trkpt lat="50.618608" lon="3.234738"><ele>28</ele></trkpt>
   <trkpt lat="50.618655" lon="3.233567"><ele>27.75</ele></trkpt>
   <trkpt lat="50.618657" lon="3.233498"><ele>27.75</ele></trkpt>
   <trkpt lat="50.61879" lon="3.230426"><ele>26.25</ele></trkpt>
   <trkpt lat="50.619246" lon="3.219983"><ele>25.5</ele></trkpt>
   <trkpt lat="50.619503" lon="3.214036"><ele>24.75</ele></trkpt>
   <trkpt lat="50.620234" lon="3.197211"><ele>24.75</ele></trkpt>
   <trkpt lat="50.620239" lon="3.197117"><ele>24.5</ele></trkpt>
   <trkpt lat="50.620243" lon="3.197019"><ele>24.25</ele></trkpt>
   <trkpt lat="50.620301" lon="3.195677"><ele>25</ele></trkpt>
   <trkpt lat="50.620314" lon="3.195343"><ele>25</ele></trkpt>
   <trkpt lat="50.620642" lon="3.18781"><ele>25</ele></trkpt>
   <trkpt lat="50.620937" lon="3.180985"><ele>26</ele></trkpt>
   <trkpt lat="50.620941" lon="3.180867"><ele>26</ele></trkpt>
   <trkpt lat="50.621364" lon="3.171037"><ele>28</ele></trkpt>
   <trkpt lat="50.621406" lon="3.169938"><ele>28.75</ele></trkpt>
   <trkpt lat="50.621465" lon="3.168013"><ele>30</ele></trkpt>
   <trkpt lat="50.62149" lon="3.16746"><ele>30</ele></trkpt>
   <trkpt lat="50.621542" lon="3.166461"><ele>30.25</ele></trkpt>
   <trkpt lat="50.621724" lon="3.163537"><ele>29.75</ele></trkpt>
   <trkpt lat="50.621752" lon="3.163103"><ele>30</ele></trkpt>
   <trkpt lat="50.6218" lon="3.162408"><ele>30</ele></trkpt>
   <trkpt lat="50.621915" lon="3.160908"><ele>30.75</ele></trkpt>
   <trkpt lat="50.621986" lon="3.159884"><ele>31</ele></trkpt>
   <trkpt lat="50.621988" lon="3.159858"><ele>31</ele></trkpt>
   <trkpt lat="50.622038" lon="3.159112"><ele>31.25</ele></trkpt>
   <trkpt lat="50.622197" lon="3.156763"><ele>31</ele></trkpt>
   <trkpt lat="50.622581" lon="3.151037"><ele>28.75</ele></trkpt>
   <trkpt lat="50.622594" lon="3.150839"><ele>27.5</ele></trkpt>
   <trkpt lat="50.62269" lon="3.1494"><ele>30.25</ele></trkpt>
   <trkpt lat="50.622854" lon="3.146956"><ele>29.5</ele></trkpt>
   <trkpt lat="50.622899" lon="3.146305"><ele>29</ele></trkpt>
   <trkpt lat="50.623382" lon="3.13906"><ele>28.75</ele></trkpt>
   <trkpt lat="50.624013" lon="3.129621"><ele>31.25</ele></trkpt>
   <trkpt lat="50.624052" lon="3.128958"><ele>30.5</ele></trkpt>
   <trkpt lat="50.624078" lon="3.12825"><ele>31</ele></trkpt>
   <trkpt lat="50.624089" lon="3.127796"><ele>31</ele></trkpt>
   <trkpt lat="50.624093" lon="3.127257"><ele>32</ele></trkpt>
   <trkpt lat="50.624083" lon="3.126506"><ele>32.25</ele></trkpt>
   <trkpt lat="50.624057" lon="3.125796"><ele>31.75</ele></trkpt>
   <trkpt lat="50.624014" lon="3.125056"><ele>34.25</ele></trkpt>
   <trkpt lat="50.623941" lon="3.12415"><ele>32.5</ele></trkpt>
   <trkpt lat="50.623873" lon="3.123511"><ele>33.25</ele></trkpt>
   <trkpt lat="50.623808" lon="3.122989"><ele>33.75</ele></trkpt>
   <trkpt lat="50.623583" lon="3.121336"><ele>32.75</ele></trkpt>
   <trkpt lat="50.623444" lon="3.120307"><ele>29.25</ele></trkpt>
   <trkpt lat="50.623377" lon="3.119813"><ele>28.25</ele></trkpt>
   <trkpt lat="50.622777" lon="3.115436"><ele>32.75</ele></trkpt>
   <trkpt lat="50.622701" lon="3.114879"><ele>32.75</ele></trkpt>
   <trkpt lat="50.62253" lon="3.113692"><ele>32.75</ele></trkpt>
   <trkpt lat="50.622495" lon="3.113472"><ele>33</ele></trkpt>
   <trkpt lat="50.622352" lon="3.11264"><ele>32.5</ele></trkpt>
   <trkpt lat="50.622269" lon="3.112194"><ele>32.75</ele></trkpt>
   <trkpt lat="50.621737" lon="3.109544"><ele>33.25</ele></trkpt>
   <trkpt lat="50.621611" lon="3.108823"><ele>32.5</ele></trkpt>
   <trkpt lat="50.62151" lon="3.108135"><ele>33</ele></trkpt>
   <trkpt lat="50.621034" lon="3.10467"><ele>32.25</ele></trkpt>
   <trkpt lat="50.620948" lon="3.103957"><ele>32</ele></trkpt>
   <trkpt lat="50.620923" lon="3.103704"><ele>32</ele></trkpt>
   <trkpt lat="50.620875" lon="3.103072"><ele>32</ele></trkpt>
   <trkpt lat="50.620758" lon="3.101133"><ele>31.5</ele></trkpt>
   <trkpt lat="50.620729" lon="3.100739"><ele>31.75</ele></trkpt>
   <trkpt lat="50.62067" lon="3.100121"><ele>31</ele></trkpt>
   <trkpt lat="50.62053" lon="3.099041"><ele>31</ele></trkpt>
   <trkpt lat="50.620459" lon="3.098534"><ele>30.75</ele></trkpt>
   <trkpt lat="50.620356" lon="3.097759"><ele>30.75</ele></trkpt>
   <trkpt lat="50.620309" lon="3.097285"><ele>31.75</ele></trkpt>
   <trkpt lat="50.620284" lon="3.096839"><ele>30</ele></trkpt>
   <trkpt lat="50.620278" lon="3.096618"><ele>30</ele></trkpt>
   <trkpt lat="50.620278" lon="3.096251"><ele>30</ele></trkpt>
   <trkpt lat="50.620293" lon="3.095866"><ele>30</ele></trkpt>
   <trkpt lat="50.620325" lon="3.095435"><ele>30</ele></trkpt>
   <trkpt lat="50.620382" lon="3.094939"><ele>30</ele></trkpt>
   <trkpt lat="50.620462" lon="3.094433"><ele>30.25</ele></trkpt>
   <trkpt lat="50.620537" lon="3.094046"><ele>29.75</ele></trkpt>
   <trkpt lat="50.620578" lon="3.093858"><ele>29.75</ele></trkpt>
   <trkpt lat="50.620674" lon="3.09347"><ele>27.75</ele></trkpt>
   <trkpt lat="50.620748" lon="3.093205"><ele>28.5</ele></trkpt>
   <trkpt lat="50.620856" lon="3.092861"><ele>29.75</ele></trkpt>
   <trkpt lat="50.620949" lon="3.09259"><ele>27</ele></trkpt>
   <trkpt lat="50.621024" lon="3.092403"><ele>26.25</ele></trkpt>
   <trkpt lat="50.621198" lon="3.092025"><ele>27</ele></trkpt>
   <trkpt lat="50.621391" lon="3.091677"><ele>27.75</ele></trkpt>
   <trkpt lat="50.6215" lon="3.091502"><ele>26.75</ele></trkpt>
   <trkpt lat="50.621701" lon="3.091214"><ele>26.75</ele></trkpt>
   <trkpt lat="50.621938" lon="3.090914"><ele>26.25</ele></trkpt>
   <trkpt lat="50.622135" lon="3.090681"><ele>26.5</ele></trkpt>
   <trkpt lat="50.62233" lon="3.090454"><ele>27</ele></trkpt>
   <trkpt lat="50.622752" lon="3.090016"><ele>26</ele></trkpt>
   <trkpt lat="50.623091" lon="3.089721"><ele>26</ele></trkpt>
   <trkpt lat="50.62335" lon="3.08952"><ele>25.75</ele></trkpt>
   <trkpt lat="50.623621" lon="3.089315"><ele>25.75</ele></trkpt>
   <trkpt lat="50.623837" lon="3.089141"><ele>26</ele></trkpt>
   <trkpt lat="50.624237" lon="3.088778"><ele>25.5</ele></trkpt>
   <trkpt lat="50.624472" lon="3.088545"><ele>25.75</ele></trkpt>
   <trkpt lat="50.62485" lon="3.088115"><ele>25</ele></trkpt>
   <trkpt lat="50.624963" lon="3.087983"><ele>25</ele></trkpt>
   <trkpt lat="50.625359" lon="3.087496"><ele>25</ele></trkpt>
   <trkpt lat="50.62554" lon="3.087292"><ele>25</ele></trkpt>
   <trkpt lat="50.625711" lon="3.087122"><ele>25</ele></trkpt>
   <trkpt lat="50.625943" lon="3.086907"><ele>25</ele></trkpt>
   <trkpt lat="50.626585" lon="3.086342"><ele>25</ele></trkpt>
   <trkpt lat="50.626685" lon="3.086249"><ele>24.75</ele></trkpt>
   <trkpt lat="50.626898" lon="3.086063"><ele>25</ele></trkpt>
   <trkpt lat="50.628091" lon="3.085004"><ele>24</ele></trkpt>
   <trkpt lat="50.628263" lon="3.084856"><ele>24.25</ele></trkpt>
   <trkpt lat="50.6285" lon="3.084671"><ele>24.25</ele></trkpt>
   <trkpt lat="50.628916" lon="3.084394"><ele>24</ele></trkpt>
   <trkpt lat="50.629239" lon="3.084188"><ele>24</ele></trkpt>
   <trkpt lat="50.630019" lon="3.083716"><ele>23</ele></trkpt>
   <trkpt lat="50.630251" lon="3.08356"><ele>23</ele></trkpt>
   <trkpt lat="50.630423" lon="3.083445"><ele>24.5</ele></trkpt>
   <trkpt lat="50.630824" lon="3.08315"><ele>23.5</ele></trkpt>
   <trkpt lat="50.631347" lon="3.082773"><ele>20.25</ele></trkpt>
   <trkpt lat="50.632196" lon="3.082117"><ele>20.75</ele></trkpt>
   <trkpt lat="50.632559" lon="3.081808"><ele>20.5</ele></trkpt>
   <trkpt lat="50.632918" lon="3.081483"><ele>20</ele></trkpt>
   <trkpt lat="50.633167" lon="3.08126"><ele>19.25</ele></trkpt>
   <trkpt lat="50.633386" lon="3.081055"><ele>17.25</ele></trkpt>
   <trkpt lat="50.633489" lon="3.080963"><ele>17.25</ele></trkpt>
   <trkpt lat="50.633879" lon="3.080593"><ele>17.25</ele></trkpt>
   <trkpt lat="50.635094" lon="3.079518"><ele>17.5</ele></trkpt>
   <trkpt lat="50.635629" lon="3.079013"><ele>17.5</ele></trkpt>
   <trkpt lat="50.637183" lon="3.077535"><ele>17.75</ele></trkpt>
   <trkpt lat="50.637361" lon="3.077333"><ele>18</ele></trkpt>
   <trkpt lat="50.637537" lon="3.077133"><ele>18</ele></trkpt>
   <trkpt lat="50.637812" lon="3.076846"><ele>18</ele></trkpt>
   <trkpt lat="50.639258" lon="3.075456"><ele>18.25</ele></trkpt>
   <trkpt lat="50.64202" lon="3.072797"><ele>18.75</ele></trkpt>
   <trkpt lat="50.642441" lon="3.072431"><ele>18.75</ele></trkpt>
   <trkpt lat="50.643543" lon="3.071386"><ele>19</ele></trkpt>
   <trkpt lat="50.643957" lon="3.07099"><ele>19.25</ele></trkpt>
   <trkpt lat="50.645689" lon="3.069251"><ele>19.5</ele></trkpt>
   <trkpt lat="50.646939" lon="3.067711"><ele>19.75</ele></trkpt>
   <trkpt lat="50.647507" lon="3.066893"><ele>19.75</ele></trkpt>
   <trkpt lat="50.648325" lon="3.065523"><ele>20</ele></trkpt>
   <trkpt lat="50.649081" lon="3.063985"><ele>20.25</ele></trkpt>
   <trkpt lat="50.649649" lon="3.062595"><ele>20.5</ele></trkpt>
   <trkpt lat="50.650186" lon="3.060908"><ele>20.5</ele></trkpt>
   <trkpt lat="50.650343" lon="3.060376"><ele>20.75</ele></trkpt>
   <trkpt lat="50.650486" lon="3.059841"><ele>21.25</ele></trkpt>
   <trkpt lat="50.650595" lon="3.059402"><ele>21.25</ele></trkpt>
   <trkpt lat="50.650767" lon="3.058649"><ele>21.25</ele></trkpt>
   <trkpt lat="50.650992" lon="3.057509"><ele>21.25</ele></trkpt>
   <trkpt lat="50.651141" lon="3.056579"><ele>21.25</ele></trkpt>
   <trkpt lat="50.65124" lon="3.055861"><ele>21.25</ele></trkpt>
   <trkpt lat="50.651316" lon="3.055224"><ele>21.25</ele></trkpt>
   <trkpt lat="50.651652" lon="3.052022"><ele>21.25</ele></trkpt>
   <trkpt lat="50.651729" lon="3.051418"><ele>21.25</ele></trkpt>
   <trkpt lat="50.651845" lon="3.050601"><ele>21.25</ele></trkpt>
   <trkpt lat="50.65199" lon="3.049768"><ele>21.5</ele></trkpt>
   <trkpt lat="50.65213" lon="3.04905"><ele>19.5</ele></trkpt>
   <trkpt lat="50.652313" lon="3.048234"><ele>19.25</ele></trkpt>
   <trkpt lat="50.652407" lon="3.04785"><ele>19</ele></trkpt>
   <trkpt lat="50.652639" lon="3.046986"><ele>19</ele></trkpt>
   <trkpt lat="50.652904" lon="3.046118"><ele>19.25</ele></trkpt>
   <trkpt lat="50.653208" lon="3.045171"><ele>19.5</ele></trkpt>
   <trkpt lat="50.654323" lon="3.041876"><ele>21.25</ele></trkpt>
   <trkpt lat="50.654374" lon="3.041717"><ele>22</ele></trkpt>
   <trkpt lat="50.654768" lon="3.040558"><ele>22.25</ele></trkpt>
   <trkpt lat="50.655187" lon="3.039255"><ele>19.25</ele></trkpt>
   <trkpt lat="50.655323" lon="3.038811"><ele>20</ele></trkpt>
   <trkpt lat="50.656541" lon="3.034756"><ele>21.75</ele></trkpt>
   <trkpt lat="50.656698" lon="3.034208"><ele>21.75</ele></trkpt>
   <trkpt lat="50.656883" lon="3.033498"><ele>21.5</ele></trkpt>
   <trkpt lat="50.657203" lon="3.032274"><ele>22</ele></trkpt>
   <trkpt lat="50.657402" lon="3.031566"><ele>23.75</ele></trkpt>
   <trkpt lat="50.657462" lon="3.031358"><ele>22.75</ele></trkpt>
   <trkpt lat="50.657605" lon="3.030864"><ele>22</ele></trkpt>
   <trkpt lat="50.657766" lon="3.030248"><ele>22</ele></trkpt>
   <trkpt lat="50.657912" lon="3.029737"><ele>22</ele></trkpt>
   <trkpt lat="50.65797" lon="3.029543"><ele>22</ele></trkpt>
   <trkpt lat="50.659511" lon="3.024396"><ele>23</ele></trkpt>
   <trkpt lat="50.659949" lon="3.022932"><ele>24</ele></trkpt>
   <trkpt lat="50.660289" lon="3.021777"><ele>24</ele></trkpt>
   <trkpt lat="50.6605" lon="3.021036"><ele>23.75</ele></trkpt>
   <trkpt lat="50.66064" lon="3.020634"><ele>22.5</ele></trkpt>
   <trkpt lat="50.660673" lon="3.02052"><ele>22.75</ele></trkpt>
   <trkpt lat="50.660736" lon="3.020305"><ele>23.5</ele></trkpt>
   <trkpt lat="50.660771" lon="3.020172"><ele>24</ele></trkpt>
   <trkpt lat="50.66102" lon="3.019207"><ele>24</ele></trkpt>
   <trkpt lat="50.661113" lon="3.018825"><ele>25</ele></trkpt>
   <trkpt lat="50.66119" lon="3.018514"><ele>24.5</ele></trkpt>
   <trkpt lat="50.661379" lon="3.017817"><ele>24.75</ele></trkpt>
   <trkpt lat="50.661599" lon="3.017068"><ele>24.75</ele></trkpt>
   <trkpt lat="50.661622" lon="3.016988"><ele>24.75</ele></trkpt>
   <trkpt lat="50.661758" lon="3.016497"><ele>25</ele></trkpt>
   <trkpt lat="50.661925" lon="3.015825"><ele>25</ele></trkpt>
   <trkpt lat="50.661963" lon="3.015654"><ele>25</ele></trkpt>
   <trkpt lat="50.662187" lon="3.014729"><ele>24.75</ele></trkpt>
   <trkpt lat="50.662572" lon="3.013206"><ele>25.75</ele></trkpt>
   <trkpt lat="50.663001" lon="3.01134"><ele>26.25</ele></trkpt>
   <trkpt lat="50.663137" lon="3.010711"><ele>28.5</ele></trkpt>
   <trkpt lat="50.663267" lon="3.010049"><ele>27.5</ele></trkpt>
   <trkpt lat="50.663449" lon="3.008986"><ele>28</ele></trkpt>
   <trkpt lat="50.663502" lon="3.008626"><ele>27.75</ele></trkpt>
   <trkpt lat="50.663627" lon="3.007613"><ele>31.5</ele></trkpt>
   <trkpt lat="50.663706" lon="3.006809"><ele>30.25</ele></trkpt>
   <trkpt lat="50.663744" lon="3.006298"><ele>30</ele></trkpt>
   <trkpt lat="50.663783" lon="3.005595"><ele>30.5</ele></trkpt>
   <trkpt lat="50.663806" lon="3.00499"><ele>31.75</ele></trkpt>
   <trkpt lat="50.663819" lon="3.004141"><ele>32.75</ele></trkpt>
   <trkpt lat="50.663818" lon="3.00367"><ele>33.25</ele></trkpt>
   <trkpt lat="50.66381" lon="3.003172"><ele>32.5</ele></trkpt>
   <trkpt lat="50.663797" lon="3.002808"><ele>32.75</ele></trkpt>
   <trkpt lat="50.663759" lon="3.001954"><ele>33.75</ele></trkpt>
   <trkpt lat="50.663734" lon="3.001638"><ele>34.25</ele></trkpt>
   <trkpt lat="50.663669" lon="3.00085"><ele>34.25</ele></trkpt>
   <trkpt lat="50.663579" lon="3.000028"><ele>34.25</ele></trkpt>
   <trkpt lat="50.663448" lon="2.999068"><ele>30</ele></trkpt>
   <trkpt lat="50.663394" lon="2.998728"><ele>31.5</ele></trkpt>
   <trkpt lat="50.663249" lon="2.997911"><ele>29.5</ele></trkpt>
   <trkpt lat="50.663059" lon="2.996995"><ele>30</ele></trkpt>
   <trkpt lat="50.662854" lon="2.996134"><ele>29.25</ele></trkpt>
   <trkpt lat="50.662602" lon="2.995214"><ele>27.5</ele></trkpt>
   <trkpt lat="50.66236" lon="2.994421"><ele>26.5</ele></trkpt>
   <trkpt lat="50.662224" lon="2.994007"><ele>27</ele></trkpt>
   <trkpt lat="50.662047" lon="2.993497"><ele>26.75</ele></trkpt>
   <trkpt lat="50.661633" lon="2.99237"><ele>27.25</ele></trkpt>
   <trkpt lat="50.660765" lon="2.990055"><ele>28.5</ele></trkpt>
   <trkpt lat="50.660511" lon="2.989339"><ele>28.75</ele></trkpt>
   <trkpt lat="50.660338" lon="2.988825"><ele>28.25</ele></trkpt>
   <trkpt lat="50.660205" lon="2.988412"><ele>29.25</ele></trkpt>
   <trkpt lat="50.65993" lon="2.987505"><ele>29.75</ele></trkpt>
   <trkpt lat="50.659823" lon="2.987129"><ele>29.25</ele></trkpt>
   <trkpt lat="50.65957" lon="2.986172"><ele>29.5</ele></trkpt>
   <trkpt lat="50.659447" lon="2.985664"><ele>30</ele></trkpt>
   <trkpt lat="50.659257" lon="2.984818"><ele>30.5</ele></trkpt>
   <trkpt lat="50.659112" lon="2.984109"><ele>31</ele></trkpt>
   <trkpt lat="50.658948" lon="2.983217"><ele>30.75</ele></trkpt>
   <trkpt lat="50.658806" lon="2.98233"><ele>31.25</ele></trkpt>
   <trkpt lat="50.658736" lon="2.981856"><ele>30.75</ele></trkpt>
   <trkpt lat="50.658658" lon="2.981259"><ele>32.75</ele></trkpt>
   <trkpt lat="50.658556" lon="2.980399"><ele>32.75</ele></trkpt>
   <trkpt lat="50.65814" lon="2.97628"><ele>33.75</ele></trkpt>
   <trkpt lat="50.658086" lon="2.975773"><ele>35</ele></trkpt>
   <trkpt lat="50.657953" lon="2.974633"><ele>34.5</ele></trkpt>
   <trkpt lat="50.657814" lon="2.973568"><ele>36.25</ele></trkpt>
   <trkpt lat="50.657717" lon="2.972904"><ele>35.25</ele></trkpt>
   <trkpt lat="50.657568" lon="2.971947"><ele>35.5</ele></trkpt>
   <trkpt lat="50.657394" lon="2.97094"><ele>34.5</ele></trkpt>
   <trkpt lat="50.657215" lon="2.969978"><ele>36.75</ele></trkpt>
   <trkpt lat="50.65696" lon="2.968751"><ele>36.75</ele></trkpt>
   <trkpt lat="50.656773" lon="2.967906"><ele>36</ele></trkpt>
   <trkpt lat="50.656576" lon="2.967069"><ele>36.5</ele></trkpt>
   <trkpt lat="50.656405" lon="2.966388"><ele>37.75</ele></trkpt>
   <trkpt lat="50.656215" lon="2.965663"><ele>37.75</ele></trkpt>
   <trkpt lat="50.656025" lon="2.964969"><ele>38</ele></trkpt>
   <trkpt lat="50.655637" lon="2.963644"><ele>39.25</ele></trkpt>
   <trkpt lat="50.655442" lon="2.963022"><ele>39.25</ele></trkpt>
   <trkpt lat="50.655261" lon="2.962466"><ele>39.75</ele></trkpt>
   <trkpt lat="50.65485" lon="2.96126"><ele>40.25</ele></trkpt>
   <trkpt lat="50.654654" lon="2.960712"><ele>40.5</ele></trkpt>
   <trkpt lat="50.654374" lon="2.959968"><ele>40</ele></trkpt>
   <trkpt lat="50.653942" lon="2.95887"><ele>40</ele></trkpt>
   <trkpt lat="50.653556" lon="2.957947"><ele>39.5</ele></trkpt>
   <trkpt lat="50.653121" lon="2.956962"><ele>39.25</ele></trkpt>
   <trkpt lat="50.652608" lon="2.955847"><ele>38.75</ele></trkpt>
   <trkpt lat="50.65212" lon="2.954816"><ele>38.25</ele></trkpt>
   <trkpt lat="50.651211" lon="2.952864"><ele>36.5</ele></trkpt>
   <trkpt lat="50.651188" lon="2.952812"><ele>36.5</ele></trkpt>
   <trkpt lat="50.650693" lon="2.951699"><ele>37.25</ele></trkpt>
   <trkpt lat="50.65042" lon="2.951056"><ele>36.25</ele></trkpt>
   <trkpt lat="50.650097" lon="2.950266"><ele>35.25</ele></trkpt>
   <trkpt lat="50.649745" lon="2.949358"><ele>33.25</ele></trkpt>
   <trkpt lat="50.649348" lon="2.948272"><ele>33.75</ele></trkpt>
   <trkpt lat="50.649096" lon="2.947543"><ele>32.5</ele></trkpt>
   <trkpt lat="50.648892" lon="2.946933"><ele>31</ele></trkpt>
   <trkpt lat="50.64851" lon="2.945721"><ele>32.75</ele></trkpt>
   <trkpt lat="50.648193" lon="2.944634"><ele>32.5</ele></trkpt>
   <trkpt lat="50.647812" lon="2.943224"><ele>31</ele></trkpt>
   <trkpt lat="50.647593" lon="2.942348"><ele>31.5</ele></trkpt>
   <trkpt lat="50.647414" lon="2.941592"><ele>31.75</ele></trkpt>
   <trkpt lat="50.647087" lon="2.940077"><ele>31.5</ele></trkpt>
   <trkpt lat="50.646907" lon="2.93916"><ele>27.75</ele></trkpt>
   <trkpt lat="50.646789" lon="2.938525"><ele>25.75</ele></trkpt>
   <trkpt lat="50.646627" lon="2.937583"><ele>25.25</ele></trkpt>
   <trkpt lat="50.646401" lon="2.9362"><ele>25.75</ele></trkpt>
   <trkpt lat="50.646016" lon="2.933725"><ele>22.75</ele></trkpt>
   <trkpt lat="50.645989" lon="2.933557"><ele>22.25</ele></trkpt>
   <trkpt lat="50.645896" lon="2.932931"><ele>26</ele></trkpt>
   <trkpt lat="50.645474" lon="2.930229"><ele>24.5</ele></trkpt>
   <trkpt lat="50.645467" lon="2.930185"><ele>24.25</ele></trkpt>
   <trkpt lat="50.645361" lon="2.929505"><ele>21.75</ele></trkpt>
   <trkpt lat="50.645214" lon="2.928548"><ele>21.5</ele></trkpt>
   <trkpt lat="50.644661" lon="2.92497"><ele>22.25</ele></trkpt>
   <trkpt lat="50.644522" lon="2.923963"><ele>22</ele></trkpt>
   <trkpt lat="50.644435" lon="2.923284"><ele>22.5</ele></trkpt>
   <trkpt lat="50.644233" lon="2.921472"><ele>21.5</ele></trkpt>
   <trkpt lat="50.644146" lon="2.920446"><ele>21.25</ele></trkpt>
   <trkpt lat="50.644085" lon="2.919644"><ele>20.5</ele></trkpt>
   <trkpt lat="50.644027" lon="2.918744"><ele>21.25</ele></trkpt>
   <trkpt lat="50.643957" lon="2.917174"><ele>21.25</ele></trkpt>
   <trkpt lat="50.643923" lon="2.915816"><ele>21.75</ele></trkpt>
   <trkpt lat="50.643922" lon="2.915772"><ele>21.75</ele></trkpt>
   <trkpt lat="50.643916" lon="2.914376"><ele>21.75</ele></trkpt>
   <trkpt lat="50.643922" lon="2.913694"><ele>21.75</ele></trkpt>
   <trkpt lat="50.643953" lon="2.912391"><ele>20.75</ele></trkpt>
   <trkpt lat="50.644018" lon="2.910904"><ele>20.75</ele></trkpt>
   <trkpt lat="50.644094" lon="2.909686"><ele>20.25</ele></trkpt>
   <trkpt lat="50.644232" lon="2.90802"><ele>21.75</ele></trkpt>
   <trkpt lat="50.644336" lon="2.907023"><ele>20.25</ele></trkpt>
   <trkpt lat="50.644417" lon="2.906308"><ele>20.5</ele></trkpt>
   <trkpt lat="50.644601" lon="2.904896"><ele>20</ele></trkpt>
   <trkpt lat="50.644763" lon="2.903812"><ele>20.75</ele></trkpt>
   <trkpt lat="50.645054" lon="2.902109"><ele>21.25</ele></trkpt>
   <trkpt lat="50.645371" lon="2.900518"><ele>20</ele></trkpt>
   <trkpt lat="50.645601" lon="2.899464"><ele>20.75</ele></trkpt>
   <trkpt lat="50.645877" lon="2.898302"><ele>20.5</ele></trkpt>
   <trkpt lat="50.646059" lon="2.897585"><ele>20.25</ele></trkpt>
   <trkpt lat="50.646268" lon="2.896803"><ele>20</ele></trkpt>
   <trkpt lat="50.646484" lon="2.896039"><ele>20.25</ele></trkpt>
   <trkpt lat="50.64671" lon="2.895273"><ele>20.75</ele></trkpt>
   <trkpt lat="50.646962" lon="2.894463"><ele>20.75</ele></trkpt>
   <trkpt lat="50.647319" lon="2.893379"><ele>20.25</ele></trkpt>
   <trkpt lat="50.647635" lon="2.892475"><ele>19.75</ele></trkpt>
   <trkpt lat="50.647987" lon="2.891523"><ele>19.75</ele></trkpt>
   <trkpt lat="50.648424" lon="2.890407"><ele>20.25</ele></trkpt>
   <trkpt lat="50.648822" lon="2.889429"><ele>20</ele></trkpt>
   <trkpt lat="50.652087" lon="2.881629"><ele>22</ele></trkpt>
   <trkpt lat="50.652358" lon="2.88098"><ele>21.25</ele></trkpt>
   <trkpt lat="50.6535" lon="2.878256"><ele>20.25</ele></trkpt>
   <trkpt lat="50.65437" lon="2.87614"><ele>19.5</ele></trkpt>
   <trkpt lat="50.654887" lon="2.874862"><ele>19.5</ele></trkpt>
   <trkpt lat="50.655379" lon="2.873609"><ele>19.5</ele></trkpt>
   <trkpt lat="50.655908" lon="2.872228"><ele>21.5</ele></trkpt>
   <trkpt lat="50.656359" lon="2.871023"><ele>20</ele></trkpt>
   <trkpt lat="50.65676" lon="2.869918"><ele>20.25</ele></trkpt>
   <trkpt lat="50.657629" lon="2.86746"><ele>19.75</ele></trkpt>
   <trkpt lat="50.658211" lon="2.865754"><ele>19.25</ele></trkpt>
   <trkpt lat="50.660231" lon="2.859729"><ele>21</ele></trkpt>
   <trkpt lat="50.660315" lon="2.859484"><ele>23</ele></trkpt>
   <trkpt lat="50.664134" lon="2.848081"><ele>22.25</ele></trkpt>
   <trkpt lat="50.664801" lon="2.846122"><ele>21.75</ele></trkpt>
   <trkpt lat="50.664815" lon="2.846082"><ele>21.5</ele></trkpt>
   <trkpt lat="50.66525" lon="2.844845"><ele>21.5</ele></trkpt>
   <trkpt lat="50.665375" lon="2.844484"><ele>21</ele></trkpt>
   <trkpt lat="50.666346" lon="2.841833"><ele>24</ele></trkpt>
   <trkpt lat="50.667345" lon="2.839225"><ele>23.5</ele></trkpt>
   <trkpt lat="50.667879" lon="2.837895"><ele>23</ele></trkpt>
   <trkpt lat="50.6686" lon="2.836135"><ele>24.5</ele></trkpt>
   <trkpt lat="50.668754" lon="2.835765"><ele>21.25</ele></trkpt>
   <trkpt lat="50.670807" lon="2.830806"><ele>24.75</ele></trkpt>
   <trkpt lat="50.672656" lon="2.826342"><ele>21</ele></trkpt>
   <trkpt lat="50.672811" lon="2.825959"><ele>22.75</ele></trkpt>
   <trkpt lat="50.674095" lon="2.82286"><ele>23.5</ele></trkpt>
   <trkpt lat="50.674248" lon="2.82248"><ele>23.75</ele></trkpt>
   <trkpt lat="50.675287" lon="2.819979"><ele>20.5</ele></trkpt>
   <trkpt lat="50.675825" lon="2.818672"><ele>23</ele></trkpt>
   <trkpt lat="50.676385" lon="2.817299"><ele>23.25</ele></trkpt>
   <trkpt lat="50.676869" lon="2.816086"><ele>20.5</ele></trkpt>
   <trkpt lat="50.677279" lon="2.815031"><ele>20.75</ele></trkpt>
   <trkpt lat="50.677761" lon="2.813765"><ele>21</ele></trkpt>
   <trkpt lat="50.678138" lon="2.812753"><ele>19</ele></trkpt>
   <trkpt lat="50.678348" lon="2.812187"><ele>18.75</ele></trkpt>
   <trkpt lat="50.679151" lon="2.809945"><ele>20.5</ele></trkpt>
   <trkpt lat="50.679871" lon="2.80785"><ele>18.5</ele></trkpt>
   <trkpt lat="50.680216" lon="2.806814"><ele>18.5</ele></trkpt>
   <trkpt lat="50.680316" lon="2.806503"><ele>19.75</ele></trkpt>
   <trkpt lat="50.680482" lon="2.806009"><ele>19.75</ele></trkpt>
   <trkpt lat="50.681031" lon="2.804289"><ele>19.25</ele></trkpt>
   <trkpt lat="50.681736" lon="2.801989"><ele>18.5</ele></trkpt>
   <trkpt lat="50.682036" lon="2.800976"><ele>18.5</ele></trkpt>
   <trkpt lat="50.682643" lon="2.798868"><ele>17.75</ele></trkpt>
   <trkpt lat="50.683227" lon="2.796741"><ele>18</ele></trkpt>
   <trkpt lat="50.683738" lon="2.794798"><ele>17.75</ele></trkpt>
   <trkpt lat="50.684216" lon="2.792904"><ele>19</ele></trkpt>
   <trkpt lat="50.686777" lon="2.782417"><ele>19</ele></trkpt>
   <trkpt lat="50.68715" lon="2.780892"><ele>18.5</ele></trkpt>
   <trkpt lat="50.687709" lon="2.778592"><ele>19</ele></trkpt>
   <trkpt lat="50.688094" lon="2.777035"><ele>20</ele></trkpt>
   <trkpt lat="50.688524" lon="2.775374"><ele>17.25</ele></trkpt>
   <trkpt lat="50.688581" lon="2.775154"><ele>18</ele></trkpt>
   <trkpt lat="50.68898" lon="2.773691"><ele>19.25</ele></trkpt>
   <trkpt lat="50.689267" lon="2.772667"><ele>19</ele></trkpt>
   <trkpt lat="50.689586" lon="2.771567"><ele>18.5</ele></trkpt>
   <trkpt lat="50.690081" lon="2.769924"><ele>19.25</ele></trkpt>
   <trkpt lat="50.690501" lon="2.768591"><ele>19</ele></trkpt>
   <trkpt lat="50.690514" lon="2.76855"><ele>19</ele></trkpt>
   <trkpt lat="50.691177" lon="2.76654"><ele>19</ele></trkpt>
   <trkpt lat="50.691724" lon="2.764957"><ele>20.25</ele></trkpt>
   <trkpt lat="50.692239" lon="2.763527"><ele>19.75</ele></trkpt>
   <trkpt lat="50.692938" lon="2.761667"><ele>19</ele></trkpt>
   <trkpt lat="50.693293" lon="2.760761"><ele>19.25</ele></trkpt>
   <trkpt lat="50.694108" lon="2.758749"><ele>19.75</ele></trkpt>
   <trkpt lat="50.694761" lon="2.757188"><ele>20.5</ele></trkpt>
   <trkpt lat="50.696805" lon="2.752345"><ele>20.5</ele></trkpt>
   <trkpt lat="50.697294" lon="2.751174"><ele>19.75</ele></trkpt>
   <trkpt lat="50.69765" lon="2.750298"><ele>19.75</ele></trkpt>
   <trkpt lat="50.698266" lon="2.748745"><ele>20.5</ele></trkpt>
   <trkpt lat="50.698642" lon="2.747758"><ele>21</ele></trkpt>
   <trkpt lat="50.698899" lon="2.747064"><ele>21</ele></trkpt>
   <trkpt lat="50.699175" lon="2.746308"><ele>21</ele></trkpt>
   <trkpt lat="50.699472" lon="2.745463"><ele>20.75</ele></trkpt>
   <trkpt lat="50.699986" lon="2.74396"><ele>21</ele></trkpt>
   <trkpt lat="50.70042" lon="2.742638"><ele>20</ele></trkpt>
   <trkpt lat="50.700955" lon="2.74092"><ele>20.5</ele></trkpt>
   <trkpt lat="50.701187" lon="2.740145"><ele>20</ele></trkpt>
   <trkpt lat="50.701509" lon="2.739034"><ele>19.75</ele></trkpt>
   <trkpt lat="50.701785" lon="2.738053"><ele>20</ele></trkpt>
   <trkpt lat="50.70203" lon="2.737154"><ele>20</ele></trkpt>
   <trkpt lat="50.702514" lon="2.735281"><ele>21.75</ele></trkpt>
   <trkpt lat="50.702964" lon="2.733431"><ele>19.5</ele></trkpt>
   <trkpt lat="50.703243" lon="2.732205"><ele>19</ele></trkpt>
   <trkpt lat="50.703606" lon="2.730532"><ele>20.75</ele></trkpt>
   <trkpt lat="50.704177" lon="2.727766"><ele>20.75</ele></trkpt>
   <trkpt lat="50.705809" lon="2.719734"><ele>19.75</ele></trkpt>
   <trkpt lat="50.707139" lon="2.713192"><ele>20</ele></trkpt>
   <trkpt lat="50.707534" lon="2.711301"><ele>20.75</ele></trkpt>
   <trkpt lat="50.707886" lon="2.709709"><ele>20.5</ele></trkpt>
   <trkpt lat="50.708248" lon="2.708146"><ele>20.25</ele></trkpt>
   <trkpt lat="50.708539" lon="2.706943"><ele>20.5</ele></trkpt>
   <trkpt lat="50.708925" lon="2.705414"><ele>19.25</ele></trkpt>
   <trkpt lat="50.709339" lon="2.703849"><ele>19.75</ele></trkpt>
   <trkpt lat="50.709745" lon="2.702383"><ele>21.75</ele></trkpt>
   <trkpt lat="50.709999" lon="2.701502"><ele>23</ele></trkpt>
   <trkpt lat="50.710313" lon="2.700433"><ele>24</ele></trkpt>
   <trkpt lat="50.710612" lon="2.699451"><ele>25.25</ele></trkpt>
   <trkpt lat="50.711144" lon="2.697757"><ele>27.5</ele></trkpt>
   <trkpt lat="50.711537" lon="2.696558"><ele>23.25</ele></trkpt>
   <trkpt lat="50.711785" lon="2.69583"><ele>23</ele></trkpt>
   <trkpt lat="50.712442" lon="2.693936"><ele>26</ele></trkpt>
   <trkpt lat="50.7128" lon="2.692953"><ele>26.25</ele></trkpt>
   <trkpt lat="50.71344" lon="2.69122"><ele>24.5</ele></trkpt>
   <trkpt lat="50.714788" lon="2.687607"><ele>27.5</ele></trkpt>
   <trkpt lat="50.717831" lon="2.679433"><ele>24.5</ele></trkpt>
   <trkpt lat="50.717888" lon="2.679285"><ele>24.25</ele></trkpt>
   <trkpt lat="50.722057" lon="2.668099"><ele>29.5</ele></trkpt>
   <trkpt lat="50.726308" lon="2.656677"><ele>37.25</ele></trkpt>
   <trkpt lat="50.730887" lon="2.64437"><ele>43.75</ele></trkpt>
   <trkpt lat="50.731647" lon="2.642309"><ele>45</ele></trkpt>
   <trkpt lat="50.731919" lon="2.641561"><ele>46.25</ele></trkpt>
   <trkpt lat="50.732404" lon="2.640185"><ele>48.5</ele></trkpt>
   <trkpt lat="50.732739" lon="2.639188"><ele>49.75</ele></trkpt>
   <trkpt lat="50.733159" lon="2.637899"><ele>52.5</ele></trkpt>
   <trkpt lat="50.733646" lon="2.636338"><ele>52.75</ele></trkpt>
   <trkpt lat="50.733978" lon="2.635219"><ele>53.75</ele></trkpt>
   <trkpt lat="50.734355" lon="2.633903"><ele>55.25</ele></trkpt>
   <trkpt lat="50.734599" lon="2.633012"><ele>55.25</ele></trkpt>
   <trkpt lat="50.734879" lon="2.631948"><ele>54.5</ele></trkpt>
   <trkpt lat="50.735243" lon="2.630514"><ele>52.5</ele></trkpt>
   <trkpt lat="50.735539" lon="2.629292"><ele>50.75</ele></trkpt>
   <trkpt lat="50.735685" lon="2.628662"><ele>50.25</ele></trkpt>
   <trkpt lat="50.735997" lon="2.627262"><ele>49.5</ele></trkpt>
   <trkpt lat="50.736404" lon="2.625307"><ele>49.75</ele></trkpt>
   <trkpt lat="50.736716" lon="2.623691"><ele>48</ele></trkpt>
   <trkpt lat="50.736906" lon="2.622655"><ele>47.5</ele></trkpt>
   <trkpt lat="50.737165" lon="2.621139"><ele>46.75</ele></trkpt>
   <trkpt lat="50.737347" lon="2.62002"><ele>45.75</ele></trkpt>
   <trkpt lat="50.737456" lon="2.619329"><ele>45.25</ele></trkpt>
   <trkpt lat="50.738371" lon="2.613277"><ele>41.25</ele></trkpt>
   <trkpt lat="50.738565" lon="2.612016"><ele>39.25</ele></trkpt>
   <trkpt lat="50.738807" lon="2.610505"><ele>39.25</ele></trkpt>
   <trkpt lat="50.738977" lon="2.609507"><ele>38.5</ele></trkpt>
   <trkpt lat="50.739236" lon="2.608069"><ele>39</ele></trkpt>
   <trkpt lat="50.739374" lon="2.607331"><ele>39</ele></trkpt>
   <trkpt lat="50.73964" lon="2.605988"><ele>39</ele></trkpt>
   <trkpt lat="50.739762" lon="2.605389"><ele>38.25</ele></trkpt>
   <trkpt lat="50.74008" lon="2.603901"><ele>38.25</ele></trkpt>
   <trkpt lat="50.740346" lon="2.602722"><ele>37</ele></trkpt>
   <trkpt lat="50.740528" lon="2.601935"><ele>37</ele></trkpt>
   <trkpt lat="50.740753" lon="2.601004"><ele>36.75</ele></trkpt>
   <trkpt lat="50.74106" lon="2.599782"><ele>36</ele></trkpt>
   <trkpt lat="50.741334" lon="2.598731"><ele>35</ele></trkpt>
   <trkpt lat="50.741672" lon="2.597483"><ele>34</ele></trkpt>
   <trkpt lat="50.742117" lon="2.595917"><ele>33</ele></trkpt>
   <trkpt lat="50.742601" lon="2.594308"><ele>32.5</ele></trkpt>
   <trkpt lat="50.743024" lon="2.592955"><ele>32.75</ele></trkpt>
   <trkpt lat="50.743331" lon="2.592012"><ele>33.25</ele></trkpt>
   <trkpt lat="50.743625" lon="2.591133"><ele>31.75</ele></trkpt>
   <trkpt lat="50.743966" lon="2.590145"><ele>31</ele></trkpt>
   <trkpt lat="50.744552" lon="2.588509"><ele>30</ele></trkpt>
   <trkpt lat="50.744827" lon="2.58777"><ele>30.75</ele></trkpt>
   <trkpt lat="50.745453" lon="2.586136"><ele>30.75</ele></trkpt>
   <trkpt lat="50.74609" lon="2.58456"><ele>30.75</ele></trkpt>
   <trkpt lat="50.746705" lon="2.583106"><ele>30.5</ele></trkpt>
   <trkpt lat="50.747531" lon="2.581203"><ele>30.25</ele></trkpt>
   <trkpt lat="50.747822" lon="2.580553"><ele>30.5</ele></trkpt>
   <trkpt lat="50.749205" lon="2.577402"><ele>29.5</ele></trkpt>
   <trkpt lat="50.749264" lon="2.577271"><ele>29.25</ele></trkpt>
   <trkpt lat="50.749644" lon="2.576405"><ele>29</ele></trkpt>
   <trkpt lat="50.750294" lon="2.574907"><ele>31</ele></trkpt>
   <trkpt lat="50.750323" lon="2.57484"><ele>30.25</ele></trkpt>
   <trkpt lat="50.750907" lon="2.573454"><ele>30.75</ele></trkpt>
   <trkpt lat="50.751196" lon="2.572742"><ele>31.5</ele></trkpt>
   <trkpt lat="50.751601" lon="2.571724"><ele>31.75</ele></trkpt>
   <trkpt lat="50.75209" lon="2.570444"><ele>31</ele></trkpt>
   <trkpt lat="50.752217" lon="2.5701"><ele>30.5</ele></trkpt>
   <trkpt lat="50.752471" lon="2.569415"><ele>33.5</ele></trkpt>
   <trkpt lat="50.752799" lon="2.568504"><ele>33.75</ele></trkpt>
   <trkpt lat="50.753264" lon="2.567164"><ele>33</ele></trkpt>
   <trkpt lat="50.753445" lon="2.566624"><ele>33.75</ele></trkpt>
   <trkpt lat="50.753717" lon="2.565805"><ele>34.5</ele></trkpt>
   <trkpt lat="50.754063" lon="2.564727"><ele>33.5</ele></trkpt>
   <trkpt lat="50.754323" lon="2.56389"><ele>33.25</ele></trkpt>
   <trkpt lat="50.754596" lon="2.562984"><ele>33.25</ele></trkpt>
   <trkpt lat="50.754879" lon="2.562022"><ele>33.25</ele></trkpt>
   <trkpt lat="50.755241" lon="2.560739"><ele>34.5</ele></trkpt>
   <trkpt lat="50.755667" lon="2.559165"><ele>34.25</ele></trkpt>
   <trkpt lat="50.755903" lon="2.558248"><ele>35</ele></trkpt>
   <trkpt lat="50.756201" lon="2.557058"><ele>35.75</ele></trkpt>
   <trkpt lat="50.756529" lon="2.55568"><ele>36.5</ele></trkpt>
   <trkpt lat="50.756877" lon="2.554126"><ele>35.25</ele></trkpt>
   <trkpt lat="50.757196" lon="2.552623"><ele>35.25</ele></trkpt>
   <trkpt lat="50.757445" lon="2.551387"><ele>35.25</ele></trkpt>
   <trkpt lat="50.757614" lon="2.550501"><ele>35.25</ele></trkpt>
   <trkpt lat="50.757952" lon="2.548642"><ele>33</ele></trkpt>
   <trkpt lat="50.758143" lon="2.547538"><ele>31.25</ele></trkpt>
   <trkpt lat="50.759297" lon="2.540689"><ele>32</ele></trkpt>
   <trkpt lat="50.759571" lon="2.539114"><ele>31.25</ele></trkpt>
   <trkpt lat="50.759841" lon="2.537625"><ele>31.75</ele></trkpt>
   <trkpt lat="50.760189" lon="2.535855"><ele>32</ele></trkpt>
   <trkpt lat="50.760626" lon="2.533792"><ele>32.25</ele></trkpt>
   <trkpt lat="50.760816" lon="2.532941"><ele>32.75</ele></trkpt>
   <trkpt lat="50.761187" lon="2.531367"><ele>35</ele></trkpt>
   <trkpt lat="50.761572" lon="2.529808"><ele>35.75</ele></trkpt>
   <trkpt lat="50.762078" lon="2.527888"><ele>37.75</ele></trkpt>
   <trkpt lat="50.763845" lon="2.521407"><ele>41</ele></trkpt>
   <trkpt lat="50.76411" lon="2.520401"><ele>41.5</ele></trkpt>
   <trkpt lat="50.764336" lon="2.519501"><ele>40.5</ele></trkpt>
   <trkpt lat="50.764653" lon="2.518283"><ele>40.25</ele></trkpt>
   <trkpt lat="50.765011" lon="2.516962"><ele>40</ele></trkpt>
   <trkpt lat="50.767068" lon="2.509445"><ele>39.5</ele></trkpt>
   <trkpt lat="50.768446" lon="2.504393"><ele>38.5</ele></trkpt>
   <trkpt lat="50.768812" lon="2.503051"><ele>39</ele></trkpt>
   <trkpt lat="50.76975" lon="2.4996"><ele>38.75</ele></trkpt>
   <trkpt lat="50.775098" lon="2.480003"><ele>38.5</ele></trkpt>
   <trkpt lat="50.775117" lon="2.479932"><ele>38.5</ele></trkpt>
   <trkpt lat="50.775405" lon="2.478881"><ele>36.5</ele></trkpt>
   <trkpt lat="50.775456" lon="2.478689"><ele>35.75</ele></trkpt>
   <trkpt lat="50.776104" lon="2.476305"><ele>39.25</ele></trkpt>
   <trkpt lat="50.776219" lon="2.475878"><ele>37.5</ele></trkpt>
   <trkpt lat="50.776821" lon="2.47367"><ele>39</ele></trkpt>
   <trkpt lat="50.777278" lon="2.471939"><ele>38.25</ele></trkpt>
   <trkpt lat="50.777472" lon="2.471175"><ele>39</ele></trkpt>
   <trkpt lat="50.777763" lon="2.469985"><ele>38.75</ele></trkpt>
   <trkpt lat="50.778127" lon="2.468417"><ele>36.75</ele></trkpt>
   <trkpt lat="50.778493" lon="2.466733"><ele>36</ele></trkpt>
   <trkpt lat="50.778672" lon="2.465869"><ele>36</ele></trkpt>
   <trkpt lat="50.779021" lon="2.464101"><ele>36</ele></trkpt>
   <trkpt lat="50.779254" lon="2.462834"><ele>35</ele></trkpt>
   <trkpt lat="50.779553" lon="2.461106"><ele>35</ele></trkpt>
   <trkpt lat="50.779769" lon="2.459754"><ele>36.25</ele></trkpt>
   <trkpt lat="50.780179" lon="2.456917"><ele>34</ele></trkpt>
   <trkpt lat="50.780275" lon="2.456217"><ele>34.5</ele></trkpt>
   <trkpt lat="50.78098" lon="2.451077"><ele>33.75</ele></trkpt>
   <trkpt lat="50.781072" lon="2.450401"><ele>34.5</ele></trkpt>
   <trkpt lat="50.781296" lon="2.448804"><ele>33.75</ele></trkpt>
   <trkpt lat="50.781526" lon="2.447238"><ele>34</ele></trkpt>
   <trkpt lat="50.781648" lon="2.446452"><ele>34.5</ele></trkpt>
   <trkpt lat="50.781959" lon="2.444591"><ele>33.75</ele></trkpt>
   <trkpt lat="50.782201" lon="2.443241"><ele>33.75</ele></trkpt>
   <trkpt lat="50.782489" lon="2.441742"><ele>35</ele></trkpt>
   <trkpt lat="50.782897" lon="2.43975"><ele>36.5</ele></trkpt>
   <trkpt lat="50.783123" lon="2.43871"><ele>37.25</ele></trkpt>
   <trkpt lat="50.783405" lon="2.437476"><ele>38</ele></trkpt>
   <trkpt lat="50.783665" lon="2.436377"><ele>38</ele></trkpt>
   <trkpt lat="50.783976" lon="2.435117"><ele>39.25</ele></trkpt>
   <trkpt lat="50.784452" lon="2.433288"><ele>39</ele></trkpt>
   <trkpt lat="50.786117" lon="2.427092"><ele>40</ele></trkpt>
   <trkpt lat="50.786377" lon="2.426147"><ele>40</ele></trkpt>
   <trkpt lat="50.787263" lon="2.422831"><ele>40.5</ele></trkpt>
   <trkpt lat="50.791815" lon="2.405916"><ele>28.5</ele></trkpt>
   <trkpt lat="50.792159" lon="2.404635"><ele>28.25</ele></trkpt>
   <trkpt lat="50.792179" lon="2.404558"><ele>28.5</ele></trkpt>
   <trkpt lat="50.798062" lon="2.382669"><ele>36</ele></trkpt>
   <trkpt lat="50.798398" lon="2.38145"><ele>36</ele></trkpt>
   <trkpt lat="50.799035" lon="2.379204"><ele>35.25</ele></trkpt>
   <trkpt lat="50.799488" lon="2.377667"><ele>35.25</ele></trkpt>
   <trkpt lat="50.799884" lon="2.37636"><ele>35</ele></trkpt>
   <trkpt lat="50.800492" lon="2.374423"><ele>36.5</ele></trkpt>
   <trkpt lat="50.80126" lon="2.372077"><ele>38</ele></trkpt>
   <trkpt lat="50.80215" lon="2.36947"><ele>38.5</ele></trkpt>
   <trkpt lat="50.807613" lon="2.353725"><ele>38.5</ele></trkpt>
   <trkpt lat="50.808005" lon="2.352615"><ele>37.5</ele></trkpt>
   <trkpt lat="50.808752" lon="2.350538"><ele>36</ele></trkpt>
   <trkpt lat="50.809495" lon="2.348533"><ele>35.25</ele></trkpt>
   <trkpt lat="50.809912" lon="2.347435"><ele>34.75</ele></trkpt>
   <trkpt lat="50.811667" lon="2.342902"><ele>33.25</ele></trkpt>
   <trkpt lat="50.813192" lon="2.33896"><ele>30</ele></trkpt>
   <trkpt lat="50.816956" lon="2.329231"><ele>26.25</ele></trkpt>
   <trkpt lat="50.817094" lon="2.328881"><ele>27.5</ele></trkpt>
   <trkpt lat="50.818633" lon="2.324903"><ele>29</ele></trkpt>
   <trkpt lat="50.818663" lon="2.324825"><ele>28.25</ele></trkpt>
   <trkpt lat="50.823473" lon="2.312388"><ele>30</ele></trkpt>
   <trkpt lat="50.824255" lon="2.310414"><ele>31.25</ele></trkpt>
   <trkpt lat="50.824681" lon="2.309379"><ele>33.25</ele></trkpt>
   <trkpt lat="50.825094" lon="2.308397"><ele>31.75</ele></trkpt>
   <trkpt lat="50.82519" lon="2.308174"><ele>31.75</ele></trkpt>
   <trkpt lat="50.826067" lon="2.306183"><ele>32.75</ele></trkpt>
   <trkpt lat="50.826625" lon="2.304963"><ele>32.5</ele></trkpt>
   <trkpt lat="50.827948" lon="2.302133"><ele>30.25</ele></trkpt>
   <trkpt lat="50.828064" lon="2.301887"><ele>32.25</ele></trkpt>
   <trkpt lat="50.831745" lon="2.294012"><ele>29.75</ele></trkpt>
   <trkpt lat="50.832199" lon="2.293014"><ele>30.5</ele></trkpt>
   <trkpt lat="50.83277" lon="2.291718"><ele>31.75</ele></trkpt>
   <trkpt lat="50.833443" lon="2.290127"><ele>32</ele></trkpt>
   <trkpt lat="50.834108" lon="2.288477"><ele>32.75</ele></trkpt>
   <trkpt lat="50.834403" lon="2.28772"><ele>32.75</ele></trkpt>
   <trkpt lat="50.834928" lon="2.286328"><ele>32.75</ele></trkpt>
   <trkpt lat="50.835259" lon="2.285418"><ele>33</ele></trkpt>
   <trkpt lat="50.835566" lon="2.284555"><ele>33</ele></trkpt>
   <trkpt lat="50.835858" lon="2.283692"><ele>34</ele></trkpt>
   <trkpt lat="50.836282" lon="2.282423"><ele>34.75</ele></trkpt>
   <trkpt lat="50.836771" lon="2.280902"><ele>34.5</ele></trkpt>
   <trkpt lat="50.837162" lon="2.279622"><ele>33.25</ele></trkpt>
   <trkpt lat="50.837398" lon="2.278822"><ele>33.25</ele></trkpt>
   <trkpt lat="50.837786" lon="2.277459"><ele>32</ele></trkpt>
   <trkpt lat="50.838129" lon="2.276202"><ele>32</ele></trkpt>
   <trkpt lat="50.838416" lon="2.275109"><ele>31</ele></trkpt>
   <trkpt lat="50.838831" lon="2.273451"><ele>30.25</ele></trkpt>
   <trkpt lat="50.83902" lon="2.272671"><ele>29</ele></trkpt>
   <trkpt lat="50.839384" lon="2.271062"><ele>29.75</ele></trkpt>
   <trkpt lat="50.83973" lon="2.269465"><ele>30.75</ele></trkpt>
   <trkpt lat="50.840064" lon="2.267813"><ele>29.5</ele></trkpt>
   <trkpt lat="50.840192" lon="2.267145"><ele>30.25</ele></trkpt>
   <trkpt lat="50.840435" lon="2.265814"><ele>31.5</ele></trkpt>
   <trkpt lat="50.840713" lon="2.264191"><ele>32.25</ele></trkpt>
   <trkpt lat="50.840902" lon="2.263016"><ele>32.25</ele></trkpt>
   <trkpt lat="50.841101" lon="2.261702"><ele>32</ele></trkpt>
   <trkpt lat="50.841223" lon="2.260848"><ele>32.75</ele></trkpt>
   <trkpt lat="50.841355" lon="2.259875"><ele>33</ele></trkpt>
   <trkpt lat="50.841578" lon="2.258125"><ele>32.25</ele></trkpt>
   <trkpt lat="50.841586" lon="2.258061"><ele>32.75</ele></trkpt>
   <trkpt lat="50.841817" lon="2.255976"><ele>34.75</ele></trkpt>
   <trkpt lat="50.84264" lon="2.248219"><ele>37.25</ele></trkpt>
   <trkpt lat="50.843376" lon="2.241267"><ele>38.25</ele></trkpt>
   <trkpt lat="50.843507" lon="2.239985"><ele>38</ele></trkpt>
   <trkpt lat="50.843666" lon="2.238301"><ele>35.5</ele></trkpt>
   <trkpt lat="50.843755" lon="2.237262"><ele>36.5</ele></trkpt>
   <trkpt lat="50.843837" lon="2.236206"><ele>33.25</ele></trkpt>
   <trkpt lat="50.843923" lon="2.234884"><ele>31.25</ele></trkpt>
   <trkpt lat="50.844028" lon="2.233058"><ele>25.5</ele></trkpt>
   <trkpt lat="50.844056" lon="2.232458"><ele>23.75</ele></trkpt>
   <trkpt lat="50.84412" lon="2.230715"><ele>25.5</ele></trkpt>
   <trkpt lat="50.844159" lon="2.229163"><ele>23</ele></trkpt>
   <trkpt lat="50.844195" lon="2.22707"><ele>21.75</ele></trkpt>
   <trkpt lat="50.844213" lon="2.22616"><ele>21.25</ele></trkpt>
   <trkpt lat="50.844327" lon="2.215033"><ele>15.75</ele></trkpt>
   <trkpt lat="50.844371" lon="2.210626"><ele>13.5</ele></trkpt>
   <trkpt lat="50.844395" lon="2.206912"><ele>11.5</ele></trkpt>
   <trkpt lat="50.844392" lon="2.205426"><ele>10.75</ele></trkpt>
   <trkpt lat="50.844379" lon="2.203764"><ele>10</ele></trkpt>
   <trkpt lat="50.844337" lon="2.201155"><ele>8.75</ele></trkpt>
   <trkpt lat="50.8443" lon="2.199639"><ele>8.75</ele></trkpt>
   <trkpt lat="50.844236" lon="2.197687"><ele>10.5</ele></trkpt>
   <trkpt lat="50.84409" lon="2.194104"><ele>11.25</ele></trkpt>
   <trkpt lat="50.84407" lon="2.193701"><ele>9</ele></trkpt>
   <trkpt lat="50.84381" lon="2.187642"><ele>19</ele></trkpt>
   <trkpt lat="50.843743" lon="2.186159"><ele>20.5</ele></trkpt>
   <trkpt lat="50.843608" lon="2.182162"><ele>20</ele></trkpt>
   <trkpt lat="50.843588" lon="2.181707"><ele>20.25</ele></trkpt>
   <trkpt lat="50.843434" lon="2.178148"><ele>18</ele></trkpt>
   <trkpt lat="50.843365" lon="2.176314"><ele>21.75</ele></trkpt>
   <trkpt lat="50.84333" lon="2.174929"><ele>23</ele></trkpt>
   <trkpt lat="50.84331" lon="2.17374"><ele>24.25</ele></trkpt>
   <trkpt lat="50.843303" lon="2.172883"><ele>24.5</ele></trkpt>
   <trkpt lat="50.843302" lon="2.171147"><ele>24.5</ele></trkpt>
   <trkpt lat="50.843332" lon="2.169185"><ele>24</ele></trkpt>
   <trkpt lat="50.843352" lon="2.168326"><ele>24.5</ele></trkpt>
   <trkpt lat="50.84342" lon="2.166385"><ele>26</ele></trkpt>
   <trkpt lat="50.84348" lon="2.165138"><ele>31.75</ele></trkpt>
   <trkpt lat="50.843635" lon="2.162531"><ele>31.25</ele></trkpt>
   <trkpt lat="50.843947" lon="2.158315"><ele>40</ele></trkpt>
   <trkpt lat="50.845335" lon="2.139392"><ele>35.75</ele></trkpt>
   <trkpt lat="50.845561" lon="2.136156"><ele>32</ele></trkpt>
   <trkpt lat="50.845627" lon="2.135113"><ele>30.25</ele></trkpt>
   <trkpt lat="50.845734" lon="2.133071"><ele>27.25</ele></trkpt>
   <trkpt lat="50.845773" lon="2.132114"><ele>25.75</ele></trkpt>
   <trkpt lat="50.845832" lon="2.130091"><ele>24</ele></trkpt>
   <trkpt lat="50.845849" lon="2.129138"><ele>23.75</ele></trkpt>
   <trkpt lat="50.845859" lon="2.128073"><ele>24</ele></trkpt>
   <trkpt lat="50.84586" lon="2.126277"><ele>23.25</ele></trkpt>
   <trkpt lat="50.845853" lon="2.125622"><ele>22.25</ele></trkpt>
   <trkpt lat="50.84582" lon="2.123831"><ele>22</ele></trkpt>
   <trkpt lat="50.845799" lon="2.123109"><ele>21.75</ele></trkpt>
   <trkpt lat="50.845762" lon="2.121975"><ele>22.25</ele></trkpt>
   <trkpt lat="50.845682" lon="2.120249"><ele>20.75</ele></trkpt>
   <trkpt lat="50.845608" lon="2.118945"><ele>18.5</ele></trkpt>
   <trkpt lat="50.84551" lon="2.117483"><ele>20</ele></trkpt>
   <trkpt lat="50.845396" lon="2.11602"><ele>19.5</ele></trkpt>
   <trkpt lat="50.84531" lon="2.115031"><ele>18</ele></trkpt>
   <trkpt lat="50.845156" lon="2.113452"><ele>20.25</ele></trkpt>
   <trkpt lat="50.844971" lon="2.11177"><ele>16.75</ele></trkpt>
   <trkpt lat="50.844827" lon="2.110585"><ele>16.5</ele></trkpt>
   <trkpt lat="50.844652" lon="2.109252"><ele>16</ele></trkpt>
   <trkpt lat="50.844473" lon="2.107982"><ele>13.75</ele></trkpt>
   <trkpt lat="50.844307" lon="2.106886"><ele>15</ele></trkpt>
   <trkpt lat="50.844106" lon="2.105635"><ele>13</ele></trkpt>
   <trkpt lat="50.843955" lon="2.10474"><ele>11</ele></trkpt>
   <trkpt lat="50.843827" lon="2.104022"><ele>11.75</ele></trkpt>
   <trkpt lat="50.843703" lon="2.103336"><ele>11</ele></trkpt>
   <trkpt lat="50.843403" lon="2.101775"><ele>10.25</ele></trkpt>
   <trkpt lat="50.843145" lon="2.100495"><ele>7</ele></trkpt>
   <trkpt lat="50.843004" lon="2.099836"><ele>7.25</ele></trkpt>
   <trkpt lat="50.842789" lon="2.098856"><ele>7.75</ele></trkpt>
   <trkpt lat="50.842555" lon="2.097831"><ele>8</ele></trkpt>
   <trkpt lat="50.842341" lon="2.096927"><ele>6.5</ele></trkpt>
   <trkpt lat="50.842001" lon="2.095548"><ele>9.25</ele></trkpt>
   <trkpt lat="50.841815" lon="2.094826"><ele>6.5</ele></trkpt>
   <trkpt lat="50.841776" lon="2.094679"><ele>6.25</ele></trkpt>
   <trkpt lat="50.841448" lon="2.093456"><ele>8.25</ele></trkpt>
   <trkpt lat="50.8414" lon="2.093282"><ele>7.75</ele></trkpt>
   <trkpt lat="50.841216" lon="2.092617"><ele>9.5</ele></trkpt>
   <trkpt lat="50.841205" lon="2.092576"><ele>10</ele></trkpt>
   <trkpt lat="50.841062" lon="2.092076"><ele>11.25</ele></trkpt>
   <trkpt lat="50.841035" lon="2.091983"><ele>10.5</ele></trkpt>
   <trkpt lat="50.840874" lon="2.09142"><ele>12.75</ele></trkpt>
   <trkpt lat="50.840384" lon="2.089804"><ele>10.5</ele></trkpt>
   <trkpt lat="50.840347" lon="2.089684"><ele>10.75</ele></trkpt>
   <trkpt lat="50.839924" lon="2.088351"><ele>12.75</ele></trkpt>
   <trkpt lat="50.839374" lon="2.086697"><ele>13.75</ele></trkpt>
   <trkpt lat="50.838953" lon="2.085492"><ele>14.75</ele></trkpt>
   <trkpt lat="50.838614" lon="2.084555"><ele>14.75</ele></trkpt>
   <trkpt lat="50.838054" lon="2.083061"><ele>15.75</ele></trkpt>
   <trkpt lat="50.837602" lon="2.081906"><ele>15.25</ele></trkpt>
   <trkpt lat="50.836947" lon="2.080296"><ele>15.75</ele></trkpt>
   <trkpt lat="50.83655" lon="2.079365"><ele>18.25</ele></trkpt>
   <trkpt lat="50.835926" lon="2.077941"><ele>16.5</ele></trkpt>
   <trkpt lat="50.835211" lon="2.076389"><ele>18</ele></trkpt>
   <trkpt lat="50.834768" lon="2.075451"><ele>19.25</ele></trkpt>
   <trkpt lat="50.830524" lon="2.066657"><ele>25</ele></trkpt>
   <trkpt lat="50.829889" lon="2.065307"><ele>26.5</ele></trkpt>
   <trkpt lat="50.829459" lon="2.064361"><ele>26</ele></trkpt>
   <trkpt lat="50.829074" lon="2.06349"><ele>28.25</ele></trkpt>
   <trkpt lat="50.828626" lon="2.062452"><ele>27.25</ele></trkpt>
   <trkpt lat="50.828263" lon="2.061585"><ele>28.5</ele></trkpt>
   <trkpt lat="50.827866" lon="2.060613"><ele>29.5</ele></trkpt>
   <trkpt lat="50.827169" lon="2.058823"><ele>30</ele></trkpt>
   <trkpt lat="50.826571" lon="2.057206"><ele>32.75</ele></trkpt>
   <trkpt lat="50.826337" lon="2.056547"><ele>32.75</ele></trkpt>
   <trkpt lat="50.825731" lon="2.054785"><ele>34.5</ele></trkpt>
   <trkpt lat="50.82548" lon="2.054017"><ele>35</ele></trkpt>
   <trkpt lat="50.824891" lon="2.052149"><ele>37.5</ele></trkpt>
   <trkpt lat="50.824518" lon="2.050906"><ele>38.75</ele></trkpt>
   <trkpt lat="50.82428" lon="2.05009"><ele>40</ele></trkpt>
   <trkpt lat="50.8238" lon="2.04835"><ele>43.5</ele></trkpt>
   <trkpt lat="50.823573" lon="2.047495"><ele>44.75</ele></trkpt>
   <trkpt lat="50.8233" lon="2.046431"><ele>44.75</ele></trkpt>
   <trkpt lat="50.822901" lon="2.044784"><ele>46.25</ele></trkpt>
   <trkpt lat="50.822687" lon="2.043861"><ele>47.5</ele></trkpt>
   <trkpt lat="50.822393" lon="2.04253"><ele>49.5</ele></trkpt>
   <trkpt lat="50.821961" lon="2.040442"><ele>51</ele></trkpt>
   <trkpt lat="50.821791" lon="2.039562"><ele>51.75</ele></trkpt>
   <trkpt lat="50.821516" lon="2.038068"><ele>52.75</ele></trkpt>
   <trkpt lat="50.821213" lon="2.036279"><ele>53</ele></trkpt>
   <trkpt lat="50.82088" lon="2.034127"><ele>52.5</ele></trkpt>
   <trkpt lat="50.820749" lon="2.0332"><ele>53.75</ele></trkpt>
   <trkpt lat="50.820527" lon="2.031498"><ele>53</ele></trkpt>
   <trkpt lat="50.820354" lon="2.030043"><ele>55.75</ele></trkpt>
   <trkpt lat="50.820237" lon="2.028963"><ele>53.75</ele></trkpt>
   <trkpt lat="50.82009" lon="2.027491"><ele>56.75</ele></trkpt>
   <trkpt lat="50.819978" lon="2.026227"><ele>55.5</ele></trkpt>
   <trkpt lat="50.819892" lon="2.025148"><ele>55.25</ele></trkpt>
   <trkpt lat="50.819796" lon="2.02377"><ele>58</ele></trkpt>
   <trkpt lat="50.819683" lon="2.021864"><ele>56</ele></trkpt>
   <trkpt lat="50.819614" lon="2.020339"><ele>54.5</ele></trkpt>
   <trkpt lat="50.819611" lon="2.020285"><ele>54.5</ele></trkpt>
   <trkpt lat="50.819562" lon="2.018664"><ele>59</ele></trkpt>
   <trkpt lat="50.819491" lon="2.015521"><ele>58.25</ele></trkpt>
   <trkpt lat="50.819374" lon="2.009425"><ele>59.5</ele></trkpt>
   <trkpt lat="50.819295" lon="2.004753"><ele>61.5</ele></trkpt>
   <trkpt lat="50.819208" lon="2.000412"><ele>64.25</ele></trkpt>
   <trkpt lat="50.819129" lon="1.99609"><ele>58.75</ele></trkpt>
   <trkpt lat="50.819023" lon="1.990879"><ele>60.5</ele></trkpt>
   <trkpt lat="50.81886" lon="1.982377"><ele>57.5</ele></trkpt>
   <trkpt lat="50.818809" lon="1.979252"><ele>52.75</ele></trkpt>
   <trkpt lat="50.818798" lon="1.978109"><ele>52.75</ele></trkpt>
   <trkpt lat="50.818795" lon="1.976548"><ele>54.5</ele></trkpt>
   <trkpt lat="50.818802" lon="1.975574"><ele>57</ele></trkpt>
   <trkpt lat="50.818837" lon="1.973636"><ele>58.5</ele></trkpt>
   <trkpt lat="50.818873" lon="1.97244"><ele>59.25</ele></trkpt>
   <trkpt lat="50.818921" lon="1.971209"><ele>60.25</ele></trkpt>
   <trkpt lat="50.818954" lon="1.97048"><ele>61</ele></trkpt>
   <trkpt lat="50.819049" lon="1.968763"><ele>63.25</ele></trkpt>
   <trkpt lat="50.819175" lon="1.966859"><ele>63.75</ele></trkpt>
   <trkpt lat="50.819313" lon="1.965162"><ele>66.25</ele></trkpt>
   <trkpt lat="50.819428" lon="1.963941"><ele>63.25</ele></trkpt>
   <trkpt lat="50.819629" lon="1.961989"><ele>63.25</ele></trkpt>
   <trkpt lat="50.819719" lon="1.961183"><ele>64.75</ele></trkpt>
   <trkpt lat="50.81991" lon="1.959617"><ele>66.25</ele></trkpt>
   <trkpt lat="50.820005" lon="1.958883"><ele>67</ele></trkpt>
   <trkpt lat="50.820324" lon="1.956635"><ele>67.75</ele></trkpt>
   <trkpt lat="50.820687" lon="1.954372"><ele>66.75</ele></trkpt>
   <trkpt lat="50.821017" lon="1.952511"><ele>66.75</ele></trkpt>
   <trkpt lat="50.821379" lon="1.950625"><ele>66.5</ele></trkpt>
   <trkpt lat="50.821393" lon="1.950555"><ele>66.75</ele></trkpt>
   <trkpt lat="50.821607" lon="1.949501"><ele>65</ele></trkpt>
   <trkpt lat="50.821956" lon="1.947883"><ele>66.25</ele></trkpt>
   <trkpt lat="50.822453" lon="1.945709"><ele>64.75</ele></trkpt>
   <trkpt lat="50.822923" lon="1.943712"><ele>63.5</ele></trkpt>
   <trkpt lat="50.82517" lon="1.934163"><ele>56</ele></trkpt>
   <trkpt lat="50.827268" lon="1.925255"><ele>59.5</ele></trkpt>
   <trkpt lat="50.827476" lon="1.924368"><ele>60</ele></trkpt>
   <trkpt lat="50.828396" lon="1.920477"><ele>59</ele></trkpt>
   <trkpt lat="50.828607" lon="1.91961"><ele>58.5</ele></trkpt>
   <trkpt lat="50.829143" lon="1.917516"><ele>57</ele></trkpt>
   <trkpt lat="50.829342" lon="1.916776"><ele>54.25</ele></trkpt>
   <trkpt lat="50.829724" lon="1.915405"><ele>56.75</ele></trkpt>
   <trkpt lat="50.830059" lon="1.914254"><ele>57.5</ele></trkpt>
   <trkpt lat="50.830406" lon="1.913106"><ele>57.25</ele></trkpt>
   <trkpt lat="50.830959" lon="1.911365"><ele>55.5</ele></trkpt>
   <trkpt lat="50.831475" lon="1.909819"><ele>55</ele></trkpt>
   <trkpt lat="50.832289" lon="1.907433"><ele>53.75</ele></trkpt>
   <trkpt lat="50.832766" lon="1.906044"><ele>50</ele></trkpt>
   <trkpt lat="50.832805" lon="1.905933"><ele>49.5</ele></trkpt>
   <trkpt lat="50.837315" lon="1.892759"><ele>56.75</ele></trkpt>
   <trkpt lat="50.839213" lon="1.887238"><ele>57</ele></trkpt>
   <trkpt lat="50.839477" lon="1.886487"><ele>57.75</ele></trkpt>
   <trkpt lat="50.840101" lon="1.884751"><ele>57.25</ele></trkpt>
   <trkpt lat="50.840517" lon="1.88363"><ele>56.75</ele></trkpt>
   <trkpt lat="50.84136" lon="1.881408"><ele>57.25</ele></trkpt>
   <trkpt lat="50.841382" lon="1.881353"><ele>57.75</ele></trkpt>
   <trkpt lat="50.841908" lon="1.879986"><ele>58.5</ele></trkpt>
   <trkpt lat="50.851023" lon="1.856332"><ele>59.5</ele></trkpt>
   <trkpt lat="50.852091" lon="1.853578"><ele>53.25</ele></trkpt>
   <trkpt lat="50.852544" lon="1.852448"><ele>53.5</ele></trkpt>
   <trkpt lat="50.853138" lon="1.851037"><ele>53.5</ele></trkpt>
   <trkpt lat="50.853482" lon="1.850259"><ele>55.25</ele></trkpt>
   <trkpt lat="50.853884" lon="1.849381"><ele>54.25</ele></trkpt>
   <trkpt lat="50.854184" lon="1.848751"><ele>53.5</ele></trkpt>
   <trkpt lat="50.854545" lon="1.84802"><ele>54.75</ele></trkpt>
   <trkpt lat="50.854892" lon="1.847336"><ele>54.25</ele></trkpt>
   <trkpt lat="50.855365" lon="1.846438"><ele>54</ele></trkpt>
   <trkpt lat="50.855656" lon="1.845903"><ele>54.5</ele></trkpt>
   <trkpt lat="50.856215" lon="1.844916"><ele>53.75</ele></trkpt>
   <trkpt lat="50.856724" lon="1.844058"><ele>51.5</ele></trkpt>
   <trkpt lat="50.857423" lon="1.84293"><ele>49</ele></trkpt>
   <trkpt lat="50.858119" lon="1.841869"><ele>48.75</ele></trkpt>
   <trkpt lat="50.858913" lon="1.840722"><ele>49</ele></trkpt>
   <trkpt lat="50.859481" lon="1.839941"><ele>48.5</ele></trkpt>
   <trkpt lat="50.860074" lon="1.839161"><ele>48</ele></trkpt>
   <trkpt lat="50.860527" lon="1.838589"><ele>47.75</ele></trkpt>
   <trkpt lat="50.860838" lon="1.838209"><ele>46.25</ele></trkpt>
   <trkpt lat="50.861594" lon="1.837315"><ele>44.5</ele></trkpt>
   <trkpt lat="50.862064" lon="1.836783"><ele>44.75</ele></trkpt>
   <trkpt lat="50.862437" lon="1.836376"><ele>42.5</ele></trkpt>
   <trkpt lat="50.862519" lon="1.836287"><ele>42.5</ele></trkpt>
   <trkpt lat="50.86289" lon="1.835887"><ele>45.5</ele></trkpt>
   <trkpt lat="50.863556" lon="1.835206"><ele>44.75</ele></trkpt>
   <trkpt lat="50.864158" lon="1.834617"><ele>44</ele></trkpt>
   <trkpt lat="50.864888" lon="1.833937"><ele>42.5</ele></trkpt>
   <trkpt lat="50.866159" lon="1.832798"><ele>40</ele></trkpt>
   <trkpt lat="50.867151" lon="1.83193"><ele>37.25</ele></trkpt>
   <trkpt lat="50.867814" lon="1.831335"><ele>36.25</ele></trkpt>
   <trkpt lat="50.870789" lon="1.828712"><ele>27.75</ele></trkpt>
   <trkpt lat="50.871596" lon="1.828006"><ele>25.25</ele></trkpt>
   <trkpt lat="50.872666" lon="1.827054"><ele>21.75</ele></trkpt>
   <trkpt lat="50.873169" lon="1.826622"><ele>20.75</ele></trkpt>
   <trkpt lat="50.873762" lon="1.826139"><ele>22</ele></trkpt>
   <trkpt lat="50.874551" lon="1.825541"><ele>24.25</ele></trkpt>
   <trkpt lat="50.874889" lon="1.825297"><ele>24.25</ele></trkpt>
   <trkpt lat="50.875444" lon="1.824908"><ele>24</ele></trkpt>
   <trkpt lat="50.875911" lon="1.824601"><ele>23.5</ele></trkpt>
   <trkpt lat="50.876686" lon="1.824123"><ele>21.5</ele></trkpt>
   <trkpt lat="50.877373" lon="1.823733"><ele>20.75</ele></trkpt>
   <trkpt lat="50.877762" lon="1.823525"><ele>21.5</ele></trkpt>
   <trkpt lat="50.878731" lon="1.823051"><ele>22.25</ele></trkpt>
   <trkpt lat="50.879842" lon="1.822577"><ele>22.5</ele></trkpt>
   <trkpt lat="50.880637" lon="1.822259"><ele>22.75</ele></trkpt>
   <trkpt lat="50.887193" lon="1.819704"><ele>30</ele></trkpt>
   <trkpt lat="50.888866" lon="1.81905"><ele>28.5</ele></trkpt>
   <trkpt lat="50.890657" lon="1.818351"><ele>31.25</ele></trkpt>
   <trkpt lat="50.891403" lon="1.818029"><ele>32.5</ele></trkpt>
   <trkpt lat="50.891987" lon="1.817757"><ele>32.75</ele></trkpt>
   <trkpt lat="50.892445" lon="1.817529"><ele>33.5</ele></trkpt>
   <trkpt lat="50.89283" lon="1.817325"><ele>34.25</ele></trkpt>
   <trkpt lat="50.893235" lon="1.817097"><ele>34.5</ele></trkpt>
   <trkpt lat="50.893851" lon="1.816731"><ele>35.75</ele></trkpt>
   <trkpt lat="50.89465" lon="1.816219"><ele>35.25</ele></trkpt>
   <trkpt lat="50.895868" lon="1.815414"><ele>33.25</ele></trkpt>
   <trkpt lat="50.896119" lon="1.81524"><ele>34</ele></trkpt>
   <trkpt lat="50.897419" lon="1.814372"><ele>31.75</ele></trkpt>
   <trkpt lat="50.898012" lon="1.814003"><ele>30.5</ele></trkpt>
   <trkpt lat="50.899196" lon="1.813278"><ele>28</ele></trkpt>
   <trkpt lat="50.900915" lon="1.812137"><ele>29.5</ele></trkpt>
   <trkpt lat="50.901963" lon="1.811434"><ele>29.25</ele></trkpt>
   <trkpt lat="50.90415" lon="1.809961"><ele>28</ele></trkpt>
   <trkpt lat="50.905763" lon="1.80879"><ele>24</ele></trkpt>
   <trkpt lat="50.906209" lon="1.808494"><ele>23</ele></trkpt>
   <trkpt lat="50.906928" lon="1.808015"><ele>18.75</ele></trkpt>
   <trkpt lat="50.90702" lon="1.807952"><ele>18.25</ele></trkpt>
   <trkpt lat="50.907785" lon="1.807442"><ele>20.5</ele></trkpt>
   <trkpt lat="50.908483" lon="1.806956"><ele>19.25</ele></trkpt>
   <trkpt lat="50.909079" lon="1.806503"><ele>18</ele></trkpt>
   <trkpt lat="50.90972" lon="1.805965"><ele>18.5</ele></trkpt>
   <trkpt lat="50.910186" lon="1.805536"><ele>19</ele></trkpt>
   <trkpt lat="50.910601" lon="1.805132"><ele>19</ele></trkpt>
   <trkpt lat="50.911044" lon="1.804667"><ele>19.5</ele></trkpt>
   <trkpt lat="50.9115" lon="1.804163"><ele>19.5</ele></trkpt>
   <trkpt lat="50.911915" lon="1.803677"><ele>18.5</ele></trkpt>
   <trkpt lat="50.912249" lon="1.803264"><ele>16.5</ele></trkpt>
   <trkpt lat="50.912334" lon="1.803151"><ele>16.25</ele></trkpt>
   <trkpt lat="50.912525" lon="1.802908"><ele>17.25</ele></trkpt>
   <trkpt lat="50.912691" lon="1.802683"><ele>16</ele></trkpt>
   <trkpt lat="50.913112" lon="1.802084"><ele>16.75</ele></trkpt>
   <trkpt lat="50.913397" lon="1.801641"><ele>16.5</ele></trkpt>
   <trkpt lat="50.913654" lon="1.801215"><ele>15.5</ele></trkpt>
   <trkpt lat="50.914274" lon="1.800136"><ele>14.5</ele></trkpt>
   <trkpt lat="50.914623" lon="1.799505"><ele>14.25</ele></trkpt>
   <trkpt lat="50.915124" lon="1.79854"><ele>13</ele></trkpt>
   <trkpt lat="50.915184" lon="1.798425"><ele>13.25</ele></trkpt>
   <trkpt lat="50.915519" lon="1.797748"><ele>8.25</ele></trkpt>
   <trkpt lat="50.915733" lon="1.797321"><ele>10.25</ele></trkpt>
   <trkpt lat="50.915909" lon="1.796964"><ele>11.5</ele></trkpt>
   <trkpt lat="50.916304" lon="1.796178"><ele>11.5</ele></trkpt>
   <trkpt lat="50.918332" lon="1.792114"><ele>6.5</ele></trkpt>
   <trkpt lat="50.91856" lon="1.791643"><ele>5.5</ele></trkpt>
   <trkpt lat="50.918891" lon="1.790913"><ele>5.25</ele></trkpt>
   <trkpt lat="50.919111" lon="1.790394"><ele>5.25</ele></trkpt>
   <trkpt lat="50.919352" lon="1.789786"><ele>5</ele></trkpt>
   <trkpt lat="50.919608" lon="1.789102"><ele>4</ele></trkpt>
   <trkpt lat="50.920209" lon="1.787416"><ele>4.5</ele></trkpt>
   <trkpt lat="50.920565" lon="1.786413"><ele>4.75</ele></trkpt>
   <trkpt lat="50.92074" lon="1.785958"><ele>4.25</ele></trkpt>
   <trkpt lat="50.921217" lon="1.784812"><ele>4</ele></trkpt>
   <trkpt lat="50.921368" lon="1.784402"><ele>5</ele></trkpt>
   <trkpt lat="50.921558" lon="1.783861"><ele>4</ele></trkpt>
   <trkpt lat="50.921676" lon="1.783528"><ele>4</ele></trkpt>
   <trkpt lat="50.92179" lon="1.783181"><ele>4.5</ele></trkpt>
   <trkpt lat="50.922081" lon="1.782203"><ele>4</ele></trkpt>
   <trkpt lat="50.922175" lon="1.781921"><ele>3.75</ele></trkpt>
   <trkpt lat="50.922728" lon="1.78037"><ele>4</ele></trkpt>
   <trkpt lat="50.929182" lon="1.762524"><ele>7.5</ele></trkpt>
   <trkpt lat="50.930648" lon="1.758801"><ele>8.25</ele></trkpt>
   <trkpt lat="50.932007" lon="1.755627"><ele>8.75</ele></trkpt>
   <trkpt lat="50.933205" lon="1.753079"><ele>9.25</ele></trkpt>
   <trkpt lat="50.934158" lon="1.751209"><ele>9.75</ele></trkpt>
   <trkpt lat="50.93504" lon="1.749789"><ele>10</ele></trkpt>
   <trkpt lat="50.936164" lon="1.748111"><ele>10.5</ele></trkpt>
   <trkpt lat="50.937413" lon="1.746469"><ele>11</ele></trkpt>
   <trkpt lat="50.939919" lon="1.74312"><ele>11.75</ele></trkpt>
   <trkpt lat="50.944218" lon="1.737528"><ele>13.25</ele></trkpt>
   <trkpt lat="50.948425" lon="1.731309"><ele>15</ele></trkpt>
   <trkpt lat="50.950146" lon="1.728404"><ele>15.5</ele></trkpt>
   <trkpt lat="50.95101" lon="1.7267"><ele>16</ele></trkpt>
   <trkpt lat="50.951694" lon="1.725147"><ele>16.25</ele></trkpt>
   <trkpt lat="50.954009" lon="1.719375"><ele>17.5</ele></trkpt>
   <trkpt lat="50.95478" lon="1.717528"><ele>17.75</ele></trkpt>
   <trkpt lat="50.955276" lon="1.715963"><ele>18</ele></trkpt>
   <trkpt lat="50.955715" lon="1.714345"><ele>18.5</ele></trkpt>
   <trkpt lat="50.956067" lon="1.712723"><ele>18.75</ele></trkpt>
   <trkpt lat="50.958804" lon="1.699112"><ele>21</ele></trkpt>
   <trkpt lat="50.959129" lon="1.69742"><ele>21.5</ele></trkpt>
   <trkpt lat="50.959485" lon="1.695847"><ele>21.75</ele></trkpt>
   <trkpt lat="50.959706" lon="1.694984"><ele>21.75</ele></trkpt>
   <trkpt lat="50.960282" lon="1.692815"><ele>22.25</ele></trkpt>
   <trkpt lat="50.960767" lon="1.691381"><ele>22.5</ele></trkpt>
   <trkpt lat="50.961986" lon="1.68828"><ele>23.25</ele></trkpt>
   <trkpt lat="50.962468" lon="1.686911"><ele>23.5</ele></trkpt>
   <trkpt lat="50.963033" lon="1.685245"><ele>23.75</ele></trkpt>
   <trkpt lat="50.965049" lon="1.678301"><ele>25</ele></trkpt>
   <trkpt lat="50.965575" lon="1.67665"><ele>25.25</ele></trkpt>
   <trkpt lat="50.966165" lon="1.674963"><ele>25.75</ele></trkpt>
   <trkpt lat="50.969461" lon="1.666341"><ele>27.5</ele></trkpt>
   <trkpt lat="50.970217" lon="1.664152"><ele>27.75</ele></trkpt>
   <trkpt lat="50.971365" lon="1.66035"><ele>28.5</ele></trkpt>
   <trkpt lat="50.971722" lon="1.658971"><ele>28.75</ele></trkpt>
   <trkpt lat="50.972108" lon="1.657284"><ele>29</ele></trkpt>
   <trkpt lat="50.9728" lon="1.653993"><ele>29.75</ele></trkpt>
   <trkpt lat="50.973279" lon="1.651989"><ele>30</ele></trkpt>
   <trkpt lat="50.973842" lon="1.650028"><ele>30.5</ele></trkpt>
   <trkpt lat="50.97508" lon="1.645925"><ele>31.25</ele></trkpt>
   <trkpt lat="50.981979" lon="1.626489"><ele>35</ele></trkpt>
   <trkpt lat="50.982908" lon="1.623127"><ele>35.5</ele></trkpt>
   <trkpt lat="50.984288" lon="1.617188"><ele>36.75</ele></trkpt>
   <trkpt lat="50.985392" lon="1.612725"><ele>37.5</ele></trkpt>
   <trkpt lat="50.985576" lon="1.611865"><ele>37.75</ele></trkpt>
   <trkpt lat="50.985671" lon="1.611377"><ele>37.75</ele></trkpt>
   <trkpt lat="50.985786" lon="1.610846"><ele>37.75</ele></trkpt>
   <trkpt lat="50.986108" lon="1.609596"><ele>38</ele></trkpt>
   <trkpt lat="50.986457" lon="1.608242"><ele>38.25</ele></trkpt>
   <trkpt lat="50.986563" lon="1.607744"><ele>38.5</ele></trkpt>
   <trkpt lat="50.987298" lon="1.60361"><ele>39</ele></trkpt>
   <trkpt lat="50.988099" lon="1.598624"><ele>40</ele></trkpt>
   <trkpt lat="50.989865" lon="1.583505"><ele>42.5</ele></trkpt>
   <trkpt lat="50.990511" lon="1.579213"><ele>43.25</ele></trkpt>
   <trkpt lat="50.991285" lon="1.575437"><ele>44</ele></trkpt>
   <trkpt lat="50.999787" lon="1.54369"><ele>50</ele></trkpt>
   <trkpt lat="51.002451" lon="1.533416"><ele>51.75</ele></trkpt>
   <trkpt lat="51.003281" lon="1.530569"><ele>52.25</ele></trkpt>
   <trkpt lat="51.004247" lon="1.527156"><ele>53</ele></trkpt>
   <trkpt lat="51.005344" lon="1.523063"><ele>53.75</ele></trkpt>
   <trkpt lat="51.008056" lon="1.51345"><ele>55.5</ele></trkpt>
   <trkpt lat="51.008455" lon="1.512227"><ele>55.75</ele></trkpt>
   <trkpt lat="51.009972" lon="1.50843"><ele>56.5</ele></trkpt>
   <trkpt lat="51.014716" lon="1.496983"><ele>58.75</ele></trkpt>
   <trkpt lat="51.015014" lon="1.496263"><ele>59</ele></trkpt>
   <trkpt lat="51.020401" lon="1.485763"><ele>61.25</ele></trkpt>
   <trkpt lat="51.021978" lon="1.482614"><ele>62</ele></trkpt>
   <trkpt lat="51.02695" lon="1.475211"><ele>63.75</ele></trkpt>
   <trkpt lat="51.037624" lon="1.460412"><ele>67.5</ele></trkpt>
   <trkpt lat="51.049048" lon="1.443336"><ele>71.75</ele></trkpt>
   <trkpt lat="51.061571" lon="1.422012"><ele>76.75</ele></trkpt>
   <trkpt lat="51.064708" lon="1.416661"><ele>78</ele></trkpt>
   <trkpt lat="51.065978" lon="1.41437"><ele>78.5</ele></trkpt>
   <trkpt lat="51.067238" lon="1.411936"><ele>79</ele></trkpt>
   <trkpt lat="51.068443" lon="1.409394"><ele>79.5</ele></trkpt>
   <trkpt lat="51.069551" lon="1.406899"><ele>80</ele></trkpt>
   <trkpt lat="51.070532" lon="1.404509"><ele>80.5</ele></trkpt>
   <trkpt lat="51.071534" lon="1.40188"><ele>81</ele></trkpt>
   <trkpt lat="51.073624" lon="1.395845"><ele>82.25</ele></trkpt>
   <trkpt lat="51.077826" lon="1.383052"><ele>84.75</ele></trkpt>
   <trkpt lat="51.077901" lon="1.382832"><ele>84.75</ele></trkpt>
   <trkpt lat="51.078141" lon="1.382005"><ele>85</ele></trkpt>
   <trkpt lat="51.078423" lon="1.381049"><ele>85</ele></trkpt>
   <trkpt lat="51.079877" lon="1.376569"><ele>86</ele></trkpt>
   <trkpt lat="51.080572" lon="1.374583"><ele>86.25</ele></trkpt>
   <trkpt lat="51.096769" lon="1.327056"><ele>95.5</ele></trkpt>
   <trkpt lat="51.100421" lon="1.316374"><ele>97.5</ele></trkpt>
   <trkpt lat="51.102977" lon="1.308866"><ele>99</ele></trkpt>
   <trkpt lat="51.103581" lon="1.307108"><ele>99.25</ele></trkpt>
   <trkpt lat="51.104505" lon="1.30424"><ele>99.75</ele></trkpt>
   <trkpt lat="51.105301" lon="1.301508"><ele>100.25</ele></trkpt>
   <trkpt lat="51.106012" lon="1.298867"><ele>100.75</ele></trkpt>
   <trkpt lat="51.106261" lon="1.297857"><ele>101</ele></trkpt>
   <trkpt lat="51.106609" lon="1.296393"><ele>101.25</ele></trkpt>
   <trkpt lat="51.107889" lon="1.290474"><ele>102.25</ele></trkpt>
   <trkpt lat="51.109746" lon="1.281734"><ele>104</ele></trkpt>
   <trkpt lat="51.110295" lon="1.279086"><ele>104.5</ele></trkpt>
   <trkpt lat="51.110905" lon="1.276073"><ele>105</ele></trkpt>
   <trkpt lat="51.111352" lon="1.273648"><ele>105.25</ele></trkpt>
   <trkpt lat="51.111743" lon="1.271232"><ele>105.75</ele></trkpt>
   <trkpt lat="51.112091" lon="1.268774"><ele>106.25</ele></trkpt>
   <trkpt lat="51.112392" lon="1.266283"><ele>106.75</ele></trkpt>
   <trkpt lat="51.112746" lon="1.262842"><ele>107.25</ele></trkpt>
   <trkpt lat="51.112996" lon="1.259328"><ele>107.75</ele></trkpt>
   <trkpt lat="51.113149" lon="1.256043"><ele>108.5</ele></trkpt>
   <trkpt lat="51.113226" lon="1.252719"><ele>109</ele></trkpt>
   <trkpt lat="51.113229" lon="1.249987"><ele>109.5</ele></trkpt>
   <trkpt lat="51.113194" lon="1.247794"><ele>109.75</ele></trkpt>
   <trkpt lat="51.113124" lon="1.245956"><ele>110</ele></trkpt>
   <trkpt lat="51.112931" lon="1.24235"><ele>110.75</ele></trkpt>
   <trkpt lat="51.112792" lon="1.240419"><ele>111</ele></trkpt>
   <trkpt lat="51.112371" lon="1.236197"><ele>111.75</ele></trkpt>
   <trkpt lat="51.111835" lon="1.232101"><ele>112.5</ele></trkpt>
   <trkpt lat="51.111415" lon="1.229505"><ele>113</ele></trkpt>
   <trkpt lat="51.111009" lon="1.227121"><ele>113.25</ele></trkpt>
   <trkpt lat="51.110686" lon="1.225434"><ele>113.75</ele></trkpt>
   <trkpt lat="51.110331" lon="1.223763"><ele>114</ele></trkpt>
   <trkpt lat="51.109929" lon="1.221909"><ele>114.25</ele></trkpt>
   <trkpt lat="51.109432" lon="1.219865"><ele>114.75</ele></trkpt>
   <trkpt lat="51.104628" lon="1.201466"><ele>118</ele></trkpt>
   <trkpt lat="51.102235" lon="1.192287"><ele>119.75</ele></trkpt>
   <trkpt lat="51.101448" lon="1.189174"><ele>120.25</ele></trkpt>
   <trkpt lat="51.101052" lon="1.187447"><ele>120.5</ele></trkpt>
   <trkpt lat="51.100367" lon="1.184121"><ele>121.25</ele></trkpt>
   <trkpt lat="51.099871" lon="1.181327"><ele>121.75</ele></trkpt>
   <trkpt lat="51.099417" lon="1.178028"><ele>122.25</ele></trkpt>
   <trkpt lat="51.098444" lon="1.16973"><ele>123.75</ele></trkpt>
   <trkpt lat="51.098095" lon="1.166424"><ele>124.25</ele></trkpt>
   <trkpt lat="51.097528" lon="1.161164"><ele>92</ele></trkpt>
   <trkpt lat="51.097182" lon="1.157959"><ele>72.25</ele></trkpt>
   <trkpt lat="51.097075" lon="1.156848"><ele>65.5</ele></trkpt>
   <trkpt lat="51.097006" lon="1.156203"><ele>61.5</ele></trkpt>
   <trkpt lat="51.096967" lon="1.15584"><ele>59.25</ele></trkpt>
   <trkpt lat="51.096907" lon="1.155239"><ele>59.5</ele></trkpt>
   <trkpt lat="51.096097" lon="1.147107"><ele>59.5</ele></trkpt>
   <trkpt lat="51.096041" lon="1.146566"><ele>59.5</ele></trkpt>
   <trkpt lat="51.095952" lon="1.145689"><ele>59.5</ele></trkpt>
   <trkpt lat="51.09581" lon="1.144283"><ele>58.5</ele></trkpt>
   <trkpt lat="51.09575" lon="1.143689"><ele>58.75</ele></trkpt>
   <trkpt lat="51.095337" lon="1.139528"><ele>57.5</ele></trkpt>
   <trkpt lat="51.095175" lon="1.137935"><ele>56.5</ele></trkpt>
   <trkpt lat="51.094832" lon="1.134507"><ele>57.25</ele></trkpt>
   <trkpt lat="51.094689" lon="1.133265"><ele>58.5</ele></trkpt>
   <trkpt lat="51.094471" lon="1.13161"><ele>60</ele></trkpt>
   <trkpt lat="51.094166" lon="1.129611"><ele>61.25</ele></trkpt>
   <trkpt lat="51.094004" lon="1.128594"><ele>59.75</ele></trkpt>
   <trkpt lat="51.093772" lon="1.12702"><ele>61</ele></trkpt>
   <trkpt lat="51.093488" lon="1.125198"><ele>62.5</ele></trkpt>
   <trkpt lat="51.093121" lon="1.122863"><ele>60.5</ele></trkpt>
   <trkpt lat="51.093111" lon="1.122798"><ele>59.5</ele></trkpt>
   <trkpt lat="51.093062" lon="1.122465"><ele>63.5</ele></trkpt>
   <trkpt lat="51.09282" lon="1.120807"><ele>66</ele></trkpt>
   <trkpt lat="51.092563" lon="1.119111"><ele>66.75</ele></trkpt>
   <trkpt lat="51.092342" lon="1.117493"><ele>62.5</ele></trkpt>
   <trkpt lat="51.09221" lon="1.116429"><ele>65.25</ele></trkpt>
   <trkpt lat="51.092144" lon="1.115784"><ele>65.25</ele></trkpt>
   <trkpt lat="51.092003" lon="1.114339"><ele>65.75</ele></trkpt>
   <trkpt lat="51.091919" lon="1.113172"><ele>66.25</ele></trkpt>
   <trkpt lat="51.091742" lon="1.111131"><ele>66.25</ele></trkpt>
   <trkpt lat="51.091612" lon="1.109378"><ele>64.75</ele></trkpt>
   <trkpt lat="51.0915" lon="1.107282"><ele>63.75</ele></trkpt>
   <trkpt lat="51.091356" lon="1.102816"><ele>64.5</ele></trkpt>
   <trkpt lat="51.091196" lon="1.098618"><ele>64.5</ele></trkpt>
   <trkpt lat="51.091135" lon="1.097258"><ele>66</ele></trkpt>
   <trkpt lat="51.0911" lon="1.096585"><ele>66.75</ele></trkpt>
   <trkpt lat="51.091092" lon="1.096333"><ele>67.25</ele></trkpt>
   <trkpt lat="51.091043" lon="1.095123"><ele>68.75</ele></trkpt>
   <trkpt lat="51.090959" lon="1.093579"><ele>70.5</ele></trkpt>
   <trkpt lat="51.090948" lon="1.093203"><ele>71</ele></trkpt>
   <trkpt lat="51.090882" lon="1.091879"><ele>72.5</ele></trkpt>
   <trkpt lat="51.090784" lon="1.089613"><ele>75.5</ele></trkpt>
   <trkpt lat="51.090758" lon="1.088584"><ele>75.5</ele></trkpt>
   <trkpt lat="51.090687" lon="1.087191"><ele>79.5</ele></trkpt>
   <trkpt lat="51.090619" lon="1.085198"><ele>84.25</ele></trkpt>
   <trkpt lat="51.090619" lon="1.08367"><ele>86.25</ele></trkpt>
   <trkpt lat="51.090646" lon="1.081977"><ele>89.5</ele></trkpt>
   <trkpt lat="51.09077" lon="1.079132"><ele>92.5</ele></trkpt>
   <trkpt lat="51.090836" lon="1.077015"><ele>90.75</ele></trkpt>
   <trkpt lat="51.090885" lon="1.07389"><ele>88.75</ele></trkpt>
   <trkpt lat="51.09095" lon="1.070373"><ele>81.25</ele></trkpt>
   <trkpt lat="51.090963" lon="1.06812"><ele>80.75</ele></trkpt>
   <trkpt lat="51.090986" lon="1.066888"><ele>79.25</ele></trkpt>
   <trkpt lat="51.091018" lon="1.06596"><ele>79.5</ele></trkpt>
   <trkpt lat="51.091102" lon="1.064134"><ele>78.25</ele></trkpt>
   <trkpt lat="51.09113" lon="1.063758"><ele>78.75</ele></trkpt>
   <trkpt lat="51.091218" lon="1.062773"><ele>78</ele></trkpt>
   <trkpt lat="51.0913" lon="1.061953"><ele>75.25</ele></trkpt>
   <trkpt lat="51.091503" lon="1.060312"><ele>74</ele></trkpt>
   <trkpt lat="51.091741" lon="1.058691"><ele>74.25</ele></trkpt>
   <trkpt lat="51.091956" lon="1.057366"><ele>74.5</ele></trkpt>
   <trkpt lat="51.091996" lon="1.057149"><ele>77.75</ele></trkpt>
   <trkpt lat="51.092192" lon="1.055908"><ele>77.5</ele></trkpt>
   <trkpt lat="51.093047" lon="1.050669"><ele>75.5</ele></trkpt>
   <trkpt lat="51.09367" lon="1.046955"><ele>75.25</ele></trkpt>
   <trkpt lat="51.094921" lon="1.039293"><ele>74</ele></trkpt>
   <trkpt lat="51.096855" lon="1.027476"><ele>71.25</ele></trkpt>
   <trkpt lat="51.098434" lon="1.017816"><ele>68.25</ele></trkpt>
   <trkpt lat="51.098945" lon="1.014618"><ele>66.25</ele></trkpt>
   <trkpt lat="51.099886" lon="1.008111"><ele>63</ele></trkpt>
   <trkpt lat="51.099947" lon="1.00767"><ele>64.5</ele></trkpt>
   <trkpt lat="51.101631" lon="0.99585"><ele>63</ele></trkpt>
   <trkpt lat="51.105066" lon="0.971745"><ele>52.25</ele></trkpt>
   <trkpt lat="51.105121" lon="0.971382"><ele>53.25</ele></trkpt>
   <trkpt lat="51.10566" lon="0.967551"><ele>53.25</ele></trkpt>
   <trkpt lat="51.106295" lon="0.963093"><ele>52.5</ele></trkpt>
   <trkpt lat="51.107118" lon="0.957396"><ele>52.25</ele></trkpt>
   <trkpt lat="51.107339" lon="0.956017"><ele>53.5</ele></trkpt>
   <trkpt lat="51.107496" lon="0.955055"><ele>54.75</ele></trkpt>
   <trkpt lat="51.107665" lon="0.954105"><ele>54.5</ele></trkpt>
   <trkpt lat="51.108029" lon="0.952242"><ele>55</ele></trkpt>
   <trkpt lat="51.108416" lon="0.950394"><ele>56.5</ele></trkpt>
   <trkpt lat="51.108623" lon="0.949495"><ele>56</ele></trkpt>
   <trkpt lat="51.108855" lon="0.948523"><ele>56</ele></trkpt>
   <trkpt lat="51.109095" lon="0.947572"><ele>56</ele></trkpt>
   <trkpt lat="51.1096" lon="0.945667"><ele>55.75</ele></trkpt>
   <trkpt lat="51.110136" lon="0.943822"><ele>56</ele></trkpt>
   <trkpt lat="51.110417" lon="0.9429"><ele>55.25</ele></trkpt>
   <trkpt lat="51.110701" lon="0.942001"><ele>54.5</ele></trkpt>
   <trkpt lat="51.11109" lon="0.940838"><ele>53.75</ele></trkpt>
   <trkpt lat="51.111484" lon="0.939703"><ele>53.75</ele></trkpt>
   <trkpt lat="51.111887" lon="0.938576"><ele>53.5</ele></trkpt>
   <trkpt lat="51.112306" lon="0.937474"><ele>52</ele></trkpt>
   <trkpt lat="51.11242" lon="0.937173"><ele>52.25</ele></trkpt>
   <trkpt lat="51.112594" lon="0.936732"><ele>53.5</ele></trkpt>
   <trkpt lat="51.113231" lon="0.935173"><ele>53</ele></trkpt>
   <trkpt lat="51.113622" lon="0.934261"><ele>52</ele></trkpt>
   <trkpt lat="51.114277" lon="0.9328"><ele>51.25</ele></trkpt>
   <trkpt lat="51.114951" lon="0.931379"><ele>50</ele></trkpt>
   <trkpt lat="51.115634" lon="0.929997"><ele>53.25</ele></trkpt>
   <trkpt lat="51.116531" lon="0.928204"><ele>53.25</ele></trkpt>
   <trkpt lat="51.116877" lon="0.927543"><ele>48.75</ele></trkpt>
   <trkpt lat="51.118694" lon="0.923962"><ele>48.75</ele></trkpt>
   <trkpt lat="51.121233" lon="0.918981"><ele>47.25</ele></trkpt>
   <trkpt lat="51.121344" lon="0.918755"><ele>47.5</ele></trkpt>
   <trkpt lat="51.122672" lon="0.916153"><ele>49.5</ele></trkpt>
   <trkpt lat="51.124515" lon="0.912505"><ele>49.25</ele></trkpt>
   <trkpt lat="51.126357" lon="0.908899"><ele>47</ele></trkpt>
   <trkpt lat="51.127113" lon="0.907451"><ele>46.25</ele></trkpt>
   <trkpt lat="51.127881" lon="0.906007"><ele>46.5</ele></trkpt>
   <trkpt lat="51.128637" lon="0.904565"><ele>45.5</ele></trkpt>
   <trkpt lat="51.13071" lon="0.90049"><ele>44</ele></trkpt>
   <trkpt lat="51.131001" lon="0.899872"><ele>43.5</ele></trkpt>
   <trkpt lat="51.132403" lon="0.897007"><ele>42.25</ele></trkpt>
   <trkpt lat="51.133652" lon="0.894563"><ele>41.25</ele></trkpt>
   <trkpt lat="51.134556" lon="0.892773"><ele>41</ele></trkpt>
   <trkpt lat="51.134887" lon="0.892135"><ele>41</ele></trkpt>
   <trkpt lat="51.136408" lon="0.889134"><ele>40</ele></trkpt>
   <trkpt lat="51.136694" lon="0.888582"><ele>40</ele></trkpt>
   <trkpt lat="51.136996" lon="0.887976"><ele>40</ele></trkpt>
   <trkpt lat="51.137277" lon="0.887446"><ele>39.75</ele></trkpt>
   <trkpt lat="51.137578" lon="0.88685"><ele>40</ele></trkpt>
   <trkpt lat="51.137815" lon="0.886357"><ele>40</ele></trkpt>
   <trkpt lat="51.13828" lon="0.88534"><ele>40</ele></trkpt>
   <trkpt lat="51.138778" lon="0.884246"><ele>40</ele></trkpt>
   <trkpt lat="51.139116" lon="0.883526"><ele>40</ele></trkpt>
   <trkpt lat="51.139553" lon="0.882667"><ele>40</ele></trkpt>
   <trkpt lat="51.140045" lon="0.881787"><ele>40</ele></trkpt>
   <trkpt lat="51.140174" lon="0.881531"><ele>40</ele></trkpt>
   <trkpt lat="51.140223" lon="0.881435"><ele>40</ele></trkpt>
   <trkpt lat="51.140377" lon="0.881128"><ele>40</ele></trkpt>
   <trkpt lat="51.14047" lon="0.880943"><ele>40</ele></trkpt>
   <trkpt lat="51.140651" lon="0.880586"><ele>40</ele></trkpt>
   <trkpt lat="51.140995" lon="0.879907"><ele>40</ele></trkpt>
   <trkpt lat="51.141081" lon="0.879737"><ele>40</ele></trkpt>
   <trkpt lat="51.141672" lon="0.878598"><ele>39.75</ele></trkpt>
   <trkpt lat="51.141984" lon="0.878059"><ele>40</ele></trkpt>
   <trkpt lat="51.142303" lon="0.877497"><ele>38.75</ele></trkpt>
   <trkpt lat="51.142729" lon="0.876717"><ele>39.25</ele></trkpt>
   <trkpt lat="51.143163" lon="0.875881"><ele>40.25</ele></trkpt>
   <trkpt lat="51.143471" lon="0.875256"><ele>40</ele></trkpt>
   <trkpt lat="51.144001" lon="0.874211"><ele>39.5</ele></trkpt>
   <trkpt lat="51.144154" lon="0.873887"><ele>40</ele></trkpt>
   <trkpt lat="51.144377" lon="0.873338"><ele>39.75</ele></trkpt>
   <trkpt lat="51.144703" lon="0.872526"><ele>40.75</ele></trkpt>
   <trkpt lat="51.144894" lon="0.872038"><ele>40.5</ele></trkpt>
   <trkpt lat="51.144938" lon="0.871926"><ele>41</ele></trkpt>
   <trkpt lat="51.145239" lon="0.871057"><ele>41</ele></trkpt>
   <trkpt lat="51.14534" lon="0.870802"><ele>40.5</ele></trkpt>
   <trkpt lat="51.14538" lon="0.870701"><ele>40.5</ele></trkpt>
   <trkpt lat="51.145513" lon="0.87037"><ele>41</ele></trkpt>
   <trkpt lat="51.145542" lon="0.870297"><ele>41</ele></trkpt>
   <trkpt lat="51.145707" lon="0.869915"><ele>41</ele></trkpt>
   <trkpt lat="51.145993" lon="0.86928"><ele>40.25</ele></trkpt>
   <trkpt lat="51.146276" lon="0.868586"><ele>40.25</ele></trkpt>
   <trkpt lat="51.1463" lon="0.868523"><ele>40.5</ele></trkpt>
   <trkpt lat="51.146508" lon="0.867991"><ele>40.25</ele></trkpt>
   <trkpt lat="51.146517" lon="0.867969"><ele>40.25</ele></trkpt>
   <trkpt lat="51.146697" lon="0.867513"><ele>41.5</ele></trkpt>
   <trkpt lat="51.14706" lon="0.866646"><ele>42.75</ele></trkpt>
   <trkpt lat="51.147423" lon="0.865859"><ele>43</ele></trkpt>
   <trkpt lat="51.147661" lon="0.865384"><ele>43.5</ele></trkpt>
   <trkpt lat="51.148291" lon="0.864226"><ele>43.25</ele></trkpt>
   <trkpt lat="51.148534" lon="0.863786"><ele>43.25</ele></trkpt>
   <trkpt lat="51.14962" lon="0.861792"><ele>43</ele></trkpt>
   <trkpt lat="51.149922" lon="0.861247"><ele>43</ele></trkpt>
   <trkpt lat="51.150925" lon="0.859541"><ele>43</ele></trkpt>
   <trkpt lat="51.152517" lon="0.856986"><ele>43</ele></trkpt>
   <trkpt lat="51.153182" lon="0.855967"><ele>43</ele></trkpt>
   <trkpt lat="51.15362" lon="0.855232"><ele>43</ele></trkpt>
   <trkpt lat="51.154728" lon="0.85334"><ele>47</ele></trkpt>
   <trkpt lat="51.155958" lon="0.85139"><ele>51.75</ele></trkpt>
   <trkpt lat="51.156723" lon="0.850203"><ele>55</ele></trkpt>
   <trkpt lat="51.157376" lon="0.84922"><ele>57</ele></trkpt>
   <trkpt lat="51.158082" lon="0.848223"><ele>58.5</ele></trkpt>
   <trkpt lat="51.158732" lon="0.847357"><ele>61.5</ele></trkpt>
   <trkpt lat="51.159272" lon="0.84668"><ele>63.25</ele></trkpt>
   <trkpt lat="51.159998" lon="0.845822"><ele>65</ele></trkpt>
   <trkpt lat="51.16057" lon="0.845181"><ele>66.75</ele></trkpt>
   <trkpt lat="51.161075" lon="0.844643"><ele>68.5</ele></trkpt>
   <trkpt lat="51.161874" lon="0.843841"><ele>70</ele></trkpt>
   <trkpt lat="51.162269" lon="0.843467"><ele>70</ele></trkpt>
   <trkpt lat="51.163044" lon="0.842768"><ele>69.75</ele></trkpt>
   <trkpt lat="51.163645" lon="0.842254"><ele>68.75</ele></trkpt>
   <trkpt lat="51.163741" lon="0.842176"><ele>68</ele></trkpt>
   <trkpt lat="51.164319" lon="0.841721"><ele>68.5</ele></trkpt>
   <trkpt lat="51.164899" lon="0.841283"><ele>66.75</ele></trkpt>
   <trkpt lat="51.165368" lon="0.840941"><ele>66.25</ele></trkpt>
   <trkpt lat="51.166227" lon="0.840369"><ele>66.5</ele></trkpt>
   <trkpt lat="51.166776" lon="0.840027"><ele>63.5</ele></trkpt>
   <trkpt lat="51.167999" lon="0.839308"><ele>59.25</ele></trkpt>
   <trkpt lat="51.169971" lon="0.838205"><ele>56.25</ele></trkpt>
   <trkpt lat="51.170535" lon="0.837875"><ele>56.25</ele></trkpt>
   <trkpt lat="51.171107" lon="0.83756"><ele>57</ele></trkpt>
   <trkpt lat="51.171795" lon="0.837159"><ele>56.75</ele></trkpt>
   <trkpt lat="51.174386" lon="0.835697"><ele>58.5</ele></trkpt>
   <trkpt lat="51.175105" lon="0.835269"><ele>60.25</ele></trkpt>
   <trkpt lat="51.175753" lon="0.834868"><ele>60</ele></trkpt>
   <trkpt lat="51.176314" lon="0.834501"><ele>61.5</ele></trkpt>
   <trkpt lat="51.176851" lon="0.834122"><ele>62.75</ele></trkpt>
   <trkpt lat="51.177324" lon="0.833775"><ele>63.75</ele></trkpt>
   <trkpt lat="51.177664" lon="0.83352"><ele>64.5</ele></trkpt>
   <trkpt lat="51.178181" lon="0.833115"><ele>65.25</ele></trkpt>
   <trkpt lat="51.178593" lon="0.832765"><ele>65.75</ele></trkpt>
   <trkpt lat="51.178978" lon="0.832435"><ele>66.25</ele></trkpt>
   <trkpt lat="51.179688" lon="0.831799"><ele>67.25</ele></trkpt>
   <trkpt lat="51.180068" lon="0.831425"><ele>68</ele></trkpt>
   <trkpt lat="51.180563" lon="0.830938"><ele>68</ele></trkpt>
   <trkpt lat="51.181009" lon="0.830484"><ele>67.75</ele></trkpt>
   <trkpt lat="51.181483" lon="0.829963"><ele>68</ele></trkpt>
   <trkpt lat="51.182267" lon="0.829058"><ele>69.5</ele></trkpt>
   <trkpt lat="51.182554" lon="0.828713"><ele>70.25</ele></trkpt>
   <trkpt lat="51.183005" lon="0.828151"><ele>71.25</ele></trkpt>
   <trkpt lat="51.18355" lon="0.827452"><ele>72</ele></trkpt>
   <trkpt lat="51.184125" lon="0.826652"><ele>74</ele></trkpt>
   <trkpt lat="51.184559" lon="0.826021"><ele>75.25</ele></trkpt>
   <trkpt lat="51.185265" lon="0.824943"><ele>76</ele></trkpt>
   <trkpt lat="51.185645" lon="0.824332"><ele>76.75</ele></trkpt>
   <trkpt lat="51.18603" lon="0.823681"><ele>77.5</ele></trkpt>
   <trkpt lat="51.186387" lon="0.823048"><ele>78</ele></trkpt>
   <trkpt lat="51.186818" lon="0.822258"><ele>78.5</ele></trkpt>
   <trkpt lat="51.187113" lon="0.821699"><ele>80</ele></trkpt>
   <trkpt lat="51.187578" lon="0.820774"><ele>80.25</ele></trkpt>
   <trkpt lat="51.188212" lon="0.819412"><ele>78.75</ele></trkpt>
   <trkpt lat="51.188434" lon="0.818921"><ele>78.25</ele></trkpt>
   <trkpt lat="51.188623" lon="0.818483"><ele>77.75</ele></trkpt>
   <trkpt lat="51.188927" lon="0.817753"><ele>77.25</ele></trkpt>
   <trkpt lat="51.189414" lon="0.8165"><ele>77.25</ele></trkpt>
   <trkpt lat="51.189815" lon="0.815403"><ele>77.25</ele></trkpt>
   <trkpt lat="51.190238" lon="0.814157"><ele>75.5</ele></trkpt>
   <trkpt lat="51.190725" lon="0.812622"><ele>73.75</ele></trkpt>
   <trkpt lat="51.190977" lon="0.811733"><ele>72.5</ele></trkpt>
   <trkpt lat="51.191211" lon="0.81087"><ele>72.5</ele></trkpt>
   <trkpt lat="51.191466" lon="0.80987"><ele>72.5</ele></trkpt>
   <trkpt lat="51.191776" lon="0.808556"><ele>71</ele></trkpt>
   <trkpt lat="51.191931" lon="0.807831"><ele>70.75</ele></trkpt>
   <trkpt lat="51.19208" lon="0.807104"><ele>70.75</ele></trkpt>
   <trkpt lat="51.192287" lon="0.806029"><ele>71.5</ele></trkpt>
   <trkpt lat="51.192454" lon="0.805053"><ele>72.25</ele></trkpt>
   <trkpt lat="51.192573" lon="0.804307"><ele>73.25</ele></trkpt>
   <trkpt lat="51.192681" lon="0.803569"><ele>74.75</ele></trkpt>
   <trkpt lat="51.192827" lon="0.8025"><ele>81.5</ele></trkpt>
   <trkpt lat="51.19302" lon="0.800848"><ele>80.5</ele></trkpt>
   <trkpt lat="51.193175" lon="0.799039"><ele>75.25</ele></trkpt>
   <trkpt lat="51.193207" lon="0.79859"><ele>76.25</ele></trkpt>
   <trkpt lat="51.193234" lon="0.79822"><ele>77.75</ele></trkpt>
   <trkpt lat="51.193311" lon="0.796754"><ele>75</ele></trkpt>
   <trkpt lat="51.193461" lon="0.793356"><ele>74.25</ele></trkpt>
   <trkpt lat="51.193531" lon="0.791973"><ele>73</ele></trkpt>
   <trkpt lat="51.193563" lon="0.791446"><ele>74.25</ele></trkpt>
   <trkpt lat="51.19369" lon="0.789701"><ele>76.5</ele></trkpt>
   <trkpt lat="51.193749" lon="0.78905"><ele>77.75</ele></trkpt>
   <trkpt lat="51.193815" lon="0.788368"><ele>77.75</ele></trkpt>
   <trkpt lat="51.193951" lon="0.787207"><ele>78</ele></trkpt>
   <trkpt lat="51.194004" lon="0.786764"><ele>76.5</ele></trkpt>
   <trkpt lat="51.194087" lon="0.786127"><ele>80.5</ele></trkpt>
   <trkpt lat="51.194279" lon="0.784767"><ele>81.5</ele></trkpt>
   <trkpt lat="51.194474" lon="0.783603"><ele>82.75</ele></trkpt>
   <trkpt lat="51.194616" lon="0.782816"><ele>85.75</ele></trkpt>
   <trkpt lat="51.194791" lon="0.781923"><ele>85.5</ele></trkpt>
   <trkpt lat="51.195008" lon="0.780895"><ele>83.25</ele></trkpt>
   <trkpt lat="51.195256" lon="0.77981"><ele>83.25</ele></trkpt>
   <trkpt lat="51.195545" lon="0.778601"><ele>81</ele></trkpt>
   <trkpt lat="51.195825" lon="0.777531"><ele>81</ele></trkpt>
   <trkpt lat="51.196026" lon="0.776808"><ele>80.75</ele></trkpt>
   <trkpt lat="51.196276" lon="0.775948"><ele>80.25</ele></trkpt>
   <trkpt lat="51.196519" lon="0.775152"><ele>79.75</ele></trkpt>
   <trkpt lat="51.196718" lon="0.774536"><ele>78.75</ele></trkpt>
   <trkpt lat="51.197279" lon="0.772916"><ele>77</ele></trkpt>
   <trkpt lat="51.197881" lon="0.7713"><ele>75</ele></trkpt>
   <trkpt lat="51.198397" lon="0.770033"><ele>75.25</ele></trkpt>
   <trkpt lat="51.198805" lon="0.769048"><ele>75.25</ele></trkpt>
   <trkpt lat="51.200574" lon="0.764845"><ele>73.25</ele></trkpt>
   <trkpt lat="51.200811" lon="0.764261"><ele>73.5</ele></trkpt>
   <trkpt lat="51.202234" lon="0.760885"><ele>74.75</ele></trkpt>
   <trkpt lat="51.205303" lon="0.753551"><ele>77</ele></trkpt>
   <trkpt lat="51.206462" lon="0.750788"><ele>78.25</ele></trkpt>
   <trkpt lat="51.209128" lon="0.744432"><ele>80</ele></trkpt>
   <trkpt lat="51.209573" lon="0.743349"><ele>79.75</ele></trkpt>
   <trkpt lat="51.213585" lon="0.733782"><ele>83</ele></trkpt>
   <trkpt lat="51.214439" lon="0.731741"><ele>85</ele></trkpt>
   <trkpt lat="51.21527" lon="0.729778"><ele>85.25</ele></trkpt>
   <trkpt lat="51.215606" lon="0.729013"><ele>85.75</ele></trkpt>
   <trkpt lat="51.216182" lon="0.727743"><ele>86.25</ele></trkpt>
   <trkpt lat="51.216704" lon="0.726647"><ele>86.5</ele></trkpt>
   <trkpt lat="51.216987" lon="0.726068"><ele>86.75</ele></trkpt>
   <trkpt lat="51.217738" lon="0.724588"><ele>87.5</ele></trkpt>
   <trkpt lat="51.218398" lon="0.72334"><ele>88</ele></trkpt>
   <trkpt lat="51.220722" lon="0.718953"><ele>91.5</ele></trkpt>
   <trkpt lat="51.22179" lon="0.716936"><ele>95</ele></trkpt>
   <trkpt lat="51.222467" lon="0.715667"><ele>96.5</ele></trkpt>
   <trkpt lat="51.22362" lon="0.713476"><ele>98</ele></trkpt>
   <trkpt lat="51.224197" lon="0.712345"><ele>100.25</ele></trkpt>
   <trkpt lat="51.224664" lon="0.711404"><ele>102.25</ele></trkpt>
   <trkpt lat="51.225027" lon="0.710642"><ele>103</ele></trkpt>
   <trkpt lat="51.225431" lon="0.709767"><ele>106</ele></trkpt>
   <trkpt lat="51.226013" lon="0.708461"><ele>107.25</ele></trkpt>
   <trkpt lat="51.226564" lon="0.70717"><ele>108.5</ele></trkpt>
   <trkpt lat="51.2271" lon="0.705845"><ele>111.25</ele></trkpt>
   <trkpt lat="51.227529" lon="0.704752"><ele>108.75</ele></trkpt>
   <trkpt lat="51.228043" lon="0.703348"><ele>108.25</ele></trkpt>
   <trkpt lat="51.228269" lon="0.702712"><ele>110</ele></trkpt>
   <trkpt lat="51.228578" lon="0.701811"><ele>116.25</ele></trkpt>
   <trkpt lat="51.229288" lon="0.699659"><ele>115.25</ele></trkpt>
   <trkpt lat="51.229995" lon="0.697288"><ele>104.25</ele></trkpt>
   <trkpt lat="51.230789" lon="0.694535"><ele>100.5</ele></trkpt>
   <trkpt lat="51.23142" lon="0.692425"><ele>100.5</ele></trkpt>
   <trkpt lat="51.231802" lon="0.691238"><ele>101.5</ele></trkpt>
   <trkpt lat="51.232235" lon="0.689957"><ele>98</ele></trkpt>
   <trkpt lat="51.232664" lon="0.68875"><ele>95</ele></trkpt>
   <trkpt lat="51.23293" lon="0.688035"><ele>95.25</ele></trkpt>
   <trkpt lat="51.233169" lon="0.687403"><ele>95.25</ele></trkpt>
   <trkpt lat="51.233849" lon="0.685703"><ele>94</ele></trkpt>
   <trkpt lat="51.234184" lon="0.684889"><ele>94.25</ele></trkpt>
   <trkpt lat="51.234526" lon="0.684088"><ele>94</ele></trkpt>
   <trkpt lat="51.234875" lon="0.683308"><ele>93</ele></trkpt>
   <trkpt lat="51.235199" lon="0.682608"><ele>92.25</ele></trkpt>
   <trkpt lat="51.235844" lon="0.681254"><ele>89.75</ele></trkpt>
   <trkpt lat="51.236535" lon="0.679835"><ele>89.5</ele></trkpt>
   <trkpt lat="51.237209" lon="0.678392"><ele>85</ele></trkpt>
   <trkpt lat="51.237274" lon="0.678257"><ele>85.75</ele></trkpt>
   <trkpt lat="51.237497" lon="0.677794"><ele>87</ele></trkpt>
   <trkpt lat="51.23807" lon="0.67653"><ele>85.5</ele></trkpt>
   <trkpt lat="51.238536" lon="0.675449"><ele>85</ele></trkpt>
   <trkpt lat="51.238931" lon="0.674493"><ele>83.75</ele></trkpt>
   <trkpt lat="51.239339" lon="0.673476"><ele>83.25</ele></trkpt>
   <trkpt lat="51.239649" lon="0.672679"><ele>82.25</ele></trkpt>
   <trkpt lat="51.240325" lon="0.670799"><ele>79.75</ele></trkpt>
   <trkpt lat="51.240578" lon="0.67007"><ele>78.5</ele></trkpt>
   <trkpt lat="51.240839" lon="0.66928"><ele>77.5</ele></trkpt>
   <trkpt lat="51.241162" lon="0.668275"><ele>76.75</ele></trkpt>
   <trkpt lat="51.242108" lon="0.665166"><ele>77.25</ele></trkpt>
   <trkpt lat="51.242694" lon="0.663231"><ele>75.25</ele></trkpt>
   <trkpt lat="51.244766" lon="0.656351"><ele>74</ele></trkpt>
   <trkpt lat="51.245122" lon="0.65519"><ele>75.25</ele></trkpt>
   <trkpt lat="51.24544" lon="0.654184"><ele>75</ele></trkpt>
   <trkpt lat="51.245656" lon="0.653522"><ele>75.25</ele></trkpt>
   <trkpt lat="51.246039" lon="0.65239"><ele>75.25</ele></trkpt>
   <trkpt lat="51.246387" lon="0.651418"><ele>74</ele></trkpt>
   <trkpt lat="51.24644" lon="0.65127"><ele>74.75</ele></trkpt>
   <trkpt lat="51.246896" lon="0.650021"><ele>77</ele></trkpt>
   <trkpt lat="51.247187" lon="0.649258"><ele>78</ele></trkpt>
   <trkpt lat="51.247678" lon="0.648031"><ele>79.75</ele></trkpt>
   <trkpt lat="51.247964" lon="0.647346"><ele>80.5</ele></trkpt>
   <trkpt lat="51.248472" lon="0.646165"><ele>81</ele></trkpt>
   <trkpt lat="51.24895" lon="0.645124"><ele>78.25</ele></trkpt>
   <trkpt lat="51.24945" lon="0.644045"><ele>80.25</ele></trkpt>
   <trkpt lat="51.2499" lon="0.643132"><ele>79.5</ele></trkpt>
   <trkpt lat="51.250309" lon="0.642316"><ele>81.25</ele></trkpt>
   <trkpt lat="51.250706" lon="0.641566"><ele>82.5</ele></trkpt>
   <trkpt lat="51.251203" lon="0.640642"><ele>82.25</ele></trkpt>
   <trkpt lat="51.251655" lon="0.639832"><ele>80.75</ele></trkpt>
   <trkpt lat="51.252125" lon="0.639011"><ele>79.5</ele></trkpt>
   <trkpt lat="51.252339" lon="0.638654"><ele>79.5</ele></trkpt>
   <trkpt lat="51.253076" lon="0.637435"><ele>76</ele></trkpt>
   <trkpt lat="51.254297" lon="0.635448"><ele>72.75</ele></trkpt>
   <trkpt lat="51.255062" lon="0.634178"><ele>69</ele></trkpt>
   <trkpt lat="51.255407" lon="0.633585"><ele>69.75</ele></trkpt>
   <trkpt lat="51.255844" lon="0.63281"><ele>67.25</ele></trkpt>
   <trkpt lat="51.256615" lon="0.631393"><ele>65</ele></trkpt>
   <trkpt lat="51.257162" lon="0.630326"><ele>63.25</ele></trkpt>
   <trkpt lat="51.257534" lon="0.629581"><ele>61.75</ele></trkpt>
   <trkpt lat="51.25848" lon="0.627565"><ele>58.75</ele></trkpt>
   <trkpt lat="51.259094" lon="0.626201"><ele>55</ele></trkpt>
   <trkpt lat="51.25937" lon="0.625567"><ele>63.5</ele></trkpt>
   <trkpt lat="51.261309" lon="0.621432"><ele>56</ele></trkpt>
   <trkpt lat="51.261743" lon="0.620507"><ele>49.5</ele></trkpt>
   <trkpt lat="51.262488" lon="0.619009"><ele>49</ele></trkpt>
   <trkpt lat="51.263114" lon="0.617798"><ele>52</ele></trkpt>
   <trkpt lat="51.26369" lon="0.616706"><ele>54.25</ele></trkpt>
   <trkpt lat="51.265097" lon="0.614152"><ele>58.5</ele></trkpt>
   <trkpt lat="51.267064" lon="0.610595"><ele>61.75</ele></trkpt>
   <trkpt lat="51.268564" lon="0.607906"><ele>67</ele></trkpt>
   <trkpt lat="51.269298" lon="0.606567"><ele>65.5</ele></trkpt>
   <trkpt lat="51.270767" lon="0.603931"><ele>65.75</ele></trkpt>
   <trkpt lat="51.270853" lon="0.603779"><ele>66.5</ele></trkpt>
   <trkpt lat="51.271833" lon="0.602006"><ele>67.75</ele></trkpt>
   <trkpt lat="51.273358" lon="0.599277"><ele>64.5</ele></trkpt>
   <trkpt lat="51.273857" lon="0.598358"><ele>64.75</ele></trkpt>
   <trkpt lat="51.274594" lon="0.597038"><ele>65</ele></trkpt>
   <trkpt lat="51.275596" lon="0.595274"><ele>63.5</ele></trkpt>
   <trkpt lat="51.276161" lon="0.594303"><ele>62.25</ele></trkpt>
   <trkpt lat="51.276785" lon="0.593246"><ele>61.25</ele></trkpt>
   <trkpt lat="51.277387" lon="0.592201"><ele>55.5</ele></trkpt>
   <trkpt lat="51.277496" lon="0.592008"><ele>57.75</ele></trkpt>
   <trkpt lat="51.279484" lon="0.58864"><ele>64.5</ele></trkpt>
   <trkpt lat="51.281214" lon="0.585657"><ele>71</ele></trkpt>
   <trkpt lat="51.282047" lon="0.584132"><ele>72.75</ele></trkpt>
   <trkpt lat="51.28273" lon="0.582807"><ele>75</ele></trkpt>
   <trkpt lat="51.283019" lon="0.582228"><ele>70.25</ele></trkpt>
   <trkpt lat="51.283183" lon="0.581888"><ele>73.5</ele></trkpt>
   <trkpt lat="51.28371" lon="0.580772"><ele>77.5</ele></trkpt>
   <trkpt lat="51.284099" lon="0.579924"><ele>77.25</ele></trkpt>
   <trkpt lat="51.284684" lon="0.578569"><ele>76.75</ele></trkpt>
   <trkpt lat="51.285028" lon="0.577748"><ele>77</ele></trkpt>
   <trkpt lat="51.285339" lon="0.576975"><ele>77</ele></trkpt>
   <trkpt lat="51.285935" lon="0.57542"><ele>78</ele></trkpt>
   <trkpt lat="51.286245" lon="0.574582"><ele>78.75</ele></trkpt>
   <trkpt lat="51.286561" lon="0.573699"><ele>78.75</ele></trkpt>
   <trkpt lat="51.287232" lon="0.571677"><ele>75</ele></trkpt>
   <trkpt lat="51.287957" lon="0.569381"><ele>74.5</ele></trkpt>
   <trkpt lat="51.290099" lon="0.562539"><ele>76.75</ele></trkpt>
   <trkpt lat="51.290538" lon="0.561114"><ele>76.25</ele></trkpt>
   <trkpt lat="51.292457" lon="0.555005"><ele>67</ele></trkpt>
   <trkpt lat="51.292892" lon="0.553599"><ele>62.75</ele></trkpt>
   <trkpt lat="51.293272" lon="0.552403"><ele>60.75</ele></trkpt>
   <trkpt lat="51.29532" lon="0.545837"><ele>48.5</ele></trkpt>
   <trkpt lat="51.295749" lon="0.544517"><ele>47.5</ele></trkpt>
   <trkpt lat="51.296165" lon="0.543271"><ele>44.5</ele></trkpt>
   <trkpt lat="51.296525" lon="0.542229"><ele>43</ele></trkpt>
   <trkpt lat="51.296838" lon="0.541357"><ele>42.75</ele></trkpt>
   <trkpt lat="51.297253" lon="0.540256"><ele>41</ele></trkpt>
   <trkpt lat="51.297609" lon="0.539356"><ele>41.25</ele></trkpt>
   <trkpt lat="51.298116" lon="0.538103"><ele>41.25</ele></trkpt>
   <trkpt lat="51.298861" lon="0.536372"><ele>41.5</ele></trkpt>
   <trkpt lat="51.299826" lon="0.534319"><ele>42</ele></trkpt>
   <trkpt lat="51.30067" lon="0.532591"><ele>42</ele></trkpt>
   <trkpt lat="51.301397" lon="0.531184"><ele>42</ele></trkpt>
   <trkpt lat="51.302362" lon="0.529419"><ele>43</ele></trkpt>
   <trkpt lat="51.303216" lon="0.527942"><ele>42</ele></trkpt>
   <trkpt lat="51.303824" lon="0.526909"><ele>44</ele></trkpt>
   <trkpt lat="51.304288" lon="0.526153"><ele>44.5</ele></trkpt>
   <trkpt lat="51.305024" lon="0.525001"><ele>46</ele></trkpt>
   <trkpt lat="51.305788" lon="0.523842"><ele>48.25</ele></trkpt>
   <trkpt lat="51.306705" lon="0.522512"><ele>51.25</ele></trkpt>
   <trkpt lat="51.307545" lon="0.521335"><ele>53.75</ele></trkpt>
   <trkpt lat="51.308412" lon="0.520194"><ele>57.5</ele></trkpt>
   <trkpt lat="51.309161" lon="0.519248"><ele>58.25</ele></trkpt>
   <trkpt lat="51.309872" lon="0.518398"><ele>63.25</ele></trkpt>
   <trkpt lat="51.310443" lon="0.517732"><ele>63</ele></trkpt>
   <trkpt lat="51.311224" lon="0.516864"><ele>65.75</ele></trkpt>
   <trkpt lat="51.311925" lon="0.516111"><ele>64.25</ele></trkpt>
   <trkpt lat="51.312575" lon="0.515446"><ele>65.75</ele></trkpt>
   <trkpt lat="51.313365" lon="0.514665"><ele>66.25</ele></trkpt>
   <trkpt lat="51.314131" lon="0.513951"><ele>67.75</ele></trkpt>
   <trkpt lat="51.315067" lon="0.513111"><ele>69.75</ele></trkpt>
   <trkpt lat="51.3165" lon="0.511926"><ele>72.25</ele></trkpt>
   <trkpt lat="51.316717" lon="0.511761"><ele>72.25</ele></trkpt>
   <trkpt lat="51.318196" lon="0.510643"><ele>73.25</ele></trkpt>
   <trkpt lat="51.319589" lon="0.509683"><ele>74.25</ele></trkpt>
   <trkpt lat="51.320985" lon="0.508815"><ele>75.25</ele></trkpt>
   <trkpt lat="51.322409" lon="0.50803"><ele>76</ele></trkpt>
   <trkpt lat="51.323825" lon="0.507309"><ele>77</ele></trkpt>
   <trkpt lat="51.326265" lon="0.506156"><ele>78.5</ele></trkpt>
   <trkpt lat="51.328555" lon="0.505252"><ele>80</ele></trkpt>
   <trkpt lat="51.330798" lon="0.504517"><ele>81.5</ele></trkpt>
   <trkpt lat="51.332572" lon="0.504035"><ele>82.5</ele></trkpt>
   <trkpt lat="51.334352" lon="0.503601"><ele>83.75</ele></trkpt>
   <trkpt lat="51.336214" lon="0.503224"><ele>85</ele></trkpt>
   <trkpt lat="51.338063" lon="0.502883"><ele>86</ele></trkpt>
   <trkpt lat="51.339939" lon="0.502504"><ele>87.25</ele></trkpt>
   <trkpt lat="51.341826" lon="0.501927"><ele>88.5</ele></trkpt>
   <trkpt lat="51.343302" lon="0.501419"><ele>89.25</ele></trkpt>
   <trkpt lat="51.34488" lon="0.500816"><ele>90.5</ele></trkpt>
   <trkpt lat="51.345175" lon="0.500689"><ele>90.5</ele></trkpt>
   <trkpt lat="51.34634" lon="0.500121"><ele>87.75</ele></trkpt>
   <trkpt lat="51.346861" lon="0.499853"><ele>87.25</ele></trkpt>
   <trkpt lat="51.347691" lon="0.499391"><ele>83.75</ele></trkpt>
   <trkpt lat="51.348474" lon="0.498941"><ele>80.5</ele></trkpt>
   <trkpt lat="51.34926" lon="0.49846"><ele>79</ele></trkpt>
   <trkpt lat="51.350308" lon="0.497775"><ele>75</ele></trkpt>
   <trkpt lat="51.351127" lon="0.497205"><ele>73</ele></trkpt>
   <trkpt lat="51.352214" lon="0.496399"><ele>69</ele></trkpt>
   <trkpt lat="51.352834" lon="0.495919"><ele>68</ele></trkpt>
   <trkpt lat="51.353408" lon="0.495451"><ele>66</ele></trkpt>
   <trkpt lat="51.354219" lon="0.494752"><ele>63.75</ele></trkpt>
   <trkpt lat="51.355118" lon="0.493958"><ele>60.75</ele></trkpt>
   <trkpt lat="51.356418" lon="0.492754"><ele>55.75</ele></trkpt>
   <trkpt lat="51.359102" lon="0.490232"><ele>47.75</ele></trkpt>
   <trkpt lat="51.360661" lon="0.488771"><ele>42.75</ele></trkpt>
   <trkpt lat="51.369496" lon="0.48048"><ele>30</ele></trkpt>
   <trkpt lat="51.370285" lon="0.479747"><ele>30.5</ele></trkpt>
   <trkpt lat="51.371304" lon="0.478787"><ele>31.25</ele></trkpt>
   <trkpt lat="51.374743" lon="0.475508"><ele>34</ele></trkpt>
   <trkpt lat="51.375449" lon="0.474847"><ele>34.5</ele></trkpt>
   <trkpt lat="51.376265" lon="0.474063"><ele>35.25</ele></trkpt>
   <trkpt lat="51.37686" lon="0.473518"><ele>35.75</ele></trkpt>
   <trkpt lat="51.378733" lon="0.471773"><ele>37.25</ele></trkpt>
   <trkpt lat="51.379473" lon="0.471069"><ele>37.75</ele></trkpt>
   <trkpt lat="51.379981" lon="0.47061"><ele>38.25</ele></trkpt>
   <trkpt lat="51.380372" lon="0.470251"><ele>38.25</ele></trkpt>
   <trkpt lat="51.380553" lon="0.470085"><ele>38.75</ele></trkpt>
   <trkpt lat="51.381574" lon="0.469127"><ele>45.25</ele></trkpt>
   <trkpt lat="51.381854" lon="0.468875"><ele>44.25</ele></trkpt>
   <trkpt lat="51.382656" lon="0.468098"><ele>47.5</ele></trkpt>
   <trkpt lat="51.383196" lon="0.467555"><ele>44.25</ele></trkpt>
   <trkpt lat="51.384136" lon="0.466587"><ele>48.25</ele></trkpt>
   <trkpt lat="51.384491" lon="0.466216"><ele>51.5</ele></trkpt>
   <trkpt lat="51.385106" lon="0.465525"><ele>55.5</ele></trkpt>
   <trkpt lat="51.385941" lon="0.464536"><ele>59.75</ele></trkpt>
   <trkpt lat="51.386396" lon="0.463977"><ele>60.25</ele></trkpt>
   <trkpt lat="51.387189" lon="0.462953"><ele>63.75</ele></trkpt>
   <trkpt lat="51.387932" lon="0.461923"><ele>66.5</ele></trkpt>
   <trkpt lat="51.388031" lon="0.461782"><ele>66.5</ele></trkpt>
   <trkpt lat="51.388501" lon="0.461113"><ele>69</ele></trkpt>
   <trkpt lat="51.389148" lon="0.460147"><ele>71.5</ele></trkpt>
   <trkpt lat="51.389966" lon="0.458842"><ele>75.75</ele></trkpt>
   <trkpt lat="51.390648" lon="0.457692"><ele>79</ele></trkpt>
   <trkpt lat="51.390874" lon="0.457297"><ele>79</ele></trkpt>
   <trkpt lat="51.391598" lon="0.455982"><ele>82.25</ele></trkpt>
   <trkpt lat="51.391721" lon="0.455758"><ele>82.25</ele></trkpt>
   <trkpt lat="51.392325" lon="0.454566"><ele>84.5</ele></trkpt>
   <trkpt lat="51.392961" lon="0.453252"><ele>86</ele></trkpt>
   <trkpt lat="51.393668" lon="0.451703"><ele>86</ele></trkpt>
   <trkpt lat="51.3939" lon="0.451169"><ele>86</ele></trkpt>
   <trkpt lat="51.394468" lon="0.4498"><ele>87.25</ele></trkpt>
   <trkpt lat="51.394903" lon="0.448703"><ele>88.5</ele></trkpt>
   <trkpt lat="51.395466" lon="0.447176"><ele>87.25</ele></trkpt>
   <trkpt lat="51.395871" lon="0.446011"><ele>84.75</ele></trkpt>
   <trkpt lat="51.396272" lon="0.444798"><ele>83.75</ele></trkpt>
   <trkpt lat="51.396566" lon="0.44386"><ele>83.25</ele></trkpt>
   <trkpt lat="51.396938" lon="0.442604"><ele>79.5</ele></trkpt>
   <trkpt lat="51.397122" lon="0.441958"><ele>81</ele></trkpt>
   <trkpt lat="51.39756" lon="0.440331"><ele>77</ele></trkpt>
   <trkpt lat="51.397731" lon="0.439653"><ele>78.25</ele></trkpt>
   <trkpt lat="51.398157" lon="0.437815"><ele>77</ele></trkpt>
   <trkpt lat="51.398284" lon="0.437231"><ele>76.75</ele></trkpt>
   <trkpt lat="51.398578" lon="0.435801"><ele>78.25</ele></trkpt>
   <trkpt lat="51.398834" lon="0.434442"><ele>80.25</ele></trkpt>
   <trkpt lat="51.398991" lon="0.433543"><ele>77.75</ele></trkpt>
   <trkpt lat="51.399215" lon="0.432155"><ele>82.5</ele></trkpt>
   <trkpt lat="51.399362" lon="0.431154"><ele>85.25</ele></trkpt>
   <trkpt lat="51.399517" lon="0.430007"><ele>86.5</ele></trkpt>
   <trkpt lat="51.399625" lon="0.429133"><ele>89.25</ele></trkpt>
   <trkpt lat="51.399772" lon="0.427803"><ele>90</ele></trkpt>
   <trkpt lat="51.39985" lon="0.427012"><ele>90.5</ele></trkpt>
   <trkpt lat="51.39997" lon="0.425648"><ele>93.25</ele></trkpt>
   <trkpt lat="51.400009" lon="0.425128"><ele>95.25</ele></trkpt>
   <trkpt lat="51.400084" lon="0.423949"><ele>96</ele></trkpt>
   <trkpt lat="51.400143" lon="0.422882"><ele>97.25</ele></trkpt>
   <trkpt lat="51.400173" lon="0.422059"><ele>98.5</ele></trkpt>
   <trkpt lat="51.400231" lon="0.420928"><ele>101.75</ele></trkpt>
   <trkpt lat="51.400357" lon="0.417194"><ele>111.25</ele></trkpt>
   <trkpt lat="51.400389" lon="0.416407"><ele>114.5</ele></trkpt>
   <trkpt lat="51.400502" lon="0.41436"><ele>112.75</ele></trkpt>
   <trkpt lat="51.400689" lon="0.411937"><ele>112.75</ele></trkpt>
   <trkpt lat="51.40081" lon="0.410687"><ele>104.25</ele></trkpt>
   <trkpt lat="51.400978" lon="0.409154"><ele>104.75</ele></trkpt>
   <trkpt lat="51.401091" lon="0.408219"><ele>103</ele></trkpt>
   <trkpt lat="51.401203" lon="0.407385"><ele>103</ele></trkpt>
   <trkpt lat="51.401366" lon="0.406224"><ele>100.75</ele></trkpt>
   <trkpt lat="51.401542" lon="0.405059"><ele>105.5</ele></trkpt>
   <trkpt lat="51.401587" lon="0.404773"><ele>104.25</ele></trkpt>
   <trkpt lat="51.401793" lon="0.403582"><ele>97.75</ele></trkpt>
   <trkpt lat="51.402003" lon="0.402422"><ele>94.25</ele></trkpt>
   <trkpt lat="51.402179" lon="0.401496"><ele>93</ele></trkpt>
   <trkpt lat="51.402464" lon="0.400108"><ele>90</ele></trkpt>
   <trkpt lat="51.402782" lon="0.398671"><ele>87</ele></trkpt>
   <trkpt lat="51.40325" lon="0.396737"><ele>84.25</ele></trkpt>
   <trkpt lat="51.403788" lon="0.394703"><ele>79</ele></trkpt>
   <trkpt lat="51.404129" lon="0.393504"><ele>77.25</ele></trkpt>
   <trkpt lat="51.404367" lon="0.392688"><ele>75.25</ele></trkpt>
   <trkpt lat="51.405926" lon="0.387484"><ele>73.75</ele></trkpt>
   <trkpt lat="51.406422" lon="0.385831"><ele>69</ele></trkpt>
   <trkpt lat="51.407491" lon="0.382105"><ele>68</ele></trkpt>
   <trkpt lat="51.408115" lon="0.380017"><ele>67.75</ele></trkpt>
   <trkpt lat="51.40955" lon="0.37521"><ele>66</ele></trkpt>
   <trkpt lat="51.410989" lon="0.370419"><ele>65</ele></trkpt>
   <trkpt lat="51.413593" lon="0.361682"><ele>55</ele></trkpt>
   <trkpt lat="51.414317" lon="0.359288"><ele>48.5</ele></trkpt>
   <trkpt lat="51.414684" lon="0.358067"><ele>47.25</ele></trkpt>
   <trkpt lat="51.415079" lon="0.356724"><ele>45.75</ele></trkpt>
   <trkpt lat="51.417322" lon="0.349223"><ele>38.25</ele></trkpt>
   <trkpt lat="51.417978" lon="0.347019"><ele>33</ele></trkpt>
   <trkpt lat="51.418805" lon="0.344246"><ele>26.5</ele></trkpt>
   <trkpt lat="51.419086" lon="0.343324"><ele>26</ele></trkpt>
   <trkpt lat="51.419369" lon="0.342414"><ele>24.5</ele></trkpt>
   <trkpt lat="51.419741" lon="0.341291"><ele>22.5</ele></trkpt>
   <trkpt lat="51.420134" lon="0.340201"><ele>21.25</ele></trkpt>
   <trkpt lat="51.420414" lon="0.339478"><ele>21</ele></trkpt>
   <trkpt lat="51.420704" lon="0.338774"><ele>20.5</ele></trkpt>
   <trkpt lat="51.421043" lon="0.337981"><ele>18.5</ele></trkpt>
   <trkpt lat="51.421216" lon="0.337595"><ele>19.5</ele></trkpt>
   <trkpt lat="51.421396" lon="0.337215"><ele>17.25</ele></trkpt>
   <trkpt lat="51.4218" lon="0.336403"><ele>22.75</ele></trkpt>
   <trkpt lat="51.422285" lon="0.335461"><ele>22</ele></trkpt>
   <trkpt lat="51.422883" lon="0.334376"><ele>14.5</ele></trkpt>
   <trkpt lat="51.423262" lon="0.33375"><ele>13</ele></trkpt>
   <trkpt lat="51.42365" lon="0.333137"><ele>11.75</ele></trkpt>
   <trkpt lat="51.424265" lon="0.332225"><ele>9.5</ele></trkpt>
   <trkpt lat="51.424581" lon="0.331779"><ele>10</ele></trkpt>
   <trkpt lat="51.424881" lon="0.331404"><ele>15</ele></trkpt>
   <trkpt lat="51.42513" lon="0.331059"><ele>16.5</ele></trkpt>
   <trkpt lat="51.425777" lon="0.330248"><ele>12.75</ele></trkpt>
   <trkpt lat="51.426428" lon="0.329523"><ele>11</ele></trkpt>
   <trkpt lat="51.427943" lon="0.327961"><ele>7.25</ele></trkpt>
   <trkpt lat="51.428744" lon="0.327314"><ele>5.5</ele></trkpt>
   <trkpt lat="51.429327" lon="0.326844"><ele>5.5</ele></trkpt>
   <trkpt lat="51.429713" lon="0.326557"><ele>5.5</ele></trkpt>
   <trkpt lat="51.430102" lon="0.326281"><ele>7.5</ele></trkpt>
   <trkpt lat="51.431111" lon="0.325638"><ele>8</ele></trkpt>
   <trkpt lat="51.431594" lon="0.325354"><ele>8.5</ele></trkpt>
   <trkpt lat="51.432082" lon="0.325096"><ele>9.25</ele></trkpt>
   <trkpt lat="51.432594" lon="0.324848"><ele>9</ele></trkpt>
   <trkpt lat="51.433105" lon="0.324613"><ele>7.75</ele></trkpt>
   <trkpt lat="51.434956" lon="0.323911"><ele>5.75</ele></trkpt>
   <trkpt lat="51.435192" lon="0.323815"><ele>4.5</ele></trkpt>
   <trkpt lat="51.435507" lon="0.323674"><ele>5.25</ele></trkpt>
   <trkpt lat="51.435963" lon="0.323509"><ele>6</ele></trkpt>
   <trkpt lat="51.437554" lon="0.322853"><ele>6.5</ele></trkpt>
   <trkpt lat="51.437825" lon="0.32274"><ele>6.25</ele></trkpt>
   <trkpt lat="51.439362" lon="0.322101"><ele>5.5</ele></trkpt>
   <trkpt lat="51.439504" lon="0.322059"><ele>5.25</ele></trkpt>
   <trkpt lat="51.439953" lon="0.321901"><ele>5.25</ele></trkpt>
   <trkpt lat="51.440944" lon="0.321484"><ele>5</ele></trkpt>
   <trkpt lat="51.441477" lon="0.321233"><ele>5.25</ele></trkpt>
   <trkpt lat="51.442035" lon="0.320956"><ele>5.5</ele></trkpt>
   <trkpt lat="51.442706" lon="0.320587"><ele>5.25</ele></trkpt>
   <trkpt lat="51.443109" lon="0.320357"><ele>5</ele></trkpt>
   <trkpt lat="51.443476" lon="0.320142"><ele>5.75</ele></trkpt>
   <trkpt lat="51.443872" lon="0.319897"><ele>4.25</ele></trkpt>
   <trkpt lat="51.444221" lon="0.319672"><ele>4.25</ele></trkpt>
   <trkpt lat="51.444906" lon="0.319207"><ele>4.25</ele></trkpt>
   <trkpt lat="51.446505" lon="0.317987"><ele>5.25</ele></trkpt>
   <trkpt lat="51.447579" lon="0.317056"><ele>6</ele></trkpt>
   <trkpt lat="51.448254" lon="0.316431"><ele>6.25</ele></trkpt>
   <trkpt lat="51.448614" lon="0.316087"><ele>7.5</ele></trkpt>
   <trkpt lat="51.449308" lon="0.315366"><ele>5.75</ele></trkpt>
   <trkpt lat="51.449684" lon="0.314996"><ele>5</ele></trkpt>
   <trkpt lat="51.450054" lon="0.314602"><ele>4.5</ele></trkpt>
   <trkpt lat="51.45076" lon="0.313765"><ele>4</ele></trkpt>
   <trkpt lat="51.45154" lon="0.312815"><ele>3.75</ele></trkpt>
   <trkpt lat="51.452308" lon="0.311843"><ele>3.5</ele></trkpt>
   <trkpt lat="51.453382" lon="0.310495"><ele>3</ele></trkpt>
   <trkpt lat="51.453568" lon="0.310255"><ele>2.75</ele></trkpt>
   <trkpt lat="51.454314" lon="0.309257"><ele>2.75</ele></trkpt>
   <trkpt lat="51.454758" lon="0.308662"><ele>2.75</ele></trkpt>
   <trkpt lat="51.45605" lon="0.306988"><ele>2.75</ele></trkpt>
   <trkpt lat="51.457106" lon="0.305421"><ele>2.5</ele></trkpt>
   <trkpt lat="51.458402" lon="0.303319"><ele>2.5</ele></trkpt>
   <trkpt lat="51.459521" lon="0.301332"><ele>2.25</ele></trkpt>
   <trkpt lat="51.4604" lon="0.299592"><ele>2.25</ele></trkpt>
   <trkpt lat="51.460805" lon="0.298691"><ele>2.25</ele></trkpt>
   <trkpt lat="51.461464" lon="0.297149"><ele>2.25</ele></trkpt>
   <trkpt lat="51.462459" lon="0.294389"><ele>2</ele></trkpt>
   <trkpt lat="51.462835" lon="0.293271"><ele>2</ele></trkpt>
   <trkpt lat="51.463184" lon="0.292127"><ele>2</ele></trkpt>
   <trkpt lat="51.463576" lon="0.290727"><ele>1.75</ele></trkpt>
   <trkpt lat="51.463937" lon="0.289301"><ele>1.75</ele></trkpt>
   <trkpt lat="51.464608" lon="0.2864"><ele>1.75</ele></trkpt>
   <trkpt lat="51.465111" lon="0.284355"><ele>1.5</ele></trkpt>
   <trkpt lat="51.465547" lon="0.282723"><ele>1.5</ele></trkpt>
   <trkpt lat="51.465948" lon="0.281433"><ele>1.5</ele></trkpt>
   <trkpt lat="51.466306" lon="0.280335"><ele>1.5</ele></trkpt>
   <trkpt lat="51.466774" lon="0.279071"><ele>1.25</ele></trkpt>
   <trkpt lat="51.467354" lon="0.277615"><ele>1.25</ele></trkpt>
   <trkpt lat="51.468324" lon="0.275555"><ele>1.25</ele></trkpt>
   <trkpt lat="51.469178" lon="0.273923"><ele>1.25</ele></trkpt>
   <trkpt lat="51.469436" lon="0.273416"><ele>1.25</ele></trkpt>
   <trkpt lat="51.469524" lon="0.273258"><ele>1.25</ele></trkpt>
   <trkpt lat="51.46973" lon="0.272891"><ele>1.25</ele></trkpt>
   <trkpt lat="51.470278" lon="0.271976"><ele>1.25</ele></trkpt>
   <trkpt lat="51.471205" lon="0.270451"><ele>2.5</ele></trkpt>
   <trkpt lat="51.472057" lon="0.269059"><ele>3.75</ele></trkpt>
   <trkpt lat="51.473609" lon="0.2665"><ele>6.25</ele></trkpt>
   <trkpt lat="51.474094" lon="0.265727"><ele>6.75</ele></trkpt>
   <trkpt lat="51.474411" lon="0.265189"><ele>7.25</ele></trkpt>
   <trkpt lat="51.474881" lon="0.264465"><ele>8</ele></trkpt>
   <trkpt lat="51.476657" lon="0.261551"><ele>10.75</ele></trkpt>
   <trkpt lat="51.478278" lon="0.258817"><ele>13.25</ele></trkpt>
   <trkpt lat="51.478663" lon="0.258136"><ele>13.75</ele></trkpt>
   <trkpt lat="51.478883" lon="0.257728"><ele>14.25</ele></trkpt>
   <trkpt lat="51.47955" lon="0.256544"><ele>14.25</ele></trkpt>
   <trkpt lat="51.479782" lon="0.256104"><ele>13.5</ele></trkpt>
   <trkpt lat="51.479985" lon="0.255711"><ele>12.5</ele></trkpt>
   <trkpt lat="51.480513" lon="0.2546"><ele>12.5</ele></trkpt>
   <trkpt lat="51.480948" lon="0.253629"><ele>14.75</ele></trkpt>
   <trkpt lat="51.481454" lon="0.252424"><ele>13.75</ele></trkpt>
   <trkpt lat="51.48196" lon="0.251168"><ele>12</ele></trkpt>
   <trkpt lat="51.482425" lon="0.250043"><ele>13</ele></trkpt>
   <trkpt lat="51.483012" lon="0.248673"><ele>11.5</ele></trkpt>
   <trkpt lat="51.483498" lon="0.247591"><ele>12.25</ele></trkpt>
   <trkpt lat="51.484008" lon="0.246508"><ele>11.5</ele></trkpt>
   <trkpt lat="51.484551" lon="0.245445"><ele>10</ele></trkpt>
   <trkpt lat="51.484956" lon="0.244691"><ele>7</ele></trkpt>
   <trkpt lat="51.485774" lon="0.243255"><ele>7</ele></trkpt>
   <trkpt lat="51.48628" lon="0.242412"><ele>7</ele></trkpt>
   <trkpt lat="51.486853" lon="0.241529"><ele>5.5</ele></trkpt>
   <trkpt lat="51.487353" lon="0.240784"><ele>5.5</ele></trkpt>
   <trkpt lat="51.487811" lon="0.240126"><ele>5.25</ele></trkpt>
   <trkpt lat="51.488248" lon="0.239503"><ele>5</ele></trkpt>
   <trkpt lat="51.488566" lon="0.239071"><ele>3.5</ele></trkpt>
   <trkpt lat="51.488829" lon="0.238705"><ele>2</ele></trkpt>
   <trkpt lat="51.489126" lon="0.238278"><ele>2</ele></trkpt>
   <trkpt lat="51.489949" lon="0.237051"><ele>1.25</ele></trkpt>
   <trkpt lat="51.490806" lon="0.235669"><ele>1.25</ele></trkpt>
   <trkpt lat="51.491215" lon="0.234979"><ele>1</ele></trkpt>
   <trkpt lat="51.491863" lon="0.233825"><ele>1</ele></trkpt>
   <trkpt lat="51.492399" lon="0.232819"><ele>1</ele></trkpt>
   <trkpt lat="51.49281" lon="0.231989"><ele>1</ele></trkpt>
   <trkpt lat="51.494955" lon="0.22772"><ele>1</ele></trkpt>
   <trkpt lat="51.496377" lon="0.224915"><ele>1</ele></trkpt>
   <trkpt lat="51.4972" lon="0.223303"><ele>1</ele></trkpt>
   <trkpt lat="51.497728" lon="0.222286"><ele>1</ele></trkpt>
   <trkpt lat="51.497953" lon="0.221863"><ele>1.25</ele></trkpt>
   <trkpt lat="51.498292" lon="0.221253"><ele>1.75</ele></trkpt>
   <trkpt lat="51.498624" lon="0.220674"><ele>1.25</ele></trkpt>
   <trkpt lat="51.499373" lon="0.219402"><ele>1.5</ele></trkpt>
   <trkpt lat="51.499832" lon="0.21866"><ele>1.25</ele></trkpt>
   <trkpt lat="51.500292" lon="0.217934"><ele>1.5</ele></trkpt>
   <trkpt lat="51.501164" lon="0.216549"><ele>1.25</ele></trkpt>
   <trkpt lat="51.501866" lon="0.215359"><ele>1</ele></trkpt>
   <trkpt lat="51.502148" lon="0.214897"><ele>1.25</ele></trkpt>
   <trkpt lat="51.504093" lon="0.211448"><ele>1.75</ele></trkpt>
   <trkpt lat="51.505421" lon="0.209083"><ele>1</ele></trkpt>
   <trkpt lat="51.50757" lon="0.205254"><ele>1.5</ele></trkpt>
   <trkpt lat="51.509471" lon="0.201875"><ele>1</ele></trkpt>
   <trkpt lat="51.510118" lon="0.20075"><ele>1</ele></trkpt>
   <trkpt lat="51.510632" lon="0.199873"><ele>1.5</ele></trkpt>
   <trkpt lat="51.511414" lon="0.198576"><ele>1.75</ele></trkpt>
   <trkpt lat="51.511944" lon="0.197714"><ele>1.75</ele></trkpt>
   <trkpt lat="51.514982" lon="0.192815"><ele>2</ele></trkpt>
   <trkpt lat="51.516101" lon="0.191003"><ele>2.75</ele></trkpt>
   <trkpt lat="51.517232" lon="0.189148"><ele>4.75</ele></trkpt>
   <trkpt lat="51.517365" lon="0.188961"><ele>4.5</ele></trkpt>
   <trkpt lat="51.517784" lon="0.188235"><ele>4.25</ele></trkpt>
   <trkpt lat="51.518256" lon="0.187352"><ele>4</ele></trkpt>
   <trkpt lat="51.518547" lon="0.186786"><ele>3.75</ele></trkpt>
   <trkpt lat="51.518907" lon="0.186041"><ele>3.5</ele></trkpt>
   <trkpt lat="51.519355" lon="0.185054"><ele>3.25</ele></trkpt>
   <trkpt lat="51.519808" lon="0.183966"><ele>3</ele></trkpt>
   <trkpt lat="51.520249" lon="0.182829"><ele>2.75</ele></trkpt>
   <trkpt lat="51.520513" lon="0.182094"><ele>2.75</ele></trkpt>
   <trkpt lat="51.520791" lon="0.181209"><ele>2.75</ele></trkpt>
   <trkpt lat="51.520954" lon="0.180714"><ele>2.5</ele></trkpt>
   <trkpt lat="51.521232" lon="0.179799"><ele>2</ele></trkpt>
   <trkpt lat="51.521578" lon="0.178571"><ele>1.75</ele></trkpt>
   <trkpt lat="51.52171" lon="0.178047"><ele>1.5</ele></trkpt>
   <trkpt lat="51.521927" lon="0.177132"><ele>1.5</ele></trkpt>
   <trkpt lat="51.522143" lon="0.176139"><ele>1.5</ele></trkpt>
   <trkpt lat="51.522334" lon="0.175193"><ele>1.25</ele></trkpt>
   <trkpt lat="51.522615" lon="0.173688"><ele>1.75</ele></trkpt>
   <trkpt lat="51.522855" lon="0.172284"><ele>1.5</ele></trkpt>
   <trkpt lat="51.523125" lon="0.170579"><ele>1.75</ele></trkpt>
   <trkpt lat="51.523213" lon="0.169978"><ele>1.75</ele></trkpt>
   <trkpt lat="51.523372" lon="0.168825"><ele>2.5</ele></trkpt>
   <trkpt lat="51.523522" lon="0.167681"><ele>2</ele></trkpt>
   <trkpt lat="51.523752" lon="0.165758"><ele>1.25</ele></trkpt>
   <trkpt lat="51.524047" lon="0.163189"><ele>1.75</ele></trkpt>
   <trkpt lat="51.524074" lon="0.162937"><ele>1.75</ele></trkpt>
   <trkpt lat="51.524738" lon="0.157092"><ele>1</ele></trkpt>
   <trkpt lat="51.524922" lon="0.155491"><ele>1</ele></trkpt>
   <trkpt lat="51.525075" lon="0.154131"><ele>1</ele></trkpt>
   <trkpt lat="51.525239" lon="0.152588"><ele>1</ele></trkpt>
   <trkpt lat="51.525442" lon="0.150521"><ele>1.25</ele></trkpt>
   <trkpt lat="51.525655" lon="0.148475"><ele>1.5</ele></trkpt>
   <trkpt lat="51.525834" lon="0.146904"><ele>1.75</ele></trkpt>
   <trkpt lat="51.526523" lon="0.140836"><ele>2</ele></trkpt>
   <trkpt lat="51.52672" lon="0.139013"><ele>1.75</ele></trkpt>
   <trkpt lat="51.526904" lon="0.137131"><ele>1.75</ele></trkpt>
   <trkpt lat="51.527069" lon="0.134489"><ele>1.5</ele></trkpt>
   <trkpt lat="51.527138" lon="0.133272"><ele>1.5</ele></trkpt>
   <trkpt lat="51.527201" lon="0.132163"><ele>1.5</ele></trkpt>
   <trkpt lat="51.527329" lon="0.130431"><ele>1.25</ele></trkpt>
   <trkpt lat="51.52754" lon="0.12787"><ele>1.25</ele></trkpt>
   <trkpt lat="51.527946" lon="0.124687"><ele>1</ele></trkpt>
   <trkpt lat="51.528693" lon="0.120394"><ele>0.75</ele></trkpt>
   <trkpt lat="51.528824" lon="0.119602"><ele>0.75</ele></trkpt>
   <trkpt lat="51.529073" lon="0.118017"><ele>0.75</ele></trkpt>
   <trkpt lat="51.529229" lon="0.116667"><ele>0.75</ele></trkpt>
   <trkpt lat="51.529521" lon="0.113683"><ele>0.5</ele></trkpt>
   <trkpt lat="51.530019" lon="0.109033"><ele>0.25</ele></trkpt>
   <trkpt lat="51.530467" lon="0.105773"><ele>0.25</ele></trkpt>
   <trkpt lat="51.531031" lon="0.10226"><ele>0</ele></trkpt>
   <trkpt lat="51.531826" lon="0.098639"><ele>0</ele></trkpt>
   <trkpt lat="51.532817" lon="0.095133"><ele>-0.25</ele></trkpt>
   <trkpt lat="51.533432" lon="0.093305"><ele>-0.25</ele></trkpt>
   <trkpt lat="51.534304" lon="0.090922"><ele>-0.5</ele></trkpt>
   <trkpt lat="51.535764" lon="0.087539"><ele>-0.5</ele></trkpt>
   <trkpt lat="51.536723" lon="0.085713"><ele>-0.75</ele></trkpt>
   <trkpt lat="51.536934" lon="0.085368"><ele>-0.75</ele></trkpt>
   <trkpt lat="51.540102" lon="0.079432"><ele>-1</ele></trkpt>
   <trkpt lat="51.540759" lon="0.078141"><ele>-1.25</ele></trkpt>
   <trkpt lat="51.541258" lon="0.077113"><ele>-1.25</ele></trkpt>
   <trkpt lat="51.541544" lon="0.076473"><ele>-1.25</ele></trkpt>
   <trkpt lat="51.542003" lon="0.075381"><ele>-1.25</ele></trkpt>
   <trkpt lat="51.542235" lon="0.07478"><ele>-1.5</ele></trkpt>
   <trkpt lat="51.542719" lon="0.073473"><ele>-1.5</ele></trkpt>
   <trkpt lat="51.542971" lon="0.072743"><ele>-1.5</ele></trkpt>
   <trkpt lat="51.543185" lon="0.072076"><ele>-1.5</ele></trkpt>
   <trkpt lat="51.543588" lon="0.070753"><ele>-1.5</ele></trkpt>
   <trkpt lat="51.544037" lon="0.069044"><ele>-1.75</ele></trkpt>
   <trkpt lat="51.544772" lon="0.065984"><ele>-1.75</ele></trkpt>
   <trkpt lat="51.545507" lon="0.062078"><ele>-2</ele></trkpt>
   <trkpt lat="51.546287" lon="0.05799"><ele>-2.25</ele></trkpt>
   <trkpt lat="51.546743" lon="0.055298"><ele>-2.5</ele></trkpt>
   <trkpt lat="51.547181" lon="0.052501"><ele>-2.5</ele></trkpt>
   <trkpt lat="51.54767" lon="0.048792"><ele>-2.75</ele></trkpt>
   <trkpt lat="51.54789" lon="0.046128"><ele>-2.75</ele></trkpt>
   <trkpt lat="51.547988" lon="0.04352"><ele>-3</ele></trkpt>
   <trkpt lat="51.548019" lon="0.041615"><ele>-3</ele></trkpt>
   <trkpt lat="51.547986" lon="0.039744"><ele>-3.25</ele></trkpt>
   <trkpt lat="51.547925" lon="0.038279"><ele>-3.25</ele></trkpt>
   <trkpt lat="51.547626" lon="0.032969"><ele>-3.5</ele></trkpt>
   <trkpt lat="51.547408" lon="0.029269"><ele>-3.75</ele></trkpt>
   <trkpt lat="51.547278" lon="0.026971"><ele>-3.75</ele></trkpt>
   <trkpt lat="51.547096" lon="0.024743"><ele>-4</ele></trkpt>
   <trkpt lat="51.546935" lon="0.023247"><ele>-4</ele></trkpt>
   <trkpt lat="51.546743" lon="0.021848"><ele>-4</ele></trkpt>
   <trkpt lat="51.54636" lon="0.019452"><ele>-4.25</ele></trkpt>
   <trkpt lat="51.54581" lon="0.016495"><ele>-4.25</ele></trkpt>
   <trkpt lat="51.545295" lon="0.013527"><ele>-4.5</ele></trkpt>
   <trkpt lat="51.544936" lon="0.010855"><ele>-4.5</ele></trkpt>
   <trkpt lat="51.544681" lon="0.008219"><ele>-4.75</ele></trkpt>
   <trkpt lat="51.54452" lon="0.004647"><ele>-5</ele></trkpt>
   <trkpt lat="51.544607" lon="-0.000311"><ele>-5.25</ele></trkpt>
   <trkpt lat="51.544607" lon="-0.000616"><ele>-5.25</ele></trkpt>
   <trkpt lat="51.544606" lon="-0.001365"><ele>-4.5</ele></trkpt>
   <trkpt lat="51.54461" lon="-0.002336"><ele>-4</ele></trkpt>
   <trkpt lat="51.544612" lon="-0.002709"><ele>-4</ele></trkpt>
   <trkpt lat="51.544627" lon="-0.003025"><ele>-4.5</ele></trkpt>
   <trkpt lat="51.544635" lon="-0.00333"><ele>-4.75</ele></trkpt>
   <trkpt lat="51.544665" lon="-0.004809"><ele>-4.25</ele></trkpt>
   <trkpt lat="51.544679" lon="-0.006223"><ele>-3.75</ele></trkpt>
   <trkpt lat="51.544687" lon="-0.006797"><ele>-3.75</ele></trkpt>
   <trkpt lat="51.544692" lon="-0.007135"><ele>-3.5</ele></trkpt>
   <trkpt lat="51.544693" lon="-0.007166"><ele>-3.5</ele></trkpt>
   <trkpt lat="51.544701" lon="-0.008061"><ele>-3.25</ele></trkpt>
   <trkpt lat="51.544711" lon="-0.009063"><ele>-3</ele></trkpt>
   <trkpt lat="51.544726" lon="-0.010795"><ele>-2.5</ele></trkpt>
   <trkpt lat="51.544733" lon="-0.011326"><ele>-2.25</ele></trkpt>
   <trkpt lat="51.544734" lon="-0.011441"><ele>-2.25</ele></trkpt>
   <trkpt lat="51.54474" lon="-0.011937"><ele>-2.25</ele></trkpt>
   <trkpt lat="51.54475" lon="-0.013096"><ele>-1.75</ele></trkpt>
   <trkpt lat="51.544752" lon="-0.013905"><ele>-2</ele></trkpt>
   <trkpt lat="51.544744" lon="-0.014428"><ele>-1.75</ele></trkpt>
   <trkpt lat="51.544741" lon="-0.015468"><ele>-1.5</ele></trkpt>
   <trkpt lat="51.544744" lon="-0.015753"><ele>-1.25</ele></trkpt>
   <trkpt lat="51.544747" lon="-0.016072"><ele>-1.25</ele></trkpt>
   <trkpt lat="51.544751" lon="-0.016415"><ele>-1</ele></trkpt>
   <trkpt lat="51.544756" lon="-0.016901"><ele>-1</ele></trkpt>
   <trkpt lat="51.544784" lon="-0.019378"><ele>-0.25</ele></trkpt>
   <trkpt lat="51.544903" lon="-0.022295"><ele>0.5</ele></trkpt>
   <trkpt lat="51.545144" lon="-0.025016"><ele>1.25</ele></trkpt>
   <trkpt lat="51.545188" lon="-0.025351"><ele>1.25</ele></trkpt>
   <trkpt lat="51.545502" lon="-0.027734"><ele>2</ele></trkpt>
   <trkpt lat="51.54588" lon="-0.030255"><ele>2.75</ele></trkpt>
   <trkpt lat="51.54599" lon="-0.03105"><ele>3</ele></trkpt>
   <trkpt lat="51.546214" lon="-0.032677"><ele>3.5</ele></trkpt>
   <trkpt lat="51.546428" lon="-0.034901"><ele>4.25</ele></trkpt>
   <trkpt lat="51.546559" lon="-0.037039"><ele>5</ele></trkpt>
   <trkpt lat="51.546642" lon="-0.039097"><ele>5.5</ele></trkpt>
   <trkpt lat="51.546675" lon="-0.043127"><ele>6.75</ele></trkpt>
   <trkpt lat="51.546678" lon="-0.04531"><ele>7.5</ele></trkpt>
   <trkpt lat="51.546695" lon="-0.056986"><ele>11</ele></trkpt>
   <trkpt lat="51.546747" lon="-0.059195"><ele>11.5</ele></trkpt>
   <trkpt lat="51.546776" lon="-0.059795"><ele>11.75</ele></trkpt>
   <trkpt lat="51.546848" lon="-0.06128"><ele>12.25</ele></trkpt>
   <trkpt lat="51.546943" lon="-0.062726"><ele>12.75</ele></trkpt>
   <trkpt lat="51.547057" lon="-0.064188"><ele>13</ele></trkpt>
   <trkpt lat="51.547877" lon="-0.074092"><ele>16</ele></trkpt>
   <trkpt lat="51.548693" lon="-0.083988"><ele>19</ele></trkpt>
   <trkpt lat="51.54879" lon="-0.085453"><ele>19.5</ele></trkpt>
   <trkpt lat="51.548823" lon="-0.086162"><ele>19.75</ele></trkpt>
   <trkpt lat="51.54885" lon="-0.08691"><ele>20</ele></trkpt>
   <trkpt lat="51.548857" lon="-0.087642"><ele>20.25</ele></trkpt>
   <trkpt lat="51.54885" lon="-0.08839"><ele>20.5</ele></trkpt>
   <trkpt lat="51.548831" lon="-0.089123"><ele>20.5</ele></trkpt>
   <trkpt lat="51.548798" lon="-0.089866"><ele>20.75</ele></trkpt>
   <trkpt lat="51.548756" lon="-0.090579"><ele>21</ele></trkpt>
   <trkpt lat="51.5487" lon="-0.091278"><ele>21.25</ele></trkpt>
   <trkpt lat="51.548602" lon="-0.091988"><ele>21.5</ele></trkpt>
   <trkpt lat="51.548487" lon="-0.092947"><ele>21.75</ele></trkpt>
   <trkpt lat="51.548384" lon="-0.093637"><ele>22</ele></trkpt>
   <trkpt lat="51.548266" lon="-0.094339"><ele>22.25</ele></trkpt>
   <trkpt lat="51.548042" lon="-0.095507"><ele>22.5</ele></trkpt>
   <trkpt lat="51.547855" lon="-0.096393"><ele>22.75</ele></trkpt>
   <trkpt lat="51.547677" lon="-0.097152"><ele>23</ele></trkpt>
   <trkpt lat="51.547309" lon="-0.098666"><ele>23.5</ele></trkpt>
   <trkpt lat="51.546898" lon="-0.100494"><ele>24.25</ele></trkpt>
   <trkpt lat="51.546464" lon="-0.102244"><ele>24.75</ele></trkpt>
   <trkpt lat="51.546348" lon="-0.10271"><ele>25</ele></trkpt>
   <trkpt lat="51.546292" lon="-0.102935"><ele>25</ele></trkpt>
   <trkpt lat="51.545082" lon="-0.107806"><ele>26.5</ele></trkpt>
   <trkpt lat="51.544138" lon="-0.111636"><ele>27.75</ele></trkpt>
   <trkpt lat="51.543017" lon="-0.115875"><ele>29.25</ele></trkpt>
   <trkpt lat="51.543014" lon="-0.115887"><ele>29.25</ele></trkpt>
   <trkpt lat="51.542616" lon="-0.117392"><ele>29.75</ele></trkpt>
   <trkpt lat="51.541921" lon="-0.120129"><ele>30.5</ele></trkpt>
   <trkpt lat="51.541672" lon="-0.121076"><ele>30.75</ele></trkpt>
   <trkpt lat="51.541619" lon="-0.121279"><ele>31</ele></trkpt>
   <trkpt lat="51.541475" lon="-0.121755"><ele>31</ele></trkpt>
   <trkpt lat="51.541429" lon="-0.121881"><ele>31.25</ele></trkpt>
   <trkpt lat="51.541349" lon="-0.122102"><ele>30.75</ele></trkpt>
   <trkpt lat="51.541237" lon="-0.122357"><ele>30.25</ele></trkpt>
   <trkpt lat="51.541002" lon="-0.122892"><ele>29.25</ele></trkpt>
   <trkpt lat="51.540928" lon="-0.123125"><ele>29</ele></trkpt>
   <trkpt lat="51.540905" lon="-0.123197"><ele>29</ele></trkpt>
   <trkpt lat="51.54087" lon="-0.123315"><ele>29</ele></trkpt>
   <trkpt lat="51.540796" lon="-0.123489"><ele>28.25</ele></trkpt>
   <trkpt lat="51.540412" lon="-0.124421"><ele>29.75</ele></trkpt>
   <trkpt lat="51.540272" lon="-0.124776"><ele>29.75</ele></trkpt>
   <trkpt lat="51.540217" lon="-0.124933"><ele>29.75</ele></trkpt>
   <trkpt lat="51.540098" lon="-0.125326"><ele>30</ele></trkpt>
   <trkpt lat="51.540053" lon="-0.125487"><ele>30</ele></trkpt>
   <trkpt lat="51.539825" lon="-0.126359"><ele>29.75</ele></trkpt>
   <trkpt lat="51.539718" lon="-0.12665"><ele>30</ele></trkpt>
   <trkpt lat="51.539558" lon="-0.127052"><ele>30.25</ele></trkpt>
   <trkpt lat="51.539416" lon="-0.127343"><ele>28.5</ele></trkpt>
   <trkpt lat="51.53931" lon="-0.127512"><ele>28</ele></trkpt>
   <trkpt lat="51.539161" lon="-0.127724"><ele>27.75</ele></trkpt>
   <trkpt lat="51.538894" lon="-0.128055"><ele>27</ele></trkpt>
   <trkpt lat="51.538782" lon="-0.128179"><ele>26.5</ele></trkpt>
   <trkpt lat="51.538487" lon="-0.12847"><ele>26.75</ele></trkpt>
   <trkpt lat="51.538344" lon="-0.128577"><ele>27</ele></trkpt>
   <trkpt lat="51.538218" lon="-0.128659"><ele>27.5</ele></trkpt>
   <trkpt lat="51.538063" lon="-0.12874"><ele>28.25</ele></trkpt>
   <trkpt lat="51.537888" lon="-0.128812"><ele>28.5</ele></trkpt>
   <trkpt lat="51.537709" lon="-0.128851"><ele>28.5</ele></trkpt>
   <trkpt lat="51.537608" lon="-0.128873"><ele>28.75</ele></trkpt>
   <trkpt lat="51.537289" lon="-0.128938"><ele>27.25</ele></trkpt>
   <trkpt lat="51.537163" lon="-0.128955"><ele>27</ele></trkpt>
   <trkpt lat="51.53715" lon="-0.128957"><ele>26.75</ele></trkpt>
   <trkpt lat="51.536907" lon="-0.129017"><ele>26.5</ele></trkpt>
   <trkpt lat="51.536836" lon="-0.129036"><ele>26.5</ele></trkpt>
   <trkpt lat="51.536573" lon="-0.129079"><ele>26.75</ele></trkpt>
   <trkpt lat="51.536403" lon="-0.129095"><ele>26.5</ele></trkpt>
   <trkpt lat="51.536031" lon="-0.129088"><ele>26.5</ele></trkpt>
   <trkpt lat="51.535774" lon="-0.12904"><ele>25</ele></trkpt>
   <trkpt lat="51.535731" lon="-0.129025"><ele>24.25</ele></trkpt>
   <trkpt lat="51.535605" lon="-0.128981"><ele>22</ele></trkpt>
   <trkpt lat="51.535525" lon="-0.128945"><ele>21.5</ele></trkpt>
   <trkpt lat="51.535279" lon="-0.128833"><ele>25.75</ele></trkpt>
   <trkpt lat="51.535077" lon="-0.128723"><ele>25</ele></trkpt>
   <trkpt lat="51.53482" lon="-0.128579"><ele>24.75</ele></trkpt>
   <trkpt lat="51.534709" lon="-0.128502"><ele>24.5</ele></trkpt>
   <trkpt lat="51.534603" lon="-0.12843"><ele>24</ele></trkpt>
   <trkpt lat="51.534456" lon="-0.128312"><ele>24</ele></trkpt>
   <trkpt lat="51.533788" lon="-0.127773"><ele>19.5</ele></trkpt>
   <trkpt lat="51.531843" lon="-0.126206"><ele>16</ele></trkpt>
   <trkpt lat="51.533788" lon="-0.127773"><ele>19.5</ele></trkpt>
   <trkpt lat="51.534456" lon="-0.128312"><ele>24</ele></trkpt>
   <trkpt lat="51.534603" lon="-0.12843"><ele>24</ele></trkpt>
   <trkpt lat="51.534709" lon="-0.128502"><ele>24.5</ele></trkpt>
   <trkpt lat="51.53482" lon="-0.128579"><ele>24.75</ele></trkpt>
   <trkpt lat="51.535077" lon="-0.128723"><ele>25</ele></trkpt>
   <trkpt lat="51.535279" lon="-0.128833"><ele>25.75</ele></trkpt>
   <trkpt lat="51.535525" lon="-0.128945"><ele>21.5</ele></trkpt>
   <trkpt lat="51.535605" lon="-0.128981"><ele>22</ele></trkpt>
   <trkpt lat="51.535731" lon="-0.129025"><ele>24.25</ele></trkpt>
   <trkpt lat="51.535774" lon="-0.12904"><ele>25</ele></trkpt>
   <trkpt lat="51.536031" lon="-0.129088"><ele>26.5</ele></trkpt>
   <trkpt lat="51.536398" lon="-0.129153"><ele>26.75</ele></trkpt>
   <trkpt lat="51.536709" lon="-0.129153"><ele>27.75</ele></trkpt>
   <trkpt lat="51.536963" lon="-0.129169"><ele>27.75</ele></trkpt>
   <trkpt lat="51.537207" lon="-0.129194"><ele>25.75</ele></trkpt>
   <trkpt lat="51.537508" lon="-0.129209"><ele>28.75</ele></trkpt>
   <trkpt lat="51.537656" lon="-0.129206"><ele>28.75</ele></trkpt>
   <trkpt lat="51.537672" lon="-0.129206"><ele>28.75</ele></trkpt>
   <trkpt lat="51.537966" lon="-0.129185"><ele>29.5</ele></trkpt>
   <trkpt lat="51.538088" lon="-0.129155"><ele>30</ele></trkpt>
   <trkpt lat="51.538293" lon="-0.129077"><ele>30</ele></trkpt>
   <trkpt lat="51.538479" lon="-0.128979"><ele>30</ele></trkpt>
   <trkpt lat="51.538633" lon="-0.128874"><ele>29.75</ele></trkpt>
   <trkpt lat="51.538795" lon="-0.128732"><ele>28.75</ele></trkpt>
   <trkpt lat="51.538986" lon="-0.128525"><ele>27.75</ele></trkpt>
   <trkpt lat="51.539137" lon="-0.128332"><ele>28</ele></trkpt>
   <trkpt lat="51.539237" lon="-0.128185"><ele>27.5</ele></trkpt>
   <trkpt lat="51.539363" lon="-0.127961"><ele>27.5</ele></trkpt>
   <trkpt lat="51.539457" lon="-0.127764"><ele>27.75</ele></trkpt>
   <trkpt lat="51.539541" lon="-0.127553"><ele>26.75</ele></trkpt>
   <trkpt lat="51.539592" lon="-0.127403"><ele>27</ele></trkpt>
   <trkpt lat="51.539722" lon="-0.126961"><ele>27.75</ele></trkpt>
   <trkpt lat="51.540097" lon="-0.125526"><ele>29.25</ele></trkpt>
   <trkpt lat="51.540139" lon="-0.125363"><ele>29.25</ele></trkpt>
   <trkpt lat="51.540216" lon="-0.125087"><ele>29.25</ele></trkpt>
   <trkpt lat="51.540284" lon="-0.124879"><ele>29.25</ele></trkpt>
   <trkpt lat="51.540395" lon="-0.124594"><ele>29.25</ele></trkpt>
   <trkpt lat="51.540569" lon="-0.12419"><ele>29</ele></trkpt>
   <trkpt lat="51.540619" lon="-0.124095"><ele>29.25</ele></trkpt>
   <trkpt lat="51.540811" lon="-0.123749"><ele>28.5</ele></trkpt>
   <trkpt lat="51.540985" lon="-0.123477"><ele>28.25</ele></trkpt>
   <trkpt lat="51.541101" lon="-0.123323"><ele>26.75</ele></trkpt>
   <trkpt lat="51.541263" lon="-0.123131"><ele>26</ele></trkpt>
   <trkpt lat="51.541338" lon="-0.12306"><ele>25.5</ele></trkpt>
   <trkpt lat="51.541542" lon="-0.122913"><ele>25.75</ele></trkpt>
   <trkpt lat="51.541638" lon="-0.122857"><ele>25.5</ele></trkpt>
   <trkpt lat="51.542028" lon="-0.122675"><ele>25.25</ele></trkpt>
   <trkpt lat="51.542581" lon="-0.122372"><ele>26.25</ele></trkpt>
   <trkpt lat="51.542603" lon="-0.122361"><ele>27</ele></trkpt>
   <trkpt lat="51.542696" lon="-0.12231"><ele>30</ele></trkpt>
   <trkpt lat="51.542724" lon="-0.122295"><ele>29.75</ele></trkpt>
   <trkpt lat="51.542979" lon="-0.122169"><ele>29.75</ele></trkpt>
   <trkpt lat="51.543418" lon="-0.121882"><ele>29.75</ele></trkpt>
   <trkpt lat="51.543865" lon="-0.121649"><ele>29.5</ele></trkpt>
   <trkpt lat="51.545284" lon="-0.120908"><ele>29</ele></trkpt>
   <trkpt lat="51.547352" lon="-0.119827"><ele>28.5</ele></trkpt>
   <trkpt lat="51.547494" lon="-0.119735"><ele>28.5</ele></trkpt>
   <trkpt lat="51.547694" lon="-0.119588"><ele>28.75</ele></trkpt>
   <trkpt lat="51.547902" lon="-0.11941"><ele>28.75</ele></trkpt>
   <trkpt lat="51.548543" lon="-0.118823"><ele>28.5</ele></trkpt>
   <trkpt lat="51.548648" lon="-0.118725"><ele>28.5</ele></trkpt>
   <trkpt lat="51.549166" lon="-0.118245"><ele>29.75</ele></trkpt>
   <trkpt lat="51.549895" lon="-0.117528"><ele>30.25</ele></trkpt>
   <trkpt lat="51.55033" lon="-0.117057"><ele>30.5</ele></trkpt>
   <trkpt lat="51.550625" lon="-0.116706"><ele>31</ele></trkpt>
   <trkpt lat="51.550782" lon="-0.116504"><ele>31.5</ele></trkpt>
   <trkpt lat="51.551104" lon="-0.116067"><ele>32</ele></trkpt>
   <trkpt lat="51.551529" lon="-0.115442"><ele>32</ele></trkpt>
   <trkpt lat="51.552008" lon="-0.114709"><ele>32.75</ele></trkpt>
   <trkpt lat="51.552019" lon="-0.114693"><ele>32.75</ele></trkpt>
   <trkpt lat="51.552255" lon="-0.114336"><ele>33</ele></trkpt>
   <trkpt lat="51.552518" lon="-0.113972"><ele>33.75</ele></trkpt>
   <trkpt lat="51.552963" lon="-0.113399"><ele>32.5</ele></trkpt>
   <trkpt lat="51.552974" lon="-0.113383"><ele>32.75</ele></trkpt>
   <trkpt lat="51.553141" lon="-0.113158"><ele>31.25</ele></trkpt>
   <trkpt lat="51.553354" lon="-0.112871"><ele>30</ele></trkpt>
   <trkpt lat="51.553383" lon="-0.112834"><ele>31</ele></trkpt>
   <trkpt lat="51.553598" lon="-0.112556"><ele>34.75</ele></trkpt>
   <trkpt lat="51.554116" lon="-0.111922"><ele>34.5</ele></trkpt>
   <trkpt lat="51.554303" lon="-0.111706"><ele>34.75</ele></trkpt>
   <trkpt lat="51.554805" lon="-0.111149"><ele>31</ele></trkpt>
   <trkpt lat="51.554866" lon="-0.11109"><ele>29.5</ele></trkpt>
   <trkpt lat="51.555114" lon="-0.110843"><ele>29.75</ele></trkpt>
   <trkpt lat="51.555643" lon="-0.110327"><ele>34.75</ele></trkpt>
   <trkpt lat="51.555874" lon="-0.110113"><ele>34.25</ele></trkpt>
   <trkpt lat="51.556009" lon="-0.109985"><ele>34.5</ele></trkpt>
   <trkpt lat="51.556719" lon="-0.109393"><ele>34.75</ele></trkpt>
   <trkpt lat="51.557205" lon="-0.109022"><ele>34.75</ele></trkpt>
   <trkpt lat="51.557482" lon="-0.108827"><ele>34.75</ele></trkpt>
   <trkpt lat="51.557913" lon="-0.108528"><ele>34.5</ele></trkpt>
   <trkpt lat="51.55825" lon="-0.108319"><ele>31.75</ele></trkpt>
   <trkpt lat="51.558543" lon="-0.108146"><ele>32.75</ele></trkpt>
   <trkpt lat="51.5589" lon="-0.107944"><ele>34.75</ele></trkpt>
   <trkpt lat="51.559306" lon="-0.107737"><ele>34.75</ele></trkpt>
   <trkpt lat="51.559742" lon="-0.107533"><ele>34.75</ele></trkpt>
   <trkpt lat="51.560033" lon="-0.107402"><ele>33.5</ele></trkpt>
   <trkpt lat="51.560541" lon="-0.107199"><ele>34.5</ele></trkpt>
   <trkpt lat="51.561129" lon="-0.106991"><ele>34</ele></trkpt>
   <trkpt lat="51.562004" lon="-0.106751"><ele>35</ele></trkpt>
   <trkpt lat="51.56248" lon="-0.106639"><ele>35</ele></trkpt>
   <trkpt lat="51.562856" lon="-0.106566"><ele>35</ele></trkpt>
   <trkpt lat="51.563638" lon="-0.106434"><ele>34</ele></trkpt>
   <trkpt lat="51.563857" lon="-0.1064"><ele>32.25</ele></trkpt>
   <trkpt lat="51.564055" lon="-0.106374"><ele>34.25</ele></trkpt>
   <trkpt lat="51.565362" lon="-0.1062"><ele>35.25</ele></trkpt>
   <trkpt lat="51.565616" lon="-0.106172"><ele>33</ele></trkpt>
   <trkpt lat="51.566591" lon="-0.106041"><ele>36.75</ele></trkpt>
   <trkpt lat="51.56884" lon="-0.105753"><ele>37</ele></trkpt>
   <trkpt lat="51.568848" lon="-0.105752"><ele>37</ele></trkpt>
   <trkpt lat="51.568987" lon="-0.105734"><ele>37</ele></trkpt>
   <trkpt lat="51.569696" lon="-0.105632"><ele>37</ele></trkpt>
   <trkpt lat="51.573125" lon="-0.105183"><ele>38.25</ele></trkpt>
   <trkpt lat="51.574366" lon="-0.105042"><ele>38.75</ele></trkpt>
   <trkpt lat="51.575252" lon="-0.10499"><ele>37</ele></trkpt>
   <trkpt lat="51.575397" lon="-0.104986"><ele>37.75</ele></trkpt>
   <trkpt lat="51.575824" lon="-0.105001"><ele>39</ele></trkpt>
   <trkpt lat="51.57619" lon="-0.105028"><ele>39</ele></trkpt>
   <trkpt lat="51.576572" lon="-0.105078"><ele>39.5</ele></trkpt>
   <trkpt lat="51.576775" lon="-0.105115"><ele>40</ele></trkpt>
   <trkpt lat="51.576909" lon="-0.10514"><ele>40</ele></trkpt>
   <trkpt lat="51.577478" lon="-0.105282"><ele>40</ele></trkpt>
   <trkpt lat="51.577718" lon="-0.105361"><ele>40</ele></trkpt>
   <trkpt lat="51.578346" lon="-0.105611"><ele>39.75</ele></trkpt>
   <trkpt lat="51.578666" lon="-0.105756"><ele>40</ele></trkpt>
   <trkpt lat="51.579222" lon="-0.106041"><ele>39.75</ele></trkpt>
   <trkpt lat="51.579516" lon="-0.106215"><ele>39.25</ele></trkpt>
   <trkpt lat="51.579853" lon="-0.106429"><ele>39</ele></trkpt>
   <trkpt lat="51.580315" lon="-0.106758"><ele>39</ele></trkpt>
   <trkpt lat="51.580984" lon="-0.107305"><ele>39</ele></trkpt>
   <trkpt lat="51.581833" lon="-0.108109"><ele>38</ele></trkpt>
   <trkpt lat="51.582633" lon="-0.108928"><ele>37.5</ele></trkpt>
   <trkpt lat="51.583267" lon="-0.109551"><ele>37</ele></trkpt>
   <trkpt lat="51.583911" lon="-0.110115"><ele>36.75</ele></trkpt>
   <trkpt lat="51.584277" lon="-0.110398"><ele>36.75</ele></trkpt>
   <trkpt lat="51.584683" lon="-0.110688"><ele>36.5</ele></trkpt>
   <trkpt lat="51.584979" lon="-0.110873"><ele>36</ele></trkpt>
   <trkpt lat="51.585418" lon="-0.111128"><ele>36</ele></trkpt>
   <trkpt lat="51.586135" lon="-0.111495"><ele>36</ele></trkpt>
   <trkpt lat="51.586808" lon="-0.11182"><ele>36</ele></trkpt>
   <trkpt lat="51.587613" lon="-0.112241"><ele>35.75</ele></trkpt>
   <trkpt lat="51.587976" lon="-0.11244"><ele>36</ele></trkpt>
   <trkpt lat="51.588159" lon="-0.112553"><ele>33</ele></trkpt>
   <trkpt lat="51.588307" lon="-0.112652"><ele>30.75</ele></trkpt>
   <trkpt lat="51.58875" lon="-0.112953"><ele>35.25</ele></trkpt>
   <trkpt lat="51.590081" lon="-0.11399"><ele>34.25</ele></trkpt>
   <trkpt lat="51.591749" lon="-0.115324"><ele>34</ele></trkpt>
   <trkpt lat="51.592366" lon="-0.115806"><ele>34</ele></trkpt>
   <trkpt lat="51.593487" lon="-0.1167"><ele>34</ele></trkpt>
   <trkpt lat="51.594294" lon="-0.117338"><ele>35</ele></trkpt>
   <trkpt lat="51.595302" lon="-0.118119"><ele>35</ele></trkpt>
   <trkpt lat="51.595704" lon="-0.118451"><ele>35.75</ele></trkpt>
   <trkpt lat="51.596251" lon="-0.118819"><ele>36</ele></trkpt>
   <trkpt lat="51.596607" lon="-0.1191"><ele>36</ele></trkpt>
   <trkpt lat="51.597159" lon="-0.119521"><ele>37</ele></trkpt>
   <trkpt lat="51.597641" lon="-0.119919"><ele>37</ele></trkpt>
   <trkpt lat="51.59785" lon="-0.120113"><ele>37.25</ele></trkpt>
   <trkpt lat="51.59814" lon="-0.120413"><ele>37.5</ele></trkpt>
   <trkpt lat="51.5987" lon="-0.121038"><ele>38</ele></trkpt>
   <trkpt lat="51.599188" lon="-0.121613"><ele>38</ele></trkpt>
   <trkpt lat="51.599504" lon="-0.122006"><ele>39</ele></trkpt>
   <trkpt lat="51.59978" lon="-0.122332"><ele>39</ele></trkpt>
   <trkpt lat="51.600259" lon="-0.122956"><ele>39.25</ele></trkpt>
   <trkpt lat="51.600642" lon="-0.123468"><ele>39.25</ele></trkpt>
   <trkpt lat="51.601315" lon="-0.124444"><ele>40</ele></trkpt>
   <trkpt lat="51.602443" lon="-0.126235"><ele>41</ele></trkpt>
   <trkpt lat="51.603956" lon="-0.128559"><ele>41.25</ele></trkpt>
   <trkpt lat="51.604139" lon="-0.128876"><ele>41.25</ele></trkpt>
   <trkpt lat="51.60805" lon="-0.135184"><ele>41.75</ele></trkpt>
   <trkpt lat="51.610151" lon="-0.138586"><ele>42</ele></trkpt>
   <trkpt lat="51.611339" lon="-0.140147"><ele>46.5</ele></trkpt>
   <trkpt lat="51.612611" lon="-0.141525"><ele>48</ele></trkpt>
   <trkpt lat="51.613206" lon="-0.142009"><ele>49</ele></trkpt>
   <trkpt lat="51.613414" lon="-0.142194"><ele>49</ele></trkpt>
   <trkpt lat="51.613846" lon="-0.142591"><ele>49.5</ele></trkpt>
   <trkpt lat="51.614514" lon="-0.14329"><ele>51.25</ele></trkpt>
   <trkpt lat="51.61489" lon="-0.143699"><ele>51.75</ele></trkpt>
   <trkpt lat="51.615857" lon="-0.144702"><ele>51.25</ele></trkpt>
   <trkpt lat="51.619444" lon="-0.148237"><ele>52.75</ele></trkpt>
   <trkpt lat="51.623024" lon="-0.15174"><ele>56</ele></trkpt>
   <trkpt lat="51.625794" lon="-0.154461"><ele>57</ele></trkpt>
   <trkpt lat="51.627413" lon="-0.155951"><ele>65</ele></trkpt>
   <trkpt lat="51.631663" lon="-0.160111"><ele>65.75</ele></trkpt>
   <trkpt lat="51.632728" lon="-0.161228"><ele>63</ele></trkpt>
   <trkpt lat="51.634185" lon="-0.162677"><ele>63.75</ele></trkpt>
   <trkpt lat="51.634989" lon="-0.163559"><ele>63.5</ele></trkpt>
   <trkpt lat="51.63557" lon="-0.164128"><ele>64.25</ele></trkpt>
   <trkpt lat="51.636006" lon="-0.164531"><ele>64.75</ele></trkpt>
   <trkpt lat="51.637111" lon="-0.165517"><ele>65</ele></trkpt>
   <trkpt lat="51.637348" lon="-0.165719"><ele>65.5</ele></trkpt>
   <trkpt lat="51.638426" lon="-0.166694"><ele>65.5</ele></trkpt>
   <trkpt lat="51.639224" lon="-0.167434"><ele>66</ele></trkpt>
   <trkpt lat="51.639745" lon="-0.167856"><ele>66</ele></trkpt>
   <trkpt lat="51.640284" lon="-0.16825"><ele>66</ele></trkpt>
   <trkpt lat="51.640734" lon="-0.168556"><ele>67</ele></trkpt>
   <trkpt lat="51.641538" lon="-0.169041"><ele>67</ele></trkpt>
   <trkpt lat="51.642603" lon="-0.169631"><ele>67.5</ele></trkpt>
   <trkpt lat="51.643224" lon="-0.16991"><ele>63.75</ele></trkpt>
   <trkpt lat="51.643701" lon="-0.170156"><ele>64.25</ele></trkpt>
   <trkpt lat="51.64445" lon="-0.170597"><ele>68.75</ele></trkpt>
   <trkpt lat="51.645894" lon="-0.171322"><ele>69.25</ele></trkpt>
   <trkpt lat="51.646668" lon="-0.171698"><ele>69.75</ele></trkpt>
   <trkpt lat="51.647731" lon="-0.172148"><ele>70.5</ele></trkpt>
   <trkpt lat="51.648411" lon="-0.172459"><ele>71</ele></trkpt>
   <trkpt lat="51.648969" lon="-0.172771"><ele>71</ele></trkpt>
   <trkpt lat="51.650023" lon="-0.173391"><ele>70.5</ele></trkpt>
   <trkpt lat="51.650347" lon="-0.173554"><ele>69.5</ele></trkpt>
   <trkpt lat="51.65101" lon="-0.17391"><ele>71.25</ele></trkpt>
   <trkpt lat="51.651661" lon="-0.174183"><ele>71.75</ele></trkpt>
   <trkpt lat="51.652328" lon="-0.174454"><ele>72.5</ele></trkpt>
   <trkpt lat="51.652998" lon="-0.174664"><ele>72.25</ele></trkpt>
   <trkpt lat="51.653606" lon="-0.174825"><ele>73.25</ele></trkpt>
   <trkpt lat="51.654206" lon="-0.17495"><ele>73.25</ele></trkpt>
   <trkpt lat="51.654954" lon="-0.175076"><ele>74</ele></trkpt>
   <trkpt lat="51.65566" lon="-0.175157"><ele>74</ele></trkpt>
   <trkpt lat="51.656272" lon="-0.175178"><ele>74.25</ele></trkpt>
   <trkpt lat="51.658877" lon="-0.175321"><ele>78.75</ele></trkpt>
   <trkpt lat="51.661605" lon="-0.175563"><ele>79</ele></trkpt>
   <trkpt lat="51.662498" lon="-0.175632"><ele>79.5</ele></trkpt>
   <trkpt lat="51.66423" lon="-0.175735"><ele>84.75</ele></trkpt>
   <trkpt lat="51.667387" lon="-0.175923"><ele>87.75</ele></trkpt>
   <trkpt lat="51.668239" lon="-0.175976"><ele>83.75</ele></trkpt>
   <trkpt lat="51.67112" lon="-0.17615"><ele>88.25</ele></trkpt>
   <trkpt lat="51.673032" lon="-0.176269"><ele>88</ele></trkpt>
   <trkpt lat="51.674481" lon="-0.176355"><ele>86</ele></trkpt>
   <trkpt lat="51.675403" lon="-0.176438"><ele>86</ele></trkpt>
   <trkpt lat="51.675844" lon="-0.176507"><ele>86.25</ele></trkpt>
   <trkpt lat="51.676311" lon="-0.176603"><ele>87</ele></trkpt>
   <trkpt lat="51.676737" lon="-0.176715"><ele>87.25</ele></trkpt>
   <trkpt lat="51.677151" lon="-0.176846"><ele>88.5</ele></trkpt>
   <trkpt lat="51.677444" lon="-0.176954"><ele>88</ele></trkpt>
   <trkpt lat="51.677773" lon="-0.17709"><ele>89.25</ele></trkpt>
   <trkpt lat="51.678128" lon="-0.177249"><ele>88.75</ele></trkpt>
   <trkpt lat="51.678552" lon="-0.177463"><ele>89.25</ele></trkpt>
   <trkpt lat="51.679231" lon="-0.17785"><ele>89.5</ele></trkpt>
   <trkpt lat="51.684364" lon="-0.181027"><ele>92.75</ele></trkpt>
   <trkpt lat="51.68858" lon="-0.183663"><ele>95.5</ele></trkpt>
   <trkpt lat="51.689304" lon="-0.184155"><ele>95.5</ele></trkpt>
   <trkpt lat="51.690153" lon="-0.184818"><ele>97</ele></trkpt>
   <trkpt lat="51.69109" lon="-0.185696"><ele>97.25</ele></trkpt>
   <trkpt lat="51.691968" lon="-0.186663"><ele>97.5</ele></trkpt>
   <trkpt lat="51.694357" lon="-0.189357"><ele>98.75</ele></trkpt>
   <trkpt lat="51.694946" lon="-0.190052"><ele>98.5</ele></trkpt>
   <trkpt lat="51.696426" lon="-0.191718"><ele>97.75</ele></trkpt>
   <trkpt lat="51.696666" lon="-0.191983"><ele>97.25</ele></trkpt>
   <trkpt lat="51.696882" lon="-0.1922"><ele>96.5</ele></trkpt>
   <trkpt lat="51.697251" lon="-0.192568"><ele>97.75</ele></trkpt>
   <trkpt lat="51.697638" lon="-0.19296"><ele>97.5</ele></trkpt>
   <trkpt lat="51.697888" lon="-0.193229"><ele>97.5</ele></trkpt>
   <trkpt lat="51.698514" lon="-0.193937"><ele>97.25</ele></trkpt>
   <trkpt lat="51.698835" lon="-0.194285"><ele>97.5</ele></trkpt>
   <trkpt lat="51.699165" lon="-0.194618"><ele>97</ele></trkpt>
   <trkpt lat="51.699821" lon="-0.195258"><ele>97.25</ele></trkpt>
   <trkpt lat="51.701157" lon="-0.196472"><ele>96.75</ele></trkpt>
   <trkpt lat="51.702402" lon="-0.197541"><ele>96.75</ele></trkpt>
   <trkpt lat="51.704039" lon="-0.198834"><ele>96</ele></trkpt>
   <trkpt lat="51.704861" lon="-0.199522"><ele>95.75</ele></trkpt>
   <trkpt lat="51.706421" lon="-0.200654"><ele>94</ele></trkpt>
   <trkpt lat="51.707309" lon="-0.201229"><ele>93.5</ele></trkpt>
   <trkpt lat="51.707401" lon="-0.20128"><ele>93.5</ele></trkpt>
   <trkpt lat="51.709169" lon="-0.20225"><ele>95</ele></trkpt>
   <trkpt lat="51.709576" lon="-0.202449"><ele>95.5</ele></trkpt>
   <trkpt lat="51.710561" lon="-0.202901"><ele>96</ele></trkpt>
   <trkpt lat="51.711891" lon="-0.203404"><ele>95.25</ele></trkpt>
   <trkpt lat="51.713581" lon="-0.203896"><ele>94</ele></trkpt>
   <trkpt lat="51.714448" lon="-0.204096"><ele>93.75</ele></trkpt>
   <trkpt lat="51.715449" lon="-0.204269"><ele>92.5</ele></trkpt>
   <trkpt lat="51.71646" lon="-0.204392"><ele>91.5</ele></trkpt>
   <trkpt lat="51.718475" lon="-0.20454"><ele>92</ele></trkpt>
   <trkpt lat="51.718956" lon="-0.204582"><ele>92</ele></trkpt>
   <trkpt lat="51.72031" lon="-0.204564"><ele>91</ele></trkpt>
   <trkpt lat="51.720452" lon="-0.204571"><ele>91</ele></trkpt>
   <trkpt lat="51.720741" lon="-0.204585"><ele>91</ele></trkpt>
   <trkpt lat="51.721175" lon="-0.204663"><ele>91</ele></trkpt>
   <trkpt lat="51.721787" lon="-0.204778"><ele>91.25</ele></trkpt>
   <trkpt lat="51.723877" lon="-0.204919"><ele>89.5</ele></trkpt>
   <trkpt lat="51.72688" lon="-0.205141"><ele>88.5</ele></trkpt>
   <trkpt lat="51.727893" lon="-0.20528"><ele>88.75</ele></trkpt>
   <trkpt lat="51.729023" lon="-0.205526"><ele>88.5</ele></trkpt>
   <trkpt lat="51.730174" lon="-0.205921"><ele>88</ele></trkpt>
   <trkpt lat="51.731553" lon="-0.206539"><ele>87.5</ele></trkpt>
   <trkpt lat="51.732427" lon="-0.207042"><ele>85.5</ele></trkpt>
   <trkpt lat="51.732532" lon="-0.207103"><ele>85.25</ele></trkpt>
   <trkpt lat="51.733194" lon="-0.207526"><ele>87.75</ele></trkpt>
   <trkpt lat="51.73381" lon="-0.207968"><ele>87.75</ele></trkpt>
   <trkpt lat="51.73503" lon="-0.209011"><ele>88.25</ele></trkpt>
   <trkpt lat="51.735663" lon="-0.209665"><ele>87</ele></trkpt>
   <trkpt lat="51.736425" lon="-0.210472"><ele>87.25</ele></trkpt>
   <trkpt lat="51.739292" lon="-0.213641"><ele>88</ele></trkpt>
   <trkpt lat="51.742169" lon="-0.216846"><ele>89</ele></trkpt>
   <trkpt lat="51.744325" lon="-0.21915"><ele>88</ele></trkpt>
   <trkpt lat="51.745818" lon="-0.220301"><ele>87</ele></trkpt>
   <trkpt lat="51.747356" lon="-0.221192"><ele>86.5</ele></trkpt>
   <trkpt lat="51.748685" lon="-0.221663"><ele>85.5</ele></trkpt>
   <trkpt lat="51.749837" lon="-0.22191"><ele>85.5</ele></trkpt>
   <trkpt lat="51.750929" lon="-0.221998"><ele>85.75</ele></trkpt>
   <trkpt lat="51.752168" lon="-0.221936"><ele>84.25</ele></trkpt>
   <trkpt lat="51.753369" lon="-0.221693"><ele>84</ele></trkpt>
   <trkpt lat="51.754312" lon="-0.221365"><ele>83</ele></trkpt>
   <trkpt lat="51.755149" lon="-0.220972"><ele>83</ele></trkpt>
   <trkpt lat="51.755928" lon="-0.220552"><ele>82</ele></trkpt>
   <trkpt lat="51.75653" lon="-0.220112"><ele>82.25</ele></trkpt>
   <trkpt lat="51.757599" lon="-0.219239"><ele>81.5</ele></trkpt>
   <trkpt lat="51.758702" lon="-0.218297"><ele>79.5</ele></trkpt>
   <trkpt lat="51.759782" lon="-0.217427"><ele>79</ele></trkpt>
   <trkpt lat="51.760311" lon="-0.217054"><ele>78.75</ele></trkpt>
   <trkpt lat="51.761418" lon="-0.216485"><ele>76</ele></trkpt>
   <trkpt lat="51.76181" lon="-0.216325"><ele>77.25</ele></trkpt>
   <trkpt lat="51.762262" lon="-0.216141"><ele>78</ele></trkpt>
   <trkpt lat="51.762953" lon="-0.215961"><ele>78.5</ele></trkpt>
   <trkpt lat="51.763369" lon="-0.215853"><ele>77.75</ele></trkpt>
   <trkpt lat="51.764388" lon="-0.215692"><ele>77.25</ele></trkpt>
   <trkpt lat="51.76506" lon="-0.215628"><ele>77.25</ele></trkpt>
   <trkpt lat="51.765826" lon="-0.215615"><ele>77</ele></trkpt>
   <trkpt lat="51.766237" lon="-0.215621"><ele>77</ele></trkpt>
   <trkpt lat="51.766785" lon="-0.215654"><ele>77</ele></trkpt>
   <trkpt lat="51.767814" lon="-0.215686"><ele>77</ele></trkpt>
   <trkpt lat="51.774945" lon="-0.216068"><ele>73.25</ele></trkpt>
   <trkpt lat="51.776237" lon="-0.216066"><ele>73</ele></trkpt>
   <trkpt lat="51.776743" lon="-0.216012"><ele>72.25</ele></trkpt>
   <trkpt lat="51.777752" lon="-0.215842"><ele>72</ele></trkpt>
   <trkpt lat="51.778345" lon="-0.215651"><ele>71.5</ele></trkpt>
   <trkpt lat="51.779233" lon="-0.215338"><ele>68.5</ele></trkpt>
   <trkpt lat="51.779629" lon="-0.215115"><ele>71.5</ele></trkpt>
   <trkpt lat="51.780353" lon="-0.214742"><ele>73</ele></trkpt>
   <trkpt lat="51.781645" lon="-0.214015"><ele>69.75</ele></trkpt>
   <trkpt lat="51.781806" lon="-0.213921"><ele>71</ele></trkpt>
   <trkpt lat="51.787736" lon="-0.210611"><ele>78</ele></trkpt>
   <trkpt lat="51.792754" lon="-0.20781"><ele>81</ele></trkpt>
   <trkpt lat="51.795849" lon="-0.206082"><ele>83.25</ele></trkpt>
   <trkpt lat="51.79667" lon="-0.205633"><ele>83</ele></trkpt>
   <trkpt lat="51.798168" lon="-0.204849"><ele>84</ele></trkpt>
   <trkpt lat="51.798837" lon="-0.204511"><ele>84</ele></trkpt>
   <trkpt lat="51.799359" lon="-0.204255"><ele>84.75</ele></trkpt>
   <trkpt lat="51.800201" lon="-0.203828"><ele>85</ele></trkpt>
   <trkpt lat="51.800863" lon="-0.203498"><ele>85.25</ele></trkpt>
   <trkpt lat="51.802666" lon="-0.202595"><ele>86</ele></trkpt>
   <trkpt lat="51.803496" lon="-0.20218"><ele>86.75</ele></trkpt>
   <trkpt lat="51.804048" lon="-0.201973"><ele>87</ele></trkpt>
   <trkpt lat="51.804443" lon="-0.201777"><ele>87.25</ele></trkpt>
   <trkpt lat="51.805715" lon="-0.201137"><ele>88</ele></trkpt>
   <trkpt lat="51.812255" lon="-0.197856"><ele>91.25</ele></trkpt>
   <trkpt lat="51.816248" lon="-0.195844"><ele>87.75</ele></trkpt>
   <trkpt lat="51.816849" lon="-0.195557"><ele>82.5</ele></trkpt>
   <trkpt lat="51.820842" lon="-0.193534"><ele>82.75</ele></trkpt>
   <trkpt lat="51.821726" lon="-0.1931"><ele>87.75</ele></trkpt>
   <trkpt lat="51.822736" lon="-0.192587"><ele>84.75</ele></trkpt>
   <trkpt lat="51.822902" lon="-0.192506"><ele>86.25</ele></trkpt>
   <trkpt lat="51.823557" lon="-0.192207"><ele>88</ele></trkpt>
   <trkpt lat="51.824879" lon="-0.191537"><ele>91</ele></trkpt>
   <trkpt lat="51.826032" lon="-0.190972"><ele>96</ele></trkpt>
   <trkpt lat="51.829589" lon="-0.189167"><ele>96.75</ele></trkpt>
   <trkpt lat="51.831734" lon="-0.188119"><ele>96.5</ele></trkpt>
   <trkpt lat="51.837013" lon="-0.185223"><ele>96.5</ele></trkpt>
   <trkpt lat="51.839715" lon="-0.184041"><ele>96.5</ele></trkpt>
   <trkpt lat="51.839919" lon="-0.183929"><ele>96.5</ele></trkpt>
   <trkpt lat="51.841636" lon="-0.183208"><ele>96.5</ele></trkpt>
   <trkpt lat="51.842242" lon="-0.183013"><ele>96.75</ele></trkpt>
   <trkpt lat="51.842831" lon="-0.182874"><ele>96.75</ele></trkpt>
   <trkpt lat="51.843315" lon="-0.182719"><ele>94.5</ele></trkpt>
   <trkpt lat="51.844013" lon="-0.182627"><ele>97</ele></trkpt>
   <trkpt lat="51.844404" lon="-0.182604"><ele>98</ele></trkpt>
   <trkpt lat="51.84503" lon="-0.182601"><ele>98.5</ele></trkpt>
   <trkpt lat="51.846164" lon="-0.182698"><ele>100.5</ele></trkpt>
   <trkpt lat="51.847489" lon="-0.182986"><ele>101.75</ele></trkpt>
   <trkpt lat="51.8482" lon="-0.183163"><ele>102.25</ele></trkpt>
   <trkpt lat="51.849216" lon="-0.183416"><ele>102</ele></trkpt>
   <trkpt lat="51.850124" lon="-0.183627"><ele>101</ele></trkpt>
   <trkpt lat="51.853508" lon="-0.184465"><ele>99.5</ele></trkpt>
   <trkpt lat="51.85361" lon="-0.184488"><ele>98.75</ele></trkpt>
   <trkpt lat="51.855302" lon="-0.184881"><ele>99.75</ele></trkpt>
   <trkpt lat="51.856103" lon="-0.185057"><ele>100.25</ele></trkpt>
   <trkpt lat="51.856903" lon="-0.185198"><ele>99</ele></trkpt>
   <trkpt lat="51.858465" lon="-0.185408"><ele>98.75</ele></trkpt>
   <trkpt lat="51.861696" lon="-0.185639"><ele>97.25</ele></trkpt>
   <trkpt lat="51.861827" lon="-0.185632"><ele>97.5</ele></trkpt>
   <trkpt lat="51.864084" lon="-0.185943"><ele>98</ele></trkpt>
   <trkpt lat="51.865063" lon="-0.186238"><ele>97.75</ele></trkpt>
   <trkpt lat="51.865548" lon="-0.186415"><ele>97.5</ele></trkpt>
   <trkpt lat="51.866313" lon="-0.18671"><ele>95.75</ele></trkpt>
   <trkpt lat="51.866385" lon="-0.186739"><ele>95.5</ele></trkpt>
   <trkpt lat="51.866571" lon="-0.186822"><ele>97.25</ele></trkpt>
   <trkpt lat="51.867959" lon="-0.187435"><ele>98.25</ele></trkpt>
   <trkpt lat="51.86893" lon="-0.187872"><ele>99</ele></trkpt>
   <trkpt lat="51.869502" lon="-0.188106"><ele>99</ele></trkpt>
   <trkpt lat="51.871617" lon="-0.189036"><ele>99</ele></trkpt>
   <trkpt lat="51.874672" lon="-0.190445"><ele>96</ele></trkpt>
   <trkpt lat="51.878849" lon="-0.192287"><ele>93.75</ele></trkpt>
   <trkpt lat="51.880741" lon="-0.19311"><ele>92.5</ele></trkpt>
   <trkpt lat="51.881677" lon="-0.19355"><ele>91.75</ele></trkpt>
   <trkpt lat="51.882621" lon="-0.194022"><ele>89</ele></trkpt>
   <trkpt lat="51.882762" lon="-0.194098"><ele>87.75</ele></trkpt>
   <trkpt lat="51.884198" lon="-0.19498"><ele>89.5</ele></trkpt>
   <trkpt lat="51.884523" lon="-0.195203"><ele>87.5</ele></trkpt>
   <trkpt lat="51.885508" lon="-0.195928"><ele>89.5</ele></trkpt>
   <trkpt lat="51.887709" lon="-0.197812"><ele>88.75</ele></trkpt>
   <trkpt lat="51.890182" lon="-0.200036"><ele>88</ele></trkpt>
   <trkpt lat="51.891396" lon="-0.20099"><ele>89</ele></trkpt>
   <trkpt lat="51.893374" lon="-0.202423"><ele>89.5</ele></trkpt>
   <trkpt lat="51.894872" lon="-0.203285"><ele>89.5</ele></trkpt>
   <trkpt lat="51.898898" lon="-0.205541"><ele>90</ele></trkpt>
   <trkpt lat="51.900703" lon="-0.20653"><ele>91</ele></trkpt>
   <trkpt lat="51.901659" lon="-0.207036"><ele>91</ele></trkpt>
   <trkpt lat="51.903974" lon="-0.208292"><ele>91.25</ele></trkpt>
   <trkpt lat="51.904152" lon="-0.20839"><ele>90.25</ele></trkpt>
   <trkpt lat="51.90469" lon="-0.208658"><ele>91.25</ele></trkpt>
   <trkpt lat="51.910378" lon="-0.211818"><ele>94.5</ele></trkpt>
   <trkpt lat="51.911815" lon="-0.212606"><ele>95</ele></trkpt>
   <trkpt lat="51.913228" lon="-0.213363"><ele>94</ele></trkpt>
   <trkpt lat="51.914633" lon="-0.214195"><ele>93</ele></trkpt>
   <trkpt lat="51.916011" lon="-0.215106"><ele>92.75</ele></trkpt>
   <trkpt lat="51.917234" lon="-0.216013"><ele>92.75</ele></trkpt>
   <trkpt lat="51.918421" lon="-0.216979"><ele>92.25</ele></trkpt>
   <trkpt lat="51.920703" lon="-0.219096"><ele>91</ele></trkpt>
   <trkpt lat="51.9251" lon="-0.223055"><ele>87.25</ele></trkpt>
   <trkpt lat="51.926117" lon="-0.22399"><ele>86.25</ele></trkpt>
   <trkpt lat="51.926887" lon="-0.224736"><ele>86.25</ele></trkpt>
   <trkpt lat="51.927531" lon="-0.225403"><ele>85.5</ele></trkpt>
   <trkpt lat="51.928238" lon="-0.226201"><ele>85</ele></trkpt>
   <trkpt lat="51.928906" lon="-0.227032"><ele>83.75</ele></trkpt>
   <trkpt lat="51.929453" lon="-0.227762"><ele>83.75</ele></trkpt>
   <trkpt lat="51.932015" lon="-0.231687"><ele>80.5</ele></trkpt>
   <trkpt lat="51.932225" lon="-0.232022"><ele>80.75</ele></trkpt>
   <trkpt lat="51.933204" lon="-0.233579"><ele>77.5</ele></trkpt>
   <trkpt lat="51.933369" lon="-0.233838"><ele>80</ele></trkpt>
   <trkpt lat="51.934433" lon="-0.235509"><ele>80.25</ele></trkpt>
   <trkpt lat="51.940424" lon="-0.244963"><ele>74.25</ele></trkpt>
   <trkpt lat="51.940695" lon="-0.245394"><ele>73.5</ele></trkpt>
   <trkpt lat="51.941454" lon="-0.246561"><ele>73.5</ele></trkpt>
   <trkpt lat="51.944833" lon="-0.251939"><ele>69.5</ele></trkpt>
   <trkpt lat="51.945049" lon="-0.25228"><ele>67.75</ele></trkpt>
   <trkpt lat="51.945216" lon="-0.252539"><ele>71</ele></trkpt>
   <trkpt lat="51.945967" lon="-0.253621"><ele>71.25</ele></trkpt>
   <trkpt lat="51.948772" lon="-0.257723"><ele>70</ele></trkpt>
   <trkpt lat="51.949409" lon="-0.25856"><ele>70</ele></trkpt>
   <trkpt lat="51.950499" lon="-0.259872"><ele>68</ele></trkpt>
   <trkpt lat="51.951716" lon="-0.26125"><ele>67</ele></trkpt>
   <trkpt lat="51.953228" lon="-0.262954"><ele>66</ele></trkpt>
   <trkpt lat="51.953596" lon="-0.263353"><ele>66</ele></trkpt>
   <trkpt lat="51.954028" lon="-0.263761"><ele>65</ele></trkpt>
   <trkpt lat="51.954169" lon="-0.263931"><ele>63</ele></trkpt>
   <trkpt lat="51.954254" lon="-0.264029"><ele>63.75</ele></trkpt>
   <trkpt lat="51.954361" lon="-0.264137"><ele>65</ele></trkpt>
   <trkpt lat="51.954765" lon="-0.264474"><ele>65.5</ele></trkpt>
   <trkpt lat="51.95501" lon="-0.264667"><ele>65.25</ele></trkpt>
   <trkpt lat="51.955878" lon="-0.265633"><ele>65</ele></trkpt>
   <trkpt lat="51.95626" lon="-0.265995"><ele>65</ele></trkpt>
   <trkpt lat="51.956509" lon="-0.26617"><ele>65</ele></trkpt>
   <trkpt lat="51.956778" lon="-0.266307"><ele>64.5</ele></trkpt>
   <trkpt lat="51.957107" lon="-0.26643"><ele>64</ele></trkpt>
   <trkpt lat="51.957349" lon="-0.266494"><ele>64</ele></trkpt>
   <trkpt lat="51.957611" lon="-0.266526"><ele>64</ele></trkpt>
   <trkpt lat="51.958242" lon="-0.266565"><ele>63</ele></trkpt>
   <trkpt lat="51.958397" lon="-0.266532"><ele>62.5</ele></trkpt>
   <trkpt lat="51.958562" lon="-0.266471"><ele>61.5</ele></trkpt>
   <trkpt lat="51.958954" lon="-0.266281"><ele>59.75</ele></trkpt>
   <trkpt lat="51.959078" lon="-0.266184"><ele>59.75</ele></trkpt>
   <trkpt lat="51.959317" lon="-0.26597"><ele>59.25</ele></trkpt>
   <trkpt lat="51.959557" lon="-0.265738"><ele>60</ele></trkpt>
   <trkpt lat="51.95983" lon="-0.265451"><ele>59.75</ele></trkpt>
   <trkpt lat="51.959961" lon="-0.265297"><ele>60.25</ele></trkpt>
   <trkpt lat="51.960037" lon="-0.265206"><ele>60.25</ele></trkpt>
   <trkpt lat="51.961018" lon="-0.264039"><ele>61.75</ele></trkpt>
   <trkpt lat="51.962029" lon="-0.262838"><ele>65.75</ele></trkpt>
   <trkpt lat="51.965714" lon="-0.258323"><ele>68.75</ele></trkpt>
   <trkpt lat="51.9664" lon="-0.257596"><ele>67.75</ele></trkpt>
   <trkpt lat="51.966741" lon="-0.257234"><ele>67.5</ele></trkpt>
   <trkpt lat="51.968227" lon="-0.255431"><ele>67</ele></trkpt>
   <trkpt lat="51.969703" lon="-0.253523"><ele>69.25</ele></trkpt>
   <trkpt lat="51.970613" lon="-0.252061"><ele>66.25</ele></trkpt>
   <trkpt lat="51.970871" lon="-0.251628"><ele>65.75</ele></trkpt>
   <trkpt lat="51.972201" lon="-0.249317"><ele>72.75</ele></trkpt>
   <trkpt lat="51.973359" lon="-0.247274"><ele>74.5</ele></trkpt>
   <trkpt lat="51.973706" lon="-0.246613"><ele>76.75</ele></trkpt>
   <trkpt lat="51.975348" lon="-0.243359"><ele>81.75</ele></trkpt>
   <trkpt lat="51.975861" lon="-0.242216"><ele>80.5</ele></trkpt>
   <trkpt lat="51.97703" lon="-0.239389"><ele>79.5</ele></trkpt>
   <trkpt lat="51.9777" lon="-0.23771"><ele>76</ele></trkpt>
   <trkpt lat="51.97775" lon="-0.237572"><ele>76.5</ele></trkpt>
   <trkpt lat="51.978016" lon="-0.236825"><ele>77.75</ele></trkpt>
   <trkpt lat="51.978206" lon="-0.236254"><ele>77</ele></trkpt>
   <trkpt lat="51.978474" lon="-0.235375"><ele>79.5</ele></trkpt>
   <trkpt lat="51.979211" lon="-0.233011"><ele>78.25</ele></trkpt>
   <trkpt lat="51.979967" lon="-0.230279"><ele>80.25</ele></trkpt>
   <trkpt lat="51.98035" lon="-0.228852"><ele>79.75</ele></trkpt>
   <trkpt lat="51.980717" lon="-0.227486"><ele>79.75</ele></trkpt>
   <trkpt lat="51.980847" lon="-0.227033"><ele>78.25</ele></trkpt>
   <trkpt lat="51.981073" lon="-0.226154"><ele>78</ele></trkpt>
   <trkpt lat="51.981589" lon="-0.224266"><ele>73.5</ele></trkpt>
   <trkpt lat="51.981701" lon="-0.22383"><ele>71.5</ele></trkpt>
   <trkpt lat="51.982636" lon="-0.220366"><ele>77.5</ele></trkpt>
   <trkpt lat="51.982877" lon="-0.21945"><ele>76.25</ele></trkpt>
   <trkpt lat="51.98366" lon="-0.216497"><ele>75</ele></trkpt>
   <trkpt lat="51.983914" lon="-0.215574"><ele>74.75</ele></trkpt>
   <trkpt lat="51.98488" lon="-0.211936"><ele>73.5</ele></trkpt>
   <trkpt lat="51.984991" lon="-0.211539"><ele>73.5</ele></trkpt>
   <trkpt lat="51.985852" lon="-0.208315"><ele>73.5</ele></trkpt>
   <trkpt lat="51.985989" lon="-0.207873"><ele>77</ele></trkpt>
   <trkpt lat="51.986247" lon="-0.20704"><ele>76.75</ele></trkpt>
   <trkpt lat="51.986645" lon="-0.205941"><ele>73.75</ele></trkpt>
   <trkpt lat="51.98686" lon="-0.205385"><ele>75.5</ele></trkpt>
   <trkpt lat="51.987539" lon="-0.203723"><ele>72.75</ele></trkpt>
   <trkpt lat="51.988018" lon="-0.202703"><ele>74.25</ele></trkpt>
   <trkpt lat="51.988541" lon="-0.201651"><ele>73.5</ele></trkpt>
   <trkpt lat="51.989112" lon="-0.200542"><ele>71.5</ele></trkpt>
   <trkpt lat="51.989431" lon="-0.199901"><ele>70</ele></trkpt>
   <trkpt lat="51.989732" lon="-0.199255"><ele>69.75</ele></trkpt>
   <trkpt lat="51.990042" lon="-0.198563"><ele>68</ele></trkpt>
   <trkpt lat="51.990414" lon="-0.197677"><ele>66.5</ele></trkpt>
   <trkpt lat="51.990703" lon="-0.196955"><ele>66.75</ele></trkpt>
   <trkpt lat="51.99113" lon="-0.195752"><ele>67.5</ele></trkpt>
   <trkpt lat="51.991381" lon="-0.19497"><ele>67.5</ele></trkpt>
   <trkpt lat="51.991604" lon="-0.194236"><ele>63</ele></trkpt>
   <trkpt lat="51.991667" lon="-0.194012"><ele>64.5</ele></trkpt>
   <trkpt lat="51.991873" lon="-0.193257"><ele>64.25</ele></trkpt>
   <trkpt lat="51.992122" lon="-0.192293"><ele>62.5</ele></trkpt>
   <trkpt lat="51.992389" lon="-0.191081"><ele>61.75</ele></trkpt>
   <trkpt lat="51.992584" lon="-0.190059"><ele>63</ele></trkpt>
   <trkpt lat="51.992686" lon="-0.189459"><ele>63.25</ele></trkpt>
   <trkpt lat="51.992834" lon="-0.188478"><ele>63.75</ele></trkpt>
   <trkpt lat="51.992874" lon="-0.188215"><ele>63.75</ele></trkpt>
   <trkpt lat="51.992917" lon="-0.187868"><ele>65.75</ele></trkpt>
   <trkpt lat="51.992948" lon="-0.187613"><ele>66</ele></trkpt>
   <trkpt lat="51.993039" lon="-0.186864"><ele>66.75</ele></trkpt>
   <trkpt lat="51.993114" lon="-0.186019"><ele>67.25</ele></trkpt>
   <trkpt lat="51.993187" lon="-0.185131"><ele>67.5</ele></trkpt>
   <trkpt lat="51.993218" lon="-0.184643"><ele>68</ele></trkpt>
   <trkpt lat="51.993299" lon="-0.183581"><ele>68</ele></trkpt>
   <trkpt lat="51.993383" lon="-0.182554"><ele>67.25</ele></trkpt>
   <trkpt lat="51.993479" lon="-0.181602"><ele>65.5</ele></trkpt>
   <trkpt lat="51.993599" lon="-0.180518"><ele>67</ele></trkpt>
   <trkpt lat="51.993725" lon="-0.179497"><ele>66</ele></trkpt>
   <trkpt lat="51.993954" lon="-0.177853"><ele>66.5</ele></trkpt>
   <trkpt lat="51.994104" lon="-0.176865"><ele>66.75</ele></trkpt>
   <trkpt lat="51.994335" lon="-0.175484"><ele>66.25</ele></trkpt>
   <trkpt lat="51.994456" lon="-0.174794"><ele>68.75</ele></trkpt>
   <trkpt lat="51.994691" lon="-0.17355"><ele>68.75</ele></trkpt>
   <trkpt lat="51.99489" lon="-0.172573"><ele>66.75</ele></trkpt>
   <trkpt lat="51.995207" lon="-0.171138"><ele>68</ele></trkpt>
   <trkpt lat="51.99576" lon="-0.168881"><ele>70.25</ele></trkpt>
   <trkpt lat="51.996527" lon="-0.165928"><ele>71.25</ele></trkpt>
   <trkpt lat="51.996897" lon="-0.164463"><ele>73.75</ele></trkpt>
   <trkpt lat="51.998817" lon="-0.157004"><ele>79</ele></trkpt>
   <trkpt lat="51.999073" lon="-0.15599"><ele>79</ele></trkpt>
   <trkpt lat="51.999376" lon="-0.154982"><ele>79.5</ele></trkpt>
   <trkpt lat="51.999554" lon="-0.154426"><ele>80.5</ele></trkpt>
   <trkpt lat="51.999789" lon="-0.153751"><ele>79.75</ele></trkpt>
   <trkpt lat="52.000425" lon="-0.15215"><ele>78.5</ele></trkpt>
   <trkpt lat="52.000716" lon="-0.151496"><ele>79</ele></trkpt>
   <trkpt lat="52.001062" lon="-0.150794"><ele>79</ele></trkpt>
   <trkpt lat="52.001359" lon="-0.150221"><ele>79.25</ele></trkpt>
   <trkpt lat="52.001661" lon="-0.149669"><ele>80</ele></trkpt>
   <trkpt lat="52.001886" lon="-0.14929"><ele>80.25</ele></trkpt>
   <trkpt lat="52.002972" lon="-0.147593"><ele>79.75</ele></trkpt>
   <trkpt lat="52.003625" lon="-0.146701"><ele>80</ele></trkpt>
   <trkpt lat="52.004365" lon="-0.145808"><ele>78.75</ele></trkpt>
   <trkpt lat="52.004866" lon="-0.145237"><ele>77.75</ele></trkpt>
   <trkpt lat="52.005304" lon="-0.144786"><ele>76.75</ele></trkpt>
   <trkpt lat="52.005909" lon="-0.14421"><ele>75.75</ele></trkpt>
   <trkpt lat="52.006393" lon="-0.143764"><ele>75</ele></trkpt>
   <trkpt lat="52.007144" lon="-0.143163"><ele>75</ele></trkpt>
   <trkpt lat="52.007351" lon="-0.143009"><ele>76</ele></trkpt>
   <trkpt lat="52.008146" lon="-0.142426"><ele>79.25</ele></trkpt>
   <trkpt lat="52.008554" lon="-0.142088"><ele>79.5</ele></trkpt>
   <trkpt lat="52.009361" lon="-0.141391"><ele>78.75</ele></trkpt>
   <trkpt lat="52.009746" lon="-0.141017"><ele>79</ele></trkpt>
   <trkpt lat="52.010153" lon="-0.140582"><ele>79.25</ele></trkpt>
   <trkpt lat="52.010962" lon="-0.139644"><ele>77.5</ele></trkpt>
   <trkpt lat="52.013123" lon="-0.136984"><ele>72.25</ele></trkpt>
   <trkpt lat="52.013284" lon="-0.136794"><ele>72.5</ele></trkpt>
   <trkpt lat="52.017195" lon="-0.13203"><ele>72.75</ele></trkpt>
   <trkpt lat="52.017472" lon="-0.131674"><ele>75</ele></trkpt>
   <trkpt lat="52.022462" lon="-0.125636"><ele>78.75</ele></trkpt>
   <trkpt lat="52.024478" lon="-0.123169"><ele>79</ele></trkpt>
   <trkpt lat="52.025771" lon="-0.121567"><ele>80.25</ele></trkpt>
   <trkpt lat="52.026319" lon="-0.120734"><ele>80</ele></trkpt>
   <trkpt lat="52.026789" lon="-0.11996"><ele>79</ele></trkpt>
   <trkpt lat="52.027478" lon="-0.118768"><ele>77.75</ele></trkpt>
   <trkpt lat="52.027809" lon="-0.11812"><ele>77.5</ele></trkpt>
   <trkpt lat="52.028061" lon="-0.11757"><ele>77.75</ele></trkpt>
   <trkpt lat="52.028195" lon="-0.117257"><ele>73.25</ele></trkpt>
   <trkpt lat="52.028361" lon="-0.11686"><ele>75.5</ele></trkpt>
   <trkpt lat="52.0289" lon="-0.115553"><ele>78.75</ele></trkpt>
   <trkpt lat="52.030448" lon="-0.110438"><ele>82.25</ele></trkpt>
   <trkpt lat="52.030657" lon="-0.10975"><ele>81.75</ele></trkpt>
   <trkpt lat="52.031896" lon="-0.105676"><ele>79</ele></trkpt>
   <trkpt lat="52.032338" lon="-0.104242"><ele>80</ele></trkpt>
   <trkpt lat="52.033787" lon="-0.099457"><ele>78.25</ele></trkpt>
   <trkpt lat="52.034536" lon="-0.097031"><ele>79</ele></trkpt>
   <trkpt lat="52.035348" lon="-0.094333"><ele>73</ele></trkpt>
   <trkpt lat="52.037533" lon="-0.087153"><ele>69.5</ele></trkpt>
   <trkpt lat="52.037627" lon="-0.086839"><ele>67.5</ele></trkpt>
   <trkpt lat="52.040072" lon="-0.078838"><ele>69.5</ele></trkpt>
   <trkpt lat="52.041422" lon="-0.074372"><ele>67.75</ele></trkpt>
   <trkpt lat="52.042323" lon="-0.07144"><ele>68.5</ele></trkpt>
   <trkpt lat="52.04304" lon="-0.069063"><ele>68</ele></trkpt>
   <trkpt lat="52.043655" lon="-0.067068"><ele>66.25</ele></trkpt>
   <trkpt lat="52.044417" lon="-0.064533"><ele>66.5</ele></trkpt>
   <trkpt lat="52.044907" lon="-0.062921"><ele>65.25</ele></trkpt>
   <trkpt lat="52.045993" lon="-0.059322"><ele>65.75</ele></trkpt>
   <trkpt lat="52.046401" lon="-0.057779"><ele>65.75</ele></trkpt>
   <trkpt lat="52.046563" lon="-0.057139"><ele>66.25</ele></trkpt>
   <trkpt lat="52.046714" lon="-0.056479"><ele>66.75</ele></trkpt>
   <trkpt lat="52.047183" lon="-0.054337"><ele>66.75</ele></trkpt>
   <trkpt lat="52.047686" lon="-0.052024"><ele>67</ele></trkpt>
   <trkpt lat="52.048202" lon="-0.049774"><ele>65</ele></trkpt>
   <trkpt lat="52.048807" lon="-0.047038"><ele>64</ele></trkpt>
   <trkpt lat="52.049941" lon="-0.041878"><ele>61</ele></trkpt>
   <trkpt lat="52.050108" lon="-0.041069"><ele>60.5</ele></trkpt>
   <trkpt lat="52.051272" lon="-0.035775"><ele>59</ele></trkpt>
   <trkpt lat="52.051803" lon="-0.033401"><ele>58.5</ele></trkpt>
   <trkpt lat="52.051937" lon="-0.032957"><ele>58</ele></trkpt>
   <trkpt lat="52.052088" lon="-0.032237"><ele>57.25</ele></trkpt>
   <trkpt lat="52.052161" lon="-0.031884"><ele>57</ele></trkpt>
   <trkpt lat="52.0524" lon="-0.030848"><ele>56.25</ele></trkpt>
   <trkpt lat="52.053055" lon="-0.027853"><ele>56</ele></trkpt>
   <trkpt lat="52.053338" lon="-0.02657"><ele>56</ele></trkpt>
   <trkpt lat="52.053554" lon="-0.025699"><ele>56.75</ele></trkpt>
   <trkpt lat="52.053616" lon="-0.025498"><ele>56</ele></trkpt>
   <trkpt lat="52.053665" lon="-0.025338"><ele>56</ele></trkpt>
   <trkpt lat="52.053895" lon="-0.024686"><ele>55.75</ele></trkpt>
   <trkpt lat="52.054149" lon="-0.024071"><ele>55</ele></trkpt>
   <trkpt lat="52.054317" lon="-0.023701"><ele>55.25</ele></trkpt>
   <trkpt lat="52.054478" lon="-0.023373"><ele>54</ele></trkpt>
   <trkpt lat="52.054653" lon="-0.023042"><ele>54</ele></trkpt>
   <trkpt lat="52.054896" lon="-0.022615"><ele>53.25</ele></trkpt>
   <trkpt lat="52.055109" lon="-0.022267"><ele>53</ele></trkpt>
   <trkpt lat="52.05537" lon="-0.021906"><ele>52.5</ele></trkpt>
   <trkpt lat="52.055841" lon="-0.021276"><ele>51.75</ele></trkpt>
   <trkpt lat="52.056096" lon="-0.021016"><ele>52</ele></trkpt>
   <trkpt lat="52.056423" lon="-0.02072"><ele>51.75</ele></trkpt>
   <trkpt lat="52.057143" lon="-0.020096"><ele>51.25</ele></trkpt>
   <trkpt lat="52.057379" lon="-0.019892"><ele>51</ele></trkpt>
   <trkpt lat="52.057744" lon="-0.019524"><ele>50.75</ele></trkpt>
   <trkpt lat="52.058561" lon="-0.018815"><ele>50</ele></trkpt>
   <trkpt lat="52.058703" lon="-0.018694"><ele>49.75</ele></trkpt>
   <trkpt lat="52.060331" lon="-0.017272"><ele>47.5</ele></trkpt>
   <trkpt lat="52.062212" lon="-0.015646"><ele>43</ele></trkpt>
   <trkpt lat="52.062535" lon="-0.015374"><ele>44.5</ele></trkpt>
   <trkpt lat="52.065371" lon="-0.012893"><ele>48.5</ele></trkpt>
   <trkpt lat="52.072742" lon="-0.006519"><ele>37</ele></trkpt>
   <trkpt lat="52.074826" lon="-0.004709"><ele>33.75</ele></trkpt>
   <trkpt lat="52.076589" lon="-0.003164"><ele>31</ele></trkpt>
   <trkpt lat="52.078797" lon="-0.001257"><ele>29.5</ele></trkpt>
   <trkpt lat="52.080554" lon="0.000258"><ele>28.75</ele></trkpt>
   <trkpt lat="52.083602" lon="0.002913"><ele>25.5</ele></trkpt>
   <trkpt lat="52.087075" lon="0.005924"><ele>23.75</ele></trkpt>
   <trkpt lat="52.087763" lon="0.006513"><ele>23</ele></trkpt>
   <trkpt lat="52.088846" lon="0.007468"><ele>23.75</ele></trkpt>
   <trkpt lat="52.089928" lon="0.008395"><ele>22.75</ele></trkpt>
   <trkpt lat="52.090669" lon="0.009048"><ele>22.5</ele></trkpt>
   <trkpt lat="52.09119" lon="0.009487"><ele>22.5</ele></trkpt>
   <trkpt lat="52.093262" lon="0.011298"><ele>21.75</ele></trkpt>
   <trkpt lat="52.093464" lon="0.011457"><ele>21.25</ele></trkpt>
   <trkpt lat="52.093545" lon="0.01152"><ele>21.25</ele></trkpt>
   <trkpt lat="52.094347" lon="0.012242"><ele>21.5</ele></trkpt>
   <trkpt lat="52.095676" lon="0.013404"><ele>21.5</ele></trkpt>
   <trkpt lat="52.096946" lon="0.014498"><ele>22.5</ele></trkpt>
   <trkpt lat="52.100112" lon="0.017249"><ele>18.75</ele></trkpt>
   <trkpt lat="52.108657" lon="0.024691"><ele>17.75</ele></trkpt>
   <trkpt lat="52.110305" lon="0.026102"><ele>18.75</ele></trkpt>
   <trkpt lat="52.11111" lon="0.026815"><ele>18.25</ele></trkpt>
   <trkpt lat="52.111765" lon="0.027383"><ele>19</ele></trkpt>
   <trkpt lat="52.112271" lon="0.027893"><ele>18.5</ele></trkpt>
   <trkpt lat="52.112557" lon="0.028239"><ele>18.25</ele></trkpt>
   <trkpt lat="52.112839" lon="0.028601"><ele>18</ele></trkpt>
   <trkpt lat="52.113105" lon="0.028971"><ele>18.5</ele></trkpt>
   <trkpt lat="52.113352" lon="0.029363"><ele>18</ele></trkpt>
   <trkpt lat="52.113531" lon="0.029674"><ele>18</ele></trkpt>
   <trkpt lat="52.113758" lon="0.030098"><ele>18</ele></trkpt>
   <trkpt lat="52.114135" lon="0.0309"><ele>18</ele></trkpt>
   <trkpt lat="52.11422" lon="0.031085"><ele>18</ele></trkpt>
   <trkpt lat="52.114323" lon="0.031353"><ele>18</ele></trkpt>
   <trkpt lat="52.114519" lon="0.031863"><ele>18</ele></trkpt>
   <trkpt lat="52.114632" lon="0.032216"><ele>18</ele></trkpt>
   <trkpt lat="52.114778" lon="0.032725"><ele>17.75</ele></trkpt>
   <trkpt lat="52.114896" lon="0.03319"><ele>17.5</ele></trkpt>
   <trkpt lat="52.115027" lon="0.033774"><ele>17.75</ele></trkpt>
   <trkpt lat="52.115232" lon="0.034837"><ele>18</ele></trkpt>
   <trkpt lat="52.115607" lon="0.03687"><ele>17.5</ele></trkpt>
   <trkpt lat="52.116659" lon="0.042599"><ele>16.75</ele></trkpt>
   <trkpt lat="52.117179" lon="0.045365"><ele>17</ele></trkpt>
   <trkpt lat="52.119037" lon="0.055359"><ele>17</ele></trkpt>
   <trkpt lat="52.119119" lon="0.055792"><ele>17</ele></trkpt>
   <trkpt lat="52.119142" lon="0.055906"><ele>17</ele></trkpt>
   <trkpt lat="52.119157" lon="0.055995"><ele>17</ele></trkpt>
   <trkpt lat="52.119184" lon="0.056141"><ele>16.75</ele></trkpt>
   <trkpt lat="52.119226" lon="0.056371"><ele>16.25</ele></trkpt>
   <trkpt lat="52.119863" lon="0.059814"><ele>17</ele></trkpt>
   <trkpt lat="52.120081" lon="0.060906"><ele>17</ele></trkpt>
   <trkpt lat="52.120417" lon="0.062268"><ele>17</ele></trkpt>
   <trkpt lat="52.120705" lon="0.063326"><ele>17</ele></trkpt>
   <trkpt lat="52.120977" lon="0.064255"><ele>15.75</ele></trkpt>
   <trkpt lat="52.121253" lon="0.065133"><ele>15</ele></trkpt>
   <trkpt lat="52.121533" lon="0.065985"><ele>14.5</ele></trkpt>
   <trkpt lat="52.121825" lon="0.066763"><ele>14</ele></trkpt>
   <trkpt lat="52.122061" lon="0.067416"><ele>14</ele></trkpt>
   <trkpt lat="52.122256" lon="0.067893"><ele>14</ele></trkpt>
   <trkpt lat="52.122564" lon="0.068622"><ele>14.5</ele></trkpt>
   <trkpt lat="52.122998" lon="0.069588"><ele>15.25</ele></trkpt>
   <trkpt lat="52.123574" lon="0.070753"><ele>15.5</ele></trkpt>
   <trkpt lat="52.124102" lon="0.071747"><ele>16.5</ele></trkpt>
   <trkpt lat="52.124458" lon="0.072359"><ele>16.75</ele></trkpt>
   <trkpt lat="52.124847" lon="0.073003"><ele>17.25</ele></trkpt>
   <trkpt lat="52.12525" lon="0.073633"><ele>17</ele></trkpt>
   <trkpt lat="52.125899" lon="0.074582"><ele>18.25</ele></trkpt>
   <trkpt lat="52.126182" lon="0.074963"><ele>18.5</ele></trkpt>
   <trkpt lat="52.126634" lon="0.075572"><ele>18</ele></trkpt>
   <trkpt lat="52.127821" lon="0.07697"><ele>19</ele></trkpt>
   <trkpt lat="52.1292" lon="0.078591"><ele>19.75</ele></trkpt>
   <trkpt lat="52.130113" lon="0.079746"><ele>18.5</ele></trkpt>
   <trkpt lat="52.130994" lon="0.080975"><ele>16.75</ele></trkpt>
   <trkpt lat="52.131901" lon="0.082369"><ele>16</ele></trkpt>
   <trkpt lat="52.133039" lon="0.084292"><ele>15.5</ele></trkpt>
   <trkpt lat="52.133684" lon="0.085498"><ele>14.75</ele></trkpt>
   <trkpt lat="52.133712" lon="0.085551"><ele>14.5</ele></trkpt>
   <trkpt lat="52.134184" lon="0.086496"><ele>14.5</ele></trkpt>
   <trkpt lat="52.134436" lon="0.087038"><ele>14.5</ele></trkpt>
   <trkpt lat="52.135046" lon="0.088388"><ele>14.75</ele></trkpt>
   <trkpt lat="52.135706" lon="0.089976"><ele>14.75</ele></trkpt>
   <trkpt lat="52.136723" lon="0.092567"><ele>15.75</ele></trkpt>
   <trkpt lat="52.137424" lon="0.094369"><ele>16</ele></trkpt>
   <trkpt lat="52.141708" lon="0.10528"><ele>15.75</ele></trkpt>
   <trkpt lat="52.143003" lon="0.108622"><ele>15.75</ele></trkpt>
   <trkpt lat="52.143841" lon="0.110735"><ele>15</ele></trkpt>
   <trkpt lat="52.144882" lon="0.113388"><ele>15</ele></trkpt>
   <trkpt lat="52.145066" lon="0.113891"><ele>15</ele></trkpt>
   <trkpt lat="52.145079" lon="0.113927"><ele>15</ele></trkpt>
   <trkpt lat="52.146456" lon="0.117422"><ele>15</ele></trkpt>
   <trkpt lat="52.14785" lon="0.12092"><ele>14.5</ele></trkpt>
   <trkpt lat="52.148163" lon="0.121717"><ele>13.5</ele></trkpt>
   <trkpt lat="52.148767" lon="0.123291"><ele>12</ele></trkpt>
   <trkpt lat="52.148843" lon="0.123487"><ele>13.25</ele></trkpt>
   <trkpt lat="52.149341" lon="0.124757"><ele>14.75</ele></trkpt>
   <trkpt lat="52.150594" lon="0.12793"><ele>17.5</ele></trkpt>
   <trkpt lat="52.151393" lon="0.129985"><ele>17</ele></trkpt>
   <trkpt lat="52.152233" lon="0.13212"><ele>15.75</ele></trkpt>
   <trkpt lat="52.15252" lon="0.132729"><ele>15.75</ele></trkpt>
   <trkpt lat="52.15269" lon="0.133035"><ele>15.25</ele></trkpt>
   <trkpt lat="52.152873" lon="0.133315"><ele>15.5</ele></trkpt>
   <trkpt lat="52.153111" lon="0.133652"><ele>16</ele></trkpt>
   <trkpt lat="52.153595" lon="0.13423"><ele>15</ele></trkpt>
   <trkpt lat="52.153909" lon="0.13454"><ele>15</ele></trkpt>
   <trkpt lat="52.154269" lon="0.134799"><ele>14.75</ele></trkpt>
   <trkpt lat="52.154623" lon="0.134994"><ele>14.5</ele></trkpt>
   <trkpt lat="52.154924" lon="0.135133"><ele>15</ele></trkpt>
   <trkpt lat="52.15522" lon="0.135232"><ele>14.75</ele></trkpt>
   <trkpt lat="52.155523" lon="0.135296"><ele>15</ele></trkpt>
   <trkpt lat="52.155727" lon="0.135324"><ele>15</ele></trkpt>
   <trkpt lat="52.155943" lon="0.135342"><ele>15</ele></trkpt>
   <trkpt lat="52.156239" lon="0.13533"><ele>15</ele></trkpt>
   <trkpt lat="52.156593" lon="0.135266"><ele>15</ele></trkpt>
   <trkpt lat="52.15672" lon="0.135231"><ele>15</ele></trkpt>
   <trkpt lat="52.157062" lon="0.135105"><ele>15</ele></trkpt>
   <trkpt lat="52.157941" lon="0.134656"><ele>16</ele></trkpt>
   <trkpt lat="52.159189" lon="0.134059"><ele>16</ele></trkpt>
   <trkpt lat="52.160024" lon="0.133724"><ele>16</ele></trkpt>
   <trkpt lat="52.160575" lon="0.133584"><ele>16</ele></trkpt>
   <trkpt lat="52.161507" lon="0.133257"><ele>16</ele></trkpt>
   <trkpt lat="52.162299" lon="0.133035"><ele>16</ele></trkpt>
   <trkpt lat="52.162989" lon="0.132842"><ele>16</ele></trkpt>
   <trkpt lat="52.164746" lon="0.132506"><ele>15.75</ele></trkpt>
   <trkpt lat="52.166566" lon="0.132285"><ele>15.25</ele></trkpt>
   <trkpt lat="52.168648" lon="0.132016"><ele>14.75</ele></trkpt>
   <trkpt lat="52.169625" lon="0.131893"><ele>14.75</ele></trkpt>
   <trkpt lat="52.171131" lon="0.131744"><ele>15</ele></trkpt>
   <trkpt lat="52.172008" lon="0.131624"><ele>15</ele></trkpt>
   <trkpt lat="52.174699" lon="0.131273"><ele>16</ele></trkpt>
   <trkpt lat="52.175314" lon="0.131182"><ele>14.25</ele></trkpt>
   <trkpt lat="52.17661" lon="0.131026"><ele>14</ele></trkpt>
   <trkpt lat="52.177283" lon="0.130901"><ele>14</ele></trkpt>
   <trkpt lat="52.177583" lon="0.130865"><ele>14</ele></trkpt>
   <trkpt lat="52.178672" lon="0.130763"><ele>13.5</ele></trkpt>
   <trkpt lat="52.179467" lon="0.130738"><ele>13.25</ele></trkpt>
   <trkpt lat="52.180067" lon="0.130731"><ele>13</ele></trkpt>
   <trkpt lat="52.181536" lon="0.130842"><ele>13</ele></trkpt>
   <trkpt lat="52.18219" lon="0.130938"><ele>13</ele></trkpt>
   <trkpt lat="52.183308" lon="0.13117"><ele>13</ele></trkpt>
   <trkpt lat="52.18428" lon="0.131444"><ele>13</ele></trkpt>
   <trkpt lat="52.18474" lon="0.131595"><ele>12.75</ele></trkpt>
   <trkpt lat="52.185787" lon="0.132025"><ele>13.5</ele></trkpt>
   <trkpt lat="52.18654" lon="0.132411"><ele>14</ele></trkpt>
   <trkpt lat="52.18754" lon="0.132952"><ele>14.5</ele></trkpt>
   <trkpt lat="52.188829" lon="0.13385"><ele>15</ele></trkpt>
   <trkpt lat="52.189224" lon="0.134129"><ele>15.5</ele></trkpt>
   <trkpt lat="52.189693" lon="0.13453"><ele>15.75</ele></trkpt>
   <trkpt lat="52.190636" lon="0.135214"><ele>15.5</ele></trkpt>
   <trkpt lat="52.190944" lon="0.135456"><ele>15.75</ele></trkpt>
   <trkpt lat="52.191966" lon="0.136422"><ele>15.75</ele></trkpt>
   <trkpt lat="52.193387" lon="0.137447"><ele>15.5</ele></trkpt>
  </trkseg>
 </trk>
</gpx>