<?xml version="1.0" encoding="UTF-8"?>
<!-- track-length = 225945 filtered ascend = 376 plain-ascend = -49 cost=225945 energy=2.7kwh time=5h 1m 15s -->
<gpx 
 xmlns="http://www.topografix.com/GPX/1/1" 
 xmlns:xsi="http://www.w3.org/2001/XMLSchema-instance" 
 xsi:schemaLocation="http://www.topografix.com/GPX/1/1 http://www.topografix.com/GPX/1/1/gpx.xsd" 
 version="1.1" 
 creator="BRouter-Web 99.71.0">
 <trk>
  <name>Didcot-Portsmouth</name>
  <link href="https://brouter.damsy.net/latest/#map=9/51.2267/-1.4310/standard&amp;lonlats=-1.244202,51.613001;-2.361031,51.380545;-1.082153,50.794793&amp;profile=rail">
   <text>BRouter-Web</text>
  </link>
  <trkseg>
   <trkpt lat="51.613014" lon="-1.244176"><ele>56</ele></trkpt>
   <trkpt lat="51.612932" lon="-1.244072"><ele>56.5</ele></trkpt>
   <trkpt lat="51.612779" lon="-1.24383"><ele>56.75</ele></trkpt>
   <trkpt lat="51.612308" lon="-1.24298"><ele>56.5</ele></trkpt>
   <trkpt lat="51.61216" lon="-1.242725"><ele>56</ele></trkpt>
   <trkpt lat="51.611904" lon="-1.242347"><ele>56</ele></trkpt>
   <trkpt lat="51.611743" lon="-1.24214"><ele>56.75</ele></trkpt>
   <trkpt lat="51.611671" lon="-1.242039"><ele>56.75</ele></trkpt>
   <trkpt lat="51.611549" lon="-1.241841"><ele>57</ele></trkpt>
   <trkpt lat="51.611428" lon="-1.241575"><ele>56.75</ele></trkpt>
   <trkpt lat="51.611416" lon="-1.241554"><ele>56.75</ele></trkpt>
   <trkpt lat="51.611094" lon="-1.241023"><ele>57</ele></trkpt>
   <trkpt lat="51.610826" lon="-1.24052"><ele>57</ele></trkpt>
   <trkpt lat="51.610616" lon="-1.240115"><ele>56.5</ele></trkpt>
   <trkpt lat="51.610549" lon="-1.239973"><ele>57</ele></trkpt>
   <trkpt lat="51.61073" lon="-1.240427"><ele>57</ele></trkpt>
   <trkpt lat="51.610933" lon="-1.240942"><ele>57</ele></trkpt>
   <trkpt lat="51.611182" lon="-1.241644"><ele>57</ele></trkpt>
   <trkpt lat="51.611334" lon="-1.242124"><ele>57</ele></trkpt>
   <trkpt lat="51.611555" lon="-1.242897"><ele>57</ele></trkpt>
   <trkpt lat="51.611628" lon="-1.243173"><ele>57</ele></trkpt>
   <trkpt lat="51.61168" lon="-1.243401"><ele>56.75</ele></trkpt>
   <trkpt lat="51.611776" lon="-1.244004"><ele>56.75</ele></trkpt>
   <trkpt lat="51.611888" lon="-1.244429"><ele>57</ele></trkpt>
   <trkpt lat="51.611506" lon="-1.243338"><ele>57</ele></trkpt>
   <trkpt lat="51.611697" lon="-1.244009"><ele>56.75</ele></trkpt>
   <trkpt lat="51.611791" lon="-1.244351"><ele>57</ele></trkpt>
   <trkpt lat="51.611978" lon="-1.245013"><ele>57</ele></trkpt>
   <trkpt lat="51.612276" lon="-1.246213"><ele>57.75</ele></trkpt>
   <trkpt lat="51.613219" lon="-1.249592"><ele>59.25</ele></trkpt>
   <trkpt lat="51.613536" lon="-1.250724"><ele>59</ele></trkpt>
   <trkpt lat="51.613869" lon="-1.251948"><ele>58.25</ele></trkpt>
   <trkpt lat="51.614077" lon="-1.252716"><ele>58.5</ele></trkpt>
   <trkpt lat="51.614269" lon="-1.253464"><ele>58</ele></trkpt>
   <trkpt lat="51.614537" lon="-1.25456"><ele>58.25</ele></trkpt>
   <trkpt lat="51.614656" lon="-1.25503"><ele>59</ele></trkpt>
   <trkpt lat="51.614931" lon="-1.256123"><ele>59.25</ele></trkpt>
   <trkpt lat="51.615032" lon="-1.256539"><ele>59</ele></trkpt>
   <trkpt lat="51.615249" lon="-1.257593"><ele>59.25</ele></trkpt>
   <trkpt lat="51.615539" lon="-1.258766"><ele>59</ele></trkpt>
   <trkpt lat="51.615894" lon="-1.260241"><ele>59.5</ele></trkpt>
   <trkpt lat="51.616046" lon="-1.260909"><ele>59</ele></trkpt>
   <trkpt lat="51.616317" lon="-1.26217"><ele>58.75</ele></trkpt>
   <trkpt lat="51.616696" lon="-1.264029"><ele>58.75</ele></trkpt>
   <trkpt lat="51.617138" lon="-1.266311"><ele>57.75</ele></trkpt>
   <trkpt lat="51.617276" lon="-1.267052"><ele>58.5</ele></trkpt>
   <trkpt lat="51.617669" lon="-1.269273"><ele>57.5</ele></trkpt>
   <trkpt lat="51.618054" lon="-1.271536"><ele>59.75</ele></trkpt>
   <trkpt lat="51.618495" lon="-1.274343"><ele>58.25</ele></trkpt>
   <trkpt lat="51.6188" lon="-1.276452"><ele>58.5</ele></trkpt>
   <trkpt lat="51.619126" lon="-1.278859"><ele>59.25</ele></trkpt>
   <trkpt lat="51.619292" lon="-1.280227"><ele>58.5</ele></trkpt>
   <trkpt lat="51.619409" lon="-1.281156"><ele>59.75</ele></trkpt>
   <trkpt lat="51.619611" lon="-1.282903"><ele>59.25</ele></trkpt>
   <trkpt lat="51.619721" lon="-1.283944"><ele>60.75</ele></trkpt>
   <trkpt lat="51.619753" lon="-1.284256"><ele>60.5</ele></trkpt>
   <trkpt lat="51.620005" lon="-1.286756"><ele>60.75</ele></trkpt>
   <trkpt lat="51.620113" lon="-1.287976"><ele>59</ele></trkpt>
   <trkpt lat="51.62032" lon="-1.290485"><ele>60.25</ele></trkpt>
   <trkpt lat="51.620442" lon="-1.29222"><ele>59</ele></trkpt>
   <trkpt lat="51.620534" lon="-1.293578"><ele>60.75</ele></trkpt>
   <trkpt lat="51.620601" lon="-1.294717"><ele>60.5</ele></trkpt>
   <trkpt lat="51.620605" lon="-1.294787"><ele>60.5</ele></trkpt>
   <trkpt lat="51.620664" lon="-1.295801"><ele>59.75</ele></trkpt>
   <trkpt lat="51.620741" lon="-1.297321"><ele>60</ele></trkpt>
   <trkpt lat="51.620889" lon="-1.300631"><ele>62.25</ele></trkpt>
   <trkpt lat="51.621121" lon="-1.306332"><ele>62.75</ele></trkpt>
   <trkpt lat="51.621192" lon="-1.308203"><ele>63.5</ele></trkpt>
   <trkpt lat="51.621329" lon="-1.312248"><ele>64.75</ele></trkpt>
   <trkpt lat="51.621356" lon="-1.313115"><ele>64.25</ele></trkpt>
   <trkpt lat="51.621396" lon="-1.314784"><ele>64</ele></trkpt>
   <trkpt lat="51.621439" lon="-1.316903"><ele>64</ele></trkpt>
   <trkpt lat="51.621477" lon="-1.318787"><ele>65</ele></trkpt>
   <trkpt lat="51.621498" lon="-1.32048"><ele>64</ele></trkpt>
   <trkpt lat="51.62151" lon="-1.322153"><ele>63.5</ele></trkpt>
   <trkpt lat="51.621506" lon="-1.323885"><ele>64</ele></trkpt>
   <trkpt lat="51.621498" lon="-1.325589"><ele>63.5</ele></trkpt>
   <trkpt lat="51.621474" lon="-1.32796"><ele>64.5</ele></trkpt>
   <trkpt lat="51.621467" lon="-1.32885"><ele>64.5</ele></trkpt>
   <trkpt lat="51.621324" lon="-1.343317"><ele>67</ele></trkpt>
   <trkpt lat="51.621311" lon="-1.344647"><ele>67</ele></trkpt>
   <trkpt lat="51.621231" lon="-1.352942"><ele>66.5</ele></trkpt>
   <trkpt lat="51.621195" lon="-1.356111"><ele>66.75</ele></trkpt>
   <trkpt lat="51.621173" lon="-1.358752"><ele>66.75</ele></trkpt>
   <trkpt lat="51.621123" lon="-1.363705"><ele>66.75</ele></trkpt>
   <trkpt lat="51.621033" lon="-1.372182"><ele>64.25</ele></trkpt>
   <trkpt lat="51.621011" lon="-1.374056"><ele>64.25</ele></trkpt>
   <trkpt lat="51.62101" lon="-1.374224"><ele>64</ele></trkpt>
   <trkpt lat="51.620971" lon="-1.378094"><ele>64</ele></trkpt>
   <trkpt lat="51.620938" lon="-1.380631"><ele>65.25</ele></trkpt>
   <trkpt lat="51.620896" lon="-1.38316"><ele>66.5</ele></trkpt>
   <trkpt lat="51.620854" lon="-1.384905"><ele>66.25</ele></trkpt>
   <trkpt lat="51.62085" lon="-1.385052"><ele>66</ele></trkpt>
   <trkpt lat="51.620781" lon="-1.387605"><ele>66.25</ele></trkpt>
   <trkpt lat="51.620778" lon="-1.387716"><ele>65.75</ele></trkpt>
   <trkpt lat="51.620745" lon="-1.388786"><ele>65.5</ele></trkpt>
   <trkpt lat="51.620665" lon="-1.390954"><ele>65.75</ele></trkpt>
   <trkpt lat="51.620525" lon="-1.394349"><ele>68.5</ele></trkpt>
   <trkpt lat="51.620443" lon="-1.396209"><ele>66.5</ele></trkpt>
   <trkpt lat="51.620357" lon="-1.398014"><ele>68.25</ele></trkpt>
   <trkpt lat="51.620185" lon="-1.401406"><ele>69</ele></trkpt>
   <trkpt lat="51.620109" lon="-1.402777"><ele>69</ele></trkpt>
   <trkpt lat="51.620022" lon="-1.4042"><ele>69.75</ele></trkpt>
   <trkpt lat="51.619963" lon="-1.405506"><ele>70</ele></trkpt>
   <trkpt lat="51.619915" lon="-1.406215"><ele>69.5</ele></trkpt>
   <trkpt lat="51.619495" lon="-1.412069"><ele>71</ele></trkpt>
   <trkpt lat="51.619371" lon="-1.413681"><ele>70.25</ele></trkpt>
   <trkpt lat="51.619318" lon="-1.414318"><ele>70.25</ele></trkpt>
   <trkpt lat="51.619093" lon="-1.41676"><ele>70.75</ele></trkpt>
   <trkpt lat="51.618602" lon="-1.421894"><ele>72</ele></trkpt>
   <trkpt lat="51.618249" lon="-1.425371"><ele>72.25</ele></trkpt>
   <trkpt lat="51.618141" lon="-1.426505"><ele>72.5</ele></trkpt>
   <trkpt lat="51.617846" lon="-1.429455"><ele>72.5</ele></trkpt>
   <trkpt lat="51.617762" lon="-1.430246"><ele>72</ele></trkpt>
   <trkpt lat="51.617471" lon="-1.433217"><ele>72.75</ele></trkpt>
   <trkpt lat="51.617428" lon="-1.433609"><ele>72.5</ele></trkpt>
   <trkpt lat="51.617074" lon="-1.437196"><ele>74.75</ele></trkpt>
   <trkpt lat="51.61681" lon="-1.439983"><ele>75</ele></trkpt>
   <trkpt lat="51.616171" lon="-1.447119"><ele>73.75</ele></trkpt>
   <trkpt lat="51.615722" lon="-1.452637"><ele>72.75</ele></trkpt>
   <trkpt lat="51.615406" lon="-1.456609"><ele>75</ele></trkpt>
   <trkpt lat="51.615201" lon="-1.45911"><ele>73</ele></trkpt>
   <trkpt lat="51.614729" lon="-1.465051"><ele>76</ele></trkpt>
   <trkpt lat="51.614456" lon="-1.468421"><ele>77</ele></trkpt>
   <trkpt lat="51.613976" lon="-1.474465"><ele>77.75</ele></trkpt>
   <trkpt lat="51.613676" lon="-1.478103"><ele>77</ele></trkpt>
   <trkpt lat="51.612962" lon="-1.486262"><ele>77.25</ele></trkpt>
   <trkpt lat="51.612835" lon="-1.487793"><ele>78</ele></trkpt>
   <trkpt lat="51.612827" lon="-1.487958"><ele>78</ele></trkpt>
   <trkpt lat="51.612655" lon="-1.489997"><ele>79</ele></trkpt>
   <trkpt lat="51.612489" lon="-1.491739"><ele>78</ele></trkpt>
   <trkpt lat="51.612323" lon="-1.49396"><ele>79.5</ele></trkpt>
   <trkpt lat="51.612211" lon="-1.495688"><ele>79</ele></trkpt>
   <trkpt lat="51.611983" lon="-1.499885"><ele>78.5</ele></trkpt>
   <trkpt lat="51.61192" lon="-1.501106"><ele>78.75</ele></trkpt>
   <trkpt lat="51.611913" lon="-1.501258"><ele>78.75</ele></trkpt>
   <trkpt lat="51.611798" lon="-1.503833"><ele>77.5</ele></trkpt>
   <trkpt lat="51.611656" lon="-1.507658"><ele>78.75</ele></trkpt>
   <trkpt lat="51.611587" lon="-1.510102"><ele>76.75</ele></trkpt>
   <trkpt lat="51.611582" lon="-1.510283"><ele>75.5</ele></trkpt>
   <trkpt lat="51.611522" lon="-1.512732"><ele>76</ele></trkpt>
   <trkpt lat="51.611487" lon="-1.514727"><ele>77.5</ele></trkpt>
   <trkpt lat="51.61146" lon="-1.518653"><ele>79.25</ele></trkpt>
   <trkpt lat="51.611481" lon="-1.521758"><ele>79.25</ele></trkpt>
   <trkpt lat="51.611504" lon="-1.524056"><ele>77.25</ele></trkpt>
   <trkpt lat="51.611508" lon="-1.524178"><ele>77</ele></trkpt>
   <trkpt lat="51.61153" lon="-1.525292"><ele>78.5</ele></trkpt>
   <trkpt lat="51.611615" lon="-1.528681"><ele>81</ele></trkpt>
   <trkpt lat="51.611688" lon="-1.530971"><ele>82</ele></trkpt>
   <trkpt lat="51.611802" lon="-1.533788"><ele>81.75</ele></trkpt>
   <trkpt lat="51.611868" lon="-1.535321"><ele>83</ele></trkpt>
   <trkpt lat="51.611954" lon="-1.537648"><ele>83</ele></trkpt>
   <trkpt lat="51.612005" lon="-1.539292"><ele>83.75</ele></trkpt>
   <trkpt lat="51.612073" lon="-1.541987"><ele>86.75</ele></trkpt>
   <trkpt lat="51.612134" lon="-1.54572"><ele>85</ele></trkpt>
   <trkpt lat="51.612146" lon="-1.547287"><ele>84.75</ele></trkpt>
   <trkpt lat="51.612148" lon="-1.549112"><ele>85.25</ele></trkpt>
   <trkpt lat="51.612148" lon="-1.549168"><ele>85.5</ele></trkpt>
   <trkpt lat="51.612148" lon="-1.549407"><ele>84.75</ele></trkpt>
   <trkpt lat="51.612091" lon="-1.551816"><ele>84</ele></trkpt>
   <trkpt lat="51.612085" lon="-1.552559"><ele>83</ele></trkpt>
   <trkpt lat="51.61205" lon="-1.554615"><ele>82.25</ele></trkpt>
   <trkpt lat="51.611997" lon="-1.556425"><ele>82.75</ele></trkpt>
   <trkpt lat="51.611966" lon="-1.557218"><ele>83.75</ele></trkpt>
   <trkpt lat="51.61192" lon="-1.558092"><ele>83.75</ele></trkpt>
   <trkpt lat="51.611865" lon="-1.558949"><ele>84</ele></trkpt>
   <trkpt lat="51.611746" lon="-1.560607"><ele>82.5</ele></trkpt>
   <trkpt lat="51.611673" lon="-1.561467"><ele>83.75</ele></trkpt>
   <trkpt lat="51.611505" lon="-1.563219"><ele>80.25</ele></trkpt>
   <trkpt lat="51.611336" lon="-1.564749"><ele>82.75</ele></trkpt>
   <trkpt lat="51.611242" lon="-1.565531"><ele>80</ele></trkpt>
   <trkpt lat="51.611133" lon="-1.566378"><ele>83.25</ele></trkpt>
   <trkpt lat="51.611017" lon="-1.567221"><ele>81.5</ele></trkpt>
   <trkpt lat="51.610776" lon="-1.568849"><ele>83</ele></trkpt>
   <trkpt lat="51.61064" lon="-1.569707"><ele>82</ele></trkpt>
   <trkpt lat="51.610474" lon="-1.570663"><ele>82.5</ele></trkpt>
   <trkpt lat="51.610383" lon="-1.57117"><ele>82.75</ele></trkpt>
   <trkpt lat="51.610252" lon="-1.571885"><ele>84.5</ele></trkpt>
   <trkpt lat="51.609982" lon="-1.573288"><ele>85.5</ele></trkpt>
   <trkpt lat="51.609694" lon="-1.574678"><ele>84.5</ele></trkpt>
   <trkpt lat="51.60936" lon="-1.576144"><ele>83</ele></trkpt>
   <trkpt lat="51.608991" lon="-1.577698"><ele>81</ele></trkpt>
   <trkpt lat="51.608943" lon="-1.57789"><ele>82</ele></trkpt>
   <trkpt lat="51.608657" lon="-1.578993"><ele>83.25</ele></trkpt>
   <trkpt lat="51.608226" lon="-1.580542"><ele>83.5</ele></trkpt>
   <trkpt lat="51.607988" lon="-1.58137"><ele>84.25</ele></trkpt>
   <trkpt lat="51.607541" lon="-1.582854"><ele>84.25</ele></trkpt>
   <trkpt lat="51.607046" lon="-1.584396"><ele>81.5</ele></trkpt>
   <trkpt lat="51.606989" lon="-1.584567"><ele>83.25</ele></trkpt>
   <trkpt lat="51.606643" lon="-1.585577"><ele>85.25</ele></trkpt>
   <trkpt lat="51.606398" lon="-1.586268"><ele>85.25</ele></trkpt>
   <trkpt lat="51.606117" lon="-1.587027"><ele>85.75</ele></trkpt>
   <trkpt lat="51.605495" lon="-1.58866"><ele>85.5</ele></trkpt>
   <trkpt lat="51.604986" lon="-1.589924"><ele>86.25</ele></trkpt>
   <trkpt lat="51.604402" lon="-1.59128"><ele>85.5</ele></trkpt>
   <trkpt lat="51.604331" lon="-1.59144"><ele>84.5</ele></trkpt>
   <trkpt lat="51.603852" lon="-1.592512"><ele>87</ele></trkpt>
   <trkpt lat="51.60324" lon="-1.593826"><ele>86.25</ele></trkpt>
   <trkpt lat="51.602591" lon="-1.5952"><ele>85.75</ele></trkpt>
   <trkpt lat="51.602004" lon="-1.596481"><ele>87</ele></trkpt>
   <trkpt lat="51.601168" lon="-1.598366"><ele>87.5</ele></trkpt>
   <trkpt lat="51.600587" lon="-1.599727"><ele>86.75</ele></trkpt>
   <trkpt lat="51.600535" lon="-1.599853"><ele>87</ele></trkpt>
   <trkpt lat="51.600022" lon="-1.601098"><ele>86.75</ele></trkpt>
   <trkpt lat="51.59993" lon="-1.601332"><ele>85.75</ele></trkpt>
   <trkpt lat="51.599401" lon="-1.602707"><ele>88.75</ele></trkpt>
   <trkpt lat="51.598788" lon="-1.604367"><ele>90</ele></trkpt>
   <trkpt lat="51.598533" lon="-1.605085"><ele>89.75</ele></trkpt>
   <trkpt lat="51.598086" lon="-1.606393"><ele>90</ele></trkpt>
   <trkpt lat="51.597618" lon="-1.6078"><ele>91</ele></trkpt>
   <trkpt lat="51.595574" lon="-1.614073"><ele>90.75</ele></trkpt>
   <trkpt lat="51.59517" lon="-1.615367"><ele>91.75</ele></trkpt>
   <trkpt lat="51.59478" lon="-1.616669"><ele>92</ele></trkpt>
   <trkpt lat="51.594594" lon="-1.617322"><ele>92.5</ele></trkpt>
   <trkpt lat="51.594111" lon="-1.619058"><ele>92</ele></trkpt>
   <trkpt lat="51.593671" lon="-1.620755"><ele>92.75</ele></trkpt>
   <trkpt lat="51.593393" lon="-1.621869"><ele>91.75</ele></trkpt>
   <trkpt lat="51.593078" lon="-1.623195"><ele>91</ele></trkpt>
   <trkpt lat="51.592908" lon="-1.623935"><ele>91</ele></trkpt>
   <trkpt lat="51.592563" lon="-1.62553"><ele>90</ele></trkpt>
   <trkpt lat="51.592397" lon="-1.626331"><ele>90.5</ele></trkpt>
   <trkpt lat="51.592079" lon="-1.627925"><ele>90</ele></trkpt>
   <trkpt lat="51.590898" lon="-1.633911"><ele>90</ele></trkpt>
   <trkpt lat="51.590582" lon="-1.63543"><ele>90.75</ele></trkpt>
   <trkpt lat="51.590413" lon="-1.636238"><ele>90.75</ele></trkpt>
   <trkpt lat="51.589941" lon="-1.638357"><ele>91</ele></trkpt>
   <trkpt lat="51.589445" lon="-1.640465"><ele>90.5</ele></trkpt>
   <trkpt lat="51.589132" lon="-1.641871"><ele>90.5</ele></trkpt>
   <trkpt lat="51.588784" lon="-1.643529"><ele>89.75</ele></trkpt>
   <trkpt lat="51.588491" lon="-1.645039"><ele>89.5</ele></trkpt>
   <trkpt lat="51.588217" lon="-1.646558"><ele>90</ele></trkpt>
   <trkpt lat="51.58797" lon="-1.648023"><ele>89.75</ele></trkpt>
   <trkpt lat="51.587844" lon="-1.648802"><ele>90.5</ele></trkpt>
   <trkpt lat="51.587614" lon="-1.650353"><ele>90.25</ele></trkpt>
   <trkpt lat="51.58739" lon="-1.651985"><ele>90.5</ele></trkpt>
   <trkpt lat="51.587282" lon="-1.652823"><ele>91</ele></trkpt>
   <trkpt lat="51.587008" lon="-1.65512"><ele>92</ele></trkpt>
   <trkpt lat="51.586874" lon="-1.65642"><ele>92</ele></trkpt>
   <trkpt lat="51.586718" lon="-1.658092"><ele>92</ele></trkpt>
   <trkpt lat="51.586652" lon="-1.658945"><ele>92</ele></trkpt>
   <trkpt lat="51.586547" lon="-1.660464"><ele>92.75</ele></trkpt>
   <trkpt lat="51.5865" lon="-1.661254"><ele>92.75</ele></trkpt>
   <trkpt lat="51.586462" lon="-1.662034"><ele>93.25</ele></trkpt>
   <trkpt lat="51.586428" lon="-1.662835"><ele>93.25</ele></trkpt>
   <trkpt lat="51.58639" lon="-1.664031"><ele>93</ele></trkpt>
   <trkpt lat="51.586329" lon="-1.66679"><ele>94.5</ele></trkpt>
   <trkpt lat="51.586274" lon="-1.668903"><ele>96.5</ele></trkpt>
   <trkpt lat="51.58625" lon="-1.669613"><ele>97.25</ele></trkpt>
   <trkpt lat="51.586189" lon="-1.67117"><ele>94.5</ele></trkpt>
   <trkpt lat="51.586139" lon="-1.672255"><ele>92.75</ele></trkpt>
   <trkpt lat="51.586076" lon="-1.673391"><ele>92.75</ele></trkpt>
   <trkpt lat="51.585971" lon="-1.675304"><ele>90.75</ele></trkpt>
   <trkpt lat="51.585919" lon="-1.676909"><ele>91.25</ele></trkpt>
   <trkpt lat="51.585905" lon="-1.677183"><ele>91.5</ele></trkpt>
   <trkpt lat="51.58579" lon="-1.678679"><ele>92</ele></trkpt>
   <trkpt lat="51.58537" lon="-1.686354"><ele>90</ele></trkpt>
   <trkpt lat="51.585332" lon="-1.687103"><ele>90.25</ele></trkpt>
   <trkpt lat="51.585307" lon="-1.687518"><ele>93.25</ele></trkpt>
   <trkpt lat="51.585119" lon="-1.690915"><ele>91</ele></trkpt>
   <trkpt lat="51.584975" lon="-1.693378"><ele>94.25</ele></trkpt>
   <trkpt lat="51.584859" lon="-1.695089"><ele>91.5</ele></trkpt>
   <trkpt lat="51.584612" lon="-1.698052"><ele>92</ele></trkpt>
   <trkpt lat="51.584603" lon="-1.698158"><ele>92.25</ele></trkpt>
   <trkpt lat="51.584413" lon="-1.700094"><ele>94.25</ele></trkpt>
   <trkpt lat="51.584329" lon="-1.700889"><ele>93.25</ele></trkpt>
   <trkpt lat="51.584166" lon="-1.702374"><ele>95.5</ele></trkpt>
   <trkpt lat="51.583979" lon="-1.703953"><ele>92.5</ele></trkpt>
   <trkpt lat="51.583964" lon="-1.704072"><ele>92.75</ele></trkpt>
   <trkpt lat="51.583857" lon="-1.70494"><ele>95.25</ele></trkpt>
   <trkpt lat="51.583665" lon="-1.706413"><ele>94</ele></trkpt>
   <trkpt lat="51.58341" lon="-1.70824"><ele>91.5</ele></trkpt>
   <trkpt lat="51.583375" lon="-1.708481"><ele>93</ele></trkpt>
   <trkpt lat="51.583103" lon="-1.710277"><ele>95</ele></trkpt>
   <trkpt lat="51.582981" lon="-1.711042"><ele>95.5</ele></trkpt>
   <trkpt lat="51.582733" lon="-1.712564"><ele>95.75</ele></trkpt>
   <trkpt lat="51.582609" lon="-1.713278"><ele>94.75</ele></trkpt>
   <trkpt lat="51.582159" lon="-1.715776"><ele>95.75</ele></trkpt>
   <trkpt lat="51.581675" lon="-1.718251"><ele>96.75</ele></trkpt>
   <trkpt lat="51.581528" lon="-1.718946"><ele>96</ele></trkpt>
   <trkpt lat="51.58105" lon="-1.721197"><ele>97</ele></trkpt>
   <trkpt lat="51.580463" lon="-1.723832"><ele>98.25</ele></trkpt>
   <trkpt lat="51.579882" lon="-1.726403"><ele>100.75</ele></trkpt>
   <trkpt lat="51.579779" lon="-1.726896"><ele>99.75</ele></trkpt>
   <trkpt lat="51.579375" lon="-1.728691"><ele>99.25</ele></trkpt>
   <trkpt lat="51.578478" lon="-1.732697"><ele>101.75</ele></trkpt>
   <trkpt lat="51.577809" lon="-1.735735"><ele>99.75</ele></trkpt>
   <trkpt lat="51.574596" lon="-1.750114"><ele>102</ele></trkpt>
   <trkpt lat="51.574183" lon="-1.751965"><ele>100</ele></trkpt>
   <trkpt lat="51.572764" lon="-1.758292"><ele>100</ele></trkpt>
   <trkpt lat="51.571599" lon="-1.76352"><ele>101</ele></trkpt>
   <trkpt lat="51.571358" lon="-1.764586"><ele>101</ele></trkpt>
   <trkpt lat="51.571284" lon="-1.764877"><ele>101</ele></trkpt>
   <trkpt lat="51.571206" lon="-1.765143"><ele>101</ele></trkpt>
   <trkpt lat="51.571144" lon="-1.765391"><ele>101</ele></trkpt>
   <trkpt lat="51.57106" lon="-1.765758"><ele>101</ele></trkpt>
   <trkpt lat="51.570983" lon="-1.766066"><ele>101</ele></trkpt>
   <trkpt lat="51.570898" lon="-1.766324"><ele>101</ele></trkpt>
   <trkpt lat="51.570839" lon="-1.766556"><ele>101</ele></trkpt>
   <trkpt lat="51.570676" lon="-1.767257"><ele>101.25</ele></trkpt>
   <trkpt lat="51.570548" lon="-1.76784"><ele>101</ele></trkpt>
   <trkpt lat="51.570474" lon="-1.768074"><ele>101.75</ele></trkpt>
   <trkpt lat="51.570425" lon="-1.768228"><ele>101.5</ele></trkpt>
   <trkpt lat="51.570398" lon="-1.768338"><ele>101.25</ele></trkpt>
   <trkpt lat="51.569993" lon="-1.770088"><ele>102</ele></trkpt>
   <trkpt lat="51.569528" lon="-1.771966"><ele>102</ele></trkpt>
   <trkpt lat="51.569154" lon="-1.773433"><ele>102.25</ele></trkpt>
   <trkpt lat="51.569077" lon="-1.773722"><ele>103</ele></trkpt>
   <trkpt lat="51.568933" lon="-1.774282"><ele>102.75</ele></trkpt>
   <trkpt lat="51.568849" lon="-1.774705"><ele>102.75</ele></trkpt>
   <trkpt lat="51.568736" lon="-1.775289"><ele>102.25</ele></trkpt>
   <trkpt lat="51.56872" lon="-1.775343"><ele>101.25</ele></trkpt>
   <trkpt lat="51.568469" lon="-1.776257"><ele>100.25</ele></trkpt>
   <trkpt lat="51.568399" lon="-1.776493"><ele>102.75</ele></trkpt>
   <trkpt lat="51.568207" lon="-1.777304"><ele>102.5</ele></trkpt>
   <trkpt lat="51.567947" lon="-1.7782"><ele>102.75</ele></trkpt>
   <trkpt lat="51.567572" lon="-1.779442"><ele>102.75</ele></trkpt>
   <trkpt lat="51.567231" lon="-1.780701"><ele>102.75</ele></trkpt>
   <trkpt lat="51.567084" lon="-1.781168"><ele>103</ele></trkpt>
   <trkpt lat="51.566753" lon="-1.78229"><ele>102.25</ele></trkpt>
   <trkpt lat="51.566717" lon="-1.782402"><ele>102.25</ele></trkpt>
   <trkpt lat="51.566677" lon="-1.782524"><ele>102.5</ele></trkpt>
   <trkpt lat="51.566659" lon="-1.782577"><ele>102.75</ele></trkpt>
   <trkpt lat="51.566078" lon="-1.784312"><ele>102.75</ele></trkpt>
   <trkpt lat="51.565721" lon="-1.785353"><ele>103</ele></trkpt>
   <trkpt lat="51.565251" lon="-1.786669"><ele>103</ele></trkpt>
   <trkpt lat="51.564703" lon="-1.788141"><ele>103</ele></trkpt>
   <trkpt lat="51.564466" lon="-1.788764"><ele>103</ele></trkpt>
   <trkpt lat="51.564363" lon="-1.789019"><ele>103</ele></trkpt>
   <trkpt lat="51.564176" lon="-1.789507"><ele>103</ele></trkpt>
   <trkpt lat="51.564012" lon="-1.789934"><ele>103</ele></trkpt>
   <trkpt lat="51.563825" lon="-1.79042"><ele>102.75</ele></trkpt>
   <trkpt lat="51.56333" lon="-1.791647"><ele>102.75</ele></trkpt>
   <trkpt lat="51.562862" lon="-1.792772"><ele>102.5</ele></trkpt>
   <trkpt lat="51.562277" lon="-1.794145"><ele>102</ele></trkpt>
   <trkpt lat="51.561673" lon="-1.795527"><ele>102</ele></trkpt>
   <trkpt lat="51.561149" lon="-1.796691"><ele>102</ele></trkpt>
   <trkpt lat="51.560859" lon="-1.797306"><ele>101</ele></trkpt>
   <trkpt lat="51.560794" lon="-1.797448"><ele>99.75</ele></trkpt>
   <trkpt lat="51.560071" lon="-1.798963"><ele>102</ele></trkpt>
   <trkpt lat="51.55945" lon="-1.800238"><ele>102</ele></trkpt>
   <trkpt lat="51.558493" lon="-1.802164"><ele>101.75</ele></trkpt>
   <trkpt lat="51.558009" lon="-1.803093"><ele>101</ele></trkpt>
   <trkpt lat="51.557296" lon="-1.804419"><ele>101</ele></trkpt>
   <trkpt lat="51.557002" lon="-1.804946"><ele>100.75</ele></trkpt>
   <trkpt lat="51.556672" lon="-1.805519"><ele>100.75</ele></trkpt>
   <trkpt lat="51.555856" lon="-1.80686"><ele>100.75</ele></trkpt>
   <trkpt lat="51.55558" lon="-1.807323"><ele>100.75</ele></trkpt>
   <trkpt lat="51.555128" lon="-1.808091"><ele>98.25</ele></trkpt>
   <trkpt lat="51.554979" lon="-1.808347"><ele>97.75</ele></trkpt>
   <trkpt lat="51.554744" lon="-1.808729"><ele>99.5</ele></trkpt>
   <trkpt lat="51.554134" lon="-1.809752"><ele>100.5</ele></trkpt>
   <trkpt lat="51.5533" lon="-1.811213"><ele>99.75</ele></trkpt>
   <trkpt lat="51.552678" lon="-1.812324"><ele>98</ele></trkpt>
   <trkpt lat="51.552574" lon="-1.812513"><ele>98.75</ele></trkpt>
   <trkpt lat="51.55218" lon="-1.813234"><ele>100</ele></trkpt>
   <trkpt lat="51.551811" lon="-1.81393"><ele>98.75</ele></trkpt>
   <trkpt lat="51.551074" lon="-1.815348"><ele>100</ele></trkpt>
   <trkpt lat="51.550663" lon="-1.816158"><ele>99.5</ele></trkpt>
   <trkpt lat="51.54996" lon="-1.817595"><ele>99.5</ele></trkpt>
   <trkpt lat="51.549624" lon="-1.818304"><ele>99</ele></trkpt>
   <trkpt lat="51.548956" lon="-1.819748"><ele>100.5</ele></trkpt>
   <trkpt lat="51.54827" lon="-1.821281"><ele>99.5</ele></trkpt>
   <trkpt lat="51.54777" lon="-1.822432"><ele>100.75</ele></trkpt>
   <trkpt lat="51.547493" lon="-1.823088"><ele>100.5</ele></trkpt>
   <trkpt lat="51.547003" lon="-1.82429"><ele>100</ele></trkpt>
   <trkpt lat="51.546339" lon="-1.825954"><ele>100.25</ele></trkpt>
   <trkpt lat="51.546025" lon="-1.82677"><ele>99.75</ele></trkpt>
   <trkpt lat="51.545621" lon="-1.827849"><ele>100.5</ele></trkpt>
   <trkpt lat="51.545105" lon="-1.829279"><ele>100.5</ele></trkpt>
   <trkpt lat="51.544501" lon="-1.831001"><ele>101</ele></trkpt>
   <trkpt lat="51.544206" lon="-1.831872"><ele>100.75</ele></trkpt>
   <trkpt lat="51.543675" lon="-1.833486"><ele>100.75</ele></trkpt>
   <trkpt lat="51.542928" lon="-1.835908"><ele>100.75</ele></trkpt>
   <trkpt lat="51.542317" lon="-1.838014"><ele>101.5</ele></trkpt>
   <trkpt lat="51.542087" lon="-1.83885"><ele>103.75</ele></trkpt>
   <trkpt lat="51.541745" lon="-1.84012"><ele>101</ele></trkpt>
   <trkpt lat="51.541456" lon="-1.841228"><ele>101</ele></trkpt>
   <trkpt lat="51.541061" lon="-1.842813"><ele>101</ele></trkpt>
   <trkpt lat="51.540878" lon="-1.84358"><ele>101</ele></trkpt>
   <trkpt lat="51.540425" lon="-1.845546"><ele>103.5</ele></trkpt>
   <trkpt lat="51.54007" lon="-1.847175"><ele>101.5</ele></trkpt>
   <trkpt lat="51.539863" lon="-1.848184"><ele>102.75</ele></trkpt>
   <trkpt lat="51.539673" lon="-1.849117"><ele>102</ele></trkpt>
   <trkpt lat="51.539407" lon="-1.850491"><ele>102</ele></trkpt>
   <trkpt lat="51.539089" lon="-1.852234"><ele>102.25</ele></trkpt>
   <trkpt lat="51.538882" lon="-1.853412"><ele>101</ele></trkpt>
   <trkpt lat="51.538591" lon="-1.855186"><ele>100.75</ele></trkpt>
   <trkpt lat="51.53834" lon="-1.856875"><ele>100</ele></trkpt>
   <trkpt lat="51.538122" lon="-1.858429"><ele>102.25</ele></trkpt>
   <trkpt lat="51.537833" lon="-1.860701"><ele>101.5</ele></trkpt>
   <trkpt lat="51.537474" lon="-1.863886"><ele>99.25</ele></trkpt>
   <trkpt lat="51.536344" lon="-1.874155"><ele>97</ele></trkpt>
   <trkpt lat="51.535969" lon="-1.877525"><ele>95</ele></trkpt>
   <trkpt lat="51.535729" lon="-1.879373"><ele>95.25</ele></trkpt>
   <trkpt lat="51.535541" lon="-1.880589"><ele>95.75</ele></trkpt>
   <trkpt lat="51.535161" lon="-1.882916"><ele>95.25</ele></trkpt>
   <trkpt lat="51.535032" lon="-1.88377"><ele>96</ele></trkpt>
   <trkpt lat="51.534917" lon="-1.884578"><ele>95.75</ele></trkpt>
   <trkpt lat="51.534876" lon="-1.884908"><ele>95</ele></trkpt>
   <trkpt lat="51.53486" lon="-1.885042"><ele>95</ele></trkpt>
   <trkpt lat="51.53473" lon="-1.886152"><ele>96</ele></trkpt>
   <trkpt lat="51.534647" lon="-1.886965"><ele>96.5</ele></trkpt>
   <trkpt lat="51.534569" lon="-1.887792"><ele>96.75</ele></trkpt>
   <trkpt lat="51.534444" lon="-1.889398"><ele>96</ele></trkpt>
   <trkpt lat="51.534392" lon="-1.890291"><ele>97</ele></trkpt>
   <trkpt lat="51.534351" lon="-1.891141"><ele>96.25</ele></trkpt>
   <trkpt lat="51.534318" lon="-1.89202"><ele>97</ele></trkpt>
   <trkpt lat="51.534286" lon="-1.893591"><ele>97.75</ele></trkpt>
   <trkpt lat="51.534282" lon="-1.894581"><ele>98.5</ele></trkpt>
   <trkpt lat="51.534303" lon="-1.896206"><ele>99.25</ele></trkpt>
   <trkpt lat="51.534365" lon="-1.897893"><ele>97.25</ele></trkpt>
   <trkpt lat="51.534413" lon="-1.89879"><ele>96.25</ele></trkpt>
   <trkpt lat="51.534472" lon="-1.899686"><ele>95.25</ele></trkpt>
   <trkpt lat="51.534587" lon="-1.901074"><ele>95.75</ele></trkpt>
   <trkpt lat="51.53466" lon="-1.901766"><ele>95</ele></trkpt>
   <trkpt lat="51.53474" lon="-1.902498"><ele>94</ele></trkpt>
   <trkpt lat="51.534815" lon="-1.903079"><ele>94.25</ele></trkpt>
   <trkpt lat="51.534961" lon="-1.904095"><ele>94</ele></trkpt>
   <trkpt lat="51.535077" lon="-1.904856"><ele>94</ele></trkpt>
   <trkpt lat="51.53531" lon="-1.906225"><ele>93.75</ele></trkpt>
   <trkpt lat="51.535503" lon="-1.907384"><ele>93.5</ele></trkpt>
   <trkpt lat="51.535762" lon="-1.908913"><ele>93</ele></trkpt>
   <trkpt lat="51.535865" lon="-1.909543"><ele>93.5</ele></trkpt>
   <trkpt lat="51.536022" lon="-1.91045"><ele>93</ele></trkpt>
   <trkpt lat="51.536335" lon="-1.912367"><ele>93</ele></trkpt>
   <trkpt lat="51.536581" lon="-1.914074"><ele>97</ele></trkpt>
   <trkpt lat="51.536738" lon="-1.915338"><ele>95</ele></trkpt>
   <trkpt lat="51.536886" lon="-1.916683"><ele>94.75</ele></trkpt>
   <trkpt lat="51.537005" lon="-1.917959"><ele>93.5</ele></trkpt>
   <trkpt lat="51.537067" lon="-1.918737"><ele>94</ele></trkpt>
   <trkpt lat="51.537126" lon="-1.919561"><ele>92.5</ele></trkpt>
   <trkpt lat="51.537213" lon="-1.921007"><ele>92</ele></trkpt>
   <trkpt lat="51.537279" lon="-1.922458"><ele>91</ele></trkpt>
   <trkpt lat="51.537313" lon="-1.923733"><ele>89</ele></trkpt>
   <trkpt lat="51.537326" lon="-1.924592"><ele>88.25</ele></trkpt>
   <trkpt lat="51.537329" lon="-1.925319"><ele>87</ele></trkpt>
   <trkpt lat="51.53732" lon="-1.926834"><ele>88</ele></trkpt>
   <trkpt lat="51.537299" lon="-1.927791"><ele>88.5</ele></trkpt>
   <trkpt lat="51.537266" lon="-1.928874"><ele>87</ele></trkpt>
   <trkpt lat="51.53726" lon="-1.929021"><ele>88.5</ele></trkpt>
   <trkpt lat="51.537203" lon="-1.930307"><ele>89.5</ele></trkpt>
   <trkpt lat="51.537161" lon="-1.931048"><ele>88.5</ele></trkpt>
   <trkpt lat="51.537091" lon="-1.932077"><ele>88</ele></trkpt>
   <trkpt lat="51.537039" lon="-1.93275"><ele>89</ele></trkpt>
   <trkpt lat="51.536952" lon="-1.933764"><ele>90.75</ele></trkpt>
   <trkpt lat="51.536823" lon="-1.935066"><ele>88.5</ele></trkpt>
   <trkpt lat="51.536708" lon="-1.93608"><ele>90.5</ele></trkpt>
   <trkpt lat="51.536582" lon="-1.937096"><ele>88.25</ele></trkpt>
   <trkpt lat="51.536501" lon="-1.937701"><ele>88.5</ele></trkpt>
   <trkpt lat="51.53633" lon="-1.93886"><ele>88.5</ele></trkpt>
   <trkpt lat="51.536177" lon="-1.939825"><ele>88.25</ele></trkpt>
   <trkpt lat="51.535906" lon="-1.941382"><ele>86.5</ele></trkpt>
   <trkpt lat="51.535867" lon="-1.941583"><ele>88.25</ele></trkpt>
   <trkpt lat="51.535655" lon="-1.942668"><ele>87</ele></trkpt>
   <trkpt lat="51.535308" lon="-1.944306"><ele>87.75</ele></trkpt>
   <trkpt lat="51.53514" lon="-1.945044"><ele>85.75</ele></trkpt>
   <trkpt lat="51.534836" lon="-1.946292"><ele>86</ele></trkpt>
   <trkpt lat="51.534454" lon="-1.947761"><ele>88.5</ele></trkpt>
   <trkpt lat="51.534162" lon="-1.948815"><ele>88</ele></trkpt>
   <trkpt lat="51.533655" lon="-1.950489"><ele>85</ele></trkpt>
   <trkpt lat="51.533604" lon="-1.950647"><ele>85.75</ele></trkpt>
   <trkpt lat="51.53315" lon="-1.952019"><ele>88.75</ele></trkpt>
   <trkpt lat="51.532348" lon="-1.954292"><ele>89</ele></trkpt>
   <trkpt lat="51.53193" lon="-1.955515"><ele>88.75</ele></trkpt>
   <trkpt lat="51.531704" lon="-1.956229"><ele>89.5</ele></trkpt>
   <trkpt lat="51.531524" lon="-1.956825"><ele>90</ele></trkpt>
   <trkpt lat="51.531258" lon="-1.957749"><ele>89.25</ele></trkpt>
   <trkpt lat="51.531124" lon="-1.958245"><ele>88</ele></trkpt>
   <trkpt lat="51.530891" lon="-1.959157"><ele>88.5</ele></trkpt>
   <trkpt lat="51.530709" lon="-1.959923"><ele>89</ele></trkpt>
   <trkpt lat="51.530508" lon="-1.960835"><ele>89.25</ele></trkpt>
   <trkpt lat="51.530349" lon="-1.961632"><ele>89.25</ele></trkpt>
   <trkpt lat="51.530146" lon="-1.962705"><ele>90.5</ele></trkpt>
   <trkpt lat="51.529535" lon="-1.966109"><ele>87.25</ele></trkpt>
   <trkpt lat="51.529208" lon="-1.967898"><ele>84.25</ele></trkpt>
   <trkpt lat="51.529099" lon="-1.968528"><ele>83.25</ele></trkpt>
   <trkpt lat="51.52889" lon="-1.969675"><ele>81.75</ele></trkpt>
   <trkpt lat="51.527805" lon="-1.975676"><ele>75</ele></trkpt>
   <trkpt lat="51.527743" lon="-1.976018"><ele>74</ele></trkpt>
   <trkpt lat="51.526292" lon="-1.984034"><ele>67.5</ele></trkpt>
   <trkpt lat="51.526219" lon="-1.984428"><ele>67.75</ele></trkpt>
   <trkpt lat="51.525803" lon="-1.986756"><ele>68.25</ele></trkpt>
   <trkpt lat="51.524682" lon="-1.992945"><ele>65.5</ele></trkpt>
   <trkpt lat="51.523497" lon="-1.999482"><ele>66.5</ele></trkpt>
   <trkpt lat="51.522505" lon="-2.004954"><ele>65</ele></trkpt>
   <trkpt lat="51.52221" lon="-2.00655"><ele>64</ele></trkpt>
   <trkpt lat="51.52172" lon="-2.009008"><ele>64.25</ele></trkpt>
   <trkpt lat="51.521465" lon="-2.01017"><ele>64.5</ele></trkpt>
   <trkpt lat="51.521157" lon="-2.011505"><ele>63.75</ele></trkpt>
   <trkpt lat="51.52074" lon="-2.013226"><ele>64.75</ele></trkpt>
   <trkpt lat="51.520608" lon="-2.013756"><ele>64</ele></trkpt>
   <trkpt lat="51.520199" lon="-2.015312"><ele>64.75</ele></trkpt>
   <trkpt lat="51.519777" lon="-2.016837"><ele>64</ele></trkpt>
   <trkpt lat="51.519304" lon="-2.018461"><ele>64.5</ele></trkpt>
   <trkpt lat="51.518593" lon="-2.020751"><ele>63.25</ele></trkpt>
   <trkpt lat="51.518056" lon="-2.022371"><ele>63</ele></trkpt>
   <trkpt lat="51.517911" lon="-2.02279"><ele>65.25</ele></trkpt>
   <trkpt lat="51.517473" lon="-2.024052"><ele>62.75</ele></trkpt>
   <trkpt lat="51.516895" lon="-2.025652"><ele>62.5</ele></trkpt>
   <trkpt lat="51.516517" lon="-2.026644"><ele>63</ele></trkpt>
   <trkpt lat="51.515936" lon="-2.028128"><ele>62.25</ele></trkpt>
   <trkpt lat="51.515447" lon="-2.029323"><ele>62</ele></trkpt>
   <trkpt lat="51.514772" lon="-2.030913"><ele>61</ele></trkpt>
   <trkpt lat="51.514485" lon="-2.031562"><ele>60.75</ele></trkpt>
   <trkpt lat="51.514151" lon="-2.032294"><ele>61</ele></trkpt>
   <trkpt lat="51.513688" lon="-2.033293"><ele>60.5</ele></trkpt>
   <trkpt lat="51.513065" lon="-2.034588"><ele>60.25</ele></trkpt>
   <trkpt lat="51.512498" lon="-2.035731"><ele>59.75</ele></trkpt>
   <trkpt lat="51.511761" lon="-2.037163"><ele>58</ele></trkpt>
   <trkpt lat="51.511137" lon="-2.038322"><ele>59.5</ele></trkpt>
   <trkpt lat="51.510558" lon="-2.039371"><ele>59.5</ele></trkpt>
   <trkpt lat="51.51008" lon="-2.040213"><ele>58</ele></trkpt>
   <trkpt lat="51.509904" lon="-2.040516"><ele>56.75</ele></trkpt>
   <trkpt lat="51.509501" lon="-2.041161"><ele>58.5</ele></trkpt>
   <trkpt lat="51.508961" lon="-2.042055"><ele>58.25</ele></trkpt>
   <trkpt lat="51.508451" lon="-2.042872"><ele>57.25</ele></trkpt>
   <trkpt lat="51.508283" lon="-2.043125"><ele>57.5</ele></trkpt>
   <trkpt lat="51.508165" lon="-2.043311"><ele>57.5</ele></trkpt>
   <trkpt lat="51.50792" lon="-2.043713"><ele>57.25</ele></trkpt>
   <trkpt lat="51.506382" lon="-2.046119"><ele>57.75</ele></trkpt>
   <trkpt lat="51.506296" lon="-2.046256"><ele>56.25</ele></trkpt>
   <trkpt lat="51.504204" lon="-2.049553"><ele>57.25</ele></trkpt>
   <trkpt lat="51.503552" lon="-2.050561"><ele>56.75</ele></trkpt>
   <trkpt lat="51.503421" lon="-2.050769"><ele>55.75</ele></trkpt>
   <trkpt lat="51.50256" lon="-2.052136"><ele>56.5</ele></trkpt>
   <trkpt lat="51.500223" lon="-2.055802"><ele>55.5</ele></trkpt>
   <trkpt lat="51.498226" lon="-2.058939"><ele>54.25</ele></trkpt>
   <trkpt lat="51.498121" lon="-2.059103"><ele>54.5</ele></trkpt>
   <trkpt lat="51.496667" lon="-2.061383"><ele>54.75</ele></trkpt>
   <trkpt lat="51.496583" lon="-2.061513"><ele>53</ele></trkpt>
   <trkpt lat="51.495967" lon="-2.062483"><ele>54.25</ele></trkpt>
   <trkpt lat="51.494527" lon="-2.064737"><ele>54.25</ele></trkpt>
   <trkpt lat="51.493156" lon="-2.066899"><ele>51.5</ele></trkpt>
   <trkpt lat="51.492652" lon="-2.067687"><ele>51.25</ele></trkpt>
   <trkpt lat="51.491586" lon="-2.069342"><ele>53.25</ele></trkpt>
   <trkpt lat="51.490963" lon="-2.070264"><ele>52.25</ele></trkpt>
   <trkpt lat="51.490908" lon="-2.070341"><ele>52.25</ele></trkpt>
   <trkpt lat="51.490016" lon="-2.071607"><ele>54</ele></trkpt>
   <trkpt lat="51.489312" lon="-2.07256"><ele>52.75</ele></trkpt>
   <trkpt lat="51.488875" lon="-2.073139"><ele>54.25</ele></trkpt>
   <trkpt lat="51.488456" lon="-2.073677"><ele>53.25</ele></trkpt>
   <trkpt lat="51.488063" lon="-2.074172"><ele>54.75</ele></trkpt>
   <trkpt lat="51.487445" lon="-2.074929"><ele>53.75</ele></trkpt>
   <trkpt lat="51.486926" lon="-2.075546"><ele>54.75</ele></trkpt>
   <trkpt lat="51.485646" lon="-2.077035"><ele>54.5</ele></trkpt>
   <trkpt lat="51.484811" lon="-2.07803"><ele>54.75</ele></trkpt>
   <trkpt lat="51.484026" lon="-2.079009"><ele>53.5</ele></trkpt>
   <trkpt lat="51.483648" lon="-2.079496"><ele>55</ele></trkpt>
   <trkpt lat="51.483148" lon="-2.08017"><ele>51.75</ele></trkpt>
   <trkpt lat="51.483046" lon="-2.080305"><ele>51.75</ele></trkpt>
   <trkpt lat="51.482544" lon="-2.08097"><ele>54.5</ele></trkpt>
   <trkpt lat="51.48221" lon="-2.081436"><ele>55.75</ele></trkpt>
   <trkpt lat="51.481442" lon="-2.082532"><ele>55.25</ele></trkpt>
   <trkpt lat="51.481026" lon="-2.083141"><ele>54.5</ele></trkpt>
   <trkpt lat="51.480639" lon="-2.083722"><ele>55.25</ele></trkpt>
   <trkpt lat="51.479992" lon="-2.084721"><ele>56.75</ele></trkpt>
   <trkpt lat="51.479681" lon="-2.085209"><ele>55.5</ele></trkpt>
   <trkpt lat="51.479149" lon="-2.086076"><ele>56.5</ele></trkpt>
   <trkpt lat="51.4789" lon="-2.086468"><ele>55.75</ele></trkpt>
   <trkpt lat="51.476995" lon="-2.089528"><ele>57.25</ele></trkpt>
   <trkpt lat="51.474544" lon="-2.093448"><ele>59</ele></trkpt>
   <trkpt lat="51.472971" lon="-2.095959"><ele>58.75</ele></trkpt>
   <trkpt lat="51.472351" lon="-2.096963"><ele>61</ele></trkpt>
   <trkpt lat="51.469675" lon="-2.101245"><ele>62</ele></trkpt>
   <trkpt lat="51.468935" lon="-2.102446"><ele>62.25</ele></trkpt>
   <trkpt lat="51.468209" lon="-2.103659"><ele>63.75</ele></trkpt>
   <trkpt lat="51.46783" lon="-2.104311"><ele>63.25</ele></trkpt>
   <trkpt lat="51.467484" lon="-2.104923"><ele>62.25</ele></trkpt>
   <trkpt lat="51.467183" lon="-2.105475"><ele>62.75</ele></trkpt>
   <trkpt lat="51.46689" lon="-2.106013"><ele>63.25</ele></trkpt>
   <trkpt lat="51.466563" lon="-2.106636"><ele>64.5</ele></trkpt>
   <trkpt lat="51.46602" lon="-2.107692"><ele>61.75</ele></trkpt>
   <trkpt lat="51.465623" lon="-2.1085"><ele>61.25</ele></trkpt>
   <trkpt lat="51.464882" lon="-2.110042"><ele>61</ele></trkpt>
   <trkpt lat="51.464384" lon="-2.111128"><ele>60.75</ele></trkpt>
   <trkpt lat="51.463888" lon="-2.112266"><ele>60.75</ele></trkpt>
   <trkpt lat="51.46358" lon="-2.11301"><ele>61</ele></trkpt>
   <trkpt lat="51.462867" lon="-2.114788"><ele>61.25</ele></trkpt>
   <trkpt lat="51.462481" lon="-2.115747"><ele>62</ele></trkpt>
   <trkpt lat="51.461833" lon="-2.117433"><ele>60.75</ele></trkpt>
   <trkpt lat="51.461409" lon="-2.118542"><ele>55.5</ele></trkpt>
   <trkpt lat="51.46099" lon="-2.119614"><ele>53.25</ele></trkpt>
   <trkpt lat="51.460782" lon="-2.120152"><ele>59.5</ele></trkpt>
   <trkpt lat="51.460243" lon="-2.121457"><ele>60.5</ele></trkpt>
   <trkpt lat="51.459679" lon="-2.122759"><ele>61.5</ele></trkpt>
   <trkpt lat="51.459188" lon="-2.123795"><ele>63.5</ele></trkpt>
   <trkpt lat="51.458929" lon="-2.124315"><ele>63.75</ele></trkpt>
   <trkpt lat="51.458458" lon="-2.1252"><ele>62.5</ele></trkpt>
   <trkpt lat="51.458303" lon="-2.125482"><ele>61.5</ele></trkpt>
   <trkpt lat="51.457893" lon="-2.126194"><ele>63.25</ele></trkpt>
   <trkpt lat="51.457415" lon="-2.126975"><ele>61.5</ele></trkpt>
   <trkpt lat="51.457234" lon="-2.12725"><ele>62.25</ele></trkpt>
   <trkpt lat="51.456864" lon="-2.127811"><ele>60.75</ele></trkpt>
   <trkpt lat="51.456535" lon="-2.128278"><ele>60.25</ele></trkpt>
   <trkpt lat="51.45623" lon="-2.128695"><ele>60.5</ele></trkpt>
   <trkpt lat="51.455964" lon="-2.12904"><ele>60.75</ele></trkpt>
   <trkpt lat="51.45556" lon="-2.129542"><ele>62</ele></trkpt>
   <trkpt lat="51.455095" lon="-2.130088"><ele>60.25</ele></trkpt>
   <trkpt lat="51.454579" lon="-2.130651"><ele>60</ele></trkpt>
   <trkpt lat="51.453708" lon="-2.131527"><ele>60.25</ele></trkpt>
   <trkpt lat="51.453312" lon="-2.131877"><ele>61.5</ele></trkpt>
   <trkpt lat="51.452736" lon="-2.132375"><ele>60</ele></trkpt>
   <trkpt lat="51.452219" lon="-2.132773"><ele>62.75</ele></trkpt>
   <trkpt lat="51.451698" lon="-2.133157"><ele>53.75</ele></trkpt>
   <trkpt lat="51.451528" lon="-2.133273"><ele>57.5</ele></trkpt>
   <trkpt lat="51.451319" lon="-2.133416"><ele>60</ele></trkpt>
   <trkpt lat="51.451039" lon="-2.133584"><ele>61.75</ele></trkpt>
   <trkpt lat="51.450288" lon="-2.134015"><ele>61</ele></trkpt>
   <trkpt lat="51.449963" lon="-2.13419"><ele>62.75</ele></trkpt>
   <trkpt lat="51.449303" lon="-2.134499"><ele>62</ele></trkpt>
   <trkpt lat="51.448668" lon="-2.13476"><ele>63.5</ele></trkpt>
   <trkpt lat="51.447731" lon="-2.135086"><ele>63.25</ele></trkpt>
   <trkpt lat="51.446739" lon="-2.135415"><ele>64</ele></trkpt>
   <trkpt lat="51.446534" lon="-2.135477"><ele>64.75</ele></trkpt>
   <trkpt lat="51.445864" lon="-2.135711"><ele>63.5</ele></trkpt>
   <trkpt lat="51.444923" lon="-2.136024"><ele>63</ele></trkpt>
   <trkpt lat="51.444242" lon="-2.136281"><ele>62.25</ele></trkpt>
   <trkpt lat="51.443774" lon="-2.136469"><ele>62.75</ele></trkpt>
   <trkpt lat="51.443519" lon="-2.136581"><ele>62.25</ele></trkpt>
   <trkpt lat="51.443339" lon="-2.136653"><ele>64.5</ele></trkpt>
   <trkpt lat="51.442626" lon="-2.137006"><ele>64</ele></trkpt>
   <trkpt lat="51.44192" lon="-2.137411"><ele>63.5</ele></trkpt>
   <trkpt lat="51.441306" lon="-2.137795"><ele>65</ele></trkpt>
   <trkpt lat="51.440708" lon="-2.138208"><ele>64</ele></trkpt>
   <trkpt lat="51.440156" lon="-2.13861"><ele>65.75</ele></trkpt>
   <trkpt lat="51.439737" lon="-2.138936"><ele>66</ele></trkpt>
   <trkpt lat="51.439274" lon="-2.139354"><ele>60</ele></trkpt>
   <trkpt lat="51.439045" lon="-2.139554"><ele>60.5</ele></trkpt>
   <trkpt lat="51.4388" lon="-2.139779"><ele>65.75</ele></trkpt>
   <trkpt lat="51.438285" lon="-2.140283"><ele>66</ele></trkpt>
   <trkpt lat="51.438016" lon="-2.140556"><ele>66.75</ele></trkpt>
   <trkpt lat="51.437588" lon="-2.141013"><ele>66.5</ele></trkpt>
   <trkpt lat="51.437156" lon="-2.141483"><ele>67</ele></trkpt>
   <trkpt lat="51.436024" lon="-2.14273"><ele>67.25</ele></trkpt>
   <trkpt lat="51.435555" lon="-2.14327"><ele>67.75</ele></trkpt>
   <trkpt lat="51.435043" lon="-2.143902"><ele>67.75</ele></trkpt>
   <trkpt lat="51.434809" lon="-2.144204"><ele>67.75</ele></trkpt>
   <trkpt lat="51.43451" lon="-2.144612"><ele>67.25</ele></trkpt>
   <trkpt lat="51.434281" lon="-2.144937"><ele>67.5</ele></trkpt>
   <trkpt lat="51.433811" lon="-2.145638"><ele>68</ele></trkpt>
   <trkpt lat="51.433269" lon="-2.146512"><ele>68</ele></trkpt>
   <trkpt lat="51.433004" lon="-2.146971"><ele>68</ele></trkpt>
   <trkpt lat="51.432392" lon="-2.148093"><ele>69</ele></trkpt>
   <trkpt lat="51.432121" lon="-2.148616"><ele>68.5</ele></trkpt>
   <trkpt lat="51.431845" lon="-2.149174"><ele>68.5</ele></trkpt>
   <trkpt lat="51.431571" lon="-2.149759"><ele>68.5</ele></trkpt>
   <trkpt lat="51.431309" lon="-2.150337"><ele>68.5</ele></trkpt>
   <trkpt lat="51.431089" lon="-2.150844"><ele>69</ele></trkpt>
   <trkpt lat="51.430647" lon="-2.151917"><ele>70.25</ele></trkpt>
   <trkpt lat="51.430317" lon="-2.152775"><ele>69.5</ele></trkpt>
   <trkpt lat="51.430085" lon="-2.153411"><ele>71</ele></trkpt>
   <trkpt lat="51.42992" lon="-2.153884"><ele>71.75</ele></trkpt>
   <trkpt lat="51.429635" lon="-2.154744"><ele>72</ele></trkpt>
   <trkpt lat="51.429466" lon="-2.155281"><ele>70.25</ele></trkpt>
   <trkpt lat="51.429297" lon="-2.155829"><ele>73.75</ele></trkpt>
   <trkpt lat="51.429179" lon="-2.156242"><ele>70.75</ele></trkpt>
   <trkpt lat="51.429051" lon="-2.156696"><ele>73.25</ele></trkpt>
   <trkpt lat="51.428823" lon="-2.15756"><ele>72.75</ele></trkpt>
   <trkpt lat="51.42872" lon="-2.157966"><ele>73.5</ele></trkpt>
   <trkpt lat="51.428533" lon="-2.15875"><ele>73.25</ele></trkpt>
   <trkpt lat="51.428387" lon="-2.159417"><ele>71.5</ele></trkpt>
   <trkpt lat="51.428157" lon="-2.160555"><ele>73.75</ele></trkpt>
   <trkpt lat="51.427954" lon="-2.161685"><ele>74.75</ele></trkpt>
   <trkpt lat="51.427764" lon="-2.162886"><ele>71.75</ele></trkpt>
   <trkpt lat="51.427677" lon="-2.163492"><ele>74.75</ele></trkpt>
   <trkpt lat="51.427539" lon="-2.164597"><ele>72</ele></trkpt>
   <trkpt lat="51.427406" lon="-2.165823"><ele>75</ele></trkpt>
   <trkpt lat="51.427306" lon="-2.166948"><ele>74.25</ele></trkpt>
   <trkpt lat="51.427258" lon="-2.167613"><ele>72.25</ele></trkpt>
   <trkpt lat="51.427207" lon="-2.168486"><ele>72</ele></trkpt>
   <trkpt lat="51.427184" lon="-2.16907"><ele>72.75</ele></trkpt>
   <trkpt lat="51.427158" lon="-2.169898"><ele>74.25</ele></trkpt>
   <trkpt lat="51.427143" lon="-2.170703"><ele>74.75</ele></trkpt>
   <trkpt lat="51.427132" lon="-2.173624"><ele>74.5</ele></trkpt>
   <trkpt lat="51.427108" lon="-2.175161"><ele>73.5</ele></trkpt>
   <trkpt lat="51.427043" lon="-2.177066"><ele>75.75</ele></trkpt>
   <trkpt lat="51.427014" lon="-2.177737"><ele>74.25</ele></trkpt>
   <trkpt lat="51.42695" lon="-2.178942"><ele>72</ele></trkpt>
   <trkpt lat="51.426909" lon="-2.179613"><ele>74.25</ele></trkpt>
   <trkpt lat="51.426817" lon="-2.180928"><ele>79.25</ele></trkpt>
   <trkpt lat="51.426729" lon="-2.18201"><ele>76.75</ele></trkpt>
   <trkpt lat="51.426554" lon="-2.183834"><ele>80.5</ele></trkpt>
   <trkpt lat="51.426484" lon="-2.184495"><ele>78</ele></trkpt>
   <trkpt lat="51.426284" lon="-2.186113"><ele>79.5</ele></trkpt>
   <trkpt lat="51.426107" lon="-2.187433"><ele>73.75</ele></trkpt>
   <trkpt lat="51.425848" lon="-2.189211"><ele>73.25</ele></trkpt>
   <trkpt lat="51.425299" lon="-2.192837"><ele>74.5</ele></trkpt>
   <trkpt lat="51.424983" lon="-2.195016"><ele>76.5</ele></trkpt>
   <trkpt lat="51.424813" lon="-2.19622"><ele>79</ele></trkpt>
   <trkpt lat="51.424396" lon="-2.199404"><ele>79</ele></trkpt>
   <trkpt lat="51.424243" lon="-2.200659"><ele>80</ele></trkpt>
   <trkpt lat="51.423668" lon="-2.205605"><ele>75.25</ele></trkpt>
   <trkpt lat="51.420177" lon="-2.235792"><ele>47.5</ele></trkpt>
   <trkpt lat="51.418921" lon="-2.246911"><ele>37.25</ele></trkpt>
   <trkpt lat="51.418263" lon="-2.252543"><ele>37.25</ele></trkpt>
   <trkpt lat="51.418245" lon="-2.25272"><ele>35</ele></trkpt>
   <trkpt lat="51.417895" lon="-2.255799"><ele>38</ele></trkpt>
   <trkpt lat="51.41759" lon="-2.258517"><ele>50.5</ele></trkpt>
   <trkpt lat="51.417303" lon="-2.261161"><ele>44.5</ele></trkpt>
   <trkpt lat="51.417261" lon="-2.261673"><ele>38.5</ele></trkpt>
   <trkpt lat="51.417215" lon="-2.262235"><ele>36.75</ele></trkpt>
   <trkpt lat="51.41717" lon="-2.262975"><ele>36.25</ele></trkpt>
   <trkpt lat="51.417104" lon="-2.264513"><ele>34.5</ele></trkpt>
   <trkpt lat="51.417086" lon="-2.265287"><ele>32.5</ele></trkpt>
   <trkpt lat="51.417002" lon="-2.26693"><ele>35</ele></trkpt>
   <trkpt lat="51.416888" lon="-2.268211"><ele>35.25</ele></trkpt>
   <trkpt lat="51.416772" lon="-2.269136"><ele>37.25</ele></trkpt>
   <trkpt lat="51.416637" lon="-2.269988"><ele>37.25</ele></trkpt>
   <trkpt lat="51.416375" lon="-2.271252"><ele>35.75</ele></trkpt>
   <trkpt lat="51.416189" lon="-2.272005"><ele>36.75</ele></trkpt>
   <trkpt lat="51.415977" lon="-2.272742"><ele>37.5</ele></trkpt>
   <trkpt lat="51.415745" lon="-2.273473"><ele>37.75</ele></trkpt>
   <trkpt lat="51.415501" lon="-2.27415"><ele>37.25</ele></trkpt>
   <trkpt lat="51.415308" lon="-2.274662"><ele>35.5</ele></trkpt>
   <trkpt lat="51.415098" lon="-2.275166"><ele>36</ele></trkpt>
   <trkpt lat="51.414663" lon="-2.276099"><ele>36.25</ele></trkpt>
   <trkpt lat="51.414178" lon="-2.276993"><ele>35.25</ele></trkpt>
   <trkpt lat="51.41365" lon="-2.277843"><ele>36</ele></trkpt>
   <trkpt lat="51.413412" lon="-2.278194"><ele>36</ele></trkpt>
   <trkpt lat="51.413174" lon="-2.278524"><ele>35.5</ele></trkpt>
   <trkpt lat="51.412692" lon="-2.279137"><ele>34.5</ele></trkpt>
   <trkpt lat="51.412185" lon="-2.279712"><ele>34.25</ele></trkpt>
   <trkpt lat="51.411656" lon="-2.280247"><ele>33.25</ele></trkpt>
   <trkpt lat="51.410709" lon="-2.281113"><ele>32.25</ele></trkpt>
   <trkpt lat="51.410131" lon="-2.281656"><ele>32</ele></trkpt>
   <trkpt lat="51.409412" lon="-2.282417"><ele>31.5</ele></trkpt>
   <trkpt lat="51.409064" lon="-2.282838"><ele>31.5</ele></trkpt>
   <trkpt lat="51.408723" lon="-2.28327"><ele>31.25</ele></trkpt>
   <trkpt lat="51.408316" lon="-2.283835"><ele>31.25</ele></trkpt>
   <trkpt lat="51.408118" lon="-2.284135"><ele>31.5</ele></trkpt>
   <trkpt lat="51.407883" lon="-2.284519"><ele>30</ele></trkpt>
   <trkpt lat="51.407791" lon="-2.284677"><ele>30</ele></trkpt>
   <trkpt lat="51.407621" lon="-2.284968"><ele>30.75</ele></trkpt>
   <trkpt lat="51.407335" lon="-2.285487"><ele>31.75</ele></trkpt>
   <trkpt lat="51.407102" lon="-2.285941"><ele>31.25</ele></trkpt>
   <trkpt lat="51.406812" lon="-2.286556"><ele>31.25</ele></trkpt>
   <trkpt lat="51.406544" lon="-2.287157"><ele>31</ele></trkpt>
   <trkpt lat="51.406395" lon="-2.287531"><ele>31.5</ele></trkpt>
   <trkpt lat="51.406247" lon="-2.287908"><ele>29.5</ele></trkpt>
   <trkpt lat="51.405969" lon="-2.288668"><ele>29.25</ele></trkpt>
   <trkpt lat="51.405731" lon="-2.289403"><ele>29</ele></trkpt>
   <trkpt lat="51.40551" lon="-2.290168"><ele>29.25</ele></trkpt>
   <trkpt lat="51.405372" lon="-2.290694"><ele>29.25</ele></trkpt>
   <trkpt lat="51.405235" lon="-2.291257"><ele>29</ele></trkpt>
   <trkpt lat="51.405101" lon="-2.29184"><ele>27</ele></trkpt>
   <trkpt lat="51.404989" lon="-2.292408"><ele>30</ele></trkpt>
   <trkpt lat="51.404878" lon="-2.293059"><ele>28</ele></trkpt>
   <trkpt lat="51.404798" lon="-2.293558"><ele>29.5</ele></trkpt>
   <trkpt lat="51.404726" lon="-2.294134"><ele>30.75</ele></trkpt>
   <trkpt lat="51.404672" lon="-2.294604"><ele>28.5</ele></trkpt>
   <trkpt lat="51.404626" lon="-2.295109"><ele>27.25</ele></trkpt>
   <trkpt lat="51.404581" lon="-2.295693"><ele>27</ele></trkpt>
   <trkpt lat="51.404544" lon="-2.296271"><ele>27.75</ele></trkpt>
   <trkpt lat="51.404429" lon="-2.298553"><ele>29.5</ele></trkpt>
   <trkpt lat="51.404383" lon="-2.299232"><ele>27.5</ele></trkpt>
   <trkpt lat="51.404327" lon="-2.299882"><ele>26</ele></trkpt>
   <trkpt lat="51.404215" lon="-2.300837"><ele>28</ele></trkpt>
   <trkpt lat="51.404108" lon="-2.301674"><ele>26.75</ele></trkpt>
   <trkpt lat="51.403956" lon="-2.30263"><ele>27.5</ele></trkpt>
   <trkpt lat="51.403932" lon="-2.302768"><ele>28.75</ele></trkpt>
   <trkpt lat="51.403695" lon="-2.303956"><ele>26.25</ele></trkpt>
   <trkpt lat="51.403459" lon="-2.305021"><ele>25.5</ele></trkpt>
   <trkpt lat="51.403194" lon="-2.306048"><ele>25.75</ele></trkpt>
   <trkpt lat="51.402729" lon="-2.30761"><ele>27</ele></trkpt>
   <trkpt lat="51.402502" lon="-2.308335"><ele>28.75</ele></trkpt>
   <trkpt lat="51.402248" lon="-2.309084"><ele>25</ele></trkpt>
   <trkpt lat="51.402166" lon="-2.309323"><ele>24.25</ele></trkpt>
   <trkpt lat="51.401944" lon="-2.310021"><ele>24.5</ele></trkpt>
   <trkpt lat="51.401713" lon="-2.310724"><ele>25.25</ele></trkpt>
   <trkpt lat="51.400436" lon="-2.314635"><ele>26</ele></trkpt>
   <trkpt lat="51.399232" lon="-2.318319"><ele>29.25</ele></trkpt>
   <trkpt lat="51.398622" lon="-2.320204"><ele>29</ele></trkpt>
   <trkpt lat="51.398065" lon="-2.321867"><ele>29</ele></trkpt>
   <trkpt lat="51.397623" lon="-2.323235"><ele>29.5</ele></trkpt>
   <trkpt lat="51.39746" lon="-2.323833"><ele>29.75</ele></trkpt>
   <trkpt lat="51.397197" lon="-2.324665"><ele>29</ele></trkpt>
   <trkpt lat="51.396479" lon="-2.326906"><ele>28.5</ele></trkpt>
   <trkpt lat="51.396142" lon="-2.327992"><ele>28.75</ele></trkpt>
   <trkpt lat="51.395545" lon="-2.329962"><ele>29</ele></trkpt>
   <trkpt lat="51.394976" lon="-2.331903"><ele>29.25</ele></trkpt>
   <trkpt lat="51.394837" lon="-2.332306"><ele>29.75</ele></trkpt>
   <trkpt lat="51.394723" lon="-2.332613"><ele>28.5</ele></trkpt>
   <trkpt lat="51.393955" lon="-2.335439"><ele>26.25</ele></trkpt>
   <trkpt lat="51.393193" lon="-2.338399"><ele>25.25</ele></trkpt>
   <trkpt lat="51.393156" lon="-2.33854"><ele>25.75</ele></trkpt>
   <trkpt lat="51.39243" lon="-2.341522"><ele>23.25</ele></trkpt>
   <trkpt lat="51.392393" lon="-2.34167"><ele>22</ele></trkpt>
   <trkpt lat="51.39219" lon="-2.342381"><ele>25.75</ele></trkpt>
   <trkpt lat="51.392048" lon="-2.342832"><ele>24</ele></trkpt>
   <trkpt lat="51.391779" lon="-2.343574"><ele>24</ele></trkpt>
   <trkpt lat="51.391663" lon="-2.343858"><ele>26.75</ele></trkpt>
   <trkpt lat="51.39136" lon="-2.344539"><ele>26.75</ele></trkpt>
   <trkpt lat="51.391046" lon="-2.345139"><ele>27.5</ele></trkpt>
   <trkpt lat="51.390913" lon="-2.345375"><ele>27.75</ele></trkpt>
   <trkpt lat="51.390771" lon="-2.345618"><ele>29.25</ele></trkpt>
   <trkpt lat="51.390384" lon="-2.346191"><ele>30.75</ele></trkpt>
   <trkpt lat="51.390224" lon="-2.346404"><ele>30.25</ele></trkpt>
   <trkpt lat="51.390065" lon="-2.346598"><ele>31</ele></trkpt>
   <trkpt lat="51.389783" lon="-2.346929"><ele>30.25</ele></trkpt>
   <trkpt lat="51.389443" lon="-2.34728"><ele>29.75</ele></trkpt>
   <trkpt lat="51.389187" lon="-2.347519"><ele>29.5</ele></trkpt>
   <trkpt lat="51.388762" lon="-2.347874"><ele>31</ele></trkpt>
   <trkpt lat="51.388276" lon="-2.348205"><ele>30.75</ele></trkpt>
   <trkpt lat="51.388062" lon="-2.348339"><ele>29</ele></trkpt>
   <trkpt lat="51.387712" lon="-2.348505"><ele>30.75</ele></trkpt>
   <trkpt lat="51.387146" lon="-2.348748"><ele>30.75</ele></trkpt>
   <trkpt lat="51.38688" lon="-2.348829"><ele>30</ele></trkpt>
   <trkpt lat="51.384601" lon="-2.34939"><ele>29.75</ele></trkpt>
   <trkpt lat="51.38413" lon="-2.349508"><ele>30</ele></trkpt>
   <trkpt lat="51.38353" lon="-2.349657"><ele>33</ele></trkpt>
   <trkpt lat="51.383353" lon="-2.349703"><ele>31.5</ele></trkpt>
   <trkpt lat="51.383057" lon="-2.349809"><ele>29</ele></trkpt>
   <trkpt lat="51.382571" lon="-2.350036"><ele>25.25</ele></trkpt>
   <trkpt lat="51.381995" lon="-2.350355"><ele>25.25</ele></trkpt>
   <trkpt lat="51.381734" lon="-2.350526"><ele>26</ele></trkpt>
   <trkpt lat="51.381275" lon="-2.350871"/>
   <trkpt lat="51.380824" lon="-2.351271"/>
   <trkpt lat="51.380536" lon="-2.351557"/>
   <trkpt lat="51.380277" lon="-2.351836"/>
   <trkpt lat="51.37992" lon="-2.352269"/>
   <trkpt lat="51.379616" lon="-2.352678"/>
   <trkpt lat="51.37925" lon="-2.353217"/>
   <trkpt lat="51.379067" lon="-2.353519"/>
   <trkpt lat="51.378834" lon="-2.353927"/>
   <trkpt lat="51.378671" lon="-2.354235"/>
   <trkpt lat="51.378486" lon="-2.354615"/>
   <trkpt lat="51.378327" lon="-2.354938"/>
   <trkpt lat="51.378102" lon="-2.355421"/>
   <trkpt lat="51.378017" lon="-2.35562"/>
   <trkpt lat="51.377918" lon="-2.355871"/>
   <trkpt lat="51.377747" lon="-2.356358"/>
   <trkpt lat="51.377634" lon="-2.356745"/>
   <trkpt lat="51.377481" lon="-2.357285"/>
   <trkpt lat="51.377354" lon="-2.357794"/>
   <trkpt lat="51.37728" lon="-2.358194"/>
   <trkpt lat="51.377243" lon="-2.358473"/>
   <trkpt lat="51.377218" lon="-2.358706"/>
   <trkpt lat="51.377193" lon="-2.35904"/>
   <trkpt lat="51.377182" lon="-2.359462"/>
   <trkpt lat="51.37719" lon="-2.359854"/>
   <trkpt lat="51.377226" lon="-2.360383"/>
   <trkpt lat="51.377376" lon="-2.361856"><ele>26</ele></trkpt>
   <trkpt lat="51.377226" lon="-2.360383"><ele>26</ele></trkpt>
   <trkpt lat="51.37719" lon="-2.359854"><ele>26</ele></trkpt>
   <trkpt lat="51.377182" lon="-2.359462"><ele>26</ele></trkpt>
   <trkpt lat="51.377193" lon="-2.35904"><ele>26</ele></trkpt>
   <trkpt lat="51.377218" lon="-2.358706"><ele>26</ele></trkpt>
   <trkpt lat="51.377243" lon="-2.358473"><ele>26</ele></trkpt>
   <trkpt lat="51.37728" lon="-2.358194"><ele>26</ele></trkpt>
   <trkpt lat="51.377354" lon="-2.357794"><ele>26</ele></trkpt>
   <trkpt lat="51.377481" lon="-2.357285"><ele>26</ele></trkpt>
   <trkpt lat="51.377634" lon="-2.356745"><ele>26</ele></trkpt>
   <trkpt lat="51.377747" lon="-2.356358"><ele>26</ele></trkpt>
   <trkpt lat="51.377918" lon="-2.355871"><ele>26</ele></trkpt>
   <trkpt lat="51.378017" lon="-2.35562"><ele>26</ele></trkpt>
   <trkpt lat="51.378102" lon="-2.355421"><ele>26</ele></trkpt>
   <trkpt lat="51.378327" lon="-2.354938"><ele>26</ele></trkpt>
   <trkpt lat="51.378486" lon="-2.354615"><ele>26</ele></trkpt>
   <trkpt lat="51.378671" lon="-2.354235"><ele>26</ele></trkpt>
   <trkpt lat="51.378834" lon="-2.353927"><ele>26</ele></trkpt>
   <trkpt lat="51.379067" lon="-2.353519"><ele>26</ele></trkpt>
   <trkpt lat="51.37925" lon="-2.353217"><ele>26</ele></trkpt>
   <trkpt lat="51.379616" lon="-2.352678"><ele>26</ele></trkpt>
   <trkpt lat="51.37992" lon="-2.352269"><ele>26</ele></trkpt>
   <trkpt lat="51.380277" lon="-2.351836"><ele>26</ele></trkpt>
   <trkpt lat="51.380536" lon="-2.351557"><ele>26</ele></trkpt>
   <trkpt lat="51.380824" lon="-2.351271"><ele>26</ele></trkpt>
   <trkpt lat="51.381275" lon="-2.350871"><ele>26</ele></trkpt>
   <trkpt lat="51.381734" lon="-2.350526"><ele>26</ele></trkpt>
   <trkpt lat="51.381995" lon="-2.350355"><ele>25.25</ele></trkpt>
   <trkpt lat="51.382571" lon="-2.350036"><ele>28.5</ele></trkpt>
   <trkpt lat="51.383057" lon="-2.349809"><ele>31.25</ele></trkpt>
   <trkpt lat="51.383353" lon="-2.349703"><ele>33</ele></trkpt>
   <trkpt lat="51.38353" lon="-2.349657"><ele>33</ele></trkpt>
   <trkpt lat="51.38413" lon="-2.349508"><ele>30</ele></trkpt>
   <trkpt lat="51.384601" lon="-2.34939"><ele>29.75</ele></trkpt>
   <trkpt lat="51.38688" lon="-2.348829"><ele>30</ele></trkpt>
   <trkpt lat="51.387146" lon="-2.348748"><ele>30.75</ele></trkpt>
   <trkpt lat="51.387712" lon="-2.348505"><ele>30.75</ele></trkpt>
   <trkpt lat="51.388062" lon="-2.348339"><ele>29</ele></trkpt>
   <trkpt lat="51.388276" lon="-2.348205"><ele>30.75</ele></trkpt>
   <trkpt lat="51.388762" lon="-2.347874"><ele>31</ele></trkpt>
   <trkpt lat="51.389187" lon="-2.347519"><ele>29.5</ele></trkpt>
   <trkpt lat="51.389443" lon="-2.34728"><ele>29.75</ele></trkpt>
   <trkpt lat="51.389783" lon="-2.346929"><ele>30.25</ele></trkpt>
   <trkpt lat="51.390065" lon="-2.346598"><ele>31</ele></trkpt>
   <trkpt lat="51.390224" lon="-2.346404"><ele>30.25</ele></trkpt>
   <trkpt lat="51.390384" lon="-2.346191"><ele>30.75</ele></trkpt>
   <trkpt lat="51.390771" lon="-2.345618"><ele>29.25</ele></trkpt>
   <trkpt lat="51.390913" lon="-2.345375"><ele>27.75</ele></trkpt>
   <trkpt lat="51.391046" lon="-2.345139"><ele>27.5</ele></trkpt>
   <trkpt lat="51.39136" lon="-2.344539"><ele>26.75</ele></trkpt>
   <trkpt lat="51.391663" lon="-2.343858"><ele>26.75</ele></trkpt>
   <trkpt lat="51.391779" lon="-2.343574"><ele>24</ele></trkpt>
   <trkpt lat="51.392048" lon="-2.342832"><ele>24</ele></trkpt>
   <trkpt lat="51.39219" lon="-2.342381"><ele>25.75</ele></trkpt>
   <trkpt lat="51.392393" lon="-2.34167"><ele>22</ele></trkpt>
   <trkpt lat="51.39243" lon="-2.341522"><ele>23.25</ele></trkpt>
   <trkpt lat="51.393156" lon="-2.33854"><ele>25.75</ele></trkpt>
   <trkpt lat="51.393193" lon="-2.338399"><ele>25.25</ele></trkpt>
   <trkpt lat="51.393955" lon="-2.335439"><ele>26.25</ele></trkpt>
   <trkpt lat="51.394723" lon="-2.332613"><ele>28.5</ele></trkpt>
   <trkpt lat="51.394837" lon="-2.332306"><ele>29.75</ele></trkpt>
   <trkpt lat="51.394976" lon="-2.331903"><ele>29.25</ele></trkpt>
   <trkpt lat="51.395545" lon="-2.329962"><ele>29</ele></trkpt>
   <trkpt lat="51.396142" lon="-2.327992"><ele>28.75</ele></trkpt>
   <trkpt lat="51.396479" lon="-2.326906"><ele>28.5</ele></trkpt>
   <trkpt lat="51.397197" lon="-2.324665"><ele>29</ele></trkpt>
   <trkpt lat="51.39746" lon="-2.323833"><ele>29.75</ele></trkpt>
   <trkpt lat="51.397623" lon="-2.323235"><ele>29.5</ele></trkpt>
   <trkpt lat="51.398065" lon="-2.321867"><ele>29</ele></trkpt>
   <trkpt lat="51.398348" lon="-2.320913"><ele>29</ele></trkpt>
   <trkpt lat="51.398546" lon="-2.320299"><ele>29</ele></trkpt>
   <trkpt lat="51.398688" lon="-2.319808"><ele>29.5</ele></trkpt>
   <trkpt lat="51.398784" lon="-2.319437"><ele>29.5</ele></trkpt>
   <trkpt lat="51.398829" lon="-2.319232"><ele>29</ele></trkpt>
   <trkpt lat="51.398887" lon="-2.318906"><ele>29</ele></trkpt>
   <trkpt lat="51.398915" lon="-2.318693"><ele>29</ele></trkpt>
   <trkpt lat="51.398953" lon="-2.318285"><ele>29</ele></trkpt>
   <trkpt lat="51.39896" lon="-2.31786"><ele>29.25</ele></trkpt>
   <trkpt lat="51.398947" lon="-2.31752"><ele>29.25</ele></trkpt>
   <trkpt lat="51.398927" lon="-2.317289"><ele>29</ele></trkpt>
   <trkpt lat="51.398895" lon="-2.317019"><ele>29</ele></trkpt>
   <trkpt lat="51.39886" lon="-2.316792"><ele>29</ele></trkpt>
   <trkpt lat="51.398762" lon="-2.316308"><ele>28.5</ele></trkpt>
   <trkpt lat="51.398722" lon="-2.316139"><ele>28</ele></trkpt>
   <trkpt lat="51.398558" lon="-2.315566"><ele>29</ele></trkpt>
   <trkpt lat="51.398467" lon="-2.315278"><ele>28.5</ele></trkpt>
   <trkpt lat="51.398306" lon="-2.314807"><ele>28</ele></trkpt>
   <trkpt lat="51.39822" lon="-2.314584"><ele>27.5</ele></trkpt>
   <trkpt lat="51.398073" lon="-2.314246"><ele>26.75</ele></trkpt>
   <trkpt lat="51.397958" lon="-2.314014"><ele>26.25</ele></trkpt>
   <trkpt lat="51.397762" lon="-2.313666"><ele>27</ele></trkpt>
   <trkpt lat="51.397534" lon="-2.313322"><ele>26.5</ele></trkpt>
   <trkpt lat="51.397383" lon="-2.313125"><ele>26</ele></trkpt>
   <trkpt lat="51.397107" lon="-2.312814"><ele>25.5</ele></trkpt>
   <trkpt lat="51.396816" lon="-2.312542"><ele>25.5</ele></trkpt>
   <trkpt lat="51.396669" lon="-2.312422"><ele>25</ele></trkpt>
   <trkpt lat="51.396407" lon="-2.312243"><ele>25.5</ele></trkpt>
   <trkpt lat="51.396296" lon="-2.312177"><ele>25</ele></trkpt>
   <trkpt lat="51.395998" lon="-2.312028"><ele>24.5</ele></trkpt>
   <trkpt lat="51.395928" lon="-2.311997"><ele>24.75</ele></trkpt>
   <trkpt lat="51.395687" lon="-2.311913"><ele>25.25</ele></trkpt>
   <trkpt lat="51.395543" lon="-2.31188"><ele>25</ele></trkpt>
   <trkpt lat="51.395234" lon="-2.311842"><ele>24.25</ele></trkpt>
   <trkpt lat="51.395049" lon="-2.311829"><ele>24</ele></trkpt>
   <trkpt lat="51.394844" lon="-2.311837"><ele>24</ele></trkpt>
   <trkpt lat="51.394689" lon="-2.311849"><ele>24.25</ele></trkpt>
   <trkpt lat="51.394533" lon="-2.311877"><ele>24.75</ele></trkpt>
   <trkpt lat="51.394357" lon="-2.311916"><ele>25.25</ele></trkpt>
   <trkpt lat="51.394179" lon="-2.311969"><ele>24.75</ele></trkpt>
   <trkpt lat="51.394008" lon="-2.312043"><ele>23.75</ele></trkpt>
   <trkpt lat="51.393588" lon="-2.312259"><ele>25</ele></trkpt>
   <trkpt lat="51.392994" lon="-2.312593"><ele>24.25</ele></trkpt>
   <trkpt lat="51.39209" lon="-2.313099"><ele>24.5</ele></trkpt>
   <trkpt lat="51.391577" lon="-2.313387"><ele>24.5</ele></trkpt>
   <trkpt lat="51.39103" lon="-2.313675"><ele>24.5</ele></trkpt>
   <trkpt lat="51.390833" lon="-2.313768"><ele>24.25</ele></trkpt>
   <trkpt lat="51.390515" lon="-2.313893"><ele>25</ele></trkpt>
   <trkpt lat="51.390353" lon="-2.313941"><ele>25.5</ele></trkpt>
   <trkpt lat="51.390184" lon="-2.313978"><ele>25.25</ele></trkpt>
   <trkpt lat="51.389879" lon="-2.314018"><ele>24.25</ele></trkpt>
   <trkpt lat="51.389596" lon="-2.314035"><ele>24.25</ele></trkpt>
   <trkpt lat="51.389282" lon="-2.314019"><ele>24.5</ele></trkpt>
   <trkpt lat="51.388898" lon="-2.313961"><ele>25.25</ele></trkpt>
   <trkpt lat="51.388561" lon="-2.313881"><ele>25.75</ele></trkpt>
   <trkpt lat="51.388155" lon="-2.313732"><ele>25.25</ele></trkpt>
   <trkpt lat="51.387781" lon="-2.313555"><ele>25.75</ele></trkpt>
   <trkpt lat="51.387487" lon="-2.313381"><ele>25.5</ele></trkpt>
   <trkpt lat="51.387312" lon="-2.313263"><ele>25</ele></trkpt>
   <trkpt lat="51.386928" lon="-2.312965"><ele>24.75</ele></trkpt>
   <trkpt lat="51.386628" lon="-2.312689"><ele>24.75</ele></trkpt>
   <trkpt lat="51.38631" lon="-2.312349"><ele>23.5</ele></trkpt>
   <trkpt lat="51.386023" lon="-2.31199"><ele>23.5</ele></trkpt>
   <trkpt lat="51.385907" lon="-2.311833"><ele>23.5</ele></trkpt>
   <trkpt lat="51.385631" lon="-2.311425"><ele>23.75</ele></trkpt>
   <trkpt lat="51.385453" lon="-2.311135"><ele>23</ele></trkpt>
   <trkpt lat="51.385317" lon="-2.310897"><ele>23.75</ele></trkpt>
   <trkpt lat="51.385144" lon="-2.310578"><ele>22.25</ele></trkpt>
   <trkpt lat="51.384933" lon="-2.310161"><ele>23</ele></trkpt>
   <trkpt lat="51.384328" lon="-2.308931"><ele>22.75</ele></trkpt>
   <trkpt lat="51.384046" lon="-2.308401"><ele>22.5</ele></trkpt>
   <trkpt lat="51.383857" lon="-2.308061"><ele>24.5</ele></trkpt>
   <trkpt lat="51.383643" lon="-2.307701"><ele>24.25</ele></trkpt>
   <trkpt lat="51.383242" lon="-2.307065"><ele>23.5</ele></trkpt>
   <trkpt lat="51.382812" lon="-2.306434"><ele>25.25</ele></trkpt>
   <trkpt lat="51.382602" lon="-2.306138"><ele>24.25</ele></trkpt>
   <trkpt lat="51.382237" lon="-2.305649"><ele>25</ele></trkpt>
   <trkpt lat="51.38154" lon="-2.304737"><ele>24.75</ele></trkpt>
   <trkpt lat="51.381227" lon="-2.304345"><ele>25.5</ele></trkpt>
   <trkpt lat="51.38097" lon="-2.304041"><ele>25.75</ele></trkpt>
   <trkpt lat="51.380741" lon="-2.303776"><ele>25.75</ele></trkpt>
   <trkpt lat="51.38034" lon="-2.303358"><ele>25.5</ele></trkpt>
   <trkpt lat="51.380101" lon="-2.303133"><ele>25.25</ele></trkpt>
   <trkpt lat="51.379867" lon="-2.302929"><ele>25.25</ele></trkpt>
   <trkpt lat="51.379613" lon="-2.302717"><ele>25</ele></trkpt>
   <trkpt lat="51.379421" lon="-2.302572"><ele>25</ele></trkpt>
   <trkpt lat="51.378978" lon="-2.302268"><ele>25.5</ele></trkpt>
   <trkpt lat="51.378723" lon="-2.302104"><ele>25.5</ele></trkpt>
   <trkpt lat="51.378366" lon="-2.301909"><ele>25.25</ele></trkpt>
   <trkpt lat="51.377945" lon="-2.301714"><ele>24.75</ele></trkpt>
   <trkpt lat="51.37771" lon="-2.301618"><ele>25</ele></trkpt>
   <trkpt lat="51.37743" lon="-2.301515"><ele>24.75</ele></trkpt>
   <trkpt lat="51.377056" lon="-2.301402"><ele>25.5</ele></trkpt>
   <trkpt lat="51.376458" lon="-2.301249"><ele>24.75</ele></trkpt>
   <trkpt lat="51.376093" lon="-2.301173"><ele>25.25</ele></trkpt>
   <trkpt lat="51.375408" lon="-2.301056"><ele>25.5</ele></trkpt>
   <trkpt lat="51.374979" lon="-2.301018"><ele>24.75</ele></trkpt>
   <trkpt lat="51.374725" lon="-2.301012"><ele>24.25</ele></trkpt>
   <trkpt lat="51.37433" lon="-2.301018"><ele>24.5</ele></trkpt>
   <trkpt lat="51.373928" lon="-2.301048"><ele>25.25</ele></trkpt>
   <trkpt lat="51.373573" lon="-2.301092"><ele>25.5</ele></trkpt>
   <trkpt lat="51.373263" lon="-2.301146"><ele>25.25</ele></trkpt>
   <trkpt lat="51.372879" lon="-2.301228"><ele>24.25</ele></trkpt>
   <trkpt lat="51.37246" lon="-2.301347"><ele>25.5</ele></trkpt>
   <trkpt lat="51.372139" lon="-2.301455"><ele>25.25</ele></trkpt>
   <trkpt lat="51.371849" lon="-2.301566"><ele>24.75</ele></trkpt>
   <trkpt lat="51.371262" lon="-2.301833"><ele>25</ele></trkpt>
   <trkpt lat="51.370792" lon="-2.302095"><ele>25.75</ele></trkpt>
   <trkpt lat="51.37033" lon="-2.302389"><ele>25.25</ele></trkpt>
   <trkpt lat="51.369827" lon="-2.302759"><ele>25.75</ele></trkpt>
   <trkpt lat="51.369515" lon="-2.303019"><ele>25.5</ele></trkpt>
   <trkpt lat="51.369225" lon="-2.303276"><ele>25.5</ele></trkpt>
   <trkpt lat="51.36903" lon="-2.303461"><ele>25</ele></trkpt>
   <trkpt lat="51.368513" lon="-2.303989"><ele>24.25</ele></trkpt>
   <trkpt lat="51.368305" lon="-2.304218"><ele>25.25</ele></trkpt>
   <trkpt lat="51.368021" lon="-2.304552"><ele>25.25</ele></trkpt>
   <trkpt lat="51.36773" lon="-2.304909"><ele>25.5</ele></trkpt>
   <trkpt lat="51.366383" lon="-2.306608"><ele>25.5</ele></trkpt>
   <trkpt lat="51.366105" lon="-2.306968"><ele>26.75</ele></trkpt>
   <trkpt lat="51.364898" lon="-2.308484"><ele>26.75</ele></trkpt>
   <trkpt lat="51.364605" lon="-2.308837"><ele>25.75</ele></trkpt>
   <trkpt lat="51.364356" lon="-2.309125"><ele>26</ele></trkpt>
   <trkpt lat="51.363932" lon="-2.309546"><ele>26.25</ele></trkpt>
   <trkpt lat="51.363773" lon="-2.309693"><ele>26.75</ele></trkpt>
   <trkpt lat="51.363431" lon="-2.309982"><ele>26.25</ele></trkpt>
   <trkpt lat="51.363045" lon="-2.310271"><ele>26.75</ele></trkpt>
   <trkpt lat="51.362484" lon="-2.31064"><ele>26</ele></trkpt>
   <trkpt lat="51.361675" lon="-2.311114"><ele>30.75</ele></trkpt>
   <trkpt lat="51.361412" lon="-2.311257"><ele>28</ele></trkpt>
   <trkpt lat="51.360949" lon="-2.311443"><ele>26.75</ele></trkpt>
   <trkpt lat="51.360604" lon="-2.311546"><ele>26.5</ele></trkpt>
   <trkpt lat="51.360368" lon="-2.311597"><ele>26.25</ele></trkpt>
   <trkpt lat="51.360053" lon="-2.31165"><ele>26.75</ele></trkpt>
   <trkpt lat="51.359329" lon="-2.311749"><ele>25.5</ele></trkpt>
   <trkpt lat="51.357768" lon="-2.31195"><ele>26.75</ele></trkpt>
   <trkpt lat="51.357297" lon="-2.312003"><ele>25.5</ele></trkpt>
   <trkpt lat="51.357165" lon="-2.312021"><ele>24.75</ele></trkpt>
   <trkpt lat="51.356917" lon="-2.312062"><ele>23.75</ele></trkpt>
   <trkpt lat="51.356485" lon="-2.312141"><ele>26.5</ele></trkpt>
   <trkpt lat="51.356124" lon="-2.312225"><ele>27.75</ele></trkpt>
   <trkpt lat="51.355545" lon="-2.312385"><ele>26.5</ele></trkpt>
   <trkpt lat="51.355124" lon="-2.312524"><ele>27.25</ele></trkpt>
   <trkpt lat="51.354902" lon="-2.31261"><ele>26.5</ele></trkpt>
   <trkpt lat="51.354412" lon="-2.312812"><ele>27.5</ele></trkpt>
   <trkpt lat="51.354068" lon="-2.312966"><ele>26.75</ele></trkpt>
   <trkpt lat="51.35334" lon="-2.31333"><ele>27.75</ele></trkpt>
   <trkpt lat="51.352307" lon="-2.313888"><ele>28.25</ele></trkpt>
   <trkpt lat="51.351787" lon="-2.314137"><ele>28.25</ele></trkpt>
   <trkpt lat="51.351406" lon="-2.314297"><ele>28.75</ele></trkpt>
   <trkpt lat="51.350962" lon="-2.314465"><ele>30.25</ele></trkpt>
   <trkpt lat="51.350586" lon="-2.314577"><ele>29.5</ele></trkpt>
   <trkpt lat="51.350202" lon="-2.314658"><ele>30</ele></trkpt>
   <trkpt lat="51.350054" lon="-2.31468"><ele>30.25</ele></trkpt>
   <trkpt lat="51.349668" lon="-2.314712"><ele>30.75</ele></trkpt>
   <trkpt lat="51.349448" lon="-2.314712"><ele>30.75</ele></trkpt>
   <trkpt lat="51.349235" lon="-2.314702"><ele>30.5</ele></trkpt>
   <trkpt lat="51.349018" lon="-2.314677"><ele>30.25</ele></trkpt>
   <trkpt lat="51.34866" lon="-2.314612"><ele>30.25</ele></trkpt>
   <trkpt lat="51.348432" lon="-2.314549"><ele>31.25</ele></trkpt>
   <trkpt lat="51.348286" lon="-2.314502"><ele>32</ele></trkpt>
   <trkpt lat="51.347897" lon="-2.314345"><ele>32.25</ele></trkpt>
   <trkpt lat="51.347678" lon="-2.314237"><ele>32</ele></trkpt>
   <trkpt lat="51.347424" lon="-2.314098"><ele>31.75</ele></trkpt>
   <trkpt lat="51.347053" lon="-2.313848"><ele>31.75</ele></trkpt>
   <trkpt lat="51.346834" lon="-2.313675"><ele>32.25</ele></trkpt>
   <trkpt lat="51.346623" lon="-2.313496"><ele>31.25</ele></trkpt>
   <trkpt lat="51.346415" lon="-2.313301"><ele>30.75</ele></trkpt>
   <trkpt lat="51.346238" lon="-2.313119"><ele>29</ele></trkpt>
   <trkpt lat="51.346001" lon="-2.312838"><ele>28.5</ele></trkpt>
   <trkpt lat="51.345916" lon="-2.312722"><ele>29.25</ele></trkpt>
   <trkpt lat="51.345774" lon="-2.312527"><ele>30.25</ele></trkpt>
   <trkpt lat="51.345662" lon="-2.312356"><ele>29.75</ele></trkpt>
   <trkpt lat="51.345521" lon="-2.312126"><ele>31</ele></trkpt>
   <trkpt lat="51.345342" lon="-2.311815"><ele>31.25</ele></trkpt>
   <trkpt lat="51.345179" lon="-2.311512"><ele>31.75</ele></trkpt>
   <trkpt lat="51.344869" lon="-2.310874"><ele>32.75</ele></trkpt>
   <trkpt lat="51.344579" lon="-2.310181"><ele>33.75</ele></trkpt>
   <trkpt lat="51.344376" lon="-2.309603"><ele>34.25</ele></trkpt>
   <trkpt lat="51.344187" lon="-2.308963"><ele>33.75</ele></trkpt>
   <trkpt lat="51.344083" lon="-2.308554"><ele>34.5</ele></trkpt>
   <trkpt lat="51.343965" lon="-2.308034"><ele>34</ele></trkpt>
   <trkpt lat="51.34386" lon="-2.307517"><ele>34.25</ele></trkpt>
   <trkpt lat="51.343574" lon="-2.306002"><ele>35</ele></trkpt>
   <trkpt lat="51.343362" lon="-2.304923"><ele>34</ele></trkpt>
   <trkpt lat="51.343247" lon="-2.304421"><ele>35.75</ele></trkpt>
   <trkpt lat="51.343091" lon="-2.303822"><ele>34.25</ele></trkpt>
   <trkpt lat="51.342974" lon="-2.303433"><ele>35.25</ele></trkpt>
   <trkpt lat="51.342866" lon="-2.30309"><ele>34.25</ele></trkpt>
   <trkpt lat="51.342742" lon="-2.30273"><ele>34.75</ele></trkpt>
   <trkpt lat="51.342569" lon="-2.302276"><ele>35</ele></trkpt>
   <trkpt lat="51.342383" lon="-2.301814"><ele>34.25</ele></trkpt>
   <trkpt lat="51.342075" lon="-2.301131"><ele>31.5</ele></trkpt>
   <trkpt lat="51.341964" lon="-2.300905"><ele>32.75</ele></trkpt>
   <trkpt lat="51.341696" lon="-2.3004"><ele>33</ele></trkpt>
   <trkpt lat="51.341458" lon="-2.300004"><ele>31.75</ele></trkpt>
   <trkpt lat="51.341147" lon="-2.299519"><ele>31.5</ele></trkpt>
   <trkpt lat="51.340761" lon="-2.298942"><ele>29.75</ele></trkpt>
   <trkpt lat="51.340632" lon="-2.298747"><ele>29.25</ele></trkpt>
   <trkpt lat="51.340332" lon="-2.298291"><ele>30</ele></trkpt>
   <trkpt lat="51.340158" lon="-2.29801"><ele>29.25</ele></trkpt>
   <trkpt lat="51.339969" lon="-2.297683"><ele>29.25</ele></trkpt>
   <trkpt lat="51.339819" lon="-2.297399"><ele>29.25</ele></trkpt>
   <trkpt lat="51.339612" lon="-2.29696"><ele>27</ele></trkpt>
   <trkpt lat="51.339028" lon="-2.295718"><ele>28</ele></trkpt>
   <trkpt lat="51.338849" lon="-2.29531"><ele>29</ele></trkpt>
   <trkpt lat="51.33869" lon="-2.294925"><ele>29.25</ele></trkpt>
   <trkpt lat="51.338597" lon="-2.294674"><ele>29.25</ele></trkpt>
   <trkpt lat="51.338506" lon="-2.29439"><ele>27.5</ele></trkpt>
   <trkpt lat="51.338419" lon="-2.294089"><ele>29</ele></trkpt>
   <trkpt lat="51.338342" lon="-2.293774"><ele>30.25</ele></trkpt>
   <trkpt lat="51.338279" lon="-2.293504"><ele>28.5</ele></trkpt>
   <trkpt lat="51.33821" lon="-2.293155"><ele>27.75</ele></trkpt>
   <trkpt lat="51.338161" lon="-2.292877"><ele>28.75</ele></trkpt>
   <trkpt lat="51.338071" lon="-2.292243"><ele>30.75</ele></trkpt>
   <trkpt lat="51.338011" lon="-2.291582"><ele>29</ele></trkpt>
   <trkpt lat="51.337987" lon="-2.291209"><ele>29.25</ele></trkpt>
   <trkpt lat="51.337972" lon="-2.290851"><ele>29</ele></trkpt>
   <trkpt lat="51.337966" lon="-2.290196"><ele>29</ele></trkpt>
   <trkpt lat="51.337979" lon="-2.289779"><ele>29.25</ele></trkpt>
   <trkpt lat="51.337996" lon="-2.289389"><ele>28.75</ele></trkpt>
   <trkpt lat="51.338017" lon="-2.289101"><ele>28.75</ele></trkpt>
   <trkpt lat="51.338084" lon="-2.288459"><ele>30.25</ele></trkpt>
   <trkpt lat="51.338188" lon="-2.287757"><ele>26.5</ele></trkpt>
   <trkpt lat="51.338317" lon="-2.287073"><ele>28.75</ele></trkpt>
   <trkpt lat="51.338515" lon="-2.286204"><ele>28.75</ele></trkpt>
   <trkpt lat="51.339186" lon="-2.283483"><ele>29</ele></trkpt>
   <trkpt lat="51.339391" lon="-2.282613"><ele>32.5</ele></trkpt>
   <trkpt lat="51.339578" lon="-2.281866"><ele>29.5</ele></trkpt>
   <trkpt lat="51.339893" lon="-2.280542"><ele>27.75</ele></trkpt>
   <trkpt lat="51.340319" lon="-2.278731"><ele>29.75</ele></trkpt>
   <trkpt lat="51.340461" lon="-2.278073"><ele>29.5</ele></trkpt>
   <trkpt lat="51.340699" lon="-2.276852"><ele>30</ele></trkpt>
   <trkpt lat="51.340989" lon="-2.27526"><ele>29.5</ele></trkpt>
   <trkpt lat="51.341133" lon="-2.27458"><ele>30.25</ele></trkpt>
   <trkpt lat="51.341219" lon="-2.274226"><ele>30.5</ele></trkpt>
   <trkpt lat="51.341317" lon="-2.27385"><ele>30.5</ele></trkpt>
   <trkpt lat="51.341414" lon="-2.273512"><ele>30</ele></trkpt>
   <trkpt lat="51.341661" lon="-2.272724"><ele>30.5</ele></trkpt>
   <trkpt lat="51.342322" lon="-2.270835"><ele>31</ele></trkpt>
   <trkpt lat="51.34248" lon="-2.270361"><ele>30.25</ele></trkpt>
   <trkpt lat="51.342645" lon="-2.269829"><ele>31</ele></trkpt>
   <trkpt lat="51.342854" lon="-2.269073"><ele>30.75</ele></trkpt>
   <trkpt lat="51.343089" lon="-2.26807"><ele>30.25</ele></trkpt>
   <trkpt lat="51.343243" lon="-2.267259"><ele>28.25</ele></trkpt>
   <trkpt lat="51.343384" lon="-2.266358"><ele>30</ele></trkpt>
   <trkpt lat="51.343466" lon="-2.26571"><ele>28.25</ele></trkpt>
   <trkpt lat="51.343769" lon="-2.262867"><ele>27.5</ele></trkpt>
   <trkpt lat="51.344153" lon="-2.259163"><ele>31</ele></trkpt>
   <trkpt lat="51.344367" lon="-2.25707"><ele>30.75</ele></trkpt>
   <trkpt lat="51.344463" lon="-2.256159"><ele>29</ele></trkpt>
   <trkpt lat="51.344557" lon="-2.255225"><ele>27.75</ele></trkpt>
   <trkpt lat="51.344821" lon="-2.252603"><ele>31.25</ele></trkpt>
   <trkpt lat="51.344894" lon="-2.251895"><ele>33</ele></trkpt>
   <trkpt lat="51.345081" lon="-2.250185"><ele>32.25</ele></trkpt>
   <trkpt lat="51.345191" lon="-2.249079"><ele>31.75</ele></trkpt>
   <trkpt lat="51.345286" lon="-2.24809"><ele>31.5</ele></trkpt>
   <trkpt lat="51.345309" lon="-2.247785"><ele>31.5</ele></trkpt>
   <trkpt lat="51.34532" lon="-2.247623"><ele>29.75</ele></trkpt>
   <trkpt lat="51.345359" lon="-2.24707"><ele>28.5</ele></trkpt>
   <trkpt lat="51.345405" lon="-2.246287"><ele>30.25</ele></trkpt>
   <trkpt lat="51.345414" lon="-2.245802"><ele>29.5</ele></trkpt>
   <trkpt lat="51.345415" lon="-2.245377"><ele>30.5</ele></trkpt>
   <trkpt lat="51.34541" lon="-2.245118"><ele>33</ele></trkpt>
   <trkpt lat="51.345389" lon="-2.244743"><ele>36</ele></trkpt>
   <trkpt lat="51.345348" lon="-2.244325"><ele>37.75</ele></trkpt>
   <trkpt lat="51.345272" lon="-2.243768"><ele>37.5</ele></trkpt>
   <trkpt lat="51.345172" lon="-2.24324"><ele>39.25</ele></trkpt>
   <trkpt lat="51.345097" lon="-2.242898"><ele>38.5</ele></trkpt>
   <trkpt lat="51.344552" lon="-2.240651"><ele>38.75</ele></trkpt>
   <trkpt lat="51.344413" lon="-2.24004"><ele>38.25</ele></trkpt>
   <trkpt lat="51.344315" lon="-2.239546"><ele>39</ele></trkpt>
   <trkpt lat="51.344232" lon="-2.239032"><ele>38.75</ele></trkpt>
   <trkpt lat="51.344187" lon="-2.238706"><ele>37.75</ele></trkpt>
   <trkpt lat="51.344043" lon="-2.237468"><ele>38.25</ele></trkpt>
   <trkpt lat="51.34395" lon="-2.236752"><ele>38.25</ele></trkpt>
   <trkpt lat="51.343891" lon="-2.236333"><ele>37.25</ele></trkpt>
   <trkpt lat="51.343774" lon="-2.235663"><ele>37.25</ele></trkpt>
   <trkpt lat="51.34371" lon="-2.235338"><ele>37</ele></trkpt>
   <trkpt lat="51.343625" lon="-2.234955"><ele>36.5</ele></trkpt>
   <trkpt lat="51.343483" lon="-2.234379"><ele>36.75</ele></trkpt>
   <trkpt lat="51.343397" lon="-2.234068"><ele>36.5</ele></trkpt>
   <trkpt lat="51.343204" lon="-2.233435"><ele>36.25</ele></trkpt>
   <trkpt lat="51.342902" lon="-2.232564"><ele>35.75</ele></trkpt>
   <trkpt lat="51.341353" lon="-2.228354"><ele>33.75</ele></trkpt>
   <trkpt lat="51.341022" lon="-2.227397"><ele>33</ele></trkpt>
   <trkpt lat="51.340878" lon="-2.226943"><ele>33.75</ele></trkpt>
   <trkpt lat="51.340603" lon="-2.225972"><ele>33.25</ele></trkpt>
   <trkpt lat="51.340393" lon="-2.225118"><ele>32.25</ele></trkpt>
   <trkpt lat="51.340286" lon="-2.22463"><ele>33.5</ele></trkpt>
   <trkpt lat="51.34011" lon="-2.223713"><ele>32.25</ele></trkpt>
   <trkpt lat="51.340033" lon="-2.223243"><ele>33.75</ele></trkpt>
   <trkpt lat="51.339954" lon="-2.222718"><ele>32.5</ele></trkpt>
   <trkpt lat="51.339836" lon="-2.221774"><ele>32.75</ele></trkpt>
   <trkpt lat="51.339548" lon="-2.219141"><ele>32.25</ele></trkpt>
   <trkpt lat="51.339296" lon="-2.216879"><ele>30</ele></trkpt>
   <trkpt lat="51.339211" lon="-2.216124"><ele>31.25</ele></trkpt>
   <trkpt lat="51.339105" lon="-2.215149"><ele>32</ele></trkpt>
   <trkpt lat="51.338988" lon="-2.214116"><ele>32.75</ele></trkpt>
   <trkpt lat="51.338944" lon="-2.213801"><ele>33.25</ele></trkpt>
   <trkpt lat="51.338868" lon="-2.213352"><ele>33.5</ele></trkpt>
   <trkpt lat="51.33882" lon="-2.213117"><ele>32.5</ele></trkpt>
   <trkpt lat="51.338746" lon="-2.212821"><ele>31.5</ele></trkpt>
   <trkpt lat="51.338669" lon="-2.212554"><ele>33</ele></trkpt>
   <trkpt lat="51.338588" lon="-2.212307"><ele>33</ele></trkpt>
   <trkpt lat="51.338503" lon="-2.212084"><ele>32.25</ele></trkpt>
   <trkpt lat="51.338421" lon="-2.211891"><ele>32.75</ele></trkpt>
   <trkpt lat="51.338234" lon="-2.211505"><ele>33</ele></trkpt>
   <trkpt lat="51.338132" lon="-2.211326"><ele>33.25</ele></trkpt>
   <trkpt lat="51.338019" lon="-2.211141"><ele>33.75</ele></trkpt>
   <trkpt lat="51.337901" lon="-2.210966"><ele>33.5</ele></trkpt>
   <trkpt lat="51.337665" lon="-2.210664"><ele>34.25</ele></trkpt>
   <trkpt lat="51.337452" lon="-2.210433"><ele>34.5</ele></trkpt>
   <trkpt lat="51.337336" lon="-2.210324"><ele>34.5</ele></trkpt>
   <trkpt lat="51.337121" lon="-2.210153"><ele>34.25</ele></trkpt>
   <trkpt lat="51.336856" lon="-2.209984"><ele>34.25</ele></trkpt>
   <trkpt lat="51.33663" lon="-2.209872"><ele>34.75</ele></trkpt>
   <trkpt lat="51.336384" lon="-2.209768"><ele>34</ele></trkpt>
   <trkpt lat="51.335987" lon="-2.209647"><ele>33.5</ele></trkpt>
   <trkpt lat="51.335842" lon="-2.209614"><ele>33</ele></trkpt>
   <trkpt lat="51.335363" lon="-2.209539"><ele>32.75</ele></trkpt>
   <trkpt lat="51.334967" lon="-2.209443"><ele>33</ele></trkpt>
   <trkpt lat="51.334503" lon="-2.209354"><ele>33.5</ele></trkpt>
   <trkpt lat="51.333562" lon="-2.20922"><ele>33.5</ele></trkpt>
   <trkpt lat="51.332909" lon="-2.209162"><ele>32.5</ele></trkpt>
   <trkpt lat="51.332587" lon="-2.209158"><ele>33</ele></trkpt>
   <trkpt lat="51.332411" lon="-2.209166"><ele>33</ele></trkpt>
   <trkpt lat="51.332163" lon="-2.209195"><ele>33</ele></trkpt>
   <trkpt lat="51.331715" lon="-2.209279"><ele>33.75</ele></trkpt>
   <trkpt lat="51.331462" lon="-2.209374"><ele>34.25</ele></trkpt>
   <trkpt lat="51.331115" lon="-2.209532"><ele>33.5</ele></trkpt>
   <trkpt lat="51.330732" lon="-2.209749"><ele>34.75</ele></trkpt>
   <trkpt lat="51.33035" lon="-2.210022"><ele>35.25</ele></trkpt>
   <trkpt lat="51.330157" lon="-2.210185"><ele>36.25</ele></trkpt>
   <trkpt lat="51.329972" lon="-2.210361"><ele>36.25</ele></trkpt>
   <trkpt lat="51.329709" lon="-2.210634"><ele>36.5</ele></trkpt>
   <trkpt lat="51.329513" lon="-2.210865"><ele>37.25</ele></trkpt>
   <trkpt lat="51.329109" lon="-2.211377"><ele>37.25</ele></trkpt>
   <trkpt lat="51.327239" lon="-2.213926"><ele>39.25</ele></trkpt>
   <trkpt lat="51.327014" lon="-2.214207"><ele>39.5</ele></trkpt>
   <trkpt lat="51.326782" lon="-2.21448"><ele>39.25</ele></trkpt>
   <trkpt lat="51.326423" lon="-2.214857"><ele>38</ele></trkpt>
   <trkpt lat="51.326045" lon="-2.215191"><ele>38</ele></trkpt>
   <trkpt lat="51.325851" lon="-2.215336"><ele>38</ele></trkpt>
   <trkpt lat="51.325643" lon="-2.21548"><ele>38.25</ele></trkpt>
   <trkpt lat="51.325403" lon="-2.215632"><ele>38.25</ele></trkpt>
   <trkpt lat="51.325179" lon="-2.215756"><ele>38.5</ele></trkpt>
   <trkpt lat="51.324832" lon="-2.215902"><ele>38.25</ele></trkpt>
   <trkpt lat="51.324494" lon="-2.216023"><ele>38.75</ele></trkpt>
   <trkpt lat="51.324253" lon="-2.216087"><ele>38.25</ele></trkpt>
   <trkpt lat="51.324009" lon="-2.216138"><ele>38</ele></trkpt>
   <trkpt lat="51.323685" lon="-2.216182"><ele>38</ele></trkpt>
   <trkpt lat="51.323487" lon="-2.216193"><ele>38</ele></trkpt>
   <trkpt lat="51.323241" lon="-2.216195"><ele>38</ele></trkpt>
   <trkpt lat="51.323074" lon="-2.216185"><ele>38</ele></trkpt>
   <trkpt lat="51.322832" lon="-2.216159"><ele>36.75</ele></trkpt>
   <trkpt lat="51.322588" lon="-2.216118"><ele>36.75</ele></trkpt>
   <trkpt lat="51.322365" lon="-2.216071"><ele>36.75</ele></trkpt>
   <trkpt lat="51.322075" lon="-2.21598"><ele>35.75</ele></trkpt>
   <trkpt lat="51.321987" lon="-2.215946"><ele>35.25</ele></trkpt>
   <trkpt lat="51.321629" lon="-2.215777"><ele>36.5</ele></trkpt>
   <trkpt lat="51.32144" lon="-2.21567"><ele>34.75</ele></trkpt>
   <trkpt lat="51.321354" lon="-2.215617"><ele>34.25</ele></trkpt>
   <trkpt lat="51.321214" lon="-2.215524"><ele>35.25</ele></trkpt>
   <trkpt lat="51.32094" lon="-2.215315"><ele>36</ele></trkpt>
   <trkpt lat="51.320664" lon="-2.215068"><ele>36</ele></trkpt>
   <trkpt lat="51.320222" lon="-2.214592"><ele>36.5</ele></trkpt>
   <trkpt lat="51.319994" lon="-2.214328"><ele>36.75</ele></trkpt>
   <trkpt lat="51.31969" lon="-2.213966"><ele>36.5</ele></trkpt>
   <trkpt lat="51.319141" lon="-2.21334"><ele>37.25</ele></trkpt>
   <trkpt lat="51.318969" lon="-2.213156"><ele>38.5</ele></trkpt>
   <trkpt lat="51.318714" lon="-2.212912"><ele>38.75</ele></trkpt>
   <trkpt lat="51.318498" lon="-2.21273"><ele>38.25</ele></trkpt>
   <trkpt lat="51.318308" lon="-2.212589"><ele>38.75</ele></trkpt>
   <trkpt lat="51.317568" lon="-2.212073"><ele>39.75</ele></trkpt>
   <trkpt lat="51.317364" lon="-2.211913"><ele>39</ele></trkpt>
   <trkpt lat="51.31694" lon="-2.211559"><ele>38.25</ele></trkpt>
   <trkpt lat="51.3165" lon="-2.211156"><ele>39.5</ele></trkpt>
   <trkpt lat="51.316315" lon="-2.210967"><ele>40.25</ele></trkpt>
   <trkpt lat="51.315967" lon="-2.210591"><ele>41</ele></trkpt>
   <trkpt lat="51.315638" lon="-2.2102"><ele>41.75</ele></trkpt>
   <trkpt lat="51.315306" lon="-2.209768"><ele>39.75</ele></trkpt>
   <trkpt lat="51.3151" lon="-2.209483"><ele>41.25</ele></trkpt>
   <trkpt lat="51.314719" lon="-2.208914"><ele>39</ele></trkpt>
   <trkpt lat="51.314577" lon="-2.208684"><ele>40.25</ele></trkpt>
   <trkpt lat="51.314321" lon="-2.208251"><ele>39.25</ele></trkpt>
   <trkpt lat="51.314005" lon="-2.207682"><ele>38.5</ele></trkpt>
   <trkpt lat="51.312683" lon="-2.205254"><ele>41.75</ele></trkpt>
   <trkpt lat="51.312371" lon="-2.204688"><ele>43.75</ele></trkpt>
   <trkpt lat="51.311806" lon="-2.203713"><ele>43.75</ele></trkpt>
   <trkpt lat="51.311337" lon="-2.202999"><ele>43.25</ele></trkpt>
   <trkpt lat="51.311079" lon="-2.202652"><ele>43.5</ele></trkpt>
   <trkpt lat="51.310824" lon="-2.202337"><ele>44</ele></trkpt>
   <trkpt lat="51.310478" lon="-2.201951"><ele>43.25</ele></trkpt>
   <trkpt lat="51.310278" lon="-2.201748"><ele>43.25</ele></trkpt>
   <trkpt lat="51.310057" lon="-2.201542"><ele>43</ele></trkpt>
   <trkpt lat="51.309413" lon="-2.200986"><ele>41.75</ele></trkpt>
   <trkpt lat="51.308791" lon="-2.20049"><ele>41.5</ele></trkpt>
   <trkpt lat="51.308232" lon="-2.20007"><ele>41.5</ele></trkpt>
   <trkpt lat="51.307811" lon="-2.199763"><ele>43</ele></trkpt>
   <trkpt lat="51.307056" lon="-2.199254"><ele>42.25</ele></trkpt>
   <trkpt lat="51.306503" lon="-2.198904"><ele>43.25</ele></trkpt>
   <trkpt lat="51.306057" lon="-2.198643"><ele>43.25</ele></trkpt>
   <trkpt lat="51.305962" lon="-2.198587"><ele>43.25</ele></trkpt>
   <trkpt lat="51.305455" lon="-2.198305"><ele>43.5</ele></trkpt>
   <trkpt lat="51.304774" lon="-2.197958"><ele>43.75</ele></trkpt>
   <trkpt lat="51.304226" lon="-2.1977"><ele>44</ele></trkpt>
   <trkpt lat="51.303688" lon="-2.197468"><ele>44.75</ele></trkpt>
   <trkpt lat="51.300136" lon="-2.196"><ele>44.75</ele></trkpt>
   <trkpt lat="51.299685" lon="-2.195826"><ele>45</ele></trkpt>
   <trkpt lat="51.299195" lon="-2.195662"><ele>45</ele></trkpt>
   <trkpt lat="51.298653" lon="-2.1955"><ele>45</ele></trkpt>
   <trkpt lat="51.298057" lon="-2.195353"><ele>45</ele></trkpt>
   <trkpt lat="51.297356" lon="-2.195225"><ele>45</ele></trkpt>
   <trkpt lat="51.296621" lon="-2.195133"><ele>44</ele></trkpt>
   <trkpt lat="51.29649" lon="-2.195121"><ele>44.25</ele></trkpt>
   <trkpt lat="51.295477" lon="-2.195037"><ele>44.75</ele></trkpt>
   <trkpt lat="51.294928" lon="-2.194994"><ele>44.5</ele></trkpt>
   <trkpt lat="51.293867" lon="-2.194908"><ele>45</ele></trkpt>
   <trkpt lat="51.293707" lon="-2.194892"><ele>45.5</ele></trkpt>
   <trkpt lat="51.293171" lon="-2.194828"><ele>46.25</ele></trkpt>
   <trkpt lat="51.292819" lon="-2.19477"><ele>47</ele></trkpt>
   <trkpt lat="51.291995" lon="-2.194593"><ele>45.25</ele></trkpt>
   <trkpt lat="51.291848" lon="-2.194555"><ele>45.5</ele></trkpt>
   <trkpt lat="51.291211" lon="-2.194385"><ele>46.75</ele></trkpt>
   <trkpt lat="51.290841" lon="-2.194276"><ele>47</ele></trkpt>
   <trkpt lat="51.285162" lon="-2.19246"><ele>48.75</ele></trkpt>
   <trkpt lat="51.283849" lon="-2.19205"><ele>52</ele></trkpt>
   <trkpt lat="51.282555" lon="-2.191671"><ele>51</ele></trkpt>
   <trkpt lat="51.281509" lon="-2.191389"><ele>52</ele></trkpt>
   <trkpt lat="51.280915" lon="-2.191251"><ele>51.5</ele></trkpt>
   <trkpt lat="51.280273" lon="-2.191144"><ele>52</ele></trkpt>
   <trkpt lat="51.279814" lon="-2.191101"><ele>50.5</ele></trkpt>
   <trkpt lat="51.279267" lon="-2.191093"><ele>52.5</ele></trkpt>
   <trkpt lat="51.278862" lon="-2.191104"><ele>52.75</ele></trkpt>
   <trkpt lat="51.278372" lon="-2.191148"><ele>53.75</ele></trkpt>
   <trkpt lat="51.278144" lon="-2.191181"><ele>53.5</ele></trkpt>
   <trkpt lat="51.277657" lon="-2.191269"><ele>54</ele></trkpt>
   <trkpt lat="51.277386" lon="-2.191333"><ele>54.5</ele></trkpt>
   <trkpt lat="51.276945" lon="-2.191458"><ele>55.5</ele></trkpt>
   <trkpt lat="51.276587" lon="-2.191575"><ele>56</ele></trkpt>
   <trkpt lat="51.276244" lon="-2.191706"><ele>56.5</ele></trkpt>
   <trkpt lat="51.275618" lon="-2.191981"><ele>57.25</ele></trkpt>
   <trkpt lat="51.275177" lon="-2.192215"><ele>58</ele></trkpt>
   <trkpt lat="51.27476" lon="-2.19246"><ele>59.25</ele></trkpt>
   <trkpt lat="51.274185" lon="-2.192833"><ele>59.75</ele></trkpt>
   <trkpt lat="51.273652" lon="-2.193189"><ele>60</ele></trkpt>
   <trkpt lat="51.273176" lon="-2.193523"><ele>60.75</ele></trkpt>
   <trkpt lat="51.272699" lon="-2.193872"><ele>60.5</ele></trkpt>
   <trkpt lat="51.272266" lon="-2.194201"><ele>61.5</ele></trkpt>
   <trkpt lat="51.270455" lon="-2.195653"><ele>61.75</ele></trkpt>
   <trkpt lat="51.269455" lon="-2.196458"><ele>61.75</ele></trkpt>
   <trkpt lat="51.268997" lon="-2.196869"><ele>62</ele></trkpt>
   <trkpt lat="51.268694" lon="-2.197197"><ele>62.25</ele></trkpt>
   <trkpt lat="51.268378" lon="-2.197546"><ele>62.25</ele></trkpt>
   <trkpt lat="51.267888" lon="-2.198069"><ele>62.25</ele></trkpt>
   <trkpt lat="51.267749" lon="-2.198235"><ele>62.5</ele></trkpt>
   <trkpt lat="51.267503" lon="-2.198545"><ele>62</ele></trkpt>
   <trkpt lat="51.267171" lon="-2.198972"><ele>62</ele></trkpt>
   <trkpt lat="51.267104" lon="-2.199057"><ele>62</ele></trkpt>
   <trkpt lat="51.266565" lon="-2.19974"><ele>62</ele></trkpt>
   <trkpt lat="51.26649" lon="-2.199835"><ele>62</ele></trkpt>
   <trkpt lat="51.265849" lon="-2.200641"><ele>62</ele></trkpt>
   <trkpt lat="51.264999" lon="-2.201709"><ele>62</ele></trkpt>
   <trkpt lat="51.264546" lon="-2.202285"><ele>62</ele></trkpt>
   <trkpt lat="51.264355" lon="-2.202527"><ele>62.25</ele></trkpt>
   <trkpt lat="51.263729" lon="-2.203195"><ele>63</ele></trkpt>
   <trkpt lat="51.263413" lon="-2.203607"><ele>63</ele></trkpt>
   <trkpt lat="51.262931" lon="-2.204186"><ele>63</ele></trkpt>
   <trkpt lat="51.262431" lon="-2.204843"><ele>63</ele></trkpt>
   <trkpt lat="51.261995" lon="-2.205359"><ele>63</ele></trkpt>
   <trkpt lat="51.261615" lon="-2.205792"><ele>63.75</ele></trkpt>
   <trkpt lat="51.261376" lon="-2.206045"><ele>63</ele></trkpt>
   <trkpt lat="51.26107" lon="-2.206349"><ele>63.75</ele></trkpt>
   <trkpt lat="51.260661" lon="-2.206721"><ele>63.75</ele></trkpt>
   <trkpt lat="51.260244" lon="-2.207071"><ele>64</ele></trkpt>
   <trkpt lat="51.260017" lon="-2.207254"><ele>65.25</ele></trkpt>
   <trkpt lat="51.259785" lon="-2.20743"><ele>63.25</ele></trkpt>
   <trkpt lat="51.259692" lon="-2.207493"><ele>64</ele></trkpt>
   <trkpt lat="51.259431" lon="-2.207665"><ele>64.25</ele></trkpt>
   <trkpt lat="51.259275" lon="-2.207766"><ele>65.5</ele></trkpt>
   <trkpt lat="51.258734" lon="-2.208064"><ele>66.25</ele></trkpt>
   <trkpt lat="51.258489" lon="-2.20819"><ele>65.75</ele></trkpt>
   <trkpt lat="51.258236" lon="-2.208307"><ele>67.75</ele></trkpt>
   <trkpt lat="51.257991" lon="-2.208408"><ele>67.75</ele></trkpt>
   <trkpt lat="51.257813" lon="-2.208476"><ele>67.25</ele></trkpt>
   <trkpt lat="51.257368" lon="-2.208616"><ele>69.75</ele></trkpt>
   <trkpt lat="51.257028" lon="-2.208713"><ele>68.5</ele></trkpt>
   <trkpt lat="51.256662" lon="-2.208798"><ele>67.5</ele></trkpt>
   <trkpt lat="51.256529" lon="-2.208819"><ele>69</ele></trkpt>
   <trkpt lat="51.256337" lon="-2.208849"><ele>71</ele></trkpt>
   <trkpt lat="51.255932" lon="-2.208892"><ele>72.5</ele></trkpt>
   <trkpt lat="51.255519" lon="-2.208908"><ele>72.75</ele></trkpt>
   <trkpt lat="51.255115" lon="-2.208896"><ele>73.5</ele></trkpt>
   <trkpt lat="51.254441" lon="-2.208841"><ele>71.75</ele></trkpt>
   <trkpt lat="51.254291" lon="-2.208819"><ele>72.5</ele></trkpt>
   <trkpt lat="51.251387" lon="-2.208402"><ele>76.5</ele></trkpt>
   <trkpt lat="51.25125" lon="-2.208384"><ele>77.75</ele></trkpt>
   <trkpt lat="51.250585" lon="-2.208297"><ele>79.25</ele></trkpt>
   <trkpt lat="51.250143" lon="-2.208223"><ele>79.25</ele></trkpt>
   <trkpt lat="51.249621" lon="-2.208105"><ele>81</ele></trkpt>
   <trkpt lat="51.249088" lon="-2.207952"><ele>79.75</ele></trkpt>
   <trkpt lat="51.248915" lon="-2.207886"><ele>80</ele></trkpt>
   <trkpt lat="51.248452" lon="-2.207672"><ele>80.75</ele></trkpt>
   <trkpt lat="51.248025" lon="-2.20743"><ele>82.5</ele></trkpt>
   <trkpt lat="51.247518" lon="-2.207092"><ele>82.75</ele></trkpt>
   <trkpt lat="51.247131" lon="-2.206803"><ele>84</ele></trkpt>
   <trkpt lat="51.247013" lon="-2.206708"><ele>85</ele></trkpt>
   <trkpt lat="51.245966" lon="-2.205763"><ele>83.75</ele></trkpt>
   <trkpt lat="51.245785" lon="-2.205614"><ele>85</ele></trkpt>
   <trkpt lat="51.245523" lon="-2.205407"><ele>86.5</ele></trkpt>
   <trkpt lat="51.245221" lon="-2.2052"><ele>88.5</ele></trkpt>
   <trkpt lat="51.244812" lon="-2.204958"><ele>90</ele></trkpt>
   <trkpt lat="51.244598" lon="-2.204852"><ele>91</ele></trkpt>
   <trkpt lat="51.244152" lon="-2.20466"><ele>92</ele></trkpt>
   <trkpt lat="51.243982" lon="-2.204599"><ele>93.5</ele></trkpt>
   <trkpt lat="51.243694" lon="-2.204508"><ele>93.75</ele></trkpt>
   <trkpt lat="51.24325" lon="-2.204405"><ele>93.5</ele></trkpt>
   <trkpt lat="51.242682" lon="-2.204331"><ele>96.5</ele></trkpt>
   <trkpt lat="51.242275" lon="-2.204328"><ele>98</ele></trkpt>
   <trkpt lat="51.24201" lon="-2.204339"><ele>97.75</ele></trkpt>
   <trkpt lat="51.241753" lon="-2.204366"><ele>96.5</ele></trkpt>
   <trkpt lat="51.24155" lon="-2.204401"><ele>95.75</ele></trkpt>
   <trkpt lat="51.241331" lon="-2.204453"><ele>96</ele></trkpt>
   <trkpt lat="51.241142" lon="-2.204504"><ele>96.75</ele></trkpt>
   <trkpt lat="51.240729" lon="-2.204651"><ele>95.5</ele></trkpt>
   <trkpt lat="51.240549" lon="-2.204735"><ele>95</ele></trkpt>
   <trkpt lat="51.240061" lon="-2.204957"><ele>97</ele></trkpt>
   <trkpt lat="51.239243" lon="-2.205356"><ele>97.75</ele></trkpt>
   <trkpt lat="51.238788" lon="-2.205541"><ele>99.25</ele></trkpt>
   <trkpt lat="51.238566" lon="-2.205617"><ele>100</ele></trkpt>
   <trkpt lat="51.238167" lon="-2.205738"><ele>100.75</ele></trkpt>
   <trkpt lat="51.237744" lon="-2.205825"><ele>100.75</ele></trkpt>
   <trkpt lat="51.237519" lon="-2.205859"><ele>101</ele></trkpt>
   <trkpt lat="51.237183" lon="-2.205887"><ele>100.5</ele></trkpt>
   <trkpt lat="51.236863" lon="-2.205899"><ele>100.75</ele></trkpt>
   <trkpt lat="51.236734" lon="-2.205898"><ele>101</ele></trkpt>
   <trkpt lat="51.236251" lon="-2.205864"><ele>102.5</ele></trkpt>
   <trkpt lat="51.236012" lon="-2.205832"><ele>103.25</ele></trkpt>
   <trkpt lat="51.23549" lon="-2.205736"><ele>101.5</ele></trkpt>
   <trkpt lat="51.235125" lon="-2.20565"><ele>103</ele></trkpt>
   <trkpt lat="51.234339" lon="-2.205401"><ele>102.75</ele></trkpt>
   <trkpt lat="51.233967" lon="-2.205269"><ele>105.75</ele></trkpt>
   <trkpt lat="51.233272" lon="-2.204993"><ele>108</ele></trkpt>
   <trkpt lat="51.232897" lon="-2.204832"><ele>108.75</ele></trkpt>
   <trkpt lat="51.231748" lon="-2.204295"><ele>112</ele></trkpt>
   <trkpt lat="51.230889" lon="-2.203853"><ele>115.5</ele></trkpt>
   <trkpt lat="51.230086" lon="-2.203403"><ele>117.75</ele></trkpt>
   <trkpt lat="51.229503" lon="-2.203057"><ele>117.25</ele></trkpt>
   <trkpt lat="51.228817" lon="-2.202617"><ele>120.25</ele></trkpt>
   <trkpt lat="51.227736" lon="-2.201861"><ele>121.25</ele></trkpt>
   <trkpt lat="51.22658" lon="-2.20097"><ele>121.75</ele></trkpt>
   <trkpt lat="51.225707" lon="-2.200259"><ele>119.5</ele></trkpt>
   <trkpt lat="51.2253" lon="-2.199909"><ele>119.5</ele></trkpt>
   <trkpt lat="51.224751" lon="-2.199417"><ele>119.75</ele></trkpt>
   <trkpt lat="51.224261" lon="-2.198962"><ele>120</ele></trkpt>
   <trkpt lat="51.223777" lon="-2.198492"><ele>120.25</ele></trkpt>
   <trkpt lat="51.223288" lon="-2.197999"><ele>119.75</ele></trkpt>
   <trkpt lat="51.22264" lon="-2.197318"><ele>119.75</ele></trkpt>
   <trkpt lat="51.222025" lon="-2.196646"><ele>119</ele></trkpt>
   <trkpt lat="51.221582" lon="-2.196138"><ele>117.75</ele></trkpt>
   <trkpt lat="51.221053" lon="-2.195506"><ele>117.75</ele></trkpt>
   <trkpt lat="51.22059" lon="-2.194934"><ele>118</ele></trkpt>
   <trkpt lat="51.218999" lon="-2.192913"><ele>116.25</ele></trkpt>
   <trkpt lat="51.216591" lon="-2.189849"><ele>116.25</ele></trkpt>
   <trkpt lat="51.21498" lon="-2.187831"><ele>116.25</ele></trkpt>
   <trkpt lat="51.214413" lon="-2.187111"><ele>115.75</ele></trkpt>
   <trkpt lat="51.209746" lon="-2.181276"><ele>118.25</ele></trkpt>
   <trkpt lat="51.209015" lon="-2.180344"><ele>117</ele></trkpt>
   <trkpt lat="51.208862" lon="-2.180148"><ele>117.75</ele></trkpt>
   <trkpt lat="51.208508" lon="-2.179684"><ele>119.25</ele></trkpt>
   <trkpt lat="51.208202" lon="-2.179264"><ele>119</ele></trkpt>
   <trkpt lat="51.208015" lon="-2.178994"><ele>119.5</ele></trkpt>
   <trkpt lat="51.207702" lon="-2.178492"><ele>119.5</ele></trkpt>
   <trkpt lat="51.207551" lon="-2.178225"><ele>119.75</ele></trkpt>
   <trkpt lat="51.207326" lon="-2.177775"><ele>119.75</ele></trkpt>
   <trkpt lat="51.207228" lon="-2.177554"><ele>120.5</ele></trkpt>
   <trkpt lat="51.207084" lon="-2.177202"><ele>120.25</ele></trkpt>
   <trkpt lat="51.206661" lon="-2.176135"><ele>120</ele></trkpt>
   <trkpt lat="51.206414" lon="-2.175418"><ele>121</ele></trkpt>
   <trkpt lat="51.206312" lon="-2.175168"><ele>121</ele></trkpt>
   <trkpt lat="51.206154" lon="-2.174767"><ele>121.25</ele></trkpt>
   <trkpt lat="51.206037" lon="-2.174447"><ele>121</ele></trkpt>
   <trkpt lat="51.205925" lon="-2.174098"><ele>121.25</ele></trkpt>
   <trkpt lat="51.205739" lon="-2.173475"><ele>122</ele></trkpt>
   <trkpt lat="51.205557" lon="-2.172823"><ele>120.75</ele></trkpt>
   <trkpt lat="51.205445" lon="-2.172396"><ele>123</ele></trkpt>
   <trkpt lat="51.205262" lon="-2.171568"><ele>120.75</ele></trkpt>
   <trkpt lat="51.205169" lon="-2.171114"><ele>122.5</ele></trkpt>
   <trkpt lat="51.204993" lon="-2.170106"><ele>120.5</ele></trkpt>
   <trkpt lat="51.204862" lon="-2.169248"><ele>121</ele></trkpt>
   <trkpt lat="51.204745" lon="-2.168359"><ele>119.25</ele></trkpt>
   <trkpt lat="51.204653" lon="-2.16747"><ele>119.75</ele></trkpt>
   <trkpt lat="51.20462" lon="-2.167077"><ele>119.5</ele></trkpt>
   <trkpt lat="51.204589" lon="-2.166651"><ele>119.25</ele></trkpt>
   <trkpt lat="51.204565" lon="-2.166186"><ele>119</ele></trkpt>
   <trkpt lat="51.204549" lon="-2.165763"><ele>119</ele></trkpt>
   <trkpt lat="51.204536" lon="-2.164876"><ele>118.5</ele></trkpt>
   <trkpt lat="51.204542" lon="-2.164351"><ele>118.25</ele></trkpt>
   <trkpt lat="51.204553" lon="-2.163954"><ele>118.25</ele></trkpt>
   <trkpt lat="51.204575" lon="-2.163484"><ele>118.5</ele></trkpt>
   <trkpt lat="51.204633" lon="-2.162569"><ele>118</ele></trkpt>
   <trkpt lat="51.204856" lon="-2.160104"><ele>118.5</ele></trkpt>
   <trkpt lat="51.204929" lon="-2.159214"><ele>118.5</ele></trkpt>
   <trkpt lat="51.204958" lon="-2.158791"><ele>118.25</ele></trkpt>
   <trkpt lat="51.204993" lon="-2.158033"><ele>118</ele></trkpt>
   <trkpt lat="51.205006" lon="-2.157269"><ele>117</ele></trkpt>
   <trkpt lat="51.204996" lon="-2.156517"><ele>117</ele></trkpt>
   <trkpt lat="51.204972" lon="-2.155836"><ele>117.25</ele></trkpt>
   <trkpt lat="51.204914" lon="-2.154908"><ele>118.5</ele></trkpt>
   <trkpt lat="51.204826" lon="-2.15386"><ele>115.5</ele></trkpt>
   <trkpt lat="51.204765" lon="-2.153316"><ele>113.75</ele></trkpt>
   <trkpt lat="51.204626" lon="-2.152285"><ele>111.25</ele></trkpt>
   <trkpt lat="51.204547" lon="-2.151787"><ele>111.5</ele></trkpt>
   <trkpt lat="51.204442" lon="-2.151182"><ele>111.75</ele></trkpt>
   <trkpt lat="51.204331" lon="-2.150611"><ele>110</ele></trkpt>
   <trkpt lat="51.204106" lon="-2.149577"><ele>110</ele></trkpt>
   <trkpt lat="51.203864" lon="-2.148623"><ele>109.75</ele></trkpt>
   <trkpt lat="51.203636" lon="-2.147842"><ele>110</ele></trkpt>
   <trkpt lat="51.20351" lon="-2.147446"><ele>109.5</ele></trkpt>
   <trkpt lat="51.203362" lon="-2.147006"><ele>109.75</ele></trkpt>
   <trkpt lat="51.203162" lon="-2.146445"><ele>110.25</ele></trkpt>
   <trkpt lat="51.203035" lon="-2.146109"><ele>108.75</ele></trkpt>
   <trkpt lat="51.202911" lon="-2.145796"><ele>109</ele></trkpt>
   <trkpt lat="51.202665" lon="-2.145222"><ele>108.5</ele></trkpt>
   <trkpt lat="51.202458" lon="-2.144767"><ele>108.75</ele></trkpt>
   <trkpt lat="51.202266" lon="-2.144364"><ele>108.75</ele></trkpt>
   <trkpt lat="51.201996" lon="-2.14384"><ele>109.75</ele></trkpt>
   <trkpt lat="51.201873" lon="-2.143616"><ele>109.75</ele></trkpt>
   <trkpt lat="51.201567" lon="-2.143083"><ele>110.5</ele></trkpt>
   <trkpt lat="51.201251" lon="-2.142579"><ele>110.75</ele></trkpt>
   <trkpt lat="51.201011" lon="-2.142216"><ele>111.5</ele></trkpt>
   <trkpt lat="51.200631" lon="-2.141692"><ele>110.75</ele></trkpt>
   <trkpt lat="51.20035" lon="-2.141328"><ele>111.5</ele></trkpt>
   <trkpt lat="51.200004" lon="-2.140893"><ele>110</ele></trkpt>
   <trkpt lat="51.198375" lon="-2.138891"><ele>108.5</ele></trkpt>
   <trkpt lat="51.198031" lon="-2.138456"><ele>107.75</ele></trkpt>
   <trkpt lat="51.197436" lon="-2.137674"><ele>107.5</ele></trkpt>
   <trkpt lat="51.197353" lon="-2.13756"><ele>107.5</ele></trkpt>
   <trkpt lat="51.197025" lon="-2.137116"><ele>108</ele></trkpt>
   <trkpt lat="51.196625" lon="-2.136551"><ele>107.75</ele></trkpt>
   <trkpt lat="51.196009" lon="-2.135634"><ele>108.5</ele></trkpt>
   <trkpt lat="51.195482" lon="-2.134819"><ele>107.5</ele></trkpt>
   <trkpt lat="51.194752" lon="-2.13364"><ele>109.75</ele></trkpt>
   <trkpt lat="51.193864" lon="-2.13212"><ele>111.5</ele></trkpt>
   <trkpt lat="51.192692" lon="-2.13"><ele>110.25</ele></trkpt>
   <trkpt lat="51.192469" lon="-2.129613"><ele>109</ele></trkpt>
   <trkpt lat="51.191973" lon="-2.128795"><ele>108.5</ele></trkpt>
   <trkpt lat="51.1917" lon="-2.128375"><ele>108.25</ele></trkpt>
   <trkpt lat="51.191122" lon="-2.127517"><ele>107</ele></trkpt>
   <trkpt lat="51.190525" lon="-2.126709"><ele>107</ele></trkpt>
   <trkpt lat="51.190218" lon="-2.126317"><ele>106.75</ele></trkpt>
   <trkpt lat="51.189917" lon="-2.12595"><ele>106.75</ele></trkpt>
   <trkpt lat="51.189309" lon="-2.125276"><ele>106.5</ele></trkpt>
   <trkpt lat="51.188994" lon="-2.124942"><ele>107</ele></trkpt>
   <trkpt lat="51.188673" lon="-2.124619"><ele>106.25</ele></trkpt>
   <trkpt lat="51.187923" lon="-2.123916"><ele>105</ele></trkpt>
   <trkpt lat="51.187615" lon="-2.123644"><ele>105</ele></trkpt>
   <trkpt lat="51.187305" lon="-2.123379"><ele>104.25</ele></trkpt>
   <trkpt lat="51.186908" lon="-2.123064"><ele>103.75</ele></trkpt>
   <trkpt lat="51.185261" lon="-2.121874"><ele>102.25</ele></trkpt>
   <trkpt lat="51.184645" lon="-2.121419"><ele>102</ele></trkpt>
   <trkpt lat="51.183976" lon="-2.120914"><ele>99.25</ele></trkpt>
   <trkpt lat="51.183633" lon="-2.12064"><ele>98.5</ele></trkpt>
   <trkpt lat="51.182933" lon="-2.120036"><ele>97.75</ele></trkpt>
   <trkpt lat="51.182588" lon="-2.119724"><ele>98</ele></trkpt>
   <trkpt lat="51.181829" lon="-2.118981"><ele>96.75</ele></trkpt>
   <trkpt lat="51.181513" lon="-2.118656"><ele>96.75</ele></trkpt>
   <trkpt lat="51.181214" lon="-2.118329"><ele>95.75</ele></trkpt>
   <trkpt lat="51.181029" lon="-2.118137"><ele>95.75</ele></trkpt>
   <trkpt lat="51.180459" lon="-2.117495"><ele>95.75</ele></trkpt>
   <trkpt lat="51.179933" lon="-2.116861"><ele>95.75</ele></trkpt>
   <trkpt lat="51.179769" lon="-2.116664"><ele>96.25</ele></trkpt>
   <trkpt lat="51.179168" lon="-2.115894"><ele>95.75</ele></trkpt>
   <trkpt lat="51.178843" lon="-2.115459"><ele>96</ele></trkpt>
   <trkpt lat="51.178766" lon="-2.115353"><ele>95.75</ele></trkpt>
   <trkpt lat="51.178194" lon="-2.114554"><ele>96</ele></trkpt>
   <trkpt lat="51.177934" lon="-2.114169"><ele>95.75</ele></trkpt>
   <trkpt lat="51.177694" lon="-2.113805"><ele>96.25</ele></trkpt>
   <trkpt lat="51.177289" lon="-2.113139"><ele>97.75</ele></trkpt>
   <trkpt lat="51.176881" lon="-2.112397"><ele>98</ele></trkpt>
   <trkpt lat="51.1766" lon="-2.11185"><ele>98.25</ele></trkpt>
   <trkpt lat="51.176372" lon="-2.111363"><ele>99</ele></trkpt>
   <trkpt lat="51.176136" lon="-2.110836"><ele>99</ele></trkpt>
   <trkpt lat="51.175948" lon="-2.110387"><ele>101.25</ele></trkpt>
   <trkpt lat="51.175754" lon="-2.109899"><ele>101.25</ele></trkpt>
   <trkpt lat="51.175573" lon="-2.109413"><ele>99.25</ele></trkpt>
   <trkpt lat="51.175221" lon="-2.108379"><ele>99</ele></trkpt>
   <trkpt lat="51.173184" lon="-2.10189"><ele>106</ele></trkpt>
   <trkpt lat="51.172995" lon="-2.101303"><ele>105</ele></trkpt>
   <trkpt lat="51.172856" lon="-2.100876"><ele>104</ele></trkpt>
   <trkpt lat="51.172692" lon="-2.100401"><ele>105.5</ele></trkpt>
   <trkpt lat="51.172522" lon="-2.099937"><ele>101.75</ele></trkpt>
   <trkpt lat="51.172336" lon="-2.099454"><ele>103.75</ele></trkpt>
   <trkpt lat="51.172133" lon="-2.098959"><ele>103</ele></trkpt>
   <trkpt lat="51.17176" lon="-2.09813"><ele>100.75</ele></trkpt>
   <trkpt lat="51.171549" lon="-2.097684"><ele>101.25</ele></trkpt>
   <trkpt lat="51.171142" lon="-2.0969"><ele>98.75</ele></trkpt>
   <trkpt lat="51.170746" lon="-2.096193"><ele>96.5</ele></trkpt>
   <trkpt lat="51.170266" lon="-2.095395"><ele>95.5</ele></trkpt>
   <trkpt lat="51.169533" lon="-2.094225"><ele>94.25</ele></trkpt>
   <trkpt lat="51.169124" lon="-2.093508"><ele>94.5</ele></trkpt>
   <trkpt lat="51.168718" lon="-2.092756"><ele>93</ele></trkpt>
   <trkpt lat="51.168409" lon="-2.092141"><ele>92.75</ele></trkpt>
   <trkpt lat="51.168312" lon="-2.091947"><ele>93.75</ele></trkpt>
   <trkpt lat="51.167718" lon="-2.090662"><ele>91.75</ele></trkpt>
   <trkpt lat="51.167278" lon="-2.089624"><ele>91.5</ele></trkpt>
   <trkpt lat="51.166822" lon="-2.088434"><ele>89.75</ele></trkpt>
   <trkpt lat="51.166603" lon="-2.087831"><ele>90</ele></trkpt>
   <trkpt lat="51.16597" lon="-2.086047"><ele>88</ele></trkpt>
   <trkpt lat="51.165478" lon="-2.084601"><ele>87.75</ele></trkpt>
   <trkpt lat="51.16525" lon="-2.083914"><ele>88.75</ele></trkpt>
   <trkpt lat="51.164788" lon="-2.08248"><ele>87.75</ele></trkpt>
   <trkpt lat="51.164716" lon="-2.082268"><ele>87.75</ele></trkpt>
   <trkpt lat="51.164638" lon="-2.082006"><ele>87</ele></trkpt>
   <trkpt lat="51.164321" lon="-2.081013"><ele>87.25</ele></trkpt>
   <trkpt lat="51.164289" lon="-2.080912"><ele>87.5</ele></trkpt>
   <trkpt lat="51.16419" lon="-2.080589"><ele>88</ele></trkpt>
   <trkpt lat="51.164061" lon="-2.080183"><ele>87.5</ele></trkpt>
   <trkpt lat="51.16372" lon="-2.079061"><ele>87.25</ele></trkpt>
   <trkpt lat="51.161318" lon="-2.071082"><ele>85</ele></trkpt>
   <trkpt lat="51.160916" lon="-2.069795"><ele>85.25</ele></trkpt>
   <trkpt lat="51.160533" lon="-2.068645"><ele>85</ele></trkpt>
   <trkpt lat="51.160343" lon="-2.068098"><ele>85</ele></trkpt>
   <trkpt lat="51.159962" lon="-2.067016"><ele>85</ele></trkpt>
   <trkpt lat="51.159767" lon="-2.066495"><ele>85</ele></trkpt>
   <trkpt lat="51.159551" lon="-2.065929"><ele>84.75</ele></trkpt>
   <trkpt lat="51.159003" lon="-2.064558"><ele>84</ele></trkpt>
   <trkpt lat="51.158363" lon="-2.063053"><ele>83.75</ele></trkpt>
   <trkpt lat="51.158123" lon="-2.062498"><ele>83.75</ele></trkpt>
   <trkpt lat="51.157688" lon="-2.061546"><ele>83.5</ele></trkpt>
   <trkpt lat="51.157218" lon="-2.060552"><ele>83.75</ele></trkpt>
   <trkpt lat="51.156718" lon="-2.059551"><ele>83.5</ele></trkpt>
   <trkpt lat="51.156472" lon="-2.059079"><ele>83.5</ele></trkpt>
   <trkpt lat="51.155988" lon="-2.058178"><ele>83.25</ele></trkpt>
   <trkpt lat="51.155745" lon="-2.057746"><ele>83</ele></trkpt>
   <trkpt lat="51.155186" lon="-2.056797"><ele>82.75</ele></trkpt>
   <trkpt lat="51.154979" lon="-2.056462"><ele>82.75</ele></trkpt>
   <trkpt lat="51.154623" lon="-2.055883"><ele>83</ele></trkpt>
   <trkpt lat="51.154233" lon="-2.055268"><ele>83.25</ele></trkpt>
   <trkpt lat="51.153838" lon="-2.054665"><ele>83.25</ele></trkpt>
   <trkpt lat="51.153576" lon="-2.054276"><ele>83</ele></trkpt>
   <trkpt lat="51.153046" lon="-2.053521"><ele>83.75</ele></trkpt>
   <trkpt lat="51.152762" lon="-2.053131"><ele>83</ele></trkpt>
   <trkpt lat="51.152254" lon="-2.052446"><ele>84</ele></trkpt>
   <trkpt lat="51.151863" lon="-2.051967"><ele>84.5</ele></trkpt>
   <trkpt lat="51.151653" lon="-2.05173"><ele>85.25</ele></trkpt>
   <trkpt lat="51.151451" lon="-2.051518"><ele>85.5</ele></trkpt>
   <trkpt lat="51.151094" lon="-2.051187"><ele>86.25</ele></trkpt>
   <trkpt lat="51.150117" lon="-2.050369"><ele>88</ele></trkpt>
   <trkpt lat="51.14982" lon="-2.050093"><ele>88.5</ele></trkpt>
   <trkpt lat="51.149529" lon="-2.049801"><ele>88.5</ele></trkpt>
   <trkpt lat="51.148974" lon="-2.049183"><ele>89</ele></trkpt>
   <trkpt lat="51.148653" lon="-2.048783"><ele>87.5</ele></trkpt>
   <trkpt lat="51.148365" lon="-2.048393"><ele>87.5</ele></trkpt>
   <trkpt lat="51.148155" lon="-2.048093"><ele>87.25</ele></trkpt>
   <trkpt lat="51.147876" lon="-2.047669"><ele>87</ele></trkpt>
   <trkpt lat="51.147701" lon="-2.047387"><ele>87.5</ele></trkpt>
   <trkpt lat="51.147521" lon="-2.047085"><ele>87.25</ele></trkpt>
   <trkpt lat="51.147308" lon="-2.046707"><ele>87.75</ele></trkpt>
   <trkpt lat="51.147107" lon="-2.046325"><ele>87.25</ele></trkpt>
   <trkpt lat="51.1469" lon="-2.045908"><ele>87.5</ele></trkpt>
   <trkpt lat="51.14667" lon="-2.04541"><ele>88.25</ele></trkpt>
   <trkpt lat="51.146452" lon="-2.044925"><ele>89.5</ele></trkpt>
   <trkpt lat="51.146244" lon="-2.04444"><ele>90</ele></trkpt>
   <trkpt lat="51.144653" lon="-2.040682"><ele>93.5</ele></trkpt>
   <trkpt lat="51.144403" lon="-2.040045"><ele>93.25</ele></trkpt>
   <trkpt lat="51.144026" lon="-2.03905"><ele>93.75</ele></trkpt>
   <trkpt lat="51.143655" lon="-2.037992"><ele>91.5</ele></trkpt>
   <trkpt lat="51.142532" lon="-2.034624"><ele>91.75</ele></trkpt>
   <trkpt lat="51.142299" lon="-2.033909"><ele>91.25</ele></trkpt>
   <trkpt lat="51.142015" lon="-2.032992"><ele>89.75</ele></trkpt>
   <trkpt lat="51.141647" lon="-2.031684"><ele>87.75</ele></trkpt>
   <trkpt lat="51.141363" lon="-2.030565"><ele>86.75</ele></trkpt>
   <trkpt lat="51.141098" lon="-2.029407"><ele>86.5</ele></trkpt>
   <trkpt lat="51.140869" lon="-2.028288"><ele>86.25</ele></trkpt>
   <trkpt lat="51.140755" lon="-2.027672"><ele>84.5</ele></trkpt>
   <trkpt lat="51.140649" lon="-2.027064"><ele>85.25</ele></trkpt>
   <trkpt lat="51.140546" lon="-2.026414"><ele>86</ele></trkpt>
   <trkpt lat="51.140463" lon="-2.02587"><ele>84</ele></trkpt>
   <trkpt lat="51.140388" lon="-2.025309"><ele>84</ele></trkpt>
   <trkpt lat="51.140318" lon="-2.024745"><ele>85.25</ele></trkpt>
   <trkpt lat="51.140256" lon="-2.024177"><ele>84.75</ele></trkpt>
   <trkpt lat="51.14016" lon="-2.023185"><ele>84</ele></trkpt>
   <trkpt lat="51.140077" lon="-2.022152"><ele>84.25</ele></trkpt>
   <trkpt lat="51.140042" lon="-2.021642"><ele>84.5</ele></trkpt>
   <trkpt lat="51.140014" lon="-2.021114"><ele>84.75</ele></trkpt>
   <trkpt lat="51.139965" lon="-2.020042"><ele>84.75</ele></trkpt>
   <trkpt lat="51.139934" lon="-2.018895"><ele>86</ele></trkpt>
   <trkpt lat="51.139912" lon="-2.017028"><ele>90.25</ele></trkpt>
   <trkpt lat="51.139911" lon="-2.012593"><ele>84.25</ele></trkpt>
   <trkpt lat="51.139902" lon="-2.011526"><ele>83.75</ele></trkpt>
   <trkpt lat="51.139874" lon="-2.010434"><ele>82</ele></trkpt>
   <trkpt lat="51.139849" lon="-2.009908"><ele>81.75</ele></trkpt>
   <trkpt lat="51.139819" lon="-2.009439"><ele>81.5</ele></trkpt>
   <trkpt lat="51.139781" lon="-2.008941"><ele>82.25</ele></trkpt>
   <trkpt lat="51.139723" lon="-2.008321"><ele>81.75</ele></trkpt>
   <trkpt lat="51.139666" lon="-2.007751"><ele>81</ele></trkpt>
   <trkpt lat="51.139589" lon="-2.007126"><ele>80.75</ele></trkpt>
   <trkpt lat="51.139415" lon="-2.005871"><ele>81</ele></trkpt>
   <trkpt lat="51.139201" lon="-2.004565"><ele>80.25</ele></trkpt>
   <trkpt lat="51.139083" lon="-2.003911"><ele>79</ele></trkpt>
   <trkpt lat="51.138473" lon="-2.000669"><ele>77.75</ele></trkpt>
   <trkpt lat="51.13753" lon="-1.995686"><ele>77.75</ele></trkpt>
   <trkpt lat="51.136097" lon="-1.988093"><ele>79</ele></trkpt>
   <trkpt lat="51.13413" lon="-1.977725"><ele>74</ele></trkpt>
   <trkpt lat="51.133732" lon="-1.975591"><ele>75</ele></trkpt>
   <trkpt lat="51.13363" lon="-1.975007"><ele>76.75</ele></trkpt>
   <trkpt lat="51.133446" lon="-1.973861"><ele>76</ele></trkpt>
   <trkpt lat="51.133365" lon="-1.973305"><ele>76.75</ele></trkpt>
   <trkpt lat="51.13321" lon="-1.972121"><ele>77</ele></trkpt>
   <trkpt lat="51.133039" lon="-1.970591"><ele>77</ele></trkpt>
   <trkpt lat="51.132899" lon="-1.969003"><ele>76.75</ele></trkpt>
   <trkpt lat="51.132819" lon="-1.967749"><ele>78.25</ele></trkpt>
   <trkpt lat="51.132757" lon="-1.966611"><ele>80</ele></trkpt>
   <trkpt lat="51.132675" lon="-1.964755"><ele>86.5</ele></trkpt>
   <trkpt lat="51.132647" lon="-1.964246"><ele>86</ele></trkpt>
   <trkpt lat="51.132578" lon="-1.963315"><ele>83</ele></trkpt>
   <trkpt lat="51.132538" lon="-1.962841"><ele>80.75</ele></trkpt>
   <trkpt lat="51.132387" lon="-1.961284"><ele>79</ele></trkpt>
   <trkpt lat="51.13227" lon="-1.960282"><ele>79.75</ele></trkpt>
   <trkpt lat="51.132201" lon="-1.959745"><ele>79</ele></trkpt>
   <trkpt lat="51.132177" lon="-1.959565"><ele>79</ele></trkpt>
   <trkpt lat="51.132108" lon="-1.95906"><ele>76</ele></trkpt>
   <trkpt lat="51.131911" lon="-1.957733"><ele>78.25</ele></trkpt>
   <trkpt lat="51.131876" lon="-1.957525"><ele>76.5</ele></trkpt>
   <trkpt lat="51.131748" lon="-1.956725"><ele>79.75</ele></trkpt>
   <trkpt lat="51.131618" lon="-1.956003"><ele>82.5</ele></trkpt>
   <trkpt lat="51.131497" lon="-1.95536"><ele>82.5</ele></trkpt>
   <trkpt lat="51.131374" lon="-1.954749"><ele>81.5</ele></trkpt>
   <trkpt lat="51.131073" lon="-1.95336"><ele>81.75</ele></trkpt>
   <trkpt lat="51.130771" lon="-1.952084"><ele>78.25</ele></trkpt>
   <trkpt lat="51.130723" lon="-1.951895"><ele>77.75</ele></trkpt>
   <trkpt lat="51.130129" lon="-1.949609"><ele>76</ele></trkpt>
   <trkpt lat="51.129797" lon="-1.948285"><ele>75.25</ele></trkpt>
   <trkpt lat="51.129686" lon="-1.947816"><ele>74.75</ele></trkpt>
   <trkpt lat="51.129659" lon="-1.947692"><ele>74.25</ele></trkpt>
   <trkpt lat="51.129422" lon="-1.946603"><ele>76</ele></trkpt>
   <trkpt lat="51.1293" lon="-1.946"><ele>76.25</ele></trkpt>
   <trkpt lat="51.129073" lon="-1.944823"><ele>76</ele></trkpt>
   <trkpt lat="51.128947" lon="-1.944131"><ele>75.25</ele></trkpt>
   <trkpt lat="51.128601" lon="-1.942034"><ele>75.25</ele></trkpt>
   <trkpt lat="51.128411" lon="-1.94076"><ele>74.75</ele></trkpt>
   <trkpt lat="51.128266" lon="-1.939689"><ele>72.25</ele></trkpt>
   <trkpt lat="51.128243" lon="-1.939494"><ele>72.5</ele></trkpt>
   <trkpt lat="51.128068" lon="-1.937894"><ele>74</ele></trkpt>
   <trkpt lat="51.128" lon="-1.937182"><ele>73.25</ele></trkpt>
   <trkpt lat="51.12789" lon="-1.935817"><ele>72.75</ele></trkpt>
   <trkpt lat="51.127806" lon="-1.934546"><ele>72.5</ele></trkpt>
   <trkpt lat="51.127745" lon="-1.933319"><ele>71</ele></trkpt>
   <trkpt lat="51.127705" lon="-1.932078"><ele>70</ele></trkpt>
   <trkpt lat="51.127691" lon="-1.931393"><ele>70</ele></trkpt>
   <trkpt lat="51.127685" lon="-1.930645"><ele>70.5</ele></trkpt>
   <trkpt lat="51.127682" lon="-1.927606"><ele>75.5</ele></trkpt>
   <trkpt lat="51.127671" lon="-1.926913"><ele>74.5</ele></trkpt>
   <trkpt lat="51.127623" lon="-1.925573"><ele>74.25</ele></trkpt>
   <trkpt lat="51.12759" lon="-1.924998"><ele>74</ele></trkpt>
   <trkpt lat="51.127509" lon="-1.923899"><ele>72.75</ele></trkpt>
   <trkpt lat="51.127449" lon="-1.923174"><ele>71.5</ele></trkpt>
   <trkpt lat="51.127285" lon="-1.921352"><ele>71.25</ele></trkpt>
   <trkpt lat="51.127263" lon="-1.921111"><ele>73</ele></trkpt>
   <trkpt lat="51.126721" lon="-1.915066"><ele>78</ele></trkpt>
   <trkpt lat="51.126599" lon="-1.91393"><ele>78.25</ele></trkpt>
   <trkpt lat="51.126436" lon="-1.912858"><ele>76.5</ele></trkpt>
   <trkpt lat="51.126336" lon="-1.912357"><ele>76.25</ele></trkpt>
   <trkpt lat="51.126232" lon="-1.911879"><ele>76</ele></trkpt>
   <trkpt lat="51.126107" lon="-1.911368"><ele>76</ele></trkpt>
   <trkpt lat="51.125965" lon="-1.910851"><ele>76.25</ele></trkpt>
   <trkpt lat="51.12581" lon="-1.910346"><ele>75.75</ele></trkpt>
   <trkpt lat="51.125616" lon="-1.90977"><ele>75.5</ele></trkpt>
   <trkpt lat="51.125459" lon="-1.909349"><ele>77</ele></trkpt>
   <trkpt lat="51.125271" lon="-1.908881"><ele>75</ele></trkpt>
   <trkpt lat="51.125075" lon="-1.90842"><ele>75.5</ele></trkpt>
   <trkpt lat="51.124648" lon="-1.907508"><ele>75.75</ele></trkpt>
   <trkpt lat="51.124365" lon="-1.906938"><ele>75</ele></trkpt>
   <trkpt lat="51.121998" lon="-1.902112"><ele>68.75</ele></trkpt>
   <trkpt lat="51.121806" lon="-1.901717"><ele>67.25</ele></trkpt>
   <trkpt lat="51.121487" lon="-1.901032"><ele>65.5</ele></trkpt>
   <trkpt lat="51.121444" lon="-1.900931"><ele>66.75</ele></trkpt>
   <trkpt lat="51.121296" lon="-1.900581"><ele>66</ele></trkpt>
   <trkpt lat="51.121023" lon="-1.899852"><ele>66.75</ele></trkpt>
   <trkpt lat="51.120869" lon="-1.899382"><ele>67.5</ele></trkpt>
   <trkpt lat="51.120749" lon="-1.89899"><ele>67.25</ele></trkpt>
   <trkpt lat="51.120628" lon="-1.898543"><ele>67.25</ele></trkpt>
   <trkpt lat="51.120527" lon="-1.89814"><ele>68.75</ele></trkpt>
   <trkpt lat="51.120431" lon="-1.897722"><ele>68.75</ele></trkpt>
   <trkpt lat="51.120054" lon="-1.895876"><ele>69.75</ele></trkpt>
   <trkpt lat="51.119641" lon="-1.893871"><ele>75</ele></trkpt>
   <trkpt lat="51.119543" lon="-1.893447"><ele>74.75</ele></trkpt>
   <trkpt lat="51.119443" lon="-1.893074"><ele>72</ele></trkpt>
   <trkpt lat="51.119331" lon="-1.89269"><ele>75.5</ele></trkpt>
   <trkpt lat="51.119031" lon="-1.891835"><ele>73.5</ele></trkpt>
   <trkpt lat="51.118906" lon="-1.89154"><ele>71.5</ele></trkpt>
   <trkpt lat="51.118617" lon="-1.890936"><ele>69.25</ele></trkpt>
   <trkpt lat="51.118475" lon="-1.890674"><ele>67.25</ele></trkpt>
   <trkpt lat="51.118407" lon="-1.890547"><ele>68.5</ele></trkpt>
   <trkpt lat="51.118266" lon="-1.890319"><ele>69</ele></trkpt>
   <trkpt lat="51.118009" lon="-1.889933"><ele>71.75</ele></trkpt>
   <trkpt lat="51.117792" lon="-1.889634"><ele>72</ele></trkpt>
   <trkpt lat="51.117565" lon="-1.889361"><ele>73.25</ele></trkpt>
   <trkpt lat="51.117315" lon="-1.8891"><ele>72.5</ele></trkpt>
   <trkpt lat="51.116822" lon="-1.88864"><ele>72.5</ele></trkpt>
   <trkpt lat="51.116492" lon="-1.888391"><ele>71.5</ele></trkpt>
   <trkpt lat="51.116245" lon="-1.88823"><ele>71</ele></trkpt>
   <trkpt lat="51.116011" lon="-1.888092"><ele>71</ele></trkpt>
   <trkpt lat="51.115274" lon="-1.887727"><ele>70.5</ele></trkpt>
   <trkpt lat="51.11503" lon="-1.88761"><ele>67.25</ele></trkpt>
   <trkpt lat="51.114927" lon="-1.88756"><ele>67.5</ele></trkpt>
   <trkpt lat="51.112061" lon="-1.886181"><ele>64.5</ele></trkpt>
   <trkpt lat="51.11146" lon="-1.885865"><ele>62.25</ele></trkpt>
   <trkpt lat="51.111366" lon="-1.88582"><ele>62</ele></trkpt>
   <trkpt lat="51.1095" lon="-1.884933"><ele>63.25</ele></trkpt>
   <trkpt lat="51.10916" lon="-1.884754"><ele>63.75</ele></trkpt>
   <trkpt lat="51.108318" lon="-1.884288"><ele>61.75</ele></trkpt>
   <trkpt lat="51.107896" lon="-1.884043"><ele>62.25</ele></trkpt>
   <trkpt lat="51.106715" lon="-1.883312"><ele>62.5</ele></trkpt>
   <trkpt lat="51.10566" lon="-1.882565"><ele>61.75</ele></trkpt>
   <trkpt lat="51.105257" lon="-1.882266"><ele>62</ele></trkpt>
   <trkpt lat="51.104906" lon="-1.881999"><ele>61.5</ele></trkpt>
   <trkpt lat="51.104287" lon="-1.881508"><ele>61.5</ele></trkpt>
   <trkpt lat="51.103636" lon="-1.880967"><ele>61.75</ele></trkpt>
   <trkpt lat="51.103081" lon="-1.880488"><ele>62.5</ele></trkpt>
   <trkpt lat="51.10255" lon="-1.88"><ele>62.75</ele></trkpt>
   <trkpt lat="51.10199" lon="-1.879453"><ele>63</ele></trkpt>
   <trkpt lat="51.100278" lon="-1.877705"><ele>61.75</ele></trkpt>
   <trkpt lat="51.099841" lon="-1.877277"><ele>62.25</ele></trkpt>
   <trkpt lat="51.099394" lon="-1.876853"><ele>61.5</ele></trkpt>
   <trkpt lat="51.09897" lon="-1.876463"><ele>61.5</ele></trkpt>
   <trkpt lat="51.098548" lon="-1.876091"><ele>61</ele></trkpt>
   <trkpt lat="51.098267" lon="-1.875853"><ele>61</ele></trkpt>
   <trkpt lat="51.097671" lon="-1.875376"><ele>60</ele></trkpt>
   <trkpt lat="51.096517" lon="-1.87449"><ele>59.5</ele></trkpt>
   <trkpt lat="51.095468" lon="-1.873721"><ele>57.5</ele></trkpt>
   <trkpt lat="51.094324" lon="-1.872861"><ele>56.25</ele></trkpt>
   <trkpt lat="51.093994" lon="-1.87259"><ele>56</ele></trkpt>
   <trkpt lat="51.093767" lon="-1.87237"><ele>56</ele></trkpt>
   <trkpt lat="51.093166" lon="-1.871763"><ele>56.25</ele></trkpt>
   <trkpt lat="51.092929" lon="-1.871487"><ele>56</ele></trkpt>
   <trkpt lat="51.0927" lon="-1.871199"><ele>55.5</ele></trkpt>
   <trkpt lat="51.092394" lon="-1.87079"><ele>55.5</ele></trkpt>
   <trkpt lat="51.092101" lon="-1.870372"><ele>55.25</ele></trkpt>
   <trkpt lat="51.091562" lon="-1.869567"><ele>55.25</ele></trkpt>
   <trkpt lat="51.09137" lon="-1.869255"><ele>56</ele></trkpt>
   <trkpt lat="51.091236" lon="-1.869023"><ele>55.5</ele></trkpt>
   <trkpt lat="51.091044" lon="-1.868662"><ele>55</ele></trkpt>
   <trkpt lat="51.090693" lon="-1.867971"><ele>55.25</ele></trkpt>
   <trkpt lat="51.090587" lon="-1.86774"><ele>55.75</ele></trkpt>
   <trkpt lat="51.090398" lon="-1.867291"><ele>55.5</ele></trkpt>
   <trkpt lat="51.090203" lon="-1.8668"><ele>56</ele></trkpt>
   <trkpt lat="51.089796" lon="-1.865726"><ele>57</ele></trkpt>
   <trkpt lat="51.08948" lon="-1.864844"><ele>57.5</ele></trkpt>
   <trkpt lat="51.088813" lon="-1.862926"><ele>55.75</ele></trkpt>
   <trkpt lat="51.088711" lon="-1.862646"><ele>56</ele></trkpt>
   <trkpt lat="51.088315" lon="-1.861607"><ele>61.75</ele></trkpt>
   <trkpt lat="51.088145" lon="-1.861181"><ele>58.5</ele></trkpt>
   <trkpt lat="51.088012" lon="-1.860851"><ele>63.25</ele></trkpt>
   <trkpt lat="51.087703" lon="-1.860109"><ele>63.75</ele></trkpt>
   <trkpt lat="51.087504" lon="-1.859652"><ele>63.25</ele></trkpt>
   <trkpt lat="51.087318" lon="-1.859239"><ele>64.25</ele></trkpt>
   <trkpt lat="51.086933" lon="-1.858433"><ele>63</ele></trkpt>
   <trkpt lat="51.086664" lon="-1.8579"><ele>64</ele></trkpt>
   <trkpt lat="51.085859" lon="-1.85638"><ele>63.5</ele></trkpt>
   <trkpt lat="51.085396" lon="-1.855559"><ele>66</ele></trkpt>
   <trkpt lat="51.084877" lon="-1.854727"><ele>66</ele></trkpt>
   <trkpt lat="51.084542" lon="-1.854231"><ele>65.25</ele></trkpt>
   <trkpt lat="51.084102" lon="-1.85361"><ele>64.5</ele></trkpt>
   <trkpt lat="51.083184" lon="-1.852348"><ele>65</ele></trkpt>
   <trkpt lat="51.083001" lon="-1.852086"><ele>65.5</ele></trkpt>
   <trkpt lat="51.082704" lon="-1.851614"><ele>64.5</ele></trkpt>
   <trkpt lat="51.082456" lon="-1.851165"><ele>64.5</ele></trkpt>
   <trkpt lat="51.082221" lon="-1.850683"><ele>64.5</ele></trkpt>
   <trkpt lat="51.082087" lon="-1.850384"><ele>65.5</ele></trkpt>
   <trkpt lat="51.081914" lon="-1.849966"><ele>64.25</ele></trkpt>
   <trkpt lat="51.081731" lon="-1.849455"><ele>65</ele></trkpt>
   <trkpt lat="51.08164" lon="-1.849182"><ele>64.75</ele></trkpt>
   <trkpt lat="51.081449" lon="-1.848509"><ele>65</ele></trkpt>
   <trkpt lat="51.081335" lon="-1.848035"><ele>65.5</ele></trkpt>
   <trkpt lat="51.081246" lon="-1.847622"><ele>65.5</ele></trkpt>
   <trkpt lat="51.081031" lon="-1.846398"><ele>64.25</ele></trkpt>
   <trkpt lat="51.080811" lon="-1.845072"><ele>64.5</ele></trkpt>
   <trkpt lat="51.080579" lon="-1.843262"><ele>63.25</ele></trkpt>
   <trkpt lat="51.080566" lon="-1.84316"><ele>63.5</ele></trkpt>
   <trkpt lat="51.079931" lon="-1.838194"><ele>70</ele></trkpt>
   <trkpt lat="51.079845" lon="-1.837544"><ele>68</ele></trkpt>
   <trkpt lat="51.079674" lon="-1.836389"><ele>66.25</ele></trkpt>
   <trkpt lat="51.079566" lon="-1.835757"><ele>64.75</ele></trkpt>
   <trkpt lat="51.079413" lon="-1.834959"><ele>63.75</ele></trkpt>
   <trkpt lat="51.079308" lon="-1.834487"><ele>63.75</ele></trkpt>
   <trkpt lat="51.079137" lon="-1.833761"><ele>63.75</ele></trkpt>
   <trkpt lat="51.078804" lon="-1.832498"><ele>63.25</ele></trkpt>
   <trkpt lat="51.078583" lon="-1.83175"><ele>63.25</ele></trkpt>
   <trkpt lat="51.078126" lon="-1.830258"><ele>62</ele></trkpt>
   <trkpt lat="51.077898" lon="-1.829582"><ele>61.5</ele></trkpt>
   <trkpt lat="51.077456" lon="-1.828318"><ele>59.75</ele></trkpt>
   <trkpt lat="51.076889" lon="-1.826854"><ele>60.25</ele></trkpt>
   <trkpt lat="51.076371" lon="-1.825559"><ele>59.75</ele></trkpt>
   <trkpt lat="51.075871" lon="-1.824334"><ele>59.5</ele></trkpt>
   <trkpt lat="51.075575" lon="-1.823645"><ele>58.5</ele></trkpt>
   <trkpt lat="51.075248" lon="-1.822905"><ele>57.75</ele></trkpt>
   <trkpt lat="51.074838" lon="-1.822036"><ele>57</ele></trkpt>
   <trkpt lat="51.073843" lon="-1.820075"><ele>54.25</ele></trkpt>
   <trkpt lat="51.073665" lon="-1.819721"><ele>54</ele></trkpt>
   <trkpt lat="51.073287" lon="-1.818912"><ele>53.5</ele></trkpt>
   <trkpt lat="51.073112" lon="-1.818501"><ele>52.5</ele></trkpt>
   <trkpt lat="51.072807" lon="-1.817734"><ele>52</ele></trkpt>
   <trkpt lat="51.072745" lon="-1.817573"><ele>51.75</ele></trkpt>
   <trkpt lat="51.072502" lon="-1.816889"><ele>53</ele></trkpt>
   <trkpt lat="51.072244" lon="-1.816097"><ele>52</ele></trkpt>
   <trkpt lat="51.072132" lon="-1.815734"><ele>51.5</ele></trkpt>
   <trkpt lat="51.07202" lon="-1.815349"><ele>52</ele></trkpt>
   <trkpt lat="51.071867" lon="-1.81478"><ele>51.5</ele></trkpt>
   <trkpt lat="51.071724" lon="-1.814188"><ele>51</ele></trkpt>
   <trkpt lat="51.071639" lon="-1.813804"><ele>51</ele></trkpt>
   <trkpt lat="51.071493" lon="-1.813118"><ele>51</ele></trkpt>
   <trkpt lat="51.071384" lon="-1.812525"><ele>50.75</ele></trkpt>
   <trkpt lat="51.071183" lon="-1.811539"><ele>51</ele></trkpt>
   <trkpt lat="51.071125" lon="-1.811179"><ele>51</ele></trkpt>
   <trkpt lat="51.071095" lon="-1.811008"><ele>50.75</ele></trkpt>
   <trkpt lat="51.071029" lon="-1.810586"><ele>51</ele></trkpt>
   <trkpt lat="51.070932" lon="-1.809783"><ele>50.75</ele></trkpt>
   <trkpt lat="51.070846" lon="-1.809276"><ele>50.75</ele></trkpt>
   <trkpt lat="51.070806" lon="-1.808845"><ele>51</ele></trkpt>
   <trkpt lat="51.070778" lon="-1.808454"><ele>51</ele></trkpt>
   <trkpt lat="51.070644" lon="-1.805328"><ele>51</ele></trkpt>
   <trkpt lat="51.070625" lon="-1.80484"><ele>50.75</ele></trkpt>
   <trkpt lat="51.070635" lon="-1.804474"><ele>50.75</ele></trkpt>
   <trkpt lat="51.070655" lon="-1.804284"><ele>50.75</ele></trkpt>
   <trkpt lat="51.070679" lon="-1.804121"><ele>50</ele></trkpt>
   <trkpt lat="51.070741" lon="-1.80382"><ele>48.25</ele></trkpt>
   <trkpt lat="51.070811" lon="-1.803467"><ele>50.25</ele></trkpt>
   <trkpt lat="51.070873" lon="-1.803189"><ele>51.75</ele></trkpt>
   <trkpt lat="51.071166" lon="-1.802283"><ele>52</ele></trkpt>
   <trkpt lat="51.071361" lon="-1.801815"><ele>51.75</ele></trkpt>
   <trkpt lat="51.071547" lon="-1.801424"><ele>51.5</ele></trkpt>
   <trkpt lat="51.071737" lon="-1.801111"><ele>51.75</ele></trkpt>
   <trkpt lat="51.071917" lon="-1.800861"><ele>51.75</ele></trkpt>
   <trkpt lat="51.072081" lon="-1.800641"><ele>51.25</ele></trkpt>
   <trkpt lat="51.072383" lon="-1.800293"><ele>51.75</ele></trkpt>
   <trkpt lat="51.072854" lon="-1.799883"><ele>51.75</ele></trkpt>
   <trkpt lat="51.073596" lon="-1.799259"><ele>51.5</ele></trkpt>
   <trkpt lat="51.074196" lon="-1.798728"><ele>50.5</ele></trkpt>
   <trkpt lat="51.074441" lon="-1.798467"><ele>50</ele></trkpt>
   <trkpt lat="51.074621" lon="-1.79825"><ele>50.25</ele></trkpt>
   <trkpt lat="51.074683" lon="-1.798167"><ele>50.75</ele></trkpt>
   <trkpt lat="51.074795" lon="-1.79802"><ele>51.75</ele></trkpt>
   <trkpt lat="51.074833" lon="-1.797958"><ele>52.25</ele></trkpt>
   <trkpt lat="51.074939" lon="-1.797771"><ele>52.25</ele></trkpt>
   <trkpt lat="51.074982" lon="-1.797671"><ele>52.25</ele></trkpt>
   <trkpt lat="51.075271" lon="-1.797216"><ele>49</ele></trkpt>
   <trkpt lat="51.075386" lon="-1.797011"><ele>50.25</ele></trkpt>
   <trkpt lat="51.075593" lon="-1.796601"><ele>52.25</ele></trkpt>
   <trkpt lat="51.075851" lon="-1.796051"><ele>53.5</ele></trkpt>
   <trkpt lat="51.076027" lon="-1.795625"><ele>53.5</ele></trkpt>
   <trkpt lat="51.076181" lon="-1.795218"><ele>54.75</ele></trkpt>
   <trkpt lat="51.076323" lon="-1.794793"><ele>55.75</ele></trkpt>
   <trkpt lat="51.076387" lon="-1.794581"><ele>54.5</ele></trkpt>
   <trkpt lat="51.076532" lon="-1.794024"><ele>57.75</ele></trkpt>
   <trkpt lat="51.076611" lon="-1.793669"><ele>56</ele></trkpt>
   <trkpt lat="51.076691" lon="-1.793237"><ele>55.5</ele></trkpt>
   <trkpt lat="51.07676" lon="-1.792813"><ele>58.75</ele></trkpt>
   <trkpt lat="51.076792" lon="-1.792597"><ele>59.75</ele></trkpt>
   <trkpt lat="51.076888" lon="-1.7918"><ele>59.75</ele></trkpt>
   <trkpt lat="51.077113" lon="-1.790039"><ele>60.25</ele></trkpt>
   <trkpt lat="51.077364" lon="-1.787865"><ele>61</ele></trkpt>
   <trkpt lat="51.077541" lon="-1.786119"><ele>61.5</ele></trkpt>
   <trkpt lat="51.077556" lon="-1.78599"><ele>61.5</ele></trkpt>
   <trkpt lat="51.077589" lon="-1.785383"><ele>60</ele></trkpt>
   <trkpt lat="51.07759" lon="-1.785254"><ele>59.75</ele></trkpt>
   <trkpt lat="51.077578" lon="-1.784954"><ele>58.5</ele></trkpt>
   <trkpt lat="51.077561" lon="-1.784741"><ele>56.75</ele></trkpt>
   <trkpt lat="51.077539" lon="-1.784562"><ele>55.75</ele></trkpt>
   <trkpt lat="51.077474" lon="-1.784214"><ele>56</ele></trkpt>
   <trkpt lat="51.077439" lon="-1.784066"><ele>57.75</ele></trkpt>
   <trkpt lat="51.077348" lon="-1.783745"><ele>58</ele></trkpt>
   <trkpt lat="51.077242" lon="-1.783459"><ele>56</ele></trkpt>
   <trkpt lat="51.07718" lon="-1.783313"><ele>55.75</ele></trkpt>
   <trkpt lat="51.077017" lon="-1.783"><ele>54.75</ele></trkpt>
   <trkpt lat="51.07689" lon="-1.782797"><ele>54</ele></trkpt>
   <trkpt lat="51.076818" lon="-1.782698"><ele>53.75</ele></trkpt>
   <trkpt lat="51.076607" lon="-1.782444"><ele>53</ele></trkpt>
   <trkpt lat="51.076487" lon="-1.782329"><ele>52.75</ele></trkpt>
   <trkpt lat="51.076388" lon="-1.782245"><ele>53.75</ele></trkpt>
   <trkpt lat="51.076273" lon="-1.782164"><ele>53.75</ele></trkpt>
   <trkpt lat="51.076066" lon="-1.782045"><ele>54</ele></trkpt>
   <trkpt lat="51.075947" lon="-1.781994"><ele>54.5</ele></trkpt>
   <trkpt lat="51.075848" lon="-1.781958"><ele>54.75</ele></trkpt>
   <trkpt lat="51.075663" lon="-1.781908"><ele>54.25</ele></trkpt>
   <trkpt lat="51.075382" lon="-1.781885"><ele>54</ele></trkpt>
   <trkpt lat="51.075203" lon="-1.781893"><ele>54</ele></trkpt>
   <trkpt lat="51.074332" lon="-1.781933"><ele>53.75</ele></trkpt>
   <trkpt lat="51.073753" lon="-1.78197"><ele>53.5</ele></trkpt>
   <trkpt lat="51.070845" lon="-1.782114"><ele>50.25</ele></trkpt>
   <trkpt lat="51.070718" lon="-1.782118"><ele>51</ele></trkpt>
   <trkpt lat="51.068571" lon="-1.782214"><ele>55</ele></trkpt>
   <trkpt lat="51.067531" lon="-1.782267"><ele>56.75</ele></trkpt>
   <trkpt lat="51.067301" lon="-1.782269"><ele>56.75</ele></trkpt>
   <trkpt lat="51.067079" lon="-1.782247"><ele>55.25</ele></trkpt>
   <trkpt lat="51.066835" lon="-1.782188"><ele>54.5</ele></trkpt>
   <trkpt lat="51.066638" lon="-1.782107"><ele>55.75</ele></trkpt>
   <trkpt lat="51.066428" lon="-1.78198"><ele>54.5</ele></trkpt>
   <trkpt lat="51.066181" lon="-1.78178"><ele>54.25</ele></trkpt>
   <trkpt lat="51.065997" lon="-1.781586"><ele>54</ele></trkpt>
   <trkpt lat="51.065886" lon="-1.781447"><ele>53.5</ele></trkpt>
   <trkpt lat="51.065733" lon="-1.781223"><ele>53.25</ele></trkpt>
   <trkpt lat="51.065594" lon="-1.780975"><ele>53.25</ele></trkpt>
   <trkpt lat="51.065473" lon="-1.780711"><ele>52.25</ele></trkpt>
   <trkpt lat="51.065415" lon="-1.780564"><ele>52</ele></trkpt>
   <trkpt lat="51.065295" lon="-1.78019"><ele>52</ele></trkpt>
   <trkpt lat="51.06523" lon="-1.779931"><ele>48.75</ele></trkpt>
   <trkpt lat="51.065153" lon="-1.779584"><ele>46.25</ele></trkpt>
   <trkpt lat="51.064843" lon="-1.777959"><ele>48.75</ele></trkpt>
   <trkpt lat="51.063785" lon="-1.772439"><ele>50</ele></trkpt>
   <trkpt lat="51.063686" lon="-1.77193"><ele>52.25</ele></trkpt>
   <trkpt lat="51.063533" lon="-1.771194"><ele>51.25</ele></trkpt>
   <trkpt lat="51.06348" lon="-1.770952"><ele>51.75</ele></trkpt>
   <trkpt lat="51.063408" lon="-1.770621"><ele>54.75</ele></trkpt>
   <trkpt lat="51.063259" lon="-1.769995"><ele>56.25</ele></trkpt>
   <trkpt lat="51.063028" lon="-1.769064"><ele>56.25</ele></trkpt>
   <trkpt lat="51.062972" lon="-1.768857"><ele>55.5</ele></trkpt>
   <trkpt lat="51.062614" lon="-1.767601"><ele>59.75</ele></trkpt>
   <trkpt lat="51.06243" lon="-1.767006"><ele>59.5</ele></trkpt>
   <trkpt lat="51.062113" lon="-1.766025"><ele>58.25</ele></trkpt>
   <trkpt lat="51.061851" lon="-1.76528"><ele>56.5</ele></trkpt>
   <trkpt lat="51.061465" lon="-1.764237"><ele>58.25</ele></trkpt>
   <trkpt lat="51.061016" lon="-1.763085"><ele>55.5</ele></trkpt>
   <trkpt lat="51.060973" lon="-1.762969"><ele>56.25</ele></trkpt>
   <trkpt lat="51.060784" lon="-1.762481"><ele>59.5</ele></trkpt>
   <trkpt lat="51.060429" lon="-1.761498"><ele>63</ele></trkpt>
   <trkpt lat="51.06005" lon="-1.760371"><ele>65.25</ele></trkpt>
   <trkpt lat="51.059851" lon="-1.759741"><ele>69.5</ele></trkpt>
   <trkpt lat="51.059648" lon="-1.759061"><ele>68.5</ele></trkpt>
   <trkpt lat="51.059455" lon="-1.758363"><ele>64.25</ele></trkpt>
   <trkpt lat="51.059125" lon="-1.757078"><ele>61.25</ele></trkpt>
   <trkpt lat="51.058967" lon="-1.756416"><ele>57.25</ele></trkpt>
   <trkpt lat="51.058838" lon="-1.755841"><ele>58.5</ele></trkpt>
   <trkpt lat="51.058573" lon="-1.754566"><ele>66</ele></trkpt>
   <trkpt lat="51.058468" lon="-1.754017"><ele>68.5</ele></trkpt>
   <trkpt lat="51.058273" lon="-1.752912"><ele>67.75</ele></trkpt>
   <trkpt lat="51.058096" lon="-1.75177"><ele>69</ele></trkpt>
   <trkpt lat="51.057792" lon="-1.749706"><ele>68.25</ele></trkpt>
   <trkpt lat="51.057675" lon="-1.748989"><ele>67</ele></trkpt>
   <trkpt lat="51.057493" lon="-1.747986"><ele>67.75</ele></trkpt>
   <trkpt lat="51.057216" lon="-1.74664"><ele>68.75</ele></trkpt>
   <trkpt lat="51.057021" lon="-1.745796"><ele>68</ele></trkpt>
   <trkpt lat="51.056857" lon="-1.745145"><ele>68</ele></trkpt>
   <trkpt lat="51.056543" lon="-1.744004"><ele>67.75</ele></trkpt>
   <trkpt lat="51.056241" lon="-1.74302"><ele>68.25</ele></trkpt>
   <trkpt lat="51.056049" lon="-1.742439"><ele>68.75</ele></trkpt>
   <trkpt lat="51.055853" lon="-1.741877"><ele>70.25</ele></trkpt>
   <trkpt lat="51.055476" lon="-1.740871"><ele>70.5</ele></trkpt>
   <trkpt lat="51.055102" lon="-1.739972"><ele>72.5</ele></trkpt>
   <trkpt lat="51.05491" lon="-1.739527"><ele>74.25</ele></trkpt>
   <trkpt lat="51.054505" lon="-1.738641"><ele>75.25</ele></trkpt>
   <trkpt lat="51.054265" lon="-1.738145"><ele>75.5</ele></trkpt>
   <trkpt lat="51.054018" lon="-1.737661"><ele>75.5</ele></trkpt>
   <trkpt lat="51.053637" lon="-1.736956"><ele>74.5</ele></trkpt>
   <trkpt lat="51.053405" lon="-1.736543"><ele>75</ele></trkpt>
   <trkpt lat="51.052953" lon="-1.735787"><ele>74.75</ele></trkpt>
   <trkpt lat="51.052519" lon="-1.735105"><ele>73.75</ele></trkpt>
   <trkpt lat="51.052292" lon="-1.734768"><ele>73.5</ele></trkpt>
   <trkpt lat="51.051878" lon="-1.734173"><ele>72.75</ele></trkpt>
   <trkpt lat="51.051418" lon="-1.733562"><ele>72.75</ele></trkpt>
   <trkpt lat="51.050898" lon="-1.732903"><ele>72</ele></trkpt>
   <trkpt lat="51.050627" lon="-1.732581"><ele>72.25</ele></trkpt>
   <trkpt lat="51.050355" lon="-1.732274"><ele>72</ele></trkpt>
   <trkpt lat="51.049977" lon="-1.731871"><ele>71</ele></trkpt>
   <trkpt lat="51.049332" lon="-1.73115"><ele>71</ele></trkpt>
   <trkpt lat="51.04874" lon="-1.730447"><ele>70.75</ele></trkpt>
   <trkpt lat="51.048278" lon="-1.729852"><ele>70</ele></trkpt>
   <trkpt lat="51.047724" lon="-1.72907"><ele>69.5</ele></trkpt>
   <trkpt lat="51.04746" lon="-1.728664"><ele>69.25</ele></trkpt>
   <trkpt lat="51.047137" lon="-1.728159"><ele>70</ele></trkpt>
   <trkpt lat="51.046597" lon="-1.727262"><ele>69.5</ele></trkpt>
   <trkpt lat="51.046134" lon="-1.726428"><ele>69</ele></trkpt>
   <trkpt lat="51.045887" lon="-1.725958"><ele>68.5</ele></trkpt>
   <trkpt lat="51.04542" lon="-1.725001"><ele>66.25</ele></trkpt>
   <trkpt lat="51.045055" lon="-1.724195"><ele>66.5</ele></trkpt>
   <trkpt lat="51.044896" lon="-1.723825"><ele>66</ele></trkpt>
   <trkpt lat="51.044585" lon="-1.72304"><ele>65.25</ele></trkpt>
   <trkpt lat="51.044418" lon="-1.722598"><ele>65.75</ele></trkpt>
   <trkpt lat="51.044092" lon="-1.721688"><ele>64.5</ele></trkpt>
   <trkpt lat="51.04385" lon="-1.720971"><ele>64.5</ele></trkpt>
   <trkpt lat="51.043561" lon="-1.72001"><ele>64.75</ele></trkpt>
   <trkpt lat="51.043429" lon="-1.719548"><ele>65.25</ele></trkpt>
   <trkpt lat="51.043311" lon="-1.719119"><ele>65.5</ele></trkpt>
   <trkpt lat="51.04318" lon="-1.718599"><ele>64</ele></trkpt>
   <trkpt lat="51.043052" lon="-1.718077"><ele>64.75</ele></trkpt>
   <trkpt lat="51.042802" lon="-1.716948"><ele>64.75</ele></trkpt>
   <trkpt lat="51.042611" lon="-1.715953"><ele>63.5</ele></trkpt>
   <trkpt lat="51.042458" lon="-1.715054"><ele>63.5</ele></trkpt>
   <trkpt lat="51.042387" lon="-1.714576"><ele>62.25</ele></trkpt>
   <trkpt lat="51.042258" lon="-1.713617"><ele>63.25</ele></trkpt>
   <trkpt lat="51.042155" lon="-1.7127"><ele>60.25</ele></trkpt>
   <trkpt lat="51.042074" lon="-1.711851"><ele>59.5</ele></trkpt>
   <trkpt lat="51.041997" lon="-1.710676"><ele>62.5</ele></trkpt>
   <trkpt lat="51.041957" lon="-1.709868"><ele>63</ele></trkpt>
   <trkpt lat="51.041941" lon="-1.709438"><ele>63</ele></trkpt>
   <trkpt lat="51.041923" lon="-1.708259"><ele>62</ele></trkpt>
   <trkpt lat="51.041922" lon="-1.707757"><ele>62</ele></trkpt>
   <trkpt lat="51.041944" lon="-1.706779"><ele>61.75</ele></trkpt>
   <trkpt lat="51.041959" lon="-1.706294"><ele>60.75</ele></trkpt>
   <trkpt lat="51.042017" lon="-1.704883"><ele>58.25</ele></trkpt>
   <trkpt lat="51.042029" lon="-1.704623"><ele>57</ele></trkpt>
   <trkpt lat="51.042365" lon="-1.696866"><ele>57.25</ele></trkpt>
   <trkpt lat="51.042445" lon="-1.695192"><ele>59</ele></trkpt>
   <trkpt lat="51.042469" lon="-1.694548"><ele>60.25</ele></trkpt>
   <trkpt lat="51.042782" lon="-1.687369"><ele>58</ele></trkpt>
   <trkpt lat="51.043145" lon="-1.679089"><ele>56.25</ele></trkpt>
   <trkpt lat="51.04351" lon="-1.670691"><ele>48.5</ele></trkpt>
   <trkpt lat="51.043517" lon="-1.670513"><ele>48.5</ele></trkpt>
   <trkpt lat="51.043691" lon="-1.666485"><ele>47</ele></trkpt>
   <trkpt lat="51.043702" lon="-1.666222"><ele>46.5</ele></trkpt>
   <trkpt lat="51.043706" lon="-1.666152"><ele>46.75</ele></trkpt>
   <trkpt lat="51.043709" lon="-1.666082"><ele>46.75</ele></trkpt>
   <trkpt lat="51.043862" lon="-1.662547"><ele>47.5</ele></trkpt>
   <trkpt lat="51.043914" lon="-1.660998"><ele>47.5</ele></trkpt>
   <trkpt lat="51.043937" lon="-1.65989"><ele>46.5</ele></trkpt>
   <trkpt lat="51.043955" lon="-1.658096"><ele>46.5</ele></trkpt>
   <trkpt lat="51.043935" lon="-1.655769"><ele>45.5</ele></trkpt>
   <trkpt lat="51.043922" lon="-1.655027"><ele>45.5</ele></trkpt>
   <trkpt lat="51.043887" lon="-1.653854"><ele>44.75</ele></trkpt>
   <trkpt lat="51.043862" lon="-1.653184"><ele>44</ele></trkpt>
   <trkpt lat="51.043801" lon="-1.651843"><ele>42.25</ele></trkpt>
   <trkpt lat="51.043764" lon="-1.651183"><ele>41.25</ele></trkpt>
   <trkpt lat="51.043754" lon="-1.651008"><ele>41</ele></trkpt>
   <trkpt lat="51.043664" lon="-1.649632"><ele>42.5</ele></trkpt>
   <trkpt lat="51.04335" lon="-1.645709"><ele>41.75</ele></trkpt>
   <trkpt lat="51.043332" lon="-1.645497"><ele>42</ele></trkpt>
   <trkpt lat="51.04251" lon="-1.635472"><ele>38.5</ele></trkpt>
   <trkpt lat="51.042491" lon="-1.635233"><ele>38</ele></trkpt>
   <trkpt lat="51.042475" lon="-1.635065"><ele>38.5</ele></trkpt>
   <trkpt lat="51.042295" lon="-1.63286"><ele>39</ele></trkpt>
   <trkpt lat="51.041898" lon="-1.62803"><ele>37.75</ele></trkpt>
   <trkpt lat="51.041673" lon="-1.625375"><ele>39</ele></trkpt>
   <trkpt lat="51.041571" lon="-1.624061"><ele>39.25</ele></trkpt>
   <trkpt lat="51.041402" lon="-1.621985"><ele>36</ele></trkpt>
   <trkpt lat="51.041379" lon="-1.621718"><ele>36.75</ele></trkpt>
   <trkpt lat="51.041204" lon="-1.619585"><ele>36.5</ele></trkpt>
   <trkpt lat="51.040298" lon="-1.608555"><ele>37.5</ele></trkpt>
   <trkpt lat="51.040109" lon="-1.606196"><ele>37</ele></trkpt>
   <trkpt lat="51.040041" lon="-1.605428"><ele>37.25</ele></trkpt>
   <trkpt lat="51.039913" lon="-1.604143"><ele>34.75</ele></trkpt>
   <trkpt lat="51.039794" lon="-1.603118"><ele>36</ele></trkpt>
   <trkpt lat="51.039629" lon="-1.60186"><ele>37</ele></trkpt>
   <trkpt lat="51.039448" lon="-1.600655"><ele>37.25</ele></trkpt>
   <trkpt lat="51.039258" lon="-1.599489"><ele>38.5</ele></trkpt>
   <trkpt lat="51.038722" lon="-1.59655"><ele>38.5</ele></trkpt>
   <trkpt lat="51.038571" lon="-1.595688"><ele>38</ele></trkpt>
   <trkpt lat="51.038426" lon="-1.594802"><ele>39</ele></trkpt>
   <trkpt lat="51.038297" lon="-1.593914"><ele>39.5</ele></trkpt>
   <trkpt lat="51.038181" lon="-1.593051"><ele>40.5</ele></trkpt>
   <trkpt lat="51.038091" lon="-1.592344"><ele>39.25</ele></trkpt>
   <trkpt lat="51.038013" lon="-1.591641"><ele>40.75</ele></trkpt>
   <trkpt lat="51.037912" lon="-1.590615"><ele>39.75</ele></trkpt>
   <trkpt lat="51.037662" lon="-1.587472"><ele>38.75</ele></trkpt>
   <trkpt lat="51.036653" lon="-1.57447"><ele>31</ele></trkpt>
   <trkpt lat="51.036626" lon="-1.574144"><ele>31.5</ele></trkpt>
   <trkpt lat="51.036207" lon="-1.568727"><ele>27.75</ele></trkpt>
   <trkpt lat="51.036182" lon="-1.568391"><ele>29.25</ele></trkpt>
   <trkpt lat="51.036103" lon="-1.567407"><ele>30</ele></trkpt>
   <trkpt lat="51.036091" lon="-1.56724"><ele>28.75</ele></trkpt>
   <trkpt lat="51.035603" lon="-1.560981"><ele>29.25</ele></trkpt>
   <trkpt lat="51.035098" lon="-1.55449"><ele>29.75</ele></trkpt>
   <trkpt lat="51.035004" lon="-1.553497"><ele>28</ele></trkpt>
   <trkpt lat="51.034903" lon="-1.552577"><ele>27</ele></trkpt>
   <trkpt lat="51.03474" lon="-1.551341"><ele>26</ele></trkpt>
   <trkpt lat="51.034698" lon="-1.551066"><ele>25.75</ele></trkpt>
   <trkpt lat="51.034673" lon="-1.550895"><ele>25.5</ele></trkpt>
   <trkpt lat="51.034598" lon="-1.550404"><ele>24.25</ele></trkpt>
   <trkpt lat="51.03451" lon="-1.549883"><ele>25</ele></trkpt>
   <trkpt lat="51.034354" lon="-1.549035"><ele>24.25</ele></trkpt>
   <trkpt lat="51.034199" lon="-1.548292"><ele>24.75</ele></trkpt>
   <trkpt lat="51.034143" lon="-1.548033"><ele>24.75</ele></trkpt>
   <trkpt lat="51.033974" lon="-1.54726"><ele>25.5</ele></trkpt>
   <trkpt lat="51.033738" lon="-1.546294"><ele>24.5</ele></trkpt>
   <trkpt lat="51.033503" lon="-1.545408"><ele>24.25</ele></trkpt>
   <trkpt lat="51.033225" lon="-1.54445"><ele>23.25</ele></trkpt>
   <trkpt lat="51.03309" lon="-1.544009"><ele>24.75</ele></trkpt>
   <trkpt lat="51.032947" lon="-1.543561"><ele>23.25</ele></trkpt>
   <trkpt lat="51.032677" lon="-1.542761"><ele>23</ele></trkpt>
   <trkpt lat="51.032526" lon="-1.542335"><ele>24.25</ele></trkpt>
   <trkpt lat="51.032082" lon="-1.541161"><ele>24.25</ele></trkpt>
   <trkpt lat="51.031894" lon="-1.540704"><ele>24</ele></trkpt>
   <trkpt lat="51.031556" lon="-1.539912"><ele>25</ele></trkpt>
   <trkpt lat="51.031126" lon="-1.538985"><ele>26.25</ele></trkpt>
   <trkpt lat="51.030897" lon="-1.538512"><ele>27.75</ele></trkpt>
   <trkpt lat="51.030466" lon="-1.537674"><ele>28.25</ele></trkpt>
   <trkpt lat="51.029945" lon="-1.536741"><ele>27.5</ele></trkpt>
   <trkpt lat="51.02956" lon="-1.536091"><ele>27</ele></trkpt>
   <trkpt lat="51.02922" lon="-1.535548"><ele>24.75</ele></trkpt>
   <trkpt lat="51.028737" lon="-1.534813"><ele>23.75</ele></trkpt>
   <trkpt lat="51.028334" lon="-1.534242"><ele>23.75</ele></trkpt>
   <trkpt lat="51.028053" lon="-1.533862"><ele>23.75</ele></trkpt>
   <trkpt lat="51.027717" lon="-1.533425"><ele>24</ele></trkpt>
   <trkpt lat="51.027453" lon="-1.533096"><ele>23</ele></trkpt>
   <trkpt lat="51.026924" lon="-1.532463"><ele>23</ele></trkpt>
   <trkpt lat="51.025628" lon="-1.530932"><ele>22.5</ele></trkpt>
   <trkpt lat="51.023785" lon="-1.52876"><ele>22.5</ele></trkpt>
   <trkpt lat="51.023538" lon="-1.528479"><ele>23</ele></trkpt>
   <trkpt lat="51.022961" lon="-1.52778"><ele>23</ele></trkpt>
   <trkpt lat="51.022038" lon="-1.526695"><ele>23</ele></trkpt>
   <trkpt lat="51.019987" lon="-1.524267"><ele>22</ele></trkpt>
   <trkpt lat="51.018938" lon="-1.523043"><ele>22</ele></trkpt>
   <trkpt lat="51.018248" lon="-1.522221"><ele>21.75</ele></trkpt>
   <trkpt lat="51.013995" lon="-1.5172"><ele>21</ele></trkpt>
   <trkpt lat="51.004982" lon="-1.506567"><ele>20.25</ele></trkpt>
   <trkpt lat="51.004268" lon="-1.505741"><ele>19.75</ele></trkpt>
   <trkpt lat="51.003654" lon="-1.505061"><ele>19</ele></trkpt>
   <trkpt lat="51.003169" lon="-1.504569"><ele>19</ele></trkpt>
   <trkpt lat="51.00287" lon="-1.504259"><ele>18.75</ele></trkpt>
   <trkpt lat="51.002165" lon="-1.503581"><ele>17.5</ele></trkpt>
   <trkpt lat="51.001827" lon="-1.503284"><ele>17</ele></trkpt>
   <trkpt lat="51.001638" lon="-1.503126"><ele>16.5</ele></trkpt>
   <trkpt lat="51.001118" lon="-1.502671"><ele>16.5</ele></trkpt>
   <trkpt lat="51.000491" lon="-1.502177"><ele>17</ele></trkpt>
   <trkpt lat="51.000187" lon="-1.501937"><ele>15.5</ele></trkpt>
   <trkpt lat="50.99989" lon="-1.501715"><ele>17</ele></trkpt>
   <trkpt lat="50.999579" lon="-1.501482"><ele>17</ele></trkpt>
   <trkpt lat="50.999221" lon="-1.501228"><ele>17</ele></trkpt>
   <trkpt lat="50.998983" lon="-1.501071"><ele>17</ele></trkpt>
   <trkpt lat="50.99888" lon="-1.501009"><ele>16.5</ele></trkpt>
   <trkpt lat="50.997916" lon="-1.500382"><ele>17.5</ele></trkpt>
   <trkpt lat="50.997562" lon="-1.500141"><ele>17.75</ele></trkpt>
   <trkpt lat="50.997258" lon="-1.499919"><ele>17.25</ele></trkpt>
   <trkpt lat="50.997126" lon="-1.499813"><ele>17.25</ele></trkpt>
   <trkpt lat="50.996745" lon="-1.499487"><ele>18.75</ele></trkpt>
   <trkpt lat="50.996259" lon="-1.499033"><ele>17</ele></trkpt>
   <trkpt lat="50.995964" lon="-1.498721"><ele>16.75</ele></trkpt>
   <trkpt lat="50.995807" lon="-1.498548"><ele>18.25</ele></trkpt>
   <trkpt lat="50.995478" lon="-1.498152"><ele>18.75</ele></trkpt>
   <trkpt lat="50.995342" lon="-1.497983"><ele>19.25</ele></trkpt>
   <trkpt lat="50.99503" lon="-1.497567"><ele>18.75</ele></trkpt>
   <trkpt lat="50.994901" lon="-1.497379"><ele>19.75</ele></trkpt>
   <trkpt lat="50.994692" lon="-1.497079"><ele>20.75</ele></trkpt>
   <trkpt lat="50.994355" lon="-1.496567"><ele>20.25</ele></trkpt>
   <trkpt lat="50.994079" lon="-1.496111"><ele>20.25</ele></trkpt>
   <trkpt lat="50.993899" lon="-1.495788"><ele>20.75</ele></trkpt>
   <trkpt lat="50.993805" lon="-1.495624"><ele>20.25</ele></trkpt>
   <trkpt lat="50.993578" lon="-1.49519"><ele>20.5</ele></trkpt>
   <trkpt lat="50.993478" lon="-1.494986"><ele>20</ele></trkpt>
   <trkpt lat="50.993264" lon="-1.494543"><ele>20.25</ele></trkpt>
   <trkpt lat="50.993085" lon="-1.494143"><ele>20.75</ele></trkpt>
   <trkpt lat="50.992786" lon="-1.493412"><ele>20.5</ele></trkpt>
   <trkpt lat="50.992532" lon="-1.492729"><ele>21.75</ele></trkpt>
   <trkpt lat="50.992392" lon="-1.492322"><ele>22</ele></trkpt>
   <trkpt lat="50.992292" lon="-1.492023"><ele>21.5</ele></trkpt>
   <trkpt lat="50.992139" lon="-1.491504"><ele>19.5</ele></trkpt>
   <trkpt lat="50.992068" lon="-1.491261"><ele>19.25</ele></trkpt>
   <trkpt lat="50.991926" lon="-1.490713"><ele>19.75</ele></trkpt>
   <trkpt lat="50.991902" lon="-1.490619"><ele>19</ele></trkpt>
   <trkpt lat="50.991856" lon="-1.490434"><ele>18.5</ele></trkpt>
   <trkpt lat="50.991843" lon="-1.490356"><ele>18.5</ele></trkpt>
   <trkpt lat="50.991726" lon="-1.489876"><ele>21</ele></trkpt>
   <trkpt lat="50.991645" lon="-1.489486"><ele>21</ele></trkpt>
   <trkpt lat="50.991495" lon="-1.488668"><ele>19.25</ele></trkpt>
   <trkpt lat="50.991404" lon="-1.488082"><ele>20.75</ele></trkpt>
   <trkpt lat="50.991312" lon="-1.487368"><ele>19</ele></trkpt>
   <trkpt lat="50.991266" lon="-1.48696"><ele>18</ele></trkpt>
   <trkpt lat="50.991214" lon="-1.486361"><ele>18.5</ele></trkpt>
   <trkpt lat="50.991182" lon="-1.485895"><ele>18.25</ele></trkpt>
   <trkpt lat="50.991171" lon="-1.485568"><ele>19.25</ele></trkpt>
   <trkpt lat="50.991151" lon="-1.485121"><ele>21.25</ele></trkpt>
   <trkpt lat="50.991138" lon="-1.484617"><ele>21.5</ele></trkpt>
   <trkpt lat="50.991135" lon="-1.483627"><ele>21.75</ele></trkpt>
   <trkpt lat="50.991155" lon="-1.482997"><ele>23.25</ele></trkpt>
   <trkpt lat="50.991185" lon="-1.48241"><ele>24.25</ele></trkpt>
   <trkpt lat="50.991237" lon="-1.481781"><ele>23</ele></trkpt>
   <trkpt lat="50.9913" lon="-1.481136"><ele>22.25</ele></trkpt>
   <trkpt lat="50.991408" lon="-1.480291"><ele>22</ele></trkpt>
   <trkpt lat="50.991562" lon="-1.479363"><ele>21.5</ele></trkpt>
   <trkpt lat="50.991663" lon="-1.478831"><ele>21.75</ele></trkpt>
   <trkpt lat="50.991886" lon="-1.477821"><ele>21.75</ele></trkpt>
   <trkpt lat="50.992078" lon="-1.477118"><ele>22.5</ele></trkpt>
   <trkpt lat="50.992312" lon="-1.476329"><ele>24</ele></trkpt>
   <trkpt lat="50.992549" lon="-1.475624"><ele>23.25</ele></trkpt>
   <trkpt lat="50.992771" lon="-1.475035"><ele>23</ele></trkpt>
   <trkpt lat="50.993006" lon="-1.474442"><ele>22.5</ele></trkpt>
   <trkpt lat="50.993284" lon="-1.473822"><ele>22</ele></trkpt>
   <trkpt lat="50.994008" lon="-1.472373"><ele>22.75</ele></trkpt>
   <trkpt lat="50.994295" lon="-1.471765"><ele>22.75</ele></trkpt>
   <trkpt lat="50.994467" lon="-1.471379"><ele>22.75</ele></trkpt>
   <trkpt lat="50.994497" lon="-1.471314"><ele>22.75</ele></trkpt>
   <trkpt lat="50.994817" lon="-1.470557"><ele>22.5</ele></trkpt>
   <trkpt lat="50.99524" lon="-1.469467"><ele>23</ele></trkpt>
   <trkpt lat="50.995545" lon="-1.468574"><ele>23.25</ele></trkpt>
   <trkpt lat="50.995884" lon="-1.467451"><ele>23.75</ele></trkpt>
   <trkpt lat="50.996066" lon="-1.466813"><ele>23.5</ele></trkpt>
   <trkpt lat="50.996084" lon="-1.46675"><ele>23.5</ele></trkpt>
   <trkpt lat="50.996097" lon="-1.466696"><ele>23.75</ele></trkpt>
   <trkpt lat="50.996275" lon="-1.465973"><ele>23.25</ele></trkpt>
   <trkpt lat="50.996426" lon="-1.465318"><ele>24</ele></trkpt>
   <trkpt lat="50.996565" lon="-1.464613"><ele>23</ele></trkpt>
   <trkpt lat="50.996732" lon="-1.463699"><ele>24.5</ele></trkpt>
   <trkpt lat="50.996799" lon="-1.46326"><ele>24</ele></trkpt>
   <trkpt lat="50.996926" lon="-1.462328"><ele>24.75</ele></trkpt>
   <trkpt lat="50.996993" lon="-1.46181"><ele>25</ele></trkpt>
   <trkpt lat="50.99705" lon="-1.461261"><ele>25</ele></trkpt>
   <trkpt lat="50.997099" lon="-1.460664"><ele>25</ele></trkpt>
   <trkpt lat="50.997131" lon="-1.46014"><ele>25</ele></trkpt>
   <trkpt lat="50.997179" lon="-1.458955"><ele>25.75</ele></trkpt>
   <trkpt lat="50.997195" lon="-1.458336"><ele>25.75</ele></trkpt>
   <trkpt lat="50.997202" lon="-1.457724"><ele>25.75</ele></trkpt>
   <trkpt lat="50.997211" lon="-1.454454"><ele>27.75</ele></trkpt>
   <trkpt lat="50.997232" lon="-1.449119"><ele>30.75</ele></trkpt>
   <trkpt lat="50.997249" lon="-1.444388"><ele>30.75</ele></trkpt>
   <trkpt lat="50.99725" lon="-1.444205"><ele>30.75</ele></trkpt>
   <trkpt lat="50.997259" lon="-1.442818"><ele>31.5</ele></trkpt>
   <trkpt lat="50.997263" lon="-1.440856"><ele>33.75</ele></trkpt>
   <trkpt lat="50.997266" lon="-1.439997"><ele>34.75</ele></trkpt>
   <trkpt lat="50.997277" lon="-1.437186"><ele>36</ele></trkpt>
   <trkpt lat="50.997282" lon="-1.435694"><ele>35.5</ele></trkpt>
   <trkpt lat="50.99732" lon="-1.431118"><ele>37.25</ele></trkpt>
   <trkpt lat="50.997326" lon="-1.430835"><ele>35</ele></trkpt>
   <trkpt lat="50.997327" lon="-1.416986"><ele>37.5</ele></trkpt>
   <trkpt lat="50.997329" lon="-1.415727"><ele>35.75</ele></trkpt>
   <trkpt lat="50.997326" lon="-1.413612"><ele>34</ele></trkpt>
   <trkpt lat="50.99731" lon="-1.412766"><ele>34</ele></trkpt>
   <trkpt lat="50.997282" lon="-1.412078"><ele>34.5</ele></trkpt>
   <trkpt lat="50.997228" lon="-1.411224"><ele>35.25</ele></trkpt>
   <trkpt lat="50.997167" lon="-1.410482"><ele>34.25</ele></trkpt>
   <trkpt lat="50.997081" lon="-1.409756"><ele>32.5</ele></trkpt>
   <trkpt lat="50.996999" lon="-1.409129"><ele>32.75</ele></trkpt>
   <trkpt lat="50.996856" lon="-1.408216"><ele>33</ele></trkpt>
   <trkpt lat="50.996736" lon="-1.407524"><ele>32.5</ele></trkpt>
   <trkpt lat="50.996489" lon="-1.406301"><ele>32</ele></trkpt>
   <trkpt lat="50.996329" lon="-1.405597"><ele>33</ele></trkpt>
   <trkpt lat="50.996137" lon="-1.404893"><ele>33.25</ele></trkpt>
   <trkpt lat="50.995798" lon="-1.403742"><ele>34.25</ele></trkpt>
   <trkpt lat="50.995483" lon="-1.40278"><ele>34</ele></trkpt>
   <trkpt lat="50.995095" lon="-1.401734"><ele>32.25</ele></trkpt>
   <trkpt lat="50.994813" lon="-1.401064"><ele>32.25</ele></trkpt>
   <trkpt lat="50.994511" lon="-1.400421"><ele>32.75</ele></trkpt>
   <trkpt lat="50.99413" lon="-1.399689"><ele>31</ele></trkpt>
   <trkpt lat="50.993838" lon="-1.399186"><ele>30.75</ele></trkpt>
   <trkpt lat="50.993445" lon="-1.398568"><ele>29</ele></trkpt>
   <trkpt lat="50.992689" lon="-1.397499"><ele>28.5</ele></trkpt>
   <trkpt lat="50.992299" lon="-1.396969"><ele>27.75</ele></trkpt>
   <trkpt lat="50.992238" lon="-1.396885"><ele>27.75</ele></trkpt>
   <trkpt lat="50.991405" lon="-1.395755"><ele>30.25</ele></trkpt>
   <trkpt lat="50.988738" lon="-1.392102"><ele>26.75</ele></trkpt>
   <trkpt lat="50.984428" lon="-1.386215"><ele>22.5</ele></trkpt>
   <trkpt lat="50.983294" lon="-1.38466"><ele>22</ele></trkpt>
   <trkpt lat="50.983111" lon="-1.384397"><ele>22</ele></trkpt>
   <trkpt lat="50.981704" lon="-1.382494"><ele>23.25</ele></trkpt>
   <trkpt lat="50.980224" lon="-1.380466"><ele>21.5</ele></trkpt>
   <trkpt lat="50.978962" lon="-1.378757"><ele>21.25</ele></trkpt>
   <trkpt lat="50.978396" lon="-1.377962"><ele>20.25</ele></trkpt>
   <trkpt lat="50.977964" lon="-1.377316"><ele>19.75</ele></trkpt>
   <trkpt lat="50.977905" lon="-1.377226"><ele>20</ele></trkpt>
   <trkpt lat="50.977666" lon="-1.37686"><ele>21.25</ele></trkpt>
   <trkpt lat="50.977333" lon="-1.376318"><ele>24.75</ele></trkpt>
   <trkpt lat="50.977042" lon="-1.375818"><ele>27</ele></trkpt>
   <trkpt lat="50.976689" lon="-1.375133"><ele>26</ele></trkpt>
   <trkpt lat="50.976474" lon="-1.374702"><ele>27</ele></trkpt>
   <trkpt lat="50.976263" lon="-1.374253"><ele>27.75</ele></trkpt>
   <trkpt lat="50.975969" lon="-1.373549"><ele>26.5</ele></trkpt>
   <trkpt lat="50.975736" lon="-1.372966"><ele>26</ele></trkpt>
   <trkpt lat="50.97551" lon="-1.372332"><ele>21.75</ele></trkpt>
   <trkpt lat="50.975323" lon="-1.371831"><ele>20.5</ele></trkpt>
   <trkpt lat="50.975131" lon="-1.371245"><ele>18.75</ele></trkpt>
   <trkpt lat="50.97492" lon="-1.370519"><ele>18.75</ele></trkpt>
   <trkpt lat="50.974763" lon="-1.369918"><ele>19</ele></trkpt>
   <trkpt lat="50.974551" lon="-1.36902"><ele>17.25</ele></trkpt>
   <trkpt lat="50.974395" lon="-1.368267"><ele>18.75</ele></trkpt>
   <trkpt lat="50.974207" lon="-1.367215"><ele>16.75</ele></trkpt>
   <trkpt lat="50.97413" lon="-1.366726"><ele>17</ele></trkpt>
   <trkpt lat="50.97404" lon="-1.366102"><ele>17</ele></trkpt>
   <trkpt lat="50.973968" lon="-1.365454"><ele>17.25</ele></trkpt>
   <trkpt lat="50.973904" lon="-1.364766"><ele>18.75</ele></trkpt>
   <trkpt lat="50.973849" lon="-1.36401"><ele>18.5</ele></trkpt>
   <trkpt lat="50.973814" lon="-1.363229"><ele>17.25</ele></trkpt>
   <trkpt lat="50.973802" lon="-1.36265"><ele>17.25</ele></trkpt>
   <trkpt lat="50.973803" lon="-1.361744"><ele>17.25</ele></trkpt>
   <trkpt lat="50.97383" lon="-1.360824"><ele>17.5</ele></trkpt>
   <trkpt lat="50.973863" lon="-1.360256"><ele>18.75</ele></trkpt>
   <trkpt lat="50.973896" lon="-1.359768"><ele>18.75</ele></trkpt>
   <trkpt lat="50.973954" lon="-1.359149"><ele>18.5</ele></trkpt>
   <trkpt lat="50.974089" lon="-1.358"><ele>17.75</ele></trkpt>
   <trkpt lat="50.974161" lon="-1.3575"><ele>17.75</ele></trkpt>
   <trkpt lat="50.97429" lon="-1.356712"><ele>17</ele></trkpt>
   <trkpt lat="50.974352" lon="-1.356272"><ele>17.25</ele></trkpt>
   <trkpt lat="50.974385" lon="-1.355917"><ele>17.75</ele></trkpt>
   <trkpt lat="50.974403" lon="-1.355515"><ele>17.75</ele></trkpt>
   <trkpt lat="50.974402" lon="-1.355087"><ele>17.75</ele></trkpt>
   <trkpt lat="50.974387" lon="-1.354693"><ele>18</ele></trkpt>
   <trkpt lat="50.974343" lon="-1.354242"><ele>18</ele></trkpt>
   <trkpt lat="50.974283" lon="-1.35383"><ele>17.75</ele></trkpt>
   <trkpt lat="50.974207" lon="-1.353435"><ele>17.25</ele></trkpt>
   <trkpt lat="50.974103" lon="-1.353011"><ele>17</ele></trkpt>
   <trkpt lat="50.973977" lon="-1.352605"><ele>17</ele></trkpt>
   <trkpt lat="50.973843" lon="-1.352243"><ele>17</ele></trkpt>
   <trkpt lat="50.973691" lon="-1.351882"><ele>17.25</ele></trkpt>
   <trkpt lat="50.973508" lon="-1.351525"><ele>17.5</ele></trkpt>
   <trkpt lat="50.973326" lon="-1.351215"><ele>17</ele></trkpt>
   <trkpt lat="50.973111" lon="-1.350909"><ele>17.25</ele></trkpt>
   <trkpt lat="50.972872" lon="-1.350615"><ele>16.75</ele></trkpt>
   <trkpt lat="50.972649" lon="-1.350374"><ele>16.25</ele></trkpt>
   <trkpt lat="50.972352" lon="-1.350103"><ele>16.25</ele></trkpt>
   <trkpt lat="50.972243" lon="-1.350013"><ele>16</ele></trkpt>
   <trkpt lat="50.972079" lon="-1.349879"><ele>16</ele></trkpt>
   <trkpt lat="50.971809" lon="-1.349696"><ele>16</ele></trkpt>
   <trkpt lat="50.971777" lon="-1.349677"><ele>16</ele></trkpt>
   <trkpt lat="50.971484" lon="-1.349532"><ele>15.5</ele></trkpt>
   <trkpt lat="50.971337" lon="-1.34948"><ele>15</ele></trkpt>
   <trkpt lat="50.971143" lon="-1.349439"><ele>15</ele></trkpt>
   <trkpt lat="50.970983" lon="-1.349429"><ele>15</ele></trkpt>
   <trkpt lat="50.970933" lon="-1.349426"><ele>15</ele></trkpt>
   <trkpt lat="50.970734" lon="-1.349445"><ele>15</ele></trkpt>
   <trkpt lat="50.970606" lon="-1.349476"><ele>15</ele></trkpt>
   <trkpt lat="50.970242" lon="-1.349524"><ele>15</ele></trkpt>
   <trkpt lat="50.969964" lon="-1.349528"><ele>15</ele></trkpt>
   <trkpt lat="50.969781" lon="-1.349531"><ele>15</ele></trkpt>
   <trkpt lat="50.969401" lon="-1.349461"><ele>14.75</ele></trkpt>
   <trkpt lat="50.969217" lon="-1.349455"><ele>15</ele></trkpt>
   <trkpt lat="50.969125" lon="-1.349447"><ele>15</ele></trkpt>
   <trkpt lat="50.968912" lon="-1.349411"><ele>15</ele></trkpt>
   <trkpt lat="50.968739" lon="-1.349357"><ele>15</ele></trkpt>
   <trkpt lat="50.968496" lon="-1.349232"><ele>15</ele></trkpt>
   <trkpt lat="50.968247" lon="-1.349062"><ele>14.5</ele></trkpt>
   <trkpt lat="50.967911" lon="-1.348853"><ele>14.25</ele></trkpt>
   <trkpt lat="50.967074" lon="-1.348488"><ele>14</ele></trkpt>
   <trkpt lat="50.966762" lon="-1.348382"><ele>14</ele></trkpt>
   <trkpt lat="50.965906" lon="-1.348196"><ele>14</ele></trkpt>
   <trkpt lat="50.965724" lon="-1.348145"><ele>14</ele></trkpt>
   <trkpt lat="50.965462" lon="-1.348063"><ele>14</ele></trkpt>
   <trkpt lat="50.965204" lon="-1.347956"><ele>14</ele></trkpt>
   <trkpt lat="50.964945" lon="-1.347826"><ele>14.25</ele></trkpt>
   <trkpt lat="50.964703" lon="-1.347662"><ele>14.5</ele></trkpt>
   <trkpt lat="50.963634" lon="-1.346866"><ele>14</ele></trkpt>
   <trkpt lat="50.962812" lon="-1.34629"><ele>14</ele></trkpt>
   <trkpt lat="50.962582" lon="-1.346105"><ele>14</ele></trkpt>
   <trkpt lat="50.962448" lon="-1.345962"><ele>14</ele></trkpt>
   <trkpt lat="50.96235" lon="-1.34586"><ele>14</ele></trkpt>
   <trkpt lat="50.962125" lon="-1.345561"><ele>14</ele></trkpt>
   <trkpt lat="50.961841" lon="-1.345185"><ele>14</ele></trkpt>
   <trkpt lat="50.961486" lon="-1.34467"><ele>14</ele></trkpt>
   <trkpt lat="50.961353" lon="-1.344442"><ele>14</ele></trkpt>
   <trkpt lat="50.960976" lon="-1.343838"><ele>13.75</ele></trkpt>
   <trkpt lat="50.95836" lon="-1.339333"><ele>10.75</ele></trkpt>
   <trkpt lat="50.958302" lon="-1.339235"><ele>10.75</ele></trkpt>
   <trkpt lat="50.957537" lon="-1.33791"><ele>10.75</ele></trkpt>
   <trkpt lat="50.957468" lon="-1.337791"><ele>11.25</ele></trkpt>
   <trkpt lat="50.956466" lon="-1.336073"><ele>9.5</ele></trkpt>
   <trkpt lat="50.956006" lon="-1.335276"><ele>9</ele></trkpt>
   <trkpt lat="50.954693" lon="-1.333"><ele>11.25</ele></trkpt>
   <trkpt lat="50.954487" lon="-1.33265"><ele>10.5</ele></trkpt>
   <trkpt lat="50.953116" lon="-1.330275"><ele>9.75</ele></trkpt>
   <trkpt lat="50.953064" lon="-1.330183"><ele>10.5</ele></trkpt>
   <trkpt lat="50.950384" lon="-1.325564"><ele>12.25</ele></trkpt>
   <trkpt lat="50.950324" lon="-1.325458"><ele>12.75</ele></trkpt>
   <trkpt lat="50.94697" lon="-1.319667"><ele>19</ele></trkpt>
   <trkpt lat="50.932388" lon="-1.294507"><ele>23.25</ele></trkpt>
   <trkpt lat="50.928091" lon="-1.287093"><ele>22.75</ele></trkpt>
   <trkpt lat="50.927734" lon="-1.286437"><ele>22.25</ele></trkpt>
   <trkpt lat="50.927388" lon="-1.285784"><ele>23.5</ele></trkpt>
   <trkpt lat="50.926894" lon="-1.284778"><ele>23.25</ele></trkpt>
   <trkpt lat="50.926411" lon="-1.283762"><ele>22.5</ele></trkpt>
   <trkpt lat="50.925889" lon="-1.282595"><ele>22.5</ele></trkpt>
   <trkpt lat="50.92547" lon="-1.2816"><ele>20.75</ele></trkpt>
   <trkpt lat="50.924998" lon="-1.280411"><ele>19.25</ele></trkpt>
   <trkpt lat="50.92441" lon="-1.278803"><ele>18</ele></trkpt>
   <trkpt lat="50.923974" lon="-1.277474"><ele>17.5</ele></trkpt>
   <trkpt lat="50.923175" lon="-1.274793"><ele>15.5</ele></trkpt>
   <trkpt lat="50.922772" lon="-1.273512"><ele>17</ele></trkpt>
   <trkpt lat="50.922138" lon="-1.271691"><ele>21</ele></trkpt>
   <trkpt lat="50.921866" lon="-1.270951"><ele>20.5</ele></trkpt>
   <trkpt lat="50.921631" lon="-1.270345"><ele>18.25</ele></trkpt>
   <trkpt lat="50.921377" lon="-1.269727"><ele>17</ele></trkpt>
   <trkpt lat="50.920681" lon="-1.268128"><ele>14.5</ele></trkpt>
   <trkpt lat="50.919475" lon="-1.265575"><ele>13</ele></trkpt>
   <trkpt lat="50.919089" lon="-1.264767"><ele>8.25</ele></trkpt>
   <trkpt lat="50.917415" lon="-1.261305"><ele>16</ele></trkpt>
   <trkpt lat="50.916347" lon="-1.25907"><ele>17</ele></trkpt>
   <trkpt lat="50.914239" lon="-1.254658"><ele>17.25</ele></trkpt>
   <trkpt lat="50.913915" lon="-1.254012"><ele>17</ele></trkpt>
   <trkpt lat="50.913517" lon="-1.253277"><ele>17.75</ele></trkpt>
   <trkpt lat="50.913113" lon="-1.252554"><ele>17</ele></trkpt>
   <trkpt lat="50.912683" lon="-1.251828"><ele>13.75</ele></trkpt>
   <trkpt lat="50.91221" lon="-1.251056"><ele>14.25</ele></trkpt>
   <trkpt lat="50.911524" lon="-1.249994"><ele>12.25</ele></trkpt>
   <trkpt lat="50.911033" lon="-1.249297"><ele>14.25</ele></trkpt>
   <trkpt lat="50.910443" lon="-1.248518"><ele>15.25</ele></trkpt>
   <trkpt lat="50.909736" lon="-1.247651"><ele>17</ele></trkpt>
   <trkpt lat="50.908741" lon="-1.246526"><ele>16.5</ele></trkpt>
   <trkpt lat="50.908163" lon="-1.245832"><ele>13.75</ele></trkpt>
   <trkpt lat="50.907728" lon="-1.245286"><ele>14</ele></trkpt>
   <trkpt lat="50.907299" lon="-1.244717"><ele>13.25</ele></trkpt>
   <trkpt lat="50.906869" lon="-1.24413"><ele>13.25</ele></trkpt>
   <trkpt lat="50.906372" lon="-1.243404"><ele>14</ele></trkpt>
   <trkpt lat="50.905534" lon="-1.242091"><ele>14</ele></trkpt>
   <trkpt lat="50.904912" lon="-1.241017"><ele>12.25</ele></trkpt>
   <trkpt lat="50.904832" lon="-1.24088"><ele>12.25</ele></trkpt>
   <trkpt lat="50.903576" lon="-1.238713"><ele>12.75</ele></trkpt>
   <trkpt lat="50.903533" lon="-1.238641"><ele>11.5</ele></trkpt>
   <trkpt lat="50.903513" lon="-1.238608"><ele>11.25</ele></trkpt>
   <trkpt lat="50.900843" lon="-1.234057"><ele>16.75</ele></trkpt>
   <trkpt lat="50.898647" lon="-1.230348"><ele>18.75</ele></trkpt>
   <trkpt lat="50.897209" lon="-1.22784"><ele>20</ele></trkpt>
   <trkpt lat="50.896774" lon="-1.227106"><ele>18.25</ele></trkpt>
   <trkpt lat="50.895223" lon="-1.224425"><ele>23.5</ele></trkpt>
   <trkpt lat="50.892106" lon="-1.219036"><ele>27</ele></trkpt>
   <trkpt lat="50.890977" lon="-1.217066"><ele>32.75</ele></trkpt>
   <trkpt lat="50.890307" lon="-1.215893"><ele>28</ele></trkpt>
   <trkpt lat="50.889696" lon="-1.214798"><ele>25.75</ele></trkpt>
   <trkpt lat="50.888713" lon="-1.213246"><ele>23.25</ele></trkpt>
   <trkpt lat="50.888172" lon="-1.212515"><ele>22.5</ele></trkpt>
   <trkpt lat="50.887865" lon="-1.212122"><ele>22.5</ele></trkpt>
   <trkpt lat="50.886896" lon="-1.21105"><ele>22.5</ele></trkpt>
   <trkpt lat="50.886534" lon="-1.210689"><ele>22</ele></trkpt>
   <trkpt lat="50.886164" lon="-1.210353"><ele>22.25</ele></trkpt>
   <trkpt lat="50.885691" lon="-1.209949"><ele>21.5</ele></trkpt>
   <trkpt lat="50.885316" lon="-1.209658"><ele>18.25</ele></trkpt>
   <trkpt lat="50.884815" lon="-1.209282"><ele>17.25</ele></trkpt>
   <trkpt lat="50.884356" lon="-1.208995"><ele>20.5</ele></trkpt>
   <trkpt lat="50.883895" lon="-1.208728"><ele>20.5</ele></trkpt>
   <trkpt lat="50.88344" lon="-1.2085"><ele>21.75</ele></trkpt>
   <trkpt lat="50.883035" lon="-1.208309"><ele>22.75</ele></trkpt>
   <trkpt lat="50.882571" lon="-1.208114"><ele>22.25</ele></trkpt>
   <trkpt lat="50.882012" lon="-1.207908"><ele>23.5</ele></trkpt>
   <trkpt lat="50.881536" lon="-1.207766"><ele>24</ele></trkpt>
   <trkpt lat="50.881103" lon="-1.207654"><ele>24.75</ele></trkpt>
   <trkpt lat="50.880628" lon="-1.207558"><ele>24</ele></trkpt>
   <trkpt lat="50.879569" lon="-1.207429"><ele>23.25</ele></trkpt>
   <trkpt lat="50.879027" lon="-1.207385"><ele>25</ele></trkpt>
   <trkpt lat="50.878509" lon="-1.207318"><ele>24.75</ele></trkpt>
   <trkpt lat="50.877967" lon="-1.207184"><ele>24</ele></trkpt>
   <trkpt lat="50.877274" lon="-1.207037"><ele>24.75</ele></trkpt>
   <trkpt lat="50.876652" lon="-1.206894"><ele>23.75</ele></trkpt>
   <trkpt lat="50.875827" lon="-1.206629"><ele>23</ele></trkpt>
   <trkpt lat="50.874942" lon="-1.206299"><ele>21.25</ele></trkpt>
   <trkpt lat="50.873835" lon="-1.205788"><ele>20.5</ele></trkpt>
   <trkpt lat="50.872779" lon="-1.205189"><ele>21</ele></trkpt>
   <trkpt lat="50.87227" lon="-1.204899"><ele>21</ele></trkpt>
   <trkpt lat="50.871303" lon="-1.204252"><ele>21.25</ele></trkpt>
   <trkpt lat="50.868472" lon="-1.202365"><ele>28.5</ele></trkpt>
   <trkpt lat="50.867277" lon="-1.201575"><ele>26.5</ele></trkpt>
   <trkpt lat="50.867006" lon="-1.201395"><ele>26</ele></trkpt>
   <trkpt lat="50.865279" lon="-1.20025"><ele>24</ele></trkpt>
   <trkpt lat="50.86283" lon="-1.198602"><ele>21</ele></trkpt>
   <trkpt lat="50.860774" lon="-1.197265"><ele>21</ele></trkpt>
   <trkpt lat="50.85846" lon="-1.195719"><ele>18.75</ele></trkpt>
   <trkpt lat="50.856339" lon="-1.194304"><ele>17.75</ele></trkpt>
   <trkpt lat="50.855878" lon="-1.193997"><ele>17</ele></trkpt>
   <trkpt lat="50.855587" lon="-1.193809"><ele>17</ele></trkpt>
   <trkpt lat="50.855231" lon="-1.193569"><ele>17</ele></trkpt>
   <trkpt lat="50.854958" lon="-1.193429"><ele>17</ele></trkpt>
   <trkpt lat="50.854579" lon="-1.193265"><ele>17</ele></trkpt>
   <trkpt lat="50.854023" lon="-1.192951"><ele>16</ele></trkpt>
   <trkpt lat="50.853542" lon="-1.192637"><ele>16</ele></trkpt>
   <trkpt lat="50.853214" lon="-1.192421"><ele>16</ele></trkpt>
   <trkpt lat="50.852983" lon="-1.192258"><ele>14.75</ele></trkpt>
   <trkpt lat="50.85281" lon="-1.192114"><ele>12.5</ele></trkpt>
   <trkpt lat="50.852567" lon="-1.191883"><ele>13</ele></trkpt>
   <trkpt lat="50.852483" lon="-1.191789"><ele>13.75</ele></trkpt>
   <trkpt lat="50.852391" lon="-1.191667"><ele>14.75</ele></trkpt>
   <trkpt lat="50.852243" lon="-1.191446"><ele>15.5</ele></trkpt>
   <trkpt lat="50.852131" lon="-1.191252"><ele>15.25</ele></trkpt>
   <trkpt lat="50.852032" lon="-1.191045"><ele>15.25</ele></trkpt>
   <trkpt lat="50.851953" lon="-1.190858"><ele>15.75</ele></trkpt>
   <trkpt lat="50.851867" lon="-1.190601"><ele>12.5</ele></trkpt>
   <trkpt lat="50.8518" lon="-1.19035"><ele>12</ele></trkpt>
   <trkpt lat="50.851743" lon="-1.190059"><ele>12.75</ele></trkpt>
   <trkpt lat="50.851691" lon="-1.189732"><ele>13.75</ele></trkpt>
   <trkpt lat="50.85133" lon="-1.186893"><ele>12.25</ele></trkpt>
   <trkpt lat="50.851315" lon="-1.186779"><ele>12</ele></trkpt>
   <trkpt lat="50.851282" lon="-1.186533"><ele>11.25</ele></trkpt>
   <trkpt lat="50.850298" lon="-1.178809"><ele>10</ele></trkpt>
   <trkpt lat="50.850236" lon="-1.178229"><ele>9.75</ele></trkpt>
   <trkpt lat="50.850193" lon="-1.177544"><ele>9.5</ele></trkpt>
   <trkpt lat="50.850181" lon="-1.17715"><ele>9.5</ele></trkpt>
   <trkpt lat="50.850178" lon="-1.176709"><ele>9.25</ele></trkpt>
   <trkpt lat="50.850191" lon="-1.176194"><ele>9.25</ele></trkpt>
   <trkpt lat="50.850216" lon="-1.175727"><ele>9.25</ele></trkpt>
   <trkpt lat="50.850258" lon="-1.175244"><ele>10.5</ele></trkpt>
   <trkpt lat="50.850306" lon="-1.174841"><ele>9.75</ele></trkpt>
   <trkpt lat="50.850368" lon="-1.174424"><ele>7.25</ele></trkpt>
   <trkpt lat="50.850443" lon="-1.173988"><ele>7.5</ele></trkpt>
   <trkpt lat="50.850542" lon="-1.173506"><ele>10.5</ele></trkpt>
   <trkpt lat="50.850668" lon="-1.172989"><ele>7.5</ele></trkpt>
   <trkpt lat="50.850806" lon="-1.172508"><ele>10.25</ele></trkpt>
   <trkpt lat="50.850966" lon="-1.172009"><ele>8</ele></trkpt>
   <trkpt lat="50.851153" lon="-1.171503"><ele>8.25</ele></trkpt>
   <trkpt lat="50.851192" lon="-1.171407"><ele>7.5</ele></trkpt>
   <trkpt lat="50.852221" lon="-1.168808"><ele>8.75</ele></trkpt>
   <trkpt lat="50.853278" lon="-1.166142"><ele>9.5</ele></trkpt>
   <trkpt lat="50.853454" lon="-1.165686"><ele>10</ele></trkpt>
   <trkpt lat="50.853728" lon="-1.164888"><ele>12.5</ele></trkpt>
   <trkpt lat="50.853868" lon="-1.164446"><ele>13</ele></trkpt>
   <trkpt lat="50.853998" lon="-1.163958"><ele>14.25</ele></trkpt>
   <trkpt lat="50.854096" lon="-1.163546"><ele>14</ele></trkpt>
   <trkpt lat="50.854201" lon="-1.163066"><ele>15</ele></trkpt>
   <trkpt lat="50.85429" lon="-1.162597"><ele>16.75</ele></trkpt>
   <trkpt lat="50.854424" lon="-1.161715"><ele>15</ele></trkpt>
   <trkpt lat="50.854472" lon="-1.161308"><ele>15.75</ele></trkpt>
   <trkpt lat="50.854543" lon="-1.160496"><ele>18.5</ele></trkpt>
   <trkpt lat="50.854569" lon="-1.160038"><ele>19.75</ele></trkpt>
   <trkpt lat="50.854576" lon="-1.159582"><ele>20</ele></trkpt>
   <trkpt lat="50.854575" lon="-1.159054"><ele>20.5</ele></trkpt>
   <trkpt lat="50.854566" lon="-1.158611"><ele>20.25</ele></trkpt>
   <trkpt lat="50.854518" lon="-1.157688"><ele>20</ele></trkpt>
   <trkpt lat="50.854478" lon="-1.157219"><ele>18.5</ele></trkpt>
   <trkpt lat="50.854425" lon="-1.156775"><ele>17.75</ele></trkpt>
   <trkpt lat="50.854358" lon="-1.156299"><ele>21.25</ele></trkpt>
   <trkpt lat="50.854268" lon="-1.155725"><ele>22.25</ele></trkpt>
   <trkpt lat="50.85415" lon="-1.155149"><ele>18.5</ele></trkpt>
   <trkpt lat="50.854004" lon="-1.15453"><ele>22.75</ele></trkpt>
   <trkpt lat="50.853833" lon="-1.153907"><ele>20.5</ele></trkpt>
   <trkpt lat="50.853636" lon="-1.153277"><ele>19.5</ele></trkpt>
   <trkpt lat="50.852627" lon="-1.150146"><ele>21.25</ele></trkpt>
   <trkpt lat="50.852153" lon="-1.148698"><ele>18.75</ele></trkpt>
   <trkpt lat="50.850711" lon="-1.14423"><ele>16.25</ele></trkpt>
   <trkpt lat="50.85053" lon="-1.143641"><ele>14.75</ele></trkpt>
   <trkpt lat="50.850348" lon="-1.14301"><ele>14.25</ele></trkpt>
   <trkpt lat="50.8502" lon="-1.142442"><ele>13.5</ele></trkpt>
   <trkpt lat="50.85006" lon="-1.141857"><ele>13.25</ele></trkpt>
   <trkpt lat="50.849908" lon="-1.141172"><ele>13.5</ele></trkpt>
   <trkpt lat="50.849777" lon="-1.140526"><ele>13.25</ele></trkpt>
   <trkpt lat="50.849605" lon="-1.139561"><ele>14.25</ele></trkpt>
   <trkpt lat="50.849473" lon="-1.138647"><ele>13.25</ele></trkpt>
   <trkpt lat="50.849371" lon="-1.137814"><ele>13.5</ele></trkpt>
   <trkpt lat="50.849309" lon="-1.137205"><ele>13</ele></trkpt>
   <trkpt lat="50.849256" lon="-1.136557"><ele>12.5</ele></trkpt>
   <trkpt lat="50.849214" lon="-1.135931"><ele>12</ele></trkpt>
   <trkpt lat="50.849185" lon="-1.135329"><ele>12</ele></trkpt>
   <trkpt lat="50.84916" lon="-1.13479"><ele>11.75</ele></trkpt>
   <trkpt lat="50.848862" lon="-1.125905"><ele>10.5</ele></trkpt>
   <trkpt lat="50.848834" lon="-1.12503"><ele>10</ele></trkpt>
   <trkpt lat="50.848803" lon="-1.124079"><ele>7.75</ele></trkpt>
   <trkpt lat="50.848799" lon="-1.123919"><ele>7.25</ele></trkpt>
   <trkpt lat="50.848598" lon="-1.11778"><ele>7.75</ele></trkpt>
   <trkpt lat="50.848594" lon="-1.117635"><ele>8.75</ele></trkpt>
   <trkpt lat="50.848455" lon="-1.113426"><ele>7.5</ele></trkpt>
   <trkpt lat="50.848452" lon="-1.1133"><ele>7.25</ele></trkpt>
   <trkpt lat="50.847701" lon="-1.090995"><ele>9.5</ele></trkpt>
   <trkpt lat="50.847671" lon="-1.090382"><ele>10</ele></trkpt>
   <trkpt lat="50.847636" lon="-1.089859"><ele>10.5</ele></trkpt>
   <trkpt lat="50.847591" lon="-1.089358"><ele>10.25</ele></trkpt>
   <trkpt lat="50.847529" lon="-1.088798"><ele>9.25</ele></trkpt>
   <trkpt lat="50.847456" lon="-1.088252"><ele>9.25</ele></trkpt>
   <trkpt lat="50.847349" lon="-1.087551"><ele>10.75</ele></trkpt>
   <trkpt lat="50.847226" lon="-1.086879"><ele>9</ele></trkpt>
   <trkpt lat="50.847123" lon="-1.086383"><ele>10.25</ele></trkpt>
   <trkpt lat="50.847026" lon="-1.085934"><ele>9.75</ele></trkpt>
   <trkpt lat="50.846895" lon="-1.085411"><ele>9.25</ele></trkpt>
   <trkpt lat="50.846722" lon="-1.084774"><ele>10</ele></trkpt>
   <trkpt lat="50.846535" lon="-1.084183"><ele>9</ele></trkpt>
   <trkpt lat="50.846378" lon="-1.083703"><ele>6.75</ele></trkpt>
   <trkpt lat="50.84623" lon="-1.083279"><ele>7</ele></trkpt>
   <trkpt lat="50.845931" lon="-1.082507"><ele>5.25</ele></trkpt>
   <trkpt lat="50.845664" lon="-1.081887"><ele>4.75</ele></trkpt>
   <trkpt lat="50.845448" lon="-1.081431"><ele>4.5</ele></trkpt>
   <trkpt lat="50.844798" lon="-1.080099"><ele>4.25</ele></trkpt>
   <trkpt lat="50.844686" lon="-1.079851"><ele>4.25</ele></trkpt>
   <trkpt lat="50.844643" lon="-1.079755"><ele>3.75</ele></trkpt>
   <trkpt lat="50.844489" lon="-1.07941"><ele>4.75</ele></trkpt>
   <trkpt lat="50.844133" lon="-1.078555"><ele>4.25</ele></trkpt>
   <trkpt lat="50.844097" lon="-1.078463"><ele>3.5</ele></trkpt>
   <trkpt lat="50.843908" lon="-1.077978"><ele>4.75</ele></trkpt>
   <trkpt lat="50.843598" lon="-1.077081"><ele>4.75</ele></trkpt>
   <trkpt lat="50.843352" lon="-1.076322"><ele>4.75</ele></trkpt>
   <trkpt lat="50.843064" lon="-1.075298"><ele>4.75</ele></trkpt>
   <trkpt lat="50.843026" lon="-1.075151"><ele>4.25</ele></trkpt>
   <trkpt lat="50.842873" lon="-1.074537"><ele>3</ele></trkpt>
   <trkpt lat="50.842724" lon="-1.073861"><ele>3.75</ele></trkpt>
   <trkpt lat="50.842595" lon="-1.073226"><ele>3</ele></trkpt>
   <trkpt lat="50.84248" lon="-1.072598"><ele>4</ele></trkpt>
   <trkpt lat="50.842349" lon="-1.071809"><ele>3.5</ele></trkpt>
   <trkpt lat="50.842193" lon="-1.070739"><ele>3.5</ele></trkpt>
   <trkpt lat="50.842111" lon="-1.069949"><ele>5.25</ele></trkpt>
   <trkpt lat="50.84193" lon="-1.067967"><ele>3.75</ele></trkpt>
   <trkpt lat="50.84187" lon="-1.06734"><ele>3.5</ele></trkpt>
   <trkpt lat="50.84172" lon="-1.066197"><ele>3</ele></trkpt>
   <trkpt lat="50.841593" lon="-1.065353"><ele>2.75</ele></trkpt>
   <trkpt lat="50.841378" lon="-1.064095"><ele>3</ele></trkpt>
   <trkpt lat="50.841151" lon="-1.062882"><ele>3</ele></trkpt>
   <trkpt lat="50.841013" lon="-1.062227"><ele>2.5</ele></trkpt>
   <trkpt lat="50.840856" lon="-1.061544"><ele>2.75</ele></trkpt>
   <trkpt lat="50.839613" lon="-1.056367"><ele>2</ele></trkpt>
   <trkpt lat="50.839511" lon="-1.056007"><ele>2.25</ele></trkpt>
   <trkpt lat="50.839409" lon="-1.055705"><ele>2.75</ele></trkpt>
   <trkpt lat="50.839305" lon="-1.055437"><ele>2.25</ele></trkpt>
   <trkpt lat="50.839184" lon="-1.055152"><ele>2.25</ele></trkpt>
   <trkpt lat="50.839014" lon="-1.054816"><ele>2.75</ele></trkpt>
   <trkpt lat="50.838847" lon="-1.054525"><ele>2.25</ele></trkpt>
   <trkpt lat="50.838653" lon="-1.054231"><ele>2.75</ele></trkpt>
   <trkpt lat="50.838464" lon="-1.053982"><ele>2.5</ele></trkpt>
   <trkpt lat="50.838259" lon="-1.053749"><ele>2.5</ele></trkpt>
   <trkpt lat="50.838085" lon="-1.053581"><ele>2.75</ele></trkpt>
   <trkpt lat="50.837907" lon="-1.053429"><ele>2.5</ele></trkpt>
   <trkpt lat="50.837687" lon="-1.053261"><ele>2.75</ele></trkpt>
   <trkpt lat="50.837429" lon="-1.053112"><ele>3</ele></trkpt>
   <trkpt lat="50.837125" lon="-1.052972"><ele>2.75</ele></trkpt>
   <trkpt lat="50.836825" lon="-1.052882"><ele>2.75</ele></trkpt>
   <trkpt lat="50.836616" lon="-1.052842"><ele>2.75</ele></trkpt>
   <trkpt lat="50.836363" lon="-1.052816"><ele>2.75</ele></trkpt>
   <trkpt lat="50.836109" lon="-1.052819"><ele>2.75</ele></trkpt>
   <trkpt lat="50.835825" lon="-1.05286"><ele>2.5</ele></trkpt>
   <trkpt lat="50.835605" lon="-1.052914"><ele>2.75</ele></trkpt>
   <trkpt lat="50.835366" lon="-1.052994"><ele>2.75</ele></trkpt>
   <trkpt lat="50.835138" lon="-1.053108"><ele>2.75</ele></trkpt>
   <trkpt lat="50.83492" lon="-1.053247"><ele>3</ele></trkpt>
   <trkpt lat="50.834698" lon="-1.053404"><ele>3</ele></trkpt>
   <trkpt lat="50.834503" lon="-1.053571"><ele>3.75</ele></trkpt>
   <trkpt lat="50.834054" lon="-1.054074"><ele>3.75</ele></trkpt>
   <trkpt lat="50.833873" lon="-1.054289"><ele>3.75</ele></trkpt>
   <trkpt lat="50.833455" lon="-1.054783"><ele>4</ele></trkpt>
   <trkpt lat="50.833194" lon="-1.055072"><ele>4</ele></trkpt>
   <trkpt lat="50.833089" lon="-1.055181"><ele>4.25</ele></trkpt>
   <trkpt lat="50.832477" lon="-1.055766"><ele>4.5</ele></trkpt>
   <trkpt lat="50.832338" lon="-1.055895"><ele>4.5</ele></trkpt>
   <trkpt lat="50.832004" lon="-1.056208"><ele>2.75</ele></trkpt>
   <trkpt lat="50.831496" lon="-1.056636"><ele>2.75</ele></trkpt>
   <trkpt lat="50.830861" lon="-1.057124"><ele>2.5</ele></trkpt>
   <trkpt lat="50.82988" lon="-1.057839"><ele>3</ele></trkpt>
   <trkpt lat="50.82903" lon="-1.058396"><ele>3</ele></trkpt>
   <trkpt lat="50.828705" lon="-1.058591"><ele>3</ele></trkpt>
   <trkpt lat="50.828286" lon="-1.058821"><ele>3.75</ele></trkpt>
   <trkpt lat="50.827672" lon="-1.059123"><ele>3</ele></trkpt>
   <trkpt lat="50.827274" lon="-1.059289"><ele>2.75</ele></trkpt>
   <trkpt lat="50.826894" lon="-1.05943"><ele>3</ele></trkpt>
   <trkpt lat="50.826406" lon="-1.059589"><ele>3</ele></trkpt>
   <trkpt lat="50.825956" lon="-1.059713"><ele>3</ele></trkpt>
   <trkpt lat="50.825567" lon="-1.059794"><ele>3</ele></trkpt>
   <trkpt lat="50.824766" lon="-1.05994"><ele>3.5</ele></trkpt>
   <trkpt lat="50.819835" lon="-1.0608"><ele>4</ele></trkpt>
   <trkpt lat="50.812871" lon="-1.062015"><ele>5</ele></trkpt>
   <trkpt lat="50.812101" lon="-1.062154"><ele>5</ele></trkpt>
   <trkpt lat="50.811839" lon="-1.062209"><ele>5</ele></trkpt>
   <trkpt lat="50.811165" lon="-1.062382"><ele>5</ele></trkpt>
   <trkpt lat="50.810721" lon="-1.062523"><ele>5</ele></trkpt>
   <trkpt lat="50.810286" lon="-1.06269"><ele>5</ele></trkpt>
   <trkpt lat="50.809666" lon="-1.062965"><ele>4.5</ele></trkpt>
   <trkpt lat="50.809273" lon="-1.063161"><ele>4</ele></trkpt>
   <trkpt lat="50.808782" lon="-1.063432"><ele>4.25</ele></trkpt>
   <trkpt lat="50.808072" lon="-1.063861"><ele>4</ele></trkpt>
   <trkpt lat="50.806937" lon="-1.064587"><ele>5</ele></trkpt>
   <trkpt lat="50.80159" lon="-1.067925"><ele>6.5</ele></trkpt>
   <trkpt lat="50.801034" lon="-1.068222"><ele>6</ele></trkpt>
   <trkpt lat="50.800992" lon="-1.068248"><ele>6</ele></trkpt>
   <trkpt lat="50.800814" lon="-1.068343"><ele>6</ele></trkpt>
   <trkpt lat="50.800574" lon="-1.068434"><ele>6.5</ele></trkpt>
   <trkpt lat="50.800339" lon="-1.068547"><ele>6</ele></trkpt>
   <trkpt lat="50.800339" lon="-1.068548"><ele>6</ele></trkpt>
   <trkpt lat="50.800135" lon="-1.068671"><ele>6.25</ele></trkpt>
   <trkpt lat="50.799708" lon="-1.068957"><ele>6</ele></trkpt>
   <trkpt lat="50.7996" lon="-1.069008"><ele>6</ele></trkpt>
   <trkpt lat="50.799449" lon="-1.069104"><ele>6</ele></trkpt>
   <trkpt lat="50.799256" lon="-1.069232"><ele>6</ele></trkpt>
   <trkpt lat="50.799119" lon="-1.069307"><ele>6</ele></trkpt>
   <trkpt lat="50.798452" lon="-1.069775"><ele>5.5</ele></trkpt>
   <trkpt lat="50.798048" lon="-1.07008"><ele>5.25</ele></trkpt>
   <trkpt lat="50.797817" lon="-1.070286"><ele>5</ele></trkpt>
   <trkpt lat="50.797687" lon="-1.070423"><ele>5.25</ele></trkpt>
   <trkpt lat="50.797538" lon="-1.070598"><ele>5</ele></trkpt>
   <trkpt lat="50.797349" lon="-1.070846"><ele>5</ele></trkpt>
   <trkpt lat="50.797171" lon="-1.071122"><ele>5</ele></trkpt>
   <trkpt lat="50.797002" lon="-1.071432"><ele>5</ele></trkpt>
   <trkpt lat="50.796834" lon="-1.071788"><ele>5</ele></trkpt>
   <trkpt lat="50.796641" lon="-1.07225"><ele>5</ele></trkpt>
   <trkpt lat="50.79651" lon="-1.072611"><ele>5</ele></trkpt>
   <trkpt lat="50.796416" lon="-1.072916"><ele>5</ele></trkpt>
   <trkpt lat="50.796329" lon="-1.073274"><ele>4.25</ele></trkpt>
   <trkpt lat="50.796259" lon="-1.073659"><ele>4.75</ele></trkpt>
   <trkpt lat="50.796209" lon="-1.074051"><ele>4.25</ele></trkpt>
   <trkpt lat="50.796166" lon="-1.074539"><ele>4.25</ele></trkpt>
   <trkpt lat="50.79614" lon="-1.075094"><ele>4</ele></trkpt>
   <trkpt lat="50.796129" lon="-1.075436"><ele>4.5</ele></trkpt>
   <trkpt lat="50.79613" lon="-1.07595"><ele>5.5</ele></trkpt>
   <trkpt lat="50.796152" lon="-1.076297"><ele>6</ele></trkpt>
   <trkpt lat="50.796194" lon="-1.076696"><ele>7.25</ele></trkpt>
   <trkpt lat="50.796275" lon="-1.077158"><ele>5.75</ele></trkpt>
   <trkpt lat="50.796381" lon="-1.07762"><ele>4.5</ele></trkpt>
   <trkpt lat="50.797114" lon="-1.080839"><ele>5</ele></trkpt>
  </trkseg>
 </trk>
</gpx>