<?xml version="1.0" encoding="UTF-8"?>
<!-- track-length = 903031 filtered ascend = 2528 plain-ascend = -386 cost=903031 energy=11.2kwh time=20h 4m 3s -->
<gpx 
 xmlns="http://www.topografix.com/GPX/1/1" 
 xmlns:xsi="http://www.w3.org/2001/XMLSchema-instance" 
 xsi:schemaLocation="http://www.topografix.com/GPX/1/1 http://www.topografix.com/GPX/1/1/gpx.xsd" 
 version="1.1" 
 creator="BRouter-Web 99.71.0">
 <trk>
  <name>Geneva-Pisa</name>
  <link href="https://brouter.damsy.net/latest/#map=7/45.632/8.591/standard&amp;lonlats=6.141915,46.210308;8.538694,47.378271;9.204644,45.486295;11.247425,43.777395;10.397315,43.707956&amp;profile=rail">
   <text>BRouter-Web</text>
  </link>
  <trkseg>
   <trkpt lat="46.210251" lon="6.142019"><ele>391.75</ele></trkpt>
   <trkpt lat="46.210423" lon="6.142213"><ele>392</ele></trkpt>
   <trkpt lat="46.211353" lon="6.143256"><ele>392</ele></trkpt>
   <trkpt lat="46.211531" lon="6.143446"><ele>392</ele></trkpt>
   <trkpt lat="46.21169" lon="6.143588"><ele>392</ele></trkpt>
   <trkpt lat="46.211842" lon="6.143711"><ele>391.75</ele></trkpt>
   <trkpt lat="46.21201" lon="6.143828"><ele>392</ele></trkpt>
   <trkpt lat="46.212152" lon="6.143915"><ele>391.5</ele></trkpt>
   <trkpt lat="46.212676" lon="6.144185"><ele>390.5</ele></trkpt>
   <trkpt lat="46.21299" lon="6.14434"><ele>390.5</ele></trkpt>
   <trkpt lat="46.213283" lon="6.14443"><ele>391</ele></trkpt>
   <trkpt lat="46.213413" lon="6.144469"><ele>391</ele></trkpt>
   <trkpt lat="46.213677" lon="6.144551"><ele>391</ele></trkpt>
   <trkpt lat="46.213909" lon="6.144596"><ele>391</ele></trkpt>
   <trkpt lat="46.214575" lon="6.144656"><ele>391</ele></trkpt>
   <trkpt lat="46.21492" lon="6.144676"><ele>391</ele></trkpt>
   <trkpt lat="46.215297" lon="6.144667"><ele>391</ele></trkpt>
   <trkpt lat="46.216094" lon="6.144578"><ele>391</ele></trkpt>
   <trkpt lat="46.216544" lon="6.144525"><ele>391</ele></trkpt>
   <trkpt lat="46.216934" lon="6.144505"><ele>391</ele></trkpt>
   <trkpt lat="46.217618" lon="6.144468"><ele>391</ele></trkpt>
   <trkpt lat="46.217973" lon="6.144461"><ele>390.75</ele></trkpt>
   <trkpt lat="46.218115" lon="6.144457"><ele>391</ele></trkpt>
   <trkpt lat="46.21855" lon="6.144498"><ele>391</ele></trkpt>
   <trkpt lat="46.218933" lon="6.14455"><ele>390.75</ele></trkpt>
   <trkpt lat="46.219123" lon="6.144569"><ele>391</ele></trkpt>
   <trkpt lat="46.219315" lon="6.144594"><ele>391</ele></trkpt>
   <trkpt lat="46.219643" lon="6.144638"><ele>391</ele></trkpt>
   <trkpt lat="46.219974" lon="6.144681"><ele>391</ele></trkpt>
   <trkpt lat="46.220289" lon="6.144729"><ele>391</ele></trkpt>
   <trkpt lat="46.220542" lon="6.144719"><ele>391</ele></trkpt>
   <trkpt lat="46.221458" lon="6.144682"><ele>391</ele></trkpt>
   <trkpt lat="46.221475" lon="6.144682"><ele>391.25</ele></trkpt>
   <trkpt lat="46.222901" lon="6.144642"><ele>391</ele></trkpt>
   <trkpt lat="46.223849" lon="6.144619"><ele>391</ele></trkpt>
   <trkpt lat="46.224209" lon="6.144622"><ele>390.75</ele></trkpt>
   <trkpt lat="46.224353" lon="6.144631"><ele>391</ele></trkpt>
   <trkpt lat="46.22466" lon="6.144665"><ele>391.75</ele></trkpt>
   <trkpt lat="46.224851" lon="6.144699"><ele>391.25</ele></trkpt>
   <trkpt lat="46.225233" lon="6.144799"><ele>391.25</ele></trkpt>
   <trkpt lat="46.225652" lon="6.144944"><ele>390.75</ele></trkpt>
   <trkpt lat="46.227244" lon="6.145531"><ele>391.75</ele></trkpt>
   <trkpt lat="46.227676" lon="6.145672"><ele>390.75</ele></trkpt>
   <trkpt lat="46.227958" lon="6.145747"><ele>390.75</ele></trkpt>
   <trkpt lat="46.228221" lon="6.1458"><ele>391.5</ele></trkpt>
   <trkpt lat="46.228499" lon="6.145839"><ele>392.25</ele></trkpt>
   <trkpt lat="46.228771" lon="6.14586"><ele>392.5</ele></trkpt>
   <trkpt lat="46.228864" lon="6.145863"><ele>392.5</ele></trkpt>
   <trkpt lat="46.229179" lon="6.145862"><ele>392.75</ele></trkpt>
   <trkpt lat="46.229391" lon="6.14585"><ele>392.75</ele></trkpt>
   <trkpt lat="46.231429" lon="6.145667"><ele>393.75</ele></trkpt>
   <trkpt lat="46.231838" lon="6.145643"><ele>393.5</ele></trkpt>
   <trkpt lat="46.232237" lon="6.145648"><ele>393.5</ele></trkpt>
   <trkpt lat="46.232606" lon="6.145684"><ele>393.75</ele></trkpt>
   <trkpt lat="46.232773" lon="6.145708"><ele>394</ele></trkpt>
   <trkpt lat="46.233048" lon="6.145762"><ele>394.75</ele></trkpt>
   <trkpt lat="46.233596" lon="6.145909"><ele>393</ele></trkpt>
   <trkpt lat="46.234572" lon="6.146219"><ele>392</ele></trkpt>
   <trkpt lat="46.236386" lon="6.146796"><ele>391</ele></trkpt>
   <trkpt lat="46.236845" lon="6.146924"><ele>391.5</ele></trkpt>
   <trkpt lat="46.237225" lon="6.147005"><ele>391</ele></trkpt>
   <trkpt lat="46.237611" lon="6.147062"><ele>390.25</ele></trkpt>
   <trkpt lat="46.238198" lon="6.147113"><ele>390.25</ele></trkpt>
   <trkpt lat="46.238693" lon="6.147175"><ele>390.25</ele></trkpt>
   <trkpt lat="46.239802" lon="6.147349"><ele>388.25</ele></trkpt>
   <trkpt lat="46.240505" lon="6.147432"><ele>387.5</ele></trkpt>
   <trkpt lat="46.241132" lon="6.147478"><ele>389</ele></trkpt>
   <trkpt lat="46.24165" lon="6.147518"><ele>389.75</ele></trkpt>
   <trkpt lat="46.242094" lon="6.147523"><ele>390.25</ele></trkpt>
   <trkpt lat="46.242375" lon="6.147507"><ele>390.5</ele></trkpt>
   <trkpt lat="46.242936" lon="6.147455"><ele>390.75</ele></trkpt>
   <trkpt lat="46.243398" lon="6.147427"><ele>390.75</ele></trkpt>
   <trkpt lat="46.245501" lon="6.147374"><ele>390.5</ele></trkpt>
   <trkpt lat="46.246124" lon="6.14736"><ele>390.25</ele></trkpt>
   <trkpt lat="46.247245" lon="6.147333"><ele>388.5</ele></trkpt>
   <trkpt lat="46.247839" lon="6.147318"><ele>386.75</ele></trkpt>
   <trkpt lat="46.248355" lon="6.147306"><ele>386.75</ele></trkpt>
   <trkpt lat="46.249141" lon="6.147286"><ele>389</ele></trkpt>
   <trkpt lat="46.249249" lon="6.147283"><ele>388.75</ele></trkpt>
   <trkpt lat="46.249973" lon="6.147272"><ele>388.75</ele></trkpt>
   <trkpt lat="46.2502" lon="6.14728"><ele>387.75</ele></trkpt>
   <trkpt lat="46.25036" lon="6.147288"><ele>387.5</ele></trkpt>
   <trkpt lat="46.250595" lon="6.14731"><ele>388.25</ele></trkpt>
   <trkpt lat="46.25098" lon="6.147372"><ele>388</ele></trkpt>
   <trkpt lat="46.251172" lon="6.147415"><ele>388</ele></trkpt>
   <trkpt lat="46.251469" lon="6.147495"><ele>388</ele></trkpt>
   <trkpt lat="46.251839" lon="6.147622"><ele>387.5</ele></trkpt>
   <trkpt lat="46.252119" lon="6.147738"><ele>387.75</ele></trkpt>
   <trkpt lat="46.252489" lon="6.14792"><ele>387.25</ele></trkpt>
   <trkpt lat="46.252849" lon="6.148128"><ele>387.75</ele></trkpt>
   <trkpt lat="46.253193" lon="6.14836"><ele>387.25</ele></trkpt>
   <trkpt lat="46.253536" lon="6.148624"><ele>386.75</ele></trkpt>
   <trkpt lat="46.253862" lon="6.148909"><ele>386.75</ele></trkpt>
   <trkpt lat="46.25418" lon="6.149221"><ele>386.75</ele></trkpt>
   <trkpt lat="46.2545" lon="6.149573"><ele>387</ele></trkpt>
   <trkpt lat="46.254793" lon="6.149936"><ele>386.25</ele></trkpt>
   <trkpt lat="46.255084" lon="6.150334"><ele>386.25</ele></trkpt>
   <trkpt lat="46.255352" lon="6.150751"><ele>386</ele></trkpt>
   <trkpt lat="46.255581" lon="6.151144"><ele>386</ele></trkpt>
   <trkpt lat="46.255815" lon="6.15159"><ele>386</ele></trkpt>
   <trkpt lat="46.256013" lon="6.152013"><ele>385.5</ele></trkpt>
   <trkpt lat="46.256239" lon="6.152547"><ele>385.5</ele></trkpt>
   <trkpt lat="46.256248" lon="6.15257"><ele>385.5</ele></trkpt>
   <trkpt lat="46.256588" lon="6.153437"><ele>384.75</ele></trkpt>
   <trkpt lat="46.256778" lon="6.153905"><ele>385.5</ele></trkpt>
   <trkpt lat="46.256929" lon="6.154252"><ele>384.75</ele></trkpt>
   <trkpt lat="46.257025" lon="6.154455"><ele>384.25</ele></trkpt>
   <trkpt lat="46.257275" lon="6.154946"><ele>384.5</ele></trkpt>
   <trkpt lat="46.257489" lon="6.155321"><ele>384.75</ele></trkpt>
   <trkpt lat="46.257631" lon="6.155555"><ele>383.75</ele></trkpt>
   <trkpt lat="46.257772" lon="6.155769"><ele>383.75</ele></trkpt>
   <trkpt lat="46.257937" lon="6.156006"><ele>381.5</ele></trkpt>
   <trkpt lat="46.258015" lon="6.156114"><ele>381.75</ele></trkpt>
   <trkpt lat="46.258181" lon="6.156333"><ele>382.5</ele></trkpt>
   <trkpt lat="46.258489" lon="6.156705"><ele>383.25</ele></trkpt>
   <trkpt lat="46.258815" lon="6.157057"><ele>383.25</ele></trkpt>
   <trkpt lat="46.2591" lon="6.157335"><ele>383.5</ele></trkpt>
   <trkpt lat="46.259391" lon="6.157595"><ele>384</ele></trkpt>
   <trkpt lat="46.261533" lon="6.159419"><ele>385.5</ele></trkpt>
   <trkpt lat="46.261795" lon="6.159635"><ele>385.75</ele></trkpt>
   <trkpt lat="46.262308" lon="6.160025"><ele>386</ele></trkpt>
   <trkpt lat="46.262852" lon="6.160466"><ele>386</ele></trkpt>
   <trkpt lat="46.263523" lon="6.160978"><ele>386.5</ele></trkpt>
   <trkpt lat="46.264189" lon="6.161434"><ele>387</ele></trkpt>
   <trkpt lat="46.26541" lon="6.162205"><ele>388</ele></trkpt>
   <trkpt lat="46.265869" lon="6.162507"><ele>388</ele></trkpt>
   <trkpt lat="46.265989" lon="6.162586"><ele>388.25</ele></trkpt>
   <trkpt lat="46.267035" lon="6.163331"><ele>387</ele></trkpt>
   <trkpt lat="46.267241" lon="6.163467"><ele>386.5</ele></trkpt>
   <trkpt lat="46.268892" lon="6.164498"><ele>385.75</ele></trkpt>
   <trkpt lat="46.270564" lon="6.165483"><ele>385.25</ele></trkpt>
   <trkpt lat="46.270841" lon="6.16564"><ele>384.5</ele></trkpt>
   <trkpt lat="46.271175" lon="6.165805"><ele>384.75</ele></trkpt>
   <trkpt lat="46.271498" lon="6.165932"><ele>384.25</ele></trkpt>
   <trkpt lat="46.271828" lon="6.166031"><ele>384.5</ele></trkpt>
   <trkpt lat="46.272171" lon="6.1661"><ele>385</ele></trkpt>
   <trkpt lat="46.272499" lon="6.166136"><ele>384.75</ele></trkpt>
   <trkpt lat="46.272858" lon="6.166145"><ele>385</ele></trkpt>
   <trkpt lat="46.273174" lon="6.166142"><ele>385.25</ele></trkpt>
   <trkpt lat="46.275357" lon="6.166122"><ele>384.75</ele></trkpt>
   <trkpt lat="46.275505" lon="6.166119"><ele>384.75</ele></trkpt>
   <trkpt lat="46.275983" lon="6.16607"><ele>385.25</ele></trkpt>
   <trkpt lat="46.276135" lon="6.166065"><ele>384.5</ele></trkpt>
   <trkpt lat="46.276316" lon="6.166063"><ele>378.25</ele></trkpt>
   <trkpt lat="46.276524" lon="6.166061"><ele>380.25</ele></trkpt>
   <trkpt lat="46.27655" lon="6.16606"><ele>381.25</ele></trkpt>
   <trkpt lat="46.276848" lon="6.166043"><ele>384.75</ele></trkpt>
   <trkpt lat="46.277197" lon="6.166003"><ele>383.25</ele></trkpt>
   <trkpt lat="46.277526" lon="6.165985"><ele>380</ele></trkpt>
   <trkpt lat="46.277996" lon="6.165972"><ele>383.25</ele></trkpt>
   <trkpt lat="46.278155" lon="6.16596"><ele>384</ele></trkpt>
   <trkpt lat="46.278293" lon="6.165944"><ele>385.75</ele></trkpt>
   <trkpt lat="46.278528" lon="6.165905"><ele>386.75</ele></trkpt>
   <trkpt lat="46.278709" lon="6.165863"><ele>387</ele></trkpt>
   <trkpt lat="46.278985" lon="6.165776"><ele>387.75</ele></trkpt>
   <trkpt lat="46.279256" lon="6.165667"><ele>388.25</ele></trkpt>
   <trkpt lat="46.279473" lon="6.165564"><ele>387.75</ele></trkpt>
   <trkpt lat="46.27969" lon="6.16545"><ele>388.5</ele></trkpt>
   <trkpt lat="46.280934" lon="6.164755"><ele>388</ele></trkpt>
   <trkpt lat="46.280937" lon="6.164753"><ele>388</ele></trkpt>
   <trkpt lat="46.281132" lon="6.164652"><ele>388</ele></trkpt>
   <trkpt lat="46.281392" lon="6.164536"><ele>388</ele></trkpt>
   <trkpt lat="46.281655" lon="6.164426"><ele>388</ele></trkpt>
   <trkpt lat="46.281996" lon="6.16425"><ele>387.75</ele></trkpt>
   <trkpt lat="46.282103" lon="6.164189"><ele>387.75</ele></trkpt>
   <trkpt lat="46.282302" lon="6.164081"><ele>388</ele></trkpt>
   <trkpt lat="46.28277" lon="6.163857"><ele>388</ele></trkpt>
   <trkpt lat="46.282909" lon="6.163779"><ele>388.25</ele></trkpt>
   <trkpt lat="46.283193" lon="6.163623"><ele>388.75</ele></trkpt>
   <trkpt lat="46.283497" lon="6.163479"><ele>389.5</ele></trkpt>
   <trkpt lat="46.283795" lon="6.16337"><ele>389.25</ele></trkpt>
   <trkpt lat="46.284" lon="6.163309"><ele>390.25</ele></trkpt>
   <trkpt lat="46.284269" lon="6.163238"><ele>391.75</ele></trkpt>
   <trkpt lat="46.28481" lon="6.163115"><ele>391</ele></trkpt>
   <trkpt lat="46.285957" lon="6.162889"><ele>392</ele></trkpt>
   <trkpt lat="46.287254" lon="6.162635"><ele>393</ele></trkpt>
   <trkpt lat="46.287437" lon="6.1626"><ele>393</ele></trkpt>
   <trkpt lat="46.287631" lon="6.162562"><ele>392.75</ele></trkpt>
   <trkpt lat="46.287749" lon="6.162539"><ele>392.5</ele></trkpt>
   <trkpt lat="46.288327" lon="6.162426"><ele>393.25</ele></trkpt>
   <trkpt lat="46.290947" lon="6.161916"><ele>397</ele></trkpt>
   <trkpt lat="46.29127" lon="6.16187"><ele>398.75</ele></trkpt>
   <trkpt lat="46.29162" lon="6.16185"><ele>399</ele></trkpt>
   <trkpt lat="46.291951" lon="6.161861"><ele>399.5</ele></trkpt>
   <trkpt lat="46.292274" lon="6.1619"><ele>399.5</ele></trkpt>
   <trkpt lat="46.292603" lon="6.161968"><ele>398.25</ele></trkpt>
   <trkpt lat="46.292774" lon="6.162017"><ele>399.75</ele></trkpt>
   <trkpt lat="46.293095" lon="6.16213"><ele>400.75</ele></trkpt>
   <trkpt lat="46.293387" lon="6.162258"><ele>398.5</ele></trkpt>
   <trkpt lat="46.293702" lon="6.162427"><ele>400.25</ele></trkpt>
   <trkpt lat="46.293838" lon="6.162511"><ele>399.5</ele></trkpt>
   <trkpt lat="46.294119" lon="6.162703"><ele>399</ele></trkpt>
   <trkpt lat="46.294411" lon="6.162936"><ele>400</ele></trkpt>
   <trkpt lat="46.294532" lon="6.16304"><ele>400.25</ele></trkpt>
   <trkpt lat="46.294815" lon="6.163315"><ele>400.25</ele></trkpt>
   <trkpt lat="46.295025" lon="6.163541"><ele>400.25</ele></trkpt>
   <trkpt lat="46.295426" lon="6.163996"><ele>400.5</ele></trkpt>
   <trkpt lat="46.296445" lon="6.165163"><ele>397.25</ele></trkpt>
   <trkpt lat="46.297399" lon="6.166256"><ele>395</ele></trkpt>
   <trkpt lat="46.297626" lon="6.166533"><ele>394.5</ele></trkpt>
   <trkpt lat="46.297948" lon="6.166942"><ele>394.25</ele></trkpt>
   <trkpt lat="46.298184" lon="6.167257"><ele>394.25</ele></trkpt>
   <trkpt lat="46.298852" lon="6.168219"><ele>393.5</ele></trkpt>
   <trkpt lat="46.299367" lon="6.168979"><ele>393</ele></trkpt>
   <trkpt lat="46.299509" lon="6.169186"><ele>391.5</ele></trkpt>
   <trkpt lat="46.299606" lon="6.169328"><ele>393</ele></trkpt>
   <trkpt lat="46.300557" lon="6.170724"><ele>393.25</ele></trkpt>
   <trkpt lat="46.302812" lon="6.174035"><ele>393.5</ele></trkpt>
   <trkpt lat="46.304486" lon="6.176494"><ele>392</ele></trkpt>
   <trkpt lat="46.306408" lon="6.179317"><ele>391</ele></trkpt>
   <trkpt lat="46.307479" lon="6.18089"><ele>391.75</ele></trkpt>
   <trkpt lat="46.307944" lon="6.18157"><ele>391.75</ele></trkpt>
   <trkpt lat="46.308223" lon="6.181962"><ele>391.75</ele></trkpt>
   <trkpt lat="46.308671" lon="6.182542"><ele>392</ele></trkpt>
   <trkpt lat="46.308746" lon="6.182635"><ele>391.25</ele></trkpt>
   <trkpt lat="46.309167" lon="6.183128"><ele>392.25</ele></trkpt>
   <trkpt lat="46.309517" lon="6.18351"><ele>391.5</ele></trkpt>
   <trkpt lat="46.30991" lon="6.18391"><ele>391.5</ele></trkpt>
   <trkpt lat="46.310309" lon="6.184286"><ele>391.25</ele></trkpt>
   <trkpt lat="46.310378" lon="6.184348"><ele>391.25</ele></trkpt>
   <trkpt lat="46.310746" lon="6.18466"><ele>391.25</ele></trkpt>
   <trkpt lat="46.310892" lon="6.184769"><ele>391</ele></trkpt>
   <trkpt lat="46.311677" lon="6.185314"><ele>391.5</ele></trkpt>
   <trkpt lat="46.31212" lon="6.185606"><ele>391.5</ele></trkpt>
   <trkpt lat="46.312461" lon="6.185814"><ele>391.75</ele></trkpt>
   <trkpt lat="46.312993" lon="6.186101"><ele>392</ele></trkpt>
   <trkpt lat="46.313404" lon="6.186296"><ele>393.5</ele></trkpt>
   <trkpt lat="46.313917" lon="6.186509"><ele>393.5</ele></trkpt>
   <trkpt lat="46.314907" lon="6.186856"><ele>393</ele></trkpt>
   <trkpt lat="46.31507" lon="6.186911"><ele>393</ele></trkpt>
   <trkpt lat="46.31715" lon="6.187615"><ele>393.75</ele></trkpt>
   <trkpt lat="46.318055" lon="6.187922"><ele>392.25</ele></trkpt>
   <trkpt lat="46.318217" lon="6.187978"><ele>392.75</ele></trkpt>
   <trkpt lat="46.318752" lon="6.188166"><ele>394</ele></trkpt>
   <trkpt lat="46.319166" lon="6.188327"><ele>394</ele></trkpt>
   <trkpt lat="46.319371" lon="6.188416"><ele>392.5</ele></trkpt>
   <trkpt lat="46.319764" lon="6.188604"><ele>394</ele></trkpt>
   <trkpt lat="46.320181" lon="6.188833"><ele>393.5</ele></trkpt>
   <trkpt lat="46.320592" lon="6.189082"><ele>394.25</ele></trkpt>
   <trkpt lat="46.320889" lon="6.189273"><ele>395</ele></trkpt>
   <trkpt lat="46.322461" lon="6.190289"><ele>394</ele></trkpt>
   <trkpt lat="46.323343" lon="6.190874"><ele>393.5</ele></trkpt>
   <trkpt lat="46.323689" lon="6.191105"><ele>394</ele></trkpt>
   <trkpt lat="46.324239" lon="6.191442"><ele>394</ele></trkpt>
   <trkpt lat="46.325337" lon="6.192151"><ele>392.75</ele></trkpt>
   <trkpt lat="46.32564" lon="6.192347"><ele>391.75</ele></trkpt>
   <trkpt lat="46.32932" lon="6.194729"><ele>392.25</ele></trkpt>
   <trkpt lat="46.329405" lon="6.194783"><ele>392.25</ele></trkpt>
   <trkpt lat="46.329893" lon="6.195084"><ele>392.75</ele></trkpt>
   <trkpt lat="46.330141" lon="6.195228"><ele>393</ele></trkpt>
   <trkpt lat="46.330639" lon="6.195499"><ele>391.75</ele></trkpt>
   <trkpt lat="46.330885" lon="6.195625"><ele>391.5</ele></trkpt>
   <trkpt lat="46.33136" lon="6.19585"><ele>391.75</ele></trkpt>
   <trkpt lat="46.332007" lon="6.196122"><ele>392.75</ele></trkpt>
   <trkpt lat="46.332329" lon="6.196244"><ele>392.5</ele></trkpt>
   <trkpt lat="46.332929" lon="6.196445"><ele>392.25</ele></trkpt>
   <trkpt lat="46.333284" lon="6.196547"><ele>392.25</ele></trkpt>
   <trkpt lat="46.333613" lon="6.196621"><ele>392</ele></trkpt>
   <trkpt lat="46.334211" lon="6.19674"><ele>392</ele></trkpt>
   <trkpt lat="46.334589" lon="6.196829"><ele>392</ele></trkpt>
   <trkpt lat="46.335257" lon="6.196999"><ele>391.75</ele></trkpt>
   <trkpt lat="46.335772" lon="6.197119"><ele>389.75</ele></trkpt>
   <trkpt lat="46.335925" lon="6.197153"><ele>390.25</ele></trkpt>
   <trkpt lat="46.33602" lon="6.197173"><ele>390.5</ele></trkpt>
   <trkpt lat="46.344557" lon="6.199009"><ele>390.75</ele></trkpt>
   <trkpt lat="46.345378" lon="6.199189"><ele>390.75</ele></trkpt>
   <trkpt lat="46.345872" lon="6.199313"><ele>390.5</ele></trkpt>
   <trkpt lat="46.346138" lon="6.199388"><ele>391</ele></trkpt>
   <trkpt lat="46.346473" lon="6.199495"><ele>390.5</ele></trkpt>
   <trkpt lat="46.346798" lon="6.199617"><ele>390.25</ele></trkpt>
   <trkpt lat="46.347021" lon="6.199712"><ele>390.75</ele></trkpt>
   <trkpt lat="46.347308" lon="6.199848"><ele>390.5</ele></trkpt>
   <trkpt lat="46.347731" lon="6.200078"><ele>390.75</ele></trkpt>
   <trkpt lat="46.347962" lon="6.200221"><ele>391</ele></trkpt>
   <trkpt lat="46.348311" lon="6.20046"><ele>391</ele></trkpt>
   <trkpt lat="46.348486" lon="6.20059"><ele>390.75</ele></trkpt>
   <trkpt lat="46.348874" lon="6.200905"><ele>390.25</ele></trkpt>
   <trkpt lat="46.349168" lon="6.201172"><ele>390.5</ele></trkpt>
   <trkpt lat="46.349336" lon="6.201337"><ele>387.75</ele></trkpt>
   <trkpt lat="46.349455" lon="6.201458"><ele>387.5</ele></trkpt>
   <trkpt lat="46.349902" lon="6.201948"><ele>392.25</ele></trkpt>
   <trkpt lat="46.352777" lon="6.205336"><ele>394.75</ele></trkpt>
   <trkpt lat="46.354487" lon="6.207353"><ele>395</ele></trkpt>
   <trkpt lat="46.354614" lon="6.207501"><ele>393.75</ele></trkpt>
   <trkpt lat="46.354907" lon="6.207847"><ele>392.5</ele></trkpt>
   <trkpt lat="46.357601" lon="6.211021"><ele>393</ele></trkpt>
   <trkpt lat="46.357948" lon="6.211423"><ele>393.25</ele></trkpt>
   <trkpt lat="46.358577" lon="6.212125"><ele>394.25</ele></trkpt>
   <trkpt lat="46.359381" lon="6.212985"><ele>394.5</ele></trkpt>
   <trkpt lat="46.359948" lon="6.213561"><ele>394.25</ele></trkpt>
   <trkpt lat="46.360512" lon="6.21411"><ele>394.25</ele></trkpt>
   <trkpt lat="46.361231" lon="6.214776"><ele>392.5</ele></trkpt>
   <trkpt lat="46.361845" lon="6.215316"><ele>392.5</ele></trkpt>
   <trkpt lat="46.362584" lon="6.215936"><ele>394.5</ele></trkpt>
   <trkpt lat="46.363031" lon="6.216297"><ele>394.5</ele></trkpt>
   <trkpt lat="46.363742" lon="6.216844"><ele>394.25</ele></trkpt>
   <trkpt lat="46.364524" lon="6.217418"><ele>396.5</ele></trkpt>
   <trkpt lat="46.369251" lon="6.220843"><ele>394.75</ele></trkpt>
   <trkpt lat="46.373366" lon="6.22383"><ele>393.5</ele></trkpt>
   <trkpt lat="46.373932" lon="6.224266"><ele>394</ele></trkpt>
   <trkpt lat="46.37424" lon="6.224515"><ele>394.5</ele></trkpt>
   <trkpt lat="46.374867" lon="6.225046"><ele>395.25</ele></trkpt>
   <trkpt lat="46.375187" lon="6.22533"><ele>395.75</ele></trkpt>
   <trkpt lat="46.375546" lon="6.22566"><ele>395.75</ele></trkpt>
   <trkpt lat="46.376176" lon="6.226267"><ele>397.25</ele></trkpt>
   <trkpt lat="46.376724" lon="6.226826"><ele>399.5</ele></trkpt>
   <trkpt lat="46.377307" lon="6.227457"><ele>398.5</ele></trkpt>
   <trkpt lat="46.378039" lon="6.228294"><ele>398</ele></trkpt>
   <trkpt lat="46.381439" lon="6.232259"><ele>402.5</ele></trkpt>
   <trkpt lat="46.381971" lon="6.232876"><ele>401.75</ele></trkpt>
   <trkpt lat="46.382776" lon="6.233832"><ele>403.75</ele></trkpt>
   <trkpt lat="46.382844" lon="6.233913"><ele>402.75</ele></trkpt>
   <trkpt lat="46.383069" lon="6.234165"><ele>403.5</ele></trkpt>
   <trkpt lat="46.383464" lon="6.234564"><ele>402.75</ele></trkpt>
   <trkpt lat="46.383554" lon="6.23465"><ele>403.75</ele></trkpt>
   <trkpt lat="46.383768" lon="6.234867"><ele>404</ele></trkpt>
   <trkpt lat="46.383965" lon="6.235076"><ele>404.25</ele></trkpt>
   <trkpt lat="46.384463" lon="6.235669"><ele>405</ele></trkpt>
   <trkpt lat="46.384931" lon="6.236226"><ele>405.75</ele></trkpt>
   <trkpt lat="46.38529" lon="6.236678"><ele>406</ele></trkpt>
   <trkpt lat="46.385366" lon="6.236771"><ele>406</ele></trkpt>
   <trkpt lat="46.38552" lon="6.236939"><ele>406</ele></trkpt>
   <trkpt lat="46.385701" lon="6.237118"><ele>406</ele></trkpt>
   <trkpt lat="46.386162" lon="6.237581"><ele>406</ele></trkpt>
   <trkpt lat="46.386816" lon="6.238231"><ele>405.75</ele></trkpt>
   <trkpt lat="46.386968" lon="6.238397"><ele>405.75</ele></trkpt>
   <trkpt lat="46.387147" lon="6.238609"><ele>405.75</ele></trkpt>
   <trkpt lat="46.387365" lon="6.238865"><ele>403.5</ele></trkpt>
   <trkpt lat="46.387563" lon="6.239095"><ele>403.75</ele></trkpt>
   <trkpt lat="46.387685" lon="6.239212"><ele>404.25</ele></trkpt>
   <trkpt lat="46.387838" lon="6.239345"><ele>404.75</ele></trkpt>
   <trkpt lat="46.388482" lon="6.239895"><ele>407.5</ele></trkpt>
   <trkpt lat="46.388656" lon="6.240021"><ele>407.5</ele></trkpt>
   <trkpt lat="46.388831" lon="6.240135"><ele>408.5</ele></trkpt>
   <trkpt lat="46.388912" lon="6.240182"><ele>408.5</ele></trkpt>
   <trkpt lat="46.38932" lon="6.240423"><ele>410.75</ele></trkpt>
   <trkpt lat="46.38975" lon="6.24066"><ele>410.75</ele></trkpt>
   <trkpt lat="46.390018" lon="6.240785"><ele>411</ele></trkpt>
   <trkpt lat="46.390361" lon="6.240919"><ele>412</ele></trkpt>
   <trkpt lat="46.39174" lon="6.241379"><ele>412</ele></trkpt>
   <trkpt lat="46.39199" lon="6.241472"><ele>414.25</ele></trkpt>
   <trkpt lat="46.392242" lon="6.241582"><ele>414.25</ele></trkpt>
   <trkpt lat="46.392748" lon="6.241833"><ele>415</ele></trkpt>
   <trkpt lat="46.393196" lon="6.242103"><ele>415.5</ele></trkpt>
   <trkpt lat="46.393569" lon="6.242361"><ele>415.25</ele></trkpt>
   <trkpt lat="46.393952" lon="6.242659"><ele>416</ele></trkpt>
   <trkpt lat="46.394144" lon="6.242826"><ele>415</ele></trkpt>
   <trkpt lat="46.394544" lon="6.243199"><ele>416.25</ele></trkpt>
   <trkpt lat="46.394761" lon="6.243424"><ele>416</ele></trkpt>
   <trkpt lat="46.395052" lon="6.243747"><ele>416.25</ele></trkpt>
   <trkpt lat="46.395332" lon="6.244081"><ele>416.5</ele></trkpt>
   <trkpt lat="46.396233" lon="6.245202"><ele>416.25</ele></trkpt>
   <trkpt lat="46.396353" lon="6.245351"><ele>416</ele></trkpt>
   <trkpt lat="46.39996" lon="6.249849"><ele>418.5</ele></trkpt>
   <trkpt lat="46.400721" lon="6.250783"><ele>418.75</ele></trkpt>
   <trkpt lat="46.401155" lon="6.251282"><ele>420</ele></trkpt>
   <trkpt lat="46.401563" lon="6.251721"><ele>419.25</ele></trkpt>
   <trkpt lat="46.402071" lon="6.25223"><ele>415.75</ele></trkpt>
   <trkpt lat="46.403018" lon="6.253101"><ele>414.5</ele></trkpt>
   <trkpt lat="46.411781" lon="6.261061"><ele>408.5</ele></trkpt>
   <trkpt lat="46.411888" lon="6.261156"><ele>409</ele></trkpt>
   <trkpt lat="46.41301" lon="6.26219"><ele>411.25</ele></trkpt>
   <trkpt lat="46.413552" lon="6.262709"><ele>413.25</ele></trkpt>
   <trkpt lat="46.414313" lon="6.263469"><ele>413.5</ele></trkpt>
   <trkpt lat="46.415788" lon="6.264984"><ele>414</ele></trkpt>
   <trkpt lat="46.416645" lon="6.265866"><ele>414.75</ele></trkpt>
   <trkpt lat="46.417209" lon="6.266458"><ele>414.75</ele></trkpt>
   <trkpt lat="46.417844" lon="6.267144"><ele>415</ele></trkpt>
   <trkpt lat="46.418355" lon="6.267696"><ele>415</ele></trkpt>
   <trkpt lat="46.419006" lon="6.26838"><ele>416</ele></trkpt>
   <trkpt lat="46.419921" lon="6.26932"><ele>415.75</ele></trkpt>
   <trkpt lat="46.421273" lon="6.270708"><ele>415.75</ele></trkpt>
   <trkpt lat="46.42148" lon="6.270915"><ele>415.75</ele></trkpt>
   <trkpt lat="46.422355" lon="6.271751"><ele>414.75</ele></trkpt>
   <trkpt lat="46.422742" lon="6.272131"><ele>415</ele></trkpt>
   <trkpt lat="46.423504" lon="6.272912"><ele>415</ele></trkpt>
   <trkpt lat="46.425664" lon="6.27513"><ele>413.5</ele></trkpt>
   <trkpt lat="46.429927" lon="6.279512"><ele>414.5</ele></trkpt>
   <trkpt lat="46.433141" lon="6.282811"><ele>412.75</ele></trkpt>
   <trkpt lat="46.435467" lon="6.2852"><ele>411.75</ele></trkpt>
   <trkpt lat="46.435883" lon="6.285636"><ele>412.25</ele></trkpt>
   <trkpt lat="46.436086" lon="6.285859"><ele>412.5</ele></trkpt>
   <trkpt lat="46.436482" lon="6.286312"><ele>412.5</ele></trkpt>
   <trkpt lat="46.436669" lon="6.286538"><ele>412.25</ele></trkpt>
   <trkpt lat="46.437034" lon="6.287"><ele>412.75</ele></trkpt>
   <trkpt lat="46.437389" lon="6.287481"><ele>412.75</ele></trkpt>
   <trkpt lat="46.437768" lon="6.288027"><ele>414.75</ele></trkpt>
   <trkpt lat="46.438075" lon="6.2885"><ele>414.5</ele></trkpt>
   <trkpt lat="46.438429" lon="6.289084"><ele>413.5</ele></trkpt>
   <trkpt lat="46.438514" lon="6.289229"><ele>413.75</ele></trkpt>
   <trkpt lat="46.438717" lon="6.289593"><ele>415.5</ele></trkpt>
   <trkpt lat="46.43908" lon="6.290274"><ele>415</ele></trkpt>
   <trkpt lat="46.439414" lon="6.290956"><ele>416</ele></trkpt>
   <trkpt lat="46.439642" lon="6.291455"><ele>416.5</ele></trkpt>
   <trkpt lat="46.439895" lon="6.292047"><ele>417.75</ele></trkpt>
   <trkpt lat="46.440087" lon="6.292524"><ele>417.75</ele></trkpt>
   <trkpt lat="46.440394" lon="6.293346"><ele>418.25</ele></trkpt>
   <trkpt lat="46.44321" lon="6.301534"><ele>425</ele></trkpt>
   <trkpt lat="46.443459" lon="6.302234"><ele>426</ele></trkpt>
   <trkpt lat="46.443666" lon="6.302802"><ele>427</ele></trkpt>
   <trkpt lat="46.44401" lon="6.303703"><ele>427.25</ele></trkpt>
   <trkpt lat="46.444448" lon="6.304787"><ele>428</ele></trkpt>
   <trkpt lat="46.444706" lon="6.305393"><ele>429</ele></trkpt>
   <trkpt lat="46.444951" lon="6.30594"><ele>429</ele></trkpt>
   <trkpt lat="46.445472" lon="6.307053"><ele>429.5</ele></trkpt>
   <trkpt lat="46.445914" lon="6.307975"><ele>429.5</ele></trkpt>
   <trkpt lat="46.446613" lon="6.30938"><ele>428</ele></trkpt>
   <trkpt lat="46.447643" lon="6.311476"><ele>427.25</ele></trkpt>
   <trkpt lat="46.449093" lon="6.314431"><ele>424.5</ele></trkpt>
   <trkpt lat="46.449427" lon="6.31511"><ele>419.25</ele></trkpt>
   <trkpt lat="46.449628" lon="6.31552"><ele>417.75</ele></trkpt>
   <trkpt lat="46.451688" lon="6.319712"><ele>418</ele></trkpt>
   <trkpt lat="46.452085" lon="6.320497"><ele>415</ele></trkpt>
   <trkpt lat="46.452123" lon="6.320566"><ele>415.25</ele></trkpt>
   <trkpt lat="46.452301" lon="6.320909"><ele>414.5</ele></trkpt>
   <trkpt lat="46.452743" lon="6.321707"><ele>414</ele></trkpt>
   <trkpt lat="46.45325" lon="6.322572"><ele>412</ele></trkpt>
   <trkpt lat="46.453585" lon="6.323117"><ele>413</ele></trkpt>
   <trkpt lat="46.453926" lon="6.323654"><ele>412</ele></trkpt>
   <trkpt lat="46.454274" lon="6.324177"><ele>409.75</ele></trkpt>
   <trkpt lat="46.454793" lon="6.324927"><ele>409.75</ele></trkpt>
   <trkpt lat="46.45482" lon="6.324965"><ele>409.5</ele></trkpt>
   <trkpt lat="46.455968" lon="6.326591"><ele>408.25</ele></trkpt>
   <trkpt lat="46.456049" lon="6.326704"><ele>409</ele></trkpt>
   <trkpt lat="46.457568" lon="6.328851"><ele>406.25</ele></trkpt>
   <trkpt lat="46.45991" lon="6.332167"><ele>402.75</ele></trkpt>
   <trkpt lat="46.460247" lon="6.332643"><ele>401.5</ele></trkpt>
   <trkpt lat="46.460676" lon="6.333253"><ele>400</ele></trkpt>
   <trkpt lat="46.460712" lon="6.333303"><ele>400.25</ele></trkpt>
   <trkpt lat="46.461283" lon="6.334119"><ele>399.75</ele></trkpt>
   <trkpt lat="46.461596" lon="6.334587"><ele>399.25</ele></trkpt>
   <trkpt lat="46.461632" lon="6.334641"><ele>400</ele></trkpt>
   <trkpt lat="46.461926" lon="6.335106"><ele>401</ele></trkpt>
   <trkpt lat="46.462299" lon="6.33575"><ele>400.5</ele></trkpt>
   <trkpt lat="46.462523" lon="6.336169"><ele>400.75</ele></trkpt>
   <trkpt lat="46.462573" lon="6.336264"><ele>399.75</ele></trkpt>
   <trkpt lat="46.462748" lon="6.336613"><ele>401.5</ele></trkpt>
   <trkpt lat="46.463032" lon="6.337206"><ele>401.5</ele></trkpt>
   <trkpt lat="46.46315" lon="6.337466"><ele>402</ele></trkpt>
   <trkpt lat="46.46343" lon="6.338127"><ele>400.25</ele></trkpt>
   <trkpt lat="46.463584" lon="6.338522"><ele>401.5</ele></trkpt>
   <trkpt lat="46.463676" lon="6.338769"><ele>401.25</ele></trkpt>
   <trkpt lat="46.464057" lon="6.339795"><ele>401</ele></trkpt>
   <trkpt lat="46.464152" lon="6.340077"><ele>402.25</ele></trkpt>
   <trkpt lat="46.464298" lon="6.340564"><ele>400.5</ele></trkpt>
   <trkpt lat="46.464427" lon="6.341035"><ele>402.25</ele></trkpt>
   <trkpt lat="46.464583" lon="6.341649"><ele>399.5</ele></trkpt>
   <trkpt lat="46.464931" lon="6.343091"><ele>400.75</ele></trkpt>
   <trkpt lat="46.465146" lon="6.343912"><ele>401.75</ele></trkpt>
   <trkpt lat="46.46535" lon="6.344616"><ele>404</ele></trkpt>
   <trkpt lat="46.465453" lon="6.344945"><ele>404</ele></trkpt>
   <trkpt lat="46.465548" lon="6.34524"><ele>404</ele></trkpt>
   <trkpt lat="46.465811" lon="6.346004"><ele>402.75</ele></trkpt>
   <trkpt lat="46.465844" lon="6.346094"><ele>402.75</ele></trkpt>
   <trkpt lat="46.466134" lon="6.346849"><ele>405</ele></trkpt>
   <trkpt lat="46.466262" lon="6.347162"><ele>406</ele></trkpt>
   <trkpt lat="46.46665" lon="6.348046"><ele>407</ele></trkpt>
   <trkpt lat="46.46705" lon="6.348872"><ele>409</ele></trkpt>
   <trkpt lat="46.468184" lon="6.351051"><ele>407.75</ele></trkpt>
   <trkpt lat="46.468326" lon="6.351339"><ele>409.5</ele></trkpt>
   <trkpt lat="46.468579" lon="6.351879"><ele>410.25</ele></trkpt>
   <trkpt lat="46.468819" lon="6.352433"><ele>409.5</ele></trkpt>
   <trkpt lat="46.469035" lon="6.352969"><ele>410</ele></trkpt>
   <trkpt lat="46.469204" lon="6.353416"><ele>411.75</ele></trkpt>
   <trkpt lat="46.469465" lon="6.354174"><ele>413</ele></trkpt>
   <trkpt lat="46.469666" lon="6.354817"><ele>414</ele></trkpt>
   <trkpt lat="46.469759" lon="6.355141"><ele>413.75</ele></trkpt>
   <trkpt lat="46.469849" lon="6.355468"><ele>415.25</ele></trkpt>
   <trkpt lat="46.47001" lon="6.356106"><ele>414</ele></trkpt>
   <trkpt lat="46.470223" lon="6.357072"><ele>416.25</ele></trkpt>
   <trkpt lat="46.470963" lon="6.360747"><ele>418.5</ele></trkpt>
   <trkpt lat="46.471122" lon="6.361562"><ele>418</ele></trkpt>
   <trkpt lat="46.471274" lon="6.362426"><ele>419</ele></trkpt>
   <trkpt lat="46.471283" lon="6.362483"><ele>419</ele></trkpt>
   <trkpt lat="46.471396" lon="6.363224"><ele>418</ele></trkpt>
   <trkpt lat="46.47148" lon="6.36386"><ele>418.25</ele></trkpt>
   <trkpt lat="46.471586" lon="6.364874"><ele>418.25</ele></trkpt>
   <trkpt lat="46.471639" lon="6.365551"><ele>418</ele></trkpt>
   <trkpt lat="46.471661" lon="6.365902"><ele>418</ele></trkpt>
   <trkpt lat="46.471691" lon="6.366604"><ele>417</ele></trkpt>
   <trkpt lat="46.4717" lon="6.366967"><ele>417</ele></trkpt>
   <trkpt lat="46.471707" lon="6.367695"><ele>416.25</ele></trkpt>
   <trkpt lat="46.471698" lon="6.368424"><ele>416</ele></trkpt>
   <trkpt lat="46.471688" lon="6.368789"><ele>416</ele></trkpt>
   <trkpt lat="46.471658" lon="6.369492"><ele>414.75</ele></trkpt>
   <trkpt lat="46.471637" lon="6.369822"><ele>412.5</ele></trkpt>
   <trkpt lat="46.471624" lon="6.370008"><ele>409.25</ele></trkpt>
   <trkpt lat="46.471547" lon="6.370938"><ele>409.5</ele></trkpt>
   <trkpt lat="46.471184" lon="6.374162"><ele>417.25</ele></trkpt>
   <trkpt lat="46.471119" lon="6.374845"><ele>416</ele></trkpt>
   <trkpt lat="46.471095" lon="6.37518"><ele>416</ele></trkpt>
   <trkpt lat="46.471059" lon="6.375855"><ele>416.25</ele></trkpt>
   <trkpt lat="46.471049" lon="6.376179"><ele>416.25</ele></trkpt>
   <trkpt lat="46.471041" lon="6.376827"><ele>417.25</ele></trkpt>
   <trkpt lat="46.471051" lon="6.377473"><ele>417</ele></trkpt>
   <trkpt lat="46.471062" lon="6.377797"><ele>417</ele></trkpt>
   <trkpt lat="46.471097" lon="6.378446"><ele>417.75</ele></trkpt>
   <trkpt lat="46.471122" lon="6.378768"><ele>418</ele></trkpt>
   <trkpt lat="46.471184" lon="6.37941"><ele>418.5</ele></trkpt>
   <trkpt lat="46.471264" lon="6.380049"><ele>418.25</ele></trkpt>
   <trkpt lat="46.47131" lon="6.380366"><ele>418</ele></trkpt>
   <trkpt lat="46.471417" lon="6.380996"><ele>418.75</ele></trkpt>
   <trkpt lat="46.471548" lon="6.381652"><ele>415.5</ele></trkpt>
   <trkpt lat="46.471571" lon="6.381755"><ele>416</ele></trkpt>
   <trkpt lat="46.472588" lon="6.386199"><ele>420.75</ele></trkpt>
   <trkpt lat="46.472974" lon="6.387876"><ele>421</ele></trkpt>
   <trkpt lat="46.473073" lon="6.388341"><ele>422</ele></trkpt>
   <trkpt lat="46.47317" lon="6.388858"><ele>421.25</ele></trkpt>
   <trkpt lat="46.473311" lon="6.389533"><ele>421.75</ele></trkpt>
   <trkpt lat="46.473353" lon="6.38972"><ele>422</ele></trkpt>
   <trkpt lat="46.473407" lon="6.389968"><ele>421.25</ele></trkpt>
   <trkpt lat="46.473538" lon="6.39069"><ele>421.25</ele></trkpt>
   <trkpt lat="46.47359" lon="6.390935"><ele>421.25</ele></trkpt>
   <trkpt lat="46.474609" lon="6.395374"><ele>421</ele></trkpt>
   <trkpt lat="46.474892" lon="6.396614"><ele>422</ele></trkpt>
   <trkpt lat="46.475258" lon="6.39844"><ele>421.75</ele></trkpt>
   <trkpt lat="46.475515" lon="6.399564"><ele>421.75</ele></trkpt>
   <trkpt lat="46.475602" lon="6.399947"><ele>422</ele></trkpt>
   <trkpt lat="46.475927" lon="6.401241"><ele>418.75</ele></trkpt>
   <trkpt lat="46.476058" lon="6.40176"><ele>420.75</ele></trkpt>
   <trkpt lat="46.47616" lon="6.402266"><ele>420</ele></trkpt>
   <trkpt lat="46.47625" lon="6.402825"><ele>421</ele></trkpt>
   <trkpt lat="46.476401" lon="6.403747"><ele>419</ele></trkpt>
   <trkpt lat="46.47645" lon="6.404068"><ele>420</ele></trkpt>
   <trkpt lat="46.476492" lon="6.4044"><ele>420.75</ele></trkpt>
   <trkpt lat="46.476555" lon="6.405014"><ele>414.5</ele></trkpt>
   <trkpt lat="46.47657" lon="6.405176"><ele>414.5</ele></trkpt>
   <trkpt lat="46.476629" lon="6.405825"><ele>415</ele></trkpt>
   <trkpt lat="46.476782" lon="6.407597"><ele>410.25</ele></trkpt>
   <trkpt lat="46.476813" lon="6.407991"><ele>415</ele></trkpt>
   <trkpt lat="46.476853" lon="6.408671"><ele>417.25</ele></trkpt>
   <trkpt lat="46.476865" lon="6.408967"><ele>417</ele></trkpt>
   <trkpt lat="46.476876" lon="6.409594"><ele>416</ele></trkpt>
   <trkpt lat="46.476869" lon="6.410218"><ele>415.75</ele></trkpt>
   <trkpt lat="46.476854" lon="6.410688"><ele>416</ele></trkpt>
   <trkpt lat="46.476829" lon="6.411156"><ele>416.5</ele></trkpt>
   <trkpt lat="46.476793" lon="6.411637"><ele>416.25</ele></trkpt>
   <trkpt lat="46.476677" lon="6.412809"><ele>415</ele></trkpt>
   <trkpt lat="46.47515" lon="6.427039"><ele>405.5</ele></trkpt>
   <trkpt lat="46.475043" lon="6.428029"><ele>404.5</ele></trkpt>
   <trkpt lat="46.475021" lon="6.428236"><ele>405.25</ele></trkpt>
   <trkpt lat="46.474885" lon="6.429521"><ele>406</ele></trkpt>
   <trkpt lat="46.474853" lon="6.42987"><ele>406.25</ele></trkpt>
   <trkpt lat="46.474804" lon="6.430561"><ele>407.25</ele></trkpt>
   <trkpt lat="46.474788" lon="6.43089"><ele>407</ele></trkpt>
   <trkpt lat="46.47477" lon="6.431567"><ele>407</ele></trkpt>
   <trkpt lat="46.474768" lon="6.431896"><ele>407</ele></trkpt>
   <trkpt lat="46.474779" lon="6.432556"><ele>406</ele></trkpt>
   <trkpt lat="46.47481" lon="6.433248"><ele>406.25</ele></trkpt>
   <trkpt lat="46.474834" lon="6.433602"><ele>407.25</ele></trkpt>
   <trkpt lat="46.474891" lon="6.434237"><ele>407</ele></trkpt>
   <trkpt lat="46.474928" lon="6.434581"><ele>407.25</ele></trkpt>
   <trkpt lat="46.475019" lon="6.435256"><ele>407.25</ele></trkpt>
   <trkpt lat="46.475073" lon="6.435599"><ele>408.75</ele></trkpt>
   <trkpt lat="46.475192" lon="6.436259"><ele>409.25</ele></trkpt>
   <trkpt lat="46.47533" lon="6.43691"><ele>408.5</ele></trkpt>
   <trkpt lat="46.475484" lon="6.437542"><ele>408</ele></trkpt>
   <trkpt lat="46.475734" lon="6.438436"><ele>407.25</ele></trkpt>
   <trkpt lat="46.478751" lon="6.448601"><ele>401</ele></trkpt>
   <trkpt lat="46.478829" lon="6.448862"><ele>400</ele></trkpt>
   <trkpt lat="46.478938" lon="6.449206"><ele>399.5</ele></trkpt>
   <trkpt lat="46.479122" lon="6.44973"><ele>398.75</ele></trkpt>
   <trkpt lat="46.479358" lon="6.450473"><ele>399.25</ele></trkpt>
   <trkpt lat="46.479507" lon="6.450921"><ele>399.25</ele></trkpt>
   <trkpt lat="46.479711" lon="6.451476"><ele>398.25</ele></trkpt>
   <trkpt lat="46.47982" lon="6.451749"><ele>400.25</ele></trkpt>
   <trkpt lat="46.47994" lon="6.452033"><ele>400.25</ele></trkpt>
   <trkpt lat="46.480142" lon="6.452477"><ele>401</ele></trkpt>
   <trkpt lat="46.480394" lon="6.452979"><ele>399.25</ele></trkpt>
   <trkpt lat="46.480543" lon="6.453243"><ele>397.75</ele></trkpt>
   <trkpt lat="46.480748" lon="6.453575"><ele>397.5</ele></trkpt>
   <trkpt lat="46.481085" lon="6.454087"><ele>396</ele></trkpt>
   <trkpt lat="46.4812" lon="6.454246"><ele>395.75</ele></trkpt>
   <trkpt lat="46.481857" lon="6.455085"><ele>395</ele></trkpt>
   <trkpt lat="46.481992" lon="6.455239"><ele>395</ele></trkpt>
   <trkpt lat="46.482285" lon="6.455541"><ele>395</ele></trkpt>
   <trkpt lat="46.482912" lon="6.456182"><ele>394.5</ele></trkpt>
   <trkpt lat="46.483212" lon="6.456573"><ele>394</ele></trkpt>
   <trkpt lat="46.483456" lon="6.456839"><ele>393.25</ele></trkpt>
   <trkpt lat="46.483608" lon="6.456986"><ele>393.5</ele></trkpt>
   <trkpt lat="46.483944" lon="6.457302"><ele>391.75</ele></trkpt>
   <trkpt lat="46.484028" lon="6.457381"><ele>391.25</ele></trkpt>
   <trkpt lat="46.485072" lon="6.45838"><ele>391.5</ele></trkpt>
   <trkpt lat="46.48548" lon="6.458793"><ele>389</ele></trkpt>
   <trkpt lat="46.48612" lon="6.459479"><ele>389.25</ele></trkpt>
   <trkpt lat="46.48643" lon="6.459832"><ele>387.75</ele></trkpt>
   <trkpt lat="46.486751" lon="6.460212"><ele>386.75</ele></trkpt>
   <trkpt lat="46.486815" lon="6.46029"><ele>386.25</ele></trkpt>
   <trkpt lat="46.487093" lon="6.460632"><ele>386.75</ele></trkpt>
   <trkpt lat="46.487543" lon="6.461209"><ele>388</ele></trkpt>
   <trkpt lat="46.4879" lon="6.461687"><ele>387.75</ele></trkpt>
   <trkpt lat="46.488336" lon="6.462297"><ele>388.5</ele></trkpt>
   <trkpt lat="46.488845" lon="6.463041"><ele>390.25</ele></trkpt>
   <trkpt lat="46.493049" lon="6.469278"><ele>390.75</ele></trkpt>
   <trkpt lat="46.493079" lon="6.469321"><ele>391</ele></trkpt>
   <trkpt lat="46.494643" lon="6.471642"><ele>390</ele></trkpt>
   <trkpt lat="46.494676" lon="6.471689"><ele>390.25</ele></trkpt>
   <trkpt lat="46.495842" lon="6.473422"><ele>390</ele></trkpt>
   <trkpt lat="46.496302" lon="6.474131"><ele>388.25</ele></trkpt>
   <trkpt lat="46.496465" lon="6.474399"><ele>390.75</ele></trkpt>
   <trkpt lat="46.496687" lon="6.474788"><ele>393</ele></trkpt>
   <trkpt lat="46.496874" lon="6.475141"><ele>394.25</ele></trkpt>
   <trkpt lat="46.496991" lon="6.475378"><ele>394.5</ele></trkpt>
   <trkpt lat="46.497194" lon="6.475813"><ele>393.75</ele></trkpt>
   <trkpt lat="46.497328" lon="6.476128"><ele>395.25</ele></trkpt>
   <trkpt lat="46.497446" lon="6.476417"><ele>394</ele></trkpt>
   <trkpt lat="46.497647" lon="6.476961"><ele>394.5</ele></trkpt>
   <trkpt lat="46.497835" lon="6.477521"><ele>392.5</ele></trkpt>
   <trkpt lat="46.498465" lon="6.479499"><ele>388</ele></trkpt>
   <trkpt lat="46.498672" lon="6.480082"><ele>388.75</ele></trkpt>
   <trkpt lat="46.498887" lon="6.480625"><ele>388.75</ele></trkpt>
   <trkpt lat="46.49912" lon="6.481149"><ele>387.75</ele></trkpt>
   <trkpt lat="46.49937" lon="6.481658"><ele>387.5</ele></trkpt>
   <trkpt lat="46.499635" lon="6.482144"><ele>386.75</ele></trkpt>
   <trkpt lat="46.499784" lon="6.482396"><ele>387</ele></trkpt>
   <trkpt lat="46.500066" lon="6.482845"><ele>386.75</ele></trkpt>
   <trkpt lat="46.500215" lon="6.483065"><ele>385.75</ele></trkpt>
   <trkpt lat="46.500454" lon="6.483396"><ele>384.25</ele></trkpt>
   <trkpt lat="46.500513" lon="6.483473"><ele>384.75</ele></trkpt>
   <trkpt lat="46.500877" lon="6.483928"><ele>386.75</ele></trkpt>
   <trkpt lat="46.501194" lon="6.484282"><ele>386.25</ele></trkpt>
   <trkpt lat="46.501548" lon="6.484645"><ele>386.25</ele></trkpt>
   <trkpt lat="46.50191" lon="6.484979"><ele>385.75</ele></trkpt>
   <trkpt lat="46.502283" lon="6.485288"><ele>386</ele></trkpt>
   <trkpt lat="46.502645" lon="6.485555"><ele>385</ele></trkpt>
   <trkpt lat="46.502975" lon="6.485776"><ele>384.25</ele></trkpt>
   <trkpt lat="46.503469" lon="6.48609"><ele>384.25</ele></trkpt>
   <trkpt lat="46.503534" lon="6.48613"><ele>384.25</ele></trkpt>
   <trkpt lat="46.504463" lon="6.486715"><ele>383.5</ele></trkpt>
   <trkpt lat="46.505467" lon="6.48735"><ele>383.5</ele></trkpt>
   <trkpt lat="46.50598" lon="6.487693"><ele>381</ele></trkpt>
   <trkpt lat="46.506171" lon="6.487828"><ele>380.75</ele></trkpt>
   <trkpt lat="46.506379" lon="6.48798"><ele>384.75</ele></trkpt>
   <trkpt lat="46.506663" lon="6.488207"><ele>384.75</ele></trkpt>
   <trkpt lat="46.506803" lon="6.488328"><ele>384.5</ele></trkpt>
   <trkpt lat="46.507548" lon="6.489036"><ele>384</ele></trkpt>
   <trkpt lat="46.50761" lon="6.489098"><ele>384</ele></trkpt>
   <trkpt lat="46.507927" lon="6.489413"><ele>384</ele></trkpt>
   <trkpt lat="46.508273" lon="6.489782"><ele>383.25</ele></trkpt>
   <trkpt lat="46.508667" lon="6.490236"><ele>383</ele></trkpt>
   <trkpt lat="46.509064" lon="6.490729"><ele>383</ele></trkpt>
   <trkpt lat="46.509346" lon="6.4911"><ele>382.5</ele></trkpt>
   <trkpt lat="46.509626" lon="6.491484"><ele>382.25</ele></trkpt>
   <trkpt lat="46.510158" lon="6.492261"><ele>382.25</ele></trkpt>
   <trkpt lat="46.51126" lon="6.494002"><ele>381.25</ele></trkpt>
   <trkpt lat="46.511996" lon="6.495188"><ele>382</ele></trkpt>
   <trkpt lat="46.512625" lon="6.496257"><ele>381.25</ele></trkpt>
   <trkpt lat="46.513401" lon="6.497623"><ele>381</ele></trkpt>
   <trkpt lat="46.513637" lon="6.498051"><ele>381</ele></trkpt>
   <trkpt lat="46.513862" lon="6.498495"><ele>381</ele></trkpt>
   <trkpt lat="46.514204" lon="6.499209"><ele>381</ele></trkpt>
   <trkpt lat="46.514234" lon="6.499275"><ele>381</ele></trkpt>
   <trkpt lat="46.514549" lon="6.499936"><ele>381.25</ele></trkpt>
   <trkpt lat="46.514659" lon="6.500178"><ele>381.75</ele></trkpt>
   <trkpt lat="46.514822" lon="6.500568"><ele>380.5</ele></trkpt>
   <trkpt lat="46.514967" lon="6.500939"><ele>379.5</ele></trkpt>
   <trkpt lat="46.515175" lon="6.501473"><ele>378.5</ele></trkpt>
   <trkpt lat="46.515444" lon="6.502136"><ele>379.25</ele></trkpt>
   <trkpt lat="46.515687" lon="6.502703"><ele>380.25</ele></trkpt>
   <trkpt lat="46.51807" lon="6.508049"><ele>380</ele></trkpt>
   <trkpt lat="46.518659" lon="6.509369"><ele>380.5</ele></trkpt>
   <trkpt lat="46.519226" lon="6.510641"><ele>379.75</ele></trkpt>
   <trkpt lat="46.520799" lon="6.51417"><ele>380.75</ele></trkpt>
   <trkpt lat="46.521783" lon="6.516378"><ele>383.5</ele></trkpt>
   <trkpt lat="46.522071" lon="6.517039"><ele>384.25</ele></trkpt>
   <trkpt lat="46.522614" lon="6.518334"><ele>386.5</ele></trkpt>
   <trkpt lat="46.522985" lon="6.519264"><ele>387.5</ele></trkpt>
   <trkpt lat="46.523368" lon="6.52026"><ele>387.25</ele></trkpt>
   <trkpt lat="46.5234" lon="6.520342"><ele>387</ele></trkpt>
   <trkpt lat="46.523468" lon="6.520523"><ele>387</ele></trkpt>
   <trkpt lat="46.524017" lon="6.522004"><ele>390</ele></trkpt>
   <trkpt lat="46.524469" lon="6.523283"><ele>390</ele></trkpt>
   <trkpt lat="46.524669" lon="6.523865"><ele>391</ele></trkpt>
   <trkpt lat="46.525103" lon="6.525185"><ele>391.75</ele></trkpt>
   <trkpt lat="46.525328" lon="6.525897"><ele>392</ele></trkpt>
   <trkpt lat="46.525647" lon="6.526952"><ele>392.75</ele></trkpt>
   <trkpt lat="46.525864" lon="6.527692"><ele>393.5</ele></trkpt>
   <trkpt lat="46.526163" lon="6.528752"><ele>394</ele></trkpt>
   <trkpt lat="46.526592" lon="6.530357"><ele>394.75</ele></trkpt>
   <trkpt lat="46.526886" lon="6.531497"><ele>395.25</ele></trkpt>
   <trkpt lat="46.527109" lon="6.532414"><ele>396</ele></trkpt>
   <trkpt lat="46.527281" lon="6.533159"><ele>397.5</ele></trkpt>
   <trkpt lat="46.528321" lon="6.537884"><ele>399</ele></trkpt>
   <trkpt lat="46.528448" lon="6.538429"><ele>398.5</ele></trkpt>
   <trkpt lat="46.528608" lon="6.539054"><ele>399.25</ele></trkpt>
   <trkpt lat="46.528711" lon="6.539422"><ele>399.75</ele></trkpt>
   <trkpt lat="46.528876" lon="6.539965"><ele>399</ele></trkpt>
   <trkpt lat="46.52909" lon="6.540606"><ele>399</ele></trkpt>
   <trkpt lat="46.529266" lon="6.54109"><ele>399.25</ele></trkpt>
   <trkpt lat="46.529417" lon="6.541477"><ele>398</ele></trkpt>
   <trkpt lat="46.529559" lon="6.54183"><ele>397.5</ele></trkpt>
   <trkpt lat="46.529805" lon="6.542362"><ele>396.5</ele></trkpt>
   <trkpt lat="46.530118" lon="6.54294"><ele>396</ele></trkpt>
   <trkpt lat="46.531283" lon="6.544973"><ele>395.75</ele></trkpt>
   <trkpt lat="46.532681" lon="6.547343"><ele>395.25</ele></trkpt>
   <trkpt lat="46.53355" lon="6.548803"><ele>396.75</ele></trkpt>
   <trkpt lat="46.53386" lon="6.549304"><ele>396.5</ele></trkpt>
   <trkpt lat="46.534324" lon="6.550062"><ele>394.5</ele></trkpt>
   <trkpt lat="46.534782" lon="6.550867"><ele>395</ele></trkpt>
   <trkpt lat="46.534802" lon="6.550902"><ele>394</ele></trkpt>
   <trkpt lat="46.534823" lon="6.550941"><ele>393</ele></trkpt>
   <trkpt lat="46.536079" lon="6.553234"><ele>395.75</ele></trkpt>
   <trkpt lat="46.536374" lon="6.553757"><ele>396</ele></trkpt>
   <trkpt lat="46.536608" lon="6.554128"><ele>397.25</ele></trkpt>
   <trkpt lat="46.536823" lon="6.55442"><ele>397.5</ele></trkpt>
   <trkpt lat="46.53708" lon="6.554717"><ele>397.25</ele></trkpt>
   <trkpt lat="46.537285" lon="6.554922"><ele>397.75</ele></trkpt>
   <trkpt lat="46.537587" lon="6.555176"><ele>397.5</ele></trkpt>
   <trkpt lat="46.537901" lon="6.555392"><ele>396.75</ele></trkpt>
   <trkpt lat="46.538209" lon="6.555571"><ele>394.5</ele></trkpt>
   <trkpt lat="46.538711" lon="6.55585"><ele>394.5</ele></trkpt>
   <trkpt lat="46.538951" lon="6.555982"><ele>396.75</ele></trkpt>
   <trkpt lat="46.539008" lon="6.556014"><ele>397</ele></trkpt>
   <trkpt lat="46.53943" lon="6.556233"><ele>399.25</ele></trkpt>
   <trkpt lat="46.539844" lon="6.55642"><ele>400.75</ele></trkpt>
   <trkpt lat="46.540123" lon="6.556534"><ele>400</ele></trkpt>
   <trkpt lat="46.540413" lon="6.556625"><ele>400.75</ele></trkpt>
   <trkpt lat="46.540674" lon="6.556677"><ele>402</ele></trkpt>
   <trkpt lat="46.540804" lon="6.556691"><ele>402.25</ele></trkpt>
   <trkpt lat="46.541067" lon="6.556701"><ele>402</ele></trkpt>
   <trkpt lat="46.541183" lon="6.556697"><ele>402</ele></trkpt>
   <trkpt lat="46.541438" lon="6.556667"><ele>402</ele></trkpt>
   <trkpt lat="46.541825" lon="6.556585"><ele>400.75</ele></trkpt>
   <trkpt lat="46.542446" lon="6.556436"><ele>402.5</ele></trkpt>
   <trkpt lat="46.543425" lon="6.556198"><ele>405.75</ele></trkpt>
   <trkpt lat="46.543947" lon="6.556049"><ele>405.75</ele></trkpt>
   <trkpt lat="46.54412" lon="6.555989"><ele>406</ele></trkpt>
   <trkpt lat="46.544352" lon="6.555889"><ele>405.75</ele></trkpt>
   <trkpt lat="46.544629" lon="6.555743"><ele>405.75</ele></trkpt>
   <trkpt lat="46.544896" lon="6.555556"><ele>405.5</ele></trkpt>
   <trkpt lat="46.544996" lon="6.555479"><ele>405.5</ele></trkpt>
   <trkpt lat="46.545191" lon="6.555311"><ele>405.75</ele></trkpt>
   <trkpt lat="46.545458" lon="6.555044"><ele>405.75</ele></trkpt>
   <trkpt lat="46.54571" lon="6.554746"><ele>406.5</ele></trkpt>
   <trkpt lat="46.545847" lon="6.55456"><ele>406.25</ele></trkpt>
   <trkpt lat="46.545999" lon="6.554336"><ele>405.75</ele></trkpt>
   <trkpt lat="46.546251" lon="6.553922"><ele>405.5</ele></trkpt>
   <trkpt lat="46.546447" lon="6.553563"><ele>406.25</ele></trkpt>
   <trkpt lat="46.546677" lon="6.553103"><ele>407</ele></trkpt>
   <trkpt lat="46.548159" lon="6.550067"><ele>407</ele></trkpt>
   <trkpt lat="46.548545" lon="6.549322"><ele>407</ele></trkpt>
   <trkpt lat="46.54903" lon="6.548451"><ele>407</ele></trkpt>
   <trkpt lat="46.549426" lon="6.547751"><ele>406</ele></trkpt>
   <trkpt lat="46.549569" lon="6.547484"><ele>407.25</ele></trkpt>
   <trkpt lat="46.549907" lon="6.546813"><ele>408.25</ele></trkpt>
   <trkpt lat="46.549977" lon="6.546676"><ele>406.25</ele></trkpt>
   <trkpt lat="46.551096" lon="6.544448"><ele>402</ele></trkpt>
   <trkpt lat="46.551193" lon="6.544255"><ele>401.25</ele></trkpt>
   <trkpt lat="46.552147" lon="6.542375"><ele>403.75</ele></trkpt>
   <trkpt lat="46.552405" lon="6.541846"><ele>402.5</ele></trkpt>
   <trkpt lat="46.552743" lon="6.541091"><ele>403</ele></trkpt>
   <trkpt lat="46.553077" lon="6.540246"><ele>404</ele></trkpt>
   <trkpt lat="46.55328" lon="6.539674"><ele>403.5</ele></trkpt>
   <trkpt lat="46.553404" lon="6.539298"><ele>404.25</ele></trkpt>
   <trkpt lat="46.553815" lon="6.537955"><ele>402.75</ele></trkpt>
   <trkpt lat="46.553963" lon="6.53749"><ele>404</ele></trkpt>
   <trkpt lat="46.554217" lon="6.536764"><ele>404.5</ele></trkpt>
   <trkpt lat="46.554335" lon="6.536461"><ele>404.25</ele></trkpt>
   <trkpt lat="46.554582" lon="6.535879"><ele>405.5</ele></trkpt>
   <trkpt lat="46.554816" lon="6.535378"><ele>403.25</ele></trkpt>
   <trkpt lat="46.555038" lon="6.534944"><ele>401.25</ele></trkpt>
   <trkpt lat="46.555286" lon="6.534497"><ele>401.5</ele></trkpt>
   <trkpt lat="46.555428" lon="6.534259"><ele>399.25</ele></trkpt>
   <trkpt lat="46.555637" lon="6.533929"><ele>399.5</ele></trkpt>
   <trkpt lat="46.555854" lon="6.533606"><ele>401.5</ele></trkpt>
   <trkpt lat="46.556014" lon="6.533381"><ele>399.5</ele></trkpt>
   <trkpt lat="46.556396" lon="6.532885"><ele>400</ele></trkpt>
   <trkpt lat="46.55662" lon="6.532618"><ele>399.25</ele></trkpt>
   <trkpt lat="46.556833" lon="6.532379"><ele>399.25</ele></trkpt>
   <trkpt lat="46.557253" lon="6.531947"><ele>400.25</ele></trkpt>
   <trkpt lat="46.557555" lon="6.531668"><ele>399.25</ele></trkpt>
   <trkpt lat="46.557778" lon="6.531477"><ele>399</ele></trkpt>
   <trkpt lat="46.558017" lon="6.531287"><ele>398.25</ele></trkpt>
   <trkpt lat="46.558266" lon="6.531104"><ele>398.75</ele></trkpt>
   <trkpt lat="46.55851" lon="6.530937"><ele>399.25</ele></trkpt>
   <trkpt lat="46.558874" lon="6.530714"><ele>399.5</ele></trkpt>
   <trkpt lat="46.559371" lon="6.530446"><ele>401</ele></trkpt>
   <trkpt lat="46.560035" lon="6.530132"><ele>399.75</ele></trkpt>
   <trkpt lat="46.560742" lon="6.529841"><ele>399.5</ele></trkpt>
   <trkpt lat="46.561258" lon="6.529654"><ele>399.25</ele></trkpt>
   <trkpt lat="46.561602" lon="6.529539"><ele>399</ele></trkpt>
   <trkpt lat="46.562257" lon="6.529349"><ele>399</ele></trkpt>
   <trkpt lat="46.562981" lon="6.529178"><ele>398.75</ele></trkpt>
   <trkpt lat="46.563209" lon="6.529132"><ele>398.75</ele></trkpt>
   <trkpt lat="46.563809" lon="6.529031"><ele>398</ele></trkpt>
   <trkpt lat="46.564327" lon="6.528967"><ele>399</ele></trkpt>
   <trkpt lat="46.565059" lon="6.52891"><ele>399.75</ele></trkpt>
   <trkpt lat="46.565215" lon="6.528902"><ele>399.75</ele></trkpt>
   <trkpt lat="46.565786" lon="6.528892"><ele>399.75</ele></trkpt>
   <trkpt lat="46.566053" lon="6.528896"><ele>399.75</ele></trkpt>
   <trkpt lat="46.566573" lon="6.528919"><ele>400.5</ele></trkpt>
   <trkpt lat="46.567049" lon="6.528954"><ele>400.5</ele></trkpt>
   <trkpt lat="46.567244" lon="6.528963"><ele>400.25</ele></trkpt>
   <trkpt lat="46.567587" lon="6.528958"><ele>400.75</ele></trkpt>
   <trkpt lat="46.567826" lon="6.528966"><ele>400.75</ele></trkpt>
   <trkpt lat="46.56808" lon="6.528986"><ele>400.5</ele></trkpt>
   <trkpt lat="46.568369" lon="6.528995"><ele>400</ele></trkpt>
   <trkpt lat="46.568869" lon="6.52898"><ele>401</ele></trkpt>
   <trkpt lat="46.569225" lon="6.528994"><ele>401.25</ele></trkpt>
   <trkpt lat="46.569622" lon="6.529036"><ele>402</ele></trkpt>
   <trkpt lat="46.570159" lon="6.529139"><ele>403.5</ele></trkpt>
   <trkpt lat="46.570373" lon="6.52918"><ele>403.75</ele></trkpt>
   <trkpt lat="46.570612" lon="6.529211"><ele>403.75</ele></trkpt>
   <trkpt lat="46.571088" lon="6.52928"><ele>404.25</ele></trkpt>
   <trkpt lat="46.571334" lon="6.529333"><ele>404.75</ele></trkpt>
   <trkpt lat="46.573737" lon="6.530057"><ele>405.75</ele></trkpt>
   <trkpt lat="46.57412" lon="6.530152"><ele>406.25</ele></trkpt>
   <trkpt lat="46.574598" lon="6.530263"><ele>406</ele></trkpt>
   <trkpt lat="46.574865" lon="6.530313"><ele>406.75</ele></trkpt>
   <trkpt lat="46.575496" lon="6.530392"><ele>407.5</ele></trkpt>
   <trkpt lat="46.575885" lon="6.530452"><ele>407.5</ele></trkpt>
   <trkpt lat="46.576066" lon="6.530484"><ele>407</ele></trkpt>
   <trkpt lat="46.576264" lon="6.530495"><ele>407</ele></trkpt>
   <trkpt lat="46.576683" lon="6.53048"><ele>408.5</ele></trkpt>
   <trkpt lat="46.576915" lon="6.53046"><ele>408</ele></trkpt>
   <trkpt lat="46.577335" lon="6.530519"><ele>407.25</ele></trkpt>
   <trkpt lat="46.577664" lon="6.530455"><ele>408</ele></trkpt>
   <trkpt lat="46.577969" lon="6.530382"><ele>408.25</ele></trkpt>
   <trkpt lat="46.578229" lon="6.530307"><ele>408.25</ele></trkpt>
   <trkpt lat="46.578502" lon="6.530216"><ele>407.25</ele></trkpt>
   <trkpt lat="46.578919" lon="6.530053"><ele>407.5</ele></trkpt>
   <trkpt lat="46.579155" lon="6.529951"><ele>407.25</ele></trkpt>
   <trkpt lat="46.57958" lon="6.529749"><ele>408.25</ele></trkpt>
   <trkpt lat="46.580086" lon="6.529477"><ele>407.75</ele></trkpt>
   <trkpt lat="46.580502" lon="6.529213"><ele>408</ele></trkpt>
   <trkpt lat="46.580762" lon="6.529024"><ele>407.5</ele></trkpt>
   <trkpt lat="46.581035" lon="6.528808"><ele>408.25</ele></trkpt>
   <trkpt lat="46.58391" lon="6.526405"><ele>411</ele></trkpt>
   <trkpt lat="46.584378" lon="6.526043"><ele>411.25</ele></trkpt>
   <trkpt lat="46.584627" lon="6.525881"><ele>411.25</ele></trkpt>
   <trkpt lat="46.584929" lon="6.525715"><ele>411.5</ele></trkpt>
   <trkpt lat="46.585247" lon="6.525571"><ele>412.5</ele></trkpt>
   <trkpt lat="46.585561" lon="6.525461"><ele>412</ele></trkpt>
   <trkpt lat="46.585809" lon="6.525393"><ele>412</ele></trkpt>
   <trkpt lat="46.586215" lon="6.525319"><ele>412.75</ele></trkpt>
   <trkpt lat="46.586381" lon="6.525301"><ele>412.75</ele></trkpt>
   <trkpt lat="46.58672" lon="6.525289"><ele>413</ele></trkpt>
   <trkpt lat="46.587044" lon="6.525306"><ele>413</ele></trkpt>
   <trkpt lat="46.587204" lon="6.525324"><ele>412.5</ele></trkpt>
   <trkpt lat="46.587398" lon="6.525356"><ele>413</ele></trkpt>
   <trkpt lat="46.587725" lon="6.525434"><ele>415.25</ele></trkpt>
   <trkpt lat="46.587876" lon="6.525477"><ele>415.5</ele></trkpt>
   <trkpt lat="46.5882" lon="6.525598"><ele>415</ele></trkpt>
   <trkpt lat="46.588567" lon="6.525773"><ele>415</ele></trkpt>
   <trkpt lat="46.588783" lon="6.525896"><ele>417.5</ele></trkpt>
   <trkpt lat="46.589193" lon="6.526175"><ele>415</ele></trkpt>
   <trkpt lat="46.589758" lon="6.526622"><ele>415</ele></trkpt>
   <trkpt lat="46.589898" lon="6.526736"><ele>415.25</ele></trkpt>
   <trkpt lat="46.590503" lon="6.52723"><ele>415.75</ele></trkpt>
   <trkpt lat="46.590934" lon="6.527564"><ele>416.5</ele></trkpt>
   <trkpt lat="46.591117" lon="6.527692"><ele>416.5</ele></trkpt>
   <trkpt lat="46.591466" lon="6.527913"><ele>416.25</ele></trkpt>
   <trkpt lat="46.591826" lon="6.528108"><ele>416.75</ele></trkpt>
   <trkpt lat="46.59218" lon="6.528269"><ele>417.5</ele></trkpt>
   <trkpt lat="46.592357" lon="6.528338"><ele>417.75</ele></trkpt>
   <trkpt lat="46.592724" lon="6.528463"><ele>417.25</ele></trkpt>
   <trkpt lat="46.592916" lon="6.528516"><ele>417.75</ele></trkpt>
   <trkpt lat="46.593098" lon="6.528559"><ele>418.5</ele></trkpt>
   <trkpt lat="46.593472" lon="6.528627"><ele>418.75</ele></trkpt>
   <trkpt lat="46.593851" lon="6.528666"><ele>419</ele></trkpt>
   <trkpt lat="46.594226" lon="6.528677"><ele>419</ele></trkpt>
   <trkpt lat="46.594617" lon="6.528656"><ele>419.5</ele></trkpt>
   <trkpt lat="46.594977" lon="6.528611"><ele>419.75</ele></trkpt>
   <trkpt lat="46.59519" lon="6.528572"><ele>419.75</ele></trkpt>
   <trkpt lat="46.595365" lon="6.528534"><ele>419.75</ele></trkpt>
   <trkpt lat="46.595747" lon="6.528426"><ele>419.75</ele></trkpt>
   <trkpt lat="46.596115" lon="6.528294"><ele>421.25</ele></trkpt>
   <trkpt lat="46.596348" lon="6.528194"><ele>422.25</ele></trkpt>
   <trkpt lat="46.596671" lon="6.528035"><ele>422.25</ele></trkpt>
   <trkpt lat="46.597001" lon="6.527853"><ele>422</ele></trkpt>
   <trkpt lat="46.600967" lon="6.52557"><ele>424.25</ele></trkpt>
   <trkpt lat="46.601337" lon="6.525369"><ele>425.75</ele></trkpt>
   <trkpt lat="46.601561" lon="6.52526"><ele>426</ele></trkpt>
   <trkpt lat="46.601849" lon="6.525152"><ele>426.25</ele></trkpt>
   <trkpt lat="46.602354" lon="6.525007"><ele>426.75</ele></trkpt>
   <trkpt lat="46.602562" lon="6.524939"><ele>427</ele></trkpt>
   <trkpt lat="46.602628" lon="6.524917"><ele>427</ele></trkpt>
   <trkpt lat="46.60386" lon="6.524499"><ele>426.5</ele></trkpt>
   <trkpt lat="46.605424" lon="6.524025"><ele>428</ele></trkpt>
   <trkpt lat="46.606248" lon="6.523773"><ele>428</ele></trkpt>
   <trkpt lat="46.606595" lon="6.523643"><ele>428</ele></trkpt>
   <trkpt lat="46.606925" lon="6.523492"><ele>428.5</ele></trkpt>
   <trkpt lat="46.607241" lon="6.523312"><ele>428</ele></trkpt>
   <trkpt lat="46.60758" lon="6.523085"><ele>428.75</ele></trkpt>
   <trkpt lat="46.607922" lon="6.522812"><ele>428.75</ele></trkpt>
   <trkpt lat="46.608317" lon="6.522451"><ele>427.75</ele></trkpt>
   <trkpt lat="46.608451" lon="6.522325"><ele>427.5</ele></trkpt>
   <trkpt lat="46.608612" lon="6.522167"><ele>428.75</ele></trkpt>
   <trkpt lat="46.612403" lon="6.518452"><ele>433.75</ele></trkpt>
   <trkpt lat="46.612721" lon="6.518156"><ele>433.25</ele></trkpt>
   <trkpt lat="46.613037" lon="6.51789"><ele>431.75</ele></trkpt>
   <trkpt lat="46.613287" lon="6.517709"><ele>431.5</ele></trkpt>
   <trkpt lat="46.613498" lon="6.517575"><ele>432.25</ele></trkpt>
   <trkpt lat="46.613717" lon="6.51745"><ele>432</ele></trkpt>
   <trkpt lat="46.614039" lon="6.517297"><ele>432</ele></trkpt>
   <trkpt lat="46.614371" lon="6.51717"><ele>432.5</ele></trkpt>
   <trkpt lat="46.614681" lon="6.517077"><ele>432.25</ele></trkpt>
   <trkpt lat="46.615035" lon="6.517007"><ele>433.75</ele></trkpt>
   <trkpt lat="46.615386" lon="6.516972"><ele>434.5</ele></trkpt>
   <trkpt lat="46.615716" lon="6.516961"><ele>434.5</ele></trkpt>
   <trkpt lat="46.615937" lon="6.516976"><ele>435</ele></trkpt>
   <trkpt lat="46.616251" lon="6.517014"><ele>436</ele></trkpt>
   <trkpt lat="46.616579" lon="6.517085"><ele>436</ele></trkpt>
   <trkpt lat="46.616884" lon="6.517178"><ele>435</ele></trkpt>
   <trkpt lat="46.617243" lon="6.51732"><ele>436</ele></trkpt>
   <trkpt lat="46.617557" lon="6.517476"><ele>434.5</ele></trkpt>
   <trkpt lat="46.61789" lon="6.517679"><ele>433.75</ele></trkpt>
   <trkpt lat="46.618024" lon="6.517771"><ele>434.75</ele></trkpt>
   <trkpt lat="46.618304" lon="6.517984"><ele>433.25</ele></trkpt>
   <trkpt lat="46.618615" lon="6.518258"><ele>433.5</ele></trkpt>
   <trkpt lat="46.618882" lon="6.51853"><ele>433.5</ele></trkpt>
   <trkpt lat="46.61905" lon="6.518717"><ele>433.5</ele></trkpt>
   <trkpt lat="46.619168" lon="6.518857"><ele>434.75</ele></trkpt>
   <trkpt lat="46.619317" lon="6.519042"><ele>434</ele></trkpt>
   <trkpt lat="46.61984" lon="6.519731"><ele>434.25</ele></trkpt>
   <trkpt lat="46.620192" lon="6.520232"><ele>434.75</ele></trkpt>
   <trkpt lat="46.620474" lon="6.520655"><ele>434</ele></trkpt>
   <trkpt lat="46.620748" lon="6.521085"><ele>435</ele></trkpt>
   <trkpt lat="46.620987" lon="6.521484"><ele>434.75</ele></trkpt>
   <trkpt lat="46.621319" lon="6.522075"><ele>435</ele></trkpt>
   <trkpt lat="46.621609" lon="6.522632"><ele>435.75</ele></trkpt>
   <trkpt lat="46.621795" lon="6.52301"><ele>435.25</ele></trkpt>
   <trkpt lat="46.627574" lon="6.535053"><ele>442.5</ele></trkpt>
   <trkpt lat="46.627648" lon="6.535202"><ele>443</ele></trkpt>
   <trkpt lat="46.627902" lon="6.535668"><ele>442.25</ele></trkpt>
   <trkpt lat="46.62805" lon="6.535958"><ele>443</ele></trkpt>
   <trkpt lat="46.628464" lon="6.536808"><ele>443.25</ele></trkpt>
   <trkpt lat="46.628709" lon="6.537264"><ele>443.25</ele></trkpt>
   <trkpt lat="46.628901" lon="6.537578"><ele>442.75</ele></trkpt>
   <trkpt lat="46.629165" lon="6.537974"><ele>442.5</ele></trkpt>
   <trkpt lat="46.630145" lon="6.53944"><ele>442.75</ele></trkpt>
   <trkpt lat="46.630228" lon="6.539565"><ele>443</ele></trkpt>
   <trkpt lat="46.630698" lon="6.540267"><ele>442.75</ele></trkpt>
   <trkpt lat="46.630989" lon="6.540678"><ele>443</ele></trkpt>
   <trkpt lat="46.631472" lon="6.541314"><ele>443.5</ele></trkpt>
   <trkpt lat="46.631864" lon="6.541789"><ele>443.5</ele></trkpt>
   <trkpt lat="46.632105" lon="6.542066"><ele>443.25</ele></trkpt>
   <trkpt lat="46.632417" lon="6.542405"><ele>443</ele></trkpt>
   <trkpt lat="46.632888" lon="6.542883"><ele>443</ele></trkpt>
   <trkpt lat="46.633299" lon="6.54327"><ele>443</ele></trkpt>
   <trkpt lat="46.633739" lon="6.543657"><ele>443</ele></trkpt>
   <trkpt lat="46.633903" lon="6.54379"><ele>443</ele></trkpt>
   <trkpt lat="46.634054" lon="6.543917"><ele>443</ele></trkpt>
   <trkpt lat="46.634155" lon="6.544001"><ele>443.25</ele></trkpt>
   <trkpt lat="46.635515" lon="6.54515"><ele>443.75</ele></trkpt>
   <trkpt lat="46.635729" lon="6.545333"><ele>443.75</ele></trkpt>
   <trkpt lat="46.636005" lon="6.545552"><ele>443.5</ele></trkpt>
   <trkpt lat="46.636256" lon="6.545729"><ele>443.75</ele></trkpt>
   <trkpt lat="46.636504" lon="6.545882"><ele>444</ele></trkpt>
   <trkpt lat="46.636703" lon="6.545995"><ele>443.5</ele></trkpt>
   <trkpt lat="46.637017" lon="6.546163"><ele>444.5</ele></trkpt>
   <trkpt lat="46.637515" lon="6.546406"><ele>444.75</ele></trkpt>
   <trkpt lat="46.6379" lon="6.54658"><ele>444.75</ele></trkpt>
   <trkpt lat="46.639041" lon="6.547065"><ele>444.75</ele></trkpt>
   <trkpt lat="46.64711" lon="6.550481"><ele>449</ele></trkpt>
   <trkpt lat="46.647203" lon="6.550521"><ele>449</ele></trkpt>
   <trkpt lat="46.651076" lon="6.552161"><ele>450.5</ele></trkpt>
   <trkpt lat="46.651586" lon="6.552369"><ele>450</ele></trkpt>
   <trkpt lat="46.65196" lon="6.552505"><ele>450.75</ele></trkpt>
   <trkpt lat="46.652553" lon="6.552682"><ele>450</ele></trkpt>
   <trkpt lat="46.653059" lon="6.552796"><ele>451.5</ele></trkpt>
   <trkpt lat="46.653545" lon="6.552874"><ele>449.75</ele></trkpt>
   <trkpt lat="46.654096" lon="6.552928"><ele>449.5</ele></trkpt>
   <trkpt lat="46.654234" lon="6.552935"><ele>449.75</ele></trkpt>
   <trkpt lat="46.654838" lon="6.552977"><ele>452</ele></trkpt>
   <trkpt lat="46.655158" lon="6.552979"><ele>452.75</ele></trkpt>
   <trkpt lat="46.655285" lon="6.552972"><ele>452.75</ele></trkpt>
   <trkpt lat="46.655701" lon="6.552925"><ele>453</ele></trkpt>
   <trkpt lat="46.656066" lon="6.552872"><ele>449.75</ele></trkpt>
   <trkpt lat="46.656219" lon="6.552841"><ele>451</ele></trkpt>
   <trkpt lat="46.656413" lon="6.5528"><ele>454</ele></trkpt>
   <trkpt lat="46.656764" lon="6.552713"><ele>454.5</ele></trkpt>
   <trkpt lat="46.65721" lon="6.552578"><ele>455</ele></trkpt>
   <trkpt lat="46.658822" lon="6.552002"><ele>469</ele></trkpt>
   <trkpt lat="46.661667" lon="6.550978"><ele>459.5</ele></trkpt>
   <trkpt lat="46.66233" lon="6.55076"><ele>456.75</ele></trkpt>
   <trkpt lat="46.662894" lon="6.550623"><ele>454.5</ele></trkpt>
   <trkpt lat="46.66322" lon="6.550569"><ele>453.5</ele></trkpt>
   <trkpt lat="46.66364" lon="6.550529"><ele>451.75</ele></trkpt>
   <trkpt lat="46.664011" lon="6.550523"><ele>450.5</ele></trkpt>
   <trkpt lat="46.664337" lon="6.550538"><ele>450.5</ele></trkpt>
   <trkpt lat="46.664647" lon="6.550569"><ele>450</ele></trkpt>
   <trkpt lat="46.664981" lon="6.550621"><ele>450</ele></trkpt>
   <trkpt lat="46.665258" lon="6.550682"><ele>450.25</ele></trkpt>
   <trkpt lat="46.665556" lon="6.550762"><ele>450.5</ele></trkpt>
   <trkpt lat="46.665951" lon="6.55089"><ele>448.25</ele></trkpt>
   <trkpt lat="46.666696" lon="6.551175"><ele>446.75</ele></trkpt>
   <trkpt lat="46.687534" lon="6.559413"><ele>440.75</ele></trkpt>
   <trkpt lat="46.691132" lon="6.560826"><ele>441.75</ele></trkpt>
   <trkpt lat="46.70096" lon="6.564709"><ele>445</ele></trkpt>
   <trkpt lat="46.70116" lon="6.564788"><ele>444</ele></trkpt>
   <trkpt lat="46.702158" lon="6.565183"><ele>445.25</ele></trkpt>
   <trkpt lat="46.703145" lon="6.565538"><ele>446.5</ele></trkpt>
   <trkpt lat="46.703523" lon="6.565693"><ele>445</ele></trkpt>
   <trkpt lat="46.703714" lon="6.565776"><ele>446</ele></trkpt>
   <trkpt lat="46.703982" lon="6.56588"><ele>446.75</ele></trkpt>
   <trkpt lat="46.704529" lon="6.566064"><ele>447</ele></trkpt>
   <trkpt lat="46.705695" lon="6.56653"><ele>445.5</ele></trkpt>
   <trkpt lat="46.709324" lon="6.567967"><ele>447</ele></trkpt>
   <trkpt lat="46.709593" lon="6.568126"><ele>447</ele></trkpt>
   <trkpt lat="46.709808" lon="6.56822"><ele>447</ele></trkpt>
   <trkpt lat="46.709929" lon="6.568267"><ele>447</ele></trkpt>
   <trkpt lat="46.711039" lon="6.56869"><ele>447</ele></trkpt>
   <trkpt lat="46.7116" lon="6.568891"><ele>446</ele></trkpt>
   <trkpt lat="46.712371" lon="6.569178"><ele>445.75</ele></trkpt>
   <trkpt lat="46.713002" lon="6.569424"><ele>444.75</ele></trkpt>
   <trkpt lat="46.713202" lon="6.569511"><ele>444.25</ele></trkpt>
   <trkpt lat="46.713529" lon="6.569676"><ele>443.75</ele></trkpt>
   <trkpt lat="46.713742" lon="6.56977"><ele>443.75</ele></trkpt>
   <trkpt lat="46.71548" lon="6.570462"><ele>442.5</ele></trkpt>
   <trkpt lat="46.715488" lon="6.570465"><ele>442.25</ele></trkpt>
   <trkpt lat="46.715527" lon="6.57048"><ele>442.25</ele></trkpt>
   <trkpt lat="46.715579" lon="6.5705"><ele>442.25</ele></trkpt>
   <trkpt lat="46.71761" lon="6.571308"><ele>440</ele></trkpt>
   <trkpt lat="46.717921" lon="6.571438"><ele>441</ele></trkpt>
   <trkpt lat="46.71846" lon="6.571682"><ele>440.75</ele></trkpt>
   <trkpt lat="46.718921" lon="6.571915"><ele>440.5</ele></trkpt>
   <trkpt lat="46.719358" lon="6.572155"><ele>439.5</ele></trkpt>
   <trkpt lat="46.719769" lon="6.572398"><ele>440.5</ele></trkpt>
   <trkpt lat="46.720205" lon="6.572672"><ele>441.25</ele></trkpt>
   <trkpt lat="46.720555" lon="6.572908"><ele>441.75</ele></trkpt>
   <trkpt lat="46.721045" lon="6.573263"><ele>442.25</ele></trkpt>
   <trkpt lat="46.721394" lon="6.573529"><ele>442.5</ele></trkpt>
   <trkpt lat="46.721883" lon="6.573928"><ele>442</ele></trkpt>
   <trkpt lat="46.722163" lon="6.57417"><ele>441.75</ele></trkpt>
   <trkpt lat="46.722587" lon="6.574556"><ele>440.75</ele></trkpt>
   <trkpt lat="46.72315" lon="6.575106"><ele>440</ele></trkpt>
   <trkpt lat="46.72372" lon="6.575709"><ele>439.25</ele></trkpt>
   <trkpt lat="46.724066" lon="6.576103"><ele>439.5</ele></trkpt>
   <trkpt lat="46.724635" lon="6.576792"><ele>439</ele></trkpt>
   <trkpt lat="46.727854" lon="6.580792"><ele>438.5</ele></trkpt>
   <trkpt lat="46.728855" lon="6.582033"><ele>437.25</ele></trkpt>
   <trkpt lat="46.729192" lon="6.58244"><ele>437.5</ele></trkpt>
   <trkpt lat="46.729516" lon="6.582813"><ele>435.25</ele></trkpt>
   <trkpt lat="46.729791" lon="6.583116"><ele>436.75</ele></trkpt>
   <trkpt lat="46.730203" lon="6.583548"><ele>436.75</ele></trkpt>
   <trkpt lat="46.730759" lon="6.584091"><ele>436.75</ele></trkpt>
   <trkpt lat="46.731185" lon="6.584478"><ele>436.75</ele></trkpt>
   <trkpt lat="46.731586" lon="6.58482"><ele>437</ele></trkpt>
   <trkpt lat="46.732067" lon="6.585204"><ele>436.25</ele></trkpt>
   <trkpt lat="46.732645" lon="6.58563"><ele>436.5</ele></trkpt>
   <trkpt lat="46.736095" lon="6.58802"><ele>438</ele></trkpt>
   <trkpt lat="46.736501" lon="6.58832"><ele>437.5</ele></trkpt>
   <trkpt lat="46.73684" lon="6.58859"><ele>437</ele></trkpt>
   <trkpt lat="46.737314" lon="6.589004"><ele>437.25</ele></trkpt>
   <trkpt lat="46.737635" lon="6.589306"><ele>436.75</ele></trkpt>
   <trkpt lat="46.738121" lon="6.589804"><ele>436.5</ele></trkpt>
   <trkpt lat="46.738566" lon="6.590306"><ele>437</ele></trkpt>
   <trkpt lat="46.738882" lon="6.590691"><ele>437.5</ele></trkpt>
   <trkpt lat="46.739166" lon="6.591059"><ele>437.75</ele></trkpt>
   <trkpt lat="46.739392" lon="6.591368"><ele>438</ele></trkpt>
   <trkpt lat="46.739756" lon="6.591898"><ele>437.5</ele></trkpt>
   <trkpt lat="46.740093" lon="6.59243"><ele>437.25</ele></trkpt>
   <trkpt lat="46.740418" lon="6.592986"><ele>437.75</ele></trkpt>
   <trkpt lat="46.740672" lon="6.593453"><ele>437.5</ele></trkpt>
   <trkpt lat="46.740899" lon="6.593898"><ele>437.25</ele></trkpt>
   <trkpt lat="46.741133" lon="6.594386"><ele>436.75</ele></trkpt>
   <trkpt lat="46.741439" lon="6.59508"><ele>437.25</ele></trkpt>
   <trkpt lat="46.741688" lon="6.595701"><ele>437.75</ele></trkpt>
   <trkpt lat="46.741941" lon="6.596391"><ele>438</ele></trkpt>
   <trkpt lat="46.742198" lon="6.597171"><ele>437.25</ele></trkpt>
   <trkpt lat="46.743628" lon="6.601658"><ele>435.75</ele></trkpt>
   <trkpt lat="46.743802" lon="6.602167"><ele>435</ele></trkpt>
   <trkpt lat="46.744018" lon="6.602754"><ele>434.5</ele></trkpt>
   <trkpt lat="46.744253" lon="6.603336"><ele>435.5</ele></trkpt>
   <trkpt lat="46.744378" lon="6.603626"><ele>436.5</ele></trkpt>
   <trkpt lat="46.744717" lon="6.60436"><ele>438.25</ele></trkpt>
   <trkpt lat="46.744875" lon="6.60468"><ele>438.25</ele></trkpt>
   <trkpt lat="46.745103" lon="6.605116"><ele>438</ele></trkpt>
   <trkpt lat="46.745562" lon="6.605934"><ele>439.25</ele></trkpt>
   <trkpt lat="46.746348" lon="6.607306"><ele>440</ele></trkpt>
   <trkpt lat="46.746725" lon="6.607964"><ele>440</ele></trkpt>
   <trkpt lat="46.747054" lon="6.608538"><ele>439.25</ele></trkpt>
   <trkpt lat="46.747058" lon="6.608545"><ele>439.25</ele></trkpt>
   <trkpt lat="46.74728" lon="6.608905"><ele>439</ele></trkpt>
   <trkpt lat="46.747427" lon="6.609116"><ele>439</ele></trkpt>
   <trkpt lat="46.74765" lon="6.609483"><ele>438.75</ele></trkpt>
   <trkpt lat="46.748158" lon="6.610367"><ele>436.75</ele></trkpt>
   <trkpt lat="46.752692" lon="6.618282"><ele>434.5</ele></trkpt>
   <trkpt lat="46.753871" lon="6.620344"><ele>436</ele></trkpt>
   <trkpt lat="46.754663" lon="6.621724"><ele>436</ele></trkpt>
   <trkpt lat="46.755148" lon="6.622542"><ele>436</ele></trkpt>
   <trkpt lat="46.755396" lon="6.622945"><ele>436</ele></trkpt>
   <trkpt lat="46.755811" lon="6.623598"><ele>436.75</ele></trkpt>
   <trkpt lat="46.756144" lon="6.624101"><ele>435.75</ele></trkpt>
   <trkpt lat="46.756441" lon="6.624537"><ele>436</ele></trkpt>
   <trkpt lat="46.756833" lon="6.625093"><ele>436</ele></trkpt>
   <trkpt lat="46.757165" lon="6.625551"><ele>436</ele></trkpt>
   <trkpt lat="46.757503" lon="6.626001"><ele>436.75</ele></trkpt>
   <trkpt lat="46.758021" lon="6.626662"><ele>436.75</ele></trkpt>
   <trkpt lat="46.758361" lon="6.627078"><ele>437</ele></trkpt>
   <trkpt lat="46.758707" lon="6.62749"><ele>437.25</ele></trkpt>
   <trkpt lat="46.759259" lon="6.62812"><ele>437.25</ele></trkpt>
   <trkpt lat="46.760296" lon="6.629249"><ele>437.75</ele></trkpt>
   <trkpt lat="46.765409" lon="6.63478"><ele>434.75</ele></trkpt>
   <trkpt lat="46.765668" lon="6.635069"><ele>434.5</ele></trkpt>
   <trkpt lat="46.765944" lon="6.635406"><ele>434.5</ele></trkpt>
   <trkpt lat="46.766143" lon="6.635677"><ele>434.25</ele></trkpt>
   <trkpt lat="46.766378" lon="6.636036"><ele>434.5</ele></trkpt>
   <trkpt lat="46.766584" lon="6.636392"><ele>434</ele></trkpt>
   <trkpt lat="46.766723" lon="6.63666"><ele>434</ele></trkpt>
   <trkpt lat="46.766865" lon="6.63696"><ele>433.5</ele></trkpt>
   <trkpt lat="46.76702" lon="6.637326"><ele>433.5</ele></trkpt>
   <trkpt lat="46.767207" lon="6.637835"><ele>433.75</ele></trkpt>
   <trkpt lat="46.76731" lon="6.638163"><ele>434</ele></trkpt>
   <trkpt lat="46.767367" lon="6.638363"><ele>434</ele></trkpt>
   <trkpt lat="46.76742" lon="6.638563"><ele>434</ele></trkpt>
   <trkpt lat="46.767523" lon="6.639015"><ele>433.75</ele></trkpt>
   <trkpt lat="46.767589" lon="6.639362"><ele>433.75</ele></trkpt>
   <trkpt lat="46.767642" lon="6.639706"><ele>434</ele></trkpt>
   <trkpt lat="46.767685" lon="6.640054"><ele>434</ele></trkpt>
   <trkpt lat="46.76772" lon="6.640425"><ele>434</ele></trkpt>
   <trkpt lat="46.767749" lon="6.641008"><ele>434.5</ele></trkpt>
   <trkpt lat="46.76775" lon="6.641509"><ele>434.5</ele></trkpt>
   <trkpt lat="46.767738" lon="6.641926"><ele>434</ele></trkpt>
   <trkpt lat="46.767607" lon="6.644741"><ele>435.25</ele></trkpt>
   <trkpt lat="46.767595" lon="6.645075"><ele>435.5</ele></trkpt>
   <trkpt lat="46.767591" lon="6.645392"><ele>435.5</ele></trkpt>
   <trkpt lat="46.767597" lon="6.64579"><ele>435.5</ele></trkpt>
   <trkpt lat="46.767607" lon="6.646048"><ele>435.5</ele></trkpt>
   <trkpt lat="46.767638" lon="6.646449"><ele>435.5</ele></trkpt>
   <trkpt lat="46.767672" lon="6.646767"><ele>435.75</ele></trkpt>
   <trkpt lat="46.767719" lon="6.647112"><ele>436.75</ele></trkpt>
   <trkpt lat="46.767787" lon="6.647501"><ele>437.75</ele></trkpt>
   <trkpt lat="46.76786" lon="6.647849"><ele>436</ele></trkpt>
   <trkpt lat="46.767952" lon="6.648225"><ele>435.75</ele></trkpt>
   <trkpt lat="46.76806" lon="6.648602"><ele>436.75</ele></trkpt>
   <trkpt lat="46.768169" lon="6.648937"><ele>436</ele></trkpt>
   <trkpt lat="46.768301" lon="6.649293"><ele>436.25</ele></trkpt>
   <trkpt lat="46.768486" lon="6.649732"><ele>437</ele></trkpt>
   <trkpt lat="46.768588" lon="6.649948"><ele>437.5</ele></trkpt>
   <trkpt lat="46.768801" lon="6.650354"><ele>439</ele></trkpt>
   <trkpt lat="46.769031" lon="6.65074"><ele>439</ele></trkpt>
   <trkpt lat="46.769153" lon="6.650923"><ele>439.25</ele></trkpt>
   <trkpt lat="46.769406" lon="6.651271"><ele>440</ele></trkpt>
   <trkpt lat="46.769537" lon="6.651437"><ele>440.25</ele></trkpt>
   <trkpt lat="46.769674" lon="6.651597"><ele>440.25</ele></trkpt>
   <trkpt lat="46.76988" lon="6.65182"><ele>441</ele></trkpt>
   <trkpt lat="46.770207" lon="6.652129"><ele>442.75</ele></trkpt>
   <trkpt lat="46.770485" lon="6.652356"><ele>441.75</ele></trkpt>
   <trkpt lat="46.770627" lon="6.652459"><ele>441.75</ele></trkpt>
   <trkpt lat="46.770898" lon="6.652637"><ele>442.75</ele></trkpt>
   <trkpt lat="46.771087" lon="6.652746"><ele>442</ele></trkpt>
   <trkpt lat="46.771213" lon="6.652812"><ele>443.25</ele></trkpt>
   <trkpt lat="46.771561" lon="6.652972"><ele>444.5</ele></trkpt>
   <trkpt lat="46.774424" lon="6.654134"><ele>441.25</ele></trkpt>
   <trkpt lat="46.774853" lon="6.654281"><ele>439.25</ele></trkpt>
   <trkpt lat="46.775032" lon="6.654323"><ele>438.5</ele></trkpt>
   <trkpt lat="46.775223" lon="6.654356"><ele>437.75</ele></trkpt>
   <trkpt lat="46.77532" lon="6.654368"><ele>437.75</ele></trkpt>
   <trkpt lat="46.775644" lon="6.654386"><ele>437.5</ele></trkpt>
   <trkpt lat="46.775951" lon="6.654373"><ele>436.75</ele></trkpt>
   <trkpt lat="46.77624" lon="6.65433"><ele>435.75</ele></trkpt>
   <trkpt lat="46.776438" lon="6.65428"><ele>435.5</ele></trkpt>
   <trkpt lat="46.776714" lon="6.654182"><ele>437.75</ele></trkpt>
   <trkpt lat="46.776993" lon="6.65405"><ele>436.25</ele></trkpt>
   <trkpt lat="46.777213" lon="6.653918"><ele>438.25</ele></trkpt>
   <trkpt lat="46.777445" lon="6.65375"><ele>435.5</ele></trkpt>
   <trkpt lat="46.777605" lon="6.653617"><ele>436</ele></trkpt>
   <trkpt lat="46.777848" lon="6.653381"><ele>435.75</ele></trkpt>
   <trkpt lat="46.777976" lon="6.65324"><ele>436.5</ele></trkpt>
   <trkpt lat="46.778237" lon="6.652902"><ele>436.75</ele></trkpt>
   <trkpt lat="46.778458" lon="6.652561"><ele>436</ele></trkpt>
   <trkpt lat="46.778633" lon="6.652239"><ele>437.5</ele></trkpt>
   <trkpt lat="46.778707" lon="6.652085"><ele>435.25</ele></trkpt>
   <trkpt lat="46.778825" lon="6.651812"><ele>436.5</ele></trkpt>
   <trkpt lat="46.778933" lon="6.651526"><ele>436.5</ele></trkpt>
   <trkpt lat="46.779028" lon="6.651232"><ele>435.5</ele></trkpt>
   <trkpt lat="46.779125" lon="6.650888"><ele>437.25</ele></trkpt>
   <trkpt lat="46.779261" lon="6.650361"><ele>433.75</ele></trkpt>
   <trkpt lat="46.779321" lon="6.650125"><ele>434.5</ele></trkpt>
   <trkpt lat="46.779406" lon="6.649784"><ele>437.25</ele></trkpt>
   <trkpt lat="46.779486" lon="6.649484"><ele>435.75</ele></trkpt>
   <trkpt lat="46.779675" lon="6.648837"><ele>436</ele></trkpt>
   <trkpt lat="46.779812" lon="6.648342"><ele>434.25</ele></trkpt>
   <trkpt lat="46.78007" lon="6.647319"><ele>435</ele></trkpt>
   <trkpt lat="46.780265" lon="6.64647"><ele>435.75</ele></trkpt>
   <trkpt lat="46.780313" lon="6.646257"><ele>435.25</ele></trkpt>
   <trkpt lat="46.780417" lon="6.645862"><ele>434.25</ele></trkpt>
   <trkpt lat="46.780516" lon="6.645548"><ele>434.75</ele></trkpt>
   <trkpt lat="46.780704" lon="6.644718"><ele>435</ele></trkpt>
   <trkpt lat="46.780833" lon="6.644211"><ele>434.75</ele></trkpt>
   <trkpt lat="46.780873" lon="6.644061"><ele>433.5</ele></trkpt>
   <trkpt lat="46.780898" lon="6.643968"><ele>432.25</ele></trkpt>
   <trkpt lat="46.781" lon="6.643581"><ele>432.5</ele></trkpt>
   <trkpt lat="46.781077" lon="6.643317"><ele>434</ele></trkpt>
   <trkpt lat="46.781204" lon="6.642932"><ele>434.25</ele></trkpt>
   <trkpt lat="46.781297" lon="6.642619"><ele>434</ele></trkpt>
   <trkpt lat="46.781425" lon="6.642127"><ele>434.25</ele></trkpt>
   <trkpt lat="46.781461" lon="6.641992"><ele>434.5</ele></trkpt>
   <trkpt lat="46.781661" lon="6.64136"><ele>434</ele></trkpt>
   <trkpt lat="46.781711" lon="6.64118"><ele>434</ele></trkpt>
   <trkpt lat="46.781743" lon="6.641053"><ele>433.75</ele></trkpt>
   <trkpt lat="46.782163" lon="6.639432"><ele>434</ele></trkpt>
   <trkpt lat="46.782357" lon="6.638681"><ele>434.5</ele></trkpt>
   <trkpt lat="46.782438" lon="6.6384"><ele>434</ele></trkpt>
   <trkpt lat="46.782526" lon="6.638129"><ele>434.5</ele></trkpt>
   <trkpt lat="46.782642" lon="6.637803"><ele>434.25</ele></trkpt>
   <trkpt lat="46.782792" lon="6.637441"><ele>434</ele></trkpt>
   <trkpt lat="46.783137" lon="6.636731"><ele>434</ele></trkpt>
   <trkpt lat="46.783272" lon="6.636471"><ele>434</ele></trkpt>
   <trkpt lat="46.783423" lon="6.636197"><ele>434</ele></trkpt>
   <trkpt lat="46.783623" lon="6.635872"><ele>434.5</ele></trkpt>
   <trkpt lat="46.78382" lon="6.635591"><ele>433.75</ele></trkpt>
   <trkpt lat="46.783975" lon="6.635397"><ele>433.75</ele></trkpt>
   <trkpt lat="46.784202" lon="6.635146"><ele>434.25</ele></trkpt>
   <trkpt lat="46.784378" lon="6.634975"><ele>434</ele></trkpt>
   <trkpt lat="46.784671" lon="6.634729"><ele>433.75</ele></trkpt>
   <trkpt lat="46.784915" lon="6.634549"><ele>434</ele></trkpt>
   <trkpt lat="46.785434" lon="6.634194"><ele>434.25</ele></trkpt>
   <trkpt lat="46.785825" lon="6.633905"><ele>433.75</ele></trkpt>
   <trkpt lat="46.785905" lon="6.633844"><ele>433.5</ele></trkpt>
   <trkpt lat="46.786292" lon="6.633556"><ele>433.25</ele></trkpt>
   <trkpt lat="46.786783" lon="6.633218"><ele>433.5</ele></trkpt>
   <trkpt lat="46.787014" lon="6.633065"><ele>433.75</ele></trkpt>
   <trkpt lat="46.787527" lon="6.632765"><ele>433.75</ele></trkpt>
   <trkpt lat="46.787801" lon="6.632596"><ele>434.25</ele></trkpt>
   <trkpt lat="46.791407" lon="6.630231"><ele>433.75</ele></trkpt>
   <trkpt lat="46.791803" lon="6.629981"><ele>434.25</ele></trkpt>
   <trkpt lat="46.792317" lon="6.629679"><ele>433.5</ele></trkpt>
   <trkpt lat="46.792508" lon="6.629578"><ele>433</ele></trkpt>
   <trkpt lat="46.792919" lon="6.629384"><ele>433.5</ele></trkpt>
   <trkpt lat="46.793408" lon="6.629193"><ele>434.5</ele></trkpt>
   <trkpt lat="46.793669" lon="6.629105"><ele>433.75</ele></trkpt>
   <trkpt lat="46.794079" lon="6.628991"><ele>434.25</ele></trkpt>
   <trkpt lat="46.794341" lon="6.628932"><ele>434.5</ele></trkpt>
   <trkpt lat="46.794434" lon="6.628914"><ele>434.75</ele></trkpt>
   <trkpt lat="46.794922" lon="6.628842"><ele>434</ele></trkpt>
   <trkpt lat="46.795122" lon="6.628821"><ele>434</ele></trkpt>
   <trkpt lat="46.795409" lon="6.628805"><ele>434</ele></trkpt>
   <trkpt lat="46.795906" lon="6.628805"><ele>434</ele></trkpt>
   <trkpt lat="46.796157" lon="6.628818"><ele>434</ele></trkpt>
   <trkpt lat="46.796406" lon="6.628843"><ele>434</ele></trkpt>
   <trkpt lat="46.796835" lon="6.628906"><ele>434.25</ele></trkpt>
   <trkpt lat="46.797366" lon="6.629025"><ele>433</ele></trkpt>
   <trkpt lat="46.797812" lon="6.62916"><ele>434.75</ele></trkpt>
   <trkpt lat="46.798316" lon="6.629352"><ele>433.25</ele></trkpt>
   <trkpt lat="46.798726" lon="6.629541"><ele>433.5</ele></trkpt>
   <trkpt lat="46.799032" lon="6.629702"><ele>433.75</ele></trkpt>
   <trkpt lat="46.799326" lon="6.629873"><ele>433.25</ele></trkpt>
   <trkpt lat="46.799763" lon="6.630159"><ele>433.25</ele></trkpt>
   <trkpt lat="46.800139" lon="6.630437"><ele>433.5</ele></trkpt>
   <trkpt lat="46.800519" lon="6.63075"><ele>433.75</ele></trkpt>
   <trkpt lat="46.800876" lon="6.631075"><ele>433.75</ele></trkpt>
   <trkpt lat="46.801233" lon="6.631436"><ele>433.25</ele></trkpt>
   <trkpt lat="46.801392" lon="6.631608"><ele>434.5</ele></trkpt>
   <trkpt lat="46.801697" lon="6.631961"><ele>434</ele></trkpt>
   <trkpt lat="46.801815" lon="6.632106"><ele>434.25</ele></trkpt>
   <trkpt lat="46.802036" lon="6.632392"><ele>434</ele></trkpt>
   <trkpt lat="46.802392" lon="6.632894"><ele>434</ele></trkpt>
   <trkpt lat="46.80263" lon="6.633263"><ele>433.75</ele></trkpt>
   <trkpt lat="46.802767" lon="6.633489"><ele>434.25</ele></trkpt>
   <trkpt lat="46.803002" lon="6.633902"><ele>434.25</ele></trkpt>
   <trkpt lat="46.803264" lon="6.634406"><ele>434.25</ele></trkpt>
   <trkpt lat="46.803573" lon="6.635061"><ele>434.25</ele></trkpt>
   <trkpt lat="46.804011" lon="6.635975"><ele>434.5</ele></trkpt>
   <trkpt lat="46.804172" lon="6.636336"><ele>435</ele></trkpt>
   <trkpt lat="46.804228" lon="6.636469"><ele>434.75</ele></trkpt>
   <trkpt lat="46.804491" lon="6.637103"><ele>435.25</ele></trkpt>
   <trkpt lat="46.804693" lon="6.637622"><ele>434.5</ele></trkpt>
   <trkpt lat="46.804809" lon="6.637938"><ele>434.25</ele></trkpt>
   <trkpt lat="46.805149" lon="6.638898"><ele>433.5</ele></trkpt>
   <trkpt lat="46.806037" lon="6.641462"><ele>434.5</ele></trkpt>
   <trkpt lat="46.806164" lon="6.641819"><ele>435</ele></trkpt>
   <trkpt lat="46.806387" lon="6.642389"><ele>435.25</ele></trkpt>
   <trkpt lat="46.806537" lon="6.642734"><ele>435</ele></trkpt>
   <trkpt lat="46.806644" lon="6.64296"><ele>435.75</ele></trkpt>
   <trkpt lat="46.80685" lon="6.643368"><ele>434.25</ele></trkpt>
   <trkpt lat="46.807037" lon="6.643705"><ele>434.5</ele></trkpt>
   <trkpt lat="46.807508" lon="6.644469"><ele>434.5</ele></trkpt>
   <trkpt lat="46.809379" lon="6.647434"><ele>438.25</ele></trkpt>
   <trkpt lat="46.809556" lon="6.647726"><ele>436</ele></trkpt>
   <trkpt lat="46.809829" lon="6.648148"><ele>434.75</ele></trkpt>
   <trkpt lat="46.811741" lon="6.651183"><ele>436.75</ele></trkpt>
   <trkpt lat="46.812062" lon="6.65171"><ele>437.5</ele></trkpt>
   <trkpt lat="46.81237" lon="6.65225"><ele>437.75</ele></trkpt>
   <trkpt lat="46.812674" lon="6.652804"><ele>437.25</ele></trkpt>
   <trkpt lat="46.814261" lon="6.655715"><ele>436</ele></trkpt>
   <trkpt lat="46.81451" lon="6.656163"><ele>436.75</ele></trkpt>
   <trkpt lat="46.814769" lon="6.656603"><ele>437</ele></trkpt>
   <trkpt lat="46.815045" lon="6.657019"><ele>437</ele></trkpt>
   <trkpt lat="46.81532" lon="6.657397"><ele>437.5</ele></trkpt>
   <trkpt lat="46.815622" lon="6.657768"><ele>437.5</ele></trkpt>
   <trkpt lat="46.816547" lon="6.658852"><ele>436</ele></trkpt>
   <trkpt lat="46.816841" lon="6.659237"><ele>436.75</ele></trkpt>
   <trkpt lat="46.816985" lon="6.659439"><ele>436.75</ele></trkpt>
   <trkpt lat="46.817255" lon="6.659852"><ele>435.25</ele></trkpt>
   <trkpt lat="46.817513" lon="6.660294"><ele>435.75</ele></trkpt>
   <trkpt lat="46.817634" lon="6.660517"><ele>433.75</ele></trkpt>
   <trkpt lat="46.817867" lon="6.660985"><ele>434</ele></trkpt>
   <trkpt lat="46.818081" lon="6.661466"><ele>434.25</ele></trkpt>
   <trkpt lat="46.818278" lon="6.661967"><ele>434</ele></trkpt>
   <trkpt lat="46.818368" lon="6.662217"><ele>434.75</ele></trkpt>
   <trkpt lat="46.818537" lon="6.662742"><ele>433</ele></trkpt>
   <trkpt lat="46.818688" lon="6.663276"><ele>433.25</ele></trkpt>
   <trkpt lat="46.818882" lon="6.664058"><ele>434.75</ele></trkpt>
   <trkpt lat="46.820015" lon="6.668833"><ele>434.75</ele></trkpt>
   <trkpt lat="46.820251" lon="6.669805"><ele>434</ele></trkpt>
   <trkpt lat="46.8204" lon="6.670355"><ele>433.25</ele></trkpt>
   <trkpt lat="46.820577" lon="6.670929"><ele>434.5</ele></trkpt>
   <trkpt lat="46.820774" lon="6.671492"><ele>434</ele></trkpt>
   <trkpt lat="46.820988" lon="6.672032"><ele>433.75</ele></trkpt>
   <trkpt lat="46.821104" lon="6.672303"><ele>433.75</ele></trkpt>
   <trkpt lat="46.821341" lon="6.672825"><ele>433.75</ele></trkpt>
   <trkpt lat="46.821893" lon="6.67399"><ele>434</ele></trkpt>
   <trkpt lat="46.822716" lon="6.675704"><ele>433.75</ele></trkpt>
   <trkpt lat="46.822951" lon="6.676166"><ele>433.25</ele></trkpt>
   <trkpt lat="46.823203" lon="6.676614"><ele>432.25</ele></trkpt>
   <trkpt lat="46.823468" lon="6.677041"><ele>433.25</ele></trkpt>
   <trkpt lat="46.823738" lon="6.677431"><ele>433.5</ele></trkpt>
   <trkpt lat="46.824035" lon="6.677818"><ele>434.25</ele></trkpt>
   <trkpt lat="46.824329" lon="6.678162"><ele>434.5</ele></trkpt>
   <trkpt lat="46.824634" lon="6.678487"><ele>434</ele></trkpt>
   <trkpt lat="46.824985" lon="6.678833"><ele>433.75</ele></trkpt>
   <trkpt lat="46.825112" lon="6.678953"><ele>433.75</ele></trkpt>
   <trkpt lat="46.826035" lon="6.679839"><ele>433.75</ele></trkpt>
   <trkpt lat="46.826202" lon="6.679998"><ele>433.25</ele></trkpt>
   <trkpt lat="46.827355" lon="6.681097"><ele>434.75</ele></trkpt>
   <trkpt lat="46.828131" lon="6.681847"><ele>434.5</ele></trkpt>
   <trkpt lat="46.828481" lon="6.682223"><ele>435.5</ele></trkpt>
   <trkpt lat="46.828815" lon="6.682613"><ele>435.25</ele></trkpt>
   <trkpt lat="46.829133" lon="6.683026"><ele>434.75</ele></trkpt>
   <trkpt lat="46.829434" lon="6.683453"><ele>434.5</ele></trkpt>
   <trkpt lat="46.829721" lon="6.683905"><ele>434.75</ele></trkpt>
   <trkpt lat="46.829996" lon="6.684373"><ele>435</ele></trkpt>
   <trkpt lat="46.83026" lon="6.684869"><ele>435.25</ele></trkpt>
   <trkpt lat="46.830494" lon="6.685345"><ele>435.25</ele></trkpt>
   <trkpt lat="46.830717" lon="6.685845"><ele>434.5</ele></trkpt>
   <trkpt lat="46.83148" lon="6.687608"><ele>435</ele></trkpt>
   <trkpt lat="46.831607" lon="6.687893"><ele>435</ele></trkpt>
   <trkpt lat="46.832166" lon="6.689104"><ele>435.25</ele></trkpt>
   <trkpt lat="46.832578" lon="6.689998"><ele>436</ele></trkpt>
   <trkpt lat="46.833037" lon="6.690995"><ele>434.75</ele></trkpt>
   <trkpt lat="46.833319" lon="6.691639"><ele>434.75</ele></trkpt>
   <trkpt lat="46.834144" lon="6.693518"><ele>434.75</ele></trkpt>
   <trkpt lat="46.835597" lon="6.696681"><ele>436.25</ele></trkpt>
   <trkpt lat="46.836241" lon="6.698081"><ele>438.25</ele></trkpt>
   <trkpt lat="46.836303" lon="6.698216"><ele>438.25</ele></trkpt>
   <trkpt lat="46.837242" lon="6.700258"><ele>440</ele></trkpt>
   <trkpt lat="46.837705" lon="6.701246"><ele>440.25</ele></trkpt>
   <trkpt lat="46.838139" lon="6.702122"><ele>441.5</ele></trkpt>
   <trkpt lat="46.838448" lon="6.702709"><ele>442</ele></trkpt>
   <trkpt lat="46.838767" lon="6.703287"><ele>442.5</ele></trkpt>
   <trkpt lat="46.839092" lon="6.703843"><ele>442</ele></trkpt>
   <trkpt lat="46.839424" lon="6.704394"><ele>442</ele></trkpt>
   <trkpt lat="46.839766" lon="6.704931"><ele>441.5</ele></trkpt>
   <trkpt lat="46.840116" lon="6.705457"><ele>440.75</ele></trkpt>
   <trkpt lat="46.84056" lon="6.706092"><ele>440</ele></trkpt>
   <trkpt lat="46.840842" lon="6.706476"><ele>439.5</ele></trkpt>
   <trkpt lat="46.841221" lon="6.706971"><ele>440.25</ele></trkpt>
   <trkpt lat="46.841602" lon="6.707447"><ele>439.25</ele></trkpt>
   <trkpt lat="46.841992" lon="6.707914"><ele>439.25</ele></trkpt>
   <trkpt lat="46.843178" lon="6.709301"><ele>441</ele></trkpt>
   <trkpt lat="46.843829" lon="6.710106"><ele>439.5</ele></trkpt>
   <trkpt lat="46.844306" lon="6.710734"><ele>438</ele></trkpt>
   <trkpt lat="46.84467" lon="6.71124"><ele>435.75</ele></trkpt>
   <trkpt lat="46.845029" lon="6.711764"><ele>434.5</ele></trkpt>
   <trkpt lat="46.845376" lon="6.712294"><ele>434.75</ele></trkpt>
   <trkpt lat="46.845752" lon="6.712897"><ele>434</ele></trkpt>
   <trkpt lat="46.84621" lon="6.713677"><ele>432.25</ele></trkpt>
   <trkpt lat="46.84668" lon="6.714538"><ele>431.75</ele></trkpt>
   <trkpt lat="46.846984" lon="6.715125"><ele>430.75</ele></trkpt>
   <trkpt lat="46.847278" lon="6.715726"><ele>430.5</ele></trkpt>
   <trkpt lat="46.847561" lon="6.716335"><ele>430.5</ele></trkpt>
   <trkpt lat="46.847837" lon="6.716952"><ele>430.25</ele></trkpt>
   <trkpt lat="46.848474" lon="6.718422"><ele>430.25</ele></trkpt>
   <trkpt lat="46.84877" lon="6.719117"><ele>430.25</ele></trkpt>
   <trkpt lat="46.849022" lon="6.71965"><ele>430.25</ele></trkpt>
   <trkpt lat="46.849454" lon="6.720524"><ele>430.5</ele></trkpt>
   <trkpt lat="46.849905" lon="6.721397"><ele>430.5</ele></trkpt>
   <trkpt lat="46.85038" lon="6.72224"><ele>430.5</ele></trkpt>
   <trkpt lat="46.850416" lon="6.722304"><ele>430.75</ele></trkpt>
   <trkpt lat="46.850804" lon="6.722978"><ele>430.75</ele></trkpt>
   <trkpt lat="46.851456" lon="6.724135"><ele>432.75</ele></trkpt>
   <trkpt lat="46.851724" lon="6.724631"><ele>433.25</ele></trkpt>
   <trkpt lat="46.852027" lon="6.725224"><ele>433</ele></trkpt>
   <trkpt lat="46.852323" lon="6.725828"><ele>433.25</ele></trkpt>
   <trkpt lat="46.852605" lon="6.726433"><ele>434</ele></trkpt>
   <trkpt lat="46.852968" lon="6.727259"><ele>434.25</ele></trkpt>
   <trkpt lat="46.853277" lon="6.728031"><ele>434.25</ele></trkpt>
   <trkpt lat="46.85358" lon="6.728818"><ele>434.5</ele></trkpt>
   <trkpt lat="46.854222" lon="6.730572"><ele>435.25</ele></trkpt>
   <trkpt lat="46.854724" lon="6.731916"><ele>435.25</ele></trkpt>
   <trkpt lat="46.854978" lon="6.732548"><ele>436</ele></trkpt>
   <trkpt lat="46.85524" lon="6.73317"><ele>435.25</ele></trkpt>
   <trkpt lat="46.855514" lon="6.733788"><ele>434.25</ele></trkpt>
   <trkpt lat="46.855801" lon="6.734402"><ele>434.5</ele></trkpt>
   <trkpt lat="46.856094" lon="6.734996"><ele>434.5</ele></trkpt>
   <trkpt lat="46.856545" lon="6.735858"><ele>437</ele></trkpt>
   <trkpt lat="46.857274" lon="6.737185"><ele>434.5</ele></trkpt>
   <trkpt lat="46.858765" lon="6.739869"><ele>435.25</ele></trkpt>
   <trkpt lat="46.858942" lon="6.740199"><ele>436.25</ele></trkpt>
   <trkpt lat="46.859212" lon="6.740741"><ele>438</ele></trkpt>
   <trkpt lat="46.859451" lon="6.74119"><ele>437.25</ele></trkpt>
   <trkpt lat="46.859584" lon="6.74143"><ele>442.25</ele></trkpt>
   <trkpt lat="46.859618" lon="6.74149"><ele>442.25</ele></trkpt>
   <trkpt lat="46.861247" lon="6.744411"><ele>444.5</ele></trkpt>
   <trkpt lat="46.861942" lon="6.745517"><ele>445.5</ele></trkpt>
   <trkpt lat="46.862691" lon="6.746624"><ele>446.5</ele></trkpt>
   <trkpt lat="46.863443" lon="6.747609"><ele>447.25</ele></trkpt>
   <trkpt lat="46.864203" lon="6.748542"><ele>448.25</ele></trkpt>
   <trkpt lat="46.865154" lon="6.749567"><ele>449.25</ele></trkpt>
   <trkpt lat="46.86613" lon="6.750517"><ele>450.25</ele></trkpt>
   <trkpt lat="46.866783" lon="6.751077"><ele>451</ele></trkpt>
   <trkpt lat="46.867088" lon="6.751339"><ele>451.25</ele></trkpt>
   <trkpt lat="46.868123" lon="6.752126"><ele>452.5</ele></trkpt>
   <trkpt lat="46.868719" lon="6.752534"><ele>452.5</ele></trkpt>
   <trkpt lat="46.869129" lon="6.752797"><ele>451</ele></trkpt>
   <trkpt lat="46.869563" lon="6.753057"><ele>452.75</ele></trkpt>
   <trkpt lat="46.870014" lon="6.753314"><ele>451.5</ele></trkpt>
   <trkpt lat="46.870472" lon="6.753559"><ele>452</ele></trkpt>
   <trkpt lat="46.874694" lon="6.755723"><ele>452</ele></trkpt>
   <trkpt lat="46.875392" lon="6.756107"><ele>449.75</ele></trkpt>
   <trkpt lat="46.876082" lon="6.756524"><ele>446</ele></trkpt>
   <trkpt lat="46.876527" lon="6.756815"><ele>446</ele></trkpt>
   <trkpt lat="46.876982" lon="6.757134"><ele>446.25</ele></trkpt>
   <trkpt lat="46.877487" lon="6.757508"><ele>445.5</ele></trkpt>
   <trkpt lat="46.877968" lon="6.757888"><ele>442.25</ele></trkpt>
   <trkpt lat="46.878029" lon="6.757938"><ele>442.25</ele></trkpt>
   <trkpt lat="46.878483" lon="6.758309"><ele>443</ele></trkpt>
   <trkpt lat="46.878573" lon="6.758383"><ele>443.5</ele></trkpt>
   <trkpt lat="46.879095" lon="6.758814"><ele>445.25</ele></trkpt>
   <trkpt lat="46.879768" lon="6.759352"><ele>445.25</ele></trkpt>
   <trkpt lat="46.880747" lon="6.760083"><ele>445.5</ele></trkpt>
   <trkpt lat="46.88177" lon="6.760717"><ele>445.75</ele></trkpt>
   <trkpt lat="46.883877" lon="6.761884"><ele>446.5</ele></trkpt>
   <trkpt lat="46.8849" lon="6.762462"><ele>446.75</ele></trkpt>
   <trkpt lat="46.885909" lon="6.763095"><ele>447</ele></trkpt>
   <trkpt lat="46.886464" lon="6.763479"><ele>447</ele></trkpt>
   <trkpt lat="46.887017" lon="6.76389"><ele>447.25</ele></trkpt>
   <trkpt lat="46.887995" lon="6.76468"><ele>447.5</ele></trkpt>
   <trkpt lat="46.889282" lon="6.765889"><ele>448</ele></trkpt>
   <trkpt lat="46.889896" lon="6.766544"><ele>448</ele></trkpt>
   <trkpt lat="46.890504" lon="6.767229"><ele>448.25</ele></trkpt>
   <trkpt lat="46.891094" lon="6.767932"><ele>448.5</ele></trkpt>
   <trkpt lat="46.891669" lon="6.768675"><ele>448.75</ele></trkpt>
   <trkpt lat="46.892244" lon="6.769459"><ele>448.75</ele></trkpt>
   <trkpt lat="46.892801" lon="6.770298"><ele>449</ele></trkpt>
   <trkpt lat="46.893458" lon="6.771343"><ele>449.25</ele></trkpt>
   <trkpt lat="46.896203" lon="6.776076"><ele>450.25</ele></trkpt>
   <trkpt lat="46.896266" lon="6.776185"><ele>450.5</ele></trkpt>
   <trkpt lat="46.896651" lon="6.776852"><ele>450.5</ele></trkpt>
   <trkpt lat="46.897387" lon="6.778126"><ele>451.75</ele></trkpt>
   <trkpt lat="46.897753" lon="6.778744"><ele>450.25</ele></trkpt>
   <trkpt lat="46.898175" lon="6.779428"><ele>451.75</ele></trkpt>
   <trkpt lat="46.898451" lon="6.779861"><ele>451.5</ele></trkpt>
   <trkpt lat="46.899192" lon="6.780994"><ele>451</ele></trkpt>
   <trkpt lat="46.899863" lon="6.782022"><ele>451.5</ele></trkpt>
   <trkpt lat="46.900152" lon="6.782474"><ele>449.5</ele></trkpt>
   <trkpt lat="46.900231" lon="6.782602"><ele>449.75</ele></trkpt>
   <trkpt lat="46.900693" lon="6.783334"><ele>456.25</ele></trkpt>
   <trkpt lat="46.900821" lon="6.783537"><ele>454.25</ele></trkpt>
   <trkpt lat="46.900977" lon="6.783771"><ele>455.25</ele></trkpt>
   <trkpt lat="46.901212" lon="6.784097"><ele>455</ele></trkpt>
   <trkpt lat="46.901378" lon="6.784345"><ele>454.25</ele></trkpt>
   <trkpt lat="46.901578" lon="6.784664"><ele>451.75</ele></trkpt>
   <trkpt lat="46.901644" lon="6.784769"><ele>451.25</ele></trkpt>
   <trkpt lat="46.901923" lon="6.785229"><ele>452.25</ele></trkpt>
   <trkpt lat="46.902061" lon="6.785471"><ele>452.25</ele></trkpt>
   <trkpt lat="46.902845" lon="6.786933"><ele>457.25</ele></trkpt>
   <trkpt lat="46.90314" lon="6.787433"><ele>456.75</ele></trkpt>
   <trkpt lat="46.90343" lon="6.787874"><ele>456</ele></trkpt>
   <trkpt lat="46.903829" lon="6.78842"><ele>456.75</ele></trkpt>
   <trkpt lat="46.906509" lon="6.791891"><ele>459</ele></trkpt>
   <trkpt lat="46.908976" lon="6.795086"><ele>464</ele></trkpt>
   <trkpt lat="46.909331" lon="6.795536"><ele>464.5</ele></trkpt>
   <trkpt lat="46.909591" lon="6.795844"><ele>464.75</ele></trkpt>
   <trkpt lat="46.909726" lon="6.795996"><ele>465.25</ele></trkpt>
   <trkpt lat="46.910012" lon="6.796296"><ele>465.75</ele></trkpt>
   <trkpt lat="46.910184" lon="6.796466"><ele>466.25</ele></trkpt>
   <trkpt lat="46.910533" lon="6.796782"><ele>467.75</ele></trkpt>
   <trkpt lat="46.910911" lon="6.797096"><ele>468.25</ele></trkpt>
   <trkpt lat="46.91233" lon="6.798228"><ele>469.5</ele></trkpt>
   <trkpt lat="46.912605" lon="6.798464"><ele>469</ele></trkpt>
   <trkpt lat="46.912934" lon="6.798774"><ele>469.5</ele></trkpt>
   <trkpt lat="46.913437" lon="6.799299"><ele>471</ele></trkpt>
   <trkpt lat="46.916243" lon="6.802348"><ele>475.25</ele></trkpt>
   <trkpt lat="46.916896" lon="6.803045"><ele>475</ele></trkpt>
   <trkpt lat="46.917279" lon="6.803417"><ele>474.75</ele></trkpt>
   <trkpt lat="46.917697" lon="6.803776"><ele>475.75</ele></trkpt>
   <trkpt lat="46.917895" lon="6.803931"><ele>477</ele></trkpt>
   <trkpt lat="46.918159" lon="6.804123"><ele>478.5</ele></trkpt>
   <trkpt lat="46.918466" lon="6.804327"><ele>481.5</ele></trkpt>
   <trkpt lat="46.918862" lon="6.804562"><ele>481.5</ele></trkpt>
   <trkpt lat="46.921051" lon="6.805741"><ele>481.75</ele></trkpt>
   <trkpt lat="46.923074" lon="6.806829"><ele>484.75</ele></trkpt>
   <trkpt lat="46.923476" lon="6.80706"><ele>486</ele></trkpt>
   <trkpt lat="46.923684" lon="6.807193"><ele>484.75</ele></trkpt>
   <trkpt lat="46.923886" lon="6.80733"><ele>483.25</ele></trkpt>
   <trkpt lat="46.924203" lon="6.807565"><ele>483.75</ele></trkpt>
   <trkpt lat="46.925553" lon="6.808665"><ele>489</ele></trkpt>
   <trkpt lat="46.926104" lon="6.8091"><ele>488</ele></trkpt>
   <trkpt lat="46.926787" lon="6.809594"><ele>487.5</ele></trkpt>
   <trkpt lat="46.92725" lon="6.809917"><ele>487.75</ele></trkpt>
   <trkpt lat="46.927634" lon="6.810174"><ele>488.5</ele></trkpt>
   <trkpt lat="46.929728" lon="6.811553"><ele>489.75</ele></trkpt>
   <trkpt lat="46.930811" lon="6.812263"><ele>489.25</ele></trkpt>
   <trkpt lat="46.931611" lon="6.812773"><ele>487.25</ele></trkpt>
   <trkpt lat="46.93163" lon="6.812786"><ele>487</ele></trkpt>
   <trkpt lat="46.931776" lon="6.812878"><ele>488</ele></trkpt>
   <trkpt lat="46.931872" lon="6.812939"><ele>489.25</ele></trkpt>
   <trkpt lat="46.932107" lon="6.813099"><ele>492.25</ele></trkpt>
   <trkpt lat="46.932445" lon="6.813357"><ele>493.5</ele></trkpt>
   <trkpt lat="46.932655" lon="6.813498"><ele>494.5</ele></trkpt>
   <trkpt lat="46.93652" lon="6.815939"><ele>496</ele></trkpt>
   <trkpt lat="46.938884" lon="6.817437"><ele>497</ele></trkpt>
   <trkpt lat="46.942581" lon="6.819779"><ele>496.5</ele></trkpt>
   <trkpt lat="46.9431" lon="6.820094"><ele>496.5</ele></trkpt>
   <trkpt lat="46.94355" lon="6.820346"><ele>496.5</ele></trkpt>
   <trkpt lat="46.943981" lon="6.820568"><ele>497</ele></trkpt>
   <trkpt lat="46.944496" lon="6.82081"><ele>498</ele></trkpt>
   <trkpt lat="46.945156" lon="6.821085"><ele>497.75</ele></trkpt>
   <trkpt lat="46.945247" lon="6.821118"><ele>497.75</ele></trkpt>
   <trkpt lat="46.945785" lon="6.821307"><ele>499</ele></trkpt>
   <trkpt lat="46.94645" lon="6.821506"><ele>499.25</ele></trkpt>
   <trkpt lat="46.950405" lon="6.822558"><ele>502</ele></trkpt>
   <trkpt lat="46.951906" lon="6.822956"><ele>503</ele></trkpt>
   <trkpt lat="46.951909" lon="6.822957"><ele>503</ele></trkpt>
   <trkpt lat="46.952853" lon="6.823211"><ele>503.5</ele></trkpt>
   <trkpt lat="46.953289" lon="6.823347"><ele>502.25</ele></trkpt>
   <trkpt lat="46.953639" lon="6.823484"><ele>502.75</ele></trkpt>
   <trkpt lat="46.95383" lon="6.823569"><ele>501</ele></trkpt>
   <trkpt lat="46.954103" lon="6.823709"><ele>502.75</ele></trkpt>
   <trkpt lat="46.954494" lon="6.82394"><ele>500.5</ele></trkpt>
   <trkpt lat="46.954825" lon="6.824167"><ele>500</ele></trkpt>
   <trkpt lat="46.955007" lon="6.824305"><ele>499.5</ele></trkpt>
   <trkpt lat="46.955337" lon="6.824581"><ele>497.75</ele></trkpt>
   <trkpt lat="46.955476" lon="6.824708"><ele>498</ele></trkpt>
   <trkpt lat="46.955808" lon="6.825039"><ele>497.25</ele></trkpt>
   <trkpt lat="46.955811" lon="6.825042"><ele>497.25</ele></trkpt>
   <trkpt lat="46.955813" lon="6.825044"><ele>497.25</ele></trkpt>
   <trkpt lat="46.955815" lon="6.825046"><ele>497.25</ele></trkpt>
   <trkpt lat="46.956064" lon="6.825321"><ele>497.25</ele></trkpt>
   <trkpt lat="46.956209" lon="6.825494"><ele>497</ele></trkpt>
   <trkpt lat="46.956345" lon="6.825669"><ele>496.75</ele></trkpt>
   <trkpt lat="46.956587" lon="6.826012"><ele>496</ele></trkpt>
   <trkpt lat="46.956709" lon="6.826203"><ele>495.75</ele></trkpt>
   <trkpt lat="46.956924" lon="6.826573"><ele>495.25</ele></trkpt>
   <trkpt lat="46.95712" lon="6.826957"><ele>495</ele></trkpt>
   <trkpt lat="46.957208" lon="6.827146"><ele>495.75</ele></trkpt>
   <trkpt lat="46.957368" lon="6.827526"><ele>495.5</ele></trkpt>
   <trkpt lat="46.957457" lon="6.827763"><ele>494</ele></trkpt>
   <trkpt lat="46.957533" lon="6.827982"><ele>493.5</ele></trkpt>
   <trkpt lat="46.957658" lon="6.82838"><ele>493.25</ele></trkpt>
   <trkpt lat="46.957833" lon="6.829009"><ele>493.25</ele></trkpt>
   <trkpt lat="46.958422" lon="6.831218"><ele>493.25</ele></trkpt>
   <trkpt lat="46.958741" lon="6.832416"><ele>493.25</ele></trkpt>
   <trkpt lat="46.959058" lon="6.833579"><ele>491.25</ele></trkpt>
   <trkpt lat="46.959181" lon="6.833983"><ele>491.25</ele></trkpt>
   <trkpt lat="46.959286" lon="6.834292"><ele>491.5</ele></trkpt>
   <trkpt lat="46.959387" lon="6.834571"><ele>491</ele></trkpt>
   <trkpt lat="46.959545" lon="6.834971"><ele>491.5</ele></trkpt>
   <trkpt lat="46.959678" lon="6.835281"><ele>491</ele></trkpt>
   <trkpt lat="46.959845" lon="6.835641"><ele>491.75</ele></trkpt>
   <trkpt lat="46.960047" lon="6.836035"><ele>491.5</ele></trkpt>
   <trkpt lat="46.960148" lon="6.836222"><ele>491.75</ele></trkpt>
   <trkpt lat="46.960361" lon="6.836589"><ele>492</ele></trkpt>
   <trkpt lat="46.960634" lon="6.837019"><ele>490.75</ele></trkpt>
   <trkpt lat="46.96157" lon="6.838401"><ele>491.5</ele></trkpt>
   <trkpt lat="46.961801" lon="6.838783"><ele>485.75</ele></trkpt>
   <trkpt lat="46.962049" lon="6.839248"><ele>483.5</ele></trkpt>
   <trkpt lat="46.962271" lon="6.839742"><ele>485</ele></trkpt>
   <trkpt lat="46.962359" lon="6.839959"><ele>482.75</ele></trkpt>
   <trkpt lat="46.962462" lon="6.840237"><ele>486.75</ele></trkpt>
   <trkpt lat="46.962549" lon="6.840493"><ele>485.5</ele></trkpt>
   <trkpt lat="46.96265" lon="6.840821"><ele>484</ele></trkpt>
   <trkpt lat="46.962864" lon="6.841604"><ele>488.25</ele></trkpt>
   <trkpt lat="46.963031" lon="6.84222"><ele>490</ele></trkpt>
   <trkpt lat="46.963119" lon="6.842538"><ele>492</ele></trkpt>
   <trkpt lat="46.96325" lon="6.842962"><ele>492.75</ele></trkpt>
   <trkpt lat="46.963368" lon="6.843301"><ele>493</ele></trkpt>
   <trkpt lat="46.963504" lon="6.84364"><ele>495</ele></trkpt>
   <trkpt lat="46.963617" lon="6.84389"><ele>492</ele></trkpt>
   <trkpt lat="46.963758" lon="6.84417"><ele>496.25</ele></trkpt>
   <trkpt lat="46.963862" lon="6.844365"><ele>494</ele></trkpt>
   <trkpt lat="46.964082" lon="6.844726"><ele>494.75</ele></trkpt>
   <trkpt lat="46.964325" lon="6.845074"><ele>495.75</ele></trkpt>
   <trkpt lat="46.964435" lon="6.845215"><ele>493.25</ele></trkpt>
   <trkpt lat="46.96471" lon="6.845538"><ele>492.25</ele></trkpt>
   <trkpt lat="46.964861" lon="6.845711"><ele>493</ele></trkpt>
   <trkpt lat="46.965274" lon="6.846211"><ele>491</ele></trkpt>
   <trkpt lat="46.965309" lon="6.84625"><ele>491</ele></trkpt>
   <trkpt lat="46.965466" lon="6.846423"><ele>490.75</ele></trkpt>
   <trkpt lat="46.967246" lon="6.848335"><ele>489.75</ele></trkpt>
   <trkpt lat="46.967578" lon="6.848709"><ele>490</ele></trkpt>
   <trkpt lat="46.967775" lon="6.84895"><ele>489.75</ele></trkpt>
   <trkpt lat="46.967981" lon="6.849227"><ele>489.25</ele></trkpt>
   <trkpt lat="46.968077" lon="6.84937"><ele>488.5</ele></trkpt>
   <trkpt lat="46.968279" lon="6.849698"><ele>488.25</ele></trkpt>
   <trkpt lat="46.968365" lon="6.849853"><ele>486.5</ele></trkpt>
   <trkpt lat="46.96843" lon="6.849975"><ele>485.5</ele></trkpt>
   <trkpt lat="46.968626" lon="6.850385"><ele>487.5</ele></trkpt>
   <trkpt lat="46.96878" lon="6.850759"><ele>487.25</ele></trkpt>
   <trkpt lat="46.968868" lon="6.850998"><ele>488.75</ele></trkpt>
   <trkpt lat="46.968934" lon="6.851199"><ele>489</ele></trkpt>
   <trkpt lat="46.969059" lon="6.851625"><ele>488.25</ele></trkpt>
   <trkpt lat="46.969157" lon="6.85204"><ele>489.75</ele></trkpt>
   <trkpt lat="46.969202" lon="6.852262"><ele>490.5</ele></trkpt>
   <trkpt lat="46.969267" lon="6.852633"><ele>491.25</ele></trkpt>
   <trkpt lat="46.969394" lon="6.853411"><ele>491.25</ele></trkpt>
   <trkpt lat="46.969463" lon="6.853756"><ele>492</ele></trkpt>
   <trkpt lat="46.969547" lon="6.854096"><ele>492.75</ele></trkpt>
   <trkpt lat="46.969748" lon="6.85478"><ele>492</ele></trkpt>
   <trkpt lat="46.969754" lon="6.854799"><ele>492.25</ele></trkpt>
   <trkpt lat="46.969865" lon="6.855119"><ele>492.25</ele></trkpt>
   <trkpt lat="46.969977" lon="6.855386"><ele>492.75</ele></trkpt>
   <trkpt lat="46.970101" lon="6.855648"><ele>492</ele></trkpt>
   <trkpt lat="46.970334" lon="6.856108"><ele>492.75</ele></trkpt>
   <trkpt lat="46.970557" lon="6.856496"><ele>493</ele></trkpt>
   <trkpt lat="46.970884" lon="6.856995"><ele>493.25</ele></trkpt>
   <trkpt lat="46.97205" lon="6.858692"><ele>493.5</ele></trkpt>
   <trkpt lat="46.972291" lon="6.859056"><ele>492</ele></trkpt>
   <trkpt lat="46.972501" lon="6.859407"><ele>492.75</ele></trkpt>
   <trkpt lat="46.97269" lon="6.859758"><ele>489.5</ele></trkpt>
   <trkpt lat="46.972863" lon="6.860126"><ele>490</ele></trkpt>
   <trkpt lat="46.973153" lon="6.860884"><ele>491.5</ele></trkpt>
   <trkpt lat="46.973426" lon="6.861673"><ele>495.25</ele></trkpt>
   <trkpt lat="46.973571" lon="6.862068"><ele>495.5</ele></trkpt>
   <trkpt lat="46.973729" lon="6.86244"><ele>496.25</ele></trkpt>
   <trkpt lat="46.973814" lon="6.862622"><ele>496.5</ele></trkpt>
   <trkpt lat="46.973987" lon="6.862956"><ele>496.5</ele></trkpt>
   <trkpt lat="46.974187" lon="6.863296"><ele>496.5</ele></trkpt>
   <trkpt lat="46.974307" lon="6.863482"><ele>496.75</ele></trkpt>
   <trkpt lat="46.974528" lon="6.863789"><ele>496.75</ele></trkpt>
   <trkpt lat="46.974769" lon="6.864086"><ele>496.5</ele></trkpt>
   <trkpt lat="46.975034" lon="6.864364"><ele>496.5</ele></trkpt>
   <trkpt lat="46.975301" lon="6.864607"><ele>496.25</ele></trkpt>
   <trkpt lat="46.975589" lon="6.864845"><ele>497</ele></trkpt>
   <trkpt lat="46.976188" lon="6.865316"><ele>498.25</ele></trkpt>
   <trkpt lat="46.976477" lon="6.865571"><ele>498</ele></trkpt>
   <trkpt lat="46.976742" lon="6.865849"><ele>497.75</ele></trkpt>
   <trkpt lat="46.976985" lon="6.866133"><ele>496.75</ele></trkpt>
   <trkpt lat="46.977289" lon="6.866559"><ele>495.5</ele></trkpt>
   <trkpt lat="46.977437" lon="6.866797"><ele>495.75</ele></trkpt>
   <trkpt lat="46.977578" lon="6.867044"><ele>494.5</ele></trkpt>
   <trkpt lat="46.977752" lon="6.867385"><ele>496</ele></trkpt>
   <trkpt lat="46.97791" lon="6.867739"><ele>494.25</ele></trkpt>
   <trkpt lat="46.978059" lon="6.868125"><ele>496.25</ele></trkpt>
   <trkpt lat="46.97813" lon="6.868331"><ele>495.25</ele></trkpt>
   <trkpt lat="46.978228" lon="6.868643"><ele>494.5</ele></trkpt>
   <trkpt lat="46.978344" lon="6.869081"><ele>496.25</ele></trkpt>
   <trkpt lat="46.978433" lon="6.869499"><ele>499</ele></trkpt>
   <trkpt lat="46.978483" lon="6.869764"><ele>499</ele></trkpt>
   <trkpt lat="46.978656" lon="6.870758"><ele>496.5</ele></trkpt>
   <trkpt lat="46.978761" lon="6.871368"><ele>498.25</ele></trkpt>
   <trkpt lat="46.978778" lon="6.871466"><ele>497.5</ele></trkpt>
   <trkpt lat="46.978881" lon="6.872066"><ele>494.25</ele></trkpt>
   <trkpt lat="46.979094" lon="6.873312"><ele>492</ele></trkpt>
   <trkpt lat="46.979221" lon="6.874027"><ele>492.75</ele></trkpt>
   <trkpt lat="46.979254" lon="6.87422"><ele>492.25</ele></trkpt>
   <trkpt lat="46.979464" lon="6.875402"><ele>492.75</ele></trkpt>
   <trkpt lat="46.979575" lon="6.876063"><ele>494.25</ele></trkpt>
   <trkpt lat="46.979632" lon="6.876455"><ele>493.25</ele></trkpt>
   <trkpt lat="46.979708" lon="6.877109"><ele>491.75</ele></trkpt>
   <trkpt lat="46.979749" lon="6.877591"><ele>492.75</ele></trkpt>
   <trkpt lat="46.979767" lon="6.877897"><ele>493</ele></trkpt>
   <trkpt lat="46.97979" lon="6.878478"><ele>493</ele></trkpt>
   <trkpt lat="46.979789" lon="6.879227"><ele>492.75</ele></trkpt>
   <trkpt lat="46.979747" lon="6.880663"><ele>492.25</ele></trkpt>
   <trkpt lat="46.979739" lon="6.880921"><ele>492.25</ele></trkpt>
   <trkpt lat="46.979724" lon="6.881264"><ele>491.25</ele></trkpt>
   <trkpt lat="46.979658" lon="6.882394"><ele>491</ele></trkpt>
   <trkpt lat="46.979646" lon="6.882813"><ele>490.25</ele></trkpt>
   <trkpt lat="46.979646" lon="6.883181"><ele>489.5</ele></trkpt>
   <trkpt lat="46.979655" lon="6.883475"><ele>489</ele></trkpt>
   <trkpt lat="46.979683" lon="6.88399"><ele>488.25</ele></trkpt>
   <trkpt lat="46.979733" lon="6.884511"><ele>488.75</ele></trkpt>
   <trkpt lat="46.979801" lon="6.885029"><ele>487.5</ele></trkpt>
   <trkpt lat="46.979891" lon="6.885535"><ele>488.5</ele></trkpt>
   <trkpt lat="46.979933" lon="6.885734"><ele>487.25</ele></trkpt>
   <trkpt lat="46.980004" lon="6.886039"><ele>488</ele></trkpt>
   <trkpt lat="46.980138" lon="6.886524"><ele>488.5</ele></trkpt>
   <trkpt lat="46.98044" lon="6.887476"><ele>488.25</ele></trkpt>
   <trkpt lat="46.980571" lon="6.887911"><ele>486</ele></trkpt>
   <trkpt lat="46.980704" lon="6.88847"><ele>481</ele></trkpt>
   <trkpt lat="46.980766" lon="6.888791"><ele>483.25</ele></trkpt>
   <trkpt lat="46.981016" lon="6.890313"><ele>484</ele></trkpt>
   <trkpt lat="46.981079" lon="6.890622"><ele>483.75</ele></trkpt>
   <trkpt lat="46.981145" lon="6.890928"><ele>483.5</ele></trkpt>
   <trkpt lat="46.981767" lon="6.893471"><ele>480</ele></trkpt>
   <trkpt lat="46.981867" lon="6.893946"><ele>479.75</ele></trkpt>
   <trkpt lat="46.981939" lon="6.894421"><ele>480.75</ele></trkpt>
   <trkpt lat="46.981997" lon="6.894931"><ele>480.5</ele></trkpt>
   <trkpt lat="46.982032" lon="6.895395"><ele>479.25</ele></trkpt>
   <trkpt lat="46.982098" lon="6.89651"><ele>477.75</ele></trkpt>
   <trkpt lat="46.982163" lon="6.897412"><ele>478.5</ele></trkpt>
   <trkpt lat="46.982194" lon="6.897742"><ele>478.5</ele></trkpt>
   <trkpt lat="46.982273" lon="6.898376"><ele>478.75</ele></trkpt>
   <trkpt lat="46.982365" lon="6.898962"><ele>476.25</ele></trkpt>
   <trkpt lat="46.982474" lon="6.899529"><ele>476.25</ele></trkpt>
   <trkpt lat="46.982544" lon="6.899851"><ele>476.5</ele></trkpt>
   <trkpt lat="46.982601" lon="6.900104"><ele>475.5</ele></trkpt>
   <trkpt lat="46.982733" lon="6.900612"><ele>475.5</ele></trkpt>
   <trkpt lat="46.982856" lon="6.901004"><ele>474.75</ele></trkpt>
   <trkpt lat="46.983017" lon="6.901466"><ele>474.75</ele></trkpt>
   <trkpt lat="46.983219" lon="6.901949"><ele>470</ele></trkpt>
   <trkpt lat="46.983699" lon="6.903006"><ele>470.75</ele></trkpt>
   <trkpt lat="46.983893" lon="6.903438"><ele>475.25</ele></trkpt>
   <trkpt lat="46.983949" lon="6.903562"><ele>475.75</ele></trkpt>
   <trkpt lat="46.984289" lon="6.904321"><ele>476.5</ele></trkpt>
   <trkpt lat="46.984407" lon="6.90462"><ele>475.25</ele></trkpt>
   <trkpt lat="46.984506" lon="6.904881"><ele>475.75</ele></trkpt>
   <trkpt lat="46.9847" lon="6.905429"><ele>475.25</ele></trkpt>
   <trkpt lat="46.984958" lon="6.906203"><ele>475.5</ele></trkpt>
   <trkpt lat="46.985278" lon="6.907165"><ele>475.25</ele></trkpt>
   <trkpt lat="46.985321" lon="6.907293"><ele>476.25</ele></trkpt>
   <trkpt lat="46.985362" lon="6.907415"><ele>477</ele></trkpt>
   <trkpt lat="46.985522" lon="6.907897"><ele>476.25</ele></trkpt>
   <trkpt lat="46.98597" lon="6.909223"><ele>475.25</ele></trkpt>
   <trkpt lat="46.986435" lon="6.910545"><ele>476</ele></trkpt>
   <trkpt lat="46.986443" lon="6.910568"><ele>476</ele></trkpt>
   <trkpt lat="46.987247" lon="6.912827"><ele>476.25</ele></trkpt>
   <trkpt lat="46.987249" lon="6.912835"><ele>476.25</ele></trkpt>
   <trkpt lat="46.987388" lon="6.913197"><ele>477</ele></trkpt>
   <trkpt lat="46.98739" lon="6.913202"><ele>477</ele></trkpt>
   <trkpt lat="46.987521" lon="6.913506"><ele>476.25</ele></trkpt>
   <trkpt lat="46.987672" lon="6.913806"><ele>476.75</ele></trkpt>
   <trkpt lat="46.987852" lon="6.914116"><ele>478.5</ele></trkpt>
   <trkpt lat="46.988034" lon="6.914388"><ele>477.25</ele></trkpt>
   <trkpt lat="46.988225" lon="6.914632"><ele>478.75</ele></trkpt>
   <trkpt lat="46.98861" lon="6.915025"><ele>476.5</ele></trkpt>
   <trkpt lat="46.988826" lon="6.915202"><ele>480.75</ele></trkpt>
   <trkpt lat="46.98905" lon="6.915351"><ele>483.75</ele></trkpt>
   <trkpt lat="46.989257" lon="6.915477"><ele>488.75</ele></trkpt>
   <trkpt lat="46.989742" lon="6.915772"><ele>484</ele></trkpt>
   <trkpt lat="46.989895" lon="6.915873"><ele>479.5</ele></trkpt>
   <trkpt lat="46.990086" lon="6.916012"><ele>474.25</ele></trkpt>
   <trkpt lat="46.990202" lon="6.916112"><ele>471</ele></trkpt>
   <trkpt lat="46.990304" lon="6.916201"><ele>471</ele></trkpt>
   <trkpt lat="46.990483" lon="6.916389"><ele>471</ele></trkpt>
   <trkpt lat="46.990544" lon="6.916462"><ele>471.25</ele></trkpt>
   <trkpt lat="46.990706" lon="6.916657"><ele>471.25</ele></trkpt>
   <trkpt lat="46.990859" lon="6.916879"><ele>472</ele></trkpt>
   <trkpt lat="46.991031" lon="6.91716"><ele>471.5</ele></trkpt>
   <trkpt lat="46.991188" lon="6.917456"><ele>471.75</ele></trkpt>
   <trkpt lat="46.991337" lon="6.917784"><ele>472</ele></trkpt>
   <trkpt lat="46.991408" lon="6.917956"><ele>473.25</ele></trkpt>
   <trkpt lat="46.991483" lon="6.918158"><ele>473.25</ele></trkpt>
   <trkpt lat="46.991586" lon="6.918471"><ele>473.5</ele></trkpt>
   <trkpt lat="46.992412" lon="6.921249"><ele>475</ele></trkpt>
   <trkpt lat="46.992545" lon="6.921736"><ele>476</ele></trkpt>
   <trkpt lat="46.992691" lon="6.922334"><ele>475.25</ele></trkpt>
   <trkpt lat="46.992979" lon="6.923595"><ele>475.25</ele></trkpt>
   <trkpt lat="46.992994" lon="6.923659"><ele>475.5</ele></trkpt>
   <trkpt lat="46.99314" lon="6.924282"><ele>476.75</ele></trkpt>
   <trkpt lat="46.993286" lon="6.924819"><ele>474.5</ele></trkpt>
   <trkpt lat="46.993623" lon="6.925972"><ele>476.75</ele></trkpt>
   <trkpt lat="46.99379" lon="6.92658"><ele>474.5</ele></trkpt>
   <trkpt lat="46.993935" lon="6.927151"><ele>475.75</ele></trkpt>
   <trkpt lat="46.9941" lon="6.927801"><ele>475.75</ele></trkpt>
   <trkpt lat="46.994166" lon="6.928023"><ele>477</ele></trkpt>
   <trkpt lat="46.994228" lon="6.928206"><ele>476.25</ele></trkpt>
   <trkpt lat="46.994372" lon="6.928583"><ele>475.75</ele></trkpt>
   <trkpt lat="46.994645" lon="6.929171"><ele>475.25</ele></trkpt>
   <trkpt lat="46.994762" lon="6.929414"><ele>476.5</ele></trkpt>
   <trkpt lat="46.994861" lon="6.92963"><ele>475.75</ele></trkpt>
   <trkpt lat="46.99495" lon="6.929843"><ele>477.25</ele></trkpt>
   <trkpt lat="46.994985" lon="6.929933"><ele>478.5</ele></trkpt>
   <trkpt lat="46.995023" lon="6.930037"><ele>478.5</ele></trkpt>
   <trkpt lat="46.995122" lon="6.930309"><ele>476.5</ele></trkpt>
   <trkpt lat="46.995205" lon="6.930548"><ele>477</ele></trkpt>
   <trkpt lat="46.995488" lon="6.931361"><ele>478</ele></trkpt>
   <trkpt lat="46.995543" lon="6.93152"><ele>479</ele></trkpt>
   <trkpt lat="46.995582" lon="6.931635"><ele>479.25</ele></trkpt>
   <trkpt lat="46.995618" lon="6.931743"><ele>479.25</ele></trkpt>
   <trkpt lat="46.995675" lon="6.931904"><ele>479.25</ele></trkpt>
   <trkpt lat="46.995792" lon="6.932292"><ele>479.5</ele></trkpt>
   <trkpt lat="46.995834" lon="6.93247"><ele>479</ele></trkpt>
   <trkpt lat="46.995891" lon="6.932667"><ele>479</ele></trkpt>
   <trkpt lat="46.995916" lon="6.932749"><ele>479.25</ele></trkpt>
   <trkpt lat="46.996059" lon="6.93336"><ele>478</ele></trkpt>
   <trkpt lat="46.996199" lon="6.93388"><ele>477.5</ele></trkpt>
   <trkpt lat="46.996371" lon="6.934457"><ele>478.75</ele></trkpt>
   <trkpt lat="46.996814" lon="6.935769"><ele>479</ele></trkpt>
   <trkpt lat="46.997103" lon="6.936591"><ele>479.25</ele></trkpt>
   <trkpt lat="46.997211" lon="6.936905"><ele>479</ele></trkpt>
   <trkpt lat="46.997517" lon="6.937788"><ele>479</ele></trkpt>
   <trkpt lat="46.997743" lon="6.938436"><ele>478.75</ele></trkpt>
   <trkpt lat="46.999221" lon="6.942734"><ele>479</ele></trkpt>
   <trkpt lat="46.999323" lon="6.942988"><ele>476.5</ele></trkpt>
   <trkpt lat="46.999498" lon="6.943367"><ele>477.5</ele></trkpt>
   <trkpt lat="46.999621" lon="6.943634"><ele>476.5</ele></trkpt>
   <trkpt lat="46.99982" lon="6.944067"><ele>476.75</ele></trkpt>
   <trkpt lat="46.999979" lon="6.94441"><ele>479.25</ele></trkpt>
   <trkpt lat="47.00005" lon="6.944592"><ele>479</ele></trkpt>
   <trkpt lat="47.000055" lon="6.944608"><ele>479</ele></trkpt>
   <trkpt lat="47.000224" lon="6.945103"><ele>480.25</ele></trkpt>
   <trkpt lat="47.000284" lon="6.945257"><ele>479</ele></trkpt>
   <trkpt lat="47.000364" lon="6.945438"><ele>479.75</ele></trkpt>
   <trkpt lat="47.00043" lon="6.945587"><ele>480</ele></trkpt>
   <trkpt lat="47.000495" lon="6.945757"><ele>480.25</ele></trkpt>
   <trkpt lat="47.00055" lon="6.94591"><ele>479</ele></trkpt>
   <trkpt lat="47.000588" lon="6.946016"><ele>479</ele></trkpt>
   <trkpt lat="47.000738" lon="6.946455"><ele>479.25</ele></trkpt>
   <trkpt lat="47.000817" lon="6.94666"><ele>479.25</ele></trkpt>
   <trkpt lat="47.000919" lon="6.946986"><ele>479</ele></trkpt>
   <trkpt lat="47.000939" lon="6.947054"><ele>479</ele></trkpt>
   <trkpt lat="47.001475" lon="6.948936"><ele>479</ele></trkpt>
   <trkpt lat="47.001812" lon="6.95023"><ele>477.75</ele></trkpt>
   <trkpt lat="47.001995" lon="6.950897"><ele>478.25</ele></trkpt>
   <trkpt lat="47.002254" lon="6.951801"><ele>479.25</ele></trkpt>
   <trkpt lat="47.002384" lon="6.952255"><ele>478</ele></trkpt>
   <trkpt lat="47.002568" lon="6.952855"><ele>479</ele></trkpt>
   <trkpt lat="47.002769" lon="6.953442"><ele>479.75</ele></trkpt>
   <trkpt lat="47.002988" lon="6.954016"><ele>478.75</ele></trkpt>
   <trkpt lat="47.003233" lon="6.954599"><ele>478</ele></trkpt>
   <trkpt lat="47.003495" lon="6.955166"><ele>480.5</ele></trkpt>
   <trkpt lat="47.003706" lon="6.95559"><ele>480.25</ele></trkpt>
   <trkpt lat="47.003932" lon="6.955999"><ele>481</ele></trkpt>
   <trkpt lat="47.004173" lon="6.956389"><ele>481</ele></trkpt>
   <trkpt lat="47.004325" lon="6.956613"><ele>480.5</ele></trkpt>
   <trkpt lat="47.004379" lon="6.956692"><ele>480.25</ele></trkpt>
   <trkpt lat="47.004794" lon="6.957286"><ele>480.25</ele></trkpt>
   <trkpt lat="47.005062" lon="6.957689"><ele>480</ele></trkpt>
   <trkpt lat="47.00521" lon="6.957927"><ele>479.75</ele></trkpt>
   <trkpt lat="47.005403" lon="6.958252"><ele>479.5</ele></trkpt>
   <trkpt lat="47.005624" lon="6.958659"><ele>477.25</ele></trkpt>
   <trkpt lat="47.005903" lon="6.959223"><ele>478.25</ele></trkpt>
   <trkpt lat="47.005963" lon="6.959359"><ele>477</ele></trkpt>
   <trkpt lat="47.006078" lon="6.95961"><ele>478.5</ele></trkpt>
   <trkpt lat="47.007793" lon="6.96364"><ele>474.75</ele></trkpt>
   <trkpt lat="47.008045" lon="6.964231"><ele>472.25</ele></trkpt>
   <trkpt lat="47.008055" lon="6.964255"><ele>472.25</ele></trkpt>
   <trkpt lat="47.008121" lon="6.964407"><ele>471.75</ele></trkpt>
   <trkpt lat="47.009189" lon="6.966924"><ele>471.75</ele></trkpt>
   <trkpt lat="47.009343" lon="6.967305"><ele>471.5</ele></trkpt>
   <trkpt lat="47.009476" lon="6.967653"><ele>471</ele></trkpt>
   <trkpt lat="47.009807" lon="6.968625"><ele>470.5</ele></trkpt>
   <trkpt lat="47.010052" lon="6.969353"><ele>470.25</ele></trkpt>
   <trkpt lat="47.010242" lon="6.969874"><ele>469.25</ele></trkpt>
   <trkpt lat="47.010405" lon="6.970282"><ele>469</ele></trkpt>
   <trkpt lat="47.01129" lon="6.972415"><ele>468.25</ele></trkpt>
   <trkpt lat="47.011685" lon="6.973436"><ele>465.25</ele></trkpt>
   <trkpt lat="47.011728" lon="6.973554"><ele>465.5</ele></trkpt>
   <trkpt lat="47.011948" lon="6.974166"><ele>466</ele></trkpt>
   <trkpt lat="47.012722" lon="6.976374"><ele>463.5</ele></trkpt>
   <trkpt lat="47.012864" lon="6.976755"><ele>461.75</ele></trkpt>
   <trkpt lat="47.013024" lon="6.977155"><ele>459.25</ele></trkpt>
   <trkpt lat="47.013145" lon="6.977439"><ele>461.5</ele></trkpt>
   <trkpt lat="47.013634" lon="6.978505"><ele>463.75</ele></trkpt>
   <trkpt lat="47.013768" lon="6.978812"><ele>462.5</ele></trkpt>
   <trkpt lat="47.013932" lon="6.979219"><ele>464.25</ele></trkpt>
   <trkpt lat="47.014078" lon="6.979628"><ele>464</ele></trkpt>
   <trkpt lat="47.014156" lon="6.979876"><ele>463.75</ele></trkpt>
   <trkpt lat="47.014235" lon="6.980157"><ele>465</ele></trkpt>
   <trkpt lat="47.014352" lon="6.980653"><ele>464</ele></trkpt>
   <trkpt lat="47.014633" lon="6.982064"><ele>463.5</ele></trkpt>
   <trkpt lat="47.014994" lon="6.983902"><ele>463.5</ele></trkpt>
   <trkpt lat="47.015036" lon="6.984121"><ele>460.5</ele></trkpt>
   <trkpt lat="47.015173" lon="6.984775"><ele>459.5</ele></trkpt>
   <trkpt lat="47.015286" lon="6.985329"><ele>463.5</ele></trkpt>
   <trkpt lat="47.01551" lon="6.986371"><ele>463</ele></trkpt>
   <trkpt lat="47.015567" lon="6.986627"><ele>464</ele></trkpt>
   <trkpt lat="47.015707" lon="6.987168"><ele>462.75</ele></trkpt>
   <trkpt lat="47.015769" lon="6.987377"><ele>463.5</ele></trkpt>
   <trkpt lat="47.015871" lon="6.987686"><ele>465</ele></trkpt>
   <trkpt lat="47.016065" lon="6.988195"><ele>464.25</ele></trkpt>
   <trkpt lat="47.016617" lon="6.989479"><ele>467.25</ele></trkpt>
   <trkpt lat="47.016621" lon="6.989489"><ele>467.25</ele></trkpt>
   <trkpt lat="47.016626" lon="6.9895"><ele>467.25</ele></trkpt>
   <trkpt lat="47.017036" lon="6.990468"><ele>471.25</ele></trkpt>
   <trkpt lat="47.017802" lon="6.99221"><ele>469</ele></trkpt>
   <trkpt lat="47.018027" lon="6.992656"><ele>462.25</ele></trkpt>
   <trkpt lat="47.018321" lon="6.993145"><ele>460.5</ele></trkpt>
   <trkpt lat="47.019064" lon="6.994232"><ele>460.25</ele></trkpt>
   <trkpt lat="47.019257" lon="6.994546"><ele>462</ele></trkpt>
   <trkpt lat="47.019516" lon="6.994996"><ele>462.25</ele></trkpt>
   <trkpt lat="47.020054" lon="6.99596"><ele>459.25</ele></trkpt>
   <trkpt lat="47.020148" lon="6.996121"><ele>459.5</ele></trkpt>
   <trkpt lat="47.020642" lon="6.996965"><ele>460.5</ele></trkpt>
   <trkpt lat="47.021844" lon="6.998902"><ele>456.5</ele></trkpt>
   <trkpt lat="47.022362" lon="6.999748"><ele>454</ele></trkpt>
   <trkpt lat="47.022563" lon="7.000133"><ele>453.5</ele></trkpt>
   <trkpt lat="47.022766" lon="7.000548"><ele>454.5</ele></trkpt>
   <trkpt lat="47.023156" lon="7.001373"><ele>454.5</ele></trkpt>
   <trkpt lat="47.023289" lon="7.00162"><ele>454.5</ele></trkpt>
   <trkpt lat="47.023412" lon="7.001825"><ele>456.25</ele></trkpt>
   <trkpt lat="47.02355" lon="7.002046"><ele>454.25</ele></trkpt>
   <trkpt lat="47.023763" lon="7.002356"><ele>453.5</ele></trkpt>
   <trkpt lat="47.023979" lon="7.002629"><ele>452.25</ele></trkpt>
   <trkpt lat="47.024292" lon="7.002987"><ele>451.5</ele></trkpt>
   <trkpt lat="47.02586" lon="7.004724"><ele>449.75</ele></trkpt>
   <trkpt lat="47.025934" lon="7.004805"><ele>448.75</ele></trkpt>
   <trkpt lat="47.026015" lon="7.004892"><ele>448.5</ele></trkpt>
   <trkpt lat="47.026362" lon="7.005236"><ele>448.5</ele></trkpt>
   <trkpt lat="47.026476" lon="7.005339"><ele>448.75</ele></trkpt>
   <trkpt lat="47.026739" lon="7.005555"><ele>449</ele></trkpt>
   <trkpt lat="47.026931" lon="7.005701"><ele>447.75</ele></trkpt>
   <trkpt lat="47.028209" lon="7.006622"><ele>447.75</ele></trkpt>
   <trkpt lat="47.028564" lon="7.006888"><ele>446.5</ele></trkpt>
   <trkpt lat="47.028814" lon="7.007099"><ele>445.25</ele></trkpt>
   <trkpt lat="47.028978" lon="7.007255"><ele>446</ele></trkpt>
   <trkpt lat="47.02927" lon="7.007568"><ele>446</ele></trkpt>
   <trkpt lat="47.029444" lon="7.007775"><ele>446</ele></trkpt>
   <trkpt lat="47.029871" lon="7.008313"><ele>445</ele></trkpt>
   <trkpt lat="47.030183" lon="7.008692"><ele>445.75</ele></trkpt>
   <trkpt lat="47.030363" lon="7.008888"><ele>445.75</ele></trkpt>
   <trkpt lat="47.031588" lon="7.010052"><ele>443</ele></trkpt>
   <trkpt lat="47.031891" lon="7.010357"><ele>441.5</ele></trkpt>
   <trkpt lat="47.03216" lon="7.010653"><ele>441.25</ele></trkpt>
   <trkpt lat="47.032576" lon="7.011188"><ele>440.5</ele></trkpt>
   <trkpt lat="47.032734" lon="7.011417"><ele>440</ele></trkpt>
   <trkpt lat="47.032942" lon="7.011743"><ele>439.5</ele></trkpt>
   <trkpt lat="47.0332" lon="7.012205"><ele>439.5</ele></trkpt>
   <trkpt lat="47.033454" lon="7.012694"><ele>440.75</ele></trkpt>
   <trkpt lat="47.034314" lon="7.014439"><ele>438</ele></trkpt>
   <trkpt lat="47.034624" lon="7.01507"><ele>437.75</ele></trkpt>
   <trkpt lat="47.03481" lon="7.015477"><ele>437.5</ele></trkpt>
   <trkpt lat="47.03506" lon="7.016087"><ele>434.25</ele></trkpt>
   <trkpt lat="47.035149" lon="7.016322"><ele>434.5</ele></trkpt>
   <trkpt lat="47.03524" lon="7.016574"><ele>436.75</ele></trkpt>
   <trkpt lat="47.035381" lon="7.016999"><ele>436.5</ele></trkpt>
   <trkpt lat="47.035478" lon="7.017313"><ele>436.75</ele></trkpt>
   <trkpt lat="47.035587" lon="7.017696"><ele>437</ele></trkpt>
   <trkpt lat="47.035878" lon="7.018789"><ele>436</ele></trkpt>
   <trkpt lat="47.035904" lon="7.01889"><ele>435.5</ele></trkpt>
   <trkpt lat="47.036154" lon="7.019832"><ele>435.75</ele></trkpt>
   <trkpt lat="47.036261" lon="7.020207"><ele>435.25</ele></trkpt>
   <trkpt lat="47.036342" lon="7.020455"><ele>435.5</ele></trkpt>
   <trkpt lat="47.036422" lon="7.020684"><ele>435.5</ele></trkpt>
   <trkpt lat="47.036507" lon="7.020901"><ele>435.25</ele></trkpt>
   <trkpt lat="47.036687" lon="7.021311"><ele>435.25</ele></trkpt>
   <trkpt lat="47.036815" lon="7.021565"><ele>435</ele></trkpt>
   <trkpt lat="47.036823" lon="7.021581"><ele>435</ele></trkpt>
   <trkpt lat="47.036952" lon="7.021818"><ele>435</ele></trkpt>
   <trkpt lat="47.037103" lon="7.022068"><ele>435</ele></trkpt>
   <trkpt lat="47.037304" lon="7.022348"><ele>435</ele></trkpt>
   <trkpt lat="47.037418" lon="7.022497"><ele>435</ele></trkpt>
   <trkpt lat="47.037617" lon="7.022736"><ele>435</ele></trkpt>
   <trkpt lat="47.037907" lon="7.023039"><ele>435</ele></trkpt>
   <trkpt lat="47.038159" lon="7.023258"><ele>435</ele></trkpt>
   <trkpt lat="47.038406" lon="7.023446"><ele>435</ele></trkpt>
   <trkpt lat="47.038653" lon="7.023607"><ele>435</ele></trkpt>
   <trkpt lat="47.039109" lon="7.023871"><ele>435</ele></trkpt>
   <trkpt lat="47.040004" lon="7.024364"><ele>434.5</ele></trkpt>
   <trkpt lat="47.040478" lon="7.024644"><ele>434.25</ele></trkpt>
   <trkpt lat="47.040778" lon="7.024853"><ele>434</ele></trkpt>
   <trkpt lat="47.041024" lon="7.025054"><ele>434</ele></trkpt>
   <trkpt lat="47.041178" lon="7.025192"><ele>434</ele></trkpt>
   <trkpt lat="47.041183" lon="7.025197"><ele>434</ele></trkpt>
   <trkpt lat="47.041316" lon="7.025328"><ele>434</ele></trkpt>
   <trkpt lat="47.041594" lon="7.025623"><ele>434</ele></trkpt>
   <trkpt lat="47.041855" lon="7.025937"><ele>434</ele></trkpt>
   <trkpt lat="47.042109" lon="7.026276"><ele>434</ele></trkpt>
   <trkpt lat="47.042348" lon="7.026633"><ele>434</ele></trkpt>
   <trkpt lat="47.042464" lon="7.026823"><ele>434</ele></trkpt>
   <trkpt lat="47.042573" lon="7.02701"><ele>434</ele></trkpt>
   <trkpt lat="47.043098" lon="7.02797"><ele>434.25</ele></trkpt>
   <trkpt lat="47.043232" lon="7.028216"><ele>434.5</ele></trkpt>
   <trkpt lat="47.044506" lon="7.030565"><ele>436.5</ele></trkpt>
   <trkpt lat="47.044775" lon="7.031036"><ele>436.75</ele></trkpt>
   <trkpt lat="47.044928" lon="7.031287"><ele>436.75</ele></trkpt>
   <trkpt lat="47.045117" lon="7.031579"><ele>436.75</ele></trkpt>
   <trkpt lat="47.045393" lon="7.031976"><ele>437.5</ele></trkpt>
   <trkpt lat="47.045652" lon="7.032318"><ele>438</ele></trkpt>
   <trkpt lat="47.045927" lon="7.032651"><ele>439</ele></trkpt>
   <trkpt lat="47.045966" lon="7.032696"><ele>439</ele></trkpt>
   <trkpt lat="47.049893" lon="7.037176"><ele>435.25</ele></trkpt>
   <trkpt lat="47.05048" lon="7.03786"><ele>434.75</ele></trkpt>
   <trkpt lat="47.050541" lon="7.037933"><ele>435</ele></trkpt>
   <trkpt lat="47.050559" lon="7.037954"><ele>435.25</ele></trkpt>
   <trkpt lat="47.051042" lon="7.038562"><ele>436</ele></trkpt>
   <trkpt lat="47.051364" lon="7.038985"><ele>436</ele></trkpt>
   <trkpt lat="47.051693" lon="7.039443"><ele>436</ele></trkpt>
   <trkpt lat="47.051836" lon="7.039654"><ele>435.5</ele></trkpt>
   <trkpt lat="47.052001" lon="7.0399"><ele>435.25</ele></trkpt>
   <trkpt lat="47.052317" lon="7.040402"><ele>434.75</ele></trkpt>
   <trkpt lat="47.052595" lon="7.04088"><ele>435</ele></trkpt>
   <trkpt lat="47.052818" lon="7.041298"><ele>435</ele></trkpt>
   <trkpt lat="47.052858" lon="7.041377"><ele>435.25</ele></trkpt>
   <trkpt lat="47.053031" lon="7.041727"><ele>434.75</ele></trkpt>
   <trkpt lat="47.053226" lon="7.04216"><ele>434.5</ele></trkpt>
   <trkpt lat="47.053393" lon="7.042561"><ele>435</ele></trkpt>
   <trkpt lat="47.053589" lon="7.043073"><ele>434.75</ele></trkpt>
   <trkpt lat="47.053725" lon="7.043465"><ele>435.5</ele></trkpt>
   <trkpt lat="47.054777" lon="7.046756"><ele>436</ele></trkpt>
   <trkpt lat="47.055014" lon="7.047509"><ele>436</ele></trkpt>
   <trkpt lat="47.055172" lon="7.04805"><ele>436.25</ele></trkpt>
   <trkpt lat="47.055347" lon="7.04869"><ele>436.75</ele></trkpt>
   <trkpt lat="47.055528" lon="7.049427"><ele>436</ele></trkpt>
   <trkpt lat="47.056593" lon="7.053864"><ele>436</ele></trkpt>
   <trkpt lat="47.056683" lon="7.054267"><ele>436</ele></trkpt>
   <trkpt lat="47.056749" lon="7.054602"><ele>436</ele></trkpt>
   <trkpt lat="47.056819" lon="7.055008"><ele>436</ele></trkpt>
   <trkpt lat="47.056882" lon="7.055443"><ele>436.25</ele></trkpt>
   <trkpt lat="47.056894" lon="7.055551"><ele>436.25</ele></trkpt>
   <trkpt lat="47.056931" lon="7.055889"><ele>435.75</ele></trkpt>
   <trkpt lat="47.056967" lon="7.056316"><ele>436</ele></trkpt>
   <trkpt lat="47.056992" lon="7.056732"><ele>435.75</ele></trkpt>
   <trkpt lat="47.057011" lon="7.057236"><ele>435.25</ele></trkpt>
   <trkpt lat="47.057" lon="7.05797"><ele>435</ele></trkpt>
   <trkpt lat="47.056936" lon="7.058861"><ele>435.75</ele></trkpt>
   <trkpt lat="47.056885" lon="7.059528"><ele>435</ele></trkpt>
   <trkpt lat="47.056877" lon="7.059662"><ele>434.5</ele></trkpt>
   <trkpt lat="47.056819" lon="7.060399"><ele>435</ele></trkpt>
   <trkpt lat="47.056794" lon="7.060655"><ele>435</ele></trkpt>
   <trkpt lat="47.056764" lon="7.061014"><ele>435.25</ele></trkpt>
   <trkpt lat="47.056734" lon="7.061554"><ele>434.25</ele></trkpt>
   <trkpt lat="47.056719" lon="7.061779"><ele>434.5</ele></trkpt>
   <trkpt lat="47.05671" lon="7.061892"><ele>435.75</ele></trkpt>
   <trkpt lat="47.056657" lon="7.062555"><ele>436.75</ele></trkpt>
   <trkpt lat="47.056631" lon="7.063051"><ele>436.75</ele></trkpt>
   <trkpt lat="47.056619" lon="7.063549"><ele>436.75</ele></trkpt>
   <trkpt lat="47.056621" lon="7.064073"><ele>437.75</ele></trkpt>
   <trkpt lat="47.056639" lon="7.064628"><ele>437.75</ele></trkpt>
   <trkpt lat="47.056679" lon="7.065237"><ele>437</ele></trkpt>
   <trkpt lat="47.056706" lon="7.065537"><ele>437</ele></trkpt>
   <trkpt lat="47.056743" lon="7.065805"><ele>437.25</ele></trkpt>
   <trkpt lat="47.056903" lon="7.06675"><ele>437.5</ele></trkpt>
   <trkpt lat="47.056956" lon="7.067103"><ele>437</ele></trkpt>
   <trkpt lat="47.05704" lon="7.067822"><ele>437.25</ele></trkpt>
   <trkpt lat="47.057086" lon="7.068092"><ele>437.25</ele></trkpt>
   <trkpt lat="47.057161" lon="7.068459"><ele>437</ele></trkpt>
   <trkpt lat="47.057708" lon="7.071301"><ele>436.5</ele></trkpt>
   <trkpt lat="47.057777" lon="7.071686"><ele>435.75</ele></trkpt>
   <trkpt lat="47.057786" lon="7.071737"><ele>435.75</ele></trkpt>
   <trkpt lat="47.057959" lon="7.072814"><ele>439</ele></trkpt>
   <trkpt lat="47.058157" lon="7.073812"><ele>435.5</ele></trkpt>
   <trkpt lat="47.058415" lon="7.075342"><ele>433.25</ele></trkpt>
   <trkpt lat="47.058943" lon="7.078054"><ele>434</ele></trkpt>
   <trkpt lat="47.059052" lon="7.078465"><ele>433.75</ele></trkpt>
   <trkpt lat="47.059152" lon="7.078776"><ele>433.75</ele></trkpt>
   <trkpt lat="47.059163" lon="7.078809"><ele>433.75</ele></trkpt>
   <trkpt lat="47.059174" lon="7.078842"><ele>434</ele></trkpt>
   <trkpt lat="47.059268" lon="7.079124"><ele>434</ele></trkpt>
   <trkpt lat="47.059348" lon="7.079334"><ele>433.75</ele></trkpt>
   <trkpt lat="47.060222" lon="7.081455"><ele>434</ele></trkpt>
   <trkpt lat="47.060416" lon="7.081959"><ele>433.75</ele></trkpt>
   <trkpt lat="47.060594" lon="7.082473"><ele>434</ele></trkpt>
   <trkpt lat="47.060749" lon="7.083003"><ele>433.25</ele></trkpt>
   <trkpt lat="47.060886" lon="7.08354"><ele>433.25</ele></trkpt>
   <trkpt lat="47.061001" lon="7.084071"><ele>434.5</ele></trkpt>
   <trkpt lat="47.061233" lon="7.085219"><ele>434.5</ele></trkpt>
   <trkpt lat="47.061324" lon="7.085705"><ele>434.25</ele></trkpt>
   <trkpt lat="47.0614" lon="7.086165"><ele>434.75</ele></trkpt>
   <trkpt lat="47.061453" lon="7.086561"><ele>434.5</ele></trkpt>
   <trkpt lat="47.061481" lon="7.08687"><ele>434.25</ele></trkpt>
   <trkpt lat="47.061504" lon="7.08722"><ele>433.25</ele></trkpt>
   <trkpt lat="47.061511" lon="7.087572"><ele>433.5</ele></trkpt>
   <trkpt lat="47.061497" lon="7.088272"><ele>433.75</ele></trkpt>
   <trkpt lat="47.061425" lon="7.089499"><ele>434.5</ele></trkpt>
   <trkpt lat="47.061417" lon="7.090385"><ele>434.25</ele></trkpt>
   <trkpt lat="47.061473" lon="7.091077"><ele>433.25</ele></trkpt>
   <trkpt lat="47.06161" lon="7.091944"><ele>433.25</ele></trkpt>
   <trkpt lat="47.061824" lon="7.092789"><ele>433.25</ele></trkpt>
   <trkpt lat="47.062217" lon="7.093879"><ele>433.75</ele></trkpt>
   <trkpt lat="47.062817" lon="7.09552"><ele>433.5</ele></trkpt>
   <trkpt lat="47.063841" lon="7.098319"><ele>432.5</ele></trkpt>
   <trkpt lat="47.064376" lon="7.099796"><ele>432.5</ele></trkpt>
   <trkpt lat="47.064561" lon="7.100336"><ele>433</ele></trkpt>
   <trkpt lat="47.066031" lon="7.10476"><ele>435.25</ele></trkpt>
   <trkpt lat="47.066284" lon="7.105557"><ele>435</ele></trkpt>
   <trkpt lat="47.066413" lon="7.105938"><ele>435</ele></trkpt>
   <trkpt lat="47.066551" lon="7.106308"><ele>435.25</ele></trkpt>
   <trkpt lat="47.066641" lon="7.106531"><ele>435.25</ele></trkpt>
   <trkpt lat="47.066731" lon="7.106731"><ele>435</ele></trkpt>
   <trkpt lat="47.066927" lon="7.10714"><ele>435</ele></trkpt>
   <trkpt lat="47.067651" lon="7.108518"><ele>434.75</ele></trkpt>
   <trkpt lat="47.067799" lon="7.108791"><ele>434.75</ele></trkpt>
   <trkpt lat="47.067961" lon="7.109068"><ele>435</ele></trkpt>
   <trkpt lat="47.068112" lon="7.10931"><ele>435</ele></trkpt>
   <trkpt lat="47.068318" lon="7.109607"><ele>434.5</ele></trkpt>
   <trkpt lat="47.06855" lon="7.10991"><ele>435</ele></trkpt>
   <trkpt lat="47.06877" lon="7.110162"><ele>435</ele></trkpt>
   <trkpt lat="47.068989" lon="7.1104"><ele>434.75</ele></trkpt>
   <trkpt lat="47.069906" lon="7.111343"><ele>434.25</ele></trkpt>
   <trkpt lat="47.07006" lon="7.111493"><ele>434.25</ele></trkpt>
   <trkpt lat="47.070318" lon="7.111719"><ele>434.5</ele></trkpt>
   <trkpt lat="47.070462" lon="7.111834"><ele>434.25</ele></trkpt>
   <trkpt lat="47.070742" lon="7.112034"><ele>434.5</ele></trkpt>
   <trkpt lat="47.071098" lon="7.112248"><ele>433.75</ele></trkpt>
   <trkpt lat="47.071561" lon="7.112476"><ele>434</ele></trkpt>
   <trkpt lat="47.073383" lon="7.113317"><ele>434.25</ele></trkpt>
   <trkpt lat="47.073693" lon="7.11347"><ele>434.25</ele></trkpt>
   <trkpt lat="47.073954" lon="7.113624"><ele>434.75</ele></trkpt>
   <trkpt lat="47.074098" lon="7.113716"><ele>434</ele></trkpt>
   <trkpt lat="47.07441" lon="7.113945"><ele>434</ele></trkpt>
   <trkpt lat="47.074574" lon="7.11408"><ele>433.25</ele></trkpt>
   <trkpt lat="47.074876" lon="7.114362"><ele>434</ele></trkpt>
   <trkpt lat="47.075017" lon="7.114511"><ele>434.5</ele></trkpt>
   <trkpt lat="47.075328" lon="7.114873"><ele>434</ele></trkpt>
   <trkpt lat="47.075482" lon="7.115076"><ele>433.5</ele></trkpt>
   <trkpt lat="47.075625" lon="7.11528"><ele>433.75</ele></trkpt>
   <trkpt lat="47.075819" lon="7.115579"><ele>433.75</ele></trkpt>
   <trkpt lat="47.076" lon="7.115894"><ele>433.5</ele></trkpt>
   <trkpt lat="47.076133" lon="7.11615"><ele>433.5</ele></trkpt>
   <trkpt lat="47.076245" lon="7.116383"><ele>432.75</ele></trkpt>
   <trkpt lat="47.076476" lon="7.116923"><ele>433.25</ele></trkpt>
   <trkpt lat="47.076792" lon="7.11778"><ele>433.25</ele></trkpt>
   <trkpt lat="47.077858" lon="7.120766"><ele>432.5</ele></trkpt>
   <trkpt lat="47.077968" lon="7.121075"><ele>432.75</ele></trkpt>
   <trkpt lat="47.07816" lon="7.1216"><ele>433</ele></trkpt>
   <trkpt lat="47.078342" lon="7.122068"><ele>433</ele></trkpt>
   <trkpt lat="47.078552" lon="7.122557"><ele>433.25</ele></trkpt>
   <trkpt lat="47.078777" lon="7.123035"><ele>434.5</ele></trkpt>
   <trkpt lat="47.079017" lon="7.12349"><ele>434.5</ele></trkpt>
   <trkpt lat="47.079256" lon="7.123925"><ele>435</ele></trkpt>
   <trkpt lat="47.079383" lon="7.12415"><ele>434.75</ele></trkpt>
   <trkpt lat="47.079548" lon="7.124463"><ele>435</ele></trkpt>
   <trkpt lat="47.07973" lon="7.124822"><ele>434.75</ele></trkpt>
   <trkpt lat="47.079813" lon="7.125001"><ele>435.5</ele></trkpt>
   <trkpt lat="47.080149" lon="7.125782"><ele>434.25</ele></trkpt>
   <trkpt lat="47.081401" lon="7.128838"><ele>433</ele></trkpt>
   <trkpt lat="47.081418" lon="7.128882"><ele>432.75</ele></trkpt>
   <trkpt lat="47.082209" lon="7.130823"><ele>433.75</ele></trkpt>
   <trkpt lat="47.082346" lon="7.131182"><ele>432.5</ele></trkpt>
   <trkpt lat="47.082551" lon="7.131773"><ele>432.75</ele></trkpt>
   <trkpt lat="47.082682" lon="7.132199"><ele>431.5</ele></trkpt>
   <trkpt lat="47.082768" lon="7.132501"><ele>433.75</ele></trkpt>
   <trkpt lat="47.083069" lon="7.133599"><ele>433</ele></trkpt>
   <trkpt lat="47.083173" lon="7.133959"><ele>432</ele></trkpt>
   <trkpt lat="47.08329" lon="7.134315"><ele>433.25</ele></trkpt>
   <trkpt lat="47.08343" lon="7.13468"><ele>433.25</ele></trkpt>
   <trkpt lat="47.083602" lon="7.13506"><ele>432.75</ele></trkpt>
   <trkpt lat="47.083638" lon="7.135133"><ele>432.5</ele></trkpt>
   <trkpt lat="47.083696" lon="7.135241"><ele>432.5</ele></trkpt>
   <trkpt lat="47.083837" lon="7.135507"><ele>433.25</ele></trkpt>
   <trkpt lat="47.084316" lon="7.136351"><ele>431.75</ele></trkpt>
   <trkpt lat="47.084554" lon="7.136796"><ele>432.25</ele></trkpt>
   <trkpt lat="47.084959" lon="7.137656"><ele>432.5</ele></trkpt>
   <trkpt lat="47.086404" lon="7.140777"><ele>434</ele></trkpt>
   <trkpt lat="47.086596" lon="7.141216"><ele>433.75</ele></trkpt>
   <trkpt lat="47.086883" lon="7.141917"><ele>434.25</ele></trkpt>
   <trkpt lat="47.087684" lon="7.144008"><ele>435.5</ele></trkpt>
   <trkpt lat="47.087783" lon="7.144247"><ele>435.5</ele></trkpt>
   <trkpt lat="47.088013" lon="7.144755"><ele>435.5</ele></trkpt>
   <trkpt lat="47.08827" lon="7.145261"><ele>434.75</ele></trkpt>
   <trkpt lat="47.088504" lon="7.145678"><ele>436</ele></trkpt>
   <trkpt lat="47.088828" lon="7.146193"><ele>434.5</ele></trkpt>
   <trkpt lat="47.089097" lon="7.146579"><ele>435</ele></trkpt>
   <trkpt lat="47.089965" lon="7.147715"><ele>435</ele></trkpt>
   <trkpt lat="47.090189" lon="7.148021"><ele>434.25</ele></trkpt>
   <trkpt lat="47.0904" lon="7.148353"><ele>434.25</ele></trkpt>
   <trkpt lat="47.090527" lon="7.148573"><ele>434</ele></trkpt>
   <trkpt lat="47.090641" lon="7.148792"><ele>433.5</ele></trkpt>
   <trkpt lat="47.090778" lon="7.149082"><ele>433.5</ele></trkpt>
   <trkpt lat="47.09097" lon="7.149521"><ele>432</ele></trkpt>
   <trkpt lat="47.09109" lon="7.149818"><ele>433.25</ele></trkpt>
   <trkpt lat="47.091323" lon="7.150422"><ele>433.5</ele></trkpt>
   <trkpt lat="47.091458" lon="7.150798"><ele>432.75</ele></trkpt>
   <trkpt lat="47.09166" lon="7.151405"><ele>432.75</ele></trkpt>
   <trkpt lat="47.091826" lon="7.151948"><ele>432.5</ele></trkpt>
   <trkpt lat="47.091933" lon="7.152337"><ele>432.75</ele></trkpt>
   <trkpt lat="47.092155" lon="7.153205"><ele>432.25</ele></trkpt>
   <trkpt lat="47.092216" lon="7.153406"><ele>431.5</ele></trkpt>
   <trkpt lat="47.09239" lon="7.153931"><ele>433</ele></trkpt>
   <trkpt lat="47.092546" lon="7.154359"><ele>432.75</ele></trkpt>
   <trkpt lat="47.092621" lon="7.154542"><ele>432.25</ele></trkpt>
   <trkpt lat="47.092644" lon="7.1546"><ele>432.5</ele></trkpt>
   <trkpt lat="47.092769" lon="7.154899"><ele>432.75</ele></trkpt>
   <trkpt lat="47.092962" lon="7.155328"><ele>433</ele></trkpt>
   <trkpt lat="47.093408" lon="7.15625"><ele>433.25</ele></trkpt>
   <trkpt lat="47.093765" lon="7.156979"><ele>433</ele></trkpt>
   <trkpt lat="47.093973" lon="7.157431"><ele>432.25</ele></trkpt>
   <trkpt lat="47.094194" lon="7.157944"><ele>432.75</ele></trkpt>
   <trkpt lat="47.094382" lon="7.158484"><ele>432.75</ele></trkpt>
   <trkpt lat="47.094474" lon="7.158776"><ele>432.25</ele></trkpt>
   <trkpt lat="47.094556" lon="7.159054"><ele>432</ele></trkpt>
   <trkpt lat="47.094763" lon="7.159836"><ele>432.25</ele></trkpt>
   <trkpt lat="47.095104" lon="7.161171"><ele>433.25</ele></trkpt>
   <trkpt lat="47.095388" lon="7.162189"><ele>433.25</ele></trkpt>
   <trkpt lat="47.095687" lon="7.163149"><ele>433</ele></trkpt>
   <trkpt lat="47.09592" lon="7.163833"><ele>433.25</ele></trkpt>
   <trkpt lat="47.096097" lon="7.164323"><ele>433.75</ele></trkpt>
   <trkpt lat="47.09639" lon="7.165081"><ele>434</ele></trkpt>
   <trkpt lat="47.096626" lon="7.165663"><ele>434.25</ele></trkpt>
   <trkpt lat="47.09708" lon="7.166724"><ele>433.75</ele></trkpt>
   <trkpt lat="47.097453" lon="7.167556"><ele>434.25</ele></trkpt>
   <trkpt lat="47.098114" lon="7.16897"><ele>434.25</ele></trkpt>
   <trkpt lat="47.10003" lon="7.173001"><ele>434</ele></trkpt>
   <trkpt lat="47.100751" lon="7.174454"><ele>433</ele></trkpt>
   <trkpt lat="47.100904" lon="7.174718"><ele>433</ele></trkpt>
   <trkpt lat="47.101064" lon="7.174975"><ele>433.25</ele></trkpt>
   <trkpt lat="47.101257" lon="7.175264"><ele>433</ele></trkpt>
   <trkpt lat="47.101531" lon="7.175634"><ele>433.25</ele></trkpt>
   <trkpt lat="47.10178" lon="7.175935"><ele>433.75</ele></trkpt>
   <trkpt lat="47.101926" lon="7.176097"><ele>434.75</ele></trkpt>
   <trkpt lat="47.102216" lon="7.176394"><ele>434.75</ele></trkpt>
   <trkpt lat="47.102714" lon="7.17684"><ele>434.5</ele></trkpt>
   <trkpt lat="47.103081" lon="7.177125"><ele>434.25</ele></trkpt>
   <trkpt lat="47.10375" lon="7.177711"><ele>433.5</ele></trkpt>
   <trkpt lat="47.10421" lon="7.178155"><ele>433.25</ele></trkpt>
   <trkpt lat="47.104245" lon="7.17819"><ele>433.25</ele></trkpt>
   <trkpt lat="47.105588" lon="7.179705"><ele>434.25</ele></trkpt>
   <trkpt lat="47.107464" lon="7.181867"><ele>435</ele></trkpt>
   <trkpt lat="47.10799" lon="7.182583"><ele>435.25</ele></trkpt>
   <trkpt lat="47.108474" lon="7.183332"><ele>435.5</ele></trkpt>
   <trkpt lat="47.108964" lon="7.184312"><ele>434</ele></trkpt>
   <trkpt lat="47.109268" lon="7.185006"><ele>433.75</ele></trkpt>
   <trkpt lat="47.109549" lon="7.185732"><ele>434</ele></trkpt>
   <trkpt lat="47.110108" lon="7.187369"><ele>435.75</ele></trkpt>
   <trkpt lat="47.110255" lon="7.187783"><ele>434.5</ele></trkpt>
   <trkpt lat="47.110441" lon="7.188277"><ele>434.25</ele></trkpt>
   <trkpt lat="47.110678" lon="7.18887"><ele>434</ele></trkpt>
   <trkpt lat="47.110929" lon="7.189466"><ele>433.5</ele></trkpt>
   <trkpt lat="47.111909" lon="7.191726"><ele>433.25</ele></trkpt>
   <trkpt lat="47.112507" lon="7.193165"><ele>433.25</ele></trkpt>
   <trkpt lat="47.11285" lon="7.193886"><ele>432</ele></trkpt>
   <trkpt lat="47.113192" lon="7.194477"><ele>432.75</ele></trkpt>
   <trkpt lat="47.113962" lon="7.19569"><ele>434</ele></trkpt>
   <trkpt lat="47.11449" lon="7.196513"><ele>435.5</ele></trkpt>
   <trkpt lat="47.114835" lon="7.197035"><ele>435.5</ele></trkpt>
   <trkpt lat="47.115071" lon="7.197381"><ele>436.75</ele></trkpt>
   <trkpt lat="47.115394" lon="7.197878"><ele>436</ele></trkpt>
   <trkpt lat="47.115708" lon="7.198379"><ele>436.25</ele></trkpt>
   <trkpt lat="47.115882" lon="7.198636"><ele>434.75</ele></trkpt>
   <trkpt lat="47.116573" lon="7.199654"><ele>434.25</ele></trkpt>
   <trkpt lat="47.11685" lon="7.200088"><ele>436.75</ele></trkpt>
   <trkpt lat="47.117149" lon="7.200593"><ele>435.25</ele></trkpt>
   <trkpt lat="47.118032" lon="7.202176"><ele>436.5</ele></trkpt>
   <trkpt lat="47.118334" lon="7.20274"><ele>435</ele></trkpt>
   <trkpt lat="47.119165" lon="7.204446"><ele>433.75</ele></trkpt>
   <trkpt lat="47.119387" lon="7.204872"><ele>436.75</ele></trkpt>
   <trkpt lat="47.11962" lon="7.205282"><ele>437.25</ele></trkpt>
   <trkpt lat="47.119864" lon="7.205668"><ele>436.75</ele></trkpt>
   <trkpt lat="47.120123" lon="7.206032"><ele>435</ele></trkpt>
   <trkpt lat="47.120397" lon="7.20638"><ele>437.75</ele></trkpt>
   <trkpt lat="47.12068" lon="7.206704"><ele>436.5</ele></trkpt>
   <trkpt lat="47.121101" lon="7.207137"><ele>435.5</ele></trkpt>
   <trkpt lat="47.121364" lon="7.207387"><ele>435.25</ele></trkpt>
   <trkpt lat="47.121723" lon="7.207683"><ele>434</ele></trkpt>
   <trkpt lat="47.122066" lon="7.20794"><ele>434</ele></trkpt>
   <trkpt lat="47.122366" lon="7.208143"><ele>434</ele></trkpt>
   <trkpt lat="47.123197" lon="7.20863"><ele>434</ele></trkpt>
   <trkpt lat="47.125639" lon="7.210006"><ele>434.25</ele></trkpt>
   <trkpt lat="47.126625" lon="7.210589"><ele>434.5</ele></trkpt>
   <trkpt lat="47.127057" lon="7.210874"><ele>434.5</ele></trkpt>
   <trkpt lat="47.127475" lon="7.211179"><ele>434.5</ele></trkpt>
   <trkpt lat="47.127798" lon="7.211435"><ele>434.5</ele></trkpt>
   <trkpt lat="47.128394" lon="7.211945"><ele>434.5</ele></trkpt>
   <trkpt lat="47.128915" lon="7.212443"><ele>434.75</ele></trkpt>
   <trkpt lat="47.129496" lon="7.213055"><ele>434.75</ele></trkpt>
   <trkpt lat="47.129997" lon="7.213647"><ele>434.75</ele></trkpt>
   <trkpt lat="47.130525" lon="7.214347"><ele>435</ele></trkpt>
   <trkpt lat="47.131021" lon="7.215062"><ele>435</ele></trkpt>
   <trkpt lat="47.131429" lon="7.215722"><ele>435</ele></trkpt>
   <trkpt lat="47.131826" lon="7.216418"><ele>435</ele></trkpt>
   <trkpt lat="47.132273" lon="7.21729"><ele>435.25</ele></trkpt>
   <trkpt lat="47.13257" lon="7.217929"><ele>435.25</ele></trkpt>
   <trkpt lat="47.132916" lon="7.218749"><ele>435.25</ele></trkpt>
   <trkpt lat="47.133221" lon="7.219552"><ele>435.25</ele></trkpt>
   <trkpt lat="47.133503" lon="7.220383"><ele>435.5</ele></trkpt>
   <trkpt lat="47.133747" lon="7.22121"><ele>435.5</ele></trkpt>
   <trkpt lat="47.133973" lon="7.222069"><ele>435.5</ele></trkpt>
   <trkpt lat="47.13416" lon="7.222893"><ele>435.5</ele></trkpt>
   <trkpt lat="47.134315" lon="7.223683"><ele>435.75</ele></trkpt>
   <trkpt lat="47.134441" lon="7.224431"><ele>435.75</ele></trkpt>
   <trkpt lat="47.134585" lon="7.225546"><ele>435.75</ele></trkpt>
   <trkpt lat="47.134692" lon="7.226616"><ele>435.75</ele></trkpt>
   <trkpt lat="47.135043" lon="7.230552"><ele>436.25</ele></trkpt>
   <trkpt lat="47.135122" lon="7.231438"><ele>436.25</ele></trkpt>
   <trkpt lat="47.135166" lon="7.232215"><ele>434</ele></trkpt>
   <trkpt lat="47.135171" lon="7.232443"><ele>434</ele></trkpt>
   <trkpt lat="47.135165" lon="7.232867"><ele>433.5</ele></trkpt>
   <trkpt lat="47.135139" lon="7.23333"><ele>432.5</ele></trkpt>
   <trkpt lat="47.135114" lon="7.233595"><ele>432.25</ele></trkpt>
   <trkpt lat="47.135079" lon="7.233888"><ele>432</ele></trkpt>
   <trkpt lat="47.135039" lon="7.234173"><ele>433</ele></trkpt>
   <trkpt lat="47.134913" lon="7.234894"><ele>434.25</ele></trkpt>
   <trkpt lat="47.134693" lon="7.236041"><ele>436.5</ele></trkpt>
   <trkpt lat="47.134595" lon="7.236475"><ele>434.25</ele></trkpt>
   <trkpt lat="47.134478" lon="7.23692"><ele>435.5</ele></trkpt>
   <trkpt lat="47.134299" lon="7.237503"><ele>434.5</ele></trkpt>
   <trkpt lat="47.13392" lon="7.238609"><ele>434.75</ele></trkpt>
   <trkpt lat="47.13383" lon="7.238869"><ele>434.75</ele></trkpt>
   <trkpt lat="47.133754" lon="7.239067"><ele>434.75</ele></trkpt>
   <trkpt lat="47.133678" lon="7.239247"><ele>435</ele></trkpt>
   <trkpt lat="47.133612" lon="7.239499"><ele>435.75</ele></trkpt>
   <trkpt lat="47.133515" lon="7.239876"><ele>435</ele></trkpt>
   <trkpt lat="47.133437" lon="7.24024"><ele>432</ele></trkpt>
   <trkpt lat="47.133394" lon="7.240467"><ele>433.75</ele></trkpt>
   <trkpt lat="47.133277" lon="7.240873"><ele>436</ele></trkpt>
   <trkpt lat="47.13313" lon="7.241349"><ele>437</ele></trkpt>
   <trkpt lat="47.132694" lon="7.242688"><ele>436.75</ele></trkpt>
   <trkpt lat="47.13177" lon="7.245518"><ele>437</ele></trkpt>
   <trkpt lat="47.131761" lon="7.245545"><ele>437</ele></trkpt>
   <trkpt lat="47.13164" lon="7.245875"><ele>437</ele></trkpt>
   <trkpt lat="47.131505" lon="7.246193"><ele>436.25</ele></trkpt>
   <trkpt lat="47.131349" lon="7.246672"><ele>436.75</ele></trkpt>
   <trkpt lat="47.131232" lon="7.24717"><ele>437</ele></trkpt>
   <trkpt lat="47.131147" lon="7.247524"><ele>436.5</ele></trkpt>
   <trkpt lat="47.13107" lon="7.2478"><ele>436.75</ele></trkpt>
   <trkpt lat="47.131044" lon="7.247878"><ele>436.25</ele></trkpt>
   <trkpt lat="47.130559" lon="7.249378"><ele>438</ele></trkpt>
   <trkpt lat="47.130431" lon="7.249851"><ele>439</ele></trkpt>
   <trkpt lat="47.13037" lon="7.250135"><ele>438.75</ele></trkpt>
   <trkpt lat="47.130325" lon="7.250398"><ele>438.75</ele></trkpt>
   <trkpt lat="47.130323" lon="7.250408"><ele>438.75</ele></trkpt>
   <trkpt lat="47.13032" lon="7.250434"><ele>438.75</ele></trkpt>
   <trkpt lat="47.130277" lon="7.250751"><ele>438.25</ele></trkpt>
   <trkpt lat="47.130249" lon="7.251072"><ele>438</ele></trkpt>
   <trkpt lat="47.130235" lon="7.251454"><ele>438</ele></trkpt>
   <trkpt lat="47.130238" lon="7.251817"><ele>438</ele></trkpt>
   <trkpt lat="47.130261" lon="7.252216"><ele>438</ele></trkpt>
   <trkpt lat="47.130304" lon="7.252601"><ele>438.5</ele></trkpt>
   <trkpt lat="47.130363" lon="7.25296"><ele>437.75</ele></trkpt>
   <trkpt lat="47.130399" lon="7.253142"><ele>437</ele></trkpt>
   <trkpt lat="47.130452" lon="7.253366"><ele>436</ele></trkpt>
   <trkpt lat="47.130523" lon="7.253629"><ele>437.25</ele></trkpt>
   <trkpt lat="47.130583" lon="7.253824"><ele>438.25</ele></trkpt>
   <trkpt lat="47.130667" lon="7.254063"><ele>437.75</ele></trkpt>
   <trkpt lat="47.131073" lon="7.255095"><ele>437.75</ele></trkpt>
   <trkpt lat="47.131239" lon="7.255501"><ele>438.5</ele></trkpt>
   <trkpt lat="47.131387" lon="7.255834"><ele>438</ele></trkpt>
   <trkpt lat="47.13155" lon="7.25615"><ele>439.25</ele></trkpt>
   <trkpt lat="47.131641" lon="7.256303"><ele>439.25</ele></trkpt>
   <trkpt lat="47.131728" lon="7.256446"><ele>439</ele></trkpt>
   <trkpt lat="47.131925" lon="7.256723"><ele>438.75</ele></trkpt>
   <trkpt lat="47.132132" lon="7.256975"><ele>439</ele></trkpt>
   <trkpt lat="47.132353" lon="7.257203"><ele>439</ele></trkpt>
   <trkpt lat="47.132468" lon="7.257308"><ele>439</ele></trkpt>
   <trkpt lat="47.132719" lon="7.257509"><ele>438</ele></trkpt>
   <trkpt lat="47.132958" lon="7.257664"><ele>439</ele></trkpt>
   <trkpt lat="47.133087" lon="7.257734"><ele>438.75</ele></trkpt>
   <trkpt lat="47.133335" lon="7.257856"><ele>438.5</ele></trkpt>
   <trkpt lat="47.134409" lon="7.258275"><ele>438.75</ele></trkpt>
   <trkpt lat="47.134432" lon="7.258284"><ele>438.5</ele></trkpt>
   <trkpt lat="47.134466" lon="7.258297"><ele>438.5</ele></trkpt>
   <trkpt lat="47.136471" lon="7.259077"><ele>440.75</ele></trkpt>
   <trkpt lat="47.136679" lon="7.259158"><ele>440</ele></trkpt>
   <trkpt lat="47.137156" lon="7.259349"><ele>440</ele></trkpt>
   <trkpt lat="47.13741" lon="7.259467"><ele>439</ele></trkpt>
   <trkpt lat="47.137729" lon="7.259648"><ele>439.75</ele></trkpt>
   <trkpt lat="47.137887" lon="7.259752"><ele>439.75</ele></trkpt>
   <trkpt lat="47.13812" lon="7.259928"><ele>439.75</ele></trkpt>
   <trkpt lat="47.138369" lon="7.260145"><ele>439.25</ele></trkpt>
   <trkpt lat="47.138631" lon="7.260408"><ele>439.75</ele></trkpt>
   <trkpt lat="47.138757" lon="7.26055"><ele>439.25</ele></trkpt>
   <trkpt lat="47.138998" lon="7.260852"><ele>440</ele></trkpt>
   <trkpt lat="47.139211" lon="7.261158"><ele>441.5</ele></trkpt>
   <trkpt lat="47.139473" lon="7.261596"><ele>441.75</ele></trkpt>
   <trkpt lat="47.139658" lon="7.261955"><ele>440</ele></trkpt>
   <trkpt lat="47.140108" lon="7.262901"><ele>439.75</ele></trkpt>
   <trkpt lat="47.141181" lon="7.265172"><ele>441</ele></trkpt>
   <trkpt lat="47.141836" lon="7.266556"><ele>440</ele></trkpt>
   <trkpt lat="47.144144" lon="7.271438"><ele>440.25</ele></trkpt>
   <trkpt lat="47.144267" lon="7.271676"><ele>439.75</ele></trkpt>
   <trkpt lat="47.144336" lon="7.271805"><ele>440.75</ele></trkpt>
   <trkpt lat="47.144589" lon="7.272242"><ele>441</ele></trkpt>
   <trkpt lat="47.144768" lon="7.27251"><ele>442.75</ele></trkpt>
   <trkpt lat="47.144846" lon="7.272612"><ele>442</ele></trkpt>
   <trkpt lat="47.145154" lon="7.273015"><ele>442</ele></trkpt>
   <trkpt lat="47.145551" lon="7.273446"><ele>440.75</ele></trkpt>
   <trkpt lat="47.145614" lon="7.273514"><ele>440.25</ele></trkpt>
   <trkpt lat="47.145746" lon="7.273651"><ele>440.25</ele></trkpt>
   <trkpt lat="47.146025" lon="7.273953"><ele>442.25</ele></trkpt>
   <trkpt lat="47.146254" lon="7.274217"><ele>442.5</ele></trkpt>
   <trkpt lat="47.146425" lon="7.274431"><ele>442.75</ele></trkpt>
   <trkpt lat="47.146583" lon="7.274646"><ele>442.5</ele></trkpt>
   <trkpt lat="47.146749" lon="7.274895"><ele>442.5</ele></trkpt>
   <trkpt lat="47.147272" lon="7.275772"><ele>443</ele></trkpt>
   <trkpt lat="47.147325" lon="7.275863"><ele>443</ele></trkpt>
   <trkpt lat="47.148133" lon="7.277233"><ele>442.25</ele></trkpt>
   <trkpt lat="47.152934" lon="7.28537"><ele>444</ele></trkpt>
   <trkpt lat="47.153852" lon="7.28693"><ele>444.5</ele></trkpt>
   <trkpt lat="47.153982" lon="7.287149"><ele>443.75</ele></trkpt>
   <trkpt lat="47.154468" lon="7.288048"><ele>444.75</ele></trkpt>
   <trkpt lat="47.154598" lon="7.288268"><ele>444.5</ele></trkpt>
   <trkpt lat="47.155695" lon="7.290128"><ele>445.25</ele></trkpt>
   <trkpt lat="47.155703" lon="7.290142"><ele>445.25</ele></trkpt>
   <trkpt lat="47.157341" lon="7.292918"><ele>444.5</ele></trkpt>
   <trkpt lat="47.158372" lon="7.294669"><ele>443.25</ele></trkpt>
   <trkpt lat="47.159489" lon="7.296565"><ele>441.75</ele></trkpt>
   <trkpt lat="47.160201" lon="7.2978"><ele>440.25</ele></trkpt>
   <trkpt lat="47.160778" lon="7.298946"><ele>439.5</ele></trkpt>
   <trkpt lat="47.161305" lon="7.300172"><ele>438.75</ele></trkpt>
   <trkpt lat="47.161679" lon="7.301201"><ele>439.5</ele></trkpt>
   <trkpt lat="47.162007" lon="7.302236"><ele>438.5</ele></trkpt>
   <trkpt lat="47.162189" lon="7.302887"><ele>439</ele></trkpt>
   <trkpt lat="47.162332" lon="7.303442"><ele>438.75</ele></trkpt>
   <trkpt lat="47.163288" lon="7.307306"><ele>441.75</ele></trkpt>
   <trkpt lat="47.163554" lon="7.3084"><ele>443</ele></trkpt>
   <trkpt lat="47.165321" lon="7.315584"><ele>436.75</ele></trkpt>
   <trkpt lat="47.165863" lon="7.317786"><ele>436.75</ele></trkpt>
   <trkpt lat="47.168494" lon="7.328496"><ele>438.75</ele></trkpt>
   <trkpt lat="47.169427" lon="7.3323"><ele>436</ele></trkpt>
   <trkpt lat="47.17134" lon="7.340123"><ele>436</ele></trkpt>
   <trkpt lat="47.172274" lon="7.343923"><ele>434.75</ele></trkpt>
   <trkpt lat="47.172395" lon="7.34445"><ele>436</ele></trkpt>
   <trkpt lat="47.172492" lon="7.344936"><ele>435.75</ele></trkpt>
   <trkpt lat="47.172569" lon="7.345413"><ele>435.25</ele></trkpt>
   <trkpt lat="47.173273" lon="7.351223"><ele>434</ele></trkpt>
   <trkpt lat="47.173355" lon="7.351761"><ele>433.75</ele></trkpt>
   <trkpt lat="47.173454" lon="7.3523"><ele>433.5</ele></trkpt>
   <trkpt lat="47.17357" lon="7.35283"><ele>433.25</ele></trkpt>
   <trkpt lat="47.173702" lon="7.353354"><ele>433.5</ele></trkpt>
   <trkpt lat="47.173852" lon="7.353866"><ele>434</ele></trkpt>
   <trkpt lat="47.174019" lon="7.354364"><ele>432</ele></trkpt>
   <trkpt lat="47.174198" lon="7.354849"><ele>432.75</ele></trkpt>
   <trkpt lat="47.174502" lon="7.355587"><ele>431.5</ele></trkpt>
   <trkpt lat="47.174695" lon="7.356026"><ele>430.5</ele></trkpt>
   <trkpt lat="47.17479" lon="7.356249"><ele>430.5</ele></trkpt>
   <trkpt lat="47.176605" lon="7.360401"><ele>433</ele></trkpt>
   <trkpt lat="47.177627" lon="7.362757"><ele>434</ele></trkpt>
   <trkpt lat="47.177826" lon="7.363206"><ele>435</ele></trkpt>
   <trkpt lat="47.17886" lon="7.365578"><ele>438.5</ele></trkpt>
   <trkpt lat="47.179359" lon="7.366717"><ele>439.5</ele></trkpt>
   <trkpt lat="47.180826" lon="7.370085"><ele>441</ele></trkpt>
   <trkpt lat="47.181213" lon="7.370974"><ele>442.5</ele></trkpt>
   <trkpt lat="47.184944" lon="7.379495"><ele>444.75</ele></trkpt>
   <trkpt lat="47.187177" lon="7.384619"><ele>446.5</ele></trkpt>
   <trkpt lat="47.187198" lon="7.384668"><ele>446.25</ele></trkpt>
   <trkpt lat="47.187343" lon="7.385043"><ele>447</ele></trkpt>
   <trkpt lat="47.187467" lon="7.385415"><ele>446.25</ele></trkpt>
   <trkpt lat="47.187573" lon="7.385802"><ele>446.25</ele></trkpt>
   <trkpt lat="47.187661" lon="7.386202"><ele>448</ele></trkpt>
   <trkpt lat="47.18771" lon="7.386499"><ele>447.25</ele></trkpt>
   <trkpt lat="47.187755" lon="7.386859"><ele>446.25</ele></trkpt>
   <trkpt lat="47.187787" lon="7.38722"><ele>445</ele></trkpt>
   <trkpt lat="47.187802" lon="7.387591"><ele>445</ele></trkpt>
   <trkpt lat="47.1878" lon="7.387954"><ele>445</ele></trkpt>
   <trkpt lat="47.187787" lon="7.388322"><ele>444.75</ele></trkpt>
   <trkpt lat="47.18766" lon="7.390243"><ele>443</ele></trkpt>
   <trkpt lat="47.187625" lon="7.390761"><ele>442.75</ele></trkpt>
   <trkpt lat="47.187602" lon="7.391204"><ele>443</ele></trkpt>
   <trkpt lat="47.187591" lon="7.39166"><ele>442.5</ele></trkpt>
   <trkpt lat="47.187602" lon="7.392165"><ele>441.5</ele></trkpt>
   <trkpt lat="47.187627" lon="7.392623"><ele>441</ele></trkpt>
   <trkpt lat="47.187672" lon="7.393073"><ele>441.75</ele></trkpt>
   <trkpt lat="47.187738" lon="7.393536"><ele>441.5</ele></trkpt>
   <trkpt lat="47.187825" lon="7.394024"><ele>441.5</ele></trkpt>
   <trkpt lat="47.187998" lon="7.394915"><ele>441</ele></trkpt>
   <trkpt lat="47.188265" lon="7.396274"><ele>440</ele></trkpt>
   <trkpt lat="47.188375" lon="7.396824"><ele>438.25</ele></trkpt>
   <trkpt lat="47.188426" lon="7.397076"><ele>437</ele></trkpt>
   <trkpt lat="47.188753" lon="7.398683"><ele>439.5</ele></trkpt>
   <trkpt lat="47.189796" lon="7.403809"><ele>439.25</ele></trkpt>
   <trkpt lat="47.189923" lon="7.40443"><ele>437</ele></trkpt>
   <trkpt lat="47.189985" lon="7.404734"><ele>437.75</ele></trkpt>
   <trkpt lat="47.190367" lon="7.406587"><ele>439.5</ele></trkpt>
   <trkpt lat="47.191203" lon="7.410597"><ele>441</ele></trkpt>
   <trkpt lat="47.194588" lon="7.427287"><ele>440.5</ele></trkpt>
   <trkpt lat="47.19465" lon="7.427597"><ele>440.75</ele></trkpt>
   <trkpt lat="47.19474" lon="7.428039"><ele>441</ele></trkpt>
   <trkpt lat="47.194824" lon="7.428447"><ele>440</ele></trkpt>
   <trkpt lat="47.195926" lon="7.43387"><ele>438</ele></trkpt>
   <trkpt lat="47.197741" lon="7.442772"><ele>436.75</ele></trkpt>
   <trkpt lat="47.198664" lon="7.447324"><ele>435.75</ele></trkpt>
   <trkpt lat="47.198728" lon="7.447639"><ele>434.5</ele></trkpt>
   <trkpt lat="47.198754" lon="7.447761"><ele>434.75</ele></trkpt>
   <trkpt lat="47.199071" lon="7.449327"><ele>437.25</ele></trkpt>
   <trkpt lat="47.199622" lon="7.452068"><ele>438</ele></trkpt>
   <trkpt lat="47.200562" lon="7.456692"><ele>438</ele></trkpt>
   <trkpt lat="47.201487" lon="7.461257"><ele>434.25</ele></trkpt>
   <trkpt lat="47.203592" lon="7.471599"><ele>428.75</ele></trkpt>
   <trkpt lat="47.207799" lon="7.492389"><ele>428.25</ele></trkpt>
   <trkpt lat="47.207888" lon="7.492827"><ele>428.75</ele></trkpt>
   <trkpt lat="47.208563" lon="7.496179"><ele>429.75</ele></trkpt>
   <trkpt lat="47.208664" lon="7.496764"><ele>429</ele></trkpt>
   <trkpt lat="47.208753" lon="7.497372"><ele>429.25</ele></trkpt>
   <trkpt lat="47.20881" lon="7.497902"><ele>430</ele></trkpt>
   <trkpt lat="47.208867" lon="7.498898"><ele>430.75</ele></trkpt>
   <trkpt lat="47.208878" lon="7.499546"><ele>430.75</ele></trkpt>
   <trkpt lat="47.208877" lon="7.500813"><ele>432</ele></trkpt>
   <trkpt lat="47.208867" lon="7.505588"><ele>432.75</ele></trkpt>
   <trkpt lat="47.208862" lon="7.507932"><ele>432.75</ele></trkpt>
   <trkpt lat="47.208848" lon="7.516013"><ele>430.25</ele></trkpt>
   <trkpt lat="47.208848" lon="7.516214"><ele>430.5</ele></trkpt>
   <trkpt lat="47.208841" lon="7.519629"><ele>432</ele></trkpt>
   <trkpt lat="47.208838" lon="7.521707"><ele>432.25</ele></trkpt>
   <trkpt lat="47.208826" lon="7.525148"><ele>430.5</ele></trkpt>
   <trkpt lat="47.208828" lon="7.525344"><ele>429.75</ele></trkpt>
   <trkpt lat="47.208827" lon="7.525905"><ele>431.75</ele></trkpt>
   <trkpt lat="47.208818" lon="7.526335"><ele>432.25</ele></trkpt>
   <trkpt lat="47.208781" lon="7.52689"><ele>432.25</ele></trkpt>
   <trkpt lat="47.208747" lon="7.527185"><ele>431.5</ele></trkpt>
   <trkpt lat="47.208675" lon="7.527611"><ele>431.25</ele></trkpt>
   <trkpt lat="47.208625" lon="7.527848"><ele>432.25</ele></trkpt>
   <trkpt lat="47.208509" lon="7.528316"><ele>431.75</ele></trkpt>
   <trkpt lat="47.208407" lon="7.52865"><ele>431.5</ele></trkpt>
   <trkpt lat="47.208253" lon="7.52907"><ele>432</ele></trkpt>
   <trkpt lat="47.208071" lon="7.5295"><ele>432.25</ele></trkpt>
   <trkpt lat="47.207958" lon="7.52974"><ele>432.25</ele></trkpt>
   <trkpt lat="47.207751" lon="7.530122"><ele>432.25</ele></trkpt>
   <trkpt lat="47.207493" lon="7.530547"><ele>432.75</ele></trkpt>
   <trkpt lat="47.207295" lon="7.530857"><ele>432.75</ele></trkpt>
   <trkpt lat="47.207154" lon="7.531076"><ele>432.25</ele></trkpt>
   <trkpt lat="47.20702" lon="7.531282"><ele>432.25</ele></trkpt>
   <trkpt lat="47.2067" lon="7.531773"><ele>431.75</ele></trkpt>
   <trkpt lat="47.206014" lon="7.532834"><ele>431.75</ele></trkpt>
   <trkpt lat="47.205995" lon="7.532864"><ele>431.5</ele></trkpt>
   <trkpt lat="47.205638" lon="7.533479"><ele>431.75</ele></trkpt>
   <trkpt lat="47.205462" lon="7.533769"><ele>430.75</ele></trkpt>
   <trkpt lat="47.205406" lon="7.533859"><ele>429.75</ele></trkpt>
   <trkpt lat="47.204662" lon="7.535012"><ele>430</ele></trkpt>
   <trkpt lat="47.204642" lon="7.535042"><ele>430</ele></trkpt>
   <trkpt lat="47.204244" lon="7.535651"><ele>431.25</ele></trkpt>
   <trkpt lat="47.204002" lon="7.53607"><ele>431.25</ele></trkpt>
   <trkpt lat="47.203802" lon="7.536524"><ele>431</ele></trkpt>
   <trkpt lat="47.203681" lon="7.536927"><ele>431</ele></trkpt>
   <trkpt lat="47.203656" lon="7.537025"><ele>431</ele></trkpt>
   <trkpt lat="47.203592" lon="7.537333"><ele>431</ele></trkpt>
   <trkpt lat="47.203552" lon="7.537584"><ele>431</ele></trkpt>
   <trkpt lat="47.203538" lon="7.537711"><ele>431</ele></trkpt>
   <trkpt lat="47.203513" lon="7.538066"><ele>431.25</ele></trkpt>
   <trkpt lat="47.203512" lon="7.538333"><ele>431.25</ele></trkpt>
   <trkpt lat="47.203518" lon="7.538535"><ele>431.25</ele></trkpt>
   <trkpt lat="47.203546" lon="7.538898"><ele>431.25</ele></trkpt>
   <trkpt lat="47.203702" lon="7.540037"><ele>432</ele></trkpt>
   <trkpt lat="47.203879" lon="7.541321"><ele>431.75</ele></trkpt>
   <trkpt lat="47.204129" lon="7.543151"><ele>431.75</ele></trkpt>
   <trkpt lat="47.204606" lon="7.546622"><ele>431</ele></trkpt>
   <trkpt lat="47.204645" lon="7.546903"><ele>431</ele></trkpt>
   <trkpt lat="47.2051" lon="7.550225"><ele>431.25</ele></trkpt>
   <trkpt lat="47.205229" lon="7.55117"><ele>430.75</ele></trkpt>
   <trkpt lat="47.205253" lon="7.551343"><ele>431</ele></trkpt>
   <trkpt lat="47.205364" lon="7.552256"><ele>432</ele></trkpt>
   <trkpt lat="47.205488" lon="7.553356"><ele>431.5</ele></trkpt>
   <trkpt lat="47.205585" lon="7.554074"><ele>430.75</ele></trkpt>
   <trkpt lat="47.20562" lon="7.554331"><ele>431.25</ele></trkpt>
   <trkpt lat="47.205757" lon="7.555319"><ele>431</ele></trkpt>
   <trkpt lat="47.205808" lon="7.555623"><ele>431.75</ele></trkpt>
   <trkpt lat="47.205967" lon="7.556452"><ele>431.5</ele></trkpt>
   <trkpt lat="47.206021" lon="7.556752"><ele>431</ele></trkpt>
   <trkpt lat="47.206099" lon="7.557123"><ele>431</ele></trkpt>
   <trkpt lat="47.206187" lon="7.5575"><ele>431</ele></trkpt>
   <trkpt lat="47.206297" lon="7.557911"><ele>431</ele></trkpt>
   <trkpt lat="47.206375" lon="7.558177"><ele>431</ele></trkpt>
   <trkpt lat="47.206516" lon="7.558618"><ele>431</ele></trkpt>
   <trkpt lat="47.206728" lon="7.559207"><ele>430</ele></trkpt>
   <trkpt lat="47.206792" lon="7.559373"><ele>430</ele></trkpt>
   <trkpt lat="47.206902" lon="7.559646"><ele>430.75</ele></trkpt>
   <trkpt lat="47.207124" lon="7.560156"><ele>431</ele></trkpt>
   <trkpt lat="47.207323" lon="7.560569"><ele>430.75</ele></trkpt>
   <trkpt lat="47.207596" lon="7.561097"><ele>430.5</ele></trkpt>
   <trkpt lat="47.209952" lon="7.565573"><ele>431.75</ele></trkpt>
   <trkpt lat="47.210625" lon="7.566839"><ele>430.75</ele></trkpt>
   <trkpt lat="47.211174" lon="7.567954"><ele>431</ele></trkpt>
   <trkpt lat="47.211596" lon="7.5689"><ele>431</ele></trkpt>
   <trkpt lat="47.211741" lon="7.569243"><ele>430.75</ele></trkpt>
   <trkpt lat="47.211999" lon="7.569882"><ele>430.75</ele></trkpt>
   <trkpt lat="47.21297" lon="7.572382"><ele>429</ele></trkpt>
   <trkpt lat="47.212992" lon="7.572439"><ele>429.25</ele></trkpt>
   <trkpt lat="47.213226" lon="7.573041"><ele>428.25</ele></trkpt>
   <trkpt lat="47.213611" lon="7.574031"><ele>430</ele></trkpt>
   <trkpt lat="47.213935" lon="7.574873"><ele>429.5</ele></trkpt>
   <trkpt lat="47.214028" lon="7.575113"><ele>428.75</ele></trkpt>
   <trkpt lat="47.214328" lon="7.575886"><ele>427.5</ele></trkpt>
   <trkpt lat="47.214496" lon="7.576308"><ele>428.75</ele></trkpt>
   <trkpt lat="47.214511" lon="7.576345"><ele>429</ele></trkpt>
   <trkpt lat="47.214567" lon="7.576488"><ele>429.5</ele></trkpt>
   <trkpt lat="47.21516" lon="7.578016"><ele>429.5</ele></trkpt>
   <trkpt lat="47.216295" lon="7.580915"><ele>429</ele></trkpt>
   <trkpt lat="47.216725" lon="7.581948"><ele>429</ele></trkpt>
   <trkpt lat="47.21725" lon="7.583292"><ele>429</ele></trkpt>
   <trkpt lat="47.217662" lon="7.584374"><ele>429</ele></trkpt>
   <trkpt lat="47.218147" lon="7.585719"><ele>429</ele></trkpt>
   <trkpt lat="47.218573" lon="7.586916"><ele>429</ele></trkpt>
   <trkpt lat="47.218906" lon="7.587916"><ele>428.75</ele></trkpt>
   <trkpt lat="47.219123" lon="7.588658"><ele>429.25</ele></trkpt>
   <trkpt lat="47.219257" lon="7.589202"><ele>427.75</ele></trkpt>
   <trkpt lat="47.219317" lon="7.58949"><ele>426.75</ele></trkpt>
   <trkpt lat="47.219359" lon="7.5897"><ele>428.5</ele></trkpt>
   <trkpt lat="47.219428" lon="7.590079"><ele>428.75</ele></trkpt>
   <trkpt lat="47.219504" lon="7.590566"><ele>428</ele></trkpt>
   <trkpt lat="47.219568" lon="7.591083"><ele>428.25</ele></trkpt>
   <trkpt lat="47.219625" lon="7.591682"><ele>428.5</ele></trkpt>
   <trkpt lat="47.219663" lon="7.592258"><ele>428.75</ele></trkpt>
   <trkpt lat="47.219683" lon="7.592808"><ele>428.75</ele></trkpt>
   <trkpt lat="47.219686" lon="7.593103"><ele>428.75</ele></trkpt>
   <trkpt lat="47.219687" lon="7.593362"><ele>428.75</ele></trkpt>
   <trkpt lat="47.219675" lon="7.593915"><ele>428.75</ele></trkpt>
   <trkpt lat="47.219634" lon="7.594777"><ele>428.5</ele></trkpt>
   <trkpt lat="47.219187" lon="7.603154"><ele>429</ele></trkpt>
   <trkpt lat="47.219186" lon="7.603172"><ele>429</ele></trkpt>
   <trkpt lat="47.219117" lon="7.60446"><ele>427</ele></trkpt>
   <trkpt lat="47.21908" lon="7.605152"><ele>426.5</ele></trkpt>
   <trkpt lat="47.219043" lon="7.605861"><ele>428.25</ele></trkpt>
   <trkpt lat="47.219042" lon="7.605875"><ele>428.25</ele></trkpt>
   <trkpt lat="47.218469" lon="7.616663"><ele>427.25</ele></trkpt>
   <trkpt lat="47.218468" lon="7.616682"><ele>427.5</ele></trkpt>
   <trkpt lat="47.218362" lon="7.618798"><ele>428.75</ele></trkpt>
   <trkpt lat="47.218268" lon="7.620547"><ele>429</ele></trkpt>
   <trkpt lat="47.218203" lon="7.621853"><ele>428.25</ele></trkpt>
   <trkpt lat="47.218188" lon="7.622388"><ele>428</ele></trkpt>
   <trkpt lat="47.218183" lon="7.622905"><ele>427.75</ele></trkpt>
   <trkpt lat="47.218195" lon="7.62357"><ele>427.75</ele></trkpt>
   <trkpt lat="47.218215" lon="7.624074"><ele>428.25</ele></trkpt>
   <trkpt lat="47.218248" lon="7.624568"><ele>428.25</ele></trkpt>
   <trkpt lat="47.218304" lon="7.625114"><ele>429</ele></trkpt>
   <trkpt lat="47.218381" lon="7.625685"><ele>429</ele></trkpt>
   <trkpt lat="47.218473" lon="7.626241"><ele>428.75</ele></trkpt>
   <trkpt lat="47.218587" lon="7.626818"><ele>429</ele></trkpt>
   <trkpt lat="47.218716" lon="7.627377"><ele>428</ele></trkpt>
   <trkpt lat="47.218862" lon="7.627902"><ele>428</ele></trkpt>
   <trkpt lat="47.219025" lon="7.628432"><ele>427.5</ele></trkpt>
   <trkpt lat="47.219203" lon="7.628954"><ele>428</ele></trkpt>
   <trkpt lat="47.219528" lon="7.629792"><ele>428.75</ele></trkpt>
   <trkpt lat="47.219545" lon="7.629836"><ele>428.75</ele></trkpt>
   <trkpt lat="47.221401" lon="7.634154"><ele>424.75</ele></trkpt>
   <trkpt lat="47.221415" lon="7.634186"><ele>424.5</ele></trkpt>
   <trkpt lat="47.224241" lon="7.640763"><ele>421.75</ele></trkpt>
   <trkpt lat="47.224254" lon="7.640793"><ele>421.75</ele></trkpt>
   <trkpt lat="47.226849" lon="7.646833"><ele>421</ele></trkpt>
   <trkpt lat="47.226865" lon="7.64687"><ele>421</ele></trkpt>
   <trkpt lat="47.228617" lon="7.650947"><ele>421.75</ele></trkpt>
   <trkpt lat="47.228658" lon="7.651042"><ele>421.75</ele></trkpt>
   <trkpt lat="47.228838" lon="7.651436"><ele>421.5</ele></trkpt>
   <trkpt lat="47.229087" lon="7.651935"><ele>421</ele></trkpt>
   <trkpt lat="47.229294" lon="7.652397"><ele>421</ele></trkpt>
   <trkpt lat="47.229421" lon="7.652662"><ele>422</ele></trkpt>
   <trkpt lat="47.229562" lon="7.652938"><ele>421.25</ele></trkpt>
   <trkpt lat="47.229786" lon="7.65334"><ele>422.5</ele></trkpt>
   <trkpt lat="47.230087" lon="7.653827"><ele>419.5</ele></trkpt>
   <trkpt lat="47.230205" lon="7.654"><ele>419.75</ele></trkpt>
   <trkpt lat="47.23074" lon="7.654751"><ele>422.5</ele></trkpt>
   <trkpt lat="47.23293" lon="7.657847"><ele>422</ele></trkpt>
   <trkpt lat="47.233273" lon="7.65833"><ele>422.25</ele></trkpt>
   <trkpt lat="47.233786" lon="7.659112"><ele>419.75</ele></trkpt>
   <trkpt lat="47.233878" lon="7.659244"><ele>419.75</ele></trkpt>
   <trkpt lat="47.233998" lon="7.659403"><ele>420.25</ele></trkpt>
   <trkpt lat="47.234232" lon="7.659665"><ele>420.75</ele></trkpt>
   <trkpt lat="47.234711" lon="7.660116"><ele>420</ele></trkpt>
   <trkpt lat="47.234901" lon="7.660267"><ele>420.25</ele></trkpt>
   <trkpt lat="47.234987" lon="7.66033"><ele>420.25</ele></trkpt>
   <trkpt lat="47.235831" lon="7.660898"><ele>419.5</ele></trkpt>
   <trkpt lat="47.236217" lon="7.661164"><ele>420.75</ele></trkpt>
   <trkpt lat="47.236363" lon="7.661286"><ele>420.5</ele></trkpt>
   <trkpt lat="47.236371" lon="7.661292"><ele>420.5</ele></trkpt>
   <trkpt lat="47.236505" lon="7.661405"><ele>420.75</ele></trkpt>
   <trkpt lat="47.236696" lon="7.661603"><ele>420.75</ele></trkpt>
   <trkpt lat="47.236896" lon="7.661828"><ele>418.75</ele></trkpt>
   <trkpt lat="47.23705" lon="7.662037"><ele>418.75</ele></trkpt>
   <trkpt lat="47.237206" lon="7.662283"><ele>423</ele></trkpt>
   <trkpt lat="47.237352" lon="7.662547"><ele>420.5</ele></trkpt>
   <trkpt lat="47.237486" lon="7.662827"><ele>423.25</ele></trkpt>
   <trkpt lat="47.237598" lon="7.663098"><ele>420.5</ele></trkpt>
   <trkpt lat="47.237697" lon="7.66338"><ele>421.25</ele></trkpt>
   <trkpt lat="47.237806" lon="7.663762"><ele>420.75</ele></trkpt>
   <trkpt lat="47.237868" lon="7.664039"><ele>419.25</ele></trkpt>
   <trkpt lat="47.237936" lon="7.664402"><ele>420.5</ele></trkpt>
   <trkpt lat="47.238234" lon="7.666426"><ele>420.75</ele></trkpt>
   <trkpt lat="47.238354" lon="7.667242"><ele>425.5</ele></trkpt>
   <trkpt lat="47.238426" lon="7.667693"><ele>423.25</ele></trkpt>
   <trkpt lat="47.238433" lon="7.667741"><ele>423</ele></trkpt>
   <trkpt lat="47.238508" lon="7.668122"><ele>423.75</ele></trkpt>
   <trkpt lat="47.2386" lon="7.668483"><ele>427.5</ele></trkpt>
   <trkpt lat="47.238711" lon="7.668829"><ele>427.5</ele></trkpt>
   <trkpt lat="47.238838" lon="7.66915"><ele>428.5</ele></trkpt>
   <trkpt lat="47.238982" lon="7.669456"><ele>430</ele></trkpt>
   <trkpt lat="47.239142" lon="7.669747"><ele>429.75</ele></trkpt>
   <trkpt lat="47.239318" lon="7.670014"><ele>433.25</ele></trkpt>
   <trkpt lat="47.239507" lon="7.670261"><ele>433.5</ele></trkpt>
   <trkpt lat="47.23971" lon="7.670484"><ele>432.75</ele></trkpt>
   <trkpt lat="47.239919" lon="7.670679"><ele>434.25</ele></trkpt>
   <trkpt lat="47.240129" lon="7.670839"><ele>433.25</ele></trkpt>
   <trkpt lat="47.240411" lon="7.671016"><ele>430</ele></trkpt>
   <trkpt lat="47.240537" lon="7.67108"><ele>430.5</ele></trkpt>
   <trkpt lat="47.240833" lon="7.671195"><ele>429</ele></trkpt>
   <trkpt lat="47.241093" lon="7.671262"><ele>428.75</ele></trkpt>
   <trkpt lat="47.24117" lon="7.671274"><ele>429</ele></trkpt>
   <trkpt lat="47.241205" lon="7.671278"><ele>429.25</ele></trkpt>
   <trkpt lat="47.241327" lon="7.671292"><ele>429.75</ele></trkpt>
   <trkpt lat="47.241563" lon="7.671296"><ele>429.75</ele></trkpt>
   <trkpt lat="47.24183" lon="7.671272"><ele>429.5</ele></trkpt>
   <trkpt lat="47.242089" lon="7.671231"><ele>430.5</ele></trkpt>
   <trkpt lat="47.243084" lon="7.671034"><ele>433</ele></trkpt>
   <trkpt lat="47.243344" lon="7.671004"><ele>434.5</ele></trkpt>
   <trkpt lat="47.243593" lon="7.671007"><ele>436.25</ele></trkpt>
   <trkpt lat="47.243841" lon="7.671032"><ele>436</ele></trkpt>
   <trkpt lat="47.244108" lon="7.6711"><ele>436</ele></trkpt>
   <trkpt lat="47.244339" lon="7.671185"><ele>435</ele></trkpt>
   <trkpt lat="47.244536" lon="7.671278"><ele>434.25</ele></trkpt>
   <trkpt lat="47.244775" lon="7.671425"><ele>435.25</ele></trkpt>
   <trkpt lat="47.244992" lon="7.671588"><ele>434.25</ele></trkpt>
   <trkpt lat="47.245054" lon="7.671646"><ele>434.75</ele></trkpt>
   <trkpt lat="47.245193" lon="7.671771"><ele>434.75</ele></trkpt>
   <trkpt lat="47.245397" lon="7.671993"><ele>435.25</ele></trkpt>
   <trkpt lat="47.245579" lon="7.672224"><ele>438</ele></trkpt>
   <trkpt lat="47.245596" lon="7.672249"><ele>437.75</ele></trkpt>
   <trkpt lat="47.24576" lon="7.672484"><ele>436.75</ele></trkpt>
   <trkpt lat="47.245968" lon="7.672815"><ele>436.25</ele></trkpt>
   <trkpt lat="47.249581" lon="7.678595"><ele>443.25</ele></trkpt>
   <trkpt lat="47.249603" lon="7.67863"><ele>443.5</ele></trkpt>
   <trkpt lat="47.25101" lon="7.680879"><ele>449</ele></trkpt>
   <trkpt lat="47.251253" lon="7.681264"><ele>449.75</ele></trkpt>
   <trkpt lat="47.251436" lon="7.681535"><ele>449.75</ele></trkpt>
   <trkpt lat="47.251462" lon="7.681571"><ele>450</ele></trkpt>
   <trkpt lat="47.251676" lon="7.681847"><ele>450</ele></trkpt>
   <trkpt lat="47.251907" lon="7.682104"><ele>450.5</ele></trkpt>
   <trkpt lat="47.252023" lon="7.682219"><ele>450.5</ele></trkpt>
   <trkpt lat="47.252142" lon="7.68233"><ele>450.75</ele></trkpt>
   <trkpt lat="47.252385" lon="7.682529"><ele>450.75</ele></trkpt>
   <trkpt lat="47.25263" lon="7.682699"><ele>451.5</ele></trkpt>
   <trkpt lat="47.252826" lon="7.682815"><ele>450.5</ele></trkpt>
   <trkpt lat="47.253006" lon="7.682907"><ele>451.5</ele></trkpt>
   <trkpt lat="47.253288" lon="7.683022"><ele>450.5</ele></trkpt>
   <trkpt lat="47.253482" lon="7.683083"><ele>451</ele></trkpt>
   <trkpt lat="47.253663" lon="7.683128"><ele>452.25</ele></trkpt>
   <trkpt lat="47.254003" lon="7.683178"><ele>453.75</ele></trkpt>
   <trkpt lat="47.254271" lon="7.683188"><ele>454.25</ele></trkpt>
   <trkpt lat="47.254461" lon="7.68318"><ele>454.25</ele></trkpt>
   <trkpt lat="47.254653" lon="7.683158"><ele>454.5</ele></trkpt>
   <trkpt lat="47.254939" lon="7.683099"><ele>454</ele></trkpt>
   <trkpt lat="47.255241" lon="7.683004"><ele>454.5</ele></trkpt>
   <trkpt lat="47.255439" lon="7.682921"><ele>455.75</ele></trkpt>
   <trkpt lat="47.255697" lon="7.682791"><ele>454.75</ele></trkpt>
   <trkpt lat="47.25707" lon="7.681973"><ele>455.5</ele></trkpt>
   <trkpt lat="47.25709" lon="7.68196"><ele>455.25</ele></trkpt>
   <trkpt lat="47.25773" lon="7.681573"><ele>457</ele></trkpt>
   <trkpt lat="47.258196" lon="7.681314"><ele>458</ele></trkpt>
   <trkpt lat="47.258427" lon="7.681202"><ele>457.75</ele></trkpt>
   <trkpt lat="47.258454" lon="7.681192"><ele>457.5</ele></trkpt>
   <trkpt lat="47.258704" lon="7.681096"><ele>456.5</ele></trkpt>
   <trkpt lat="47.258961" lon="7.681038"><ele>458.25</ele></trkpt>
   <trkpt lat="47.259211" lon="7.681003"><ele>459.5</ele></trkpt>
   <trkpt lat="47.259461" lon="7.680992"><ele>460</ele></trkpt>
   <trkpt lat="47.259714" lon="7.68101"><ele>460</ele></trkpt>
   <trkpt lat="47.25996" lon="7.681051"><ele>458.75</ele></trkpt>
   <trkpt lat="47.260208" lon="7.68112"><ele>458.75</ele></trkpt>
   <trkpt lat="47.260447" lon="7.681213"><ele>460.25</ele></trkpt>
   <trkpt lat="47.260683" lon="7.681329"><ele>460.5</ele></trkpt>
   <trkpt lat="47.260918" lon="7.681474"><ele>460.25</ele></trkpt>
   <trkpt lat="47.261144" lon="7.681642"><ele>459.5</ele></trkpt>
   <trkpt lat="47.261358" lon="7.681831"><ele>461.25</ele></trkpt>
   <trkpt lat="47.261566" lon="7.682044"><ele>461.25</ele></trkpt>
   <trkpt lat="47.261773" lon="7.682294"><ele>460.75</ele></trkpt>
   <trkpt lat="47.26197" lon="7.682566"><ele>461</ele></trkpt>
   <trkpt lat="47.262146" lon="7.682841"><ele>461</ele></trkpt>
   <trkpt lat="47.262361" lon="7.683198"><ele>461</ele></trkpt>
   <trkpt lat="47.264314" lon="7.686469"><ele>461.75</ele></trkpt>
   <trkpt lat="47.264479" lon="7.686751"><ele>461</ele></trkpt>
   <trkpt lat="47.264837" lon="7.687345"><ele>463.5</ele></trkpt>
   <trkpt lat="47.264854" lon="7.687373"><ele>463.5</ele></trkpt>
   <trkpt lat="47.266549" lon="7.690206"><ele>465.5</ele></trkpt>
   <trkpt lat="47.267226" lon="7.691332"><ele>466.75</ele></trkpt>
   <trkpt lat="47.267433" lon="7.691648"><ele>466.25</ele></trkpt>
   <trkpt lat="47.267631" lon="7.69193"><ele>466.25</ele></trkpt>
   <trkpt lat="47.267843" lon="7.69221"><ele>466.5</ele></trkpt>
   <trkpt lat="47.268046" lon="7.692459"><ele>466.5</ele></trkpt>
   <trkpt lat="47.2688" lon="7.693344"><ele>467.25</ele></trkpt>
   <trkpt lat="47.26892" lon="7.69348"><ele>467</ele></trkpt>
   <trkpt lat="47.269716" lon="7.694414"><ele>467.75</ele></trkpt>
   <trkpt lat="47.270142" lon="7.694907"><ele>467.5</ele></trkpt>
   <trkpt lat="47.270387" lon="7.695174"><ele>467.5</ele></trkpt>
   <trkpt lat="47.271113" lon="7.695918"><ele>467.25</ele></trkpt>
   <trkpt lat="47.274471" lon="7.699192"><ele>465.5</ele></trkpt>
   <trkpt lat="47.275055" lon="7.699771"><ele>463.75</ele></trkpt>
   <trkpt lat="47.275189" lon="7.699907"><ele>463.25</ele></trkpt>
   <trkpt lat="47.277514" lon="7.702278"><ele>463</ele></trkpt>
   <trkpt lat="47.277534" lon="7.702299"><ele>463</ele></trkpt>
   <trkpt lat="47.279162" lon="7.703964"><ele>461.75</ele></trkpt>
   <trkpt lat="47.280616" lon="7.705521"><ele>461.75</ele></trkpt>
   <trkpt lat="47.28071" lon="7.705615"><ele>461.75</ele></trkpt>
   <trkpt lat="47.2809" lon="7.705811"><ele>462</ele></trkpt>
   <trkpt lat="47.282261" lon="7.707211"><ele>461.75</ele></trkpt>
   <trkpt lat="47.283623" lon="7.708601"><ele>462</ele></trkpt>
   <trkpt lat="47.283765" lon="7.708749"><ele>461.75</ele></trkpt>
   <trkpt lat="47.284035" lon="7.709052"><ele>461.5</ele></trkpt>
   <trkpt lat="47.284294" lon="7.709361"><ele>461.5</ele></trkpt>
   <trkpt lat="47.284594" lon="7.709756"><ele>461</ele></trkpt>
   <trkpt lat="47.284783" lon="7.710025"><ele>461</ele></trkpt>
   <trkpt lat="47.285033" lon="7.710417"><ele>461.5</ele></trkpt>
   <trkpt lat="47.285223" lon="7.710746"><ele>461.5</ele></trkpt>
   <trkpt lat="47.285344" lon="7.710972"><ele>461.5</ele></trkpt>
   <trkpt lat="47.285478" lon="7.711247"><ele>461.5</ele></trkpt>
   <trkpt lat="47.285627" lon="7.711579"><ele>461.25</ele></trkpt>
   <trkpt lat="47.285741" lon="7.711862"><ele>461.5</ele></trkpt>
   <trkpt lat="47.285846" lon="7.712144"><ele>461.25</ele></trkpt>
   <trkpt lat="47.285958" lon="7.712476"><ele>461.25</ele></trkpt>
   <trkpt lat="47.286067" lon="7.712833"><ele>461.5</ele></trkpt>
   <trkpt lat="47.286176" lon="7.713257"><ele>461</ele></trkpt>
   <trkpt lat="47.286265" lon="7.71364"><ele>460.5</ele></trkpt>
   <trkpt lat="47.286465" lon="7.714575"><ele>459.5</ele></trkpt>
   <trkpt lat="47.286581" lon="7.715137"><ele>459.75</ele></trkpt>
   <trkpt lat="47.286789" lon="7.716218"><ele>461</ele></trkpt>
   <trkpt lat="47.286881" lon="7.716672"><ele>458</ele></trkpt>
   <trkpt lat="47.286992" lon="7.71724"><ele>457.5</ele></trkpt>
   <trkpt lat="47.287246" lon="7.71856"><ele>460</ele></trkpt>
   <trkpt lat="47.287249" lon="7.718573"><ele>460</ele></trkpt>
   <trkpt lat="47.287251" lon="7.718586"><ele>459.75</ele></trkpt>
   <trkpt lat="47.288125" lon="7.723121"><ele>457.5</ele></trkpt>
   <trkpt lat="47.288268" lon="7.72381"><ele>457.5</ele></trkpt>
   <trkpt lat="47.288433" lon="7.724506"><ele>457</ele></trkpt>
   <trkpt lat="47.288855" lon="7.726069"><ele>453.75</ele></trkpt>
   <trkpt lat="47.288905" lon="7.726252"><ele>454.5</ele></trkpt>
   <trkpt lat="47.289711" lon="7.7292"><ele>455.75</ele></trkpt>
   <trkpt lat="47.28974" lon="7.729308"><ele>455.25</ele></trkpt>
   <trkpt lat="47.290062" lon="7.730481"><ele>454.75</ele></trkpt>
   <trkpt lat="47.29025" lon="7.731138"><ele>455.5</ele></trkpt>
   <trkpt lat="47.290403" lon="7.731627"><ele>453.5</ele></trkpt>
   <trkpt lat="47.290592" lon="7.732183"><ele>454.5</ele></trkpt>
   <trkpt lat="47.290597" lon="7.732197"><ele>454.5</ele></trkpt>
   <trkpt lat="47.290602" lon="7.732212"><ele>454.5</ele></trkpt>
   <trkpt lat="47.290754" lon="7.732635"><ele>453.25</ele></trkpt>
   <trkpt lat="47.290812" lon="7.732793"><ele>454.75</ele></trkpt>
   <trkpt lat="47.294972" lon="7.744103"><ele>448.75</ele></trkpt>
   <trkpt lat="47.294986" lon="7.744141"><ele>448.75</ele></trkpt>
   <trkpt lat="47.296107" lon="7.74719"><ele>447.75</ele></trkpt>
   <trkpt lat="47.29612" lon="7.747225"><ele>447.75</ele></trkpt>
   <trkpt lat="47.299413" lon="7.75618"><ele>444.75</ele></trkpt>
   <trkpt lat="47.299425" lon="7.756213"><ele>444.75</ele></trkpt>
   <trkpt lat="47.30127" lon="7.761237"><ele>443.25</ele></trkpt>
   <trkpt lat="47.301285" lon="7.761276"><ele>443.25</ele></trkpt>
   <trkpt lat="47.302695" lon="7.76512"><ele>442.5</ele></trkpt>
   <trkpt lat="47.302914" lon="7.765739"><ele>442</ele></trkpt>
   <trkpt lat="47.303001" lon="7.765973"><ele>442.25</ele></trkpt>
   <trkpt lat="47.303261" lon="7.766614"><ele>442</ele></trkpt>
   <trkpt lat="47.303347" lon="7.766849"><ele>442.5</ele></trkpt>
   <trkpt lat="47.30338" lon="7.766943"><ele>442.75</ele></trkpt>
   <trkpt lat="47.303448" lon="7.767122"><ele>442</ele></trkpt>
   <trkpt lat="47.30361" lon="7.767511"><ele>440.75</ele></trkpt>
   <trkpt lat="47.303728" lon="7.767822"><ele>439.5</ele></trkpt>
   <trkpt lat="47.304744" lon="7.770593"><ele>442</ele></trkpt>
   <trkpt lat="47.3048" lon="7.77073"><ele>442</ele></trkpt>
   <trkpt lat="47.30497" lon="7.771095"><ele>441.75</ele></trkpt>
   <trkpt lat="47.305026" lon="7.771237"><ele>441.75</ele></trkpt>
   <trkpt lat="47.305427" lon="7.772328"><ele>442</ele></trkpt>
   <trkpt lat="47.305476" lon="7.772475"><ele>442</ele></trkpt>
   <trkpt lat="47.305583" lon="7.772874"><ele>441.75</ele></trkpt>
   <trkpt lat="47.30563" lon="7.773021"><ele>441.25</ele></trkpt>
   <trkpt lat="47.306122" lon="7.774405"><ele>441.75</ele></trkpt>
   <trkpt lat="47.306247" lon="7.774741"><ele>440.5</ele></trkpt>
   <trkpt lat="47.306466" lon="7.775336"><ele>440.5</ele></trkpt>
   <trkpt lat="47.306559" lon="7.775617"><ele>439.5</ele></trkpt>
   <trkpt lat="47.306667" lon="7.775972"><ele>441.25</ele></trkpt>
   <trkpt lat="47.306749" lon="7.776215"><ele>440.75</ele></trkpt>
   <trkpt lat="47.306785" lon="7.776313"><ele>440.75</ele></trkpt>
   <trkpt lat="47.307127" lon="7.77726"><ele>440</ele></trkpt>
   <trkpt lat="47.307463" lon="7.778214"><ele>437.75</ele></trkpt>
   <trkpt lat="47.307531" lon="7.778408"><ele>437.25</ele></trkpt>
   <trkpt lat="47.30845" lon="7.78102"><ele>439</ele></trkpt>
   <trkpt lat="47.308453" lon="7.781028"><ele>439</ele></trkpt>
   <trkpt lat="47.308456" lon="7.781036"><ele>438.75</ele></trkpt>
   <trkpt lat="47.31063" lon="7.787208"><ele>434.75</ele></trkpt>
   <trkpt lat="47.310679" lon="7.787347"><ele>435</ele></trkpt>
   <trkpt lat="47.310925" lon="7.788047"><ele>437.25</ele></trkpt>
   <trkpt lat="47.310941" lon="7.788092"><ele>437.25</ele></trkpt>
   <trkpt lat="47.312238" lon="7.791773"><ele>435.75</ele></trkpt>
   <trkpt lat="47.312746" lon="7.793217"><ele>435.5</ele></trkpt>
   <trkpt lat="47.31395" lon="7.796635"><ele>435</ele></trkpt>
   <trkpt lat="47.314166" lon="7.797249"><ele>434.75</ele></trkpt>
   <trkpt lat="47.314344" lon="7.797755"><ele>433.5</ele></trkpt>
   <trkpt lat="47.314787" lon="7.799014"><ele>435</ele></trkpt>
   <trkpt lat="47.315532" lon="7.80113"><ele>434.75</ele></trkpt>
   <trkpt lat="47.317067" lon="7.805488"><ele>432.5</ele></trkpt>
   <trkpt lat="47.317072" lon="7.8055"><ele>432.5</ele></trkpt>
   <trkpt lat="47.317147" lon="7.805712"><ele>429.75</ele></trkpt>
   <trkpt lat="47.317303" lon="7.806157"><ele>427.75</ele></trkpt>
   <trkpt lat="47.317522" lon="7.806777"><ele>432.25</ele></trkpt>
   <trkpt lat="47.31754" lon="7.806828"><ele>432.25</ele></trkpt>
   <trkpt lat="47.317954" lon="7.808003"><ele>432</ele></trkpt>
   <trkpt lat="47.318744" lon="7.810248"><ele>431.5</ele></trkpt>
   <trkpt lat="47.318825" lon="7.81049"><ele>431.75</ele></trkpt>
   <trkpt lat="47.318958" lon="7.810936"><ele>431.75</ele></trkpt>
   <trkpt lat="47.319075" lon="7.811299"><ele>431.75</ele></trkpt>
   <trkpt lat="47.319173" lon="7.811579"><ele>431.75</ele></trkpt>
   <trkpt lat="47.319787" lon="7.813323"><ele>431.75</ele></trkpt>
   <trkpt lat="47.323447" lon="7.823724"><ele>429</ele></trkpt>
   <trkpt lat="47.323982" lon="7.825247"><ele>428.5</ele></trkpt>
   <trkpt lat="47.324152" lon="7.82573"><ele>429.5</ele></trkpt>
   <trkpt lat="47.324907" lon="7.827866"><ele>427.75</ele></trkpt>
   <trkpt lat="47.324963" lon="7.82803"><ele>428.5</ele></trkpt>
   <trkpt lat="47.325528" lon="7.829637"><ele>428.25</ele></trkpt>
   <trkpt lat="47.325976" lon="7.830962"><ele>427.25</ele></trkpt>
   <trkpt lat="47.327304" lon="7.83502"><ele>426.5</ele></trkpt>
   <trkpt lat="47.327307" lon="7.83503"><ele>426.5</ele></trkpt>
   <trkpt lat="47.327568" lon="7.835825"><ele>426.75</ele></trkpt>
   <trkpt lat="47.327667" lon="7.836128"><ele>426.25</ele></trkpt>
   <trkpt lat="47.327929" lon="7.836953"><ele>428</ele></trkpt>
   <trkpt lat="47.32821" lon="7.837868"><ele>427.5</ele></trkpt>
   <trkpt lat="47.328334" lon="7.83824"><ele>427.25</ele></trkpt>
   <trkpt lat="47.32848" lon="7.838636"><ele>427.5</ele></trkpt>
   <trkpt lat="47.328585" lon="7.838944"><ele>427.5</ele></trkpt>
   <trkpt lat="47.328725" lon="7.839384"><ele>425.75</ele></trkpt>
   <trkpt lat="47.328762" lon="7.839507"><ele>425.5</ele></trkpt>
   <trkpt lat="47.329425" lon="7.841521"><ele>427.75</ele></trkpt>
   <trkpt lat="47.32988" lon="7.84291"><ele>427.5</ele></trkpt>
   <trkpt lat="47.33026" lon="7.844072"><ele>427.75</ele></trkpt>
   <trkpt lat="47.331108" lon="7.846671"><ele>427.75</ele></trkpt>
   <trkpt lat="47.331718" lon="7.848491"><ele>426.25</ele></trkpt>
   <trkpt lat="47.331756" lon="7.848599"><ele>426.25</ele></trkpt>
   <trkpt lat="47.332624" lon="7.851147"><ele>422.5</ele></trkpt>
   <trkpt lat="47.333442" lon="7.85367"><ele>421.5</ele></trkpt>
   <trkpt lat="47.333445" lon="7.85368"><ele>421.5</ele></trkpt>
   <trkpt lat="47.333448" lon="7.85369"><ele>421.5</ele></trkpt>
   <trkpt lat="47.334439" lon="7.856713"><ele>421.75</ele></trkpt>
   <trkpt lat="47.334671" lon="7.857374"><ele>421.25</ele></trkpt>
   <trkpt lat="47.334918" lon="7.858021"><ele>421</ele></trkpt>
   <trkpt lat="47.335174" lon="7.858658"><ele>421.25</ele></trkpt>
   <trkpt lat="47.335446" lon="7.859285"><ele>421</ele></trkpt>
   <trkpt lat="47.335693" lon="7.85983"><ele>420.75</ele></trkpt>
   <trkpt lat="47.335697" lon="7.859839"><ele>420.75</ele></trkpt>
   <trkpt lat="47.336112" lon="7.86068"><ele>421</ele></trkpt>
   <trkpt lat="47.336461" lon="7.861349"><ele>420.25</ele></trkpt>
   <trkpt lat="47.336513" lon="7.861442"><ele>420.25</ele></trkpt>
   <trkpt lat="47.336696" lon="7.86177"><ele>419.75</ele></trkpt>
   <trkpt lat="47.336997" lon="7.862285"><ele>419.75</ele></trkpt>
   <trkpt lat="47.337357" lon="7.862868"><ele>419.5</ele></trkpt>
   <trkpt lat="47.33779" lon="7.863531"><ele>419</ele></trkpt>
   <trkpt lat="47.338271" lon="7.864236"><ele>419</ele></trkpt>
   <trkpt lat="47.33834" lon="7.864333"><ele>419</ele></trkpt>
   <trkpt lat="47.338972" lon="7.86524"><ele>418.25</ele></trkpt>
   <trkpt lat="47.339323" lon="7.86573"><ele>418.25</ele></trkpt>
   <trkpt lat="47.340619" lon="7.867493"><ele>417</ele></trkpt>
   <trkpt lat="47.341437" lon="7.868677"><ele>417</ele></trkpt>
   <trkpt lat="47.341705" lon="7.869099"><ele>417</ele></trkpt>
   <trkpt lat="47.341794" lon="7.869255"><ele>417</ele></trkpt>
   <trkpt lat="47.341973" lon="7.86959"><ele>417</ele></trkpt>
   <trkpt lat="47.342127" lon="7.869913"><ele>417</ele></trkpt>
   <trkpt lat="47.342334" lon="7.870392"><ele>416.25</ele></trkpt>
   <trkpt lat="47.342527" lon="7.8709"><ele>416.25</ele></trkpt>
   <trkpt lat="47.342681" lon="7.871333"><ele>414.5</ele></trkpt>
   <trkpt lat="47.34288" lon="7.871938"><ele>414.25</ele></trkpt>
   <trkpt lat="47.342926" lon="7.872083"><ele>414.25</ele></trkpt>
   <trkpt lat="47.343161" lon="7.872891"><ele>413.5</ele></trkpt>
   <trkpt lat="47.343248" lon="7.873221"><ele>414</ele></trkpt>
   <trkpt lat="47.343466" lon="7.874122"><ele>413.5</ele></trkpt>
   <trkpt lat="47.346022" lon="7.885014"><ele>409.25</ele></trkpt>
   <trkpt lat="47.346199" lon="7.885693"><ele>409</ele></trkpt>
   <trkpt lat="47.346352" lon="7.886207"><ele>408.25</ele></trkpt>
   <trkpt lat="47.346533" lon="7.88673"><ele>407.75</ele></trkpt>
   <trkpt lat="47.346735" lon="7.887266"><ele>408</ele></trkpt>
   <trkpt lat="47.347645" lon="7.889541"><ele>407</ele></trkpt>
   <trkpt lat="47.347742" lon="7.889796"><ele>407</ele></trkpt>
   <trkpt lat="47.347946" lon="7.890386"><ele>406.75</ele></trkpt>
   <trkpt lat="47.348025" lon="7.890597"><ele>406</ele></trkpt>
   <trkpt lat="47.34806" lon="7.890688"><ele>406.5</ele></trkpt>
   <trkpt lat="47.348344" lon="7.8914"><ele>406</ele></trkpt>
   <trkpt lat="47.348379" lon="7.891486"><ele>406</ele></trkpt>
   <trkpt lat="47.348471" lon="7.891716"><ele>406</ele></trkpt>
   <trkpt lat="47.348724" lon="7.892361"><ele>406</ele></trkpt>
   <trkpt lat="47.3488" lon="7.892573"><ele>406</ele></trkpt>
   <trkpt lat="47.348873" lon="7.892803"><ele>405</ele></trkpt>
   <trkpt lat="47.348941" lon="7.893059"><ele>405</ele></trkpt>
   <trkpt lat="47.349016" lon="7.893416"><ele>405.5</ele></trkpt>
   <trkpt lat="47.349055" lon="7.893671"><ele>405.25</ele></trkpt>
   <trkpt lat="47.349082" lon="7.893918"><ele>404.75</ele></trkpt>
   <trkpt lat="47.3491" lon="7.894165"><ele>404</ele></trkpt>
   <trkpt lat="47.349108" lon="7.894415"><ele>404</ele></trkpt>
   <trkpt lat="47.349106" lon="7.894689"><ele>403.75</ele></trkpt>
   <trkpt lat="47.349087" lon="7.894986"><ele>404</ele></trkpt>
   <trkpt lat="47.349047" lon="7.895368"><ele>402.75</ele></trkpt>
   <trkpt lat="47.348977" lon="7.895785"><ele>403.25</ele></trkpt>
   <trkpt lat="47.348916" lon="7.89608"><ele>403.75</ele></trkpt>
   <trkpt lat="47.348803" lon="7.896549"><ele>403</ele></trkpt>
   <trkpt lat="47.348717" lon="7.896855"><ele>403.25</ele></trkpt>
   <trkpt lat="47.348647" lon="7.897077"><ele>403</ele></trkpt>
   <trkpt lat="47.348506" lon="7.897467"><ele>402.75</ele></trkpt>
   <trkpt lat="47.348329" lon="7.897888"><ele>403.25</ele></trkpt>
   <trkpt lat="47.348217" lon="7.898119"><ele>403.25</ele></trkpt>
   <trkpt lat="47.348094" lon="7.898353"><ele>402.75</ele></trkpt>
   <trkpt lat="47.347048" lon="7.900156"><ele>403</ele></trkpt>
   <trkpt lat="47.346656" lon="7.900889"><ele>403</ele></trkpt>
   <trkpt lat="47.346522" lon="7.901176"><ele>402.75</ele></trkpt>
   <trkpt lat="47.346404" lon="7.901484"><ele>401.75</ele></trkpt>
   <trkpt lat="47.346299" lon="7.901827"><ele>402.25</ele></trkpt>
   <trkpt lat="47.346221" lon="7.902171"><ele>402.5</ele></trkpt>
   <trkpt lat="47.346165" lon="7.902535"><ele>402.25</ele></trkpt>
   <trkpt lat="47.346126" lon="7.902939"><ele>401</ele></trkpt>
   <trkpt lat="47.346114" lon="7.903294"><ele>401.75</ele></trkpt>
   <trkpt lat="47.346116" lon="7.903586"><ele>401</ele></trkpt>
   <trkpt lat="47.346134" lon="7.903899"><ele>400</ele></trkpt>
   <trkpt lat="47.34618" lon="7.904278"><ele>400</ele></trkpt>
   <trkpt lat="47.346203" lon="7.904411"><ele>399.75</ele></trkpt>
   <trkpt lat="47.346262" lon="7.90468"><ele>400</ele></trkpt>
   <trkpt lat="47.346299" lon="7.904829"><ele>398.5</ele></trkpt>
   <trkpt lat="47.346342" lon="7.904971"><ele>398.25</ele></trkpt>
   <trkpt lat="47.346433" lon="7.905243"><ele>397.75</ele></trkpt>
   <trkpt lat="47.34653" lon="7.905476"><ele>397.25</ele></trkpt>
   <trkpt lat="47.346613" lon="7.90565"><ele>397</ele></trkpt>
   <trkpt lat="47.346764" lon="7.905925"><ele>396.5</ele></trkpt>
   <trkpt lat="47.34695" lon="7.906206"><ele>395.75</ele></trkpt>
   <trkpt lat="47.347106" lon="7.906406"><ele>395.5</ele></trkpt>
   <trkpt lat="47.347179" lon="7.906486"><ele>395.5</ele></trkpt>
   <trkpt lat="47.347339" lon="7.906659"><ele>395.75</ele></trkpt>
   <trkpt lat="47.347484" lon="7.906799"><ele>396.75</ele></trkpt>
   <trkpt lat="47.347553" lon="7.90686"><ele>396.75</ele></trkpt>
   <trkpt lat="47.34766" lon="7.906939"><ele>396.75</ele></trkpt>
   <trkpt lat="47.347808" lon="7.907027"><ele>396.5</ele></trkpt>
   <trkpt lat="47.347962" lon="7.907092"><ele>395.75</ele></trkpt>
   <trkpt lat="47.348164" lon="7.907156"><ele>395.75</ele></trkpt>
   <trkpt lat="47.348314" lon="7.90719"><ele>395.75</ele></trkpt>
   <trkpt lat="47.348392" lon="7.907204"><ele>395.75</ele></trkpt>
   <trkpt lat="47.348742" lon="7.907265"><ele>396</ele></trkpt>
   <trkpt lat="47.348859" lon="7.907293"><ele>396</ele></trkpt>
   <trkpt lat="47.349144" lon="7.907388"><ele>396</ele></trkpt>
   <trkpt lat="47.34926" lon="7.907416"><ele>394.5</ele></trkpt>
   <trkpt lat="47.349407" lon="7.907443"><ele>392.5</ele></trkpt>
   <trkpt lat="47.349767" lon="7.907529"><ele>396</ele></trkpt>
   <trkpt lat="47.350283" lon="7.907668"><ele>396</ele></trkpt>
   <trkpt lat="47.350592" lon="7.907752"><ele>396</ele></trkpt>
   <trkpt lat="47.35116" lon="7.907897"><ele>397</ele></trkpt>
   <trkpt lat="47.351418" lon="7.907948"><ele>396.75</ele></trkpt>
   <trkpt lat="47.351989" lon="7.908042"><ele>396</ele></trkpt>
   <trkpt lat="47.353455" lon="7.908286"><ele>396.75</ele></trkpt>
   <trkpt lat="47.353756" lon="7.908349"><ele>396.5</ele></trkpt>
   <trkpt lat="47.353845" lon="7.90837"><ele>396.25</ele></trkpt>
   <trkpt lat="47.354075" lon="7.908449"><ele>396.25</ele></trkpt>
   <trkpt lat="47.35435" lon="7.90857"><ele>396.75</ele></trkpt>
   <trkpt lat="47.354725" lon="7.908773"><ele>396.5</ele></trkpt>
   <trkpt lat="47.354874" lon="7.908857"><ele>396.25</ele></trkpt>
   <trkpt lat="47.355119" lon="7.909015"><ele>396.25</ele></trkpt>
   <trkpt lat="47.355422" lon="7.909238"><ele>396.25</ele></trkpt>
   <trkpt lat="47.355615" lon="7.9094"><ele>396</ele></trkpt>
   <trkpt lat="47.355791" lon="7.909547"><ele>396</ele></trkpt>
   <trkpt lat="47.356215" lon="7.909976"><ele>396</ele></trkpt>
   <trkpt lat="47.356811" lon="7.910599"><ele>395.75</ele></trkpt>
   <trkpt lat="47.357119" lon="7.910937"><ele>396</ele></trkpt>
   <trkpt lat="47.357352" lon="7.911241"><ele>396</ele></trkpt>
   <trkpt lat="47.357551" lon="7.911539"><ele>396</ele></trkpt>
   <trkpt lat="47.357679" lon="7.911756"><ele>396</ele></trkpt>
   <trkpt lat="47.357832" lon="7.912041"><ele>395.75</ele></trkpt>
   <trkpt lat="47.358177" lon="7.912719"><ele>396</ele></trkpt>
   <trkpt lat="47.358234" lon="7.912831"><ele>396</ele></trkpt>
   <trkpt lat="47.359447" lon="7.915214"><ele>396</ele></trkpt>
   <trkpt lat="47.359643" lon="7.915624"><ele>396</ele></trkpt>
   <trkpt lat="47.359948" lon="7.91635"><ele>396</ele></trkpt>
   <trkpt lat="47.360017" lon="7.916528"><ele>396.25</ele></trkpt>
   <trkpt lat="47.360132" lon="7.916857"><ele>396</ele></trkpt>
   <trkpt lat="47.360254" lon="7.917256"><ele>396</ele></trkpt>
   <trkpt lat="47.360312" lon="7.917475"><ele>395.75</ele></trkpt>
   <trkpt lat="47.360397" lon="7.917858"><ele>396</ele></trkpt>
   <trkpt lat="47.360465" lon="7.918261"><ele>396.25</ele></trkpt>
   <trkpt lat="47.360512" lon="7.918643"><ele>396</ele></trkpt>
   <trkpt lat="47.360531" lon="7.918858"><ele>396</ele></trkpt>
   <trkpt lat="47.360558" lon="7.919374"><ele>396.75</ele></trkpt>
   <trkpt lat="47.360555" lon="7.919846"><ele>395.75</ele></trkpt>
   <trkpt lat="47.360519" lon="7.920383"><ele>395.5</ele></trkpt>
   <trkpt lat="47.360514" lon="7.920453"><ele>395.5</ele></trkpt>
   <trkpt lat="47.360479" lon="7.920755"><ele>396.25</ele></trkpt>
   <trkpt lat="47.360398" lon="7.921231"><ele>396</ele></trkpt>
   <trkpt lat="47.360334" lon="7.921539"><ele>396.5</ele></trkpt>
   <trkpt lat="47.360171" lon="7.922144"><ele>405.25</ele></trkpt>
   <trkpt lat="47.360069" lon="7.92247"><ele>406.25</ele></trkpt>
   <trkpt lat="47.359915" lon="7.922889"><ele>401</ele></trkpt>
   <trkpt lat="47.359743" lon="7.923298"><ele>398.5</ele></trkpt>
   <trkpt lat="47.359609" lon="7.923588"><ele>401.25</ele></trkpt>
   <trkpt lat="47.359496" lon="7.923814"><ele>399.75</ele></trkpt>
   <trkpt lat="47.359294" lon="7.924182"><ele>400</ele></trkpt>
   <trkpt lat="47.359169" lon="7.924396"><ele>398</ele></trkpt>
   <trkpt lat="47.358365" lon="7.925727"><ele>398.25</ele></trkpt>
   <trkpt lat="47.358116" lon="7.926166"><ele>397.5</ele></trkpt>
   <trkpt lat="47.357868" lon="7.92662"><ele>398.5</ele></trkpt>
   <trkpt lat="47.357468" lon="7.927396"><ele>400.75</ele></trkpt>
   <trkpt lat="47.357106" lon="7.92816"><ele>400</ele></trkpt>
   <trkpt lat="47.356887" lon="7.928669"><ele>398.25</ele></trkpt>
   <trkpt lat="47.356696" lon="7.929165"><ele>397.5</ele></trkpt>
   <trkpt lat="47.356459" lon="7.929832"><ele>396.75</ele></trkpt>
   <trkpt lat="47.356183" lon="7.930724"><ele>397.5</ele></trkpt>
   <trkpt lat="47.355967" lon="7.931532"><ele>397.5</ele></trkpt>
   <trkpt lat="47.35577" lon="7.932371"><ele>397.75</ele></trkpt>
   <trkpt lat="47.355537" lon="7.933636"><ele>397.75</ele></trkpt>
   <trkpt lat="47.355397" lon="7.934629"><ele>394.5</ele></trkpt>
   <trkpt lat="47.354293" lon="7.943908"><ele>394</ele></trkpt>
   <trkpt lat="47.35397" lon="7.946562"><ele>394</ele></trkpt>
   <trkpt lat="47.353847" lon="7.947556"><ele>394</ele></trkpt>
   <trkpt lat="47.353709" lon="7.948348"><ele>394</ele></trkpt>
   <trkpt lat="47.353588" lon="7.948893"><ele>393.75</ele></trkpt>
   <trkpt lat="47.353456" lon="7.949401"><ele>393.75</ele></trkpt>
   <trkpt lat="47.353305" lon="7.949889"><ele>393</ele></trkpt>
   <trkpt lat="47.353154" lon="7.950312"><ele>392.75</ele></trkpt>
   <trkpt lat="47.352929" lon="7.95087"><ele>391.25</ele></trkpt>
   <trkpt lat="47.352816" lon="7.951132"><ele>388.5</ele></trkpt>
   <trkpt lat="47.3527" lon="7.951386"><ele>392.5</ele></trkpt>
   <trkpt lat="47.351491" lon="7.95377"><ele>389.25</ele></trkpt>
   <trkpt lat="47.351227" lon="7.954311"><ele>389</ele></trkpt>
   <trkpt lat="47.351101" lon="7.954593"><ele>390.25</ele></trkpt>
   <trkpt lat="47.350972" lon="7.954907"><ele>389.25</ele></trkpt>
   <trkpt lat="47.350852" lon="7.955232"><ele>390.25</ele></trkpt>
   <trkpt lat="47.350739" lon="7.955562"><ele>389.75</ele></trkpt>
   <trkpt lat="47.350564" lon="7.956157"><ele>389.75</ele></trkpt>
   <trkpt lat="47.35042" lon="7.956766"><ele>389</ele></trkpt>
   <trkpt lat="47.350338" lon="7.957198"><ele>388.75</ele></trkpt>
   <trkpt lat="47.350269" lon="7.957637"><ele>389.75</ele></trkpt>
   <trkpt lat="47.350229" lon="7.957951"><ele>389.75</ele></trkpt>
   <trkpt lat="47.350172" lon="7.958587"><ele>389</ele></trkpt>
   <trkpt lat="47.350153" lon="7.958908"><ele>388.25</ele></trkpt>
   <trkpt lat="47.350144" lon="7.959591"><ele>388</ele></trkpt>
   <trkpt lat="47.350151" lon="7.959944"><ele>388.25</ele></trkpt>
   <trkpt lat="47.350167" lon="7.960296"><ele>387.5</ele></trkpt>
   <trkpt lat="47.350224" lon="7.960928"><ele>388.75</ele></trkpt>
   <trkpt lat="47.350262" lon="7.961244"><ele>388.5</ele></trkpt>
   <trkpt lat="47.350308" lon="7.96156"><ele>388</ele></trkpt>
   <trkpt lat="47.350359" lon="7.961855"><ele>387.75</ele></trkpt>
   <trkpt lat="47.350416" lon="7.962146"><ele>387.5</ele></trkpt>
   <trkpt lat="47.350545" lon="7.962699"><ele>387.75</ele></trkpt>
   <trkpt lat="47.350636" lon="7.963034"><ele>386.5</ele></trkpt>
   <trkpt lat="47.350736" lon="7.963363"><ele>387.25</ele></trkpt>
   <trkpt lat="47.3509" lon="7.96384"><ele>386.25</ele></trkpt>
   <trkpt lat="47.351557" lon="7.965579"><ele>385.75</ele></trkpt>
   <trkpt lat="47.35163" lon="7.965767"><ele>385.75</ele></trkpt>
   <trkpt lat="47.352409" lon="7.967852"><ele>383</ele></trkpt>
   <trkpt lat="47.353728" lon="7.971423"><ele>383.5</ele></trkpt>
   <trkpt lat="47.354251" lon="7.97273"><ele>383</ele></trkpt>
   <trkpt lat="47.354522" lon="7.973433"><ele>382.25</ele></trkpt>
   <trkpt lat="47.354675" lon="7.973844"><ele>382</ele></trkpt>
   <trkpt lat="47.355387" lon="7.975656"><ele>381.5</ele></trkpt>
   <trkpt lat="47.355829" lon="7.97683"><ele>381.5</ele></trkpt>
   <trkpt lat="47.356598" lon="7.978758"><ele>382</ele></trkpt>
   <trkpt lat="47.357108" lon="7.980063"><ele>381.75</ele></trkpt>
   <trkpt lat="47.357426" lon="7.980897"><ele>381</ele></trkpt>
   <trkpt lat="47.358047" lon="7.982559"><ele>381</ele></trkpt>
   <trkpt lat="47.358104" lon="7.982711"><ele>381</ele></trkpt>
   <trkpt lat="47.358188" lon="7.982915"><ele>381.25</ele></trkpt>
   <trkpt lat="47.358366" lon="7.98331"><ele>381.75</ele></trkpt>
   <trkpt lat="47.358455" lon="7.983536"><ele>381</ele></trkpt>
   <trkpt lat="47.358609" lon="7.983947"><ele>381</ele></trkpt>
   <trkpt lat="47.35865" lon="7.984056"><ele>381.5</ele></trkpt>
   <trkpt lat="47.359437" lon="7.986162"><ele>381.75</ele></trkpt>
   <trkpt lat="47.359761" lon="7.987032"><ele>381.75</ele></trkpt>
   <trkpt lat="47.360718" lon="7.98966"><ele>377.5</ele></trkpt>
   <trkpt lat="47.36112" lon="7.990765"><ele>376.5</ele></trkpt>
   <trkpt lat="47.361782" lon="7.992574"><ele>377.5</ele></trkpt>
   <trkpt lat="47.361969" lon="7.993046"><ele>377.75</ele></trkpt>
   <trkpt lat="47.362134" lon="7.993426"><ele>377</ele></trkpt>
   <trkpt lat="47.362333" lon="7.993838"><ele>376.25</ele></trkpt>
   <trkpt lat="47.362525" lon="7.99419"><ele>376</ele></trkpt>
   <trkpt lat="47.362723" lon="7.994519"><ele>377.5</ele></trkpt>
   <trkpt lat="47.362919" lon="7.994815"><ele>378</ele></trkpt>
   <trkpt lat="47.363181" lon="7.995174"><ele>378</ele></trkpt>
   <trkpt lat="47.363457" lon="7.995519"><ele>377.5</ele></trkpt>
   <trkpt lat="47.363726" lon="7.995824"><ele>377.5</ele></trkpt>
   <trkpt lat="47.364" lon="7.996116"><ele>377.25</ele></trkpt>
   <trkpt lat="47.364293" lon="7.9964"><ele>377.5</ele></trkpt>
   <trkpt lat="47.36462" lon="7.996685"><ele>377.75</ele></trkpt>
   <trkpt lat="47.364875" lon="7.996882"><ele>377.75</ele></trkpt>
   <trkpt lat="47.365177" lon="7.997092"><ele>377.25</ele></trkpt>
   <trkpt lat="47.365495" lon="7.997282"><ele>377</ele></trkpt>
   <trkpt lat="47.365854" lon="7.997469"><ele>378.25</ele></trkpt>
   <trkpt lat="47.36632" lon="7.997689"><ele>377.75</ele></trkpt>
   <trkpt lat="47.366744" lon="7.997885"><ele>378.25</ele></trkpt>
   <trkpt lat="47.367075" lon="7.998045"><ele>378.75</ele></trkpt>
   <trkpt lat="47.367611" lon="7.998339"><ele>378.5</ele></trkpt>
   <trkpt lat="47.367857" lon="7.998457"><ele>379</ele></trkpt>
   <trkpt lat="47.367925" lon="7.998488"><ele>379</ele></trkpt>
   <trkpt lat="47.369252" lon="7.999097"><ele>378.5</ele></trkpt>
   <trkpt lat="47.370285" lon="7.999573"><ele>378.75</ele></trkpt>
   <trkpt lat="47.371422" lon="8.000097"><ele>378</ele></trkpt>
   <trkpt lat="47.372253" lon="8.000471"><ele>378.25</ele></trkpt>
   <trkpt lat="47.372658" lon="8.000653"><ele>378</ele></trkpt>
   <trkpt lat="47.372968" lon="8.000805"><ele>377.75</ele></trkpt>
   <trkpt lat="47.373286" lon="8.000982"><ele>377</ele></trkpt>
   <trkpt lat="47.373553" lon="8.001157"><ele>376.75</ele></trkpt>
   <trkpt lat="47.373809" lon="8.001346"><ele>377</ele></trkpt>
   <trkpt lat="47.374058" lon="8.001557"><ele>375.75</ele></trkpt>
   <trkpt lat="47.374321" lon="8.001812"><ele>375.5</ele></trkpt>
   <trkpt lat="47.37459" lon="8.002102"><ele>376</ele></trkpt>
   <trkpt lat="47.374816" lon="8.002378"><ele>375.75</ele></trkpt>
   <trkpt lat="47.375021" lon="8.002657"><ele>375.75</ele></trkpt>
   <trkpt lat="47.375226" lon="8.002969"><ele>376</ele></trkpt>
   <trkpt lat="47.375416" lon="8.003281"><ele>375.25</ele></trkpt>
   <trkpt lat="47.375623" lon="8.003673"><ele>375.5</ele></trkpt>
   <trkpt lat="47.375758" lon="8.00395"><ele>375</ele></trkpt>
   <trkpt lat="47.376024" lon="8.004569"><ele>375.25</ele></trkpt>
   <trkpt lat="47.376777" lon="8.006436"><ele>375.5</ele></trkpt>
   <trkpt lat="47.377761" lon="8.008859"><ele>373.75</ele></trkpt>
   <trkpt lat="47.378705" lon="8.011183"><ele>371.5</ele></trkpt>
   <trkpt lat="47.378783" lon="8.011377"><ele>369.25</ele></trkpt>
   <trkpt lat="47.378836" lon="8.011507"><ele>369.5</ele></trkpt>
   <trkpt lat="47.379379" lon="8.012843"><ele>372</ele></trkpt>
   <trkpt lat="47.379658" lon="8.013534"><ele>371.25</ele></trkpt>
   <trkpt lat="47.379889" lon="8.014105"><ele>371</ele></trkpt>
   <trkpt lat="47.380131" lon="8.014726"><ele>371</ele></trkpt>
   <trkpt lat="47.380457" lon="8.015588"><ele>370.25</ele></trkpt>
   <trkpt lat="47.380606" lon="8.015976"><ele>370</ele></trkpt>
   <trkpt lat="47.381928" lon="8.019242"><ele>370.25</ele></trkpt>
   <trkpt lat="47.383291" lon="8.022637"><ele>370.5</ele></trkpt>
   <trkpt lat="47.384124" lon="8.024863"><ele>370.75</ele></trkpt>
   <trkpt lat="47.38447" lon="8.025808"><ele>370.75</ele></trkpt>
   <trkpt lat="47.38483" lon="8.026839"><ele>370</ele></trkpt>
   <trkpt lat="47.385094" lon="8.02765"><ele>370</ele></trkpt>
   <trkpt lat="47.385245" lon="8.02814"><ele>371</ele></trkpt>
   <trkpt lat="47.385506" lon="8.029063"><ele>370.75</ele></trkpt>
   <trkpt lat="47.38578" lon="8.030105"><ele>370.25</ele></trkpt>
   <trkpt lat="47.386814" lon="8.034155"><ele>370</ele></trkpt>
   <trkpt lat="47.387229" lon="8.035814"><ele>372</ele></trkpt>
   <trkpt lat="47.387407" lon="8.036505"><ele>371.25</ele></trkpt>
   <trkpt lat="47.387735" lon="8.037742"><ele>373</ele></trkpt>
   <trkpt lat="47.387916" lon="8.038532"><ele>371.25</ele></trkpt>
   <trkpt lat="47.388026" lon="8.039029"><ele>370.5</ele></trkpt>
   <trkpt lat="47.388133" lon="8.03952"><ele>370.25</ele></trkpt>
   <trkpt lat="47.38835" lon="8.040562"><ele>371.5</ele></trkpt>
   <trkpt lat="47.388905" lon="8.043446"><ele>375.25</ele></trkpt>
   <trkpt lat="47.389122" lon="8.044454"><ele>376.75</ele></trkpt>
   <trkpt lat="47.38932" lon="8.045264"><ele>377.75</ele></trkpt>
   <trkpt lat="47.389543" lon="8.046069"><ele>378.75</ele></trkpt>
   <trkpt lat="47.389875" lon="8.047151"><ele>380.25</ele></trkpt>
   <trkpt lat="47.390216" lon="8.048226"><ele>382</ele></trkpt>
   <trkpt lat="47.390433" lon="8.04893"><ele>382</ele></trkpt>
   <trkpt lat="47.39064" lon="8.049649"><ele>383</ele></trkpt>
   <trkpt lat="47.391177" lon="8.051682"><ele>383</ele></trkpt>
   <trkpt lat="47.391538" lon="8.053029"><ele>383.25</ele></trkpt>
   <trkpt lat="47.391722" lon="8.053663"><ele>383.5</ele></trkpt>
   <trkpt lat="47.391931" lon="8.054378"><ele>383</ele></trkpt>
   <trkpt lat="47.391935" lon="8.054393"><ele>383</ele></trkpt>
   <trkpt lat="47.392001" lon="8.054643"><ele>383</ele></trkpt>
   <trkpt lat="47.392206" lon="8.05555"><ele>383</ele></trkpt>
   <trkpt lat="47.39227" lon="8.055801"><ele>383</ele></trkpt>
   <trkpt lat="47.39238" lon="8.056218"><ele>380</ele></trkpt>
   <trkpt lat="47.392624" lon="8.057182"><ele>383.25</ele></trkpt>
   <trkpt lat="47.392698" lon="8.057504"><ele>383</ele></trkpt>
   <trkpt lat="47.392819" lon="8.058143"><ele>383</ele></trkpt>
   <trkpt lat="47.3929" lon="8.058538"><ele>383</ele></trkpt>
   <trkpt lat="47.393023" lon="8.059098"><ele>382.75</ele></trkpt>
   <trkpt lat="47.393218" lon="8.060088"><ele>382.75</ele></trkpt>
   <trkpt lat="47.39331" lon="8.060606"><ele>382.5</ele></trkpt>
   <trkpt lat="47.393473" lon="8.061641"><ele>382</ele></trkpt>
   <trkpt lat="47.39376" lon="8.063595"><ele>382</ele></trkpt>
   <trkpt lat="47.393937" lon="8.064815"><ele>382</ele></trkpt>
   <trkpt lat="47.394469" lon="8.06845"><ele>382</ele></trkpt>
   <trkpt lat="47.394551" lon="8.06898"><ele>382</ele></trkpt>
   <trkpt lat="47.394645" lon="8.069538"><ele>382</ele></trkpt>
   <trkpt lat="47.394838" lon="8.070654"><ele>382</ele></trkpt>
   <trkpt lat="47.394934" lon="8.071274"><ele>380</ele></trkpt>
   <trkpt lat="47.394947" lon="8.071372"><ele>378.75</ele></trkpt>
   <trkpt lat="47.395004" lon="8.071754"><ele>380.25</ele></trkpt>
   <trkpt lat="47.395188" lon="8.073022"><ele>380.75</ele></trkpt>
   <trkpt lat="47.395355" lon="8.074171"><ele>376</ele></trkpt>
   <trkpt lat="47.395444" lon="8.074848"><ele>376.25</ele></trkpt>
   <trkpt lat="47.395757" lon="8.077499"><ele>381</ele></trkpt>
   <trkpt lat="47.39589" lon="8.078519"><ele>382.75</ele></trkpt>
   <trkpt lat="47.396283" lon="8.08123"><ele>381.25</ele></trkpt>
   <trkpt lat="47.39641" lon="8.082102"><ele>382.75</ele></trkpt>
   <trkpt lat="47.396486" lon="8.082625"><ele>382.75</ele></trkpt>
   <trkpt lat="47.396569" lon="8.083185"><ele>383.25</ele></trkpt>
   <trkpt lat="47.397947" lon="8.092649"><ele>384</ele></trkpt>
   <trkpt lat="47.39795" lon="8.092666"><ele>384</ele></trkpt>
   <trkpt lat="47.400849" lon="8.112574"><ele>378.25</ele></trkpt>
   <trkpt lat="47.400853" lon="8.112596"><ele>378.25</ele></trkpt>
   <trkpt lat="47.401387" lon="8.116268"><ele>375</ele></trkpt>
   <trkpt lat="47.401436" lon="8.116609"><ele>377</ele></trkpt>
   <trkpt lat="47.401586" lon="8.117687"><ele>377.25</ele></trkpt>
   <trkpt lat="47.401744" lon="8.118765"><ele>377</ele></trkpt>
   <trkpt lat="47.401761" lon="8.118879"><ele>377</ele></trkpt>
   <trkpt lat="47.401886" lon="8.119615"><ele>376</ele></trkpt>
   <trkpt lat="47.402247" lon="8.121499"><ele>374.25</ele></trkpt>
   <trkpt lat="47.402461" lon="8.122655"><ele>373</ele></trkpt>
   <trkpt lat="47.40263" lon="8.123514"><ele>373.75</ele></trkpt>
   <trkpt lat="47.402864" lon="8.124593"><ele>373.5</ele></trkpt>
   <trkpt lat="47.403343" lon="8.126737"><ele>372.75</ele></trkpt>
   <trkpt lat="47.403544" lon="8.127734"><ele>373</ele></trkpt>
   <trkpt lat="47.403558" lon="8.12781"><ele>373</ele></trkpt>
   <trkpt lat="47.40368" lon="8.128491"><ele>373</ele></trkpt>
   <trkpt lat="47.403801" lon="8.129214"><ele>370.25</ele></trkpt>
   <trkpt lat="47.4039" lon="8.129897"><ele>373.25</ele></trkpt>
   <trkpt lat="47.404025" lon="8.130853"><ele>372.25</ele></trkpt>
   <trkpt lat="47.404076" lon="8.131295"><ele>373</ele></trkpt>
   <trkpt lat="47.404146" lon="8.131985"><ele>375.5</ele></trkpt>
   <trkpt lat="47.404179" lon="8.132372"><ele>374.75</ele></trkpt>
   <trkpt lat="47.40421" lon="8.132853"><ele>374.25</ele></trkpt>
   <trkpt lat="47.404229" lon="8.133301"><ele>373.75</ele></trkpt>
   <trkpt lat="47.404235" lon="8.133615"><ele>373.5</ele></trkpt>
   <trkpt lat="47.404234" lon="8.134344"><ele>373.5</ele></trkpt>
   <trkpt lat="47.404221" lon="8.13477"><ele>373.25</ele></trkpt>
   <trkpt lat="47.404182" lon="8.135416"><ele>373.5</ele></trkpt>
   <trkpt lat="47.404127" lon="8.136024"><ele>378</ele></trkpt>
   <trkpt lat="47.404061" lon="8.13658"><ele>375.5</ele></trkpt>
   <trkpt lat="47.403981" lon="8.137121"><ele>374.75</ele></trkpt>
   <trkpt lat="47.403926" lon="8.137437"><ele>377.5</ele></trkpt>
   <trkpt lat="47.403817" lon="8.138003"><ele>377.5</ele></trkpt>
   <trkpt lat="47.40376" lon="8.138259"><ele>375.25</ele></trkpt>
   <trkpt lat="47.403689" lon="8.138568"><ele>374.25</ele></trkpt>
   <trkpt lat="47.403571" lon="8.139022"><ele>379</ele></trkpt>
   <trkpt lat="47.403514" lon="8.13923"><ele>378</ele></trkpt>
   <trkpt lat="47.403348" lon="8.139779"><ele>380</ele></trkpt>
   <trkpt lat="47.40314" lon="8.14039"><ele>378.75</ele></trkpt>
   <trkpt lat="47.403013" lon="8.140728"><ele>380.5</ele></trkpt>
   <trkpt lat="47.402759" lon="8.141346"><ele>382</ele></trkpt>
   <trkpt lat="47.402638" lon="8.141618"><ele>379.75</ele></trkpt>
   <trkpt lat="47.402372" lon="8.142169"><ele>380</ele></trkpt>
   <trkpt lat="47.402016" lon="8.142827"><ele>381.25</ele></trkpt>
   <trkpt lat="47.401846" lon="8.143113"><ele>379.75</ele></trkpt>
   <trkpt lat="47.401674" lon="8.143388"><ele>383.5</ele></trkpt>
   <trkpt lat="47.401499" lon="8.143652"><ele>382.25</ele></trkpt>
   <trkpt lat="47.40119" lon="8.144089"><ele>383.5</ele></trkpt>
   <trkpt lat="47.40085" lon="8.144539"><ele>383.75</ele></trkpt>
   <trkpt lat="47.400147" lon="8.145442"><ele>388.25</ele></trkpt>
   <trkpt lat="47.399904" lon="8.145766"><ele>388.75</ele></trkpt>
   <trkpt lat="47.39954" lon="8.146283"><ele>390</ele></trkpt>
   <trkpt lat="47.399193" lon="8.146816"><ele>390</ele></trkpt>
   <trkpt lat="47.398794" lon="8.147529"><ele>390</ele></trkpt>
   <trkpt lat="47.39843" lon="8.148274"><ele>391.75</ele></trkpt>
   <trkpt lat="47.398179" lon="8.148852"><ele>392.75</ele></trkpt>
   <trkpt lat="47.39795" lon="8.149451"><ele>392.25</ele></trkpt>
   <trkpt lat="47.397694" lon="8.150196"><ele>392.25</ele></trkpt>
   <trkpt lat="47.397436" lon="8.15098"><ele>392.5</ele></trkpt>
   <trkpt lat="47.396088" lon="8.155258"><ele>396</ele></trkpt>
   <trkpt lat="47.394648" lon="8.159798"><ele>399.75</ele></trkpt>
   <trkpt lat="47.394579" lon="8.160032"><ele>399.5</ele></trkpt>
   <trkpt lat="47.394391" lon="8.160736"><ele>400</ele></trkpt>
   <trkpt lat="47.39432" lon="8.160977"><ele>400</ele></trkpt>
   <trkpt lat="47.394171" lon="8.16145"><ele>401</ele></trkpt>
   <trkpt lat="47.393818" lon="8.162559"><ele>400.25</ele></trkpt>
   <trkpt lat="47.393603" lon="8.163238"><ele>400</ele></trkpt>
   <trkpt lat="47.393334" lon="8.164103"><ele>403.75</ele></trkpt>
   <trkpt lat="47.393194" lon="8.164575"><ele>404</ele></trkpt>
   <trkpt lat="47.392477" lon="8.167145"><ele>406</ele></trkpt>
   <trkpt lat="47.391932" lon="8.169104"><ele>406</ele></trkpt>
   <trkpt lat="47.3917" lon="8.169866"><ele>406</ele></trkpt>
   <trkpt lat="47.391583" lon="8.170228"><ele>406.5</ele></trkpt>
   <trkpt lat="47.391327" lon="8.170958"><ele>406.25</ele></trkpt>
   <trkpt lat="47.390941" lon="8.17199"><ele>405.75</ele></trkpt>
   <trkpt lat="47.390777" lon="8.172462"><ele>406</ele></trkpt>
   <trkpt lat="47.390672" lon="8.172798"><ele>405.5</ele></trkpt>
   <trkpt lat="47.390571" lon="8.173157"><ele>406.5</ele></trkpt>
   <trkpt lat="47.390457" lon="8.173625"><ele>405.25</ele></trkpt>
   <trkpt lat="47.390352" lon="8.174155"><ele>407</ele></trkpt>
   <trkpt lat="47.390291" lon="8.174545"><ele>407.25</ele></trkpt>
   <trkpt lat="47.390236" lon="8.174981"><ele>406.5</ele></trkpt>
   <trkpt lat="47.390196" lon="8.175445"><ele>404.25</ele></trkpt>
   <trkpt lat="47.390164" lon="8.176119"><ele>403</ele></trkpt>
   <trkpt lat="47.39017" lon="8.176778"><ele>403.75</ele></trkpt>
   <trkpt lat="47.390198" lon="8.177253"><ele>405</ele></trkpt>
   <trkpt lat="47.390205" lon="8.177378"><ele>405.5</ele></trkpt>
   <trkpt lat="47.390266" lon="8.177955"><ele>408.75</ele></trkpt>
   <trkpt lat="47.390425" lon="8.179058"><ele>406.5</ele></trkpt>
   <trkpt lat="47.390608" lon="8.180196"><ele>406.75</ele></trkpt>
   <trkpt lat="47.390711" lon="8.180891"><ele>406</ele></trkpt>
   <trkpt lat="47.390985" lon="8.182649"><ele>415.25</ele></trkpt>
   <trkpt lat="47.391233" lon="8.184248"><ele>419</ele></trkpt>
   <trkpt lat="47.392469" lon="8.192242"><ele>423.5</ele></trkpt>
   <trkpt lat="47.39253" lon="8.192633"><ele>422.75</ele></trkpt>
   <trkpt lat="47.393414" lon="8.198336"><ele>425.5</ele></trkpt>
   <trkpt lat="47.393424" lon="8.1984"><ele>425.5</ele></trkpt>
   <trkpt lat="47.393537" lon="8.199063"><ele>426</ele></trkpt>
   <trkpt lat="47.393629" lon="8.199554"><ele>426.25</ele></trkpt>
   <trkpt lat="47.393658" lon="8.19969"><ele>426.5</ele></trkpt>
   <trkpt lat="47.393701" lon="8.19989"><ele>426</ele></trkpt>
   <trkpt lat="47.393771" lon="8.20017"><ele>426.5</ele></trkpt>
   <trkpt lat="47.393937" lon="8.200748"><ele>427.75</ele></trkpt>
   <trkpt lat="47.394032" lon="8.201041"><ele>427.75</ele></trkpt>
   <trkpt lat="47.394145" lon="8.201359"><ele>427.75</ele></trkpt>
   <trkpt lat="47.394268" lon="8.201676"><ele>427.5</ele></trkpt>
   <trkpt lat="47.394522" lon="8.202254"><ele>427.5</ele></trkpt>
   <trkpt lat="47.394723" lon="8.202652"><ele>427.5</ele></trkpt>
   <trkpt lat="47.394945" lon="8.203048"><ele>426.75</ele></trkpt>
   <trkpt lat="47.395258" lon="8.203544"><ele>425.75</ele></trkpt>
   <trkpt lat="47.395479" lon="8.203855"><ele>425</ele></trkpt>
   <trkpt lat="47.395709" lon="8.204149"><ele>424.5</ele></trkpt>
   <trkpt lat="47.395948" lon="8.204429"><ele>423.75</ele></trkpt>
   <trkpt lat="47.396198" lon="8.204693"><ele>423.25</ele></trkpt>
   <trkpt lat="47.396434" lon="8.20492"><ele>423.25</ele></trkpt>
   <trkpt lat="47.396808" lon="8.205238"><ele>422.5</ele></trkpt>
   <trkpt lat="47.397209" lon="8.205528"><ele>423.25</ele></trkpt>
   <trkpt lat="47.397525" lon="8.205723"><ele>421</ele></trkpt>
   <trkpt lat="47.397867" lon="8.205906"><ele>420.75</ele></trkpt>
   <trkpt lat="47.398107" lon="8.206022"><ele>421.25</ele></trkpt>
   <trkpt lat="47.399236" lon="8.206531"><ele>420.75</ele></trkpt>
   <trkpt lat="47.400117" lon="8.206954"><ele>419.5</ele></trkpt>
   <trkpt lat="47.401082" lon="8.207453"><ele>419</ele></trkpt>
   <trkpt lat="47.401912" lon="8.207911"><ele>419.75</ele></trkpt>
   <trkpt lat="47.402375" lon="8.208178"><ele>420.75</ele></trkpt>
   <trkpt lat="47.402835" lon="8.208456"><ele>421</ele></trkpt>
   <trkpt lat="47.403096" lon="8.208627"><ele>419.5</ele></trkpt>
   <trkpt lat="47.40345" lon="8.208885"><ele>420</ele></trkpt>
   <trkpt lat="47.403722" lon="8.209111"><ele>421.25</ele></trkpt>
   <trkpt lat="47.403984" lon="8.209353"><ele>421.75</ele></trkpt>
   <trkpt lat="47.404175" lon="8.209545"><ele>421</ele></trkpt>
   <trkpt lat="47.404487" lon="8.209888"><ele>420</ele></trkpt>
   <trkpt lat="47.404893" lon="8.210352"><ele>417.5</ele></trkpt>
   <trkpt lat="47.405179" lon="8.210744"><ele>416.75</ele></trkpt>
   <trkpt lat="47.40528" lon="8.210898"><ele>418.75</ele></trkpt>
   <trkpt lat="47.405481" lon="8.211228"><ele>418.25</ele></trkpt>
   <trkpt lat="47.405726" lon="8.211669"><ele>418</ele></trkpt>
   <trkpt lat="47.406018" lon="8.212166"><ele>416.75</ele></trkpt>
   <trkpt lat="47.406138" lon="8.212359"><ele>418.75</ele></trkpt>
   <trkpt lat="47.406693" lon="8.213251"><ele>419</ele></trkpt>
   <trkpt lat="47.407476" lon="8.214509"><ele>419</ele></trkpt>
   <trkpt lat="47.408208" lon="8.215683"><ele>419</ele></trkpt>
   <trkpt lat="47.408493" lon="8.216148"><ele>419</ele></trkpt>
   <trkpt lat="47.408962" lon="8.21693"><ele>419</ele></trkpt>
   <trkpt lat="47.409135" lon="8.217234"><ele>419.75</ele></trkpt>
   <trkpt lat="47.409327" lon="8.21759"><ele>420.75</ele></trkpt>
   <trkpt lat="47.409465" lon="8.217863"><ele>419.5</ele></trkpt>
   <trkpt lat="47.409627" lon="8.218205"><ele>420.75</ele></trkpt>
   <trkpt lat="47.409782" lon="8.218562"><ele>419.5</ele></trkpt>
   <trkpt lat="47.409924" lon="8.218911"><ele>420.75</ele></trkpt>
   <trkpt lat="47.410105" lon="8.21941"><ele>420.5</ele></trkpt>
   <trkpt lat="47.410242" lon="8.219836"><ele>420.25</ele></trkpt>
   <trkpt lat="47.410551" lon="8.220882"><ele>420</ele></trkpt>
   <trkpt lat="47.410966" lon="8.222354"><ele>424</ele></trkpt>
   <trkpt lat="47.41214" lon="8.226477"><ele>415.75</ele></trkpt>
   <trkpt lat="47.412186" lon="8.22664"><ele>415</ele></trkpt>
   <trkpt lat="47.412217" lon="8.226749"><ele>415.5</ele></trkpt>
   <trkpt lat="47.413122" lon="8.229915"><ele>416.25</ele></trkpt>
   <trkpt lat="47.4134" lon="8.230885"><ele>417</ele></trkpt>
   <trkpt lat="47.413495" lon="8.231203"><ele>417.5</ele></trkpt>
   <trkpt lat="47.413872" lon="8.232429"><ele>415.75</ele></trkpt>
   <trkpt lat="47.413977" lon="8.232749"><ele>415.25</ele></trkpt>
   <trkpt lat="47.414314" lon="8.233703"><ele>416</ele></trkpt>
   <trkpt lat="47.414411" lon="8.233993"><ele>416</ele></trkpt>
   <trkpt lat="47.414472" lon="8.234187"><ele>416</ele></trkpt>
   <trkpt lat="47.414817" lon="8.23527"><ele>416</ele></trkpt>
   <trkpt lat="47.415355" lon="8.236955"><ele>415.75</ele></trkpt>
   <trkpt lat="47.415577" lon="8.237584"><ele>415</ele></trkpt>
   <trkpt lat="47.415694" lon="8.237902"><ele>415.5</ele></trkpt>
   <trkpt lat="47.415793" lon="8.238151"><ele>415</ele></trkpt>
   <trkpt lat="47.416061" lon="8.238794"><ele>415.25</ele></trkpt>
   <trkpt lat="47.416326" lon="8.239374"><ele>414.25</ele></trkpt>
   <trkpt lat="47.416612" lon="8.23994"><ele>413.5</ele></trkpt>
   <trkpt lat="47.416924" lon="8.240523"><ele>413.25</ele></trkpt>
   <trkpt lat="47.417249" lon="8.241085"><ele>412.5</ele></trkpt>
   <trkpt lat="47.417538" lon="8.241552"><ele>412</ele></trkpt>
   <trkpt lat="47.417732" lon="8.241852"><ele>411.25</ele></trkpt>
   <trkpt lat="47.418035" lon="8.242294"><ele>410.75</ele></trkpt>
   <trkpt lat="47.418384" lon="8.242766"><ele>409.75</ele></trkpt>
   <trkpt lat="47.418682" lon="8.243127"><ele>409</ele></trkpt>
   <trkpt lat="47.41869" lon="8.243137"><ele>409</ele></trkpt>
   <trkpt lat="47.418724" lon="8.243176"><ele>408.75</ele></trkpt>
   <trkpt lat="47.419441" lon="8.243985"><ele>405</ele></trkpt>
   <trkpt lat="47.419833" lon="8.24438"><ele>404.5</ele></trkpt>
   <trkpt lat="47.420067" lon="8.244601"><ele>404.25</ele></trkpt>
   <trkpt lat="47.420938" lon="8.245492"><ele>404.25</ele></trkpt>
   <trkpt lat="47.421264" lon="8.245811"><ele>404.5</ele></trkpt>
   <trkpt lat="47.421325" lon="8.245861"><ele>404.5</ele></trkpt>
   <trkpt lat="47.421968" lon="8.246435"><ele>404.5</ele></trkpt>
   <trkpt lat="47.422353" lon="8.246793"><ele>403.75</ele></trkpt>
   <trkpt lat="47.422912" lon="8.247312"><ele>403</ele></trkpt>
   <trkpt lat="47.423262" lon="8.247686"><ele>403.25</ele></trkpt>
   <trkpt lat="47.423653" lon="8.248149"><ele>401.25</ele></trkpt>
   <trkpt lat="47.423703" lon="8.248209"><ele>400.25</ele></trkpt>
   <trkpt lat="47.423881" lon="8.24843"><ele>398.75</ele></trkpt>
   <trkpt lat="47.424221" lon="8.248913"><ele>399.75</ele></trkpt>
   <trkpt lat="47.424614" lon="8.249538"><ele>397.5</ele></trkpt>
   <trkpt lat="47.42494" lon="8.250105"><ele>399.5</ele></trkpt>
   <trkpt lat="47.425282" lon="8.250769"><ele>399.5</ele></trkpt>
   <trkpt lat="47.425532" lon="8.251337"><ele>399.25</ele></trkpt>
   <trkpt lat="47.425595" lon="8.251481"><ele>398.5</ele></trkpt>
   <trkpt lat="47.426061" lon="8.252789"><ele>395</ele></trkpt>
   <trkpt lat="47.426074" lon="8.252828"><ele>395</ele></trkpt>
   <trkpt lat="47.426235" lon="8.25334"><ele>393.5</ele></trkpt>
   <trkpt lat="47.426346" lon="8.253741"><ele>392.75</ele></trkpt>
   <trkpt lat="47.426469" lon="8.254241"><ele>392.75</ele></trkpt>
   <trkpt lat="47.426585" lon="8.254774"><ele>393.25</ele></trkpt>
   <trkpt lat="47.426684" lon="8.255322"><ele>395.5</ele></trkpt>
   <trkpt lat="47.426778" lon="8.255919"><ele>391.5</ele></trkpt>
   <trkpt lat="47.42687" lon="8.256674"><ele>392.25</ele></trkpt>
   <trkpt lat="47.426929" lon="8.257436"><ele>394.25</ele></trkpt>
   <trkpt lat="47.426964" lon="8.258207"><ele>393.75</ele></trkpt>
   <trkpt lat="47.426975" lon="8.25896"><ele>393.75</ele></trkpt>
   <trkpt lat="47.426936" lon="8.260334"><ele>392.5</ele></trkpt>
   <trkpt lat="47.426922" lon="8.260716"><ele>386.25</ele></trkpt>
   <trkpt lat="47.42682" lon="8.263572"><ele>389.25</ele></trkpt>
   <trkpt lat="47.426758" lon="8.265225"><ele>399.75</ele></trkpt>
   <trkpt lat="47.426736" lon="8.265812"><ele>399.25</ele></trkpt>
   <trkpt lat="47.426724" lon="8.266331"><ele>398.25</ele></trkpt>
   <trkpt lat="47.426714" lon="8.26706"><ele>395.75</ele></trkpt>
   <trkpt lat="47.426719" lon="8.267378"><ele>394.25</ele></trkpt>
   <trkpt lat="47.426734" lon="8.26791"><ele>392.5</ele></trkpt>
   <trkpt lat="47.426777" lon="8.268664"><ele>393.5</ele></trkpt>
   <trkpt lat="47.426821" lon="8.269189"><ele>393.5</ele></trkpt>
   <trkpt lat="47.426861" lon="8.269562"><ele>393.5</ele></trkpt>
   <trkpt lat="47.426956" lon="8.270231"><ele>395.75</ele></trkpt>
   <trkpt lat="47.427051" lon="8.270792"><ele>393.25</ele></trkpt>
   <trkpt lat="47.42757" lon="8.273496"><ele>389.75</ele></trkpt>
   <trkpt lat="47.42802" lon="8.27582"><ele>397.5</ele></trkpt>
   <trkpt lat="47.428403" lon="8.277915"><ele>398.5</ele></trkpt>
   <trkpt lat="47.428511" lon="8.278542"><ele>401</ele></trkpt>
   <trkpt lat="47.428653" lon="8.279399"><ele>401</ele></trkpt>
   <trkpt lat="47.435676" lon="8.321982"><ele>401</ele></trkpt>
   <trkpt lat="47.43751" lon="8.333145"><ele>401</ele></trkpt>
   <trkpt lat="47.437538" lon="8.333314"><ele>401</ele></trkpt>
   <trkpt lat="47.437752" lon="8.334619"><ele>401</ele></trkpt>
   <trkpt lat="47.437848" lon="8.335286"><ele>401</ele></trkpt>
   <trkpt lat="47.437933" lon="8.336003"><ele>401</ele></trkpt>
   <trkpt lat="47.437984" lon="8.336611"><ele>401</ele></trkpt>
   <trkpt lat="47.438017" lon="8.337259"><ele>401</ele></trkpt>
   <trkpt lat="47.438026" lon="8.338197"><ele>401</ele></trkpt>
   <trkpt lat="47.437986" lon="8.339231"><ele>401</ele></trkpt>
   <trkpt lat="47.437903" lon="8.340244"><ele>401</ele></trkpt>
   <trkpt lat="47.437695" lon="8.341649"><ele>401</ele></trkpt>
   <trkpt lat="47.437393" lon="8.342986"><ele>401.25</ele></trkpt>
   <trkpt lat="47.437337" lon="8.343194"><ele>401.25</ele></trkpt>
   <trkpt lat="47.437158" lon="8.343799"><ele>397</ele></trkpt>
   <trkpt lat="47.43694" lon="8.344456"><ele>396</ele></trkpt>
   <trkpt lat="47.436426" lon="8.345903"><ele>394.25</ele></trkpt>
   <trkpt lat="47.436111" lon="8.346784"><ele>394</ele></trkpt>
   <trkpt lat="47.43489" lon="8.350201"><ele>396</ele></trkpt>
   <trkpt lat="47.434825" lon="8.350383"><ele>395.5</ele></trkpt>
   <trkpt lat="47.434641" lon="8.350873"><ele>395.5</ele></trkpt>
   <trkpt lat="47.434412" lon="8.351436"><ele>393.75</ele></trkpt>
   <trkpt lat="47.434232" lon="8.351915"><ele>393</ele></trkpt>
   <trkpt lat="47.433933" lon="8.352754"><ele>393</ele></trkpt>
   <trkpt lat="47.43337" lon="8.354328"><ele>393</ele></trkpt>
   <trkpt lat="47.433291" lon="8.354524"><ele>393</ele></trkpt>
   <trkpt lat="47.433168" lon="8.354789"><ele>393</ele></trkpt>
   <trkpt lat="47.43308" lon="8.355008"><ele>393</ele></trkpt>
   <trkpt lat="47.433019" lon="8.35518"><ele>392.5</ele></trkpt>
   <trkpt lat="47.432778" lon="8.355897"><ele>393</ele></trkpt>
   <trkpt lat="47.432466" lon="8.356834"><ele>393</ele></trkpt>
   <trkpt lat="47.432166" lon="8.357703"><ele>392.75</ele></trkpt>
   <trkpt lat="47.43186" lon="8.358559"><ele>393</ele></trkpt>
   <trkpt lat="47.431605" lon="8.359243"><ele>393</ele></trkpt>
   <trkpt lat="47.431364" lon="8.359882"><ele>392.75</ele></trkpt>
   <trkpt lat="47.431299" lon="8.360037"><ele>393</ele></trkpt>
   <trkpt lat="47.431221" lon="8.360192"><ele>393</ele></trkpt>
   <trkpt lat="47.430076" lon="8.362294"><ele>394.5</ele></trkpt>
   <trkpt lat="47.429874" lon="8.362696"><ele>395.25</ele></trkpt>
   <trkpt lat="47.42974" lon="8.363003"><ele>393.25</ele></trkpt>
   <trkpt lat="47.42963" lon="8.363287"><ele>395.5</ele></trkpt>
   <trkpt lat="47.429538" lon="8.36355"><ele>395</ele></trkpt>
   <trkpt lat="47.429174" lon="8.36465"><ele>394</ele></trkpt>
   <trkpt lat="47.429036" lon="8.365064"><ele>394.5</ele></trkpt>
   <trkpt lat="47.428948" lon="8.365272"><ele>394</ele></trkpt>
   <trkpt lat="47.428835" lon="8.365486"><ele>394</ele></trkpt>
   <trkpt lat="47.428664" lon="8.365782"><ele>394</ele></trkpt>
   <trkpt lat="47.428498" lon="8.366065"><ele>394</ele></trkpt>
   <trkpt lat="47.428412" lon="8.366225"><ele>394</ele></trkpt>
   <trkpt lat="47.4247" lon="8.374225"><ele>393</ele></trkpt>
   <trkpt lat="47.42461" lon="8.374442"><ele>393</ele></trkpt>
   <trkpt lat="47.424425" lon="8.374949"><ele>393.5</ele></trkpt>
   <trkpt lat="47.424267" lon="8.375388"><ele>393</ele></trkpt>
   <trkpt lat="47.424155" lon="8.375697"><ele>393.75</ele></trkpt>
   <trkpt lat="47.424083" lon="8.375895"><ele>392.75</ele></trkpt>
   <trkpt lat="47.423911" lon="8.376371"><ele>393.5</ele></trkpt>
   <trkpt lat="47.423824" lon="8.376614"><ele>393.25</ele></trkpt>
   <trkpt lat="47.423744" lon="8.37684"><ele>392</ele></trkpt>
   <trkpt lat="47.423482" lon="8.377394"><ele>394</ele></trkpt>
   <trkpt lat="47.423348" lon="8.377691"><ele>394</ele></trkpt>
   <trkpt lat="47.423181" lon="8.37805"><ele>391.25</ele></trkpt>
   <trkpt lat="47.423082" lon="8.378301"><ele>391.75</ele></trkpt>
   <trkpt lat="47.423017" lon="8.37852"><ele>391</ele></trkpt>
   <trkpt lat="47.42292" lon="8.378869"><ele>391</ele></trkpt>
   <trkpt lat="47.422895" lon="8.378963"><ele>391</ele></trkpt>
   <trkpt lat="47.422844" lon="8.379134"><ele>391</ele></trkpt>
   <trkpt lat="47.422779" lon="8.379333"><ele>390.75</ele></trkpt>
   <trkpt lat="47.422689" lon="8.379553"><ele>390.25</ele></trkpt>
   <trkpt lat="47.422549" lon="8.379838"><ele>390</ele></trkpt>
   <trkpt lat="47.422496" lon="8.379932"><ele>390</ele></trkpt>
   <trkpt lat="47.422397" lon="8.38011"><ele>390</ele></trkpt>
   <trkpt lat="47.422354" lon="8.380191"><ele>390</ele></trkpt>
   <trkpt lat="47.422188" lon="8.380456"><ele>390</ele></trkpt>
   <trkpt lat="47.422059" lon="8.380669"><ele>390</ele></trkpt>
   <trkpt lat="47.421794" lon="8.381172"><ele>390</ele></trkpt>
   <trkpt lat="47.421708" lon="8.38135"><ele>390</ele></trkpt>
   <trkpt lat="47.421411" lon="8.381954"><ele>389</ele></trkpt>
   <trkpt lat="47.418685" lon="8.387446"><ele>389</ele></trkpt>
   <trkpt lat="47.418268" lon="8.388285"><ele>389</ele></trkpt>
   <trkpt lat="47.417271" lon="8.390278"><ele>389</ele></trkpt>
   <trkpt lat="47.417206" lon="8.390412"><ele>389</ele></trkpt>
   <trkpt lat="47.417087" lon="8.390703"><ele>389</ele></trkpt>
   <trkpt lat="47.417019" lon="8.390895"><ele>389</ele></trkpt>
   <trkpt lat="47.416937" lon="8.391086"><ele>389</ele></trkpt>
   <trkpt lat="47.4168" lon="8.391372"><ele>389</ele></trkpt>
   <trkpt lat="47.416594" lon="8.391802"><ele>389</ele></trkpt>
   <trkpt lat="47.416575" lon="8.391843"><ele>389</ele></trkpt>
   <trkpt lat="47.41641" lon="8.392126"><ele>389</ele></trkpt>
   <trkpt lat="47.416396" lon="8.392146"><ele>389</ele></trkpt>
   <trkpt lat="47.416209" lon="8.392422"><ele>389</ele></trkpt>
   <trkpt lat="47.416079" lon="8.392612"><ele>389</ele></trkpt>
   <trkpt lat="47.411591" lon="8.399071"><ele>389</ele></trkpt>
   <trkpt lat="47.41147" lon="8.399258"><ele>389</ele></trkpt>
   <trkpt lat="47.411351" lon="8.399474"><ele>389</ele></trkpt>
   <trkpt lat="47.411251" lon="8.399689"><ele>389</ele></trkpt>
   <trkpt lat="47.411005" lon="8.400299"><ele>388</ele></trkpt>
   <trkpt lat="47.410938" lon="8.400436"><ele>388</ele></trkpt>
   <trkpt lat="47.410753" lon="8.400767"><ele>388</ele></trkpt>
   <trkpt lat="47.410638" lon="8.400974"><ele>387.75</ele></trkpt>
   <trkpt lat="47.410343" lon="8.401493"><ele>388</ele></trkpt>
   <trkpt lat="47.410165" lon="8.401772"><ele>388</ele></trkpt>
   <trkpt lat="47.410139" lon="8.401813"><ele>388</ele></trkpt>
   <trkpt lat="47.409609" lon="8.402642"><ele>387</ele></trkpt>
   <trkpt lat="47.409481" lon="8.402815"><ele>387</ele></trkpt>
   <trkpt lat="47.409374" lon="8.402937"><ele>387.5</ele></trkpt>
   <trkpt lat="47.409238" lon="8.403071"><ele>387.75</ele></trkpt>
   <trkpt lat="47.409127" lon="8.403166"><ele>387.75</ele></trkpt>
   <trkpt lat="47.409035" lon="8.403238"><ele>387.75</ele></trkpt>
   <trkpt lat="47.40844" lon="8.40371"><ele>385.75</ele></trkpt>
   <trkpt lat="47.40822" lon="8.403867"><ele>388</ele></trkpt>
   <trkpt lat="47.40776" lon="8.404157"><ele>388</ele></trkpt>
   <trkpt lat="47.407666" lon="8.404217"><ele>388</ele></trkpt>
   <trkpt lat="47.406967" lon="8.404642"><ele>388</ele></trkpt>
   <trkpt lat="47.405891" lon="8.405255"><ele>388</ele></trkpt>
   <trkpt lat="47.403783" lon="8.406416"><ele>388.25</ele></trkpt>
   <trkpt lat="47.403376" lon="8.406645"><ele>387.75</ele></trkpt>
   <trkpt lat="47.403017" lon="8.40687"><ele>388</ele></trkpt>
   <trkpt lat="47.402828" lon="8.407004"><ele>387.75</ele></trkpt>
   <trkpt lat="47.402527" lon="8.407248"><ele>387.75</ele></trkpt>
   <trkpt lat="47.402316" lon="8.407451"><ele>387.5</ele></trkpt>
   <trkpt lat="47.402111" lon="8.407686"><ele>387.5</ele></trkpt>
   <trkpt lat="47.401832" lon="8.408055"><ele>387.75</ele></trkpt>
   <trkpt lat="47.401616" lon="8.40836"><ele>387</ele></trkpt>
   <trkpt lat="47.40147" lon="8.408577"><ele>387.75</ele></trkpt>
   <trkpt lat="47.401334" lon="8.408805"><ele>387.75</ele></trkpt>
   <trkpt lat="47.401166" lon="8.409133"><ele>388.25</ele></trkpt>
   <trkpt lat="47.400979" lon="8.409553"><ele>387.5</ele></trkpt>
   <trkpt lat="47.400856" lon="8.409846"><ele>388.25</ele></trkpt>
   <trkpt lat="47.400745" lon="8.410128"><ele>387.5</ele></trkpt>
   <trkpt lat="47.400618" lon="8.410494"><ele>388.25</ele></trkpt>
   <trkpt lat="47.400533" lon="8.410771"><ele>388.25</ele></trkpt>
   <trkpt lat="47.400453" lon="8.411065"><ele>387.25</ele></trkpt>
   <trkpt lat="47.400355" lon="8.411482"><ele>388</ele></trkpt>
   <trkpt lat="47.400287" lon="8.411823"><ele>388.75</ele></trkpt>
   <trkpt lat="47.40015" lon="8.412642"><ele>387</ele></trkpt>
   <trkpt lat="47.399461" lon="8.417014"><ele>388.75</ele></trkpt>
   <trkpt lat="47.399311" lon="8.418032"><ele>388.5</ele></trkpt>
   <trkpt lat="47.399117" lon="8.419485"><ele>389</ele></trkpt>
   <trkpt lat="47.398982" lon="8.420437"><ele>388.75</ele></trkpt>
   <trkpt lat="47.398496" lon="8.423502"><ele>388.25</ele></trkpt>
   <trkpt lat="47.398262" lon="8.424902"><ele>388.5</ele></trkpt>
   <trkpt lat="47.398153" lon="8.42555"><ele>388.25</ele></trkpt>
   <trkpt lat="47.398084" lon="8.426"><ele>388.75</ele></trkpt>
   <trkpt lat="47.398017" lon="8.426521"><ele>389</ele></trkpt>
   <trkpt lat="47.397981" lon="8.42687"><ele>388.75</ele></trkpt>
   <trkpt lat="47.397941" lon="8.427426"><ele>389.25</ele></trkpt>
   <trkpt lat="47.397924" lon="8.427813"><ele>389.25</ele></trkpt>
   <trkpt lat="47.39792" lon="8.428477"><ele>391.25</ele></trkpt>
   <trkpt lat="47.397938" lon="8.429048"><ele>388.75</ele></trkpt>
   <trkpt lat="47.397977" lon="8.429629"><ele>388.25</ele></trkpt>
   <trkpt lat="47.398019" lon="8.430077"><ele>388.75</ele></trkpt>
   <trkpt lat="47.398157" lon="8.431329"><ele>389.25</ele></trkpt>
   <trkpt lat="47.398241" lon="8.432196"><ele>389</ele></trkpt>
   <trkpt lat="47.398319" lon="8.433123"><ele>389.75</ele></trkpt>
   <trkpt lat="47.398396" lon="8.434169"><ele>390</ele></trkpt>
   <trkpt lat="47.398426" lon="8.434658"><ele>390</ele></trkpt>
   <trkpt lat="47.398466" lon="8.435516"><ele>390.75</ele></trkpt>
   <trkpt lat="47.398493" lon="8.43589"><ele>390.75</ele></trkpt>
   <trkpt lat="47.398525" lon="8.43627"><ele>390.25</ele></trkpt>
   <trkpt lat="47.398566" lon="8.436863"><ele>391</ele></trkpt>
   <trkpt lat="47.398611" lon="8.437686"><ele>391</ele></trkpt>
   <trkpt lat="47.398631" lon="8.43799"><ele>390.75</ele></trkpt>
   <trkpt lat="47.398649" lon="8.43819"><ele>391</ele></trkpt>
   <trkpt lat="47.398676" lon="8.438557"><ele>390.75</ele></trkpt>
   <trkpt lat="47.398699" lon="8.439182"><ele>391.5</ele></trkpt>
   <trkpt lat="47.398721" lon="8.439503"><ele>391.5</ele></trkpt>
   <trkpt lat="47.398767" lon="8.440047"><ele>392</ele></trkpt>
   <trkpt lat="47.398791" lon="8.440416"><ele>391.75</ele></trkpt>
   <trkpt lat="47.398816" lon="8.441082"><ele>391.75</ele></trkpt>
   <trkpt lat="47.398831" lon="8.441289"><ele>391.25</ele></trkpt>
   <trkpt lat="47.398844" lon="8.441439"><ele>391.25</ele></trkpt>
   <trkpt lat="47.398854" lon="8.441689"><ele>392</ele></trkpt>
   <trkpt lat="47.398855" lon="8.442078"><ele>392</ele></trkpt>
   <trkpt lat="47.398864" lon="8.442241"><ele>392</ele></trkpt>
   <trkpt lat="47.39909" lon="8.445358"><ele>392.25</ele></trkpt>
   <trkpt lat="47.399175" lon="8.446531"><ele>392.5</ele></trkpt>
   <trkpt lat="47.399343" lon="8.448863"><ele>392</ele></trkpt>
   <trkpt lat="47.399352" lon="8.449093"><ele>392</ele></trkpt>
   <trkpt lat="47.399349" lon="8.449449"><ele>392</ele></trkpt>
   <trkpt lat="47.399356" lon="8.449651"><ele>392</ele></trkpt>
   <trkpt lat="47.399857" lon="8.456521"><ele>393</ele></trkpt>
   <trkpt lat="47.399867" lon="8.456796"><ele>393</ele></trkpt>
   <trkpt lat="47.399868" lon="8.457088"><ele>393.25</ele></trkpt>
   <trkpt lat="47.399846" lon="8.457699"><ele>393</ele></trkpt>
   <trkpt lat="47.399818" lon="8.458088"><ele>393</ele></trkpt>
   <trkpt lat="47.399753" lon="8.458663"><ele>393</ele></trkpt>
   <trkpt lat="47.399723" lon="8.458872"><ele>393</ele></trkpt>
   <trkpt lat="47.399651" lon="8.459287"><ele>393</ele></trkpt>
   <trkpt lat="47.399565" lon="8.459697"><ele>393.5</ele></trkpt>
   <trkpt lat="47.399459" lon="8.460137"><ele>393</ele></trkpt>
   <trkpt lat="47.399306" lon="8.460718"><ele>393</ele></trkpt>
   <trkpt lat="47.39916" lon="8.461221"><ele>393</ele></trkpt>
   <trkpt lat="47.39908" lon="8.461466"><ele>393.25</ele></trkpt>
   <trkpt lat="47.398819" lon="8.462321"><ele>393.75</ele></trkpt>
   <trkpt lat="47.398729" lon="8.462645"><ele>394</ele></trkpt>
   <trkpt lat="47.398592" lon="8.463222"><ele>394</ele></trkpt>
   <trkpt lat="47.398511" lon="8.463499"><ele>394.25</ele></trkpt>
   <trkpt lat="47.39833" lon="8.464099"><ele>394</ele></trkpt>
   <trkpt lat="47.398214" lon="8.464507"><ele>394.25</ele></trkpt>
   <trkpt lat="47.397537" lon="8.467012"><ele>394</ele></trkpt>
   <trkpt lat="47.397468" lon="8.467232"><ele>394</ele></trkpt>
   <trkpt lat="47.397362" lon="8.467525"><ele>394.25</ele></trkpt>
   <trkpt lat="47.397312" lon="8.467685"><ele>394</ele></trkpt>
   <trkpt lat="47.397248" lon="8.467923"><ele>394</ele></trkpt>
   <trkpt lat="47.397105" lon="8.468441"><ele>395.25</ele></trkpt>
   <trkpt lat="47.396927" lon="8.469054"><ele>395</ele></trkpt>
   <trkpt lat="47.396433" lon="8.470878"><ele>395.75</ele></trkpt>
   <trkpt lat="47.396359" lon="8.471114"><ele>396</ele></trkpt>
   <trkpt lat="47.396271" lon="8.471359"><ele>396</ele></trkpt>
   <trkpt lat="47.396197" lon="8.471596"><ele>395.75</ele></trkpt>
   <trkpt lat="47.396106" lon="8.471932"><ele>396.75</ele></trkpt>
   <trkpt lat="47.395914" lon="8.472642"><ele>397.25</ele></trkpt>
   <trkpt lat="47.39589" lon="8.472736"><ele>397.75</ele></trkpt>
   <trkpt lat="47.395836" lon="8.473013"><ele>398</ele></trkpt>
   <trkpt lat="47.395787" lon="8.473274"><ele>397</ele></trkpt>
   <trkpt lat="47.393852" lon="8.480267"><ele>396</ele></trkpt>
   <trkpt lat="47.393775" lon="8.480581"><ele>396</ele></trkpt>
   <trkpt lat="47.393699" lon="8.480954"><ele>396.25</ele></trkpt>
   <trkpt lat="47.393649" lon="8.481164"><ele>396.25</ele></trkpt>
   <trkpt lat="47.393556" lon="8.481529"><ele>396.75</ele></trkpt>
   <trkpt lat="47.39346" lon="8.481906"><ele>396.75</ele></trkpt>
   <trkpt lat="47.39336" lon="8.482308"><ele>396.75</ele></trkpt>
   <trkpt lat="47.393309" lon="8.48254"><ele>397</ele></trkpt>
   <trkpt lat="47.393234" lon="8.482981"><ele>397</ele></trkpt>
   <trkpt lat="47.393164" lon="8.483301"><ele>397</ele></trkpt>
   <trkpt lat="47.39309" lon="8.483591"><ele>396.75</ele></trkpt>
   <trkpt lat="47.39302" lon="8.483894"><ele>397</ele></trkpt>
   <trkpt lat="47.392895" lon="8.484508"><ele>397.5</ele></trkpt>
   <trkpt lat="47.392821" lon="8.484822"><ele>397.75</ele></trkpt>
   <trkpt lat="47.392772" lon="8.485017"><ele>397.75</ele></trkpt>
   <trkpt lat="47.392247" lon="8.487065"><ele>398.75</ele></trkpt>
   <trkpt lat="47.392161" lon="8.487395"><ele>399</ele></trkpt>
   <trkpt lat="47.391688" lon="8.48916"><ele>399</ele></trkpt>
   <trkpt lat="47.391366" lon="8.490327"><ele>399</ele></trkpt>
   <trkpt lat="47.391047" lon="8.491407"><ele>398.75</ele></trkpt>
   <trkpt lat="47.390915" lon="8.491858"><ele>399</ele></trkpt>
   <trkpt lat="47.390671" lon="8.492746"><ele>399</ele></trkpt>
   <trkpt lat="47.390372" lon="8.49377"><ele>399</ele></trkpt>
   <trkpt lat="47.390266" lon="8.494199"><ele>399</ele></trkpt>
   <trkpt lat="47.390225" lon="8.494394"><ele>399</ele></trkpt>
   <trkpt lat="47.390141" lon="8.494785"><ele>399</ele></trkpt>
   <trkpt lat="47.390048" lon="8.495162"><ele>400</ele></trkpt>
   <trkpt lat="47.389932" lon="8.495584"><ele>400</ele></trkpt>
   <trkpt lat="47.389752" lon="8.496188"><ele>399.75</ele></trkpt>
   <trkpt lat="47.389672" lon="8.496501"><ele>400</ele></trkpt>
   <trkpt lat="47.389525" lon="8.497228"><ele>400.5</ele></trkpt>
   <trkpt lat="47.389397" lon="8.497894"><ele>400.25</ele></trkpt>
   <trkpt lat="47.389372" lon="8.498048"><ele>400.5</ele></trkpt>
   <trkpt lat="47.389304" lon="8.498602"><ele>401</ele></trkpt>
   <trkpt lat="47.389277" lon="8.498936"><ele>401.25</ele></trkpt>
   <trkpt lat="47.38921" lon="8.499506"><ele>401.25</ele></trkpt>
   <trkpt lat="47.389106" lon="8.500182"><ele>401</ele></trkpt>
   <trkpt lat="47.389062" lon="8.500445"><ele>400.5</ele></trkpt>
   <trkpt lat="47.388976" lon="8.500856"><ele>400.75</ele></trkpt>
   <trkpt lat="47.388931" lon="8.501047"><ele>401</ele></trkpt>
   <trkpt lat="47.388807" lon="8.501508"><ele>400.5</ele></trkpt>
   <trkpt lat="47.387657" lon="8.505391"><ele>402</ele></trkpt>
   <trkpt lat="47.387577" lon="8.505642"><ele>402</ele></trkpt>
   <trkpt lat="47.38747" lon="8.505938"><ele>402</ele></trkpt>
   <trkpt lat="47.38712" lon="8.506775"><ele>402</ele></trkpt>
   <trkpt lat="47.386976" lon="8.507149"><ele>402</ele></trkpt>
   <trkpt lat="47.386722" lon="8.507826"><ele>402</ele></trkpt>
   <trkpt lat="47.386601" lon="8.508273"><ele>402</ele></trkpt>
   <trkpt lat="47.386498" lon="8.50866"><ele>402</ele></trkpt>
   <trkpt lat="47.386454" lon="8.508857"><ele>402</ele></trkpt>
   <trkpt lat="47.386388" lon="8.509203"><ele>403</ele></trkpt>
   <trkpt lat="47.386336" lon="8.509483"><ele>403</ele></trkpt>
   <trkpt lat="47.386177" lon="8.51033"><ele>403</ele></trkpt>
   <trkpt lat="47.386101" lon="8.510738"><ele>402.25</ele></trkpt>
   <trkpt lat="47.386018" lon="8.511203"><ele>402</ele></trkpt>
   <trkpt lat="47.385929" lon="8.511712"><ele>403</ele></trkpt>
   <trkpt lat="47.385854" lon="8.512139"><ele>403</ele></trkpt>
   <trkpt lat="47.385772" lon="8.512604"><ele>403</ele></trkpt>
   <trkpt lat="47.385712" lon="8.512874"><ele>403</ele></trkpt>
   <trkpt lat="47.384552" lon="8.517158"><ele>404</ele></trkpt>
   <trkpt lat="47.384495" lon="8.517379"><ele>403.75</ele></trkpt>
   <trkpt lat="47.384462" lon="8.517539"><ele>404</ele></trkpt>
   <trkpt lat="47.384359" lon="8.518103"><ele>404</ele></trkpt>
   <trkpt lat="47.38433" lon="8.518227"><ele>404.25</ele></trkpt>
   <trkpt lat="47.38424" lon="8.518515"><ele>404.5</ele></trkpt>
   <trkpt lat="47.384144" lon="8.518776"><ele>405</ele></trkpt>
   <trkpt lat="47.384041" lon="8.519052"><ele>405</ele></trkpt>
   <trkpt lat="47.383965" lon="8.519254"><ele>405</ele></trkpt>
   <trkpt lat="47.383792" lon="8.519722"><ele>405</ele></trkpt>
   <trkpt lat="47.383446" lon="8.520655"><ele>405.5</ele></trkpt>
   <trkpt lat="47.38343" lon="8.520697"><ele>405.75</ele></trkpt>
   <trkpt lat="47.38336" lon="8.520915"><ele>406</ele></trkpt>
   <trkpt lat="47.383251" lon="8.521323"><ele>406</ele></trkpt>
   <trkpt lat="47.382443" lon="8.5243"><ele>406</ele></trkpt>
   <trkpt lat="47.381808" lon="8.52655"><ele>407</ele></trkpt>
   <trkpt lat="47.381592" lon="8.527349"><ele>407.25</ele></trkpt>
   <trkpt lat="47.381491" lon="8.52772"><ele>408</ele></trkpt>
   <trkpt lat="47.381384" lon="8.528114"><ele>408</ele></trkpt>
   <trkpt lat="47.381248" lon="8.528489"><ele>408.5</ele></trkpt>
   <trkpt lat="47.38118" lon="8.528705"><ele>408.25</ele></trkpt>
   <trkpt lat="47.381147" lon="8.528828"><ele>408</ele></trkpt>
   <trkpt lat="47.381087" lon="8.529021"><ele>408</ele></trkpt>
   <trkpt lat="47.380955" lon="8.529378"><ele>408</ele></trkpt>
   <trkpt lat="47.380877" lon="8.529588"><ele>408</ele></trkpt>
   <trkpt lat="47.380798" lon="8.529797"><ele>408</ele></trkpt>
   <trkpt lat="47.380719" lon="8.530009"><ele>408</ele></trkpt>
   <trkpt lat="47.38064" lon="8.53022"><ele>408</ele></trkpt>
   <trkpt lat="47.380561" lon="8.530431"><ele>407.75</ele></trkpt>
   <trkpt lat="47.380482" lon="8.530641"><ele>407.75</ele></trkpt>
   <trkpt lat="47.380276" lon="8.531398"><ele>407.75</ele></trkpt>
   <trkpt lat="47.380123" lon="8.531969"><ele>407.75</ele></trkpt>
   <trkpt lat="47.380002" lon="8.532412"><ele>407</ele></trkpt>
   <trkpt lat="47.379921" lon="8.532713"><ele>407</ele></trkpt>
   <trkpt lat="47.379717" lon="8.533474"><ele>407</ele></trkpt>
   <trkpt lat="47.379632" lon="8.533786"><ele>407.5</ele></trkpt>
   <trkpt lat="47.379551" lon="8.534041"><ele>408</ele></trkpt>
   <trkpt lat="47.379389" lon="8.534476"><ele>408</ele></trkpt>
   <trkpt lat="47.3793" lon="8.534756"><ele>408</ele></trkpt>
   <trkpt lat="47.378237" lon="8.538674"><ele>408</ele></trkpt>
   <trkpt lat="47.3793" lon="8.534756"><ele>408</ele></trkpt>
   <trkpt lat="47.379389" lon="8.534476"><ele>408</ele></trkpt>
   <trkpt lat="47.379551" lon="8.534041"><ele>408</ele></trkpt>
   <trkpt lat="47.379632" lon="8.533786"><ele>407.5</ele></trkpt>
   <trkpt lat="47.379717" lon="8.533474"><ele>407</ele></trkpt>
   <trkpt lat="47.379921" lon="8.532713"><ele>407</ele></trkpt>
   <trkpt lat="47.380002" lon="8.532412"><ele>407</ele></trkpt>
   <trkpt lat="47.380082" lon="8.532198"><ele>407</ele></trkpt>
   <trkpt lat="47.380123" lon="8.531969"><ele>407.75</ele></trkpt>
   <trkpt lat="47.380164" lon="8.531734"><ele>407.25</ele></trkpt>
   <trkpt lat="47.380206" lon="8.5315"><ele>407.25</ele></trkpt>
   <trkpt lat="47.380246" lon="8.53127"><ele>407.5</ele></trkpt>
   <trkpt lat="47.380288" lon="8.531037"><ele>408</ele></trkpt>
   <trkpt lat="47.380329" lon="8.530807"><ele>407.75</ele></trkpt>
   <trkpt lat="47.380354" lon="8.530665"><ele>407.5</ele></trkpt>
   <trkpt lat="47.380404" lon="8.530444"><ele>407</ele></trkpt>
   <trkpt lat="47.380507" lon="8.530031"><ele>407.75</ele></trkpt>
   <trkpt lat="47.380583" lon="8.52974"><ele>408</ele></trkpt>
   <trkpt lat="47.380643" lon="8.529458"><ele>407.75</ele></trkpt>
   <trkpt lat="47.380733" lon="8.528919"><ele>408.5</ele></trkpt>
   <trkpt lat="47.380762" lon="8.528772"><ele>408.5</ele></trkpt>
   <trkpt lat="47.380816" lon="8.528549"><ele>408.75</ele></trkpt>
   <trkpt lat="47.38085" lon="8.52842"><ele>409</ele></trkpt>
   <trkpt lat="47.38098" lon="8.527907"><ele>409</ele></trkpt>
   <trkpt lat="47.381059" lon="8.527498"><ele>408.75</ele></trkpt>
   <trkpt lat="47.381113" lon="8.527064"><ele>408.75</ele></trkpt>
   <trkpt lat="47.381137" lon="8.526676"><ele>408.75</ele></trkpt>
   <trkpt lat="47.38114" lon="8.526294"><ele>408.5</ele></trkpt>
   <trkpt lat="47.381127" lon="8.526035"><ele>408.75</ele></trkpt>
   <trkpt lat="47.381069" lon="8.525464"><ele>408.25</ele></trkpt>
   <trkpt lat="47.381044" lon="8.525159"><ele>407.75</ele></trkpt>
   <trkpt lat="47.380971" lon="8.52404"><ele>406.75</ele></trkpt>
   <trkpt lat="47.380939" lon="8.523667"><ele>404.75</ele></trkpt>
   <trkpt lat="47.38089" lon="8.523346"><ele>404.5</ele></trkpt>
   <trkpt lat="47.380833" lon="8.523067"><ele>405</ele></trkpt>
   <trkpt lat="47.380763" lon="8.522804"><ele>405</ele></trkpt>
   <trkpt lat="47.380706" lon="8.522623"><ele>404.5</ele></trkpt>
   <trkpt lat="47.380626" lon="8.522404"><ele>404.75</ele></trkpt>
   <trkpt lat="47.380542" lon="8.522205"><ele>405</ele></trkpt>
   <trkpt lat="47.380381" lon="8.521892"><ele>405</ele></trkpt>
   <trkpt lat="47.380283" lon="8.521721"><ele>404.5</ele></trkpt>
   <trkpt lat="47.380177" lon="8.521563"><ele>404.75</ele></trkpt>
   <trkpt lat="47.379985" lon="8.521321"><ele>403.25</ele></trkpt>
   <trkpt lat="47.379777" lon="8.521101"><ele>403.75</ele></trkpt>
   <trkpt lat="47.378256" lon="8.519607"><ele>405.5</ele></trkpt>
   <trkpt lat="47.377936" lon="8.519319"><ele>405.5</ele></trkpt>
   <trkpt lat="47.377678" lon="8.519128"><ele>404.5</ele></trkpt>
   <trkpt lat="47.377415" lon="8.518976"><ele>405</ele></trkpt>
   <trkpt lat="47.377307" lon="8.518923"><ele>404.5</ele></trkpt>
   <trkpt lat="47.377111" lon="8.518844"><ele>405.75</ele></trkpt>
   <trkpt lat="47.376981" lon="8.518805"><ele>407</ele></trkpt>
   <trkpt lat="47.376768" lon="8.518756"><ele>407</ele></trkpt>
   <trkpt lat="47.376569" lon="8.518731"><ele>406.5</ele></trkpt>
   <trkpt lat="47.376425" lon="8.518723"><ele>406.25</ele></trkpt>
   <trkpt lat="47.376232" lon="8.518729"><ele>406.25</ele></trkpt>
   <trkpt lat="47.37607" lon="8.518746"><ele>406.25</ele></trkpt>
   <trkpt lat="47.375906" lon="8.518774"><ele>407.25</ele></trkpt>
   <trkpt lat="47.375696" lon="8.518821"><ele>407.25</ele></trkpt>
   <trkpt lat="47.375454" lon="8.518902"><ele>404.5</ele></trkpt>
   <trkpt lat="47.37507" lon="8.519095"><ele>407.25</ele></trkpt>
   <trkpt lat="47.374878" lon="8.519207"><ele>405.75</ele></trkpt>
   <trkpt lat="47.3746" lon="8.519404"><ele>408.25</ele></trkpt>
   <trkpt lat="47.374349" lon="8.519623"><ele>408.75</ele></trkpt>
   <trkpt lat="47.374192" lon="8.519777"><ele>407.5</ele></trkpt>
   <trkpt lat="47.373962" lon="8.520036"><ele>407.25</ele></trkpt>
   <trkpt lat="47.373723" lon="8.520343"><ele>407.75</ele></trkpt>
   <trkpt lat="47.372443" lon="8.522158"><ele>406.75</ele></trkpt>
   <trkpt lat="47.371488" lon="8.523495"><ele>407</ele></trkpt>
   <trkpt lat="47.371348" lon="8.523688"><ele>407.25</ele></trkpt>
   <trkpt lat="47.371143" lon="8.523951"><ele>407.25</ele></trkpt>
   <trkpt lat="47.369969" lon="8.525413"><ele>407.75</ele></trkpt>
   <trkpt lat="47.369911" lon="8.525486"><ele>407.75</ele></trkpt>
   <trkpt lat="47.369529" lon="8.52592"><ele>408</ele></trkpt>
   <trkpt lat="47.369297" lon="8.526191"><ele>408</ele></trkpt>
   <trkpt lat="47.368153" lon="8.527632"><ele>408.5</ele></trkpt>
   <trkpt lat="47.36757" lon="8.528314"><ele>408.75</ele></trkpt>
   <trkpt lat="47.367287" lon="8.528604"><ele>409</ele></trkpt>
   <trkpt lat="47.366978" lon="8.528891"><ele>409</ele></trkpt>
   <trkpt lat="47.366631" lon="8.529157"><ele>409.25</ele></trkpt>
   <trkpt lat="47.36628" lon="8.529409"><ele>409.25</ele></trkpt>
   <trkpt lat="47.365334" lon="8.529995"><ele>409.75</ele></trkpt>
   <trkpt lat="47.364669" lon="8.530371"><ele>409.75</ele></trkpt>
   <trkpt lat="47.363967" lon="8.530687"><ele>409.75</ele></trkpt>
   <trkpt lat="47.363634" lon="8.530826"><ele>409</ele></trkpt>
   <trkpt lat="47.363225" lon="8.530974"><ele>410.75</ele></trkpt>
   <trkpt lat="47.363006" lon="8.531032"><ele>411.25</ele></trkpt>
   <trkpt lat="47.362695" lon="8.53109"><ele>411</ele></trkpt>
   <trkpt lat="47.362481" lon="8.531121"><ele>411</ele></trkpt>
   <trkpt lat="47.361341" lon="8.531262"><ele>410.75</ele></trkpt>
   <trkpt lat="47.361181" lon="8.531282"><ele>410.75</ele></trkpt>
   <trkpt lat="47.360543" lon="8.531408"><ele>410.5</ele></trkpt>
   <trkpt lat="47.359989" lon="8.531452"><ele>410.25</ele></trkpt>
   <trkpt lat="47.358432" lon="8.531509"><ele>410</ele></trkpt>
   <trkpt lat="47.358188" lon="8.531528"><ele>409.75</ele></trkpt>
   <trkpt lat="47.357889" lon="8.531565"><ele>409.75</ele></trkpt>
   <trkpt lat="47.357643" lon="8.531611"><ele>409.75</ele></trkpt>
   <trkpt lat="47.357382" lon="8.531672"><ele>409.5</ele></trkpt>
   <trkpt lat="47.357003" lon="8.531789"><ele>409.5</ele></trkpt>
   <trkpt lat="47.356801" lon="8.531862"><ele>409.5</ele></trkpt>
   <trkpt lat="47.356417" lon="8.53203"><ele>409.25</ele></trkpt>
   <trkpt lat="47.354988" lon="8.532788"><ele>409</ele></trkpt>
   <trkpt lat="47.354826" lon="8.532874"><ele>409</ele></trkpt>
   <trkpt lat="47.354733" lon="8.532937"><ele>409</ele></trkpt>
   <trkpt lat="47.354485" lon="8.533057"><ele>409</ele></trkpt>
   <trkpt lat="47.354215" lon="8.533172"><ele>409</ele></trkpt>
   <trkpt lat="47.353875" lon="8.533277"><ele>409</ele></trkpt>
   <trkpt lat="47.353563" lon="8.533341"><ele>409</ele></trkpt>
   <trkpt lat="47.353317" lon="8.53337"><ele>408.75</ele></trkpt>
   <trkpt lat="47.35299" lon="8.533377"><ele>409</ele></trkpt>
   <trkpt lat="47.352398" lon="8.533329"><ele>409</ele></trkpt>
   <trkpt lat="47.352262" lon="8.533315"><ele>409</ele></trkpt>
   <trkpt lat="47.352027" lon="8.533299"><ele>409</ele></trkpt>
   <trkpt lat="47.351896" lon="8.533299"><ele>409</ele></trkpt>
   <trkpt lat="47.35142" lon="8.533322"><ele>409</ele></trkpt>
   <trkpt lat="47.351368" lon="8.533324"><ele>409</ele></trkpt>
   <trkpt lat="47.351309" lon="8.533328"><ele>409</ele></trkpt>
   <trkpt lat="47.35106" lon="8.533353"><ele>409</ele></trkpt>
   <trkpt lat="47.350652" lon="8.533435"><ele>409</ele></trkpt>
   <trkpt lat="47.349768" lon="8.533637"><ele>409</ele></trkpt>
   <trkpt lat="47.349604" lon="8.533674"><ele>409</ele></trkpt>
   <trkpt lat="47.348823" lon="8.53385"><ele>409</ele></trkpt>
   <trkpt lat="47.347929" lon="8.534023"><ele>409</ele></trkpt>
   <trkpt lat="47.347082" lon="8.534178"><ele>409</ele></trkpt>
   <trkpt lat="47.346952" lon="8.534189"><ele>409</ele></trkpt>
   <trkpt lat="47.346719" lon="8.534182"><ele>409</ele></trkpt>
   <trkpt lat="47.346537" lon="8.534187"><ele>408.75</ele></trkpt>
   <trkpt lat="47.346517" lon="8.534189"><ele>408.75</ele></trkpt>
   <trkpt lat="47.34606" lon="8.534197"><ele>408.75</ele></trkpt>
   <trkpt lat="47.345741" lon="8.534226"><ele>408.75</ele></trkpt>
   <trkpt lat="47.345654" lon="8.534239"><ele>408.5</ele></trkpt>
   <trkpt lat="47.344931" lon="8.534346"><ele>409.25</ele></trkpt>
   <trkpt lat="47.344599" lon="8.534413"><ele>409.5</ele></trkpt>
   <trkpt lat="47.344324" lon="8.534496"><ele>409.75</ele></trkpt>
   <trkpt lat="47.344027" lon="8.534615"><ele>409</ele></trkpt>
   <trkpt lat="47.343864" lon="8.534695"><ele>409</ele></trkpt>
   <trkpt lat="47.343621" lon="8.534834"><ele>409.5</ele></trkpt>
   <trkpt lat="47.343287" lon="8.535062"><ele>411.25</ele></trkpt>
   <trkpt lat="47.342591" lon="8.535593"><ele>411.5</ele></trkpt>
   <trkpt lat="47.34231" lon="8.53581"><ele>412.25</ele></trkpt>
   <trkpt lat="47.341386" lon="8.536521"><ele>413</ele></trkpt>
   <trkpt lat="47.341064" lon="8.536763"><ele>411.75</ele></trkpt>
   <trkpt lat="47.340663" lon="8.53703"><ele>411.25</ele></trkpt>
   <trkpt lat="47.340284" lon="8.537244"><ele>412.5</ele></trkpt>
   <trkpt lat="47.338782" lon="8.538051"><ele>411.5</ele></trkpt>
   <trkpt lat="47.33866" lon="8.538114"><ele>410.5</ele></trkpt>
   <trkpt lat="47.338405" lon="8.538233"><ele>411.5</ele></trkpt>
   <trkpt lat="47.338153" lon="8.538326"><ele>413.25</ele></trkpt>
   <trkpt lat="47.337981" lon="8.538377"><ele>413.5</ele></trkpt>
   <trkpt lat="47.337293" lon="8.538548"><ele>413.75</ele></trkpt>
   <trkpt lat="47.336937" lon="8.538671"><ele>415.25</ele></trkpt>
   <trkpt lat="47.336755" lon="8.538756"><ele>416</ele></trkpt>
   <trkpt lat="47.336548" lon="8.538873"><ele>415.75</ele></trkpt>
   <trkpt lat="47.336361" lon="8.538999"><ele>415</ele></trkpt>
   <trkpt lat="47.336131" lon="8.539183"><ele>415.5</ele></trkpt>
   <trkpt lat="47.335915" lon="8.539388"><ele>414.75</ele></trkpt>
   <trkpt lat="47.335759" lon="8.539559"><ele>414.75</ele></trkpt>
   <trkpt lat="47.335591" lon="8.539765"><ele>415</ele></trkpt>
   <trkpt lat="47.335411" lon="8.540021"><ele>414.75</ele></trkpt>
   <trkpt lat="47.335143" lon="8.540461"><ele>415.75</ele></trkpt>
   <trkpt lat="47.334559" lon="8.5415"><ele>416.75</ele></trkpt>
   <trkpt lat="47.334417" lon="8.541735"><ele>417.5</ele></trkpt>
   <trkpt lat="47.334209" lon="8.542057"><ele>416.25</ele></trkpt>
   <trkpt lat="47.334142" lon="8.542154"><ele>415.25</ele></trkpt>
   <trkpt lat="47.333974" lon="8.542387"><ele>415.25</ele></trkpt>
   <trkpt lat="47.333708" lon="8.54273"><ele>417.5</ele></trkpt>
   <trkpt lat="47.333518" lon="8.542954"><ele>417.5</ele></trkpt>
   <trkpt lat="47.333329" lon="8.543162"><ele>416.75</ele></trkpt>
   <trkpt lat="47.333148" lon="8.543349"><ele>416.5</ele></trkpt>
   <trkpt lat="47.332917" lon="8.54357"><ele>417</ele></trkpt>
   <trkpt lat="47.332636" lon="8.543815"><ele>417.5</ele></trkpt>
   <trkpt lat="47.332383" lon="8.544015"><ele>418.5</ele></trkpt>
   <trkpt lat="47.332076" lon="8.544233"><ele>419</ele></trkpt>
   <trkpt lat="47.331816" lon="8.544398"><ele>419.75</ele></trkpt>
   <trkpt lat="47.329155" lon="8.545956"><ele>420</ele></trkpt>
   <trkpt lat="47.328975" lon="8.546062"><ele>420.5</ele></trkpt>
   <trkpt lat="47.327983" lon="8.546635"><ele>422.75</ele></trkpt>
   <trkpt lat="47.327679" lon="8.546789"><ele>423</ele></trkpt>
   <trkpt lat="47.327454" lon="8.546892"><ele>423.75</ele></trkpt>
   <trkpt lat="47.327043" lon="8.547054"><ele>423</ele></trkpt>
   <trkpt lat="47.326026" lon="8.547389"><ele>424.5</ele></trkpt>
   <trkpt lat="47.325693" lon="8.547498"><ele>424</ele></trkpt>
   <trkpt lat="47.324442" lon="8.547906"><ele>424.5</ele></trkpt>
   <trkpt lat="47.322742" lon="8.54846"><ele>423.5</ele></trkpt>
   <trkpt lat="47.32236" lon="8.548588"><ele>424.25</ele></trkpt>
   <trkpt lat="47.319609" lon="8.549588"><ele>424.25</ele></trkpt>
   <trkpt lat="47.319348" lon="8.549693"><ele>424.75</ele></trkpt>
   <trkpt lat="47.319267" lon="8.549729"><ele>425</ele></trkpt>
   <trkpt lat="47.3192" lon="8.549759"><ele>425</ele></trkpt>
   <trkpt lat="47.318923" lon="8.549908"><ele>425.25</ele></trkpt>
   <trkpt lat="47.318655" lon="8.550077"><ele>425</ele></trkpt>
   <trkpt lat="47.31697" lon="8.551296"><ele>428</ele></trkpt>
   <trkpt lat="47.316671" lon="8.551488"><ele>427.5</ele></trkpt>
   <trkpt lat="47.316414" lon="8.551624"><ele>428.25</ele></trkpt>
   <trkpt lat="47.316186" lon="8.551723"><ele>427.75</ele></trkpt>
   <trkpt lat="47.315785" lon="8.55186"><ele>428</ele></trkpt>
   <trkpt lat="47.312663" lon="8.552801"><ele>428</ele></trkpt>
   <trkpt lat="47.31247" lon="8.552859"><ele>426.75</ele></trkpt>
   <trkpt lat="47.311303" lon="8.553211"><ele>431.5</ele></trkpt>
   <trkpt lat="47.310805" lon="8.553383"><ele>431.75</ele></trkpt>
   <trkpt lat="47.310453" lon="8.553532"><ele>432.5</ele></trkpt>
   <trkpt lat="47.308332" lon="8.554508"><ele>432.75</ele></trkpt>
   <trkpt lat="47.307108" lon="8.55506"><ele>433</ele></trkpt>
   <trkpt lat="47.306883" lon="8.555172"><ele>433</ele></trkpt>
   <trkpt lat="47.30547" lon="8.555816"><ele>433</ele></trkpt>
   <trkpt lat="47.305185" lon="8.555955"><ele>432.5</ele></trkpt>
   <trkpt lat="47.304964" lon="8.556079"><ele>433</ele></trkpt>
   <trkpt lat="47.304666" lon="8.556273"><ele>431.5</ele></trkpt>
   <trkpt lat="47.304454" lon="8.55643"><ele>431.25</ele></trkpt>
   <trkpt lat="47.303164" lon="8.557479"><ele>432</ele></trkpt>
   <trkpt lat="47.301714" lon="8.558662"><ele>433.5</ele></trkpt>
   <trkpt lat="47.301186" lon="8.559093"><ele>436.5</ele></trkpt>
   <trkpt lat="47.300431" lon="8.559712"><ele>433.5</ele></trkpt>
   <trkpt lat="47.300194" lon="8.559919"><ele>433.75</ele></trkpt>
   <trkpt lat="47.299785" lon="8.560317"><ele>433.5</ele></trkpt>
   <trkpt lat="47.299261" lon="8.560879"><ele>433.5</ele></trkpt>
   <trkpt lat="47.299219" lon="8.560925"><ele>432.75</ele></trkpt>
   <trkpt lat="47.299102" lon="8.561059"><ele>431</ele></trkpt>
   <trkpt lat="47.2988" lon="8.561399"><ele>434.75</ele></trkpt>
   <trkpt lat="47.298418" lon="8.561829"><ele>434.5</ele></trkpt>
   <trkpt lat="47.297695" lon="8.562641"><ele>435</ele></trkpt>
   <trkpt lat="47.297526" lon="8.562846"><ele>434.75</ele></trkpt>
   <trkpt lat="47.297308" lon="8.563149"><ele>434.75</ele></trkpt>
   <trkpt lat="47.297047" lon="8.56344"><ele>434.75</ele></trkpt>
   <trkpt lat="47.296514" lon="8.564037"><ele>435</ele></trkpt>
   <trkpt lat="47.295257" lon="8.565437"><ele>435.25</ele></trkpt>
   <trkpt lat="47.294873" lon="8.565869"><ele>434.75</ele></trkpt>
   <trkpt lat="47.294839" lon="8.565903"><ele>434.75</ele></trkpt>
   <trkpt lat="47.29471" lon="8.566039"><ele>435</ele></trkpt>
   <trkpt lat="47.294437" lon="8.566303"><ele>435.25</ele></trkpt>
   <trkpt lat="47.294303" lon="8.566465"><ele>434.75</ele></trkpt>
   <trkpt lat="47.294262" lon="8.566521"><ele>434.5</ele></trkpt>
   <trkpt lat="47.293988" lon="8.566896"><ele>433</ele></trkpt>
   <trkpt lat="47.293925" lon="8.566988"><ele>432.75</ele></trkpt>
   <trkpt lat="47.29387" lon="8.56707"><ele>432.5</ele></trkpt>
   <trkpt lat="47.293755" lon="8.567265"><ele>432.5</ele></trkpt>
   <trkpt lat="47.293644" lon="8.56748"><ele>435.25</ele></trkpt>
   <trkpt lat="47.293253" lon="8.568371"><ele>435</ele></trkpt>
   <trkpt lat="47.293096" lon="8.568719"><ele>435.25</ele></trkpt>
   <trkpt lat="47.293047" lon="8.568817"><ele>435.75</ele></trkpt>
   <trkpt lat="47.292916" lon="8.569057"><ele>435.25</ele></trkpt>
   <trkpt lat="47.292808" lon="8.569217"><ele>436.25</ele></trkpt>
   <trkpt lat="47.292614" lon="8.569469"><ele>433.75</ele></trkpt>
   <trkpt lat="47.292434" lon="8.569688"><ele>437</ele></trkpt>
   <trkpt lat="47.292286" lon="8.569856"><ele>437</ele></trkpt>
   <trkpt lat="47.292043" lon="8.57009"><ele>438.5</ele></trkpt>
   <trkpt lat="47.291844" lon="8.570251"><ele>439</ele></trkpt>
   <trkpt lat="47.291703" lon="8.570349"><ele>439.5</ele></trkpt>
   <trkpt lat="47.291572" lon="8.57043"><ele>439.25</ele></trkpt>
   <trkpt lat="47.291376" lon="8.570536"><ele>440</ele></trkpt>
   <trkpt lat="47.290691" lon="8.570865"><ele>441.5</ele></trkpt>
   <trkpt lat="47.290471" lon="8.570994"><ele>441.25</ele></trkpt>
   <trkpt lat="47.290308" lon="8.571102"><ele>441.5</ele></trkpt>
   <trkpt lat="47.289785" lon="8.571475"><ele>442</ele></trkpt>
   <trkpt lat="47.288418" lon="8.572452"><ele>444</ele></trkpt>
   <trkpt lat="47.287959" lon="8.57276"><ele>444.75</ele></trkpt>
   <trkpt lat="47.287337" lon="8.573114"><ele>445.75</ele></trkpt>
   <trkpt lat="47.286282" lon="8.573663"><ele>448.5</ele></trkpt>
   <trkpt lat="47.286034" lon="8.573786"><ele>448.75</ele></trkpt>
   <trkpt lat="47.285818" lon="8.573881"><ele>448</ele></trkpt>
   <trkpt lat="47.285613" lon="8.57396"><ele>448.25</ele></trkpt>
   <trkpt lat="47.285276" lon="8.574065"><ele>449.25</ele></trkpt>
   <trkpt lat="47.284969" lon="8.574135"><ele>450</ele></trkpt>
   <trkpt lat="47.284653" lon="8.574186"><ele>450</ele></trkpt>
   <trkpt lat="47.281704" lon="8.574558"><ele>452.75</ele></trkpt>
   <trkpt lat="47.281268" lon="8.574622"><ele>453</ele></trkpt>
   <trkpt lat="47.281153" lon="8.574646"><ele>453.25</ele></trkpt>
   <trkpt lat="47.280963" lon="8.57469"><ele>453.5</ele></trkpt>
   <trkpt lat="47.28061" lon="8.574794"><ele>453.5</ele></trkpt>
   <trkpt lat="47.280486" lon="8.574838"><ele>453.5</ele></trkpt>
   <trkpt lat="47.280071" lon="8.57501"><ele>451.75</ele></trkpt>
   <trkpt lat="47.27995" lon="8.575068"><ele>450.75</ele></trkpt>
   <trkpt lat="47.279651" lon="8.575228"><ele>455.25</ele></trkpt>
   <trkpt lat="47.27926" lon="8.575475"><ele>455.25</ele></trkpt>
   <trkpt lat="47.278877" lon="8.57576"><ele>455.75</ele></trkpt>
   <trkpt lat="47.278612" lon="8.575984"><ele>455.5</ele></trkpt>
   <trkpt lat="47.278476" lon="8.576108"><ele>457.25</ele></trkpt>
   <trkpt lat="47.277811" lon="8.57676"><ele>457</ele></trkpt>
   <trkpt lat="47.277742" lon="8.576829"><ele>457.75</ele></trkpt>
   <trkpt lat="47.276883" lon="8.577675"><ele>459</ele></trkpt>
   <trkpt lat="47.276633" lon="8.577898"><ele>459.5</ele></trkpt>
   <trkpt lat="47.276371" lon="8.578097"><ele>459.25</ele></trkpt>
   <trkpt lat="47.276179" lon="8.57822"><ele>459.75</ele></trkpt>
   <trkpt lat="47.275925" lon="8.578354"><ele>460.75</ele></trkpt>
   <trkpt lat="47.275671" lon="8.578458"><ele>460.25</ele></trkpt>
   <trkpt lat="47.275456" lon="8.578525"><ele>460.5</ele></trkpt>
   <trkpt lat="47.275218" lon="8.578575"><ele>460.5</ele></trkpt>
   <trkpt lat="47.274939" lon="8.578607"><ele>460.75</ele></trkpt>
   <trkpt lat="47.274738" lon="8.578614"><ele>460.75</ele></trkpt>
   <trkpt lat="47.271648" lon="8.578575"><ele>464.75</ele></trkpt>
   <trkpt lat="47.27151" lon="8.578573"><ele>464.75</ele></trkpt>
   <trkpt lat="47.270843" lon="8.578568"><ele>467.25</ele></trkpt>
   <trkpt lat="47.270553" lon="8.578583"><ele>467.25</ele></trkpt>
   <trkpt lat="47.270405" lon="8.5786"><ele>467.75</ele></trkpt>
   <trkpt lat="47.270231" lon="8.578631"><ele>467.75</ele></trkpt>
   <trkpt lat="47.269939" lon="8.578713"><ele>468</ele></trkpt>
   <trkpt lat="47.269755" lon="8.578786"><ele>469.25</ele></trkpt>
   <trkpt lat="47.26955" lon="8.578881"><ele>468.75</ele></trkpt>
   <trkpt lat="47.269323" lon="8.579006"><ele>469.5</ele></trkpt>
   <trkpt lat="47.268996" lon="8.579214"><ele>469.5</ele></trkpt>
   <trkpt lat="47.266864" lon="8.58067"><ele>471.5</ele></trkpt>
   <trkpt lat="47.266441" lon="8.58097"><ele>473.75</ele></trkpt>
   <trkpt lat="47.266192" lon="8.58117"><ele>474.75</ele></trkpt>
   <trkpt lat="47.265986" lon="8.581362"><ele>475.5</ele></trkpt>
   <trkpt lat="47.265826" lon="8.581532"><ele>476</ele></trkpt>
   <trkpt lat="47.265708" lon="8.581669"><ele>476.25</ele></trkpt>
   <trkpt lat="47.265589" lon="8.581823"><ele>475.5</ele></trkpt>
   <trkpt lat="47.265355" lon="8.582156"><ele>476</ele></trkpt>
   <trkpt lat="47.264529" lon="8.583476"><ele>475</ele></trkpt>
   <trkpt lat="47.264372" lon="8.583706"><ele>475.5</ele></trkpt>
   <trkpt lat="47.264183" lon="8.583955"><ele>475.5</ele></trkpt>
   <trkpt lat="47.263999" lon="8.584167"><ele>475.75</ele></trkpt>
   <trkpt lat="47.263807" lon="8.584361"><ele>476.25</ele></trkpt>
   <trkpt lat="47.263587" lon="8.584562"><ele>475.75</ele></trkpt>
   <trkpt lat="47.263114" lon="8.584965"><ele>477</ele></trkpt>
   <trkpt lat="47.262129" lon="8.585796"><ele>478.25</ele></trkpt>
   <trkpt lat="47.261998" lon="8.585907"><ele>478.5</ele></trkpt>
   <trkpt lat="47.261536" lon="8.586297"><ele>480.25</ele></trkpt>
   <trkpt lat="47.260715" lon="8.586993"><ele>482.5</ele></trkpt>
   <trkpt lat="47.260349" lon="8.587331"><ele>481.5</ele></trkpt>
   <trkpt lat="47.260301" lon="8.587381"><ele>481.25</ele></trkpt>
   <trkpt lat="47.260083" lon="8.587612"><ele>482.75</ele></trkpt>
   <trkpt lat="47.25991" lon="8.58781"><ele>483.75</ele></trkpt>
   <trkpt lat="47.259662" lon="8.588122"><ele>483.75</ele></trkpt>
   <trkpt lat="47.259428" lon="8.588445"><ele>484</ele></trkpt>
   <trkpt lat="47.258697" lon="8.589497"><ele>484</ele></trkpt>
   <trkpt lat="47.257584" lon="8.591097"><ele>479.75</ele></trkpt>
   <trkpt lat="47.257499" lon="8.591224"><ele>480.25</ele></trkpt>
   <trkpt lat="47.256802" lon="8.592226"><ele>486.75</ele></trkpt>
   <trkpt lat="47.256627" lon="8.592458"><ele>487</ele></trkpt>
   <trkpt lat="47.2565" lon="8.592608"><ele>488.25</ele></trkpt>
   <trkpt lat="47.256271" lon="8.592837"><ele>490.5</ele></trkpt>
   <trkpt lat="47.256238" lon="8.592869"><ele>490.5</ele></trkpt>
   <trkpt lat="47.255991" lon="8.59304"><ele>490.75</ele></trkpt>
   <trkpt lat="47.255743" lon="8.593193"><ele>491</ele></trkpt>
   <trkpt lat="47.255482" lon="8.593297"><ele>491.25</ele></trkpt>
   <trkpt lat="47.255256" lon="8.593357"><ele>491.5</ele></trkpt>
   <trkpt lat="47.254941" lon="8.593387"><ele>491.75</ele></trkpt>
   <trkpt lat="47.25463" lon="8.593384"><ele>492</ele></trkpt>
   <trkpt lat="47.254348" lon="8.593313"><ele>492.5</ele></trkpt>
   <trkpt lat="47.2541" lon="8.593225"><ele>492.75</ele></trkpt>
   <trkpt lat="47.253931" lon="8.59314"><ele>492.75</ele></trkpt>
   <trkpt lat="47.253768" lon="8.593039"><ele>493</ele></trkpt>
   <trkpt lat="47.253495" lon="8.592834"><ele>493.25</ele></trkpt>
   <trkpt lat="47.253361" lon="8.592707"><ele>493.5</ele></trkpt>
   <trkpt lat="47.253226" lon="8.592563"><ele>493.75</ele></trkpt>
   <trkpt lat="47.253105" lon="8.592414"><ele>493.75</ele></trkpt>
   <trkpt lat="47.252989" lon="8.592253"><ele>494</ele></trkpt>
   <trkpt lat="47.252858" lon="8.592049"><ele>494.25</ele></trkpt>
   <trkpt lat="47.252741" lon="8.591829"><ele>494.5</ele></trkpt>
   <trkpt lat="47.252615" lon="8.591571"><ele>494.75</ele></trkpt>
   <trkpt lat="47.252465" lon="8.591212"><ele>495</ele></trkpt>
   <trkpt lat="47.252337" lon="8.590842"><ele>495.25</ele></trkpt>
   <trkpt lat="47.248052" lon="8.578926"><ele>504.5</ele></trkpt>
   <trkpt lat="47.247946" lon="8.578648"><ele>504.75</ele></trkpt>
   <trkpt lat="47.247636" lon="8.577961"><ele>505.25</ele></trkpt>
   <trkpt lat="47.247446" lon="8.577666"><ele>505.75</ele></trkpt>
   <trkpt lat="47.247221" lon="8.577343"><ele>506</ele></trkpt>
   <trkpt lat="47.246931" lon="8.577035"><ele>506.25</ele></trkpt>
   <trkpt lat="47.24669" lon="8.576817"><ele>506.5</ele></trkpt>
   <trkpt lat="47.246469" lon="8.576654"><ele>506.75</ele></trkpt>
   <trkpt lat="47.246233" lon="8.576511"><ele>507</ele></trkpt>
   <trkpt lat="47.245969" lon="8.576399"><ele>507.5</ele></trkpt>
   <trkpt lat="47.245798" lon="8.576343"><ele>507.5</ele></trkpt>
   <trkpt lat="47.245563" lon="8.576279"><ele>507.75</ele></trkpt>
   <trkpt lat="47.245374" lon="8.576252"><ele>508</ele></trkpt>
   <trkpt lat="47.245182" lon="8.576252"><ele>508.25</ele></trkpt>
   <trkpt lat="47.244985" lon="8.576268"><ele>508.5</ele></trkpt>
   <trkpt lat="47.244779" lon="8.576298"><ele>508.75</ele></trkpt>
   <trkpt lat="47.244626" lon="8.57633"><ele>508.75</ele></trkpt>
   <trkpt lat="47.24459" lon="8.57634"><ele>508.5</ele></trkpt>
   <trkpt lat="47.244428" lon="8.576391"><ele>508</ele></trkpt>
   <trkpt lat="47.244299" lon="8.576443"><ele>508.75</ele></trkpt>
   <trkpt lat="47.244071" lon="8.576555"><ele>508.25</ele></trkpt>
   <trkpt lat="47.243944" lon="8.576631"><ele>508.5</ele></trkpt>
   <trkpt lat="47.243752" lon="8.576763"><ele>510</ele></trkpt>
   <trkpt lat="47.243603" lon="8.576877"><ele>509.75</ele></trkpt>
   <trkpt lat="47.243221" lon="8.577197"><ele>510.25</ele></trkpt>
   <trkpt lat="47.242887" lon="8.577468"><ele>511.25</ele></trkpt>
   <trkpt lat="47.242757" lon="8.577561"><ele>511.25</ele></trkpt>
   <trkpt lat="47.242563" lon="8.577684"><ele>511.25</ele></trkpt>
   <trkpt lat="47.242403" lon="8.577767"><ele>511</ele></trkpt>
   <trkpt lat="47.242251" lon="8.577833"><ele>511.5</ele></trkpt>
   <trkpt lat="47.241941" lon="8.577929"><ele>511.5</ele></trkpt>
   <trkpt lat="47.24186" lon="8.577947"><ele>511.5</ele></trkpt>
   <trkpt lat="47.24163" lon="8.57798"><ele>512</ele></trkpt>
   <trkpt lat="47.241405" lon="8.577989"><ele>511</ele></trkpt>
   <trkpt lat="47.241092" lon="8.577964"><ele>509.5</ele></trkpt>
   <trkpt lat="47.240455" lon="8.577878"><ele>510</ele></trkpt>
   <trkpt lat="47.240283" lon="8.577854"><ele>512.75</ele></trkpt>
   <trkpt lat="47.240092" lon="8.577819"><ele>513.5</ele></trkpt>
   <trkpt lat="47.23985" lon="8.577748"><ele>513.75</ele></trkpt>
   <trkpt lat="47.239728" lon="8.577723"><ele>513.75</ele></trkpt>
   <trkpt lat="47.239499" lon="8.577682"><ele>514</ele></trkpt>
   <trkpt lat="47.239215" lon="8.577602"><ele>514</ele></trkpt>
   <trkpt lat="47.238936" lon="8.577509"><ele>514</ele></trkpt>
   <trkpt lat="47.238749" lon="8.577426"><ele>514</ele></trkpt>
   <trkpt lat="47.238549" lon="8.577316"><ele>513.75</ele></trkpt>
   <trkpt lat="47.238347" lon="8.577175"><ele>514</ele></trkpt>
   <trkpt lat="47.238198" lon="8.577055"><ele>513.75</ele></trkpt>
   <trkpt lat="47.236962" lon="8.57598"><ele>515</ele></trkpt>
   <trkpt lat="47.236095" lon="8.575226"><ele>514.75</ele></trkpt>
   <trkpt lat="47.235954" lon="8.575124"><ele>514.5</ele></trkpt>
   <trkpt lat="47.235725" lon="8.574992"><ele>513.25</ele></trkpt>
   <trkpt lat="47.235527" lon="8.574857"><ele>514.25</ele></trkpt>
   <trkpt lat="47.235289" lon="8.574663"><ele>516.25</ele></trkpt>
   <trkpt lat="47.235165" lon="8.574547"><ele>516</ele></trkpt>
   <trkpt lat="47.235055" lon="8.574434"><ele>515.75</ele></trkpt>
   <trkpt lat="47.234951" lon="8.574313"><ele>515.5</ele></trkpt>
   <trkpt lat="47.234757" lon="8.574064"><ele>515.25</ele></trkpt>
   <trkpt lat="47.234171" lon="8.573208"><ele>514.25</ele></trkpt>
   <trkpt lat="47.213576" lon="8.543491"><ele>478.5</ele></trkpt>
   <trkpt lat="47.213477" lon="8.543352"><ele>478.5</ele></trkpt>
   <trkpt lat="47.213277" lon="8.543074"><ele>473.75</ele></trkpt>
   <trkpt lat="47.213123" lon="8.542871"><ele>472.5</ele></trkpt>
   <trkpt lat="47.212967" lon="8.542679"><ele>474.5</ele></trkpt>
   <trkpt lat="47.212748" lon="8.542441"><ele>475</ele></trkpt>
   <trkpt lat="47.212627" lon="8.542326"><ele>474.5</ele></trkpt>
   <trkpt lat="47.21244" lon="8.542165"><ele>474.75</ele></trkpt>
   <trkpt lat="47.212122" lon="8.541939"><ele>474.5</ele></trkpt>
   <trkpt lat="47.21145" lon="8.541542"><ele>474.5</ele></trkpt>
   <trkpt lat="47.211221" lon="8.541396"><ele>473.5</ele></trkpt>
   <trkpt lat="47.211117" lon="8.541325"><ele>474.25</ele></trkpt>
   <trkpt lat="47.210801" lon="8.541075"><ele>474</ele></trkpt>
   <trkpt lat="47.210569" lon="8.540849"><ele>472.5</ele></trkpt>
   <trkpt lat="47.210373" lon="8.540626"><ele>475</ele></trkpt>
   <trkpt lat="47.210256" lon="8.540476"><ele>473.5</ele></trkpt>
   <trkpt lat="47.210046" lon="8.540168"><ele>473.75</ele></trkpt>
   <trkpt lat="47.209882" lon="8.539889"><ele>474.5</ele></trkpt>
   <trkpt lat="47.209737" lon="8.539601"><ele>471.75</ele></trkpt>
   <trkpt lat="47.209584" lon="8.539246"><ele>469.5</ele></trkpt>
   <trkpt lat="47.209454" lon="8.538882"><ele>469.75</ele></trkpt>
   <trkpt lat="47.209345" lon="8.538509"><ele>467</ele></trkpt>
   <trkpt lat="47.209257" lon="8.538138"><ele>467.75</ele></trkpt>
   <trkpt lat="47.209145" lon="8.537561"><ele>467.5</ele></trkpt>
   <trkpt lat="47.208861" lon="8.53586"><ele>466.25</ele></trkpt>
   <trkpt lat="47.208722" lon="8.535114"><ele>466</ele></trkpt>
   <trkpt lat="47.208619" lon="8.534677"><ele>465.25</ele></trkpt>
   <trkpt lat="47.208475" lon="8.534168"><ele>464</ele></trkpt>
   <trkpt lat="47.208382" lon="8.533883"><ele>464.25</ele></trkpt>
   <trkpt lat="47.208233" lon="8.533471"><ele>462</ele></trkpt>
   <trkpt lat="47.208149" lon="8.533267"><ele>463.25</ele></trkpt>
   <trkpt lat="47.207942" lon="8.532819"><ele>463</ele></trkpt>
   <trkpt lat="47.207888" lon="8.532673"><ele>463.5</ele></trkpt>
   <trkpt lat="47.207328" lon="8.531208"><ele>461.75</ele></trkpt>
   <trkpt lat="47.206447" lon="8.528716"><ele>458.5</ele></trkpt>
   <trkpt lat="47.206283" lon="8.528291"><ele>457.25</ele></trkpt>
   <trkpt lat="47.206153" lon="8.528"><ele>457.25</ele></trkpt>
   <trkpt lat="47.205962" lon="8.527633"><ele>455</ele></trkpt>
   <trkpt lat="47.205798" lon="8.527363"><ele>455.5</ele></trkpt>
   <trkpt lat="47.2057" lon="8.527219"><ele>454.5</ele></trkpt>
   <trkpt lat="47.205463" lon="8.526912"><ele>454.25</ele></trkpt>
   <trkpt lat="47.205214" lon="8.526643"><ele>454</ele></trkpt>
   <trkpt lat="47.205032" lon="8.526472"><ele>453.5</ele></trkpt>
   <trkpt lat="47.204897" lon="8.52636"><ele>453.5</ele></trkpt>
   <trkpt lat="47.204725" lon="8.526232"><ele>452.75</ele></trkpt>
   <trkpt lat="47.204528" lon="8.526106"><ele>452.25</ele></trkpt>
   <trkpt lat="47.20427" lon="8.525972"><ele>451.75</ele></trkpt>
   <trkpt lat="47.204009" lon="8.525867"><ele>451.25</ele></trkpt>
   <trkpt lat="47.203737" lon="8.52579"><ele>450.75</ele></trkpt>
   <trkpt lat="47.203477" lon="8.525745"><ele>450.25</ele></trkpt>
   <trkpt lat="47.20317" lon="8.525729"><ele>450.25</ele></trkpt>
   <trkpt lat="47.202899" lon="8.525745"><ele>450</ele></trkpt>
   <trkpt lat="47.202606" lon="8.525798"><ele>451</ele></trkpt>
   <trkpt lat="47.202274" lon="8.525902"><ele>449.75</ele></trkpt>
   <trkpt lat="47.201966" lon="8.526043"><ele>449.5</ele></trkpt>
   <trkpt lat="47.201732" lon="8.526181"><ele>449</ele></trkpt>
   <trkpt lat="47.201495" lon="8.526346"><ele>448</ele></trkpt>
   <trkpt lat="47.201212" lon="8.526572"><ele>447</ele></trkpt>
   <trkpt lat="47.200624" lon="8.527058"><ele>446.25</ele></trkpt>
   <trkpt lat="47.200401" lon="8.527222"><ele>447</ele></trkpt>
   <trkpt lat="47.200263" lon="8.527311"><ele>446.5</ele></trkpt>
   <trkpt lat="47.200044" lon="8.527433"><ele>447</ele></trkpt>
   <trkpt lat="47.199876" lon="8.527508"><ele>448.75</ele></trkpt>
   <trkpt lat="47.199731" lon="8.527561"><ele>447.75</ele></trkpt>
   <trkpt lat="47.199493" lon="8.527622"><ele>446</ele></trkpt>
   <trkpt lat="47.199481" lon="8.527625"><ele>446</ele></trkpt>
   <trkpt lat="47.199312" lon="8.527651"><ele>445</ele></trkpt>
   <trkpt lat="47.199166" lon="8.527661"><ele>444</ele></trkpt>
   <trkpt lat="47.199089" lon="8.527662"><ele>444.5</ele></trkpt>
   <trkpt lat="47.198902" lon="8.527653"><ele>446</ele></trkpt>
   <trkpt lat="47.198727" lon="8.527629"><ele>445.5</ele></trkpt>
   <trkpt lat="47.198464" lon="8.527563"><ele>446</ele></trkpt>
   <trkpt lat="47.198304" lon="8.527504"><ele>446.5</ele></trkpt>
   <trkpt lat="47.198134" lon="8.527426"><ele>444.5</ele></trkpt>
   <trkpt lat="47.197892" lon="8.527287"><ele>444.75</ele></trkpt>
   <trkpt lat="47.197713" lon="8.52716"><ele>445.25</ele></trkpt>
   <trkpt lat="47.197499" lon="8.526976"><ele>445.75</ele></trkpt>
   <trkpt lat="47.197379" lon="8.526858"><ele>444.25</ele></trkpt>
   <trkpt lat="47.197217" lon="8.526674"><ele>444.75</ele></trkpt>
   <trkpt lat="47.197054" lon="8.526462"><ele>444.25</ele></trkpt>
   <trkpt lat="47.196907" lon="8.526241"><ele>443.75</ele></trkpt>
   <trkpt lat="47.196728" lon="8.525926"><ele>443.5</ele></trkpt>
   <trkpt lat="47.19659" lon="8.525648"><ele>442.75</ele></trkpt>
   <trkpt lat="47.196397" lon="8.525231"><ele>443</ele></trkpt>
   <trkpt lat="47.196348" lon="8.525123"><ele>441</ele></trkpt>
   <trkpt lat="47.19624" lon="8.524889"><ele>441</ele></trkpt>
   <trkpt lat="47.195683" lon="8.52373"><ele>443.5</ele></trkpt>
   <trkpt lat="47.19538" lon="8.52306"><ele>443.5</ele></trkpt>
   <trkpt lat="47.19529" lon="8.522848"><ele>443</ele></trkpt>
   <trkpt lat="47.195088" lon="8.522356"><ele>443.75</ele></trkpt>
   <trkpt lat="47.194935" lon="8.521955"><ele>443.75</ele></trkpt>
   <trkpt lat="47.194664" lon="8.521227"><ele>443</ele></trkpt>
   <trkpt lat="47.194548" lon="8.520936"><ele>442.25</ele></trkpt>
   <trkpt lat="47.1944" lon="8.520596"><ele>442.25</ele></trkpt>
   <trkpt lat="47.194275" lon="8.520333"><ele>440.25</ele></trkpt>
   <trkpt lat="47.194063" lon="8.519948"><ele>441</ele></trkpt>
   <trkpt lat="47.193971" lon="8.519799"><ele>438</ele></trkpt>
   <trkpt lat="47.193955" lon="8.519774"><ele>437.5</ele></trkpt>
   <trkpt lat="47.193858" lon="8.519636"><ele>437.75</ele></trkpt>
   <trkpt lat="47.193837" lon="8.519606"><ele>438.25</ele></trkpt>
   <trkpt lat="47.193752" lon="8.519492"><ele>439.75</ele></trkpt>
   <trkpt lat="47.193577" lon="8.519282"><ele>440.5</ele></trkpt>
   <trkpt lat="47.193392" lon="8.51909"><ele>440.75</ele></trkpt>
   <trkpt lat="47.193199" lon="8.518914"><ele>440.75</ele></trkpt>
   <trkpt lat="47.192997" lon="8.518758"><ele>440</ele></trkpt>
   <trkpt lat="47.19279" lon="8.518623"><ele>439.75</ele></trkpt>
   <trkpt lat="47.192575" lon="8.518511"><ele>439.25</ele></trkpt>
   <trkpt lat="47.192473" lon="8.518462"><ele>439.25</ele></trkpt>
   <trkpt lat="47.192246" lon="8.518376"><ele>439.25</ele></trkpt>
   <trkpt lat="47.192028" lon="8.518313"><ele>438.25</ele></trkpt>
   <trkpt lat="47.1918" lon="8.518262"><ele>437</ele></trkpt>
   <trkpt lat="47.191556" lon="8.518203"><ele>436.75</ele></trkpt>
   <trkpt lat="47.191175" lon="8.518094"><ele>435</ele></trkpt>
   <trkpt lat="47.191038" lon="8.518061"><ele>435</ele></trkpt>
   <trkpt lat="47.190947" lon="8.518042"><ele>436.25</ele></trkpt>
   <trkpt lat="47.190175" lon="8.5179"><ele>434.5</ele></trkpt>
   <trkpt lat="47.189597" lon="8.517813"><ele>432.5</ele></trkpt>
   <trkpt lat="47.189569" lon="8.517809"><ele>432</ele></trkpt>
   <trkpt lat="47.189273" lon="8.517769"><ele>433.25</ele></trkpt>
   <trkpt lat="47.188458" lon="8.517658"><ele>433.25</ele></trkpt>
   <trkpt lat="47.1878" lon="8.517569"><ele>432</ele></trkpt>
   <trkpt lat="47.187611" lon="8.517543"><ele>432.25</ele></trkpt>
   <trkpt lat="47.187007" lon="8.517462"><ele>432.5</ele></trkpt>
   <trkpt lat="47.184212" lon="8.517084"><ele>427.5</ele></trkpt>
   <trkpt lat="47.183826" lon="8.517036"><ele>427</ele></trkpt>
   <trkpt lat="47.183111" lon="8.516939"><ele>427.75</ele></trkpt>
   <trkpt lat="47.182486" lon="8.516853"><ele>426.25</ele></trkpt>
   <trkpt lat="47.182402" lon="8.516843"><ele>426</ele></trkpt>
   <trkpt lat="47.182392" lon="8.516842"><ele>426</ele></trkpt>
   <trkpt lat="47.181287" lon="8.51668"><ele>425</ele></trkpt>
   <trkpt lat="47.180447" lon="8.516565"><ele>424.5</ele></trkpt>
   <trkpt lat="47.180114" lon="8.516522"><ele>421.75</ele></trkpt>
   <trkpt lat="47.18003" lon="8.516512"><ele>420.25</ele></trkpt>
   <trkpt lat="47.179621" lon="8.516455"><ele>424.25</ele></trkpt>
   <trkpt lat="47.179504" lon="8.51644"><ele>424.5</ele></trkpt>
   <trkpt lat="47.17814" lon="8.516256"><ele>424</ele></trkpt>
   <trkpt lat="47.178118" lon="8.516253"><ele>424</ele></trkpt>
   <trkpt lat="47.177791" lon="8.516217"><ele>424</ele></trkpt>
   <trkpt lat="47.177507" lon="8.5162"><ele>423.75</ele></trkpt>
   <trkpt lat="47.17713" lon="8.516176"><ele>424</ele></trkpt>
   <trkpt lat="47.176753" lon="8.516131"><ele>424.5</ele></trkpt>
   <trkpt lat="47.176495" lon="8.516096"><ele>424.75</ele></trkpt>
   <trkpt lat="47.17488" lon="8.515878"><ele>424.75</ele></trkpt>
   <trkpt lat="47.173924" lon="8.515749"><ele>425</ele></trkpt>
   <trkpt lat="47.173099" lon="8.515638"><ele>423.5</ele></trkpt>
   <trkpt lat="47.172886" lon="8.515612"><ele>424</ele></trkpt>
   <trkpt lat="47.172639" lon="8.515599"><ele>424.25</ele></trkpt>
   <trkpt lat="47.1722" lon="8.515596"><ele>424</ele></trkpt>
   <trkpt lat="47.171955" lon="8.515607"><ele>424</ele></trkpt>
   <trkpt lat="47.171787" lon="8.515625"><ele>423.75</ele></trkpt>
   <trkpt lat="47.171582" lon="8.515671"><ele>423.75</ele></trkpt>
   <trkpt lat="47.171372" lon="8.515742"><ele>423.75</ele></trkpt>
   <trkpt lat="47.171195" lon="8.515823"><ele>423.5</ele></trkpt>
   <trkpt lat="47.170999" lon="8.515938"><ele>423.5</ele></trkpt>
   <trkpt lat="47.170844" lon="8.516042"><ele>423.5</ele></trkpt>
   <trkpt lat="47.170256" lon="8.516461"><ele>423.25</ele></trkpt>
   <trkpt lat="47.169995" lon="8.516618"><ele>423.25</ele></trkpt>
   <trkpt lat="47.169846" lon="8.516689"><ele>423.25</ele></trkpt>
   <trkpt lat="47.169678" lon="8.516751"><ele>423.25</ele></trkpt>
   <trkpt lat="47.169405" lon="8.516819"><ele>423.25</ele></trkpt>
   <trkpt lat="47.168694" lon="8.516917"><ele>425.75</ele></trkpt>
   <trkpt lat="47.168548" lon="8.516941"><ele>425.75</ele></trkpt>
   <trkpt lat="47.168311" lon="8.516994"><ele>427.5</ele></trkpt>
   <trkpt lat="47.168203" lon="8.517028"><ele>428</ele></trkpt>
   <trkpt lat="47.167982" lon="8.51712"><ele>428.75</ele></trkpt>
   <trkpt lat="47.167808" lon="8.517216"><ele>427.25</ele></trkpt>
   <trkpt lat="47.167588" lon="8.517366"><ele>427.75</ele></trkpt>
   <trkpt lat="47.167113" lon="8.517758"><ele>428.75</ele></trkpt>
   <trkpt lat="47.166768" lon="8.518069"><ele>429.75</ele></trkpt>
   <trkpt lat="47.166387" lon="8.518344"><ele>430.5</ele></trkpt>
   <trkpt lat="47.16613" lon="8.518466"><ele>431.25</ele></trkpt>
   <trkpt lat="47.165782" lon="8.518582"><ele>432</ele></trkpt>
   <trkpt lat="47.165342" lon="8.518628"><ele>432.75</ele></trkpt>
   <trkpt lat="47.164765" lon="8.518529"><ele>434</ele></trkpt>
   <trkpt lat="47.164299" lon="8.518298"><ele>435.25</ele></trkpt>
   <trkpt lat="47.163891" lon="8.517974"><ele>436.25</ele></trkpt>
   <trkpt lat="47.163576" lon="8.517627"><ele>437</ele></trkpt>
   <trkpt lat="47.163304" lon="8.517209"><ele>437.75</ele></trkpt>
   <trkpt lat="47.16302" lon="8.516652"><ele>439</ele></trkpt>
   <trkpt lat="47.163013" lon="8.516636"><ele>439</ele></trkpt>
   <trkpt lat="47.162773" lon="8.516113"><ele>431</ele></trkpt>
   <trkpt lat="47.162546" lon="8.515659"><ele>433.75</ele></trkpt>
   <trkpt lat="47.16246" lon="8.515508"><ele>432</ele></trkpt>
   <trkpt lat="47.162282" lon="8.515241"><ele>431.5</ele></trkpt>
   <trkpt lat="47.162114" lon="8.515031"><ele>430.75</ele></trkpt>
   <trkpt lat="47.161883" lon="8.514791"><ele>430.5</ele></trkpt>
   <trkpt lat="47.161723" lon="8.514654"><ele>430</ele></trkpt>
   <trkpt lat="47.16158" lon="8.514549"><ele>429.25</ele></trkpt>
   <trkpt lat="47.161351" lon="8.514412"><ele>428.5</ele></trkpt>
   <trkpt lat="47.161201" lon="8.51434"><ele>428.25</ele></trkpt>
   <trkpt lat="47.16104" lon="8.514279"><ele>428.75</ele></trkpt>
   <trkpt lat="47.160912" lon="8.514242"><ele>430</ele></trkpt>
   <trkpt lat="47.16064" lon="8.514192"><ele>431</ele></trkpt>
   <trkpt lat="47.160439" lon="8.514175"><ele>429.25</ele></trkpt>
   <trkpt lat="47.160213" lon="8.514165"><ele>427.75</ele></trkpt>
   <trkpt lat="47.159758" lon="8.514135"><ele>431.25</ele></trkpt>
   <trkpt lat="47.159493" lon="8.514099"><ele>431.5</ele></trkpt>
   <trkpt lat="47.15941" lon="8.514083"><ele>431.75</ele></trkpt>
   <trkpt lat="47.15915" lon="8.514001"><ele>432.5</ele></trkpt>
   <trkpt lat="47.158999" lon="8.513931"><ele>432.25</ele></trkpt>
   <trkpt lat="47.15879" lon="8.513816"><ele>431.25</ele></trkpt>
   <trkpt lat="47.158609" lon="8.513696"><ele>430.5</ele></trkpt>
   <trkpt lat="47.1577" lon="8.513008"><ele>429.75</ele></trkpt>
   <trkpt lat="47.157624" lon="8.51295"><ele>428.75</ele></trkpt>
   <trkpt lat="47.157507" lon="8.512862"><ele>428.25</ele></trkpt>
   <trkpt lat="47.157241" lon="8.512669"><ele>428.5</ele></trkpt>
   <trkpt lat="47.157015" lon="8.512531"><ele>429.75</ele></trkpt>
   <trkpt lat="47.156785" lon="8.512425"><ele>429.5</ele></trkpt>
   <trkpt lat="47.156599" lon="8.512363"><ele>429</ele></trkpt>
   <trkpt lat="47.156407" lon="8.51232"><ele>429.25</ele></trkpt>
   <trkpt lat="47.156272" lon="8.512302"><ele>428.5</ele></trkpt>
   <trkpt lat="47.15622" lon="8.512298"><ele>428.75</ele></trkpt>
   <trkpt lat="47.156044" lon="8.512295"><ele>429.5</ele></trkpt>
   <trkpt lat="47.156032" lon="8.512295"><ele>429.75</ele></trkpt>
   <trkpt lat="47.155705" lon="8.512326"><ele>429.75</ele></trkpt>
   <trkpt lat="47.154947" lon="8.512441"><ele>430.25</ele></trkpt>
   <trkpt lat="47.154752" lon="8.512454"><ele>431</ele></trkpt>
   <trkpt lat="47.154528" lon="8.512448"><ele>431</ele></trkpt>
   <trkpt lat="47.154437" lon="8.512439"><ele>431</ele></trkpt>
   <trkpt lat="47.154249" lon="8.512403"><ele>431</ele></trkpt>
   <trkpt lat="47.153982" lon="8.512319"><ele>431.5</ele></trkpt>
   <trkpt lat="47.153737" lon="8.512202"><ele>430.75</ele></trkpt>
   <trkpt lat="47.153541" lon="8.512081"><ele>430.5</ele></trkpt>
   <trkpt lat="47.15342" lon="8.511992"><ele>430.5</ele></trkpt>
   <trkpt lat="47.153236" lon="8.511837"><ele>430.25</ele></trkpt>
   <trkpt lat="47.153085" lon="8.511687"><ele>429.75</ele></trkpt>
   <trkpt lat="47.15247" lon="8.510996"><ele>431.5</ele></trkpt>
   <trkpt lat="47.152202" lon="8.510694"><ele>431.75</ele></trkpt>
   <trkpt lat="47.151969" lon="8.510462"><ele>432</ele></trkpt>
   <trkpt lat="47.151781" lon="8.510305"><ele>431.25</ele></trkpt>
   <trkpt lat="47.151532" lon="8.51014"><ele>431.25</ele></trkpt>
   <trkpt lat="47.151343" lon="8.510042"><ele>431.5</ele></trkpt>
   <trkpt lat="47.151125" lon="8.509959"><ele>430.5</ele></trkpt>
   <trkpt lat="47.150953" lon="8.509912"><ele>431.5</ele></trkpt>
   <trkpt lat="47.15067" lon="8.509871"><ele>432</ele></trkpt>
   <trkpt lat="47.150405" lon="8.50987"><ele>431.75</ele></trkpt>
   <trkpt lat="47.150141" lon="8.509893"><ele>430.75</ele></trkpt>
   <trkpt lat="47.150006" lon="8.509911"><ele>430</ele></trkpt>
   <trkpt lat="47.14971" lon="8.509954"><ele>429.5</ele></trkpt>
   <trkpt lat="47.148862" lon="8.510114"><ele>429.75</ele></trkpt>
   <trkpt lat="47.148532" lon="8.51016"><ele>430</ele></trkpt>
   <trkpt lat="47.148267" lon="8.510164"><ele>430.25</ele></trkpt>
   <trkpt lat="47.147989" lon="8.510128"><ele>430.5</ele></trkpt>
   <trkpt lat="47.147771" lon="8.510068"><ele>431</ele></trkpt>
   <trkpt lat="47.147595" lon="8.510001"><ele>431</ele></trkpt>
   <trkpt lat="47.14735" lon="8.509876"><ele>429.5</ele></trkpt>
   <trkpt lat="47.147276" lon="8.509829"><ele>429</ele></trkpt>
   <trkpt lat="47.147235" lon="8.509804"><ele>429</ele></trkpt>
   <trkpt lat="47.147118" lon="8.509718"><ele>429.5</ele></trkpt>
   <trkpt lat="47.146884" lon="8.509512"><ele>429</ele></trkpt>
   <trkpt lat="47.14621" lon="8.508813"><ele>427.75</ele></trkpt>
   <trkpt lat="47.145966" lon="8.508553"><ele>427.5</ele></trkpt>
   <trkpt lat="47.145867" lon="8.508452"><ele>426.75</ele></trkpt>
   <trkpt lat="47.145647" lon="8.508244"><ele>427.5</ele></trkpt>
   <trkpt lat="47.145403" lon="8.508058"><ele>428.5</ele></trkpt>
   <trkpt lat="47.1452" lon="8.507936"><ele>428.5</ele></trkpt>
   <trkpt lat="47.144948" lon="8.507822"><ele>430.75</ele></trkpt>
   <trkpt lat="47.144766" lon="8.507763"><ele>430.75</ele></trkpt>
   <trkpt lat="47.144502" lon="8.507711"><ele>430</ele></trkpt>
   <trkpt lat="47.144254" lon="8.507694"><ele>430.25</ele></trkpt>
   <trkpt lat="47.143815" lon="8.507703"><ele>430.25</ele></trkpt>
   <trkpt lat="47.142429" lon="8.507748"><ele>432.5</ele></trkpt>
   <trkpt lat="47.142104" lon="8.507737"><ele>432</ele></trkpt>
   <trkpt lat="47.141876" lon="8.507703"><ele>431.25</ele></trkpt>
   <trkpt lat="47.141724" lon="8.507663"><ele>430.5</ele></trkpt>
   <trkpt lat="47.141562" lon="8.507608"><ele>430.5</ele></trkpt>
   <trkpt lat="47.141374" lon="8.507524"><ele>431</ele></trkpt>
   <trkpt lat="47.141246" lon="8.507452"><ele>430.5</ele></trkpt>
   <trkpt lat="47.140882" lon="8.507215"><ele>431.25</ele></trkpt>
   <trkpt lat="47.140232" lon="8.506766"><ele>431</ele></trkpt>
   <trkpt lat="47.139967" lon="8.506601"><ele>432</ele></trkpt>
   <trkpt lat="47.139858" lon="8.506542"><ele>431.5</ele></trkpt>
   <trkpt lat="47.139675" lon="8.506461"><ele>431.75</ele></trkpt>
   <trkpt lat="47.139447" lon="8.506388"><ele>432.75</ele></trkpt>
   <trkpt lat="47.1393" lon="8.506357"><ele>431.5</ele></trkpt>
   <trkpt lat="47.139173" lon="8.50634"><ele>430.5</ele></trkpt>
   <trkpt lat="47.139075" lon="8.506332"><ele>430.75</ele></trkpt>
   <trkpt lat="47.138861" lon="8.506336"><ele>431.75</ele></trkpt>
   <trkpt lat="47.13868" lon="8.506356"><ele>431.5</ele></trkpt>
   <trkpt lat="47.13859" lon="8.506375"><ele>431.5</ele></trkpt>
   <trkpt lat="47.13849" lon="8.506402"><ele>431</ele></trkpt>
   <trkpt lat="47.138269" lon="8.506474"><ele>429.5</ele></trkpt>
   <trkpt lat="47.137611" lon="8.506758"><ele>429.75</ele></trkpt>
   <trkpt lat="47.137538" lon="8.506788"><ele>429.5</ele></trkpt>
   <trkpt lat="47.137403" lon="8.506845"><ele>430.25</ele></trkpt>
   <trkpt lat="47.137198" lon="8.506917"><ele>432</ele></trkpt>
   <trkpt lat="47.136989" lon="8.506969"><ele>432.5</ele></trkpt>
   <trkpt lat="47.136786" lon="8.506998"><ele>433.25</ele></trkpt>
   <trkpt lat="47.136569" lon="8.507"><ele>434</ele></trkpt>
   <trkpt lat="47.136346" lon="8.506978"><ele>434</ele></trkpt>
   <trkpt lat="47.136235" lon="8.506956"><ele>433.25</ele></trkpt>
   <trkpt lat="47.135993" lon="8.506884"><ele>433.25</ele></trkpt>
   <trkpt lat="47.135832" lon="8.506818"><ele>433.75</ele></trkpt>
   <trkpt lat="47.135656" lon="8.506727"><ele>433.5</ele></trkpt>
   <trkpt lat="47.135466" lon="8.506602"><ele>432.5</ele></trkpt>
   <trkpt lat="47.135304" lon="8.506476"><ele>431</ele></trkpt>
   <trkpt lat="47.135222" lon="8.506405"><ele>430</ele></trkpt>
   <trkpt lat="47.134978" lon="8.50616"><ele>432.25</ele></trkpt>
   <trkpt lat="47.134308" lon="8.505409"><ele>431</ele></trkpt>
   <trkpt lat="47.134299" lon="8.505399"><ele>431</ele></trkpt>
   <trkpt lat="47.133495" lon="8.504534"><ele>432</ele></trkpt>
   <trkpt lat="47.133486" lon="8.504524"><ele>432</ele></trkpt>
   <trkpt lat="47.132634" lon="8.503623"><ele>431</ele></trkpt>
   <trkpt lat="47.132427" lon="8.503413"><ele>431</ele></trkpt>
   <trkpt lat="47.132109" lon="8.503122"><ele>430</ele></trkpt>
   <trkpt lat="47.131828" lon="8.502886"><ele>429.75</ele></trkpt>
   <trkpt lat="47.131269" lon="8.502413"><ele>431.5</ele></trkpt>
   <trkpt lat="47.131122" lon="8.50228"><ele>431.5</ele></trkpt>
   <trkpt lat="47.13098" lon="8.50214"><ele>432.5</ele></trkpt>
   <trkpt lat="47.130869" lon="8.502017"><ele>431.75</ele></trkpt>
   <trkpt lat="47.130697" lon="8.501802"><ele>431.5</ele></trkpt>
   <trkpt lat="47.130467" lon="8.501484"><ele>430</ele></trkpt>
   <trkpt lat="47.129899" lon="8.500666"><ele>430.75</ele></trkpt>
   <trkpt lat="47.129752" lon="8.500473"><ele>429.75</ele></trkpt>
   <trkpt lat="47.129619" lon="8.500317"><ele>428.75</ele></trkpt>
   <trkpt lat="47.129447" lon="8.500144"><ele>428</ele></trkpt>
   <trkpt lat="47.129306" lon="8.500021"><ele>428.5</ele></trkpt>
   <trkpt lat="47.129142" lon="8.4999"><ele>428.25</ele></trkpt>
   <trkpt lat="47.128931" lon="8.499772"><ele>427</ele></trkpt>
   <trkpt lat="47.128821" lon="8.499717"><ele>427.25</ele></trkpt>
   <trkpt lat="47.128583" lon="8.499624"><ele>426.75</ele></trkpt>
   <trkpt lat="47.128311" lon="8.499547"><ele>426.75</ele></trkpt>
   <trkpt lat="47.126912" lon="8.499195"><ele>428.25</ele></trkpt>
   <trkpt lat="47.126811" lon="8.499163"><ele>428.75</ele></trkpt>
   <trkpt lat="47.126591" lon="8.499076"><ele>428.25</ele></trkpt>
   <trkpt lat="47.126477" lon="8.49902"><ele>427.75</ele></trkpt>
   <trkpt lat="47.126305" lon="8.498918"><ele>427.75</ele></trkpt>
   <trkpt lat="47.126178" lon="8.49883"><ele>427.25</ele></trkpt>
   <trkpt lat="47.12587" lon="8.498575"><ele>428.25</ele></trkpt>
   <trkpt lat="47.125646" lon="8.498366"><ele>429.25</ele></trkpt>
   <trkpt lat="47.125399" lon="8.498122"><ele>429.75</ele></trkpt>
   <trkpt lat="47.124536" lon="8.497256"><ele>429.5</ele></trkpt>
   <trkpt lat="47.124301" lon="8.497036"><ele>429</ele></trkpt>
   <trkpt lat="47.123949" lon="8.496729"><ele>428</ele></trkpt>
   <trkpt lat="47.123785" lon="8.496602"><ele>428</ele></trkpt>
   <trkpt lat="47.123608" lon="8.496484"><ele>428</ele></trkpt>
   <trkpt lat="47.123437" lon="8.496389"><ele>430</ele></trkpt>
   <trkpt lat="47.123283" lon="8.49632"><ele>431.25</ele></trkpt>
   <trkpt lat="47.123167" lon="8.496277"><ele>433.25</ele></trkpt>
   <trkpt lat="47.122955" lon="8.496219"><ele>434</ele></trkpt>
   <trkpt lat="47.122737" lon="8.496186"><ele>431.25</ele></trkpt>
   <trkpt lat="47.122445" lon="8.496181"><ele>428</ele></trkpt>
   <trkpt lat="47.122123" lon="8.496224"><ele>427.25</ele></trkpt>
   <trkpt lat="47.121401" lon="8.49637"><ele>426.5</ele></trkpt>
   <trkpt lat="47.121296" lon="8.496392"><ele>427</ele></trkpt>
   <trkpt lat="47.120431" lon="8.496569"><ele>425.5</ele></trkpt>
   <trkpt lat="47.119804" lon="8.496704"><ele>426.25</ele></trkpt>
   <trkpt lat="47.119525" lon="8.496786"><ele>428.25</ele></trkpt>
   <trkpt lat="47.119405" lon="8.496834"><ele>428.5</ele></trkpt>
   <trkpt lat="47.119209" lon="8.496932"><ele>428.5</ele></trkpt>
   <trkpt lat="47.118993" lon="8.49707"><ele>430</ele></trkpt>
   <trkpt lat="47.118863" lon="8.497169"><ele>428.75</ele></trkpt>
   <trkpt lat="47.118685" lon="8.497329"><ele>429.75</ele></trkpt>
   <trkpt lat="47.118593" lon="8.497423"><ele>430.25</ele></trkpt>
   <trkpt lat="47.118427" lon="8.497615"><ele>431</ele></trkpt>
   <trkpt lat="47.118301" lon="8.497783"><ele>427</ele></trkpt>
   <trkpt lat="47.118184" lon="8.497957"><ele>429.75</ele></trkpt>
   <trkpt lat="47.118003" lon="8.498254"><ele>426.5</ele></trkpt>
   <trkpt lat="47.117765" lon="8.498663"><ele>424.25</ele></trkpt>
   <trkpt lat="47.117612" lon="8.498911"><ele>425.25</ele></trkpt>
   <trkpt lat="47.117528" lon="8.499037"><ele>426</ele></trkpt>
   <trkpt lat="47.117352" lon="8.49927"><ele>426.5</ele></trkpt>
   <trkpt lat="47.117193" lon="8.49945"><ele>426.25</ele></trkpt>
   <trkpt lat="47.117048" lon="8.499593"><ele>426.25</ele></trkpt>
   <trkpt lat="47.116931" lon="8.499691"><ele>425.5</ele></trkpt>
   <trkpt lat="47.116739" lon="8.499831"><ele>425.5</ele></trkpt>
   <trkpt lat="47.116601" lon="8.499916"><ele>429.5</ele></trkpt>
   <trkpt lat="47.116463" lon="8.499988"><ele>431.5</ele></trkpt>
   <trkpt lat="47.116216" lon="8.5001"><ele>439.75</ele></trkpt>
   <trkpt lat="47.115909" lon="8.500233"><ele>435.75</ele></trkpt>
   <trkpt lat="47.115516" lon="8.500403"><ele>435.5</ele></trkpt>
   <trkpt lat="47.115158" lon="8.500587"><ele>427.75</ele></trkpt>
   <trkpt lat="47.114556" lon="8.500934"><ele>432.25</ele></trkpt>
   <trkpt lat="47.11433" lon="8.501044"><ele>434</ele></trkpt>
   <trkpt lat="47.114134" lon="8.501124"><ele>431.25</ele></trkpt>
   <trkpt lat="47.113918" lon="8.501203"><ele>431</ele></trkpt>
   <trkpt lat="47.113506" lon="8.501347"><ele>431.75</ele></trkpt>
   <trkpt lat="47.113302" lon="8.501427"><ele>431</ele></trkpt>
   <trkpt lat="47.113058" lon="8.501539"><ele>431.5</ele></trkpt>
   <trkpt lat="47.112861" lon="8.501645"><ele>433.75</ele></trkpt>
   <trkpt lat="47.112631" lon="8.501803"><ele>435</ele></trkpt>
   <trkpt lat="47.112537" lon="8.501879"><ele>434.25</ele></trkpt>
   <trkpt lat="47.112449" lon="8.501954"><ele>434.25</ele></trkpt>
   <trkpt lat="47.111943" lon="8.502454"><ele>435.25</ele></trkpt>
   <trkpt lat="47.111677" lon="8.502699"><ele>436</ele></trkpt>
   <trkpt lat="47.111459" lon="8.502862"><ele>436.75</ele></trkpt>
   <trkpt lat="47.111279" lon="8.502972"><ele>437.5</ele></trkpt>
   <trkpt lat="47.111159" lon="8.503035"><ele>437.25</ele></trkpt>
   <trkpt lat="47.110878" lon="8.503146"><ele>439.5</ele></trkpt>
   <trkpt lat="47.110137" lon="8.503352"><ele>434.5</ele></trkpt>
   <trkpt lat="47.109821" lon="8.503469"><ele>437</ele></trkpt>
   <trkpt lat="47.109664" lon="8.503543"><ele>437</ele></trkpt>
   <trkpt lat="47.109416" lon="8.503692"><ele>439.75</ele></trkpt>
   <trkpt lat="47.10922" lon="8.503835"><ele>441.75</ele></trkpt>
   <trkpt lat="47.109022" lon="8.504017"><ele>440.5</ele></trkpt>
   <trkpt lat="47.10888" lon="8.504174"><ele>439</ele></trkpt>
   <trkpt lat="47.108719" lon="8.504368"><ele>439.5</ele></trkpt>
   <trkpt lat="47.108556" lon="8.504602"><ele>438.25</ele></trkpt>
   <trkpt lat="47.108475" lon="8.504737"><ele>438</ele></trkpt>
   <trkpt lat="47.108331" lon="8.505001"><ele>437.75</ele></trkpt>
   <trkpt lat="47.108236" lon="8.5052"><ele>434.75</ele></trkpt>
   <trkpt lat="47.107512" lon="8.506879"><ele>441</ele></trkpt>
   <trkpt lat="47.107163" lon="8.507724"><ele>445.75</ele></trkpt>
   <trkpt lat="47.107091" lon="8.507887"><ele>445.75</ele></trkpt>
   <trkpt lat="47.106946" lon="8.508178"><ele>441.5</ele></trkpt>
   <trkpt lat="47.106805" lon="8.508419"><ele>440</ele></trkpt>
   <trkpt lat="47.106706" lon="8.508567"><ele>439.75</ele></trkpt>
   <trkpt lat="47.106499" lon="8.508829"><ele>438.25</ele></trkpt>
   <trkpt lat="47.106382" lon="8.508955"><ele>439.25</ele></trkpt>
   <trkpt lat="47.106178" lon="8.509146"><ele>439.25</ele></trkpt>
   <trkpt lat="47.105993" lon="8.50929"><ele>439.25</ele></trkpt>
   <trkpt lat="47.105578" lon="8.509542"><ele>441.5</ele></trkpt>
   <trkpt lat="47.105267" lon="8.50972"><ele>443</ele></trkpt>
   <trkpt lat="47.104792" lon="8.510009"><ele>445.75</ele></trkpt>
   <trkpt lat="47.104449" lon="8.510241"><ele>445.75</ele></trkpt>
   <trkpt lat="47.104056" lon="8.51052"><ele>446</ele></trkpt>
   <trkpt lat="47.103807" lon="8.510681"><ele>446.5</ele></trkpt>
   <trkpt lat="47.103626" lon="8.510786"><ele>446.5</ele></trkpt>
   <trkpt lat="47.103361" lon="8.510931"><ele>446.75</ele></trkpt>
   <trkpt lat="47.10302" lon="8.511146"><ele>445</ele></trkpt>
   <trkpt lat="47.103004" lon="8.511157"><ele>444.75</ele></trkpt>
   <trkpt lat="47.102841" lon="8.511284"><ele>444.75</ele></trkpt>
   <trkpt lat="47.102645" lon="8.511468"><ele>446.75</ele></trkpt>
   <trkpt lat="47.102465" lon="8.511666"><ele>451.25</ele></trkpt>
   <trkpt lat="47.102301" lon="8.511882"><ele>453.25</ele></trkpt>
   <trkpt lat="47.102135" lon="8.512145"><ele>453.25</ele></trkpt>
   <trkpt lat="47.101983" lon="8.512428"><ele>450.75</ele></trkpt>
   <trkpt lat="47.101884" lon="8.512647"><ele>450.75</ele></trkpt>
   <trkpt lat="47.101744" lon="8.513023"><ele>452.5</ele></trkpt>
   <trkpt lat="47.101638" lon="8.513331"><ele>449.25</ele></trkpt>
   <trkpt lat="47.10133" lon="8.514136"><ele>449</ele></trkpt>
   <trkpt lat="47.10123" lon="8.514375"><ele>448.75</ele></trkpt>
   <trkpt lat="47.10112" lon="8.514594"><ele>447.75</ele></trkpt>
   <trkpt lat="47.100986" lon="8.51483"><ele>448</ele></trkpt>
   <trkpt lat="47.100869" lon="8.515006"><ele>448.25</ele></trkpt>
   <trkpt lat="47.100778" lon="8.515129"><ele>449.25</ele></trkpt>
   <trkpt lat="47.100568" lon="8.515383"><ele>449.25</ele></trkpt>
   <trkpt lat="47.100326" lon="8.515632"><ele>448.25</ele></trkpt>
   <trkpt lat="47.100218" lon="8.515735"><ele>447</ele></trkpt>
   <trkpt lat="47.100042" lon="8.515889"><ele>448</ele></trkpt>
   <trkpt lat="47.09939" lon="8.516466"><ele>448.75</ele></trkpt>
   <trkpt lat="47.098673" lon="8.517099"><ele>449</ele></trkpt>
   <trkpt lat="47.097397" lon="8.518228"><ele>448.5</ele></trkpt>
   <trkpt lat="47.096871" lon="8.518694"><ele>453.5</ele></trkpt>
   <trkpt lat="47.096585" lon="8.51892"><ele>451</ele></trkpt>
   <trkpt lat="47.096439" lon="8.51902"><ele>451.25</ele></trkpt>
   <trkpt lat="47.096137" lon="8.519199"><ele>449.25</ele></trkpt>
   <trkpt lat="47.095098" lon="8.519714"><ele>450.5</ele></trkpt>
   <trkpt lat="47.094718" lon="8.519919"><ele>448.25</ele></trkpt>
   <trkpt lat="47.0944" lon="8.52011"><ele>449.75</ele></trkpt>
   <trkpt lat="47.094161" lon="8.520315"><ele>457</ele></trkpt>
   <trkpt lat="47.093807" lon="8.520702"><ele>459.25</ele></trkpt>
   <trkpt lat="47.093783" lon="8.520737"><ele>458</ele></trkpt>
   <trkpt lat="47.093397" lon="8.521288"><ele>450.5</ele></trkpt>
   <trkpt lat="47.093069" lon="8.521796"><ele>455.75</ele></trkpt>
   <trkpt lat="47.092811" lon="8.52213"><ele>451</ele></trkpt>
   <trkpt lat="47.092088" lon="8.522904"><ele>453</ele></trkpt>
   <trkpt lat="47.091907" lon="8.523107"><ele>458.75</ele></trkpt>
   <trkpt lat="47.091426" lon="8.523575"><ele>461.5</ele></trkpt>
   <trkpt lat="47.091188" lon="8.523773"><ele>457.75</ele></trkpt>
   <trkpt lat="47.090879" lon="8.524003"><ele>450.5</ele></trkpt>
   <trkpt lat="47.090187" lon="8.524368"><ele>448</ele></trkpt>
   <trkpt lat="47.089847" lon="8.524519"><ele>460.25</ele></trkpt>
   <trkpt lat="47.089539" lon="8.524619"><ele>465.75</ele></trkpt>
   <trkpt lat="47.089172" lon="8.524647"><ele>462.5</ele></trkpt>
   <trkpt lat="47.088674" lon="8.524597"><ele>456.5</ele></trkpt>
   <trkpt lat="47.08794" lon="8.524466"><ele>456.5</ele></trkpt>
   <trkpt lat="47.087288" lon="8.524359"><ele>460.25</ele></trkpt>
   <trkpt lat="47.087133" lon="8.524363"><ele>461.5</ele></trkpt>
   <trkpt lat="47.086881" lon="8.524371"><ele>462.75</ele></trkpt>
   <trkpt lat="47.083804" lon="8.525114"><ele>457.5</ele></trkpt>
   <trkpt lat="47.083418" lon="8.52521"><ele>460.75</ele></trkpt>
   <trkpt lat="47.082824" lon="8.525337"><ele>469.75</ele></trkpt>
   <trkpt lat="47.082193" lon="8.525516"><ele>465.5</ele></trkpt>
   <trkpt lat="47.08178" lon="8.52571"><ele>467</ele></trkpt>
   <trkpt lat="47.081133" lon="8.526151"><ele>467.75</ele></trkpt>
   <trkpt lat="47.080726" lon="8.526476"><ele>467.5</ele></trkpt>
   <trkpt lat="47.080287" lon="8.526784"><ele>465.5</ele></trkpt>
   <trkpt lat="47.079809" lon="8.52702"><ele>467</ele></trkpt>
   <trkpt lat="47.079198" lon="8.527182"><ele>468.25</ele></trkpt>
   <trkpt lat="47.078635" lon="8.527357"><ele>471</ele></trkpt>
   <trkpt lat="47.078401" lon="8.527477"><ele>473.25</ele></trkpt>
   <trkpt lat="47.077742" lon="8.527977"><ele>469.5</ele></trkpt>
   <trkpt lat="47.077653" lon="8.528048"><ele>469</ele></trkpt>
   <trkpt lat="47.077321" lon="8.528303"><ele>469.5</ele></trkpt>
   <trkpt lat="47.07707" lon="8.528471"><ele>471</ele></trkpt>
   <trkpt lat="47.075997" lon="8.528965"><ele>478.75</ele></trkpt>
   <trkpt lat="47.075789" lon="8.529081"><ele>481.25</ele></trkpt>
   <trkpt lat="47.075381" lon="8.529397"><ele>490.5</ele></trkpt>
   <trkpt lat="47.075051" lon="8.529761"><ele>478.75</ele></trkpt>
   <trkpt lat="47.074586" lon="8.5304"><ele>477.75</ele></trkpt>
   <trkpt lat="47.074134" lon="8.530963"><ele>473</ele></trkpt>
   <trkpt lat="47.073895" lon="8.531189"><ele>476</ele></trkpt>
   <trkpt lat="47.073622" lon="8.531403"><ele>477.25</ele></trkpt>
   <trkpt lat="47.072978" lon="8.531831"><ele>479.25</ele></trkpt>
   <trkpt lat="47.072608" lon="8.532126"><ele>478.75</ele></trkpt>
   <trkpt lat="47.072536" lon="8.532192"><ele>478.25</ele></trkpt>
   <trkpt lat="47.072369" lon="8.532344"><ele>477.75</ele></trkpt>
   <trkpt lat="47.072118" lon="8.532642"><ele>477</ele></trkpt>
   <trkpt lat="47.071721" lon="8.53321"><ele>478.25</ele></trkpt>
   <trkpt lat="47.071321" lon="8.533817"><ele>477.25</ele></trkpt>
   <trkpt lat="47.071239" lon="8.53394"><ele>477.5</ele></trkpt>
   <trkpt lat="47.070349" lon="8.535306"><ele>485.25</ele></trkpt>
   <trkpt lat="47.069857" lon="8.536008"><ele>482.75</ele></trkpt>
   <trkpt lat="47.069617" lon="8.536281"><ele>482.5</ele></trkpt>
   <trkpt lat="47.069365" lon="8.536544"><ele>481.5</ele></trkpt>
   <trkpt lat="47.06918" lon="8.536696"><ele>480.25</ele></trkpt>
   <trkpt lat="47.069027" lon="8.536819"><ele>480.5</ele></trkpt>
   <trkpt lat="47.068678" lon="8.537038"><ele>481.75</ele></trkpt>
   <trkpt lat="47.068309" lon="8.537254"><ele>484.5</ele></trkpt>
   <trkpt lat="47.067995" lon="8.537413"><ele>483.25</ele></trkpt>
   <trkpt lat="47.067878" lon="8.537474"><ele>484.25</ele></trkpt>
   <trkpt lat="47.067304" lon="8.537795"><ele>486</ele></trkpt>
   <trkpt lat="47.067118" lon="8.537939"><ele>485.5</ele></trkpt>
   <trkpt lat="47.066989" lon="8.538053"><ele>485.25</ele></trkpt>
   <trkpt lat="47.066757" lon="8.538281"><ele>487</ele></trkpt>
   <trkpt lat="47.066683" lon="8.538354"><ele>487.75</ele></trkpt>
   <trkpt lat="47.066442" lon="8.538642"><ele>490</ele></trkpt>
   <trkpt lat="47.066207" lon="8.538976"><ele>488.75</ele></trkpt>
   <trkpt lat="47.065895" lon="8.539521"><ele>485</ele></trkpt>
   <trkpt lat="47.065793" lon="8.539693"><ele>484</ele></trkpt>
   <trkpt lat="47.064897" lon="8.541229"><ele>488.5</ele></trkpt>
   <trkpt lat="47.064449" lon="8.541958"><ele>491.5</ele></trkpt>
   <trkpt lat="47.06425" lon="8.542228"><ele>491.75</ele></trkpt>
   <trkpt lat="47.064055" lon="8.542456"><ele>491.25</ele></trkpt>
   <trkpt lat="47.063693" lon="8.542788"><ele>491.25</ele></trkpt>
   <trkpt lat="47.063315" lon="8.543091"><ele>492.75</ele></trkpt>
   <trkpt lat="47.062355" lon="8.54385"><ele>491.5</ele></trkpt>
   <trkpt lat="47.061922" lon="8.544173"><ele>493.5</ele></trkpt>
   <trkpt lat="47.061748" lon="8.544276"><ele>494</ele></trkpt>
   <trkpt lat="47.061729" lon="8.544285"><ele>494.25</ele></trkpt>
   <trkpt lat="47.061532" lon="8.544367"><ele>495</ele></trkpt>
   <trkpt lat="47.061296" lon="8.544444"><ele>496</ele></trkpt>
   <trkpt lat="47.061069" lon="8.544482"><ele>496</ele></trkpt>
   <trkpt lat="47.060888" lon="8.544492"><ele>498.25</ele></trkpt>
   <trkpt lat="47.060688" lon="8.544481"><ele>498.5</ele></trkpt>
   <trkpt lat="47.060093" lon="8.544374"><ele>500</ele></trkpt>
   <trkpt lat="47.059393" lon="8.544222"><ele>501.75</ele></trkpt>
   <trkpt lat="47.059189" lon="8.544225"><ele>502.25</ele></trkpt>
   <trkpt lat="47.058981" lon="8.544239"><ele>503</ele></trkpt>
   <trkpt lat="47.058764" lon="8.544288"><ele>503</ele></trkpt>
   <trkpt lat="47.058574" lon="8.544345"><ele>501.75</ele></trkpt>
   <trkpt lat="47.058344" lon="8.544439"><ele>500</ele></trkpt>
   <trkpt lat="47.058232" lon="8.544494"><ele>501.5</ele></trkpt>
   <trkpt lat="47.057944" lon="8.544674"><ele>501.5</ele></trkpt>
   <trkpt lat="47.057845" lon="8.54475"><ele>500.5</ele></trkpt>
   <trkpt lat="47.057661" lon="8.544915"><ele>498.5</ele></trkpt>
   <trkpt lat="47.057561" lon="8.545019"><ele>499.75</ele></trkpt>
   <trkpt lat="47.057442" lon="8.545161"><ele>501</ele></trkpt>
   <trkpt lat="47.057285" lon="8.545376"><ele>500.5</ele></trkpt>
   <trkpt lat="47.057177" lon="8.545545"><ele>497.75</ele></trkpt>
   <trkpt lat="47.057046" lon="8.545781"><ele>497.75</ele></trkpt>
   <trkpt lat="47.05702" lon="8.545829"><ele>497.75</ele></trkpt>
   <trkpt lat="47.056897" lon="8.546061"><ele>497.75</ele></trkpt>
   <trkpt lat="47.056316" lon="8.547158"><ele>497.25</ele></trkpt>
   <trkpt lat="47.056208" lon="8.547343"><ele>496.5</ele></trkpt>
   <trkpt lat="47.056102" lon="8.547507"><ele>500.5</ele></trkpt>
   <trkpt lat="47.055933" lon="8.547737"><ele>499.75</ele></trkpt>
   <trkpt lat="47.055832" lon="8.547854"><ele>501.25</ele></trkpt>
   <trkpt lat="47.055624" lon="8.548063"><ele>502</ele></trkpt>
   <trkpt lat="47.055518" lon="8.548155"><ele>502.25</ele></trkpt>
   <trkpt lat="47.055402" lon="8.548247"><ele>502.5</ele></trkpt>
   <trkpt lat="47.055182" lon="8.548387"><ele>502.25</ele></trkpt>
   <trkpt lat="47.054966" lon="8.548495"><ele>503.25</ele></trkpt>
   <trkpt lat="47.054733" lon="8.548577"><ele>503.5</ele></trkpt>
   <trkpt lat="47.054459" lon="8.548633"><ele>503.25</ele></trkpt>
   <trkpt lat="47.054233" lon="8.548649"><ele>504</ele></trkpt>
   <trkpt lat="47.054009" lon="8.548635"><ele>504.25</ele></trkpt>
   <trkpt lat="47.053792" lon="8.548596"><ele>502.5</ele></trkpt>
   <trkpt lat="47.053582" lon="8.548532"><ele>501</ele></trkpt>
   <trkpt lat="47.053447" lon="8.548479"><ele>503.75</ele></trkpt>
   <trkpt lat="47.053437" lon="8.548474"><ele>504</ele></trkpt>
   <trkpt lat="47.053109" lon="8.548316"><ele>506</ele></trkpt>
   <trkpt lat="47.05264" lon="8.548094"><ele>506</ele></trkpt>
   <trkpt lat="47.05236" lon="8.547996"><ele>507.75</ele></trkpt>
   <trkpt lat="47.052184" lon="8.547949"><ele>509.5</ele></trkpt>
   <trkpt lat="47.051923" lon="8.547907"><ele>510.75</ele></trkpt>
   <trkpt lat="47.051797" lon="8.547901"><ele>510.5</ele></trkpt>
   <trkpt lat="47.051637" lon="8.547906"><ele>510.25</ele></trkpt>
   <trkpt lat="47.051447" lon="8.547934"><ele>508</ele></trkpt>
   <trkpt lat="47.051299" lon="8.547971"><ele>507</ele></trkpt>
   <trkpt lat="47.051165" lon="8.548017"><ele>507.25</ele></trkpt>
   <trkpt lat="47.050901" lon="8.548123"><ele>506.75</ele></trkpt>
   <trkpt lat="47.0507" lon="8.548223"><ele>506</ele></trkpt>
   <trkpt lat="47.050576" lon="8.5483"><ele>507.5</ele></trkpt>
   <trkpt lat="47.05038" lon="8.548441"><ele>507.5</ele></trkpt>
   <trkpt lat="47.050255" lon="8.548552"><ele>507.25</ele></trkpt>
   <trkpt lat="47.050089" lon="8.548723"><ele>507.25</ele></trkpt>
   <trkpt lat="47.050002" lon="8.548829"><ele>509.25</ele></trkpt>
   <trkpt lat="47.049842" lon="8.549055"><ele>509</ele></trkpt>
   <trkpt lat="47.049819" lon="8.54909"><ele>509</ele></trkpt>
   <trkpt lat="47.049755" lon="8.549195"><ele>509.5</ele></trkpt>
   <trkpt lat="47.049699" lon="8.549295"><ele>510</ele></trkpt>
   <trkpt lat="47.049583" lon="8.549535"><ele>509.5</ele></trkpt>
   <trkpt lat="47.049475" lon="8.549804"><ele>509.5</ele></trkpt>
   <trkpt lat="47.049408" lon="8.550013"><ele>510</ele></trkpt>
   <trkpt lat="47.049298" lon="8.550405"><ele>509.75</ele></trkpt>
   <trkpt lat="47.049204" lon="8.550779"><ele>509.75</ele></trkpt>
   <trkpt lat="47.04914" lon="8.551067"><ele>510</ele></trkpt>
   <trkpt lat="47.049107" lon="8.551253"><ele>510</ele></trkpt>
   <trkpt lat="47.049092" lon="8.551353"><ele>510</ele></trkpt>
   <trkpt lat="47.049063" lon="8.551585"><ele>510</ele></trkpt>
   <trkpt lat="47.049033" lon="8.551909"><ele>510</ele></trkpt>
   <trkpt lat="47.049004" lon="8.552489"><ele>510</ele></trkpt>
   <trkpt lat="47.048975" lon="8.553036"><ele>510</ele></trkpt>
   <trkpt lat="47.048901" lon="8.553791"><ele>510</ele></trkpt>
   <trkpt lat="47.048782" lon="8.554779"><ele>510</ele></trkpt>
   <trkpt lat="47.048737" lon="8.555266"><ele>510</ele></trkpt>
   <trkpt lat="47.048725" lon="8.555556"><ele>510.25</ele></trkpt>
   <trkpt lat="47.048712" lon="8.555742"><ele>510.25</ele></trkpt>
   <trkpt lat="47.048685" lon="8.55596"><ele>510.25</ele></trkpt>
   <trkpt lat="47.048663" lon="8.55613"><ele>510.25</ele></trkpt>
   <trkpt lat="47.048646" lon="8.556342"><ele>510.25</ele></trkpt>
   <trkpt lat="47.048642" lon="8.556448"><ele>510.25</ele></trkpt>
   <trkpt lat="47.048641" lon="8.556454"><ele>510</ele></trkpt>
   <trkpt lat="47.048582" lon="8.557755"><ele>509</ele></trkpt>
   <trkpt lat="47.048565" lon="8.558113"><ele>509</ele></trkpt>
   <trkpt lat="47.048537" lon="8.55872"><ele>509</ele></trkpt>
   <trkpt lat="47.048503" lon="8.559514"><ele>509</ele></trkpt>
   <trkpt lat="47.048495" lon="8.56009"><ele>509</ele></trkpt>
   <trkpt lat="47.048508" lon="8.560479"><ele>509</ele></trkpt>
   <trkpt lat="47.048527" lon="8.560779"><ele>508.25</ele></trkpt>
   <trkpt lat="47.048548" lon="8.560993"><ele>507.75</ele></trkpt>
   <trkpt lat="47.048612" lon="8.561458"><ele>507.25</ele></trkpt>
   <trkpt lat="47.048655" lon="8.561705"><ele>508</ele></trkpt>
   <trkpt lat="47.048746" lon="8.562123"><ele>509.25</ele></trkpt>
   <trkpt lat="47.048837" lon="8.562465"><ele>507.75</ele></trkpt>
   <trkpt lat="47.048928" lon="8.562761"><ele>506.5</ele></trkpt>
   <trkpt lat="47.049036" lon="8.56307"><ele>506.5</ele></trkpt>
   <trkpt lat="47.049156" lon="8.563368"><ele>505.75</ele></trkpt>
   <trkpt lat="47.049284" lon="8.563656"><ele>507.25</ele></trkpt>
   <trkpt lat="47.049424" lon="8.563933"><ele>506.75</ele></trkpt>
   <trkpt lat="47.049616" lon="8.564259"><ele>506.75</ele></trkpt>
   <trkpt lat="47.049812" lon="8.564569"><ele>504.25</ele></trkpt>
   <trkpt lat="47.050185" lon="8.565083"><ele>504.5</ele></trkpt>
   <trkpt lat="47.051265" lon="8.566536"><ele>502.25</ele></trkpt>
   <trkpt lat="47.051457" lon="8.566811"><ele>501.5</ele></trkpt>
   <trkpt lat="47.051614" lon="8.567068"><ele>500.25</ele></trkpt>
   <trkpt lat="47.051775" lon="8.567383"><ele>500.75</ele></trkpt>
   <trkpt lat="47.051875" lon="8.567623"><ele>500.25</ele></trkpt>
   <trkpt lat="47.051963" lon="8.567869"><ele>501</ele></trkpt>
   <trkpt lat="47.052045" lon="8.56815"><ele>501.5</ele></trkpt>
   <trkpt lat="47.05213" lon="8.568529"><ele>500.5</ele></trkpt>
   <trkpt lat="47.052186" lon="8.56892"><ele>499.25</ele></trkpt>
   <trkpt lat="47.052216" lon="8.569328"><ele>499.75</ele></trkpt>
   <trkpt lat="47.052218" lon="8.569601"><ele>499.25</ele></trkpt>
   <trkpt lat="47.052211" lon="8.569881"><ele>498.75</ele></trkpt>
   <trkpt lat="47.052117" lon="8.571241"><ele>498</ele></trkpt>
   <trkpt lat="47.052049" lon="8.572193"><ele>499</ele></trkpt>
   <trkpt lat="47.051993" lon="8.572766"><ele>497.5</ele></trkpt>
   <trkpt lat="47.051917" lon="8.573178"><ele>496.5</ele></trkpt>
   <trkpt lat="47.051843" lon="8.573479"><ele>494</ele></trkpt>
   <trkpt lat="47.051824" lon="8.573557"><ele>493</ele></trkpt>
   <trkpt lat="47.051725" lon="8.573859"><ele>493.5</ele></trkpt>
   <trkpt lat="47.051601" lon="8.574147"><ele>492.75</ele></trkpt>
   <trkpt lat="47.051531" lon="8.574303"><ele>494</ele></trkpt>
   <trkpt lat="47.051386" lon="8.57456"><ele>497</ele></trkpt>
   <trkpt lat="47.051201" lon="8.574843"><ele>499.75</ele></trkpt>
   <trkpt lat="47.050955" lon="8.575146"><ele>498.25</ele></trkpt>
   <trkpt lat="47.050753" lon="8.575346"><ele>496.5</ele></trkpt>
   <trkpt lat="47.050604" lon="8.575466"><ele>496</ele></trkpt>
   <trkpt lat="47.05038" lon="8.575627"><ele>495.75</ele></trkpt>
   <trkpt lat="47.048771" lon="8.57669"><ele>494</ele></trkpt>
   <trkpt lat="47.048485" lon="8.576897"><ele>498.25</ele></trkpt>
   <trkpt lat="47.048244" lon="8.577132"><ele>497</ele></trkpt>
   <trkpt lat="47.048019" lon="8.577397"><ele>492</ele></trkpt>
   <trkpt lat="47.047826" lon="8.577685"><ele>491.25</ele></trkpt>
   <trkpt lat="47.047642" lon="8.578006"><ele>488.25</ele></trkpt>
   <trkpt lat="47.047463" lon="8.57838"><ele>488.25</ele></trkpt>
   <trkpt lat="47.047296" lon="8.578799"><ele>487.75</ele></trkpt>
   <trkpt lat="47.047159" lon="8.579238"><ele>485.5</ele></trkpt>
   <trkpt lat="47.047047" lon="8.579757"><ele>485.25</ele></trkpt>
   <trkpt lat="47.046984" lon="8.580188"><ele>489.25</ele></trkpt>
   <trkpt lat="47.04695" lon="8.580662"><ele>489.75</ele></trkpt>
   <trkpt lat="47.046954" lon="8.58119"><ele>488.25</ele></trkpt>
   <trkpt lat="47.046985" lon="8.581616"><ele>491.25</ele></trkpt>
   <trkpt lat="47.047043" lon="8.582024"><ele>491.5</ele></trkpt>
   <trkpt lat="47.047143" lon="8.582484"><ele>488.75</ele></trkpt>
   <trkpt lat="47.047276" lon="8.582937"><ele>487</ele></trkpt>
   <trkpt lat="47.047527" lon="8.583582"><ele>486.5</ele></trkpt>
   <trkpt lat="47.048081" lon="8.584931"><ele>486.5</ele></trkpt>
   <trkpt lat="47.048302" lon="8.585495"><ele>485.25</ele></trkpt>
   <trkpt lat="47.048437" lon="8.585904"><ele>486</ele></trkpt>
   <trkpt lat="47.048555" lon="8.586359"><ele>484</ele></trkpt>
   <trkpt lat="47.048572" lon="8.586424"><ele>483.75</ele></trkpt>
   <trkpt lat="47.048922" lon="8.588666"><ele>482.25</ele></trkpt>
   <trkpt lat="47.048927" lon="8.5887"><ele>482.25</ele></trkpt>
   <trkpt lat="47.04902" lon="8.589344"><ele>477.75</ele></trkpt>
   <trkpt lat="47.049063" lon="8.589888"><ele>480</ele></trkpt>
   <trkpt lat="47.049061" lon="8.590414"><ele>480.5</ele></trkpt>
   <trkpt lat="47.049036" lon="8.590853"><ele>479.75</ele></trkpt>
   <trkpt lat="47.048877" lon="8.592281"><ele>479.5</ele></trkpt>
   <trkpt lat="47.048839" lon="8.592787"><ele>478</ele></trkpt>
   <trkpt lat="47.048835" lon="8.593043"><ele>478</ele></trkpt>
   <trkpt lat="47.048842" lon="8.593291"><ele>478.75</ele></trkpt>
   <trkpt lat="47.048857" lon="8.593507"><ele>478.5</ele></trkpt>
   <trkpt lat="47.048899" lon="8.593854"><ele>478.25</ele></trkpt>
   <trkpt lat="47.048952" lon="8.594146"><ele>478.75</ele></trkpt>
   <trkpt lat="47.049026" lon="8.594453"><ele>478.25</ele></trkpt>
   <trkpt lat="47.049099" lon="8.594693"><ele>477.75</ele></trkpt>
   <trkpt lat="47.049202" lon="8.594973"><ele>477.5</ele></trkpt>
   <trkpt lat="47.049308" lon="8.595216"><ele>477.25</ele></trkpt>
   <trkpt lat="47.049418" lon="8.595448"><ele>477.5</ele></trkpt>
   <trkpt lat="47.049734" lon="8.596055"><ele>476.5</ele></trkpt>
   <trkpt lat="47.04989" lon="8.596377"><ele>475.5</ele></trkpt>
   <trkpt lat="47.049982" lon="8.596591"><ele>476.25</ele></trkpt>
   <trkpt lat="47.050048" lon="8.596763"><ele>476</ele></trkpt>
   <trkpt lat="47.050113" lon="8.596955"><ele>475</ele></trkpt>
   <trkpt lat="47.050197" lon="8.597262"><ele>473.5</ele></trkpt>
   <trkpt lat="47.05026" lon="8.59755"><ele>473.5</ele></trkpt>
   <trkpt lat="47.050324" lon="8.597985"><ele>473.25</ele></trkpt>
   <trkpt lat="47.050352" lon="8.598256"><ele>473.25</ele></trkpt>
   <trkpt lat="47.050405" lon="8.59889"><ele>474.75</ele></trkpt>
   <trkpt lat="47.050594" lon="8.601259"><ele>473</ele></trkpt>
   <trkpt lat="47.05061" lon="8.601569"><ele>472.5</ele></trkpt>
   <trkpt lat="47.050613" lon="8.601853"><ele>472</ele></trkpt>
   <trkpt lat="47.050602" lon="8.602172"><ele>472.5</ele></trkpt>
   <trkpt lat="47.050576" lon="8.602454"><ele>471.5</ele></trkpt>
   <trkpt lat="47.050552" lon="8.602635"><ele>470.75</ele></trkpt>
   <trkpt lat="47.050485" lon="8.602993"><ele>470.5</ele></trkpt>
   <trkpt lat="47.050448" lon="8.603151"><ele>470.75</ele></trkpt>
   <trkpt lat="47.05037" lon="8.603427"><ele>471.75</ele></trkpt>
   <trkpt lat="47.050322" lon="8.603571"><ele>471.25</ele></trkpt>
   <trkpt lat="47.050259" lon="8.603739"><ele>469.25</ele></trkpt>
   <trkpt lat="47.050118" lon="8.604056"><ele>468.5</ele></trkpt>
   <trkpt lat="47.050034" lon="8.604221"><ele>469</ele></trkpt>
   <trkpt lat="47.049863" lon="8.604506"><ele>466.25</ele></trkpt>
   <trkpt lat="47.049684" lon="8.604764"><ele>467.25</ele></trkpt>
   <trkpt lat="47.049508" lon="8.604997"><ele>466.75</ele></trkpt>
   <trkpt lat="47.048872" lon="8.605798"><ele>464.75</ele></trkpt>
   <trkpt lat="47.04867" lon="8.606052"><ele>465.5</ele></trkpt>
   <trkpt lat="47.04864" lon="8.60609"><ele>466.25</ele></trkpt>
   <trkpt lat="47.048476" lon="8.606297"><ele>465.5</ele></trkpt>
   <trkpt lat="47.04832" lon="8.606493"><ele>466.5</ele></trkpt>
   <trkpt lat="47.047496" lon="8.607522"><ele>467.75</ele></trkpt>
   <trkpt lat="47.046563" lon="8.60864"><ele>465.75</ele></trkpt>
   <trkpt lat="47.045907" lon="8.609453"><ele>466.75</ele></trkpt>
   <trkpt lat="47.045802" lon="8.609586"><ele>465.25</ele></trkpt>
   <trkpt lat="47.045646" lon="8.609782"><ele>465.25</ele></trkpt>
   <trkpt lat="47.045031" lon="8.610557"><ele>466.5</ele></trkpt>
   <trkpt lat="47.044426" lon="8.611319"><ele>463.75</ele></trkpt>
   <trkpt lat="47.04435" lon="8.611414"><ele>463.5</ele></trkpt>
   <trkpt lat="47.044216" lon="8.611583"><ele>463.5</ele></trkpt>
   <trkpt lat="47.042407" lon="8.613861"><ele>459.75</ele></trkpt>
   <trkpt lat="47.039901" lon="8.617018"><ele>456.25</ele></trkpt>
   <trkpt lat="47.039465" lon="8.617567"><ele>456.5</ele></trkpt>
   <trkpt lat="47.037707" lon="8.61978"><ele>452.5</ele></trkpt>
   <trkpt lat="47.037364" lon="8.620212"><ele>451</ele></trkpt>
   <trkpt lat="47.037138" lon="8.620493"><ele>450.5</ele></trkpt>
   <trkpt lat="47.036861" lon="8.62082"><ele>450.5</ele></trkpt>
   <trkpt lat="47.0365" lon="8.621199"><ele>450.5</ele></trkpt>
   <trkpt lat="47.036179" lon="8.621491"><ele>450.25</ele></trkpt>
   <trkpt lat="47.035779" lon="8.621824"><ele>450.25</ele></trkpt>
   <trkpt lat="47.035396" lon="8.6221"><ele>451</ele></trkpt>
   <trkpt lat="47.035013" lon="8.62233"><ele>451</ele></trkpt>
   <trkpt lat="47.034949" lon="8.622361"><ele>450.75</ele></trkpt>
   <trkpt lat="47.034935" lon="8.622368"><ele>451</ele></trkpt>
   <trkpt lat="47.034443" lon="8.622608"><ele>450.5</ele></trkpt>
   <trkpt lat="47.034429" lon="8.622615"><ele>450.5</ele></trkpt>
   <trkpt lat="47.034243" lon="8.622706"><ele>450</ele></trkpt>
   <trkpt lat="47.034112" lon="8.622766"><ele>450</ele></trkpt>
   <trkpt lat="47.033239" lon="8.623162"><ele>451.25</ele></trkpt>
   <trkpt lat="47.032591" lon="8.623487"><ele>451.5</ele></trkpt>
   <trkpt lat="47.032253" lon="8.623708"><ele>452.5</ele></trkpt>
   <trkpt lat="47.03197" lon="8.623952"><ele>452.75</ele></trkpt>
   <trkpt lat="47.031639" lon="8.624276"><ele>452.75</ele></trkpt>
   <trkpt lat="47.03126" lon="8.624739"><ele>453.25</ele></trkpt>
   <trkpt lat="47.031177" lon="8.624866"><ele>453.75</ele></trkpt>
   <trkpt lat="47.030973" lon="8.62518"><ele>453.5</ele></trkpt>
   <trkpt lat="47.030749" lon="8.625598"><ele>453.5</ele></trkpt>
   <trkpt lat="47.030696" lon="8.625713"><ele>453.75</ele></trkpt>
   <trkpt lat="47.030594" lon="8.625936"><ele>452.25</ele></trkpt>
   <trkpt lat="47.030443" lon="8.626309"><ele>451.5</ele></trkpt>
   <trkpt lat="47.030326" lon="8.626643"><ele>454</ele></trkpt>
   <trkpt lat="47.030087" lon="8.627386"><ele>454.25</ele></trkpt>
   <trkpt lat="47.029929" lon="8.627825"><ele>454.75</ele></trkpt>
   <trkpt lat="47.029585" lon="8.628638"><ele>455</ele></trkpt>
   <trkpt lat="47.029542" lon="8.628728"><ele>455</ele></trkpt>
   <trkpt lat="47.029451" lon="8.628913"><ele>455</ele></trkpt>
   <trkpt lat="47.029296" lon="8.629201"><ele>455.25</ele></trkpt>
   <trkpt lat="47.029113" lon="8.629503"><ele>455</ele></trkpt>
   <trkpt lat="47.029012" lon="8.62965"><ele>455.25</ele></trkpt>
   <trkpt lat="47.028897" lon="8.62981"><ele>455.25</ele></trkpt>
   <trkpt lat="47.028688" lon="8.630069"><ele>455.25</ele></trkpt>
   <trkpt lat="47.028453" lon="8.630319"><ele>455</ele></trkpt>
   <trkpt lat="47.028341" lon="8.630428"><ele>455</ele></trkpt>
   <trkpt lat="47.027793" lon="8.630918"><ele>454.25</ele></trkpt>
   <trkpt lat="47.02763" lon="8.631059"><ele>454.5</ele></trkpt>
   <trkpt lat="47.027447" lon="8.6312"><ele>454.5</ele></trkpt>
   <trkpt lat="47.02717" lon="8.6314"><ele>455</ele></trkpt>
   <trkpt lat="47.026977" lon="8.631522"><ele>455</ele></trkpt>
   <trkpt lat="47.026782" lon="8.631639"><ele>454.25</ele></trkpt>
   <trkpt lat="47.026459" lon="8.631807"><ele>453.75</ele></trkpt>
   <trkpt lat="47.026173" lon="8.631931"><ele>454</ele></trkpt>
   <trkpt lat="47.025928" lon="8.632022"><ele>453.75</ele></trkpt>
   <trkpt lat="47.025611" lon="8.632115"><ele>454</ele></trkpt>
   <trkpt lat="47.025428" lon="8.632158"><ele>454.5</ele></trkpt>
   <trkpt lat="47.024962" lon="8.632231"><ele>455</ele></trkpt>
   <trkpt lat="47.024806" lon="8.632244"><ele>455</ele></trkpt>
   <trkpt lat="47.024468" lon="8.632253"><ele>455</ele></trkpt>
   <trkpt lat="47.02424" lon="8.632244"><ele>455</ele></trkpt>
   <trkpt lat="47.024018" lon="8.632222"><ele>454.75</ele></trkpt>
   <trkpt lat="47.023762" lon="8.632181"><ele>454.5</ele></trkpt>
   <trkpt lat="47.023508" lon="8.632125"><ele>454</ele></trkpt>
   <trkpt lat="47.023502" lon="8.632123"><ele>454</ele></trkpt>
   <trkpt lat="47.023149" lon="8.632013"><ele>454</ele></trkpt>
   <trkpt lat="47.022934" lon="8.63193"><ele>453.75</ele></trkpt>
   <trkpt lat="47.022581" lon="8.631762"><ele>453</ele></trkpt>
   <trkpt lat="47.022425" lon="8.631673"><ele>453</ele></trkpt>
   <trkpt lat="47.02213" lon="8.631489"><ele>452</ele></trkpt>
   <trkpt lat="47.021884" lon="8.63131"><ele>452.25</ele></trkpt>
   <trkpt lat="47.021393" lon="8.630918"><ele>451.25</ele></trkpt>
   <trkpt lat="47.02123" lon="8.630785"><ele>451.25</ele></trkpt>
   <trkpt lat="47.020673" lon="8.630348"><ele>450.25</ele></trkpt>
   <trkpt lat="47.020359" lon="8.630139"><ele>450</ele></trkpt>
   <trkpt lat="47.020107" lon="8.629947"><ele>449.75</ele></trkpt>
   <trkpt lat="47.019991" lon="8.629856"><ele>450</ele></trkpt>
   <trkpt lat="47.019807" lon="8.629714"><ele>450</ele></trkpt>
   <trkpt lat="47.019432" lon="8.629469"><ele>449.75</ele></trkpt>
   <trkpt lat="47.019209" lon="8.629308"><ele>448.75</ele></trkpt>
   <trkpt lat="47.01888" lon="8.629058"><ele>448.5</ele></trkpt>
   <trkpt lat="47.018713" lon="8.628933"><ele>446.75</ele></trkpt>
   <trkpt lat="47.018535" lon="8.628796"><ele>446.5</ele></trkpt>
   <trkpt lat="47.017955" lon="8.628345"><ele>447.5</ele></trkpt>
   <trkpt lat="47.017249" lon="8.627773"><ele>446</ele></trkpt>
   <trkpt lat="47.016539" lon="8.627159"><ele>445.5</ele></trkpt>
   <trkpt lat="47.016342" lon="8.62698"><ele>445.5</ele></trkpt>
   <trkpt lat="47.015781" lon="8.626458"><ele>445.5</ele></trkpt>
   <trkpt lat="47.015015" lon="8.625738"><ele>445.25</ele></trkpt>
   <trkpt lat="47.014249" lon="8.625007"><ele>445.75</ele></trkpt>
   <trkpt lat="47.014177" lon="8.624937"><ele>446</ele></trkpt>
   <trkpt lat="47.013512" lon="8.624276"><ele>446</ele></trkpt>
   <trkpt lat="47.012766" lon="8.623529"><ele>446.5</ele></trkpt>
   <trkpt lat="47.012115" lon="8.622895"><ele>446</ele></trkpt>
   <trkpt lat="47.01165" lon="8.622444"><ele>446.75</ele></trkpt>
   <trkpt lat="47.011072" lon="8.621889"><ele>444.5</ele></trkpt>
   <trkpt lat="47.010015" lon="8.620909"><ele>445</ele></trkpt>
   <trkpt lat="47.009761" lon="8.620671"><ele>443.75</ele></trkpt>
   <trkpt lat="47.009013" lon="8.61995"><ele>442.75</ele></trkpt>
   <trkpt lat="47.008274" lon="8.619232"><ele>442.5</ele></trkpt>
   <trkpt lat="47.007886" lon="8.618856"><ele>442.25</ele></trkpt>
   <trkpt lat="47.007863" lon="8.618834"><ele>442.25</ele></trkpt>
   <trkpt lat="47.007479" lon="8.618462"><ele>443</ele></trkpt>
   <trkpt lat="47.006727" lon="8.617732"><ele>442</ele></trkpt>
   <trkpt lat="47.006475" lon="8.617488"><ele>441.25</ele></trkpt>
   <trkpt lat="47.006351" lon="8.617368"><ele>441.25</ele></trkpt>
   <trkpt lat="47.005937" lon="8.616966"><ele>441.75</ele></trkpt>
   <trkpt lat="47.005178" lon="8.616231"><ele>441</ele></trkpt>
   <trkpt lat="47.004413" lon="8.61549"><ele>440.75</ele></trkpt>
   <trkpt lat="47.003682" lon="8.614788"><ele>440</ele></trkpt>
   <trkpt lat="47.002884" lon="8.614036"><ele>439</ele></trkpt>
   <trkpt lat="47.002117" lon="8.613309"><ele>439</ele></trkpt>
   <trkpt lat="47.001706" lon="8.61292"><ele>438.25</ele></trkpt>
   <trkpt lat="47.001526" lon="8.612751"><ele>438.25</ele></trkpt>
   <trkpt lat="47.001344" lon="8.612578"><ele>438.5</ele></trkpt>
   <trkpt lat="47.000749" lon="8.612015"><ele>438.5</ele></trkpt>
   <trkpt lat="46.999322" lon="8.610669"><ele>438</ele></trkpt>
   <trkpt lat="46.998131" lon="8.609544"><ele>437.5</ele></trkpt>
   <trkpt lat="46.997943" lon="8.609351"><ele>437.5</ele></trkpt>
   <trkpt lat="46.997651" lon="8.609064"><ele>437</ele></trkpt>
   <trkpt lat="46.997505" lon="8.60893"><ele>437.5</ele></trkpt>
   <trkpt lat="46.997124" lon="8.60863"><ele>437</ele></trkpt>
   <trkpt lat="46.996729" lon="8.608391"><ele>437.25</ele></trkpt>
   <trkpt lat="46.996664" lon="8.608363"><ele>437.75</ele></trkpt>
   <trkpt lat="46.996324" lon="8.608217"><ele>435.25</ele></trkpt>
   <trkpt lat="46.995946" lon="8.608115"><ele>437.75</ele></trkpt>
   <trkpt lat="46.995532" lon="8.608041"><ele>439.75</ele></trkpt>
   <trkpt lat="46.995189" lon="8.608007"><ele>441.5</ele></trkpt>
   <trkpt lat="46.994937" lon="8.608001"><ele>443</ele></trkpt>
   <trkpt lat="46.994763" lon="8.60801"><ele>443.75</ele></trkpt>
   <trkpt lat="46.994457" lon="8.60806"><ele>443.75</ele></trkpt>
   <trkpt lat="46.994093" lon="8.608174"><ele>444</ele></trkpt>
   <trkpt lat="46.993858" lon="8.608286"><ele>444.25</ele></trkpt>
   <trkpt lat="46.993629" lon="8.608422"><ele>444.25</ele></trkpt>
   <trkpt lat="46.993421" lon="8.608578"><ele>444.5</ele></trkpt>
   <trkpt lat="46.993213" lon="8.608755"><ele>444.5</ele></trkpt>
   <trkpt lat="46.992807" lon="8.60918"><ele>444.75</ele></trkpt>
   <trkpt lat="46.992457" lon="8.609599"><ele>445</ele></trkpt>
   <trkpt lat="46.99208" lon="8.609994"><ele>445.25</ele></trkpt>
   <trkpt lat="46.991868" lon="8.61016"><ele>445.5</ele></trkpt>
   <trkpt lat="46.991655" lon="8.61031"><ele>445.5</ele></trkpt>
   <trkpt lat="46.991372" lon="8.610469"><ele>445.75</ele></trkpt>
   <trkpt lat="46.988167" lon="8.61227"><ele>447.75</ele></trkpt>
   <trkpt lat="46.98741" lon="8.612558"><ele>448</ele></trkpt>
   <trkpt lat="46.986632" lon="8.612769"><ele>448.5</ele></trkpt>
   <trkpt lat="46.985983" lon="8.612826"><ele>449</ele></trkpt>
   <trkpt lat="46.985345" lon="8.612838"><ele>449.25</ele></trkpt>
   <trkpt lat="46.984766" lon="8.612785"><ele>449.5</ele></trkpt>
   <trkpt lat="46.984219" lon="8.612673"><ele>449.75</ele></trkpt>
   <trkpt lat="46.982888" lon="8.612244"><ele>450.5</ele></trkpt>
   <trkpt lat="46.982188" lon="8.611952"><ele>450.75</ele></trkpt>
   <trkpt lat="46.981467" lon="8.611629"><ele>452</ele></trkpt>
   <trkpt lat="46.981122" lon="8.611503"><ele>453.75</ele></trkpt>
   <trkpt lat="46.980739" lon="8.611415"><ele>450.5</ele></trkpt>
   <trkpt lat="46.980347" lon="8.611372"><ele>449.5</ele></trkpt>
   <trkpt lat="46.979988" lon="8.611406"><ele>451.75</ele></trkpt>
   <trkpt lat="46.979727" lon="8.611446"><ele>454</ele></trkpt>
   <trkpt lat="46.97939" lon="8.611535"><ele>454.25</ele></trkpt>
   <trkpt lat="46.979202" lon="8.611598"><ele>452</ele></trkpt>
   <trkpt lat="46.979152" lon="8.611615"><ele>452.75</ele></trkpt>
   <trkpt lat="46.979061" lon="8.611646"><ele>452.5</ele></trkpt>
   <trkpt lat="46.97852" lon="8.611841"><ele>452.5</ele></trkpt>
   <trkpt lat="46.978027" lon="8.611978"><ele>452.25</ele></trkpt>
   <trkpt lat="46.977648" lon="8.612057"><ele>452.25</ele></trkpt>
   <trkpt lat="46.977138" lon="8.612116"><ele>452.25</ele></trkpt>
   <trkpt lat="46.976731" lon="8.612126"><ele>452</ele></trkpt>
   <trkpt lat="46.975505" lon="8.612064"><ele>451.75</ele></trkpt>
   <trkpt lat="46.974832" lon="8.612054"><ele>451.5</ele></trkpt>
   <trkpt lat="46.974245" lon="8.612116"><ele>451.5</ele></trkpt>
   <trkpt lat="46.973596" lon="8.612243"><ele>451.25</ele></trkpt>
   <trkpt lat="46.972813" lon="8.612504"><ele>451</ele></trkpt>
   <trkpt lat="46.972036" lon="8.612844"><ele>451</ele></trkpt>
   <trkpt lat="46.95941" lon="8.618988"><ele>447.75</ele></trkpt>
   <trkpt lat="46.958614" lon="8.619339"><ele>447.5</ele></trkpt>
   <trkpt lat="46.958024" lon="8.619525"><ele>447.5</ele></trkpt>
   <trkpt lat="46.957488" lon="8.619638"><ele>447.25</ele></trkpt>
   <trkpt lat="46.956867" lon="8.619687"><ele>447</ele></trkpt>
   <trkpt lat="46.956081" lon="8.619675"><ele>447</ele></trkpt>
   <trkpt lat="46.955626" lon="8.619634"><ele>446.75</ele></trkpt>
   <trkpt lat="46.95528" lon="8.619632"><ele>446.75</ele></trkpt>
   <trkpt lat="46.95501" lon="8.619671"><ele>446.75</ele></trkpt>
   <trkpt lat="46.954803" lon="8.619721"><ele>446.5</ele></trkpt>
   <trkpt lat="46.954793" lon="8.619724"><ele>446.5</ele></trkpt>
   <trkpt lat="46.954692" lon="8.619761"><ele>446.5</ele></trkpt>
   <trkpt lat="46.954478" lon="8.619853"><ele>446.5</ele></trkpt>
   <trkpt lat="46.954232" lon="8.619997"><ele>445.5</ele></trkpt>
   <trkpt lat="46.953939" lon="8.620206"><ele>444.75</ele></trkpt>
   <trkpt lat="46.95335" lon="8.620652"><ele>444.5</ele></trkpt>
   <trkpt lat="46.953173" lon="8.620778"><ele>444.75</ele></trkpt>
   <trkpt lat="46.953023" lon="8.620869"><ele>445.5</ele></trkpt>
   <trkpt lat="46.95297" lon="8.620899"><ele>444.75</ele></trkpt>
   <trkpt lat="46.952838" lon="8.620967"><ele>444</ele></trkpt>
   <trkpt lat="46.952613" lon="8.621058"><ele>444.5</ele></trkpt>
   <trkpt lat="46.952507" lon="8.621092"><ele>445.25</ele></trkpt>
   <trkpt lat="46.952291" lon="8.621139"><ele>445.75</ele></trkpt>
   <trkpt lat="46.952183" lon="8.621154"><ele>445.5</ele></trkpt>
   <trkpt lat="46.951941" lon="8.621162"><ele>445.5</ele></trkpt>
   <trkpt lat="46.951688" lon="8.621139"><ele>446</ele></trkpt>
   <trkpt lat="46.951185" lon="8.621039"><ele>446</ele></trkpt>
   <trkpt lat="46.951103" lon="8.621022"><ele>446.25</ele></trkpt>
   <trkpt lat="46.949583" lon="8.620691"><ele>443.75</ele></trkpt>
   <trkpt lat="46.949505" lon="8.620677"><ele>443</ele></trkpt>
   <trkpt lat="46.949326" lon="8.620656"><ele>444</ele></trkpt>
   <trkpt lat="46.949096" lon="8.620647"><ele>445.75</ele></trkpt>
   <trkpt lat="46.948882" lon="8.62066"><ele>445.5</ele></trkpt>
   <trkpt lat="46.948762" lon="8.620676"><ele>444.25</ele></trkpt>
   <trkpt lat="46.948567" lon="8.620719"><ele>443.25</ele></trkpt>
   <trkpt lat="46.948462" lon="8.620748"><ele>443.75</ele></trkpt>
   <trkpt lat="46.948213" lon="8.620843"><ele>445.5</ele></trkpt>
   <trkpt lat="46.948028" lon="8.620933"><ele>444.5</ele></trkpt>
   <trkpt lat="46.947795" lon="8.621071"><ele>445</ele></trkpt>
   <trkpt lat="46.947381" lon="8.621359"><ele>444.75</ele></trkpt>
   <trkpt lat="46.947038" lon="8.621583"><ele>444.75</ele></trkpt>
   <trkpt lat="46.946655" lon="8.621796"><ele>444.75</ele></trkpt>
   <trkpt lat="46.946272" lon="8.621933"><ele>444.75</ele></trkpt>
   <trkpt lat="46.945891" lon="8.62201"><ele>444.75</ele></trkpt>
   <trkpt lat="46.945226" lon="8.622074"><ele>444.75</ele></trkpt>
   <trkpt lat="46.931174" lon="8.623103"><ele>444</ele></trkpt>
   <trkpt lat="46.917128" lon="8.624144"><ele>443.25</ele></trkpt>
   <trkpt lat="46.916869" lon="8.624167"><ele>443.5</ele></trkpt>
   <trkpt lat="46.916418" lon="8.624207"><ele>443.25</ele></trkpt>
   <trkpt lat="46.916234" lon="8.624214"><ele>443.25</ele></trkpt>
   <trkpt lat="46.915991" lon="8.624195"><ele>443.25</ele></trkpt>
   <trkpt lat="46.915839" lon="8.624173"><ele>443</ele></trkpt>
   <trkpt lat="46.915615" lon="8.624117"><ele>445</ele></trkpt>
   <trkpt lat="46.915548" lon="8.624093"><ele>444.75</ele></trkpt>
   <trkpt lat="46.91519" lon="8.623918"><ele>444.5</ele></trkpt>
   <trkpt lat="46.91497" lon="8.623772"><ele>444.25</ele></trkpt>
   <trkpt lat="46.914717" lon="8.623576"><ele>444.25</ele></trkpt>
   <trkpt lat="46.91452" lon="8.623375"><ele>444.25</ele></trkpt>
   <trkpt lat="46.91402" lon="8.622774"><ele>445.5</ele></trkpt>
   <trkpt lat="46.913787" lon="8.622516"><ele>444.25</ele></trkpt>
   <trkpt lat="46.913608" lon="8.622341"><ele>444.25</ele></trkpt>
   <trkpt lat="46.913409" lon="8.62218"><ele>443.75</ele></trkpt>
   <trkpt lat="46.913243" lon="8.622068"><ele>443</ele></trkpt>
   <trkpt lat="46.913149" lon="8.622015"><ele>442.75</ele></trkpt>
   <trkpt lat="46.912947" lon="8.621914"><ele>442</ele></trkpt>
   <trkpt lat="46.91285" lon="8.621876"><ele>442</ele></trkpt>
   <trkpt lat="46.912656" lon="8.621817"><ele>442</ele></trkpt>
   <trkpt lat="46.912328" lon="8.621763"><ele>442</ele></trkpt>
   <trkpt lat="46.912139" lon="8.621757"><ele>441.75</ele></trkpt>
   <trkpt lat="46.911873" lon="8.621778"><ele>441.75</ele></trkpt>
   <trkpt lat="46.91166" lon="8.621813"><ele>442</ele></trkpt>
   <trkpt lat="46.911604" lon="8.621822"><ele>441.75</ele></trkpt>
   <trkpt lat="46.911253" lon="8.621921"><ele>440.25</ele></trkpt>
   <trkpt lat="46.910783" lon="8.622118"><ele>439.5</ele></trkpt>
   <trkpt lat="46.91032" lon="8.622337"><ele>438.5</ele></trkpt>
   <trkpt lat="46.909966" lon="8.622559"><ele>437.75</ele></trkpt>
   <trkpt lat="46.909905" lon="8.622605"><ele>437.75</ele></trkpt>
   <trkpt lat="46.909689" lon="8.622786"><ele>437.75</ele></trkpt>
   <trkpt lat="46.909461" lon="8.623022"><ele>438.75</ele></trkpt>
   <trkpt lat="46.908721" lon="8.623979"><ele>438.75</ele></trkpt>
   <trkpt lat="46.908716" lon="8.623985"><ele>438.75</ele></trkpt>
   <trkpt lat="46.908546" lon="8.624178"><ele>438.5</ele></trkpt>
   <trkpt lat="46.908364" lon="8.624352"><ele>437.75</ele></trkpt>
   <trkpt lat="46.908218" lon="8.624468"><ele>437.75</ele></trkpt>
   <trkpt lat="46.907989" lon="8.624617"><ele>437.25</ele></trkpt>
   <trkpt lat="46.907749" lon="8.624747"><ele>436.75</ele></trkpt>
   <trkpt lat="46.907553" lon="8.62483"><ele>436.25</ele></trkpt>
   <trkpt lat="46.907308" lon="8.624913"><ele>435</ele></trkpt>
   <trkpt lat="46.906959" lon="8.625007"><ele>435.75</ele></trkpt>
   <trkpt lat="46.906605" lon="8.625078"><ele>435.75</ele></trkpt>
   <trkpt lat="46.906239" lon="8.625126"><ele>435.5</ele></trkpt>
   <trkpt lat="46.905793" lon="8.625179"><ele>436.25</ele></trkpt>
   <trkpt lat="46.905528" lon="8.625213"><ele>434.75</ele></trkpt>
   <trkpt lat="46.90513" lon="8.625233"><ele>435.75</ele></trkpt>
   <trkpt lat="46.904837" lon="8.625222"><ele>435.5</ele></trkpt>
   <trkpt lat="46.904545" lon="8.625177"><ele>435</ele></trkpt>
   <trkpt lat="46.904415" lon="8.625148"><ele>435</ele></trkpt>
   <trkpt lat="46.904098" lon="8.625058"><ele>435</ele></trkpt>
   <trkpt lat="46.903815" lon="8.624962"><ele>434.75</ele></trkpt>
   <trkpt lat="46.903429" lon="8.62486"><ele>434.5</ele></trkpt>
   <trkpt lat="46.902978" lon="8.624752"><ele>435</ele></trkpt>
   <trkpt lat="46.902798" lon="8.624707"><ele>435</ele></trkpt>
   <trkpt lat="46.902581" lon="8.62467"><ele>435</ele></trkpt>
   <trkpt lat="46.902567" lon="8.624669"><ele>435</ele></trkpt>
   <trkpt lat="46.902309" lon="8.62465"><ele>435.25</ele></trkpt>
   <trkpt lat="46.901686" lon="8.624646"><ele>435.25</ele></trkpt>
   <trkpt lat="46.900438" lon="8.624638"><ele>435.25</ele></trkpt>
   <trkpt lat="46.899686" lon="8.624624"><ele>435.25</ele></trkpt>
   <trkpt lat="46.898416" lon="8.624576"><ele>435.5</ele></trkpt>
   <trkpt lat="46.898083" lon="8.624575"><ele>435.5</ele></trkpt>
   <trkpt lat="46.897821" lon="8.624585"><ele>435.25</ele></trkpt>
   <trkpt lat="46.897626" lon="8.624596"><ele>435.25</ele></trkpt>
   <trkpt lat="46.897288" lon="8.624632"><ele>435.25</ele></trkpt>
   <trkpt lat="46.896933" lon="8.624687"><ele>435</ele></trkpt>
   <trkpt lat="46.89648" lon="8.624787"><ele>435.75</ele></trkpt>
   <trkpt lat="46.895956" lon="8.624937"><ele>435</ele></trkpt>
   <trkpt lat="46.895734" lon="8.625"><ele>435.25</ele></trkpt>
   <trkpt lat="46.895257" lon="8.625107"><ele>435.25</ele></trkpt>
   <trkpt lat="46.895022" lon="8.625175"><ele>432.5</ele></trkpt>
   <trkpt lat="46.895015" lon="8.625178"><ele>432.5</ele></trkpt>
   <trkpt lat="46.89488" lon="8.625223"><ele>433.75</ele></trkpt>
   <trkpt lat="46.894818" lon="8.625243"><ele>434.5</ele></trkpt>
   <trkpt lat="46.894089" lon="8.625478"><ele>435</ele></trkpt>
   <trkpt lat="46.894051" lon="8.625491"><ele>435.25</ele></trkpt>
   <trkpt lat="46.894028" lon="8.625498"><ele>435.25</ele></trkpt>
   <trkpt lat="46.893477" lon="8.625639"><ele>435.75</ele></trkpt>
   <trkpt lat="46.893265" lon="8.625698"><ele>435.75</ele></trkpt>
   <trkpt lat="46.893204" lon="8.625718"><ele>435.75</ele></trkpt>
   <trkpt lat="46.890396" lon="8.626639"><ele>437</ele></trkpt>
   <trkpt lat="46.890394" lon="8.62664"><ele>437</ele></trkpt>
   <trkpt lat="46.890392" lon="8.626641"><ele>437</ele></trkpt>
   <trkpt lat="46.888784" lon="8.627167"><ele>437.75</ele></trkpt>
   <trkpt lat="46.88675" lon="8.627832"><ele>438.75</ele></trkpt>
   <trkpt lat="46.882676" lon="8.629164"><ele>440.75</ele></trkpt>
   <trkpt lat="46.882311" lon="8.6293"><ele>440.25</ele></trkpt>
   <trkpt lat="46.88189" lon="8.629469"><ele>441.75</ele></trkpt>
   <trkpt lat="46.881591" lon="8.629576"><ele>440.75</ele></trkpt>
   <trkpt lat="46.881388" lon="8.629642"><ele>441</ele></trkpt>
   <trkpt lat="46.880699" lon="8.629868"><ele>442.25</ele></trkpt>
   <trkpt lat="46.879953" lon="8.630106"><ele>444.5</ele></trkpt>
   <trkpt lat="46.879644" lon="8.630201"><ele>445</ele></trkpt>
   <trkpt lat="46.879452" lon="8.630261"><ele>444.75</ele></trkpt>
   <trkpt lat="46.878939" lon="8.630429"><ele>445.5</ele></trkpt>
   <trkpt lat="46.878202" lon="8.630699"><ele>446.75</ele></trkpt>
   <trkpt lat="46.877962" lon="8.630779"><ele>446.75</ele></trkpt>
   <trkpt lat="46.877915" lon="8.630794"><ele>446.75</ele></trkpt>
   <trkpt lat="46.877838" lon="8.630819"><ele>446.75</ele></trkpt>
   <trkpt lat="46.877011" lon="8.631051"><ele>447</ele></trkpt>
   <trkpt lat="46.876206" lon="8.631292"><ele>447</ele></trkpt>
   <trkpt lat="46.875285" lon="8.631593"><ele>447.5</ele></trkpt>
   <trkpt lat="46.875148" lon="8.631639"><ele>447.75</ele></trkpt>
   <trkpt lat="46.872146" lon="8.632624"><ele>448</ele></trkpt>
   <trkpt lat="46.870743" lon="8.633122"><ele>449.25</ele></trkpt>
   <trkpt lat="46.870098" lon="8.63334"><ele>450</ele></trkpt>
   <trkpt lat="46.870008" lon="8.633371"><ele>450</ele></trkpt>
   <trkpt lat="46.869077" lon="8.633674"><ele>450.75</ele></trkpt>
   <trkpt lat="46.865652" lon="8.634795"><ele>452.75</ele></trkpt>
   <trkpt lat="46.863776" lon="8.635443"><ele>455.75</ele></trkpt>
   <trkpt lat="46.863571" lon="8.635513"><ele>454.75</ele></trkpt>
   <trkpt lat="46.863055" lon="8.635681"><ele>456.75</ele></trkpt>
   <trkpt lat="46.86285" lon="8.635748"><ele>456.75</ele></trkpt>
   <trkpt lat="46.862328" lon="8.635919"><ele>456</ele></trkpt>
   <trkpt lat="46.861063" lon="8.636335"><ele>454</ele></trkpt>
   <trkpt lat="46.859586" lon="8.636823"><ele>451.25</ele></trkpt>
   <trkpt lat="46.859347" lon="8.636901"><ele>451</ele></trkpt>
   <trkpt lat="46.859229" lon="8.63694"><ele>453.5</ele></trkpt>
   <trkpt lat="46.857718" lon="8.637441"><ele>454.25</ele></trkpt>
   <trkpt lat="46.856774" lon="8.637772"><ele>454</ele></trkpt>
   <trkpt lat="46.855805" lon="8.638131"><ele>454</ele></trkpt>
   <trkpt lat="46.8558" lon="8.638133"><ele>454</ele></trkpt>
   <trkpt lat="46.854068" lon="8.638784"><ele>454</ele></trkpt>
   <trkpt lat="46.853596" lon="8.638962"><ele>454.75</ele></trkpt>
   <trkpt lat="46.852939" lon="8.639212"><ele>454.5</ele></trkpt>
   <trkpt lat="46.852816" lon="8.639258"><ele>454.5</ele></trkpt>
   <trkpt lat="46.852737" lon="8.639288"><ele>454.5</ele></trkpt>
   <trkpt lat="46.85211" lon="8.639506"><ele>454.75</ele></trkpt>
   <trkpt lat="46.851004" lon="8.639845"><ele>455</ele></trkpt>
   <trkpt lat="46.850486" lon="8.640028"><ele>455</ele></trkpt>
   <trkpt lat="46.849817" lon="8.640281"><ele>455.75</ele></trkpt>
   <trkpt lat="46.84635" lon="8.641588"><ele>456</ele></trkpt>
   <trkpt lat="46.84629" lon="8.641611"><ele>456</ele></trkpt>
   <trkpt lat="46.845827" lon="8.641787"><ele>456</ele></trkpt>
   <trkpt lat="46.845718" lon="8.641828"><ele>456</ele></trkpt>
   <trkpt lat="46.844955" lon="8.642124"><ele>456.75</ele></trkpt>
   <trkpt lat="46.844047" lon="8.642501"><ele>456.75</ele></trkpt>
   <trkpt lat="46.843693" lon="8.642657"><ele>457</ele></trkpt>
   <trkpt lat="46.842921" lon="8.643012"><ele>457.75</ele></trkpt>
   <trkpt lat="46.842511" lon="8.643209"><ele>456.75</ele></trkpt>
   <trkpt lat="46.840873" lon="8.644024"><ele>457.75</ele></trkpt>
   <trkpt lat="46.840749" lon="8.644085"><ele>458</ele></trkpt>
   <trkpt lat="46.840743" lon="8.644088"><ele>458</ele></trkpt>
   <trkpt lat="46.840574" lon="8.644173"><ele>457.75</ele></trkpt>
   <trkpt lat="46.84024" lon="8.644332"><ele>458.5</ele></trkpt>
   <trkpt lat="46.839335" lon="8.644722"><ele>458.25</ele></trkpt>
   <trkpt lat="46.838541" lon="8.645088"><ele>459</ele></trkpt>
   <trkpt lat="46.838453" lon="8.645131"><ele>459</ele></trkpt>
   <trkpt lat="46.8383" lon="8.645207"><ele>458.75</ele></trkpt>
   <trkpt lat="46.835541" lon="8.646567"><ele>457.75</ele></trkpt>
   <trkpt lat="46.834392" lon="8.647145"><ele>457.5</ele></trkpt>
   <trkpt lat="46.832791" lon="8.648025"><ele>457</ele></trkpt>
   <trkpt lat="46.82946" lon="8.650196"><ele>456</ele></trkpt>
   <trkpt lat="46.828355" lon="8.651015"><ele>455.5</ele></trkpt>
   <trkpt lat="46.826856" lon="8.652241"><ele>455</ele></trkpt>
   <trkpt lat="46.825878" lon="8.653094"><ele>454.75</ele></trkpt>
   <trkpt lat="46.824836" lon="8.654068"><ele>454.5</ele></trkpt>
   <trkpt lat="46.823881" lon="8.655"><ele>454</ele></trkpt>
   <trkpt lat="46.822865" lon="8.656062"><ele>453.75</ele></trkpt>
   <trkpt lat="46.821952" lon="8.657056"><ele>453.25</ele></trkpt>
   <trkpt lat="46.820618" lon="8.658628"><ele>452.75</ele></trkpt>
   <trkpt lat="46.815128" lon="8.665531"><ele>450.75</ele></trkpt>
   <trkpt lat="46.812498" lon="8.668349"><ele>449.75</ele></trkpt>
   <trkpt lat="46.809772" lon="8.671088"><ele>449</ele></trkpt>
   <trkpt lat="46.805408" lon="8.67453"><ele>447.5</ele></trkpt>
   <trkpt lat="46.692135" lon="8.758671"><ele>411</ele></trkpt>
   <trkpt lat="46.685967" lon="8.762922"><ele>409</ele></trkpt>
   <trkpt lat="46.680732" lon="8.765405"><ele>407.5</ele></trkpt>
   <trkpt lat="46.679331" lon="8.765998"><ele>407</ele></trkpt>
   <trkpt lat="46.676712" lon="8.766918"><ele>406.25</ele></trkpt>
   <trkpt lat="46.673069" lon="8.767933"><ele>405.25</ele></trkpt>
   <trkpt lat="46.670973" lon="8.7684"><ele>404.75</ele></trkpt>
   <trkpt lat="46.669832" lon="8.768705"><ele>404.25</ele></trkpt>
   <trkpt lat="46.668336" lon="8.769345"><ele>404</ele></trkpt>
   <trkpt lat="46.667327" lon="8.769776"><ele>403.5</ele></trkpt>
   <trkpt lat="46.666021" lon="8.770126"><ele>403.25</ele></trkpt>
   <trkpt lat="46.665623" lon="8.770217"><ele>403</ele></trkpt>
   <trkpt lat="46.66009" lon="8.771478"><ele>401.5</ele></trkpt>
   <trkpt lat="46.65527" lon="8.772243"><ele>400</ele></trkpt>
   <trkpt lat="46.650322" lon="8.772309"><ele>398.75</ele></trkpt>
   <trkpt lat="46.582409" lon="8.769238"><ele>379.25</ele></trkpt>
   <trkpt lat="46.578398" lon="8.769213"><ele>378</ele></trkpt>
   <trkpt lat="46.574497" lon="8.769516"><ele>377</ele></trkpt>
   <trkpt lat="46.571123" lon="8.770237"><ele>376</ele></trkpt>
   <trkpt lat="46.567829" lon="8.771237"><ele>375</ele></trkpt>
   <trkpt lat="46.564655" lon="8.772427"><ele>374</ele></trkpt>
   <trkpt lat="46.526846" lon="8.788289"><ele>362.75</ele></trkpt>
   <trkpt lat="46.523672" lon="8.789708"><ele>361.75</ele></trkpt>
   <trkpt lat="46.520537" lon="8.791491"><ele>361</ele></trkpt>
   <trkpt lat="46.517563" lon="8.793701"><ele>360</ele></trkpt>
   <trkpt lat="46.514708" lon="8.79609"><ele>359</ele></trkpt>
   <trkpt lat="46.502045" lon="8.807478"><ele>354.75</ele></trkpt>
   <trkpt lat="46.493958" lon="8.814727"><ele>352</ele></trkpt>
   <trkpt lat="46.493083" lon="8.815511"><ele>351.75</ele></trkpt>
   <trkpt lat="46.381601" lon="8.915326"><ele>314.25</ele></trkpt>
   <trkpt lat="46.37732" lon="8.919529"><ele>312.75</ele></trkpt>
   <trkpt lat="46.374455" lon="8.92298"><ele>311.75</ele></trkpt>
   <trkpt lat="46.373062" lon="8.92489"><ele>311</ele></trkpt>
   <trkpt lat="46.372547" lon="8.925597"><ele>311</ele></trkpt>
   <trkpt lat="46.370939" lon="8.92786"><ele>311</ele></trkpt>
   <trkpt lat="46.370703" lon="8.928193"><ele>310.5</ele></trkpt>
   <trkpt lat="46.37013" lon="8.928963"><ele>310</ele></trkpt>
   <trkpt lat="46.369543" lon="8.929733"><ele>308.5</ele></trkpt>
   <trkpt lat="46.369178" lon="8.930229"><ele>309.25</ele></trkpt>
   <trkpt lat="46.369013" lon="8.930462"><ele>309.25</ele></trkpt>
   <trkpt lat="46.369006" lon="8.930473"><ele>309.25</ele></trkpt>
   <trkpt lat="46.368956" lon="8.930543"><ele>309.5</ele></trkpt>
   <trkpt lat="46.368009" lon="8.931883"><ele>307</ele></trkpt>
   <trkpt lat="46.367539" lon="8.932571"><ele>305.75</ele></trkpt>
   <trkpt lat="46.366855" lon="8.933614"><ele>304.25</ele></trkpt>
   <trkpt lat="46.366528" lon="8.934138"><ele>304.5</ele></trkpt>
   <trkpt lat="46.365933" lon="8.93514"><ele>303</ele></trkpt>
   <trkpt lat="46.365633" lon="8.93567"><ele>303.25</ele></trkpt>
   <trkpt lat="46.365332" lon="8.936221"><ele>302.75</ele></trkpt>
   <trkpt lat="46.365032" lon="8.936791"><ele>302.25</ele></trkpt>
   <trkpt lat="46.364747" lon="8.93735"><ele>301.75</ele></trkpt>
   <trkpt lat="46.364465" lon="8.937923"><ele>301.75</ele></trkpt>
   <trkpt lat="46.364189" lon="8.938506"><ele>300.75</ele></trkpt>
   <trkpt lat="46.363926" lon="8.939082"><ele>299.75</ele></trkpt>
   <trkpt lat="46.363659" lon="8.939687"><ele>299.75</ele></trkpt>
   <trkpt lat="46.363403" lon="8.940289"><ele>298.75</ele></trkpt>
   <trkpt lat="46.36315" lon="8.94091"><ele>298.75</ele></trkpt>
   <trkpt lat="46.362907" lon="8.941529"><ele>298</ele></trkpt>
   <trkpt lat="46.362685" lon="8.942118"><ele>298.25</ele></trkpt>
   <trkpt lat="46.362455" lon="8.942751"><ele>298</ele></trkpt>
   <trkpt lat="46.362034" lon="8.943983"><ele>296.75</ele></trkpt>
   <trkpt lat="46.36118" lon="8.946522"><ele>296.75</ele></trkpt>
   <trkpt lat="46.360966" lon="8.947137"><ele>297.5</ele></trkpt>
   <trkpt lat="46.360738" lon="8.947768"><ele>297.25</ele></trkpt>
   <trkpt lat="46.36029" lon="8.948939"><ele>296.5</ele></trkpt>
   <trkpt lat="46.360044" lon="8.949546"><ele>296.25</ele></trkpt>
   <trkpt lat="46.359783" lon="8.950163"><ele>296.5</ele></trkpt>
   <trkpt lat="46.359513" lon="8.95078"><ele>296</ele></trkpt>
   <trkpt lat="46.35924" lon="8.951381"><ele>295.75</ele></trkpt>
   <trkpt lat="46.358972" lon="8.95195"><ele>295.75</ele></trkpt>
   <trkpt lat="46.35871" lon="8.952488"><ele>295.5</ele></trkpt>
   <trkpt lat="46.358435" lon="8.953025"><ele>295.5</ele></trkpt>
   <trkpt lat="46.358203" lon="8.953474"><ele>295.5</ele></trkpt>
   <trkpt lat="46.357902" lon="8.954029"><ele>295.25</ele></trkpt>
   <trkpt lat="46.357655" lon="8.954478"><ele>295</ele></trkpt>
   <trkpt lat="46.357242" lon="8.955194"><ele>295</ele></trkpt>
   <trkpt lat="46.356951" lon="8.95568"><ele>295</ele></trkpt>
   <trkpt lat="46.356647" lon="8.956168"><ele>294.25</ele></trkpt>
   <trkpt lat="46.356317" lon="8.956689"><ele>293.5</ele></trkpt>
   <trkpt lat="46.355676" lon="8.957657"><ele>292</ele></trkpt>
   <trkpt lat="46.355004" lon="8.958584"><ele>290.75</ele></trkpt>
   <trkpt lat="46.35442" lon="8.959353"><ele>290.75</ele></trkpt>
   <trkpt lat="46.353604" lon="8.960358"><ele>290.75</ele></trkpt>
   <trkpt lat="46.352833" lon="8.961242"><ele>290</ele></trkpt>
   <trkpt lat="46.352454" lon="8.961653"><ele>289.75</ele></trkpt>
   <trkpt lat="46.352064" lon="8.962061"><ele>289.25</ele></trkpt>
   <trkpt lat="46.35127" lon="8.962855"><ele>289.25</ele></trkpt>
   <trkpt lat="46.350869" lon="8.963233"><ele>288.75</ele></trkpt>
   <trkpt lat="46.35045" lon="8.963613"><ele>288.5</ele></trkpt>
   <trkpt lat="46.349628" lon="8.96432"><ele>287.5</ele></trkpt>
   <trkpt lat="46.349195" lon="8.96467"><ele>287.75</ele></trkpt>
   <trkpt lat="46.348769" lon="8.965001"><ele>287.75</ele></trkpt>
   <trkpt lat="46.348338" lon="8.965324"><ele>287.25</ele></trkpt>
   <trkpt lat="46.347912" lon="8.96563"><ele>286.5</ele></trkpt>
   <trkpt lat="46.347904" lon="8.965636"><ele>286.5</ele></trkpt>
   <trkpt lat="46.347092" lon="8.966202"><ele>286.5</ele></trkpt>
   <trkpt lat="46.345721" lon="8.96714"><ele>285.5</ele></trkpt>
   <trkpt lat="46.345669" lon="8.967176"><ele>285.75</ele></trkpt>
   <trkpt lat="46.345662" lon="8.96718"><ele>286</ele></trkpt>
   <trkpt lat="46.345197" lon="8.967499"><ele>285.75</ele></trkpt>
   <trkpt lat="46.339301" lon="8.971533"><ele>280.25</ele></trkpt>
   <trkpt lat="46.338035" lon="8.972411"><ele>280</ele></trkpt>
   <trkpt lat="46.337127" lon="8.973074"><ele>279.75</ele></trkpt>
   <trkpt lat="46.335357" lon="8.974436"><ele>278.5</ele></trkpt>
   <trkpt lat="46.334486" lon="8.975097"><ele>278</ele></trkpt>
   <trkpt lat="46.333635" lon="8.975732"><ele>277.75</ele></trkpt>
   <trkpt lat="46.332733" lon="8.976388"><ele>277.75</ele></trkpt>
   <trkpt lat="46.331839" lon="8.977015"><ele>276.5</ele></trkpt>
   <trkpt lat="46.331373" lon="8.977329"><ele>275.75</ele></trkpt>
   <trkpt lat="46.330915" lon="8.977627"><ele>275.5</ele></trkpt>
   <trkpt lat="46.329527" lon="8.978495"><ele>275</ele></trkpt>
   <trkpt lat="46.32831" lon="8.979272"><ele>272</ele></trkpt>
   <trkpt lat="46.32751" lon="8.9798"><ele>274</ele></trkpt>
   <trkpt lat="46.327352" lon="8.979902"><ele>277.75</ele></trkpt>
   <trkpt lat="46.326501" lon="8.980471"><ele>278.25</ele></trkpt>
   <trkpt lat="46.325802" lon="8.980907"><ele>273.75</ele></trkpt>
   <trkpt lat="46.325496" lon="8.98109"><ele>273.75</ele></trkpt>
   <trkpt lat="46.325107" lon="8.981309"><ele>273.5</ele></trkpt>
   <trkpt lat="46.324608" lon="8.981577"><ele>273.75</ele></trkpt>
   <trkpt lat="46.321675" lon="8.983114"><ele>270.5</ele></trkpt>
   <trkpt lat="46.318676" lon="8.984681"><ele>271</ele></trkpt>
   <trkpt lat="46.317627" lon="8.985171"><ele>269.75</ele></trkpt>
   <trkpt lat="46.317062" lon="8.985324"><ele>270.25</ele></trkpt>
   <trkpt lat="46.316413" lon="8.985404"><ele>269</ele></trkpt>
   <trkpt lat="46.315783" lon="8.985386"><ele>269</ele></trkpt>
   <trkpt lat="46.314001" lon="8.985097"><ele>271.75</ele></trkpt>
   <trkpt lat="46.313528" lon="8.985057"><ele>271.5</ele></trkpt>
   <trkpt lat="46.312827" lon="8.985133"><ele>271.25</ele></trkpt>
   <trkpt lat="46.312159" lon="8.985293"><ele>271</ele></trkpt>
   <trkpt lat="46.311586" lon="8.985532"><ele>271</ele></trkpt>
   <trkpt lat="46.310915" lon="8.985913"><ele>271.25</ele></trkpt>
   <trkpt lat="46.310398" lon="8.986299"><ele>270</ele></trkpt>
   <trkpt lat="46.310247" lon="8.986437"><ele>269.25</ele></trkpt>
   <trkpt lat="46.3101" lon="8.986572"><ele>269</ele></trkpt>
   <trkpt lat="46.309973" lon="8.986689"><ele>270</ele></trkpt>
   <trkpt lat="46.30949" lon="8.987208"><ele>269</ele></trkpt>
   <trkpt lat="46.307902" lon="8.989162"><ele>267.25</ele></trkpt>
   <trkpt lat="46.307442" lon="8.989678"><ele>267.5</ele></trkpt>
   <trkpt lat="46.307026" lon="8.990071"><ele>266.5</ele></trkpt>
   <trkpt lat="46.306627" lon="8.990371"><ele>266</ele></trkpt>
   <trkpt lat="46.306224" lon="8.990643"><ele>265.75</ele></trkpt>
   <trkpt lat="46.304845" lon="8.991318"><ele>264.5</ele></trkpt>
   <trkpt lat="46.303915" lon="8.99176"><ele>263.5</ele></trkpt>
   <trkpt lat="46.303823" lon="8.991803"><ele>263.5</ele></trkpt>
   <trkpt lat="46.302939" lon="8.992266"><ele>263.75</ele></trkpt>
   <trkpt lat="46.301929" lon="8.992741"><ele>264.5</ele></trkpt>
   <trkpt lat="46.301322" lon="8.993043"><ele>264</ele></trkpt>
   <trkpt lat="46.300756" lon="8.99338"><ele>262.5</ele></trkpt>
   <trkpt lat="46.300282" lon="8.993678"><ele>264</ele></trkpt>
   <trkpt lat="46.299269" lon="8.994312"><ele>264</ele></trkpt>
   <trkpt lat="46.296774" lon="8.995839"><ele>263.25</ele></trkpt>
   <trkpt lat="46.295745" lon="8.996468"><ele>263</ele></trkpt>
   <trkpt lat="46.294909" lon="8.996957"><ele>263.25</ele></trkpt>
   <trkpt lat="46.294183" lon="8.997284"><ele>262.75</ele></trkpt>
   <trkpt lat="46.293116" lon="8.997751"><ele>262.25</ele></trkpt>
   <trkpt lat="46.292977" lon="8.997812"><ele>263</ele></trkpt>
   <trkpt lat="46.292514" lon="8.998002"><ele>261.75</ele></trkpt>
   <trkpt lat="46.292198" lon="8.998114"><ele>262.5</ele></trkpt>
   <trkpt lat="46.291829" lon="8.998265"><ele>261</ele></trkpt>
   <trkpt lat="46.289176" lon="8.999423"><ele>260</ele></trkpt>
   <trkpt lat="46.28856" lon="8.999718"><ele>259.75</ele></trkpt>
   <trkpt lat="46.287907" lon="9.000103"><ele>258.75</ele></trkpt>
   <trkpt lat="46.278951" lon="9.005828"><ele>256</ele></trkpt>
   <trkpt lat="46.278417" lon="9.006197"><ele>253.5</ele></trkpt>
   <trkpt lat="46.277887" lon="9.006638"><ele>252.75</ele></trkpt>
   <trkpt lat="46.274136" lon="9.010015"><ele>252.5</ele></trkpt>
   <trkpt lat="46.273193" lon="9.010988"><ele>252.25</ele></trkpt>
   <trkpt lat="46.271338" lon="9.013055"><ele>251.25</ele></trkpt>
   <trkpt lat="46.270762" lon="9.013673"><ele>251.75</ele></trkpt>
   <trkpt lat="46.270316" lon="9.014053"><ele>251.5</ele></trkpt>
   <trkpt lat="46.270005" lon="9.014298"><ele>251</ele></trkpt>
   <trkpt lat="46.269673" lon="9.014511"><ele>251.25</ele></trkpt>
   <trkpt lat="46.269237" lon="9.01477"><ele>251</ele></trkpt>
   <trkpt lat="46.268823" lon="9.014966"><ele>252.25</ele></trkpt>
   <trkpt lat="46.268039" lon="9.015239"><ele>253.25</ele></trkpt>
   <trkpt lat="46.267206" lon="9.01536"><ele>255.25</ele></trkpt>
   <trkpt lat="46.260124" lon="9.016156"><ele>250</ele></trkpt>
   <trkpt lat="46.256897" lon="9.016517"><ele>248.25</ele></trkpt>
   <trkpt lat="46.25318" lon="9.016925"><ele>249.75</ele></trkpt>
   <trkpt lat="46.252648" lon="9.016992"><ele>250</ele></trkpt>
   <trkpt lat="46.252304" lon="9.01705"><ele>250</ele></trkpt>
   <trkpt lat="46.251906" lon="9.017147"><ele>249.25</ele></trkpt>
   <trkpt lat="46.251594" lon="9.017249"><ele>249.5</ele></trkpt>
   <trkpt lat="46.251086" lon="9.017432"><ele>249.25</ele></trkpt>
   <trkpt lat="46.250554" lon="9.017691"><ele>249.25</ele></trkpt>
   <trkpt lat="46.249985" lon="9.018007"><ele>249.25</ele></trkpt>
   <trkpt lat="46.249689" lon="9.018205"><ele>248.75</ele></trkpt>
   <trkpt lat="46.249277" lon="9.018507"><ele>248.75</ele></trkpt>
   <trkpt lat="46.248907" lon="9.018806"><ele>249</ele></trkpt>
   <trkpt lat="46.248699" lon="9.018999"><ele>249</ele></trkpt>
   <trkpt lat="46.248265" lon="9.019432"><ele>248.75</ele></trkpt>
   <trkpt lat="46.248045" lon="9.019668"><ele>248.25</ele></trkpt>
   <trkpt lat="46.247299" lon="9.020613"><ele>247</ele></trkpt>
   <trkpt lat="46.246776" lon="9.0214"><ele>247.25</ele></trkpt>
   <trkpt lat="46.246178" lon="9.022526"><ele>247.25</ele></trkpt>
   <trkpt lat="46.244065" lon="9.027384"><ele>242.75</ele></trkpt>
   <trkpt lat="46.243614" lon="9.028346"><ele>244.75</ele></trkpt>
   <trkpt lat="46.243231" lon="9.029009"><ele>243.25</ele></trkpt>
   <trkpt lat="46.242851" lon="9.029609"><ele>243.75</ele></trkpt>
   <trkpt lat="46.242125" lon="9.03056"><ele>243.25</ele></trkpt>
   <trkpt lat="46.24136" lon="9.031366"><ele>243.25</ele></trkpt>
   <trkpt lat="46.237847" lon="9.034813"><ele>243</ele></trkpt>
   <trkpt lat="46.236028" lon="9.0366"><ele>241</ele></trkpt>
   <trkpt lat="46.235835" lon="9.036788"><ele>240.75</ele></trkpt>
   <trkpt lat="46.233858" lon="9.038727"><ele>239.5</ele></trkpt>
   <trkpt lat="46.233417" lon="9.039125"><ele>240</ele></trkpt>
   <trkpt lat="46.233189" lon="9.039313"><ele>240</ele></trkpt>
   <trkpt lat="46.232956" lon="9.039493"><ele>240</ele></trkpt>
   <trkpt lat="46.232669" lon="9.039696"><ele>240.25</ele></trkpt>
   <trkpt lat="46.232155" lon="9.040016"><ele>239.75</ele></trkpt>
   <trkpt lat="46.231759" lon="9.040224"><ele>239.75</ele></trkpt>
   <trkpt lat="46.231356" lon="9.040407"><ele>238.75</ele></trkpt>
   <trkpt lat="46.230889" lon="9.040581"><ele>240</ele></trkpt>
   <trkpt lat="46.230412" lon="9.040728"><ele>239</ele></trkpt>
   <trkpt lat="46.230114" lon="9.040789"><ele>239.5</ele></trkpt>
   <trkpt lat="46.229793" lon="9.040843"><ele>239.25</ele></trkpt>
   <trkpt lat="46.22944" lon="9.040885"><ele>239</ele></trkpt>
   <trkpt lat="46.228446" lon="9.040966"><ele>239.5</ele></trkpt>
   <trkpt lat="46.226549" lon="9.041121"><ele>240.5</ele></trkpt>
   <trkpt lat="46.226319" lon="9.041142"><ele>240</ele></trkpt>
   <trkpt lat="46.226092" lon="9.041176"><ele>240</ele></trkpt>
   <trkpt lat="46.225942" lon="9.04121"><ele>240.25</ele></trkpt>
   <trkpt lat="46.225648" lon="9.04126"><ele>240.5</ele></trkpt>
   <trkpt lat="46.224941" lon="9.04132"><ele>240.5</ele></trkpt>
   <trkpt lat="46.224803" lon="9.041332"><ele>240.5</ele></trkpt>
   <trkpt lat="46.22396" lon="9.0414"><ele>240</ele></trkpt>
   <trkpt lat="46.223903" lon="9.041406"><ele>240</ele></trkpt>
   <trkpt lat="46.223643" lon="9.041427"><ele>240.75</ele></trkpt>
   <trkpt lat="46.221222" lon="9.041624"><ele>240.5</ele></trkpt>
   <trkpt lat="46.221196" lon="9.041626"><ele>240.5</ele></trkpt>
   <trkpt lat="46.220147" lon="9.041756"><ele>240</ele></trkpt>
   <trkpt lat="46.219678" lon="9.041795"><ele>238.5</ele></trkpt>
   <trkpt lat="46.218839" lon="9.041861"><ele>238.25</ele></trkpt>
   <trkpt lat="46.21866" lon="9.041866"><ele>241</ele></trkpt>
   <trkpt lat="46.218344" lon="9.041856"><ele>241</ele></trkpt>
   <trkpt lat="46.218078" lon="9.04182"><ele>240.5</ele></trkpt>
   <trkpt lat="46.217816" lon="9.041753"><ele>241.5</ele></trkpt>
   <trkpt lat="46.217681" lon="9.041705"><ele>241.5</ele></trkpt>
   <trkpt lat="46.217422" lon="9.041593"><ele>241.25</ele></trkpt>
   <trkpt lat="46.21718" lon="9.041461"><ele>241.75</ele></trkpt>
   <trkpt lat="46.215557" lon="9.040423"><ele>240.5</ele></trkpt>
   <trkpt lat="46.215425" lon="9.040338"><ele>240.75</ele></trkpt>
   <trkpt lat="46.215064" lon="9.040121"><ele>241.75</ele></trkpt>
   <trkpt lat="46.214815" lon="9.039991"><ele>242.5</ele></trkpt>
   <trkpt lat="46.214491" lon="9.039858"><ele>241.25</ele></trkpt>
   <trkpt lat="46.214126" lon="9.039774"><ele>241</ele></trkpt>
   <trkpt lat="46.213938" lon="9.039752"><ele>241</ele></trkpt>
   <trkpt lat="46.213768" lon="9.039748"><ele>241</ele></trkpt>
   <trkpt lat="46.213553" lon="9.03976"><ele>241</ele></trkpt>
   <trkpt lat="46.213313" lon="9.039797"><ele>240.5</ele></trkpt>
   <trkpt lat="46.212885" lon="9.039913"><ele>240.75</ele></trkpt>
   <trkpt lat="46.212306" lon="9.040103"><ele>240.5</ele></trkpt>
   <trkpt lat="46.212216" lon="9.040133"><ele>240.5</ele></trkpt>
   <trkpt lat="46.211703" lon="9.0403"><ele>240.75</ele></trkpt>
   <trkpt lat="46.211624" lon="9.040324"><ele>240.5</ele></trkpt>
   <trkpt lat="46.211496" lon="9.040361"><ele>240.25</ele></trkpt>
   <trkpt lat="46.21114" lon="9.040443"><ele>240</ele></trkpt>
   <trkpt lat="46.210965" lon="9.040492"><ele>240.25</ele></trkpt>
   <trkpt lat="46.210736" lon="9.040567"><ele>240.75</ele></trkpt>
   <trkpt lat="46.210182" lon="9.040718"><ele>238.75</ele></trkpt>
   <trkpt lat="46.209839" lon="9.040782"><ele>239.25</ele></trkpt>
   <trkpt lat="46.209191" lon="9.040867"><ele>239.75</ele></trkpt>
   <trkpt lat="46.209135" lon="9.04087"><ele>239.75</ele></trkpt>
   <trkpt lat="46.208852" lon="9.04087"><ele>240</ele></trkpt>
   <trkpt lat="46.208707" lon="9.04086"><ele>240</ele></trkpt>
   <trkpt lat="46.208587" lon="9.040841"><ele>239.75</ele></trkpt>
   <trkpt lat="46.208388" lon="9.040793"><ele>239.5</ele></trkpt>
   <trkpt lat="46.207976" lon="9.040636"><ele>239.75</ele></trkpt>
   <trkpt lat="46.207307" lon="9.040403"><ele>240.5</ele></trkpt>
   <trkpt lat="46.207201" lon="9.040359"><ele>241.25</ele></trkpt>
   <trkpt lat="46.206903" lon="9.040211"><ele>239.5</ele></trkpt>
   <trkpt lat="46.20651" lon="9.040036"><ele>240</ele></trkpt>
   <trkpt lat="46.206247" lon="9.039904"><ele>238.75</ele></trkpt>
   <trkpt lat="46.206053" lon="9.039785"><ele>240</ele></trkpt>
   <trkpt lat="46.205892" lon="9.039674"><ele>239.5</ele></trkpt>
   <trkpt lat="46.204689" lon="9.038823"><ele>240</ele></trkpt>
   <trkpt lat="46.201774" lon="9.036753"><ele>240</ele></trkpt>
   <trkpt lat="46.201159" lon="9.036306"><ele>238.75</ele></trkpt>
   <trkpt lat="46.201052" lon="9.036227"><ele>238.5</ele></trkpt>
   <trkpt lat="46.200936" lon="9.036126"><ele>238.75</ele></trkpt>
   <trkpt lat="46.200461" lon="9.035683"><ele>239</ele></trkpt>
   <trkpt lat="46.200176" lon="9.035413"><ele>239</ele></trkpt>
   <trkpt lat="46.199883" lon="9.035138"><ele>239.5</ele></trkpt>
   <trkpt lat="46.19958" lon="9.034846"><ele>240</ele></trkpt>
   <trkpt lat="46.199456" lon="9.034709"><ele>239.75</ele></trkpt>
   <trkpt lat="46.199389" lon="9.034629"><ele>240</ele></trkpt>
   <trkpt lat="46.198505" lon="9.033579"><ele>240</ele></trkpt>
   <trkpt lat="46.198052" lon="9.033041"><ele>240</ele></trkpt>
   <trkpt lat="46.197961" lon="9.032933"><ele>240</ele></trkpt>
   <trkpt lat="46.197128" lon="9.032018"><ele>240</ele></trkpt>
   <trkpt lat="46.197028" lon="9.031898"><ele>240</ele></trkpt>
   <trkpt lat="46.19694" lon="9.031801"><ele>240</ele></trkpt>
   <trkpt lat="46.196811" lon="9.031677"><ele>240</ele></trkpt>
   <trkpt lat="46.19668" lon="9.031483"><ele>240</ele></trkpt>
   <trkpt lat="46.195179" lon="9.029709"><ele>240.25</ele></trkpt>
   <trkpt lat="46.194351" lon="9.028725"><ele>240.5</ele></trkpt>
   <trkpt lat="46.194079" lon="9.028355"><ele>241</ele></trkpt>
   <trkpt lat="46.193842" lon="9.028016"><ele>240</ele></trkpt>
   <trkpt lat="46.193719" lon="9.027839"><ele>239.25</ele></trkpt>
   <trkpt lat="46.19363" lon="9.027706"><ele>238.5</ele></trkpt>
   <trkpt lat="46.193553" lon="9.027593"><ele>240.25</ele></trkpt>
   <trkpt lat="46.193377" lon="9.027359"><ele>240.25</ele></trkpt>
   <trkpt lat="46.192878" lon="9.026788"><ele>243</ele></trkpt>
   <trkpt lat="46.192393" lon="9.026231"><ele>240.75</ele></trkpt>
   <trkpt lat="46.191839" lon="9.025548"><ele>238.5</ele></trkpt>
   <trkpt lat="46.191508" lon="9.025181"><ele>237.25</ele></trkpt>
   <trkpt lat="46.191015" lon="9.024742"><ele>235.25</ele></trkpt>
   <trkpt lat="46.190527" lon="9.024397"><ele>233.5</ele></trkpt>
   <trkpt lat="46.190213" lon="9.024193"><ele>232.5</ele></trkpt>
   <trkpt lat="46.189313" lon="9.023631"><ele>232.5</ele></trkpt>
   <trkpt lat="46.189207" lon="9.023563"><ele>232</ele></trkpt>
   <trkpt lat="46.189064" lon="9.023469"><ele>232.5</ele></trkpt>
   <trkpt lat="46.188922" lon="9.02338"><ele>233.75</ele></trkpt>
   <trkpt lat="46.188629" lon="9.023184"><ele>234.25</ele></trkpt>
   <trkpt lat="46.188089" lon="9.022803"><ele>236</ele></trkpt>
   <trkpt lat="46.187989" lon="9.022741"><ele>237.5</ele></trkpt>
   <trkpt lat="46.187746" lon="9.022564"><ele>237.75</ele></trkpt>
   <trkpt lat="46.187478" lon="9.022336"><ele>235</ele></trkpt>
   <trkpt lat="46.187243" lon="9.0221"><ele>234.5</ele></trkpt>
   <trkpt lat="46.186757" lon="9.021535"><ele>233.5</ele></trkpt>
   <trkpt lat="46.185179" lon="9.019622"><ele>229.25</ele></trkpt>
   <trkpt lat="46.184836" lon="9.019203"><ele>228.75</ele></trkpt>
   <trkpt lat="46.1841" lon="9.018284"><ele>228.5</ele></trkpt>
   <trkpt lat="46.183026" lon="9.016966"><ele>227.75</ele></trkpt>
   <trkpt lat="46.180011" lon="9.013289"><ele>224.5</ele></trkpt>
   <trkpt lat="46.179673" lon="9.012833"><ele>224.75</ele></trkpt>
   <trkpt lat="46.179076" lon="9.011896"><ele>226</ele></trkpt>
   <trkpt lat="46.178644" lon="9.01119"><ele>226</ele></trkpt>
   <trkpt lat="46.178328" lon="9.010685"><ele>226.25</ele></trkpt>
   <trkpt lat="46.178008" lon="9.0102"><ele>226.25</ele></trkpt>
   <trkpt lat="46.17782" lon="9.0099"><ele>227.25</ele></trkpt>
   <trkpt lat="46.177616" lon="9.009555"><ele>227.5</ele></trkpt>
   <trkpt lat="46.177443" lon="9.009252"><ele>227.5</ele></trkpt>
   <trkpt lat="46.177155" lon="9.008717"><ele>228</ele></trkpt>
   <trkpt lat="46.176928" lon="9.008313"><ele>228.25</ele></trkpt>
   <trkpt lat="46.176604" lon="9.00778"><ele>228</ele></trkpt>
   <trkpt lat="46.176166" lon="9.007001"><ele>229</ele></trkpt>
   <trkpt lat="46.175853" lon="9.006417"><ele>229</ele></trkpt>
   <trkpt lat="46.175649" lon="9.006063"><ele>229.5</ele></trkpt>
   <trkpt lat="46.174696" lon="9.004489"><ele>230</ele></trkpt>
   <trkpt lat="46.174248" lon="9.003763"><ele>229.75</ele></trkpt>
   <trkpt lat="46.173912" lon="9.00322"><ele>229.75</ele></trkpt>
   <trkpt lat="46.173358" lon="9.002326"><ele>229.75</ele></trkpt>
   <trkpt lat="46.172884" lon="9.001593"><ele>227.75</ele></trkpt>
   <trkpt lat="46.171462" lon="8.999485"><ele>228.75</ele></trkpt>
   <trkpt lat="46.170542" lon="8.998103"><ele>226</ele></trkpt>
   <trkpt lat="46.170307" lon="8.997721"><ele>225.75</ele></trkpt>
   <trkpt lat="46.169973" lon="8.997146"><ele>226.75</ele></trkpt>
   <trkpt lat="46.169552" lon="8.996372"><ele>225</ele></trkpt>
   <trkpt lat="46.168733" lon="8.994846"><ele>224.5</ele></trkpt>
   <trkpt lat="46.168272" lon="8.993983"><ele>224.25</ele></trkpt>
   <trkpt lat="46.167901" lon="8.993291"><ele>224</ele></trkpt>
   <trkpt lat="46.167763" lon="8.993049"><ele>224</ele></trkpt>
   <trkpt lat="46.166836" lon="8.991427"><ele>224</ele></trkpt>
   <trkpt lat="46.166652" lon="8.991083"><ele>223</ele></trkpt>
   <trkpt lat="46.165935" lon="8.989757"><ele>222</ele></trkpt>
   <trkpt lat="46.165678" lon="8.989309"><ele>222.75</ele></trkpt>
   <trkpt lat="46.165539" lon="8.98908"><ele>222.25</ele></trkpt>
   <trkpt lat="46.165344" lon="8.988781"><ele>222.75</ele></trkpt>
   <trkpt lat="46.165122" lon="8.988464"><ele>221.5</ele></trkpt>
   <trkpt lat="46.164837" lon="8.988095"><ele>221.25</ele></trkpt>
   <trkpt lat="46.164447" lon="8.987643"><ele>221.25</ele></trkpt>
   <trkpt lat="46.164103" lon="8.987292"><ele>221.25</ele></trkpt>
   <trkpt lat="46.163825" lon="8.987037"><ele>221</ele></trkpt>
   <trkpt lat="46.163667" lon="8.986904"><ele>221</ele></trkpt>
   <trkpt lat="46.163345" lon="8.986652"><ele>221</ele></trkpt>
   <trkpt lat="46.163144" lon="8.986509"><ele>221</ele></trkpt>
   <trkpt lat="46.162743" lon="8.986255"><ele>220.75</ele></trkpt>
   <trkpt lat="46.16261" lon="8.986179"><ele>220.75</ele></trkpt>
   <trkpt lat="46.162237" lon="8.985988"><ele>220.75</ele></trkpt>
   <trkpt lat="46.161962" lon="8.985867"><ele>220.75</ele></trkpt>
   <trkpt lat="46.16165" lon="8.985748"><ele>220.75</ele></trkpt>
   <trkpt lat="46.161215" lon="8.985616"><ele>220.5</ele></trkpt>
   <trkpt lat="46.160795" lon="8.985524"><ele>220.5</ele></trkpt>
   <trkpt lat="46.160478" lon="8.985478"><ele>220.5</ele></trkpt>
   <trkpt lat="46.160177" lon="8.98545"><ele>220.25</ele></trkpt>
   <trkpt lat="46.159642" lon="8.985434"><ele>220.25</ele></trkpt>
   <trkpt lat="46.158987" lon="8.985455"><ele>220.25</ele></trkpt>
   <trkpt lat="46.158347" lon="8.985515"><ele>220</ele></trkpt>
   <trkpt lat="46.15771" lon="8.985614"><ele>220</ele></trkpt>
   <trkpt lat="46.157085" lon="8.985752"><ele>219.75</ele></trkpt>
   <trkpt lat="46.15661" lon="8.985882"><ele>219.75</ele></trkpt>
   <trkpt lat="46.15617" lon="8.98602"><ele>223.75</ele></trkpt>
   <trkpt lat="46.152862" lon="8.987143"><ele>255.75</ele></trkpt>
   <trkpt lat="46.150614" lon="8.987772"><ele>277.25</ele></trkpt>
   <trkpt lat="46.148984" lon="8.988165"><ele>292.75</ele></trkpt>
   <trkpt lat="46.146691" lon="8.988604"><ele>314.5</ele></trkpt>
   <trkpt lat="46.143992" lon="8.988963"><ele>340</ele></trkpt>
   <trkpt lat="46.140624" lon="8.989154"><ele>371.75</ele></trkpt>
   <trkpt lat="46.137522" lon="8.989068"><ele>400.75</ele></trkpt>
   <trkpt lat="46.134825" lon="8.988842"><ele>426</ele></trkpt>
   <trkpt lat="46.1331" lon="8.988572"><ele>442.5</ele></trkpt>
   <trkpt lat="46.131293" lon="8.988223"><ele>459.5</ele></trkpt>
   <trkpt lat="46.129112" lon="8.98769"><ele>480.25</ele></trkpt>
   <trkpt lat="46.126611" lon="8.986877"><ele>504.5</ele></trkpt>
   <trkpt lat="46.123061" lon="8.985516"><ele>538.75</ele></trkpt>
   <trkpt lat="46.120195" lon="8.984159"><ele>567</ele></trkpt>
   <trkpt lat="46.117062" lon="8.982354"><ele>598.75</ele></trkpt>
   <trkpt lat="46.114385" lon="8.980624"><ele>626.25</ele></trkpt>
   <trkpt lat="46.112114" lon="8.978972"><ele>650.25</ele></trkpt>
   <trkpt lat="46.11019" lon="8.977308"><ele>671.25</ele></trkpt>
   <trkpt lat="46.107564" lon="8.974947"><ele>700.5</ele></trkpt>
   <trkpt lat="46.106125" lon="8.97355"><ele>716.75</ele></trkpt>
   <trkpt lat="46.104198" lon="8.971581"><ele>739</ele></trkpt>
   <trkpt lat="46.102217" lon="8.969609"><ele>761.5</ele></trkpt>
   <trkpt lat="46.100021" lon="8.967658"><ele>785.75</ele></trkpt>
   <trkpt lat="46.098163" lon="8.966156"><ele>805.75</ele></trkpt>
   <trkpt lat="46.096558" lon="8.96494"><ele>822.75</ele></trkpt>
   <trkpt lat="46.094916" lon="8.963847"><ele>839.75</ele></trkpt>
   <trkpt lat="46.093225" lon="8.962762"><ele>857.25</ele></trkpt>
   <trkpt lat="46.091863" lon="8.962008"><ele>873.75</ele></trkpt>
   <trkpt lat="46.090248" lon="8.961149"><ele>893.25</ele></trkpt>
   <trkpt lat="46.088309" lon="8.960213"><ele>916.25</ele></trkpt>
   <trkpt lat="46.087044" lon="8.95968"><ele>904</ele></trkpt>
   <trkpt lat="46.085747" lon="8.959134"><ele>891.75</ele></trkpt>
   <trkpt lat="46.076961" lon="8.955661"><ele>808.5</ele></trkpt>
   <trkpt lat="46.07378" lon="8.954483"><ele>778.5</ele></trkpt>
   <trkpt lat="46.07051" lon="8.953483"><ele>747.75</ele></trkpt>
   <trkpt lat="46.045938" lon="8.946231"><ele>518.75</ele></trkpt>
   <trkpt lat="46.035105" lon="8.942189"><ele>416.5</ele></trkpt>
   <trkpt lat="46.034101" lon="8.941797"><ele>407</ele></trkpt>
   <trkpt lat="46.033283" lon="8.941328"><ele>398.75</ele></trkpt>
   <trkpt lat="46.032536" lon="8.940739"><ele>391</ele></trkpt>
   <trkpt lat="46.032038" lon="8.940244"><ele>385.5</ele></trkpt>
   <trkpt lat="46.03161" lon="8.939721"><ele>380.5</ele></trkpt>
   <trkpt lat="46.031145" lon="8.939101"><ele>374.5</ele></trkpt>
   <trkpt lat="46.030395" lon="8.937829"><ele>364</ele></trkpt>
   <trkpt lat="46.030135" lon="8.93734"><ele>360</ele></trkpt>
   <trkpt lat="46.029761" lon="8.936697"><ele>354.75</ele></trkpt>
   <trkpt lat="46.02934" lon="8.936158"><ele>349.5</ele></trkpt>
   <trkpt lat="46.028891" lon="8.935693"><ele>344.5</ele></trkpt>
   <trkpt lat="46.028318" lon="8.935258"><ele>338.5</ele></trkpt>
   <trkpt lat="46.027778" lon="8.934977"><ele>333.25</ele></trkpt>
   <trkpt lat="46.027259" lon="8.934815"><ele>328.5</ele></trkpt>
   <trkpt lat="46.026858" lon="8.934765"><ele>328.5</ele></trkpt>
   <trkpt lat="46.0257" lon="8.934688"><ele>328.5</ele></trkpt>
   <trkpt lat="46.02541" lon="8.93467"><ele>328.75</ele></trkpt>
   <trkpt lat="46.024619" lon="8.934668"><ele>329.5</ele></trkpt>
   <trkpt lat="46.024187" lon="8.934645"><ele>330.75</ele></trkpt>
   <trkpt lat="46.023779" lon="8.934607"><ele>332.25</ele></trkpt>
   <trkpt lat="46.023561" lon="8.934577"><ele>333</ele></trkpt>
   <trkpt lat="46.02322" lon="8.934507"><ele>333</ele></trkpt>
   <trkpt lat="46.023033" lon="8.934458"><ele>333</ele></trkpt>
   <trkpt lat="46.022754" lon="8.934369"><ele>332.75</ele></trkpt>
   <trkpt lat="46.022454" lon="8.934246"><ele>333.75</ele></trkpt>
   <trkpt lat="46.022244" lon="8.934138"><ele>334.5</ele></trkpt>
   <trkpt lat="46.022015" lon="8.934008"><ele>334.25</ele></trkpt>
   <trkpt lat="46.020814" lon="8.93329"><ele>335.75</ele></trkpt>
   <trkpt lat="46.020561" lon="8.933164"><ele>336.75</ele></trkpt>
   <trkpt lat="46.020398" lon="8.933095"><ele>336.5</ele></trkpt>
   <trkpt lat="46.02013" lon="8.933001"><ele>336.5</ele></trkpt>
   <trkpt lat="46.018945" lon="8.932663"><ele>340</ele></trkpt>
   <trkpt lat="46.018673" lon="8.932608"><ele>341.5</ele></trkpt>
   <trkpt lat="46.018539" lon="8.932594"><ele>341.5</ele></trkpt>
   <trkpt lat="46.018276" lon="8.932591"><ele>340.5</ele></trkpt>
   <trkpt lat="46.018014" lon="8.93263"><ele>340.5</ele></trkpt>
   <trkpt lat="46.017847" lon="8.932672"><ele>340.75</ele></trkpt>
   <trkpt lat="46.017709" lon="8.932722"><ele>341</ele></trkpt>
   <trkpt lat="46.017566" lon="8.932782"><ele>341</ele></trkpt>
   <trkpt lat="46.017416" lon="8.932861"><ele>342.75</ele></trkpt>
   <trkpt lat="46.017259" lon="8.932956"><ele>342.25</ele></trkpt>
   <trkpt lat="46.017144" lon="8.933043"><ele>342</ele></trkpt>
   <trkpt lat="46.01694" lon="8.933218"><ele>342.5</ele></trkpt>
   <trkpt lat="46.01671" lon="8.933455"><ele>343</ele></trkpt>
   <trkpt lat="46.016459" lon="8.933743"><ele>343</ele></trkpt>
   <trkpt lat="46.011648" lon="8.939356"><ele>346.75</ele></trkpt>
   <trkpt lat="46.01115" lon="8.939969"><ele>347</ele></trkpt>
   <trkpt lat="46.010968" lon="8.940271"><ele>347.25</ele></trkpt>
   <trkpt lat="46.010772" lon="8.940669"><ele>347.5</ele></trkpt>
   <trkpt lat="46.010571" lon="8.941236"><ele>347.75</ele></trkpt>
   <trkpt lat="46.010434" lon="8.941781"><ele>348</ele></trkpt>
   <trkpt lat="46.010186" lon="8.942937"><ele>348</ele></trkpt>
   <trkpt lat="46.010112" lon="8.943249"><ele>347.25</ele></trkpt>
   <trkpt lat="46.010005" lon="8.943605"><ele>341.25</ele></trkpt>
   <trkpt lat="46.009895" lon="8.94389"><ele>348</ele></trkpt>
   <trkpt lat="46.00973" lon="8.944224"><ele>343.25</ele></trkpt>
   <trkpt lat="46.009587" lon="8.944482"><ele>346.25</ele></trkpt>
   <trkpt lat="46.009482" lon="8.944647"><ele>341.75</ele></trkpt>
   <trkpt lat="46.009283" lon="8.944918"><ele>342.5</ele></trkpt>
   <trkpt lat="46.009104" lon="8.94512"><ele>341.25</ele></trkpt>
   <trkpt lat="46.009037" lon="8.945185"><ele>342</ele></trkpt>
   <trkpt lat="46.008817" lon="8.945367"><ele>341.25</ele></trkpt>
   <trkpt lat="46.008717" lon="8.945431"><ele>342</ele></trkpt>
   <trkpt lat="46.008523" lon="8.945536"><ele>337.75</ele></trkpt>
   <trkpt lat="46.008218" lon="8.945654"><ele>341.5</ele></trkpt>
   <trkpt lat="46.007933" lon="8.945735"><ele>339</ele></trkpt>
   <trkpt lat="46.007312" lon="8.945865"><ele>335</ele></trkpt>
   <trkpt lat="46.006685" lon="8.946016"><ele>335</ele></trkpt>
   <trkpt lat="46.005092" lon="8.946486"><ele>335</ele></trkpt>
   <trkpt lat="46.004427" lon="8.946693"><ele>335</ele></trkpt>
   <trkpt lat="46.002702" lon="8.947367"><ele>334.75</ele></trkpt>
   <trkpt lat="46.00251" lon="8.947428"><ele>334.5</ele></trkpt>
   <trkpt lat="46.002293" lon="8.947475"><ele>334</ele></trkpt>
   <trkpt lat="46.002089" lon="8.947493"><ele>333.5</ele></trkpt>
   <trkpt lat="46.001819" lon="8.947475"><ele>332.75</ele></trkpt>
   <trkpt lat="46.001683" lon="8.947451"><ele>332.75</ele></trkpt>
   <trkpt lat="46.00146" lon="8.947389"><ele>332</ele></trkpt>
   <trkpt lat="46.001356" lon="8.947348"><ele>331.75</ele></trkpt>
   <trkpt lat="46.001147" lon="8.947249"><ele>331.5</ele></trkpt>
   <trkpt lat="46.001014" lon="8.94717"><ele>331.25</ele></trkpt>
   <trkpt lat="46.000898" lon="8.947093"><ele>330.75</ele></trkpt>
   <trkpt lat="46.000723" lon="8.946954"><ele>330.5</ele></trkpt>
   <trkpt lat="46.000618" lon="8.946861"><ele>331.25</ele></trkpt>
   <trkpt lat="46.000488" lon="8.946728"><ele>331.75</ele></trkpt>
   <trkpt lat="46.000355" lon="8.946574"><ele>330.5</ele></trkpt>
   <trkpt lat="46.000253" lon="8.946439"><ele>328.75</ele></trkpt>
   <trkpt lat="46.000126" lon="8.946254"><ele>328.5</ele></trkpt>
   <trkpt lat="46.000044" lon="8.94612"><ele>329.25</ele></trkpt>
   <trkpt lat="45.99995" lon="8.945946"><ele>328.25</ele></trkpt>
   <trkpt lat="45.999857" lon="8.945755"><ele>327.25</ele></trkpt>
   <trkpt lat="45.999735" lon="8.945458"><ele>327.25</ele></trkpt>
   <trkpt lat="45.999619" lon="8.945158"><ele>321.75</ele></trkpt>
   <trkpt lat="45.999461" lon="8.94477"><ele>321.25</ele></trkpt>
   <trkpt lat="45.99935" lon="8.944473"><ele>324.25</ele></trkpt>
   <trkpt lat="45.999219" lon="8.944125"><ele>326.25</ele></trkpt>
   <trkpt lat="45.999155" lon="8.943974"><ele>325.75</ele></trkpt>
   <trkpt lat="45.999025" lon="8.943704"><ele>327</ele></trkpt>
   <trkpt lat="45.998819" lon="8.94336"><ele>326.75</ele></trkpt>
   <trkpt lat="45.998606" lon="8.943079"><ele>325</ele></trkpt>
   <trkpt lat="45.998431" lon="8.942888"><ele>326.75</ele></trkpt>
   <trkpt lat="45.998167" lon="8.942657"><ele>327</ele></trkpt>
   <trkpt lat="45.997977" lon="8.942523"><ele>324</ele></trkpt>
   <trkpt lat="45.997711" lon="8.942379"><ele>322.25</ele></trkpt>
   <trkpt lat="45.997489" lon="8.942293"><ele>321</ele></trkpt>
   <trkpt lat="45.997389" lon="8.942264"><ele>321.75</ele></trkpt>
   <trkpt lat="45.99723" lon="8.942229"><ele>322</ele></trkpt>
   <trkpt lat="45.997017" lon="8.942198"><ele>323.5</ele></trkpt>
   <trkpt lat="45.994876" lon="8.942045"><ele>317</ele></trkpt>
   <trkpt lat="45.994511" lon="8.941965"><ele>318</ele></trkpt>
   <trkpt lat="45.994208" lon="8.941852"><ele>316.25</ele></trkpt>
   <trkpt lat="45.993913" lon="8.941703"><ele>315</ele></trkpt>
   <trkpt lat="45.993585" lon="8.941493"><ele>312.5</ele></trkpt>
   <trkpt lat="45.992723" lon="8.940861"><ele>313.75</ele></trkpt>
   <trkpt lat="45.992497" lon="8.940719"><ele>315.5</ele></trkpt>
   <trkpt lat="45.992323" lon="8.94063"><ele>313.5</ele></trkpt>
   <trkpt lat="45.992009" lon="8.94052"><ele>311.25</ele></trkpt>
   <trkpt lat="45.99186" lon="8.940487"><ele>310.5</ele></trkpt>
   <trkpt lat="45.991694" lon="8.940464"><ele>309.5</ele></trkpt>
   <trkpt lat="45.991488" lon="8.940461"><ele>307.75</ele></trkpt>
   <trkpt lat="45.99131" lon="8.940471"><ele>307</ele></trkpt>
   <trkpt lat="45.991085" lon="8.940513"><ele>307.75</ele></trkpt>
   <trkpt lat="45.990841" lon="8.94059"><ele>307.5</ele></trkpt>
   <trkpt lat="45.990662" lon="8.940676"><ele>306.5</ele></trkpt>
   <trkpt lat="45.9905" lon="8.940764"><ele>306</ele></trkpt>
   <trkpt lat="45.990373" lon="8.940845"><ele>305.5</ele></trkpt>
   <trkpt lat="45.990171" lon="8.940996"><ele>304.5</ele></trkpt>
   <trkpt lat="45.990043" lon="8.941113"><ele>304</ele></trkpt>
   <trkpt lat="45.989844" lon="8.941324"><ele>304</ele></trkpt>
   <trkpt lat="45.989685" lon="8.941529"><ele>304.75</ele></trkpt>
   <trkpt lat="45.989536" lon="8.94175"><ele>304.75</ele></trkpt>
   <trkpt lat="45.989401" lon="8.941989"><ele>305.75</ele></trkpt>
   <trkpt lat="45.989283" lon="8.942233"><ele>305.5</ele></trkpt>
   <trkpt lat="45.989176" lon="8.942497"><ele>305.75</ele></trkpt>
   <trkpt lat="45.989084" lon="8.942773"><ele>305.75</ele></trkpt>
   <trkpt lat="45.989044" lon="8.942916"><ele>305.75</ele></trkpt>
   <trkpt lat="45.989007" lon="8.943059"><ele>305.5</ele></trkpt>
   <trkpt lat="45.988947" lon="8.943352"><ele>305.75</ele></trkpt>
   <trkpt lat="45.988904" lon="8.943657"><ele>305.75</ele></trkpt>
   <trkpt lat="45.988877" lon="8.943962"><ele>305.5</ele></trkpt>
   <trkpt lat="45.988871" lon="8.944112"><ele>305.5</ele></trkpt>
   <trkpt lat="45.98887" lon="8.944422"><ele>305.5</ele></trkpt>
   <trkpt lat="45.988888" lon="8.944732"><ele>305</ele></trkpt>
   <trkpt lat="45.988922" lon="8.945038"><ele>304.25</ele></trkpt>
   <trkpt lat="45.988972" lon="8.945339"><ele>305.5</ele></trkpt>
   <trkpt lat="45.989048" lon="8.945668"><ele>306.25</ele></trkpt>
   <trkpt lat="45.989392" lon="8.946905"><ele>302</ele></trkpt>
   <trkpt lat="45.989446" lon="8.947124"><ele>299.5</ele></trkpt>
   <trkpt lat="45.989478" lon="8.947281"><ele>298.25</ele></trkpt>
   <trkpt lat="45.989547" lon="8.947693"><ele>298.25</ele></trkpt>
   <trkpt lat="45.989564" lon="8.947841"><ele>298.25</ele></trkpt>
   <trkpt lat="45.989589" lon="8.94817"><ele>299</ele></trkpt>
   <trkpt lat="45.989596" lon="8.948487"><ele>300.25</ele></trkpt>
   <trkpt lat="45.989594" lon="8.948652"><ele>300</ele></trkpt>
   <trkpt lat="45.989581" lon="8.94896"><ele>300.25</ele></trkpt>
   <trkpt lat="45.989566" lon="8.949126"><ele>300.5</ele></trkpt>
   <trkpt lat="45.989547" lon="8.949297"><ele>300.75</ele></trkpt>
   <trkpt lat="45.98949" lon="8.949661"><ele>298.5</ele></trkpt>
   <trkpt lat="45.989455" lon="8.949843"><ele>298.5</ele></trkpt>
   <trkpt lat="45.989405" lon="8.950051"><ele>300.25</ele></trkpt>
   <trkpt lat="45.989354" lon="8.950244"><ele>301.5</ele></trkpt>
   <trkpt lat="45.989283" lon="8.950476"><ele>299.75</ele></trkpt>
   <trkpt lat="45.98913" lon="8.95091"><ele>297.75</ele></trkpt>
   <trkpt lat="45.989093" lon="8.951005"><ele>297</ele></trkpt>
   <trkpt lat="45.988954" lon="8.951318"><ele>295.75</ele></trkpt>
   <trkpt lat="45.988678" lon="8.95184"><ele>295.75</ele></trkpt>
   <trkpt lat="45.988425" lon="8.95231"><ele>298</ele></trkpt>
   <trkpt lat="45.988146" lon="8.952752"><ele>297.25</ele></trkpt>
   <trkpt lat="45.987873" lon="8.953118"><ele>296.5</ele></trkpt>
   <trkpt lat="45.987528" lon="8.953558"><ele>295.75</ele></trkpt>
   <trkpt lat="45.987154" lon="8.953935"><ele>295</ele></trkpt>
   <trkpt lat="45.98682" lon="8.954229"><ele>294.5</ele></trkpt>
   <trkpt lat="45.986475" lon="8.95449"><ele>293.75</ele></trkpt>
   <trkpt lat="45.986196" lon="8.954671"><ele>293.25</ele></trkpt>
   <trkpt lat="45.985932" lon="8.954821"><ele>292.75</ele></trkpt>
   <trkpt lat="45.985296" lon="8.955092"><ele>291.75</ele></trkpt>
   <trkpt lat="45.984944" lon="8.955193"><ele>291.25</ele></trkpt>
   <trkpt lat="45.984611" lon="8.955267"><ele>290.5</ele></trkpt>
   <trkpt lat="45.984133" lon="8.955322"><ele>289.75</ele></trkpt>
   <trkpt lat="45.983676" lon="8.955322"><ele>289</ele></trkpt>
   <trkpt lat="45.981886" lon="8.955286"><ele>286.25</ele></trkpt>
   <trkpt lat="45.981341" lon="8.955269"><ele>286.25</ele></trkpt>
   <trkpt lat="45.981039" lon="8.955268"><ele>285.75</ele></trkpt>
   <trkpt lat="45.98072" lon="8.955317"><ele>285.5</ele></trkpt>
   <trkpt lat="45.980393" lon="8.955405"><ele>287.25</ele></trkpt>
   <trkpt lat="45.979901" lon="8.955515"><ele>289</ele></trkpt>
   <trkpt lat="45.979247" lon="8.955697"><ele>286.25</ele></trkpt>
   <trkpt lat="45.978998" lon="8.95574"><ele>286</ele></trkpt>
   <trkpt lat="45.978654" lon="8.955777"><ele>286</ele></trkpt>
   <trkpt lat="45.978199" lon="8.955767"><ele>286</ele></trkpt>
   <trkpt lat="45.977723" lon="8.955664"><ele>285.5</ele></trkpt>
   <trkpt lat="45.97738" lon="8.955516"><ele>283.25</ele></trkpt>
   <trkpt lat="45.976759" lon="8.955171"><ele>283</ele></trkpt>
   <trkpt lat="45.97644" lon="8.954948"><ele>283.75</ele></trkpt>
   <trkpt lat="45.976173" lon="8.954705"><ele>283</ele></trkpt>
   <trkpt lat="45.975459" lon="8.954003"><ele>283</ele></trkpt>
   <trkpt lat="45.975137" lon="8.953705"><ele>281.5</ele></trkpt>
   <trkpt lat="45.974855" lon="8.953498"><ele>281</ele></trkpt>
   <trkpt lat="45.974072" lon="8.952984"><ele>282</ele></trkpt>
   <trkpt lat="45.973846" lon="8.952824"><ele>282.5</ele></trkpt>
   <trkpt lat="45.973653" lon="8.952664"><ele>282.5</ele></trkpt>
   <trkpt lat="45.973441" lon="8.95245"><ele>281.5</ele></trkpt>
   <trkpt lat="45.973283" lon="8.952268"><ele>280.25</ele></trkpt>
   <trkpt lat="45.97315" lon="8.952101"><ele>279.75</ele></trkpt>
   <trkpt lat="45.972578" lon="8.951338"><ele>278.25</ele></trkpt>
   <trkpt lat="45.972345" lon="8.951072"><ele>278</ele></trkpt>
   <trkpt lat="45.972128" lon="8.950865"><ele>278.25</ele></trkpt>
   <trkpt lat="45.971984" lon="8.950742"><ele>278.5</ele></trkpt>
   <trkpt lat="45.970545" lon="8.949596"><ele>276</ele></trkpt>
   <trkpt lat="45.970396" lon="8.949484"><ele>277.5</ele></trkpt>
   <trkpt lat="45.970097" lon="8.949289"><ele>276.5</ele></trkpt>
   <trkpt lat="45.969818" lon="8.949141"><ele>278.5</ele></trkpt>
   <trkpt lat="45.968167" lon="8.94835"><ele>277.5</ele></trkpt>
   <trkpt lat="45.967874" lon="8.948231"><ele>275.25</ele></trkpt>
   <trkpt lat="45.967662" lon="8.948163"><ele>275</ele></trkpt>
   <trkpt lat="45.967562" lon="8.948139"><ele>275.25</ele></trkpt>
   <trkpt lat="45.967449" lon="8.948115"><ele>275.75</ele></trkpt>
   <trkpt lat="45.967259" lon="8.948086"><ele>277.25</ele></trkpt>
   <trkpt lat="45.966439" lon="8.948015"><ele>279.25</ele></trkpt>
   <trkpt lat="45.966134" lon="8.94796"><ele>279.5</ele></trkpt>
   <trkpt lat="45.965835" lon="8.947864"><ele>278.5</ele></trkpt>
   <trkpt lat="45.965672" lon="8.947797"><ele>278.25</ele></trkpt>
   <trkpt lat="45.964905" lon="8.947444"><ele>277.75</ele></trkpt>
   <trkpt lat="45.964761" lon="8.947386"><ele>276.5</ele></trkpt>
   <trkpt lat="45.964515" lon="8.947303"><ele>276.25</ele></trkpt>
   <trkpt lat="45.964393" lon="8.947273"><ele>276.5</ele></trkpt>
   <trkpt lat="45.964109" lon="8.947224"><ele>276.75</ele></trkpt>
   <trkpt lat="45.963383" lon="8.947163"><ele>277.5</ele></trkpt>
   <trkpt lat="45.963025" lon="8.947147"><ele>276.5</ele></trkpt>
   <trkpt lat="45.962766" lon="8.947156"><ele>277</ele></trkpt>
   <trkpt lat="45.962084" lon="8.947249"><ele>276.5</ele></trkpt>
   <trkpt lat="45.961831" lon="8.947276"><ele>276</ele></trkpt>
   <trkpt lat="45.961532" lon="8.947276"><ele>275.75</ele></trkpt>
   <trkpt lat="45.961219" lon="8.947236"><ele>276</ele></trkpt>
   <trkpt lat="45.960958" lon="8.947191"><ele>275</ele></trkpt>
   <trkpt lat="45.9607" lon="8.947157"><ele>274.25</ele></trkpt>
   <trkpt lat="45.960459" lon="8.947111"><ele>274.25</ele></trkpt>
   <trkpt lat="45.960404" lon="8.947097"><ele>274.5</ele></trkpt>
   <trkpt lat="45.960067" lon="8.947027"><ele>274.5</ele></trkpt>
   <trkpt lat="45.959867" lon="8.946997"><ele>274.5</ele></trkpt>
   <trkpt lat="45.959464" lon="8.946975"><ele>274.5</ele></trkpt>
   <trkpt lat="45.95921" lon="8.946994"><ele>273.5</ele></trkpt>
   <trkpt lat="45.958917" lon="8.947048"><ele>272.75</ele></trkpt>
   <trkpt lat="45.958628" lon="8.947123"><ele>272</ele></trkpt>
   <trkpt lat="45.958348" lon="8.94721"><ele>272.75</ele></trkpt>
   <trkpt lat="45.958109" lon="8.947297"><ele>273</ele></trkpt>
   <trkpt lat="45.957325" lon="8.947624"><ele>272.5</ele></trkpt>
   <trkpt lat="45.956816" lon="8.947875"><ele>272.5</ele></trkpt>
   <trkpt lat="45.956651" lon="8.947973"><ele>272</ele></trkpt>
   <trkpt lat="45.95648" lon="8.948091"><ele>272.75</ele></trkpt>
   <trkpt lat="45.956255" lon="8.948278"><ele>272.75</ele></trkpt>
   <trkpt lat="45.956132" lon="8.948395"><ele>273</ele></trkpt>
   <trkpt lat="45.955917" lon="8.948625"><ele>272.75</ele></trkpt>
   <trkpt lat="45.955711" lon="8.948889"><ele>272.25</ele></trkpt>
   <trkpt lat="45.955601" lon="8.949042"><ele>273.5</ele></trkpt>
   <trkpt lat="45.95551" lon="8.949186"><ele>273.75</ele></trkpt>
   <trkpt lat="45.955416" lon="8.949346"><ele>273.25</ele></trkpt>
   <trkpt lat="45.955275" lon="8.949612"><ele>274</ele></trkpt>
   <trkpt lat="45.955183" lon="8.949807"><ele>274</ele></trkpt>
   <trkpt lat="45.955107" lon="8.949988"><ele>274.25</ele></trkpt>
   <trkpt lat="45.95501" lon="8.950244"><ele>274</ele></trkpt>
   <trkpt lat="45.954952" lon="8.950416"><ele>274</ele></trkpt>
   <trkpt lat="45.954795" lon="8.950952"><ele>274.5</ele></trkpt>
   <trkpt lat="45.953956" lon="8.954044"><ele>276</ele></trkpt>
   <trkpt lat="45.953864" lon="8.954435"><ele>274.75</ele></trkpt>
   <trkpt lat="45.953812" lon="8.954754"><ele>275</ele></trkpt>
   <trkpt lat="45.953756" lon="8.955265"><ele>275.75</ele></trkpt>
   <trkpt lat="45.953667" lon="8.956332"><ele>277.75</ele></trkpt>
   <trkpt lat="45.953658" lon="8.956444"><ele>277.75</ele></trkpt>
   <trkpt lat="45.95363" lon="8.956719"><ele>277.75</ele></trkpt>
   <trkpt lat="45.953536" lon="8.957532"><ele>276.5</ele></trkpt>
   <trkpt lat="45.953448" lon="8.958607"><ele>276.75</ele></trkpt>
   <trkpt lat="45.953276" lon="8.960604"><ele>277.75</ele></trkpt>
   <trkpt lat="45.953243" lon="8.960923"><ele>277.25</ele></trkpt>
   <trkpt lat="45.95315" lon="8.961572"><ele>277.75</ele></trkpt>
   <trkpt lat="45.95308" lon="8.961936"><ele>278</ele></trkpt>
   <trkpt lat="45.953031" lon="8.962149"><ele>278</ele></trkpt>
   <trkpt lat="45.952924" lon="8.962545"><ele>277.5</ele></trkpt>
   <trkpt lat="45.952826" lon="8.962852"><ele>278.25</ele></trkpt>
   <trkpt lat="45.952687" lon="8.963224"><ele>277.75</ele></trkpt>
   <trkpt lat="45.952498" lon="8.963649"><ele>275.5</ele></trkpt>
   <trkpt lat="45.952343" lon="8.963949"><ele>277.25</ele></trkpt>
   <trkpt lat="45.952189" lon="8.964216"><ele>278.5</ele></trkpt>
   <trkpt lat="45.952023" lon="8.964471"><ele>278.25</ele></trkpt>
   <trkpt lat="45.95186" lon="8.9647"><ele>278</ele></trkpt>
   <trkpt lat="45.951767" lon="8.964816"><ele>278</ele></trkpt>
   <trkpt lat="45.951548" lon="8.965069"><ele>278</ele></trkpt>
   <trkpt lat="45.951394" lon="8.96523"><ele>278.25</ele></trkpt>
   <trkpt lat="45.951168" lon="8.965439"><ele>278.75</ele></trkpt>
   <trkpt lat="45.950885" lon="8.965669"><ele>280.25</ele></trkpt>
   <trkpt lat="45.950628" lon="8.965848"><ele>279.5</ele></trkpt>
   <trkpt lat="45.950365" lon="8.96601"><ele>280.25</ele></trkpt>
   <trkpt lat="45.950143" lon="8.966129"><ele>280.25</ele></trkpt>
   <trkpt lat="45.949968" lon="8.966211"><ele>280.5</ele></trkpt>
   <trkpt lat="45.949611" lon="8.966351"><ele>280.5</ele></trkpt>
   <trkpt lat="45.949429" lon="8.966409"><ele>279.25</ele></trkpt>
   <trkpt lat="45.949147" lon="8.966479"><ele>278.75</ele></trkpt>
   <trkpt lat="45.948995" lon="8.966508"><ele>279.25</ele></trkpt>
   <trkpt lat="45.948836" lon="8.966534"><ele>280.25</ele></trkpt>
   <trkpt lat="45.948529" lon="8.966562"><ele>280.75</ele></trkpt>
   <trkpt lat="45.948205" lon="8.966564"><ele>280</ele></trkpt>
   <trkpt lat="45.947912" lon="8.966548"><ele>281</ele></trkpt>
   <trkpt lat="45.947753" lon="8.966531"><ele>281</ele></trkpt>
   <trkpt lat="45.947364" lon="8.966475"><ele>279.75</ele></trkpt>
   <trkpt lat="45.94699" lon="8.966396"><ele>278.75</ele></trkpt>
   <trkpt lat="45.946615" lon="8.966291"><ele>277.5</ele></trkpt>
   <trkpt lat="45.946275" lon="8.966174"><ele>278.5</ele></trkpt>
   <trkpt lat="45.945871" lon="8.966018"><ele>277.75</ele></trkpt>
   <trkpt lat="45.945106" lon="8.965703"><ele>279</ele></trkpt>
   <trkpt lat="45.944686" lon="8.965551"><ele>278</ele></trkpt>
   <trkpt lat="45.94454" lon="8.965504"><ele>278.25</ele></trkpt>
   <trkpt lat="45.944203" lon="8.965414"><ele>277.75</ele></trkpt>
   <trkpt lat="45.94393" lon="8.965363"><ele>283</ele></trkpt>
   <trkpt lat="45.94371" lon="8.96534"><ele>282.75</ele></trkpt>
   <trkpt lat="45.943545" lon="8.965334"><ele>282.75</ele></trkpt>
   <trkpt lat="45.943348" lon="8.965347"><ele>282.5</ele></trkpt>
   <trkpt lat="45.943052" lon="8.965408"><ele>282.25</ele></trkpt>
   <trkpt lat="45.94282" lon="8.965481"><ele>282.25</ele></trkpt>
   <trkpt lat="45.94251" lon="8.965626"><ele>282</ele></trkpt>
   <trkpt lat="45.940924" lon="8.966598"><ele>281</ele></trkpt>
   <trkpt lat="45.939713" lon="8.967327"><ele>280.25</ele></trkpt>
   <trkpt lat="45.939426" lon="8.96751"><ele>280</ele></trkpt>
   <trkpt lat="45.939264" lon="8.967637"><ele>279.75</ele></trkpt>
   <trkpt lat="45.939117" lon="8.967767"><ele>279.75</ele></trkpt>
   <trkpt lat="45.938949" lon="8.967947"><ele>279.75</ele></trkpt>
   <trkpt lat="45.938826" lon="8.96809"><ele>279.75</ele></trkpt>
   <trkpt lat="45.938554" lon="8.968438"><ele>280.5</ele></trkpt>
   <trkpt lat="45.937887" lon="8.969315"><ele>278.75</ele></trkpt>
   <trkpt lat="45.937673" lon="8.969573"><ele>277</ele></trkpt>
   <trkpt lat="45.93751" lon="8.969749"><ele>277.5</ele></trkpt>
   <trkpt lat="45.937389" lon="8.969863"><ele>276.75</ele></trkpt>
   <trkpt lat="45.937262" lon="8.969973"><ele>278</ele></trkpt>
   <trkpt lat="45.937174" lon="8.97004"><ele>278</ele></trkpt>
   <trkpt lat="45.936947" lon="8.970189"><ele>277</ele></trkpt>
   <trkpt lat="45.936728" lon="8.970304"><ele>277.75</ele></trkpt>
   <trkpt lat="45.936377" lon="8.970445"><ele>277</ele></trkpt>
   <trkpt lat="45.935315" lon="8.970807"><ele>278.75</ele></trkpt>
   <trkpt lat="45.93521" lon="8.970844"><ele>279</ele></trkpt>
   <trkpt lat="45.935006" lon="8.970933"><ele>279.25</ele></trkpt>
   <trkpt lat="45.934827" lon="8.971032"><ele>278.75</ele></trkpt>
   <trkpt lat="45.934636" lon="8.971153"><ele>278.5</ele></trkpt>
   <trkpt lat="45.934512" lon="8.971244"><ele>278.25</ele></trkpt>
   <trkpt lat="45.934306" lon="8.971425"><ele>277</ele></trkpt>
   <trkpt lat="45.934123" lon="8.971616"><ele>275.5</ele></trkpt>
   <trkpt lat="45.934061" lon="8.971683"><ele>276.5</ele></trkpt>
   <trkpt lat="45.93373" lon="8.972093"><ele>279</ele></trkpt>
   <trkpt lat="45.93347" lon="8.972458"><ele>279</ele></trkpt>
   <trkpt lat="45.931678" lon="8.975268"><ele>278.75</ele></trkpt>
   <trkpt lat="45.931442" lon="8.975613"><ele>278.5</ele></trkpt>
   <trkpt lat="45.931287" lon="8.975814"><ele>278</ele></trkpt>
   <trkpt lat="45.931163" lon="8.975958"><ele>277.75</ele></trkpt>
   <trkpt lat="45.930989" lon="8.976145"><ele>277.5</ele></trkpt>
   <trkpt lat="45.93073" lon="8.976377"><ele>277.75</ele></trkpt>
   <trkpt lat="45.930538" lon="8.976526"><ele>277.25</ele></trkpt>
   <trkpt lat="45.930181" lon="8.976748"><ele>278.5</ele></trkpt>
   <trkpt lat="45.929608" lon="8.977031"><ele>278.25</ele></trkpt>
   <trkpt lat="45.928888" lon="8.977373"><ele>277.5</ele></trkpt>
   <trkpt lat="45.928692" lon="8.977474"><ele>278.5</ele></trkpt>
   <trkpt lat="45.928275" lon="8.97772"><ele>278.5</ele></trkpt>
   <trkpt lat="45.928103" lon="8.977808"><ele>279</ele></trkpt>
   <trkpt lat="45.928004" lon="8.977854"><ele>278.5</ele></trkpt>
   <trkpt lat="45.926422" lon="8.97861"><ele>279.75</ele></trkpt>
   <trkpt lat="45.926075" lon="8.978803"><ele>278.75</ele></trkpt>
   <trkpt lat="45.925777" lon="8.979"><ele>278.75</ele></trkpt>
   <trkpt lat="45.925632" lon="8.9791"><ele>278.5</ele></trkpt>
   <trkpt lat="45.919237" lon="8.983596"><ele>276</ele></trkpt>
   <trkpt lat="45.918999" lon="8.983757"><ele>276.5</ele></trkpt>
   <trkpt lat="45.918796" lon="8.983889"><ele>275.5</ele></trkpt>
   <trkpt lat="45.91857" lon="8.984002"><ele>276.5</ele></trkpt>
   <trkpt lat="45.918384" lon="8.984081"><ele>276</ele></trkpt>
   <trkpt lat="45.918138" lon="8.984152"><ele>275.25</ele></trkpt>
   <trkpt lat="45.91795" lon="8.984188"><ele>275</ele></trkpt>
   <trkpt lat="45.917707" lon="8.984202"><ele>273.75</ele></trkpt>
   <trkpt lat="45.917381" lon="8.984191"><ele>273.25</ele></trkpt>
   <trkpt lat="45.913949" lon="8.983872"><ele>273.5</ele></trkpt>
   <trkpt lat="45.913635" lon="8.983832"><ele>273.25</ele></trkpt>
   <trkpt lat="45.913409" lon="8.983787"><ele>272.75</ele></trkpt>
   <trkpt lat="45.913162" lon="8.983701"><ele>273.25</ele></trkpt>
   <trkpt lat="45.912892" lon="8.983563"><ele>273.5</ele></trkpt>
   <trkpt lat="45.911487" lon="8.982717"><ele>273.5</ele></trkpt>
   <trkpt lat="45.911231" lon="8.98259"><ele>273.75</ele></trkpt>
   <trkpt lat="45.911087" lon="8.98253"><ele>274.25</ele></trkpt>
   <trkpt lat="45.910795" lon="8.982445"><ele>273.25</ele></trkpt>
   <trkpt lat="45.91062" lon="8.982413"><ele>273</ele></trkpt>
   <trkpt lat="45.910376" lon="8.982392"><ele>273</ele></trkpt>
   <trkpt lat="45.908678" lon="8.982387"><ele>272.75</ele></trkpt>
   <trkpt lat="45.908383" lon="8.982365"><ele>272.5</ele></trkpt>
   <trkpt lat="45.908192" lon="8.982332"><ele>272.25</ele></trkpt>
   <trkpt lat="45.907866" lon="8.982236"><ele>272.75</ele></trkpt>
   <trkpt lat="45.907653" lon="8.982141"><ele>272.5</ele></trkpt>
   <trkpt lat="45.907551" lon="8.982087"><ele>272.25</ele></trkpt>
   <trkpt lat="45.907259" lon="8.981904"><ele>272.25</ele></trkpt>
   <trkpt lat="45.906738" lon="8.981501"><ele>272.25</ele></trkpt>
   <trkpt lat="45.905644" lon="8.980631"><ele>272.5</ele></trkpt>
   <trkpt lat="45.905364" lon="8.980416"><ele>273.25</ele></trkpt>
   <trkpt lat="45.905144" lon="8.980264"><ele>272.75</ele></trkpt>
   <trkpt lat="45.905021" lon="8.980188"><ele>272.75</ele></trkpt>
   <trkpt lat="45.904616" lon="8.979973"><ele>273.25</ele></trkpt>
   <trkpt lat="45.903572" lon="8.979455"><ele>274</ele></trkpt>
   <trkpt lat="45.903215" lon="8.97926"><ele>274</ele></trkpt>
   <trkpt lat="45.902839" lon="8.979032"><ele>274</ele></trkpt>
   <trkpt lat="45.900767" lon="8.977741"><ele>275</ele></trkpt>
   <trkpt lat="45.900492" lon="8.977586"><ele>275</ele></trkpt>
   <trkpt lat="45.900222" lon="8.97745"><ele>275.75</ele></trkpt>
   <trkpt lat="45.899956" lon="8.977299"><ele>276</ele></trkpt>
   <trkpt lat="45.899092" lon="8.976757"><ele>278.25</ele></trkpt>
   <trkpt lat="45.898205" lon="8.976176"><ele>280.75</ele></trkpt>
   <trkpt lat="45.896877" lon="8.975351"><ele>284.25</ele></trkpt>
   <trkpt lat="45.896684" lon="8.97523"><ele>284.25</ele></trkpt>
   <trkpt lat="45.89573" lon="8.974639"><ele>284.75</ele></trkpt>
   <trkpt lat="45.895503" lon="8.974504"><ele>285.5</ele></trkpt>
   <trkpt lat="45.895198" lon="8.974346"><ele>286.5</ele></trkpt>
   <trkpt lat="45.894938" lon="8.974249"><ele>288</ele></trkpt>
   <trkpt lat="45.894599" lon="8.974151"><ele>286.75</ele></trkpt>
   <trkpt lat="45.894408" lon="8.974117"><ele>286.25</ele></trkpt>
   <trkpt lat="45.894134" lon="8.974089"><ele>285.25</ele></trkpt>
   <trkpt lat="45.893891" lon="8.974078"><ele>285.25</ele></trkpt>
   <trkpt lat="45.89364" lon="8.974095"><ele>286.75</ele></trkpt>
   <trkpt lat="45.893388" lon="8.974138"><ele>288.25</ele></trkpt>
   <trkpt lat="45.893056" lon="8.974222"><ele>289</ele></trkpt>
   <trkpt lat="45.892903" lon="8.97427"><ele>288</ele></trkpt>
   <trkpt lat="45.892527" lon="8.974429"><ele>289.5</ele></trkpt>
   <trkpt lat="45.892238" lon="8.974589"><ele>289</ele></trkpt>
   <trkpt lat="45.892028" lon="8.974727"><ele>290.25</ele></trkpt>
   <trkpt lat="45.891791" lon="8.974908"><ele>290.25</ele></trkpt>
   <trkpt lat="45.891572" lon="8.9751"><ele>291.5</ele></trkpt>
   <trkpt lat="45.891177" lon="8.975488"><ele>292.75</ele></trkpt>
   <trkpt lat="45.88748" lon="8.979241"><ele>300</ele></trkpt>
   <trkpt lat="45.887259" lon="8.979449"><ele>300.75</ele></trkpt>
   <trkpt lat="45.887121" lon="8.979569"><ele>301</ele></trkpt>
   <trkpt lat="45.886945" lon="8.979708"><ele>301.75</ele></trkpt>
   <trkpt lat="45.886629" lon="8.979932"><ele>302</ele></trkpt>
   <trkpt lat="45.886432" lon="8.980051"><ele>301.5</ele></trkpt>
   <trkpt lat="45.886091" lon="8.980226"><ele>302.75</ele></trkpt>
   <trkpt lat="45.885959" lon="8.980285"><ele>304</ele></trkpt>
   <trkpt lat="45.885729" lon="8.980373"><ele>305.75</ele></trkpt>
   <trkpt lat="45.885465" lon="8.980459"><ele>305.25</ele></trkpt>
   <trkpt lat="45.88434" lon="8.980792"><ele>306.25</ele></trkpt>
   <trkpt lat="45.884105" lon="8.980873"><ele>308.25</ele></trkpt>
   <trkpt lat="45.883824" lon="8.98099"><ele>308.75</ele></trkpt>
   <trkpt lat="45.883581" lon="8.981112"><ele>307.5</ele></trkpt>
   <trkpt lat="45.883297" lon="8.981276"><ele>307.25</ele></trkpt>
   <trkpt lat="45.882541" lon="8.981757"><ele>311.25</ele></trkpt>
   <trkpt lat="45.882182" lon="8.981973"><ele>310.25</ele></trkpt>
   <trkpt lat="45.881888" lon="8.982122"><ele>309.5</ele></trkpt>
   <trkpt lat="45.881485" lon="8.982283"><ele>310.75</ele></trkpt>
   <trkpt lat="45.881118" lon="8.982387"><ele>309.25</ele></trkpt>
   <trkpt lat="45.880804" lon="8.982453"><ele>312.25</ele></trkpt>
   <trkpt lat="45.877472" lon="8.983075"><ele>317</ele></trkpt>
   <trkpt lat="45.877319" lon="8.9831"><ele>317.5</ele></trkpt>
   <trkpt lat="45.876959" lon="8.98315"><ele>318.25</ele></trkpt>
   <trkpt lat="45.876668" lon="8.983175"><ele>319.25</ele></trkpt>
   <trkpt lat="45.87648" lon="8.983182"><ele>320.25</ele></trkpt>
   <trkpt lat="45.876218" lon="8.983187"><ele>321</ele></trkpt>
   <trkpt lat="45.876021" lon="8.983181"><ele>321.5</ele></trkpt>
   <trkpt lat="45.874878" lon="8.983107"><ele>322</ele></trkpt>
   <trkpt lat="45.874215" lon="8.98306"><ele>323.75</ele></trkpt>
   <trkpt lat="45.873886" lon="8.983014"><ele>324</ele></trkpt>
   <trkpt lat="45.87359" lon="8.982947"><ele>324</ele></trkpt>
   <trkpt lat="45.873371" lon="8.982867"><ele>324.5</ele></trkpt>
   <trkpt lat="45.873286" lon="8.982828"><ele>324.75</ele></trkpt>
   <trkpt lat="45.872888" lon="8.982616"><ele>324.5</ele></trkpt>
   <trkpt lat="45.872656" lon="8.98248"><ele>324.75</ele></trkpt>
   <trkpt lat="45.872417" lon="8.982309"><ele>328</ele></trkpt>
   <trkpt lat="45.872201" lon="8.982127"><ele>327.25</ele></trkpt>
   <trkpt lat="45.872001" lon="8.981928"><ele>328</ele></trkpt>
   <trkpt lat="45.871916" lon="8.981833"><ele>328</ele></trkpt>
   <trkpt lat="45.87153" lon="8.981366"><ele>328</ele></trkpt>
   <trkpt lat="45.871286" lon="8.981037"><ele>328</ele></trkpt>
   <trkpt lat="45.870962" lon="8.98057"><ele>328</ele></trkpt>
   <trkpt lat="45.870644" lon="8.980125"><ele>328</ele></trkpt>
   <trkpt lat="45.870113" lon="8.97944"><ele>328</ele></trkpt>
   <trkpt lat="45.869255" lon="8.978364"><ele>328</ele></trkpt>
   <trkpt lat="45.868407" lon="8.977308"><ele>327.75</ele></trkpt>
   <trkpt lat="45.868136" lon="8.977008"><ele>327.75</ele></trkpt>
   <trkpt lat="45.867587" lon="8.976457"><ele>328</ele></trkpt>
   <trkpt lat="45.866176" lon="8.975056"><ele>328</ele></trkpt>
   <trkpt lat="45.865969" lon="8.974824"><ele>328</ele></trkpt>
   <trkpt lat="45.865805" lon="8.974618"><ele>328</ele></trkpt>
   <trkpt lat="45.865643" lon="8.974387"><ele>327.75</ele></trkpt>
   <trkpt lat="45.865547" lon="8.974244"><ele>328</ele></trkpt>
   <trkpt lat="45.865426" lon="8.974067"><ele>328</ele></trkpt>
   <trkpt lat="45.865091" lon="8.973616"><ele>328.5</ele></trkpt>
   <trkpt lat="45.864943" lon="8.973402"><ele>328.25</ele></trkpt>
   <trkpt lat="45.864878" lon="8.973303"><ele>328.25</ele></trkpt>
   <trkpt lat="45.864721" lon="8.973076"><ele>328</ele></trkpt>
   <trkpt lat="45.864376" lon="8.972606"><ele>329.5</ele></trkpt>
   <trkpt lat="45.864214" lon="8.972384"><ele>329.75</ele></trkpt>
   <trkpt lat="45.86412" lon="8.972267"><ele>330.25</ele></trkpt>
   <trkpt lat="45.864034" lon="8.972165"><ele>331.5</ele></trkpt>
   <trkpt lat="45.86387" lon="8.971996"><ele>330.5</ele></trkpt>
   <trkpt lat="45.863769" lon="8.971905"><ele>330.75</ele></trkpt>
   <trkpt lat="45.863575" lon="8.971751"><ele>331</ele></trkpt>
   <trkpt lat="45.863373" lon="8.971621"><ele>330.25</ele></trkpt>
   <trkpt lat="45.863161" lon="8.971508"><ele>331.75</ele></trkpt>
   <trkpt lat="45.862958" lon="8.971426"><ele>330.75</ele></trkpt>
   <trkpt lat="45.86275" lon="8.971363"><ele>330.25</ele></trkpt>
   <trkpt lat="45.862638" lon="8.971339"><ele>330.75</ele></trkpt>
   <trkpt lat="45.862397" lon="8.971307"><ele>331.5</ele></trkpt>
   <trkpt lat="45.862181" lon="8.971303"><ele>331.75</ele></trkpt>
   <trkpt lat="45.861944" lon="8.971322"><ele>331.5</ele></trkpt>
   <trkpt lat="45.86182" lon="8.971343"><ele>330.5</ele></trkpt>
   <trkpt lat="45.861623" lon="8.971393"><ele>328.5</ele></trkpt>
   <trkpt lat="45.861434" lon="8.971461"><ele>331.75</ele></trkpt>
   <trkpt lat="45.861215" lon="8.971564"><ele>332.5</ele></trkpt>
   <trkpt lat="45.861011" lon="8.971687"><ele>329.25</ele></trkpt>
   <trkpt lat="45.86074" lon="8.971897"><ele>330.25</ele></trkpt>
   <trkpt lat="45.860455" lon="8.97216"><ele>329.75</ele></trkpt>
   <trkpt lat="45.857896" lon="8.974699"><ele>332.25</ele></trkpt>
   <trkpt lat="45.857218" lon="8.975367"><ele>328</ele></trkpt>
   <trkpt lat="45.855402" lon="8.977164"><ele>318</ele></trkpt>
   <trkpt lat="45.855207" lon="8.97735"><ele>314.75</ele></trkpt>
   <trkpt lat="45.854998" lon="8.977528"><ele>315.25</ele></trkpt>
   <trkpt lat="45.854821" lon="8.977657"><ele>313.75</ele></trkpt>
   <trkpt lat="45.854692" lon="8.977737"><ele>312.25</ele></trkpt>
   <trkpt lat="45.854494" lon="8.977841"><ele>313.25</ele></trkpt>
   <trkpt lat="45.854293" lon="8.977922"><ele>312</ele></trkpt>
   <trkpt lat="45.854035" lon="8.977994"><ele>311.5</ele></trkpt>
   <trkpt lat="45.853846" lon="8.978025"><ele>311.75</ele></trkpt>
   <trkpt lat="45.853645" lon="8.978038"><ele>311.5</ele></trkpt>
   <trkpt lat="45.853438" lon="8.97803"><ele>311</ele></trkpt>
   <trkpt lat="45.853297" lon="8.978013"><ele>310.5</ele></trkpt>
   <trkpt lat="45.853006" lon="8.977959"><ele>309.5</ele></trkpt>
   <trkpt lat="45.852556" lon="8.977856"><ele>311.75</ele></trkpt>
   <trkpt lat="45.852192" lon="8.977801"><ele>310.75</ele></trkpt>
   <trkpt lat="45.851935" lon="8.977793"><ele>310.25</ele></trkpt>
   <trkpt lat="45.851684" lon="8.977818"><ele>310</ele></trkpt>
   <trkpt lat="45.851563" lon="8.977842"><ele>310.5</ele></trkpt>
   <trkpt lat="45.851302" lon="8.977917"><ele>310.25</ele></trkpt>
   <trkpt lat="45.851025" lon="8.97804"><ele>308.5</ele></trkpt>
   <trkpt lat="45.850872" lon="8.978125"><ele>309</ele></trkpt>
   <trkpt lat="45.850753" lon="8.9782"><ele>309</ele></trkpt>
   <trkpt lat="45.850523" lon="8.978377"><ele>306.5</ele></trkpt>
   <trkpt lat="45.85038" lon="8.978506"><ele>306.75</ele></trkpt>
   <trkpt lat="45.850255" lon="8.978632"><ele>305.5</ele></trkpt>
   <trkpt lat="45.850073" lon="8.978845"><ele>304.5</ele></trkpt>
   <trkpt lat="45.84997" lon="8.978979"><ele>305.5</ele></trkpt>
   <trkpt lat="45.849796" lon="8.979242"><ele>305.5</ele></trkpt>
   <trkpt lat="45.849641" lon="8.97952"><ele>305.5</ele></trkpt>
   <trkpt lat="45.849516" lon="8.979786"><ele>305</ele></trkpt>
   <trkpt lat="45.849418" lon="8.980027"><ele>302.75</ele></trkpt>
   <trkpt lat="45.849328" lon="8.98029"><ele>299.75</ele></trkpt>
   <trkpt lat="45.849242" lon="8.980599"><ele>300.25</ele></trkpt>
   <trkpt lat="45.849171" lon="8.980931"><ele>302</ele></trkpt>
   <trkpt lat="45.849139" lon="8.981118"><ele>301.25</ele></trkpt>
   <trkpt lat="45.849116" lon="8.981289"><ele>300.5</ele></trkpt>
   <trkpt lat="45.849084" lon="8.981638"><ele>297.5</ele></trkpt>
   <trkpt lat="45.84907" lon="8.982005"><ele>297.5</ele></trkpt>
   <trkpt lat="45.84907" lon="8.982872"><ele>299.5</ele></trkpt>
   <trkpt lat="45.849064" lon="8.983283"><ele>295</ele></trkpt>
   <trkpt lat="45.84904" lon="8.983666"><ele>295</ele></trkpt>
   <trkpt lat="45.849021" lon="8.98385"><ele>295.25</ele></trkpt>
   <trkpt lat="45.848978" lon="8.984142"><ele>294.25</ele></trkpt>
   <trkpt lat="45.848948" lon="8.984311"><ele>295.75</ele></trkpt>
   <trkpt lat="45.848872" lon="8.984642"><ele>297.25</ele></trkpt>
   <trkpt lat="45.848805" lon="8.984875"><ele>299.75</ele></trkpt>
   <trkpt lat="45.848727" lon="8.985105"><ele>301</ele></trkpt>
   <trkpt lat="45.848629" lon="8.985349"><ele>298.25</ele></trkpt>
   <trkpt lat="45.848513" lon="8.985607"><ele>301.5</ele></trkpt>
   <trkpt lat="45.847465" lon="8.98779"><ele>293</ele></trkpt>
   <trkpt lat="45.847327" lon="8.988107"><ele>294.5</ele></trkpt>
   <trkpt lat="45.84727" lon="8.988255"><ele>293.25</ele></trkpt>
   <trkpt lat="45.847148" lon="8.988587"><ele>293.5</ele></trkpt>
   <trkpt lat="45.847087" lon="8.988778"><ele>293.75</ele></trkpt>
   <trkpt lat="45.84697" lon="8.989181"><ele>290.5</ele></trkpt>
   <trkpt lat="45.84687" lon="8.989599"><ele>291.25</ele></trkpt>
   <trkpt lat="45.846786" lon="8.99004"><ele>295</ele></trkpt>
   <trkpt lat="45.846746" lon="8.990296"><ele>293.25</ele></trkpt>
   <trkpt lat="45.846713" lon="8.990553"><ele>290.5</ele></trkpt>
   <trkpt lat="45.846672" lon="8.990993"><ele>288</ele></trkpt>
   <trkpt lat="45.84665" lon="8.991396"><ele>287</ele></trkpt>
   <trkpt lat="45.846637" lon="8.991873"><ele>285.5</ele></trkpt>
   <trkpt lat="45.846638" lon="8.992328"><ele>285.5</ele></trkpt>
   <trkpt lat="45.846647" lon="8.992616"><ele>285.5</ele></trkpt>
   <trkpt lat="45.84667" lon="8.992932"><ele>286</ele></trkpt>
   <trkpt lat="45.846707" lon="8.993249"><ele>291.25</ele></trkpt>
   <trkpt lat="45.846785" lon="8.993703"><ele>292</ele></trkpt>
   <trkpt lat="45.846838" lon="8.993932"><ele>290.25</ele></trkpt>
   <trkpt lat="45.846904" lon="8.99418"><ele>286.25</ele></trkpt>
   <trkpt lat="45.847033" lon="8.994575"><ele>284.75</ele></trkpt>
   <trkpt lat="45.847116" lon="8.994789"><ele>284.75</ele></trkpt>
   <trkpt lat="45.84721" lon="8.995009"><ele>282</ele></trkpt>
   <trkpt lat="45.84731" lon="8.995213"><ele>283.25</ele></trkpt>
   <trkpt lat="45.84742" lon="8.995417"><ele>282</ele></trkpt>
   <trkpt lat="45.84753" lon="8.995603"><ele>280.75</ele></trkpt>
   <trkpt lat="45.847785" lon="8.995976"><ele>281</ele></trkpt>
   <trkpt lat="45.848195" lon="8.996536"><ele>278.25</ele></trkpt>
   <trkpt lat="45.8483" lon="8.996689"><ele>278</ele></trkpt>
   <trkpt lat="45.848403" lon="8.996849"><ele>279</ele></trkpt>
   <trkpt lat="45.848523" lon="8.997055"><ele>279.75</ele></trkpt>
   <trkpt lat="45.848634" lon="8.99727"><ele>278.5</ele></trkpt>
   <trkpt lat="45.848738" lon="8.997503"><ele>276</ele></trkpt>
   <trkpt lat="45.848877" lon="8.997879"><ele>276.25</ele></trkpt>
   <trkpt lat="45.848973" lon="8.9982"><ele>275.5</ele></trkpt>
   <trkpt lat="45.849047" lon="8.998528"><ele>275</ele></trkpt>
   <trkpt lat="45.849102" lon="8.998847"><ele>274.75</ele></trkpt>
   <trkpt lat="45.849136" lon="8.999131"><ele>274.75</ele></trkpt>
   <trkpt lat="45.849153" lon="8.99937"><ele>275</ele></trkpt>
   <trkpt lat="45.849161" lon="8.999589"><ele>275</ele></trkpt>
   <trkpt lat="45.849158" lon="8.999906"><ele>274.75</ele></trkpt>
   <trkpt lat="45.849154" lon="9.00002"><ele>274.75</ele></trkpt>
   <trkpt lat="45.849123" lon="9.000394"><ele>274.75</ele></trkpt>
   <trkpt lat="45.849106" lon="9.00053"><ele>274.5</ele></trkpt>
   <trkpt lat="45.849068" lon="9.000769"><ele>273.75</ele></trkpt>
   <trkpt lat="45.849008" lon="9.001052"><ele>272.75</ele></trkpt>
   <trkpt lat="45.84894" lon="9.001302"><ele>272.75</ele></trkpt>
   <trkpt lat="45.848863" lon="9.001531"><ele>272</ele></trkpt>
   <trkpt lat="45.848754" lon="9.001798"><ele>271.25</ele></trkpt>
   <trkpt lat="45.848609" lon="9.002093"><ele>269.75</ele></trkpt>
   <trkpt lat="45.848539" lon="9.002218"><ele>268.5</ele></trkpt>
   <trkpt lat="45.848451" lon="9.002373"><ele>268.75</ele></trkpt>
   <trkpt lat="45.848311" lon="9.002601"><ele>269.25</ele></trkpt>
   <trkpt lat="45.848196" lon="9.002769"><ele>268</ele></trkpt>
   <trkpt lat="45.848087" lon="9.002928"><ele>267</ele></trkpt>
   <trkpt lat="45.847993" lon="9.003063"><ele>267.25</ele></trkpt>
   <trkpt lat="45.846829" lon="9.004729"><ele>269.75</ele></trkpt>
   <trkpt lat="45.845589" lon="9.006502"><ele>270</ele></trkpt>
   <trkpt lat="45.84543" lon="9.006749"><ele>270.5</ele></trkpt>
   <trkpt lat="45.845355" lon="9.006878"><ele>270.75</ele></trkpt>
   <trkpt lat="45.845192" lon="9.007195"><ele>269</ele></trkpt>
   <trkpt lat="45.845067" lon="9.00749"><ele>271.25</ele></trkpt>
   <trkpt lat="45.844939" lon="9.007854"><ele>267.75</ele></trkpt>
   <trkpt lat="45.84467" lon="9.008717"><ele>265</ele></trkpt>
   <trkpt lat="45.844515" lon="9.009158"><ele>263</ele></trkpt>
   <trkpt lat="45.844394" lon="9.009446"><ele>263.5</ele></trkpt>
   <trkpt lat="45.844269" lon="9.0097"><ele>262</ele></trkpt>
   <trkpt lat="45.844187" lon="9.00985"><ele>262.75</ele></trkpt>
   <trkpt lat="45.844059" lon="9.010066"><ele>261.75</ele></trkpt>
   <trkpt lat="45.84374" lon="9.010582"><ele>259.75</ele></trkpt>
   <trkpt lat="45.838129" lon="9.019563"><ele>246</ele></trkpt>
   <trkpt lat="45.838063" lon="9.019668"><ele>247.25</ele></trkpt>
   <trkpt lat="45.83773" lon="9.020201"><ele>244</ele></trkpt>
   <trkpt lat="45.837632" lon="9.020356"><ele>243</ele></trkpt>
   <trkpt lat="45.837044" lon="9.021281"><ele>243.25</ele></trkpt>
   <trkpt lat="45.836336" lon="9.022383"><ele>242.75</ele></trkpt>
   <trkpt lat="45.836305" lon="9.022432"><ele>242.5</ele></trkpt>
   <trkpt lat="45.835508" lon="9.02367"><ele>240.25</ele></trkpt>
   <trkpt lat="45.835209" lon="9.024136"><ele>240</ele></trkpt>
   <trkpt lat="45.835098" lon="9.02431"><ele>239.25</ele></trkpt>
   <trkpt lat="45.834855" lon="9.024729"><ele>238.75</ele></trkpt>
   <trkpt lat="45.834619" lon="9.025167"><ele>238.25</ele></trkpt>
   <trkpt lat="45.834548" lon="9.025298"><ele>238</ele></trkpt>
   <trkpt lat="45.834284" lon="9.025791"><ele>238</ele></trkpt>
   <trkpt lat="45.834094" lon="9.026174"><ele>237.75</ele></trkpt>
   <trkpt lat="45.834006" lon="9.026375"><ele>237.5</ele></trkpt>
   <trkpt lat="45.833568" lon="9.027436"><ele>237</ele></trkpt>
   <trkpt lat="45.833503" lon="9.027603"><ele>237</ele></trkpt>
   <trkpt lat="45.833359" lon="9.028051"><ele>237</ele></trkpt>
   <trkpt lat="45.833308" lon="9.028189"><ele>237</ele></trkpt>
   <trkpt lat="45.833248" lon="9.028332"><ele>237</ele></trkpt>
   <trkpt lat="45.833188" lon="9.028467"><ele>237</ele></trkpt>
   <trkpt lat="45.833062" lon="9.028709"><ele>237</ele></trkpt>
   <trkpt lat="45.83295" lon="9.028945"><ele>237</ele></trkpt>
   <trkpt lat="45.832724" lon="9.029499"><ele>237</ele></trkpt>
   <trkpt lat="45.831888" lon="9.031539"><ele>236</ele></trkpt>
   <trkpt lat="45.831484" lon="9.032523"><ele>236</ele></trkpt>
   <trkpt lat="45.831144" lon="9.033272"><ele>236.75</ele></trkpt>
   <trkpt lat="45.831058" lon="9.033475"><ele>236.5</ele></trkpt>
   <trkpt lat="45.830926" lon="9.033805"><ele>236.75</ele></trkpt>
   <trkpt lat="45.830721" lon="9.034369"><ele>237</ele></trkpt>
   <trkpt lat="45.830636" lon="9.034613"><ele>238</ele></trkpt>
   <trkpt lat="45.830522" lon="9.034953"><ele>242</ele></trkpt>
   <trkpt lat="45.830303" lon="9.035646"><ele>243.75</ele></trkpt>
   <trkpt lat="45.830267" lon="9.035759"><ele>244</ele></trkpt>
   <trkpt lat="45.830112" lon="9.036243"><ele>244</ele></trkpt>
   <trkpt lat="45.829922" lon="9.0367"><ele>244</ele></trkpt>
   <trkpt lat="45.829795" lon="9.037005"><ele>244</ele></trkpt>
   <trkpt lat="45.829679" lon="9.03732"><ele>245</ele></trkpt>
   <trkpt lat="45.829648" lon="9.03742"><ele>245</ele></trkpt>
   <trkpt lat="45.829368" lon="9.038301"><ele>246</ele></trkpt>
   <trkpt lat="45.829307" lon="9.038477"><ele>246.25</ele></trkpt>
   <trkpt lat="45.829165" lon="9.038839"><ele>247</ele></trkpt>
   <trkpt lat="45.828895" lon="9.039494"><ele>247.75</ele></trkpt>
   <trkpt lat="45.828888" lon="9.03951"><ele>247.75</ele></trkpt>
   <trkpt lat="45.828596" lon="9.040238"><ele>247.75</ele></trkpt>
   <trkpt lat="45.82809" lon="9.041276"><ele>248.25</ele></trkpt>
   <trkpt lat="45.827537" lon="9.042255"><ele>248.5</ele></trkpt>
   <trkpt lat="45.827218" lon="9.042759"><ele>248.75</ele></trkpt>
   <trkpt lat="45.826716" lon="9.043469"><ele>249</ele></trkpt>
   <trkpt lat="45.826113" lon="9.044167"><ele>249.5</ele></trkpt>
   <trkpt lat="45.82582" lon="9.044453"><ele>249.5</ele></trkpt>
   <trkpt lat="45.82552" lon="9.044728"><ele>249.75</ele></trkpt>
   <trkpt lat="45.825169" lon="9.044977"><ele>249.75</ele></trkpt>
   <trkpt lat="45.824827" lon="9.045162"><ele>250</ele></trkpt>
   <trkpt lat="45.807665" lon="9.053702"><ele>257.5</ele></trkpt>
   <trkpt lat="45.773843" lon="9.070524"><ele>272.25</ele></trkpt>
   <trkpt lat="45.773465" lon="9.070771"><ele>272.5</ele></trkpt>
   <trkpt lat="45.773123" lon="9.071015"><ele>272.5</ele></trkpt>
   <trkpt lat="45.772779" lon="9.071329"><ele>272.75</ele></trkpt>
   <trkpt lat="45.772416" lon="9.071707"><ele>273</ele></trkpt>
   <trkpt lat="45.77214" lon="9.072035"><ele>273</ele></trkpt>
   <trkpt lat="45.771849" lon="9.072431"><ele>273.25</ele></trkpt>
   <trkpt lat="45.771537" lon="9.072889"><ele>273.5</ele></trkpt>
   <trkpt lat="45.771238" lon="9.073466"><ele>273.5</ele></trkpt>
   <trkpt lat="45.769731" lon="9.076619"><ele>273.75</ele></trkpt>
   <trkpt lat="45.769492" lon="9.077078"><ele>274</ele></trkpt>
   <trkpt lat="45.769161" lon="9.077653"><ele>274</ele></trkpt>
   <trkpt lat="45.768791" lon="9.078217"><ele>274</ele></trkpt>
   <trkpt lat="45.768387" lon="9.078755"><ele>274</ele></trkpt>
   <trkpt lat="45.768184" lon="9.079002"><ele>274.25</ele></trkpt>
   <trkpt lat="45.767958" lon="9.07926"><ele>274.5</ele></trkpt>
   <trkpt lat="45.767576" lon="9.079667"><ele>275</ele></trkpt>
   <trkpt lat="45.767069" lon="9.080186"><ele>276.75</ele></trkpt>
   <trkpt lat="45.765237" lon="9.082094"><ele>275.25</ele></trkpt>
   <trkpt lat="45.765005" lon="9.082351"><ele>275</ele></trkpt>
   <trkpt lat="45.764579" lon="9.082798"><ele>274.75</ele></trkpt>
   <trkpt lat="45.763739" lon="9.083655"><ele>278</ele></trkpt>
   <trkpt lat="45.763254" lon="9.084092"><ele>278</ele></trkpt>
   <trkpt lat="45.76298" lon="9.084317"><ele>278.25</ele></trkpt>
   <trkpt lat="45.762716" lon="9.084519"><ele>278</ele></trkpt>
   <trkpt lat="45.762395" lon="9.084739"><ele>277</ele></trkpt>
   <trkpt lat="45.762102" lon="9.08492"><ele>276</ele></trkpt>
   <trkpt lat="45.761888" lon="9.085039"><ele>274.75</ele></trkpt>
   <trkpt lat="45.761515" lon="9.085222"><ele>274.75</ele></trkpt>
   <trkpt lat="45.761337" lon="9.085303"><ele>274.25</ele></trkpt>
   <trkpt lat="45.760982" lon="9.085446"><ele>276.25</ele></trkpt>
   <trkpt lat="45.760685" lon="9.085549"><ele>273</ele></trkpt>
   <trkpt lat="45.760192" lon="9.085686"><ele>271.5</ele></trkpt>
   <trkpt lat="45.759932" lon="9.085751"><ele>269.75</ele></trkpt>
   <trkpt lat="45.759573" lon="9.085821"><ele>269.25</ele></trkpt>
   <trkpt lat="45.758769" lon="9.085925"><ele>268</ele></trkpt>
   <trkpt lat="45.758291" lon="9.085957"><ele>268</ele></trkpt>
   <trkpt lat="45.75803" lon="9.085963"><ele>268.25</ele></trkpt>
   <trkpt lat="45.757619" lon="9.085957"><ele>267.25</ele></trkpt>
   <trkpt lat="45.757017" lon="9.085918"><ele>265.75</ele></trkpt>
   <trkpt lat="45.756647" lon="9.085876"><ele>264.75</ele></trkpt>
   <trkpt lat="45.756238" lon="9.085811"><ele>266.25</ele></trkpt>
   <trkpt lat="45.755787" lon="9.08572"><ele>266.25</ele></trkpt>
   <trkpt lat="45.755495" lon="9.08565"><ele>265</ele></trkpt>
   <trkpt lat="45.754943" lon="9.085494"><ele>265.75</ele></trkpt>
   <trkpt lat="45.75383" lon="9.085149"><ele>265.5</ele></trkpt>
   <trkpt lat="45.753746" lon="9.085121"><ele>265</ele></trkpt>
   <trkpt lat="45.751091" lon="9.084283"><ele>266.75</ele></trkpt>
   <trkpt lat="45.746091" lon="9.082722"><ele>260.75</ele></trkpt>
   <trkpt lat="45.745996" lon="9.082688"><ele>261.5</ele></trkpt>
   <trkpt lat="45.744607" lon="9.082256"><ele>261.5</ele></trkpt>
   <trkpt lat="45.74414" lon="9.08213"><ele>262.25</ele></trkpt>
   <trkpt lat="45.743891" lon="9.082078"><ele>262.75</ele></trkpt>
   <trkpt lat="45.743518" lon="9.082018"><ele>262</ele></trkpt>
   <trkpt lat="45.743153" lon="9.081984"><ele>261</ele></trkpt>
   <trkpt lat="45.742753" lon="9.081967"><ele>261</ele></trkpt>
   <trkpt lat="45.742428" lon="9.08197"><ele>260.75</ele></trkpt>
   <trkpt lat="45.742275" lon="9.081974"><ele>260.25</ele></trkpt>
   <trkpt lat="45.741942" lon="9.082003"><ele>261.5</ele></trkpt>
   <trkpt lat="45.741447" lon="9.08208"><ele>261</ele></trkpt>
   <trkpt lat="45.741213" lon="9.082129"><ele>261.5</ele></trkpt>
   <trkpt lat="45.74083" lon="9.082231"><ele>263</ele></trkpt>
   <trkpt lat="45.740501" lon="9.082341"><ele>261.75</ele></trkpt>
   <trkpt lat="45.740064" lon="9.082511"><ele>262.25</ele></trkpt>
   <trkpt lat="45.739752" lon="9.082656"><ele>262.25</ele></trkpt>
   <trkpt lat="45.739362" lon="9.082865"><ele>264.5</ele></trkpt>
   <trkpt lat="45.739005" lon="9.083082"><ele>264.5</ele></trkpt>
   <trkpt lat="45.738761" lon="9.083247"><ele>264.75</ele></trkpt>
   <trkpt lat="45.738322" lon="9.083572"><ele>264.75</ele></trkpt>
   <trkpt lat="45.737927" lon="9.083907"><ele>264</ele></trkpt>
   <trkpt lat="45.737629" lon="9.084189"><ele>264.25</ele></trkpt>
   <trkpt lat="45.737345" lon="9.084479"><ele>264.25</ele></trkpt>
   <trkpt lat="45.737197" lon="9.084642"><ele>264</ele></trkpt>
   <trkpt lat="45.736755" lon="9.085177"><ele>264</ele></trkpt>
   <trkpt lat="45.736213" lon="9.08588"><ele>264.25</ele></trkpt>
   <trkpt lat="45.735977" lon="9.086237"><ele>264</ele></trkpt>
   <trkpt lat="45.73575" lon="9.086633"><ele>263.75</ele></trkpt>
   <trkpt lat="45.735508" lon="9.087089"><ele>263.5</ele></trkpt>
   <trkpt lat="45.734775" lon="9.088721"><ele>262.5</ele></trkpt>
   <trkpt lat="45.734582" lon="9.089112"><ele>262.25</ele></trkpt>
   <trkpt lat="45.734377" lon="9.089494"><ele>262.25</ele></trkpt>
   <trkpt lat="45.734003" lon="9.090144"><ele>262.25</ele></trkpt>
   <trkpt lat="45.733687" lon="9.090641"><ele>258.75</ele></trkpt>
   <trkpt lat="45.733269" lon="9.091224"><ele>258.25</ele></trkpt>
   <trkpt lat="45.732989" lon="9.091569"><ele>257.5</ele></trkpt>
   <trkpt lat="45.732865" lon="9.091716"><ele>255.25</ele></trkpt>
   <trkpt lat="45.732663" lon="9.09195"><ele>257.5</ele></trkpt>
   <trkpt lat="45.73241" lon="9.092211"><ele>261</ele></trkpt>
   <trkpt lat="45.732163" lon="9.092455"><ele>264.25</ele></trkpt>
   <trkpt lat="45.731734" lon="9.092841"><ele>267.75</ele></trkpt>
   <trkpt lat="45.731489" lon="9.093042"><ele>265.25</ele></trkpt>
   <trkpt lat="45.731181" lon="9.093257"><ele>262.25</ele></trkpt>
   <trkpt lat="45.73084" lon="9.093486"><ele>259.5</ele></trkpt>
   <trkpt lat="45.730551" lon="9.093663"><ele>254.75</ele></trkpt>
   <trkpt lat="45.730439" lon="9.093728"><ele>254.25</ele></trkpt>
   <trkpt lat="45.729943" lon="9.093977"><ele>253.5</ele></trkpt>
   <trkpt lat="45.729697" lon="9.094082"><ele>254.75</ele></trkpt>
   <trkpt lat="45.729213" lon="9.094268"><ele>253.25</ele></trkpt>
   <trkpt lat="45.728623" lon="9.094421"><ele>254.5</ele></trkpt>
   <trkpt lat="45.728063" lon="9.094517"><ele>252.25</ele></trkpt>
   <trkpt lat="45.727814" lon="9.094548"><ele>252.75</ele></trkpt>
   <trkpt lat="45.727696" lon="9.094558"><ele>253</ele></trkpt>
   <trkpt lat="45.727192" lon="9.094604"><ele>254</ele></trkpt>
   <trkpt lat="45.726719" lon="9.094663"><ele>253.5</ele></trkpt>
   <trkpt lat="45.726365" lon="9.094724"><ele>252</ele></trkpt>
   <trkpt lat="45.725839" lon="9.094847"><ele>252.75</ele></trkpt>
   <trkpt lat="45.725787" lon="9.094863"><ele>252.75</ele></trkpt>
   <trkpt lat="45.725224" lon="9.095056"><ele>251</ele></trkpt>
   <trkpt lat="45.724754" lon="9.095258"><ele>252.75</ele></trkpt>
   <trkpt lat="45.724314" lon="9.09549"><ele>251.75</ele></trkpt>
   <trkpt lat="45.724035" lon="9.095657"><ele>251</ele></trkpt>
   <trkpt lat="45.72384" lon="9.095785"><ele>252</ele></trkpt>
   <trkpt lat="45.723462" lon="9.096057"><ele>251.75</ele></trkpt>
   <trkpt lat="45.723281" lon="9.096198"><ele>251.5</ele></trkpt>
   <trkpt lat="45.722979" lon="9.096452"><ele>251.5</ele></trkpt>
   <trkpt lat="45.722678" lon="9.096719"><ele>251.75</ele></trkpt>
   <trkpt lat="45.721878" lon="9.097454"><ele>252.5</ele></trkpt>
   <trkpt lat="45.721635" lon="9.097665"><ele>251.5</ele></trkpt>
   <trkpt lat="45.721428" lon="9.097833"><ele>251.75</ele></trkpt>
   <trkpt lat="45.720992" lon="9.098155"><ele>251.5</ele></trkpt>
   <trkpt lat="45.720577" lon="9.09842"><ele>251</ele></trkpt>
   <trkpt lat="45.720363" lon="9.098547"><ele>251</ele></trkpt>
   <trkpt lat="45.720185" lon="9.098641"><ele>250.75</ele></trkpt>
   <trkpt lat="45.719668" lon="9.098883"><ele>251</ele></trkpt>
   <trkpt lat="45.719295" lon="9.099023"><ele>250.5</ele></trkpt>
   <trkpt lat="45.719047" lon="9.099106"><ele>250.25</ele></trkpt>
   <trkpt lat="45.718859" lon="9.099157"><ele>250</ele></trkpt>
   <trkpt lat="45.718679" lon="9.099206"><ele>250</ele></trkpt>
   <trkpt lat="45.718245" lon="9.099294"><ele>249.75</ele></trkpt>
   <trkpt lat="45.717942" lon="9.099337"><ele>249.5</ele></trkpt>
   <trkpt lat="45.71765" lon="9.099364"><ele>249.5</ele></trkpt>
   <trkpt lat="45.717413" lon="9.099378"><ele>249.75</ele></trkpt>
   <trkpt lat="45.717175" lon="9.099381"><ele>250</ele></trkpt>
   <trkpt lat="45.716838" lon="9.099373"><ele>250</ele></trkpt>
   <trkpt lat="45.716419" lon="9.099335"><ele>250.25</ele></trkpt>
   <trkpt lat="45.716214" lon="9.099306"><ele>250</ele></trkpt>
   <trkpt lat="45.715862" lon="9.099239"><ele>250</ele></trkpt>
   <trkpt lat="45.715521" lon="9.099153"><ele>250</ele></trkpt>
   <trkpt lat="45.715331" lon="9.099096"><ele>250.5</ele></trkpt>
   <trkpt lat="45.714922" lon="9.098955"><ele>251</ele></trkpt>
   <trkpt lat="45.71442" lon="9.098743"><ele>250.25</ele></trkpt>
   <trkpt lat="45.713156" lon="9.09817"><ele>251</ele></trkpt>
   <trkpt lat="45.71236" lon="9.097878"><ele>250.5</ele></trkpt>
   <trkpt lat="45.71172" lon="9.097669"><ele>248</ele></trkpt>
   <trkpt lat="45.711001" lon="9.097505"><ele>243.25</ele></trkpt>
   <trkpt lat="45.710913" lon="9.097488"><ele>242</ele></trkpt>
   <trkpt lat="45.710655" lon="9.097447"><ele>242</ele></trkpt>
   <trkpt lat="45.71007" lon="9.097383"><ele>243</ele></trkpt>
   <trkpt lat="45.709563" lon="9.097354"><ele>243</ele></trkpt>
   <trkpt lat="45.7091" lon="9.097353"><ele>242.25</ele></trkpt>
   <trkpt lat="45.708494" lon="9.097384"><ele>243.25</ele></trkpt>
   <trkpt lat="45.707873" lon="9.097446"><ele>243.5</ele></trkpt>
   <trkpt lat="45.707463" lon="9.097509"><ele>245</ele></trkpt>
   <trkpt lat="45.706981" lon="9.097614"><ele>244.5</ele></trkpt>
   <trkpt lat="45.706553" lon="9.09773"><ele>243.75</ele></trkpt>
   <trkpt lat="45.706223" lon="9.097836"><ele>244.5</ele></trkpt>
   <trkpt lat="45.705714" lon="9.098021"><ele>241.25</ele></trkpt>
   <trkpt lat="45.705276" lon="9.098205"><ele>240.5</ele></trkpt>
   <trkpt lat="45.705024" lon="9.098321"><ele>240.75</ele></trkpt>
   <trkpt lat="45.704537" lon="9.098565"><ele>241</ele></trkpt>
   <trkpt lat="45.704202" lon="9.098753"><ele>240.5</ele></trkpt>
   <trkpt lat="45.703889" lon="9.098943"><ele>240</ele></trkpt>
   <trkpt lat="45.703422" lon="9.099241"><ele>238.75</ele></trkpt>
   <trkpt lat="45.703347" lon="9.099294"><ele>238.75</ele></trkpt>
   <trkpt lat="45.702501" lon="9.099924"><ele>244.75</ele></trkpt>
   <trkpt lat="45.702072" lon="9.100266"><ele>245.75</ele></trkpt>
   <trkpt lat="45.701649" lon="9.100656"><ele>248.5</ele></trkpt>
   <trkpt lat="45.701328" lon="9.100983"><ele>245</ele></trkpt>
   <trkpt lat="45.701011" lon="9.101326"><ele>243.75</ele></trkpt>
   <trkpt lat="45.700611" lon="9.101779"><ele>241.75</ele></trkpt>
   <trkpt lat="45.700435" lon="9.10199"><ele>241.5</ele></trkpt>
   <trkpt lat="45.700181" lon="9.102311"><ele>240.5</ele></trkpt>
   <trkpt lat="45.700004" lon="9.102538"><ele>239.75</ele></trkpt>
   <trkpt lat="45.699836" lon="9.102771"><ele>240</ele></trkpt>
   <trkpt lat="45.699552" lon="9.103242"><ele>238.75</ele></trkpt>
   <trkpt lat="45.699339" lon="9.103569"><ele>238.5</ele></trkpt>
   <trkpt lat="45.698974" lon="9.104148"><ele>238.25</ele></trkpt>
   <trkpt lat="45.698351" lon="9.105194"><ele>238.75</ele></trkpt>
   <trkpt lat="45.697116" lon="9.107266"><ele>239</ele></trkpt>
   <trkpt lat="45.696806" lon="9.107787"><ele>238.75</ele></trkpt>
   <trkpt lat="45.696638" lon="9.108073"><ele>238.75</ele></trkpt>
   <trkpt lat="45.695772" lon="9.109523"><ele>238</ele></trkpt>
   <trkpt lat="45.695514" lon="9.109881"><ele>238</ele></trkpt>
   <trkpt lat="45.695306" lon="9.110233"><ele>237.75</ele></trkpt>
   <trkpt lat="45.695077" lon="9.110604"><ele>238.25</ele></trkpt>
   <trkpt lat="45.692762" lon="9.114498"><ele>236</ele></trkpt>
   <trkpt lat="45.690812" lon="9.117761"><ele>234</ele></trkpt>
   <trkpt lat="45.690312" lon="9.11855"><ele>233.75</ele></trkpt>
   <trkpt lat="45.689949" lon="9.11908"><ele>233.25</ele></trkpt>
   <trkpt lat="45.689621" lon="9.11954"><ele>233</ele></trkpt>
   <trkpt lat="45.68922" lon="9.120066"><ele>232.5</ele></trkpt>
   <trkpt lat="45.689014" lon="9.120325"><ele>232.25</ele></trkpt>
   <trkpt lat="45.688422" lon="9.121042"><ele>233</ele></trkpt>
   <trkpt lat="45.688194" lon="9.121302"><ele>234.75</ele></trkpt>
   <trkpt lat="45.687638" lon="9.121868"><ele>232.25</ele></trkpt>
   <trkpt lat="45.6874" lon="9.122096"><ele>231.5</ele></trkpt>
   <trkpt lat="45.686607" lon="9.122828"><ele>230.5</ele></trkpt>
   <trkpt lat="45.686176" lon="9.123194"><ele>230.25</ele></trkpt>
   <trkpt lat="45.685806" lon="9.123486"><ele>229.75</ele></trkpt>
   <trkpt lat="45.685474" lon="9.123735"><ele>229.75</ele></trkpt>
   <trkpt lat="45.684671" lon="9.124287"><ele>229.25</ele></trkpt>
   <trkpt lat="45.684098" lon="9.124645"><ele>228.75</ele></trkpt>
   <trkpt lat="45.683683" lon="9.124882"><ele>228.5</ele></trkpt>
   <trkpt lat="45.683159" lon="9.125177"><ele>227.75</ele></trkpt>
   <trkpt lat="45.683077" lon="9.125225"><ele>227.75</ele></trkpt>
   <trkpt lat="45.674987" lon="9.129793"><ele>223.25</ele></trkpt>
   <trkpt lat="45.668731" lon="9.133309"><ele>221</ele></trkpt>
   <trkpt lat="45.668466" lon="9.133457"><ele>220.25</ele></trkpt>
   <trkpt lat="45.666011" lon="9.134841"><ele>220</ele></trkpt>
   <trkpt lat="45.665934" lon="9.134886"><ele>220</ele></trkpt>
   <trkpt lat="45.664586" lon="9.135651"><ele>219.5</ele></trkpt>
   <trkpt lat="45.664006" lon="9.136016"><ele>218.25</ele></trkpt>
   <trkpt lat="45.66387" lon="9.136109"><ele>217.75</ele></trkpt>
   <trkpt lat="45.663479" lon="9.136394"><ele>219.25</ele></trkpt>
   <trkpt lat="45.66299" lon="9.136777"><ele>218.75</ele></trkpt>
   <trkpt lat="45.662572" lon="9.137137"><ele>219.5</ele></trkpt>
   <trkpt lat="45.662085" lon="9.13759"><ele>219.25</ele></trkpt>
   <trkpt lat="45.661718" lon="9.137959"><ele>219.25</ele></trkpt>
   <trkpt lat="45.661364" lon="9.13834"><ele>219.75</ele></trkpt>
   <trkpt lat="45.661204" lon="9.138522"><ele>219.5</ele></trkpt>
   <trkpt lat="45.66087" lon="9.138916"><ele>219</ele></trkpt>
   <trkpt lat="45.66034" lon="9.1396"><ele>219.5</ele></trkpt>
   <trkpt lat="45.659887" lon="9.140242"><ele>219.75</ele></trkpt>
   <trkpt lat="45.659575" lon="9.140721"><ele>219.5</ele></trkpt>
   <trkpt lat="45.659284" lon="9.141195"><ele>218.25</ele></trkpt>
   <trkpt lat="45.658987" lon="9.14171"><ele>218.5</ele></trkpt>
   <trkpt lat="45.658572" lon="9.142497"><ele>218.75</ele></trkpt>
   <trkpt lat="45.658297" lon="9.143069"><ele>218.25</ele></trkpt>
   <trkpt lat="45.658038" lon="9.143647"><ele>218.25</ele></trkpt>
   <trkpt lat="45.657767" lon="9.14431"><ele>218.75</ele></trkpt>
   <trkpt lat="45.657708" lon="9.144462"><ele>217</ele></trkpt>
   <trkpt lat="45.657607" lon="9.144723"><ele>216.75</ele></trkpt>
   <trkpt lat="45.657379" lon="9.145355"><ele>215.75</ele></trkpt>
   <trkpt lat="45.657165" lon="9.146006"><ele>216.75</ele></trkpt>
   <trkpt lat="45.656971" lon="9.146659"><ele>219.75</ele></trkpt>
   <trkpt lat="45.656716" lon="9.147627"><ele>219.25</ele></trkpt>
   <trkpt lat="45.656621" lon="9.148034"><ele>215.25</ele></trkpt>
   <trkpt lat="45.656456" lon="9.148837"><ele>219</ele></trkpt>
   <trkpt lat="45.656378" lon="9.149251"><ele>217.5</ele></trkpt>
   <trkpt lat="45.656265" lon="9.149919"><ele>217</ele></trkpt>
   <trkpt lat="45.656145" lon="9.150769"><ele>218</ele></trkpt>
   <trkpt lat="45.656117" lon="9.15096"><ele>216.5</ele></trkpt>
   <trkpt lat="45.655713" lon="9.153878"><ele>218.25</ele></trkpt>
   <trkpt lat="45.655506" lon="9.155324"><ele>222.25</ele></trkpt>
   <trkpt lat="45.655204" lon="9.157507"><ele>219.5</ele></trkpt>
   <trkpt lat="45.651297" lon="9.185364"><ele>222</ele></trkpt>
   <trkpt lat="45.650378" lon="9.191927"><ele>220.75</ele></trkpt>
   <trkpt lat="45.650232" lon="9.192815"><ele>220.5</ele></trkpt>
   <trkpt lat="45.650109" lon="9.19345"><ele>221.25</ele></trkpt>
   <trkpt lat="45.649882" lon="9.194463"><ele>221</ele></trkpt>
   <trkpt lat="45.649694" lon="9.195175"><ele>220</ele></trkpt>
   <trkpt lat="45.649589" lon="9.195537"><ele>221.25</ele></trkpt>
   <trkpt lat="45.649482" lon="9.195886"><ele>220.5</ele></trkpt>
   <trkpt lat="45.649286" lon="9.196485"><ele>220.75</ele></trkpt>
   <trkpt lat="45.649035" lon="9.197179"><ele>221.75</ele></trkpt>
   <trkpt lat="45.648871" lon="9.197593"><ele>220.25</ele></trkpt>
   <trkpt lat="45.648577" lon="9.198293"><ele>220</ele></trkpt>
   <trkpt lat="45.648334" lon="9.198823"><ele>220</ele></trkpt>
   <trkpt lat="45.648159" lon="9.199183"><ele>220.5</ele></trkpt>
   <trkpt lat="45.647878" lon="9.199731"><ele>220</ele></trkpt>
   <trkpt lat="45.647624" lon="9.200186"><ele>220.5</ele></trkpt>
   <trkpt lat="45.64725" lon="9.200813"><ele>220</ele></trkpt>
   <trkpt lat="45.646454" lon="9.20207"><ele>220</ele></trkpt>
   <trkpt lat="45.645959" lon="9.202852"><ele>220</ele></trkpt>
   <trkpt lat="45.644766" lon="9.204729"><ele>220</ele></trkpt>
   <trkpt lat="45.644268" lon="9.205496"><ele>219</ele></trkpt>
   <trkpt lat="45.644177" lon="9.205631"><ele>219.25</ele></trkpt>
   <trkpt lat="45.643858" lon="9.206077"><ele>218.75</ele></trkpt>
   <trkpt lat="45.643516" lon="9.206514"><ele>218.5</ele></trkpt>
   <trkpt lat="45.643255" lon="9.20682"><ele>218.25</ele></trkpt>
   <trkpt lat="45.643041" lon="9.207057"><ele>218</ele></trkpt>
   <trkpt lat="45.642681" lon="9.207425"><ele>218</ele></trkpt>
   <trkpt lat="45.642378" lon="9.207709"><ele>217.25</ele></trkpt>
   <trkpt lat="45.642318" lon="9.207764"><ele>217.25</ele></trkpt>
   <trkpt lat="45.642147" lon="9.207913"><ele>216.75</ele></trkpt>
   <trkpt lat="45.641826" lon="9.208176"><ele>217</ele></trkpt>
   <trkpt lat="45.641424" lon="9.208477"><ele>216.5</ele></trkpt>
   <trkpt lat="45.641014" lon="9.208752"><ele>216.25</ele></trkpt>
   <trkpt lat="45.640796" lon="9.208886"><ele>216.75</ele></trkpt>
   <trkpt lat="45.64046" lon="9.209077"><ele>215.75</ele></trkpt>
   <trkpt lat="45.639706" lon="9.209443"><ele>215.75</ele></trkpt>
   <trkpt lat="45.634507" lon="9.211837"><ele>210.5</ele></trkpt>
   <trkpt lat="45.634005" lon="9.212119"><ele>209.75</ele></trkpt>
   <trkpt lat="45.633267" lon="9.212458"><ele>210.25</ele></trkpt>
   <trkpt lat="45.630145" lon="9.213897"><ele>206.5</ele></trkpt>
   <trkpt lat="45.630033" lon="9.21395"><ele>204.5</ele></trkpt>
   <trkpt lat="45.62897" lon="9.214438"><ele>206.75</ele></trkpt>
   <trkpt lat="45.628554" lon="9.214625"><ele>205.5</ele></trkpt>
   <trkpt lat="45.620971" lon="9.218126"><ele>201.25</ele></trkpt>
   <trkpt lat="45.620752" lon="9.218227"><ele>201.25</ele></trkpt>
   <trkpt lat="45.620169" lon="9.218495"><ele>199.75</ele></trkpt>
   <trkpt lat="45.620003" lon="9.218569"><ele>198.5</ele></trkpt>
   <trkpt lat="45.618595" lon="9.219218"><ele>198.5</ele></trkpt>
   <trkpt lat="45.618504" lon="9.219263"><ele>198.25</ele></trkpt>
   <trkpt lat="45.617963" lon="9.219536"><ele>198.75</ele></trkpt>
   <trkpt lat="45.617689" lon="9.219687"><ele>198.5</ele></trkpt>
   <trkpt lat="45.617226" lon="9.219975"><ele>198.5</ele></trkpt>
   <trkpt lat="45.616777" lon="9.220283"><ele>198.5</ele></trkpt>
   <trkpt lat="45.616572" lon="9.220437"><ele>197.75</ele></trkpt>
   <trkpt lat="45.616178" lon="9.220749"><ele>197.25</ele></trkpt>
   <trkpt lat="45.615975" lon="9.220923"><ele>197</ele></trkpt>
   <trkpt lat="45.615481" lon="9.221381"><ele>196.75</ele></trkpt>
   <trkpt lat="45.615202" lon="9.22166"><ele>196.5</ele></trkpt>
   <trkpt lat="45.61472" lon="9.22219"><ele>196.75</ele></trkpt>
   <trkpt lat="45.614495" lon="9.222453"><ele>196</ele></trkpt>
   <trkpt lat="45.61423" lon="9.222786"><ele>196</ele></trkpt>
   <trkpt lat="45.613972" lon="9.223129"><ele>195.75</ele></trkpt>
   <trkpt lat="45.613618" lon="9.223647"><ele>195</ele></trkpt>
   <trkpt lat="45.613331" lon="9.224081"><ele>189</ele></trkpt>
   <trkpt lat="45.61283" lon="9.224846"><ele>194.25</ele></trkpt>
   <trkpt lat="45.611205" lon="9.227374"><ele>192</ele></trkpt>
   <trkpt lat="45.608819" lon="9.231085"><ele>189.25</ele></trkpt>
   <trkpt lat="45.608439" lon="9.231689"><ele>189</ele></trkpt>
   <trkpt lat="45.608366" lon="9.2318"><ele>188.25</ele></trkpt>
   <trkpt lat="45.607409" lon="9.233257"><ele>188.75</ele></trkpt>
   <trkpt lat="45.607104" lon="9.233724"><ele>188.5</ele></trkpt>
   <trkpt lat="45.606574" lon="9.234544"><ele>187.75</ele></trkpt>
   <trkpt lat="45.606053" lon="9.235353"><ele>187.5</ele></trkpt>
   <trkpt lat="45.605186" lon="9.236684"><ele>187.25</ele></trkpt>
   <trkpt lat="45.604334" lon="9.238033"><ele>186.5</ele></trkpt>
   <trkpt lat="45.603945" lon="9.238656"><ele>186.75</ele></trkpt>
   <trkpt lat="45.602407" lon="9.241053"><ele>181.75</ele></trkpt>
   <trkpt lat="45.6023" lon="9.24122"><ele>180.25</ele></trkpt>
   <trkpt lat="45.599127" lon="9.246173"><ele>179.75</ele></trkpt>
   <trkpt lat="45.595527" lon="9.251772"><ele>174.5</ele></trkpt>
   <trkpt lat="45.592247" lon="9.256869"><ele>169</ele></trkpt>
   <trkpt lat="45.591478" lon="9.258061"><ele>168.5</ele></trkpt>
   <trkpt lat="45.591001" lon="9.258818"><ele>171.75</ele></trkpt>
   <trkpt lat="45.58992" lon="9.260488"><ele>171.75</ele></trkpt>
   <trkpt lat="45.589033" lon="9.261844"><ele>171</ele></trkpt>
   <trkpt lat="45.58747" lon="9.264275"><ele>166</ele></trkpt>
   <trkpt lat="45.586635" lon="9.265542"><ele>165</ele></trkpt>
   <trkpt lat="45.585585" lon="9.267187"><ele>165.75</ele></trkpt>
   <trkpt lat="45.584104" lon="9.269495"><ele>159.5</ele></trkpt>
   <trkpt lat="45.58385" lon="9.269833"><ele>159.75</ele></trkpt>
   <trkpt lat="45.583444" lon="9.270471"><ele>160.25</ele></trkpt>
   <trkpt lat="45.583268" lon="9.27075"><ele>160</ele></trkpt>
   <trkpt lat="45.583119" lon="9.27099"><ele>160</ele></trkpt>
   <trkpt lat="45.582916" lon="9.27129"><ele>160</ele></trkpt>
   <trkpt lat="45.582694" lon="9.271574"><ele>159.75</ele></trkpt>
   <trkpt lat="45.582151" lon="9.27215"><ele>159.75</ele></trkpt>
   <trkpt lat="45.581588" lon="9.272662"><ele>159.5</ele></trkpt>
   <trkpt lat="45.58118" lon="9.272958"><ele>159.5</ele></trkpt>
   <trkpt lat="45.580847" lon="9.273158"><ele>159.25</ele></trkpt>
   <trkpt lat="45.580326" lon="9.273376"><ele>159.25</ele></trkpt>
   <trkpt lat="45.580113" lon="9.273441"><ele>159.25</ele></trkpt>
   <trkpt lat="45.579894" lon="9.273488"><ele>159</ele></trkpt>
   <trkpt lat="45.579504" lon="9.273538"><ele>159.25</ele></trkpt>
   <trkpt lat="45.579339" lon="9.273543"><ele>158.75</ele></trkpt>
   <trkpt lat="45.579118" lon="9.273531"><ele>159</ele></trkpt>
   <trkpt lat="45.578815" lon="9.273485"><ele>159.25</ele></trkpt>
   <trkpt lat="45.578664" lon="9.273445"><ele>158.75</ele></trkpt>
   <trkpt lat="45.578332" lon="9.273328"><ele>157.75</ele></trkpt>
   <trkpt lat="45.578029" lon="9.273175"><ele>157.5</ele></trkpt>
   <trkpt lat="45.577901" lon="9.2731"><ele>157.75</ele></trkpt>
   <trkpt lat="45.577651" lon="9.272936"><ele>158</ele></trkpt>
   <trkpt lat="45.575714" lon="9.271662"><ele>159</ele></trkpt>
   <trkpt lat="45.575123" lon="9.271274"><ele>159</ele></trkpt>
   <trkpt lat="45.573403" lon="9.270146"><ele>158.25</ele></trkpt>
   <trkpt lat="45.571733" lon="9.269044"><ele>157.5</ele></trkpt>
   <trkpt lat="45.570497" lon="9.26821"><ele>155</ele></trkpt>
   <trkpt lat="45.5695" lon="9.267468"><ele>156.5</ele></trkpt>
   <trkpt lat="45.567829" lon="9.266151"><ele>155.75</ele></trkpt>
   <trkpt lat="45.567455" lon="9.265843"><ele>155</ele></trkpt>
   <trkpt lat="45.565931" lon="9.264522"><ele>155.5</ele></trkpt>
   <trkpt lat="45.565431" lon="9.264082"><ele>154.75</ele></trkpt>
   <trkpt lat="45.564793" lon="9.263501"><ele>154.75</ele></trkpt>
   <trkpt lat="45.56337" lon="9.262148"><ele>153.75</ele></trkpt>
   <trkpt lat="45.561595" lon="9.260458"><ele>152.75</ele></trkpt>
   <trkpt lat="45.560904" lon="9.259819"><ele>153.75</ele></trkpt>
   <trkpt lat="45.560126" lon="9.259058"><ele>153.25</ele></trkpt>
   <trkpt lat="45.559427" lon="9.258348"><ele>154.25</ele></trkpt>
   <trkpt lat="45.554969" lon="9.253658"><ele>150</ele></trkpt>
   <trkpt lat="45.55437" lon="9.253038"><ele>149.5</ele></trkpt>
   <trkpt lat="45.5488" lon="9.24728"><ele>146.5</ele></trkpt>
   <trkpt lat="45.547819" lon="9.246268"><ele>146</ele></trkpt>
   <trkpt lat="45.544547" lon="9.242888"><ele>145</ele></trkpt>
   <trkpt lat="45.542634" lon="9.240893"><ele>144</ele></trkpt>
   <trkpt lat="45.541" lon="9.239184"><ele>144</ele></trkpt>
   <trkpt lat="45.540354" lon="9.238528"><ele>144</ele></trkpt>
   <trkpt lat="45.539552" lon="9.237737"><ele>143.75</ele></trkpt>
   <trkpt lat="45.53913" lon="9.237325"><ele>143.25</ele></trkpt>
   <trkpt lat="45.537999" lon="9.236256"><ele>143</ele></trkpt>
   <trkpt lat="45.537607" lon="9.235868"><ele>143</ele></trkpt>
   <trkpt lat="45.534361" lon="9.232567"><ele>140.25</ele></trkpt>
   <trkpt lat="45.533067" lon="9.231193"><ele>139.5</ele></trkpt>
   <trkpt lat="45.531665" lon="9.229665"><ele>139</ele></trkpt>
   <trkpt lat="45.531391" lon="9.229371"><ele>139</ele></trkpt>
   <trkpt lat="45.530743" lon="9.228674"><ele>138.5</ele></trkpt>
   <trkpt lat="45.530291" lon="9.22821"><ele>138</ele></trkpt>
   <trkpt lat="45.529989" lon="9.227924"><ele>138</ele></trkpt>
   <trkpt lat="45.52979" lon="9.227743"><ele>138</ele></trkpt>
   <trkpt lat="45.529315" lon="9.22735"><ele>138</ele></trkpt>
   <trkpt lat="45.529045" lon="9.22714"><ele>138</ele></trkpt>
   <trkpt lat="45.528605" lon="9.226816"><ele>137.25</ele></trkpt>
   <trkpt lat="45.52632" lon="9.225149"><ele>135.75</ele></trkpt>
   <trkpt lat="45.525251" lon="9.224311"><ele>135.25</ele></trkpt>
   <trkpt lat="45.525124" lon="9.224236"><ele>135.25</ele></trkpt>
   <trkpt lat="45.524937" lon="9.2241"><ele>134.75</ele></trkpt>
   <trkpt lat="45.524172" lon="9.22348"><ele>134.25</ele></trkpt>
   <trkpt lat="45.52387" lon="9.223224"><ele>134.5</ele></trkpt>
   <trkpt lat="45.523334" lon="9.222867"><ele>133.5</ele></trkpt>
   <trkpt lat="45.52282" lon="9.222495"><ele>133</ele></trkpt>
   <trkpt lat="45.522683" lon="9.222404"><ele>133</ele></trkpt>
   <trkpt lat="45.522484" lon="9.222286"><ele>133</ele></trkpt>
   <trkpt lat="45.521699" lon="9.221891"><ele>132</ele></trkpt>
   <trkpt lat="45.521468" lon="9.22174"><ele>132</ele></trkpt>
   <trkpt lat="45.521337" lon="9.221642"><ele>132</ele></trkpt>
   <trkpt lat="45.521116" lon="9.221449"><ele>132</ele></trkpt>
   <trkpt lat="45.520877" lon="9.221239"><ele>132.25</ele></trkpt>
   <trkpt lat="45.52057" lon="9.220961"><ele>132.25</ele></trkpt>
   <trkpt lat="45.520315" lon="9.220674"><ele>132</ele></trkpt>
   <trkpt lat="45.520134" lon="9.220519"><ele>132</ele></trkpt>
   <trkpt lat="45.519896" lon="9.220307"><ele>132</ele></trkpt>
   <trkpt lat="45.519637" lon="9.220104"><ele>132</ele></trkpt>
   <trkpt lat="45.519002" lon="9.219637"><ele>131.75</ele></trkpt>
   <trkpt lat="45.518635" lon="9.219356"><ele>131.75</ele></trkpt>
   <trkpt lat="45.518609" lon="9.219339"><ele>131.75</ele></trkpt>
   <trkpt lat="45.518438" lon="9.219213"><ele>131.75</ele></trkpt>
   <trkpt lat="45.51841" lon="9.219194"><ele>131.75</ele></trkpt>
   <trkpt lat="45.516676" lon="9.217847"><ele>131.75</ele></trkpt>
   <trkpt lat="45.516207" lon="9.217489"><ele>132</ele></trkpt>
   <trkpt lat="45.515768" lon="9.217166"><ele>132</ele></trkpt>
   <trkpt lat="45.51555" lon="9.216939"><ele>131.75</ele></trkpt>
   <trkpt lat="45.515249" lon="9.216614"><ele>131.75</ele></trkpt>
   <trkpt lat="45.515085" lon="9.216419"><ele>131.5</ele></trkpt>
   <trkpt lat="45.514995" lon="9.216325"><ele>131.75</ele></trkpt>
   <trkpt lat="45.514883" lon="9.216223"><ele>131.25</ele></trkpt>
   <trkpt lat="45.514755" lon="9.216124"><ele>131</ele></trkpt>
   <trkpt lat="45.514586" lon="9.216009"><ele>131</ele></trkpt>
   <trkpt lat="45.514319" lon="9.215798"><ele>131</ele></trkpt>
   <trkpt lat="45.513851" lon="9.215523"><ele>131</ele></trkpt>
   <trkpt lat="45.513641" lon="9.215386"><ele>131</ele></trkpt>
   <trkpt lat="45.511463" lon="9.213781"><ele>130</ele></trkpt>
   <trkpt lat="45.509791" lon="9.212534"><ele>130</ele></trkpt>
   <trkpt lat="45.509451" lon="9.212284"><ele>129.75</ele></trkpt>
   <trkpt lat="45.509101" lon="9.212056"><ele>130</ele></trkpt>
   <trkpt lat="45.508956" lon="9.211977"><ele>130</ele></trkpt>
   <trkpt lat="45.508793" lon="9.211894"><ele>130</ele></trkpt>
   <trkpt lat="45.508625" lon="9.211826"><ele>130</ele></trkpt>
   <trkpt lat="45.508455" lon="9.211768"><ele>130</ele></trkpt>
   <trkpt lat="45.508161" lon="9.211693"><ele>129.75</ele></trkpt>
   <trkpt lat="45.507829" lon="9.211642"><ele>129.75</ele></trkpt>
   <trkpt lat="45.50766" lon="9.211633"><ele>129.75</ele></trkpt>
   <trkpt lat="45.507478" lon="9.211636"><ele>130</ele></trkpt>
   <trkpt lat="45.507104" lon="9.211676"><ele>129.75</ele></trkpt>
   <trkpt lat="45.506729" lon="9.211747"><ele>130</ele></trkpt>
   <trkpt lat="45.506372" lon="9.211841"><ele>130.5</ele></trkpt>
   <trkpt lat="45.506027" lon="9.211974"><ele>130</ele></trkpt>
   <trkpt lat="45.505857" lon="9.212054"><ele>130.75</ele></trkpt>
   <trkpt lat="45.505521" lon="9.212237"><ele>130.75</ele></trkpt>
   <trkpt lat="45.505221" lon="9.212431"><ele>131</ele></trkpt>
   <trkpt lat="45.50475" lon="9.212792"><ele>130.75</ele></trkpt>
   <trkpt lat="45.502151" lon="9.214862"><ele>131</ele></trkpt>
   <trkpt lat="45.501728" lon="9.21517"><ele>131</ele></trkpt>
   <trkpt lat="45.501299" lon="9.215417"><ele>130.5</ele></trkpt>
   <trkpt lat="45.501003" lon="9.215551"><ele>130</ele></trkpt>
   <trkpt lat="45.500719" lon="9.215648"><ele>130</ele></trkpt>
   <trkpt lat="45.500283" lon="9.215748"><ele>130</ele></trkpt>
   <trkpt lat="45.500067" lon="9.215773"><ele>130.5</ele></trkpt>
   <trkpt lat="45.499919" lon="9.215777"><ele>130.75</ele></trkpt>
   <trkpt lat="45.499661" lon="9.215752"><ele>130.75</ele></trkpt>
   <trkpt lat="45.499597" lon="9.215748"><ele>130.75</ele></trkpt>
   <trkpt lat="45.499394" lon="9.215727"><ele>130.75</ele></trkpt>
   <trkpt lat="45.499344" lon="9.215711"><ele>131</ele></trkpt>
   <trkpt lat="45.498976" lon="9.21561"><ele>131</ele></trkpt>
   <trkpt lat="45.498585" lon="9.215489"><ele>131.25</ele></trkpt>
   <trkpt lat="45.498289" lon="9.215377"><ele>131.5</ele></trkpt>
   <trkpt lat="45.496312" lon="9.214319"><ele>131</ele></trkpt>
   <trkpt lat="45.495897" lon="9.214067"><ele>130.5</ele></trkpt>
   <trkpt lat="45.495701" lon="9.213931"><ele>130.25</ele></trkpt>
   <trkpt lat="45.495484" lon="9.213761"><ele>130.5</ele></trkpt>
   <trkpt lat="45.495295" lon="9.213592"><ele>130.75</ele></trkpt>
   <trkpt lat="45.494821" lon="9.21319"><ele>130</ele></trkpt>
   <trkpt lat="45.494306" lon="9.212684"><ele>130</ele></trkpt>
   <trkpt lat="45.494003" lon="9.212378"><ele>130</ele></trkpt>
   <trkpt lat="45.493667" lon="9.212037"><ele>130</ele></trkpt>
   <trkpt lat="45.493161" lon="9.211517"><ele>130</ele></trkpt>
   <trkpt lat="45.492936" lon="9.21129"><ele>130</ele></trkpt>
   <trkpt lat="45.492579" lon="9.210937"><ele>130</ele></trkpt>
   <trkpt lat="45.492312" lon="9.210667"><ele>130</ele></trkpt>
   <trkpt lat="45.491803" lon="9.210155"><ele>130</ele></trkpt>
   <trkpt lat="45.49167" lon="9.210025"><ele>130</ele></trkpt>
   <trkpt lat="45.491324" lon="9.209673"><ele>130</ele></trkpt>
   <trkpt lat="45.490465" lon="9.208825"><ele>130</ele></trkpt>
   <trkpt lat="45.490213" lon="9.208577"><ele>130</ele></trkpt>
   <trkpt lat="45.489942" lon="9.208234"><ele>130</ele></trkpt>
   <trkpt lat="45.489782" lon="9.20808"><ele>130</ele></trkpt>
   <trkpt lat="45.489659" lon="9.207981"><ele>130</ele></trkpt>
   <trkpt lat="45.489369" lon="9.207754"><ele>130</ele></trkpt>
   <trkpt lat="45.48909" lon="9.207478"><ele>130</ele></trkpt>
   <trkpt lat="45.488633" lon="9.206978"><ele>130</ele></trkpt>
   <trkpt lat="45.486303" lon="9.204625"><ele>128.75</ele></trkpt>
   <trkpt lat="45.488633" lon="9.206978"><ele>130</ele></trkpt>
   <trkpt lat="45.48909" lon="9.207478"><ele>130</ele></trkpt>
   <trkpt lat="45.489369" lon="9.207754"><ele>130</ele></trkpt>
   <trkpt lat="45.489659" lon="9.207981"><ele>130</ele></trkpt>
   <trkpt lat="45.489782" lon="9.20808"><ele>130</ele></trkpt>
   <trkpt lat="45.489942" lon="9.208234"><ele>130</ele></trkpt>
   <trkpt lat="45.490213" lon="9.208577"><ele>130</ele></trkpt>
   <trkpt lat="45.490465" lon="9.208825"><ele>130</ele></trkpt>
   <trkpt lat="45.490686" lon="9.209104"><ele>130</ele></trkpt>
   <trkpt lat="45.490835" lon="9.209274"><ele>130</ele></trkpt>
   <trkpt lat="45.49103" lon="9.209467"><ele>130</ele></trkpt>
   <trkpt lat="45.491233" lon="9.209664"><ele>130</ele></trkpt>
   <trkpt lat="45.49158" lon="9.21002"><ele>130</ele></trkpt>
   <trkpt lat="45.491753" lon="9.210227"><ele>130</ele></trkpt>
   <trkpt lat="45.491923" lon="9.210424"><ele>130</ele></trkpt>
   <trkpt lat="45.492326" lon="9.210825"><ele>130</ele></trkpt>
   <trkpt lat="45.492551" lon="9.211048"><ele>130</ele></trkpt>
   <trkpt lat="45.492824" lon="9.211323"><ele>130</ele></trkpt>
   <trkpt lat="45.493097" lon="9.211598"><ele>130</ele></trkpt>
   <trkpt lat="45.493375" lon="9.211964"><ele>130</ele></trkpt>
   <trkpt lat="45.493599" lon="9.212244"><ele>130</ele></trkpt>
   <trkpt lat="45.493819" lon="9.212529"><ele>130</ele></trkpt>
   <trkpt lat="45.494059" lon="9.212841"><ele>130</ele></trkpt>
   <trkpt lat="45.494334" lon="9.213195"><ele>130</ele></trkpt>
   <trkpt lat="45.494426" lon="9.213298"><ele>130</ele></trkpt>
   <trkpt lat="45.494858" lon="9.213751"><ele>130</ele></trkpt>
   <trkpt lat="45.495379" lon="9.214307"><ele>130.75</ele></trkpt>
   <trkpt lat="45.495655" lon="9.214635"><ele>130.5</ele></trkpt>
   <trkpt lat="45.495767" lon="9.214788"><ele>130.25</ele></trkpt>
   <trkpt lat="45.496012" lon="9.215158"><ele>130.5</ele></trkpt>
   <trkpt lat="45.496204" lon="9.215498"><ele>130.5</ele></trkpt>
   <trkpt lat="45.49642" lon="9.215941"><ele>130.75</ele></trkpt>
   <trkpt lat="45.496573" lon="9.21632"><ele>130.25</ele></trkpt>
   <trkpt lat="45.496645" lon="9.216517"><ele>131</ele></trkpt>
   <trkpt lat="45.496771" lon="9.216915"><ele>130.5</ele></trkpt>
   <trkpt lat="45.496836" lon="9.21716"><ele>127.5</ele></trkpt>
   <trkpt lat="45.496888" lon="9.217394"><ele>127.25</ele></trkpt>
   <trkpt lat="45.496967" lon="9.217846"><ele>131.75</ele></trkpt>
   <trkpt lat="45.496994" lon="9.218086"><ele>131.25</ele></trkpt>
   <trkpt lat="45.49701" lon="9.218329"><ele>130.25</ele></trkpt>
   <trkpt lat="45.49702" lon="9.218737"><ele>130</ele></trkpt>
   <trkpt lat="45.497012" lon="9.219182"><ele>129.75</ele></trkpt>
   <trkpt lat="45.496924" lon="9.220805"><ele>128.75</ele></trkpt>
   <trkpt lat="45.49688" lon="9.221482"><ele>128.5</ele></trkpt>
   <trkpt lat="45.4968" lon="9.222717"><ele>128.5</ele></trkpt>
   <trkpt lat="45.496777" lon="9.223006"><ele>128.75</ele></trkpt>
   <trkpt lat="45.496723" lon="9.223518"><ele>130</ele></trkpt>
   <trkpt lat="45.496682" lon="9.223804"><ele>129.25</ele></trkpt>
   <trkpt lat="45.496643" lon="9.224028"><ele>129.75</ele></trkpt>
   <trkpt lat="45.496532" lon="9.224551"><ele>129</ele></trkpt>
   <trkpt lat="45.496469" lon="9.224804"><ele>130.25</ele></trkpt>
   <trkpt lat="45.496375" lon="9.225138"><ele>130.5</ele></trkpt>
   <trkpt lat="45.496206" lon="9.22564"><ele>128.5</ele></trkpt>
   <trkpt lat="45.496124" lon="9.225857"><ele>130</ele></trkpt>
   <trkpt lat="45.495975" lon="9.226213"><ele>127.5</ele></trkpt>
   <trkpt lat="45.495929" lon="9.226315"><ele>127</ele></trkpt>
   <trkpt lat="45.495839" lon="9.226505"><ele>128</ele></trkpt>
   <trkpt lat="45.495635" lon="9.226897"><ele>129.5</ele></trkpt>
   <trkpt lat="45.495419" lon="9.227258"><ele>128.5</ele></trkpt>
   <trkpt lat="45.495305" lon="9.227435"><ele>129</ele></trkpt>
   <trkpt lat="45.49516" lon="9.227641"><ele>128.5</ele></trkpt>
   <trkpt lat="45.495021" lon="9.227827"><ele>129.75</ele></trkpt>
   <trkpt lat="45.494833" lon="9.228059"><ele>128</ele></trkpt>
   <trkpt lat="45.49471" lon="9.228199"><ele>126.75</ele></trkpt>
   <trkpt lat="45.494454" lon="9.228466"><ele>124</ele></trkpt>
   <trkpt lat="45.494306" lon="9.228608"><ele>124.75</ele></trkpt>
   <trkpt lat="45.492639" lon="9.230113"><ele>125.75</ele></trkpt>
   <trkpt lat="45.492272" lon="9.230434"><ele>124.5</ele></trkpt>
   <trkpt lat="45.48962" lon="9.232779"><ele>125</ele></trkpt>
   <trkpt lat="45.486962" lon="9.235127"><ele>124.25</ele></trkpt>
   <trkpt lat="45.485408" lon="9.236505"><ele>123.25</ele></trkpt>
   <trkpt lat="45.485246" lon="9.236641"><ele>123.5</ele></trkpt>
   <trkpt lat="45.484882" lon="9.236923"><ele>122.75</ele></trkpt>
   <trkpt lat="45.484577" lon="9.23714"><ele>123.5</ele></trkpt>
   <trkpt lat="45.484321" lon="9.237307"><ele>123</ele></trkpt>
   <trkpt lat="45.484027" lon="9.237474"><ele>122</ele></trkpt>
   <trkpt lat="45.483734" lon="9.237622"><ele>121.75</ele></trkpt>
   <trkpt lat="45.483492" lon="9.237725"><ele>122</ele></trkpt>
   <trkpt lat="45.483156" lon="9.237844"><ele>120</ele></trkpt>
   <trkpt lat="45.482755" lon="9.237948"><ele>121.5</ele></trkpt>
   <trkpt lat="45.482462" lon="9.238004"><ele>120.25</ele></trkpt>
   <trkpt lat="45.480951" lon="9.23828"><ele>121</ele></trkpt>
   <trkpt lat="45.480644" lon="9.238321"><ele>121</ele></trkpt>
   <trkpt lat="45.480354" lon="9.238337"><ele>121</ele></trkpt>
   <trkpt lat="45.480091" lon="9.238338"><ele>120.25</ele></trkpt>
   <trkpt lat="45.477127" lon="9.238217"><ele>120.25</ele></trkpt>
   <trkpt lat="45.476711" lon="9.238243"><ele>120.5</ele></trkpt>
   <trkpt lat="45.476297" lon="9.238228"><ele>120.25</ele></trkpt>
   <trkpt lat="45.476007" lon="9.238218"><ele>120</ele></trkpt>
   <trkpt lat="45.47541" lon="9.238267"><ele>121.5</ele></trkpt>
   <trkpt lat="45.475044" lon="9.23825"><ele>121</ele></trkpt>
   <trkpt lat="45.474669" lon="9.238233"><ele>120.75</ele></trkpt>
   <trkpt lat="45.474224" lon="9.238256"><ele>121.5</ele></trkpt>
   <trkpt lat="45.473665" lon="9.238231"><ele>121.5</ele></trkpt>
   <trkpt lat="45.470978" lon="9.238127"><ele>119.75</ele></trkpt>
   <trkpt lat="45.470881" lon="9.238125"><ele>118.75</ele></trkpt>
   <trkpt lat="45.469876" lon="9.238082"><ele>120</ele></trkpt>
   <trkpt lat="45.469465" lon="9.238066"><ele>117</ele></trkpt>
   <trkpt lat="45.466587" lon="9.237938"><ele>118.5</ele></trkpt>
   <trkpt lat="45.462195" lon="9.237765"><ele>110.75</ele></trkpt>
   <trkpt lat="45.461782" lon="9.237749"><ele>114</ele></trkpt>
   <trkpt lat="45.455899" lon="9.237509"><ele>114.5</ele></trkpt>
   <trkpt lat="45.454568" lon="9.237447"><ele>114</ele></trkpt>
   <trkpt lat="45.453836" lon="9.237386"><ele>113.75</ele></trkpt>
   <trkpt lat="45.451024" lon="9.237028"><ele>112.5</ele></trkpt>
   <trkpt lat="45.450741" lon="9.236979"><ele>112.5</ele></trkpt>
   <trkpt lat="45.450613" lon="9.236958"><ele>112</ele></trkpt>
   <trkpt lat="45.450473" lon="9.236924"><ele>112</ele></trkpt>
   <trkpt lat="45.450177" lon="9.236839"><ele>112</ele></trkpt>
   <trkpt lat="45.4499" lon="9.236739"><ele>111.5</ele></trkpt>
   <trkpt lat="45.449529" lon="9.236564"><ele>111.5</ele></trkpt>
   <trkpt lat="45.449416" lon="9.236505"><ele>111.5</ele></trkpt>
   <trkpt lat="45.449128" lon="9.236328"><ele>111.75</ele></trkpt>
   <trkpt lat="45.44792" lon="9.235523"><ele>110.75</ele></trkpt>
   <trkpt lat="45.447526" lon="9.235307"><ele>110.75</ele></trkpt>
   <trkpt lat="45.447295" lon="9.235201"><ele>111</ele></trkpt>
   <trkpt lat="45.447042" lon="9.235107"><ele>110.75</ele></trkpt>
   <trkpt lat="45.44675" lon="9.235024"><ele>110.75</ele></trkpt>
   <trkpt lat="45.446427" lon="9.234961"><ele>110.25</ele></trkpt>
   <trkpt lat="45.446081" lon="9.234922"><ele>110.25</ele></trkpt>
   <trkpt lat="45.445758" lon="9.234922"><ele>110.25</ele></trkpt>
   <trkpt lat="45.445458" lon="9.234946"><ele>110</ele></trkpt>
   <trkpt lat="45.444993" lon="9.235035"><ele>110</ele></trkpt>
   <trkpt lat="45.444752" lon="9.2351"><ele>110</ele></trkpt>
   <trkpt lat="45.444478" lon="9.235198"><ele>110</ele></trkpt>
   <trkpt lat="45.444104" lon="9.235345"><ele>110</ele></trkpt>
   <trkpt lat="45.441526" lon="9.236376"><ele>109</ele></trkpt>
   <trkpt lat="45.441036" lon="9.236522"><ele>109</ele></trkpt>
   <trkpt lat="45.440656" lon="9.236672"><ele>109</ele></trkpt>
   <trkpt lat="45.440522" lon="9.236713"><ele>109</ele></trkpt>
   <trkpt lat="45.440217" lon="9.236781"><ele>109</ele></trkpt>
   <trkpt lat="45.440039" lon="9.236832"><ele>108.75</ele></trkpt>
   <trkpt lat="45.439487" lon="9.23705"><ele>109</ele></trkpt>
   <trkpt lat="45.437751" lon="9.237739"><ele>108</ele></trkpt>
   <trkpt lat="45.436752" lon="9.23811"><ele>108</ele></trkpt>
   <trkpt lat="45.436227" lon="9.238303"><ele>108</ele></trkpt>
   <trkpt lat="45.434571" lon="9.238915"><ele>108</ele></trkpt>
   <trkpt lat="45.433587" lon="9.239266"><ele>108</ele></trkpt>
   <trkpt lat="45.432104" lon="9.239767"><ele>107.5</ele></trkpt>
   <trkpt lat="45.431638" lon="9.239938"><ele>107</ele></trkpt>
   <trkpt lat="45.430532" lon="9.240354"><ele>106.5</ele></trkpt>
   <trkpt lat="45.429655" lon="9.240743"><ele>106.25</ele></trkpt>
   <trkpt lat="45.429187" lon="9.240976"><ele>106.75</ele></trkpt>
   <trkpt lat="45.428707" lon="9.241245"><ele>106</ele></trkpt>
   <trkpt lat="45.428226" lon="9.241546"><ele>104.75</ele></trkpt>
   <trkpt lat="45.426345" lon="9.242788"><ele>103.75</ele></trkpt>
   <trkpt lat="45.42615" lon="9.242909"><ele>103</ele></trkpt>
   <trkpt lat="45.425819" lon="9.243148"><ele>104</ele></trkpt>
   <trkpt lat="45.425459" lon="9.24345"><ele>104</ele></trkpt>
   <trkpt lat="45.42529" lon="9.243606"><ele>104</ele></trkpt>
   <trkpt lat="45.424798" lon="9.244143"><ele>104</ele></trkpt>
   <trkpt lat="45.42457" lon="9.244413"><ele>103.25</ele></trkpt>
   <trkpt lat="45.424259" lon="9.244803"><ele>103.75</ele></trkpt>
   <trkpt lat="45.423984" lon="9.245151"><ele>105.5</ele></trkpt>
   <trkpt lat="45.422997" lon="9.246532"><ele>103.75</ele></trkpt>
   <trkpt lat="45.422774" lon="9.24687"><ele>106.5</ele></trkpt>
   <trkpt lat="45.422417" lon="9.247448"><ele>105.25</ele></trkpt>
   <trkpt lat="45.421998" lon="9.248136"><ele>105</ele></trkpt>
   <trkpt lat="45.421555" lon="9.248837"><ele>104.25</ele></trkpt>
   <trkpt lat="45.421353" lon="9.249228"><ele>104.5</ele></trkpt>
   <trkpt lat="45.421296" lon="9.24933"><ele>104</ele></trkpt>
   <trkpt lat="45.421144" lon="9.249606"><ele>104.25</ele></trkpt>
   <trkpt lat="45.420873" lon="9.25013"><ele>104.25</ele></trkpt>
   <trkpt lat="45.420682" lon="9.250475"><ele>104</ele></trkpt>
   <trkpt lat="45.420453" lon="9.25087"><ele>103</ele></trkpt>
   <trkpt lat="45.420221" lon="9.25124"><ele>103.75</ele></trkpt>
   <trkpt lat="45.419997" lon="9.251576"><ele>103.75</ele></trkpt>
   <trkpt lat="45.419822" lon="9.251822"><ele>103.75</ele></trkpt>
   <trkpt lat="45.419465" lon="9.252286"><ele>103.75</ele></trkpt>
   <trkpt lat="45.417881" lon="9.254215"><ele>103.5</ele></trkpt>
   <trkpt lat="45.412547" lon="9.260693"><ele>101.75</ele></trkpt>
   <trkpt lat="45.408804" lon="9.265217"><ele>104.5</ele></trkpt>
   <trkpt lat="45.40454" lon="9.270407"><ele>105.25</ele></trkpt>
   <trkpt lat="45.4004" lon="9.275415"><ele>99.75</ele></trkpt>
   <trkpt lat="45.399564" lon="9.276402"><ele>100</ele></trkpt>
   <trkpt lat="45.399121" lon="9.276907"><ele>99.75</ele></trkpt>
   <trkpt lat="45.399042" lon="9.276993"><ele>99.75</ele></trkpt>
   <trkpt lat="45.398388" lon="9.277706"><ele>101.5</ele></trkpt>
   <trkpt lat="45.397499" lon="9.278622"><ele>103.75</ele></trkpt>
   <trkpt lat="45.396583" lon="9.279517"><ele>102</ele></trkpt>
   <trkpt lat="45.395524" lon="9.280473"><ele>102.75</ele></trkpt>
   <trkpt lat="45.394959" lon="9.280947"><ele>102.5</ele></trkpt>
   <trkpt lat="45.39423" lon="9.281536"><ele>102</ele></trkpt>
   <trkpt lat="45.392751" lon="9.282642"><ele>103.75</ele></trkpt>
   <trkpt lat="45.392224" lon="9.283005"><ele>104.25</ele></trkpt>
   <trkpt lat="45.391299" lon="9.283609"><ele>103.5</ele></trkpt>
   <trkpt lat="45.390255" lon="9.284235"><ele>101.75</ele></trkpt>
   <trkpt lat="45.389935" lon="9.284424"><ele>100.25</ele></trkpt>
   <trkpt lat="45.386087" lon="9.286635"><ele>99.75</ele></trkpt>
   <trkpt lat="45.385612" lon="9.28691"><ele>98.75</ele></trkpt>
   <trkpt lat="45.377924" lon="9.291314"><ele>95.5</ele></trkpt>
   <trkpt lat="45.376239" lon="9.292268"><ele>94.25</ele></trkpt>
   <trkpt lat="45.376115" lon="9.292339"><ele>93.25</ele></trkpt>
   <trkpt lat="45.373673" lon="9.293747"><ele>95.25</ele></trkpt>
   <trkpt lat="45.373264" lon="9.293973"><ele>95.25</ele></trkpt>
   <trkpt lat="45.372976" lon="9.294142"><ele>91.75</ele></trkpt>
   <trkpt lat="45.372563" lon="9.294381"><ele>93.25</ele></trkpt>
   <trkpt lat="45.372434" lon="9.294454"><ele>93.75</ele></trkpt>
   <trkpt lat="45.370183" lon="9.295755"><ele>95.75</ele></trkpt>
   <trkpt lat="45.370052" lon="9.295831"><ele>95.75</ele></trkpt>
   <trkpt lat="45.368629" lon="9.296675"><ele>98.5</ele></trkpt>
   <trkpt lat="45.367729" lon="9.297241"><ele>98.25</ele></trkpt>
   <trkpt lat="45.36688" lon="9.297803"><ele>97.25</ele></trkpt>
   <trkpt lat="45.366741" lon="9.2979"><ele>95</ele></trkpt>
   <trkpt lat="45.365487" lon="9.298829"><ele>96.25</ele></trkpt>
   <trkpt lat="45.36518" lon="9.299069"><ele>96.25</ele></trkpt>
   <trkpt lat="45.365095" lon="9.299137"><ele>97.25</ele></trkpt>
   <trkpt lat="45.363943" lon="9.300103"><ele>96.75</ele></trkpt>
   <trkpt lat="45.363155" lon="9.300801"><ele>97.25</ele></trkpt>
   <trkpt lat="45.362318" lon="9.301585"><ele>97.5</ele></trkpt>
   <trkpt lat="45.361977" lon="9.301927"><ele>98.25</ele></trkpt>
   <trkpt lat="45.361896" lon="9.30201"><ele>97.25</ele></trkpt>
   <trkpt lat="45.360862" lon="9.303087"><ele>98</ele></trkpt>
   <trkpt lat="45.360085" lon="9.303954"><ele>96.25</ele></trkpt>
   <trkpt lat="45.359891" lon="9.304182"><ele>94.75</ele></trkpt>
   <trkpt lat="45.359807" lon="9.30428"><ele>94.5</ele></trkpt>
   <trkpt lat="45.359369" lon="9.304801"><ele>96.5</ele></trkpt>
   <trkpt lat="45.35867" lon="9.305676"><ele>95.75</ele></trkpt>
   <trkpt lat="45.358601" lon="9.305771"><ele>95.25</ele></trkpt>
   <trkpt lat="45.35797" lon="9.306563"><ele>96</ele></trkpt>
   <trkpt lat="45.35772" lon="9.306889"><ele>96.5</ele></trkpt>
   <trkpt lat="45.357105" lon="9.307728"><ele>93.75</ele></trkpt>
   <trkpt lat="45.356869" lon="9.308086"><ele>92.25</ele></trkpt>
   <trkpt lat="45.356004" lon="9.3094"><ele>95.25</ele></trkpt>
   <trkpt lat="45.355638" lon="9.309976"><ele>94</ele></trkpt>
   <trkpt lat="45.355415" lon="9.310334"><ele>93.5</ele></trkpt>
   <trkpt lat="45.355216" lon="9.310648"><ele>95.5</ele></trkpt>
   <trkpt lat="45.354517" lon="9.31191"><ele>94.5</ele></trkpt>
   <trkpt lat="45.354406" lon="9.312106"><ele>93.75</ele></trkpt>
   <trkpt lat="45.354018" lon="9.312812"><ele>94.25</ele></trkpt>
   <trkpt lat="45.353493" lon="9.313837"><ele>92</ele></trkpt>
   <trkpt lat="45.3534" lon="9.314017"><ele>93.25</ele></trkpt>
   <trkpt lat="45.352725" lon="9.315397"><ele>95</ele></trkpt>
   <trkpt lat="45.352308" lon="9.316331"><ele>93.75</ele></trkpt>
   <trkpt lat="45.351952" lon="9.317141"><ele>92.75</ele></trkpt>
   <trkpt lat="45.351395" lon="9.318492"><ele>91.25</ele></trkpt>
   <trkpt lat="45.351212" lon="9.318963"><ele>90.75</ele></trkpt>
   <trkpt lat="45.350568" lon="9.32068"><ele>90.75</ele></trkpt>
   <trkpt lat="45.34996" lon="9.322498"><ele>91</ele></trkpt>
   <trkpt lat="45.349818" lon="9.322936"><ele>90.25</ele></trkpt>
   <trkpt lat="45.349536" lon="9.323857"><ele>92.25</ele></trkpt>
   <trkpt lat="45.348264" lon="9.328261"><ele>87.75</ele></trkpt>
   <trkpt lat="45.348188" lon="9.328528"><ele>86</ele></trkpt>
   <trkpt lat="45.347269" lon="9.331706"><ele>87.25</ele></trkpt>
   <trkpt lat="45.347231" lon="9.33184"><ele>85.5</ele></trkpt>
   <trkpt lat="45.346221" lon="9.335385"><ele>84.25</ele></trkpt>
   <trkpt lat="45.345924" lon="9.336401"><ele>79.25</ele></trkpt>
   <trkpt lat="45.345079" lon="9.339247"><ele>85.75</ele></trkpt>
   <trkpt lat="45.344556" lon="9.340853"><ele>85</ele></trkpt>
   <trkpt lat="45.343671" lon="9.343457"><ele>86.25</ele></trkpt>
   <trkpt lat="45.343647" lon="9.343527"><ele>86.5</ele></trkpt>
   <trkpt lat="45.343512" lon="9.343919"><ele>86.25</ele></trkpt>
   <trkpt lat="45.34222" lon="9.347658"><ele>86.75</ele></trkpt>
   <trkpt lat="45.341512" lon="9.349716"><ele>87.25</ele></trkpt>
   <trkpt lat="45.341461" lon="9.349855"><ele>87</ele></trkpt>
   <trkpt lat="45.341381" lon="9.3501"><ele>86.5</ele></trkpt>
   <trkpt lat="45.340887" lon="9.351567"><ele>84</ele></trkpt>
   <trkpt lat="45.340511" lon="9.352618"><ele>84</ele></trkpt>
   <trkpt lat="45.340188" lon="9.353585"><ele>85</ele></trkpt>
   <trkpt lat="45.339706" lon="9.354885"><ele>86</ele></trkpt>
   <trkpt lat="45.33923" lon="9.35616"><ele>87</ele></trkpt>
   <trkpt lat="45.338719" lon="9.357457"><ele>87</ele></trkpt>
   <trkpt lat="45.338209" lon="9.358701"><ele>87</ele></trkpt>
   <trkpt lat="45.337872" lon="9.359504"><ele>87.25</ele></trkpt>
   <trkpt lat="45.337764" lon="9.359747"><ele>85</ele></trkpt>
   <trkpt lat="45.337562" lon="9.360211"><ele>86.25</ele></trkpt>
   <trkpt lat="45.337359" lon="9.360675"><ele>86</ele></trkpt>
   <trkpt lat="45.336436" lon="9.362663"><ele>86</ele></trkpt>
   <trkpt lat="45.335885" lon="9.363803"><ele>86</ele></trkpt>
   <trkpt lat="45.33531" lon="9.364949"><ele>86</ele></trkpt>
   <trkpt lat="45.335013" lon="9.365513"><ele>86</ele></trkpt>
   <trkpt lat="45.334941" lon="9.365648"><ele>86</ele></trkpt>
   <trkpt lat="45.334732" lon="9.366042"><ele>86</ele></trkpt>
   <trkpt lat="45.333761" lon="9.367792"><ele>85</ele></trkpt>
   <trkpt lat="45.333312" lon="9.36856"><ele>85</ele></trkpt>
   <trkpt lat="45.332814" lon="9.369382"><ele>85</ele></trkpt>
   <trkpt lat="45.332271" lon="9.370281"><ele>85</ele></trkpt>
   <trkpt lat="45.331014" lon="9.372238"><ele>85.75</ele></trkpt>
   <trkpt lat="45.329832" lon="9.373951"><ele>85</ele></trkpt>
   <trkpt lat="45.329106" lon="9.374968"><ele>85</ele></trkpt>
   <trkpt lat="45.328391" lon="9.375919"><ele>85.25</ele></trkpt>
   <trkpt lat="45.327154" lon="9.377485"><ele>85</ele></trkpt>
   <trkpt lat="45.325911" lon="9.378965"><ele>84.75</ele></trkpt>
   <trkpt lat="45.324631" lon="9.380391"><ele>84.5</ele></trkpt>
   <trkpt lat="45.323338" lon="9.381781"><ele>84.5</ele></trkpt>
   <trkpt lat="45.321516" lon="9.383542"><ele>83.5</ele></trkpt>
   <trkpt lat="45.319683" lon="9.385225"><ele>83</ele></trkpt>
   <trkpt lat="45.31807" lon="9.386691"><ele>82</ele></trkpt>
   <trkpt lat="45.316607" lon="9.388049"><ele>82</ele></trkpt>
   <trkpt lat="45.316009" lon="9.388616"><ele>82</ele></trkpt>
   <trkpt lat="45.314754" lon="9.389887"><ele>82</ele></trkpt>
   <trkpt lat="45.313482" lon="9.39123"><ele>82.5</ele></trkpt>
   <trkpt lat="45.312024" lon="9.392902"><ele>82.5</ele></trkpt>
   <trkpt lat="45.311829" lon="9.393136"><ele>82.5</ele></trkpt>
   <trkpt lat="45.311791" lon="9.393182"><ele>82.5</ele></trkpt>
   <trkpt lat="45.310998" lon="9.394135"><ele>82.25</ele></trkpt>
   <trkpt lat="45.309828" lon="9.395637"><ele>82.5</ele></trkpt>
   <trkpt lat="45.30866" lon="9.397186"><ele>82.5</ele></trkpt>
   <trkpt lat="45.307446" lon="9.398879"><ele>82</ele></trkpt>
   <trkpt lat="45.301248" lon="9.407431"><ele>80.5</ele></trkpt>
   <trkpt lat="45.301146" lon="9.407567"><ele>81</ele></trkpt>
   <trkpt lat="45.299734" lon="9.40957"><ele>81.5</ele></trkpt>
   <trkpt lat="45.298363" lon="9.411563"><ele>81</ele></trkpt>
   <trkpt lat="45.296122" lon="9.415022"><ele>81</ele></trkpt>
   <trkpt lat="45.295589" lon="9.415885"><ele>80.75</ele></trkpt>
   <trkpt lat="45.294017" lon="9.418504"><ele>80.25</ele></trkpt>
   <trkpt lat="45.292474" lon="9.421191"><ele>78.25</ele></trkpt>
   <trkpt lat="45.287091" lon="9.430971"><ele>78.75</ele></trkpt>
   <trkpt lat="45.28557" lon="9.433702"><ele>78.5</ele></trkpt>
   <trkpt lat="45.28289" lon="9.43856"><ele>78.25</ele></trkpt>
   <trkpt lat="45.280513" lon="9.442596"><ele>77</ele></trkpt>
   <trkpt lat="45.280131" lon="9.443276"><ele>76.75</ele></trkpt>
   <trkpt lat="45.278791" lon="9.445275"><ele>76.25</ele></trkpt>
   <trkpt lat="45.278449" lon="9.445799"><ele>76.5</ele></trkpt>
   <trkpt lat="45.27813" lon="9.446286"><ele>77.5</ele></trkpt>
   <trkpt lat="45.277945" lon="9.446576"><ele>81.75</ele></trkpt>
   <trkpt lat="45.274866" lon="9.451279"><ele>78</ele></trkpt>
   <trkpt lat="45.270859" lon="9.457438"><ele>76</ele></trkpt>
   <trkpt lat="45.270193" lon="9.458429"><ele>75.5</ele></trkpt>
   <trkpt lat="45.268988" lon="9.460196"><ele>75</ele></trkpt>
   <trkpt lat="45.267755" lon="9.461924"><ele>75</ele></trkpt>
   <trkpt lat="45.265916" lon="9.464397"><ele>74</ele></trkpt>
   <trkpt lat="45.261637" lon="9.470038"><ele>74</ele></trkpt>
   <trkpt lat="45.258622" lon="9.473993"><ele>72.75</ele></trkpt>
   <trkpt lat="45.256002" lon="9.477458"><ele>72.75</ele></trkpt>
   <trkpt lat="45.249699" lon="9.485725"><ele>72.75</ele></trkpt>
   <trkpt lat="45.242592" lon="9.495069"><ele>73</ele></trkpt>
   <trkpt lat="45.238814" lon="9.500029"><ele>75.75</ele></trkpt>
   <trkpt lat="45.237945" lon="9.501165"><ele>72.25</ele></trkpt>
   <trkpt lat="45.23478" lon="9.505307"><ele>72</ele></trkpt>
   <trkpt lat="45.233577" lon="9.506925"><ele>70.75</ele></trkpt>
   <trkpt lat="45.218052" lon="9.527311"><ele>69.25</ele></trkpt>
   <trkpt lat="45.216232" lon="9.529707"><ele>69.5</ele></trkpt>
   <trkpt lat="45.214197" lon="9.532342"><ele>68.5</ele></trkpt>
   <trkpt lat="45.213128" lon="9.533725"><ele>68.5</ele></trkpt>
   <trkpt lat="45.211447" lon="9.535825"><ele>68</ele></trkpt>
   <trkpt lat="45.210393" lon="9.537125"><ele>68.5</ele></trkpt>
   <trkpt lat="45.207763" lon="9.540498"><ele>68</ele></trkpt>
   <trkpt lat="45.2063" lon="9.542499"><ele>68.5</ele></trkpt>
   <trkpt lat="45.204352" lon="9.545208"><ele>67.5</ele></trkpt>
   <trkpt lat="45.201467" lon="9.549107"><ele>67.5</ele></trkpt>
   <trkpt lat="45.199253" lon="9.552023"><ele>67.5</ele></trkpt>
   <trkpt lat="45.197002" lon="9.554943"><ele>67.25</ele></trkpt>
   <trkpt lat="45.195839" lon="9.556465"><ele>67.5</ele></trkpt>
   <trkpt lat="45.194855" lon="9.557836"><ele>68.75</ele></trkpt>
   <trkpt lat="45.193545" lon="9.559737"><ele>66.75</ele></trkpt>
   <trkpt lat="45.191442" lon="9.563034"><ele>66.5</ele></trkpt>
   <trkpt lat="45.189256" lon="9.566497"><ele>66.75</ele></trkpt>
   <trkpt lat="45.187689" lon="9.568953"><ele>67</ele></trkpt>
   <trkpt lat="45.187001" lon="9.570019"><ele>66.75</ele></trkpt>
   <trkpt lat="45.182461" lon="9.577149"><ele>66.75</ele></trkpt>
   <trkpt lat="45.182033" lon="9.577825"><ele>66.5</ele></trkpt>
   <trkpt lat="45.181653" lon="9.578449"><ele>66.5</ele></trkpt>
   <trkpt lat="45.180966" lon="9.579535"><ele>66</ele></trkpt>
   <trkpt lat="45.179344" lon="9.582085"><ele>65.75</ele></trkpt>
   <trkpt lat="45.178881" lon="9.582824"><ele>65.75</ele></trkpt>
   <trkpt lat="45.177326" lon="9.585239"><ele>65.5</ele></trkpt>
   <trkpt lat="45.173565" lon="9.590959"><ele>69</ele></trkpt>
   <trkpt lat="45.172147" lon="9.593136"><ele>69.25</ele></trkpt>
   <trkpt lat="45.171331" lon="9.594378"><ele>68.5</ele></trkpt>
   <trkpt lat="45.169056" lon="9.597726"><ele>68.25</ele></trkpt>
   <trkpt lat="45.166927" lon="9.600842"><ele>65.75</ele></trkpt>
   <trkpt lat="45.163226" lon="9.6062"><ele>64</ele></trkpt>
   <trkpt lat="45.161754" lon="9.608284"><ele>64.5</ele></trkpt>
   <trkpt lat="45.160906" lon="9.609473"><ele>64.5</ele></trkpt>
   <trkpt lat="45.156087" lon="9.616209"><ele>65</ele></trkpt>
   <trkpt lat="45.153861" lon="9.619321"><ele>62</ele></trkpt>
   <trkpt lat="45.153604" lon="9.61968"><ele>61.5</ele></trkpt>
   <trkpt lat="45.152968" lon="9.620569"><ele>61.75</ele></trkpt>
   <trkpt lat="45.151269" lon="9.622996"><ele>60.5</ele></trkpt>
   <trkpt lat="45.149794" lon="9.625161"><ele>57.25</ele></trkpt>
   <trkpt lat="45.149081" lon="9.626228"><ele>61</ele></trkpt>
   <trkpt lat="45.142945" lon="9.635893"><ele>56.5</ele></trkpt>
   <trkpt lat="45.137613" lon="9.644514"><ele>49.5</ele></trkpt>
   <trkpt lat="45.137222" lon="9.645155"><ele>50.25</ele></trkpt>
   <trkpt lat="45.136429" lon="9.646551"><ele>50</ele></trkpt>
   <trkpt lat="45.136023" lon="9.647279"><ele>49.75</ele></trkpt>
   <trkpt lat="45.134867" lon="9.649463"><ele>49.25</ele></trkpt>
   <trkpt lat="45.134474" lon="9.650248"><ele>49.75</ele></trkpt>
   <trkpt lat="45.133892" lon="9.651464"><ele>49.5</ele></trkpt>
   <trkpt lat="45.133306" lon="9.652715"><ele>49.75</ele></trkpt>
   <trkpt lat="45.132439" lon="9.654678"><ele>49.75</ele></trkpt>
   <trkpt lat="45.131307" lon="9.657453"><ele>49.5</ele></trkpt>
   <trkpt lat="45.130662" lon="9.659195"><ele>50</ele></trkpt>
   <trkpt lat="45.1297" lon="9.661996"><ele>49.75</ele></trkpt>
   <trkpt lat="45.129056" lon="9.664019"><ele>48.75</ele></trkpt>
   <trkpt lat="45.128441" lon="9.66615"><ele>50</ele></trkpt>
   <trkpt lat="45.127864" lon="9.66832"><ele>50</ele></trkpt>
   <trkpt lat="45.125556" lon="9.677913"><ele>52</ele></trkpt>
   <trkpt lat="45.125104" lon="9.679657"><ele>50.75</ele></trkpt>
   <trkpt lat="45.124889" lon="9.680423"><ele>50.25</ele></trkpt>
   <trkpt lat="45.124663" lon="9.681172"><ele>51.5</ele></trkpt>
   <trkpt lat="45.124236" lon="9.682632"><ele>51.75</ele></trkpt>
   <trkpt lat="45.123279" lon="9.685526"><ele>52.5</ele></trkpt>
   <trkpt lat="45.122282" lon="9.688251"><ele>53.25</ele></trkpt>
   <trkpt lat="45.121847" lon="9.689346"><ele>53.25</ele></trkpt>
   <trkpt lat="45.121408" lon="9.690409"><ele>52.75</ele></trkpt>
   <trkpt lat="45.120502" lon="9.692484"><ele>51</ele></trkpt>
   <trkpt lat="45.119198" lon="9.695167"><ele>50.75</ele></trkpt>
   <trkpt lat="45.118049" lon="9.697349"><ele>50.5</ele></trkpt>
   <trkpt lat="45.117445" lon="9.698431"><ele>50.25</ele></trkpt>
   <trkpt lat="45.116838" lon="9.699484"><ele>49.75</ele></trkpt>
   <trkpt lat="45.115958" lon="9.700927"><ele>49.75</ele></trkpt>
   <trkpt lat="45.115774" lon="9.701268"><ele>50.25</ele></trkpt>
   <trkpt lat="45.114894" lon="9.70268"><ele>50.75</ele></trkpt>
   <trkpt lat="45.112836" lon="9.705952"><ele>50.25</ele></trkpt>
   <trkpt lat="45.112013" lon="9.707239"><ele>49.25</ele></trkpt>
   <trkpt lat="45.111184" lon="9.708459"><ele>46.5</ele></trkpt>
   <trkpt lat="45.11107" lon="9.708632"><ele>44.75</ele></trkpt>
   <trkpt lat="45.110993" lon="9.70875"><ele>47.25</ele></trkpt>
   <trkpt lat="45.110778" lon="9.709045"><ele>49.25</ele></trkpt>
   <trkpt lat="45.109589" lon="9.710808"><ele>50.5</ele></trkpt>
   <trkpt lat="45.109044" lon="9.711502"><ele>51.25</ele></trkpt>
   <trkpt lat="45.108523" lon="9.712307"><ele>51.25</ele></trkpt>
   <trkpt lat="45.107594" lon="9.713599"><ele>51.25</ele></trkpt>
   <trkpt lat="45.106169" lon="9.715637"><ele>51.25</ele></trkpt>
   <trkpt lat="45.104531" lon="9.717748"><ele>51.5</ele></trkpt>
   <trkpt lat="45.103246" lon="9.719346"><ele>51.5</ele></trkpt>
   <trkpt lat="45.102594" lon="9.720123"><ele>51.5</ele></trkpt>
   <trkpt lat="45.102118" lon="9.720714"><ele>51.5</ele></trkpt>
   <trkpt lat="45.100569" lon="9.722515"><ele>51.5</ele></trkpt>
   <trkpt lat="45.099696" lon="9.723495"><ele>51.75</ele></trkpt>
   <trkpt lat="45.096829" lon="9.726604"><ele>51.75</ele></trkpt>
   <trkpt lat="45.093833" lon="9.729655"><ele>52</ele></trkpt>
   <trkpt lat="45.09118" lon="9.73233"><ele>52</ele></trkpt>
   <trkpt lat="45.08868" lon="9.734764"><ele>52.25</ele></trkpt>
   <trkpt lat="45.087414" lon="9.736059"><ele>52.25</ele></trkpt>
   <trkpt lat="45.079523" lon="9.743962"><ele>52.75</ele></trkpt>
   <trkpt lat="45.076554" lon="9.746948"><ele>52.75</ele></trkpt>
   <trkpt lat="45.073955" lon="9.749574"><ele>53</ele></trkpt>
   <trkpt lat="45.072987" lon="9.750514"><ele>53</ele></trkpt>
   <trkpt lat="45.071068" lon="9.752271"><ele>53</ele></trkpt>
   <trkpt lat="45.068886" lon="9.754101"><ele>53.25</ele></trkpt>
   <trkpt lat="45.067145" lon="9.755359"><ele>53.25</ele></trkpt>
   <trkpt lat="45.063711" lon="9.757621"><ele>53.5</ele></trkpt>
   <trkpt lat="45.061859" lon="9.758698"><ele>53.5</ele></trkpt>
   <trkpt lat="45.059963" lon="9.759652"><ele>53.5</ele></trkpt>
   <trkpt lat="45.055929" lon="9.761346"><ele>53.75</ele></trkpt>
   <trkpt lat="45.049526" lon="9.763624"><ele>54</ele></trkpt>
   <trkpt lat="45.042987" lon="9.765998"><ele>54.25</ele></trkpt>
   <trkpt lat="45.037199" lon="9.768168"><ele>54.5</ele></trkpt>
   <trkpt lat="45.035408" lon="9.768898"><ele>54.5</ele></trkpt>
   <trkpt lat="45.034383" lon="9.769367"><ele>54.5</ele></trkpt>
   <trkpt lat="45.032776" lon="9.77017"><ele>54.75</ele></trkpt>
   <trkpt lat="45.031313" lon="9.770987"><ele>54.75</ele></trkpt>
   <trkpt lat="45.030087" lon="9.771715"><ele>54.75</ele></trkpt>
   <trkpt lat="45.029449" lon="9.772117"><ele>54.75</ele></trkpt>
   <trkpt lat="45.028245" lon="9.772925"><ele>55</ele></trkpt>
   <trkpt lat="45.027745" lon="9.773283"><ele>55</ele></trkpt>
   <trkpt lat="45.026239" lon="9.774404"><ele>55</ele></trkpt>
   <trkpt lat="45.023254" lon="9.776853"><ele>58.25</ele></trkpt>
   <trkpt lat="45.022319" lon="9.777748"><ele>58.75</ele></trkpt>
   <trkpt lat="45.021301" lon="9.778746"><ele>59</ele></trkpt>
   <trkpt lat="45.020179" lon="9.779919"><ele>59.25</ele></trkpt>
   <trkpt lat="45.01899" lon="9.781225"><ele>60.5</ele></trkpt>
   <trkpt lat="45.018379" lon="9.781934"><ele>61.5</ele></trkpt>
   <trkpt lat="45.017572" lon="9.782915"><ele>61.75</ele></trkpt>
   <trkpt lat="45.017123" lon="9.783459"><ele>62</ele></trkpt>
   <trkpt lat="45.015777" lon="9.785217"><ele>62.5</ele></trkpt>
   <trkpt lat="45.015535" lon="9.785553"><ele>62.75</ele></trkpt>
   <trkpt lat="45.01443" lon="9.787082"><ele>62.75</ele></trkpt>
   <trkpt lat="45.01295" lon="9.789318"><ele>61</ele></trkpt>
   <trkpt lat="45.012069" lon="9.790673"><ele>60.25</ele></trkpt>
   <trkpt lat="45.010498" lon="9.793123"><ele>60</ele></trkpt>
   <trkpt lat="45.009054" lon="9.795429"><ele>60</ele></trkpt>
   <trkpt lat="45.007496" lon="9.798192"><ele>60</ele></trkpt>
   <trkpt lat="45.006862" lon="9.799404"><ele>60</ele></trkpt>
   <trkpt lat="45.00563" lon="9.801923"><ele>60</ele></trkpt>
   <trkpt lat="45.004889" lon="9.803567"><ele>60</ele></trkpt>
   <trkpt lat="45.004358" lon="9.804765"><ele>60</ele></trkpt>
   <trkpt lat="45.00385" lon="9.806044"><ele>60</ele></trkpt>
   <trkpt lat="45.002945" lon="9.808369"><ele>59</ele></trkpt>
   <trkpt lat="45.002532" lon="9.809533"><ele>58.75</ele></trkpt>
   <trkpt lat="45.001037" lon="9.813547"><ele>59.25</ele></trkpt>
   <trkpt lat="45.000193" lon="9.815878"><ele>59</ele></trkpt>
   <trkpt lat="44.998481" lon="9.820299"><ele>60.25</ele></trkpt>
   <trkpt lat="44.997404" lon="9.823078"><ele>61</ele></trkpt>
   <trkpt lat="44.997124" lon="9.823759"><ele>61</ele></trkpt>
   <trkpt lat="44.996596" lon="9.825122"><ele>61</ele></trkpt>
   <trkpt lat="44.995512" lon="9.827971"><ele>60</ele></trkpt>
   <trkpt lat="44.994386" lon="9.830725"><ele>60</ele></trkpt>
   <trkpt lat="44.992954" lon="9.834366"><ele>60</ele></trkpt>
   <trkpt lat="44.992333" lon="9.836023"><ele>59</ele></trkpt>
   <trkpt lat="44.991169" lon="9.839145"><ele>60</ele></trkpt>
   <trkpt lat="44.989684" lon="9.842884"><ele>59.75</ele></trkpt>
   <trkpt lat="44.988677" lon="9.845331"><ele>59.75</ele></trkpt>
   <trkpt lat="44.987113" lon="9.849082"><ele>59</ele></trkpt>
   <trkpt lat="44.985342" lon="9.85328"><ele>57</ele></trkpt>
   <trkpt lat="44.985054" lon="9.853947"><ele>60.25</ele></trkpt>
   <trkpt lat="44.982372" lon="9.86037"><ele>58.5</ele></trkpt>
   <trkpt lat="44.979862" lon="9.866324"><ele>58.5</ele></trkpt>
   <trkpt lat="44.97919" lon="9.867985"><ele>59.5</ele></trkpt>
   <trkpt lat="44.978525" lon="9.869698"><ele>59.25</ele></trkpt>
   <trkpt lat="44.978138" lon="9.870749"><ele>59.25</ele></trkpt>
   <trkpt lat="44.97775" lon="9.871847"><ele>60</ele></trkpt>
   <trkpt lat="44.977372" lon="9.872945"><ele>60</ele></trkpt>
   <trkpt lat="44.977001" lon="9.874083"><ele>60</ele></trkpt>
   <trkpt lat="44.976074" lon="9.877178"><ele>60</ele></trkpt>
   <trkpt lat="44.975505" lon="9.87908"><ele>60</ele></trkpt>
   <trkpt lat="44.974473" lon="9.882462"><ele>60</ele></trkpt>
   <trkpt lat="44.973036" lon="9.886901"><ele>60</ele></trkpt>
   <trkpt lat="44.972817" lon="9.887486"><ele>60</ele></trkpt>
   <trkpt lat="44.97279" lon="9.887559"><ele>59.75</ele></trkpt>
   <trkpt lat="44.972271" lon="9.888947"><ele>59.75</ele></trkpt>
   <trkpt lat="44.97181" lon="9.890131"><ele>60</ele></trkpt>
   <trkpt lat="44.971342" lon="9.891284"><ele>60</ele></trkpt>
   <trkpt lat="44.970164" lon="9.894113"><ele>60</ele></trkpt>
   <trkpt lat="44.968819" lon="9.897296"><ele>59.25</ele></trkpt>
   <trkpt lat="44.967432" lon="9.900611"><ele>60</ele></trkpt>
   <trkpt lat="44.966491" lon="9.9028"><ele>60.75</ele></trkpt>
   <trkpt lat="44.965047" lon="9.906208"><ele>62.25</ele></trkpt>
   <trkpt lat="44.96451" lon="9.907436"><ele>62.75</ele></trkpt>
   <trkpt lat="44.963955" lon="9.908681"><ele>63.5</ele></trkpt>
   <trkpt lat="44.962646" lon="9.911481"><ele>64.75</ele></trkpt>
   <trkpt lat="44.962301" lon="9.912157"><ele>65</ele></trkpt>
   <trkpt lat="44.961725" lon="9.91331"><ele>65.5</ele></trkpt>
   <trkpt lat="44.960311" lon="9.916012"><ele>66.75</ele></trkpt>
   <trkpt lat="44.959337" lon="9.917848"><ele>67.5</ele></trkpt>
   <trkpt lat="44.959107" lon="9.918292"><ele>67.75</ele></trkpt>
   <trkpt lat="44.957715" lon="9.920878"><ele>67</ele></trkpt>
   <trkpt lat="44.956971" lon="9.922296"><ele>66.5</ele></trkpt>
   <trkpt lat="44.955202" lon="9.925614"><ele>65.75</ele></trkpt>
   <trkpt lat="44.953902" lon="9.928053"><ele>65.75</ele></trkpt>
   <trkpt lat="44.952926" lon="9.929973"><ele>62.5</ele></trkpt>
   <trkpt lat="44.951469" lon="9.933077"><ele>61</ele></trkpt>
   <trkpt lat="44.950756" lon="9.934657"><ele>60.25</ele></trkpt>
   <trkpt lat="44.949474" lon="9.937677"><ele>60</ele></trkpt>
   <trkpt lat="44.948412" lon="9.940147"><ele>60</ele></trkpt>
   <trkpt lat="44.947136" lon="9.943172"><ele>58</ele></trkpt>
   <trkpt lat="44.944854" lon="9.948524"><ele>56</ele></trkpt>
   <trkpt lat="44.94258" lon="9.953816"><ele>55</ele></trkpt>
   <trkpt lat="44.941621" lon="9.956085"><ele>54</ele></trkpt>
   <trkpt lat="44.940271" lon="9.959207"><ele>52.75</ele></trkpt>
   <trkpt lat="44.939252" lon="9.961426"><ele>51</ele></trkpt>
   <trkpt lat="44.9389" lon="9.962173"><ele>51</ele></trkpt>
   <trkpt lat="44.937909" lon="9.964217"><ele>51</ele></trkpt>
   <trkpt lat="44.936017" lon="9.968078"><ele>50</ele></trkpt>
   <trkpt lat="44.935515" lon="9.969106"><ele>50</ele></trkpt>
   <trkpt lat="44.933331" lon="9.973612"><ele>54.75</ele></trkpt>
   <trkpt lat="44.931661" lon="9.977023"><ele>54.75</ele></trkpt>
   <trkpt lat="44.928015" lon="9.984521"><ele>54.75</ele></trkpt>
   <trkpt lat="44.927355" lon="9.985854"><ele>53.5</ele></trkpt>
   <trkpt lat="44.92588" lon="9.988882"><ele>55.5</ele></trkpt>
   <trkpt lat="44.925751" lon="9.989147"><ele>53.5</ele></trkpt>
   <trkpt lat="44.923257" lon="9.994248"><ele>57.75</ele></trkpt>
   <trkpt lat="44.921936" lon="9.997011"><ele>59.5</ele></trkpt>
   <trkpt lat="44.920581" lon="9.99978"><ele>58.25</ele></trkpt>
   <trkpt lat="44.91988" lon="10.001213"><ele>56.25</ele></trkpt>
   <trkpt lat="44.917424" lon="10.00625"><ele>57.25</ele></trkpt>
   <trkpt lat="44.916371" lon="10.008439"><ele>57.75</ele></trkpt>
   <trkpt lat="44.914829" lon="10.011604"><ele>57</ele></trkpt>
   <trkpt lat="44.914131" lon="10.013004"><ele>57</ele></trkpt>
   <trkpt lat="44.912531" lon="10.016312"><ele>58.75</ele></trkpt>
   <trkpt lat="44.911627" lon="10.018141"><ele>58.75</ele></trkpt>
   <trkpt lat="44.908346" lon="10.024869"><ele>57.75</ele></trkpt>
   <trkpt lat="44.908049" lon="10.025456"><ele>57.75</ele></trkpt>
   <trkpt lat="44.907128" lon="10.027417"><ele>58</ele></trkpt>
   <trkpt lat="44.905464" lon="10.030846"><ele>57.75</ele></trkpt>
   <trkpt lat="44.903635" lon="10.034679"><ele>60.5</ele></trkpt>
   <trkpt lat="44.902249" lon="10.037644"><ele>60</ele></trkpt>
   <trkpt lat="44.901083" lon="10.040162"><ele>61</ele></trkpt>
   <trkpt lat="44.900223" lon="10.042136"><ele>60.75</ele></trkpt>
   <trkpt lat="44.899513" lon="10.043909"><ele>60.25</ele></trkpt>
   <trkpt lat="44.898344" lon="10.046921"><ele>60</ele></trkpt>
   <trkpt lat="44.897603" lon="10.049074"><ele>59.75</ele></trkpt>
   <trkpt lat="44.897056" lon="10.050723"><ele>59.75</ele></trkpt>
   <trkpt lat="44.896772" lon="10.05162"><ele>60.75</ele></trkpt>
   <trkpt lat="44.89585" lon="10.054808"><ele>61.75</ele></trkpt>
   <trkpt lat="44.895162" lon="10.057259"><ele>60</ele></trkpt>
   <trkpt lat="44.894565" lon="10.059764"><ele>60</ele></trkpt>
   <trkpt lat="44.894036" lon="10.06207"><ele>61</ele></trkpt>
   <trkpt lat="44.893366" lon="10.065537"><ele>61.75</ele></trkpt>
   <trkpt lat="44.893194" lon="10.066543"><ele>61</ele></trkpt>
   <trkpt lat="44.892719" lon="10.069527"><ele>60.75</ele></trkpt>
   <trkpt lat="44.892483" lon="10.071275"><ele>60.25</ele></trkpt>
   <trkpt lat="44.892269" lon="10.073045"><ele>59.75</ele></trkpt>
   <trkpt lat="44.892009" lon="10.07547"><ele>59.75</ele></trkpt>
   <trkpt lat="44.891783" lon="10.078001"><ele>59</ele></trkpt>
   <trkpt lat="44.891603" lon="10.080911"><ele>61.25</ele></trkpt>
   <trkpt lat="44.891349" lon="10.085453"><ele>59.75</ele></trkpt>
   <trkpt lat="44.891256" lon="10.08669"><ele>59.25</ele></trkpt>
   <trkpt lat="44.891152" lon="10.087962"><ele>59</ele></trkpt>
   <trkpt lat="44.890976" lon="10.089765"><ele>58.5</ele></trkpt>
   <trkpt lat="44.890781" lon="10.091461"><ele>57.75</ele></trkpt>
   <trkpt lat="44.890377" lon="10.094375"><ele>58</ele></trkpt>
   <trkpt lat="44.890004" lon="10.09667"><ele>59.75</ele></trkpt>
   <trkpt lat="44.88947" lon="10.099485"><ele>59.5</ele></trkpt>
   <trkpt lat="44.889042" lon="10.101419"><ele>58.25</ele></trkpt>
   <trkpt lat="44.888695" lon="10.102937"><ele>59</ele></trkpt>
   <trkpt lat="44.888307" lon="10.104432"><ele>59.75</ele></trkpt>
   <trkpt lat="44.887889" lon="10.106165"><ele>58.5</ele></trkpt>
   <trkpt lat="44.887214" lon="10.108877"><ele>61.75</ele></trkpt>
   <trkpt lat="44.886564" lon="10.111743"><ele>59.5</ele></trkpt>
   <trkpt lat="44.886185" lon="10.113718"><ele>58</ele></trkpt>
   <trkpt lat="44.886083" lon="10.114251"><ele>58.75</ele></trkpt>
   <trkpt lat="44.885629" lon="10.11693"><ele>56</ele></trkpt>
   <trkpt lat="44.885103" lon="10.120289"><ele>55</ele></trkpt>
   <trkpt lat="44.884671" lon="10.123122"><ele>55</ele></trkpt>
   <trkpt lat="44.884025" lon="10.127228"><ele>53</ele></trkpt>
   <trkpt lat="44.883791" lon="10.128833"><ele>52</ele></trkpt>
   <trkpt lat="44.883476" lon="10.130659"><ele>52</ele></trkpt>
   <trkpt lat="44.882388" lon="10.137779"><ele>51</ele></trkpt>
   <trkpt lat="44.881637" lon="10.142683"><ele>49</ele></trkpt>
   <trkpt lat="44.881203" lon="10.1454"><ele>49</ele></trkpt>
   <trkpt lat="44.880767" lon="10.148102"><ele>49</ele></trkpt>
   <trkpt lat="44.87995" lon="10.152966"><ele>48</ele></trkpt>
   <trkpt lat="44.878692" lon="10.160478"><ele>49</ele></trkpt>
   <trkpt lat="44.878596" lon="10.161017"><ele>49</ele></trkpt>
   <trkpt lat="44.878454" lon="10.161811"><ele>48.75</ele></trkpt>
   <trkpt lat="44.876343" lon="10.174077"><ele>45.75</ele></trkpt>
   <trkpt lat="44.875702" lon="10.178019"><ele>44.75</ele></trkpt>
   <trkpt lat="44.875056" lon="10.181938"><ele>44</ele></trkpt>
   <trkpt lat="44.874496" lon="10.185251"><ele>44</ele></trkpt>
   <trkpt lat="44.873363" lon="10.191886"><ele>45</ele></trkpt>
   <trkpt lat="44.872386" lon="10.197701"><ele>46</ele></trkpt>
   <trkpt lat="44.871882" lon="10.200628"><ele>46</ele></trkpt>
   <trkpt lat="44.87151" lon="10.202863"><ele>46</ele></trkpt>
   <trkpt lat="44.869696" lon="10.213533"><ele>47</ele></trkpt>
   <trkpt lat="44.869215" lon="10.216494"><ele>46.75</ele></trkpt>
   <trkpt lat="44.868959" lon="10.218284"><ele>46.5</ele></trkpt>
   <trkpt lat="44.8687" lon="10.220103"><ele>45.75</ele></trkpt>
   <trkpt lat="44.868549" lon="10.221351"><ele>47.25</ele></trkpt>
   <trkpt lat="44.867741" lon="10.229485"><ele>44</ele></trkpt>
   <trkpt lat="44.867567" lon="10.230851"><ele>44</ele></trkpt>
   <trkpt lat="44.867539" lon="10.231047"><ele>43.75</ele></trkpt>
   <trkpt lat="44.86741" lon="10.232005"><ele>44</ele></trkpt>
   <trkpt lat="44.867367" lon="10.232326"><ele>44</ele></trkpt>
   <trkpt lat="44.867242" lon="10.233089"><ele>44</ele></trkpt>
   <trkpt lat="44.867194" lon="10.233383"><ele>44</ele></trkpt>
   <trkpt lat="44.867171" lon="10.233497"><ele>44</ele></trkpt>
   <trkpt lat="44.867059" lon="10.234186"><ele>44</ele></trkpt>
   <trkpt lat="44.866897" lon="10.235137"><ele>44</ele></trkpt>
   <trkpt lat="44.866632" lon="10.236581"><ele>44</ele></trkpt>
   <trkpt lat="44.865968" lon="10.239729"><ele>44</ele></trkpt>
   <trkpt lat="44.865517" lon="10.241594"><ele>44</ele></trkpt>
   <trkpt lat="44.865053" lon="10.243456"><ele>44</ele></trkpt>
   <trkpt lat="44.864217" lon="10.246372"><ele>44</ele></trkpt>
   <trkpt lat="44.863782" lon="10.247823"><ele>44</ele></trkpt>
   <trkpt lat="44.863321" lon="10.249299"><ele>44</ele></trkpt>
   <trkpt lat="44.861893" lon="10.253628"><ele>44</ele></trkpt>
   <trkpt lat="44.859535" lon="10.260818"><ele>41</ele></trkpt>
   <trkpt lat="44.858705" lon="10.263414"><ele>41.75</ele></trkpt>
   <trkpt lat="44.85811" lon="10.265386"><ele>41.25</ele></trkpt>
   <trkpt lat="44.857465" lon="10.267795"><ele>42.75</ele></trkpt>
   <trkpt lat="44.855846" lon="10.274433"><ele>42.75</ele></trkpt>
   <trkpt lat="44.855784" lon="10.274719"><ele>42.5</ele></trkpt>
   <trkpt lat="44.855752" lon="10.274852"><ele>42</ele></trkpt>
   <trkpt lat="44.853768" lon="10.283089"><ele>40.75</ele></trkpt>
   <trkpt lat="44.853404" lon="10.284619"><ele>41</ele></trkpt>
   <trkpt lat="44.853366" lon="10.284781"><ele>41.75</ele></trkpt>
   <trkpt lat="44.848738" lon="10.303976"><ele>43.5</ele></trkpt>
   <trkpt lat="44.847842" lon="10.307797"><ele>47.75</ele></trkpt>
   <trkpt lat="44.847628" lon="10.308752"><ele>47</ele></trkpt>
   <trkpt lat="44.847309" lon="10.310318"><ele>46.25</ele></trkpt>
   <trkpt lat="44.847008" lon="10.311892"><ele>45.5</ele></trkpt>
   <trkpt lat="44.846741" lon="10.313394"><ele>44.75</ele></trkpt>
   <trkpt lat="44.846439" lon="10.315288"><ele>43.75</ele></trkpt>
   <trkpt lat="44.846155" lon="10.317232"><ele>42.5</ele></trkpt>
   <trkpt lat="44.845323" lon="10.323264"><ele>42.75</ele></trkpt>
   <trkpt lat="44.845107" lon="10.324744"><ele>41.5</ele></trkpt>
   <trkpt lat="44.84473" lon="10.326967"><ele>42.75</ele></trkpt>
   <trkpt lat="44.844328" lon="10.329057"><ele>41.25</ele></trkpt>
   <trkpt lat="44.843882" lon="10.331119"><ele>44.75</ele></trkpt>
   <trkpt lat="44.843684" lon="10.331966"><ele>44.5</ele></trkpt>
   <trkpt lat="44.843383" lon="10.333187"><ele>44.25</ele></trkpt>
   <trkpt lat="44.843029" lon="10.334547"><ele>43.75</ele></trkpt>
   <trkpt lat="44.84265" lon="10.335908"><ele>43.5</ele></trkpt>
   <trkpt lat="44.842224" lon="10.337326"><ele>43</ele></trkpt>
   <trkpt lat="44.841359" lon="10.340088"><ele>42.5</ele></trkpt>
   <trkpt lat="44.839588" lon="10.345469"><ele>41</ele></trkpt>
   <trkpt lat="44.834047" lon="10.36237"><ele>37</ele></trkpt>
   <trkpt lat="44.831985" lon="10.368614"><ele>37</ele></trkpt>
   <trkpt lat="44.829728" lon="10.375473"><ele>37.75</ele></trkpt>
   <trkpt lat="44.829265" lon="10.376826"><ele>38</ele></trkpt>
   <trkpt lat="44.828615" lon="10.378653"><ele>38</ele></trkpt>
   <trkpt lat="44.828049" lon="10.380214"><ele>38</ele></trkpt>
   <trkpt lat="44.827452" lon="10.381803"><ele>37.5</ele></trkpt>
   <trkpt lat="44.826524" lon="10.384193"><ele>37</ele></trkpt>
   <trkpt lat="44.825552" lon="10.386595"><ele>36.5</ele></trkpt>
   <trkpt lat="44.823817" lon="10.39064"><ele>35.75</ele></trkpt>
   <trkpt lat="44.82196" lon="10.394777"><ele>35.75</ele></trkpt>
   <trkpt lat="44.821528" lon="10.395736"><ele>36</ele></trkpt>
   <trkpt lat="44.820572" lon="10.397919"><ele>36</ele></trkpt>
   <trkpt lat="44.819514" lon="10.400285"><ele>36.75</ele></trkpt>
   <trkpt lat="44.818998" lon="10.401467"><ele>37.25</ele></trkpt>
   <trkpt lat="44.818489" lon="10.402664"><ele>37.25</ele></trkpt>
   <trkpt lat="44.818" lon="10.40388"><ele>37.5</ele></trkpt>
   <trkpt lat="44.816625" lon="10.407524"><ele>37.5</ele></trkpt>
   <trkpt lat="44.815997" lon="10.409236"><ele>37.25</ele></trkpt>
   <trkpt lat="44.811653" lon="10.420914"><ele>37.75</ele></trkpt>
   <trkpt lat="44.809498" lon="10.426747"><ele>38.25</ele></trkpt>
   <trkpt lat="44.807334" lon="10.43257"><ele>37.75</ele></trkpt>
   <trkpt lat="44.804584" lon="10.439941"><ele>40.75</ele></trkpt>
   <trkpt lat="44.803626" lon="10.442538"><ele>41.75</ele></trkpt>
   <trkpt lat="44.80265" lon="10.44516"><ele>39.5</ele></trkpt>
   <trkpt lat="44.801121" lon="10.449179"><ele>39.75</ele></trkpt>
   <trkpt lat="44.799546" lon="10.453157"><ele>40</ele></trkpt>
   <trkpt lat="44.797655" lon="10.457694"><ele>40</ele></trkpt>
   <trkpt lat="44.795703" lon="10.462167"><ele>40</ele></trkpt>
   <trkpt lat="44.792839" lon="10.468391"><ele>40.75</ele></trkpt>
   <trkpt lat="44.791719" lon="10.470774"><ele>42.25</ele></trkpt>
   <trkpt lat="44.788889" lon="10.476751"><ele>43</ele></trkpt>
   <trkpt lat="44.787587" lon="10.479631"><ele>42</ele></trkpt>
   <trkpt lat="44.785436" lon="10.484719"><ele>40</ele></trkpt>
   <trkpt lat="44.784895" lon="10.486016"><ele>40</ele></trkpt>
   <trkpt lat="44.784336" lon="10.487314"><ele>40</ele></trkpt>
   <trkpt lat="44.783775" lon="10.488576"><ele>40</ele></trkpt>
   <trkpt lat="44.7832" lon="10.489799"><ele>40</ele></trkpt>
   <trkpt lat="44.782363" lon="10.491537"><ele>40</ele></trkpt>
   <trkpt lat="44.781496" lon="10.493211"><ele>40</ele></trkpt>
   <trkpt lat="44.780014" lon="10.496001"><ele>40</ele></trkpt>
   <trkpt lat="44.777641" lon="10.500572"><ele>39</ele></trkpt>
   <trkpt lat="44.776444" lon="10.503047"><ele>38</ele></trkpt>
   <trkpt lat="44.773812" lon="10.508596"><ele>37</ele></trkpt>
   <trkpt lat="44.769446" lon="10.517862"><ele>37</ele></trkpt>
   <trkpt lat="44.766591" lon="10.523883"><ele>32</ele></trkpt>
   <trkpt lat="44.766242" lon="10.524624"><ele>31.25</ele></trkpt>
   <trkpt lat="44.76281" lon="10.531861"><ele>35.25</ele></trkpt>
   <trkpt lat="44.760495" lon="10.536781"><ele>33.25</ele></trkpt>
   <trkpt lat="44.759446" lon="10.539099"><ele>36.75</ele></trkpt>
   <trkpt lat="44.758534" lon="10.541027"><ele>36.5</ele></trkpt>
   <trkpt lat="44.753718" lon="10.551211"><ele>36.25</ele></trkpt>
   <trkpt lat="44.75316" lon="10.552366"><ele>35.25</ele></trkpt>
   <trkpt lat="44.747505" lon="10.564428"><ele>40.75</ele></trkpt>
   <trkpt lat="44.74603" lon="10.567392"><ele>39.75</ele></trkpt>
   <trkpt lat="44.745687" lon="10.568113"><ele>39.5</ele></trkpt>
   <trkpt lat="44.745577" lon="10.568373"><ele>39.5</ele></trkpt>
   <trkpt lat="44.744491" lon="10.570936"><ele>39.5</ele></trkpt>
   <trkpt lat="44.743448" lon="10.573623"><ele>36</ele></trkpt>
   <trkpt lat="44.742544" lon="10.576198"><ele>37.5</ele></trkpt>
   <trkpt lat="44.741812" lon="10.578385"><ele>37.25</ele></trkpt>
   <trkpt lat="44.740883" lon="10.581655"><ele>38.75</ele></trkpt>
   <trkpt lat="44.740332" lon="10.583761"><ele>39</ele></trkpt>
   <trkpt lat="44.739474" lon="10.58734"><ele>41.75</ele></trkpt>
   <trkpt lat="44.73852" lon="10.591387"><ele>42</ele></trkpt>
   <trkpt lat="44.736743" lon="10.598874"><ele>42.5</ele></trkpt>
   <trkpt lat="44.734827" lon="10.606753"><ele>43.25</ele></trkpt>
   <trkpt lat="44.733582" lon="10.611756"><ele>43.25</ele></trkpt>
   <trkpt lat="44.732894" lon="10.614567"><ele>42.25</ele></trkpt>
   <trkpt lat="44.732401" lon="10.61667"><ele>41.75</ele></trkpt>
   <trkpt lat="44.731932" lon="10.618853"><ele>42.75</ele></trkpt>
   <trkpt lat="44.730623" lon="10.625402"><ele>41</ele></trkpt>
   <trkpt lat="44.730045" lon="10.628272"><ele>40.5</ele></trkpt>
   <trkpt lat="44.728959" lon="10.633109"><ele>38.25</ele></trkpt>
   <trkpt lat="44.727855" lon="10.637862"><ele>37</ele></trkpt>
   <trkpt lat="44.727273" lon="10.640457"><ele>37.5</ele></trkpt>
   <trkpt lat="44.725213" lon="10.650531"><ele>37</ele></trkpt>
   <trkpt lat="44.724897" lon="10.652101"><ele>37</ele></trkpt>
   <trkpt lat="44.723691" lon="10.657995"><ele>36</ele></trkpt>
   <trkpt lat="44.723395" lon="10.659423"><ele>36.75</ele></trkpt>
   <trkpt lat="44.721763" lon="10.667425"><ele>38</ele></trkpt>
   <trkpt lat="44.720924" lon="10.671436"><ele>38</ele></trkpt>
   <trkpt lat="44.72004" lon="10.675504"><ele>39</ele></trkpt>
   <trkpt lat="44.719815" lon="10.676541"><ele>39</ele></trkpt>
   <trkpt lat="44.71853" lon="10.682465"><ele>39</ele></trkpt>
   <trkpt lat="44.717217" lon="10.688856"><ele>40</ele></trkpt>
   <trkpt lat="44.712394" lon="10.712398"><ele>41</ele></trkpt>
   <trkpt lat="44.71184" lon="10.715067"><ele>41</ele></trkpt>
   <trkpt lat="44.711415" lon="10.717152"><ele>41</ele></trkpt>
   <trkpt lat="44.710953" lon="10.719249"><ele>41</ele></trkpt>
   <trkpt lat="44.710453" lon="10.721367"><ele>41</ele></trkpt>
   <trkpt lat="44.710088" lon="10.722766"><ele>41</ele></trkpt>
   <trkpt lat="44.709701" lon="10.724167"><ele>41</ele></trkpt>
   <trkpt lat="44.709292" lon="10.725552"><ele>41</ele></trkpt>
   <trkpt lat="44.708887" lon="10.726894"><ele>41</ele></trkpt>
   <trkpt lat="44.708231" lon="10.72889"><ele>41</ele></trkpt>
   <trkpt lat="44.707323" lon="10.731532"><ele>41</ele></trkpt>
   <trkpt lat="44.699945" lon="10.75287"><ele>41</ele></trkpt>
   <trkpt lat="44.698994" lon="10.755596"><ele>41</ele></trkpt>
   <trkpt lat="44.696854" lon="10.761472"><ele>41</ele></trkpt>
   <trkpt lat="44.695975" lon="10.763957"><ele>42</ele></trkpt>
   <trkpt lat="44.693301" lon="10.772001"><ele>42</ele></trkpt>
   <trkpt lat="44.692483" lon="10.774376"><ele>42</ele></trkpt>
   <trkpt lat="44.691714" lon="10.776578"><ele>42.75</ele></trkpt>
   <trkpt lat="44.691003" lon="10.778455"><ele>43</ele></trkpt>
   <trkpt lat="44.690348" lon="10.78033"><ele>43.75</ele></trkpt>
   <trkpt lat="44.688568" lon="10.785466"><ele>44</ele></trkpt>
   <trkpt lat="44.681292" lon="10.806228"><ele>45</ele></trkpt>
   <trkpt lat="44.679075" lon="10.812603"><ele>44</ele></trkpt>
   <trkpt lat="44.677434" lon="10.817298"><ele>44.25</ele></trkpt>
   <trkpt lat="44.676626" lon="10.819688"><ele>44.75</ele></trkpt>
   <trkpt lat="44.676231" lon="10.821027"><ele>45</ele></trkpt>
   <trkpt lat="44.675866" lon="10.822363"><ele>46.25</ele></trkpt>
   <trkpt lat="44.675532" lon="10.823733"><ele>46.25</ele></trkpt>
   <trkpt lat="44.6751" lon="10.82579"><ele>45</ele></trkpt>
   <trkpt lat="44.674846" lon="10.827194"><ele>45.25</ele></trkpt>
   <trkpt lat="44.674653" lon="10.828452"><ele>45.25</ele></trkpt>
   <trkpt lat="44.674388" lon="10.830456"><ele>44.75</ele></trkpt>
   <trkpt lat="44.674256" lon="10.831728"><ele>43.75</ele></trkpt>
   <trkpt lat="44.674151" lon="10.833102"><ele>44.75</ele></trkpt>
   <trkpt lat="44.674074" lon="10.834492"><ele>44.5</ele></trkpt>
   <trkpt lat="44.67403" lon="10.835847"><ele>44</ele></trkpt>
   <trkpt lat="44.674018" lon="10.837586"><ele>43</ele></trkpt>
   <trkpt lat="44.674015" lon="10.837906"><ele>42.5</ele></trkpt>
   <trkpt lat="44.674058" lon="10.839923"><ele>42</ele></trkpt>
   <trkpt lat="44.67418" lon="10.841911"><ele>41.75</ele></trkpt>
   <trkpt lat="44.674306" lon="10.843285"><ele>41.75</ele></trkpt>
   <trkpt lat="44.674522" lon="10.845399"><ele>41.25</ele></trkpt>
   <trkpt lat="44.67465" lon="10.846287"><ele>41.25</ele></trkpt>
   <trkpt lat="44.674777" lon="10.847078"><ele>41</ele></trkpt>
   <trkpt lat="44.674953" lon="10.84806"><ele>41</ele></trkpt>
   <trkpt lat="44.675183" lon="10.849072"><ele>40.75</ele></trkpt>
   <trkpt lat="44.675404" lon="10.850119"><ele>40.75</ele></trkpt>
   <trkpt lat="44.675714" lon="10.851443"><ele>40.5</ele></trkpt>
   <trkpt lat="44.676" lon="10.852575"><ele>40.25</ele></trkpt>
   <trkpt lat="44.676366" lon="10.853851"><ele>40</ele></trkpt>
   <trkpt lat="44.676596" lon="10.854585"><ele>40</ele></trkpt>
   <trkpt lat="44.676838" lon="10.855321"><ele>40</ele></trkpt>
   <trkpt lat="44.677363" lon="10.856875"><ele>39.75</ele></trkpt>
   <trkpt lat="44.677898" lon="10.858301"><ele>39.5</ele></trkpt>
   <trkpt lat="44.67857" lon="10.859895"><ele>39.25</ele></trkpt>
   <trkpt lat="44.679434" lon="10.861772"><ele>39</ele></trkpt>
   <trkpt lat="44.679979" lon="10.862862"><ele>38.75</ele></trkpt>
   <trkpt lat="44.680577" lon="10.863974"><ele>38.5</ele></trkpt>
   <trkpt lat="44.681201" lon="10.865057"><ele>38.25</ele></trkpt>
   <trkpt lat="44.681848" lon="10.866107"><ele>38.25</ele></trkpt>
   <trkpt lat="44.684553" lon="10.870502"><ele>38.25</ele></trkpt>
   <trkpt lat="44.685529" lon="10.872159"><ele>37</ele></trkpt>
   <trkpt lat="44.685851" lon="10.872743"><ele>37.75</ele></trkpt>
   <trkpt lat="44.686298" lon="10.873585"><ele>37.5</ele></trkpt>
   <trkpt lat="44.687094" lon="10.875164"><ele>36.75</ele></trkpt>
   <trkpt lat="44.687872" lon="10.87678"><ele>37</ele></trkpt>
   <trkpt lat="44.688748" lon="10.878591"><ele>37.25</ele></trkpt>
   <trkpt lat="44.689518" lon="10.880241"><ele>37</ele></trkpt>
   <trkpt lat="44.690272" lon="10.881967"><ele>37.75</ele></trkpt>
   <trkpt lat="44.690529" lon="10.882569"><ele>37.5</ele></trkpt>
   <trkpt lat="44.691024" lon="10.883833"><ele>37.25</ele></trkpt>
   <trkpt lat="44.691359" lon="10.884767"><ele>37.75</ele></trkpt>
   <trkpt lat="44.69168" lon="10.885695"><ele>37.75</ele></trkpt>
   <trkpt lat="44.692074" lon="10.886902"><ele>37.75</ele></trkpt>
   <trkpt lat="44.69243" lon="10.888077"><ele>37.5</ele></trkpt>
   <trkpt lat="44.692757" lon="10.889263"><ele>37.25</ele></trkpt>
   <trkpt lat="44.69306" lon="10.890406"><ele>37.25</ele></trkpt>
   <trkpt lat="44.693328" lon="10.891526"><ele>37.25</ele></trkpt>
   <trkpt lat="44.693558" lon="10.89261"><ele>37</ele></trkpt>
   <trkpt lat="44.693877" lon="10.894163"><ele>36.75</ele></trkpt>
   <trkpt lat="44.694559" lon="10.897808"><ele>36.5</ele></trkpt>
   <trkpt lat="44.694978" lon="10.899851"><ele>36.25</ele></trkpt>
   <trkpt lat="44.69588" lon="10.904678"><ele>35.75</ele></trkpt>
   <trkpt lat="44.696147" lon="10.906278"><ele>35.5</ele></trkpt>
   <trkpt lat="44.696369" lon="10.907844"><ele>35.5</ele></trkpt>
   <trkpt lat="44.696509" lon="10.908988"><ele>35.25</ele></trkpt>
   <trkpt lat="44.696591" lon="10.909784"><ele>35.25</ele></trkpt>
   <trkpt lat="44.696731" lon="10.911352"><ele>35</ele></trkpt>
   <trkpt lat="44.696811" lon="10.912562"><ele>35</ele></trkpt>
   <trkpt lat="44.696871" lon="10.913743"><ele>34.75</ele></trkpt>
   <trkpt lat="44.696909" lon="10.914947"><ele>34.75</ele></trkpt>
   <trkpt lat="44.696927" lon="10.915733"><ele>34.75</ele></trkpt>
   <trkpt lat="44.696936" lon="10.917332"><ele>34.5</ele></trkpt>
   <trkpt lat="44.696905" lon="10.918544"><ele>34.25</ele></trkpt>
   <trkpt lat="44.696862" lon="10.919737"><ele>34.25</ele></trkpt>
   <trkpt lat="44.696775" lon="10.921324"><ele>34</ele></trkpt>
   <trkpt lat="44.696684" lon="10.922497"><ele>34</ele></trkpt>
   <trkpt lat="44.696527" lon="10.924087"><ele>33.75</ele></trkpt>
   <trkpt lat="44.696439" lon="10.924858"><ele>33.75</ele></trkpt>
   <trkpt lat="44.696257" lon="10.92627"><ele>33.5</ele></trkpt>
   <trkpt lat="44.69605" lon="10.927598"><ele>33.5</ele></trkpt>
   <trkpt lat="44.695708" lon="10.929529"><ele>33.25</ele></trkpt>
   <trkpt lat="44.695391" lon="10.931058"><ele>33</ele></trkpt>
   <trkpt lat="44.695041" lon="10.932577"><ele>33</ele></trkpt>
   <trkpt lat="44.694758" lon="10.933711"><ele>32.75</ele></trkpt>
   <trkpt lat="44.694347" lon="10.9352"><ele>32.75</ele></trkpt>
   <trkpt lat="44.69379" lon="10.937022"><ele>32.5</ele></trkpt>
   <trkpt lat="44.693301" lon="10.938459"><ele>32.25</ele></trkpt>
   <trkpt lat="44.692736" lon="10.940008"><ele>32.25</ele></trkpt>
   <trkpt lat="44.69219" lon="10.941389"><ele>32</ele></trkpt>
   <trkpt lat="44.69176" lon="10.942403"><ele>31.75</ele></trkpt>
   <trkpt lat="44.691074" lon="10.943894"><ele>31.75</ele></trkpt>
   <trkpt lat="44.689853" lon="10.946355"><ele>31.5</ele></trkpt>
   <trkpt lat="44.687465" lon="10.950848"><ele>30.75</ele></trkpt>
   <trkpt lat="44.684626" lon="10.956187"><ele>30.25</ele></trkpt>
   <trkpt lat="44.679544" lon="10.965666"><ele>29</ele></trkpt>
   <trkpt lat="44.675019" lon="10.974223"><ele>28</ele></trkpt>
   <trkpt lat="44.67375" lon="10.976444"><ele>27.75</ele></trkpt>
   <trkpt lat="44.672717" lon="10.978095"><ele>27.75</ele></trkpt>
   <trkpt lat="44.671977" lon="10.979197"><ele>27</ele></trkpt>
   <trkpt lat="44.671214" lon="10.980275"><ele>27</ele></trkpt>
   <trkpt lat="44.670449" lon="10.98129"><ele>27.5</ele></trkpt>
   <trkpt lat="44.669297" lon="10.982703"><ele>29.75</ele></trkpt>
   <trkpt lat="44.668683" lon="10.983409"><ele>29.5</ele></trkpt>
   <trkpt lat="44.667592" lon="10.984608"><ele>31.25</ele></trkpt>
   <trkpt lat="44.667186" lon="10.985035"><ele>31</ele></trkpt>
   <trkpt lat="44.662674" lon="10.989816"><ele>30.5</ele></trkpt>
   <trkpt lat="44.661146" lon="10.991446"><ele>30.5</ele></trkpt>
   <trkpt lat="44.659135" lon="10.993601"><ele>30.25</ele></trkpt>
   <trkpt lat="44.658254" lon="10.994594"><ele>30</ele></trkpt>
   <trkpt lat="44.657801" lon="10.995125"><ele>30</ele></trkpt>
   <trkpt lat="44.656491" lon="10.996759"><ele>30</ele></trkpt>
   <trkpt lat="44.655412" lon="10.998229"><ele>30</ele></trkpt>
   <trkpt lat="44.654339" lon="10.999792"><ele>30</ele></trkpt>
   <trkpt lat="44.653356" lon="11.001306"><ele>29</ele></trkpt>
   <trkpt lat="44.652319" lon="11.003062"><ele>29</ele></trkpt>
   <trkpt lat="44.651414" lon="11.004712"><ele>29.75</ele></trkpt>
   <trkpt lat="44.650889" lon="11.005738"><ele>30</ele></trkpt>
   <trkpt lat="44.650138" lon="11.007276"><ele>30</ele></trkpt>
   <trkpt lat="44.64913" lon="11.00955"><ele>30</ele></trkpt>
   <trkpt lat="44.6484" lon="11.011351"><ele>31</ele></trkpt>
   <trkpt lat="44.647917" lon="11.012565"><ele>31</ele></trkpt>
   <trkpt lat="44.641863" lon="11.027959"><ele>30</ele></trkpt>
   <trkpt lat="44.638107" lon="11.03747"><ele>31</ele></trkpt>
   <trkpt lat="44.637321" lon="11.039367"><ele>31</ele></trkpt>
   <trkpt lat="44.636539" lon="11.041147"><ele>32</ele></trkpt>
   <trkpt lat="44.635854" lon="11.042602"><ele>31.75</ele></trkpt>
   <trkpt lat="44.635154" lon="11.044029"><ele>32</ele></trkpt>
   <trkpt lat="44.63458" lon="11.045146"><ele>32</ele></trkpt>
   <trkpt lat="44.63384" lon="11.046532"><ele>32</ele></trkpt>
   <trkpt lat="44.633318" lon="11.047466"><ele>32</ele></trkpt>
   <trkpt lat="44.63194" lon="11.049801"><ele>32</ele></trkpt>
   <trkpt lat="44.631238" lon="11.050919"><ele>33</ele></trkpt>
   <trkpt lat="44.630179" lon="11.052539"><ele>33</ele></trkpt>
   <trkpt lat="44.628721" lon="11.054602"><ele>32.25</ele></trkpt>
   <trkpt lat="44.627975" lon="11.055597"><ele>32</ele></trkpt>
   <trkpt lat="44.626843" lon="11.057044"><ele>33</ele></trkpt>
   <trkpt lat="44.626074" lon="11.057997"><ele>32</ele></trkpt>
   <trkpt lat="44.624845" lon="11.059403"><ele>32</ele></trkpt>
   <trkpt lat="44.624033" lon="11.060302"><ele>32</ele></trkpt>
   <trkpt lat="44.622855" lon="11.061537"><ele>32</ele></trkpt>
   <trkpt lat="44.622046" lon="11.062341"><ele>32</ele></trkpt>
   <trkpt lat="44.621245" lon="11.063127"><ele>32.5</ele></trkpt>
   <trkpt lat="44.619864" lon="11.064389"><ele>33</ele></trkpt>
   <trkpt lat="44.618807" lon="11.065312"><ele>33</ele></trkpt>
   <trkpt lat="44.617219" lon="11.066601"><ele>33</ele></trkpt>
   <trkpt lat="44.615612" lon="11.067808"><ele>34</ele></trkpt>
   <trkpt lat="44.612357" lon="11.070205"><ele>35</ele></trkpt>
   <trkpt lat="44.605803" lon="11.075053"><ele>34</ele></trkpt>
   <trkpt lat="44.604978" lon="11.075676"><ele>34</ele></trkpt>
   <trkpt lat="44.603362" lon="11.076955"><ele>34</ele></trkpt>
   <trkpt lat="44.601024" lon="11.078967"><ele>34.25</ele></trkpt>
   <trkpt lat="44.600084" lon="11.079839"><ele>35</ele></trkpt>
   <trkpt lat="44.599166" lon="11.080729"><ele>35.5</ele></trkpt>
   <trkpt lat="44.598326" lon="11.081574"><ele>36</ele></trkpt>
   <trkpt lat="44.597379" lon="11.082562"><ele>36</ele></trkpt>
   <trkpt lat="44.596294" lon="11.083747"><ele>36</ele></trkpt>
   <trkpt lat="44.595673" lon="11.084459"><ele>36</ele></trkpt>
   <trkpt lat="44.594049" lon="11.086402"><ele>36</ele></trkpt>
   <trkpt lat="44.593145" lon="11.087552"><ele>36</ele></trkpt>
   <trkpt lat="44.592277" lon="11.088696"><ele>36.5</ele></trkpt>
   <trkpt lat="44.590578" lon="11.091082"><ele>36</ele></trkpt>
   <trkpt lat="44.589729" lon="11.092362"><ele>36</ele></trkpt>
   <trkpt lat="44.588387" lon="11.094488"><ele>36</ele></trkpt>
   <trkpt lat="44.587814" lon="11.095443"><ele>36</ele></trkpt>
   <trkpt lat="44.587258" lon="11.096401"><ele>36.75</ele></trkpt>
   <trkpt lat="44.586432" lon="11.097871"><ele>37</ele></trkpt>
   <trkpt lat="44.58584" lon="11.098971"><ele>37</ele></trkpt>
   <trkpt lat="44.585249" lon="11.100106"><ele>37</ele></trkpt>
   <trkpt lat="44.58411" lon="11.102392"><ele>37</ele></trkpt>
   <trkpt lat="44.583141" lon="11.104513"><ele>37</ele></trkpt>
   <trkpt lat="44.581889" lon="11.107401"><ele>37</ele></trkpt>
   <trkpt lat="44.580701" lon="11.110162"><ele>38</ele></trkpt>
   <trkpt lat="44.580195" lon="11.111332"><ele>38</ele></trkpt>
   <trkpt lat="44.578356" lon="11.115628"><ele>39</ele></trkpt>
   <trkpt lat="44.577641" lon="11.117357"><ele>39.25</ele></trkpt>
   <trkpt lat="44.577201" lon="11.118477"><ele>40</ele></trkpt>
   <trkpt lat="44.576751" lon="11.119662"><ele>40.5</ele></trkpt>
   <trkpt lat="44.576195" lon="11.121221"><ele>41</ele></trkpt>
   <trkpt lat="44.575426" lon="11.123449"><ele>41.75</ele></trkpt>
   <trkpt lat="44.574949" lon="11.124817"><ele>42</ele></trkpt>
   <trkpt lat="44.571595" lon="11.134526"><ele>40.5</ele></trkpt>
   <trkpt lat="44.568671" lon="11.142965"><ele>43.25</ele></trkpt>
   <trkpt lat="44.567153" lon="11.147387"><ele>44.5</ele></trkpt>
   <trkpt lat="44.566826" lon="11.148356"><ele>43.25</ele></trkpt>
   <trkpt lat="44.566201" lon="11.150225"><ele>42.5</ele></trkpt>
   <trkpt lat="44.565264" lon="11.153092"><ele>43.75</ele></trkpt>
   <trkpt lat="44.563359" lon="11.158984"><ele>41</ele></trkpt>
   <trkpt lat="44.562499" lon="11.161664"><ele>40.75</ele></trkpt>
   <trkpt lat="44.559909" lon="11.169668"><ele>38</ele></trkpt>
   <trkpt lat="44.558559" lon="11.17384"><ele>38</ele></trkpt>
   <trkpt lat="44.557488" lon="11.177184"><ele>37</ele></trkpt>
   <trkpt lat="44.556026" lon="11.181757"><ele>40</ele></trkpt>
   <trkpt lat="44.55591" lon="11.182114"><ele>39.25</ele></trkpt>
   <trkpt lat="44.554351" lon="11.186985"><ele>38</ele></trkpt>
   <trkpt lat="44.554055" lon="11.187865"><ele>38</ele></trkpt>
   <trkpt lat="44.553395" lon="11.189825"><ele>37</ele></trkpt>
   <trkpt lat="44.551533" lon="11.195635"><ele>38.75</ele></trkpt>
   <trkpt lat="44.55144" lon="11.195923"><ele>38.75</ele></trkpt>
   <trkpt lat="44.549616" lon="11.201624"><ele>38.75</ele></trkpt>
   <trkpt lat="44.549235" lon="11.202779"><ele>39.75</ele></trkpt>
   <trkpt lat="44.548332" lon="11.205311"><ele>39</ele></trkpt>
   <trkpt lat="44.545136" lon="11.214197"><ele>37.25</ele></trkpt>
   <trkpt lat="44.544058" lon="11.217184"><ele>37.75</ele></trkpt>
   <trkpt lat="44.54293" lon="11.22033"><ele>36.25</ele></trkpt>
   <trkpt lat="44.542781" lon="11.220745"><ele>36</ele></trkpt>
   <trkpt lat="44.542586" lon="11.221285"><ele>36.5</ele></trkpt>
   <trkpt lat="44.542337" lon="11.221975"><ele>40.5</ele></trkpt>
   <trkpt lat="44.542165" lon="11.222452"><ele>40.5</ele></trkpt>
   <trkpt lat="44.541925" lon="11.223006"><ele>40.5</ele></trkpt>
   <trkpt lat="44.541645" lon="11.223802"><ele>40.75</ele></trkpt>
   <trkpt lat="44.539109" lon="11.230833"><ele>44.25</ele></trkpt>
   <trkpt lat="44.538975" lon="11.231316"><ele>44.5</ele></trkpt>
   <trkpt lat="44.538397" lon="11.232925"><ele>45.75</ele></trkpt>
   <trkpt lat="44.538036" lon="11.233928"><ele>45</ele></trkpt>
   <trkpt lat="44.537792" lon="11.234606"><ele>45</ele></trkpt>
   <trkpt lat="44.537483" lon="11.235462"><ele>45</ele></trkpt>
   <trkpt lat="44.536819" lon="11.237252"><ele>43</ele></trkpt>
   <trkpt lat="44.536583" lon="11.237899"><ele>42.25</ele></trkpt>
   <trkpt lat="44.536341" lon="11.238586"><ele>42.5</ele></trkpt>
   <trkpt lat="44.536047" lon="11.239247"><ele>42.5</ele></trkpt>
   <trkpt lat="44.535874" lon="11.239731"><ele>42.5</ele></trkpt>
   <trkpt lat="44.53362" lon="11.246044"><ele>41.5</ele></trkpt>
   <trkpt lat="44.533017" lon="11.247773"><ele>41.75</ele></trkpt>
   <trkpt lat="44.532238" lon="11.249895"><ele>43</ele></trkpt>
   <trkpt lat="44.530697" lon="11.253961"><ele>43.25</ele></trkpt>
   <trkpt lat="44.529985" lon="11.255906"><ele>43</ele></trkpt>
   <trkpt lat="44.529327" lon="11.257672"><ele>44</ele></trkpt>
   <trkpt lat="44.528864" lon="11.259028"><ele>47.25</ele></trkpt>
   <trkpt lat="44.527958" lon="11.261514"><ele>41</ele></trkpt>
   <trkpt lat="44.526889" lon="11.264474"><ele>49.25</ele></trkpt>
   <trkpt lat="44.523925" lon="11.27283"><ele>40.75</ele></trkpt>
   <trkpt lat="44.523563" lon="11.273797"><ele>42.75</ele></trkpt>
   <trkpt lat="44.523012" lon="11.275312"><ele>41</ele></trkpt>
   <trkpt lat="44.522588" lon="11.276441"><ele>40.75</ele></trkpt>
   <trkpt lat="44.522121" lon="11.277728"><ele>42</ele></trkpt>
   <trkpt lat="44.521754" lon="11.278778"><ele>42.5</ele></trkpt>
   <trkpt lat="44.52138" lon="11.279956"><ele>42</ele></trkpt>
   <trkpt lat="44.521029" lon="11.281131"><ele>42.25</ele></trkpt>
   <trkpt lat="44.520775" lon="11.281914"><ele>43.75</ele></trkpt>
   <trkpt lat="44.520523" lon="11.282706"><ele>40.25</ele></trkpt>
   <trkpt lat="44.520162" lon="11.283961"><ele>46.75</ele></trkpt>
   <trkpt lat="44.519989" lon="11.284563"><ele>48.25</ele></trkpt>
   <trkpt lat="44.518072" lon="11.291673"><ele>46</ele></trkpt>
   <trkpt lat="44.517697" lon="11.293065"><ele>44.5</ele></trkpt>
   <trkpt lat="44.517522" lon="11.293719"><ele>46.25</ele></trkpt>
   <trkpt lat="44.517504" lon="11.293782"><ele>46.5</ele></trkpt>
   <trkpt lat="44.517023" lon="11.295563"><ele>46.75</ele></trkpt>
   <trkpt lat="44.516875" lon="11.296104"><ele>46.75</ele></trkpt>
   <trkpt lat="44.51668" lon="11.296836"><ele>46.75</ele></trkpt>
   <trkpt lat="44.516309" lon="11.298218"><ele>46.75</ele></trkpt>
   <trkpt lat="44.515563" lon="11.301009"><ele>47</ele></trkpt>
   <trkpt lat="44.514812" lon="11.303795"><ele>47</ele></trkpt>
   <trkpt lat="44.514395" lon="11.3054"><ele>46</ele></trkpt>
   <trkpt lat="44.512941" lon="11.311049"><ele>41.75</ele></trkpt>
   <trkpt lat="44.512795" lon="11.31159"><ele>43.75</ele></trkpt>
   <trkpt lat="44.512703" lon="11.311974"><ele>44</ele></trkpt>
   <trkpt lat="44.512177" lon="11.314009"><ele>44.25</ele></trkpt>
   <trkpt lat="44.511704" lon="11.315836"><ele>44</ele></trkpt>
   <trkpt lat="44.511545" lon="11.316412"><ele>42.75</ele></trkpt>
   <trkpt lat="44.511263" lon="11.317496"><ele>42</ele></trkpt>
   <trkpt lat="44.510967" lon="11.318664"><ele>44</ele></trkpt>
   <trkpt lat="44.510786" lon="11.319382"><ele>41</ele></trkpt>
   <trkpt lat="44.510466" lon="11.320645"><ele>42.5</ele></trkpt>
   <trkpt lat="44.51033" lon="11.321181"><ele>43.25</ele></trkpt>
   <trkpt lat="44.510169" lon="11.321773"><ele>44</ele></trkpt>
   <trkpt lat="44.509935" lon="11.322561"><ele>44.75</ele></trkpt>
   <trkpt lat="44.509426" lon="11.324261"><ele>42</ele></trkpt>
   <trkpt lat="44.509262" lon="11.32478"><ele>42.5</ele></trkpt>
   <trkpt lat="44.508991" lon="11.325571"><ele>43.5</ele></trkpt>
   <trkpt lat="44.508558" lon="11.326718"><ele>44</ele></trkpt>
   <trkpt lat="44.508381" lon="11.327166"><ele>43.75</ele></trkpt>
   <trkpt lat="44.508157" lon="11.327856"><ele>42.25</ele></trkpt>
   <trkpt lat="44.508068" lon="11.3282"><ele>42.5</ele></trkpt>
   <trkpt lat="44.507995" lon="11.328541"><ele>43</ele></trkpt>
   <trkpt lat="44.507895" lon="11.329109"><ele>43</ele></trkpt>
   <trkpt lat="44.507815" lon="11.329678"><ele>43.5</ele></trkpt>
   <trkpt lat="44.507768" lon="11.330079"><ele>43.5</ele></trkpt>
   <trkpt lat="44.507709" lon="11.330525"><ele>43</ele></trkpt>
   <trkpt lat="44.507581" lon="11.331389"><ele>42</ele></trkpt>
   <trkpt lat="44.507492" lon="11.332136"><ele>41</ele></trkpt>
   <trkpt lat="44.507279" lon="11.333717"><ele>41</ele></trkpt>
   <trkpt lat="44.507188" lon="11.334594"><ele>42</ele></trkpt>
   <trkpt lat="44.507147" lon="11.334973"><ele>42</ele></trkpt>
   <trkpt lat="44.50704" lon="11.335587"><ele>42</ele></trkpt>
   <trkpt lat="44.506993" lon="11.336053"><ele>42</ele></trkpt>
   <trkpt lat="44.506955" lon="11.336438"><ele>42</ele></trkpt>
   <trkpt lat="44.506874" lon="11.337156"><ele>42</ele></trkpt>
   <trkpt lat="44.506799" lon="11.337739"><ele>43</ele></trkpt>
   <trkpt lat="44.506772" lon="11.337962"><ele>43</ele></trkpt>
   <trkpt lat="44.506055" lon="11.343345"><ele>44</ele></trkpt>
   <trkpt lat="44.50586" lon="11.344809"><ele>44.25</ele></trkpt>
   <trkpt lat="44.505813" lon="11.34516"><ele>45</ele></trkpt>
   <trkpt lat="44.505756" lon="11.345581"><ele>45</ele></trkpt>
   <trkpt lat="44.505712" lon="11.345879"><ele>45</ele></trkpt>
   <trkpt lat="44.505639" lon="11.346367"><ele>45</ele></trkpt>
   <trkpt lat="44.505596" lon="11.346579"><ele>44.75</ele></trkpt>
   <trkpt lat="44.505491" lon="11.347036"><ele>45</ele></trkpt>
   <trkpt lat="44.505389" lon="11.347646"><ele>44.75</ele></trkpt>
   <trkpt lat="44.505262" lon="11.348329"><ele>44.75</ele></trkpt>
   <trkpt lat="44.505049" lon="11.349404"><ele>45</ele></trkpt>
   <trkpt lat="44.504929" lon="11.34997"><ele>45</ele></trkpt>
   <trkpt lat="44.504703" lon="11.350979"><ele>46</ele></trkpt>
   <trkpt lat="44.504468" lon="11.351975"><ele>47.75</ele></trkpt>
   <trkpt lat="44.504323" lon="11.352565"><ele>49</ele></trkpt>
   <trkpt lat="44.504227" lon="11.352909"><ele>47</ele></trkpt>
   <trkpt lat="44.504091" lon="11.353438"><ele>44.75</ele></trkpt>
   <trkpt lat="44.504052" lon="11.353549"><ele>44.5</ele></trkpt>
   <trkpt lat="44.503987" lon="11.353732"><ele>44.5</ele></trkpt>
   <trkpt lat="44.502713" lon="11.356934"><ele>45.75</ele></trkpt>
   <trkpt lat="44.502172" lon="11.358267"><ele>45.75</ele></trkpt>
   <trkpt lat="44.501424" lon="11.360139"><ele>46.25</ele></trkpt>
   <trkpt lat="44.501214" lon="11.360655"><ele>46.5</ele></trkpt>
   <trkpt lat="44.501116" lon="11.360893"><ele>46.75</ele></trkpt>
   <trkpt lat="44.500604" lon="11.362073"><ele>48</ele></trkpt>
   <trkpt lat="44.500006" lon="11.363427"><ele>49.25</ele></trkpt>
   <trkpt lat="44.499612" lon="11.364379"><ele>50.75</ele></trkpt>
   <trkpt lat="44.497665" lon="11.369173"><ele>53.75</ele></trkpt>
   <trkpt lat="44.497367" lon="11.36992"><ele>54</ele></trkpt>
   <trkpt lat="44.49706" lon="11.370656"><ele>55</ele></trkpt>
   <trkpt lat="44.496902" lon="11.37102"><ele>55.75</ele></trkpt>
   <trkpt lat="44.496732" lon="11.371371"><ele>55</ele></trkpt>
   <trkpt lat="44.496533" lon="11.371753"><ele>54.25</ele></trkpt>
   <trkpt lat="44.496219" lon="11.372298"><ele>55.25</ele></trkpt>
   <trkpt lat="44.496099" lon="11.372486"><ele>55.75</ele></trkpt>
   <trkpt lat="44.495898" lon="11.372778"><ele>56.25</ele></trkpt>
   <trkpt lat="44.495787" lon="11.372928"><ele>56.5</ele></trkpt>
   <trkpt lat="44.495621" lon="11.373147"><ele>58</ele></trkpt>
   <trkpt lat="44.495448" lon="11.373359"><ele>58.5</ele></trkpt>
   <trkpt lat="44.495296" lon="11.373536"><ele>58.5</ele></trkpt>
   <trkpt lat="44.495098" lon="11.373751"><ele>58.75</ele></trkpt>
   <trkpt lat="44.494916" lon="11.373941"><ele>58.75</ele></trkpt>
   <trkpt lat="44.494729" lon="11.37412"><ele>58.75</ele></trkpt>
   <trkpt lat="44.494347" lon="11.374451"><ele>59.75</ele></trkpt>
   <trkpt lat="44.494214" lon="11.37456"><ele>60</ele></trkpt>
   <trkpt lat="44.493997" lon="11.374719"><ele>60.75</ele></trkpt>
   <trkpt lat="44.493859" lon="11.374819"><ele>60.75</ele></trkpt>
   <trkpt lat="44.493652" lon="11.374955"><ele>60.75</ele></trkpt>
   <trkpt lat="44.493416" lon="11.375099"><ele>61.25</ele></trkpt>
   <trkpt lat="44.493196" lon="11.375219"><ele>61.75</ele></trkpt>
   <trkpt lat="44.492841" lon="11.375395"><ele>61.5</ele></trkpt>
   <trkpt lat="44.492547" lon="11.375521"><ele>60.25</ele></trkpt>
   <trkpt lat="44.492133" lon="11.375665"><ele>58.75</ele></trkpt>
   <trkpt lat="44.491861" lon="11.375738"><ele>58.75</ele></trkpt>
   <trkpt lat="44.491512" lon="11.375817"><ele>60.25</ele></trkpt>
   <trkpt lat="44.491156" lon="11.375868"><ele>61.75</ele></trkpt>
   <trkpt lat="44.490843" lon="11.3759"><ele>61.25</ele></trkpt>
   <trkpt lat="44.488834" lon="11.375988"><ele>56</ele></trkpt>
   <trkpt lat="44.486767" lon="11.376062"><ele>64.75</ele></trkpt>
   <trkpt lat="44.486628" lon="11.376066"><ele>65.5</ele></trkpt>
   <trkpt lat="44.483633" lon="11.376195"><ele>68</ele></trkpt>
   <trkpt lat="44.482919" lon="11.376226"><ele>68.5</ele></trkpt>
   <trkpt lat="44.482463" lon="11.376243"><ele>69</ele></trkpt>
   <trkpt lat="44.480859" lon="11.376305"><ele>69</ele></trkpt>
   <trkpt lat="44.477724" lon="11.376422"><ele>68.25</ele></trkpt>
   <trkpt lat="44.476876" lon="11.376461"><ele>68.25</ele></trkpt>
   <trkpt lat="44.476594" lon="11.376465"><ele>71.75</ele></trkpt>
   <trkpt lat="44.476333" lon="11.37647"><ele>75.25</ele></trkpt>
   <trkpt lat="44.476" lon="11.376479"><ele>74.25</ele></trkpt>
   <trkpt lat="44.475605" lon="11.376484"><ele>68.5</ele></trkpt>
   <trkpt lat="44.475479" lon="11.376483"><ele>67.5</ele></trkpt>
   <trkpt lat="44.475048" lon="11.376477"><ele>67.75</ele></trkpt>
   <trkpt lat="44.474612" lon="11.376457"><ele>69</ele></trkpt>
   <trkpt lat="44.473887" lon="11.376406"><ele>71</ele></trkpt>
   <trkpt lat="44.473115" lon="11.376321"><ele>78</ele></trkpt>
   <trkpt lat="44.472553" lon="11.376238"><ele>75.75</ele></trkpt>
   <trkpt lat="44.471993" lon="11.376139"><ele>74.75</ele></trkpt>
   <trkpt lat="44.471121" lon="11.375955"><ele>82.25</ele></trkpt>
   <trkpt lat="44.470947" lon="11.37591"><ele>83.25</ele></trkpt>
   <trkpt lat="44.470688" lon="11.375846"><ele>83.25</ele></trkpt>
   <trkpt lat="44.469741" lon="11.375572"><ele>82.75</ele></trkpt>
   <trkpt lat="44.469364" lon="11.37545"><ele>85.25</ele></trkpt>
   <trkpt lat="44.469264" lon="11.375414"><ele>85.5</ele></trkpt>
   <trkpt lat="44.468798" lon="11.375254"><ele>85.5</ele></trkpt>
   <trkpt lat="44.468292" lon="11.375067"><ele>84.75</ele></trkpt>
   <trkpt lat="44.467937" lon="11.374932"><ele>85</ele></trkpt>
   <trkpt lat="44.467859" lon="11.374903"><ele>84.5</ele></trkpt>
   <trkpt lat="44.467829" lon="11.374891"><ele>84.5</ele></trkpt>
   <trkpt lat="44.467727" lon="11.374851"><ele>84.25</ele></trkpt>
   <trkpt lat="44.466973" lon="11.374572"><ele>83.75</ele></trkpt>
   <trkpt lat="44.466256" lon="11.374371"><ele>83.5</ele></trkpt>
   <trkpt lat="44.465683" lon="11.374247"><ele>83.25</ele></trkpt>
   <trkpt lat="44.465119" lon="11.374146"><ele>83</ele></trkpt>
   <trkpt lat="44.464409" lon="11.374068"><ele>82.75</ele></trkpt>
   <trkpt lat="44.463564" lon="11.374025"><ele>82.5</ele></trkpt>
   <trkpt lat="44.461828" lon="11.374052"><ele>81.75</ele></trkpt>
   <trkpt lat="44.461134" lon="11.37402"><ele>81.5</ele></trkpt>
   <trkpt lat="44.4605" lon="11.373975"><ele>81.25</ele></trkpt>
   <trkpt lat="44.460161" lon="11.373952"><ele>81</ele></trkpt>
   <trkpt lat="44.459251" lon="11.373869"><ele>80.75</ele></trkpt>
   <trkpt lat="44.458583" lon="11.373772"><ele>80.5</ele></trkpt>
   <trkpt lat="44.457874" lon="11.373644"><ele>80</ele></trkpt>
   <trkpt lat="44.457319" lon="11.37353"><ele>79.75</ele></trkpt>
   <trkpt lat="44.45678" lon="11.373403"><ele>79.75</ele></trkpt>
   <trkpt lat="44.455796" lon="11.373141"><ele>79.25</ele></trkpt>
   <trkpt lat="44.455059" lon="11.372927"><ele>79</ele></trkpt>
   <trkpt lat="44.453728" lon="11.372487"><ele>78.25</ele></trkpt>
   <trkpt lat="44.452886" lon="11.372175"><ele>78.5</ele></trkpt>
   <trkpt lat="44.45216" lon="11.371927"><ele>78.75</ele></trkpt>
   <trkpt lat="44.451191" lon="11.371592"><ele>80</ele></trkpt>
   <trkpt lat="44.450839" lon="11.371464"><ele>80.5</ele></trkpt>
   <trkpt lat="44.449875" lon="11.371063"><ele>82</ele></trkpt>
   <trkpt lat="44.4493" lon="11.370778"><ele>82.75</ele></trkpt>
   <trkpt lat="44.448144" lon="11.370164"><ele>84.5</ele></trkpt>
   <trkpt lat="44.446958" lon="11.369442"><ele>86.25</ele></trkpt>
   <trkpt lat="44.446322" lon="11.368994"><ele>87.25</ele></trkpt>
   <trkpt lat="44.444953" lon="11.367936"><ele>89.5</ele></trkpt>
   <trkpt lat="44.444018" lon="11.367302"><ele>91</ele></trkpt>
   <trkpt lat="44.442884" lon="11.366601"><ele>92.75</ele></trkpt>
   <trkpt lat="44.441886" lon="11.366063"><ele>94.25</ele></trkpt>
   <trkpt lat="44.441037" lon="11.365657"><ele>95.5</ele></trkpt>
   <trkpt lat="44.438389" lon="11.364495"><ele>99.25</ele></trkpt>
   <trkpt lat="44.434306" lon="11.362702"><ele>105.25</ele></trkpt>
   <trkpt lat="44.432837" lon="11.362098"><ele>107.5</ele></trkpt>
   <trkpt lat="44.432024" lon="11.361841"><ele>108.5</ele></trkpt>
   <trkpt lat="44.431067" lon="11.361586"><ele>110</ele></trkpt>
   <trkpt lat="44.429825" lon="11.361342"><ele>111.75</ele></trkpt>
   <trkpt lat="44.428573" lon="11.361144"><ele>113.5</ele></trkpt>
   <trkpt lat="44.427997" lon="11.361081"><ele>114.25</ele></trkpt>
   <trkpt lat="44.427414" lon="11.361017"><ele>115</ele></trkpt>
   <trkpt lat="44.425792" lon="11.360937"><ele>117.25</ele></trkpt>
   <trkpt lat="44.424268" lon="11.36091"><ele>119.5</ele></trkpt>
   <trkpt lat="44.42195" lon="11.36098"><ele>122.75</ele></trkpt>
   <trkpt lat="44.420806" lon="11.360975"><ele>124.25</ele></trkpt>
   <trkpt lat="44.419616" lon="11.36093"><ele>126</ele></trkpt>
   <trkpt lat="44.418376" lon="11.360812"><ele>127.75</ele></trkpt>
   <trkpt lat="44.416718" lon="11.36059"><ele>130</ele></trkpt>
   <trkpt lat="44.415239" lon="11.360302"><ele>132</ele></trkpt>
   <trkpt lat="44.41383" lon="11.359922"><ele>134</ele></trkpt>
   <trkpt lat="44.412598" lon="11.359539"><ele>135.75</ele></trkpt>
   <trkpt lat="44.411651" lon="11.35922"><ele>137.25</ele></trkpt>
   <trkpt lat="44.410443" lon="11.358763"><ele>139</ele></trkpt>
   <trkpt lat="44.408766" lon="11.358014"><ele>141.25</ele></trkpt>
   <trkpt lat="44.407073" lon="11.357239"><ele>143.75</ele></trkpt>
   <trkpt lat="44.403292" lon="11.355471"><ele>149.5</ele></trkpt>
   <trkpt lat="44.40113" lon="11.354593"><ele>152.5</ele></trkpt>
   <trkpt lat="44.398907" lon="11.353787"><ele>155.75</ele></trkpt>
   <trkpt lat="44.396224" lon="11.3529"><ele>159.5</ele></trkpt>
   <trkpt lat="44.394243" lon="11.352329"><ele>162.5</ele></trkpt>
   <trkpt lat="44.392246" lon="11.351839"><ele>165.25</ele></trkpt>
   <trkpt lat="44.387839" lon="11.350898"><ele>171.5</ele></trkpt>
   <trkpt lat="44.385142" lon="11.350375"><ele>175.25</ele></trkpt>
   <trkpt lat="44.380748" lon="11.349714"><ele>181.5</ele></trkpt>
   <trkpt lat="44.377892" lon="11.349487"><ele>185.5</ele></trkpt>
   <trkpt lat="44.374556" lon="11.349405"><ele>190</ele></trkpt>
   <trkpt lat="44.372389" lon="11.349412"><ele>193</ele></trkpt>
   <trkpt lat="44.370419" lon="11.349518"><ele>195.75</ele></trkpt>
   <trkpt lat="44.366976" lon="11.349884"><ele>200.75</ele></trkpt>
   <trkpt lat="44.356288" lon="11.351488"><ele>215.75</ele></trkpt>
   <trkpt lat="44.355457" lon="11.351623"><ele>215.75</ele></trkpt>
   <trkpt lat="44.35391" lon="11.35193"><ele>235.75</ele></trkpt>
   <trkpt lat="44.352933" lon="11.35212"><ele>228.75</ele></trkpt>
   <trkpt lat="44.349762" lon="11.352735"><ele>233.25</ele></trkpt>
   <trkpt lat="44.33594" lon="11.35529"><ele>253.75</ele></trkpt>
   <trkpt lat="44.331771" lon="11.356089"><ele>260</ele></trkpt>
   <trkpt lat="44.329082" lon="11.356482"><ele>263.75</ele></trkpt>
   <trkpt lat="44.327717" lon="11.356623"><ele>265.75</ele></trkpt>
   <trkpt lat="44.326312" lon="11.356737"><ele>268</ele></trkpt>
   <trkpt lat="44.324776" lon="11.356811"><ele>270.25</ele></trkpt>
   <trkpt lat="44.323023" lon="11.35682"><ele>272.75</ele></trkpt>
   <trkpt lat="44.321164" lon="11.356724"><ele>275.5</ele></trkpt>
   <trkpt lat="44.319674" lon="11.356556"><ele>277.75</ele></trkpt>
   <trkpt lat="44.3165" lon="11.356088"><ele>282.25</ele></trkpt>
   <trkpt lat="44.315468" lon="11.35591"><ele>284</ele></trkpt>
   <trkpt lat="44.314544" lon="11.355744"><ele>291.25</ele></trkpt>
   <trkpt lat="44.282093" lon="11.350465"><ele>545.75</ele></trkpt>
   <trkpt lat="44.280755" lon="11.350295"><ele>556</ele></trkpt>
   <trkpt lat="44.279452" lon="11.350185"><ele>566.25</ele></trkpt>
   <trkpt lat="44.278181" lon="11.350122"><ele>576.25</ele></trkpt>
   <trkpt lat="44.276803" lon="11.350151"><ele>586.75</ele></trkpt>
   <trkpt lat="44.275204" lon="11.350253"><ele>599.25</ele></trkpt>
   <trkpt lat="44.273469" lon="11.350425"><ele>591</ele></trkpt>
   <trkpt lat="44.273206" lon="11.350451"><ele>589.75</ele></trkpt>
   <trkpt lat="44.269479" lon="11.351041"><ele>572</ele></trkpt>
   <trkpt lat="44.267568" lon="11.351396"><ele>562.75</ele></trkpt>
   <trkpt lat="44.266506" lon="11.35161"><ele>557.75</ele></trkpt>
   <trkpt lat="44.262178" lon="11.352613"><ele>537</ele></trkpt>
   <trkpt lat="44.232526" lon="11.359657"><ele>394.5</ele></trkpt>
   <trkpt lat="44.231953" lon="11.359817"><ele>394.75</ele></trkpt>
   <trkpt lat="44.230641" lon="11.360239"><ele>395.25</ele></trkpt>
   <trkpt lat="44.230313" lon="11.360364"><ele>395</ele></trkpt>
   <trkpt lat="44.229397" lon="11.360719"><ele>394.75</ele></trkpt>
   <trkpt lat="44.227711" lon="11.36142"><ele>394</ele></trkpt>
   <trkpt lat="44.226116" lon="11.362132"><ele>393.5</ele></trkpt>
   <trkpt lat="44.225233" lon="11.362573"><ele>393.25</ele></trkpt>
   <trkpt lat="44.224358" lon="11.36301"><ele>393</ele></trkpt>
   <trkpt lat="44.22273" lon="11.36388"><ele>392.25</ele></trkpt>
   <trkpt lat="44.222153" lon="11.364206"><ele>392.25</ele></trkpt>
   <trkpt lat="44.221099" lon="11.364802"><ele>391.75</ele></trkpt>
   <trkpt lat="44.219513" lon="11.365834"><ele>391.25</ele></trkpt>
   <trkpt lat="44.217608" lon="11.367268"><ele>390.5</ele></trkpt>
   <trkpt lat="44.215417" lon="11.369243"><ele>389.5</ele></trkpt>
   <trkpt lat="44.213409" lon="11.371247"><ele>388.75</ele></trkpt>
   <trkpt lat="44.210954" lon="11.374156"><ele>387.75</ele></trkpt>
   <trkpt lat="44.191644" lon="11.397612"><ele>379.25</ele></trkpt>
   <trkpt lat="44.189496" lon="11.400154"><ele>378.25</ele></trkpt>
   <trkpt lat="44.18785" lon="11.402036"><ele>377.5</ele></trkpt>
   <trkpt lat="44.186127" lon="11.403842"><ele>376.75</ele></trkpt>
   <trkpt lat="44.183958" lon="11.405912"><ele>376</ele></trkpt>
   <trkpt lat="44.182013" lon="11.407625"><ele>375.25</ele></trkpt>
   <trkpt lat="44.156605" lon="11.42697"><ele>365.5</ele></trkpt>
   <trkpt lat="44.154039" lon="11.428596"><ele>364.75</ele></trkpt>
   <trkpt lat="44.152621" lon="11.429414"><ele>364</ele></trkpt>
   <trkpt lat="44.151958" lon="11.429796"><ele>364</ele></trkpt>
   <trkpt lat="44.151015" lon="11.430298"><ele>375.75</ele></trkpt>
   <trkpt lat="44.148916" lon="11.43144"><ele>402.25</ele></trkpt>
   <trkpt lat="44.14637" lon="11.432653"><ele>434</ele></trkpt>
   <trkpt lat="44.145837" lon="11.432874"><ele>440.75</ele></trkpt>
   <trkpt lat="44.145068" lon="11.433192"><ele>437.75</ele></trkpt>
   <trkpt lat="44.143466" lon="11.433761"><ele>431.5</ele></trkpt>
   <trkpt lat="44.141741" lon="11.434291"><ele>425</ele></trkpt>
   <trkpt lat="44.13972" lon="11.434762"><ele>417.5</ele></trkpt>
   <trkpt lat="44.137529" lon="11.435167"><ele>409.25</ele></trkpt>
   <trkpt lat="44.135403" lon="11.435395"><ele>401.25</ele></trkpt>
   <trkpt lat="44.133041" lon="11.435529"><ele>392.5</ele></trkpt>
   <trkpt lat="44.131241" lon="11.435505"><ele>386</ele></trkpt>
   <trkpt lat="44.129164" lon="11.435401"><ele>378.25</ele></trkpt>
   <trkpt lat="44.127903" lon="11.435293"><ele>373.5</ele></trkpt>
   <trkpt lat="44.126938" lon="11.435211"><ele>370</ele></trkpt>
   <trkpt lat="44.124726" lon="11.434938"><ele>361.75</ele></trkpt>
   <trkpt lat="44.124634" lon="11.434926"><ele>361.5</ele></trkpt>
   <trkpt lat="44.124196" lon="11.43487"><ele>359.75</ele></trkpt>
   <trkpt lat="44.122218" lon="11.434532"><ele>352.5</ele></trkpt>
   <trkpt lat="44.120391" lon="11.434251"><ele>345.75</ele></trkpt>
   <trkpt lat="44.119577" lon="11.434104"><ele>342.5</ele></trkpt>
   <trkpt lat="44.119448" lon="11.434077"><ele>342.75</ele></trkpt>
   <trkpt lat="44.119386" lon="11.434063"><ele>341.75</ele></trkpt>
   <trkpt lat="44.119319" lon="11.434049"><ele>344</ele></trkpt>
   <trkpt lat="44.119294" lon="11.434044"><ele>344.75</ele></trkpt>
   <trkpt lat="44.118766" lon="11.433928"><ele>361.75</ele></trkpt>
   <trkpt lat="44.117211" lon="11.433608"><ele>360.25</ele></trkpt>
   <trkpt lat="44.111042" lon="11.432357"><ele>354.75</ele></trkpt>
   <trkpt lat="44.10315" lon="11.430763"><ele>347.75</ele></trkpt>
   <trkpt lat="44.09498" lon="11.429113"><ele>340.25</ele></trkpt>
   <trkpt lat="44.090223" lon="11.4279"><ele>336</ele></trkpt>
   <trkpt lat="44.059235" lon="11.418235"><ele>308</ele></trkpt>
   <trkpt lat="44.049398" lon="11.415169"><ele>299</ele></trkpt>
   <trkpt lat="44.04589" lon="11.413963"><ele>296</ele></trkpt>
   <trkpt lat="44.043199" lon="11.412845"><ele>293.5</ele></trkpt>
   <trkpt lat="44.04074" lon="11.411722"><ele>291</ele></trkpt>
   <trkpt lat="44.038227" lon="11.410441"><ele>288.75</ele></trkpt>
   <trkpt lat="44.035951" lon="11.409118"><ele>286.5</ele></trkpt>
   <trkpt lat="44.03389" lon="11.40776"><ele>284.5</ele></trkpt>
   <trkpt lat="44.030823" lon="11.40536"><ele>281.5</ele></trkpt>
   <trkpt lat="44.029357" lon="11.404098"><ele>280</ele></trkpt>
   <trkpt lat="44.028174" lon="11.403082"><ele>278.75</ele></trkpt>
   <trkpt lat="44.025854" lon="11.401037"><ele>276.25</ele></trkpt>
   <trkpt lat="44.004532" lon="11.382041"><ele>253.75</ele></trkpt>
   <trkpt lat="44.000967" lon="11.378906"><ele>250</ele></trkpt>
   <trkpt lat="43.996661" lon="11.375197"><ele>245.5</ele></trkpt>
   <trkpt lat="43.990092" lon="11.369644"><ele>245.75</ele></trkpt>
   <trkpt lat="43.988133" lon="11.367914"><ele>242</ele></trkpt>
   <trkpt lat="43.982997" lon="11.363381"><ele>237.5</ele></trkpt>
   <trkpt lat="43.980664" lon="11.361316"><ele>235.5</ele></trkpt>
   <trkpt lat="43.975811" lon="11.357023"><ele>230.5</ele></trkpt>
   <trkpt lat="43.970929" lon="11.352477"><ele>229.25</ele></trkpt>
   <trkpt lat="43.969794" lon="11.351269"><ele>227.5</ele></trkpt>
   <trkpt lat="43.968659" lon="11.349988"><ele>229.5</ele></trkpt>
   <trkpt lat="43.967095" lon="11.348049"><ele>221.75</ele></trkpt>
   <trkpt lat="43.966017" lon="11.346657"><ele>221.25</ele></trkpt>
   <trkpt lat="43.964351" lon="11.344364"><ele>208.5</ele></trkpt>
   <trkpt lat="43.963064" lon="11.342409"><ele>207</ele></trkpt>
   <trkpt lat="43.962805" lon="11.342"><ele>206.5</ele></trkpt>
   <trkpt lat="43.959571" lon="11.337174"><ele>200.75</ele></trkpt>
   <trkpt lat="43.958545" lon="11.335594"><ele>199</ele></trkpt>
   <trkpt lat="43.955376" lon="11.330778"><ele>199</ele></trkpt>
   <trkpt lat="43.955039" lon="11.330285"><ele>198.5</ele></trkpt>
   <trkpt lat="43.953439" lon="11.327753"><ele>196.25</ele></trkpt>
   <trkpt lat="43.951435" lon="11.324296"><ele>193.25</ele></trkpt>
   <trkpt lat="43.949107" lon="11.320062"><ele>190</ele></trkpt>
   <trkpt lat="43.94678" lon="11.315509"><ele>186.25</ele></trkpt>
   <trkpt lat="43.943138" lon="11.308151"><ele>180.5</ele></trkpt>
   <trkpt lat="43.940729" lon="11.303752"><ele>176.75</ele></trkpt>
   <trkpt lat="43.938293" lon="11.29966"><ele>173.5</ele></trkpt>
   <trkpt lat="43.936471" lon="11.296903"><ele>171</ele></trkpt>
   <trkpt lat="43.934302" lon="11.293919"><ele>168.25</ele></trkpt>
   <trkpt lat="43.932217" lon="11.291345"><ele>165.75</ele></trkpt>
   <trkpt lat="43.929707" lon="11.288668"><ele>162.75</ele></trkpt>
   <trkpt lat="43.92828" lon="11.287238"><ele>161.25</ele></trkpt>
   <trkpt lat="43.927582" lon="11.286538"><ele>160.5</ele></trkpt>
   <trkpt lat="43.919594" lon="11.278985"><ele>151.75</ele></trkpt>
   <trkpt lat="43.911343" lon="11.271745"><ele>143</ele></trkpt>
   <trkpt lat="43.907777" lon="11.268861"><ele>139.25</ele></trkpt>
   <trkpt lat="43.904907" lon="11.266759"><ele>136.25</ele></trkpt>
   <trkpt lat="43.90148" lon="11.264666"><ele>132.75</ele></trkpt>
   <trkpt lat="43.898015" lon="11.262936"><ele>129.5</ele></trkpt>
   <trkpt lat="43.892379" lon="11.260676"><ele>124.25</ele></trkpt>
   <trkpt lat="43.890492" lon="11.259919"><ele>122.5</ele></trkpt>
   <trkpt lat="43.888624" lon="11.25917"><ele>120.75</ele></trkpt>
   <trkpt lat="43.886742" lon="11.258403"><ele>119</ele></trkpt>
   <trkpt lat="43.884882" lon="11.257644"><ele>117.25</ele></trkpt>
   <trkpt lat="43.883041" lon="11.256894"><ele>115.5</ele></trkpt>
   <trkpt lat="43.881094" lon="11.2561"><ele>113.75</ele></trkpt>
   <trkpt lat="43.879237" lon="11.255343"><ele>112</ele></trkpt>
   <trkpt lat="43.878799" lon="11.255164"><ele>111.5</ele></trkpt>
   <trkpt lat="43.877372" lon="11.254566"><ele>110.25</ele></trkpt>
   <trkpt lat="43.875498" lon="11.253755"><ele>108.5</ele></trkpt>
   <trkpt lat="43.873618" lon="11.252952"><ele>106.5</ele></trkpt>
   <trkpt lat="43.871739" lon="11.252153"><ele>104.75</ele></trkpt>
   <trkpt lat="43.869867" lon="11.251342"><ele>103</ele></trkpt>
   <trkpt lat="43.868" lon="11.250546"><ele>101.25</ele></trkpt>
   <trkpt lat="43.86614" lon="11.249749"><ele>99.5</ele></trkpt>
   <trkpt lat="43.864283" lon="11.248948"><ele>97.75</ele></trkpt>
   <trkpt lat="43.862377" lon="11.248138"><ele>96</ele></trkpt>
   <trkpt lat="43.861375" lon="11.247704"><ele>95</ele></trkpt>
   <trkpt lat="43.860514" lon="11.247247"><ele>94.25</ele></trkpt>
   <trkpt lat="43.858658" lon="11.246251"><ele>92.5</ele></trkpt>
   <trkpt lat="43.856834" lon="11.24517"><ele>90.5</ele></trkpt>
   <trkpt lat="43.855001" lon="11.243932"><ele>88.75</ele></trkpt>
   <trkpt lat="43.854219" lon="11.243379"><ele>88</ele></trkpt>
   <trkpt lat="43.853249" lon="11.242554"><ele>87</ele></trkpt>
   <trkpt lat="43.852307" lon="11.241756"><ele>86</ele></trkpt>
   <trkpt lat="43.851551" lon="11.241052"><ele>85.25</ele></trkpt>
   <trkpt lat="43.849981" lon="11.239418"><ele>83.25</ele></trkpt>
   <trkpt lat="43.849415" lon="11.238831"><ele>82.75</ele></trkpt>
   <trkpt lat="43.84844" lon="11.237711"><ele>81.5</ele></trkpt>
   <trkpt lat="43.846949" lon="11.235997"><ele>79.75</ele></trkpt>
   <trkpt lat="43.845512" lon="11.234126"><ele>78</ele></trkpt>
   <trkpt lat="43.844039" lon="11.232188"><ele>76.25</ele></trkpt>
   <trkpt lat="43.842751" lon="11.230452"><ele>74.5</ele></trkpt>
   <trkpt lat="43.841415" lon="11.228638"><ele>73</ele></trkpt>
   <trkpt lat="43.83902" lon="11.225404"><ele>70</ele></trkpt>
   <trkpt lat="43.832972" lon="11.217326"><ele>62.25</ele></trkpt>
   <trkpt lat="43.831356" lon="11.215123"><ele>60.25</ele></trkpt>
   <trkpt lat="43.829964" lon="11.213224"><ele>58.5</ele></trkpt>
   <trkpt lat="43.829699" lon="11.212864"><ele>58.25</ele></trkpt>
   <trkpt lat="43.828935" lon="11.211903"><ele>57.25</ele></trkpt>
   <trkpt lat="43.828321" lon="11.211259"><ele>56.5</ele></trkpt>
   <trkpt lat="43.827997" lon="11.210986"><ele>56.25</ele></trkpt>
   <trkpt lat="43.82763" lon="11.210759"><ele>55.75</ele></trkpt>
   <trkpt lat="43.827344" lon="11.210653"><ele>55.5</ele></trkpt>
   <trkpt lat="43.826947" lon="11.210546"><ele>55.25</ele></trkpt>
   <trkpt lat="43.826538" lon="11.21046"><ele>54.75</ele></trkpt>
   <trkpt lat="43.82583" lon="11.210457"><ele>54.25</ele></trkpt>
   <trkpt lat="43.825445" lon="11.210525"><ele>53.75</ele></trkpt>
   <trkpt lat="43.825026" lon="11.210663"><ele>53.5</ele></trkpt>
   <trkpt lat="43.824481" lon="11.210964"><ele>53</ele></trkpt>
   <trkpt lat="43.824074" lon="11.211262"><ele>52.5</ele></trkpt>
   <trkpt lat="43.823766" lon="11.211557"><ele>52.25</ele></trkpt>
   <trkpt lat="43.823342" lon="11.212075"><ele>51.75</ele></trkpt>
   <trkpt lat="43.822805" lon="11.212983"><ele>51</ele></trkpt>
   <trkpt lat="43.821869" lon="11.21483"><ele>51</ele></trkpt>
   <trkpt lat="43.821488" lon="11.215581"><ele>51</ele></trkpt>
   <trkpt lat="43.820902" lon="11.216649"><ele>52.75</ele></trkpt>
   <trkpt lat="43.820081" lon="11.217994"><ele>54</ele></trkpt>
   <trkpt lat="43.819732" lon="11.218505"><ele>53.75</ele></trkpt>
   <trkpt lat="43.819578" lon="11.218715"><ele>54</ele></trkpt>
   <trkpt lat="43.819042" lon="11.219448"><ele>54</ele></trkpt>
   <trkpt lat="43.818734" lon="11.219862"><ele>54.25</ele></trkpt>
   <trkpt lat="43.818712" lon="11.219891"><ele>54.25</ele></trkpt>
   <trkpt lat="43.818404" lon="11.220246"><ele>54</ele></trkpt>
   <trkpt lat="43.817972" lon="11.220714"><ele>54</ele></trkpt>
   <trkpt lat="43.817677" lon="11.221098"><ele>54</ele></trkpt>
   <trkpt lat="43.81723" lon="11.221611"><ele>54</ele></trkpt>
   <trkpt lat="43.817165" lon="11.221695"><ele>54</ele></trkpt>
   <trkpt lat="43.817007" lon="11.221903"><ele>54</ele></trkpt>
   <trkpt lat="43.816619" lon="11.222326"><ele>53.75</ele></trkpt>
   <trkpt lat="43.816439" lon="11.222534"><ele>54</ele></trkpt>
   <trkpt lat="43.816123" lon="11.222942"><ele>53.5</ele></trkpt>
   <trkpt lat="43.815904" lon="11.223227"><ele>53.5</ele></trkpt>
   <trkpt lat="43.815475" lon="11.22379"><ele>53.25</ele></trkpt>
   <trkpt lat="43.815243" lon="11.224095"><ele>53.5</ele></trkpt>
   <trkpt lat="43.814972" lon="11.224444"><ele>53.75</ele></trkpt>
   <trkpt lat="43.814315" lon="11.225301"><ele>53.5</ele></trkpt>
   <trkpt lat="43.81398" lon="11.225665"><ele>53.5</ele></trkpt>
   <trkpt lat="43.813058" lon="11.22687"><ele>52.25</ele></trkpt>
   <trkpt lat="43.812865" lon="11.227116"><ele>52.25</ele></trkpt>
   <trkpt lat="43.812506" lon="11.227553"><ele>54</ele></trkpt>
   <trkpt lat="43.812166" lon="11.227937"><ele>54</ele></trkpt>
   <trkpt lat="43.811719" lon="11.228387"><ele>54.75</ele></trkpt>
   <trkpt lat="43.811095" lon="11.228937"><ele>55</ele></trkpt>
   <trkpt lat="43.81062" lon="11.229326"><ele>55</ele></trkpt>
   <trkpt lat="43.81014" lon="11.229695"><ele>55</ele></trkpt>
   <trkpt lat="43.809652" lon="11.230051"><ele>55.75</ele></trkpt>
   <trkpt lat="43.809162" lon="11.230386"><ele>56.75</ele></trkpt>
   <trkpt lat="43.808608" lon="11.230739"><ele>55.75</ele></trkpt>
   <trkpt lat="43.808547" lon="11.230781"><ele>55.75</ele></trkpt>
   <trkpt lat="43.806557" lon="11.232055"><ele>56</ele></trkpt>
   <trkpt lat="43.80622" lon="11.232269"><ele>56</ele></trkpt>
   <trkpt lat="43.805851" lon="11.232507"><ele>55.75</ele></trkpt>
   <trkpt lat="43.805568" lon="11.232684"><ele>56</ele></trkpt>
   <trkpt lat="43.805289" lon="11.232862"><ele>56</ele></trkpt>
   <trkpt lat="43.804607" lon="11.233293"><ele>56</ele></trkpt>
   <trkpt lat="43.803634" lon="11.233855"><ele>55</ele></trkpt>
   <trkpt lat="43.802273" lon="11.234689"><ele>55</ele></trkpt>
   <trkpt lat="43.801777" lon="11.235012"><ele>55.5</ele></trkpt>
   <trkpt lat="43.80008" lon="11.236163"><ele>55</ele></trkpt>
   <trkpt lat="43.799867" lon="11.236314"><ele>55</ele></trkpt>
   <trkpt lat="43.799602" lon="11.236521"><ele>55</ele></trkpt>
   <trkpt lat="43.798921" lon="11.237072"><ele>54.75</ele></trkpt>
   <trkpt lat="43.798476" lon="11.237433"><ele>55</ele></trkpt>
   <trkpt lat="43.797896" lon="11.237825"><ele>55</ele></trkpt>
   <trkpt lat="43.797441" lon="11.23819"><ele>55</ele></trkpt>
   <trkpt lat="43.797088" lon="11.238451"><ele>55</ele></trkpt>
   <trkpt lat="43.796845" lon="11.23862"><ele>54.75</ele></trkpt>
   <trkpt lat="43.796582" lon="11.23879"><ele>54.75</ele></trkpt>
   <trkpt lat="43.796314" lon="11.238942"><ele>54.75</ele></trkpt>
   <trkpt lat="43.796018" lon="11.239085"><ele>53</ele></trkpt>
   <trkpt lat="43.795573" lon="11.239274"><ele>53.5</ele></trkpt>
   <trkpt lat="43.795212" lon="11.239431"><ele>53.75</ele></trkpt>
   <trkpt lat="43.79479" lon="11.239662"><ele>53.5</ele></trkpt>
   <trkpt lat="43.794083" lon="11.239953"><ele>52.75</ele></trkpt>
   <trkpt lat="43.793597" lon="11.240188"><ele>52.75</ele></trkpt>
   <trkpt lat="43.7926" lon="11.240678"><ele>51.75</ele></trkpt>
   <trkpt lat="43.790077" lon="11.241826"><ele>51.5</ele></trkpt>
   <trkpt lat="43.789636" lon="11.242043"><ele>49.75</ele></trkpt>
   <trkpt lat="43.789105" lon="11.242288"><ele>51.5</ele></trkpt>
   <trkpt lat="43.788548" lon="11.242528"><ele>51</ele></trkpt>
   <trkpt lat="43.785373" lon="11.243869"><ele>51</ele></trkpt>
   <trkpt lat="43.784704" lon="11.244139"><ele>50.75</ele></trkpt>
   <trkpt lat="43.784082" lon="11.244378"><ele>50.5</ele></trkpt>
   <trkpt lat="43.783451" lon="11.244596"><ele>50</ele></trkpt>
   <trkpt lat="43.783044" lon="11.244825"><ele>43.5</ele></trkpt>
   <trkpt lat="43.782347" lon="11.245087"><ele>49.75</ele></trkpt>
   <trkpt lat="43.781844" lon="11.245293"><ele>49</ele></trkpt>
   <trkpt lat="43.781588" lon="11.245401"><ele>49</ele></trkpt>
   <trkpt lat="43.7813" lon="11.245522"><ele>48.75</ele></trkpt>
   <trkpt lat="43.781112" lon="11.245604"><ele>49</ele></trkpt>
   <trkpt lat="43.78066" lon="11.245812"><ele>49</ele></trkpt>
   <trkpt lat="43.780554" lon="11.24586"><ele>49</ele></trkpt>
   <trkpt lat="43.780091" lon="11.246087"><ele>48.25</ele></trkpt>
   <trkpt lat="43.779642" lon="11.246317"><ele>48.5</ele></trkpt>
   <trkpt lat="43.777392" lon="11.247415"><ele>48</ele></trkpt>
   <trkpt lat="43.779642" lon="11.246317"><ele>48.5</ele></trkpt>
   <trkpt lat="43.780091" lon="11.246087"><ele>48.25</ele></trkpt>
   <trkpt lat="43.780554" lon="11.24586"><ele>49</ele></trkpt>
   <trkpt lat="43.78066" lon="11.245812"><ele>49</ele></trkpt>
   <trkpt lat="43.781112" lon="11.245604"><ele>49</ele></trkpt>
   <trkpt lat="43.7813" lon="11.245522"><ele>48.75</ele></trkpt>
   <trkpt lat="43.781588" lon="11.245401"><ele>49</ele></trkpt>
   <trkpt lat="43.781844" lon="11.245293"><ele>49</ele></trkpt>
   <trkpt lat="43.782347" lon="11.245087"><ele>49.75</ele></trkpt>
   <trkpt lat="43.783044" lon="11.244825"><ele>43.5</ele></trkpt>
   <trkpt lat="43.783451" lon="11.244596"><ele>50</ele></trkpt>
   <trkpt lat="43.784082" lon="11.244378"><ele>50.5</ele></trkpt>
   <trkpt lat="43.784704" lon="11.244139"><ele>50.75</ele></trkpt>
   <trkpt lat="43.785373" lon="11.243869"><ele>51</ele></trkpt>
   <trkpt lat="43.788548" lon="11.242528"><ele>51</ele></trkpt>
   <trkpt lat="43.789105" lon="11.242288"><ele>51.5</ele></trkpt>
   <trkpt lat="43.789636" lon="11.242043"><ele>49.75</ele></trkpt>
   <trkpt lat="43.790077" lon="11.241826"><ele>51.5</ele></trkpt>
   <trkpt lat="43.7926" lon="11.240678"><ele>51.75</ele></trkpt>
   <trkpt lat="43.793597" lon="11.240188"><ele>52.75</ele></trkpt>
   <trkpt lat="43.794083" lon="11.239953"><ele>52.75</ele></trkpt>
   <trkpt lat="43.79479" lon="11.239662"><ele>53.5</ele></trkpt>
   <trkpt lat="43.795212" lon="11.239431"><ele>53.75</ele></trkpt>
   <trkpt lat="43.795573" lon="11.239274"><ele>53.5</ele></trkpt>
   <trkpt lat="43.796018" lon="11.239085"><ele>53</ele></trkpt>
   <trkpt lat="43.796314" lon="11.238942"><ele>54.75</ele></trkpt>
   <trkpt lat="43.796582" lon="11.23879"><ele>54.75</ele></trkpt>
   <trkpt lat="43.796845" lon="11.23862"><ele>54.75</ele></trkpt>
   <trkpt lat="43.797088" lon="11.238451"><ele>55</ele></trkpt>
   <trkpt lat="43.797441" lon="11.23819"><ele>55</ele></trkpt>
   <trkpt lat="43.797896" lon="11.237825"><ele>55</ele></trkpt>
   <trkpt lat="43.798214" lon="11.237558"><ele>55</ele></trkpt>
   <trkpt lat="43.798338" lon="11.237438"><ele>55</ele></trkpt>
   <trkpt lat="43.798604" lon="11.237154"><ele>54.75</ele></trkpt>
   <trkpt lat="43.799836" lon="11.236164"><ele>55</ele></trkpt>
   <trkpt lat="43.800057" lon="11.235999"><ele>54.5</ele></trkpt>
   <trkpt lat="43.800125" lon="11.235947"><ele>54.5</ele></trkpt>
   <trkpt lat="43.801913" lon="11.234732"><ele>55.75</ele></trkpt>
   <trkpt lat="43.802229" lon="11.234531"><ele>55</ele></trkpt>
   <trkpt lat="43.803005" lon="11.234063"><ele>55</ele></trkpt>
   <trkpt lat="43.803401" lon="11.233828"><ele>55</ele></trkpt>
   <trkpt lat="43.80524" lon="11.232732"><ele>56</ele></trkpt>
   <trkpt lat="43.805841" lon="11.232366"><ele>55.5</ele></trkpt>
   <trkpt lat="43.806237" lon="11.232114"><ele>56</ele></trkpt>
   <trkpt lat="43.806537" lon="11.231867"><ele>56</ele></trkpt>
   <trkpt lat="43.807068" lon="11.231529"><ele>56</ele></trkpt>
   <trkpt lat="43.807333" lon="11.23135"><ele>55.75</ele></trkpt>
   <trkpt lat="43.807595" lon="11.231144"><ele>56</ele></trkpt>
   <trkpt lat="43.80783" lon="11.230926"><ele>56</ele></trkpt>
   <trkpt lat="43.807962" lon="11.230785"><ele>55.75</ele></trkpt>
   <trkpt lat="43.808104" lon="11.230611"><ele>55.75</ele></trkpt>
   <trkpt lat="43.808283" lon="11.230372"><ele>55.75</ele></trkpt>
   <trkpt lat="43.808522" lon="11.229977"><ele>55.5</ele></trkpt>
   <trkpt lat="43.808743" lon="11.229524"><ele>55</ele></trkpt>
   <trkpt lat="43.808886" lon="11.229144"><ele>54.75</ele></trkpt>
   <trkpt lat="43.808951" lon="11.228954"><ele>54.75</ele></trkpt>
   <trkpt lat="43.809015" lon="11.228742"><ele>54.25</ele></trkpt>
   <trkpt lat="43.809127" lon="11.228309"><ele>54.5</ele></trkpt>
   <trkpt lat="43.809185" lon="11.228043"><ele>53.75</ele></trkpt>
   <trkpt lat="43.809222" lon="11.227842"><ele>53.25</ele></trkpt>
   <trkpt lat="43.809268" lon="11.227541"><ele>53</ele></trkpt>
   <trkpt lat="43.809311" lon="11.227171"><ele>53.25</ele></trkpt>
   <trkpt lat="43.809335" lon="11.226845"><ele>53</ele></trkpt>
   <trkpt lat="43.809349" lon="11.226536"><ele>53.25</ele></trkpt>
   <trkpt lat="43.809352" lon="11.226137"><ele>53.25</ele></trkpt>
   <trkpt lat="43.809343" lon="11.225885"><ele>52.75</ele></trkpt>
   <trkpt lat="43.80931" lon="11.225369"><ele>52.5</ele></trkpt>
   <trkpt lat="43.809274" lon="11.225048"><ele>52.5</ele></trkpt>
   <trkpt lat="43.809236" lon="11.224821"><ele>53.25</ele></trkpt>
   <trkpt lat="43.809167" lon="11.224461"><ele>54</ele></trkpt>
   <trkpt lat="43.809112" lon="11.224239"><ele>53</ele></trkpt>
   <trkpt lat="43.808984" lon="11.223784"><ele>53</ele></trkpt>
   <trkpt lat="43.808896" lon="11.223524"><ele>54</ele></trkpt>
   <trkpt lat="43.808705" lon="11.223057"><ele>50.25</ele></trkpt>
   <trkpt lat="43.808592" lon="11.222819"><ele>51.25</ele></trkpt>
   <trkpt lat="43.808352" lon="11.222384"><ele>52.25</ele></trkpt>
   <trkpt lat="43.808194" lon="11.222131"><ele>51.25</ele></trkpt>
   <trkpt lat="43.807868" lon="11.221651"><ele>51.5</ele></trkpt>
   <trkpt lat="43.806441" lon="11.219616"><ele>48.75</ele></trkpt>
   <trkpt lat="43.806093" lon="11.219049"><ele>49.5</ele></trkpt>
   <trkpt lat="43.805856" lon="11.218706"><ele>48.75</ele></trkpt>
   <trkpt lat="43.805579" lon="11.218309"><ele>49</ele></trkpt>
   <trkpt lat="43.805249" lon="11.217852"><ele>48.5</ele></trkpt>
   <trkpt lat="43.804572" lon="11.216903"><ele>47.75</ele></trkpt>
   <trkpt lat="43.804449" lon="11.216739"><ele>48.25</ele></trkpt>
   <trkpt lat="43.804216" lon="11.216451"><ele>47.75</ele></trkpt>
   <trkpt lat="43.804015" lon="11.216218"><ele>47.5</ele></trkpt>
   <trkpt lat="43.803796" lon="11.215981"><ele>47</ele></trkpt>
   <trkpt lat="43.803665" lon="11.215846"><ele>47.75</ele></trkpt>
   <trkpt lat="43.803483" lon="11.215657"><ele>47</ele></trkpt>
   <trkpt lat="43.801489" lon="11.213798"><ele>42</ele></trkpt>
   <trkpt lat="43.801404" lon="11.213719"><ele>42.25</ele></trkpt>
   <trkpt lat="43.799552" lon="11.211988"><ele>43</ele></trkpt>
   <trkpt lat="43.798643" lon="11.211121"><ele>41.5</ele></trkpt>
   <trkpt lat="43.798469" lon="11.210957"><ele>41.25</ele></trkpt>
   <trkpt lat="43.798076" lon="11.210576"><ele>38.25</ele></trkpt>
   <trkpt lat="43.797837" lon="11.210353"><ele>42</ele></trkpt>
   <trkpt lat="43.79679" lon="11.209398"><ele>41</ele></trkpt>
   <trkpt lat="43.79653" lon="11.209146"><ele>41.75</ele></trkpt>
   <trkpt lat="43.794969" lon="11.207687"><ele>42</ele></trkpt>
   <trkpt lat="43.794805" lon="11.207536"><ele>42</ele></trkpt>
   <trkpt lat="43.794486" lon="11.207233"><ele>43</ele></trkpt>
   <trkpt lat="43.794294" lon="11.20703"><ele>41.5</ele></trkpt>
   <trkpt lat="43.794102" lon="11.206814"><ele>41.5</ele></trkpt>
   <trkpt lat="43.793957" lon="11.206631"><ele>42.25</ele></trkpt>
   <trkpt lat="43.793767" lon="11.206339"><ele>39.5</ele></trkpt>
   <trkpt lat="43.793584" lon="11.206035"><ele>40</ele></trkpt>
   <trkpt lat="43.793468" lon="11.205828"><ele>42</ele></trkpt>
   <trkpt lat="43.793359" lon="11.205614"><ele>42.75</ele></trkpt>
   <trkpt lat="43.793245" lon="11.205371"><ele>41</ele></trkpt>
   <trkpt lat="43.793042" lon="11.204838"><ele>41.75</ele></trkpt>
   <trkpt lat="43.792907" lon="11.204427"><ele>41</ele></trkpt>
   <trkpt lat="43.792836" lon="11.204161"><ele>42</ele></trkpt>
   <trkpt lat="43.792773" lon="11.203898"><ele>42</ele></trkpt>
   <trkpt lat="43.7927" lon="11.20352"><ele>41</ele></trkpt>
   <trkpt lat="43.792659" lon="11.20325"><ele>41</ele></trkpt>
   <trkpt lat="43.792572" lon="11.202375"><ele>41.25</ele></trkpt>
   <trkpt lat="43.792531" lon="11.202031"><ele>41.75</ele></trkpt>
   <trkpt lat="43.792455" lon="11.201531"><ele>42</ele></trkpt>
   <trkpt lat="43.792415" lon="11.201215"><ele>42</ele></trkpt>
   <trkpt lat="43.792404" lon="11.201086"><ele>42</ele></trkpt>
   <trkpt lat="43.792169" lon="11.198426"><ele>42</ele></trkpt>
   <trkpt lat="43.792083" lon="11.197373"><ele>41.5</ele></trkpt>
   <trkpt lat="43.791825" lon="11.194479"><ele>42</ele></trkpt>
   <trkpt lat="43.791635" lon="11.192188"><ele>42</ele></trkpt>
   <trkpt lat="43.791554" lon="11.191489"><ele>42</ele></trkpt>
   <trkpt lat="43.791078" lon="11.188002"><ele>41.5</ele></trkpt>
   <trkpt lat="43.790911" lon="11.186746"><ele>40.25</ele></trkpt>
   <trkpt lat="43.790832" lon="11.186"><ele>41.75</ele></trkpt>
   <trkpt lat="43.790767" lon="11.185204"><ele>40</ele></trkpt>
   <trkpt lat="43.790585" lon="11.183155"><ele>40.25</ele></trkpt>
   <trkpt lat="43.790186" lon="11.178463"><ele>39.25</ele></trkpt>
   <trkpt lat="43.789595" lon="11.171619"><ele>38.75</ele></trkpt>
   <trkpt lat="43.789193" lon="11.166744"><ele>40.5</ele></trkpt>
   <trkpt lat="43.789079" lon="11.165734"><ele>39</ele></trkpt>
   <trkpt lat="43.788942" lon="11.164683"><ele>39</ele></trkpt>
   <trkpt lat="43.788447" lon="11.161425"><ele>37</ele></trkpt>
   <trkpt lat="43.788017" lon="11.158677"><ele>39</ele></trkpt>
   <trkpt lat="43.787935" lon="11.158155"><ele>37.5</ele></trkpt>
   <trkpt lat="43.787064" lon="11.152594"><ele>37.5</ele></trkpt>
   <trkpt lat="43.785438" lon="11.142156"><ele>37.25</ele></trkpt>
   <trkpt lat="43.784061" lon="11.133278"><ele>35.25</ele></trkpt>
   <trkpt lat="43.783976" lon="11.132541"><ele>37</ele></trkpt>
   <trkpt lat="43.783651" lon="11.130309"><ele>33.75</ele></trkpt>
   <trkpt lat="43.783461" lon="11.128926"><ele>34</ele></trkpt>
   <trkpt lat="43.783296" lon="11.127729"><ele>31.5</ele></trkpt>
   <trkpt lat="43.783031" lon="11.125518"><ele>34.25</ele></trkpt>
   <trkpt lat="43.78288" lon="11.124322"><ele>34</ele></trkpt>
   <trkpt lat="43.782735" lon="11.122375"><ele>34.75</ele></trkpt>
   <trkpt lat="43.782707" lon="11.121781"><ele>34.75</ele></trkpt>
   <trkpt lat="43.782643" lon="11.120954"><ele>33</ele></trkpt>
   <trkpt lat="43.782637" lon="11.120874"><ele>33.25</ele></trkpt>
   <trkpt lat="43.782573" lon="11.120051"><ele>35</ele></trkpt>
   <trkpt lat="43.782413" lon="11.118809"><ele>31.25</ele></trkpt>
   <trkpt lat="43.781789" lon="11.11481"><ele>30.75</ele></trkpt>
   <trkpt lat="43.781325" lon="11.112751"><ele>32.5</ele></trkpt>
   <trkpt lat="43.781232" lon="11.112419"><ele>33</ele></trkpt>
   <trkpt lat="43.780853" lon="11.111262"><ele>31.75</ele></trkpt>
   <trkpt lat="43.780427" lon="11.110194"><ele>30.75</ele></trkpt>
   <trkpt lat="43.779927" lon="11.109159"><ele>32.75</ele></trkpt>
   <trkpt lat="43.779216" lon="11.107957"><ele>33.25</ele></trkpt>
   <trkpt lat="43.778616" lon="11.107105"><ele>33.75</ele></trkpt>
   <trkpt lat="43.778461" lon="11.106912"><ele>34</ele></trkpt>
   <trkpt lat="43.777909" lon="11.106276"><ele>34.5</ele></trkpt>
   <trkpt lat="43.777726" lon="11.106085"><ele>34.5</ele></trkpt>
   <trkpt lat="43.776993" lon="11.105385"><ele>35.25</ele></trkpt>
   <trkpt lat="43.776447" lon="11.104954"><ele>35.5</ele></trkpt>
   <trkpt lat="43.776042" lon="11.104672"><ele>35.75</ele></trkpt>
   <trkpt lat="43.775066" lon="11.10413"><ele>36.5</ele></trkpt>
   <trkpt lat="43.774481" lon="11.103878"><ele>36.75</ele></trkpt>
   <trkpt lat="43.773993" lon="11.103696"><ele>37.25</ele></trkpt>
   <trkpt lat="43.77377" lon="11.103631"><ele>37.25</ele></trkpt>
   <trkpt lat="43.772807" lon="11.103425"><ele>38</ele></trkpt>
   <trkpt lat="43.771468" lon="11.103114"><ele>38.75</ele></trkpt>
   <trkpt lat="43.77106" lon="11.103009"><ele>39</ele></trkpt>
   <trkpt lat="43.770616" lon="11.102886"><ele>39.25</ele></trkpt>
   <trkpt lat="43.769716" lon="11.102586"><ele>39.75</ele></trkpt>
   <trkpt lat="43.769588" lon="11.102542"><ele>40</ele></trkpt>
   <trkpt lat="43.769296" lon="11.102422"><ele>40</ele></trkpt>
   <trkpt lat="43.769008" lon="11.102308"><ele>40.25</ele></trkpt>
   <trkpt lat="43.768665" lon="11.102156"><ele>41.75</ele></trkpt>
   <trkpt lat="43.768096" lon="11.101859"><ele>46</ele></trkpt>
   <trkpt lat="43.767735" lon="11.101656"><ele>48.75</ele></trkpt>
   <trkpt lat="43.767324" lon="11.101361"><ele>47.25</ele></trkpt>
   <trkpt lat="43.767265" lon="11.101319"><ele>46.75</ele></trkpt>
   <trkpt lat="43.766767" lon="11.100961"><ele>51.75</ele></trkpt>
   <trkpt lat="43.766343" lon="11.100643"><ele>56</ele></trkpt>
   <trkpt lat="43.765748" lon="11.100102"><ele>62.5</ele></trkpt>
   <trkpt lat="43.76523" lon="11.099461"><ele>69</ele></trkpt>
   <trkpt lat="43.764758" lon="11.098706"><ele>75.5</ele></trkpt>
   <trkpt lat="43.764367" lon="11.097656"><ele>83.25</ele></trkpt>
   <trkpt lat="43.760842" lon="11.08434"><ele>176.75</ele></trkpt>
   <trkpt lat="43.760494" lon="11.08204"><ele>192.25</ele></trkpt>
   <trkpt lat="43.760344" lon="11.08105"><ele>192.25</ele></trkpt>
   <trkpt lat="43.760312" lon="11.080836"><ele>191.75</ele></trkpt>
   <trkpt lat="43.760273" lon="11.080582"><ele>191</ele></trkpt>
   <trkpt lat="43.760257" lon="11.080473"><ele>190.25</ele></trkpt>
   <trkpt lat="43.757587" lon="11.06285"><ele>106.25</ele></trkpt>
   <trkpt lat="43.756765" lon="11.057419"><ele>80.5</ele></trkpt>
   <trkpt lat="43.75631" lon="11.05397"><ele>64.25</ele></trkpt>
   <trkpt lat="43.756247" lon="11.053483"><ele>63.5</ele></trkpt>
   <trkpt lat="43.756119" lon="11.052567"><ele>62.25</ele></trkpt>
   <trkpt lat="43.755899" lon="11.051415"><ele>60.75</ele></trkpt>
   <trkpt lat="43.755605" lon="11.050248"><ele>59.25</ele></trkpt>
   <trkpt lat="43.755266" lon="11.049258"><ele>57.75</ele></trkpt>
   <trkpt lat="43.754871" lon="11.04833"><ele>56.25</ele></trkpt>
   <trkpt lat="43.754419" lon="11.047403"><ele>55</ele></trkpt>
   <trkpt lat="43.747866" lon="11.035171"><ele>35.5</ele></trkpt>
   <trkpt lat="43.747268" lon="11.034243"><ele>33.75</ele></trkpt>
   <trkpt lat="43.746575" lon="11.033357"><ele>32</ele></trkpt>
   <trkpt lat="43.746434" lon="11.033202"><ele>32.25</ele></trkpt>
   <trkpt lat="43.745962" lon="11.032717"><ele>32.5</ele></trkpt>
   <trkpt lat="43.745663" lon="11.032412"><ele>32.75</ele></trkpt>
   <trkpt lat="43.745291" lon="11.032018"><ele>32.25</ele></trkpt>
   <trkpt lat="43.744533" lon="11.031254"><ele>29.75</ele></trkpt>
   <trkpt lat="43.744286" lon="11.031024"><ele>29</ele></trkpt>
   <trkpt lat="43.742791" lon="11.029779"><ele>29.75</ele></trkpt>
   <trkpt lat="43.742398" lon="11.029411"><ele>30</ele></trkpt>
   <trkpt lat="43.742199" lon="11.02921"><ele>30</ele></trkpt>
   <trkpt lat="43.741945" lon="11.02893"><ele>29.25</ele></trkpt>
   <trkpt lat="43.741238" lon="11.028094"><ele>28.75</ele></trkpt>
   <trkpt lat="43.740795" lon="11.027561"><ele>29.25</ele></trkpt>
   <trkpt lat="43.740082" lon="11.02667"><ele>30</ele></trkpt>
   <trkpt lat="43.739627" lon="11.026118"><ele>30</ele></trkpt>
   <trkpt lat="43.737409" lon="11.023506"><ele>30.25</ele></trkpt>
   <trkpt lat="43.735549" lon="11.021304"><ele>29.5</ele></trkpt>
   <trkpt lat="43.735044" lon="11.020727"><ele>30.25</ele></trkpt>
   <trkpt lat="43.734358" lon="11.019925"><ele>30</ele></trkpt>
   <trkpt lat="43.734253" lon="11.019803"><ele>29.75</ele></trkpt>
   <trkpt lat="43.73383" lon="11.019352"><ele>32.25</ele></trkpt>
   <trkpt lat="43.733651" lon="11.019175"><ele>32.75</ele></trkpt>
   <trkpt lat="43.733396" lon="11.018935"><ele>30.5</ele></trkpt>
   <trkpt lat="43.733027" lon="11.018582"><ele>31.25</ele></trkpt>
   <trkpt lat="43.732721" lon="11.018303"><ele>30.75</ele></trkpt>
   <trkpt lat="43.731896" lon="11.017539"><ele>30.5</ele></trkpt>
   <trkpt lat="43.731668" lon="11.017323"><ele>31.25</ele></trkpt>
   <trkpt lat="43.730104" lon="11.015891"><ele>32.5</ele></trkpt>
   <trkpt lat="43.728589" lon="11.01447"><ele>40</ele></trkpt>
   <trkpt lat="43.728203" lon="11.014114"><ele>40</ele></trkpt>
   <trkpt lat="43.727826" lon="11.013754"><ele>40</ele></trkpt>
   <trkpt lat="43.727456" lon="11.013386"><ele>40</ele></trkpt>
   <trkpt lat="43.726899" lon="11.012773"><ele>39.75</ele></trkpt>
   <trkpt lat="43.726286" lon="11.012034"><ele>39.25</ele></trkpt>
   <trkpt lat="43.725769" lon="11.011329"><ele>38.5</ele></trkpt>
   <trkpt lat="43.725613" lon="11.011104"><ele>37.25</ele></trkpt>
   <trkpt lat="43.725279" lon="11.010589"><ele>35</ele></trkpt>
   <trkpt lat="43.725125" lon="11.01034"><ele>34.5</ele></trkpt>
   <trkpt lat="43.724876" lon="11.009917"><ele>33.25</ele></trkpt>
   <trkpt lat="43.724478" lon="11.009192"><ele>30</ele></trkpt>
   <trkpt lat="43.724349" lon="11.008945"><ele>30</ele></trkpt>
   <trkpt lat="43.723972" lon="11.008154"><ele>29.75</ele></trkpt>
   <trkpt lat="43.723839" lon="11.007859"><ele>30</ele></trkpt>
   <trkpt lat="43.723631" lon="11.007368"><ele>30.25</ele></trkpt>
   <trkpt lat="43.723442" lon="11.006887"><ele>31</ele></trkpt>
   <trkpt lat="43.723327" lon="11.006575"><ele>31.25</ele></trkpt>
   <trkpt lat="43.723175" lon="11.006138"><ele>31</ele></trkpt>
   <trkpt lat="43.722958" lon="11.00546"><ele>30</ele></trkpt>
   <trkpt lat="43.722854" lon="11.005107"><ele>30.5</ele></trkpt>
   <trkpt lat="43.722657" lon="11.00438"><ele>30</ele></trkpt>
   <trkpt lat="43.722569" lon="11.004026"><ele>29.75</ele></trkpt>
   <trkpt lat="43.722518" lon="11.003813"><ele>30</ele></trkpt>
   <trkpt lat="43.722408" lon="11.003281"><ele>30</ele></trkpt>
   <trkpt lat="43.722279" lon="11.002602"><ele>29.75</ele></trkpt>
   <trkpt lat="43.722236" lon="11.002331"><ele>30</ele></trkpt>
   <trkpt lat="43.722066" lon="11.001123"><ele>30.5</ele></trkpt>
   <trkpt lat="43.721533" lon="10.996723"><ele>30</ele></trkpt>
   <trkpt lat="43.721402" lon="10.99569"><ele>29.75</ele></trkpt>
   <trkpt lat="43.721042" lon="10.992672"><ele>29.75</ele></trkpt>
   <trkpt lat="43.721023" lon="10.992504"><ele>29.75</ele></trkpt>
   <trkpt lat="43.719282" lon="10.978122"><ele>29</ele></trkpt>
   <trkpt lat="43.718437" lon="10.971166"><ele>29</ele></trkpt>
   <trkpt lat="43.717526" lon="10.963683"><ele>22.75</ele></trkpt>
   <trkpt lat="43.717505" lon="10.963495"><ele>22.5</ele></trkpt>
   <trkpt lat="43.71732" lon="10.961985"><ele>22.75</ele></trkpt>
   <trkpt lat="43.717243" lon="10.961349"><ele>25</ele></trkpt>
   <trkpt lat="43.717142" lon="10.9605"><ele>29</ele></trkpt>
   <trkpt lat="43.717106" lon="10.960189"><ele>30</ele></trkpt>
   <trkpt lat="43.716731" lon="10.957085"><ele>29</ele></trkpt>
   <trkpt lat="43.716476" lon="10.955036"><ele>29</ele></trkpt>
   <trkpt lat="43.716234" lon="10.953051"><ele>29</ele></trkpt>
   <trkpt lat="43.715757" lon="10.949255"><ele>28.5</ele></trkpt>
   <trkpt lat="43.715468" lon="10.946715"><ele>28</ele></trkpt>
   <trkpt lat="43.715399" lon="10.946165"><ele>28</ele></trkpt>
   <trkpt lat="43.71479" lon="10.941123"><ele>27</ele></trkpt>
   <trkpt lat="43.714401" lon="10.937906"><ele>24.5</ele></trkpt>
   <trkpt lat="43.714171" lon="10.93607"><ele>26</ele></trkpt>
   <trkpt lat="43.711964" lon="10.917924"><ele>25</ele></trkpt>
   <trkpt lat="43.710491" lon="10.9059"><ele>25.5</ele></trkpt>
   <trkpt lat="43.707852" lon="10.884134"><ele>20.25</ele></trkpt>
   <trkpt lat="43.707766" lon="10.883426"><ele>25.75</ele></trkpt>
   <trkpt lat="43.704024" lon="10.852781"><ele>24</ele></trkpt>
   <trkpt lat="43.703535" lon="10.848821"><ele>23</ele></trkpt>
   <trkpt lat="43.702116" lon="10.837218"><ele>21.25</ele></trkpt>
   <trkpt lat="43.70209" lon="10.837019"><ele>21.75</ele></trkpt>
   <trkpt lat="43.701808" lon="10.834701"><ele>21</ele></trkpt>
   <trkpt lat="43.701531" lon="10.832383"><ele>21</ele></trkpt>
   <trkpt lat="43.701437" lon="10.831642"><ele>21</ele></trkpt>
   <trkpt lat="43.701395" lon="10.831312"><ele>22</ele></trkpt>
   <trkpt lat="43.701362" lon="10.831009"><ele>22.25</ele></trkpt>
   <trkpt lat="43.700724" lon="10.825766"><ele>20</ele></trkpt>
   <trkpt lat="43.700042" lon="10.820273"><ele>20.75</ele></trkpt>
   <trkpt lat="43.699234" lon="10.813688"><ele>20</ele></trkpt>
   <trkpt lat="43.69846" lon="10.807329"><ele>21.25</ele></trkpt>
   <trkpt lat="43.698055" lon="10.804112"><ele>21.75</ele></trkpt>
   <trkpt lat="43.6976" lon="10.800365"><ele>20</ele></trkpt>
   <trkpt lat="43.697464" lon="10.799324"><ele>20</ele></trkpt>
   <trkpt lat="43.697374" lon="10.798569"><ele>20</ele></trkpt>
   <trkpt lat="43.697065" lon="10.795988"><ele>20</ele></trkpt>
   <trkpt lat="43.696412" lon="10.790566"><ele>20</ele></trkpt>
   <trkpt lat="43.695957" lon="10.786984"><ele>20</ele></trkpt>
   <trkpt lat="43.695917" lon="10.786665"><ele>20.5</ele></trkpt>
   <trkpt lat="43.695693" lon="10.784867"><ele>20</ele></trkpt>
   <trkpt lat="43.694478" lon="10.774997"><ele>20.75</ele></trkpt>
   <trkpt lat="43.694084" lon="10.771804"><ele>20</ele></trkpt>
   <trkpt lat="43.693978" lon="10.771184"><ele>20.5</ele></trkpt>
   <trkpt lat="43.693794" lon="10.769702"><ele>20.25</ele></trkpt>
   <trkpt lat="43.693743" lon="10.769317"><ele>20.25</ele></trkpt>
   <trkpt lat="43.693646" lon="10.768671"><ele>20.75</ele></trkpt>
   <trkpt lat="43.6936" lon="10.768407"><ele>20.25</ele></trkpt>
   <trkpt lat="43.693548" lon="10.768158"><ele>19.5</ele></trkpt>
   <trkpt lat="43.69349" lon="10.767903"><ele>18.75</ele></trkpt>
   <trkpt lat="43.69337" lon="10.767427"><ele>18.5</ele></trkpt>
   <trkpt lat="43.6932" lon="10.766877"><ele>18.5</ele></trkpt>
   <trkpt lat="43.693071" lon="10.766508"><ele>18.25</ele></trkpt>
   <trkpt lat="43.69287" lon="10.766003"><ele>18</ele></trkpt>
   <trkpt lat="43.692767" lon="10.765771"><ele>17.75</ele></trkpt>
   <trkpt lat="43.692511" lon="10.765243"><ele>18.5</ele></trkpt>
   <trkpt lat="43.692249" lon="10.764737"><ele>19.75</ele></trkpt>
   <trkpt lat="43.692053" lon="10.764299"><ele>19</ele></trkpt>
   <trkpt lat="43.691764" lon="10.763748"><ele>20.25</ele></trkpt>
   <trkpt lat="43.691521" lon="10.763246"><ele>23.5</ele></trkpt>
   <trkpt lat="43.691436" lon="10.763052"><ele>24.25</ele></trkpt>
   <trkpt lat="43.691226" lon="10.762506"><ele>24.75</ele></trkpt>
   <trkpt lat="43.691049" lon="10.761972"><ele>24.75</ele></trkpt>
   <trkpt lat="43.69091" lon="10.761475"><ele>24.25</ele></trkpt>
   <trkpt lat="43.690766" lon="10.76088"><ele>25.25</ele></trkpt>
   <trkpt lat="43.690707" lon="10.760604"><ele>24.5</ele></trkpt>
   <trkpt lat="43.690636" lon="10.760195"><ele>22.5</ele></trkpt>
   <trkpt lat="43.690584" lon="10.759834"><ele>22.75</ele></trkpt>
   <trkpt lat="43.690509" lon="10.75915"><ele>22.75</ele></trkpt>
   <trkpt lat="43.69048" lon="10.758559"><ele>21.75</ele></trkpt>
   <trkpt lat="43.690468" lon="10.758163"><ele>21.25</ele></trkpt>
   <trkpt lat="43.690475" lon="10.757477"><ele>21</ele></trkpt>
   <trkpt lat="43.690498" lon="10.757013"><ele>21</ele></trkpt>
   <trkpt lat="43.690547" lon="10.756454"><ele>21</ele></trkpt>
   <trkpt lat="43.690596" lon="10.756055"><ele>20</ele></trkpt>
   <trkpt lat="43.690832" lon="10.754555"><ele>20</ele></trkpt>
   <trkpt lat="43.691013" lon="10.753247"><ele>20.75</ele></trkpt>
   <trkpt lat="43.691081" lon="10.752621"><ele>21</ele></trkpt>
   <trkpt lat="43.691144" lon="10.751895"><ele>21</ele></trkpt>
   <trkpt lat="43.691199" lon="10.750869"><ele>21.75</ele></trkpt>
   <trkpt lat="43.691212" lon="10.750459"><ele>21.75</ele></trkpt>
   <trkpt lat="43.691213" lon="10.74948"><ele>22.5</ele></trkpt>
   <trkpt lat="43.691186" lon="10.748586"><ele>22.75</ele></trkpt>
   <trkpt lat="43.691154" lon="10.74801"><ele>21.5</ele></trkpt>
   <trkpt lat="43.691126" lon="10.747644"><ele>20.75</ele></trkpt>
   <trkpt lat="43.691037" lon="10.746718"><ele>19.5</ele></trkpt>
   <trkpt lat="43.69094" lon="10.745909"><ele>22.25</ele></trkpt>
   <trkpt lat="43.690771" lon="10.744866"><ele>20.25</ele></trkpt>
   <trkpt lat="43.690667" lon="10.744317"><ele>22.25</ele></trkpt>
   <trkpt lat="43.690502" lon="10.743553"><ele>20.25</ele></trkpt>
   <trkpt lat="43.690193" lon="10.74235"><ele>20</ele></trkpt>
   <trkpt lat="43.689973" lon="10.741623"><ele>20</ele></trkpt>
   <trkpt lat="43.689802" lon="10.741099"><ele>20</ele></trkpt>
   <trkpt lat="43.689577" lon="10.740462"><ele>20</ele></trkpt>
   <trkpt lat="43.689357" lon="10.739898"><ele>20.25</ele></trkpt>
   <trkpt lat="43.689175" lon="10.739433"><ele>21</ele></trkpt>
   <trkpt lat="43.688872" lon="10.738742"><ele>20.75</ele></trkpt>
   <trkpt lat="43.685365" lon="10.731562"><ele>19.5</ele></trkpt>
   <trkpt lat="43.685334" lon="10.731498"><ele>19.5</ele></trkpt>
   <trkpt lat="43.681557" lon="10.723972"><ele>21</ele></trkpt>
   <trkpt lat="43.68046" lon="10.721701"><ele>20.5</ele></trkpt>
   <trkpt lat="43.680315" lon="10.721406"><ele>19</ele></trkpt>
   <trkpt lat="43.678703" lon="10.718192"><ele>21</ele></trkpt>
   <trkpt lat="43.677407" lon="10.71549"><ele>18</ele></trkpt>
   <trkpt lat="43.675123" lon="10.710955"><ele>21</ele></trkpt>
   <trkpt lat="43.67503" lon="10.71077"><ele>21</ele></trkpt>
   <trkpt lat="43.673711" lon="10.708092"><ele>17.75</ele></trkpt>
   <trkpt lat="43.673633" lon="10.707935"><ele>18</ele></trkpt>
   <trkpt lat="43.672067" lon="10.704706"><ele>18.25</ele></trkpt>
   <trkpt lat="43.671975" lon="10.704515"><ele>18</ele></trkpt>
   <trkpt lat="43.670201" lon="10.700987"><ele>18</ele></trkpt>
   <trkpt lat="43.669114" lon="10.69875"><ele>16</ele></trkpt>
   <trkpt lat="43.668988" lon="10.698486"><ele>16</ele></trkpt>
   <trkpt lat="43.667344" lon="10.695192"><ele>17</ele></trkpt>
   <trkpt lat="43.666544" lon="10.693688"><ele>19</ele></trkpt>
   <trkpt lat="43.666009" lon="10.692839"><ele>19.25</ele></trkpt>
   <trkpt lat="43.665172" lon="10.691666"><ele>19.75</ele></trkpt>
   <trkpt lat="43.664011" lon="10.690305"><ele>20</ele></trkpt>
   <trkpt lat="43.663557" lon="10.689836"><ele>20</ele></trkpt>
   <trkpt lat="43.663235" lon="10.689532"><ele>20</ele></trkpt>
   <trkpt lat="43.662307" lon="10.688726"><ele>20.25</ele></trkpt>
   <trkpt lat="43.661379" lon="10.688002"><ele>20.75</ele></trkpt>
   <trkpt lat="43.661161" lon="10.687827"><ele>20</ele></trkpt>
   <trkpt lat="43.660048" lon="10.686957"><ele>20.75</ele></trkpt>
   <trkpt lat="43.6597" lon="10.686657"><ele>21</ele></trkpt>
   <trkpt lat="43.659544" lon="10.686519"><ele>22.5</ele></trkpt>
   <trkpt lat="43.659107" lon="10.686103"><ele>26.75</ele></trkpt>
   <trkpt lat="43.658597" lon="10.685532"><ele>26</ele></trkpt>
   <trkpt lat="43.658346" lon="10.685226"><ele>26.5</ele></trkpt>
   <trkpt lat="43.658132" lon="10.68495"><ele>26</ele></trkpt>
   <trkpt lat="43.657839" lon="10.684546"><ele>26.75</ele></trkpt>
   <trkpt lat="43.657674" lon="10.684296"><ele>26.5</ele></trkpt>
   <trkpt lat="43.657438" lon="10.683927"><ele>26.5</ele></trkpt>
   <trkpt lat="43.657236" lon="10.683588"><ele>25.25</ele></trkpt>
   <trkpt lat="43.656878" lon="10.682923"><ele>27.25</ele></trkpt>
   <trkpt lat="43.65671" lon="10.682579"><ele>30.25</ele></trkpt>
   <trkpt lat="43.656565" lon="10.682264"><ele>29.75</ele></trkpt>
   <trkpt lat="43.656255" lon="10.681541"><ele>29</ele></trkpt>
   <trkpt lat="43.655968" lon="10.680819"><ele>28.25</ele></trkpt>
   <trkpt lat="43.655884" lon="10.680588"><ele>28</ele></trkpt>
   <trkpt lat="43.65581" lon="10.680337"><ele>27.75</ele></trkpt>
   <trkpt lat="43.65567" lon="10.679788"><ele>27</ele></trkpt>
   <trkpt lat="43.655466" lon="10.678861"><ele>26</ele></trkpt>
   <trkpt lat="43.655369" lon="10.678355"><ele>26.25</ele></trkpt>
   <trkpt lat="43.655234" lon="10.677489"><ele>22</ele></trkpt>
   <trkpt lat="43.655155" lon="10.676845"><ele>21.5</ele></trkpt>
   <trkpt lat="43.655102" lon="10.676154"><ele>20.25</ele></trkpt>
   <trkpt lat="43.65508" lon="10.675612"><ele>20</ele></trkpt>
   <trkpt lat="43.655073" lon="10.675095"><ele>20</ele></trkpt>
   <trkpt lat="43.655081" lon="10.674415"><ele>20</ele></trkpt>
   <trkpt lat="43.655123" lon="10.673672"><ele>20</ele></trkpt>
   <trkpt lat="43.655152" lon="10.673299"><ele>20</ele></trkpt>
   <trkpt lat="43.655184" lon="10.672975"><ele>20</ele></trkpt>
   <trkpt lat="43.655232" lon="10.672569"><ele>20</ele></trkpt>
   <trkpt lat="43.655347" lon="10.671772"><ele>19.5</ele></trkpt>
   <trkpt lat="43.655478" lon="10.671031"><ele>20</ele></trkpt>
   <trkpt lat="43.656208" lon="10.667123"><ele>16.5</ele></trkpt>
   <trkpt lat="43.656672" lon="10.664618"><ele>16</ele></trkpt>
   <trkpt lat="43.659094" lon="10.65158"><ele>16</ele></trkpt>
   <trkpt lat="43.65945" lon="10.649708"><ele>16</ele></trkpt>
   <trkpt lat="43.659651" lon="10.64843"><ele>18</ele></trkpt>
   <trkpt lat="43.659938" lon="10.646339"><ele>18</ele></trkpt>
   <trkpt lat="43.66013" lon="10.644882"><ele>16</ele></trkpt>
   <trkpt lat="43.660704" lon="10.640577"><ele>14</ele></trkpt>
   <trkpt lat="43.660779" lon="10.640045"><ele>9.75</ele></trkpt>
   <trkpt lat="43.661397" lon="10.635367"><ele>15</ele></trkpt>
   <trkpt lat="43.661473" lon="10.634514"><ele>15.75</ele></trkpt>
   <trkpt lat="43.661487" lon="10.634412"><ele>15.75</ele></trkpt>
   <trkpt lat="43.661558" lon="10.633897"><ele>15</ele></trkpt>
   <trkpt lat="43.661614" lon="10.633217"><ele>14</ele></trkpt>
   <trkpt lat="43.661743" lon="10.63221"><ele>14</ele></trkpt>
   <trkpt lat="43.66179" lon="10.631549"><ele>14</ele></trkpt>
   <trkpt lat="43.661881" lon="10.630711"><ele>14</ele></trkpt>
   <trkpt lat="43.662128" lon="10.628809"><ele>14</ele></trkpt>
   <trkpt lat="43.662328" lon="10.627305"><ele>13.75</ele></trkpt>
   <trkpt lat="43.662728" lon="10.624656"><ele>13</ele></trkpt>
   <trkpt lat="43.66296" lon="10.622948"><ele>13</ele></trkpt>
   <trkpt lat="43.66306" lon="10.622214"><ele>12.75</ele></trkpt>
   <trkpt lat="43.663172" lon="10.621635"><ele>13</ele></trkpt>
   <trkpt lat="43.663208" lon="10.621377"><ele>13</ele></trkpt>
   <trkpt lat="43.663353" lon="10.620565"><ele>14</ele></trkpt>
   <trkpt lat="43.663384" lon="10.62033"><ele>14</ele></trkpt>
   <trkpt lat="43.663429" lon="10.619722"><ele>14</ele></trkpt>
   <trkpt lat="43.664003" lon="10.615395"><ele>11.75</ele></trkpt>
   <trkpt lat="43.664028" lon="10.615209"><ele>11</ele></trkpt>
   <trkpt lat="43.664375" lon="10.61259"><ele>11.75</ele></trkpt>
   <trkpt lat="43.664748" lon="10.609806"><ele>13</ele></trkpt>
   <trkpt lat="43.667759" lon="10.587071"><ele>10</ele></trkpt>
   <trkpt lat="43.668528" lon="10.581262"><ele>14.75</ele></trkpt>
   <trkpt lat="43.66855" lon="10.581094"><ele>12.75</ele></trkpt>
   <trkpt lat="43.668565" lon="10.580971"><ele>10.25</ele></trkpt>
   <trkpt lat="43.668664" lon="10.580238"><ele>10</ele></trkpt>
   <trkpt lat="43.66889" lon="10.578554"><ele>11</ele></trkpt>
   <trkpt lat="43.669186" lon="10.576578"><ele>10.25</ele></trkpt>
   <trkpt lat="43.669674" lon="10.57369"><ele>10</ele></trkpt>
   <trkpt lat="43.671829" lon="10.561159"><ele>8</ele></trkpt>
   <trkpt lat="43.672687" lon="10.556176"><ele>7</ele></trkpt>
   <trkpt lat="43.673362" lon="10.552226"><ele>7</ele></trkpt>
   <trkpt lat="43.673938" lon="10.548861"><ele>7</ele></trkpt>
   <trkpt lat="43.674555" lon="10.545269"><ele>6</ele></trkpt>
   <trkpt lat="43.674648" lon="10.544724"><ele>6</ele></trkpt>
   <trkpt lat="43.67531" lon="10.54086"><ele>6</ele></trkpt>
   <trkpt lat="43.676569" lon="10.533539"><ele>6</ele></trkpt>
   <trkpt lat="43.676793" lon="10.532212"><ele>7</ele></trkpt>
   <trkpt lat="43.677017" lon="10.530965"><ele>7</ele></trkpt>
   <trkpt lat="43.677398" lon="10.529133"><ele>7.25</ele></trkpt>
   <trkpt lat="43.677597" lon="10.528292"><ele>7</ele></trkpt>
   <trkpt lat="43.677899" lon="10.527094"><ele>6.25</ele></trkpt>
   <trkpt lat="43.678076" lon="10.526454"><ele>6.75</ele></trkpt>
   <trkpt lat="43.679014" lon="10.523168"><ele>6.25</ele></trkpt>
   <trkpt lat="43.679588" lon="10.521116"><ele>6</ele></trkpt>
   <trkpt lat="43.679865" lon="10.520049"><ele>6</ele></trkpt>
   <trkpt lat="43.680119" lon="10.519017"><ele>6.25</ele></trkpt>
   <trkpt lat="43.680279" lon="10.518356"><ele>7</ele></trkpt>
   <trkpt lat="43.680519" lon="10.517302"><ele>6</ele></trkpt>
   <trkpt lat="43.680555" lon="10.517142"><ele>6</ele></trkpt>
   <trkpt lat="43.680793" lon="10.516033"><ele>6.75</ele></trkpt>
   <trkpt lat="43.681022" lon="10.514922"><ele>6</ele></trkpt>
   <trkpt lat="43.681458" lon="10.512588"><ele>5</ele></trkpt>
   <trkpt lat="43.682095" lon="10.509058"><ele>4</ele></trkpt>
   <trkpt lat="43.683993" lon="10.498238"><ele>5</ele></trkpt>
   <trkpt lat="43.684786" lon="10.493724"><ele>5</ele></trkpt>
   <trkpt lat="43.684928" lon="10.492921"><ele>4.75</ele></trkpt>
   <trkpt lat="43.685024" lon="10.492156"><ele>4.75</ele></trkpt>
   <trkpt lat="43.685226" lon="10.490941"><ele>4</ele></trkpt>
   <trkpt lat="43.685275" lon="10.49061"><ele>4</ele></trkpt>
   <trkpt lat="43.685386" lon="10.489718"><ele>4.25</ele></trkpt>
   <trkpt lat="43.685754" lon="10.487495"><ele>4</ele></trkpt>
   <trkpt lat="43.68587" lon="10.486845"><ele>4</ele></trkpt>
   <trkpt lat="43.686001" lon="10.486218"><ele>3.5</ele></trkpt>
   <trkpt lat="43.686153" lon="10.485326"><ele>4</ele></trkpt>
   <trkpt lat="43.686256" lon="10.48453"><ele>4</ele></trkpt>
   <trkpt lat="43.686328" lon="10.48388"><ele>4</ele></trkpt>
   <trkpt lat="43.686445" lon="10.483099"><ele>5</ele></trkpt>
   <trkpt lat="43.68647" lon="10.4829"><ele>5</ele></trkpt>
   <trkpt lat="43.686597" lon="10.482021"><ele>4</ele></trkpt>
   <trkpt lat="43.686833" lon="10.479738"><ele>4</ele></trkpt>
   <trkpt lat="43.687037" lon="10.477855"><ele>4.5</ele></trkpt>
   <trkpt lat="43.687302" lon="10.47562"><ele>3.25</ele></trkpt>
   <trkpt lat="43.687454" lon="10.474172"><ele>3.75</ele></trkpt>
   <trkpt lat="43.687887" lon="10.470038"><ele>4</ele></trkpt>
   <trkpt lat="43.688807" lon="10.461151"><ele>3</ele></trkpt>
   <trkpt lat="43.689381" lon="10.456109"><ele>3</ele></trkpt>
   <trkpt lat="43.689722" lon="10.453877"><ele>3</ele></trkpt>
   <trkpt lat="43.690407" lon="10.450136"><ele>3</ele></trkpt>
   <trkpt lat="43.690668" lon="10.448819"><ele>3</ele></trkpt>
   <trkpt lat="43.690891" lon="10.44777"><ele>3</ele></trkpt>
   <trkpt lat="43.691111" lon="10.446776"><ele>3</ele></trkpt>
   <trkpt lat="43.691287" lon="10.44599"><ele>3</ele></trkpt>
   <trkpt lat="43.692345" lon="10.44163"><ele>4</ele></trkpt>
   <trkpt lat="43.693263" lon="10.43788"><ele>4</ele></trkpt>
   <trkpt lat="43.693475" lon="10.437031"><ele>4</ele></trkpt>
   <trkpt lat="43.693835" lon="10.435711"><ele>4</ele></trkpt>
   <trkpt lat="43.694022" lon="10.435096"><ele>4</ele></trkpt>
   <trkpt lat="43.694103" lon="10.434828"><ele>4</ele></trkpt>
   <trkpt lat="43.694646" lon="10.433144"><ele>4</ele></trkpt>
   <trkpt lat="43.695653" lon="10.430355"><ele>4</ele></trkpt>
   <trkpt lat="43.696037" lon="10.429314"><ele>4</ele></trkpt>
   <trkpt lat="43.696212" lon="10.428822"><ele>3.5</ele></trkpt>
   <trkpt lat="43.696381" lon="10.428375"><ele>3</ele></trkpt>
   <trkpt lat="43.696645" lon="10.427642"><ele>3</ele></trkpt>
   <trkpt lat="43.700011" lon="10.418453"><ele>5</ele></trkpt>
   <trkpt lat="43.701681" lon="10.413904"><ele>5</ele></trkpt>
   <trkpt lat="43.701894" lon="10.413324"><ele>7</ele></trkpt>
   <trkpt lat="43.702359" lon="10.412029"><ele>9</ele></trkpt>
   <trkpt lat="43.702748" lon="10.41099"><ele>5</ele></trkpt>
   <trkpt lat="43.703137" lon="10.409927"><ele>5</ele></trkpt>
   <trkpt lat="43.703318" lon="10.409459"><ele>4.75</ele></trkpt>
   <trkpt lat="43.703469" lon="10.409158"><ele>5</ele></trkpt>
   <trkpt lat="43.704113" lon="10.408079"><ele>5</ele></trkpt>
   <trkpt lat="43.704362" lon="10.407668"><ele>5</ele></trkpt>
   <trkpt lat="43.705093" lon="10.406443"><ele>4</ele></trkpt>
   <trkpt lat="43.705482" lon="10.405773"><ele>4</ele></trkpt>
   <trkpt lat="43.705689" lon="10.405366"><ele>4</ele></trkpt>
   <trkpt lat="43.706045" lon="10.404595"><ele>5.25</ele></trkpt>
   <trkpt lat="43.706397" lon="10.403765"><ele>8.25</ele></trkpt>
   <trkpt lat="43.70658" lon="10.403302"><ele>10</ele></trkpt>
   <trkpt lat="43.706935" lon="10.402339"><ele>8.25</ele></trkpt>
   <trkpt lat="43.7071" lon="10.40186"><ele>7</ele></trkpt>
   <trkpt lat="43.707182" lon="10.401551"><ele>5.5</ele></trkpt>
   <trkpt lat="43.707261" lon="10.401189"><ele>4.75</ele></trkpt>
   <trkpt lat="43.70782" lon="10.398156"><ele>3</ele></trkpt>
   <trkpt lat="43.707973" lon="10.397321"><ele>3</ele></trkpt>
  </trkseg>
 </trk>
</gpx>