<?xml version="1.0" encoding="UTF-8"?>
<!-- track-length = 793902 filtered ascend = 3144 plain-ascend = 59 cost=801143 energy=9.7kwh time=17h 38m 31s -->
<gpx 
 xmlns="http://www.topografix.com/GPX/1/1" 
 xmlns:xsi="http://www.w3.org/2001/XMLSchema-instance" 
 xsi:schemaLocation="http://www.topografix.com/GPX/1/1 http://www.topografix.com/GPX/1/1/gpx.xsd" 
 version="1.1" 
 creator="BRouter-Web 99.71.0">
 <trk>
  <name>Louvain-Lyon</name>
  <link href="https://brouter.damsy.net/latest/#map=7/47.447/5.713/standard&amp;lonlats=4.613914,50.669243;4.335222,50.834803;3.075936,50.638483;2.571316,49.003917;4.859884,45.75893&amp;profile=rail&amp;alternativeidx=1">
   <text>BRouter-Web</text>
  </link>
  <trkseg>
   <trkpt lat="50.668825" lon="4.614987"><ele>111.75</ele></trkpt>
   <trkpt lat="50.668836" lon="4.614997"><ele>111.75</ele></trkpt>
   <trkpt lat="50.668659" lon="4.61486"><ele>111.75</ele></trkpt>
   <trkpt lat="50.668623" lon="4.614832"><ele>111.75</ele></trkpt>
   <trkpt lat="50.668408" lon="4.614657"><ele>111.5</ele></trkpt>
   <trkpt lat="50.668143" lon="4.614419"><ele>110.5</ele></trkpt>
   <trkpt lat="50.668016" lon="4.61432"><ele>111</ele></trkpt>
   <trkpt lat="50.667901" lon="4.614234"><ele>111.5</ele></trkpt>
   <trkpt lat="50.667641" lon="4.614076"><ele>111.75</ele></trkpt>
   <trkpt lat="50.667493" lon="4.614"><ele>112</ele></trkpt>
   <trkpt lat="50.667187" lon="4.613879"><ele>110.25</ele></trkpt>
   <trkpt lat="50.667047" lon="4.613835"><ele>111.25</ele></trkpt>
   <trkpt lat="50.666883" lon="4.6138"><ele>112</ele></trkpt>
   <trkpt lat="50.666572" lon="4.613762"><ele>112</ele></trkpt>
   <trkpt lat="50.666427" lon="4.613761"><ele>112.25</ele></trkpt>
   <trkpt lat="50.666109" lon="4.613787"><ele>112</ele></trkpt>
   <trkpt lat="50.665946" lon="4.613817"><ele>112.25</ele></trkpt>
   <trkpt lat="50.665646" lon="4.613894"><ele>110.75</ele></trkpt>
   <trkpt lat="50.665152" lon="4.614034"><ele>111</ele></trkpt>
   <trkpt lat="50.660306" lon="4.615401"><ele>116</ele></trkpt>
   <trkpt lat="50.659712" lon="4.615552"><ele>116.5</ele></trkpt>
   <trkpt lat="50.65941" lon="4.615601"><ele>116.75</ele></trkpt>
   <trkpt lat="50.65899" lon="4.615632"><ele>117.25</ele></trkpt>
   <trkpt lat="50.658589" lon="4.615626"><ele>117.75</ele></trkpt>
   <trkpt lat="50.658349" lon="4.615602"><ele>118</ele></trkpt>
   <trkpt lat="50.658106" lon="4.615564"><ele>118.25</ele></trkpt>
   <trkpt lat="50.657705" lon="4.615475"><ele>118.5</ele></trkpt>
   <trkpt lat="50.657361" lon="4.615366"><ele>119</ele></trkpt>
   <trkpt lat="50.657177" lon="4.615295"><ele>119</ele></trkpt>
   <trkpt lat="50.656863" lon="4.615157"><ele>118.25</ele></trkpt>
   <trkpt lat="50.656508" lon="4.614968"><ele>118</ele></trkpt>
   <trkpt lat="50.65616" lon="4.614743"><ele>117.25</ele></trkpt>
   <trkpt lat="50.655756" lon="4.614439"><ele>117.75</ele></trkpt>
   <trkpt lat="50.655378" lon="4.614106"><ele>117.5</ele></trkpt>
   <trkpt lat="50.655" lon="4.613718"><ele>117.75</ele></trkpt>
   <trkpt lat="50.654677" lon="4.61334"><ele>117.5</ele></trkpt>
   <trkpt lat="50.654342" lon="4.612895"><ele>117.75</ele></trkpt>
   <trkpt lat="50.654026" lon="4.612415"><ele>117</ele></trkpt>
   <trkpt lat="50.653724" lon="4.611889"><ele>115.5</ele></trkpt>
   <trkpt lat="50.653449" lon="4.611345"><ele>115.75</ele></trkpt>
   <trkpt lat="50.65321" lon="4.610802"><ele>116</ele></trkpt>
   <trkpt lat="50.652978" lon="4.610198"><ele>118</ele></trkpt>
   <trkpt lat="50.652775" lon="4.609582"><ele>117</ele></trkpt>
   <trkpt lat="50.652596" lon="4.608942"><ele>116.25</ele></trkpt>
   <trkpt lat="50.652447" lon="4.608309"><ele>117</ele></trkpt>
   <trkpt lat="50.651627" lon="4.604598"><ele>116</ele></trkpt>
   <trkpt lat="50.651562" lon="4.604305"><ele>115.75</ele></trkpt>
   <trkpt lat="50.651079" lon="4.602125"><ele>116.25</ele></trkpt>
   <trkpt lat="50.650936" lon="4.601387"><ele>117.25</ele></trkpt>
   <trkpt lat="50.650812" lon="4.600617"><ele>116</ele></trkpt>
   <trkpt lat="50.65071" lon="4.599842"><ele>117</ele></trkpt>
   <trkpt lat="50.650638" lon="4.599157"><ele>115.25</ele></trkpt>
   <trkpt lat="50.650584" lon="4.59847"><ele>114.25</ele></trkpt>
   <trkpt lat="50.650547" lon="4.597676"><ele>114</ele></trkpt>
   <trkpt lat="50.650533" lon="4.596773"><ele>111</ele></trkpt>
   <trkpt lat="50.650532" lon="4.596525"><ele>111.25</ele></trkpt>
   <trkpt lat="50.650532" lon="4.596094"><ele>113.25</ele></trkpt>
   <trkpt lat="50.650543" lon="4.595295"><ele>112.25</ele></trkpt>
   <trkpt lat="50.650578" lon="4.594504"><ele>111.25</ele></trkpt>
   <trkpt lat="50.650642" lon="4.593725"><ele>110.5</ele></trkpt>
   <trkpt lat="50.650734" lon="4.592953"><ele>109</ele></trkpt>
   <trkpt lat="50.650857" lon="4.592177"><ele>109.75</ele></trkpt>
   <trkpt lat="50.651364" lon="4.589583"><ele>104.25</ele></trkpt>
   <trkpt lat="50.651582" lon="4.588496"><ele>99</ele></trkpt>
   <trkpt lat="50.651626" lon="4.588297"><ele>102</ele></trkpt>
   <trkpt lat="50.651752" lon="4.587836"><ele>99.5</ele></trkpt>
   <trkpt lat="50.651897" lon="4.58741"><ele>100</ele></trkpt>
   <trkpt lat="50.652074" lon="4.587"><ele>99</ele></trkpt>
   <trkpt lat="50.652279" lon="4.586607"><ele>99.5</ele></trkpt>
   <trkpt lat="50.652516" lon="4.586219"><ele>98.75</ele></trkpt>
   <trkpt lat="50.655126" lon="4.582227"><ele>88.25</ele></trkpt>
   <trkpt lat="50.65526" lon="4.582009"><ele>88.5</ele></trkpt>
   <trkpt lat="50.655462" lon="4.581659"><ele>86.5</ele></trkpt>
   <trkpt lat="50.656059" lon="4.580586"><ele>84.5</ele></trkpt>
   <trkpt lat="50.656336" lon="4.580092"><ele>83.75</ele></trkpt>
   <trkpt lat="50.656692" lon="4.579463"><ele>84</ele></trkpt>
   <trkpt lat="50.656975" lon="4.57899"><ele>73.75</ele></trkpt>
   <trkpt lat="50.657061" lon="4.578852"><ele>75.5</ele></trkpt>
   <trkpt lat="50.657324" lon="4.578445"><ele>79.25</ele></trkpt>
   <trkpt lat="50.657592" lon="4.578059"><ele>78.5</ele></trkpt>
   <trkpt lat="50.65785" lon="4.577707"><ele>77</ele></trkpt>
   <trkpt lat="50.658106" lon="4.577377"><ele>76.75</ele></trkpt>
   <trkpt lat="50.658453" lon="4.57696"><ele>75.5</ele></trkpt>
   <trkpt lat="50.658748" lon="4.576627"><ele>75.75</ele></trkpt>
   <trkpt lat="50.659405" lon="4.575919"><ele>81</ele></trkpt>
   <trkpt lat="50.661094" lon="4.574339"><ele>79.5</ele></trkpt>
   <trkpt lat="50.661529" lon="4.573994"><ele>73.5</ele></trkpt>
   <trkpt lat="50.661946" lon="4.573678"><ele>66.25</ele></trkpt>
   <trkpt lat="50.662753" lon="4.57311"><ele>65.5</ele></trkpt>
   <trkpt lat="50.663151" lon="4.572854"><ele>63.25</ele></trkpt>
   <trkpt lat="50.663466" lon="4.572662"><ele>63</ele></trkpt>
   <trkpt lat="50.663789" lon="4.572489"><ele>63.75</ele></trkpt>
   <trkpt lat="50.664361" lon="4.572202"><ele>62.75</ele></trkpt>
   <trkpt lat="50.66482" lon="4.57201"><ele>61.75</ele></trkpt>
   <trkpt lat="50.665006" lon="4.571931"><ele>61.75</ele></trkpt>
   <trkpt lat="50.668894" lon="4.570479"><ele>57.75</ele></trkpt>
   <trkpt lat="50.669647" lon="4.57028"><ele>62</ele></trkpt>
   <trkpt lat="50.670095" lon="4.570105"><ele>63</ele></trkpt>
   <trkpt lat="50.670452" lon="4.570011"><ele>61.5</ele></trkpt>
   <trkpt lat="50.670872" lon="4.569859"><ele>58.75</ele></trkpt>
   <trkpt lat="50.672075" lon="4.56938"><ele>67.25</ele></trkpt>
   <trkpt lat="50.672981" lon="4.569011"><ele>67.25</ele></trkpt>
   <trkpt lat="50.673401" lon="4.568804"><ele>67</ele></trkpt>
   <trkpt lat="50.673946" lon="4.568505"><ele>67</ele></trkpt>
   <trkpt lat="50.673962" lon="4.568496"><ele>67</ele></trkpt>
   <trkpt lat="50.674392" lon="4.568231"><ele>67</ele></trkpt>
   <trkpt lat="50.674527" lon="4.568148"><ele>67</ele></trkpt>
   <trkpt lat="50.674819" lon="4.567944"><ele>67</ele></trkpt>
   <trkpt lat="50.675249" lon="4.567642"><ele>67</ele></trkpt>
   <trkpt lat="50.675906" lon="4.567146"><ele>67</ele></trkpt>
   <trkpt lat="50.676248" lon="4.566892"><ele>67</ele></trkpt>
   <trkpt lat="50.676835" lon="4.566512"><ele>67</ele></trkpt>
   <trkpt lat="50.677125" lon="4.566302"><ele>67</ele></trkpt>
   <trkpt lat="50.677574" lon="4.566"><ele>67</ele></trkpt>
   <trkpt lat="50.678074" lon="4.565561"><ele>67</ele></trkpt>
   <trkpt lat="50.679099" lon="4.564632"><ele>67.25</ele></trkpt>
   <trkpt lat="50.679472" lon="4.564273"><ele>68</ele></trkpt>
   <trkpt lat="50.680075" lon="4.563638"><ele>69</ele></trkpt>
   <trkpt lat="50.680269" lon="4.56342"><ele>69</ele></trkpt>
   <trkpt lat="50.680807" lon="4.56276"><ele>68.75</ele></trkpt>
   <trkpt lat="50.680986" lon="4.562557"><ele>69</ele></trkpt>
   <trkpt lat="50.681244" lon="4.562285"><ele>69.25</ele></trkpt>
   <trkpt lat="50.683172" lon="4.560244"><ele>72.75</ele></trkpt>
   <trkpt lat="50.683601" lon="4.559787"><ele>73.75</ele></trkpt>
   <trkpt lat="50.684528" lon="4.558807"><ele>77.75</ele></trkpt>
   <trkpt lat="50.684987" lon="4.558321"><ele>84</ele></trkpt>
   <trkpt lat="50.686962" lon="4.556229"><ele>87.25</ele></trkpt>
   <trkpt lat="50.689853" lon="4.553178"><ele>77</ele></trkpt>
   <trkpt lat="50.691278" lon="4.551671"><ele>79.25</ele></trkpt>
   <trkpt lat="50.691643" lon="4.551297"><ele>80.25</ele></trkpt>
   <trkpt lat="50.692033" lon="4.550921"><ele>81</ele></trkpt>
   <trkpt lat="50.692396" lon="4.550593"><ele>81.75</ele></trkpt>
   <trkpt lat="50.692793" lon="4.550264"><ele>80.25</ele></trkpt>
   <trkpt lat="50.693172" lon="4.549974"><ele>81</ele></trkpt>
   <trkpt lat="50.693592" lon="4.549672"><ele>82</ele></trkpt>
   <trkpt lat="50.696867" lon="4.547398"><ele>82.75</ele></trkpt>
   <trkpt lat="50.699196" lon="4.545778"><ele>88.5</ele></trkpt>
   <trkpt lat="50.701712" lon="4.544029"><ele>95.5</ele></trkpt>
   <trkpt lat="50.702174" lon="4.543684"><ele>97.5</ele></trkpt>
   <trkpt lat="50.702572" lon="4.543367"><ele>99</ele></trkpt>
   <trkpt lat="50.70295" lon="4.543051"><ele>97.5</ele></trkpt>
   <trkpt lat="50.703331" lon="4.542708"><ele>98.25</ele></trkpt>
   <trkpt lat="50.703845" lon="4.542218"><ele>98.75</ele></trkpt>
   <trkpt lat="50.704452" lon="4.541588"><ele>99</ele></trkpt>
   <trkpt lat="50.704842" lon="4.541152"><ele>97</ele></trkpt>
   <trkpt lat="50.705256" lon="4.540667"><ele>96.25</ele></trkpt>
   <trkpt lat="50.70925" lon="4.535909"><ele>89</ele></trkpt>
   <trkpt lat="50.712902" lon="4.531558"><ele>80.25</ele></trkpt>
   <trkpt lat="50.713011" lon="4.531428"><ele>80</ele></trkpt>
   <trkpt lat="50.714396" lon="4.529763"><ele>76.5</ele></trkpt>
   <trkpt lat="50.717141" lon="4.526506"><ele>76.75</ele></trkpt>
   <trkpt lat="50.717245" lon="4.526379"><ele>78.25</ele></trkpt>
   <trkpt lat="50.717782" lon="4.525738"><ele>77.25</ele></trkpt>
   <trkpt lat="50.719343" lon="4.523875"><ele>75</ele></trkpt>
   <trkpt lat="50.720039" lon="4.523025"><ele>74</ele></trkpt>
   <trkpt lat="50.720373" lon="4.522595"><ele>74.25</ele></trkpt>
   <trkpt lat="50.72072" lon="4.522133"><ele>75</ele></trkpt>
   <trkpt lat="50.721103" lon="4.521601"><ele>72</ele></trkpt>
   <trkpt lat="50.721471" lon="4.521071"><ele>68.75</ele></trkpt>
   <trkpt lat="50.724319" lon="4.516944"><ele>71.25</ele></trkpt>
   <trkpt lat="50.725103" lon="4.515807"><ele>74.5</ele></trkpt>
   <trkpt lat="50.725551" lon="4.515157"><ele>70.25</ele></trkpt>
   <trkpt lat="50.726492" lon="4.513795"><ele>74.5</ele></trkpt>
   <trkpt lat="50.727669" lon="4.512095"><ele>73.25</ele></trkpt>
   <trkpt lat="50.728144" lon="4.511417"><ele>70</ele></trkpt>
   <trkpt lat="50.728385" lon="4.511099"><ele>69</ele></trkpt>
   <trkpt lat="50.728628" lon="4.510759"><ele>69.5</ele></trkpt>
   <trkpt lat="50.728836" lon="4.510466"><ele>67</ele></trkpt>
   <trkpt lat="50.731829" lon="4.50613"><ele>66.25</ele></trkpt>
   <trkpt lat="50.732345" lon="4.505393"><ele>67.75</ele></trkpt>
   <trkpt lat="50.732852" lon="4.504621"><ele>72</ele></trkpt>
   <trkpt lat="50.733355" lon="4.503878"><ele>73.5</ele></trkpt>
   <trkpt lat="50.735056" lon="4.501435"><ele>78</ele></trkpt>
   <trkpt lat="50.735405" lon="4.500922"><ele>79.5</ele></trkpt>
   <trkpt lat="50.735774" lon="4.500399"><ele>80</ele></trkpt>
   <trkpt lat="50.736159" lon="4.499856"><ele>80</ele></trkpt>
   <trkpt lat="50.73655" lon="4.499338"><ele>83</ele></trkpt>
   <trkpt lat="50.736938" lon="4.498853"><ele>80.5</ele></trkpt>
   <trkpt lat="50.737488" lon="4.498192"><ele>79.25</ele></trkpt>
   <trkpt lat="50.738343" lon="4.497208"><ele>79</ele></trkpt>
   <trkpt lat="50.739772" lon="4.495562"><ele>77</ele></trkpt>
   <trkpt lat="50.740733" lon="4.494423"><ele>78.25</ele></trkpt>
   <trkpt lat="50.7413" lon="4.493736"><ele>80.75</ele></trkpt>
   <trkpt lat="50.742119" lon="4.492787"><ele>84</ele></trkpt>
   <trkpt lat="50.743904" lon="4.490785"><ele>86.75</ele></trkpt>
   <trkpt lat="50.744498" lon="4.490096"><ele>85.75</ele></trkpt>
   <trkpt lat="50.74946" lon="4.484532"><ele>88.5</ele></trkpt>
   <trkpt lat="50.749947" lon="4.483985"><ele>89.75</ele></trkpt>
   <trkpt lat="50.752403" lon="4.481227"><ele>91.75</ele></trkpt>
   <trkpt lat="50.752741" lon="4.480846"><ele>94</ele></trkpt>
   <trkpt lat="50.753601" lon="4.47982"><ele>94</ele></trkpt>
   <trkpt lat="50.755152" lon="4.478072"><ele>101</ele></trkpt>
   <trkpt lat="50.755502" lon="4.477672"><ele>99.25</ele></trkpt>
   <trkpt lat="50.755845" lon="4.477259"><ele>98.5</ele></trkpt>
   <trkpt lat="50.75618" lon="4.476831"><ele>102.25</ele></trkpt>
   <trkpt lat="50.756504" lon="4.476381"><ele>103.25</ele></trkpt>
   <trkpt lat="50.75682" lon="4.475905"><ele>104.5</ele></trkpt>
   <trkpt lat="50.75712" lon="4.475415"><ele>104.25</ele></trkpt>
   <trkpt lat="50.757404" lon="4.474909"><ele>104.5</ele></trkpt>
   <trkpt lat="50.757676" lon="4.474387"><ele>105</ele></trkpt>
   <trkpt lat="50.757936" lon="4.473845"><ele>105.5</ele></trkpt>
   <trkpt lat="50.758187" lon="4.473266"><ele>101.75</ele></trkpt>
   <trkpt lat="50.758438" lon="4.472629"><ele>101</ele></trkpt>
   <trkpt lat="50.758639" lon="4.472077"><ele>101.5</ele></trkpt>
   <trkpt lat="50.758884" lon="4.471363"><ele>101.75</ele></trkpt>
   <trkpt lat="50.759725" lon="4.468822"><ele>101</ele></trkpt>
   <trkpt lat="50.760427" lon="4.466695"><ele>99.5</ele></trkpt>
   <trkpt lat="50.761447" lon="4.463605"><ele>103.5</ele></trkpt>
   <trkpt lat="50.761705" lon="4.462824"><ele>103</ele></trkpt>
   <trkpt lat="50.764514" lon="4.454312"><ele>96.5</ele></trkpt>
   <trkpt lat="50.764897" lon="4.453139"><ele>93.75</ele></trkpt>
   <trkpt lat="50.765528" lon="4.451148"><ele>96.25</ele></trkpt>
   <trkpt lat="50.765989" lon="4.449725"><ele>94.75</ele></trkpt>
   <trkpt lat="50.766543" lon="4.448052"><ele>98</ele></trkpt>
   <trkpt lat="50.766854" lon="4.447161"><ele>98</ele></trkpt>
   <trkpt lat="50.767005" lon="4.446761"><ele>98</ele></trkpt>
   <trkpt lat="50.767261" lon="4.44612"><ele>98.75</ele></trkpt>
   <trkpt lat="50.767493" lon="4.44558"><ele>98.75</ele></trkpt>
   <trkpt lat="50.767672" lon="4.445184"><ele>99</ele></trkpt>
   <trkpt lat="50.768017" lon="4.444474"><ele>98.75</ele></trkpt>
   <trkpt lat="50.768316" lon="4.443903"><ele>95</ele></trkpt>
   <trkpt lat="50.768619" lon="4.443361"><ele>94.75</ele></trkpt>
   <trkpt lat="50.768932" lon="4.442825"><ele>99.25</ele></trkpt>
   <trkpt lat="50.769232" lon="4.442335"><ele>99.5</ele></trkpt>
   <trkpt lat="50.77203" lon="4.437881"><ele>105.5</ele></trkpt>
   <trkpt lat="50.777003" lon="4.429812"><ele>104.5</ele></trkpt>
   <trkpt lat="50.779776" lon="4.42531"><ele>105.25</ele></trkpt>
   <trkpt lat="50.78009" lon="4.424802"><ele>106</ele></trkpt>
   <trkpt lat="50.782457" lon="4.420957"><ele>100.75</ele></trkpt>
   <trkpt lat="50.782765" lon="4.420469"><ele>100.75</ele></trkpt>
   <trkpt lat="50.783079" lon="4.419991"><ele>100.25</ele></trkpt>
   <trkpt lat="50.783407" lon="4.419521"><ele>99.75</ele></trkpt>
   <trkpt lat="50.783741" lon="4.419064"><ele>99.25</ele></trkpt>
   <trkpt lat="50.784029" lon="4.418689"><ele>98</ele></trkpt>
   <trkpt lat="50.784377" lon="4.418257"><ele>96.75</ele></trkpt>
   <trkpt lat="50.784726" lon="4.417847"><ele>96.75</ele></trkpt>
   <trkpt lat="50.785086" lon="4.417446"><ele>96.75</ele></trkpt>
   <trkpt lat="50.785454" lon="4.41706"><ele>97</ele></trkpt>
   <trkpt lat="50.785824" lon="4.416687"><ele>95.25</ele></trkpt>
   <trkpt lat="50.787568" lon="4.414996"><ele>93.5</ele></trkpt>
   <trkpt lat="50.791774" lon="4.41091"><ele>88.75</ele></trkpt>
   <trkpt lat="50.792214" lon="4.410491"><ele>89.75</ele></trkpt>
   <trkpt lat="50.792788" lon="4.409968"><ele>91.25</ele></trkpt>
   <trkpt lat="50.79374" lon="4.40911"><ele>93.75</ele></trkpt>
   <trkpt lat="50.794885" lon="4.407999"><ele>97.25</ele></trkpt>
   <trkpt lat="50.794986" lon="4.4079"><ele>97</ele></trkpt>
   <trkpt lat="50.795061" lon="4.407827"><ele>96.75</ele></trkpt>
   <trkpt lat="50.796597" lon="4.406321"><ele>93.75</ele></trkpt>
   <trkpt lat="50.796838" lon="4.406086"><ele>93.25</ele></trkpt>
   <trkpt lat="50.797887" lon="4.405132"><ele>91.25</ele></trkpt>
   <trkpt lat="50.798302" lon="4.404789"><ele>90.5</ele></trkpt>
   <trkpt lat="50.798841" lon="4.404386"><ele>89.5</ele></trkpt>
   <trkpt lat="50.799311" lon="4.404071"><ele>88.75</ele></trkpt>
   <trkpt lat="50.799782" lon="4.403786"><ele>88</ele></trkpt>
   <trkpt lat="50.800212" lon="4.403554"><ele>87.25</ele></trkpt>
   <trkpt lat="50.80062" lon="4.403359"><ele>87.25</ele></trkpt>
   <trkpt lat="50.80102" lon="4.403185"><ele>86</ele></trkpt>
   <trkpt lat="50.80247" lon="4.402611"><ele>84.5</ele></trkpt>
   <trkpt lat="50.80334" lon="4.402252"><ele>83.5</ele></trkpt>
   <trkpt lat="50.804986" lon="4.401529"><ele>80.25</ele></trkpt>
   <trkpt lat="50.805872" lon="4.401163"><ele>79.75</ele></trkpt>
   <trkpt lat="50.806737" lon="4.400841"><ele>80.5</ele></trkpt>
   <trkpt lat="50.808391" lon="4.400289"><ele>81.75</ele></trkpt>
   <trkpt lat="50.809258" lon="4.399973"><ele>82.25</ele></trkpt>
   <trkpt lat="50.809746" lon="4.399784"><ele>82.25</ele></trkpt>
   <trkpt lat="50.810194" lon="4.399627"><ele>78.5</ele></trkpt>
   <trkpt lat="50.810401" lon="4.399565"><ele>78</ele></trkpt>
   <trkpt lat="50.81085" lon="4.399408"><ele>82.25</ele></trkpt>
   <trkpt lat="50.811141" lon="4.399295"><ele>85</ele></trkpt>
   <trkpt lat="50.811758" lon="4.399023"><ele>82.75</ele></trkpt>
   <trkpt lat="50.812096" lon="4.398887"><ele>81.75</ele></trkpt>
   <trkpt lat="50.812377" lon="4.398787"><ele>82</ele></trkpt>
   <trkpt lat="50.812605" lon="4.398703"><ele>82.5</ele></trkpt>
   <trkpt lat="50.813146" lon="4.398478"><ele>82</ele></trkpt>
   <trkpt lat="50.813484" lon="4.398309"><ele>83.25</ele></trkpt>
   <trkpt lat="50.813848" lon="4.398099"><ele>82.75</ele></trkpt>
   <trkpt lat="50.814203" lon="4.397867"><ele>83.25</ele></trkpt>
   <trkpt lat="50.814543" lon="4.397619"><ele>83.5</ele></trkpt>
   <trkpt lat="50.814841" lon="4.397376"><ele>83.5</ele></trkpt>
   <trkpt lat="50.815168" lon="4.397084"><ele>84</ele></trkpt>
   <trkpt lat="50.815501" lon="4.396753"><ele>84</ele></trkpt>
   <trkpt lat="50.816116" lon="4.39609"><ele>84</ele></trkpt>
   <trkpt lat="50.820244" lon="4.391551"><ele>81</ele></trkpt>
   <trkpt lat="50.820607" lon="4.391151"><ele>80</ele></trkpt>
   <trkpt lat="50.821027" lon="4.390689"><ele>79.75</ele></trkpt>
   <trkpt lat="50.821413" lon="4.390266"><ele>79</ele></trkpt>
   <trkpt lat="50.821816" lon="4.389824"><ele>79</ele></trkpt>
   <trkpt lat="50.822045" lon="4.389565"><ele>80</ele></trkpt>
   <trkpt lat="50.822496" lon="4.389076"><ele>77.75</ele></trkpt>
   <trkpt lat="50.824091" lon="4.387317"><ele>75.5</ele></trkpt>
   <trkpt lat="50.824432" lon="4.386917"><ele>74</ele></trkpt>
   <trkpt lat="50.825624" lon="4.385483"><ele>73.25</ele></trkpt>
   <trkpt lat="50.826051" lon="4.384943"><ele>72</ele></trkpt>
   <trkpt lat="50.826431" lon="4.384442"><ele>72</ele></trkpt>
   <trkpt lat="50.829743" lon="4.380009"><ele>67</ele></trkpt>
   <trkpt lat="50.830181" lon="4.379438"><ele>67.5</ele></trkpt>
   <trkpt lat="50.830553" lon="4.378985"><ele>66.25</ele></trkpt>
   <trkpt lat="50.830981" lon="4.378512"><ele>66.25</ele></trkpt>
   <trkpt lat="50.831386" lon="4.378104"><ele>65.5</ele></trkpt>
   <trkpt lat="50.831895" lon="4.377614"><ele>64.75</ele></trkpt>
   <trkpt lat="50.832259" lon="4.377271"><ele>64.5</ele></trkpt>
   <trkpt lat="50.83288" lon="4.376715"><ele>64</ele></trkpt>
   <trkpt lat="50.833148" lon="4.376483"><ele>64</ele></trkpt>
   <trkpt lat="50.834863" lon="4.375006"><ele>62.5</ele></trkpt>
   <trkpt lat="50.835014" lon="4.374877"><ele>63.25</ele></trkpt>
   <trkpt lat="50.83558" lon="4.374389"><ele>63.25</ele></trkpt>
   <trkpt lat="50.835803" lon="4.374213"><ele>62.75</ele></trkpt>
   <trkpt lat="50.835983" lon="4.37408"><ele>62.25</ele></trkpt>
   <trkpt lat="50.83626" lon="4.3739"><ele>61.75</ele></trkpt>
   <trkpt lat="50.836517" lon="4.373751"><ele>61.25</ele></trkpt>
   <trkpt lat="50.83681" lon="4.3736"><ele>60.75</ele></trkpt>
   <trkpt lat="50.836911" lon="4.373564"><ele>60.5</ele></trkpt>
   <trkpt lat="50.83697" lon="4.373544"><ele>60.25</ele></trkpt>
   <trkpt lat="50.837228" lon="4.373481"><ele>59.75</ele></trkpt>
   <trkpt lat="50.837464" lon="4.373465"><ele>59.5</ele></trkpt>
   <trkpt lat="50.837698" lon="4.373478"><ele>59</ele></trkpt>
   <trkpt lat="50.83788" lon="4.373508"><ele>58.75</ele></trkpt>
   <trkpt lat="50.838086" lon="4.373574"><ele>58.25</ele></trkpt>
   <trkpt lat="50.838161" lon="4.373609"><ele>58.25</ele></trkpt>
   <trkpt lat="50.838202" lon="4.373628"><ele>58</ele></trkpt>
   <trkpt lat="50.838393" lon="4.373719"><ele>57.75</ele></trkpt>
   <trkpt lat="50.838635" lon="4.373844"><ele>57.25</ele></trkpt>
   <trkpt lat="50.839085" lon="4.374075"><ele>56.25</ele></trkpt>
   <trkpt lat="50.839572" lon="4.374325"><ele>55.5</ele></trkpt>
   <trkpt lat="50.839966" lon="4.374466"><ele>54.75</ele></trkpt>
   <trkpt lat="50.840252" lon="4.374608"><ele>54</ele></trkpt>
   <trkpt lat="50.840348" lon="4.374657"><ele>54</ele></trkpt>
   <trkpt lat="50.840651" lon="4.374816"><ele>53.25</ele></trkpt>
   <trkpt lat="50.840869" lon="4.374928"><ele>52.75</ele></trkpt>
   <trkpt lat="50.841048" lon="4.375037"><ele>52.5</ele></trkpt>
   <trkpt lat="50.841229" lon="4.37518"><ele>52</ele></trkpt>
   <trkpt lat="50.841367" lon="4.375317"><ele>52.25</ele></trkpt>
   <trkpt lat="50.841528" lon="4.37551"><ele>52</ele></trkpt>
   <trkpt lat="50.841679" lon="4.375728"><ele>51.5</ele></trkpt>
   <trkpt lat="50.841816" lon="4.375964"><ele>52.75</ele></trkpt>
   <trkpt lat="50.841941" lon="4.376225"><ele>51.5</ele></trkpt>
   <trkpt lat="50.842003" lon="4.376372"><ele>51.25</ele></trkpt>
   <trkpt lat="50.842074" lon="4.376566"><ele>52.25</ele></trkpt>
   <trkpt lat="50.842196" lon="4.376946"><ele>52</ele></trkpt>
   <trkpt lat="50.842246" lon="4.377126"><ele>51.75</ele></trkpt>
   <trkpt lat="50.842334" lon="4.377506"><ele>49.75</ele></trkpt>
   <trkpt lat="50.842371" lon="4.377693"><ele>49.25</ele></trkpt>
   <trkpt lat="50.842412" lon="4.37795"><ele>47.75</ele></trkpt>
   <trkpt lat="50.842422" lon="4.378016"><ele>47.5</ele></trkpt>
   <trkpt lat="50.842481" lon="4.378458"><ele>49</ele></trkpt>
   <trkpt lat="50.842519" lon="4.378758"><ele>51.5</ele></trkpt>
   <trkpt lat="50.842582" lon="4.379149"><ele>52.75</ele></trkpt>
   <trkpt lat="50.842622" lon="4.379316"><ele>52.5</ele></trkpt>
   <trkpt lat="50.842662" lon="4.379475"><ele>52.5</ele></trkpt>
   <trkpt lat="50.842739" lon="4.379702"><ele>52.75</ele></trkpt>
   <trkpt lat="50.842852" lon="4.379993"><ele>53</ele></trkpt>
   <trkpt lat="50.842888" lon="4.380081"><ele>53</ele></trkpt>
   <trkpt lat="50.842981" lon="4.380271"><ele>53.25</ele></trkpt>
   <trkpt lat="50.843028" lon="4.380367"><ele>53.5</ele></trkpt>
   <trkpt lat="50.843183" lon="4.380633"><ele>53.75</ele></trkpt>
   <trkpt lat="50.843351" lon="4.380878"><ele>54</ele></trkpt>
   <trkpt lat="50.843533" lon="4.381099"><ele>54.25</ele></trkpt>
   <trkpt lat="50.843725" lon="4.381297"><ele>54.75</ele></trkpt>
   <trkpt lat="50.844123" lon="4.381758"><ele>55.25</ele></trkpt>
   <trkpt lat="50.844216" lon="4.381861"><ele>55.5</ele></trkpt>
   <trkpt lat="50.844555" lon="4.382159"><ele>56</ele></trkpt>
   <trkpt lat="50.844686" lon="4.382255"><ele>56.25</ele></trkpt>
   <trkpt lat="50.844845" lon="4.382355"><ele>56.5</ele></trkpt>
   <trkpt lat="50.845037" lon="4.382438"><ele>56.75</ele></trkpt>
   <trkpt lat="50.845224" lon="4.382504"><ele>57</ele></trkpt>
   <trkpt lat="50.845447" lon="4.382557"><ele>57.25</ele></trkpt>
   <trkpt lat="50.84564" lon="4.38259"><ele>57.5</ele></trkpt>
   <trkpt lat="50.845833" lon="4.382603"><ele>57.75</ele></trkpt>
   <trkpt lat="50.846034" lon="4.382601"><ele>58</ele></trkpt>
   <trkpt lat="50.846669" lon="4.382555"><ele>58.75</ele></trkpt>
   <trkpt lat="50.846752" lon="4.382549"><ele>59</ele></trkpt>
   <trkpt lat="50.847123" lon="4.382521"><ele>59</ele></trkpt>
   <trkpt lat="50.84721" lon="4.382515"><ele>58.5</ele></trkpt>
   <trkpt lat="50.847708" lon="4.382466"><ele>57</ele></trkpt>
   <trkpt lat="50.847985" lon="4.382414"><ele>56.25</ele></trkpt>
   <trkpt lat="50.848159" lon="4.382368"><ele>55.75</ele></trkpt>
   <trkpt lat="50.848327" lon="4.382314"><ele>55.25</ele></trkpt>
   <trkpt lat="50.848638" lon="4.382187"><ele>54.25</ele></trkpt>
   <trkpt lat="50.84882" lon="4.382097"><ele>53.75</ele></trkpt>
   <trkpt lat="50.849015" lon="4.381988"><ele>53</ele></trkpt>
   <trkpt lat="50.849261" lon="4.381826"><ele>52.25</ele></trkpt>
   <trkpt lat="50.849623" lon="4.381543"><ele>51</ele></trkpt>
   <trkpt lat="50.849857" lon="4.381333"><ele>50.25</ele></trkpt>
   <trkpt lat="50.850663" lon="4.380572"><ele>47.25</ele></trkpt>
   <trkpt lat="50.851107" lon="4.380165"><ele>46.25</ele></trkpt>
   <trkpt lat="50.851514" lon="4.379774"><ele>45.25</ele></trkpt>
   <trkpt lat="50.852409" lon="4.378941"><ele>43.5</ele></trkpt>
   <trkpt lat="50.852693" lon="4.378703"><ele>43</ele></trkpt>
   <trkpt lat="50.852838" lon="4.378594"><ele>42.5</ele></trkpt>
   <trkpt lat="50.853109" lon="4.378417"><ele>42</ele></trkpt>
   <trkpt lat="50.853266" lon="4.378328"><ele>41.75</ele></trkpt>
   <trkpt lat="50.853568" lon="4.378188"><ele>41.25</ele></trkpt>
   <trkpt lat="50.853806" lon="4.378103"><ele>40.75</ele></trkpt>
   <trkpt lat="50.854063" lon="4.378037"><ele>40.25</ele></trkpt>
   <trkpt lat="50.854395" lon="4.377984"><ele>39.75</ele></trkpt>
   <trkpt lat="50.854676" lon="4.37797"><ele>39.25</ele></trkpt>
   <trkpt lat="50.854938" lon="4.377981"><ele>38.75</ele></trkpt>
   <trkpt lat="50.855144" lon="4.378009"><ele>38.25</ele></trkpt>
   <trkpt lat="50.855415" lon="4.378067"><ele>37.75</ele></trkpt>
   <trkpt lat="50.855668" lon="4.378155"><ele>37.5</ele></trkpt>
   <trkpt lat="50.856044" lon="4.37832"><ele>37.5</ele></trkpt>
   <trkpt lat="50.85625" lon="4.378434"><ele>38</ele></trkpt>
   <trkpt lat="50.856455" lon="4.378566"><ele>36</ele></trkpt>
   <trkpt lat="50.856659" lon="4.378711"><ele>36</ele></trkpt>
   <trkpt lat="50.857048" lon="4.379014"><ele>37.5</ele></trkpt>
   <trkpt lat="50.858221" lon="4.379966"><ele>34.75</ele></trkpt>
   <trkpt lat="50.858605" lon="4.380254"><ele>33.5</ele></trkpt>
   <trkpt lat="50.859018" lon="4.380533"><ele>34.75</ele></trkpt>
   <trkpt lat="50.859358" lon="4.380737"><ele>32.25</ele></trkpt>
   <trkpt lat="50.859695" lon="4.380919"><ele>32</ele></trkpt>
   <trkpt lat="50.860035" lon="4.381082"><ele>32</ele></trkpt>
   <trkpt lat="50.860334" lon="4.381209"><ele>32</ele></trkpt>
   <trkpt lat="50.860738" lon="4.381358"><ele>31.25</ele></trkpt>
   <trkpt lat="50.860929" lon="4.38142"><ele>31.5</ele></trkpt>
   <trkpt lat="50.861289" lon="4.381519"><ele>31.25</ele></trkpt>
   <trkpt lat="50.861671" lon="4.381607"><ele>31.75</ele></trkpt>
   <trkpt lat="50.862165" lon="4.381706"><ele>31.25</ele></trkpt>
   <trkpt lat="50.863109" lon="4.381902"><ele>31.75</ele></trkpt>
   <trkpt lat="50.863739" lon="4.382016"><ele>31.5</ele></trkpt>
   <trkpt lat="50.86407" lon="4.382049"><ele>31.75</ele></trkpt>
   <trkpt lat="50.864393" lon="4.382066"><ele>32.5</ele></trkpt>
   <trkpt lat="50.864869" lon="4.38206"><ele>31.75</ele></trkpt>
   <trkpt lat="50.866745" lon="4.381976"><ele>29.25</ele></trkpt>
   <trkpt lat="50.867056" lon="4.381939"><ele>28.75</ele></trkpt>
   <trkpt lat="50.86739" lon="4.381863"><ele>28.25</ele></trkpt>
   <trkpt lat="50.867669" lon="4.381766"><ele>28</ele></trkpt>
   <trkpt lat="50.867973" lon="4.381621"><ele>27.5</ele></trkpt>
   <trkpt lat="50.868281" lon="4.381433"><ele>27.25</ele></trkpt>
   <trkpt lat="50.868626" lon="4.381169"><ele>27.25</ele></trkpt>
   <trkpt lat="50.86876" lon="4.381053"><ele>27.5</ele></trkpt>
   <trkpt lat="50.868974" lon="4.380843"><ele>26.25</ele></trkpt>
   <trkpt lat="50.869155" lon="4.380643"><ele>26.25</ele></trkpt>
   <trkpt lat="50.869405" lon="4.380329"><ele>26.25</ele></trkpt>
   <trkpt lat="50.869557" lon="4.380113"><ele>27.25</ele></trkpt>
   <trkpt lat="50.869697" lon="4.379898"><ele>25.5</ele></trkpt>
   <trkpt lat="50.869955" lon="4.379457"><ele>25.5</ele></trkpt>
   <trkpt lat="50.870124" lon="4.379133"><ele>26.75</ele></trkpt>
   <trkpt lat="50.870403" lon="4.378498"><ele>25.5</ele></trkpt>
   <trkpt lat="50.870519" lon="4.378206"><ele>23.75</ele></trkpt>
   <trkpt lat="50.871106" lon="4.376609"><ele>22.25</ele></trkpt>
   <trkpt lat="50.871022" lon="4.376818"><ele>22.75</ele></trkpt>
   <trkpt lat="50.870796" lon="4.377351"><ele>22</ele></trkpt>
   <trkpt lat="50.87102" lon="4.376745"><ele>22.75</ele></trkpt>
   <trkpt lat="50.871076" lon="4.37659"><ele>22.75</ele></trkpt>
   <trkpt lat="50.871189" lon="4.376278"><ele>24.5</ele></trkpt>
   <trkpt lat="50.871487" lon="4.375454"><ele>23</ele></trkpt>
   <trkpt lat="50.871569" lon="4.375201"><ele>22.75</ele></trkpt>
   <trkpt lat="50.87168" lon="4.374827"><ele>19</ele></trkpt>
   <trkpt lat="50.871782" lon="4.374418"><ele>20.25</ele></trkpt>
   <trkpt lat="50.871832" lon="4.374176"><ele>19.25</ele></trkpt>
   <trkpt lat="50.871928" lon="4.373635"><ele>18</ele></trkpt>
   <trkpt lat="50.871975" lon="4.373317"><ele>18.25</ele></trkpt>
   <trkpt lat="50.872019" lon="4.372958"><ele>20.75</ele></trkpt>
   <trkpt lat="50.872115" lon="4.371982"><ele>17</ele></trkpt>
   <trkpt lat="50.872117" lon="4.371963"><ele>17</ele></trkpt>
   <trkpt lat="50.872273" lon="4.370946"><ele>16.25</ele></trkpt>
   <trkpt lat="50.8723" lon="4.370685"><ele>16</ele></trkpt>
   <trkpt lat="50.872316" lon="4.370372"><ele>16</ele></trkpt>
   <trkpt lat="50.872315" lon="4.370055"><ele>16</ele></trkpt>
   <trkpt lat="50.872302" lon="4.369813"><ele>16</ele></trkpt>
   <trkpt lat="50.872274" lon="4.369539"><ele>16.75</ele></trkpt>
   <trkpt lat="50.872212" lon="4.369155"><ele>17</ele></trkpt>
   <trkpt lat="50.872182" lon="4.368997"><ele>17.25</ele></trkpt>
   <trkpt lat="50.872122" lon="4.368751"><ele>17.5</ele></trkpt>
   <trkpt lat="50.872046" lon="4.368481"><ele>17.75</ele></trkpt>
   <trkpt lat="50.871971" lon="4.368258"><ele>18</ele></trkpt>
   <trkpt lat="50.871916" lon="4.368116"><ele>18.25</ele></trkpt>
   <trkpt lat="50.871863" lon="4.367986"><ele>18.25</ele></trkpt>
   <trkpt lat="50.871751" lon="4.367744"><ele>18.75</ele></trkpt>
   <trkpt lat="50.871638" lon="4.367535"><ele>18.75</ele></trkpt>
   <trkpt lat="50.871541" lon="4.367372"><ele>20</ele></trkpt>
   <trkpt lat="50.871416" lon="4.367188"><ele>18.5</ele></trkpt>
   <trkpt lat="50.8713" lon="4.367033"><ele>20</ele></trkpt>
   <trkpt lat="50.871066" lon="4.366772"><ele>20.5</ele></trkpt>
   <trkpt lat="50.870753" lon="4.36649"><ele>20.75</ele></trkpt>
   <trkpt lat="50.870364" lon="4.36617"><ele>21</ele></trkpt>
   <trkpt lat="50.870146" lon="4.366014"><ele>21.25</ele></trkpt>
   <trkpt lat="50.869896" lon="4.365851"><ele>21.25</ele></trkpt>
   <trkpt lat="50.86964" lon="4.365695"><ele>21.5</ele></trkpt>
   <trkpt lat="50.869445" lon="4.36559"><ele>21.75</ele></trkpt>
   <trkpt lat="50.868994" lon="4.365395"><ele>22</ele></trkpt>
   <trkpt lat="50.868334" lon="4.365134"><ele>21.5</ele></trkpt>
   <trkpt lat="50.868189" lon="4.365045"><ele>21.75</ele></trkpt>
   <trkpt lat="50.868046" lon="4.364956"><ele>22</ele></trkpt>
   <trkpt lat="50.866787" lon="4.364462"><ele>23</ele></trkpt>
   <trkpt lat="50.866581" lon="4.364389"><ele>23</ele></trkpt>
   <trkpt lat="50.865843" lon="4.364166"><ele>23.75</ele></trkpt>
   <trkpt lat="50.86564" lon="4.364107"><ele>24</ele></trkpt>
   <trkpt lat="50.865304" lon="4.363993"><ele>23.75</ele></trkpt>
   <trkpt lat="50.864835" lon="4.363796"><ele>24</ele></trkpt>
   <trkpt lat="50.864688" lon="4.363729"><ele>24</ele></trkpt>
   <trkpt lat="50.864514" lon="4.363669"><ele>24</ele></trkpt>
   <trkpt lat="50.864241" lon="4.363602"><ele>24</ele></trkpt>
   <trkpt lat="50.86353" lon="4.363425"><ele>24</ele></trkpt>
   <trkpt lat="50.8631" lon="4.36323"><ele>24</ele></trkpt>
   <trkpt lat="50.86254" lon="4.362976"><ele>24</ele></trkpt>
   <trkpt lat="50.862154" lon="4.3628"><ele>24</ele></trkpt>
   <trkpt lat="50.860443" lon="4.362035"><ele>25</ele></trkpt>
   <trkpt lat="50.859759" lon="4.361735"><ele>25.5</ele></trkpt>
   <trkpt lat="50.859505" lon="4.361619"><ele>25.75</ele></trkpt>
   <trkpt lat="50.859398" lon="4.36157"><ele>25.5</ele></trkpt>
   <trkpt lat="50.859301" lon="4.361526"><ele>25.5</ele></trkpt>
   <trkpt lat="50.859038" lon="4.361401"><ele>25.5</ele></trkpt>
   <trkpt lat="50.859027" lon="4.361396"><ele>25.25</ele></trkpt>
   <trkpt lat="50.858848" lon="4.361315"><ele>25</ele></trkpt>
   <trkpt lat="50.85814" lon="4.361"><ele>25</ele></trkpt>
   <trkpt lat="50.857831" lon="4.360874"><ele>25</ele></trkpt>
   <trkpt lat="50.857693" lon="4.360838"><ele>24.75</ele></trkpt>
   <trkpt lat="50.857557" lon="4.360817"><ele>25</ele></trkpt>
   <trkpt lat="50.857416" lon="4.360823"><ele>25</ele></trkpt>
   <trkpt lat="50.857366" lon="4.360833"><ele>25</ele></trkpt>
   <trkpt lat="50.857266" lon="4.360853"><ele>25</ele></trkpt>
   <trkpt lat="50.85709" lon="4.360913"><ele>25</ele></trkpt>
   <trkpt lat="50.856783" lon="4.361078"><ele>25</ele></trkpt>
   <trkpt lat="50.856433" lon="4.361293"><ele>24.25</ele></trkpt>
   <trkpt lat="50.856395" lon="4.361324"><ele>24.25</ele></trkpt>
   <trkpt lat="50.85631" lon="4.361392"><ele>24.5</ele></trkpt>
   <trkpt lat="50.85618" lon="4.361496"><ele>25</ele></trkpt>
   <trkpt lat="50.855956" lon="4.361673"><ele>25</ele></trkpt>
   <trkpt lat="50.855816" lon="4.361784"><ele>24.75</ele></trkpt>
   <trkpt lat="50.855574" lon="4.362039"><ele>24.75</ele></trkpt>
   <trkpt lat="50.855564" lon="4.36205"><ele>24.75</ele></trkpt>
   <trkpt lat="50.854898" lon="4.36275"><ele>24.75</ele></trkpt>
   <trkpt lat="50.854735" lon="4.3629"><ele>25</ele></trkpt>
   <trkpt lat="50.854499" lon="4.363073"><ele>25</ele></trkpt>
   <trkpt lat="50.854473" lon="4.363088"><ele>25</ele></trkpt>
   <trkpt lat="50.854322" lon="4.363169"><ele>25</ele></trkpt>
   <trkpt lat="50.85418" lon="4.363225"><ele>25</ele></trkpt>
   <trkpt lat="50.854036" lon="4.363271"><ele>25</ele></trkpt>
   <trkpt lat="50.85387" lon="4.363299"><ele>25</ele></trkpt>
   <trkpt lat="50.853678" lon="4.36331"><ele>25.25</ele></trkpt>
   <trkpt lat="50.85351" lon="4.363293"><ele>25.25</ele></trkpt>
   <trkpt lat="50.85332" lon="4.363253"><ele>25.25</ele></trkpt>
   <trkpt lat="50.853144" lon="4.363187"><ele>25.25</ele></trkpt>
   <trkpt lat="50.852979" lon="4.363105"><ele>25.25</ele></trkpt>
   <trkpt lat="50.852861" lon="4.363032"><ele>25.25</ele></trkpt>
   <trkpt lat="50.852397" lon="4.362691"><ele>25.5</ele></trkpt>
   <trkpt lat="50.851938" lon="4.36234"><ele>25.5</ele></trkpt>
   <trkpt lat="50.851126" lon="4.361722"><ele>25.75</ele></trkpt>
   <trkpt lat="50.850781" lon="4.361447"><ele>25.75</ele></trkpt>
   <trkpt lat="50.850474" lon="4.361198"><ele>26</ele></trkpt>
   <trkpt lat="50.8503" lon="4.361035"><ele>26</ele></trkpt>
   <trkpt lat="50.850133" lon="4.360863"><ele>26</ele></trkpt>
   <trkpt lat="50.849986" lon="4.360693"><ele>26</ele></trkpt>
   <trkpt lat="50.849838" lon="4.360505"><ele>26</ele></trkpt>
   <trkpt lat="50.849623" lon="4.360191"><ele>26</ele></trkpt>
   <trkpt lat="50.848968" lon="4.359096"><ele>26.25</ele></trkpt>
   <trkpt lat="50.848847" lon="4.358909"><ele>26.25</ele></trkpt>
   <trkpt lat="50.848685" lon="4.358691"><ele>26.5</ele></trkpt>
   <trkpt lat="50.848522" lon="4.358498"><ele>26.5</ele></trkpt>
   <trkpt lat="50.848373" lon="4.35835"><ele>26.5</ele></trkpt>
   <trkpt lat="50.848229" lon="4.358224"><ele>26.5</ele></trkpt>
   <trkpt lat="50.84804" lon="4.358082"><ele>26.5</ele></trkpt>
   <trkpt lat="50.847873" lon="4.357983"><ele>26.5</ele></trkpt>
   <trkpt lat="50.847594" lon="4.357852"><ele>26.75</ele></trkpt>
   <trkpt lat="50.84734" lon="4.357761"><ele>26.75</ele></trkpt>
   <trkpt lat="50.84675" lon="4.357591"><ele>26.75</ele></trkpt>
   <trkpt lat="50.846606" lon="4.357541"><ele>26.75</ele></trkpt>
   <trkpt lat="50.846451" lon="4.357485"><ele>27</ele></trkpt>
   <trkpt lat="50.846326" lon="4.357438"><ele>27</ele></trkpt>
   <trkpt lat="50.846101" lon="4.357334"><ele>27</ele></trkpt>
   <trkpt lat="50.84601" lon="4.357283"><ele>27</ele></trkpt>
   <trkpt lat="50.845973" lon="4.357263"><ele>27</ele></trkpt>
   <trkpt lat="50.845769" lon="4.357136"><ele>27</ele></trkpt>
   <trkpt lat="50.845544" lon="4.356965"><ele>27</ele></trkpt>
   <trkpt lat="50.84537" lon="4.356817"><ele>27.25</ele></trkpt>
   <trkpt lat="50.845225" lon="4.35668"><ele>27.25</ele></trkpt>
   <trkpt lat="50.84514" lon="4.356592"><ele>27.25</ele></trkpt>
   <trkpt lat="50.845026" lon="4.356475"><ele>27.25</ele></trkpt>
   <trkpt lat="50.844854" lon="4.356275"><ele>27.25</ele></trkpt>
   <trkpt lat="50.844672" lon="4.356041"><ele>27.25</ele></trkpt>
   <trkpt lat="50.844547" lon="4.355866"><ele>27.25</ele></trkpt>
   <trkpt lat="50.844359" lon="4.355577"><ele>27.5</ele></trkpt>
   <trkpt lat="50.844161" lon="4.355235"><ele>27.5</ele></trkpt>
   <trkpt lat="50.84398" lon="4.354896"><ele>27.5</ele></trkpt>
   <trkpt lat="50.843844" lon="4.354618"><ele>27.5</ele></trkpt>
   <trkpt lat="50.843507" lon="4.353897"><ele>27.75</ele></trkpt>
   <trkpt lat="50.842824" lon="4.352432"><ele>28</ele></trkpt>
   <trkpt lat="50.841871" lon="4.350388"><ele>28.25</ele></trkpt>
   <trkpt lat="50.841737" lon="4.350083"><ele>28.25</ele></trkpt>
   <trkpt lat="50.841685" lon="4.349948"><ele>28.25</ele></trkpt>
   <trkpt lat="50.841656" lon="4.34987"><ele>28.5</ele></trkpt>
   <trkpt lat="50.841598" lon="4.349696"><ele>26</ele></trkpt>
   <trkpt lat="50.84154" lon="4.349489"><ele>26</ele></trkpt>
   <trkpt lat="50.841481" lon="4.349248"><ele>25.75</ele></trkpt>
   <trkpt lat="50.84136" lon="4.348668"><ele>23</ele></trkpt>
   <trkpt lat="50.841082" lon="4.347429"><ele>23.25</ele></trkpt>
   <trkpt lat="50.841008" lon="4.347105"><ele>23.5</ele></trkpt>
   <trkpt lat="50.84096" lon="4.346873"><ele>23.5</ele></trkpt>
   <trkpt lat="50.840846" lon="4.346229"><ele>23.75</ele></trkpt>
   <trkpt lat="50.840767" lon="4.345729"><ele>24</ele></trkpt>
   <trkpt lat="50.840713" lon="4.345449"><ele>24</ele></trkpt>
   <trkpt lat="50.840605" lon="4.345025"><ele>24</ele></trkpt>
   <trkpt lat="50.840545" lon="4.344834"><ele>24.25</ele></trkpt>
   <trkpt lat="50.840487" lon="4.344675"><ele>24.25</ele></trkpt>
   <trkpt lat="50.840426" lon="4.34452"><ele>24.25</ele></trkpt>
   <trkpt lat="50.840296" lon="4.344232"><ele>24.5</ele></trkpt>
   <trkpt lat="50.83973" lon="4.34308"><ele>25</ele></trkpt>
   <trkpt lat="50.839541" lon="4.342697"><ele>25</ele></trkpt>
   <trkpt lat="50.838984" lon="4.341565"><ele>25.5</ele></trkpt>
   <trkpt lat="50.838856" lon="4.341305"><ele>25.75</ele></trkpt>
   <trkpt lat="50.838494" lon="4.340572"><ele>26</ele></trkpt>
   <trkpt lat="50.838432" lon="4.340446"><ele>26</ele></trkpt>
   <trkpt lat="50.838328" lon="4.340263"><ele>26</ele></trkpt>
   <trkpt lat="50.838177" lon="4.340026"><ele>26.25</ele></trkpt>
   <trkpt lat="50.838052" lon="4.339829"><ele>26.25</ele></trkpt>
   <trkpt lat="50.8376" lon="4.339115"><ele>26.5</ele></trkpt>
   <trkpt lat="50.837194" lon="4.338437"><ele>27</ele></trkpt>
   <trkpt lat="50.836783" lon="4.337728"><ele>27.25</ele></trkpt>
   <trkpt lat="50.836562" lon="4.337351"><ele>27.5</ele></trkpt>
   <trkpt lat="50.836459" lon="4.337192"><ele>27.5</ele></trkpt>
   <trkpt lat="50.836356" lon="4.337048"><ele>27.75</ele></trkpt>
   <trkpt lat="50.835926" lon="4.336496"><ele>27</ele></trkpt>
   <trkpt lat="50.83556" lon="4.336032"><ele>27</ele></trkpt>
   <trkpt lat="50.835457" lon="4.335901"><ele>27</ele></trkpt>
   <trkpt lat="50.835443" lon="4.335883"><ele>27</ele></trkpt>
   <trkpt lat="50.835283" lon="4.335678"><ele>27</ele></trkpt>
   <trkpt lat="50.835047" lon="4.335381"><ele>27</ele></trkpt>
   <trkpt lat="50.834769" lon="4.335046"><ele>27</ele></trkpt>
   <trkpt lat="50.834613" lon="4.334861"><ele>27</ele></trkpt>
   <trkpt lat="50.834193" lon="4.334386"><ele>27</ele></trkpt>
   <trkpt lat="50.833796" lon="4.333937"><ele>27</ele></trkpt>
   <trkpt lat="50.833992" lon="4.334215"><ele>27</ele></trkpt>
   <trkpt lat="50.834168" lon="4.334445"><ele>26.75</ele></trkpt>
   <trkpt lat="50.834363" lon="4.334665"><ele>27</ele></trkpt>
   <trkpt lat="50.834502" lon="4.33482"><ele>27</ele></trkpt>
   <trkpt lat="50.834706" lon="4.335052"><ele>27</ele></trkpt>
   <trkpt lat="50.834819" lon="4.335186"><ele>27</ele></trkpt>
   <trkpt lat="50.834706" lon="4.335052"><ele>27</ele></trkpt>
   <trkpt lat="50.834502" lon="4.33482"><ele>27</ele></trkpt>
   <trkpt lat="50.834363" lon="4.334665"><ele>27</ele></trkpt>
   <trkpt lat="50.834168" lon="4.334445"><ele>26.75</ele></trkpt>
   <trkpt lat="50.833992" lon="4.334215"><ele>27</ele></trkpt>
   <trkpt lat="50.833796" lon="4.333937"><ele>27</ele></trkpt>
   <trkpt lat="50.833663" lon="4.333742"><ele>27</ele></trkpt>
   <trkpt lat="50.833503" lon="4.333606"><ele>27</ele></trkpt>
   <trkpt lat="50.833189" lon="4.333336"><ele>26.25</ele></trkpt>
   <trkpt lat="50.832893" lon="4.333002"><ele>26</ele></trkpt>
   <trkpt lat="50.832748" lon="4.332837"><ele>26.5</ele></trkpt>
   <trkpt lat="50.832296" lon="4.332326"><ele>26</ele></trkpt>
   <trkpt lat="50.832039" lon="4.332035"><ele>26</ele></trkpt>
   <trkpt lat="50.831721" lon="4.331676"><ele>26</ele></trkpt>
   <trkpt lat="50.831428" lon="4.331344"><ele>26</ele></trkpt>
   <trkpt lat="50.830991" lon="4.330959"><ele>26</ele></trkpt>
   <trkpt lat="50.830831" lon="4.330788"><ele>26</ele></trkpt>
   <trkpt lat="50.830389" lon="4.330237"><ele>26</ele></trkpt>
   <trkpt lat="50.830157" lon="4.329935"><ele>25.75</ele></trkpt>
   <trkpt lat="50.829993" lon="4.329702"><ele>25.75</ele></trkpt>
   <trkpt lat="50.829685" lon="4.329199"><ele>25.75</ele></trkpt>
   <trkpt lat="50.829331" lon="4.328569"><ele>24.75</ele></trkpt>
   <trkpt lat="50.828663" lon="4.327346"><ele>23</ele></trkpt>
   <trkpt lat="50.828401" lon="4.326879"><ele>22</ele></trkpt>
   <trkpt lat="50.828259" lon="4.326636"><ele>22</ele></trkpt>
   <trkpt lat="50.828061" lon="4.326324"><ele>21</ele></trkpt>
   <trkpt lat="50.827878" lon="4.32605"><ele>20.75</ele></trkpt>
   <trkpt lat="50.827697" lon="4.325806"><ele>20.75</ele></trkpt>
   <trkpt lat="50.827421" lon="4.32546"><ele>21</ele></trkpt>
   <trkpt lat="50.827148" lon="4.325155"><ele>20.25</ele></trkpt>
   <trkpt lat="50.826859" lon="4.324849"><ele>20.25</ele></trkpt>
   <trkpt lat="50.822687" lon="4.320443"><ele>23.75</ele></trkpt>
   <trkpt lat="50.822597" lon="4.320341"><ele>21.5</ele></trkpt>
   <trkpt lat="50.822397" lon="4.320095"><ele>23.5</ele></trkpt>
   <trkpt lat="50.82218" lon="4.31984"><ele>27.25</ele></trkpt>
   <trkpt lat="50.822098" lon="4.319757"><ele>27.25</ele></trkpt>
   <trkpt lat="50.821853" lon="4.319543"><ele>27.25</ele></trkpt>
   <trkpt lat="50.821649" lon="4.319338"><ele>27</ele></trkpt>
   <trkpt lat="50.821104" lon="4.318728"><ele>26.25</ele></trkpt>
   <trkpt lat="50.820701" lon="4.31829"><ele>25.5</ele></trkpt>
   <trkpt lat="50.820336" lon="4.317919"><ele>24.75</ele></trkpt>
   <trkpt lat="50.81996" lon="4.317568"><ele>24.5</ele></trkpt>
   <trkpt lat="50.819618" lon="4.317265"><ele>24.75</ele></trkpt>
   <trkpt lat="50.819283" lon="4.316991"><ele>24.75</ele></trkpt>
   <trkpt lat="50.818032" lon="4.316006"><ele>24.5</ele></trkpt>
   <trkpt lat="50.817871" lon="4.315864"><ele>24</ele></trkpt>
   <trkpt lat="50.817552" lon="4.315553"><ele>24</ele></trkpt>
   <trkpt lat="50.817221" lon="4.315278"><ele>24</ele></trkpt>
   <trkpt lat="50.816858" lon="4.315065"><ele>24</ele></trkpt>
   <trkpt lat="50.816556" lon="4.314865"><ele>24</ele></trkpt>
   <trkpt lat="50.815939" lon="4.314415"><ele>24</ele></trkpt>
   <trkpt lat="50.81501" lon="4.313725"><ele>23.5</ele></trkpt>
   <trkpt lat="50.813894" lon="4.312912"><ele>23</ele></trkpt>
   <trkpt lat="50.813149" lon="4.312351"><ele>22.5</ele></trkpt>
   <trkpt lat="50.812322" lon="4.311734"><ele>22.25</ele></trkpt>
   <trkpt lat="50.812024" lon="4.311496"><ele>22</ele></trkpt>
   <trkpt lat="50.811676" lon="4.311234"><ele>22</ele></trkpt>
   <trkpt lat="50.810975" lon="4.310687"><ele>21.75</ele></trkpt>
   <trkpt lat="50.810301" lon="4.310137"><ele>21.5</ele></trkpt>
   <trkpt lat="50.810145" lon="4.31001"><ele>21.5</ele></trkpt>
   <trkpt lat="50.8098" lon="4.30973"><ele>21.75</ele></trkpt>
   <trkpt lat="50.809471" lon="4.309463"><ele>21.75</ele></trkpt>
   <trkpt lat="50.809027" lon="4.309104"><ele>21.25</ele></trkpt>
   <trkpt lat="50.806999" lon="4.307461"><ele>22</ele></trkpt>
   <trkpt lat="50.805732" lon="4.30645"><ele>22</ele></trkpt>
   <trkpt lat="50.805519" lon="4.306252"><ele>22</ele></trkpt>
   <trkpt lat="50.805227" lon="4.305971"><ele>22</ele></trkpt>
   <trkpt lat="50.80506" lon="4.305842"><ele>22</ele></trkpt>
   <trkpt lat="50.804573" lon="4.305512"><ele>22</ele></trkpt>
   <trkpt lat="50.804294" lon="4.305297"><ele>22.25</ele></trkpt>
   <trkpt lat="50.803325" lon="4.304517"><ele>22.5</ele></trkpt>
   <trkpt lat="50.802575" lon="4.303978"><ele>22.75</ele></trkpt>
   <trkpt lat="50.802248" lon="4.303725"><ele>23</ele></trkpt>
   <trkpt lat="50.802074" lon="4.303587"><ele>23</ele></trkpt>
   <trkpt lat="50.801739" lon="4.30332"><ele>23</ele></trkpt>
   <trkpt lat="50.800386" lon="4.302314"><ele>23.25</ele></trkpt>
   <trkpt lat="50.799937" lon="4.301963"><ele>23.25</ele></trkpt>
   <trkpt lat="50.798542" lon="4.30083"><ele>23.5</ele></trkpt>
   <trkpt lat="50.798188" lon="4.300546"><ele>23.5</ele></trkpt>
   <trkpt lat="50.796793" lon="4.299416"><ele>23.75</ele></trkpt>
   <trkpt lat="50.796466" lon="4.299137"><ele>23.75</ele></trkpt>
   <trkpt lat="50.79571" lon="4.298441"><ele>24</ele></trkpt>
   <trkpt lat="50.795355" lon="4.298138"><ele>24</ele></trkpt>
   <trkpt lat="50.794314" lon="4.297295"><ele>24.25</ele></trkpt>
   <trkpt lat="50.791108" lon="4.294696"><ele>25</ele></trkpt>
   <trkpt lat="50.79039" lon="4.294115"><ele>25.5</ele></trkpt>
   <trkpt lat="50.789965" lon="4.293772"><ele>25.5</ele></trkpt>
   <trkpt lat="50.789142" lon="4.293107"><ele>25.75</ele></trkpt>
   <trkpt lat="50.788417" lon="4.292518"><ele>25.5</ele></trkpt>
   <trkpt lat="50.787535" lon="4.291803"><ele>26.5</ele></trkpt>
   <trkpt lat="50.786745" lon="4.291162"><ele>26</ele></trkpt>
   <trkpt lat="50.785921" lon="4.290494"><ele>26.25</ele></trkpt>
   <trkpt lat="50.78514" lon="4.289861"><ele>26.25</ele></trkpt>
   <trkpt lat="50.784475" lon="4.289321"><ele>26.5</ele></trkpt>
   <trkpt lat="50.783687" lon="4.288682"><ele>26</ele></trkpt>
   <trkpt lat="50.78291" lon="4.288051"><ele>26.25</ele></trkpt>
   <trkpt lat="50.782109" lon="4.287402"><ele>26.25</ele></trkpt>
   <trkpt lat="50.781308" lon="4.286752"><ele>26.25</ele></trkpt>
   <trkpt lat="50.780501" lon="4.286098"><ele>26</ele></trkpt>
   <trkpt lat="50.779699" lon="4.285447"><ele>26.5</ele></trkpt>
   <trkpt lat="50.778893" lon="4.284794"><ele>26</ele></trkpt>
   <trkpt lat="50.778088" lon="4.284142"><ele>26</ele></trkpt>
   <trkpt lat="50.777303" lon="4.283506"><ele>26.25</ele></trkpt>
   <trkpt lat="50.776495" lon="4.282851"><ele>26.25</ele></trkpt>
   <trkpt lat="50.775696" lon="4.282203"><ele>27</ele></trkpt>
   <trkpt lat="50.774899" lon="4.281562"><ele>27.25</ele></trkpt>
   <trkpt lat="50.772044" lon="4.279235"><ele>26</ele></trkpt>
   <trkpt lat="50.771253" lon="4.278555"><ele>26</ele></trkpt>
   <trkpt lat="50.770913" lon="4.278256"><ele>26</ele></trkpt>
   <trkpt lat="50.769937" lon="4.277363"><ele>26</ele></trkpt>
   <trkpt lat="50.769148" lon="4.276605"><ele>26.75</ele></trkpt>
   <trkpt lat="50.768659" lon="4.276116"><ele>28.25</ele></trkpt>
   <trkpt lat="50.768615" lon="4.276072"><ele>28.5</ele></trkpt>
   <trkpt lat="50.767856" lon="4.275298"><ele>27</ele></trkpt>
   <trkpt lat="50.767679" lon="4.275117"><ele>27.5</ele></trkpt>
   <trkpt lat="50.76752" lon="4.274954"><ele>27.75</ele></trkpt>
   <trkpt lat="50.767105" lon="4.274529"><ele>27.5</ele></trkpt>
   <trkpt lat="50.766637" lon="4.274048"><ele>27.5</ele></trkpt>
   <trkpt lat="50.766344" lon="4.273748"><ele>27.75</ele></trkpt>
   <trkpt lat="50.765886" lon="4.27328"><ele>27.75</ele></trkpt>
   <trkpt lat="50.765861" lon="4.273254"><ele>27.75</ele></trkpt>
   <trkpt lat="50.765471" lon="4.272853"><ele>27.5</ele></trkpt>
   <trkpt lat="50.764777" lon="4.272142"><ele>27.75</ele></trkpt>
   <trkpt lat="50.764056" lon="4.271406"><ele>28</ele></trkpt>
   <trkpt lat="50.763186" lon="4.270514"><ele>28</ele></trkpt>
   <trkpt lat="50.762454" lon="4.269764"><ele>27.75</ele></trkpt>
   <trkpt lat="50.761702" lon="4.268993"><ele>28.5</ele></trkpt>
   <trkpt lat="50.760957" lon="4.26823"><ele>28.25</ele></trkpt>
   <trkpt lat="50.760205" lon="4.26746"><ele>28.75</ele></trkpt>
   <trkpt lat="50.759459" lon="4.266693"><ele>28.75</ele></trkpt>
   <trkpt lat="50.75871" lon="4.265925"><ele>29</ele></trkpt>
   <trkpt lat="50.757962" lon="4.265163"><ele>29.25</ele></trkpt>
   <trkpt lat="50.757322" lon="4.264506"><ele>29</ele></trkpt>
   <trkpt lat="50.757209" lon="4.26439"><ele>29</ele></trkpt>
   <trkpt lat="50.756456" lon="4.263618"><ele>29.75</ele></trkpt>
   <trkpt lat="50.755703" lon="4.262847"><ele>29.25</ele></trkpt>
   <trkpt lat="50.754958" lon="4.262083"><ele>29.25</ele></trkpt>
   <trkpt lat="50.754204" lon="4.261311"><ele>29.75</ele></trkpt>
   <trkpt lat="50.75395" lon="4.261049"><ele>29.75</ele></trkpt>
   <trkpt lat="50.753458" lon="4.260545"><ele>29.75</ele></trkpt>
   <trkpt lat="50.75271" lon="4.259778"><ele>30.25</ele></trkpt>
   <trkpt lat="50.751956" lon="4.259007"><ele>30.75</ele></trkpt>
   <trkpt lat="50.751352" lon="4.258388"><ele>31</ele></trkpt>
   <trkpt lat="50.751203" lon="4.258236"><ele>31</ele></trkpt>
   <trkpt lat="50.750447" lon="4.257461"><ele>31.5</ele></trkpt>
   <trkpt lat="50.750277" lon="4.257288"><ele>31.75</ele></trkpt>
   <trkpt lat="50.749908" lon="4.25691"><ele>32.5</ele></trkpt>
   <trkpt lat="50.749888" lon="4.25689"><ele>32.5</ele></trkpt>
   <trkpt lat="50.749334" lon="4.25632"><ele>34</ele></trkpt>
   <trkpt lat="50.749278" lon="4.256263"><ele>34</ele></trkpt>
   <trkpt lat="50.748321" lon="4.255282"><ele>31.75</ele></trkpt>
   <trkpt lat="50.747548" lon="4.254492"><ele>32.5</ele></trkpt>
   <trkpt lat="50.746751" lon="4.253675"><ele>33.25</ele></trkpt>
   <trkpt lat="50.746015" lon="4.252921"><ele>33.25</ele></trkpt>
   <trkpt lat="50.745918" lon="4.252822"><ele>33.25</ele></trkpt>
   <trkpt lat="50.745538" lon="4.252423"><ele>33</ele></trkpt>
   <trkpt lat="50.744774" lon="4.251577"><ele>33.75</ele></trkpt>
   <trkpt lat="50.744259" lon="4.251029"><ele>34</ele></trkpt>
   <trkpt lat="50.744095" lon="4.250862"><ele>33.75</ele></trkpt>
   <trkpt lat="50.743699" lon="4.250442"><ele>34</ele></trkpt>
   <trkpt lat="50.743116" lon="4.249804"><ele>34</ele></trkpt>
   <trkpt lat="50.742752" lon="4.249419"><ele>34</ele></trkpt>
   <trkpt lat="50.740247" lon="4.246862"><ele>35</ele></trkpt>
   <trkpt lat="50.739825" lon="4.246459"><ele>35</ele></trkpt>
   <trkpt lat="50.739298" lon="4.245986"><ele>35</ele></trkpt>
   <trkpt lat="50.739217" lon="4.245913"><ele>35</ele></trkpt>
   <trkpt lat="50.737602" lon="4.244457"><ele>35.75</ele></trkpt>
   <trkpt lat="50.737544" lon="4.244404"><ele>36</ele></trkpt>
   <trkpt lat="50.737065" lon="4.243972"><ele>35.5</ele></trkpt>
   <trkpt lat="50.736741" lon="4.243667"><ele>35</ele></trkpt>
   <trkpt lat="50.736425" lon="4.243343"><ele>35</ele></trkpt>
   <trkpt lat="50.735851" lon="4.242711"><ele>35</ele></trkpt>
   <trkpt lat="50.735517" lon="4.242343"><ele>34</ele></trkpt>
   <trkpt lat="50.735094" lon="4.241877"><ele>33.75</ele></trkpt>
   <trkpt lat="50.734762" lon="4.24151"><ele>33</ele></trkpt>
   <trkpt lat="50.734301" lon="4.240987"><ele>33</ele></trkpt>
   <trkpt lat="50.734169" lon="4.240837"><ele>33</ele></trkpt>
   <trkpt lat="50.733933" lon="4.240565"><ele>33.25</ele></trkpt>
   <trkpt lat="50.733851" lon="4.240466"><ele>33.25</ele></trkpt>
   <trkpt lat="50.733831" lon="4.240441"><ele>33.5</ele></trkpt>
   <trkpt lat="50.733709" lon="4.240293"><ele>33.5</ele></trkpt>
   <trkpt lat="50.733593" lon="4.240152"><ele>33.75</ele></trkpt>
   <trkpt lat="50.733576" lon="4.240131"><ele>33.75</ele></trkpt>
   <trkpt lat="50.732762" lon="4.239143"><ele>35</ele></trkpt>
   <trkpt lat="50.732482" lon="4.238808"><ele>35.5</ele></trkpt>
   <trkpt lat="50.731775" lon="4.237948"><ele>36.75</ele></trkpt>
   <trkpt lat="50.730142" lon="4.235949"><ele>36.75</ele></trkpt>
   <trkpt lat="50.729845" lon="4.235592"><ele>37.5</ele></trkpt>
   <trkpt lat="50.729297" lon="4.234892"><ele>38.5</ele></trkpt>
   <trkpt lat="50.729002" lon="4.234474"><ele>39.75</ele></trkpt>
   <trkpt lat="50.728759" lon="4.234089"><ele>39.5</ele></trkpt>
   <trkpt lat="50.728569" lon="4.233758"><ele>39.25</ele></trkpt>
   <trkpt lat="50.728182" lon="4.232992"><ele>39</ele></trkpt>
   <trkpt lat="50.727957" lon="4.23249"><ele>38.75</ele></trkpt>
   <trkpt lat="50.727852" lon="4.232211"><ele>39</ele></trkpt>
   <trkpt lat="50.727683" lon="4.23175"><ele>34.5</ele></trkpt>
   <trkpt lat="50.727529" lon="4.231254"><ele>37.25</ele></trkpt>
   <trkpt lat="50.727429" lon="4.230873"><ele>38.25</ele></trkpt>
   <trkpt lat="50.727332" lon="4.230399"><ele>39</ele></trkpt>
   <trkpt lat="50.727263" lon="4.229938"><ele>41.25</ele></trkpt>
   <trkpt lat="50.727221" lon="4.229445"><ele>41.75</ele></trkpt>
   <trkpt lat="50.727201" lon="4.228991"><ele>40.25</ele></trkpt>
   <trkpt lat="50.727203" lon="4.22849"><ele>40</ele></trkpt>
   <trkpt lat="50.727231" lon="4.227998"><ele>42</ele></trkpt>
   <trkpt lat="50.727281" lon="4.227504"><ele>42.75</ele></trkpt>
   <trkpt lat="50.727344" lon="4.227016"><ele>45</ele></trkpt>
   <trkpt lat="50.727437" lon="4.226539"><ele>45.25</ele></trkpt>
   <trkpt lat="50.72754" lon="4.226064"><ele>44</ele></trkpt>
   <trkpt lat="50.727987" lon="4.22411"><ele>47</ele></trkpt>
   <trkpt lat="50.728996" lon="4.219686"><ele>48</ele></trkpt>
   <trkpt lat="50.730771" lon="4.211927"><ele>46.75</ele></trkpt>
   <trkpt lat="50.73255" lon="4.204104"><ele>51.25</ele></trkpt>
   <trkpt lat="50.732698" lon="4.203438"><ele>50.75</ele></trkpt>
   <trkpt lat="50.732803" lon="4.202898"><ele>52</ele></trkpt>
   <trkpt lat="50.7329" lon="4.2023"><ele>49.25</ele></trkpt>
   <trkpt lat="50.732972" lon="4.201719"><ele>49.5</ele></trkpt>
   <trkpt lat="50.73302" lon="4.201114"><ele>51.5</ele></trkpt>
   <trkpt lat="50.733046" lon="4.200547"><ele>52.75</ele></trkpt>
   <trkpt lat="50.733052" lon="4.199948"><ele>53.75</ele></trkpt>
   <trkpt lat="50.733035" lon="4.199341"><ele>54</ele></trkpt>
   <trkpt lat="50.733" lon="4.198765"><ele>55</ele></trkpt>
   <trkpt lat="50.73294" lon="4.198168"><ele>55.25</ele></trkpt>
   <trkpt lat="50.73286" lon="4.197575"><ele>55.5</ele></trkpt>
   <trkpt lat="50.732758" lon="4.196994"><ele>55</ele></trkpt>
   <trkpt lat="50.732653" lon="4.196458"><ele>55</ele></trkpt>
   <trkpt lat="50.730961" lon="4.188495"><ele>58</ele></trkpt>
   <trkpt lat="50.730283" lon="4.185307"><ele>60</ele></trkpt>
   <trkpt lat="50.730139" lon="4.184682"><ele>63.25</ele></trkpt>
   <trkpt lat="50.729982" lon="4.184059"><ele>61.75</ele></trkpt>
   <trkpt lat="50.729798" lon="4.183417"><ele>62.5</ele></trkpt>
   <trkpt lat="50.72959" lon="4.18278"><ele>62.75</ele></trkpt>
   <trkpt lat="50.72936" lon="4.182166"><ele>63.25</ele></trkpt>
   <trkpt lat="50.729152" lon="4.181664"><ele>63.25</ele></trkpt>
   <trkpt lat="50.728886" lon="4.181082"><ele>62.25</ele></trkpt>
   <trkpt lat="50.728609" lon="4.180528"><ele>63</ele></trkpt>
   <trkpt lat="50.728357" lon="4.180076"><ele>63.5</ele></trkpt>
   <trkpt lat="50.728072" lon="4.17961"><ele>62</ele></trkpt>
   <trkpt lat="50.727747" lon="4.179124"><ele>62.5</ele></trkpt>
   <trkpt lat="50.727406" lon="4.178663"><ele>61.75</ele></trkpt>
   <trkpt lat="50.727048" lon="4.178232"><ele>61.5</ele></trkpt>
   <trkpt lat="50.726473" lon="4.177574"><ele>62.5</ele></trkpt>
   <trkpt lat="50.725829" lon="4.176881"><ele>63.75</ele></trkpt>
   <trkpt lat="50.723946" lon="4.174811"><ele>66.5</ele></trkpt>
   <trkpt lat="50.720296" lon="4.170801"><ele>68.5</ele></trkpt>
   <trkpt lat="50.719473" lon="4.169885"><ele>68.5</ele></trkpt>
   <trkpt lat="50.716831" lon="4.166997"><ele>62</ele></trkpt>
   <trkpt lat="50.716397" lon="4.166518"><ele>62.25</ele></trkpt>
   <trkpt lat="50.716042" lon="4.16611"><ele>62.25</ele></trkpt>
   <trkpt lat="50.715687" lon="4.165682"><ele>62</ele></trkpt>
   <trkpt lat="50.715352" lon="4.165243"><ele>62</ele></trkpt>
   <trkpt lat="50.714983" lon="4.164695"><ele>63.75</ele></trkpt>
   <trkpt lat="50.714736" lon="4.164293"><ele>62.75</ele></trkpt>
   <trkpt lat="50.714443" lon="4.163767"><ele>63</ele></trkpt>
   <trkpt lat="50.714192" lon="4.163265"><ele>63.5</ele></trkpt>
   <trkpt lat="50.71393" lon="4.162705"><ele>62.5</ele></trkpt>
   <trkpt lat="50.713676" lon="4.162136"><ele>62.25</ele></trkpt>
   <trkpt lat="50.711675" lon="4.157553"><ele>59.5</ele></trkpt>
   <trkpt lat="50.7105" lon="4.15486"><ele>60</ele></trkpt>
   <trkpt lat="50.708915" lon="4.151209"><ele>59.25</ele></trkpt>
   <trkpt lat="50.707664" lon="4.148342"><ele>56</ele></trkpt>
   <trkpt lat="50.707281" lon="4.147465"><ele>57</ele></trkpt>
   <trkpt lat="50.7063" lon="4.145206"><ele>57</ele></trkpt>
   <trkpt lat="50.705452" lon="4.143266"><ele>52</ele></trkpt>
   <trkpt lat="50.705409" lon="4.143167"><ele>52</ele></trkpt>
   <trkpt lat="50.702733" lon="4.137037"><ele>51.5</ele></trkpt>
   <trkpt lat="50.701956" lon="4.135106"><ele>52.75</ele></trkpt>
   <trkpt lat="50.701717" lon="4.134417"><ele>52.75</ele></trkpt>
   <trkpt lat="50.701494" lon="4.1337"><ele>52.75</ele></trkpt>
   <trkpt lat="50.701286" lon="4.132981"><ele>52.75</ele></trkpt>
   <trkpt lat="50.701096" lon="4.132252"><ele>53</ele></trkpt>
   <trkpt lat="50.700925" lon="4.131517"><ele>52.25</ele></trkpt>
   <trkpt lat="50.70077" lon="4.130753"><ele>51.5</ele></trkpt>
   <trkpt lat="50.700634" lon="4.129993"><ele>51.75</ele></trkpt>
   <trkpt lat="50.700513" lon="4.129225"><ele>51.75</ele></trkpt>
   <trkpt lat="50.700409" lon="4.128444"><ele>50</ele></trkpt>
   <trkpt lat="50.700221" lon="4.126778"><ele>53.75</ele></trkpt>
   <trkpt lat="50.699868" lon="4.12358"><ele>56</ele></trkpt>
   <trkpt lat="50.699776" lon="4.122803"><ele>55.75</ele></trkpt>
   <trkpt lat="50.699671" lon="4.122022"><ele>55.25</ele></trkpt>
   <trkpt lat="50.699567" lon="4.121352"><ele>55.25</ele></trkpt>
   <trkpt lat="50.699439" lon="4.120675"><ele>55.25</ele></trkpt>
   <trkpt lat="50.699302" lon="4.12002"><ele>56</ele></trkpt>
   <trkpt lat="50.699048" lon="4.118982"><ele>56</ele></trkpt>
   <trkpt lat="50.698787" lon="4.118103"><ele>54</ele></trkpt>
   <trkpt lat="50.698584" lon="4.117486"><ele>54.75</ele></trkpt>
   <trkpt lat="50.698396" lon="4.116975"><ele>55.25</ele></trkpt>
   <trkpt lat="50.698163" lon="4.116376"><ele>55</ele></trkpt>
   <trkpt lat="50.697914" lon="4.115798"><ele>56.25</ele></trkpt>
   <trkpt lat="50.697655" lon="4.115236"><ele>56.25</ele></trkpt>
   <trkpt lat="50.696275" lon="4.11232"><ele>57</ele></trkpt>
   <trkpt lat="50.695983" lon="4.111669"><ele>57.75</ele></trkpt>
   <trkpt lat="50.695708" lon="4.111007"><ele>58.25</ele></trkpt>
   <trkpt lat="50.695448" lon="4.11033"><ele>57.75</ele></trkpt>
   <trkpt lat="50.695213" lon="4.10966"><ele>57.25</ele></trkpt>
   <trkpt lat="50.694985" lon="4.108945"><ele>57.25</ele></trkpt>
   <trkpt lat="50.694778" lon="4.108233"><ele>57</ele></trkpt>
   <trkpt lat="50.694587" lon="4.107507"><ele>54.75</ele></trkpt>
   <trkpt lat="50.694412" lon="4.106755"><ele>55.75</ele></trkpt>
   <trkpt lat="50.694273" lon="4.106097"><ele>54.75</ele></trkpt>
   <trkpt lat="50.694131" lon="4.105341"><ele>56</ele></trkpt>
   <trkpt lat="50.694008" lon="4.104568"><ele>56</ele></trkpt>
   <trkpt lat="50.693906" lon="4.103797"><ele>58.75</ele></trkpt>
   <trkpt lat="50.693819" lon="4.10301"><ele>58.5</ele></trkpt>
   <trkpt lat="50.693755" lon="4.102227"><ele>59.5</ele></trkpt>
   <trkpt lat="50.693705" lon="4.101447"><ele>60.5</ele></trkpt>
   <trkpt lat="50.693675" lon="4.100655"><ele>61</ele></trkpt>
   <trkpt lat="50.693663" lon="4.099854"><ele>61</ele></trkpt>
   <trkpt lat="50.69366" lon="4.098175"><ele>61</ele></trkpt>
   <trkpt lat="50.69373" lon="4.081125"><ele>67.5</ele></trkpt>
   <trkpt lat="50.693759" lon="4.074194"><ele>73.25</ele></trkpt>
   <trkpt lat="50.69377" lon="4.073375"><ele>74.5</ele></trkpt>
   <trkpt lat="50.6938" lon="4.07259"><ele>73.75</ele></trkpt>
   <trkpt lat="50.693828" lon="4.072082"><ele>71.5</ele></trkpt>
   <trkpt lat="50.693868" lon="4.071509"><ele>71</ele></trkpt>
   <trkpt lat="50.693927" lon="4.070812"><ele>71</ele></trkpt>
   <trkpt lat="50.694678" lon="4.062523"><ele>68</ele></trkpt>
   <trkpt lat="50.69498" lon="4.059193"><ele>62</ele></trkpt>
   <trkpt lat="50.694996" lon="4.059014"><ele>63.5</ele></trkpt>
   <trkpt lat="50.695016" lon="4.058791"><ele>64.75</ele></trkpt>
   <trkpt lat="50.695068" lon="4.05815"><ele>62.25</ele></trkpt>
   <trkpt lat="50.695092" lon="4.057567"><ele>60.5</ele></trkpt>
   <trkpt lat="50.695098" lon="4.057333"><ele>60.5</ele></trkpt>
   <trkpt lat="50.69511" lon="4.055952"><ele>63.5</ele></trkpt>
   <trkpt lat="50.695125" lon="4.055536"><ele>62.75</ele></trkpt>
   <trkpt lat="50.695181" lon="4.054873"><ele>63.25</ele></trkpt>
   <trkpt lat="50.695246" lon="4.054386"><ele>63.75</ele></trkpt>
   <trkpt lat="50.695309" lon="4.054017"><ele>63.25</ele></trkpt>
   <trkpt lat="50.695387" lon="4.053631"><ele>63</ele></trkpt>
   <trkpt lat="50.695453" lon="4.053352"><ele>63</ele></trkpt>
   <trkpt lat="50.69555" lon="4.052987"><ele>63</ele></trkpt>
   <trkpt lat="50.695653" lon="4.052622"><ele>63.5</ele></trkpt>
   <trkpt lat="50.695925" lon="4.051722"><ele>63</ele></trkpt>
   <trkpt lat="50.696057" lon="4.051283"><ele>63.5</ele></trkpt>
   <trkpt lat="50.69616" lon="4.050846"><ele>63</ele></trkpt>
   <trkpt lat="50.696215" lon="4.050632"><ele>63</ele></trkpt>
   <trkpt lat="50.696309" lon="4.05032"><ele>63.5</ele></trkpt>
   <trkpt lat="50.696383" lon="4.050052"><ele>62.25</ele></trkpt>
   <trkpt lat="50.696415" lon="4.049914"><ele>62.25</ele></trkpt>
   <trkpt lat="50.696507" lon="4.049464"><ele>62.75</ele></trkpt>
   <trkpt lat="50.69659" lon="4.049121"><ele>62.25</ele></trkpt>
   <trkpt lat="50.696789" lon="4.048419"><ele>62.5</ele></trkpt>
   <trkpt lat="50.697272" lon="4.046799"><ele>62</ele></trkpt>
   <trkpt lat="50.69764" lon="4.045566"><ele>61.5</ele></trkpt>
   <trkpt lat="50.697796" lon="4.045114"><ele>62</ele></trkpt>
   <trkpt lat="50.697984" lon="4.044627"><ele>61.25</ele></trkpt>
   <trkpt lat="50.698075" lon="4.044396"><ele>61.75</ele></trkpt>
   <trkpt lat="50.698129" lon="4.044232"><ele>61</ele></trkpt>
   <trkpt lat="50.698179" lon="4.044065"><ele>60.5</ele></trkpt>
   <trkpt lat="50.69839" lon="4.043355"><ele>59.25</ele></trkpt>
   <trkpt lat="50.698452" lon="4.043155"><ele>57.5</ele></trkpt>
   <trkpt lat="50.698493" lon="4.043019"><ele>57.75</ele></trkpt>
   <trkpt lat="50.698653" lon="4.042442"><ele>58.5</ele></trkpt>
   <trkpt lat="50.698769" lon="4.041979"><ele>57.75</ele></trkpt>
   <trkpt lat="50.698869" lon="4.04152"><ele>60.25</ele></trkpt>
   <trkpt lat="50.698915" lon="4.041281"><ele>60.25</ele></trkpt>
   <trkpt lat="50.698955" lon="4.041022"><ele>59</ele></trkpt>
   <trkpt lat="50.699002" lon="4.040659"><ele>56.75</ele></trkpt>
   <trkpt lat="50.699043" lon="4.040182"><ele>56.5</ele></trkpt>
   <trkpt lat="50.699063" lon="4.039699"><ele>56.75</ele></trkpt>
   <trkpt lat="50.699062" lon="4.039227"><ele>57</ele></trkpt>
   <trkpt lat="50.699046" lon="4.038831"><ele>56</ele></trkpt>
   <trkpt lat="50.699024" lon="4.038516"><ele>55.25</ele></trkpt>
   <trkpt lat="50.698949" lon="4.037766"><ele>57</ele></trkpt>
   <trkpt lat="50.698715" lon="4.035651"><ele>58.25</ele></trkpt>
   <trkpt lat="50.698624" lon="4.034849"><ele>58.5</ele></trkpt>
   <trkpt lat="50.698545" lon="4.034253"><ele>58</ele></trkpt>
   <trkpt lat="50.698494" lon="4.033941"><ele>59.75</ele></trkpt>
   <trkpt lat="50.698411" lon="4.033494"><ele>59.5</ele></trkpt>
   <trkpt lat="50.698284" lon="4.032927"><ele>58</ele></trkpt>
   <trkpt lat="50.698175" lon="4.032511"><ele>58.25</ele></trkpt>
   <trkpt lat="50.698013" lon="4.03194"><ele>57</ele></trkpt>
   <trkpt lat="50.697844" lon="4.031379"><ele>57.25</ele></trkpt>
   <trkpt lat="50.697645" lon="4.030716"><ele>57.25</ele></trkpt>
   <trkpt lat="50.696715" lon="4.027624"><ele>55.5</ele></trkpt>
   <trkpt lat="50.696511" lon="4.026923"><ele>55.25</ele></trkpt>
   <trkpt lat="50.696412" lon="4.026559"><ele>54</ele></trkpt>
   <trkpt lat="50.696221" lon="4.025804"><ele>54.25</ele></trkpt>
   <trkpt lat="50.695982" lon="4.024693"><ele>54</ele></trkpt>
   <trkpt lat="50.695911" lon="4.024306"><ele>54.5</ele></trkpt>
   <trkpt lat="50.695783" lon="4.023537"><ele>53</ele></trkpt>
   <trkpt lat="50.695726" lon="4.023143"><ele>52.75</ele></trkpt>
   <trkpt lat="50.695631" lon="4.022374"><ele>51</ele></trkpt>
   <trkpt lat="50.695585" lon="4.021933"><ele>51</ele></trkpt>
   <trkpt lat="50.695534" lon="4.021354"><ele>50.75</ele></trkpt>
   <trkpt lat="50.69552" lon="4.021163"><ele>50.5</ele></trkpt>
   <trkpt lat="50.695496" lon="4.020796"><ele>50.25</ele></trkpt>
   <trkpt lat="50.69546" lon="4.020016"><ele>49.5</ele></trkpt>
   <trkpt lat="50.695442" lon="4.019216"><ele>49</ele></trkpt>
   <trkpt lat="50.695442" lon="4.018406"><ele>48</ele></trkpt>
   <trkpt lat="50.69549" lon="4.015503"><ele>45</ele></trkpt>
   <trkpt lat="50.695492" lon="4.015319"><ele>43.25</ele></trkpt>
   <trkpt lat="50.695617" lon="4.008182"><ele>49</ele></trkpt>
   <trkpt lat="50.695619" lon="4.007395"><ele>48.25</ele></trkpt>
   <trkpt lat="50.695601" lon="4.00666"><ele>48.25</ele></trkpt>
   <trkpt lat="50.695574" lon="4.00624"><ele>48</ele></trkpt>
   <trkpt lat="50.695517" lon="4.005627"><ele>47.25</ele></trkpt>
   <trkpt lat="50.695468" lon="4.005227"><ele>45.5</ele></trkpt>
   <trkpt lat="50.695413" lon="4.004858"><ele>44.25</ele></trkpt>
   <trkpt lat="50.695357" lon="4.004532"><ele>44.75</ele></trkpt>
   <trkpt lat="50.695248" lon="4.004001"><ele>47.75</ele></trkpt>
   <trkpt lat="50.695162" lon="4.003636"><ele>45.75</ele></trkpt>
   <trkpt lat="50.695039" lon="4.003174"><ele>47.75</ele></trkpt>
   <trkpt lat="50.694899" lon="4.002707"><ele>48.75</ele></trkpt>
   <trkpt lat="50.694796" lon="4.002401"><ele>49</ele></trkpt>
   <trkpt lat="50.694686" lon="4.0021"><ele>49.5</ele></trkpt>
   <trkpt lat="50.694561" lon="4.001783"><ele>49.75</ele></trkpt>
   <trkpt lat="50.694444" lon="4.001507"><ele>49.25</ele></trkpt>
   <trkpt lat="50.694237" lon="4.00106"><ele>50</ele></trkpt>
   <trkpt lat="50.693983" lon="4.000553"><ele>50.25</ele></trkpt>
   <trkpt lat="50.693643" lon="3.999911"><ele>50</ele></trkpt>
   <trkpt lat="50.690217" lon="3.993503"><ele>51.25</ele></trkpt>
   <trkpt lat="50.687031" lon="3.987542"><ele>52.5</ele></trkpt>
   <trkpt lat="50.682038" lon="3.978201"><ele>58.5</ele></trkpt>
   <trkpt lat="50.675612" lon="3.966178"><ele>65.75</ele></trkpt>
   <trkpt lat="50.674924" lon="3.964881"><ele>66</ele></trkpt>
   <trkpt lat="50.674612" lon="3.964262"><ele>60.5</ele></trkpt>
   <trkpt lat="50.674381" lon="3.96378"><ele>60.5</ele></trkpt>
   <trkpt lat="50.673953" lon="3.96281"><ele>60</ele></trkpt>
   <trkpt lat="50.662764" lon="3.936193"><ele>52.5</ele></trkpt>
   <trkpt lat="50.657674" lon="3.924096"><ele>54</ele></trkpt>
   <trkpt lat="50.656454" lon="3.921193"><ele>53.5</ele></trkpt>
   <trkpt lat="50.655879" lon="3.919826"><ele>54</ele></trkpt>
   <trkpt lat="50.655485" lon="3.918884"><ele>55</ele></trkpt>
   <trkpt lat="50.654453" lon="3.916451"><ele>56</ele></trkpt>
   <trkpt lat="50.654361" lon="3.916223"><ele>54</ele></trkpt>
   <trkpt lat="50.653747" lon="3.914722"><ele>57</ele></trkpt>
   <trkpt lat="50.653462" lon="3.913978"><ele>57</ele></trkpt>
   <trkpt lat="50.652804" lon="3.912213"><ele>58.75</ele></trkpt>
   <trkpt lat="50.649533" lon="3.903366"><ele>64.25</ele></trkpt>
   <trkpt lat="50.648334" lon="3.900119"><ele>61.25</ele></trkpt>
   <trkpt lat="50.648229" lon="3.899838"><ele>59.5</ele></trkpt>
   <trkpt lat="50.647919" lon="3.898998"><ele>61.75</ele></trkpt>
   <trkpt lat="50.642517" lon="3.884401"><ele>58.75</ele></trkpt>
   <trkpt lat="50.641284" lon="3.881134"><ele>53.5</ele></trkpt>
   <trkpt lat="50.641222" lon="3.880971"><ele>53.5</ele></trkpt>
   <trkpt lat="50.640772" lon="3.879827"><ele>55.25</ele></trkpt>
   <trkpt lat="50.640164" lon="3.878321"><ele>55.25</ele></trkpt>
   <trkpt lat="50.639557" lon="3.876859"><ele>56</ele></trkpt>
   <trkpt lat="50.638996" lon="3.87554"><ele>56.5</ele></trkpt>
   <trkpt lat="50.638429" lon="3.874235"><ele>58</ele></trkpt>
   <trkpt lat="50.637774" lon="3.87277"><ele>58</ele></trkpt>
   <trkpt lat="50.637109" lon="3.871321"><ele>59.75</ele></trkpt>
   <trkpt lat="50.636432" lon="3.869882"><ele>59.75</ele></trkpt>
   <trkpt lat="50.633981" lon="3.864733"><ele>58.25</ele></trkpt>
   <trkpt lat="50.632969" lon="3.862582"><ele>56</ele></trkpt>
   <trkpt lat="50.632888" lon="3.862393"><ele>57</ele></trkpt>
   <trkpt lat="50.63217" lon="3.860796"><ele>58.75</ele></trkpt>
   <trkpt lat="50.631314" lon="3.85884"><ele>58</ele></trkpt>
   <trkpt lat="50.630441" lon="3.856767"><ele>58</ele></trkpt>
   <trkpt lat="50.629835" lon="3.855276"><ele>58.75</ele></trkpt>
   <trkpt lat="50.629235" lon="3.853764"><ele>59.5</ele></trkpt>
   <trkpt lat="50.626025" lon="3.845542"><ele>61.75</ele></trkpt>
   <trkpt lat="50.625071" lon="3.843108"><ele>62.5</ele></trkpt>
   <trkpt lat="50.624923" lon="3.84273"><ele>62.25</ele></trkpt>
   <trkpt lat="50.62436" lon="3.841289"><ele>62.5</ele></trkpt>
   <trkpt lat="50.623845" lon="3.839963"><ele>61.75</ele></trkpt>
   <trkpt lat="50.622617" lon="3.836832"><ele>61.25</ele></trkpt>
   <trkpt lat="50.618811" lon="3.827093"><ele>55.5</ele></trkpt>
   <trkpt lat="50.618551" lon="3.826401"><ele>55.5</ele></trkpt>
   <trkpt lat="50.618306" lon="3.825704"><ele>55.75</ele></trkpt>
   <trkpt lat="50.618059" lon="3.824912"><ele>52.5</ele></trkpt>
   <trkpt lat="50.618018" lon="3.824773"><ele>52.25</ele></trkpt>
   <trkpt lat="50.617893" lon="3.824311"><ele>52.5</ele></trkpt>
   <trkpt lat="50.617708" lon="3.823586"><ele>54.25</ele></trkpt>
   <trkpt lat="50.617558" lon="3.822896"><ele>52.5</ele></trkpt>
   <trkpt lat="50.617429" lon="3.822236"><ele>53</ele></trkpt>
   <trkpt lat="50.617317" lon="3.821569"><ele>51.5</ele></trkpt>
   <trkpt lat="50.61722" lon="3.82089"><ele>52.75</ele></trkpt>
   <trkpt lat="50.617141" lon="3.820214"><ele>51.5</ele></trkpt>
   <trkpt lat="50.61707" lon="3.819427"><ele>49.5</ele></trkpt>
   <trkpt lat="50.61702" lon="3.81864"><ele>49.5</ele></trkpt>
   <trkpt lat="50.616992" lon="3.817843"><ele>49.25</ele></trkpt>
   <trkpt lat="50.616986" lon="3.81706"><ele>49</ele></trkpt>
   <trkpt lat="50.617004" lon="3.816265"><ele>47</ele></trkpt>
   <trkpt lat="50.617039" lon="3.815478"><ele>45.5</ele></trkpt>
   <trkpt lat="50.617091" lon="3.814784"><ele>45.25</ele></trkpt>
   <trkpt lat="50.617159" lon="3.814099"><ele>46</ele></trkpt>
   <trkpt lat="50.617244" lon="3.813422"><ele>46.5</ele></trkpt>
   <trkpt lat="50.617363" lon="3.812637"><ele>43</ele></trkpt>
   <trkpt lat="50.61749" lon="3.811931"><ele>46.5</ele></trkpt>
   <trkpt lat="50.617635" lon="3.811233"><ele>42.75</ele></trkpt>
   <trkpt lat="50.61781" lon="3.810489"><ele>45.75</ele></trkpt>
   <trkpt lat="50.618031" lon="3.809662"><ele>46.25</ele></trkpt>
   <trkpt lat="50.618879" lon="3.806747"><ele>45</ele></trkpt>
   <trkpt lat="50.618928" lon="3.806581"><ele>44.25</ele></trkpt>
   <trkpt lat="50.619177" lon="3.805731"><ele>46.25</ele></trkpt>
   <trkpt lat="50.619611" lon="3.804295"><ele>43.5</ele></trkpt>
   <trkpt lat="50.620293" lon="3.80218"><ele>46</ele></trkpt>
   <trkpt lat="50.621302" lon="3.799143"><ele>43.75</ele></trkpt>
   <trkpt lat="50.621369" lon="3.798938"><ele>46</ele></trkpt>
   <trkpt lat="50.622452" lon="3.795666"><ele>44</ele></trkpt>
   <trkpt lat="50.622674" lon="3.794978"><ele>41.75</ele></trkpt>
   <trkpt lat="50.622889" lon="3.794254"><ele>40.5</ele></trkpt>
   <trkpt lat="50.623283" lon="3.792794"><ele>42</ele></trkpt>
   <trkpt lat="50.624816" lon="3.787002"><ele>34.25</ele></trkpt>
   <trkpt lat="50.624853" lon="3.786865"><ele>34.5</ele></trkpt>
   <trkpt lat="50.625054" lon="3.786098"><ele>36</ele></trkpt>
   <trkpt lat="50.625232" lon="3.785462"><ele>36.25</ele></trkpt>
   <trkpt lat="50.625769" lon="3.783751"><ele>36</ele></trkpt>
   <trkpt lat="50.625836" lon="3.783542"><ele>36</ele></trkpt>
   <trkpt lat="50.626086" lon="3.782742"><ele>35.75</ele></trkpt>
   <trkpt lat="50.626128" lon="3.782608"><ele>36</ele></trkpt>
   <trkpt lat="50.626464" lon="3.78153"><ele>36</ele></trkpt>
   <trkpt lat="50.626575" lon="3.781148"><ele>35.5</ele></trkpt>
   <trkpt lat="50.62671" lon="3.780612"><ele>35</ele></trkpt>
   <trkpt lat="50.62679" lon="3.780209"><ele>35.5</ele></trkpt>
   <trkpt lat="50.626866" lon="3.779755"><ele>35.75</ele></trkpt>
   <trkpt lat="50.626926" lon="3.779269"><ele>36</ele></trkpt>
   <trkpt lat="50.626966" lon="3.778754"><ele>35.75</ele></trkpt>
   <trkpt lat="50.627038" lon="3.777261"><ele>36</ele></trkpt>
   <trkpt lat="50.627207" lon="3.773531"><ele>36</ele></trkpt>
   <trkpt lat="50.627224" lon="3.773159"><ele>35.75</ele></trkpt>
   <trkpt lat="50.627262" lon="3.772183"><ele>34.75</ele></trkpt>
   <trkpt lat="50.627263" lon="3.771864"><ele>34</ele></trkpt>
   <trkpt lat="50.627257" lon="3.771321"><ele>36</ele></trkpt>
   <trkpt lat="50.627239" lon="3.770924"><ele>36</ele></trkpt>
   <trkpt lat="50.627178" lon="3.770133"><ele>35.5</ele></trkpt>
   <trkpt lat="50.627126" lon="3.769743"><ele>34</ele></trkpt>
   <trkpt lat="50.627064" lon="3.76937"><ele>33.75</ele></trkpt>
   <trkpt lat="50.626972" lon="3.768921"><ele>35.75</ele></trkpt>
   <trkpt lat="50.62691" lon="3.768687"><ele>35.25</ele></trkpt>
   <trkpt lat="50.626851" lon="3.768464"><ele>34.25</ele></trkpt>
   <trkpt lat="50.626712" lon="3.768013"><ele>35</ele></trkpt>
   <trkpt lat="50.626619" lon="3.767762"><ele>35.25</ele></trkpt>
   <trkpt lat="50.626515" lon="3.767504"><ele>33</ele></trkpt>
   <trkpt lat="50.626261" lon="3.766947"><ele>34</ele></trkpt>
   <trkpt lat="50.625712" lon="3.765859"><ele>34.25</ele></trkpt>
   <trkpt lat="50.623495" lon="3.761536"><ele>35</ele></trkpt>
   <trkpt lat="50.623223" lon="3.760985"><ele>33.5</ele></trkpt>
   <trkpt lat="50.622975" lon="3.760441"><ele>34</ele></trkpt>
   <trkpt lat="50.622787" lon="3.759988"><ele>35.75</ele></trkpt>
   <trkpt lat="50.622543" lon="3.759335"><ele>34.5</ele></trkpt>
   <trkpt lat="50.622342" lon="3.758725"><ele>35</ele></trkpt>
   <trkpt lat="50.62216" lon="3.758095"><ele>35.5</ele></trkpt>
   <trkpt lat="50.622052" lon="3.757665"><ele>35.75</ele></trkpt>
   <trkpt lat="50.621956" lon="3.757255"><ele>36.75</ele></trkpt>
   <trkpt lat="50.621857" lon="3.756788"><ele>36</ele></trkpt>
   <trkpt lat="50.621735" lon="3.756117"><ele>34.75</ele></trkpt>
   <trkpt lat="50.621627" lon="3.755457"><ele>36.5</ele></trkpt>
   <trkpt lat="50.620835" lon="3.750421"><ele>39</ele></trkpt>
   <trkpt lat="50.620324" lon="3.747182"><ele>39.25</ele></trkpt>
   <trkpt lat="50.620206" lon="3.746404"><ele>38.5</ele></trkpt>
   <trkpt lat="50.620099" lon="3.745614"><ele>37.5</ele></trkpt>
   <trkpt lat="50.620012" lon="3.744879"><ele>38.25</ele></trkpt>
   <trkpt lat="50.619931" lon="3.744088"><ele>38.25</ele></trkpt>
   <trkpt lat="50.619857" lon="3.743216"><ele>37.25</ele></trkpt>
   <trkpt lat="50.61923" lon="3.734852"><ele>39.25</ele></trkpt>
   <trkpt lat="50.618597" lon="3.726406"><ele>39.5</ele></trkpt>
   <trkpt lat="50.618539" lon="3.725526"><ele>37.75</ele></trkpt>
   <trkpt lat="50.618496" lon="3.724639"><ele>37</ele></trkpt>
   <trkpt lat="50.618474" lon="3.723744"><ele>38</ele></trkpt>
   <trkpt lat="50.618467" lon="3.722851"><ele>38.75</ele></trkpt>
   <trkpt lat="50.618482" lon="3.721958"><ele>39.5</ele></trkpt>
   <trkpt lat="50.61851" lon="3.721036"><ele>40.5</ele></trkpt>
   <trkpt lat="50.618552" lon="3.72028"><ele>39.75</ele></trkpt>
   <trkpt lat="50.618616" lon="3.719391"><ele>40</ele></trkpt>
   <trkpt lat="50.618698" lon="3.718512"><ele>37.75</ele></trkpt>
   <trkpt lat="50.618899" lon="3.716762"><ele>39.25</ele></trkpt>
   <trkpt lat="50.619597" lon="3.710994"><ele>40.25</ele></trkpt>
   <trkpt lat="50.619833" lon="3.708995"><ele>40</ele></trkpt>
   <trkpt lat="50.619912" lon="3.708214"><ele>40.25</ele></trkpt>
   <trkpt lat="50.619973" lon="3.707428"><ele>41</ele></trkpt>
   <trkpt lat="50.620013" lon="3.706637"><ele>40.75</ele></trkpt>
   <trkpt lat="50.620038" lon="3.705683"><ele>40.75</ele></trkpt>
   <trkpt lat="50.620041" lon="3.705057"><ele>40.75</ele></trkpt>
   <trkpt lat="50.620021" lon="3.704269"><ele>40</ele></trkpt>
   <trkpt lat="50.619983" lon="3.703476"><ele>40.25</ele></trkpt>
   <trkpt lat="50.619926" lon="3.702688"><ele>39</ele></trkpt>
   <trkpt lat="50.619848" lon="3.701903"><ele>38.25</ele></trkpt>
   <trkpt lat="50.619752" lon="3.70113"><ele>39.75</ele></trkpt>
   <trkpt lat="50.619638" lon="3.700361"><ele>39.5</ele></trkpt>
   <trkpt lat="50.619503" lon="3.6996"><ele>39.75</ele></trkpt>
   <trkpt lat="50.619353" lon="3.698868"><ele>39</ele></trkpt>
   <trkpt lat="50.619182" lon="3.698119"><ele>40.5</ele></trkpt>
   <trkpt lat="50.619057" lon="3.697611"><ele>40</ele></trkpt>
   <trkpt lat="50.615485" lon="3.683393"><ele>39.5</ele></trkpt>
   <trkpt lat="50.61301" lon="3.673548"><ele>40.5</ele></trkpt>
   <trkpt lat="50.612027" lon="3.669664"><ele>42.5</ele></trkpt>
   <trkpt lat="50.610363" lon="3.663028"><ele>43.5</ele></trkpt>
   <trkpt lat="50.608143" lon="3.654199"><ele>45</ele></trkpt>
   <trkpt lat="50.605851" lon="3.645086"><ele>45.75</ele></trkpt>
   <trkpt lat="50.605588" lon="3.644024"><ele>45.75</ele></trkpt>
   <trkpt lat="50.605442" lon="3.643368"><ele>46</ele></trkpt>
   <trkpt lat="50.605301" lon="3.642632"><ele>46</ele></trkpt>
   <trkpt lat="50.605203" lon="3.642004"><ele>46</ele></trkpt>
   <trkpt lat="50.605122" lon="3.641355"><ele>46.25</ele></trkpt>
   <trkpt lat="50.605056" lon="3.640658"><ele>45.25</ele></trkpt>
   <trkpt lat="50.605013" lon="3.639973"><ele>45.75</ele></trkpt>
   <trkpt lat="50.604993" lon="3.639396"><ele>45.75</ele></trkpt>
   <trkpt lat="50.604989" lon="3.63859"><ele>45.75</ele></trkpt>
   <trkpt lat="50.605011" lon="3.637925"><ele>45.25</ele></trkpt>
   <trkpt lat="50.605057" lon="3.637137"><ele>45</ele></trkpt>
   <trkpt lat="50.605369" lon="3.632909"><ele>45.5</ele></trkpt>
   <trkpt lat="50.605411" lon="3.632223"><ele>45.5</ele></trkpt>
   <trkpt lat="50.605429" lon="3.631635"><ele>46</ele></trkpt>
   <trkpt lat="50.605421" lon="3.631042"><ele>46.25</ele></trkpt>
   <trkpt lat="50.605385" lon="3.630456"><ele>47</ele></trkpt>
   <trkpt lat="50.605358" lon="3.630163"><ele>46.25</ele></trkpt>
   <trkpt lat="50.605323" lon="3.629864"><ele>45.75</ele></trkpt>
   <trkpt lat="50.605236" lon="3.629298"><ele>46</ele></trkpt>
   <trkpt lat="50.605125" lon="3.628738"><ele>46</ele></trkpt>
   <trkpt lat="50.604986" lon="3.628192"><ele>46</ele></trkpt>
   <trkpt lat="50.604826" lon="3.627658"><ele>45</ele></trkpt>
   <trkpt lat="50.60464" lon="3.627143"><ele>45.75</ele></trkpt>
   <trkpt lat="50.604436" lon="3.626655"><ele>45.75</ele></trkpt>
   <trkpt lat="50.604209" lon="3.626185"><ele>44.75</ele></trkpt>
   <trkpt lat="50.603976" lon="3.625738"><ele>44.5</ele></trkpt>
   <trkpt lat="50.603117" lon="3.624149"><ele>44</ele></trkpt>
   <trkpt lat="50.602553" lon="3.623077"><ele>44.75</ele></trkpt>
   <trkpt lat="50.602332" lon="3.622618"><ele>44</ele></trkpt>
   <trkpt lat="50.602124" lon="3.622115"><ele>44.5</ele></trkpt>
   <trkpt lat="50.601938" lon="3.621593"><ele>45</ele></trkpt>
   <trkpt lat="50.601775" lon="3.62107"><ele>45.75</ele></trkpt>
   <trkpt lat="50.601655" lon="3.620656"><ele>45.75</ele></trkpt>
   <trkpt lat="50.601597" lon="3.620452"><ele>46.5</ele></trkpt>
   <trkpt lat="50.600681" lon="3.61724"><ele>45.5</ele></trkpt>
   <trkpt lat="50.600519" lon="3.616674"><ele>46</ele></trkpt>
   <trkpt lat="50.597983" lon="3.607787"><ele>47</ele></trkpt>
   <trkpt lat="50.596196" lon="3.601521"><ele>48.5</ele></trkpt>
   <trkpt lat="50.596171" lon="3.601435"><ele>48.75</ele></trkpt>
   <trkpt lat="50.593894" lon="3.593476"><ele>48.25</ele></trkpt>
   <trkpt lat="50.593672" lon="3.592652"><ele>47.5</ele></trkpt>
   <trkpt lat="50.593457" lon="3.591825"><ele>48</ele></trkpt>
   <trkpt lat="50.593249" lon="3.590989"><ele>48.25</ele></trkpt>
   <trkpt lat="50.593053" lon="3.590157"><ele>49</ele></trkpt>
   <trkpt lat="50.592866" lon="3.58932"><ele>48.75</ele></trkpt>
   <trkpt lat="50.592521" lon="3.587674"><ele>49.25</ele></trkpt>
   <trkpt lat="50.592356" lon="3.586814"><ele>47.75</ele></trkpt>
   <trkpt lat="50.592202" lon="3.585961"><ele>48.75</ele></trkpt>
   <trkpt lat="50.592054" lon="3.585091"><ele>47.5</ele></trkpt>
   <trkpt lat="50.591916" lon="3.584233"><ele>49.75</ele></trkpt>
   <trkpt lat="50.591794" lon="3.583417"><ele>47.75</ele></trkpt>
   <trkpt lat="50.59157" lon="3.58176"><ele>48</ele></trkpt>
   <trkpt lat="50.591397" lon="3.580236"><ele>49.75</ele></trkpt>
   <trkpt lat="50.591308" lon="3.579354"><ele>49.5</ele></trkpt>
   <trkpt lat="50.591231" lon="3.578474"><ele>48.5</ele></trkpt>
   <trkpt lat="50.591135" lon="3.577243"><ele>50.75</ele></trkpt>
   <trkpt lat="50.591042" lon="3.575806"><ele>49.75</ele></trkpt>
   <trkpt lat="50.590995" lon="3.57493"><ele>49.5</ele></trkpt>
   <trkpt lat="50.590954" lon="3.57403"><ele>49.5</ele></trkpt>
   <trkpt lat="50.590925" lon="3.573141"><ele>48.75</ele></trkpt>
   <trkpt lat="50.590905" lon="3.572254"><ele>48.75</ele></trkpt>
   <trkpt lat="50.590897" lon="3.571458"><ele>49.5</ele></trkpt>
   <trkpt lat="50.590906" lon="3.56966"><ele>49.75</ele></trkpt>
   <trkpt lat="50.590923" lon="3.568882"><ele>50.25</ele></trkpt>
   <trkpt lat="50.590969" lon="3.567449"><ele>51.5</ele></trkpt>
   <trkpt lat="50.591149" lon="3.563201"><ele>53.5</ele></trkpt>
   <trkpt lat="50.591188" lon="3.562482"><ele>52.5</ele></trkpt>
   <trkpt lat="50.591227" lon="3.561884"><ele>52.75</ele></trkpt>
   <trkpt lat="50.591301" lon="3.561111"><ele>52.5</ele></trkpt>
   <trkpt lat="50.591447" lon="3.559854"><ele>52.5</ele></trkpt>
   <trkpt lat="50.592589" lon="3.550832"><ele>54.75</ele></trkpt>
   <trkpt lat="50.593687" lon="3.54211"><ele>57.25</ele></trkpt>
   <trkpt lat="50.59388" lon="3.540594"><ele>57.75</ele></trkpt>
   <trkpt lat="50.593982" lon="3.53982"><ele>57.75</ele></trkpt>
   <trkpt lat="50.594083" lon="3.539145"><ele>57.5</ele></trkpt>
   <trkpt lat="50.594203" lon="3.538483"><ele>58.25</ele></trkpt>
   <trkpt lat="50.59434" lon="3.537818"><ele>58</ele></trkpt>
   <trkpt lat="50.594498" lon="3.537177"><ele>58.75</ele></trkpt>
   <trkpt lat="50.594676" lon="3.536544"><ele>58.75</ele></trkpt>
   <trkpt lat="50.594877" lon="3.535922"><ele>59</ele></trkpt>
   <trkpt lat="50.595098" lon="3.535317"><ele>59</ele></trkpt>
   <trkpt lat="50.595336" lon="3.534731"><ele>59.75</ele></trkpt>
   <trkpt lat="50.595589" lon="3.534169"><ele>59.75</ele></trkpt>
   <trkpt lat="50.595863" lon="3.533629"><ele>59.75</ele></trkpt>
   <trkpt lat="50.596153" lon="3.5331"><ele>59.75</ele></trkpt>
   <trkpt lat="50.596457" lon="3.532594"><ele>59.75</ele></trkpt>
   <trkpt lat="50.596652" lon="3.532302"><ele>60.5</ele></trkpt>
   <trkpt lat="50.596781" lon="3.532117"><ele>60.5</ele></trkpt>
   <trkpt lat="50.597116" lon="3.531671"><ele>60.5</ele></trkpt>
   <trkpt lat="50.597467" lon="3.531242"><ele>60.75</ele></trkpt>
   <trkpt lat="50.597822" lon="3.530858"><ele>61</ele></trkpt>
   <trkpt lat="50.598198" lon="3.530484"><ele>61.25</ele></trkpt>
   <trkpt lat="50.598583" lon="3.530147"><ele>61.75</ele></trkpt>
   <trkpt lat="50.598984" lon="3.529835"><ele>62.5</ele></trkpt>
   <trkpt lat="50.599387" lon="3.529563"><ele>62.25</ele></trkpt>
   <trkpt lat="50.599799" lon="3.52932"><ele>62.75</ele></trkpt>
   <trkpt lat="50.600222" lon="3.529102"><ele>63</ele></trkpt>
   <trkpt lat="50.600649" lon="3.528922"><ele>62.75</ele></trkpt>
   <trkpt lat="50.601079" lon="3.528771"><ele>63.25</ele></trkpt>
   <trkpt lat="50.601516" lon="3.528654"><ele>62.25</ele></trkpt>
   <trkpt lat="50.601956" lon="3.528569"><ele>62.25</ele></trkpt>
   <trkpt lat="50.602406" lon="3.52852"><ele>62.25</ele></trkpt>
   <trkpt lat="50.602843" lon="3.528506"><ele>61.25</ele></trkpt>
   <trkpt lat="50.603285" lon="3.528526"><ele>61.25</ele></trkpt>
   <trkpt lat="50.603729" lon="3.528577"><ele>61</ele></trkpt>
   <trkpt lat="50.604167" lon="3.528665"><ele>61</ele></trkpt>
   <trkpt lat="50.6046" lon="3.528783"><ele>61.5</ele></trkpt>
   <trkpt lat="50.605033" lon="3.528935"><ele>60.5</ele></trkpt>
   <trkpt lat="50.605455" lon="3.529121"><ele>60.5</ele></trkpt>
   <trkpt lat="50.6063" lon="3.529542"><ele>61</ele></trkpt>
   <trkpt lat="50.606722" lon="3.529728"><ele>59</ele></trkpt>
   <trkpt lat="50.607151" lon="3.529883"><ele>60</ele></trkpt>
   <trkpt lat="50.607582" lon="3.529999"><ele>59.25</ele></trkpt>
   <trkpt lat="50.608023" lon="3.53008"><ele>58</ele></trkpt>
   <trkpt lat="50.608456" lon="3.530127"><ele>58</ele></trkpt>
   <trkpt lat="50.608901" lon="3.530138"><ele>57.75</ele></trkpt>
   <trkpt lat="50.609334" lon="3.530118"><ele>56.75</ele></trkpt>
   <trkpt lat="50.609778" lon="3.530058"><ele>56.25</ele></trkpt>
   <trkpt lat="50.610212" lon="3.529969"><ele>57</ele></trkpt>
   <trkpt lat="50.610639" lon="3.529847"><ele>55</ele></trkpt>
   <trkpt lat="50.611071" lon="3.529686"><ele>57.25</ele></trkpt>
   <trkpt lat="50.611493" lon="3.529499"><ele>56.25</ele></trkpt>
   <trkpt lat="50.611906" lon="3.529278"><ele>56.25</ele></trkpt>
   <trkpt lat="50.612316" lon="3.529026"><ele>55.75</ele></trkpt>
   <trkpt lat="50.61272" lon="3.528749"><ele>55.75</ele></trkpt>
   <trkpt lat="50.612902" lon="3.528611"><ele>55.75</ele></trkpt>
   <trkpt lat="50.613113" lon="3.528444"><ele>54.75</ele></trkpt>
   <trkpt lat="50.613498" lon="3.528113"><ele>54</ele></trkpt>
   <trkpt lat="50.613841" lon="3.527786"><ele>54.5</ele></trkpt>
   <trkpt lat="50.614205" lon="3.527396"><ele>53.25</ele></trkpt>
   <trkpt lat="50.614559" lon="3.526974"><ele>52.75</ele></trkpt>
   <trkpt lat="50.614897" lon="3.526532"><ele>52.5</ele></trkpt>
   <trkpt lat="50.615218" lon="3.526061"><ele>52.25</ele></trkpt>
   <trkpt lat="50.615525" lon="3.525564"><ele>52.75</ele></trkpt>
   <trkpt lat="50.615667" lon="3.525311"><ele>49.75</ele></trkpt>
   <trkpt lat="50.615858" lon="3.524972"><ele>51.75</ele></trkpt>
   <trkpt lat="50.616179" lon="3.524369"><ele>49.75</ele></trkpt>
   <trkpt lat="50.616486" lon="3.523736"><ele>48.5</ele></trkpt>
   <trkpt lat="50.616778" lon="3.523092"><ele>48.5</ele></trkpt>
   <trkpt lat="50.617054" lon="3.522431"><ele>49.5</ele></trkpt>
   <trkpt lat="50.617316" lon="3.52175"><ele>50</ele></trkpt>
   <trkpt lat="50.617559" lon="3.521063"><ele>51.25</ele></trkpt>
   <trkpt lat="50.617838" lon="3.520196"><ele>51.5</ele></trkpt>
   <trkpt lat="50.618" lon="3.519634"><ele>51.5</ele></trkpt>
   <trkpt lat="50.618195" lon="3.518907"><ele>51.75</ele></trkpt>
   <trkpt lat="50.618372" lon="3.518166"><ele>51.75</ele></trkpt>
   <trkpt lat="50.618533" lon="3.517415"><ele>52.25</ele></trkpt>
   <trkpt lat="50.618674" lon="3.516656"><ele>52.25</ele></trkpt>
   <trkpt lat="50.618799" lon="3.515888"><ele>51.75</ele></trkpt>
   <trkpt lat="50.618904" lon="3.515118"><ele>51</ele></trkpt>
   <trkpt lat="50.61899" lon="3.514357"><ele>52.75</ele></trkpt>
   <trkpt lat="50.61906" lon="3.513575"><ele>51.75</ele></trkpt>
   <trkpt lat="50.619113" lon="3.512788"><ele>50</ele></trkpt>
   <trkpt lat="50.619171" lon="3.51176"><ele>49.25</ele></trkpt>
   <trkpt lat="50.619617" lon="3.503615"><ele>44.75</ele></trkpt>
   <trkpt lat="50.619652" lon="3.502921"><ele>45.5</ele></trkpt>
   <trkpt lat="50.619678" lon="3.502236"><ele>45.5</ele></trkpt>
   <trkpt lat="50.619686" lon="3.501537"><ele>45.25</ele></trkpt>
   <trkpt lat="50.619671" lon="3.500838"><ele>44.75</ele></trkpt>
   <trkpt lat="50.619636" lon="3.50015"><ele>44.25</ele></trkpt>
   <trkpt lat="50.619581" lon="3.499486"><ele>44</ele></trkpt>
   <trkpt lat="50.619501" lon="3.498801"><ele>44.5</ele></trkpt>
   <trkpt lat="50.619403" lon="3.49813"><ele>44.75</ele></trkpt>
   <trkpt lat="50.619279" lon="3.497454"><ele>44</ele></trkpt>
   <trkpt lat="50.619137" lon="3.496804"><ele>44.75</ele></trkpt>
   <trkpt lat="50.618974" lon="3.496164"><ele>43.25</ele></trkpt>
   <trkpt lat="50.618791" lon="3.495533"><ele>43.75</ele></trkpt>
   <trkpt lat="50.61859" lon="3.494918"><ele>44</ele></trkpt>
   <trkpt lat="50.618378" lon="3.494313"><ele>43.75</ele></trkpt>
   <trkpt lat="50.617678" lon="3.492372"><ele>43.5</ele></trkpt>
   <trkpt lat="50.617379" lon="3.491553"><ele>42.75</ele></trkpt>
   <trkpt lat="50.614868" lon="3.484609"><ele>37</ele></trkpt>
   <trkpt lat="50.614622" lon="3.483907"><ele>36.25</ele></trkpt>
   <trkpt lat="50.614408" lon="3.483248"><ele>37.5</ele></trkpt>
   <trkpt lat="50.614179" lon="3.482484"><ele>38.5</ele></trkpt>
   <trkpt lat="50.613994" lon="3.48178"><ele>33.75</ele></trkpt>
   <trkpt lat="50.613814" lon="3.481037"><ele>35.5</ele></trkpt>
   <trkpt lat="50.613652" lon="3.480278"><ele>36</ele></trkpt>
   <trkpt lat="50.613509" lon="3.479511"><ele>34</ele></trkpt>
   <trkpt lat="50.613385" lon="3.478748"><ele>35.25</ele></trkpt>
   <trkpt lat="50.613281" lon="3.477967"><ele>36.25</ele></trkpt>
   <trkpt lat="50.613195" lon="3.477197"><ele>35</ele></trkpt>
   <trkpt lat="50.613127" lon="3.476421"><ele>35.5</ele></trkpt>
   <trkpt lat="50.613102" lon="3.476048"><ele>36.75</ele></trkpt>
   <trkpt lat="50.613078" lon="3.475605"><ele>36</ele></trkpt>
   <trkpt lat="50.613048" lon="3.474804"><ele>36.75</ele></trkpt>
   <trkpt lat="50.613037" lon="3.474018"><ele>36</ele></trkpt>
   <trkpt lat="50.613042" lon="3.473225"><ele>36</ele></trkpt>
   <trkpt lat="50.61307" lon="3.472434"><ele>35.75</ele></trkpt>
   <trkpt lat="50.613115" lon="3.471644"><ele>35</ele></trkpt>
   <trkpt lat="50.613181" lon="3.470859"><ele>34.75</ele></trkpt>
   <trkpt lat="50.61326" lon="3.470093"><ele>34.75</ele></trkpt>
   <trkpt lat="50.613371" lon="3.46923"><ele>34</ele></trkpt>
   <trkpt lat="50.614237" lon="3.462797"><ele>31.75</ele></trkpt>
   <trkpt lat="50.614588" lon="3.460206"><ele>32</ele></trkpt>
   <trkpt lat="50.615392" lon="3.454235"><ele>28.5</ele></trkpt>
   <trkpt lat="50.616318" lon="3.447361"><ele>27.5</ele></trkpt>
   <trkpt lat="50.61636" lon="3.447048"><ele>28</ele></trkpt>
   <trkpt lat="50.616511" lon="3.445821"><ele>26.5</ele></trkpt>
   <trkpt lat="50.616571" lon="3.445132"><ele>27</ele></trkpt>
   <trkpt lat="50.616606" lon="3.444438"><ele>27</ele></trkpt>
   <trkpt lat="50.616616" lon="3.443742"><ele>26.75</ele></trkpt>
   <trkpt lat="50.616604" lon="3.443074"><ele>26</ele></trkpt>
   <trkpt lat="50.616568" lon="3.44238"><ele>26</ele></trkpt>
   <trkpt lat="50.616506" lon="3.441695"><ele>26</ele></trkpt>
   <trkpt lat="50.616421" lon="3.441012"><ele>25.75</ele></trkpt>
   <trkpt lat="50.616316" lon="3.440348"><ele>25.25</ele></trkpt>
   <trkpt lat="50.616164" lon="3.439575"><ele>25.25</ele></trkpt>
   <trkpt lat="50.615822" lon="3.437924"><ele>25</ele></trkpt>
   <trkpt lat="50.615207" lon="3.434956"><ele>24.25</ele></trkpt>
   <trkpt lat="50.612057" lon="3.419769"><ele>20</ele></trkpt>
   <trkpt lat="50.610691" lon="3.413201"><ele>18.25</ele></trkpt>
   <trkpt lat="50.610614" lon="3.412832"><ele>17.75</ele></trkpt>
   <trkpt lat="50.610589" lon="3.41271"><ele>18</ele></trkpt>
   <trkpt lat="50.610327" lon="3.411416"><ele>19</ele></trkpt>
   <trkpt lat="50.610246" lon="3.410933"><ele>18.75</ele></trkpt>
   <trkpt lat="50.610185" lon="3.410459"><ele>19</ele></trkpt>
   <trkpt lat="50.610143" lon="3.409958"><ele>18.5</ele></trkpt>
   <trkpt lat="50.610122" lon="3.40946"><ele>18.75</ele></trkpt>
   <trkpt lat="50.61012" lon="3.408967"><ele>18.5</ele></trkpt>
   <trkpt lat="50.61014" lon="3.408468"><ele>18.5</ele></trkpt>
   <trkpt lat="50.610181" lon="3.407974"><ele>19.75</ele></trkpt>
   <trkpt lat="50.610239" lon="3.40749"><ele>20</ele></trkpt>
   <trkpt lat="50.610319" lon="3.407015"><ele>20</ele></trkpt>
   <trkpt lat="50.610419" lon="3.40654"><ele>20</ele></trkpt>
   <trkpt lat="50.610482" lon="3.406288"><ele>20</ele></trkpt>
   <trkpt lat="50.610545" lon="3.406036"><ele>20</ele></trkpt>
   <trkpt lat="50.610741" lon="3.405314"><ele>20</ele></trkpt>
   <trkpt lat="50.611364" lon="3.40302"><ele>20</ele></trkpt>
   <trkpt lat="50.611483" lon="3.402386"><ele>20.75</ele></trkpt>
   <trkpt lat="50.611577" lon="3.401891"><ele>21.5</ele></trkpt>
   <trkpt lat="50.611778" lon="3.401138"><ele>21</ele></trkpt>
   <trkpt lat="50.612107" lon="3.399905"><ele>21</ele></trkpt>
   <trkpt lat="50.612318" lon="3.399108"><ele>21</ele></trkpt>
   <trkpt lat="50.612518" lon="3.398352"><ele>21</ele></trkpt>
   <trkpt lat="50.612696" lon="3.397682"><ele>21.25</ele></trkpt>
   <trkpt lat="50.612829" lon="3.397181"><ele>21.75</ele></trkpt>
   <trkpt lat="50.612919" lon="3.396842"><ele>21.25</ele></trkpt>
   <trkpt lat="50.612926" lon="3.396816"><ele>21.25</ele></trkpt>
   <trkpt lat="50.61323" lon="3.395673"><ele>22</ele></trkpt>
   <trkpt lat="50.613321" lon="3.395329"><ele>22</ele></trkpt>
   <trkpt lat="50.613545" lon="3.394488"><ele>21</ele></trkpt>
   <trkpt lat="50.614908" lon="3.389382"><ele>21.5</ele></trkpt>
   <trkpt lat="50.614968" lon="3.389157"><ele>21.5</ele></trkpt>
   <trkpt lat="50.615144" lon="3.388483"><ele>21.25</ele></trkpt>
   <trkpt lat="50.615189" lon="3.388313"><ele>22.25</ele></trkpt>
   <trkpt lat="50.615641" lon="3.386621"><ele>21.5</ele></trkpt>
   <trkpt lat="50.615968" lon="3.385376"><ele>20.25</ele></trkpt>
   <trkpt lat="50.617114" lon="3.381085"><ele>20.5</ele></trkpt>
   <trkpt lat="50.617262" lon="3.38054"><ele>21.25</ele></trkpt>
   <trkpt lat="50.617461" lon="3.37986"><ele>20.75</ele></trkpt>
   <trkpt lat="50.617569" lon="3.379527"><ele>20.5</ele></trkpt>
   <trkpt lat="50.617718" lon="3.379107"><ele>20</ele></trkpt>
   <trkpt lat="50.617843" lon="3.378786"><ele>20</ele></trkpt>
   <trkpt lat="50.617916" lon="3.378607"><ele>20</ele></trkpt>
   <trkpt lat="50.618133" lon="3.378119"><ele>20.5</ele></trkpt>
   <trkpt lat="50.618356" lon="3.377672"><ele>21.5</ele></trkpt>
   <trkpt lat="50.618602" lon="3.377219"><ele>21.75</ele></trkpt>
   <trkpt lat="50.619488" lon="3.375671"><ele>19.75</ele></trkpt>
   <trkpt lat="50.619856" lon="3.374989"><ele>18.5</ele></trkpt>
   <trkpt lat="50.620565" lon="3.373593"><ele>20.5</ele></trkpt>
   <trkpt lat="50.621788" lon="3.371122"><ele>17</ele></trkpt>
   <trkpt lat="50.621847" lon="3.371003"><ele>17.5</ele></trkpt>
   <trkpt lat="50.622637" lon="3.369404"><ele>17.75</ele></trkpt>
   <trkpt lat="50.623104" lon="3.368455"><ele>17.75</ele></trkpt>
   <trkpt lat="50.625816" lon="3.362965"><ele>20.5</ele></trkpt>
   <trkpt lat="50.626199" lon="3.362191"><ele>20</ele></trkpt>
   <trkpt lat="50.627307" lon="3.35995"><ele>21.5</ele></trkpt>
   <trkpt lat="50.62739" lon="3.359786"><ele>23.5</ele></trkpt>
   <trkpt lat="50.627422" lon="3.359721"><ele>23.5</ele></trkpt>
   <trkpt lat="50.627705" lon="3.359143"><ele>21.5</ele></trkpt>
   <trkpt lat="50.628716" lon="3.3571"><ele>19.5</ele></trkpt>
   <trkpt lat="50.629104" lon="3.356301"><ele>19</ele></trkpt>
   <trkpt lat="50.629294" lon="3.3559"><ele>19</ele></trkpt>
   <trkpt lat="50.629663" lon="3.355072"><ele>19</ele></trkpt>
   <trkpt lat="50.630047" lon="3.354286"><ele>19</ele></trkpt>
   <trkpt lat="50.6303" lon="3.353744"><ele>19</ele></trkpt>
   <trkpt lat="50.630504" lon="3.353265"><ele>18.75</ele></trkpt>
   <trkpt lat="50.630677" lon="3.352824"><ele>18.5</ele></trkpt>
   <trkpt lat="50.630768" lon="3.352564"><ele>18.75</ele></trkpt>
   <trkpt lat="50.630937" lon="3.352025"><ele>18.25</ele></trkpt>
   <trkpt lat="50.631082" lon="3.35148"><ele>18.75</ele></trkpt>
   <trkpt lat="50.631208" lon="3.350925"><ele>18</ele></trkpt>
   <trkpt lat="50.631312" lon="3.350352"><ele>18.5</ele></trkpt>
   <trkpt lat="50.631393" lon="3.349771"><ele>18.75</ele></trkpt>
   <trkpt lat="50.631453" lon="3.349192"><ele>18.75</ele></trkpt>
   <trkpt lat="50.631489" lon="3.348595"><ele>18</ele></trkpt>
   <trkpt lat="50.631503" lon="3.347998"><ele>17.75</ele></trkpt>
   <trkpt lat="50.631495" lon="3.34741"><ele>16.75</ele></trkpt>
   <trkpt lat="50.631464" lon="3.346823"><ele>16.5</ele></trkpt>
   <trkpt lat="50.631409" lon="3.346229"><ele>19.25</ele></trkpt>
   <trkpt lat="50.631338" lon="3.345675"><ele>19</ele></trkpt>
   <trkpt lat="50.63124" lon="3.345082"><ele>15.75</ele></trkpt>
   <trkpt lat="50.631041" lon="3.344118"><ele>18.75</ele></trkpt>
   <trkpt lat="50.630705" lon="3.342587"><ele>18</ele></trkpt>
   <trkpt lat="50.630149" lon="3.340045"><ele>19</ele></trkpt>
   <trkpt lat="50.630126" lon="3.339938"><ele>19</ele></trkpt>
   <trkpt lat="50.629305" lon="3.336189"><ele>23.5</ele></trkpt>
   <trkpt lat="50.627895" lon="3.329749"><ele>31.5</ele></trkpt>
   <trkpt lat="50.627765" lon="3.329157"><ele>30</ele></trkpt>
   <trkpt lat="50.624473" lon="3.314136"><ele>34</ele></trkpt>
   <trkpt lat="50.623874" lon="3.311434"><ele>34.25</ele></trkpt>
   <trkpt lat="50.621384" lon="3.300053"><ele>32.75</ele></trkpt>
   <trkpt lat="50.618123" lon="3.285241"><ele>31</ele></trkpt>
   <trkpt lat="50.61781" lon="3.283753"><ele>31.25</ele></trkpt>
   <trkpt lat="50.617696" lon="3.283144"><ele>31.5</ele></trkpt>
   <trkpt lat="50.617569" lon="3.282412"><ele>32</ele></trkpt>
   <trkpt lat="50.617458" lon="3.281662"><ele>32</ele></trkpt>
   <trkpt lat="50.61736" lon="3.280921"><ele>32</ele></trkpt>
   <trkpt lat="50.617275" lon="3.280163"><ele>32</ele></trkpt>
   <trkpt lat="50.6172" lon="3.279404"><ele>31.75</ele></trkpt>
   <trkpt lat="50.617135" lon="3.278648"><ele>31</ele></trkpt>
   <trkpt lat="50.617086" lon="3.27789"><ele>31</ele></trkpt>
   <trkpt lat="50.617052" lon="3.27719"><ele>30.75</ele></trkpt>
   <trkpt lat="50.617027" lon="3.276487"><ele>30.5</ele></trkpt>
   <trkpt lat="50.617016" lon="3.275751"><ele>30.75</ele></trkpt>
   <trkpt lat="50.617015" lon="3.274986"><ele>30.75</ele></trkpt>
   <trkpt lat="50.617027" lon="3.274213"><ele>30.75</ele></trkpt>
   <trkpt lat="50.617049" lon="3.273451"><ele>30.5</ele></trkpt>
   <trkpt lat="50.617239" lon="3.268606"><ele>29.75</ele></trkpt>
   <trkpt lat="50.617278" lon="3.267646"><ele>29.25</ele></trkpt>
   <trkpt lat="50.617435" lon="3.263746"><ele>30</ele></trkpt>
   <trkpt lat="50.6179" lon="3.251933"><ele>34</ele></trkpt>
   <trkpt lat="50.617945" lon="3.250777"><ele>32.25</ele></trkpt>
   <trkpt lat="50.617956" lon="3.250509"><ele>32.25</ele></trkpt>
   <trkpt lat="50.618574" lon="3.234735"><ele>28</ele></trkpt>
   <trkpt lat="50.618621" lon="3.233565"><ele>27.75</ele></trkpt>
   <trkpt lat="50.618623" lon="3.233495"><ele>27.75</ele></trkpt>
   <trkpt lat="50.618747" lon="3.230644"><ele>26.5</ele></trkpt>
   <trkpt lat="50.619213" lon="3.219977"><ele>25.75</ele></trkpt>
   <trkpt lat="50.619472" lon="3.214021"><ele>24.75</ele></trkpt>
   <trkpt lat="50.620201" lon="3.197206"><ele>24.75</ele></trkpt>
   <trkpt lat="50.620206" lon="3.197108"><ele>24.5</ele></trkpt>
   <trkpt lat="50.62021" lon="3.197018"><ele>24.25</ele></trkpt>
   <trkpt lat="50.620223" lon="3.196727"><ele>24.75</ele></trkpt>
   <trkpt lat="50.620283" lon="3.195327"><ele>25</ele></trkpt>
   <trkpt lat="50.620609" lon="3.187809"><ele>25</ele></trkpt>
   <trkpt lat="50.620906" lon="3.180925"><ele>26</ele></trkpt>
   <trkpt lat="50.620911" lon="3.180805"><ele>25.75</ele></trkpt>
   <trkpt lat="50.621331" lon="3.171031"><ele>28</ele></trkpt>
   <trkpt lat="50.621373" lon="3.169931"><ele>28.75</ele></trkpt>
   <trkpt lat="50.621416" lon="3.16854"><ele>29</ele></trkpt>
   <trkpt lat="50.621433" lon="3.168047"><ele>30</ele></trkpt>
   <trkpt lat="50.621457" lon="3.167454"><ele>30</ele></trkpt>
   <trkpt lat="50.621509" lon="3.166454"><ele>30.25</ele></trkpt>
   <trkpt lat="50.621662" lon="3.163988"><ele>29.75</ele></trkpt>
   <trkpt lat="50.621721" lon="3.163087"><ele>30</ele></trkpt>
   <trkpt lat="50.621953" lon="3.159877"><ele>31</ele></trkpt>
   <trkpt lat="50.621955" lon="3.159852"><ele>31</ele></trkpt>
   <trkpt lat="50.62206" lon="3.158283"><ele>31</ele></trkpt>
   <trkpt lat="50.622164" lon="3.156763"><ele>31</ele></trkpt>
   <trkpt lat="50.622548" lon="3.151032"><ele>28.75</ele></trkpt>
   <trkpt lat="50.622561" lon="3.150835"><ele>27.25</ele></trkpt>
   <trkpt lat="50.622821" lon="3.146949"><ele>29.75</ele></trkpt>
   <trkpt lat="50.622868" lon="3.146275"><ele>29</ele></trkpt>
   <trkpt lat="50.62398" lon="3.129617"><ele>31</ele></trkpt>
   <trkpt lat="50.624018" lon="3.128955"><ele>30.25</ele></trkpt>
   <trkpt lat="50.624039" lon="3.128463"><ele>31</ele></trkpt>
   <trkpt lat="50.624056" lon="3.127793"><ele>31</ele></trkpt>
   <trkpt lat="50.62406" lon="3.127259"><ele>32.25</ele></trkpt>
   <trkpt lat="50.624044" lon="3.126303"><ele>32.25</ele></trkpt>
   <trkpt lat="50.624012" lon="3.125558"><ele>32.5</ele></trkpt>
   <trkpt lat="50.623981" lon="3.125061"><ele>34.75</ele></trkpt>
   <trkpt lat="50.623908" lon="3.12416"><ele>32.75</ele></trkpt>
   <trkpt lat="50.62384" lon="3.123523"><ele>33.25</ele></trkpt>
   <trkpt lat="50.623727" lon="3.122618"><ele>34.5</ele></trkpt>
   <trkpt lat="50.623405" lon="3.120277"><ele>29.5</ele></trkpt>
   <trkpt lat="50.623335" lon="3.119756"><ele>28.5</ele></trkpt>
   <trkpt lat="50.622745" lon="3.115447"><ele>32.75</ele></trkpt>
   <trkpt lat="50.622647" lon="3.114737"><ele>32.75</ele></trkpt>
   <trkpt lat="50.622497" lon="3.113703"><ele>32.75</ele></trkpt>
   <trkpt lat="50.622394" lon="3.113075"><ele>33</ele></trkpt>
   <trkpt lat="50.622276" lon="3.112418"><ele>32.75</ele></trkpt>
   <trkpt lat="50.622107" lon="3.111564"><ele>32.75</ele></trkpt>
   <trkpt lat="50.621914" lon="3.110605"><ele>33</ele></trkpt>
   <trkpt lat="50.621705" lon="3.109559"><ele>33.5</ele></trkpt>
   <trkpt lat="50.621578" lon="3.108832"><ele>32.75</ele></trkpt>
   <trkpt lat="50.621534" lon="3.108545"><ele>33.25</ele></trkpt>
   <trkpt lat="50.620972" lon="3.104451"><ele>32.5</ele></trkpt>
   <trkpt lat="50.620915" lon="3.103964"><ele>32</ele></trkpt>
   <trkpt lat="50.620868" lon="3.103441"><ele>32</ele></trkpt>
   <trkpt lat="50.620841" lon="3.103076"><ele>32</ele></trkpt>
   <trkpt lat="50.620725" lon="3.101125"><ele>31.5</ele></trkpt>
   <trkpt lat="50.620696" lon="3.10074"><ele>31.75</ele></trkpt>
   <trkpt lat="50.620615" lon="3.099937"><ele>31</ele></trkpt>
   <trkpt lat="50.620497" lon="3.099046"><ele>31</ele></trkpt>
   <trkpt lat="50.620426" lon="3.098544"><ele>30.75</ele></trkpt>
   <trkpt lat="50.62032" lon="3.09774"><ele>30.75</ele></trkpt>
   <trkpt lat="50.62027" lon="3.097214"><ele>31.75</ele></trkpt>
   <trkpt lat="50.620251" lon="3.096849"><ele>29.75</ele></trkpt>
   <trkpt lat="50.620245" lon="3.096621"><ele>29.75</ele></trkpt>
   <trkpt lat="50.620249" lon="3.096086"><ele>30</ele></trkpt>
   <trkpt lat="50.620274" lon="3.09564"><ele>30</ele></trkpt>
   <trkpt lat="50.620292" lon="3.09543"><ele>29.75</ele></trkpt>
   <trkpt lat="50.620349" lon="3.094927"><ele>30</ele></trkpt>
   <trkpt lat="50.620407" lon="3.094544"><ele>30.5</ele></trkpt>
   <trkpt lat="50.62047" lon="3.094204"><ele>30.25</ele></trkpt>
   <trkpt lat="50.620547" lon="3.093839"><ele>29.75</ele></trkpt>
   <trkpt lat="50.62069" lon="3.093278"><ele>27</ele></trkpt>
   <trkpt lat="50.620789" lon="3.092948"><ele>29.5</ele></trkpt>
   <trkpt lat="50.620921" lon="3.092564"><ele>27.25</ele></trkpt>
   <trkpt lat="50.621075" lon="3.092193"><ele>28.5</ele></trkpt>
   <trkpt lat="50.621235" lon="3.091867"><ele>26.75</ele></trkpt>
   <trkpt lat="50.621364" lon="3.091638"><ele>27.75</ele></trkpt>
   <trkpt lat="50.621472" lon="3.091464"><ele>27</ele></trkpt>
   <trkpt lat="50.621681" lon="3.091168"><ele>26.75</ele></trkpt>
   <trkpt lat="50.621872" lon="3.090916"><ele>26.5</ele></trkpt>
   <trkpt lat="50.622101" lon="3.090643"><ele>26.75</ele></trkpt>
   <trkpt lat="50.622118" lon="3.090624"><ele>26.75</ele></trkpt>
   <trkpt lat="50.622742" lon="3.089962"><ele>26</ele></trkpt>
   <trkpt lat="50.622871" lon="3.089848"><ele>26</ele></trkpt>
   <trkpt lat="50.623333" lon="3.089475"><ele>26</ele></trkpt>
   <trkpt lat="50.623604" lon="3.089271"><ele>26</ele></trkpt>
   <trkpt lat="50.623951" lon="3.088982"><ele>25.75</ele></trkpt>
   <trkpt lat="50.624225" lon="3.088729"><ele>25.25</ele></trkpt>
   <trkpt lat="50.624247" lon="3.088708"><ele>25.25</ele></trkpt>
   <trkpt lat="50.624515" lon="3.088437"><ele>25.25</ele></trkpt>
   <trkpt lat="50.624678" lon="3.088257"><ele>25</ele></trkpt>
   <trkpt lat="50.624926" lon="3.087962"><ele>25</ele></trkpt>
   <trkpt lat="50.625125" lon="3.087709"><ele>25</ele></trkpt>
   <trkpt lat="50.625422" lon="3.08735"><ele>25</ele></trkpt>
   <trkpt lat="50.625678" lon="3.087071"><ele>25</ele></trkpt>
   <trkpt lat="50.625921" lon="3.086838"><ele>25</ele></trkpt>
   <trkpt lat="50.626661" lon="3.08618"><ele>25</ele></trkpt>
   <trkpt lat="50.627663" lon="3.085295"><ele>25</ele></trkpt>
   <trkpt lat="50.62751" lon="3.085438"><ele>25</ele></trkpt>
   <trkpt lat="50.627293" lon="3.08566"><ele>25</ele></trkpt>
   <trkpt lat="50.627152" lon="3.085816"><ele>25</ele></trkpt>
   <trkpt lat="50.626898" lon="3.086063"><ele>25</ele></trkpt>
   <trkpt lat="50.628091" lon="3.085004"><ele>24</ele></trkpt>
   <trkpt lat="50.628263" lon="3.084856"><ele>24.25</ele></trkpt>
   <trkpt lat="50.6285" lon="3.084671"><ele>24.25</ele></trkpt>
   <trkpt lat="50.628916" lon="3.084394"><ele>24</ele></trkpt>
   <trkpt lat="50.629239" lon="3.084188"><ele>24</ele></trkpt>
   <trkpt lat="50.630019" lon="3.083716"><ele>23</ele></trkpt>
   <trkpt lat="50.630251" lon="3.08356"><ele>23</ele></trkpt>
   <trkpt lat="50.630423" lon="3.083445"><ele>24.5</ele></trkpt>
   <trkpt lat="50.630824" lon="3.08315"><ele>23.5</ele></trkpt>
   <trkpt lat="50.631347" lon="3.082773"><ele>20.25</ele></trkpt>
   <trkpt lat="50.632196" lon="3.082117"><ele>20.75</ele></trkpt>
   <trkpt lat="50.632559" lon="3.081808"><ele>20.5</ele></trkpt>
   <trkpt lat="50.632918" lon="3.081483"><ele>20</ele></trkpt>
   <trkpt lat="50.633167" lon="3.08126"><ele>19.25</ele></trkpt>
   <trkpt lat="50.633386" lon="3.081055"><ele>17.25</ele></trkpt>
   <trkpt lat="50.633489" lon="3.080963"><ele>20.25</ele></trkpt>
   <trkpt lat="50.633879" lon="3.080593"/>
   <trkpt lat="50.635094" lon="3.079518"/>
   <trkpt lat="50.635629" lon="3.079013"/>
   <trkpt lat="50.637183" lon="3.077535"/>
   <trkpt lat="50.637361" lon="3.077333"/>
   <trkpt lat="50.637168" lon="3.077483"/>
   <trkpt lat="50.637382" lon="3.077213"/>
   <trkpt lat="50.637745" lon="3.076677"/>
   <trkpt lat="50.638028" lon="3.076351"/>
   <trkpt lat="50.638447" lon="3.075919"/>
   <trkpt lat="50.638468" lon="3.075898"><ele>19.5</ele></trkpt>
   <trkpt lat="50.638447" lon="3.075919"><ele>19.5</ele></trkpt>
   <trkpt lat="50.638028" lon="3.076351"><ele>19.5</ele></trkpt>
   <trkpt lat="50.637745" lon="3.076677"><ele>19.5</ele></trkpt>
   <trkpt lat="50.637382" lon="3.077213"><ele>19.5</ele></trkpt>
   <trkpt lat="50.637168" lon="3.077483"><ele>19.5</ele></trkpt>
   <trkpt lat="50.637361" lon="3.077333"><ele>19.5</ele></trkpt>
   <trkpt lat="50.637183" lon="3.077535"><ele>19.5</ele></trkpt>
   <trkpt lat="50.635629" lon="3.079013"><ele>19.5</ele></trkpt>
   <trkpt lat="50.635094" lon="3.079518"><ele>19.5</ele></trkpt>
   <trkpt lat="50.634096" lon="3.08046"><ele>19.5</ele></trkpt>
   <trkpt lat="50.633932" lon="3.080615"><ele>19.5</ele></trkpt>
   <trkpt lat="50.633523" lon="3.081063"><ele>19.5</ele></trkpt>
   <trkpt lat="50.633429" lon="3.081157"><ele>18.25</ele></trkpt>
   <trkpt lat="50.633165" lon="3.081436"><ele>20.25</ele></trkpt>
   <trkpt lat="50.632697" lon="3.081986"><ele>20.75</ele></trkpt>
   <trkpt lat="50.632445" lon="3.082261"><ele>20.25</ele></trkpt>
   <trkpt lat="50.632272" lon="3.082417"><ele>21.5</ele></trkpt>
   <trkpt lat="50.632104" lon="3.082552"><ele>22</ele></trkpt>
   <trkpt lat="50.631903" lon="3.08269"><ele>22</ele></trkpt>
   <trkpt lat="50.631792" lon="3.082754"><ele>22</ele></trkpt>
   <trkpt lat="50.63165" lon="3.082817"><ele>22</ele></trkpt>
   <trkpt lat="50.631225" lon="3.083035"><ele>21.75</ele></trkpt>
   <trkpt lat="50.631031" lon="3.083162"><ele>24</ele></trkpt>
   <trkpt lat="50.630601" lon="3.083473"><ele>26</ele></trkpt>
   <trkpt lat="50.62963" lon="3.084155"><ele>23.75</ele></trkpt>
   <trkpt lat="50.629559" lon="3.084204"><ele>24</ele></trkpt>
   <trkpt lat="50.629182" lon="3.084472"><ele>24</ele></trkpt>
   <trkpt lat="50.628487" lon="3.084992"><ele>24.75</ele></trkpt>
   <trkpt lat="50.62819" lon="3.085231"><ele>24.75</ele></trkpt>
   <trkpt lat="50.627741" lon="3.085614"><ele>25</ele></trkpt>
   <trkpt lat="50.627457" lon="3.08587"><ele>25</ele></trkpt>
   <trkpt lat="50.626883" lon="3.08642"><ele>25</ele></trkpt>
   <trkpt lat="50.625741" lon="3.087584"><ele>25</ele></trkpt>
   <trkpt lat="50.625375" lon="3.08795"><ele>24.75</ele></trkpt>
   <trkpt lat="50.625026" lon="3.088279"><ele>25</ele></trkpt>
   <trkpt lat="50.624735" lon="3.088534"><ele>25.5</ele></trkpt>
   <trkpt lat="50.624413" lon="3.088847"><ele>25</ele></trkpt>
   <trkpt lat="50.623539" lon="3.089754"><ele>25.5</ele></trkpt>
   <trkpt lat="50.622991" lon="3.090347"><ele>28</ele></trkpt>
   <trkpt lat="50.622515" lon="3.090902"><ele>33.75</ele></trkpt>
   <trkpt lat="50.622142" lon="3.091348"><ele>28</ele></trkpt>
   <trkpt lat="50.621498" lon="3.092159"><ele>25.25</ele></trkpt>
   <trkpt lat="50.620555" lon="3.0934"><ele>25</ele></trkpt>
   <trkpt lat="50.620128" lon="3.093966"><ele>27</ele></trkpt>
   <trkpt lat="50.619571" lon="3.094686"><ele>27.5</ele></trkpt>
   <trkpt lat="50.619297" lon="3.095033"><ele>27.5</ele></trkpt>
   <trkpt lat="50.619013" lon="3.095373"><ele>27.75</ele></trkpt>
   <trkpt lat="50.618718" lon="3.095716"><ele>27.75</ele></trkpt>
   <trkpt lat="50.618444" lon="3.09602"><ele>29</ele></trkpt>
   <trkpt lat="50.618033" lon="3.096456"><ele>28.75</ele></trkpt>
   <trkpt lat="50.617714" lon="3.096779"><ele>29.5</ele></trkpt>
   <trkpt lat="50.617185" lon="3.097277"><ele>30</ele></trkpt>
   <trkpt lat="50.616645" lon="3.097746"><ele>30.75</ele></trkpt>
   <trkpt lat="50.616262" lon="3.098061"><ele>31</ele></trkpt>
   <trkpt lat="50.613706" lon="3.100096"><ele>35.5</ele></trkpt>
   <trkpt lat="50.613474" lon="3.10028"><ele>36</ele></trkpt>
   <trkpt lat="50.610248" lon="3.102847"><ele>39.25</ele></trkpt>
   <trkpt lat="50.610202" lon="3.102884"><ele>38.75</ele></trkpt>
   <trkpt lat="50.609817" lon="3.103209"><ele>40.25</ele></trkpt>
   <trkpt lat="50.60929" lon="3.103676"><ele>39.25</ele></trkpt>
   <trkpt lat="50.608927" lon="3.104015"><ele>39.25</ele></trkpt>
   <trkpt lat="50.60844" lon="3.104505"><ele>39.25</ele></trkpt>
   <trkpt lat="50.607985" lon="3.10499"><ele>39</ele></trkpt>
   <trkpt lat="50.607656" lon="3.105364"><ele>38.25</ele></trkpt>
   <trkpt lat="50.607257" lon="3.105843"><ele>38.5</ele></trkpt>
   <trkpt lat="50.606923" lon="3.106263"><ele>40.25</ele></trkpt>
   <trkpt lat="50.606461" lon="3.106879"><ele>40</ele></trkpt>
   <trkpt lat="50.606176" lon="3.107283"><ele>39.25</ele></trkpt>
   <trkpt lat="50.605721" lon="3.107963"><ele>39.5</ele></trkpt>
   <trkpt lat="50.605162" lon="3.108869"><ele>40</ele></trkpt>
   <trkpt lat="50.604906" lon="3.109312"><ele>41</ele></trkpt>
   <trkpt lat="50.604429" lon="3.110191"><ele>42</ele></trkpt>
   <trkpt lat="50.604128" lon="3.110787"><ele>42.75</ele></trkpt>
   <trkpt lat="50.603842" lon="3.111381"><ele>43.5</ele></trkpt>
   <trkpt lat="50.603493" lon="3.112157"><ele>43.75</ele></trkpt>
   <trkpt lat="50.603157" lon="3.112958"><ele>45.25</ele></trkpt>
   <trkpt lat="50.602965" lon="3.113444"><ele>44.75</ele></trkpt>
   <trkpt lat="50.602612" lon="3.114401"><ele>46</ele></trkpt>
   <trkpt lat="50.60226" lon="3.115458"><ele>49.25</ele></trkpt>
   <trkpt lat="50.602094" lon="3.115997"><ele>47.75</ele></trkpt>
   <trkpt lat="50.6019" lon="3.116663"><ele>49</ele></trkpt>
   <trkpt lat="50.601772" lon="3.117127"><ele>50.25</ele></trkpt>
   <trkpt lat="50.60152" lon="3.118089"><ele>50</ele></trkpt>
   <trkpt lat="50.601038" lon="3.120031"><ele>50.25</ele></trkpt>
   <trkpt lat="50.600504" lon="3.122187"><ele>48.5</ele></trkpt>
   <trkpt lat="50.600204" lon="3.123379"><ele>47.25</ele></trkpt>
   <trkpt lat="50.59986" lon="3.124642"><ele>44.5</ele></trkpt>
   <trkpt lat="50.599689" lon="3.125223"><ele>46.25</ele></trkpt>
   <trkpt lat="50.599399" lon="3.126138"><ele>44.5</ele></trkpt>
   <trkpt lat="50.599069" lon="3.127083"><ele>41.75</ele></trkpt>
   <trkpt lat="50.598789" lon="3.127823"><ele>41.5</ele></trkpt>
   <trkpt lat="50.598529" lon="3.128473"><ele>42</ele></trkpt>
   <trkpt lat="50.598275" lon="3.129066"><ele>42.25</ele></trkpt>
   <trkpt lat="50.598014" lon="3.129644"><ele>42.5</ele></trkpt>
   <trkpt lat="50.597767" lon="3.130167"><ele>42.75</ele></trkpt>
   <trkpt lat="50.597519" lon="3.130672"><ele>40.5</ele></trkpt>
   <trkpt lat="50.597422" lon="3.130858"><ele>38</ele></trkpt>
   <trkpt lat="50.596963" lon="3.131711"><ele>41</ele></trkpt>
   <trkpt lat="50.596664" lon="3.132229"><ele>40.75</ele></trkpt>
   <trkpt lat="50.596441" lon="3.132602"><ele>39.5</ele></trkpt>
   <trkpt lat="50.596113" lon="3.133127"><ele>40.25</ele></trkpt>
   <trkpt lat="50.595836" lon="3.133551"><ele>39.75</ele></trkpt>
   <trkpt lat="50.595338" lon="3.134264"><ele>39.5</ele></trkpt>
   <trkpt lat="50.594952" lon="3.134781"><ele>40</ele></trkpt>
   <trkpt lat="50.594471" lon="3.135386"><ele>39.75</ele></trkpt>
   <trkpt lat="50.594031" lon="3.135904"><ele>40.25</ele></trkpt>
   <trkpt lat="50.593782" lon="3.136182"><ele>40.75</ele></trkpt>
   <trkpt lat="50.59333" lon="3.136664"><ele>41.75</ele></trkpt>
   <trkpt lat="50.593002" lon="3.136995"><ele>41.25</ele></trkpt>
   <trkpt lat="50.592605" lon="3.137374"><ele>41.25</ele></trkpt>
   <trkpt lat="50.592217" lon="3.137723"><ele>42.25</ele></trkpt>
   <trkpt lat="50.591827" lon="3.138055"><ele>42.25</ele></trkpt>
   <trkpt lat="50.591438" lon="3.138367"><ele>39.5</ele></trkpt>
   <trkpt lat="50.591381" lon="3.138412"><ele>39.25</ele></trkpt>
   <trkpt lat="50.590933" lon="3.138744"><ele>42.25</ele></trkpt>
   <trkpt lat="50.590596" lon="3.138981"><ele>43</ele></trkpt>
   <trkpt lat="50.589977" lon="3.139379"><ele>44.25</ele></trkpt>
   <trkpt lat="50.589671" lon="3.13956"><ele>43.5</ele></trkpt>
   <trkpt lat="50.589235" lon="3.139801"><ele>45</ele></trkpt>
   <trkpt lat="50.588949" lon="3.139951"><ele>45.75</ele></trkpt>
   <trkpt lat="50.588584" lon="3.140128"><ele>46.5</ele></trkpt>
   <trkpt lat="50.587964" lon="3.1404"><ele>47.75</ele></trkpt>
   <trkpt lat="50.587188" lon="3.140685"><ele>50</ele></trkpt>
   <trkpt lat="50.586762" lon="3.140822"><ele>52.25</ele></trkpt>
   <trkpt lat="50.586164" lon="3.140987"><ele>52</ele></trkpt>
   <trkpt lat="50.58535" lon="3.141192"><ele>49.25</ele></trkpt>
   <trkpt lat="50.584842" lon="3.141319"><ele>50.25</ele></trkpt>
   <trkpt lat="50.583345" lon="3.141682"><ele>53.75</ele></trkpt>
   <trkpt lat="50.581442" lon="3.142145"><ele>50.75</ele></trkpt>
   <trkpt lat="50.581287" lon="3.142182"><ele>51.25</ele></trkpt>
   <trkpt lat="50.580443" lon="3.142384"><ele>52</ele></trkpt>
   <trkpt lat="50.579517" lon="3.14257"><ele>50.75</ele></trkpt>
   <trkpt lat="50.578883" lon="3.142659"><ele>47.75</ele></trkpt>
   <trkpt lat="50.578413" lon="3.142705"><ele>47.25</ele></trkpt>
   <trkpt lat="50.578096" lon="3.142724"><ele>47.25</ele></trkpt>
   <trkpt lat="50.577774" lon="3.142734"><ele>46.5</ele></trkpt>
   <trkpt lat="50.577399" lon="3.142733"><ele>45.25</ele></trkpt>
   <trkpt lat="50.576617" lon="3.142696"><ele>44.5</ele></trkpt>
   <trkpt lat="50.576243" lon="3.14266"><ele>45.25</ele></trkpt>
   <trkpt lat="50.575744" lon="3.142588"><ele>44</ele></trkpt>
   <trkpt lat="50.575249" lon="3.142497"><ele>40.75</ele></trkpt>
   <trkpt lat="50.574789" lon="3.142399"><ele>39</ele></trkpt>
   <trkpt lat="50.574382" lon="3.142291"><ele>39.25</ele></trkpt>
   <trkpt lat="50.573721" lon="3.142082"><ele>37.75</ele></trkpt>
   <trkpt lat="50.573517" lon="3.142011"><ele>37.75</ele></trkpt>
   <trkpt lat="50.572864" lon="3.141751"><ele>36.75</ele></trkpt>
   <trkpt lat="50.572149" lon="3.141423"><ele>35.5</ele></trkpt>
   <trkpt lat="50.571388" lon="3.141015"><ele>35.5</ele></trkpt>
   <trkpt lat="50.57077" lon="3.140639"><ele>34.25</ele></trkpt>
   <trkpt lat="50.570089" lon="3.14018"><ele>33.5</ele></trkpt>
   <trkpt lat="50.569533" lon="3.139756"><ele>33</ele></trkpt>
   <trkpt lat="50.569059" lon="3.139374"><ele>37</ele></trkpt>
   <trkpt lat="50.568824" lon="3.139175"><ele>33.25</ele></trkpt>
   <trkpt lat="50.568435" lon="3.138823"><ele>33</ele></trkpt>
   <trkpt lat="50.568106" lon="3.138508"><ele>33</ele></trkpt>
   <trkpt lat="50.567718" lon="3.13812"><ele>33.5</ele></trkpt>
   <trkpt lat="50.567377" lon="3.137761"><ele>33.75</ele></trkpt>
   <trkpt lat="50.5669" lon="3.137224"><ele>33.25</ele></trkpt>
   <trkpt lat="50.566457" lon="3.136697"><ele>35.25</ele></trkpt>
   <trkpt lat="50.566067" lon="3.136204"><ele>34.5</ele></trkpt>
   <trkpt lat="50.565192" lon="3.135011"><ele>37.5</ele></trkpt>
   <trkpt lat="50.564826" lon="3.134413"><ele>40.75</ele></trkpt>
   <trkpt lat="50.564495" lon="3.133889"><ele>40.25</ele></trkpt>
   <trkpt lat="50.564143" lon="3.133286"><ele>39.25</ele></trkpt>
   <trkpt lat="50.5638" lon="3.132657"><ele>40.75</ele></trkpt>
   <trkpt lat="50.563564" lon="3.132205"><ele>41</ele></trkpt>
   <trkpt lat="50.563085" lon="3.131229"><ele>42.5</ele></trkpt>
   <trkpt lat="50.562707" lon="3.130393"><ele>41.25</ele></trkpt>
   <trkpt lat="50.562508" lon="3.129924"><ele>42.25</ele></trkpt>
   <trkpt lat="50.562113" lon="3.128956"><ele>40.75</ele></trkpt>
   <trkpt lat="50.561711" lon="3.127933"><ele>40.25</ele></trkpt>
   <trkpt lat="50.561666" lon="3.127815"><ele>41.5</ele></trkpt>
   <trkpt lat="50.560634" lon="3.125185"><ele>40.25</ele></trkpt>
   <trkpt lat="50.560395" lon="3.124603"><ele>39</ele></trkpt>
   <trkpt lat="50.560073" lon="3.123856"><ele>40.25</ele></trkpt>
   <trkpt lat="50.559796" lon="3.123242"><ele>39.5</ele></trkpt>
   <trkpt lat="50.559451" lon="3.122507"><ele>39.75</ele></trkpt>
   <trkpt lat="50.558499" lon="3.12062"><ele>38</ele></trkpt>
   <trkpt lat="50.557494" lon="3.118671"><ele>34.75</ele></trkpt>
   <trkpt lat="50.557469" lon="3.118624"><ele>34.25</ele></trkpt>
   <trkpt lat="50.556822" lon="3.117384"><ele>37.25</ele></trkpt>
   <trkpt lat="50.551999" lon="3.108308"><ele>34.5</ele></trkpt>
   <trkpt lat="50.551245" lon="3.106846"><ele>33.25</ele></trkpt>
   <trkpt lat="50.550863" lon="3.106076"><ele>35.25</ele></trkpt>
   <trkpt lat="50.550487" lon="3.105295"><ele>34.5</ele></trkpt>
   <trkpt lat="50.550125" lon="3.104518"><ele>33.5</ele></trkpt>
   <trkpt lat="50.549768" lon="3.103718"><ele>34.75</ele></trkpt>
   <trkpt lat="50.549412" lon="3.102894"><ele>35.5</ele></trkpt>
   <trkpt lat="50.548909" lon="3.101668"><ele>37.5</ele></trkpt>
   <trkpt lat="50.548599" lon="3.100886"><ele>38.25</ele></trkpt>
   <trkpt lat="50.548326" lon="3.100162"><ele>38.75</ele></trkpt>
   <trkpt lat="50.548312" lon="3.100124"><ele>38.5</ele></trkpt>
   <trkpt lat="50.548196" lon="3.099821"><ele>35</ele></trkpt>
   <trkpt lat="50.548113" lon="3.09959"><ele>35.5</ele></trkpt>
   <trkpt lat="50.548069" lon="3.099466"><ele>38.25</ele></trkpt>
   <trkpt lat="50.548054" lon="3.099424"><ele>38.75</ele></trkpt>
   <trkpt lat="50.547738" lon="3.098529"><ele>37.75</ele></trkpt>
   <trkpt lat="50.547375" lon="3.097443"><ele>35.5</ele></trkpt>
   <trkpt lat="50.547208" lon="3.096923"><ele>37.5</ele></trkpt>
   <trkpt lat="50.546861" lon="3.095807"><ele>35.75</ele></trkpt>
   <trkpt lat="50.546696" lon="3.095251"><ele>36.75</ele></trkpt>
   <trkpt lat="50.546401" lon="3.094216"><ele>36</ele></trkpt>
   <trkpt lat="50.546125" lon="3.093193"><ele>35.5</ele></trkpt>
   <trkpt lat="50.545823" lon="3.092008"><ele>35</ele></trkpt>
   <trkpt lat="50.545613" lon="3.091129"><ele>35.25</ele></trkpt>
   <trkpt lat="50.545369" lon="3.090058"><ele>35.75</ele></trkpt>
   <trkpt lat="50.545131" lon="3.088931"><ele>36.25</ele></trkpt>
   <trkpt lat="50.544941" lon="3.087981"><ele>35.5</ele></trkpt>
   <trkpt lat="50.544744" lon="3.08692"><ele>35</ele></trkpt>
   <trkpt lat="50.544631" lon="3.086276"><ele>36.25</ele></trkpt>
   <trkpt lat="50.54447" lon="3.085293"><ele>35.25</ele></trkpt>
   <trkpt lat="50.544317" lon="3.084292"><ele>36.75</ele></trkpt>
   <trkpt lat="50.544146" lon="3.083049"><ele>36.25</ele></trkpt>
   <trkpt lat="50.544067" lon="3.082448"><ele>36.5</ele></trkpt>
   <trkpt lat="50.543899" lon="3.080978"><ele>36.5</ele></trkpt>
   <trkpt lat="50.543747" lon="3.079449"><ele>37</ele></trkpt>
   <trkpt lat="50.543668" lon="3.078573"><ele>35.75</ele></trkpt>
   <trkpt lat="50.543299" lon="3.074217"><ele>37.5</ele></trkpt>
   <trkpt lat="50.543261" lon="3.07377"><ele>37.25</ele></trkpt>
   <trkpt lat="50.543175" lon="3.072663"><ele>37.25</ele></trkpt>
   <trkpt lat="50.543064" lon="3.07104"><ele>37.75</ele></trkpt>
   <trkpt lat="50.542967" lon="3.06979"><ele>37.5</ele></trkpt>
   <trkpt lat="50.542846" lon="3.068342"><ele>38</ele></trkpt>
   <trkpt lat="50.542387" lon="3.062874"><ele>37</ele></trkpt>
   <trkpt lat="50.542171" lon="3.060393"><ele>37.5</ele></trkpt>
   <trkpt lat="50.542037" lon="3.059008"><ele>36.5</ele></trkpt>
   <trkpt lat="50.541848" lon="3.057329"><ele>35.75</ele></trkpt>
   <trkpt lat="50.541688" lon="3.056093"><ele>38.5</ele></trkpt>
   <trkpt lat="50.541682" lon="3.05605"><ele>38.5</ele></trkpt>
   <trkpt lat="50.541403" lon="3.054062"><ele>36.75</ele></trkpt>
   <trkpt lat="50.541215" lon="3.052764"><ele>37</ele></trkpt>
   <trkpt lat="50.540462" lon="3.047606"><ele>34.25</ele></trkpt>
   <trkpt lat="50.540425" lon="3.047369"><ele>34</ele></trkpt>
   <trkpt lat="50.539857" lon="3.043485"><ele>35.25</ele></trkpt>
   <trkpt lat="50.539437" lon="3.04066"><ele>34.75</ele></trkpt>
   <trkpt lat="50.539288" lon="3.039723"><ele>33.5</ele></trkpt>
   <trkpt lat="50.539091" lon="3.03857"><ele>33.5</ele></trkpt>
   <trkpt lat="50.53897" lon="3.037897"><ele>33</ele></trkpt>
   <trkpt lat="50.538813" lon="3.037077"><ele>33</ele></trkpt>
   <trkpt lat="50.538622" lon="3.036129"><ele>33.75</ele></trkpt>
   <trkpt lat="50.538367" lon="3.03495"><ele>33.5</ele></trkpt>
   <trkpt lat="50.53816" lon="3.034053"><ele>33</ele></trkpt>
   <trkpt lat="50.537975" lon="3.033285"><ele>33.5</ele></trkpt>
   <trkpt lat="50.53777" lon="3.032475"><ele>35.75</ele></trkpt>
   <trkpt lat="50.537476" lon="3.031366"><ele>36.25</ele></trkpt>
   <trkpt lat="50.537311" lon="3.030782"><ele>33.25</ele></trkpt>
   <trkpt lat="50.536566" lon="3.028299"><ele>33.5</ele></trkpt>
   <trkpt lat="50.536265" lon="3.027393"><ele>33.75</ele></trkpt>
   <trkpt lat="50.535984" lon="3.026571"><ele>33</ele></trkpt>
   <trkpt lat="50.535751" lon="3.025914"><ele>32.75</ele></trkpt>
   <trkpt lat="50.535403" lon="3.024964"><ele>30.75</ele></trkpt>
   <trkpt lat="50.534942" lon="3.023774"><ele>30.25</ele></trkpt>
   <trkpt lat="50.534506" lon="3.022709"><ele>30</ele></trkpt>
   <trkpt lat="50.534237" lon="3.022073"><ele>29</ele></trkpt>
   <trkpt lat="50.533661" lon="3.020775"><ele>28.25</ele></trkpt>
   <trkpt lat="50.533232" lon="3.019856"><ele>28</ele></trkpt>
   <trkpt lat="50.532989" lon="3.019355"><ele>27.75</ele></trkpt>
   <trkpt lat="50.532293" lon="3.017971"><ele>29.25</ele></trkpt>
   <trkpt lat="50.531535" lon="3.016548"><ele>26.5</ele></trkpt>
   <trkpt lat="50.531336" lon="3.016187"><ele>27</ele></trkpt>
   <trkpt lat="50.530757" lon="3.015156"><ele>27</ele></trkpt>
   <trkpt lat="50.530167" lon="3.014155"><ele>26</ele></trkpt>
   <trkpt lat="50.529711" lon="3.013403"><ele>26.5</ele></trkpt>
   <trkpt lat="50.52922" lon="3.012619"><ele>25.75</ele></trkpt>
   <trkpt lat="50.528991" lon="3.012263"><ele>25.25</ele></trkpt>
   <trkpt lat="50.528483" lon="3.011489"><ele>26</ele></trkpt>
   <trkpt lat="50.527815" lon="3.010501"><ele>26</ele></trkpt>
   <trkpt lat="50.527151" lon="3.009565"><ele>26.5</ele></trkpt>
   <trkpt lat="50.526679" lon="3.008923"><ele>26.75</ele></trkpt>
   <trkpt lat="50.526366" lon="3.008505"><ele>26.5</ele></trkpt>
   <trkpt lat="50.525789" lon="3.007756"><ele>26.75</ele></trkpt>
   <trkpt lat="50.525124" lon="3.006922"><ele>26</ele></trkpt>
   <trkpt lat="50.524708" lon="3.00642"><ele>26</ele></trkpt>
   <trkpt lat="50.524004" lon="3.005593"><ele>27</ele></trkpt>
   <trkpt lat="50.523299" lon="3.004797"><ele>26</ele></trkpt>
   <trkpt lat="50.522641" lon="3.004086"><ele>26.75</ele></trkpt>
   <trkpt lat="50.521939" lon="3.003353"><ele>27</ele></trkpt>
   <trkpt lat="50.521438" lon="3.00285"><ele>27</ele></trkpt>
   <trkpt lat="50.520786" lon="3.002225"><ele>26.75</ele></trkpt>
   <trkpt lat="50.519937" lon="3.001456"><ele>27</ele></trkpt>
   <trkpt lat="50.519311" lon="3.000918"><ele>27.25</ele></trkpt>
   <trkpt lat="50.518431" lon="3.000207"><ele>27</ele></trkpt>
   <trkpt lat="50.51773" lon="2.999672"><ele>27.75</ele></trkpt>
   <trkpt lat="50.516967" lon="2.999121"><ele>27.75</ele></trkpt>
   <trkpt lat="50.516137" lon="2.998564"><ele>27.75</ele></trkpt>
   <trkpt lat="50.515548" lon="2.99819"><ele>27.25</ele></trkpt>
   <trkpt lat="50.515145" lon="2.997946"><ele>27.5</ele></trkpt>
   <trkpt lat="50.514803" lon="2.997744"><ele>27.75</ele></trkpt>
   <trkpt lat="50.514231" lon="2.997423"><ele>28</ele></trkpt>
   <trkpt lat="50.513508" lon="2.997038"><ele>28</ele></trkpt>
   <trkpt lat="50.513023" lon="2.996796"><ele>28</ele></trkpt>
   <trkpt lat="50.512391" lon="2.996498"><ele>28</ele></trkpt>
   <trkpt lat="50.511494" lon="2.996109"><ele>28.25</ele></trkpt>
   <trkpt lat="50.510872" lon="2.995861"><ele>28</ele></trkpt>
   <trkpt lat="50.509983" lon="2.995543"><ele>28.75</ele></trkpt>
   <trkpt lat="50.509302" lon="2.99532"><ele>28.5</ele></trkpt>
   <trkpt lat="50.50863" lon="2.995117"><ele>28.25</ele></trkpt>
   <trkpt lat="50.502071" lon="2.993293"><ele>29.5</ele></trkpt>
   <trkpt lat="50.500258" lon="2.992781"><ele>28.75</ele></trkpt>
   <trkpt lat="50.499528" lon="2.992554"><ele>29.25</ele></trkpt>
   <trkpt lat="50.498615" lon="2.992244"><ele>29</ele></trkpt>
   <trkpt lat="50.497747" lon="2.99191"><ele>28.75</ele></trkpt>
   <trkpt lat="50.497185" lon="2.991676"><ele>28</ele></trkpt>
   <trkpt lat="50.496565" lon="2.991398"><ele>28</ele></trkpt>
   <trkpt lat="50.495517" lon="2.990888"><ele>27</ele></trkpt>
   <trkpt lat="50.494793" lon="2.990498"><ele>27</ele></trkpt>
   <trkpt lat="50.494134" lon="2.990124"><ele>26</ele></trkpt>
   <trkpt lat="50.493366" lon="2.989657"><ele>25.25</ele></trkpt>
   <trkpt lat="50.49298" lon="2.989412"><ele>24.5</ele></trkpt>
   <trkpt lat="50.492269" lon="2.988938"><ele>24.25</ele></trkpt>
   <trkpt lat="50.491479" lon="2.988374"><ele>24</ele></trkpt>
   <trkpt lat="50.490683" lon="2.987777"><ele>25.75</ele></trkpt>
   <trkpt lat="50.490162" lon="2.987366"><ele>24.5</ele></trkpt>
   <trkpt lat="50.489703" lon="2.986989"><ele>24</ele></trkpt>
   <trkpt lat="50.486983" lon="2.984727"><ele>25</ele></trkpt>
   <trkpt lat="50.486127" lon="2.984055"><ele>24.75</ele></trkpt>
   <trkpt lat="50.485702" lon="2.983735"><ele>28</ele></trkpt>
   <trkpt lat="50.484583" lon="2.982948"><ele>28.75</ele></trkpt>
   <trkpt lat="50.483997" lon="2.982563"><ele>25.25</ele></trkpt>
   <trkpt lat="50.483389" lon="2.982182"><ele>25.75</ele></trkpt>
   <trkpt lat="50.482405" lon="2.981611"><ele>25.75</ele></trkpt>
   <trkpt lat="50.48168" lon="2.981224"><ele>25</ele></trkpt>
   <trkpt lat="50.480516" lon="2.980648"><ele>25</ele></trkpt>
   <trkpt lat="50.478516" lon="2.979714"><ele>26</ele></trkpt>
   <trkpt lat="50.476086" lon="2.978595"><ele>26.5</ele></trkpt>
   <trkpt lat="50.47538" lon="2.978266"><ele>26.25</ele></trkpt>
   <trkpt lat="50.475161" lon="2.978159"><ele>26</ele></trkpt>
   <trkpt lat="50.474522" lon="2.977797"><ele>26.75</ele></trkpt>
   <trkpt lat="50.474108" lon="2.977585"><ele>27.5</ele></trkpt>
   <trkpt lat="50.471029" lon="2.976162"><ele>27.25</ele></trkpt>
   <trkpt lat="50.468157" lon="2.974836"><ele>26.25</ele></trkpt>
   <trkpt lat="50.467727" lon="2.974658"><ele>27.25</ele></trkpt>
   <trkpt lat="50.467148" lon="2.974455"><ele>27.75</ele></trkpt>
   <trkpt lat="50.466845" lon="2.974324"><ele>28</ele></trkpt>
   <trkpt lat="50.466146" lon="2.974005"><ele>27</ele></trkpt>
   <trkpt lat="50.465504" lon="2.973716"><ele>26.75</ele></trkpt>
   <trkpt lat="50.464622" lon="2.973345"><ele>27.5</ele></trkpt>
   <trkpt lat="50.463689" lon="2.972934"><ele>26.75</ele></trkpt>
   <trkpt lat="50.462101" lon="2.972204"><ele>27.5</ele></trkpt>
   <trkpt lat="50.461018" lon="2.971725"><ele>28.5</ele></trkpt>
   <trkpt lat="50.460485" lon="2.971502"><ele>28.5</ele></trkpt>
   <trkpt lat="50.459954" lon="2.971292"><ele>29</ele></trkpt>
   <trkpt lat="50.459318" lon="2.971059"><ele>29.5</ele></trkpt>
   <trkpt lat="50.458726" lon="2.970856"><ele>25.25</ele></trkpt>
   <trkpt lat="50.457785" lon="2.970574"><ele>30</ele></trkpt>
   <trkpt lat="50.457332" lon="2.970453"><ele>27.75</ele></trkpt>
   <trkpt lat="50.456548" lon="2.970266"><ele>29.25</ele></trkpt>
   <trkpt lat="50.455786" lon="2.970108"><ele>27</ele></trkpt>
   <trkpt lat="50.45529" lon="2.97002"><ele>27.5</ele></trkpt>
   <trkpt lat="50.454323" lon="2.969879"><ele>25.75</ele></trkpt>
   <trkpt lat="50.453451" lon="2.969788"><ele>26.25</ele></trkpt>
   <trkpt lat="50.453065" lon="2.969758"><ele>27.25</ele></trkpt>
   <trkpt lat="50.452551" lon="2.969727"><ele>26.75</ele></trkpt>
   <trkpt lat="50.45177" lon="2.969703"><ele>26.75</ele></trkpt>
   <trkpt lat="50.450921" lon="2.969711"><ele>26.75</ele></trkpt>
   <trkpt lat="50.450347" lon="2.969731"><ele>26.75</ele></trkpt>
   <trkpt lat="50.449721" lon="2.969769"><ele>26.25</ele></trkpt>
   <trkpt lat="50.449085" lon="2.969828"><ele>25.5</ele></trkpt>
   <trkpt lat="50.448117" lon="2.96995"><ele>25.75</ele></trkpt>
   <trkpt lat="50.44807" lon="2.969957"><ele>25.75</ele></trkpt>
   <trkpt lat="50.4474" lon="2.970066"><ele>25.25</ele></trkpt>
   <trkpt lat="50.446942" lon="2.970152"><ele>24.75</ele></trkpt>
   <trkpt lat="50.446543" lon="2.970234"><ele>26</ele></trkpt>
   <trkpt lat="50.44568" lon="2.970439"><ele>25.25</ele></trkpt>
   <trkpt lat="50.444478" lon="2.970779"><ele>26</ele></trkpt>
   <trkpt lat="50.443733" lon="2.971024"><ele>26</ele></trkpt>
   <trkpt lat="50.442823" lon="2.971361"><ele>26.75</ele></trkpt>
   <trkpt lat="50.441839" lon="2.971764"><ele>28.75</ele></trkpt>
   <trkpt lat="50.441292" lon="2.972009"><ele>27.5</ele></trkpt>
   <trkpt lat="50.440644" lon="2.97232"><ele>27</ele></trkpt>
   <trkpt lat="50.440048" lon="2.972623"><ele>27</ele></trkpt>
   <trkpt lat="50.439075" lon="2.973159"><ele>26.75</ele></trkpt>
   <trkpt lat="50.438499" lon="2.9735"><ele>26.75</ele></trkpt>
   <trkpt lat="50.437887" lon="2.973881"><ele>27.5</ele></trkpt>
   <trkpt lat="50.437028" lon="2.974452"><ele>28.5</ele></trkpt>
   <trkpt lat="50.436628" lon="2.974729"><ele>29.25</ele></trkpt>
   <trkpt lat="50.435967" lon="2.975214"><ele>28.25</ele></trkpt>
   <trkpt lat="50.434875" lon="2.97606"><ele>28.25</ele></trkpt>
   <trkpt lat="50.434358" lon="2.976474"><ele>28.75</ele></trkpt>
   <trkpt lat="50.43283" lon="2.977724"><ele>32</ele></trkpt>
   <trkpt lat="50.432316" lon="2.978134"><ele>31.5</ele></trkpt>
   <trkpt lat="50.431822" lon="2.978523"><ele>31.75</ele></trkpt>
   <trkpt lat="50.431256" lon="2.978947"><ele>33</ele></trkpt>
   <trkpt lat="50.431076" lon="2.979076"><ele>32</ele></trkpt>
   <trkpt lat="50.430747" lon="2.979326"><ele>33</ele></trkpt>
   <trkpt lat="50.430384" lon="2.979588"><ele>34</ele></trkpt>
   <trkpt lat="50.42953" lon="2.980171"><ele>31.25</ele></trkpt>
   <trkpt lat="50.429067" lon="2.98047"><ele>32.25</ele></trkpt>
   <trkpt lat="50.428241" lon="2.980959"><ele>36</ele></trkpt>
   <trkpt lat="50.42733" lon="2.981466"><ele>35.5</ele></trkpt>
   <trkpt lat="50.426405" lon="2.981945"><ele>35</ele></trkpt>
   <trkpt lat="50.425749" lon="2.982249"><ele>36.25</ele></trkpt>
   <trkpt lat="50.425274" lon="2.982454"><ele>34</ele></trkpt>
   <trkpt lat="50.424724" lon="2.982684"><ele>33.5</ele></trkpt>
   <trkpt lat="50.42429" lon="2.982854"><ele>33.25</ele></trkpt>
   <trkpt lat="50.423434" lon="2.983166"><ele>33</ele></trkpt>
   <trkpt lat="50.422682" lon="2.983418"><ele>34</ele></trkpt>
   <trkpt lat="50.421491" lon="2.983751"><ele>34.5</ele></trkpt>
   <trkpt lat="50.420395" lon="2.984004"><ele>36.25</ele></trkpt>
   <trkpt lat="50.419915" lon="2.984096"><ele>36.75</ele></trkpt>
   <trkpt lat="50.418769" lon="2.984283"><ele>35.25</ele></trkpt>
   <trkpt lat="50.418391" lon="2.984328"><ele>35.5</ele></trkpt>
   <trkpt lat="50.417711" lon="2.984392"><ele>38.75</ele></trkpt>
   <trkpt lat="50.41713" lon="2.984436"><ele>40</ele></trkpt>
   <trkpt lat="50.416406" lon="2.984471"><ele>38.75</ele></trkpt>
   <trkpt lat="50.415749" lon="2.984477"><ele>40</ele></trkpt>
   <trkpt lat="50.415113" lon="2.984468"><ele>41.75</ele></trkpt>
   <trkpt lat="50.414676" lon="2.984445"><ele>37.5</ele></trkpt>
   <trkpt lat="50.414343" lon="2.98443"><ele>37.25</ele></trkpt>
   <trkpt lat="50.413753" lon="2.984391"><ele>40.75</ele></trkpt>
   <trkpt lat="50.412865" lon="2.984303"><ele>39.5</ele></trkpt>
   <trkpt lat="50.412575" lon="2.984264"><ele>40</ele></trkpt>
   <trkpt lat="50.411389" lon="2.984065"><ele>41</ele></trkpt>
   <trkpt lat="50.410842" lon="2.983958"><ele>41.25</ele></trkpt>
   <trkpt lat="50.410271" lon="2.983835"><ele>41.75</ele></trkpt>
   <trkpt lat="50.4067" lon="2.983012"><ele>42.75</ele></trkpt>
   <trkpt lat="50.390301" lon="2.979227"><ele>52.75</ele></trkpt>
   <trkpt lat="50.389174" lon="2.978957"><ele>53.25</ele></trkpt>
   <trkpt lat="50.38833" lon="2.978737"><ele>53</ele></trkpt>
   <trkpt lat="50.387481" lon="2.978497"><ele>52.75</ele></trkpt>
   <trkpt lat="50.386645" lon="2.978238"><ele>52.75</ele></trkpt>
   <trkpt lat="50.386464" lon="2.978179"><ele>52.75</ele></trkpt>
   <trkpt lat="50.385344" lon="2.977789"><ele>53.75</ele></trkpt>
   <trkpt lat="50.384757" lon="2.977569"><ele>52.75</ele></trkpt>
   <trkpt lat="50.383872" lon="2.977219"><ele>52.75</ele></trkpt>
   <trkpt lat="50.382631" lon="2.976686"><ele>51.75</ele></trkpt>
   <trkpt lat="50.381825" lon="2.976311"><ele>50.25</ele></trkpt>
   <trkpt lat="50.381279" lon="2.976045"><ele>49.75</ele></trkpt>
   <trkpt lat="50.380205" lon="2.975492"><ele>50.75</ele></trkpt>
   <trkpt lat="50.37941" lon="2.975058"><ele>50.25</ele></trkpt>
   <trkpt lat="50.378773" lon="2.974696"><ele>49.5</ele></trkpt>
   <trkpt lat="50.378164" lon="2.974333"><ele>49.5</ele></trkpt>
   <trkpt lat="50.377541" lon="2.973951"><ele>49</ele></trkpt>
   <trkpt lat="50.376925" lon="2.973559"><ele>48</ele></trkpt>
   <trkpt lat="50.376429" lon="2.973234"><ele>47.25</ele></trkpt>
   <trkpt lat="50.375446" lon="2.97256"><ele>47.75</ele></trkpt>
   <trkpt lat="50.374965" lon="2.972217"><ele>48</ele></trkpt>
   <trkpt lat="50.373997" lon="2.971503"><ele>47.5</ele></trkpt>
   <trkpt lat="50.371481" lon="2.969566"><ele>46.75</ele></trkpt>
   <trkpt lat="50.368155" lon="2.966993"><ele>44</ele></trkpt>
   <trkpt lat="50.367436" lon="2.966427"><ele>44</ele></trkpt>
   <trkpt lat="50.36674" lon="2.965865"><ele>40.75</ele></trkpt>
   <trkpt lat="50.366542" lon="2.965701"><ele>40.5</ele></trkpt>
   <trkpt lat="50.365467" lon="2.964778"><ele>42.75</ele></trkpt>
   <trkpt lat="50.364813" lon="2.964194"><ele>41.75</ele></trkpt>
   <trkpt lat="50.364316" lon="2.963735"><ele>40.5</ele></trkpt>
   <trkpt lat="50.363345" lon="2.962811"><ele>41</ele></trkpt>
   <trkpt lat="50.362872" lon="2.962345"><ele>39.5</ele></trkpt>
   <trkpt lat="50.361873" lon="2.961318"><ele>40.5</ele></trkpt>
   <trkpt lat="50.361463" lon="2.960884"><ele>41</ele></trkpt>
   <trkpt lat="50.360798" lon="2.960159"><ele>40.75</ele></trkpt>
   <trkpt lat="50.360128" lon="2.959408"><ele>41.5</ele></trkpt>
   <trkpt lat="50.359633" lon="2.958837"><ele>42.25</ele></trkpt>
   <trkpt lat="50.358673" lon="2.957688"><ele>42.25</ele></trkpt>
   <trkpt lat="50.358207" lon="2.957112"><ele>43.75</ele></trkpt>
   <trkpt lat="50.35738" lon="2.956055"><ele>43.75</ele></trkpt>
   <trkpt lat="50.35655" lon="2.954951"><ele>43.75</ele></trkpt>
   <trkpt lat="50.355863" lon="2.954005"><ele>44</ele></trkpt>
   <trkpt lat="50.355387" lon="2.953327"><ele>43.5</ele></trkpt>
   <trkpt lat="50.354977" lon="2.952734"><ele>44</ele></trkpt>
   <trkpt lat="50.354433" lon="2.951921"><ele>44</ele></trkpt>
   <trkpt lat="50.353502" lon="2.950484"><ele>44.75</ele></trkpt>
   <trkpt lat="50.353119" lon="2.94987"><ele>44.75</ele></trkpt>
   <trkpt lat="50.352362" lon="2.948621"><ele>44.5</ele></trkpt>
   <trkpt lat="50.35164" lon="2.947397"><ele>45.25</ele></trkpt>
   <trkpt lat="50.348761" lon="2.942471"><ele>48.75</ele></trkpt>
   <trkpt lat="50.348555" lon="2.942121"><ele>49.25</ele></trkpt>
   <trkpt lat="50.348028" lon="2.941204"><ele>50</ele></trkpt>
   <trkpt lat="50.347472" lon="2.9402"><ele>51</ele></trkpt>
   <trkpt lat="50.346875" lon="2.939151"><ele>52.5</ele></trkpt>
   <trkpt lat="50.346241" lon="2.938074"><ele>53.5</ele></trkpt>
   <trkpt lat="50.335132" lon="2.919074"><ele>54.5</ele></trkpt>
   <trkpt lat="50.333769" lon="2.916753"><ele>53.75</ele></trkpt>
   <trkpt lat="50.33301" lon="2.915473"><ele>54</ele></trkpt>
   <trkpt lat="50.332242" lon="2.914207"><ele>57.25</ele></trkpt>
   <trkpt lat="50.331416" lon="2.912904"><ele>55.5</ele></trkpt>
   <trkpt lat="50.330657" lon="2.911759"><ele>52.75</ele></trkpt>
   <trkpt lat="50.329888" lon="2.910642"><ele>52</ele></trkpt>
   <trkpt lat="50.329106" lon="2.909549"><ele>52</ele></trkpt>
   <trkpt lat="50.328308" lon="2.908476"><ele>51.5</ele></trkpt>
   <trkpt lat="50.327344" lon="2.907236"><ele>52</ele></trkpt>
   <trkpt lat="50.326699" lon="2.906436"><ele>52.75</ele></trkpt>
   <trkpt lat="50.326037" lon="2.905644"><ele>53.25</ele></trkpt>
   <trkpt lat="50.325444" lon="2.904956"><ele>54.5</ele></trkpt>
   <trkpt lat="50.324828" lon="2.904257"><ele>55.25</ele></trkpt>
   <trkpt lat="50.324218" lon="2.903587"><ele>56</ele></trkpt>
   <trkpt lat="50.323608" lon="2.902932"><ele>57.25</ele></trkpt>
   <trkpt lat="50.323072" lon="2.90238"><ele>57.25</ele></trkpt>
   <trkpt lat="50.321938" lon="2.901255"><ele>59</ele></trkpt>
   <trkpt lat="50.321364" lon="2.900707"><ele>60.25</ele></trkpt>
   <trkpt lat="50.320438" lon="2.899853"><ele>61.25</ele></trkpt>
   <trkpt lat="50.318888" lon="2.898521"><ele>63</ele></trkpt>
   <trkpt lat="50.318262" lon="2.898002"><ele>64.75</ele></trkpt>
   <trkpt lat="50.317221" lon="2.897188"><ele>65</ele></trkpt>
   <trkpt lat="50.316372" lon="2.896551"><ele>66.25</ele></trkpt>
   <trkpt lat="50.315471" lon="2.895912"><ele>64.25</ele></trkpt>
   <trkpt lat="50.31471" lon="2.895395"><ele>67.25</ele></trkpt>
   <trkpt lat="50.313825" lon="2.894817"><ele>63</ele></trkpt>
   <trkpt lat="50.312568" lon="2.89404"><ele>61</ele></trkpt>
   <trkpt lat="50.308364" lon="2.89155"><ele>55</ele></trkpt>
   <trkpt lat="50.307616" lon="2.891109"><ele>54</ele></trkpt>
   <trkpt lat="50.29985" lon="2.886511"><ele>49.25</ele></trkpt>
   <trkpt lat="50.298808" lon="2.885872"><ele>49.25</ele></trkpt>
   <trkpt lat="50.29786" lon="2.88527"><ele>50.25</ele></trkpt>
   <trkpt lat="50.297115" lon="2.884782"><ele>51.5</ele></trkpt>
   <trkpt lat="50.29657" lon="2.884415"><ele>52.25</ele></trkpt>
   <trkpt lat="50.295733" lon="2.883826"><ele>53.75</ele></trkpt>
   <trkpt lat="50.29446" lon="2.882904"><ele>55.75</ele></trkpt>
   <trkpt lat="50.293449" lon="2.882136"><ele>56</ele></trkpt>
   <trkpt lat="50.292852" lon="2.881671"><ele>58</ele></trkpt>
   <trkpt lat="50.292065" lon="2.88104"><ele>59</ele></trkpt>
   <trkpt lat="50.291076" lon="2.880223"><ele>61.75</ele></trkpt>
   <trkpt lat="50.289967" lon="2.879271"><ele>65.25</ele></trkpt>
   <trkpt lat="50.289046" lon="2.878446"><ele>69.5</ele></trkpt>
   <trkpt lat="50.288225" lon="2.877691"><ele>74</ele></trkpt>
   <trkpt lat="50.287421" lon="2.87693"><ele>75.75</ele></trkpt>
   <trkpt lat="50.286029" lon="2.875569"><ele>79.25</ele></trkpt>
   <trkpt lat="50.281389" lon="2.870972"><ele>91.25</ele></trkpt>
   <trkpt lat="50.277673" lon="2.867287"><ele>95.75</ele></trkpt>
   <trkpt lat="50.276335" lon="2.865984"><ele>96.25</ele></trkpt>
   <trkpt lat="50.275469" lon="2.865173"><ele>96.5</ele></trkpt>
   <trkpt lat="50.274567" lon="2.864363"><ele>97</ele></trkpt>
   <trkpt lat="50.274067" lon="2.863931"><ele>96.75</ele></trkpt>
   <trkpt lat="50.273243" lon="2.863243"><ele>96.75</ele></trkpt>
   <trkpt lat="50.27276" lon="2.862852"><ele>95.5</ele></trkpt>
   <trkpt lat="50.271744" lon="2.862061"><ele>94.75</ele></trkpt>
   <trkpt lat="50.270891" lon="2.861427"><ele>94.25</ele></trkpt>
   <trkpt lat="50.270448" lon="2.861109"><ele>94.5</ele></trkpt>
   <trkpt lat="50.269207" lon="2.860259"><ele>93.5</ele></trkpt>
   <trkpt lat="50.268084" lon="2.859542"><ele>94</ele></trkpt>
   <trkpt lat="50.267345" lon="2.859093"><ele>93.75</ele></trkpt>
   <trkpt lat="50.266861" lon="2.858808"><ele>94.25</ele></trkpt>
   <trkpt lat="50.265772" lon="2.858201"><ele>93.5</ele></trkpt>
   <trkpt lat="50.264721" lon="2.857655"><ele>92.75</ele></trkpt>
   <trkpt lat="50.263916" lon="2.857258"><ele>92.5</ele></trkpt>
   <trkpt lat="50.262802" lon="2.856749"><ele>92</ele></trkpt>
   <trkpt lat="50.2618" lon="2.856323"><ele>89.25</ele></trkpt>
   <trkpt lat="50.260876" lon="2.855959"><ele>87</ele></trkpt>
   <trkpt lat="50.259993" lon="2.855638"><ele>85.5</ele></trkpt>
   <trkpt lat="50.259231" lon="2.855381"><ele>84</ele></trkpt>
   <trkpt lat="50.258459" lon="2.855135"><ele>82</ele></trkpt>
   <trkpt lat="50.257697" lon="2.854913"><ele>80.5</ele></trkpt>
   <trkpt lat="50.257177" lon="2.854773"><ele>79.75</ele></trkpt>
   <trkpt lat="50.256159" lon="2.854514"><ele>77</ele></trkpt>
   <trkpt lat="50.252276" lon="2.85362"><ele>64.25</ele></trkpt>
   <trkpt lat="50.252079" lon="2.853575"><ele>65.5</ele></trkpt>
   <trkpt lat="50.250148" lon="2.853141"><ele>70</ele></trkpt>
   <trkpt lat="50.249458" lon="2.853002"><ele>71</ele></trkpt>
   <trkpt lat="50.248764" lon="2.852877"><ele>71.25</ele></trkpt>
   <trkpt lat="50.248072" lon="2.852767"><ele>73.75</ele></trkpt>
   <trkpt lat="50.247383" lon="2.85267"><ele>73</ele></trkpt>
   <trkpt lat="50.246691" lon="2.852587"><ele>74.5</ele></trkpt>
   <trkpt lat="50.246006" lon="2.852517"><ele>77.25</ele></trkpt>
   <trkpt lat="50.244947" lon="2.852436"><ele>79.75</ele></trkpt>
   <trkpt lat="50.244204" lon="2.8524"><ele>81.25</ele></trkpt>
   <trkpt lat="50.24335" lon="2.852377"><ele>81.75</ele></trkpt>
   <trkpt lat="50.242416" lon="2.852378"><ele>82</ele></trkpt>
   <trkpt lat="50.241386" lon="2.852409"><ele>81.25</ele></trkpt>
   <trkpt lat="50.240268" lon="2.852476"><ele>79.25</ele></trkpt>
   <trkpt lat="50.239161" lon="2.852578"><ele>77.75</ele></trkpt>
   <trkpt lat="50.238285" lon="2.852684"><ele>75.75</ele></trkpt>
   <trkpt lat="50.237382" lon="2.852818"><ele>73.25</ele></trkpt>
   <trkpt lat="50.236679" lon="2.852937"><ele>72</ele></trkpt>
   <trkpt lat="50.23533" lon="2.853207"><ele>71.5</ele></trkpt>
   <trkpt lat="50.234491" lon="2.853412"><ele>65.25</ele></trkpt>
   <trkpt lat="50.234211" lon="2.85348"><ele>66</ele></trkpt>
   <trkpt lat="50.233683" lon="2.853611"><ele>73.75</ele></trkpt>
   <trkpt lat="50.232598" lon="2.853921"><ele>74.5</ele></trkpt>
   <trkpt lat="50.231645" lon="2.854227"><ele>76.5</ele></trkpt>
   <trkpt lat="50.230993" lon="2.85445"><ele>78.75</ele></trkpt>
   <trkpt lat="50.230292" lon="2.854703"><ele>81.5</ele></trkpt>
   <trkpt lat="50.228857" lon="2.855262"><ele>85.5</ele></trkpt>
   <trkpt lat="50.224558" lon="2.857005"><ele>93.5</ele></trkpt>
   <trkpt lat="50.224476" lon="2.857039"><ele>92.25</ele></trkpt>
   <trkpt lat="50.220829" lon="2.858526"><ele>100.5</ele></trkpt>
   <trkpt lat="50.214512" lon="2.861096"><ele>102.75</ele></trkpt>
   <trkpt lat="50.212769" lon="2.861799"><ele>102.25</ele></trkpt>
   <trkpt lat="50.211148" lon="2.862441"><ele>103.25</ele></trkpt>
   <trkpt lat="50.210142" lon="2.862823"><ele>103</ele></trkpt>
   <trkpt lat="50.209587" lon="2.863024"><ele>102.75</ele></trkpt>
   <trkpt lat="50.207463" lon="2.863765"><ele>99.75</ele></trkpt>
   <trkpt lat="50.207351" lon="2.863803"><ele>100.5</ele></trkpt>
   <trkpt lat="50.203768" lon="2.865026"><ele>100.25</ele></trkpt>
   <trkpt lat="50.203454" lon="2.865135"><ele>96.25</ele></trkpt>
   <trkpt lat="50.196423" lon="2.867535"><ele>89.5</ele></trkpt>
   <trkpt lat="50.193571" lon="2.868509"><ele>79.75</ele></trkpt>
   <trkpt lat="50.193482" lon="2.86854"><ele>81</ele></trkpt>
   <trkpt lat="50.191497" lon="2.869218"><ele>85</ele></trkpt>
   <trkpt lat="50.191469" lon="2.869227"><ele>85</ele></trkpt>
   <trkpt lat="50.188717" lon="2.870167"><ele>88</ele></trkpt>
   <trkpt lat="50.187239" lon="2.870663"><ele>88.75</ele></trkpt>
   <trkpt lat="50.186708" lon="2.870829"><ele>90</ele></trkpt>
   <trkpt lat="50.185804" lon="2.871095"><ele>92</ele></trkpt>
   <trkpt lat="50.184699" lon="2.871385"><ele>94</ele></trkpt>
   <trkpt lat="50.183588" lon="2.871641"><ele>97</ele></trkpt>
   <trkpt lat="50.182246" lon="2.871902"><ele>100.25</ele></trkpt>
   <trkpt lat="50.181417" lon="2.872035"><ele>101.25</ele></trkpt>
   <trkpt lat="50.180815" lon="2.872117"><ele>100</ele></trkpt>
   <trkpt lat="50.180741" lon="2.872126"><ele>100.75</ele></trkpt>
   <trkpt lat="50.180322" lon="2.872181"><ele>102.5</ele></trkpt>
   <trkpt lat="50.179222" lon="2.872291"><ele>102.5</ele></trkpt>
   <trkpt lat="50.178385" lon="2.872356"><ele>102.75</ele></trkpt>
   <trkpt lat="50.176922" lon="2.872417"><ele>105</ele></trkpt>
   <trkpt lat="50.176459" lon="2.872423"><ele>106</ele></trkpt>
   <trkpt lat="50.175914" lon="2.872421"><ele>106.25</ele></trkpt>
   <trkpt lat="50.174466" lon="2.87238"><ele>108</ele></trkpt>
   <trkpt lat="50.169648" lon="2.872157"><ele>113.25</ele></trkpt>
   <trkpt lat="50.16907" lon="2.872137"><ele>114</ele></trkpt>
   <trkpt lat="50.167516" lon="2.872102"><ele>113</ele></trkpt>
   <trkpt lat="50.167151" lon="2.872104"><ele>111.5</ele></trkpt>
   <trkpt lat="50.166954" lon="2.872103"><ele>109.5</ele></trkpt>
   <trkpt lat="50.165499" lon="2.872122"><ele>113.5</ele></trkpt>
   <trkpt lat="50.160158" lon="2.872309"><ele>112.5</ele></trkpt>
   <trkpt lat="50.159527" lon="2.87232"><ele>112.75</ele></trkpt>
   <trkpt lat="50.158306" lon="2.872329"><ele>112</ele></trkpt>
   <trkpt lat="50.157285" lon="2.872315"><ele>112</ele></trkpt>
   <trkpt lat="50.156262" lon="2.872286"><ele>112</ele></trkpt>
   <trkpt lat="50.155259" lon="2.87224"><ele>111</ele></trkpt>
   <trkpt lat="50.151604" lon="2.872043"><ele>110.5</ele></trkpt>
   <trkpt lat="50.149231" lon="2.87192"><ele>110</ele></trkpt>
   <trkpt lat="50.148514" lon="2.871881"><ele>110</ele></trkpt>
   <trkpt lat="50.148238" lon="2.871859"><ele>110</ele></trkpt>
   <trkpt lat="50.147615" lon="2.871762"><ele>109.5</ele></trkpt>
   <trkpt lat="50.147155" lon="2.871714"><ele>109.75</ele></trkpt>
   <trkpt lat="50.140953" lon="2.871383"><ele>108.5</ele></trkpt>
   <trkpt lat="50.140664" lon="2.871375"><ele>109</ele></trkpt>
   <trkpt lat="50.139912" lon="2.871407"><ele>109</ele></trkpt>
   <trkpt lat="50.139611" lon="2.8714"><ele>109</ele></trkpt>
   <trkpt lat="50.138887" lon="2.871361"><ele>109</ele></trkpt>
   <trkpt lat="50.136335" lon="2.871286"><ele>108</ele></trkpt>
   <trkpt lat="50.134481" lon="2.871187"><ele>108</ele></trkpt>
   <trkpt lat="50.134454" lon="2.871186"><ele>108</ele></trkpt>
   <trkpt lat="50.132752" lon="2.8711"><ele>109</ele></trkpt>
   <trkpt lat="50.130561" lon="2.871024"><ele>110</ele></trkpt>
   <trkpt lat="50.129377" lon="2.871001"><ele>110</ele></trkpt>
   <trkpt lat="50.125091" lon="2.870944"><ele>112.25</ele></trkpt>
   <trkpt lat="50.097207" lon="2.870581"><ele>123</ele></trkpt>
   <trkpt lat="50.095561" lon="2.870548"><ele>125</ele></trkpt>
   <trkpt lat="50.094635" lon="2.870517"><ele>126</ele></trkpt>
   <trkpt lat="50.093295" lon="2.870441"><ele>128</ele></trkpt>
   <trkpt lat="50.091993" lon="2.87034"><ele>129.25</ele></trkpt>
   <trkpt lat="50.088556" lon="2.869991"><ele>127.25</ele></trkpt>
   <trkpt lat="50.088161" lon="2.869949"><ele>124.25</ele></trkpt>
   <trkpt lat="50.086477" lon="2.86977"><ele>127</ele></trkpt>
   <trkpt lat="50.085019" lon="2.869626"><ele>124</ele></trkpt>
   <trkpt lat="50.084049" lon="2.869548"><ele>123</ele></trkpt>
   <trkpt lat="50.083118" lon="2.869495"><ele>123.25</ele></trkpt>
   <trkpt lat="50.082315" lon="2.869464"><ele>122.75</ele></trkpt>
   <trkpt lat="50.081519" lon="2.869451"><ele>121.75</ele></trkpt>
   <trkpt lat="50.080722" lon="2.869451"><ele>120.5</ele></trkpt>
   <trkpt lat="50.079926" lon="2.869468"><ele>119</ele></trkpt>
   <trkpt lat="50.07936" lon="2.86949"><ele>118</ele></trkpt>
   <trkpt lat="50.078182" lon="2.869557"><ele>116.5</ele></trkpt>
   <trkpt lat="50.077552" lon="2.86961"><ele>114</ele></trkpt>
   <trkpt lat="50.076292" lon="2.869741"><ele>112.75</ele></trkpt>
   <trkpt lat="50.075618" lon="2.869826"><ele>113</ele></trkpt>
   <trkpt lat="50.074062" lon="2.870066"><ele>112.75</ele></trkpt>
   <trkpt lat="50.063278" lon="2.87199"><ele>118</ele></trkpt>
   <trkpt lat="50.05361" lon="2.873723"><ele>118.25</ele></trkpt>
   <trkpt lat="50.052196" lon="2.873995"><ele>119.25</ele></trkpt>
   <trkpt lat="50.051349" lon="2.874175"><ele>120</ele></trkpt>
   <trkpt lat="50.05001" lon="2.874505"><ele>121.25</ele></trkpt>
   <trkpt lat="50.049489" lon="2.874644"><ele>121</ele></trkpt>
   <trkpt lat="50.0483" lon="2.874989"><ele>123</ele></trkpt>
   <trkpt lat="50.046726" lon="2.875477"><ele>126.25</ele></trkpt>
   <trkpt lat="50.043874" lon="2.87638"><ele>130.75</ele></trkpt>
   <trkpt lat="50.040806" lon="2.877334"><ele>137</ele></trkpt>
   <trkpt lat="50.04022" lon="2.877504"><ele>137</ele></trkpt>
   <trkpt lat="50.039622" lon="2.877666"><ele>139</ele></trkpt>
   <trkpt lat="50.038512" lon="2.877941"><ele>141.5</ele></trkpt>
   <trkpt lat="50.03797" lon="2.878061"><ele>141.25</ele></trkpt>
   <trkpt lat="50.037053" lon="2.878243"><ele>143</ele></trkpt>
   <trkpt lat="50.036241" lon="2.878385"><ele>143</ele></trkpt>
   <trkpt lat="50.035154" lon="2.878545"><ele>142</ele></trkpt>
   <trkpt lat="50.03459" lon="2.878614"><ele>143.25</ele></trkpt>
   <trkpt lat="50.033587" lon="2.878715"><ele>144</ele></trkpt>
   <trkpt lat="50.032669" lon="2.878782"><ele>144.25</ele></trkpt>
   <trkpt lat="50.031949" lon="2.878817"><ele>144.25</ele></trkpt>
   <trkpt lat="50.030964" lon="2.878841"><ele>143.25</ele></trkpt>
   <trkpt lat="50.030376" lon="2.878843"><ele>142</ele></trkpt>
   <trkpt lat="50.029" lon="2.878809"><ele>140.5</ele></trkpt>
   <trkpt lat="50.027723" lon="2.878724"><ele>136.25</ele></trkpt>
   <trkpt lat="50.02676" lon="2.878632"><ele>134.25</ele></trkpt>
   <trkpt lat="50.026396" lon="2.878589"><ele>133</ele></trkpt>
   <trkpt lat="50.024815" lon="2.878371"><ele>128.5</ele></trkpt>
   <trkpt lat="50.013761" lon="2.876667"><ele>121.75</ele></trkpt>
   <trkpt lat="50.012753" lon="2.876496"><ele>121.5</ele></trkpt>
   <trkpt lat="50.012371" lon="2.876419"><ele>123</ele></trkpt>
   <trkpt lat="50.01123" lon="2.876218"><ele>123.75</ele></trkpt>
   <trkpt lat="50.01089" lon="2.876161"><ele>121.5</ele></trkpt>
   <trkpt lat="50.010627" lon="2.876123"><ele>124.5</ele></trkpt>
   <trkpt lat="50.010306" lon="2.876076"><ele>126</ele></trkpt>
   <trkpt lat="50.003657" lon="2.87505"><ele>128.75</ele></trkpt>
   <trkpt lat="50.000821" lon="2.874613"><ele>122.75</ele></trkpt>
   <trkpt lat="49.999085" lon="2.874345"><ele>118.25</ele></trkpt>
   <trkpt lat="49.998299" lon="2.874211"><ele>115.5</ele></trkpt>
   <trkpt lat="49.997513" lon="2.874065"><ele>114</ele></trkpt>
   <trkpt lat="49.996726" lon="2.873902"><ele>111.75</ele></trkpt>
   <trkpt lat="49.99555" lon="2.873628"><ele>108.75</ele></trkpt>
   <trkpt lat="49.994659" lon="2.87339"><ele>106.75</ele></trkpt>
   <trkpt lat="49.993567" lon="2.873067"><ele>104.75</ele></trkpt>
   <trkpt lat="49.99229" lon="2.872641"><ele>102.25</ele></trkpt>
   <trkpt lat="49.990898" lon="2.872121"><ele>102</ele></trkpt>
   <trkpt lat="49.990357" lon="2.871896"><ele>97.5</ele></trkpt>
   <trkpt lat="49.990231" lon="2.871846"><ele>96.25</ele></trkpt>
   <trkpt lat="49.990005" lon="2.871755"><ele>100.5</ele></trkpt>
   <trkpt lat="49.989167" lon="2.871389"><ele>102.75</ele></trkpt>
   <trkpt lat="49.988079" lon="2.870876"><ele>101.25</ele></trkpt>
   <trkpt lat="49.987565" lon="2.870621"><ele>100.75</ele></trkpt>
   <trkpt lat="49.986706" lon="2.870175"><ele>101.5</ele></trkpt>
   <trkpt lat="49.98614" lon="2.869868"><ele>101</ele></trkpt>
   <trkpt lat="49.98502" lon="2.869228"><ele>99.5</ele></trkpt>
   <trkpt lat="49.984467" lon="2.868895"><ele>98</ele></trkpt>
   <trkpt lat="49.98311" lon="2.868037"><ele>94.75</ele></trkpt>
   <trkpt lat="49.972006" lon="2.860796"><ele>72.75</ele></trkpt>
   <trkpt lat="49.971889" lon="2.860719"><ele>72.5</ele></trkpt>
   <trkpt lat="49.969057" lon="2.858879"><ele>66.5</ele></trkpt>
   <trkpt lat="49.968103" lon="2.85828"><ele>63.25</ele></trkpt>
   <trkpt lat="49.967502" lon="2.857919"><ele>60.5</ele></trkpt>
   <trkpt lat="49.966892" lon="2.857566"><ele>59.5</ele></trkpt>
   <trkpt lat="49.965715" lon="2.85692"><ele>57</ele></trkpt>
   <trkpt lat="49.964734" lon="2.856419"><ele>54.5</ele></trkpt>
   <trkpt lat="49.963968" lon="2.856051"><ele>53</ele></trkpt>
   <trkpt lat="49.963225" lon="2.85571"><ele>52.25</ele></trkpt>
   <trkpt lat="49.962556" lon="2.855421"><ele>51</ele></trkpt>
   <trkpt lat="49.961566" lon="2.855014"><ele>51.75</ele></trkpt>
   <trkpt lat="49.960553" lon="2.854634"><ele>50.25</ele></trkpt>
   <trkpt lat="49.959726" lon="2.854345"><ele>50.25</ele></trkpt>
   <trkpt lat="49.958596" lon="2.853986"><ele>50</ele></trkpt>
   <trkpt lat="49.95756" lon="2.85369"><ele>49.75</ele></trkpt>
   <trkpt lat="49.95656" lon="2.853433"><ele>50</ele></trkpt>
   <trkpt lat="49.955542" lon="2.853206"><ele>50.5</ele></trkpt>
   <trkpt lat="49.954449" lon="2.852996"><ele>51</ele></trkpt>
   <trkpt lat="49.953216" lon="2.852792"><ele>51.75</ele></trkpt>
   <trkpt lat="49.951428" lon="2.852523"><ele>48.5</ele></trkpt>
   <trkpt lat="49.948789" lon="2.852136"><ele>50</ele></trkpt>
   <trkpt lat="49.947227" lon="2.85191"><ele>58</ele></trkpt>
   <trkpt lat="49.947078" lon="2.851888"><ele>58.25</ele></trkpt>
   <trkpt lat="49.944083" lon="2.85145"><ele>66.5</ele></trkpt>
   <trkpt lat="49.942576" lon="2.851239"><ele>70</ele></trkpt>
   <trkpt lat="49.942033" lon="2.851172"><ele>72</ele></trkpt>
   <trkpt lat="49.940644" lon="2.851035"><ele>78</ele></trkpt>
   <trkpt lat="49.940153" lon="2.851"><ele>80</ele></trkpt>
   <trkpt lat="49.939771" lon="2.850977"><ele>80.25</ele></trkpt>
   <trkpt lat="49.938924" lon="2.850944"><ele>82.5</ele></trkpt>
   <trkpt lat="49.937999" lon="2.850928"><ele>84.75</ele></trkpt>
   <trkpt lat="49.93717" lon="2.850935"><ele>87</ele></trkpt>
   <trkpt lat="49.93636" lon="2.850959"><ele>89.5</ele></trkpt>
   <trkpt lat="49.932883" lon="2.851113"><ele>94</ele></trkpt>
   <trkpt lat="49.931689" lon="2.85116"><ele>94</ele></trkpt>
   <trkpt lat="49.93099" lon="2.851175"><ele>92.75</ele></trkpt>
   <trkpt lat="49.930228" lon="2.851179"><ele>92.75</ele></trkpt>
   <trkpt lat="49.929492" lon="2.851165"><ele>92.5</ele></trkpt>
   <trkpt lat="49.92873" lon="2.851143"><ele>92.75</ele></trkpt>
   <trkpt lat="49.92823" lon="2.851117"><ele>92.75</ele></trkpt>
   <trkpt lat="49.927458" lon="2.851062"><ele>92.5</ele></trkpt>
   <trkpt lat="49.926253" lon="2.850953"><ele>90</ele></trkpt>
   <trkpt lat="49.914606" lon="2.849816"><ele>79.5</ele></trkpt>
   <trkpt lat="49.913814" lon="2.849729"><ele>81.75</ele></trkpt>
   <trkpt lat="49.912985" lon="2.849624"><ele>81</ele></trkpt>
   <trkpt lat="49.912255" lon="2.849516"><ele>81.25</ele></trkpt>
   <trkpt lat="49.911316" lon="2.849355"><ele>82.25</ele></trkpt>
   <trkpt lat="49.910725" lon="2.849239"><ele>80.25</ele></trkpt>
   <trkpt lat="49.910488" lon="2.849191"><ele>79.25</ele></trkpt>
   <trkpt lat="49.909609" lon="2.848993"><ele>81.25</ele></trkpt>
   <trkpt lat="49.908794" lon="2.84879"><ele>81</ele></trkpt>
   <trkpt lat="49.908019" lon="2.84858"><ele>82</ele></trkpt>
   <trkpt lat="49.907279" lon="2.848361"><ele>80.5</ele></trkpt>
   <trkpt lat="49.90671" lon="2.84818"><ele>79.75</ele></trkpt>
   <trkpt lat="49.906032" lon="2.847955"><ele>79.5</ele></trkpt>
   <trkpt lat="49.90537" lon="2.847719"><ele>79</ele></trkpt>
   <trkpt lat="49.904746" lon="2.847487"><ele>79.5</ele></trkpt>
   <trkpt lat="49.904155" lon="2.847252"><ele>78</ele></trkpt>
   <trkpt lat="49.902979" lon="2.846755"><ele>77.75</ele></trkpt>
   <trkpt lat="49.902455" lon="2.84652"><ele>77.25</ele></trkpt>
   <trkpt lat="49.901916" lon="2.846266"><ele>76.5</ele></trkpt>
   <trkpt lat="49.900672" lon="2.84565"><ele>75.75</ele></trkpt>
   <trkpt lat="49.899567" lon="2.845059"><ele>75</ele></trkpt>
   <trkpt lat="49.89889" lon="2.844674"><ele>74.25</ele></trkpt>
   <trkpt lat="49.897437" lon="2.843807"><ele>72.5</ele></trkpt>
   <trkpt lat="49.894167" lon="2.841797"><ele>70</ele></trkpt>
   <trkpt lat="49.892672" lon="2.840908"><ele>68</ele></trkpt>
   <trkpt lat="49.891995" lon="2.84053"><ele>67.75</ele></trkpt>
   <trkpt lat="49.890728" lon="2.839865"><ele>69.25</ele></trkpt>
   <trkpt lat="49.890032" lon="2.839521"><ele>71.75</ele></trkpt>
   <trkpt lat="49.889298" lon="2.839175"><ele>75.5</ele></trkpt>
   <trkpt lat="49.885331" lon="2.837604"><ele>77</ele></trkpt>
   <trkpt lat="49.883906" lon="2.837162"><ele>70.25</ele></trkpt>
   <trkpt lat="49.882196" lon="2.836693"><ele>69</ele></trkpt>
   <trkpt lat="49.878139" lon="2.835633"><ele>72</ele></trkpt>
   <trkpt lat="49.876258" lon="2.835163"><ele>75.5</ele></trkpt>
   <trkpt lat="49.875081" lon="2.834904"><ele>77</ele></trkpt>
   <trkpt lat="49.873578" lon="2.834605"><ele>76.75</ele></trkpt>
   <trkpt lat="49.872831" lon="2.83447"><ele>77.75</ele></trkpt>
   <trkpt lat="49.870695" lon="2.834114"><ele>79.25</ele></trkpt>
   <trkpt lat="49.869977" lon="2.83398"><ele>80.25</ele></trkpt>
   <trkpt lat="49.868354" lon="2.833716"><ele>80</ele></trkpt>
   <trkpt lat="49.870883" lon="2.834207"><ele>79.25</ele></trkpt>
   <trkpt lat="49.865189" lon="2.833254"><ele>81.5</ele></trkpt>
   <trkpt lat="49.853671" lon="2.831334"><ele>81.25</ele></trkpt>
   <trkpt lat="49.848365" lon="2.830443"><ele>78.25</ele></trkpt>
   <trkpt lat="49.849624" lon="2.830626"><ele>78.5</ele></trkpt>
   <trkpt lat="49.850244" lon="2.830706"><ele>79.75</ele></trkpt>
   <trkpt lat="49.850895" lon="2.830805"><ele>80</ele></trkpt>
   <trkpt lat="49.844958" lon="2.82981"><ele>78.75</ele></trkpt>
   <trkpt lat="49.840293" lon="2.829034"><ele>84</ele></trkpt>
   <trkpt lat="49.83885" lon="2.828765"><ele>84.75</ele></trkpt>
   <trkpt lat="49.838034" lon="2.828586"><ele>85</ele></trkpt>
   <trkpt lat="49.8371" lon="2.82836"><ele>84.5</ele></trkpt>
   <trkpt lat="49.836455" lon="2.828188"><ele>84.5</ele></trkpt>
   <trkpt lat="49.83576" lon="2.827988"><ele>85</ele></trkpt>
   <trkpt lat="49.834675" lon="2.827649"><ele>84</ele></trkpt>
   <trkpt lat="49.834018" lon="2.827425"><ele>84</ele></trkpt>
   <trkpt lat="49.833385" lon="2.827196"><ele>84</ele></trkpt>
   <trkpt lat="49.832635" lon="2.826912"><ele>84.25</ele></trkpt>
   <trkpt lat="49.831983" lon="2.826651"><ele>84</ele></trkpt>
   <trkpt lat="49.831367" lon="2.826387"><ele>84</ele></trkpt>
   <trkpt lat="49.83014" lon="2.825838"><ele>83.5</ele></trkpt>
   <trkpt lat="49.814766" lon="2.818652"><ele>89</ele></trkpt>
   <trkpt lat="49.813772" lon="2.818172"><ele>89.75</ele></trkpt>
   <trkpt lat="49.812963" lon="2.817762"><ele>89</ele></trkpt>
   <trkpt lat="49.811796" lon="2.817131"><ele>89.25</ele></trkpt>
   <trkpt lat="49.811209" lon="2.816797"><ele>89.25</ele></trkpt>
   <trkpt lat="49.810072" lon="2.816113"><ele>92</ele></trkpt>
   <trkpt lat="49.80951" lon="2.815761"><ele>91.75</ele></trkpt>
   <trkpt lat="49.808974" lon="2.815411"><ele>92</ele></trkpt>
   <trkpt lat="49.808539" lon="2.815119"><ele>92.75</ele></trkpt>
   <trkpt lat="49.80748" lon="2.814381"><ele>94.75</ele></trkpt>
   <trkpt lat="49.806989" lon="2.814023"><ele>94.5</ele></trkpt>
   <trkpt lat="49.806268" lon="2.81348"><ele>94.5</ele></trkpt>
   <trkpt lat="49.805435" lon="2.812834"><ele>91</ele></trkpt>
   <trkpt lat="49.805011" lon="2.812488"><ele>93.5</ele></trkpt>
   <trkpt lat="49.804339" lon="2.811935"><ele>95.25</ele></trkpt>
   <trkpt lat="49.803984" lon="2.81163"><ele>90</ele></trkpt>
   <trkpt lat="49.803835" lon="2.811502"><ele>88.25</ele></trkpt>
   <trkpt lat="49.802944" lon="2.810729"><ele>91.5</ele></trkpt>
   <trkpt lat="49.799264" lon="2.807439"><ele>88.5</ele></trkpt>
   <trkpt lat="49.798083" lon="2.806418"><ele>88.5</ele></trkpt>
   <trkpt lat="49.797114" lon="2.80562"><ele>86.75</ele></trkpt>
   <trkpt lat="49.796142" lon="2.80486"><ele>86</ele></trkpt>
   <trkpt lat="49.795154" lon="2.80413"><ele>85.25</ele></trkpt>
   <trkpt lat="49.79458" lon="2.803721"><ele>84.5</ele></trkpt>
   <trkpt lat="49.793985" lon="2.803312"><ele>85.25</ele></trkpt>
   <trkpt lat="49.793317" lon="2.80287"><ele>85</ele></trkpt>
   <trkpt lat="49.79259" lon="2.802402"><ele>85.5</ele></trkpt>
   <trkpt lat="49.791907" lon="2.801984"><ele>85.25</ele></trkpt>
   <trkpt lat="49.791719" lon="2.80187"><ele>83.75</ele></trkpt>
   <trkpt lat="49.790854" lon="2.801372"><ele>86.25</ele></trkpt>
   <trkpt lat="49.790096" lon="2.800951"><ele>84.5</ele></trkpt>
   <trkpt lat="49.789533" lon="2.800656"><ele>84.25</ele></trkpt>
   <trkpt lat="49.788934" lon="2.80035"><ele>84.75</ele></trkpt>
   <trkpt lat="49.78824" lon="2.800011"><ele>86</ele></trkpt>
   <trkpt lat="49.787014" lon="2.79945"><ele>85.75</ele></trkpt>
   <trkpt lat="49.785928" lon="2.798995"><ele>84.75</ele></trkpt>
   <trkpt lat="49.784875" lon="2.798586"><ele>84.75</ele></trkpt>
   <trkpt lat="49.783767" lon="2.798197"><ele>84.25</ele></trkpt>
   <trkpt lat="49.783155" lon="2.797999"><ele>84.5</ele></trkpt>
   <trkpt lat="49.782498" lon="2.797795"><ele>84</ele></trkpt>
   <trkpt lat="49.781679" lon="2.797564"><ele>84</ele></trkpt>
   <trkpt lat="49.780854" lon="2.797351"><ele>84</ele></trkpt>
   <trkpt lat="49.779828" lon="2.797114"><ele>83.5</ele></trkpt>
   <trkpt lat="49.779195" lon="2.796982"><ele>83</ele></trkpt>
   <trkpt lat="49.778531" lon="2.796856"><ele>83</ele></trkpt>
   <trkpt lat="49.777799" lon="2.796733"><ele>82.25</ele></trkpt>
   <trkpt lat="49.777047" lon="2.796624"><ele>82.75</ele></trkpt>
   <trkpt lat="49.776149" lon="2.79651"><ele>82.75</ele></trkpt>
   <trkpt lat="49.771877" lon="2.796058"><ele>84</ele></trkpt>
   <trkpt lat="49.770498" lon="2.795887"><ele>84</ele></trkpt>
   <trkpt lat="49.769482" lon="2.795727"><ele>85.25</ele></trkpt>
   <trkpt lat="49.768926" lon="2.79563"><ele>84.25</ele></trkpt>
   <trkpt lat="49.768371" lon="2.795519"><ele>85.25</ele></trkpt>
   <trkpt lat="49.767323" lon="2.795293"><ele>84.5</ele></trkpt>
   <trkpt lat="49.766757" lon="2.795155"><ele>86</ele></trkpt>
   <trkpt lat="49.766119" lon="2.794991"><ele>85</ele></trkpt>
   <trkpt lat="49.765433" lon="2.7948"><ele>84.5</ele></trkpt>
   <trkpt lat="49.764424" lon="2.794495"><ele>86</ele></trkpt>
   <trkpt lat="49.760085" lon="2.793076"><ele>87.25</ele></trkpt>
   <trkpt lat="49.758535" lon="2.792558"><ele>87</ele></trkpt>
   <trkpt lat="49.756969" lon="2.792001"><ele>88.25</ele></trkpt>
   <trkpt lat="49.755618" lon="2.791492"><ele>90</ele></trkpt>
   <trkpt lat="49.752134" lon="2.790098"><ele>93.5</ele></trkpt>
   <trkpt lat="49.751948" lon="2.790023"><ele>92.75</ele></trkpt>
   <trkpt lat="49.747021" lon="2.788036"><ele>94.75</ele></trkpt>
   <trkpt lat="49.740877" lon="2.785562"><ele>89</ele></trkpt>
   <trkpt lat="49.739398" lon="2.784939"><ele>89</ele></trkpt>
   <trkpt lat="49.738462" lon="2.784514"><ele>89.75</ele></trkpt>
   <trkpt lat="49.737717" lon="2.784155"><ele>89</ele></trkpt>
   <trkpt lat="49.7369" lon="2.783743"><ele>88.5</ele></trkpt>
   <trkpt lat="49.73648" lon="2.783522"><ele>88.5</ele></trkpt>
   <trkpt lat="49.735582" lon="2.783029"><ele>88.75</ele></trkpt>
   <trkpt lat="49.734592" lon="2.782454"><ele>88.25</ele></trkpt>
   <trkpt lat="49.733495" lon="2.781775"><ele>88.5</ele></trkpt>
   <trkpt lat="49.732948" lon="2.781419"><ele>87.25</ele></trkpt>
   <trkpt lat="49.73185" lon="2.780674"><ele>87.25</ele></trkpt>
   <trkpt lat="49.73078" lon="2.779908"><ele>86.25</ele></trkpt>
   <trkpt lat="49.726037" lon="2.77636"><ele>86</ele></trkpt>
   <trkpt lat="49.725148" lon="2.775711"><ele>86.5</ele></trkpt>
   <trkpt lat="49.724281" lon="2.775102"><ele>86.25</ele></trkpt>
   <trkpt lat="49.723534" lon="2.774602"><ele>86.25</ele></trkpt>
   <trkpt lat="49.722786" lon="2.77412"><ele>86</ele></trkpt>
   <trkpt lat="49.722163" lon="2.773734"><ele>85.5</ele></trkpt>
   <trkpt lat="49.721509" lon="2.773344"><ele>85</ele></trkpt>
   <trkpt lat="49.720702" lon="2.77288"><ele>85.5</ele></trkpt>
   <trkpt lat="49.720261" lon="2.772639"><ele>85.25</ele></trkpt>
   <trkpt lat="49.719529" lon="2.772249"><ele>85</ele></trkpt>
   <trkpt lat="49.718766" lon="2.771865"><ele>84</ele></trkpt>
   <trkpt lat="49.717774" lon="2.771393"><ele>84.75</ele></trkpt>
   <trkpt lat="49.716929" lon="2.771016"><ele>83.75</ele></trkpt>
   <trkpt lat="49.716321" lon="2.770758"><ele>83.75</ele></trkpt>
   <trkpt lat="49.715701" lon="2.770509"><ele>83</ele></trkpt>
   <trkpt lat="49.714537" lon="2.770072"><ele>82</ele></trkpt>
   <trkpt lat="49.713958" lon="2.76987"><ele>81.5</ele></trkpt>
   <trkpt lat="49.713367" lon="2.769673"><ele>82</ele></trkpt>
   <trkpt lat="49.712761" lon="2.769484"><ele>81.5</ele></trkpt>
   <trkpt lat="49.712077" lon="2.76928"><ele>80.5</ele></trkpt>
   <trkpt lat="49.711393" lon="2.769098"><ele>80.25</ele></trkpt>
   <trkpt lat="49.710399" lon="2.768853"><ele>79</ele></trkpt>
   <trkpt lat="49.709678" lon="2.768695"><ele>77.75</ele></trkpt>
   <trkpt lat="49.708996" lon="2.768556"><ele>79.25</ele></trkpt>
   <trkpt lat="49.70831" lon="2.768431"><ele>77.75</ele></trkpt>
   <trkpt lat="49.707833" lon="2.768351"><ele>79.25</ele></trkpt>
   <trkpt lat="49.707105" lon="2.768246"><ele>79.75</ele></trkpt>
   <trkpt lat="49.706374" lon="2.768155"><ele>80</ele></trkpt>
   <trkpt lat="49.705689" lon="2.768083"><ele>82</ele></trkpt>
   <trkpt lat="49.704883" lon="2.768012"><ele>82.75</ele></trkpt>
   <trkpt lat="49.704081" lon="2.767962"><ele>83.5</ele></trkpt>
   <trkpt lat="49.703194" lon="2.76793"><ele>83.5</ele></trkpt>
   <trkpt lat="49.702308" lon="2.767921"><ele>83.25</ele></trkpt>
   <trkpt lat="49.701221" lon="2.767939"><ele>83.25</ele></trkpt>
   <trkpt lat="49.700141" lon="2.767992"><ele>82.5</ele></trkpt>
   <trkpt lat="49.699408" lon="2.768042"><ele>81</ele></trkpt>
   <trkpt lat="49.698674" lon="2.768115"><ele>80.5</ele></trkpt>
   <trkpt lat="49.697841" lon="2.768212"><ele>79</ele></trkpt>
   <trkpt lat="49.697008" lon="2.768331"><ele>78</ele></trkpt>
   <trkpt lat="49.69639" lon="2.76843"><ele>78</ele></trkpt>
   <trkpt lat="49.69507" lon="2.768669"><ele>72.75</ele></trkpt>
   <trkpt lat="49.693185" lon="2.769094"><ele>74</ele></trkpt>
   <trkpt lat="49.68977" lon="2.769882"><ele>79.25</ele></trkpt>
   <trkpt lat="49.688389" lon="2.770178"><ele>81.25</ele></trkpt>
   <trkpt lat="49.687798" lon="2.770289"><ele>82</ele></trkpt>
   <trkpt lat="49.687111" lon="2.770407"><ele>83.25</ele></trkpt>
   <trkpt lat="49.686532" lon="2.770494"><ele>84.25</ele></trkpt>
   <trkpt lat="49.685898" lon="2.770583"><ele>84</ele></trkpt>
   <trkpt lat="49.685071" lon="2.770678"><ele>85</ele></trkpt>
   <trkpt lat="49.68425" lon="2.770749"><ele>86.25</ele></trkpt>
   <trkpt lat="49.683326" lon="2.77081"><ele>86</ele></trkpt>
   <trkpt lat="49.682241" lon="2.770853"><ele>86</ele></trkpt>
   <trkpt lat="49.681591" lon="2.77086"><ele>86</ele></trkpt>
   <trkpt lat="49.680543" lon="2.770846"><ele>86</ele></trkpt>
   <trkpt lat="49.679659" lon="2.770813"><ele>85</ele></trkpt>
   <trkpt lat="49.679221" lon="2.770789"><ele>85.25</ele></trkpt>
   <trkpt lat="49.678" lon="2.770688"><ele>84.75</ele></trkpt>
   <trkpt lat="49.677105" lon="2.770589"><ele>84.25</ele></trkpt>
   <trkpt lat="49.676485" lon="2.770505"><ele>84.25</ele></trkpt>
   <trkpt lat="49.675914" lon="2.770418"><ele>82.75</ele></trkpt>
   <trkpt lat="49.674747" lon="2.770212"><ele>84</ele></trkpt>
   <trkpt lat="49.673808" lon="2.770017"><ele>82.75</ele></trkpt>
   <trkpt lat="49.67334" lon="2.76991"><ele>82.25</ele></trkpt>
   <trkpt lat="49.672372" lon="2.76967"><ele>82.75</ele></trkpt>
   <trkpt lat="49.671785" lon="2.769508"><ele>83.25</ele></trkpt>
   <trkpt lat="49.671152" lon="2.769325"><ele>83</ele></trkpt>
   <trkpt lat="49.670448" lon="2.769106"><ele>83.75</ele></trkpt>
   <trkpt lat="49.669624" lon="2.76883"><ele>84.5</ele></trkpt>
   <trkpt lat="49.668754" lon="2.768517"><ele>85</ele></trkpt>
   <trkpt lat="49.667504" lon="2.768026"><ele>85</ele></trkpt>
   <trkpt lat="49.66687" lon="2.767757"><ele>85</ele></trkpt>
   <trkpt lat="49.666249" lon="2.767481"><ele>85</ele></trkpt>
   <trkpt lat="49.665283" lon="2.767031"><ele>85.75</ele></trkpt>
   <trkpt lat="49.662438" lon="2.765639"><ele>86.5</ele></trkpt>
   <trkpt lat="49.660243" lon="2.764558"><ele>87.5</ele></trkpt>
   <trkpt lat="49.659353" lon="2.76412"><ele>87.25</ele></trkpt>
   <trkpt lat="49.658413" lon="2.763677"><ele>88</ele></trkpt>
   <trkpt lat="49.656906" lon="2.762982"><ele>88.25</ele></trkpt>
   <trkpt lat="49.653614" lon="2.761366"><ele>90</ele></trkpt>
   <trkpt lat="49.652306" lon="2.760758"><ele>90.75</ele></trkpt>
   <trkpt lat="49.651689" lon="2.760491"><ele>91.25</ele></trkpt>
   <trkpt lat="49.651031" lon="2.760217"><ele>92</ele></trkpt>
   <trkpt lat="49.650378" lon="2.759961"><ele>91.75</ele></trkpt>
   <trkpt lat="49.649577" lon="2.75966"><ele>90.75</ele></trkpt>
   <trkpt lat="49.648378" lon="2.759251"><ele>90.75</ele></trkpt>
   <trkpt lat="49.647179" lon="2.758887"><ele>90.75</ele></trkpt>
   <trkpt lat="49.646441" lon="2.758681"><ele>91.25</ele></trkpt>
   <trkpt lat="49.644561" lon="2.75821"><ele>91.5</ele></trkpt>
   <trkpt lat="49.632044" lon="2.755176"><ele>94.25</ele></trkpt>
   <trkpt lat="49.630384" lon="2.7548"><ele>94.25</ele></trkpt>
   <trkpt lat="49.629464" lon="2.75462"><ele>92.25</ele></trkpt>
   <trkpt lat="49.628687" lon="2.754483"><ele>93.5</ele></trkpt>
   <trkpt lat="49.627708" lon="2.754336"><ele>91.5</ele></trkpt>
   <trkpt lat="49.626607" lon="2.754209"><ele>91.75</ele></trkpt>
   <trkpt lat="49.625915" lon="2.754144"><ele>91.25</ele></trkpt>
   <trkpt lat="49.625196" lon="2.754091"><ele>90.25</ele></trkpt>
   <trkpt lat="49.624456" lon="2.754052"><ele>90.25</ele></trkpt>
   <trkpt lat="49.623528" lon="2.754027"><ele>90.25</ele></trkpt>
   <trkpt lat="49.622755" lon="2.754024"><ele>89.5</ele></trkpt>
   <trkpt lat="49.621501" lon="2.754057"><ele>89</ele></trkpt>
   <trkpt lat="49.620003" lon="2.754141"><ele>87.75</ele></trkpt>
   <trkpt lat="49.615293" lon="2.754461"><ele>90</ele></trkpt>
   <trkpt lat="49.614516" lon="2.7545"><ele>90.25</ele></trkpt>
   <trkpt lat="49.61374" lon="2.754526"><ele>90.75</ele></trkpt>
   <trkpt lat="49.613041" lon="2.754536"><ele>91.5</ele></trkpt>
   <trkpt lat="49.611828" lon="2.754519"><ele>91.5</ele></trkpt>
   <trkpt lat="49.610685" lon="2.754463"><ele>91</ele></trkpt>
   <trkpt lat="49.610025" lon="2.754415"><ele>90.75</ele></trkpt>
   <trkpt lat="49.609414" lon="2.754358"><ele>89.5</ele></trkpt>
   <trkpt lat="49.608682" lon="2.754279"><ele>88</ele></trkpt>
   <trkpt lat="49.60796" lon="2.754181"><ele>87.5</ele></trkpt>
   <trkpt lat="49.607203" lon="2.754066"><ele>85.5</ele></trkpt>
   <trkpt lat="49.606485" lon="2.75394"><ele>84.75</ele></trkpt>
   <trkpt lat="49.605722" lon="2.753791"><ele>82.75</ele></trkpt>
   <trkpt lat="49.605101" lon="2.753656"><ele>82.75</ele></trkpt>
   <trkpt lat="49.604465" lon="2.753507"><ele>80.5</ele></trkpt>
   <trkpt lat="49.603731" lon="2.753321"><ele>80.25</ele></trkpt>
   <trkpt lat="49.603008" lon="2.753122"><ele>78.75</ele></trkpt>
   <trkpt lat="49.602215" lon="2.752883"><ele>76</ele></trkpt>
   <trkpt lat="49.601401" lon="2.752619"><ele>75.5</ele></trkpt>
   <trkpt lat="49.600423" lon="2.752275"><ele>74.75</ele></trkpt>
   <trkpt lat="49.599443" lon="2.751901"><ele>72.75</ele></trkpt>
   <trkpt lat="49.597489" lon="2.751117"><ele>72</ele></trkpt>
   <trkpt lat="49.594623" lon="2.749951"><ele>71</ele></trkpt>
   <trkpt lat="49.583056" lon="2.745254"><ele>68.75</ele></trkpt>
   <trkpt lat="49.582937" lon="2.745206"><ele>68.75</ele></trkpt>
   <trkpt lat="49.581596" lon="2.744658"><ele>70.5</ele></trkpt>
   <trkpt lat="49.580361" lon="2.744139"><ele>72</ele></trkpt>
   <trkpt lat="49.57871" lon="2.743402"><ele>73.75</ele></trkpt>
   <trkpt lat="49.577075" lon="2.742629"><ele>74.5</ele></trkpt>
   <trkpt lat="49.575614" lon="2.741905"><ele>77.75</ele></trkpt>
   <trkpt lat="49.572524" lon="2.740335"><ele>78.75</ele></trkpt>
   <trkpt lat="49.572187" lon="2.740163"><ele>78.75</ele></trkpt>
   <trkpt lat="49.563219" lon="2.735599"><ele>83</ele></trkpt>
   <trkpt lat="49.560789" lon="2.734368"><ele>86.75</ele></trkpt>
   <trkpt lat="49.559884" lon="2.733931"><ele>87.75</ele></trkpt>
   <trkpt lat="49.558471" lon="2.733277"><ele>88.5</ele></trkpt>
   <trkpt lat="49.557568" lon="2.732879"><ele>87.75</ele></trkpt>
   <trkpt lat="49.556511" lon="2.732437"><ele>86.75</ele></trkpt>
   <trkpt lat="49.55253" lon="2.730849"><ele>80.5</ele></trkpt>
   <trkpt lat="49.551763" lon="2.730531"><ele>78.75</ele></trkpt>
   <trkpt lat="49.550074" lon="2.729812"><ele>76</ele></trkpt>
   <trkpt lat="49.549162" lon="2.729454"><ele>76.75</ele></trkpt>
   <trkpt lat="49.5478" lon="2.728915"><ele>74.5</ele></trkpt>
   <trkpt lat="49.541637" lon="2.726474"><ele>65.25</ele></trkpt>
   <trkpt lat="49.541473" lon="2.72641"><ele>66</ele></trkpt>
   <trkpt lat="49.53699" lon="2.724636"><ele>71.5</ele></trkpt>
   <trkpt lat="49.535644" lon="2.724086"><ele>73.5</ele></trkpt>
   <trkpt lat="49.535011" lon="2.723817"><ele>74</ele></trkpt>
   <trkpt lat="49.5336" lon="2.723183"><ele>76.25</ele></trkpt>
   <trkpt lat="49.532678" lon="2.72275"><ele>79.5</ele></trkpt>
   <trkpt lat="49.531822" lon="2.722331"><ele>80.5</ele></trkpt>
   <trkpt lat="49.528436" lon="2.720613"><ele>88</ele></trkpt>
   <trkpt lat="49.528056" lon="2.720419"><ele>91</ele></trkpt>
   <trkpt lat="49.526519" lon="2.719643"><ele>97</ele></trkpt>
   <trkpt lat="49.525677" lon="2.719234"><ele>99</ele></trkpt>
   <trkpt lat="49.525073" lon="2.718953"><ele>100.25</ele></trkpt>
   <trkpt lat="49.523965" lon="2.718468"><ele>102</ele></trkpt>
   <trkpt lat="49.523263" lon="2.718184"><ele>103.5</ele></trkpt>
   <trkpt lat="49.522505" lon="2.717892"><ele>105.5</ele></trkpt>
   <trkpt lat="49.521865" lon="2.71766"><ele>106.25</ele></trkpt>
   <trkpt lat="49.521252" lon="2.717449"><ele>106</ele></trkpt>
   <trkpt lat="49.520362" lon="2.717163"><ele>105.5</ele></trkpt>
   <trkpt lat="49.5191" lon="2.716798"><ele>104.25</ele></trkpt>
   <trkpt lat="49.518097" lon="2.716541"><ele>102</ele></trkpt>
   <trkpt lat="49.517026" lon="2.716303"><ele>104</ele></trkpt>
   <trkpt lat="49.516135" lon="2.716128"><ele>102.75</ele></trkpt>
   <trkpt lat="49.515459" lon="2.71601"><ele>101</ele></trkpt>
   <trkpt lat="49.514759" lon="2.715904"><ele>102.75</ele></trkpt>
   <trkpt lat="49.514114" lon="2.715817"><ele>104</ele></trkpt>
   <trkpt lat="49.513475" lon="2.715745"><ele>103.75</ele></trkpt>
   <trkpt lat="49.512219" lon="2.715633"><ele>105.5</ele></trkpt>
   <trkpt lat="49.51131" lon="2.715581"><ele>108.25</ele></trkpt>
   <trkpt lat="49.510055" lon="2.715547"><ele>110</ele></trkpt>
   <trkpt lat="49.508532" lon="2.715549"><ele>111</ele></trkpt>
   <trkpt lat="49.504938" lon="2.715592"><ele>110.25</ele></trkpt>
   <trkpt lat="49.504865" lon="2.715594"><ele>110.25</ele></trkpt>
   <trkpt lat="49.502908" lon="2.715608"><ele>109.25</ele></trkpt>
   <trkpt lat="49.502027" lon="2.715601"><ele>109</ele></trkpt>
   <trkpt lat="49.501136" lon="2.71557"><ele>108</ele></trkpt>
   <trkpt lat="49.500618" lon="2.715541"><ele>107</ele></trkpt>
   <trkpt lat="49.499819" lon="2.715483"><ele>106.75</ele></trkpt>
   <trkpt lat="49.499036" lon="2.715407"><ele>106</ele></trkpt>
   <trkpt lat="49.498376" lon="2.715332"><ele>105.25</ele></trkpt>
   <trkpt lat="49.497801" lon="2.715251"><ele>104.5</ele></trkpt>
   <trkpt lat="49.496982" lon="2.715125"><ele>103.75</ele></trkpt>
   <trkpt lat="49.496372" lon="2.715019"><ele>103</ele></trkpt>
   <trkpt lat="49.495533" lon="2.714856"><ele>102.5</ele></trkpt>
   <trkpt lat="49.494542" lon="2.71464"><ele>101.5</ele></trkpt>
   <trkpt lat="49.483923" lon="2.712231"><ele>82</ele></trkpt>
   <trkpt lat="49.482513" lon="2.711902"><ele>79</ele></trkpt>
   <trkpt lat="49.481168" lon="2.711572"><ele>74.25</ele></trkpt>
   <trkpt lat="49.47987" lon="2.711229"><ele>70.25</ele></trkpt>
   <trkpt lat="49.478429" lon="2.710817"><ele>67.75</ele></trkpt>
   <trkpt lat="49.477169" lon="2.710436"><ele>64.25</ele></trkpt>
   <trkpt lat="49.475753" lon="2.709976"><ele>62.75</ele></trkpt>
   <trkpt lat="49.474282" lon="2.709462"><ele>61.25</ele></trkpt>
   <trkpt lat="49.471781" lon="2.708533"><ele>58.75</ele></trkpt>
   <trkpt lat="49.470988" lon="2.708218"><ele>58.75</ele></trkpt>
   <trkpt lat="49.46919" lon="2.707467"><ele>61</ele></trkpt>
   <trkpt lat="49.467411" lon="2.706674"><ele>62.25</ele></trkpt>
   <trkpt lat="49.465506" lon="2.705772"><ele>68.5</ele></trkpt>
   <trkpt lat="49.464327" lon="2.705183"><ele>72.25</ele></trkpt>
   <trkpt lat="49.462597" lon="2.704282"><ele>76</ele></trkpt>
   <trkpt lat="49.461713" lon="2.703801"><ele>77.25</ele></trkpt>
   <trkpt lat="49.460472" lon="2.703108"><ele>78</ele></trkpt>
   <trkpt lat="49.459814" lon="2.702728"><ele>79.25</ele></trkpt>
   <trkpt lat="49.454712" lon="2.699726"><ele>78.75</ele></trkpt>
   <trkpt lat="49.453807" lon="2.699216"><ele>77.75</ele></trkpt>
   <trkpt lat="49.452993" lon="2.698779"><ele>77.25</ele></trkpt>
   <trkpt lat="49.452388" lon="2.698466"><ele>76.75</ele></trkpt>
   <trkpt lat="49.451742" lon="2.698151"><ele>76.25</ele></trkpt>
   <trkpt lat="49.450932" lon="2.697772"><ele>77.5</ele></trkpt>
   <trkpt lat="49.450074" lon="2.697392"><ele>76.5</ele></trkpt>
   <trkpt lat="49.449473" lon="2.697141"><ele>76.25</ele></trkpt>
   <trkpt lat="49.448369" lon="2.696709"><ele>76.25</ele></trkpt>
   <trkpt lat="49.447419" lon="2.696368"><ele>76.5</ele></trkpt>
   <trkpt lat="49.446743" lon="2.696142"><ele>76.25</ele></trkpt>
   <trkpt lat="49.445651" lon="2.695804"><ele>75.75</ele></trkpt>
   <trkpt lat="49.44456" lon="2.695503"><ele>71.75</ele></trkpt>
   <trkpt lat="49.444325" lon="2.695446"><ele>71.25</ele></trkpt>
   <trkpt lat="49.44354" lon="2.695254"><ele>73.75</ele></trkpt>
   <trkpt lat="49.440874" lon="2.694633"><ele>71</ele></trkpt>
   <trkpt lat="49.43552" lon="2.693394"><ele>62.75</ele></trkpt>
   <trkpt lat="49.435243" lon="2.693328"><ele>63.5</ele></trkpt>
   <trkpt lat="49.433546" lon="2.692939"><ele>68.25</ele></trkpt>
   <trkpt lat="49.43346" lon="2.692918"><ele>68.75</ele></trkpt>
   <trkpt lat="49.429894" lon="2.692095"><ele>74.75</ele></trkpt>
   <trkpt lat="49.428973" lon="2.691895"><ele>77.75</ele></trkpt>
   <trkpt lat="49.428149" lon="2.69173"><ele>79.5</ele></trkpt>
   <trkpt lat="49.427362" lon="2.691586"><ele>79.25</ele></trkpt>
   <trkpt lat="49.426586" lon="2.691465"><ele>78.25</ele></trkpt>
   <trkpt lat="49.425953" lon="2.691382"><ele>82.5</ele></trkpt>
   <trkpt lat="49.424771" lon="2.691258"><ele>89.75</ele></trkpt>
   <trkpt lat="49.424282" lon="2.691216"><ele>90.5</ele></trkpt>
   <trkpt lat="49.423097" lon="2.691144"><ele>92.75</ele></trkpt>
   <trkpt lat="49.422567" lon="2.691124"><ele>93.5</ele></trkpt>
   <trkpt lat="49.421854" lon="2.69111"><ele>94.75</ele></trkpt>
   <trkpt lat="49.421214" lon="2.691113"><ele>94.75</ele></trkpt>
   <trkpt lat="49.420548" lon="2.691125"><ele>95.75</ele></trkpt>
   <trkpt lat="49.419812" lon="2.691154"><ele>94.5</ele></trkpt>
   <trkpt lat="49.418711" lon="2.691227"><ele>92.75</ele></trkpt>
   <trkpt lat="49.417548" lon="2.691341"><ele>91.75</ele></trkpt>
   <trkpt lat="49.416449" lon="2.691481"><ele>89.25</ele></trkpt>
   <trkpt lat="49.41483" lon="2.691711"><ele>85</ele></trkpt>
   <trkpt lat="49.413714" lon="2.69188"><ele>83.5</ele></trkpt>
   <trkpt lat="49.411415" lon="2.692217"><ele>80</ele></trkpt>
   <trkpt lat="49.410485" lon="2.69236"><ele>79.25</ele></trkpt>
   <trkpt lat="49.409398" lon="2.692543"><ele>77.25</ele></trkpt>
   <trkpt lat="49.408517" lon="2.69271"><ele>75.25</ele></trkpt>
   <trkpt lat="49.406553" lon="2.693002"><ele>71.5</ele></trkpt>
   <trkpt lat="49.402914" lon="2.693543"><ele>67</ele></trkpt>
   <trkpt lat="49.40153" lon="2.693775"><ele>68.75</ele></trkpt>
   <trkpt lat="49.400681" lon="2.693949"><ele>66</ele></trkpt>
   <trkpt lat="49.399545" lon="2.694216"><ele>65.75</ele></trkpt>
   <trkpt lat="49.398566" lon="2.694481"><ele>65.75</ele></trkpt>
   <trkpt lat="49.397929" lon="2.694673"><ele>66</ele></trkpt>
   <trkpt lat="49.397344" lon="2.694861"><ele>66</ele></trkpt>
   <trkpt lat="49.396465" lon="2.695164"><ele>66</ele></trkpt>
   <trkpt lat="49.395845" lon="2.695398"><ele>66.5</ele></trkpt>
   <trkpt lat="49.394798" lon="2.695818"><ele>65.75</ele></trkpt>
   <trkpt lat="49.393773" lon="2.696269"><ele>66.5</ele></trkpt>
   <trkpt lat="49.393277" lon="2.696503"><ele>67.75</ele></trkpt>
   <trkpt lat="49.392526" lon="2.696873"><ele>68.5</ele></trkpt>
   <trkpt lat="49.391749" lon="2.697275"><ele>69.75</ele></trkpt>
   <trkpt lat="49.390783" lon="2.697803"><ele>70</ele></trkpt>
   <trkpt lat="49.388401" lon="2.699126"><ele>71.5</ele></trkpt>
   <trkpt lat="49.387479" lon="2.699617"><ele>72</ele></trkpt>
   <trkpt lat="49.386662" lon="2.700023"><ele>73.75</ele></trkpt>
   <trkpt lat="49.386133" lon="2.700274"><ele>73.75</ele></trkpt>
   <trkpt lat="49.385522" lon="2.700554"><ele>71</ele></trkpt>
   <trkpt lat="49.384935" lon="2.700811"><ele>67.75</ele></trkpt>
   <trkpt lat="49.384713" lon="2.700905"><ele>66.75</ele></trkpt>
   <trkpt lat="49.383707" lon="2.701299"><ele>71.75</ele></trkpt>
   <trkpt lat="49.382762" lon="2.70164"><ele>70.75</ele></trkpt>
   <trkpt lat="49.381498" lon="2.702046"><ele>68.25</ele></trkpt>
   <trkpt lat="49.380875" lon="2.702227"><ele>67.75</ele></trkpt>
   <trkpt lat="49.379995" lon="2.702456"><ele>65.5</ele></trkpt>
   <trkpt lat="49.379064" lon="2.702675"><ele>63.5</ele></trkpt>
   <trkpt lat="49.378474" lon="2.702794"><ele>63.75</ele></trkpt>
   <trkpt lat="49.377405" lon="2.702984"><ele>60.5</ele></trkpt>
   <trkpt lat="49.37625" lon="2.703148"><ele>59</ele></trkpt>
   <trkpt lat="49.375131" lon="2.703269"><ele>52.75</ele></trkpt>
   <trkpt lat="49.375041" lon="2.703278"><ele>50.75</ele></trkpt>
   <trkpt lat="49.373941" lon="2.703344"><ele>56.75</ele></trkpt>
   <trkpt lat="49.373273" lon="2.703367"><ele>57</ele></trkpt>
   <trkpt lat="49.372849" lon="2.703376"><ele>56.75</ele></trkpt>
   <trkpt lat="49.371795" lon="2.703368"><ele>56.75</ele></trkpt>
   <trkpt lat="49.371017" lon="2.703338"><ele>58.25</ele></trkpt>
   <trkpt lat="49.370385" lon="2.703302"><ele>59</ele></trkpt>
   <trkpt lat="49.369844" lon="2.703259"><ele>59</ele></trkpt>
   <trkpt lat="49.369378" lon="2.703217"><ele>59.5</ele></trkpt>
   <trkpt lat="49.36813" lon="2.703064"><ele>58.75</ele></trkpt>
   <trkpt lat="49.368046" lon="2.703053"><ele>58</ele></trkpt>
   <trkpt lat="49.366698" lon="2.702822"><ele>63.5</ele></trkpt>
   <trkpt lat="49.365893" lon="2.702656"><ele>65.25</ele></trkpt>
   <trkpt lat="49.364881" lon="2.702417"><ele>67.5</ele></trkpt>
   <trkpt lat="49.363386" lon="2.702001"><ele>70</ele></trkpt>
   <trkpt lat="49.360682" lon="2.701175"><ele>71.75</ele></trkpt>
   <trkpt lat="49.359378" lon="2.700794"><ele>69.25</ele></trkpt>
   <trkpt lat="49.359321" lon="2.700779"><ele>69</ele></trkpt>
   <trkpt lat="49.357992" lon="2.700461"><ele>71.25</ele></trkpt>
   <trkpt lat="49.357041" lon="2.700266"><ele>71</ele></trkpt>
   <trkpt lat="49.356527" lon="2.700171"><ele>71</ele></trkpt>
   <trkpt lat="49.356009" lon="2.700085"><ele>70.25</ele></trkpt>
   <trkpt lat="49.355229" lon="2.699973"><ele>69.25</ele></trkpt>
   <trkpt lat="49.354295" lon="2.699866"><ele>69</ele></trkpt>
   <trkpt lat="49.353766" lon="2.699816"><ele>68.25</ele></trkpt>
   <trkpt lat="49.352727" lon="2.699747"><ele>66.5</ele></trkpt>
   <trkpt lat="49.352224" lon="2.699727"><ele>66</ele></trkpt>
   <trkpt lat="49.351533" lon="2.699714"><ele>63.75</ele></trkpt>
   <trkpt lat="49.350688" lon="2.699719"><ele>62.25</ele></trkpt>
   <trkpt lat="49.350105" lon="2.699735"><ele>60</ele></trkpt>
   <trkpt lat="49.349306" lon="2.699778"><ele>55.25</ele></trkpt>
   <trkpt lat="49.348971" lon="2.699814"><ele>54.25</ele></trkpt>
   <trkpt lat="49.34813" lon="2.699888"><ele>52</ele></trkpt>
   <trkpt lat="49.347284" lon="2.699978"><ele>49.75</ele></trkpt>
   <trkpt lat="49.346762" lon="2.700048"><ele>49.75</ele></trkpt>
   <trkpt lat="49.345924" lon="2.700183"><ele>46</ele></trkpt>
   <trkpt lat="49.345882" lon="2.70019"><ele>46</ele></trkpt>
   <trkpt lat="49.345284" lon="2.700294"><ele>47.25</ele></trkpt>
   <trkpt lat="49.344014" lon="2.700549"><ele>45.25</ele></trkpt>
   <trkpt lat="49.343322" lon="2.700697"><ele>41.75</ele></trkpt>
   <trkpt lat="49.340268" lon="2.701345"><ele>37.5</ele></trkpt>
   <trkpt lat="49.340164" lon="2.701368"><ele>36.75</ele></trkpt>
   <trkpt lat="49.340043" lon="2.701392"><ele>36.25</ele></trkpt>
   <trkpt lat="49.333216" lon="2.702817"><ele>38</ele></trkpt>
   <trkpt lat="49.333151" lon="2.70283"><ele>37.75</ele></trkpt>
   <trkpt lat="49.329964" lon="2.703507"><ele>37</ele></trkpt>
   <trkpt lat="49.328735" lon="2.703797"><ele>37.5</ele></trkpt>
   <trkpt lat="49.328108" lon="2.70396"><ele>38</ele></trkpt>
   <trkpt lat="49.32709" lon="2.704246"><ele>38</ele></trkpt>
   <trkpt lat="49.32628" lon="2.704501"><ele>38.25</ele></trkpt>
   <trkpt lat="49.325659" lon="2.704708"><ele>34.5</ele></trkpt>
   <trkpt lat="49.325448" lon="2.704781"><ele>34.75</ele></trkpt>
   <trkpt lat="49.325089" lon="2.704909"><ele>35.25</ele></trkpt>
   <trkpt lat="49.324703" lon="2.705049"><ele>34.75</ele></trkpt>
   <trkpt lat="49.324057" lon="2.705298"><ele>37.25</ele></trkpt>
   <trkpt lat="49.323887" lon="2.705365"><ele>34</ele></trkpt>
   <trkpt lat="49.323296" lon="2.705604"><ele>39.25</ele></trkpt>
   <trkpt lat="49.322573" lon="2.705914"><ele>39</ele></trkpt>
   <trkpt lat="49.321958" lon="2.706189"><ele>38.75</ele></trkpt>
   <trkpt lat="49.321287" lon="2.706505"><ele>38.25</ele></trkpt>
   <trkpt lat="49.320139" lon="2.707076"><ele>39</ele></trkpt>
   <trkpt lat="49.318522" lon="2.707923"><ele>43.75</ele></trkpt>
   <trkpt lat="49.313954" lon="2.71035"><ele>57.5</ele></trkpt>
   <trkpt lat="49.312436" lon="2.711133"><ele>62</ele></trkpt>
   <trkpt lat="49.31156" lon="2.711609"><ele>64.5</ele></trkpt>
   <trkpt lat="49.307213" lon="2.713904"><ele>77.75</ele></trkpt>
   <trkpt lat="49.305304" lon="2.714928"><ele>83.5</ele></trkpt>
   <trkpt lat="49.304357" lon="2.715429"><ele>83.5</ele></trkpt>
   <trkpt lat="49.303337" lon="2.71597"><ele>84</ele></trkpt>
   <trkpt lat="49.302046" lon="2.716654"><ele>86.75</ele></trkpt>
   <trkpt lat="49.299942" lon="2.717802"><ele>92.75</ele></trkpt>
   <trkpt lat="49.299311" lon="2.718167"><ele>93.75</ele></trkpt>
   <trkpt lat="49.298762" lon="2.718501"><ele>95.5</ele></trkpt>
   <trkpt lat="49.298281" lon="2.718796"><ele>96.75</ele></trkpt>
   <trkpt lat="49.297738" lon="2.719148"><ele>97</ele></trkpt>
   <trkpt lat="49.297178" lon="2.719518"><ele>98.25</ele></trkpt>
   <trkpt lat="49.296163" lon="2.720216"><ele>100</ele></trkpt>
   <trkpt lat="49.293125" lon="2.722383"><ele>105.25</ele></trkpt>
   <trkpt lat="49.285975" lon="2.727511"><ele>111.5</ele></trkpt>
   <trkpt lat="49.284948" lon="2.728243"><ele>112.25</ele></trkpt>
   <trkpt lat="49.28403" lon="2.728884"><ele>114</ele></trkpt>
   <trkpt lat="49.283594" lon="2.72918"><ele>114</ele></trkpt>
   <trkpt lat="49.282995" lon="2.729572"><ele>115.25</ele></trkpt>
   <trkpt lat="49.281906" lon="2.730261"><ele>114.75</ele></trkpt>
   <trkpt lat="49.281265" lon="2.730644"><ele>114.25</ele></trkpt>
   <trkpt lat="49.279978" lon="2.731373"><ele>112.75</ele></trkpt>
   <trkpt lat="49.279519" lon="2.731617"><ele>112.25</ele></trkpt>
   <trkpt lat="49.279035" lon="2.73187"><ele>112.5</ele></trkpt>
   <trkpt lat="49.278445" lon="2.732165"><ele>111.25</ele></trkpt>
   <trkpt lat="49.27775" lon="2.732497"><ele>110.75</ele></trkpt>
   <trkpt lat="49.276973" lon="2.732852"><ele>110.5</ele></trkpt>
   <trkpt lat="49.276068" lon="2.733242"><ele>108.5</ele></trkpt>
   <trkpt lat="49.275631" lon="2.733421"><ele>110.25</ele></trkpt>
   <trkpt lat="49.274867" lon="2.733718"><ele>107.75</ele></trkpt>
   <trkpt lat="49.274104" lon="2.733997"><ele>107</ele></trkpt>
   <trkpt lat="49.273362" lon="2.734252"><ele>106</ele></trkpt>
   <trkpt lat="49.271806" lon="2.734743"><ele>105</ele></trkpt>
   <trkpt lat="49.250887" lon="2.741113"><ele>101.75</ele></trkpt>
   <trkpt lat="49.242375" lon="2.743701"><ele>97.25</ele></trkpt>
   <trkpt lat="49.242088" lon="2.743789"><ele>97.5</ele></trkpt>
   <trkpt lat="49.24116" lon="2.744053"><ele>97.75</ele></trkpt>
   <trkpt lat="49.240593" lon="2.744198"><ele>97.75</ele></trkpt>
   <trkpt lat="49.239598" lon="2.744483"><ele>98.25</ele></trkpt>
   <trkpt lat="49.238866" lon="2.744705"><ele>98.75</ele></trkpt>
   <trkpt lat="49.238453" lon="2.744812"><ele>98.25</ele></trkpt>
   <trkpt lat="49.238019" lon="2.744897"><ele>98.5</ele></trkpt>
   <trkpt lat="49.237546" lon="2.745016"><ele>98.75</ele></trkpt>
   <trkpt lat="49.234134" lon="2.74605"><ele>94.25</ele></trkpt>
   <trkpt lat="49.231459" lon="2.746871"><ele>99</ele></trkpt>
   <trkpt lat="49.231081" lon="2.746998"><ele>98.75</ele></trkpt>
   <trkpt lat="49.230444" lon="2.747261"><ele>99.25</ele></trkpt>
   <trkpt lat="49.230163" lon="2.747354"><ele>98.5</ele></trkpt>
   <trkpt lat="49.229418" lon="2.747581"><ele>99.25</ele></trkpt>
   <trkpt lat="49.224485" lon="2.749073"><ele>96.5</ele></trkpt>
   <trkpt lat="49.224113" lon="2.749186"><ele>96.25</ele></trkpt>
   <trkpt lat="49.219956" lon="2.750451"><ele>97</ele></trkpt>
   <trkpt lat="49.219918" lon="2.750462"><ele>97</ele></trkpt>
   <trkpt lat="49.2194" lon="2.75062"><ele>97</ele></trkpt>
   <trkpt lat="49.217597" lon="2.751163"><ele>95.75</ele></trkpt>
   <trkpt lat="49.217026" lon="2.751327"><ele>96</ele></trkpt>
   <trkpt lat="49.216255" lon="2.751538"><ele>95.5</ele></trkpt>
   <trkpt lat="49.215129" lon="2.751825"><ele>95.5</ele></trkpt>
   <trkpt lat="49.213968" lon="2.752094"><ele>96.75</ele></trkpt>
   <trkpt lat="49.212748" lon="2.752342"><ele>98</ele></trkpt>
   <trkpt lat="49.211417" lon="2.752581"><ele>100.5</ele></trkpt>
   <trkpt lat="49.210853" lon="2.752668"><ele>99.5</ele></trkpt>
   <trkpt lat="49.210754" lon="2.752685"><ele>100.5</ele></trkpt>
   <trkpt lat="49.209682" lon="2.752838"><ele>105.5</ele></trkpt>
   <trkpt lat="49.208376" lon="2.752987"><ele>108.5</ele></trkpt>
   <trkpt lat="49.207727" lon="2.753049"><ele>112</ele></trkpt>
   <trkpt lat="49.206409" lon="2.753149"><ele>115.25</ele></trkpt>
   <trkpt lat="49.20509" lon="2.753213"><ele>119.5</ele></trkpt>
   <trkpt lat="49.204416" lon="2.753233"><ele>122.25</ele></trkpt>
   <trkpt lat="49.203765" lon="2.753243"><ele>123.75</ele></trkpt>
   <trkpt lat="49.202456" lon="2.753235"><ele>127.5</ele></trkpt>
   <trkpt lat="49.201803" lon="2.753219"><ele>128.5</ele></trkpt>
   <trkpt lat="49.200496" lon="2.753159"><ele>130</ele></trkpt>
   <trkpt lat="49.189006" lon="2.75238"><ele>120</ele></trkpt>
   <trkpt lat="49.184021" lon="2.752038"><ele>103.25</ele></trkpt>
   <trkpt lat="49.183902" lon="2.75203"><ele>102</ele></trkpt>
   <trkpt lat="49.165902" lon="2.750799"><ele>80.5</ele></trkpt>
   <trkpt lat="49.164692" lon="2.750694"><ele>80.5</ele></trkpt>
   <trkpt lat="49.164181" lon="2.750639"><ele>80.25</ele></trkpt>
   <trkpt lat="49.163038" lon="2.750491"><ele>80.25</ele></trkpt>
   <trkpt lat="49.16223" lon="2.750364"><ele>80</ele></trkpt>
   <trkpt lat="49.161763" lon="2.75028"><ele>79.5</ele></trkpt>
   <trkpt lat="49.160591" lon="2.750042"><ele>78.75</ele></trkpt>
   <trkpt lat="49.160085" lon="2.749931"><ele>77.75</ele></trkpt>
   <trkpt lat="49.15987" lon="2.749874"><ele>74.25</ele></trkpt>
   <trkpt lat="49.159546" lon="2.749797"><ele>75</ele></trkpt>
   <trkpt lat="49.158877" lon="2.749628"><ele>77.75</ele></trkpt>
   <trkpt lat="49.158282" lon="2.749465"><ele>79.25</ele></trkpt>
   <trkpt lat="49.157423" lon="2.74921"><ele>79.25</ele></trkpt>
   <trkpt lat="49.156643" lon="2.748958"><ele>79.25</ele></trkpt>
   <trkpt lat="49.1556" lon="2.748594"><ele>82</ele></trkpt>
   <trkpt lat="49.154482" lon="2.748162"><ele>81.5</ele></trkpt>
   <trkpt lat="49.153834" lon="2.747897"><ele>82.25</ele></trkpt>
   <trkpt lat="49.15335" lon="2.747689"><ele>83.25</ele></trkpt>
   <trkpt lat="49.152938" lon="2.747507"><ele>83.25</ele></trkpt>
   <trkpt lat="49.152056" lon="2.747098"><ele>84</ele></trkpt>
   <trkpt lat="49.150969" lon="2.746556"><ele>85.25</ele></trkpt>
   <trkpt lat="49.150161" lon="2.746131"><ele>85</ele></trkpt>
   <trkpt lat="49.148955" lon="2.745456"><ele>87</ele></trkpt>
   <trkpt lat="49.148043" lon="2.744911"><ele>93</ele></trkpt>
   <trkpt lat="49.14781" lon="2.744775"><ele>97.5</ele></trkpt>
   <trkpt lat="49.147379" lon="2.744488"><ele>94.75</ele></trkpt>
   <trkpt lat="49.146782" lon="2.744108"><ele>91.5</ele></trkpt>
   <trkpt lat="49.146064" lon="2.743626"><ele>92.25</ele></trkpt>
   <trkpt lat="49.144866" lon="2.742777"><ele>96.25</ele></trkpt>
   <trkpt lat="49.14382" lon="2.741988"><ele>99.25</ele></trkpt>
   <trkpt lat="49.142762" lon="2.741149"><ele>102</ele></trkpt>
   <trkpt lat="49.142088" lon="2.740592"><ele>104</ele></trkpt>
   <trkpt lat="49.140927" lon="2.739586"><ele>106.25</ele></trkpt>
   <trkpt lat="49.136919" lon="2.735992"><ele>111</ele></trkpt>
   <trkpt lat="49.135782" lon="2.734984"><ele>111.75</ele></trkpt>
   <trkpt lat="49.135068" lon="2.734372"><ele>110.75</ele></trkpt>
   <trkpt lat="49.134383" lon="2.733805"><ele>111.5</ele></trkpt>
   <trkpt lat="49.133869" lon="2.733388"><ele>111</ele></trkpt>
   <trkpt lat="49.133362" lon="2.732989"><ele>111</ele></trkpt>
   <trkpt lat="49.132616" lon="2.732423"><ele>110</ele></trkpt>
   <trkpt lat="49.131944" lon="2.731934"><ele>110.75</ele></trkpt>
   <trkpt lat="49.131181" lon="2.731397"><ele>110.75</ele></trkpt>
   <trkpt lat="49.12621" lon="2.728024"><ele>106.75</ele></trkpt>
   <trkpt lat="49.126103" lon="2.727951"><ele>105.5</ele></trkpt>
   <trkpt lat="49.125197" lon="2.727338"><ele>108.5</ele></trkpt>
   <trkpt lat="49.122534" lon="2.725533"><ele>112</ele></trkpt>
   <trkpt lat="49.121269" lon="2.724658"><ele>113</ele></trkpt>
   <trkpt lat="49.120349" lon="2.723989"><ele>113</ele></trkpt>
   <trkpt lat="49.119389" lon="2.723258"><ele>114</ele></trkpt>
   <trkpt lat="49.118426" lon="2.722487"><ele>114.5</ele></trkpt>
   <trkpt lat="49.117435" lon="2.721653"><ele>115</ele></trkpt>
   <trkpt lat="49.116737" lon="2.721042"><ele>115.5</ele></trkpt>
   <trkpt lat="49.115725" lon="2.720113"><ele>116</ele></trkpt>
   <trkpt lat="49.114901" lon="2.719325"><ele>116</ele></trkpt>
   <trkpt lat="49.114481" lon="2.718911"><ele>116</ele></trkpt>
   <trkpt lat="49.113377" lon="2.717785"><ele>116.25</ele></trkpt>
   <trkpt lat="49.112702" lon="2.717066"><ele>114.5</ele></trkpt>
   <trkpt lat="49.11171" lon="2.715961"><ele>115</ele></trkpt>
   <trkpt lat="49.110935" lon="2.715061"><ele>116</ele></trkpt>
   <trkpt lat="49.110543" lon="2.714591"><ele>116.75</ele></trkpt>
   <trkpt lat="49.110159" lon="2.714126"><ele>116.25</ele></trkpt>
   <trkpt lat="49.109369" lon="2.713138"><ele>116.5</ele></trkpt>
   <trkpt lat="49.108607" lon="2.712147"><ele>117.25</ele></trkpt>
   <trkpt lat="49.108151" lon="2.711536"><ele>117</ele></trkpt>
   <trkpt lat="49.107128" lon="2.710114"><ele>115.75</ele></trkpt>
   <trkpt lat="49.106706" lon="2.709507"><ele>115.5</ele></trkpt>
   <trkpt lat="49.106211" lon="2.708776"><ele>114.75</ele></trkpt>
   <trkpt lat="49.105625" lon="2.70789"><ele>114</ele></trkpt>
   <trkpt lat="49.105044" lon="2.706977"><ele>114.5</ele></trkpt>
   <trkpt lat="49.104405" lon="2.705945"><ele>113.5</ele></trkpt>
   <trkpt lat="49.103758" lon="2.70486"><ele>111.5</ele></trkpt>
   <trkpt lat="49.103259" lon="2.704"><ele>111.25</ele></trkpt>
   <trkpt lat="49.102775" lon="2.703138"><ele>111.75</ele></trkpt>
   <trkpt lat="49.102304" lon="2.702274"><ele>110.5</ele></trkpt>
   <trkpt lat="49.101839" lon="2.701396"><ele>110</ele></trkpt>
   <trkpt lat="49.1011" lon="2.699955"><ele>109</ele></trkpt>
   <trkpt lat="49.100369" lon="2.698456"><ele>107.25</ele></trkpt>
   <trkpt lat="49.099726" lon="2.697081"><ele>103</ele></trkpt>
   <trkpt lat="49.099401" lon="2.696359"><ele>101.5</ele></trkpt>
   <trkpt lat="49.098798" lon="2.694986"><ele>99.5</ele></trkpt>
   <trkpt lat="49.098379" lon="2.693987"><ele>97</ele></trkpt>
   <trkpt lat="49.097812" lon="2.692589"><ele>94.25</ele></trkpt>
   <trkpt lat="49.097327" lon="2.691338"><ele>93.25</ele></trkpt>
   <trkpt lat="49.096766" lon="2.689825"><ele>91</ele></trkpt>
   <trkpt lat="49.096749" lon="2.689778"><ele>91</ele></trkpt>
   <trkpt lat="49.096293" lon="2.688494"><ele>89.25</ele></trkpt>
   <trkpt lat="49.096019" lon="2.687693"><ele>90</ele></trkpt>
   <trkpt lat="49.095312" lon="2.685536"><ele>91.5</ele></trkpt>
   <trkpt lat="49.095023" lon="2.684584"><ele>91.75</ele></trkpt>
   <trkpt lat="49.094746" lon="2.683655"><ele>92.5</ele></trkpt>
   <trkpt lat="49.094403" lon="2.682461"><ele>93.75</ele></trkpt>
   <trkpt lat="49.093925" lon="2.680707"><ele>97</ele></trkpt>
   <trkpt lat="49.093727" lon="2.679948"><ele>99</ele></trkpt>
   <trkpt lat="49.093471" lon="2.678921"><ele>101.25</ele></trkpt>
   <trkpt lat="49.093214" lon="2.677857"><ele>102.5</ele></trkpt>
   <trkpt lat="49.092802" lon="2.676037"><ele>104</ele></trkpt>
   <trkpt lat="49.092557" lon="2.674889"><ele>105</ele></trkpt>
   <trkpt lat="49.092173" lon="2.672958"><ele>106</ele></trkpt>
   <trkpt lat="49.092001" lon="2.672029"><ele>106</ele></trkpt>
   <trkpt lat="49.091834" lon="2.671076"><ele>107.25</ele></trkpt>
   <trkpt lat="49.091676" lon="2.670149"><ele>107</ele></trkpt>
   <trkpt lat="49.091523" lon="2.669205"><ele>107.5</ele></trkpt>
   <trkpt lat="49.091368" lon="2.668195"><ele>107</ele></trkpt>
   <trkpt lat="49.09124" lon="2.667311"><ele>107.5</ele></trkpt>
   <trkpt lat="49.090455" lon="2.661557"><ele>103.5</ele></trkpt>
   <trkpt lat="49.090189" lon="2.659657"><ele>102</ele></trkpt>
   <trkpt lat="49.089905" lon="2.657766"><ele>100</ele></trkpt>
   <trkpt lat="49.089707" lon="2.656558"><ele>101.75</ele></trkpt>
   <trkpt lat="49.089497" lon="2.655359"><ele>101.25</ele></trkpt>
   <trkpt lat="49.089276" lon="2.654156"><ele>100</ele></trkpt>
   <trkpt lat="49.089042" lon="2.652964"><ele>101.75</ele></trkpt>
   <trkpt lat="49.088878" lon="2.652166"><ele>102.75</ele></trkpt>
   <trkpt lat="49.088711" lon="2.65137"><ele>102.75</ele></trkpt>
   <trkpt lat="49.088534" lon="2.650568"><ele>103.5</ele></trkpt>
   <trkpt lat="49.088352" lon="2.649777"><ele>104</ele></trkpt>
   <trkpt lat="49.087975" lon="2.648193"><ele>105.25</ele></trkpt>
   <trkpt lat="49.087581" lon="2.646648"><ele>106.5</ele></trkpt>
   <trkpt lat="49.08734" lon="2.645734"><ele>107.25</ele></trkpt>
   <trkpt lat="49.085293" lon="2.638325"><ele>113.75</ele></trkpt>
   <trkpt lat="49.084398" lon="2.6351"><ele>117.25</ele></trkpt>
   <trkpt lat="49.084034" lon="2.633793"><ele>118</ele></trkpt>
   <trkpt lat="49.082113" lon="2.626872"><ele>126.75</ele></trkpt>
   <trkpt lat="49.080047" lon="2.619425"><ele>129.75</ele></trkpt>
   <trkpt lat="49.080033" lon="2.619376"><ele>130.25</ele></trkpt>
   <trkpt lat="49.078004" lon="2.612074"><ele>126.75</ele></trkpt>
   <trkpt lat="49.077656" lon="2.61084"><ele>122</ele></trkpt>
   <trkpt lat="49.077298" lon="2.609601"><ele>123</ele></trkpt>
   <trkpt lat="49.076877" lon="2.608209"><ele>119.75</ele></trkpt>
   <trkpt lat="49.076849" lon="2.608117"><ele>119</ele></trkpt>
   <trkpt lat="49.076556" lon="2.607188"><ele>120.75</ele></trkpt>
   <trkpt lat="49.076081" lon="2.605747"><ele>120.5</ele></trkpt>
   <trkpt lat="49.075643" lon="2.604475"><ele>118.5</ele></trkpt>
   <trkpt lat="49.07517" lon="2.603154"><ele>120</ele></trkpt>
   <trkpt lat="49.074667" lon="2.601819"><ele>122.75</ele></trkpt>
   <trkpt lat="49.074307" lon="2.600895"><ele>124.5</ele></trkpt>
   <trkpt lat="49.073945" lon="2.599991"><ele>125.5</ele></trkpt>
   <trkpt lat="49.073568" lon="2.59908"><ele>126.5</ele></trkpt>
   <trkpt lat="49.073191" lon="2.598193"><ele>128.25</ele></trkpt>
   <trkpt lat="49.072759" lon="2.597208"><ele>126.25</ele></trkpt>
   <trkpt lat="49.072321" lon="2.596239"><ele>126.5</ele></trkpt>
   <trkpt lat="49.071916" lon="2.595368"><ele>124.25</ele></trkpt>
   <trkpt lat="49.071496" lon="2.594487"><ele>122.5</ele></trkpt>
   <trkpt lat="49.070143" lon="2.591698"><ele>121.75</ele></trkpt>
   <trkpt lat="49.068991" lon="2.589275"><ele>122.75</ele></trkpt>
   <trkpt lat="49.067791" lon="2.586716"><ele>122.25</ele></trkpt>
   <trkpt lat="49.067445" lon="2.585957"><ele>122</ele></trkpt>
   <trkpt lat="49.067152" lon="2.585294"><ele>122</ele></trkpt>
   <trkpt lat="49.066924" lon="2.584764"><ele>122</ele></trkpt>
   <trkpt lat="49.066357" lon="2.583385"><ele>121.75</ele></trkpt>
   <trkpt lat="49.065309" lon="2.580653"><ele>123.5</ele></trkpt>
   <trkpt lat="49.064907" lon="2.579639"><ele>123.75</ele></trkpt>
   <trkpt lat="49.06442" lon="2.578498"><ele>125</ele></trkpt>
   <trkpt lat="49.064248" lon="2.57812"><ele>125</ele></trkpt>
   <trkpt lat="49.064117" lon="2.577836"><ele>125.25</ele></trkpt>
   <trkpt lat="49.063724" lon="2.577033"><ele>125.25</ele></trkpt>
   <trkpt lat="49.06352" lon="2.576638"><ele>125</ele></trkpt>
   <trkpt lat="49.063115" lon="2.57589"><ele>125.5</ele></trkpt>
   <trkpt lat="49.062676" lon="2.575137"><ele>125</ele></trkpt>
   <trkpt lat="49.062164" lon="2.574316"><ele>125</ele></trkpt>
   <trkpt lat="49.061634" lon="2.573529"><ele>125.25</ele></trkpt>
   <trkpt lat="49.061207" lon="2.572935"><ele>120.5</ele></trkpt>
   <trkpt lat="49.060939" lon="2.57258"><ele>122.25</ele></trkpt>
   <trkpt lat="49.060601" lon="2.572144"><ele>123.5</ele></trkpt>
   <trkpt lat="49.060213" lon="2.571686"><ele>124.5</ele></trkpt>
   <trkpt lat="49.059743" lon="2.571153"><ele>123.5</ele></trkpt>
   <trkpt lat="49.059344" lon="2.570724"><ele>123</ele></trkpt>
   <trkpt lat="49.05894" lon="2.57031"><ele>123.75</ele></trkpt>
   <trkpt lat="49.058515" lon="2.569899"><ele>121.5</ele></trkpt>
   <trkpt lat="49.058238" lon="2.569643"><ele>120.5</ele></trkpt>
   <trkpt lat="49.057971" lon="2.569408"><ele>119.75</ele></trkpt>
   <trkpt lat="49.057229" lon="2.568794"><ele>118</ele></trkpt>
   <trkpt lat="49.056741" lon="2.568422"><ele>117.75</ele></trkpt>
   <trkpt lat="49.056312" lon="2.568118"><ele>116.5</ele></trkpt>
   <trkpt lat="49.055766" lon="2.567756"><ele>116.25</ele></trkpt>
   <trkpt lat="49.055151" lon="2.567388"><ele>115</ele></trkpt>
   <trkpt lat="49.0544" lon="2.566981"><ele>114.5</ele></trkpt>
   <trkpt lat="49.054084" lon="2.566827"><ele>113</ele></trkpt>
   <trkpt lat="49.05384" lon="2.566715"><ele>113</ele></trkpt>
   <trkpt lat="49.053205" lon="2.566449"><ele>112.75</ele></trkpt>
   <trkpt lat="49.052785" lon="2.566287"><ele>111.5</ele></trkpt>
   <trkpt lat="49.052278" lon="2.566113"><ele>112.75</ele></trkpt>
   <trkpt lat="49.051718" lon="2.56595"><ele>112</ele></trkpt>
   <trkpt lat="49.051159" lon="2.565808"><ele>113.5</ele></trkpt>
   <trkpt lat="49.050884" lon="2.565748"><ele>112.75</ele></trkpt>
   <trkpt lat="49.050255" lon="2.565632"><ele>112.5</ele></trkpt>
   <trkpt lat="49.049511" lon="2.565536"><ele>114.75</ele></trkpt>
   <trkpt lat="49.04921" lon="2.56551"><ele>114.25</ele></trkpt>
   <trkpt lat="49.04859" lon="2.565479"><ele>114.25</ele></trkpt>
   <trkpt lat="49.048267" lon="2.565477"><ele>114.25</ele></trkpt>
   <trkpt lat="49.047464" lon="2.565501"><ele>114.75</ele></trkpt>
   <trkpt lat="49.046525" lon="2.565584"><ele>115.25</ele></trkpt>
   <trkpt lat="49.044274" lon="2.56586"><ele>115.75</ele></trkpt>
   <trkpt lat="49.043889" lon="2.565907"><ele>115.75</ele></trkpt>
   <trkpt lat="49.043264" lon="2.565975"><ele>118.25</ele></trkpt>
   <trkpt lat="49.040637" lon="2.5663"><ele>117</ele></trkpt>
   <trkpt lat="49.040054" lon="2.566359"><ele>117.25</ele></trkpt>
   <trkpt lat="49.039793" lon="2.566395"><ele>117.75</ele></trkpt>
   <trkpt lat="49.03883" lon="2.566528"><ele>118</ele></trkpt>
   <trkpt lat="49.030434" lon="2.567566"><ele>115</ele></trkpt>
   <trkpt lat="49.026206" lon="2.568092"><ele>109.5</ele></trkpt>
   <trkpt lat="49.025478" lon="2.568196"><ele>109.75</ele></trkpt>
   <trkpt lat="49.024374" lon="2.568377"><ele>111.75</ele></trkpt>
   <trkpt lat="49.022702" lon="2.568663"><ele>112.5</ele></trkpt>
   <trkpt lat="49.020672" lon="2.569006"><ele>105.75</ele></trkpt>
   <trkpt lat="49.020138" lon="2.569097"><ele>104.5</ele></trkpt>
   <trkpt lat="49.019778" lon="2.569149"><ele>103</ele></trkpt>
   <trkpt lat="49.01925" lon="2.569222"><ele>102.25</ele></trkpt>
   <trkpt lat="49.015078" lon="2.569734"><ele>97.25</ele></trkpt>
   <trkpt lat="49.012099" lon="2.570105"><ele>103.75</ele></trkpt>
   <trkpt lat="49.010695" lon="2.570304"/>
   <trkpt lat="49.009431" lon="2.570446"/>
   <trkpt lat="49.008376" lon="2.570564"/>
   <trkpt lat="49.006743" lon="2.570737"/>
   <trkpt lat="49.007793" lon="2.570694"/>
   <trkpt lat="49.008429" lon="2.570616"/>
   <trkpt lat="49.007564" lon="2.570776"/>
   <trkpt lat="49.006233" lon="2.570955"/>
   <trkpt lat="49.003991" lon="2.571229"/>
   <trkpt lat="49.003912" lon="2.571238"><ele>102.5</ele></trkpt>
   <trkpt lat="49.00093" lon="2.57161"><ele>102.5</ele></trkpt>
   <trkpt lat="49.000085" lon="2.571643"><ele>102.5</ele></trkpt>
   <trkpt lat="48.998672" lon="2.571838"><ele>102.5</ele></trkpt>
   <trkpt lat="48.999506" lon="2.571657"><ele>102.5</ele></trkpt>
   <trkpt lat="48.994625" lon="2.572309"><ele>102.5</ele></trkpt>
   <trkpt lat="48.994516" lon="2.572323"><ele>102</ele></trkpt>
   <trkpt lat="48.993759" lon="2.572438"><ele>98.75</ele></trkpt>
   <trkpt lat="48.993134" lon="2.572609"><ele>96.25</ele></trkpt>
   <trkpt lat="48.992184" lon="2.573"><ele>92.5</ele></trkpt>
   <trkpt lat="48.991928" lon="2.573094"><ele>92.5</ele></trkpt>
   <trkpt lat="48.991111" lon="2.573452"><ele>92.75</ele></trkpt>
   <trkpt lat="48.990514" lon="2.573762"><ele>93.5</ele></trkpt>
   <trkpt lat="48.990136" lon="2.573969"><ele>93.25</ele></trkpt>
   <trkpt lat="48.989599" lon="2.57429"><ele>93.75</ele></trkpt>
   <trkpt lat="48.98933" lon="2.574459"><ele>92.75</ele></trkpt>
   <trkpt lat="48.988886" lon="2.574756"><ele>92.25</ele></trkpt>
   <trkpt lat="48.988483" lon="2.575043"><ele>92</ele></trkpt>
   <trkpt lat="48.988095" lon="2.575338"><ele>92</ele></trkpt>
   <trkpt lat="48.98783" lon="2.575546"><ele>92</ele></trkpt>
   <trkpt lat="48.987504" lon="2.575818"><ele>91</ele></trkpt>
   <trkpt lat="48.987237" lon="2.576045"><ele>91.25</ele></trkpt>
   <trkpt lat="48.986785" lon="2.576447"><ele>91</ele></trkpt>
   <trkpt lat="48.986234" lon="2.576981"><ele>90.25</ele></trkpt>
   <trkpt lat="48.985605" lon="2.577639"><ele>89.5</ele></trkpt>
   <trkpt lat="48.985294" lon="2.577986"><ele>89.5</ele></trkpt>
   <trkpt lat="48.984599" lon="2.57881"><ele>88.5</ele></trkpt>
   <trkpt lat="48.984248" lon="2.579259"><ele>88.25</ele></trkpt>
   <trkpt lat="48.983914" lon="2.579707"><ele>88.5</ele></trkpt>
   <trkpt lat="48.983602" lon="2.580142"><ele>87.75</ele></trkpt>
   <trkpt lat="48.983314" lon="2.580561"><ele>88.5</ele></trkpt>
   <trkpt lat="48.983014" lon="2.581016"><ele>87.25</ele></trkpt>
   <trkpt lat="48.982738" lon="2.581449"><ele>87.75</ele></trkpt>
   <trkpt lat="48.982388" lon="2.582035"><ele>86.5</ele></trkpt>
   <trkpt lat="48.982088" lon="2.582554"><ele>86</ele></trkpt>
   <trkpt lat="48.981452" lon="2.58376"><ele>83.75</ele></trkpt>
   <trkpt lat="48.981335" lon="2.583994"><ele>83.75</ele></trkpt>
   <trkpt lat="48.980813" lon="2.585099"><ele>87</ele></trkpt>
   <trkpt lat="48.98055" lon="2.585685"><ele>86.75</ele></trkpt>
   <trkpt lat="48.97891" lon="2.589456"><ele>83.5</ele></trkpt>
   <trkpt lat="48.9785" lon="2.590406"><ele>81</ele></trkpt>
   <trkpt lat="48.976896" lon="2.594111"><ele>80.75</ele></trkpt>
   <trkpt lat="48.976545" lon="2.594928"><ele>76.75</ele></trkpt>
   <trkpt lat="48.976381" lon="2.595302"><ele>77</ele></trkpt>
   <trkpt lat="48.971124" lon="2.607383"><ele>69</ele></trkpt>
   <trkpt lat="48.968706" lon="2.612966"><ele>71</ele></trkpt>
   <trkpt lat="48.965286" lon="2.620826"><ele>71.75</ele></trkpt>
   <trkpt lat="48.964319" lon="2.62306"><ele>70</ele></trkpt>
   <trkpt lat="48.963854" lon="2.624151"><ele>71.75</ele></trkpt>
   <trkpt lat="48.963519" lon="2.624972"><ele>68.75</ele></trkpt>
   <trkpt lat="48.963304" lon="2.625519"><ele>72</ele></trkpt>
   <trkpt lat="48.962934" lon="2.62649"><ele>68.75</ele></trkpt>
   <trkpt lat="48.962671" lon="2.62722"><ele>68</ele></trkpt>
   <trkpt lat="48.962386" lon="2.628053"><ele>67.25</ele></trkpt>
   <trkpt lat="48.962077" lon="2.629021"><ele>65</ele></trkpt>
   <trkpt lat="48.961817" lon="2.629877"><ele>64.25</ele></trkpt>
   <trkpt lat="48.961655" lon="2.630421"><ele>65.75</ele></trkpt>
   <trkpt lat="48.961389" lon="2.63139"><ele>64.75</ele></trkpt>
   <trkpt lat="48.961229" lon="2.632"><ele>61.25</ele></trkpt>
   <trkpt lat="48.961032" lon="2.632788"><ele>61.75</ele></trkpt>
   <trkpt lat="48.960705" lon="2.634209"><ele>60.75</ele></trkpt>
   <trkpt lat="48.960419" lon="2.6356"><ele>60.5</ele></trkpt>
   <trkpt lat="48.960156" lon="2.637043"><ele>60</ele></trkpt>
   <trkpt lat="48.960039" lon="2.637747"><ele>61.25</ele></trkpt>
   <trkpt lat="48.95984" lon="2.639116"><ele>59.25</ele></trkpt>
   <trkpt lat="48.95969" lon="2.640289"><ele>60.75</ele></trkpt>
   <trkpt lat="48.95959" lon="2.64119"><ele>59</ele></trkpt>
   <trkpt lat="48.959465" lon="2.642524"><ele>59.75</ele></trkpt>
   <trkpt lat="48.959416" lon="2.643122"><ele>59.75</ele></trkpt>
   <trkpt lat="48.959374" lon="2.643743"><ele>59</ele></trkpt>
   <trkpt lat="48.959334" lon="2.644403"><ele>58.5</ele></trkpt>
   <trkpt lat="48.959297" lon="2.645184"><ele>58.25</ele></trkpt>
   <trkpt lat="48.959271" lon="2.645853"><ele>64.5</ele></trkpt>
   <trkpt lat="48.959245" lon="2.646743"><ele>57.5</ele></trkpt>
   <trkpt lat="48.959235" lon="2.647485"><ele>57.75</ele></trkpt>
   <trkpt lat="48.959235" lon="2.648836"><ele>57.5</ele></trkpt>
   <trkpt lat="48.959259" lon="2.650029"><ele>56.25</ele></trkpt>
   <trkpt lat="48.959261" lon="2.650107"><ele>56.25</ele></trkpt>
   <trkpt lat="48.959288" lon="2.650906"><ele>55.75</ele></trkpt>
   <trkpt lat="48.959325" lon="2.651699"><ele>56</ele></trkpt>
   <trkpt lat="48.959338" lon="2.651913"><ele>56.75</ele></trkpt>
   <trkpt lat="48.959366" lon="2.652398"><ele>58</ele></trkpt>
   <trkpt lat="48.959459" lon="2.653672"><ele>59.5</ele></trkpt>
   <trkpt lat="48.959517" lon="2.654405"><ele>59</ele></trkpt>
   <trkpt lat="48.959701" lon="2.656518"><ele>59.75</ele></trkpt>
   <trkpt lat="48.959884" lon="2.658607"><ele>58.75</ele></trkpt>
   <trkpt lat="48.960013" lon="2.660179"><ele>57.5</ele></trkpt>
   <trkpt lat="48.960077" lon="2.661097"><ele>59.75</ele></trkpt>
   <trkpt lat="48.960127" lon="2.661963"><ele>59.75</ele></trkpt>
   <trkpt lat="48.960164" lon="2.662809"><ele>58</ele></trkpt>
   <trkpt lat="48.960194" lon="2.663791"><ele>57</ele></trkpt>
   <trkpt lat="48.960211" lon="2.664781"><ele>56.5</ele></trkpt>
   <trkpt lat="48.960213" lon="2.665675"><ele>55.75</ele></trkpt>
   <trkpt lat="48.960195" lon="2.666974"><ele>56</ele></trkpt>
   <trkpt lat="48.960168" lon="2.667861"><ele>56.75</ele></trkpt>
   <trkpt lat="48.960111" lon="2.669108"><ele>57.5</ele></trkpt>
   <trkpt lat="48.960018" lon="2.670543"><ele>55.25</ele></trkpt>
   <trkpt lat="48.959895" lon="2.671934"><ele>55.75</ele></trkpt>
   <trkpt lat="48.95977" lon="2.673103"><ele>55.5</ele></trkpt>
   <trkpt lat="48.959695" lon="2.673705"><ele>54.75</ele></trkpt>
   <trkpt lat="48.959556" lon="2.674762"><ele>56.75</ele></trkpt>
   <trkpt lat="48.959429" lon="2.675604"><ele>55</ele></trkpt>
   <trkpt lat="48.959234" lon="2.676789"><ele>57.5</ele></trkpt>
   <trkpt lat="48.95899" lon="2.678103"><ele>59</ele></trkpt>
   <trkpt lat="48.958792" lon="2.679065"><ele>61.25</ele></trkpt>
   <trkpt lat="48.958623" lon="2.679831"><ele>61</ele></trkpt>
   <trkpt lat="48.958312" lon="2.681158"><ele>64.25</ele></trkpt>
   <trkpt lat="48.957652" lon="2.683823"><ele>68.75</ele></trkpt>
   <trkpt lat="48.956696" lon="2.687674"><ele>72</ele></trkpt>
   <trkpt lat="48.956202" lon="2.689661"><ele>72.5</ele></trkpt>
   <trkpt lat="48.954128" lon="2.698001"><ele>75</ele></trkpt>
   <trkpt lat="48.953793" lon="2.699329"><ele>75</ele></trkpt>
   <trkpt lat="48.95359" lon="2.700095"><ele>75</ele></trkpt>
   <trkpt lat="48.95332" lon="2.70107"><ele>75</ele></trkpt>
   <trkpt lat="48.952943" lon="2.702332"><ele>74.25</ele></trkpt>
   <trkpt lat="48.952783" lon="2.702835"><ele>74</ele></trkpt>
   <trkpt lat="48.95262" lon="2.703337"><ele>74</ele></trkpt>
   <trkpt lat="48.952423" lon="2.703921"><ele>74</ele></trkpt>
   <trkpt lat="48.951986" lon="2.705145"><ele>72.75</ele></trkpt>
   <trkpt lat="48.9515" lon="2.706409"><ele>73.25</ele></trkpt>
   <trkpt lat="48.951166" lon="2.707222"><ele>72.75</ele></trkpt>
   <trkpt lat="48.950776" lon="2.708127"><ele>72.5</ele></trkpt>
   <trkpt lat="48.950438" lon="2.708878"><ele>71</ele></trkpt>
   <trkpt lat="48.94999" lon="2.709822"><ele>69.75</ele></trkpt>
   <trkpt lat="48.949718" lon="2.710364"><ele>68</ele></trkpt>
   <trkpt lat="48.949227" lon="2.71131"><ele>66.75</ele></trkpt>
   <trkpt lat="48.948747" lon="2.712189"><ele>64.75</ele></trkpt>
   <trkpt lat="48.948485" lon="2.712646"><ele>64.25</ele></trkpt>
   <trkpt lat="48.947748" lon="2.713876"><ele>62.25</ele></trkpt>
   <trkpt lat="48.947389" lon="2.714443"><ele>62.75</ele></trkpt>
   <trkpt lat="48.947079" lon="2.71492"><ele>65</ele></trkpt>
   <trkpt lat="48.946579" lon="2.715651"><ele>64.25</ele></trkpt>
   <trkpt lat="48.946295" lon="2.71605"><ele>61.5</ele></trkpt>
   <trkpt lat="48.945622" lon="2.716962"><ele>61</ele></trkpt>
   <trkpt lat="48.945267" lon="2.71742"><ele>59</ele></trkpt>
   <trkpt lat="48.944761" lon="2.718053"><ele>56.25</ele></trkpt>
   <trkpt lat="48.944515" lon="2.718356"><ele>55</ele></trkpt>
   <trkpt lat="48.943848" lon="2.719126"><ele>51.5</ele></trkpt>
   <trkpt lat="48.943215" lon="2.71983"><ele>48.25</ele></trkpt>
   <trkpt lat="48.941851" lon="2.721321"><ele>48.25</ele></trkpt>
   <trkpt lat="48.941234" lon="2.721999"><ele>47</ele></trkpt>
   <trkpt lat="48.941067" lon="2.722185"><ele>47.25</ele></trkpt>
   <trkpt lat="48.93831" lon="2.725216"><ele>46.25</ele></trkpt>
   <trkpt lat="48.938262" lon="2.725271"><ele>46.25</ele></trkpt>
   <trkpt lat="48.93724" lon="2.726394"><ele>46.75</ele></trkpt>
   <trkpt lat="48.935366" lon="2.728454"><ele>46.5</ele></trkpt>
   <trkpt lat="48.933578" lon="2.730427"><ele>45.25</ele></trkpt>
   <trkpt lat="48.933522" lon="2.730488"><ele>45.25</ele></trkpt>
   <trkpt lat="48.932017" lon="2.73215"><ele>45.25</ele></trkpt>
   <trkpt lat="48.931971" lon="2.7322"><ele>46.25</ele></trkpt>
   <trkpt lat="48.931269" lon="2.73297"><ele>45.5</ele></trkpt>
   <trkpt lat="48.930989" lon="2.733267"><ele>45.25</ele></trkpt>
   <trkpt lat="48.930079" lon="2.734267"><ele>45</ele></trkpt>
   <trkpt lat="48.930049" lon="2.734299"><ele>45.25</ele></trkpt>
   <trkpt lat="48.929142" lon="2.735298"><ele>47.25</ele></trkpt>
   <trkpt lat="48.927119" lon="2.737527"><ele>46.25</ele></trkpt>
   <trkpt lat="48.926326" lon="2.738427"><ele>46.25</ele></trkpt>
   <trkpt lat="48.926016" lon="2.738789"><ele>46.5</ele></trkpt>
   <trkpt lat="48.925458" lon="2.739475"><ele>47</ele></trkpt>
   <trkpt lat="48.924923" lon="2.740158"><ele>47</ele></trkpt>
   <trkpt lat="48.924395" lon="2.740869"><ele>47.5</ele></trkpt>
   <trkpt lat="48.923917" lon="2.741542"><ele>48.25</ele></trkpt>
   <trkpt lat="48.923075" lon="2.742774"><ele>49.75</ele></trkpt>
   <trkpt lat="48.922281" lon="2.743959"><ele>51.5</ele></trkpt>
   <trkpt lat="48.918231" lon="2.750001"><ele>51.5</ele></trkpt>
   <trkpt lat="48.91374" lon="2.756697"><ele>55</ele></trkpt>
   <trkpt lat="48.913199" lon="2.757521"><ele>56.5</ele></trkpt>
   <trkpt lat="48.912411" lon="2.758751"><ele>57.5</ele></trkpt>
   <trkpt lat="48.912032" lon="2.759325"><ele>57.5</ele></trkpt>
   <trkpt lat="48.911448" lon="2.760195"><ele>58</ele></trkpt>
   <trkpt lat="48.910147" lon="2.762137"><ele>60</ele></trkpt>
   <trkpt lat="48.906245" lon="2.767949"><ele>65.25</ele></trkpt>
   <trkpt lat="48.904559" lon="2.770465"><ele>75</ele></trkpt>
   <trkpt lat="48.903513" lon="2.771999"><ele>72.25</ele></trkpt>
   <trkpt lat="48.903164" lon="2.772522"><ele>73</ele></trkpt>
   <trkpt lat="48.90292" lon="2.772875"><ele>73.5</ele></trkpt>
   <trkpt lat="48.902362" lon="2.773646"><ele>75</ele></trkpt>
   <trkpt lat="48.901615" lon="2.774618"><ele>76.75</ele></trkpt>
   <trkpt lat="48.901356" lon="2.774936"><ele>77.25</ele></trkpt>
   <trkpt lat="48.90059" lon="2.775844"><ele>79</ele></trkpt>
   <trkpt lat="48.900377" lon="2.776084"><ele>79.5</ele></trkpt>
   <trkpt lat="48.899593" lon="2.776928"><ele>81.25</ele></trkpt>
   <trkpt lat="48.898912" lon="2.777616"><ele>82.75</ele></trkpt>
   <trkpt lat="48.898231" lon="2.778264"><ele>84.25</ele></trkpt>
   <trkpt lat="48.89788" lon="2.778582"><ele>85</ele></trkpt>
   <trkpt lat="48.89758" lon="2.778852"><ele>85.5</ele></trkpt>
   <trkpt lat="48.896964" lon="2.779373"><ele>86.75</ele></trkpt>
   <trkpt lat="48.896372" lon="2.779838"><ele>88</ele></trkpt>
   <trkpt lat="48.895618" lon="2.780402"><ele>89.5</ele></trkpt>
   <trkpt lat="48.895024" lon="2.780817"><ele>90.75</ele></trkpt>
   <trkpt lat="48.89427" lon="2.781311"><ele>92.25</ele></trkpt>
   <trkpt lat="48.89417" lon="2.781373"><ele>92.5</ele></trkpt>
   <trkpt lat="48.893541" lon="2.781755"><ele>92.5</ele></trkpt>
   <trkpt lat="48.892852" lon="2.782142"><ele>95</ele></trkpt>
   <trkpt lat="48.892123" lon="2.782521"><ele>97.25</ele></trkpt>
   <trkpt lat="48.891513" lon="2.782815"><ele>98.75</ele></trkpt>
   <trkpt lat="48.890725" lon="2.783158"><ele>100.5</ele></trkpt>
   <trkpt lat="48.890273" lon="2.78334"><ele>100</ele></trkpt>
   <trkpt lat="48.889838" lon="2.783501"><ele>107</ele></trkpt>
   <trkpt lat="48.889639" lon="2.783573"><ele>106.25</ele></trkpt>
   <trkpt lat="48.88921" lon="2.783721"><ele>101.75</ele></trkpt>
   <trkpt lat="48.888421" lon="2.783962"><ele>100.75</ele></trkpt>
   <trkpt lat="48.88794" lon="2.784095"><ele>101</ele></trkpt>
   <trkpt lat="48.887463" lon="2.784213"><ele>100</ele></trkpt>
   <trkpt lat="48.886974" lon="2.784321"><ele>99.5</ele></trkpt>
   <trkpt lat="48.886494" lon="2.784416"><ele>99</ele></trkpt>
   <trkpt lat="48.885527" lon="2.784565"><ele>98.5</ele></trkpt>
   <trkpt lat="48.885039" lon="2.784623"><ele>98.5</ele></trkpt>
   <trkpt lat="48.884152" lon="2.784697"><ele>100.5</ele></trkpt>
   <trkpt lat="48.883261" lon="2.784729"><ele>102</ele></trkpt>
   <trkpt lat="48.882811" lon="2.784728"><ele>103.75</ele></trkpt>
   <trkpt lat="48.882042" lon="2.784706"><ele>105</ele></trkpt>
   <trkpt lat="48.881527" lon="2.784674"><ele>106.25</ele></trkpt>
   <trkpt lat="48.880667" lon="2.784592"><ele>108</ele></trkpt>
   <trkpt lat="48.87853" lon="2.784323"><ele>111</ele></trkpt>
   <trkpt lat="48.877966" lon="2.784249"><ele>111.75</ele></trkpt>
   <trkpt lat="48.876217" lon="2.784025"><ele>115.25</ele></trkpt>
   <trkpt lat="48.874862" lon="2.783836"><ele>117</ele></trkpt>
   <trkpt lat="48.872949" lon="2.783527"><ele>122</ele></trkpt>
   <trkpt lat="48.872454" lon="2.783438"><ele>120.5</ele></trkpt>
   <trkpt lat="48.866393" lon="2.782378"><ele>121.75</ele></trkpt>
   <trkpt lat="48.863237" lon="2.781727"><ele>121</ele></trkpt>
   <trkpt lat="48.862113" lon="2.781514"><ele>121.25</ele></trkpt>
   <trkpt lat="48.862001" lon="2.781493"><ele>121.25</ele></trkpt>
   <trkpt lat="48.861974" lon="2.781488"><ele>121.25</ele></trkpt>
   <trkpt lat="48.861865" lon="2.781467"><ele>121.25</ele></trkpt>
   <trkpt lat="48.860351" lon="2.7812"><ele>121</ele></trkpt>
   <trkpt lat="48.857772" lon="2.780762"><ele>120</ele></trkpt>
   <trkpt lat="48.856803" lon="2.780597"><ele>119.75</ele></trkpt>
   <trkpt lat="48.856758" lon="2.780588"><ele>119.5</ele></trkpt>
   <trkpt lat="48.856695" lon="2.780576"><ele>119.5</ele></trkpt>
   <trkpt lat="48.856282" lon="2.780506"><ele>119.5</ele></trkpt>
   <trkpt lat="48.855221" lon="2.780301"><ele>119.5</ele></trkpt>
   <trkpt lat="48.854146" lon="2.780111"><ele>119.5</ele></trkpt>
   <trkpt lat="48.853756" lon="2.78004"><ele>119.75</ele></trkpt>
   <trkpt lat="48.853568" lon="2.780002"><ele>119</ele></trkpt>
   <trkpt lat="48.852749" lon="2.779847"><ele>119.75</ele></trkpt>
   <trkpt lat="48.85133" lon="2.7796"><ele>119.5</ele></trkpt>
   <trkpt lat="48.843742" lon="2.778305"><ele>122.25</ele></trkpt>
   <trkpt lat="48.839176" lon="2.777532"><ele>124.5</ele></trkpt>
   <trkpt lat="48.838543" lon="2.777441"><ele>125.75</ele></trkpt>
   <trkpt lat="48.837939" lon="2.777368"><ele>127.5</ele></trkpt>
   <trkpt lat="48.837152" lon="2.777295"><ele>129</ele></trkpt>
   <trkpt lat="48.836318" lon="2.777245"><ele>130.25</ele></trkpt>
   <trkpt lat="48.835227" lon="2.777227"><ele>132</ele></trkpt>
   <trkpt lat="48.834348" lon="2.777247"><ele>133.5</ele></trkpt>
   <trkpt lat="48.833456" lon="2.777302"><ele>133.5</ele></trkpt>
   <trkpt lat="48.832741" lon="2.777368"><ele>132</ele></trkpt>
   <trkpt lat="48.831629" lon="2.777521"><ele>131.75</ele></trkpt>
   <trkpt lat="48.831437" lon="2.77756"><ele>132.5</ele></trkpt>
   <trkpt lat="48.831097" lon="2.777611"><ele>131.75</ele></trkpt>
   <trkpt lat="48.830474" lon="2.777733"><ele>131.75</ele></trkpt>
   <trkpt lat="48.829505" lon="2.777954"><ele>127.5</ele></trkpt>
   <trkpt lat="48.829362" lon="2.777988"><ele>128</ele></trkpt>
   <trkpt lat="48.828468" lon="2.778239"><ele>129</ele></trkpt>
   <trkpt lat="48.82742" lon="2.778575"><ele>128</ele></trkpt>
   <trkpt lat="48.82655" lon="2.778891"><ele>127.75</ele></trkpt>
   <trkpt lat="48.82555" lon="2.779297"><ele>125.5</ele></trkpt>
   <trkpt lat="48.824694" lon="2.779685"><ele>124.75</ele></trkpt>
   <trkpt lat="48.823798" lon="2.780126"><ele>125</ele></trkpt>
   <trkpt lat="48.823383" lon="2.780345"><ele>125.25</ele></trkpt>
   <trkpt lat="48.822618" lon="2.780768"><ele>124.5</ele></trkpt>
   <trkpt lat="48.821722" lon="2.781305"><ele>123.75</ele></trkpt>
   <trkpt lat="48.820976" lon="2.781783"><ele>123.75</ele></trkpt>
   <trkpt lat="48.820107" lon="2.782378"><ele>123</ele></trkpt>
   <trkpt lat="48.818531" lon="2.783508"><ele>126</ele></trkpt>
   <trkpt lat="48.811678" lon="2.788459"><ele>121</ele></trkpt>
   <trkpt lat="48.808504" lon="2.790754"><ele>120.5</ele></trkpt>
   <trkpt lat="48.808464" lon="2.790783"><ele>120.75</ele></trkpt>
   <trkpt lat="48.797873" lon="2.798429"><ele>119.5</ele></trkpt>
   <trkpt lat="48.79336" lon="2.801677"><ele>121.75</ele></trkpt>
   <trkpt lat="48.792798" lon="2.802074"><ele>121.5</ele></trkpt>
   <trkpt lat="48.791983" lon="2.802629"><ele>120.75</ele></trkpt>
   <trkpt lat="48.791576" lon="2.802893"><ele>121</ele></trkpt>
   <trkpt lat="48.790925" lon="2.803296"><ele>121</ele></trkpt>
   <trkpt lat="48.790496" lon="2.803547"><ele>120.75</ele></trkpt>
   <trkpt lat="48.789801" lon="2.803938"><ele>120.5</ele></trkpt>
   <trkpt lat="48.789296" lon="2.804207"><ele>120.5</ele></trkpt>
   <trkpt lat="48.788642" lon="2.804534"><ele>119.75</ele></trkpt>
   <trkpt lat="48.787906" lon="2.804879"><ele>119</ele></trkpt>
   <trkpt lat="48.787497" lon="2.80506"><ele>119.5</ele></trkpt>
   <trkpt lat="48.786719" lon="2.805381"><ele>119</ele></trkpt>
   <trkpt lat="48.786101" lon="2.805617"><ele>119.5</ele></trkpt>
   <trkpt lat="48.785436" lon="2.80585"><ele>118.75</ele></trkpt>
   <trkpt lat="48.78505" lon="2.805976"><ele>117.75</ele></trkpt>
   <trkpt lat="48.784206" lon="2.806231"><ele>117.25</ele></trkpt>
   <trkpt lat="48.783737" lon="2.806356"><ele>117.75</ele></trkpt>
   <trkpt lat="48.783296" lon="2.806466"><ele>117</ele></trkpt>
   <trkpt lat="48.782508" lon="2.806643"><ele>117.75</ele></trkpt>
   <trkpt lat="48.78183" lon="2.806774"><ele>116.5</ele></trkpt>
   <trkpt lat="48.781104" lon="2.806891"><ele>117</ele></trkpt>
   <trkpt lat="48.780469" lon="2.806977"><ele>118.75</ele></trkpt>
   <trkpt lat="48.779628" lon="2.807061"><ele>118</ele></trkpt>
   <trkpt lat="48.778907" lon="2.807113"><ele>118.5</ele></trkpt>
   <trkpt lat="48.778253" lon="2.807138"><ele>119</ele></trkpt>
   <trkpt lat="48.777635" lon="2.807147"><ele>118.75</ele></trkpt>
   <trkpt lat="48.776672" lon="2.807125"><ele>118.5</ele></trkpt>
   <trkpt lat="48.776042" lon="2.807093"><ele>117.75</ele></trkpt>
   <trkpt lat="48.775139" lon="2.807026"><ele>117.75</ele></trkpt>
   <trkpt lat="48.775099" lon="2.807024"><ele>118</ele></trkpt>
   <trkpt lat="48.760727" lon="2.805843"><ele>116.75</ele></trkpt>
   <trkpt lat="48.759917" lon="2.80578"><ele>115.5</ele></trkpt>
   <trkpt lat="48.757435" lon="2.805521"><ele>114.75</ele></trkpt>
   <trkpt lat="48.753143" lon="2.805168"><ele>112</ele></trkpt>
   <trkpt lat="48.752046" lon="2.805059"><ele>112.25</ele></trkpt>
   <trkpt lat="48.751121" lon="2.804929"><ele>112.25</ele></trkpt>
   <trkpt lat="48.750231" lon="2.804763"><ele>112.75</ele></trkpt>
   <trkpt lat="48.749822" lon="2.804673"><ele>113</ele></trkpt>
   <trkpt lat="48.749424" lon="2.804576"><ele>112.25</ele></trkpt>
   <trkpt lat="48.748745" lon="2.804393"><ele>113.5</ele></trkpt>
   <trkpt lat="48.747936" lon="2.804141"><ele>113.75</ele></trkpt>
   <trkpt lat="48.747582" lon="2.804018"><ele>112.75</ele></trkpt>
   <trkpt lat="48.747184" lon="2.803863"><ele>113.75</ele></trkpt>
   <trkpt lat="48.746411" lon="2.803544"><ele>113.75</ele></trkpt>
   <trkpt lat="48.746073" lon="2.803401"><ele>113</ele></trkpt>
   <trkpt lat="48.745661" lon="2.80321"><ele>113</ele></trkpt>
   <trkpt lat="48.744916" lon="2.802841"><ele>113</ele></trkpt>
   <trkpt lat="48.744301" lon="2.802511"><ele>114.25</ele></trkpt>
   <trkpt lat="48.743901" lon="2.802287"><ele>113.75</ele></trkpt>
   <trkpt lat="48.743428" lon="2.802007"><ele>113.5</ele></trkpt>
   <trkpt lat="48.742842" lon="2.801637"><ele>114.5</ele></trkpt>
   <trkpt lat="48.74219" lon="2.801205"><ele>114.75</ele></trkpt>
   <trkpt lat="48.741513" lon="2.800722"><ele>114.25</ele></trkpt>
   <trkpt lat="48.740536" lon="2.799966"><ele>114.75</ele></trkpt>
   <trkpt lat="48.740021" lon="2.799541"><ele>114.5</ele></trkpt>
   <trkpt lat="48.739247" lon="2.79886"><ele>115.25</ele></trkpt>
   <trkpt lat="48.738833" lon="2.798475"><ele>115</ele></trkpt>
   <trkpt lat="48.738182" lon="2.797843"><ele>115.75</ele></trkpt>
   <trkpt lat="48.737731" lon="2.797382"><ele>115.5</ele></trkpt>
   <trkpt lat="48.736809" lon="2.796398"><ele>115.75</ele></trkpt>
   <trkpt lat="48.733969" lon="2.793276"><ele>117.5</ele></trkpt>
   <trkpt lat="48.733319" lon="2.792561"><ele>116</ele></trkpt>
   <trkpt lat="48.733155" lon="2.792379"><ele>116.5</ele></trkpt>
   <trkpt lat="48.732065" lon="2.791178"><ele>113.75</ele></trkpt>
   <trkpt lat="48.73147" lon="2.790523"><ele>116.75</ele></trkpt>
   <trkpt lat="48.730694" lon="2.789683"><ele>116.5</ele></trkpt>
   <trkpt lat="48.730537" lon="2.789501"><ele>116.75</ele></trkpt>
   <trkpt lat="48.728276" lon="2.787016"><ele>114.25</ele></trkpt>
   <trkpt lat="48.72788" lon="2.786571"><ele>113.25</ele></trkpt>
   <trkpt lat="48.727764" lon="2.78644"><ele>113.75</ele></trkpt>
   <trkpt lat="48.727279" lon="2.785884"><ele>113.5</ele></trkpt>
   <trkpt lat="48.726922" lon="2.785458"><ele>113.25</ele></trkpt>
   <trkpt lat="48.725963" lon="2.784263"><ele>112</ele></trkpt>
   <trkpt lat="48.725644" lon="2.783851"><ele>111.75</ele></trkpt>
   <trkpt lat="48.724859" lon="2.782775"><ele>111</ele></trkpt>
   <trkpt lat="48.724108" lon="2.781685"><ele>110.5</ele></trkpt>
   <trkpt lat="48.723737" lon="2.78112"><ele>109.5</ele></trkpt>
   <trkpt lat="48.723372" lon="2.78056"><ele>111.25</ele></trkpt>
   <trkpt lat="48.723055" lon="2.780058"><ele>110.75</ele></trkpt>
   <trkpt lat="48.722702" lon="2.779478"><ele>109</ele></trkpt>
   <trkpt lat="48.722665" lon="2.779416"><ele>109</ele></trkpt>
   <trkpt lat="48.722262" lon="2.778723"><ele>110</ele></trkpt>
   <trkpt lat="48.721577" lon="2.777503"><ele>108.5</ele></trkpt>
   <trkpt lat="48.721012" lon="2.776439"><ele>107.5</ele></trkpt>
   <trkpt lat="48.720282" lon="2.774989"><ele>108</ele></trkpt>
   <trkpt lat="48.718258" lon="2.770821"><ele>105.5</ele></trkpt>
   <trkpt lat="48.7101" lon="2.754041"><ele>101.75</ele></trkpt>
   <trkpt lat="48.709047" lon="2.751825"><ele>98.5</ele></trkpt>
   <trkpt lat="48.707611" lon="2.748771"><ele>93.75</ele></trkpt>
   <trkpt lat="48.705376" lon="2.744018"><ele>87.25</ele></trkpt>
   <trkpt lat="48.705318" lon="2.743893"><ele>86.5</ele></trkpt>
   <trkpt lat="48.704498" lon="2.742123"><ele>88</ele></trkpt>
   <trkpt lat="48.703929" lon="2.740845"><ele>88.25</ele></trkpt>
   <trkpt lat="48.702674" lon="2.737964"><ele>90</ele></trkpt>
   <trkpt lat="48.702343" lon="2.737228"><ele>90.75</ele></trkpt>
   <trkpt lat="48.702" lon="2.736499"><ele>90</ele></trkpt>
   <trkpt lat="48.7017" lon="2.735892"><ele>89.75</ele></trkpt>
   <trkpt lat="48.701392" lon="2.735303"><ele>89</ele></trkpt>
   <trkpt lat="48.700997" lon="2.734589"><ele>91.25</ele></trkpt>
   <trkpt lat="48.70068" lon="2.734038"><ele>93.25</ele></trkpt>
   <trkpt lat="48.700258" lon="2.733358"><ele>93.75</ele></trkpt>
   <trkpt lat="48.699958" lon="2.732891"><ele>94.25</ele></trkpt>
   <trkpt lat="48.699586" lon="2.732355"><ele>94.5</ele></trkpt>
   <trkpt lat="48.699266" lon="2.731912"><ele>94.75</ele></trkpt>
   <trkpt lat="48.698957" lon="2.731505"><ele>94.25</ele></trkpt>
   <trkpt lat="48.698425" lon="2.730835"><ele>95.25</ele></trkpt>
   <trkpt lat="48.698155" lon="2.730512"><ele>96.25</ele></trkpt>
   <trkpt lat="48.697888" lon="2.730206"><ele>97.5</ele></trkpt>
   <trkpt lat="48.69747" lon="2.729745"><ele>98.25</ele></trkpt>
   <trkpt lat="48.696965" lon="2.72922"><ele>100.25</ele></trkpt>
   <trkpt lat="48.696701" lon="2.728959"><ele>101.25</ele></trkpt>
   <trkpt lat="48.696449" lon="2.728721"><ele>102</ele></trkpt>
   <trkpt lat="48.695937" lon="2.728258"><ele>102.75</ele></trkpt>
   <trkpt lat="48.695517" lon="2.727901"><ele>103</ele></trkpt>
   <trkpt lat="48.695094" lon="2.72756"><ele>103.75</ele></trkpt>
   <trkpt lat="48.694616" lon="2.727201"><ele>104.5</ele></trkpt>
   <trkpt lat="48.694347" lon="2.727011"><ele>104.75</ele></trkpt>
   <trkpt lat="48.693784" lon="2.726632"><ele>105</ele></trkpt>
   <trkpt lat="48.693493" lon="2.726449"><ele>105</ele></trkpt>
   <trkpt lat="48.69301" lon="2.726162"><ele>105.5</ele></trkpt>
   <trkpt lat="48.692258" lon="2.725757"><ele>104.75</ele></trkpt>
   <trkpt lat="48.691696" lon="2.725491"><ele>105</ele></trkpt>
   <trkpt lat="48.691253" lon="2.725297"><ele>105.75</ele></trkpt>
   <trkpt lat="48.690818" lon="2.725127"><ele>104.5</ele></trkpt>
   <trkpt lat="48.690445" lon="2.724992"><ele>105.5</ele></trkpt>
   <trkpt lat="48.690149" lon="2.724892"><ele>104.75</ele></trkpt>
   <trkpt lat="48.689598" lon="2.724728"><ele>105.5</ele></trkpt>
   <trkpt lat="48.689326" lon="2.724652"><ele>104.5</ele></trkpt>
   <trkpt lat="48.688828" lon="2.724538"><ele>104.5</ele></trkpt>
   <trkpt lat="48.6882" lon="2.724416"><ele>104.75</ele></trkpt>
   <trkpt lat="48.68793" lon="2.724373"><ele>104.5</ele></trkpt>
   <trkpt lat="48.687254" lon="2.724293"><ele>106</ele></trkpt>
   <trkpt lat="48.686575" lon="2.724246"><ele>107.75</ele></trkpt>
   <trkpt lat="48.686242" lon="2.724233"><ele>109.5</ele></trkpt>
   <trkpt lat="48.685455" lon="2.724247"><ele>108</ele></trkpt>
   <trkpt lat="48.68457" lon="2.724316"><ele>109</ele></trkpt>
   <trkpt lat="48.684197" lon="2.724363"><ele>109.75</ele></trkpt>
   <trkpt lat="48.68368" lon="2.724449"><ele>108</ele></trkpt>
   <trkpt lat="48.683187" lon="2.72455"><ele>106.5</ele></trkpt>
   <trkpt lat="48.682688" lon="2.724664"><ele>109</ele></trkpt>
   <trkpt lat="48.682116" lon="2.724823"><ele>108.5</ele></trkpt>
   <trkpt lat="48.681797" lon="2.724924"><ele>107.75</ele></trkpt>
   <trkpt lat="48.681319" lon="2.725094"><ele>106.75</ele></trkpt>
   <trkpt lat="48.680818" lon="2.725289"><ele>107.5</ele></trkpt>
   <trkpt lat="48.680116" lon="2.725594"><ele>104.75</ele></trkpt>
   <trkpt lat="48.679412" lon="2.725922"><ele>102.75</ele></trkpt>
   <trkpt lat="48.676901" lon="2.72713"><ele>100.5</ele></trkpt>
   <trkpt lat="48.676024" lon="2.727541"><ele>101.25</ele></trkpt>
   <trkpt lat="48.675109" lon="2.727938"><ele>101.25</ele></trkpt>
   <trkpt lat="48.67387" lon="2.728419"><ele>101.25</ele></trkpt>
   <trkpt lat="48.66924" lon="2.730144"><ele>101</ele></trkpt>
   <trkpt lat="48.666256" lon="2.731182"><ele>99.75</ele></trkpt>
   <trkpt lat="48.664071" lon="2.731932"><ele>96.75</ele></trkpt>
   <trkpt lat="48.663264" lon="2.732174"><ele>95</ele></trkpt>
   <trkpt lat="48.662472" lon="2.732389"><ele>93.75</ele></trkpt>
   <trkpt lat="48.661807" lon="2.732549"><ele>91.75</ele></trkpt>
   <trkpt lat="48.661304" lon="2.732656"><ele>91.25</ele></trkpt>
   <trkpt lat="48.660539" lon="2.7328"><ele>90.25</ele></trkpt>
   <trkpt lat="48.659609" lon="2.732947"><ele>88.25</ele></trkpt>
   <trkpt lat="48.657995" lon="2.733167"><ele>87</ele></trkpt>
   <trkpt lat="48.655575" lon="2.733501"><ele>84</ele></trkpt>
   <trkpt lat="48.652363" lon="2.73394"><ele>80</ele></trkpt>
   <trkpt lat="48.648259" lon="2.734513"><ele>72.75</ele></trkpt>
   <trkpt lat="48.647745" lon="2.734578"><ele>71.75</ele></trkpt>
   <trkpt lat="48.647158" lon="2.734649"><ele>72.5</ele></trkpt>
   <trkpt lat="48.64668" lon="2.734696"><ele>74.25</ele></trkpt>
   <trkpt lat="48.64592" lon="2.734752"><ele>68</ele></trkpt>
   <trkpt lat="48.645287" lon="2.734771"><ele>70.5</ele></trkpt>
   <trkpt lat="48.644294" lon="2.734761"><ele>76</ele></trkpt>
   <trkpt lat="48.643938" lon="2.734742"><ele>77.5</ele></trkpt>
   <trkpt lat="48.643044" lon="2.734665"><ele>81.5</ele></trkpt>
   <trkpt lat="48.642459" lon="2.734596"><ele>83.75</ele></trkpt>
   <trkpt lat="48.641749" lon="2.734482"><ele>84.5</ele></trkpt>
   <trkpt lat="48.640945" lon="2.734324"><ele>86.75</ele></trkpt>
   <trkpt lat="48.640026" lon="2.7341"><ele>87.5</ele></trkpt>
   <trkpt lat="48.639572" lon="2.73397"><ele>87.75</ele></trkpt>
   <trkpt lat="48.638843" lon="2.73374"><ele>87.5</ele></trkpt>
   <trkpt lat="48.638191" lon="2.733506"><ele>88.25</ele></trkpt>
   <trkpt lat="48.637865" lon="2.73338"><ele>87.5</ele></trkpt>
   <trkpt lat="48.637284" lon="2.733139"><ele>88</ele></trkpt>
   <trkpt lat="48.636795" lon="2.73292"><ele>88.25</ele></trkpt>
   <trkpt lat="48.636305" lon="2.73269"><ele>88.75</ele></trkpt>
   <trkpt lat="48.635812" lon="2.73244"><ele>88.5</ele></trkpt>
   <trkpt lat="48.634974" lon="2.731982"><ele>88.25</ele></trkpt>
   <trkpt lat="48.63436" lon="2.731617"><ele>88.75</ele></trkpt>
   <trkpt lat="48.633575" lon="2.731113"><ele>88</ele></trkpt>
   <trkpt lat="48.632853" lon="2.730609"><ele>89</ele></trkpt>
   <trkpt lat="48.632572" lon="2.730403"><ele>89.75</ele></trkpt>
   <trkpt lat="48.631878" lon="2.729871"><ele>89.75</ele></trkpt>
   <trkpt lat="48.631308" lon="2.729405"><ele>89</ele></trkpt>
   <trkpt lat="48.630617" lon="2.728818"><ele>89.25</ele></trkpt>
   <trkpt lat="48.627938" lon="2.726485"><ele>91</ele></trkpt>
   <trkpt lat="48.627235" lon="2.72589"><ele>90.5</ele></trkpt>
   <trkpt lat="48.626782" lon="2.725521"><ele>91</ele></trkpt>
   <trkpt lat="48.626361" lon="2.725191"><ele>90.75</ele></trkpt>
   <trkpt lat="48.62593" lon="2.724867"><ele>92</ele></trkpt>
   <trkpt lat="48.625498" lon="2.724559"><ele>91</ele></trkpt>
   <trkpt lat="48.625051" lon="2.724253"><ele>90.75</ele></trkpt>
   <trkpt lat="48.624654" lon="2.723993"><ele>91.5</ele></trkpt>
   <trkpt lat="48.624305" lon="2.723772"><ele>91.75</ele></trkpt>
   <trkpt lat="48.623834" lon="2.723488"><ele>91.5</ele></trkpt>
   <trkpt lat="48.623339" lon="2.723204"><ele>91</ele></trkpt>
   <trkpt lat="48.622812" lon="2.72292"><ele>91.5</ele></trkpt>
   <trkpt lat="48.62234" lon="2.722682"><ele>91.75</ele></trkpt>
   <trkpt lat="48.621842" lon="2.722445"><ele>91.5</ele></trkpt>
   <trkpt lat="48.62116" lon="2.722139"><ele>91.75</ele></trkpt>
   <trkpt lat="48.620806" lon="2.721986"><ele>91</ele></trkpt>
   <trkpt lat="48.614872" lon="2.71954"><ele>93</ele></trkpt>
   <trkpt lat="48.614009" lon="2.719206"><ele>93</ele></trkpt>
   <trkpt lat="48.613309" lon="2.718958"><ele>92</ele></trkpt>
   <trkpt lat="48.612592" lon="2.718739"><ele>92</ele></trkpt>
   <trkpt lat="48.611888" lon="2.718548"><ele>92</ele></trkpt>
   <trkpt lat="48.61116" lon="2.718376"><ele>91.75</ele></trkpt>
   <trkpt lat="48.610402" lon="2.718227"><ele>92</ele></trkpt>
   <trkpt lat="48.609639" lon="2.718108"><ele>91</ele></trkpt>
   <trkpt lat="48.608859" lon="2.718019"><ele>90</ele></trkpt>
   <trkpt lat="48.608074" lon="2.717962"><ele>90</ele></trkpt>
   <trkpt lat="48.607248" lon="2.717935"><ele>90</ele></trkpt>
   <trkpt lat="48.606828" lon="2.717936"><ele>89</ele></trkpt>
   <trkpt lat="48.606394" lon="2.717945"><ele>89</ele></trkpt>
   <trkpt lat="48.605424" lon="2.718004"><ele>89</ele></trkpt>
   <trkpt lat="48.60471" lon="2.718075"><ele>89</ele></trkpt>
   <trkpt lat="48.603906" lon="2.718182"><ele>88.75</ele></trkpt>
   <trkpt lat="48.603182" lon="2.718304"><ele>89</ele></trkpt>
   <trkpt lat="48.60259" lon="2.71842"><ele>89</ele></trkpt>
   <trkpt lat="48.601958" lon="2.718556"><ele>89</ele></trkpt>
   <trkpt lat="48.60137" lon="2.718703"><ele>89</ele></trkpt>
   <trkpt lat="48.60072" lon="2.718881"><ele>88.75</ele></trkpt>
   <trkpt lat="48.599702" lon="2.719198"><ele>91.75</ele></trkpt>
   <trkpt lat="48.598881" lon="2.719488"><ele>91</ele></trkpt>
   <trkpt lat="48.59812" lon="2.719785"><ele>91</ele></trkpt>
   <trkpt lat="48.597288" lon="2.720138"><ele>90</ele></trkpt>
   <trkpt lat="48.596526" lon="2.720492"><ele>90.25</ele></trkpt>
   <trkpt lat="48.595756" lon="2.720879"><ele>90</ele></trkpt>
   <trkpt lat="48.595047" lon="2.721259"><ele>90</ele></trkpt>
   <trkpt lat="48.594658" lon="2.721481"><ele>90</ele></trkpt>
   <trkpt lat="48.594075" lon="2.721823"><ele>91</ele></trkpt>
   <trkpt lat="48.593654" lon="2.722085"><ele>91.75</ele></trkpt>
   <trkpt lat="48.592917" lon="2.722562"><ele>93</ele></trkpt>
   <trkpt lat="48.592336" lon="2.722959"><ele>90.5</ele></trkpt>
   <trkpt lat="48.59194" lon="2.723238"><ele>90.5</ele></trkpt>
   <trkpt lat="48.591065" lon="2.723898"><ele>95</ele></trkpt>
   <trkpt lat="48.590753" lon="2.724145"><ele>92.25</ele></trkpt>
   <trkpt lat="48.590384" lon="2.72444"><ele>92</ele></trkpt>
   <trkpt lat="48.589769" lon="2.724946"><ele>93.25</ele></trkpt>
   <trkpt lat="48.589146" lon="2.725491"><ele>92.75</ele></trkpt>
   <trkpt lat="48.58856" lon="2.726024"><ele>91.75</ele></trkpt>
   <trkpt lat="48.58775" lon="2.726805"><ele>91</ele></trkpt>
   <trkpt lat="48.587175" lon="2.727383"><ele>90.5</ele></trkpt>
   <trkpt lat="48.586525" lon="2.728067"><ele>90.75</ele></trkpt>
   <trkpt lat="48.586005" lon="2.728639"><ele>91.25</ele></trkpt>
   <trkpt lat="48.585495" lon="2.729226"><ele>92.25</ele></trkpt>
   <trkpt lat="48.584933" lon="2.729887"><ele>92.25</ele></trkpt>
   <trkpt lat="48.584354" lon="2.730619"><ele>93</ele></trkpt>
   <trkpt lat="48.583702" lon="2.731467"><ele>94</ele></trkpt>
   <trkpt lat="48.583138" lon="2.732222"><ele>95</ele></trkpt>
   <trkpt lat="48.582715" lon="2.732812"><ele>95</ele></trkpt>
   <trkpt lat="48.582188" lon="2.733587"><ele>95.75</ele></trkpt>
   <trkpt lat="48.581691" lon="2.734345"><ele>93.25</ele></trkpt>
   <trkpt lat="48.581322" lon="2.734926"><ele>91.5</ele></trkpt>
   <trkpt lat="48.581126" lon="2.735246"><ele>91.5</ele></trkpt>
   <trkpt lat="48.580529" lon="2.736229"><ele>91</ele></trkpt>
   <trkpt lat="48.580136" lon="2.73691"><ele>89</ele></trkpt>
   <trkpt lat="48.579636" lon="2.737806"><ele>89.25</ele></trkpt>
   <trkpt lat="48.577496" lon="2.741738"><ele>86</ele></trkpt>
   <trkpt lat="48.576767" lon="2.743052"><ele>86</ele></trkpt>
   <trkpt lat="48.576021" lon="2.744327"><ele>85.75</ele></trkpt>
   <trkpt lat="48.575492" lon="2.74518"><ele>85.5</ele></trkpt>
   <trkpt lat="48.575161" lon="2.745692"><ele>85</ele></trkpt>
   <trkpt lat="48.574901" lon="2.746093"><ele>85.25</ele></trkpt>
   <trkpt lat="48.574536" lon="2.746637"><ele>85</ele></trkpt>
   <trkpt lat="48.573908" lon="2.747538"><ele>85</ele></trkpt>
   <trkpt lat="48.573383" lon="2.748257"><ele>84.75</ele></trkpt>
   <trkpt lat="48.572704" lon="2.749145"><ele>84.25</ele></trkpt>
   <trkpt lat="48.572171" lon="2.749816"><ele>84</ele></trkpt>
   <trkpt lat="48.571633" lon="2.750479"><ele>83.5</ele></trkpt>
   <trkpt lat="48.569212" lon="2.753411"><ele>84.25</ele></trkpt>
   <trkpt lat="48.563376" lon="2.760501"><ele>75</ele></trkpt>
   <trkpt lat="48.563357" lon="2.760524"><ele>75.25</ele></trkpt>
   <trkpt lat="48.562448" lon="2.761626"><ele>75.5</ele></trkpt>
   <trkpt lat="48.562405" lon="2.761678"><ele>75</ele></trkpt>
   <trkpt lat="48.559442" lon="2.765277"><ele>81</ele></trkpt>
   <trkpt lat="48.549509" lon="2.777316"><ele>80.75</ele></trkpt>
   <trkpt lat="48.549472" lon="2.77736"><ele>81.25</ele></trkpt>
   <trkpt lat="48.548679" lon="2.778337"><ele>85.5</ele></trkpt>
   <trkpt lat="48.547712" lon="2.779559"><ele>86.25</ele></trkpt>
   <trkpt lat="48.547154" lon="2.780283"><ele>87</ele></trkpt>
   <trkpt lat="48.546053" lon="2.781757"><ele>87.75</ele></trkpt>
   <trkpt lat="48.545203" lon="2.782937"><ele>89</ele></trkpt>
   <trkpt lat="48.544366" lon="2.78414"><ele>89.5</ele></trkpt>
   <trkpt lat="48.543513" lon="2.785406"><ele>89.75</ele></trkpt>
   <trkpt lat="48.542736" lon="2.786595"><ele>90.5</ele></trkpt>
   <trkpt lat="48.542054" lon="2.787672"><ele>90.5</ele></trkpt>
   <trkpt lat="48.541366" lon="2.788789"><ele>90.5</ele></trkpt>
   <trkpt lat="48.540694" lon="2.789896"><ele>90</ele></trkpt>
   <trkpt lat="48.537134" lon="2.795886"><ele>93.25</ele></trkpt>
   <trkpt lat="48.531101" lon="2.806011"><ele>95.5</ele></trkpt>
   <trkpt lat="48.53045" lon="2.807077"><ele>96</ele></trkpt>
   <trkpt lat="48.530073" lon="2.807681"><ele>96.25</ele></trkpt>
   <trkpt lat="48.529511" lon="2.808551"><ele>97.25</ele></trkpt>
   <trkpt lat="48.528616" lon="2.809893"><ele>99</ele></trkpt>
   <trkpt lat="48.527899" lon="2.810926"><ele>99.75</ele></trkpt>
   <trkpt lat="48.527527" lon="2.811445"><ele>100.25</ele></trkpt>
   <trkpt lat="48.527133" lon="2.811984"><ele>102.5</ele></trkpt>
   <trkpt lat="48.526492" lon="2.81284"><ele>101</ele></trkpt>
   <trkpt lat="48.525711" lon="2.813846"><ele>101</ele></trkpt>
   <trkpt lat="48.525" lon="2.814731"><ele>102.75</ele></trkpt>
   <trkpt lat="48.52453" lon="2.815296"><ele>101.25</ele></trkpt>
   <trkpt lat="48.523843" lon="2.816103"><ele>102.75</ele></trkpt>
   <trkpt lat="48.523181" lon="2.816853"><ele>101.75</ele></trkpt>
   <trkpt lat="48.522495" lon="2.817608"><ele>101.75</ele></trkpt>
   <trkpt lat="48.52183" lon="2.818314"><ele>102.5</ele></trkpt>
   <trkpt lat="48.521104" lon="2.819063"><ele>102.5</ele></trkpt>
   <trkpt lat="48.520363" lon="2.8198"><ele>102.5</ele></trkpt>
   <trkpt lat="48.519665" lon="2.820468"><ele>102.5</ele></trkpt>
   <trkpt lat="48.519013" lon="2.821073"><ele>102.75</ele></trkpt>
   <trkpt lat="48.517925" lon="2.82204"><ele>103</ele></trkpt>
   <trkpt lat="48.517466" lon="2.822433"><ele>103.25</ele></trkpt>
   <trkpt lat="48.5167" lon="2.823069"><ele>103.75</ele></trkpt>
   <trkpt lat="48.515878" lon="2.823728"><ele>103.25</ele></trkpt>
   <trkpt lat="48.515294" lon="2.824179"><ele>103.75</ele></trkpt>
   <trkpt lat="48.510039" lon="2.828199"><ele>104.5</ele></trkpt>
   <trkpt lat="48.505051" lon="2.832011"><ele>102</ele></trkpt>
   <trkpt lat="48.504474" lon="2.832448"><ele>101.75</ele></trkpt>
   <trkpt lat="48.501063" lon="2.835061"><ele>103.5</ele></trkpt>
   <trkpt lat="48.500396" lon="2.835583"><ele>104</ele></trkpt>
   <trkpt lat="48.499801" lon="2.836063"><ele>104.75</ele></trkpt>
   <trkpt lat="48.499175" lon="2.836582"><ele>105.25</ele></trkpt>
   <trkpt lat="48.498615" lon="2.837062"><ele>106</ele></trkpt>
   <trkpt lat="48.498194" lon="2.83743"><ele>106</ele></trkpt>
   <trkpt lat="48.497504" lon="2.838051"><ele>107</ele></trkpt>
   <trkpt lat="48.496592" lon="2.838904"><ele>107.25</ele></trkpt>
   <trkpt lat="48.495744" lon="2.839733"><ele>108.25</ele></trkpt>
   <trkpt lat="48.494501" lon="2.841011"><ele>109.5</ele></trkpt>
   <trkpt lat="48.493641" lon="2.841941"><ele>110.75</ele></trkpt>
   <trkpt lat="48.492795" lon="2.84289"><ele>111</ele></trkpt>
   <trkpt lat="48.492151" lon="2.843642"><ele>111.5</ele></trkpt>
   <trkpt lat="48.491525" lon="2.844394"><ele>111.75</ele></trkpt>
   <trkpt lat="48.490884" lon="2.84519"><ele>112.5</ele></trkpt>
   <trkpt lat="48.489998" lon="2.846331"><ele>113.75</ele></trkpt>
   <trkpt lat="48.48951" lon="2.846981"><ele>113</ele></trkpt>
   <trkpt lat="48.488541" lon="2.848322"><ele>114.5</ele></trkpt>
   <trkpt lat="48.482053" lon="2.857607"><ele>116</ele></trkpt>
   <trkpt lat="48.482015" lon="2.857661"><ele>116.25</ele></trkpt>
   <trkpt lat="48.47834" lon="2.862929"><ele>121.75</ele></trkpt>
   <trkpt lat="48.477135" lon="2.864642"><ele>122.5</ele></trkpt>
   <trkpt lat="48.469246" lon="2.875935"><ele>122</ele></trkpt>
   <trkpt lat="48.468576" lon="2.87689"><ele>121.5</ele></trkpt>
   <trkpt lat="48.467881" lon="2.877856"><ele>120.25</ele></trkpt>
   <trkpt lat="48.467214" lon="2.878765"><ele>121.75</ele></trkpt>
   <trkpt lat="48.466592" lon="2.879597"><ele>120</ele></trkpt>
   <trkpt lat="48.466542" lon="2.879664"><ele>119.75</ele></trkpt>
   <trkpt lat="48.465855" lon="2.880565"><ele>123.5</ele></trkpt>
   <trkpt lat="48.465175" lon="2.88144"><ele>123</ele></trkpt>
   <trkpt lat="48.464499" lon="2.882291"><ele>123.5</ele></trkpt>
   <trkpt lat="48.463738" lon="2.883232"><ele>124.5</ele></trkpt>
   <trkpt lat="48.463115" lon="2.883985"><ele>124.25</ele></trkpt>
   <trkpt lat="48.462147" lon="2.88513"><ele>124.75</ele></trkpt>
   <trkpt lat="48.461103" lon="2.886325"><ele>125</ele></trkpt>
   <trkpt lat="48.460125" lon="2.887416"><ele>124.25</ele></trkpt>
   <trkpt lat="48.459002" lon="2.888624"><ele>123.75</ele></trkpt>
   <trkpt lat="48.452818" lon="2.895141"><ele>112</ele></trkpt>
   <trkpt lat="48.452768" lon="2.895193"><ele>112.5</ele></trkpt>
   <trkpt lat="48.449103" lon="2.899027"><ele>107.5</ele></trkpt>
   <trkpt lat="48.449007" lon="2.899129"><ele>107.25</ele></trkpt>
   <trkpt lat="48.437901" lon="2.910805"><ele>119</ele></trkpt>
   <trkpt lat="48.432766" lon="2.916204"><ele>117.5</ele></trkpt>
   <trkpt lat="48.431754" lon="2.917296"><ele>116.5</ele></trkpt>
   <trkpt lat="48.430987" lon="2.918155"><ele>116.5</ele></trkpt>
   <trkpt lat="48.43006" lon="2.919239"><ele>116.25</ele></trkpt>
   <trkpt lat="48.429305" lon="2.920157"><ele>116.5</ele></trkpt>
   <trkpt lat="48.428892" lon="2.920674"><ele>116.75</ele></trkpt>
   <trkpt lat="48.428357" lon="2.921362"><ele>117.5</ele></trkpt>
   <trkpt lat="48.427902" lon="2.921961"><ele>116</ele></trkpt>
   <trkpt lat="48.427354" lon="2.922698"><ele>116.5</ele></trkpt>
   <trkpt lat="48.426911" lon="2.92331"><ele>116.5</ele></trkpt>
   <trkpt lat="48.426168" lon="2.92437"><ele>116.25</ele></trkpt>
   <trkpt lat="48.425301" lon="2.925657"><ele>116.25</ele></trkpt>
   <trkpt lat="48.424879" lon="2.926305"><ele>115.75</ele></trkpt>
   <trkpt lat="48.4238" lon="2.928025"><ele>115.5</ele></trkpt>
   <trkpt lat="48.423141" lon="2.929134"><ele>116</ele></trkpt>
   <trkpt lat="48.42256" lon="2.930139"><ele>115.75</ele></trkpt>
   <trkpt lat="48.42201" lon="2.931132"><ele>115.75</ele></trkpt>
   <trkpt lat="48.421475" lon="2.932115"><ele>116</ele></trkpt>
   <trkpt lat="48.420954" lon="2.933113"><ele>115.5</ele></trkpt>
   <trkpt lat="48.420416" lon="2.934176"><ele>116.5</ele></trkpt>
   <trkpt lat="48.419879" lon="2.935274"><ele>116.5</ele></trkpt>
   <trkpt lat="48.41956" lon="2.935948"><ele>116.25</ele></trkpt>
   <trkpt lat="48.419231" lon="2.936653"><ele>116.75</ele></trkpt>
   <trkpt lat="48.418843" lon="2.937508"><ele>118.75</ele></trkpt>
   <trkpt lat="48.418399" lon="2.93852"><ele>118.75</ele></trkpt>
   <trkpt lat="48.417957" lon="2.939549"><ele>119.75</ele></trkpt>
   <trkpt lat="48.410773" lon="2.956508"><ele>115</ele></trkpt>
   <trkpt lat="48.410146" lon="2.957947"><ele>112</ele></trkpt>
   <trkpt lat="48.409772" lon="2.958777"><ele>111.75</ele></trkpt>
   <trkpt lat="48.409383" lon="2.95961"><ele>112</ele></trkpt>
   <trkpt lat="48.408987" lon="2.960431"><ele>110.75</ele></trkpt>
   <trkpt lat="48.408581" lon="2.961248"><ele>108.25</ele></trkpt>
   <trkpt lat="48.408156" lon="2.962067"><ele>107.75</ele></trkpt>
   <trkpt lat="48.407745" lon="2.962835"><ele>104.5</ele></trkpt>
   <trkpt lat="48.407311" lon="2.963618"><ele>103.25</ele></trkpt>
   <trkpt lat="48.406864" lon="2.964399"><ele>100.75</ele></trkpt>
   <trkpt lat="48.406471" lon="2.965067"><ele>100</ele></trkpt>
   <trkpt lat="48.406065" lon="2.965732"><ele>96.5</ele></trkpt>
   <trkpt lat="48.405649" lon="2.966398"><ele>95.25</ele></trkpt>
   <trkpt lat="48.405221" lon="2.967056"><ele>92.5</ele></trkpt>
   <trkpt lat="48.404772" lon="2.967726"><ele>89</ele></trkpt>
   <trkpt lat="48.404328" lon="2.968366"><ele>84</ele></trkpt>
   <trkpt lat="48.403878" lon="2.968998"><ele>81</ele></trkpt>
   <trkpt lat="48.40354" lon="2.96946"><ele>79</ele></trkpt>
   <trkpt lat="48.403472" lon="2.969554"><ele>77.25</ele></trkpt>
   <trkpt lat="48.403143" lon="2.969997"><ele>78.25</ele></trkpt>
   <trkpt lat="48.402115" lon="2.971329"><ele>74.25</ele></trkpt>
   <trkpt lat="48.39818" lon="2.976339"><ele>56.5</ele></trkpt>
   <trkpt lat="48.398092" lon="2.976452"><ele>57</ele></trkpt>
   <trkpt lat="48.397535" lon="2.977166"><ele>58</ele></trkpt>
   <trkpt lat="48.396989" lon="2.977851"><ele>52.5</ele></trkpt>
   <trkpt lat="48.396092" lon="2.979"><ele>52.5</ele></trkpt>
   <trkpt lat="48.392598" lon="2.983461"><ele>53</ele></trkpt>
   <trkpt lat="48.39198" lon="2.984266"><ele>53</ele></trkpt>
   <trkpt lat="48.391077" lon="2.985482"><ele>53</ele></trkpt>
   <trkpt lat="48.390616" lon="2.986119"><ele>53</ele></trkpt>
   <trkpt lat="48.390161" lon="2.986763"><ele>51.5</ele></trkpt>
   <trkpt lat="48.390053" lon="2.986917"><ele>50</ele></trkpt>
   <trkpt lat="48.389983" lon="2.98702"><ele>50.25</ele></trkpt>
   <trkpt lat="48.38937" lon="2.9879"><ele>52.75</ele></trkpt>
   <trkpt lat="48.388602" lon="2.989047"><ele>53</ele></trkpt>
   <trkpt lat="48.387941" lon="2.99006"><ele>52.5</ele></trkpt>
   <trkpt lat="48.387025" lon="2.991512"><ele>51.5</ele></trkpt>
   <trkpt lat="48.386983" lon="2.991583"><ele>52.25</ele></trkpt>
   <trkpt lat="48.386882" lon="2.991747"><ele>52.5</ele></trkpt>
   <trkpt lat="48.385783" lon="2.993583"><ele>50</ele></trkpt>
   <trkpt lat="48.385761" lon="2.993622"><ele>50</ele></trkpt>
   <trkpt lat="48.384814" lon="2.995283"><ele>51.25</ele></trkpt>
   <trkpt lat="48.384257" lon="2.996298"><ele>52.25</ele></trkpt>
   <trkpt lat="48.383757" lon="2.997229"><ele>51.5</ele></trkpt>
   <trkpt lat="48.382951" lon="2.998776"><ele>52.25</ele></trkpt>
   <trkpt lat="48.382286" lon="3.000108"><ele>52.5</ele></trkpt>
   <trkpt lat="48.381448" lon="3.001844"><ele>53</ele></trkpt>
   <trkpt lat="48.380935" lon="3.00295"><ele>52.75</ele></trkpt>
   <trkpt lat="48.380425" lon="3.004077"><ele>52.25</ele></trkpt>
   <trkpt lat="48.379922" lon="3.005226"><ele>52.75</ele></trkpt>
   <trkpt lat="48.379433" lon="3.006375"><ele>53.75</ele></trkpt>
   <trkpt lat="48.378999" lon="3.007439"><ele>52.5</ele></trkpt>
   <trkpt lat="48.378587" lon="3.008486"><ele>53.5</ele></trkpt>
   <trkpt lat="48.378064" lon="3.009905"><ele>54.5</ele></trkpt>
   <trkpt lat="48.377803" lon="3.010642"><ele>53.75</ele></trkpt>
   <trkpt lat="48.377527" lon="3.011447"><ele>53.5</ele></trkpt>
   <trkpt lat="48.376976" lon="3.013157"><ele>53.75</ele></trkpt>
   <trkpt lat="48.376588" lon="3.014453"><ele>53.5</ele></trkpt>
   <trkpt lat="48.376369" lon="3.015221"><ele>54.5</ele></trkpt>
   <trkpt lat="48.376102" lon="3.016198"><ele>54.75</ele></trkpt>
   <trkpt lat="48.375822" lon="3.01728"><ele>54.75</ele></trkpt>
   <trkpt lat="48.375527" lon="3.018486"><ele>54.75</ele></trkpt>
   <trkpt lat="48.375248" lon="3.019709"><ele>55.5</ele></trkpt>
   <trkpt lat="48.375042" lon="3.02067"><ele>54.5</ele></trkpt>
   <trkpt lat="48.374849" lon="3.021628"><ele>53</ele></trkpt>
   <trkpt lat="48.374561" lon="3.023175"><ele>53.75</ele></trkpt>
   <trkpt lat="48.374362" lon="3.024344"><ele>54.25</ele></trkpt>
   <trkpt lat="48.374189" lon="3.025451"><ele>55.75</ele></trkpt>
   <trkpt lat="48.37402" lon="3.026634"><ele>54.5</ele></trkpt>
   <trkpt lat="48.373867" lon="3.027821"><ele>55.75</ele></trkpt>
   <trkpt lat="48.37373" lon="3.029009"><ele>55</ele></trkpt>
   <trkpt lat="48.373623" lon="3.030054"><ele>55.75</ele></trkpt>
   <trkpt lat="48.373512" lon="3.031292"><ele>55.5</ele></trkpt>
   <trkpt lat="48.373424" lon="3.032434"><ele>54.75</ele></trkpt>
   <trkpt lat="48.37338" lon="3.033112"><ele>55.5</ele></trkpt>
   <trkpt lat="48.373336" lon="3.033865"><ele>55.75</ele></trkpt>
   <trkpt lat="48.37326" lon="3.03544"><ele>55.5</ele></trkpt>
   <trkpt lat="48.373086" lon="3.040197"><ele>55.75</ele></trkpt>
   <trkpt lat="48.372895" lon="3.045651"><ele>56</ele></trkpt>
   <trkpt lat="48.372156" lon="3.066496"><ele>58.75</ele></trkpt>
   <trkpt lat="48.372005" lon="3.070723"><ele>58</ele></trkpt>
   <trkpt lat="48.371988" lon="3.071193"><ele>58.25</ele></trkpt>
   <trkpt lat="48.370798" lon="3.104384"><ele>86.75</ele></trkpt>
   <trkpt lat="48.370408" lon="3.11523"><ele>89.5</ele></trkpt>
   <trkpt lat="48.370346" lon="3.116852"><ele>90</ele></trkpt>
   <trkpt lat="48.370278" lon="3.118315"><ele>92.75</ele></trkpt>
   <trkpt lat="48.37018" lon="3.120022"><ele>95.25</ele></trkpt>
   <trkpt lat="48.370059" lon="3.121695"><ele>99</ele></trkpt>
   <trkpt lat="48.369899" lon="3.123514"><ele>105.75</ele></trkpt>
   <trkpt lat="48.369773" lon="3.124782"><ele>107.75</ele></trkpt>
   <trkpt lat="48.369708" lon="3.125373"><ele>109.5</ele></trkpt>
   <trkpt lat="48.369592" lon="3.126398"><ele>114.25</ele></trkpt>
   <trkpt lat="48.369483" lon="3.127273"><ele>114.25</ele></trkpt>
   <trkpt lat="48.36928" lon="3.1288"><ele>118.25</ele></trkpt>
   <trkpt lat="48.369145" lon="3.129734"><ele>117.25</ele></trkpt>
   <trkpt lat="48.368987" lon="3.130755"><ele>119.75</ele></trkpt>
   <trkpt lat="48.368817" lon="3.131808"><ele>119.25</ele></trkpt>
   <trkpt lat="48.36862" lon="3.132945"><ele>119</ele></trkpt>
   <trkpt lat="48.368264" lon="3.134856"><ele>119</ele></trkpt>
   <trkpt lat="48.367957" lon="3.136375"><ele>119.25</ele></trkpt>
   <trkpt lat="48.367698" lon="3.137579"><ele>117.25</ele></trkpt>
   <trkpt lat="48.367259" lon="3.139493"><ele>114.25</ele></trkpt>
   <trkpt lat="48.366936" lon="3.140802"><ele>112.75</ele></trkpt>
   <trkpt lat="48.366751" lon="3.141522"><ele>111.25</ele></trkpt>
   <trkpt lat="48.366452" lon="3.142649"><ele>109.5</ele></trkpt>
   <trkpt lat="48.3663" lon="3.143197"><ele>109</ele></trkpt>
   <trkpt lat="48.366143" lon="3.143762"><ele>108.25</ele></trkpt>
   <trkpt lat="48.36582" lon="3.144876"><ele>106.75</ele></trkpt>
   <trkpt lat="48.365393" lon="3.14629"><ele>104</ele></trkpt>
   <trkpt lat="48.364926" lon="3.147747"><ele>104.5</ele></trkpt>
   <trkpt lat="48.364633" lon="3.148635"><ele>104.25</ele></trkpt>
   <trkpt lat="48.364071" lon="3.150253"><ele>103.25</ele></trkpt>
   <trkpt lat="48.36378" lon="3.151059"><ele>103.5</ele></trkpt>
   <trkpt lat="48.363202" lon="3.152598"><ele>103.5</ele></trkpt>
   <trkpt lat="48.362612" lon="3.154093"><ele>103</ele></trkpt>
   <trkpt lat="48.362297" lon="3.154862"><ele>103.25</ele></trkpt>
   <trkpt lat="48.361948" lon="3.155693"><ele>102.5</ele></trkpt>
   <trkpt lat="48.361587" lon="3.156526"><ele>103.25</ele></trkpt>
   <trkpt lat="48.361224" lon="3.157345"><ele>103.25</ele></trkpt>
   <trkpt lat="48.360603" lon="3.158698"><ele>103.75</ele></trkpt>
   <trkpt lat="48.360348" lon="3.159237"><ele>102.25</ele></trkpt>
   <trkpt lat="48.359829" lon="3.160305"><ele>102.25</ele></trkpt>
   <trkpt lat="48.359309" lon="3.161339"><ele>101.5</ele></trkpt>
   <trkpt lat="48.358769" lon="3.162378"><ele>100.75</ele></trkpt>
   <trkpt lat="48.357705" lon="3.164373"><ele>100</ele></trkpt>
   <trkpt lat="48.357691" lon="3.164401"><ele>99.75</ele></trkpt>
   <trkpt lat="48.352514" lon="3.174077"><ele>106.25</ele></trkpt>
   <trkpt lat="48.350297" lon="3.178207"><ele>97.75</ele></trkpt>
   <trkpt lat="48.350246" lon="3.178302"><ele>97.5</ele></trkpt>
   <trkpt lat="48.347713" lon="3.183031"><ele>95.25</ele></trkpt>
   <trkpt lat="48.343981" lon="3.190008"><ele>94.25</ele></trkpt>
   <trkpt lat="48.340963" lon="3.195634"><ele>108.25</ele></trkpt>
   <trkpt lat="48.337924" lon="3.201302"><ele>96.75</ele></trkpt>
   <trkpt lat="48.33787" lon="3.201402"><ele>96.25</ele></trkpt>
   <trkpt lat="48.331151" lon="3.213937"><ele>105.25</ele></trkpt>
   <trkpt lat="48.327791" lon="3.22019"><ele>95.75</ele></trkpt>
   <trkpt lat="48.324849" lon="3.225688"><ele>93.75</ele></trkpt>
   <trkpt lat="48.324087" lon="3.227093"><ele>91.75</ele></trkpt>
   <trkpt lat="48.323292" lon="3.228507"><ele>88.75</ele></trkpt>
   <trkpt lat="48.322838" lon="3.229287"><ele>88.25</ele></trkpt>
   <trkpt lat="48.32236" lon="3.230075"><ele>87</ele></trkpt>
   <trkpt lat="48.321504" lon="3.231414"><ele>82.75</ele></trkpt>
   <trkpt lat="48.321243" lon="3.231806"><ele>79</ele></trkpt>
   <trkpt lat="48.32064" lon="3.232677"><ele>78</ele></trkpt>
   <trkpt lat="48.319889" lon="3.233703"><ele>77.5</ele></trkpt>
   <trkpt lat="48.319421" lon="3.234316"><ele>78.5</ele></trkpt>
   <trkpt lat="48.318949" lon="3.234911"><ele>78.25</ele></trkpt>
   <trkpt lat="48.318462" lon="3.235507"><ele>80.5</ele></trkpt>
   <trkpt lat="48.318068" lon="3.235969"><ele>83.25</ele></trkpt>
   <trkpt lat="48.317246" lon="3.2369"><ele>85</ele></trkpt>
   <trkpt lat="48.316413" lon="3.237785"><ele>86.75</ele></trkpt>
   <trkpt lat="48.316" lon="3.23821"><ele>88</ele></trkpt>
   <trkpt lat="48.315158" lon="3.239049"><ele>91.75</ele></trkpt>
   <trkpt lat="48.309379" lon="3.244644"><ele>102.25</ele></trkpt>
   <trkpt lat="48.307575" lon="3.246396"><ele>102.5</ele></trkpt>
   <trkpt lat="48.306958" lon="3.247014"><ele>102.5</ele></trkpt>
   <trkpt lat="48.306515" lon="3.247469"><ele>102.75</ele></trkpt>
   <trkpt lat="48.306082" lon="3.247926"><ele>103.75</ele></trkpt>
   <trkpt lat="48.305227" lon="3.248864"><ele>103.5</ele></trkpt>
   <trkpt lat="48.304601" lon="3.249587"><ele>103</ele></trkpt>
   <trkpt lat="48.303985" lon="3.250333"><ele>103.25</ele></trkpt>
   <trkpt lat="48.302259" lon="3.252506"><ele>103.25</ele></trkpt>
   <trkpt lat="48.29917" lon="3.256438"><ele>97.75</ele></trkpt>
   <trkpt lat="48.298219" lon="3.257621"><ele>99</ele></trkpt>
   <trkpt lat="48.297295" lon="3.258709"><ele>98.5</ele></trkpt>
   <trkpt lat="48.296674" lon="3.259402"><ele>96.5</ele></trkpt>
   <trkpt lat="48.295986" lon="3.260138"><ele>95.75</ele></trkpt>
   <trkpt lat="48.295519" lon="3.260617"><ele>93.5</ele></trkpt>
   <trkpt lat="48.294819" lon="3.261301"><ele>92</ele></trkpt>
   <trkpt lat="48.294748" lon="3.26137"><ele>92.5</ele></trkpt>
   <trkpt lat="48.294444" lon="3.261658"><ele>92.75</ele></trkpt>
   <trkpt lat="48.293809" lon="3.262236"><ele>93</ele></trkpt>
   <trkpt lat="48.292939" lon="3.26298"><ele>93.25</ele></trkpt>
   <trkpt lat="48.292077" lon="3.263675"><ele>92.5</ele></trkpt>
   <trkpt lat="48.291445" lon="3.264157"><ele>91</ele></trkpt>
   <trkpt lat="48.290804" lon="3.264629"><ele>88.75</ele></trkpt>
   <trkpt lat="48.289532" lon="3.265524"><ele>87.25</ele></trkpt>
   <trkpt lat="48.28001" lon="3.272096"><ele>77</ele></trkpt>
   <trkpt lat="48.279971" lon="3.272124"><ele>77</ele></trkpt>
   <trkpt lat="48.270996" lon="3.278329"><ele>94.25</ele></trkpt>
   <trkpt lat="48.268275" lon="3.280207"><ele>89.75</ele></trkpt>
   <trkpt lat="48.268155" lon="3.28029"><ele>89.75</ele></trkpt>
   <trkpt lat="48.264852" lon="3.282571"><ele>86.75</ele></trkpt>
   <trkpt lat="48.264492" lon="3.28282"><ele>86.75</ele></trkpt>
   <trkpt lat="48.264337" lon="3.282927"><ele>85.5</ele></trkpt>
   <trkpt lat="48.264264" lon="3.282978"><ele>86</ele></trkpt>
   <trkpt lat="48.253616" lon="3.290327"><ele>79</ele></trkpt>
   <trkpt lat="48.252487" lon="3.291092"><ele>78.75</ele></trkpt>
   <trkpt lat="48.251313" lon="3.29186"><ele>78.25</ele></trkpt>
   <trkpt lat="48.250034" lon="3.292662"><ele>78.25</ele></trkpt>
   <trkpt lat="48.248715" lon="3.29345"><ele>77.5</ele></trkpt>
   <trkpt lat="48.244284" lon="3.295999"><ele>76.25</ele></trkpt>
   <trkpt lat="48.242999" lon="3.296758"><ele>76</ele></trkpt>
   <trkpt lat="48.242971" lon="3.296775"><ele>76</ele></trkpt>
   <trkpt lat="48.242156" lon="3.297278"><ele>77.25</ele></trkpt>
   <trkpt lat="48.241486" lon="3.297715"><ele>79.25</ele></trkpt>
   <trkpt lat="48.240792" lon="3.298184"><ele>81.25</ele></trkpt>
   <trkpt lat="48.240125" lon="3.29865"><ele>81.75</ele></trkpt>
   <trkpt lat="48.239428" lon="3.299153"><ele>82.25</ele></trkpt>
   <trkpt lat="48.238756" lon="3.299658"><ele>83.25</ele></trkpt>
   <trkpt lat="48.238169" lon="3.300112"><ele>84.75</ele></trkpt>
   <trkpt lat="48.237699" lon="3.300487"><ele>85.5</ele></trkpt>
   <trkpt lat="48.236739" lon="3.301281"><ele>86</ele></trkpt>
   <trkpt lat="48.236225" lon="3.301721"><ele>86</ele></trkpt>
   <trkpt lat="48.235139" lon="3.302687"><ele>86.25</ele></trkpt>
   <trkpt lat="48.234115" lon="3.303645"><ele>86.5</ele></trkpt>
   <trkpt lat="48.233939" lon="3.303816"><ele>86.75</ele></trkpt>
   <trkpt lat="48.233145" lon="3.304604"><ele>87.75</ele></trkpt>
   <trkpt lat="48.23205" lon="3.305734"><ele>89</ele></trkpt>
   <trkpt lat="48.231386" lon="3.306452"><ele>89.75</ele></trkpt>
   <trkpt lat="48.230708" lon="3.307209"><ele>89.5</ele></trkpt>
   <trkpt lat="48.230002" lon="3.308012"><ele>90.5</ele></trkpt>
   <trkpt lat="48.224365" lon="3.314513"><ele>93.25</ele></trkpt>
   <trkpt lat="48.224321" lon="3.314564"><ele>93.5</ele></trkpt>
   <trkpt lat="48.224221" lon="3.314678"><ele>93.5</ele></trkpt>
   <trkpt lat="48.224104" lon="3.314812"><ele>92.25</ele></trkpt>
   <trkpt lat="48.224085" lon="3.314835"><ele>92.25</ele></trkpt>
   <trkpt lat="48.223157" lon="3.315877"><ele>93</ele></trkpt>
   <trkpt lat="48.222814" lon="3.31625"><ele>94.25</ele></trkpt>
   <trkpt lat="48.221969" lon="3.317138"><ele>94.5</ele></trkpt>
   <trkpt lat="48.221236" lon="3.317863"><ele>95.25</ele></trkpt>
   <trkpt lat="48.220825" lon="3.318254"><ele>95.25</ele></trkpt>
   <trkpt lat="48.220418" lon="3.318628"><ele>95.5</ele></trkpt>
   <trkpt lat="48.219598" lon="3.319355"><ele>95.5</ele></trkpt>
   <trkpt lat="48.219081" lon="3.319788"><ele>95.5</ele></trkpt>
   <trkpt lat="48.218587" lon="3.320187"><ele>95.25</ele></trkpt>
   <trkpt lat="48.218043" lon="3.32061"><ele>95.5</ele></trkpt>
   <trkpt lat="48.217016" lon="3.32136"><ele>96</ele></trkpt>
   <trkpt lat="48.216177" lon="3.321932"><ele>95.5</ele></trkpt>
   <trkpt lat="48.215239" lon="3.322522"><ele>96.75</ele></trkpt>
   <trkpt lat="48.214503" lon="3.322953"><ele>98.25</ele></trkpt>
   <trkpt lat="48.214152" lon="3.32315"><ele>98.75</ele></trkpt>
   <trkpt lat="48.213246" lon="3.32363"><ele>97</ele></trkpt>
   <trkpt lat="48.212734" lon="3.323881"><ele>97.25</ele></trkpt>
   <trkpt lat="48.211931" lon="3.324253"><ele>96.5</ele></trkpt>
   <trkpt lat="48.211326" lon="3.324508"><ele>94.75</ele></trkpt>
   <trkpt lat="48.211247" lon="3.32454"><ele>94.5</ele></trkpt>
   <trkpt lat="48.211083" lon="3.324611"><ele>95</ele></trkpt>
   <trkpt lat="48.210365" lon="3.324889"><ele>95</ele></trkpt>
   <trkpt lat="48.209621" lon="3.325155"><ele>94.75</ele></trkpt>
   <trkpt lat="48.208141" lon="3.325626"><ele>95.75</ele></trkpt>
   <trkpt lat="48.203762" lon="3.326937"><ele>106.5</ele></trkpt>
   <trkpt lat="48.203055" lon="3.32716"><ele>109</ele></trkpt>
   <trkpt lat="48.202313" lon="3.327408"><ele>111.5</ele></trkpt>
   <trkpt lat="48.201581" lon="3.327675"><ele>113</ele></trkpt>
   <trkpt lat="48.201499" lon="3.327706"><ele>112.75</ele></trkpt>
   <trkpt lat="48.201466" lon="3.327718"><ele>112.75</ele></trkpt>
   <trkpt lat="48.200822" lon="3.32797"><ele>114.5</ele></trkpt>
   <trkpt lat="48.200342" lon="3.328175"><ele>115.75</ele></trkpt>
   <trkpt lat="48.199669" lon="3.328478"><ele>116.25</ele></trkpt>
   <trkpt lat="48.198997" lon="3.328804"><ele>116</ele></trkpt>
   <trkpt lat="48.198326" lon="3.329149"><ele>117.75</ele></trkpt>
   <trkpt lat="48.197744" lon="3.329466"><ele>119</ele></trkpt>
   <trkpt lat="48.197169" lon="3.3298"><ele>120</ele></trkpt>
   <trkpt lat="48.196508" lon="3.330201"><ele>119.25</ele></trkpt>
   <trkpt lat="48.195928" lon="3.330573"><ele>120.5</ele></trkpt>
   <trkpt lat="48.195444" lon="3.330896"><ele>121.5</ele></trkpt>
   <trkpt lat="48.194561" lon="3.331521"><ele>121.5</ele></trkpt>
   <trkpt lat="48.194073" lon="3.331885"><ele>119.75</ele></trkpt>
   <trkpt lat="48.193161" lon="3.332604"><ele>119.25</ele></trkpt>
   <trkpt lat="48.192791" lon="3.33291"><ele>117.5</ele></trkpt>
   <trkpt lat="48.192173" lon="3.33344"><ele>116.25</ele></trkpt>
   <trkpt lat="48.191557" lon="3.333994"><ele>115.5</ele></trkpt>
   <trkpt lat="48.19106" lon="3.334459"><ele>112.5</ele></trkpt>
   <trkpt lat="48.190579" lon="3.334927"><ele>110.5</ele></trkpt>
   <trkpt lat="48.189698" lon="3.335827"><ele>109.75</ele></trkpt>
   <trkpt lat="48.189641" lon="3.335886"><ele>109.25</ele></trkpt>
   <trkpt lat="48.189208" lon="3.336349"><ele>111.75</ele></trkpt>
   <trkpt lat="48.188493" lon="3.337146"><ele>112</ele></trkpt>
   <trkpt lat="48.187658" lon="3.338135"><ele>114.75</ele></trkpt>
   <trkpt lat="48.187186" lon="3.338723"><ele>115.5</ele></trkpt>
   <trkpt lat="48.186636" lon="3.339431"><ele>114.5</ele></trkpt>
   <trkpt lat="48.186097" lon="3.340156"><ele>114.25</ele></trkpt>
   <trkpt lat="48.185619" lon="3.34082"><ele>114.5</ele></trkpt>
   <trkpt lat="48.185142" lon="3.341508"><ele>113</ele></trkpt>
   <trkpt lat="48.184636" lon="3.342264"><ele>110</ele></trkpt>
   <trkpt lat="48.18428" lon="3.342813"><ele>107.25</ele></trkpt>
   <trkpt lat="48.1842" lon="3.342942"><ele>107.75</ele></trkpt>
   <trkpt lat="48.183922" lon="3.343389"><ele>107.25</ele></trkpt>
   <trkpt lat="48.183864" lon="3.343483"><ele>107.5</ele></trkpt>
   <trkpt lat="48.183544" lon="3.344011"><ele>106.5</ele></trkpt>
   <trkpt lat="48.182964" lon="3.34501"><ele>106</ele></trkpt>
   <trkpt lat="48.18264" lon="3.345588"><ele>105</ele></trkpt>
   <trkpt lat="48.182321" lon="3.346173"><ele>104</ele></trkpt>
   <trkpt lat="48.182001" lon="3.346778"><ele>103</ele></trkpt>
   <trkpt lat="48.181626" lon="3.34751"><ele>102.25</ele></trkpt>
   <trkpt lat="48.181163" lon="3.348451"><ele>100</ele></trkpt>
   <trkpt lat="48.180931" lon="3.348941"><ele>99</ele></trkpt>
   <trkpt lat="48.180366" lon="3.350179"><ele>97.5</ele></trkpt>
   <trkpt lat="48.180143" lon="3.350691"><ele>96.5</ele></trkpt>
   <trkpt lat="48.17974" lon="3.351652"><ele>96.75</ele></trkpt>
   <trkpt lat="48.179301" lon="3.352746"><ele>93.75</ele></trkpt>
   <trkpt lat="48.17905" lon="3.353398"><ele>93.75</ele></trkpt>
   <trkpt lat="48.178694" lon="3.354359"><ele>93.75</ele></trkpt>
   <trkpt lat="48.178358" lon="3.355314"><ele>94.5</ele></trkpt>
   <trkpt lat="48.178095" lon="3.356098"><ele>94.25</ele></trkpt>
   <trkpt lat="48.177309" lon="3.358551"><ele>90.75</ele></trkpt>
   <trkpt lat="48.177045" lon="3.359386"><ele>89.5</ele></trkpt>
   <trkpt lat="48.175797" lon="3.363313"><ele>88.5</ele></trkpt>
   <trkpt lat="48.175447" lon="3.36439"><ele>87.5</ele></trkpt>
   <trkpt lat="48.175092" lon="3.365432"><ele>87.25</ele></trkpt>
   <trkpt lat="48.174731" lon="3.36645"><ele>86</ele></trkpt>
   <trkpt lat="48.174445" lon="3.367225"><ele>86</ele></trkpt>
   <trkpt lat="48.174213" lon="3.367831"><ele>84.5</ele></trkpt>
   <trkpt lat="48.173941" lon="3.368515"><ele>84.5</ele></trkpt>
   <trkpt lat="48.173515" lon="3.369555"><ele>83.5</ele></trkpt>
   <trkpt lat="48.173007" lon="3.37072"><ele>83.5</ele></trkpt>
   <trkpt lat="48.172501" lon="3.371819"><ele>85</ele></trkpt>
   <trkpt lat="48.172113" lon="3.372624"><ele>83.75</ele></trkpt>
   <trkpt lat="48.171749" lon="3.37335"><ele>83.75</ele></trkpt>
   <trkpt lat="48.171335" lon="3.374151"><ele>86</ele></trkpt>
   <trkpt lat="48.170867" lon="3.375016"><ele>86.5</ele></trkpt>
   <trkpt lat="48.17042" lon="3.375803"><ele>85</ele></trkpt>
   <trkpt lat="48.170004" lon="3.376515"><ele>82.5</ele></trkpt>
   <trkpt lat="48.169886" lon="3.37671"><ele>82</ele></trkpt>
   <trkpt lat="48.169326" lon="3.377621"><ele>85</ele></trkpt>
   <trkpt lat="48.168695" lon="3.3786"><ele>85.5</ele></trkpt>
   <trkpt lat="48.168339" lon="3.379132"><ele>87.25</ele></trkpt>
   <trkpt lat="48.16786" lon="3.379825"><ele>84.75</ele></trkpt>
   <trkpt lat="48.16752" lon="3.380299"><ele>83.75</ele></trkpt>
   <trkpt lat="48.167467" lon="3.380371"><ele>83.5</ele></trkpt>
   <trkpt lat="48.166748" lon="3.38133"><ele>86.25</ele></trkpt>
   <trkpt lat="48.165972" lon="3.382311"><ele>86.25</ele></trkpt>
   <trkpt lat="48.165182" lon="3.383257"><ele>88.25</ele></trkpt>
   <trkpt lat="48.164564" lon="3.383954"><ele>87.5</ele></trkpt>
   <trkpt lat="48.164454" lon="3.384077"><ele>86.25</ele></trkpt>
   <trkpt lat="48.163986" lon="3.384587"><ele>93.25</ele></trkpt>
   <trkpt lat="48.163568" lon="3.385025"><ele>97.5</ele></trkpt>
   <trkpt lat="48.162732" lon="3.385879"><ele>102.75</ele></trkpt>
   <trkpt lat="48.159116" lon="3.389464"><ele>115.75</ele></trkpt>
   <trkpt lat="48.158201" lon="3.390391"><ele>118.5</ele></trkpt>
   <trkpt lat="48.158166" lon="3.390427"><ele>118.75</ele></trkpt>
   <trkpt lat="48.156752" lon="3.39192"><ele>126.5</ele></trkpt>
   <trkpt lat="48.155971" lon="3.39278"><ele>129.75</ele></trkpt>
   <trkpt lat="48.15527" lon="3.393575"><ele>134.5</ele></trkpt>
   <trkpt lat="48.154343" lon="3.394662"><ele>142.25</ele></trkpt>
   <trkpt lat="48.15362" lon="3.39553"><ele>144.5</ele></trkpt>
   <trkpt lat="48.152901" lon="3.396418"><ele>150.25</ele></trkpt>
   <trkpt lat="48.150802" lon="3.39908"><ele>160</ele></trkpt>
   <trkpt lat="48.144756" lon="3.406839"><ele>190.75</ele></trkpt>
   <trkpt lat="48.133395" lon="3.421412"><ele>213</ele></trkpt>
   <trkpt lat="48.132851" lon="3.422124"><ele>211.75</ele></trkpt>
   <trkpt lat="48.131982" lon="3.42329"><ele>212.5</ele></trkpt>
   <trkpt lat="48.131953" lon="3.423329"><ele>213.5</ele></trkpt>
   <trkpt lat="48.131854" lon="3.423457"><ele>211.25</ele></trkpt>
   <trkpt lat="48.130454" lon="3.42542"><ele>214</ele></trkpt>
   <trkpt lat="48.129223" lon="3.427205"><ele>212.5</ele></trkpt>
   <trkpt lat="48.128508" lon="3.428278"><ele>212.5</ele></trkpt>
   <trkpt lat="48.12732" lon="3.430114"><ele>212</ele></trkpt>
   <trkpt lat="48.126416" lon="3.431554"><ele>211.5</ele></trkpt>
   <trkpt lat="48.125569" lon="3.432945"><ele>212</ele></trkpt>
   <trkpt lat="48.124798" lon="3.434251"><ele>209.5</ele></trkpt>
   <trkpt lat="48.122727" lon="3.43783"><ele>214.5</ele></trkpt>
   <trkpt lat="48.122334" lon="3.438522"><ele>211.5</ele></trkpt>
   <trkpt lat="48.122272" lon="3.43863"><ele>212.25</ele></trkpt>
   <trkpt lat="48.121818" lon="3.4394"><ele>215.75</ele></trkpt>
   <trkpt lat="48.120018" lon="3.442518"><ele>223</ele></trkpt>
   <trkpt lat="48.118361" lon="3.445384"><ele>224.5</ele></trkpt>
   <trkpt lat="48.118141" lon="3.445742"><ele>224.5</ele></trkpt>
   <trkpt lat="48.117777" lon="3.446301"><ele>224.5</ele></trkpt>
   <trkpt lat="48.117507" lon="3.446734"><ele>224.75</ele></trkpt>
   <trkpt lat="48.117231" lon="3.447207"><ele>224.5</ele></trkpt>
   <trkpt lat="48.117201" lon="3.447258"><ele>224.5</ele></trkpt>
   <trkpt lat="48.112236" lon="3.455855"><ele>226.75</ele></trkpt>
   <trkpt lat="48.111948" lon="3.456391"><ele>226.75</ele></trkpt>
   <trkpt lat="48.111706" lon="3.45688"><ele>226.75</ele></trkpt>
   <trkpt lat="48.11146" lon="3.457331"><ele>227</ele></trkpt>
   <trkpt lat="48.109325" lon="3.461027"><ele>233.5</ele></trkpt>
   <trkpt lat="48.104493" lon="3.469385"><ele>241</ele></trkpt>
   <trkpt lat="48.099695" lon="3.477692"><ele>236</ele></trkpt>
   <trkpt lat="48.099189" lon="3.478588"><ele>230</ele></trkpt>
   <trkpt lat="48.099151" lon="3.478655"><ele>230.5</ele></trkpt>
   <trkpt lat="48.098506" lon="3.479812"><ele>233.75</ele></trkpt>
   <trkpt lat="48.097777" lon="3.481161"><ele>234.75</ele></trkpt>
   <trkpt lat="48.096947" lon="3.482758"><ele>234.75</ele></trkpt>
   <trkpt lat="48.096353" lon="3.483937"><ele>233.75</ele></trkpt>
   <trkpt lat="48.095747" lon="3.485178"><ele>233.25</ele></trkpt>
   <trkpt lat="48.095112" lon="3.486519"><ele>232.75</ele></trkpt>
   <trkpt lat="48.094254" lon="3.488405"><ele>230</ele></trkpt>
   <trkpt lat="48.093552" lon="3.490017"><ele>227.75</ele></trkpt>
   <trkpt lat="48.09353" lon="3.49007"><ele>227</ele></trkpt>
   <trkpt lat="48.092803" lon="3.491803"><ele>230</ele></trkpt>
   <trkpt lat="48.092109" lon="3.493542"><ele>229.5</ele></trkpt>
   <trkpt lat="48.091805" lon="3.494322"><ele>229</ele></trkpt>
   <trkpt lat="48.091376" lon="3.495452"><ele>227.25</ele></trkpt>
   <trkpt lat="48.090866" lon="3.496835"><ele>226</ele></trkpt>
   <trkpt lat="48.0893" lon="3.501155"><ele>220</ele></trkpt>
   <trkpt lat="48.089256" lon="3.501276"><ele>220.5</ele></trkpt>
   <trkpt lat="48.08807" lon="3.50454"><ele>217.75</ele></trkpt>
   <trkpt lat="48.08781" lon="3.505271"><ele>216.5</ele></trkpt>
   <trkpt lat="48.087227" lon="3.506942"><ele>213</ele></trkpt>
   <trkpt lat="48.086945" lon="3.507786"><ele>211.75</ele></trkpt>
   <trkpt lat="48.086536" lon="3.509074"><ele>207.75</ele></trkpt>
   <trkpt lat="48.086177" lon="3.510267"><ele>209.75</ele></trkpt>
   <trkpt lat="48.085713" lon="3.511906"><ele>211.75</ele></trkpt>
   <trkpt lat="48.085293" lon="3.513493"><ele>210.5</ele></trkpt>
   <trkpt lat="48.085271" lon="3.513584"><ele>210</ele></trkpt>
   <trkpt lat="48.084847" lon="3.515353"><ele>218</ele></trkpt>
   <trkpt lat="48.08465" lon="3.516229"><ele>217.75</ele></trkpt>
   <trkpt lat="48.084394" lon="3.517417"><ele>218</ele></trkpt>
   <trkpt lat="48.084153" lon="3.518619"><ele>220</ele></trkpt>
   <trkpt lat="48.083919" lon="3.51986"><ele>221.25</ele></trkpt>
   <trkpt lat="48.083398" lon="3.522706"><ele>219.75</ele></trkpt>
   <trkpt lat="48.082305" lon="3.528767"><ele>220.5</ele></trkpt>
   <trkpt lat="48.081828" lon="3.5313"><ele>213.75</ele></trkpt>
   <trkpt lat="48.081537" lon="3.53275"><ele>211.25</ele></trkpt>
   <trkpt lat="48.081522" lon="3.532821"><ele>211.25</ele></trkpt>
   <trkpt lat="48.081433" lon="3.533257"><ele>214.25</ele></trkpt>
   <trkpt lat="48.081292" lon="3.533901"><ele>213.75</ele></trkpt>
   <trkpt lat="48.080985" lon="3.535241"><ele>215.75</ele></trkpt>
   <trkpt lat="48.080756" lon="3.536175"><ele>217.5</ele></trkpt>
   <trkpt lat="48.080565" lon="3.536914"><ele>217.75</ele></trkpt>
   <trkpt lat="48.080323" lon="3.537815"><ele>218.75</ele></trkpt>
   <trkpt lat="48.079976" lon="3.539043"><ele>222</ele></trkpt>
   <trkpt lat="48.079607" lon="3.540266"><ele>224.25</ele></trkpt>
   <trkpt lat="48.079249" lon="3.541396"><ele>224</ele></trkpt>
   <trkpt lat="48.078805" lon="3.542714"><ele>223.5</ele></trkpt>
   <trkpt lat="48.078781" lon="3.542784"><ele>223</ele></trkpt>
   <trkpt lat="48.078411" lon="3.543806"><ele>230.5</ele></trkpt>
   <trkpt lat="48.077963" lon="3.544994"><ele>235.25</ele></trkpt>
   <trkpt lat="48.077709" lon="3.545637"><ele>236.75</ele></trkpt>
   <trkpt lat="48.077278" lon="3.546701"><ele>239.75</ele></trkpt>
   <trkpt lat="48.076994" lon="3.547372"><ele>241.25</ele></trkpt>
   <trkpt lat="48.076622" lon="3.548225"><ele>243.5</ele></trkpt>
   <trkpt lat="48.07614" lon="3.549288"><ele>245.25</ele></trkpt>
   <trkpt lat="48.075748" lon="3.550118"><ele>247.5</ele></trkpt>
   <trkpt lat="48.075375" lon="3.55088"><ele>249</ele></trkpt>
   <trkpt lat="48.074732" lon="3.552138"><ele>251.5</ele></trkpt>
   <trkpt lat="48.074348" lon="3.552859"><ele>252</ele></trkpt>
   <trkpt lat="48.074328" lon="3.552897"><ele>251.75</ele></trkpt>
   <trkpt lat="48.073726" lon="3.553977"><ele>254</ele></trkpt>
   <trkpt lat="48.073035" lon="3.555159"><ele>257</ele></trkpt>
   <trkpt lat="48.072463" lon="3.55609"><ele>258.5</ele></trkpt>
   <trkpt lat="48.071839" lon="3.557064"><ele>260.75</ele></trkpt>
   <trkpt lat="48.071575" lon="3.557465"><ele>261</ele></trkpt>
   <trkpt lat="48.070717" lon="3.558711"><ele>259</ele></trkpt>
   <trkpt lat="48.069905" lon="3.559826"><ele>257.5</ele></trkpt>
   <trkpt lat="48.069672" lon="3.560137"><ele>257.25</ele></trkpt>
   <trkpt lat="48.069014" lon="3.560982"><ele>255.25</ele></trkpt>
   <trkpt lat="48.068302" lon="3.56186"><ele>254.25</ele></trkpt>
   <trkpt lat="48.068247" lon="3.561926"><ele>254.25</ele></trkpt>
   <trkpt lat="48.067511" lon="3.562784"><ele>255.75</ele></trkpt>
   <trkpt lat="48.066775" lon="3.563603"><ele>254.25</ele></trkpt>
   <trkpt lat="48.06601" lon="3.56443"><ele>253</ele></trkpt>
   <trkpt lat="48.063097" lon="3.567479"><ele>244</ele></trkpt>
   <trkpt lat="48.062276" lon="3.568329"><ele>238.75</ele></trkpt>
   <trkpt lat="48.062233" lon="3.568377"><ele>238.75</ele></trkpt>
   <trkpt lat="48.055613" lon="3.575295"><ele>211.5</ele></trkpt>
   <trkpt lat="48.054662" lon="3.57631"><ele>207.25</ele></trkpt>
   <trkpt lat="48.054545" lon="3.576433"><ele>207</ele></trkpt>
   <trkpt lat="48.053675" lon="3.577379"><ele>207.25</ele></trkpt>
   <trkpt lat="48.052219" lon="3.579023"><ele>200</ele></trkpt>
   <trkpt lat="48.051364" lon="3.580022"><ele>194.5</ele></trkpt>
   <trkpt lat="48.05084" lon="3.580649"><ele>192.5</ele></trkpt>
   <trkpt lat="48.05028" lon="3.581324"><ele>189</ele></trkpt>
   <trkpt lat="48.049413" lon="3.582393"><ele>183.5</ele></trkpt>
   <trkpt lat="48.048771" lon="3.583206"><ele>181.5</ele></trkpt>
   <trkpt lat="48.047409" lon="3.584973"><ele>175.75</ele></trkpt>
   <trkpt lat="48.04477" lon="3.588498"><ele>158</ele></trkpt>
   <trkpt lat="48.044714" lon="3.588573"><ele>159</ele></trkpt>
   <trkpt lat="48.040201" lon="3.594567"><ele>139.25</ele></trkpt>
   <trkpt lat="48.032111" lon="3.605319"><ele>153</ele></trkpt>
   <trkpt lat="48.02892" lon="3.609593"><ele>150.75</ele></trkpt>
   <trkpt lat="48.027984" lon="3.610888"><ele>148.75</ele></trkpt>
   <trkpt lat="48.025078" lon="3.61507"><ele>139</ele></trkpt>
   <trkpt lat="48.023177" lon="3.617848"><ele>132.25</ele></trkpt>
   <trkpt lat="48.023128" lon="3.617921"><ele>132.5</ele></trkpt>
   <trkpt lat="48.006381" lon="3.642352"><ele>107.75</ele></trkpt>
   <trkpt lat="48.00634" lon="3.642409"><ele>107.75</ele></trkpt>
   <trkpt lat="47.999427" lon="3.652496"><ele>102.75</ele></trkpt>
   <trkpt lat="47.994583" lon="3.659556"><ele>99.75</ele></trkpt>
   <trkpt lat="47.994521" lon="3.659649"><ele>100</ele></trkpt>
   <trkpt lat="47.992265" lon="3.662935"><ele>100.25</ele></trkpt>
   <trkpt lat="47.992215" lon="3.663008"><ele>100</ele></trkpt>
   <trkpt lat="47.989118" lon="3.667525"><ele>112.5</ele></trkpt>
   <trkpt lat="47.986611" lon="3.671164"><ele>110.25</ele></trkpt>
   <trkpt lat="47.986131" lon="3.671874"><ele>110</ele></trkpt>
   <trkpt lat="47.98364" lon="3.675503"><ele>106</ele></trkpt>
   <trkpt lat="47.982503" lon="3.677161"><ele>104</ele></trkpt>
   <trkpt lat="47.982124" lon="3.677726"><ele>103</ele></trkpt>
   <trkpt lat="47.981574" lon="3.678542"><ele>101.5</ele></trkpt>
   <trkpt lat="47.981032" lon="3.679327"><ele>100.25</ele></trkpt>
   <trkpt lat="47.980748" lon="3.679725"><ele>100.25</ele></trkpt>
   <trkpt lat="47.978944" lon="3.682352"><ele>99.5</ele></trkpt>
   <trkpt lat="47.978241" lon="3.683404"><ele>100.25</ele></trkpt>
   <trkpt lat="47.977629" lon="3.684347"><ele>100.75</ele></trkpt>
   <trkpt lat="47.977145" lon="3.685132"><ele>101.75</ele></trkpt>
   <trkpt lat="47.97665" lon="3.685963"><ele>104</ele></trkpt>
   <trkpt lat="47.976099" lon="3.686933"><ele>105.5</ele></trkpt>
   <trkpt lat="47.975756" lon="3.687563"><ele>103</ele></trkpt>
   <trkpt lat="47.975665" lon="3.687728"><ele>102.5</ele></trkpt>
   <trkpt lat="47.975112" lon="3.68879"><ele>102.5</ele></trkpt>
   <trkpt lat="47.97462" lon="3.689788"><ele>102</ele></trkpt>
   <trkpt lat="47.973975" lon="3.691165"><ele>102.75</ele></trkpt>
   <trkpt lat="47.973825" lon="3.691508"><ele>102</ele></trkpt>
   <trkpt lat="47.973608" lon="3.692006"><ele>101</ele></trkpt>
   <trkpt lat="47.973308" lon="3.692699"><ele>104.25</ele></trkpt>
   <trkpt lat="47.972976" lon="3.693503"><ele>102.25</ele></trkpt>
   <trkpt lat="47.972497" lon="3.694725"><ele>105.75</ele></trkpt>
   <trkpt lat="47.972056" lon="3.69589"><ele>102.25</ele></trkpt>
   <trkpt lat="47.971436" lon="3.697575"><ele>102.75</ele></trkpt>
   <trkpt lat="47.970175" lon="3.701012"><ele>100.25</ele></trkpt>
   <trkpt lat="47.969687" lon="3.702338"><ele>100.5</ele></trkpt>
   <trkpt lat="47.96966" lon="3.70241"><ele>100.25</ele></trkpt>
   <trkpt lat="47.969206" lon="3.703643"><ele>100</ele></trkpt>
   <trkpt lat="47.968898" lon="3.704461"><ele>99.75</ele></trkpt>
   <trkpt lat="47.968524" lon="3.705427"><ele>99.5</ele></trkpt>
   <trkpt lat="47.968113" lon="3.706442"><ele>99.5</ele></trkpt>
   <trkpt lat="47.967898" lon="3.70695"><ele>100.25</ele></trkpt>
   <trkpt lat="47.967681" lon="3.707454"><ele>100.5</ele></trkpt>
   <trkpt lat="47.967146" lon="3.708658"><ele>101</ele></trkpt>
   <trkpt lat="47.964361" lon="3.714626"><ele>100.75</ele></trkpt>
   <trkpt lat="47.964327" lon="3.7147"><ele>100.5</ele></trkpt>
   <trkpt lat="47.962027" lon="3.719602"><ele>102.25</ele></trkpt>
   <trkpt lat="47.957134" lon="3.730041"><ele>106.75</ele></trkpt>
   <trkpt lat="47.956437" lon="3.731549"><ele>109.25</ele></trkpt>
   <trkpt lat="47.955784" lon="3.732993"><ele>112</ele></trkpt>
   <trkpt lat="47.955131" lon="3.734461"><ele>115</ele></trkpt>
   <trkpt lat="47.954297" lon="3.736376"><ele>116</ele></trkpt>
   <trkpt lat="47.953308" lon="3.738705"><ele>117</ele></trkpt>
   <trkpt lat="47.952657" lon="3.740283"><ele>116.75</ele></trkpt>
   <trkpt lat="47.95198" lon="3.741954"><ele>116.75</ele></trkpt>
   <trkpt lat="47.948264" lon="3.751362"><ele>124.5</ele></trkpt>
   <trkpt lat="47.947688" lon="3.752834"><ele>125.75</ele></trkpt>
   <trkpt lat="47.947048" lon="3.754503"><ele>125.5</ele></trkpt>
   <trkpt lat="47.946171" lon="3.756882"><ele>125.5</ele></trkpt>
   <trkpt lat="47.945717" lon="3.758146"><ele>124.5</ele></trkpt>
   <trkpt lat="47.945676" lon="3.758266"><ele>124</ele></trkpt>
   <trkpt lat="47.945139" lon="3.759795"><ele>126.25</ele></trkpt>
   <trkpt lat="47.944723" lon="3.761013"><ele>128.75</ele></trkpt>
   <trkpt lat="47.944262" lon="3.7624"><ele>126.5</ele></trkpt>
   <trkpt lat="47.943643" lon="3.764304"><ele>129</ele></trkpt>
   <trkpt lat="47.9431" lon="3.766037"><ele>129.5</ele></trkpt>
   <trkpt lat="47.942559" lon="3.767813"><ele>128.75</ele></trkpt>
   <trkpt lat="47.942516" lon="3.767958"><ele>130.5</ele></trkpt>
   <trkpt lat="47.939733" lon="3.777172"><ele>134.5</ele></trkpt>
   <trkpt lat="47.939698" lon="3.777286"><ele>135</ele></trkpt>
   <trkpt lat="47.939564" lon="3.777731"><ele>136</ele></trkpt>
   <trkpt lat="47.939535" lon="3.777827"><ele>136</ele></trkpt>
   <trkpt lat="47.937709" lon="3.783873"><ele>134.5</ele></trkpt>
   <trkpt lat="47.93768" lon="3.783967"><ele>132.75</ele></trkpt>
   <trkpt lat="47.934952" lon="3.793"><ele>138.25</ele></trkpt>
   <trkpt lat="47.932502" lon="3.801096"><ele>149.75</ele></trkpt>
   <trkpt lat="47.932172" lon="3.802145"><ele>150.25</ele></trkpt>
   <trkpt lat="47.931856" lon="3.803116"><ele>151</ele></trkpt>
   <trkpt lat="47.93157" lon="3.803978"><ele>151</ele></trkpt>
   <trkpt lat="47.93119" lon="3.805074"><ele>151</ele></trkpt>
   <trkpt lat="47.930764" lon="3.806245"><ele>151.75</ele></trkpt>
   <trkpt lat="47.930366" lon="3.807306"><ele>151.25</ele></trkpt>
   <trkpt lat="47.929708" lon="3.808983"><ele>151.75</ele></trkpt>
   <trkpt lat="47.929177" lon="3.810272"><ele>151</ele></trkpt>
   <trkpt lat="47.928901" lon="3.810916"><ele>150.5</ele></trkpt>
   <trkpt lat="47.928628" lon="3.811545"><ele>150.5</ele></trkpt>
   <trkpt lat="47.928065" lon="3.812801"><ele>150.75</ele></trkpt>
   <trkpt lat="47.927782" lon="3.813413"><ele>150.75</ele></trkpt>
   <trkpt lat="47.927159" lon="3.814727"><ele>149.75</ele></trkpt>
   <trkpt lat="47.926416" lon="3.816208"><ele>151.5</ele></trkpt>
   <trkpt lat="47.925817" lon="3.817357"><ele>153.5</ele></trkpt>
   <trkpt lat="47.925214" lon="3.818474"><ele>156.25</ele></trkpt>
   <trkpt lat="47.924845" lon="3.819135"><ele>157</ele></trkpt>
   <trkpt lat="47.924262" lon="3.820152"><ele>158.75</ele></trkpt>
   <trkpt lat="47.923668" lon="3.821158"><ele>160.25</ele></trkpt>
   <trkpt lat="47.923042" lon="3.822179"><ele>162</ele></trkpt>
   <trkpt lat="47.919107" lon="3.828434"><ele>162</ele></trkpt>
   <trkpt lat="47.916656" lon="3.832311"><ele>154.5</ele></trkpt>
   <trkpt lat="47.916591" lon="3.832411"><ele>153</ele></trkpt>
   <trkpt lat="47.916555" lon="3.832469"><ele>152.5</ele></trkpt>
   <trkpt lat="47.916539" lon="3.832494"><ele>152.25</ele></trkpt>
   <trkpt lat="47.915424" lon="3.83426"><ele>157.75</ele></trkpt>
   <trkpt lat="47.91453" lon="3.835627"><ele>159</ele></trkpt>
   <trkpt lat="47.914022" lon="3.836377"><ele>159</ele></trkpt>
   <trkpt lat="47.913529" lon="3.837086"><ele>160</ele></trkpt>
   <trkpt lat="47.912975" lon="3.837859"><ele>159.5</ele></trkpt>
   <trkpt lat="47.912041" lon="3.83911"><ele>160.75</ele></trkpt>
   <trkpt lat="47.911688" lon="3.839573"><ele>159.75</ele></trkpt>
   <trkpt lat="47.911157" lon="3.84025"><ele>160</ele></trkpt>
   <trkpt lat="47.910607" lon="3.840933"><ele>160.5</ele></trkpt>
   <trkpt lat="47.909569" lon="3.842178"><ele>157.25</ele></trkpt>
   <trkpt lat="47.909027" lon="3.842804"><ele>156.75</ele></trkpt>
   <trkpt lat="47.908616" lon="3.843263"><ele>158.5</ele></trkpt>
   <trkpt lat="47.907878" lon="3.844067"><ele>160.25</ele></trkpt>
   <trkpt lat="47.90739" lon="3.844584"><ele>161.5</ele></trkpt>
   <trkpt lat="47.906305" lon="3.845695"><ele>158.75</ele></trkpt>
   <trkpt lat="47.906282" lon="3.845717"><ele>158.75</ele></trkpt>
   <trkpt lat="47.90593" lon="3.846061"><ele>159.75</ele></trkpt>
   <trkpt lat="47.904913" lon="3.847033"><ele>160.5</ele></trkpt>
   <trkpt lat="47.904314" lon="3.847579"><ele>159.5</ele></trkpt>
   <trkpt lat="47.903555" lon="3.848253"><ele>158</ele></trkpt>
   <trkpt lat="47.902627" lon="3.849044"><ele>158</ele></trkpt>
   <trkpt lat="47.901361" lon="3.85006"><ele>155.75</ele></trkpt>
   <trkpt lat="47.90074" lon="3.850536"><ele>155.25</ele></trkpt>
   <trkpt lat="47.899513" lon="3.85144"><ele>150</ele></trkpt>
   <trkpt lat="47.899427" lon="3.851502"><ele>148.75</ele></trkpt>
   <trkpt lat="47.896719" lon="3.853445"><ele>148.75</ele></trkpt>
   <trkpt lat="47.885496" lon="3.861487"><ele>169.25</ele></trkpt>
   <trkpt lat="47.884185" lon="3.862431"><ele>169.75</ele></trkpt>
   <trkpt lat="47.883525" lon="3.862917"><ele>168.75</ele></trkpt>
   <trkpt lat="47.882883" lon="3.863409"><ele>164.5</ele></trkpt>
   <trkpt lat="47.882833" lon="3.86345"><ele>164.5</ele></trkpt>
   <trkpt lat="47.881765" lon="3.86431"><ele>168.25</ele></trkpt>
   <trkpt lat="47.881042" lon="3.864925"><ele>168.25</ele></trkpt>
   <trkpt lat="47.880536" lon="3.865373"><ele>167</ele></trkpt>
   <trkpt lat="47.879857" lon="3.865988"><ele>165.75</ele></trkpt>
   <trkpt lat="47.879191" lon="3.866624"><ele>166</ele></trkpt>
   <trkpt lat="47.878518" lon="3.867285"><ele>165</ele></trkpt>
   <trkpt lat="47.878229" lon="3.867577"><ele>165.25</ele></trkpt>
   <trkpt lat="47.877544" lon="3.868292"><ele>167.25</ele></trkpt>
   <trkpt lat="47.876909" lon="3.86898"><ele>169</ele></trkpt>
   <trkpt lat="47.87398" lon="3.872235"><ele>180.75</ele></trkpt>
   <trkpt lat="47.87102" lon="3.875531"><ele>186.25</ele></trkpt>
   <trkpt lat="47.868784" lon="3.878032"><ele>183.5</ele></trkpt>
   <trkpt lat="47.868271" lon="3.87862"><ele>181.25</ele></trkpt>
   <trkpt lat="47.867851" lon="3.879116"><ele>182</ele></trkpt>
   <trkpt lat="47.86727" lon="3.879817"><ele>178.5</ele></trkpt>
   <trkpt lat="47.866865" lon="3.880323"><ele>176.25</ele></trkpt>
   <trkpt lat="47.866496" lon="3.8808"><ele>175</ele></trkpt>
   <trkpt lat="47.865814" lon="3.881714"><ele>175.75</ele></trkpt>
   <trkpt lat="47.865399" lon="3.882294"><ele>173.25</ele></trkpt>
   <trkpt lat="47.865056" lon="3.882788"><ele>174.25</ele></trkpt>
   <trkpt lat="47.864529" lon="3.883573"><ele>173.5</ele></trkpt>
   <trkpt lat="47.864108" lon="3.884224"><ele>174.5</ele></trkpt>
   <trkpt lat="47.863725" lon="3.884837"><ele>174</ele></trkpt>
   <trkpt lat="47.863125" lon="3.885831"><ele>174</ele></trkpt>
   <trkpt lat="47.862803" lon="3.886391"><ele>175.5</ele></trkpt>
   <trkpt lat="47.862524" lon="3.886886"><ele>176</ele></trkpt>
   <trkpt lat="47.86207" lon="3.887718"><ele>175</ele></trkpt>
   <trkpt lat="47.861668" lon="3.888476"><ele>176.75</ele></trkpt>
   <trkpt lat="47.861626" lon="3.888556"><ele>176.5</ele></trkpt>
   <trkpt lat="47.861144" lon="3.889523"><ele>179</ele></trkpt>
   <trkpt lat="47.860648" lon="3.890547"><ele>176.5</ele></trkpt>
   <trkpt lat="47.860586" lon="3.890683"><ele>180.25</ele></trkpt>
   <trkpt lat="47.860314" lon="3.891298"><ele>184.5</ele></trkpt>
   <trkpt lat="47.859767" lon="3.892567"><ele>192.75</ele></trkpt>
   <trkpt lat="47.859216" lon="3.893904"><ele>192</ele></trkpt>
   <trkpt lat="47.858909" lon="3.894696"><ele>194.25</ele></trkpt>
   <trkpt lat="47.85833" lon="3.896284"><ele>197.5</ele></trkpt>
   <trkpt lat="47.857951" lon="3.89739"><ele>199.25</ele></trkpt>
   <trkpt lat="47.856863" lon="3.900733"><ele>200</ele></trkpt>
   <trkpt lat="47.856821" lon="3.900864"><ele>199.25</ele></trkpt>
   <trkpt lat="47.855332" lon="3.905558"><ele>201.75</ele></trkpt>
   <trkpt lat="47.854984" lon="3.906689"><ele>198.5</ele></trkpt>
   <trkpt lat="47.85472" lon="3.907571"><ele>198.25</ele></trkpt>
   <trkpt lat="47.854332" lon="3.908833"><ele>192.25</ele></trkpt>
   <trkpt lat="47.85395" lon="3.910019"><ele>193.75</ele></trkpt>
   <trkpt lat="47.853843" lon="3.910371"><ele>193</ele></trkpt>
   <trkpt lat="47.853528" lon="3.911537"><ele>191.5</ele></trkpt>
   <trkpt lat="47.853463" lon="3.91174"><ele>191</ele></trkpt>
   <trkpt lat="47.853395" lon="3.911957"><ele>189.25</ele></trkpt>
   <trkpt lat="47.853366" lon="3.912049"><ele>190.75</ele></trkpt>
   <trkpt lat="47.85071" lon="3.920346"><ele>195.25</ele></trkpt>
   <trkpt lat="47.849947" lon="3.922736"><ele>195.75</ele></trkpt>
   <trkpt lat="47.849796" lon="3.923173"><ele>197</ele></trkpt>
   <trkpt lat="47.849551" lon="3.923825"><ele>196.75</ele></trkpt>
   <trkpt lat="47.849359" lon="3.924379"><ele>198</ele></trkpt>
   <trkpt lat="47.84886" lon="3.925933"><ele>196.5</ele></trkpt>
   <trkpt lat="47.848344" lon="3.927505"><ele>198</ele></trkpt>
   <trkpt lat="47.848107" lon="3.928197"><ele>197.75</ele></trkpt>
   <trkpt lat="47.848093" lon="3.928238"><ele>198</ele></trkpt>
   <trkpt lat="47.847665" lon="3.929454"><ele>197.75</ele></trkpt>
   <trkpt lat="47.84733" lon="3.930373"><ele>200.25</ele></trkpt>
   <trkpt lat="47.846795" lon="3.931781"><ele>203</ele></trkpt>
   <trkpt lat="47.846298" lon="3.93303"><ele>204.5</ele></trkpt>
   <trkpt lat="47.845565" lon="3.934787"><ele>209.75</ele></trkpt>
   <trkpt lat="47.84538" lon="3.93521"><ele>210.5</ele></trkpt>
   <trkpt lat="47.845117" lon="3.935814"><ele>211.5</ele></trkpt>
   <trkpt lat="47.844419" lon="3.937347"><ele>213.75</ele></trkpt>
   <trkpt lat="47.8444" lon="3.937388"><ele>213.5</ele></trkpt>
   <trkpt lat="47.843898" lon="3.938471"><ele>217.25</ele></trkpt>
   <trkpt lat="47.843329" lon="3.939694"><ele>220</ele></trkpt>
   <trkpt lat="47.841596" lon="3.943427"><ele>230</ele></trkpt>
   <trkpt lat="47.839225" lon="3.948508"><ele>232</ele></trkpt>
   <trkpt lat="47.838921" lon="3.949147"><ele>228</ele></trkpt>
   <trkpt lat="47.838885" lon="3.949221"><ele>228.5</ele></trkpt>
   <trkpt lat="47.838507" lon="3.95003"><ele>231.25</ele></trkpt>
   <trkpt lat="47.837975" lon="3.951117"><ele>231.25</ele></trkpt>
   <trkpt lat="47.837436" lon="3.952182"><ele>231.25</ele></trkpt>
   <trkpt lat="47.836892" lon="3.953224"><ele>230</ele></trkpt>
   <trkpt lat="47.836088" lon="3.9547"><ele>227.5</ele></trkpt>
   <trkpt lat="47.835757" lon="3.955286"><ele>226</ele></trkpt>
   <trkpt lat="47.835091" lon="3.956431"><ele>223.25</ele></trkpt>
   <trkpt lat="47.835034" lon="3.956529"><ele>224.5</ele></trkpt>
   <trkpt lat="47.834301" lon="3.957723"><ele>230.5</ele></trkpt>
   <trkpt lat="47.833969" lon="3.958251"><ele>230</ele></trkpt>
   <trkpt lat="47.833186" lon="3.959468"><ele>230.75</ele></trkpt>
   <trkpt lat="47.832739" lon="3.960141"><ele>232.75</ele></trkpt>
   <trkpt lat="47.832271" lon="3.960828"><ele>231.75</ele></trkpt>
   <trkpt lat="47.831805" lon="3.961496"><ele>230</ele></trkpt>
   <trkpt lat="47.831131" lon="3.962431"><ele>232.75</ele></trkpt>
   <trkpt lat="47.830441" lon="3.96336"><ele>234.25</ele></trkpt>
   <trkpt lat="47.830038" lon="3.963886"><ele>233.5</ele></trkpt>
   <trkpt lat="47.829946" lon="3.964003"><ele>233.25</ele></trkpt>
   <trkpt lat="47.829463" lon="3.96462"><ele>236.75</ele></trkpt>
   <trkpt lat="47.828984" lon="3.965214"><ele>237</ele></trkpt>
   <trkpt lat="47.828435" lon="3.965879"><ele>238</ele></trkpt>
   <trkpt lat="47.82784" lon="3.966575"><ele>240.75</ele></trkpt>
   <trkpt lat="47.827098" lon="3.967422"><ele>241.75</ele></trkpt>
   <trkpt lat="47.826685" lon="3.96788"><ele>243.75</ele></trkpt>
   <trkpt lat="47.82562" lon="3.969019"><ele>245.75</ele></trkpt>
   <trkpt lat="47.825597" lon="3.969042"><ele>246</ele></trkpt>
   <trkpt lat="47.824733" lon="3.969924"><ele>250.5</ele></trkpt>
   <trkpt lat="47.823749" lon="3.970889"><ele>253.5</ele></trkpt>
   <trkpt lat="47.82274" lon="3.971826"><ele>256</ele></trkpt>
   <trkpt lat="47.821981" lon="3.972501"><ele>257.25</ele></trkpt>
   <trkpt lat="47.82136" lon="3.973033"><ele>258.25</ele></trkpt>
   <trkpt lat="47.820487" lon="3.97376"><ele>261</ele></trkpt>
   <trkpt lat="47.819178" lon="3.974802"><ele>265.5</ele></trkpt>
   <trkpt lat="47.813336" lon="3.979362"><ele>263.5</ele></trkpt>
   <trkpt lat="47.812122" lon="3.980333"><ele>258.75</ele></trkpt>
   <trkpt lat="47.811028" lon="3.981259"><ele>251</ele></trkpt>
   <trkpt lat="47.810488" lon="3.981732"><ele>249.5</ele></trkpt>
   <trkpt lat="47.809588" lon="3.982551"><ele>243.75</ele></trkpt>
   <trkpt lat="47.809507" lon="3.982631"><ele>243.25</ele></trkpt>
   <trkpt lat="47.808786" lon="3.983314"><ele>243.75</ele></trkpt>
   <trkpt lat="47.80822" lon="3.983868"><ele>243.25</ele></trkpt>
   <trkpt lat="47.807657" lon="3.984436"><ele>241</ele></trkpt>
   <trkpt lat="47.807038" lon="3.985079"><ele>238.5</ele></trkpt>
   <trkpt lat="47.806475" lon="3.985679"><ele>236.25</ele></trkpt>
   <trkpt lat="47.805637" lon="3.986604"><ele>232.25</ele></trkpt>
   <trkpt lat="47.804814" lon="3.987559"><ele>230.25</ele></trkpt>
   <trkpt lat="47.80405" lon="3.988466"><ele>229.5</ele></trkpt>
   <trkpt lat="47.803487" lon="3.989164"><ele>226</ele></trkpt>
   <trkpt lat="47.802921" lon="3.989874"><ele>225.25</ele></trkpt>
   <trkpt lat="47.801913" lon="3.9912"><ele>221.5</ele></trkpt>
   <trkpt lat="47.800978" lon="3.992474"><ele>219</ele></trkpt>
   <trkpt lat="47.794346" lon="4.001588"><ele>243.25</ele></trkpt>
   <trkpt lat="47.793662" lon="4.002525"><ele>246.75</ele></trkpt>
   <trkpt lat="47.792478" lon="4.004127"><ele>249.5</ele></trkpt>
   <trkpt lat="47.791562" lon="4.005327"><ele>249.25</ele></trkpt>
   <trkpt lat="47.790478" lon="4.006706"><ele>254.25</ele></trkpt>
   <trkpt lat="47.789731" lon="4.007632"><ele>253.5</ele></trkpt>
   <trkpt lat="47.788737" lon="4.008834"><ele>253.75</ele></trkpt>
   <trkpt lat="47.787644" lon="4.010116"><ele>254</ele></trkpt>
   <trkpt lat="47.786539" lon="4.011365"><ele>253</ele></trkpt>
   <trkpt lat="47.786015" lon="4.011944"><ele>252.75</ele></trkpt>
   <trkpt lat="47.785002" lon="4.01304"><ele>254.75</ele></trkpt>
   <trkpt lat="47.784512" lon="4.013562"><ele>254.5</ele></trkpt>
   <trkpt lat="47.783221" lon="4.014895"><ele>254.25</ele></trkpt>
   <trkpt lat="47.781953" lon="4.016158"><ele>252.75</ele></trkpt>
   <trkpt lat="47.781895" lon="4.01621"><ele>252.5</ele></trkpt>
   <trkpt lat="47.780971" lon="4.017108"><ele>255</ele></trkpt>
   <trkpt lat="47.779959" lon="4.018052"><ele>256.75</ele></trkpt>
   <trkpt lat="47.779342" lon="4.018616"><ele>256</ele></trkpt>
   <trkpt lat="47.778437" lon="4.019427"><ele>256</ele></trkpt>
   <trkpt lat="47.776843" lon="4.020798"><ele>256.25</ele></trkpt>
   <trkpt lat="47.776046" lon="4.02146"><ele>257.5</ele></trkpt>
   <trkpt lat="47.775262" lon="4.022098"><ele>258.5</ele></trkpt>
   <trkpt lat="47.77435" lon="4.02282"><ele>258.75</ele></trkpt>
   <trkpt lat="47.772906" lon="4.023921"><ele>259</ele></trkpt>
   <trkpt lat="47.771771" lon="4.024753"><ele>258.75</ele></trkpt>
   <trkpt lat="47.770727" lon="4.025493"><ele>259</ele></trkpt>
   <trkpt lat="47.769959" lon="4.02602"><ele>260.25</ele></trkpt>
   <trkpt lat="47.768412" lon="4.027048"><ele>258.25</ele></trkpt>
   <trkpt lat="47.767549" lon="4.027596"><ele>257.25</ele></trkpt>
   <trkpt lat="47.765097" lon="4.029118"><ele>252.75</ele></trkpt>
   <trkpt lat="47.760543" lon="4.031921"><ele>234.75</ele></trkpt>
   <trkpt lat="47.749759" lon="4.038565"><ele>223.75</ele></trkpt>
   <trkpt lat="47.736923" lon="4.046469"><ele>235.5</ele></trkpt>
   <trkpt lat="47.733905" lon="4.048314"><ele>245.5</ele></trkpt>
   <trkpt lat="47.733808" lon="4.048369"><ele>246</ele></trkpt>
   <trkpt lat="47.732868" lon="4.04893"><ele>252</ele></trkpt>
   <trkpt lat="47.724002" lon="4.054029"><ele>273.25</ele></trkpt>
   <trkpt lat="47.723943" lon="4.054062"><ele>273.25</ele></trkpt>
   <trkpt lat="47.719408" lon="4.056657"><ele>282</ele></trkpt>
   <trkpt lat="47.718332" lon="4.057292"><ele>284.25</ele></trkpt>
   <trkpt lat="47.717426" lon="4.057837"><ele>285.25</ele></trkpt>
   <trkpt lat="47.716284" lon="4.05854"><ele>286.25</ele></trkpt>
   <trkpt lat="47.710785" lon="4.061993"><ele>293.5</ele></trkpt>
   <trkpt lat="47.71076" lon="4.062009"><ele>293.5</ele></trkpt>
   <trkpt lat="47.709067" lon="4.063072"><ele>295.75</ele></trkpt>
   <trkpt lat="47.696385" lon="4.071041"><ele>308</ele></trkpt>
   <trkpt lat="47.687633" lon="4.07653"><ele>310.75</ele></trkpt>
   <trkpt lat="47.684567" lon="4.078457"><ele>315</ele></trkpt>
   <trkpt lat="47.683142" lon="4.079347"><ele>316.75</ele></trkpt>
   <trkpt lat="47.680642" lon="4.080919"><ele>317.5</ele></trkpt>
   <trkpt lat="47.678472" lon="4.082285"><ele>316.25</ele></trkpt>
   <trkpt lat="47.678167" lon="4.082475"><ele>315.5</ele></trkpt>
   <trkpt lat="47.675428" lon="4.084184"><ele>306.5</ele></trkpt>
   <trkpt lat="47.675349" lon="4.084235"><ele>305.25</ele></trkpt>
   <trkpt lat="47.67031" lon="4.087397"><ele>295</ele></trkpt>
   <trkpt lat="47.670285" lon="4.087412"><ele>295.25</ele></trkpt>
   <trkpt lat="47.655351" lon="4.09678"><ele>315</ele></trkpt>
   <trkpt lat="47.646275" lon="4.102464"><ele>319.5</ele></trkpt>
   <trkpt lat="47.644879" lon="4.103304"><ele>319</ele></trkpt>
   <trkpt lat="47.643685" lon="4.10399"><ele>318.5</ele></trkpt>
   <trkpt lat="47.642452" lon="4.104674"><ele>319.5</ele></trkpt>
   <trkpt lat="47.635316" lon="4.108601"><ele>329.25</ele></trkpt>
   <trkpt lat="47.635225" lon="4.10865"><ele>329.75</ele></trkpt>
   <trkpt lat="47.623681" lon="4.114995"><ele>335.25</ele></trkpt>
   <trkpt lat="47.622907" lon="4.115411"><ele>331.25</ele></trkpt>
   <trkpt lat="47.622804" lon="4.115466"><ele>331.25</ele></trkpt>
   <trkpt lat="47.619894" lon="4.117074"><ele>329.75</ele></trkpt>
   <trkpt lat="47.612892" lon="4.120921"><ele>327.75</ele></trkpt>
   <trkpt lat="47.612865" lon="4.120936"><ele>327.75</ele></trkpt>
   <trkpt lat="47.604599" lon="4.125473"><ele>327.5</ele></trkpt>
   <trkpt lat="47.601033" lon="4.127428"><ele>322.75</ele></trkpt>
   <trkpt lat="47.601006" lon="4.127443"><ele>323</ele></trkpt>
   <trkpt lat="47.597451" lon="4.129399"><ele>321</ele></trkpt>
   <trkpt lat="47.596172" lon="4.130094"><ele>321.25</ele></trkpt>
   <trkpt lat="47.59536" lon="4.130515"><ele>320.25</ele></trkpt>
   <trkpt lat="47.59478" lon="4.130803"><ele>318.75</ele></trkpt>
   <trkpt lat="47.59475" lon="4.130817"><ele>319.25</ele></trkpt>
   <trkpt lat="47.593868" lon="4.131227"><ele>318</ele></trkpt>
   <trkpt lat="47.593229" lon="4.131501"><ele>317.5</ele></trkpt>
   <trkpt lat="47.592588" lon="4.131758"><ele>318.25</ele></trkpt>
   <trkpt lat="47.591285" lon="4.132234"><ele>321.75</ele></trkpt>
   <trkpt lat="47.590413" lon="4.132512"><ele>323.75</ele></trkpt>
   <trkpt lat="47.589576" lon="4.132755"><ele>325.25</ele></trkpt>
   <trkpt lat="47.588654" lon="4.132989"><ele>327.75</ele></trkpt>
   <trkpt lat="47.587786" lon="4.133182"><ele>330.25</ele></trkpt>
   <trkpt lat="47.587299" lon="4.133276"><ele>331.5</ele></trkpt>
   <trkpt lat="47.586786" lon="4.133369"><ele>333</ele></trkpt>
   <trkpt lat="47.586355" lon="4.133436"><ele>332.75</ele></trkpt>
   <trkpt lat="47.585861" lon="4.133507"><ele>333</ele></trkpt>
   <trkpt lat="47.585216" lon="4.133586"><ele>333.25</ele></trkpt>
   <trkpt lat="47.585125" lon="4.133596"><ele>334.25</ele></trkpt>
   <trkpt lat="47.584415" lon="4.13366"><ele>336</ele></trkpt>
   <trkpt lat="47.583478" lon="4.133717"><ele>337</ele></trkpt>
   <trkpt lat="47.58265" lon="4.133745"><ele>337.25</ele></trkpt>
   <trkpt lat="47.582245" lon="4.133745"><ele>337.25</ele></trkpt>
   <trkpt lat="47.581308" lon="4.133731"><ele>336.25</ele></trkpt>
   <trkpt lat="47.580918" lon="4.133715"><ele>335.75</ele></trkpt>
   <trkpt lat="47.580001" lon="4.133657"><ele>335</ele></trkpt>
   <trkpt lat="47.579156" lon="4.133574"><ele>333.75</ele></trkpt>
   <trkpt lat="47.578711" lon="4.13352"><ele>332</ele></trkpt>
   <trkpt lat="47.577873" lon="4.133399"><ele>329.25</ele></trkpt>
   <trkpt lat="47.577014" lon="4.133247"><ele>326.75</ele></trkpt>
   <trkpt lat="47.576234" lon="4.133087"><ele>324.5</ele></trkpt>
   <trkpt lat="47.57523" lon="4.132847"><ele>320.5</ele></trkpt>
   <trkpt lat="47.574355" lon="4.132606"><ele>316.5</ele></trkpt>
   <trkpt lat="47.573748" lon="4.132424"><ele>315.75</ele></trkpt>
   <trkpt lat="47.57368" lon="4.132402"><ele>315.25</ele></trkpt>
   <trkpt lat="47.572392" lon="4.13198"><ele>315</ele></trkpt>
   <trkpt lat="47.56925" lon="4.13091"><ele>310.5</ele></trkpt>
   <trkpt lat="47.569222" lon="4.130901"><ele>310.75</ele></trkpt>
   <trkpt lat="47.568086" lon="4.130526"><ele>312.75</ele></trkpt>
   <trkpt lat="47.567415" lon="4.130317"><ele>314.75</ele></trkpt>
   <trkpt lat="47.566829" lon="4.130146"><ele>316.25</ele></trkpt>
   <trkpt lat="47.565961" lon="4.129915"><ele>317.75</ele></trkpt>
   <trkpt lat="47.564885" lon="4.12967"><ele>317.75</ele></trkpt>
   <trkpt lat="47.563854" lon="4.129476"><ele>316.75</ele></trkpt>
   <trkpt lat="47.56272" lon="4.129308"><ele>317</ele></trkpt>
   <trkpt lat="47.562144" lon="4.129241"><ele>316.75</ele></trkpt>
   <trkpt lat="47.561006" lon="4.129145"><ele>314.75</ele></trkpt>
   <trkpt lat="47.5605" lon="4.129116"><ele>313.25</ele></trkpt>
   <trkpt lat="47.559551" lon="4.129091"><ele>311.25</ele></trkpt>
   <trkpt lat="47.559242" lon="4.129091"><ele>310.75</ele></trkpt>
   <trkpt lat="47.558356" lon="4.129106"><ele>308.5</ele></trkpt>
   <trkpt lat="47.55733" lon="4.129156"><ele>304.75</ele></trkpt>
   <trkpt lat="47.55674" lon="4.129203"><ele>302.75</ele></trkpt>
   <trkpt lat="47.555994" lon="4.129282"><ele>300.75</ele></trkpt>
   <trkpt lat="47.555249" lon="4.129384"><ele>296.75</ele></trkpt>
   <trkpt lat="47.554653" lon="4.129476"><ele>293.25</ele></trkpt>
   <trkpt lat="47.553093" lon="4.12978"><ele>286.75</ele></trkpt>
   <trkpt lat="47.551943" lon="4.130074"><ele>281.5</ele></trkpt>
   <trkpt lat="47.551316" lon="4.13025"><ele>279.5</ele></trkpt>
   <trkpt lat="47.550034" lon="4.130644"><ele>272</ele></trkpt>
   <trkpt lat="47.549965" lon="4.130666"><ele>271.75</ele></trkpt>
   <trkpt lat="47.546973" lon="4.131636"><ele>264.25</ele></trkpt>
   <trkpt lat="47.545575" lon="4.13208"><ele>259.5</ele></trkpt>
   <trkpt lat="47.54422" lon="4.132472"><ele>253</ele></trkpt>
   <trkpt lat="47.543758" lon="4.132593"><ele>249.25</ele></trkpt>
   <trkpt lat="47.54279" lon="4.132815"><ele>247</ele></trkpt>
   <trkpt lat="47.542752" lon="4.132823"><ele>246.75</ele></trkpt>
   <trkpt lat="47.541662" lon="4.133028"><ele>245.25</ele></trkpt>
   <trkpt lat="47.540574" lon="4.133189"><ele>241.5</ele></trkpt>
   <trkpt lat="47.540156" lon="4.133235"><ele>240.25</ele></trkpt>
   <trkpt lat="47.540121" lon="4.133239"><ele>240.25</ele></trkpt>
   <trkpt lat="47.538786" lon="4.133376"><ele>240</ele></trkpt>
   <trkpt lat="47.529574" lon="4.134179"><ele>245.75</ele></trkpt>
   <trkpt lat="47.520304" lon="4.134985"><ele>236.75</ele></trkpt>
   <trkpt lat="47.519652" lon="4.135053"><ele>236.25</ele></trkpt>
   <trkpt lat="47.518578" lon="4.135184"><ele>235.25</ele></trkpt>
   <trkpt lat="47.517973" lon="4.135274"><ele>236</ele></trkpt>
   <trkpt lat="47.517024" lon="4.135434"><ele>233.25</ele></trkpt>
   <trkpt lat="47.51697" lon="4.135443"><ele>233.25</ele></trkpt>
   <trkpt lat="47.516402" lon="4.135552"><ele>236.75</ele></trkpt>
   <trkpt lat="47.515368" lon="4.135772"><ele>236.25</ele></trkpt>
   <trkpt lat="47.514408" lon="4.136006"><ele>238.25</ele></trkpt>
   <trkpt lat="47.513941" lon="4.136131"><ele>238.25</ele></trkpt>
   <trkpt lat="47.512716" lon="4.13648"><ele>239.25</ele></trkpt>
   <trkpt lat="47.512013" lon="4.136697"><ele>238.5</ele></trkpt>
   <trkpt lat="47.511463" lon="4.13688"><ele>237.25</ele></trkpt>
   <trkpt lat="47.511429" lon="4.136892"><ele>237.5</ele></trkpt>
   <trkpt lat="47.510603" lon="4.137162"><ele>237.25</ele></trkpt>
   <trkpt lat="47.509775" lon="4.137458"><ele>237.75</ele></trkpt>
   <trkpt lat="47.508664" lon="4.137895"><ele>238</ele></trkpt>
   <trkpt lat="47.508144" lon="4.138121"><ele>238</ele></trkpt>
   <trkpt lat="47.507062" lon="4.138616"><ele>240</ele></trkpt>
   <trkpt lat="47.506236" lon="4.139023"><ele>240.75</ele></trkpt>
   <trkpt lat="47.505374" lon="4.139465"><ele>242.5</ele></trkpt>
   <trkpt lat="47.504591" lon="4.13989"><ele>244</ele></trkpt>
   <trkpt lat="47.503683" lon="4.14041"><ele>245.75</ele></trkpt>
   <trkpt lat="47.502467" lon="4.141146"><ele>248.25</ele></trkpt>
   <trkpt lat="47.501383" lon="4.141849"><ele>250</ele></trkpt>
   <trkpt lat="47.50079" lon="4.14225"><ele>250.75</ele></trkpt>
   <trkpt lat="47.499624" lon="4.143078"><ele>253</ele></trkpt>
   <trkpt lat="47.499159" lon="4.143422"><ele>253</ele></trkpt>
   <trkpt lat="47.49802" lon="4.144299"><ele>256</ele></trkpt>
   <trkpt lat="47.497084" lon="4.14506"><ele>258</ele></trkpt>
   <trkpt lat="47.496135" lon="4.145869"><ele>260</ele></trkpt>
   <trkpt lat="47.494982" lon="4.146903"><ele>263</ele></trkpt>
   <trkpt lat="47.494434" lon="4.147417"><ele>264</ele></trkpt>
   <trkpt lat="47.493604" lon="4.148222"><ele>266.5</ele></trkpt>
   <trkpt lat="47.492561" lon="4.149272"><ele>268.5</ele></trkpt>
   <trkpt lat="47.490146" lon="4.15177"><ele>275.5</ele></trkpt>
   <trkpt lat="47.490081" lon="4.151837"><ele>276</ele></trkpt>
   <trkpt lat="47.486669" lon="4.155369"><ele>285.25</ele></trkpt>
   <trkpt lat="47.486032" lon="4.15603"><ele>282</ele></trkpt>
   <trkpt lat="47.485266" lon="4.156816"><ele>288.25</ele></trkpt>
   <trkpt lat="47.481695" lon="4.160509"><ele>290.75</ele></trkpt>
   <trkpt lat="47.48167" lon="4.160535"><ele>291.5</ele></trkpt>
   <trkpt lat="47.47794" lon="4.164392"><ele>290.25</ele></trkpt>
   <trkpt lat="47.477856" lon="4.164477"><ele>290.5</ele></trkpt>
   <trkpt lat="47.468705" lon="4.173935"><ele>300</ele></trkpt>
   <trkpt lat="47.461174" lon="4.181711"><ele>304.75</ele></trkpt>
   <trkpt lat="47.461111" lon="4.181776"><ele>305.25</ele></trkpt>
   <trkpt lat="47.458505" lon="4.184476"><ele>309.75</ele></trkpt>
   <trkpt lat="47.456982" lon="4.186043"><ele>312.25</ele></trkpt>
   <trkpt lat="47.456477" lon="4.186576"><ele>313.5</ele></trkpt>
   <trkpt lat="47.452657" lon="4.190518"><ele>318</ele></trkpt>
   <trkpt lat="47.448738" lon="4.194555"><ele>323.75</ele></trkpt>
   <trkpt lat="47.443931" lon="4.199516"><ele>329.25</ele></trkpt>
   <trkpt lat="47.442883" lon="4.200569"><ele>330</ele></trkpt>
   <trkpt lat="47.441686" lon="4.201727"><ele>328.75</ele></trkpt>
   <trkpt lat="47.440781" lon="4.202567"><ele>328.75</ele></trkpt>
   <trkpt lat="47.440005" lon="4.203269"><ele>326</ele></trkpt>
   <trkpt lat="47.438954" lon="4.204188"><ele>321.5</ele></trkpt>
   <trkpt lat="47.438393" lon="4.204667"><ele>320.5</ele></trkpt>
   <trkpt lat="47.437553" lon="4.205371"><ele>319</ele></trkpt>
   <trkpt lat="47.436665" lon="4.206067"><ele>317.75</ele></trkpt>
   <trkpt lat="47.436169" lon="4.206449"><ele>317.75</ele></trkpt>
   <trkpt lat="47.435062" lon="4.207281"><ele>319</ele></trkpt>
   <trkpt lat="47.434352" lon="4.207801"><ele>320.25</ele></trkpt>
   <trkpt lat="47.433641" lon="4.208303"><ele>320.75</ele></trkpt>
   <trkpt lat="47.432843" lon="4.208851"><ele>321</ele></trkpt>
   <trkpt lat="47.431616" lon="4.20966"><ele>323.25</ele></trkpt>
   <trkpt lat="47.430506" lon="4.210357"><ele>325.25</ele></trkpt>
   <trkpt lat="47.43002" lon="4.210652"><ele>323.75</ele></trkpt>
   <trkpt lat="47.429949" lon="4.210695"><ele>324</ele></trkpt>
   <trkpt lat="47.428546" lon="4.211512"><ele>333.25</ele></trkpt>
   <trkpt lat="47.427985" lon="4.211823"><ele>335.75</ele></trkpt>
   <trkpt lat="47.427248" lon="4.212221"><ele>336</ele></trkpt>
   <trkpt lat="47.426577" lon="4.212572"><ele>339.5</ele></trkpt>
   <trkpt lat="47.425641" lon="4.213044"><ele>339.75</ele></trkpt>
   <trkpt lat="47.423573" lon="4.214029"><ele>344.5</ele></trkpt>
   <trkpt lat="47.412355" lon="4.219315"><ele>374.25</ele></trkpt>
   <trkpt lat="47.404896" lon="4.222824"><ele>379.75</ele></trkpt>
   <trkpt lat="47.395341" lon="4.227316"><ele>389.5</ele></trkpt>
   <trkpt lat="47.39366" lon="4.228114"><ele>387.75</ele></trkpt>
   <trkpt lat="47.393635" lon="4.228125"><ele>387.75</ele></trkpt>
   <trkpt lat="47.380708" lon="4.234202"><ele>398.5</ele></trkpt>
   <trkpt lat="47.380017" lon="4.234524"><ele>398.5</ele></trkpt>
   <trkpt lat="47.379088" lon="4.234943"><ele>398.25</ele></trkpt>
   <trkpt lat="47.379061" lon="4.234955"><ele>398.5</ele></trkpt>
   <trkpt lat="47.377912" lon="4.235452"><ele>399</ele></trkpt>
   <trkpt lat="47.377148" lon="4.235769"><ele>399.25</ele></trkpt>
   <trkpt lat="47.375753" lon="4.236319"><ele>400</ele></trkpt>
   <trkpt lat="47.374849" lon="4.236658"><ele>401.75</ele></trkpt>
   <trkpt lat="47.373905" lon="4.236995"><ele>401.5</ele></trkpt>
   <trkpt lat="47.373197" lon="4.237237"><ele>402.75</ele></trkpt>
   <trkpt lat="47.372215" lon="4.23756"><ele>402.75</ele></trkpt>
   <trkpt lat="47.371542" lon="4.237771"><ele>403.75</ele></trkpt>
   <trkpt lat="47.370006" lon="4.238224"><ele>403.5</ele></trkpt>
   <trkpt lat="47.368392" lon="4.238661"><ele>403</ele></trkpt>
   <trkpt lat="47.368328" lon="4.238678"><ele>402.5</ele></trkpt>
   <trkpt lat="47.359143" lon="4.241137"><ele>425.75</ele></trkpt>
   <trkpt lat="47.357662" lon="4.241546"><ele>429</ele></trkpt>
   <trkpt lat="47.357025" lon="4.241739"><ele>430.5</ele></trkpt>
   <trkpt lat="47.356079" lon="4.242042"><ele>433.75</ele></trkpt>
   <trkpt lat="47.354796" lon="4.242502"><ele>431.25</ele></trkpt>
   <trkpt lat="47.354691" lon="4.242542"><ele>431</ele></trkpt>
   <trkpt lat="47.353747" lon="4.242912"><ele>436.25</ele></trkpt>
   <trkpt lat="47.352875" lon="4.243277"><ele>436</ele></trkpt>
   <trkpt lat="47.352146" lon="4.243595"><ele>436</ele></trkpt>
   <trkpt lat="47.351474" lon="4.243913"><ele>435.75</ele></trkpt>
   <trkpt lat="47.350239" lon="4.244529"><ele>435.25</ele></trkpt>
   <trkpt lat="47.349595" lon="4.24487"><ele>435.25</ele></trkpt>
   <trkpt lat="47.348902" lon="4.24525"><ele>435</ele></trkpt>
   <trkpt lat="47.348269" lon="4.245606"><ele>434.75</ele></trkpt>
   <trkpt lat="47.347569" lon="4.246027"><ele>434.75</ele></trkpt>
   <trkpt lat="47.346744" lon="4.246537"><ele>434.5</ele></trkpt>
   <trkpt lat="47.345842" lon="4.247123"><ele>435.25</ele></trkpt>
   <trkpt lat="47.34496" lon="4.247726"><ele>434.25</ele></trkpt>
   <trkpt lat="47.343876" lon="4.248504"><ele>433.75</ele></trkpt>
   <trkpt lat="47.343228" lon="4.248992"><ele>433.75</ele></trkpt>
   <trkpt lat="47.341183" lon="4.250552"><ele>433</ele></trkpt>
   <trkpt lat="47.339838" lon="4.251581"><ele>431.5</ele></trkpt>
   <trkpt lat="47.339812" lon="4.2516"><ele>431.75</ele></trkpt>
   <trkpt lat="47.339212" lon="4.252063"><ele>430</ele></trkpt>
   <trkpt lat="47.339002" lon="4.252223"><ele>431.25</ele></trkpt>
   <trkpt lat="47.338977" lon="4.252243"><ele>431</ele></trkpt>
   <trkpt lat="47.338111" lon="4.252906"><ele>433.25</ele></trkpt>
   <trkpt lat="47.337326" lon="4.253521"><ele>434.75</ele></trkpt>
   <trkpt lat="47.335979" lon="4.254601"><ele>434.75</ele></trkpt>
   <trkpt lat="47.330002" lon="4.259168"><ele>429.75</ele></trkpt>
   <trkpt lat="47.328534" lon="4.260265"><ele>431</ele></trkpt>
   <trkpt lat="47.327607" lon="4.260933"><ele>433</ele></trkpt>
   <trkpt lat="47.326436" lon="4.261733"><ele>432</ele></trkpt>
   <trkpt lat="47.325397" lon="4.262411"><ele>430</ele></trkpt>
   <trkpt lat="47.324617" lon="4.262899"><ele>429.25</ele></trkpt>
   <trkpt lat="47.324574" lon="4.262927"><ele>429.25</ele></trkpt>
   <trkpt lat="47.3238" lon="4.263403"><ele>431</ele></trkpt>
   <trkpt lat="47.323024" lon="4.263859"><ele>431.25</ele></trkpt>
   <trkpt lat="47.321783" lon="4.264557"><ele>429.5</ele></trkpt>
   <trkpt lat="47.321755" lon="4.264573"><ele>429.5</ele></trkpt>
   <trkpt lat="47.320245" lon="4.265375"><ele>435</ele></trkpt>
   <trkpt lat="47.319323" lon="4.265839"><ele>437.5</ele></trkpt>
   <trkpt lat="47.318815" lon="4.266087"><ele>439.75</ele></trkpt>
   <trkpt lat="47.317717" lon="4.266592"><ele>443</ele></trkpt>
   <trkpt lat="47.316155" lon="4.267267"><ele>447.5</ele></trkpt>
   <trkpt lat="47.31506" lon="4.267705"><ele>450.5</ele></trkpt>
   <trkpt lat="47.314354" lon="4.267976"><ele>453</ele></trkpt>
   <trkpt lat="47.313642" lon="4.268236"><ele>455.25</ele></trkpt>
   <trkpt lat="47.312395" lon="4.268665"><ele>459</ele></trkpt>
   <trkpt lat="47.311182" lon="4.26905"><ele>462.5</ele></trkpt>
   <trkpt lat="47.309819" lon="4.269445"><ele>465.5</ele></trkpt>
   <trkpt lat="47.309032" lon="4.269654"><ele>466.25</ele></trkpt>
   <trkpt lat="47.308286" lon="4.269841"><ele>466</ele></trkpt>
   <trkpt lat="47.307393" lon="4.27005"><ele>468.75</ele></trkpt>
   <trkpt lat="47.307302" lon="4.27007"><ele>468</ele></trkpt>
   <trkpt lat="47.306164" lon="4.270305"><ele>469.5</ele></trkpt>
   <trkpt lat="47.305387" lon="4.270452"><ele>469.25</ele></trkpt>
   <trkpt lat="47.303935" lon="4.270689"><ele>470.25</ele></trkpt>
   <trkpt lat="47.303134" lon="4.270802"><ele>469.25</ele></trkpt>
   <trkpt lat="47.302127" lon="4.270925"><ele>468</ele></trkpt>
   <trkpt lat="47.299737" lon="4.271186"><ele>462.25</ele></trkpt>
   <trkpt lat="47.294457" lon="4.271742"><ele>444.5</ele></trkpt>
   <trkpt lat="47.2928" lon="4.271921"><ele>444</ele></trkpt>
   <trkpt lat="47.291592" lon="4.272062"><ele>437</ele></trkpt>
   <trkpt lat="47.28975" lon="4.272354"><ele>438.25</ele></trkpt>
   <trkpt lat="47.288656" lon="4.27257"><ele>438.75</ele></trkpt>
   <trkpt lat="47.288133" lon="4.272685"><ele>439</ele></trkpt>
   <trkpt lat="47.287053" lon="4.272945"><ele>437</ele></trkpt>
   <trkpt lat="47.286315" lon="4.273144"><ele>435.5</ele></trkpt>
   <trkpt lat="47.285039" lon="4.273521"><ele>434.75</ele></trkpt>
   <trkpt lat="47.284033" lon="4.273853"><ele>432.75</ele></trkpt>
   <trkpt lat="47.283042" lon="4.27421"><ele>430</ele></trkpt>
   <trkpt lat="47.282551" lon="4.274402"><ele>428.75</ele></trkpt>
   <trkpt lat="47.282526" lon="4.274412"><ele>428.75</ele></trkpt>
   <trkpt lat="47.281575" lon="4.274792"><ele>428</ele></trkpt>
   <trkpt lat="47.28078" lon="4.275139"><ele>425</ele></trkpt>
   <trkpt lat="47.279984" lon="4.275503"><ele>424.25</ele></trkpt>
   <trkpt lat="47.279194" lon="4.275882"><ele>422.5</ele></trkpt>
   <trkpt lat="47.27804" lon="4.276477"><ele>419.75</ele></trkpt>
   <trkpt lat="47.277136" lon="4.276967"><ele>420.75</ele></trkpt>
   <trkpt lat="47.276587" lon="4.27728"><ele>419</ele></trkpt>
   <trkpt lat="47.275858" lon="4.277712"><ele>419</ele></trkpt>
   <trkpt lat="47.275392" lon="4.277998"><ele>419.25</ele></trkpt>
   <trkpt lat="47.275325" lon="4.278037"><ele>420.75</ele></trkpt>
   <trkpt lat="47.274662" lon="4.278459"><ele>419.5</ele></trkpt>
   <trkpt lat="47.273467" lon="4.27925"><ele>423.75</ele></trkpt>
   <trkpt lat="47.268479" lon="4.282684"><ele>439</ele></trkpt>
   <trkpt lat="47.265061" lon="4.285034"><ele>447</ele></trkpt>
   <trkpt lat="47.263893" lon="4.285802"><ele>449</ele></trkpt>
   <trkpt lat="47.263192" lon="4.286253"><ele>450.25</ele></trkpt>
   <trkpt lat="47.26249" lon="4.286692"><ele>450.75</ele></trkpt>
   <trkpt lat="47.262462" lon="4.28671"><ele>450.25</ele></trkpt>
   <trkpt lat="47.261508" lon="4.287291"><ele>452.5</ele></trkpt>
   <trkpt lat="47.260446" lon="4.287911"><ele>455.25</ele></trkpt>
   <trkpt lat="47.258925" lon="4.288764"><ele>458</ele></trkpt>
   <trkpt lat="47.257573" lon="4.289484"><ele>459</ele></trkpt>
   <trkpt lat="47.256894" lon="4.289833"><ele>460.25</ele></trkpt>
   <trkpt lat="47.255305" lon="4.290608"><ele>461.25</ele></trkpt>
   <trkpt lat="47.255279" lon="4.29062"><ele>461.25</ele></trkpt>
   <trkpt lat="47.254075" lon="4.29118"><ele>463.25</ele></trkpt>
   <trkpt lat="47.253127" lon="4.291601"><ele>466.25</ele></trkpt>
   <trkpt lat="47.252044" lon="4.292061"><ele>468.5</ele></trkpt>
   <trkpt lat="47.248614" lon="4.293468"><ele>473.25</ele></trkpt>
   <trkpt lat="47.23997" lon="4.296998"><ele>464.75</ele></trkpt>
   <trkpt lat="47.234771" lon="4.299135"><ele>466</ele></trkpt>
   <trkpt lat="47.234716" lon="4.299157"><ele>466.75</ele></trkpt>
   <trkpt lat="47.214263" lon="4.307513"><ele>489</ele></trkpt>
   <trkpt lat="47.210983" lon="4.308854"><ele>487</ele></trkpt>
   <trkpt lat="47.210131" lon="4.309211"><ele>486</ele></trkpt>
   <trkpt lat="47.209025" lon="4.309693"><ele>483</ele></trkpt>
   <trkpt lat="47.20723" lon="4.31052"><ele>478.5</ele></trkpt>
   <trkpt lat="47.206235" lon="4.31101"><ele>475</ele></trkpt>
   <trkpt lat="47.205373" lon="4.311446"><ele>472.25</ele></trkpt>
   <trkpt lat="47.20446" lon="4.311921"><ele>470.25</ele></trkpt>
   <trkpt lat="47.203852" lon="4.312251"><ele>468.25</ele></trkpt>
   <trkpt lat="47.202459" lon="4.313026"><ele>462.5</ele></trkpt>
   <trkpt lat="47.202383" lon="4.313068"><ele>462.5</ele></trkpt>
   <trkpt lat="47.201327" lon="4.313692"><ele>461.5</ele></trkpt>
   <trkpt lat="47.200328" lon="4.314297"><ele>460.25</ele></trkpt>
   <trkpt lat="47.199246" lon="4.314976"><ele>456</ele></trkpt>
   <trkpt lat="47.191328" lon="4.320132"><ele>426</ele></trkpt>
   <trkpt lat="47.191224" lon="4.3202"><ele>425.75</ele></trkpt>
   <trkpt lat="47.18975" lon="4.321148"><ele>425.25</ele></trkpt>
   <trkpt lat="47.188379" lon="4.322065"><ele>408.25</ele></trkpt>
   <trkpt lat="47.187786" lon="4.322422"><ele>420.25</ele></trkpt>
   <trkpt lat="47.187309" lon="4.322726"><ele>421.25</ele></trkpt>
   <trkpt lat="47.185166" lon="4.324137"><ele>406.5</ele></trkpt>
   <trkpt lat="47.181924" lon="4.326251"><ele>401.75</ele></trkpt>
   <trkpt lat="47.181814" lon="4.326323"><ele>401.5</ele></trkpt>
   <trkpt lat="47.178607" lon="4.328395"><ele>403.5</ele></trkpt>
   <trkpt lat="47.177182" lon="4.329284"><ele>413.25</ele></trkpt>
   <trkpt lat="47.176081" lon="4.329954"><ele>405.75</ele></trkpt>
   <trkpt lat="47.174982" lon="4.330606"><ele>400.75</ele></trkpt>
   <trkpt lat="47.173471" lon="4.331477"><ele>399.5</ele></trkpt>
   <trkpt lat="47.172363" lon="4.332093"><ele>399.75</ele></trkpt>
   <trkpt lat="47.171666" lon="4.332462"><ele>394.5</ele></trkpt>
   <trkpt lat="47.171384" lon="4.332622"><ele>399.25</ele></trkpt>
   <trkpt lat="47.171356" lon="4.332637"><ele>399.25</ele></trkpt>
   <trkpt lat="47.169795" lon="4.333461"><ele>403.75</ele></trkpt>
   <trkpt lat="47.169204" lon="4.333765"><ele>405.25</ele></trkpt>
   <trkpt lat="47.167896" lon="4.334422"><ele>407.25</ele></trkpt>
   <trkpt lat="47.166728" lon="4.334988"><ele>407.75</ele></trkpt>
   <trkpt lat="47.165274" lon="4.335668"><ele>408.75</ele></trkpt>
   <trkpt lat="47.163478" lon="4.336471"><ele>406.25</ele></trkpt>
   <trkpt lat="47.162154" lon="4.337036"><ele>404</ele></trkpt>
   <trkpt lat="47.161164" lon="4.337445"><ele>401.5</ele></trkpt>
   <trkpt lat="47.161136" lon="4.337456"><ele>401.5</ele></trkpt>
   <trkpt lat="47.159168" lon="4.338237"><ele>398.75</ele></trkpt>
   <trkpt lat="47.157635" lon="4.338819"><ele>397.5</ele></trkpt>
   <trkpt lat="47.155593" lon="4.339559"><ele>397</ele></trkpt>
   <trkpt lat="47.154697" lon="4.33988"><ele>397.25</ele></trkpt>
   <trkpt lat="47.15233" lon="4.340678"><ele>400.5</ele></trkpt>
   <trkpt lat="47.148676" lon="4.341997"><ele>404.75</ele></trkpt>
   <trkpt lat="47.146073" lon="4.34294"><ele>406</ele></trkpt>
   <trkpt lat="47.145156" lon="4.343271"><ele>407.25</ele></trkpt>
   <trkpt lat="47.143173" lon="4.344017"><ele>407.5</ele></trkpt>
   <trkpt lat="47.141781" lon="4.344571"><ele>407.25</ele></trkpt>
   <trkpt lat="47.14168" lon="4.344612"><ele>407.75</ele></trkpt>
   <trkpt lat="47.140671" lon="4.345022"><ele>409.5</ele></trkpt>
   <trkpt lat="47.13985" lon="4.345369"><ele>408.5</ele></trkpt>
   <trkpt lat="47.138441" lon="4.345986"><ele>408.5</ele></trkpt>
   <trkpt lat="47.137713" lon="4.346314"><ele>407.75</ele></trkpt>
   <trkpt lat="47.136541" lon="4.346857"><ele>406.25</ele></trkpt>
   <trkpt lat="47.135675" lon="4.347267"><ele>405.25</ele></trkpt>
   <trkpt lat="47.133964" lon="4.348108"><ele>401</ele></trkpt>
   <trkpt lat="47.132902" lon="4.348648"><ele>396.25</ele></trkpt>
   <trkpt lat="47.131221" lon="4.349533"><ele>388.75</ele></trkpt>
   <trkpt lat="47.12928" lon="4.350601"><ele>381.75</ele></trkpt>
   <trkpt lat="47.127645" lon="4.351539"><ele>375.75</ele></trkpt>
   <trkpt lat="47.127608" lon="4.351563"><ele>375.75</ele></trkpt>
   <trkpt lat="47.126898" lon="4.351981"><ele>375.75</ele></trkpt>
   <trkpt lat="47.124689" lon="4.353323"><ele>369.75</ele></trkpt>
   <trkpt lat="47.124037" lon="4.353737"><ele>370</ele></trkpt>
   <trkpt lat="47.124006" lon="4.353757"><ele>369.75</ele></trkpt>
   <trkpt lat="47.116276" lon="4.358703"><ele>368.75</ele></trkpt>
   <trkpt lat="47.11465" lon="4.359725"><ele>366</ele></trkpt>
   <trkpt lat="47.114176" lon="4.360011"><ele>365.75</ele></trkpt>
   <trkpt lat="47.113566" lon="4.360367"><ele>363.25</ele></trkpt>
   <trkpt lat="47.112953" lon="4.360711"><ele>362.25</ele></trkpt>
   <trkpt lat="47.112106" lon="4.36117"><ele>362.5</ele></trkpt>
   <trkpt lat="47.111037" lon="4.361707"><ele>365</ele></trkpt>
   <trkpt lat="47.110363" lon="4.362033"><ele>364</ele></trkpt>
   <trkpt lat="47.109552" lon="4.362401"><ele>364</ele></trkpt>
   <trkpt lat="47.108773" lon="4.362738"><ele>363.25</ele></trkpt>
   <trkpt lat="47.107752" lon="4.363151"><ele>360.25</ele></trkpt>
   <trkpt lat="47.106919" lon="4.363464"><ele>360</ele></trkpt>
   <trkpt lat="47.105834" lon="4.363844"><ele>357.75</ele></trkpt>
   <trkpt lat="47.104638" lon="4.36422"><ele>354.75</ele></trkpt>
   <trkpt lat="47.103892" lon="4.364434"><ele>352.25</ele></trkpt>
   <trkpt lat="47.10256" lon="4.364778"><ele>350</ele></trkpt>
   <trkpt lat="47.101909" lon="4.364928"><ele>349.5</ele></trkpt>
   <trkpt lat="47.101233" lon="4.365071"><ele>346.5</ele></trkpt>
   <trkpt lat="47.099998" lon="4.365298"><ele>344.75</ele></trkpt>
   <trkpt lat="47.099072" lon="4.36544"><ele>342.5</ele></trkpt>
   <trkpt lat="47.098052" lon="4.365568"><ele>344.5</ele></trkpt>
   <trkpt lat="47.097498" lon="4.365628"><ele>342.25</ele></trkpt>
   <trkpt lat="47.096503" lon="4.365708"><ele>343</ele></trkpt>
   <trkpt lat="47.096441" lon="4.365711"><ele>343</ele></trkpt>
   <trkpt lat="47.095831" lon="4.365752"><ele>346.5</ele></trkpt>
   <trkpt lat="47.094807" lon="4.365792"><ele>347.75</ele></trkpt>
   <trkpt lat="47.093948" lon="4.365804"><ele>349</ele></trkpt>
   <trkpt lat="47.093087" lon="4.365796"><ele>350</ele></trkpt>
   <trkpt lat="47.092053" lon="4.365758"><ele>350.5</ele></trkpt>
   <trkpt lat="47.091259" lon="4.365705"><ele>346.25</ele></trkpt>
   <trkpt lat="47.090491" lon="4.365645"><ele>347.25</ele></trkpt>
   <trkpt lat="47.08972" lon="4.365566"><ele>347</ele></trkpt>
   <trkpt lat="47.089048" lon="4.365483"><ele>346.25</ele></trkpt>
   <trkpt lat="47.088115" lon="4.365352"><ele>343.5</ele></trkpt>
   <trkpt lat="47.084582" lon="4.364813"><ele>332.25</ele></trkpt>
   <trkpt lat="47.084512" lon="4.364802"><ele>331.75</ele></trkpt>
   <trkpt lat="47.080852" lon="4.364245"><ele>327</ele></trkpt>
   <trkpt lat="47.079617" lon="4.364065"><ele>321.25</ele></trkpt>
   <trkpt lat="47.079181" lon="4.363985"><ele>320.25</ele></trkpt>
   <trkpt lat="47.078327" lon="4.363842"><ele>323.75</ele></trkpt>
   <trkpt lat="47.077333" lon="4.363632"><ele>322.25</ele></trkpt>
   <trkpt lat="47.076735" lon="4.363493"><ele>319.75</ele></trkpt>
   <trkpt lat="47.076705" lon="4.363485"><ele>319.5</ele></trkpt>
   <trkpt lat="47.076262" lon="4.363371"><ele>319.75</ele></trkpt>
   <trkpt lat="47.075766" lon="4.363232"><ele>319</ele></trkpt>
   <trkpt lat="47.074896" lon="4.362963"><ele>317.75</ele></trkpt>
   <trkpt lat="47.074024" lon="4.362669"><ele>316.5</ele></trkpt>
   <trkpt lat="47.072764" lon="4.362226"><ele>314</ele></trkpt>
   <trkpt lat="47.072682" lon="4.362197"><ele>314.25</ele></trkpt>
   <trkpt lat="47.064653" lon="4.35932"><ele>311.5</ele></trkpt>
   <trkpt lat="47.063853" lon="4.359042"><ele>310.5</ele></trkpt>
   <trkpt lat="47.062962" lon="4.35875"><ele>309.25</ele></trkpt>
   <trkpt lat="47.06209" lon="4.358491"><ele>309.25</ele></trkpt>
   <trkpt lat="47.061189" lon="4.358256"><ele>309.25</ele></trkpt>
   <trkpt lat="47.060172" lon="4.358024"><ele>309.75</ele></trkpt>
   <trkpt lat="47.060135" lon="4.358017"><ele>309.5</ele></trkpt>
   <trkpt lat="47.059111" lon="4.357825"><ele>308.75</ele></trkpt>
   <trkpt lat="47.058257" lon="4.3577"><ele>309</ele></trkpt>
   <trkpt lat="47.057693" lon="4.357629"><ele>309</ele></trkpt>
   <trkpt lat="47.0568" lon="4.357539"><ele>310.5</ele></trkpt>
   <trkpt lat="47.056252" lon="4.357499"><ele>311.25</ele></trkpt>
   <trkpt lat="47.055697" lon="4.35747"><ele>311.5</ele></trkpt>
   <trkpt lat="47.055067" lon="4.357451"><ele>311.25</ele></trkpt>
   <trkpt lat="47.055019" lon="4.357451"><ele>311.25</ele></trkpt>
   <trkpt lat="47.054133" lon="4.357446"><ele>311.25</ele></trkpt>
   <trkpt lat="47.053192" lon="4.357476"><ele>311.75</ele></trkpt>
   <trkpt lat="47.052381" lon="4.357526"><ele>312</ele></trkpt>
   <trkpt lat="47.051711" lon="4.357586"><ele>312.25</ele></trkpt>
   <trkpt lat="47.051059" lon="4.357659"><ele>312.25</ele></trkpt>
   <trkpt lat="47.050312" lon="4.357762"><ele>311</ele></trkpt>
   <trkpt lat="47.049961" lon="4.357819"><ele>311.25</ele></trkpt>
   <trkpt lat="47.049538" lon="4.357891"><ele>311.5</ele></trkpt>
   <trkpt lat="47.048899" lon="4.358014"><ele>311.25</ele></trkpt>
   <trkpt lat="47.048173" lon="4.358173"><ele>312.25</ele></trkpt>
   <trkpt lat="47.047456" lon="4.358351"><ele>311</ele></trkpt>
   <trkpt lat="47.046745" lon="4.358544"><ele>311</ele></trkpt>
   <trkpt lat="47.045868" lon="4.358811"><ele>310.5</ele></trkpt>
   <trkpt lat="47.04502" lon="4.359095"><ele>310.25</ele></trkpt>
   <trkpt lat="47.044473" lon="4.359297"><ele>310.5</ele></trkpt>
   <trkpt lat="47.043906" lon="4.359519"><ele>310</ele></trkpt>
   <trkpt lat="47.043047" lon="4.359883"><ele>309</ele></trkpt>
   <trkpt lat="47.042426" lon="4.360165"><ele>308.75</ele></trkpt>
   <trkpt lat="47.041755" lon="4.360493"><ele>308.75</ele></trkpt>
   <trkpt lat="47.041274" lon="4.360743"><ele>308.25</ele></trkpt>
   <trkpt lat="47.040397" lon="4.361226"><ele>308.25</ele></trkpt>
   <trkpt lat="47.039411" lon="4.361819"><ele>307.5</ele></trkpt>
   <trkpt lat="47.038862" lon="4.362167"><ele>307.5</ele></trkpt>
   <trkpt lat="47.038412" lon="4.362468"><ele>307.25</ele></trkpt>
   <trkpt lat="47.038389" lon="4.362483"><ele>307.5</ele></trkpt>
   <trkpt lat="47.037541" lon="4.363076"><ele>307.5</ele></trkpt>
   <trkpt lat="47.037072" lon="4.363423"><ele>306.75</ele></trkpt>
   <trkpt lat="47.03648" lon="4.363877"><ele>308</ele></trkpt>
   <trkpt lat="47.036456" lon="4.363896"><ele>308.25</ele></trkpt>
   <trkpt lat="47.035821" lon="4.364408"><ele>309</ele></trkpt>
   <trkpt lat="47.035776" lon="4.364445"><ele>309.25</ele></trkpt>
   <trkpt lat="47.034972" lon="4.36513"><ele>310.25</ele></trkpt>
   <trkpt lat="47.034382" lon="4.365658"><ele>311.75</ele></trkpt>
   <trkpt lat="47.033506" lon="4.366486"><ele>310.5</ele></trkpt>
   <trkpt lat="47.032623" lon="4.367378"><ele>316.5</ele></trkpt>
   <trkpt lat="47.032191" lon="4.36783"><ele>325.5</ele></trkpt>
   <trkpt lat="47.031767" lon="4.368296"><ele>328.25</ele></trkpt>
   <trkpt lat="47.030982" lon="4.369191"><ele>332</ele></trkpt>
   <trkpt lat="47.03029" lon="4.370024"><ele>331.5</ele></trkpt>
   <trkpt lat="47.029972" lon="4.37042"><ele>332.5</ele></trkpt>
   <trkpt lat="47.029454" lon="4.371086"><ele>331.5</ele></trkpt>
   <trkpt lat="47.028955" lon="4.371755"><ele>333.5</ele></trkpt>
   <trkpt lat="47.028445" lon="4.372465"><ele>333</ele></trkpt>
   <trkpt lat="47.027932" lon="4.373203"><ele>332.75</ele></trkpt>
   <trkpt lat="47.027226" lon="4.374275"><ele>330.25</ele></trkpt>
   <trkpt lat="47.026645" lon="4.375207"><ele>327.75</ele></trkpt>
   <trkpt lat="47.026417" lon="4.375579"><ele>327.25</ele></trkpt>
   <trkpt lat="47.026091" lon="4.376136"><ele>325.25</ele></trkpt>
   <trkpt lat="47.025732" lon="4.376762"><ele>323.5</ele></trkpt>
   <trkpt lat="47.025372" lon="4.37741"><ele>321.5</ele></trkpt>
   <trkpt lat="47.025041" lon="4.378024"><ele>318.75</ele></trkpt>
   <trkpt lat="47.024519" lon="4.379035"><ele>313.25</ele></trkpt>
   <trkpt lat="47.02401" lon="4.380068"><ele>309.75</ele></trkpt>
   <trkpt lat="47.023549" lon="4.381055"><ele>309</ele></trkpt>
   <trkpt lat="47.023241" lon="4.381738"><ele>307.25</ele></trkpt>
   <trkpt lat="47.022969" lon="4.382363"><ele>306</ele></trkpt>
   <trkpt lat="47.022458" lon="4.383594"><ele>307</ele></trkpt>
   <trkpt lat="47.022432" lon="4.383663"><ele>306</ele></trkpt>
   <trkpt lat="47.021954" lon="4.38489"><ele>307.25</ele></trkpt>
   <trkpt lat="47.02169" lon="4.385603"><ele>303.25</ele></trkpt>
   <trkpt lat="47.021633" lon="4.385761"><ele>304</ele></trkpt>
   <trkpt lat="47.02121" lon="4.386974"><ele>303.5</ele></trkpt>
   <trkpt lat="47.02118" lon="4.387063"><ele>304.5</ele></trkpt>
   <trkpt lat="47.020761" lon="4.388358"><ele>305.5</ele></trkpt>
   <trkpt lat="47.020487" lon="4.389254"><ele>306.25</ele></trkpt>
   <trkpt lat="47.020135" lon="4.390484"><ele>306.5</ele></trkpt>
   <trkpt lat="47.01989" lon="4.391381"><ele>308</ele></trkpt>
   <trkpt lat="47.01952" lon="4.392806"><ele>309</ele></trkpt>
   <trkpt lat="47.016123" lon="4.406351"><ele>315.75</ele></trkpt>
   <trkpt lat="47.011225" lon="4.425875"><ele>313</ele></trkpt>
   <trkpt lat="47.011212" lon="4.425925"><ele>313.25</ele></trkpt>
   <trkpt lat="47.010753" lon="4.427702"><ele>317</ele></trkpt>
   <trkpt lat="47.010326" lon="4.42925"><ele>318.25</ele></trkpt>
   <trkpt lat="47.009847" lon="4.430861"><ele>321</ele></trkpt>
   <trkpt lat="47.009582" lon="4.431704"><ele>321</ele></trkpt>
   <trkpt lat="47.009121" lon="4.43311"><ele>322.5</ele></trkpt>
   <trkpt lat="47.00857" lon="4.434662"><ele>321.75</ele></trkpt>
   <trkpt lat="47.008255" lon="4.435521"><ele>321.75</ele></trkpt>
   <trkpt lat="47.007562" lon="4.437298"><ele>324.25</ele></trkpt>
   <trkpt lat="47.007305" lon="4.437926"><ele>325.5</ele></trkpt>
   <trkpt lat="47.006931" lon="4.438811"><ele>325</ele></trkpt>
   <trkpt lat="47.006546" lon="4.439691"><ele>325</ele></trkpt>
   <trkpt lat="47.005925" lon="4.441045"><ele>324.75</ele></trkpt>
   <trkpt lat="47.005419" lon="4.442099"><ele>325</ele></trkpt>
   <trkpt lat="47.004959" lon="4.443023"><ele>325.5</ele></trkpt>
   <trkpt lat="47.004542" lon="4.443834"><ele>325.5</ele></trkpt>
   <trkpt lat="47.003874" lon="4.445069"><ele>328.25</ele></trkpt>
   <trkpt lat="47.003546" lon="4.445656"><ele>329.5</ele></trkpt>
   <trkpt lat="47.002873" lon="4.446822"><ele>331.5</ele></trkpt>
   <trkpt lat="47.002529" lon="4.447396"><ele>331.25</ele></trkpt>
   <trkpt lat="47.001877" lon="4.448451"><ele>332.5</ele></trkpt>
   <trkpt lat="47.001131" lon="4.449606"><ele>332.75</ele></trkpt>
   <trkpt lat="47.000779" lon="4.450128"><ele>332.5</ele></trkpt>
   <trkpt lat="47.000426" lon="4.450639"><ele>333.5</ele></trkpt>
   <trkpt lat="46.999688" lon="4.451679"><ele>335</ele></trkpt>
   <trkpt lat="46.998905" lon="4.452734"><ele>336</ele></trkpt>
   <trkpt lat="46.998113" lon="4.45376"><ele>336.75</ele></trkpt>
   <trkpt lat="46.995505" lon="4.457076"><ele>337.75</ele></trkpt>
   <trkpt lat="46.993492" lon="4.459627"><ele>337</ele></trkpt>
   <trkpt lat="46.992898" lon="4.460382"><ele>336.5</ele></trkpt>
   <trkpt lat="46.992175" lon="4.461322"><ele>336.5</ele></trkpt>
   <trkpt lat="46.991093" lon="4.462747"><ele>335.5</ele></trkpt>
   <trkpt lat="46.985596" lon="4.46972"><ele>345.5</ele></trkpt>
   <trkpt lat="46.983654" lon="4.472186"><ele>350.75</ele></trkpt>
   <trkpt lat="46.982877" lon="4.473162"><ele>350.5</ele></trkpt>
   <trkpt lat="46.982206" lon="4.473983"><ele>349</ele></trkpt>
   <trkpt lat="46.981577" lon="4.474721"><ele>349</ele></trkpt>
   <trkpt lat="46.981134" lon="4.475223"><ele>350</ele></trkpt>
   <trkpt lat="46.980481" lon="4.475935"><ele>350</ele></trkpt>
   <trkpt lat="46.980058" lon="4.476376"><ele>352</ele></trkpt>
   <trkpt lat="46.979636" lon="4.476797"><ele>350</ele></trkpt>
   <trkpt lat="46.979509" lon="4.476929"><ele>351.5</ele></trkpt>
   <trkpt lat="46.97923" lon="4.477208"><ele>351.5</ele></trkpt>
   <trkpt lat="46.978299" lon="4.478081"><ele>355</ele></trkpt>
   <trkpt lat="46.977392" lon="4.478879"><ele>356.25</ele></trkpt>
   <trkpt lat="46.977008" lon="4.479203"><ele>357.25</ele></trkpt>
   <trkpt lat="46.976179" lon="4.47987"><ele>360</ele></trkpt>
   <trkpt lat="46.975528" lon="4.480364"><ele>359.25</ele></trkpt>
   <trkpt lat="46.974771" lon="4.480906"><ele>358.25</ele></trkpt>
   <trkpt lat="46.974198" lon="4.481295"><ele>358</ele></trkpt>
   <trkpt lat="46.973603" lon="4.481683"><ele>356.5</ele></trkpt>
   <trkpt lat="46.973135" lon="4.481976"><ele>355.25</ele></trkpt>
   <trkpt lat="46.972329" lon="4.482451"><ele>352.75</ele></trkpt>
   <trkpt lat="46.971464" lon="4.482919"><ele>349.5</ele></trkpt>
   <trkpt lat="46.971024" lon="4.483149"><ele>349</ele></trkpt>
   <trkpt lat="46.970556" lon="4.48338"><ele>349.25</ele></trkpt>
   <trkpt lat="46.970097" lon="4.483594"><ele>348.5</ele></trkpt>
   <trkpt lat="46.969375" lon="4.483913"><ele>347.5</ele></trkpt>
   <trkpt lat="46.968712" lon="4.484184"><ele>346.75</ele></trkpt>
   <trkpt lat="46.967994" lon="4.484457"><ele>347.75</ele></trkpt>
   <trkpt lat="46.967508" lon="4.48463"><ele>347.25</ele></trkpt>
   <trkpt lat="46.967103" lon="4.484765"><ele>347.5</ele></trkpt>
   <trkpt lat="46.96628" lon="4.48502"><ele>348</ele></trkpt>
   <trkpt lat="46.965607" lon="4.485202"><ele>348.25</ele></trkpt>
   <trkpt lat="46.964928" lon="4.485368"><ele>347.25</ele></trkpt>
   <trkpt lat="46.963841" lon="4.485599"><ele>347.5</ele></trkpt>
   <trkpt lat="46.96302" lon="4.485736"><ele>347.25</ele></trkpt>
   <trkpt lat="46.962147" lon="4.485852"><ele>349</ele></trkpt>
   <trkpt lat="46.961697" lon="4.485898"><ele>350</ele></trkpt>
   <trkpt lat="46.960619" lon="4.485988"><ele>350.75</ele></trkpt>
   <trkpt lat="46.95882" lon="4.486091"><ele>354</ele></trkpt>
   <trkpt lat="46.958777" lon="4.486094"><ele>354.5</ele></trkpt>
   <trkpt lat="46.957702" lon="4.486148"><ele>353.5</ele></trkpt>
   <trkpt lat="46.956889" lon="4.486191"><ele>357</ele></trkpt>
   <trkpt lat="46.9555" lon="4.48628"><ele>369.5</ele></trkpt>
   <trkpt lat="46.954342" lon="4.486391"><ele>371.25</ele></trkpt>
   <trkpt lat="46.953489" lon="4.486509"><ele>375.75</ele></trkpt>
   <trkpt lat="46.952751" lon="4.486631"><ele>375.75</ele></trkpt>
   <trkpt lat="46.951925" lon="4.486799"><ele>378.25</ele></trkpt>
   <trkpt lat="46.951554" lon="4.486884"><ele>378.5</ele></trkpt>
   <trkpt lat="46.950589" lon="4.487132"><ele>379</ele></trkpt>
   <trkpt lat="46.950029" lon="4.487291"><ele>380</ele></trkpt>
   <trkpt lat="46.94922" lon="4.48754"><ele>380.25</ele></trkpt>
   <trkpt lat="46.948305" lon="4.487842"><ele>385</ele></trkpt>
   <trkpt lat="46.946072" lon="4.488608"><ele>397</ele></trkpt>
   <trkpt lat="46.944912" lon="4.488995"><ele>403</ele></trkpt>
   <trkpt lat="46.944572" lon="4.489098"><ele>404.75</ele></trkpt>
   <trkpt lat="46.939646" lon="4.49075"><ele>405</ele></trkpt>
   <trkpt lat="46.939022" lon="4.490946"><ele>407.25</ele></trkpt>
   <trkpt lat="46.938397" lon="4.491131"><ele>412.25</ele></trkpt>
   <trkpt lat="46.937834" lon="4.491288"><ele>414.25</ele></trkpt>
   <trkpt lat="46.937267" lon="4.491434"><ele>418.25</ele></trkpt>
   <trkpt lat="46.936643" lon="4.491579"><ele>421.25</ele></trkpt>
   <trkpt lat="46.936153" lon="4.491679"><ele>422</ele></trkpt>
   <trkpt lat="46.935346" lon="4.491824"><ele>426</ele></trkpt>
   <trkpt lat="46.934776" lon="4.491906"><ele>426.75</ele></trkpt>
   <trkpt lat="46.933994" lon="4.492003"><ele>429.5</ele></trkpt>
   <trkpt lat="46.932968" lon="4.492089"><ele>432.75</ele></trkpt>
   <trkpt lat="46.931895" lon="4.492139"><ele>441</ele></trkpt>
   <trkpt lat="46.931006" lon="4.492142"><ele>443.5</ele></trkpt>
   <trkpt lat="46.930129" lon="4.492108"><ele>447.5</ele></trkpt>
   <trkpt lat="46.929217" lon="4.492054"><ele>450.5</ele></trkpt>
   <trkpt lat="46.928315" lon="4.491979"><ele>452.5</ele></trkpt>
   <trkpt lat="46.924382" lon="4.491612"><ele>458</ele></trkpt>
   <trkpt lat="46.920554" lon="4.491249"><ele>448.75</ele></trkpt>
   <trkpt lat="46.911668" lon="4.490394"><ele>433.5</ele></trkpt>
   <trkpt lat="46.909007" lon="4.490151"><ele>427.25</ele></trkpt>
   <trkpt lat="46.908977" lon="4.490148"><ele>427.25</ele></trkpt>
   <trkpt lat="46.908758" lon="4.490132"><ele>427.75</ele></trkpt>
   <trkpt lat="46.908728" lon="4.490129"><ele>427.75</ele></trkpt>
   <trkpt lat="46.907454" lon="4.49"><ele>430</ele></trkpt>
   <trkpt lat="46.905674" lon="4.489833"><ele>431.5</ele></trkpt>
   <trkpt lat="46.904283" lon="4.4897"><ele>432.75</ele></trkpt>
   <trkpt lat="46.904255" lon="4.489697"><ele>432.5</ele></trkpt>
   <trkpt lat="46.897005" lon="4.489002"><ele>442</ele></trkpt>
   <trkpt lat="46.895157" lon="4.488838"><ele>444.5</ele></trkpt>
   <trkpt lat="46.895129" lon="4.488836"><ele>444.5</ele></trkpt>
   <trkpt lat="46.892519" lon="4.488588"><ele>451.75</ele></trkpt>
   <trkpt lat="46.8911" lon="4.488439"><ele>457.75</ele></trkpt>
   <trkpt lat="46.889594" lon="4.488344"><ele>459.5</ele></trkpt>
   <trkpt lat="46.889051" lon="4.488326"><ele>460</ele></trkpt>
   <trkpt lat="46.887951" lon="4.488315"><ele>461.25</ele></trkpt>
   <trkpt lat="46.887227" lon="4.488338"><ele>462</ele></trkpt>
   <trkpt lat="46.886422" lon="4.488391"><ele>462.25</ele></trkpt>
   <trkpt lat="46.885797" lon="4.488449"><ele>461.75</ele></trkpt>
   <trkpt lat="46.885231" lon="4.488515"><ele>460</ele></trkpt>
   <trkpt lat="46.884149" lon="4.488676"><ele>459.75</ele></trkpt>
   <trkpt lat="46.883497" lon="4.488795"><ele>459.5</ele></trkpt>
   <trkpt lat="46.882747" lon="4.488959"><ele>457.75</ele></trkpt>
   <trkpt lat="46.881512" lon="4.48928"><ele>452.75</ele></trkpt>
   <trkpt lat="46.880755" lon="4.48951"><ele>450</ele></trkpt>
   <trkpt lat="46.879316" lon="4.490002"><ele>444</ele></trkpt>
   <trkpt lat="46.878354" lon="4.490355"><ele>441.25</ele></trkpt>
   <trkpt lat="46.875194" lon="4.491547"><ele>432</ele></trkpt>
   <trkpt lat="46.874456" lon="4.491814"><ele>429</ele></trkpt>
   <trkpt lat="46.873761" lon="4.492054"><ele>426</ele></trkpt>
   <trkpt lat="46.872825" lon="4.492352"><ele>423.5</ele></trkpt>
   <trkpt lat="46.871935" lon="4.4926"><ele>420.25</ele></trkpt>
   <trkpt lat="46.871006" lon="4.49282"><ele>416.5</ele></trkpt>
   <trkpt lat="46.870458" lon="4.492931"><ele>415.25</ele></trkpt>
   <trkpt lat="46.869762" lon="4.493056"><ele>411</ele></trkpt>
   <trkpt lat="46.86912" lon="4.493155"><ele>409.25</ele></trkpt>
   <trkpt lat="46.867989" lon="4.49329"><ele>405</ele></trkpt>
   <trkpt lat="46.866954" lon="4.493388"><ele>401.5</ele></trkpt>
   <trkpt lat="46.866906" lon="4.493391"><ele>401.5</ele></trkpt>
   <trkpt lat="46.863061" lon="4.493739"><ele>403.75</ele></trkpt>
   <trkpt lat="46.856655" lon="4.494296"><ele>395.75</ele></trkpt>
   <trkpt lat="46.855538" lon="4.494374"><ele>395.75</ele></trkpt>
   <trkpt lat="46.85485" lon="4.494409"><ele>397</ele></trkpt>
   <trkpt lat="46.853749" lon="4.494433"><ele>395</ele></trkpt>
   <trkpt lat="46.852955" lon="4.494427"><ele>394.5</ele></trkpt>
   <trkpt lat="46.851715" lon="4.494393"><ele>395</ele></trkpt>
   <trkpt lat="46.850574" lon="4.494322"><ele>394.5</ele></trkpt>
   <trkpt lat="46.849484" lon="4.494223"><ele>391.5</ele></trkpt>
   <trkpt lat="46.84249" lon="4.493518"><ele>376.5</ele></trkpt>
   <trkpt lat="46.839403" lon="4.493199"><ele>361.5</ele></trkpt>
   <trkpt lat="46.839338" lon="4.493193"><ele>361.5</ele></trkpt>
   <trkpt lat="46.834796" lon="4.492735"><ele>357.75</ele></trkpt>
   <trkpt lat="46.833065" lon="4.492576"><ele>359.5</ele></trkpt>
   <trkpt lat="46.831563" lon="4.492483"><ele>365</ele></trkpt>
   <trkpt lat="46.831043" lon="4.492469"><ele>366.25</ele></trkpt>
   <trkpt lat="46.830444" lon="4.49246"><ele>368.5</ele></trkpt>
   <trkpt lat="46.829614" lon="4.492463"><ele>371.5</ele></trkpt>
   <trkpt lat="46.829063" lon="4.492478"><ele>375</ele></trkpt>
   <trkpt lat="46.827712" lon="4.492551"><ele>382</ele></trkpt>
   <trkpt lat="46.826996" lon="4.492607"><ele>385.75</ele></trkpt>
   <trkpt lat="46.82625" lon="4.492674"><ele>387.5</ele></trkpt>
   <trkpt lat="46.825153" lon="4.492791"><ele>388.25</ele></trkpt>
   <trkpt lat="46.813494" lon="4.494141"><ele>370.5</ele></trkpt>
   <trkpt lat="46.813397" lon="4.494152"><ele>370.5</ele></trkpt>
   <trkpt lat="46.811669" lon="4.494355"><ele>368</ele></trkpt>
   <trkpt lat="46.811289" lon="4.494399"><ele>366.75</ele></trkpt>
   <trkpt lat="46.811261" lon="4.494402"><ele>366.75</ele></trkpt>
   <trkpt lat="46.806302" lon="4.494984"><ele>365</ele></trkpt>
   <trkpt lat="46.804809" lon="4.495182"><ele>364</ele></trkpt>
   <trkpt lat="46.803276" lon="4.495406"><ele>362.25</ele></trkpt>
   <trkpt lat="46.786729" lon="4.497895"><ele>310.75</ele></trkpt>
   <trkpt lat="46.786664" lon="4.497905"><ele>310</ele></trkpt>
   <trkpt lat="46.78415" lon="4.498286"><ele>304.5</ele></trkpt>
   <trkpt lat="46.780877" lon="4.498778"><ele>295.5</ele></trkpt>
   <trkpt lat="46.780102" lon="4.498894"><ele>296</ele></trkpt>
   <trkpt lat="46.780043" lon="4.498902"><ele>295.75</ele></trkpt>
   <trkpt lat="46.778161" lon="4.499177"><ele>299.25</ele></trkpt>
   <trkpt lat="46.777253" lon="4.499288"><ele>300</ele></trkpt>
   <trkpt lat="46.77661" lon="4.499353"><ele>302.25</ele></trkpt>
   <trkpt lat="46.775261" lon="4.499456"><ele>309.75</ele></trkpt>
   <trkpt lat="46.775232" lon="4.499457"><ele>310</ele></trkpt>
   <trkpt lat="46.773983" lon="4.499518"><ele>315.75</ele></trkpt>
   <trkpt lat="46.770554" lon="4.499655"><ele>321.25</ele></trkpt>
   <trkpt lat="46.767262" lon="4.499803"><ele>321.75</ele></trkpt>
   <trkpt lat="46.765852" lon="4.499916"><ele>322</ele></trkpt>
   <trkpt lat="46.764885" lon="4.500024"><ele>321</ele></trkpt>
   <trkpt lat="46.763744" lon="4.500191"><ele>321</ele></trkpt>
   <trkpt lat="46.762601" lon="4.500387"><ele>321.75</ele></trkpt>
   <trkpt lat="46.761557" lon="4.500601"><ele>320.75</ele></trkpt>
   <trkpt lat="46.760457" lon="4.500856"><ele>320</ele></trkpt>
   <trkpt lat="46.759228" lon="4.501182"><ele>318.75</ele></trkpt>
   <trkpt lat="46.758381" lon="4.501435"><ele>313.25</ele></trkpt>
   <trkpt lat="46.758196" lon="4.501493"><ele>315</ele></trkpt>
   <trkpt lat="46.757406" lon="4.501749"><ele>317.5</ele></trkpt>
   <trkpt lat="46.75661" lon="4.502027"><ele>317.25</ele></trkpt>
   <trkpt lat="46.755551" lon="4.502424"><ele>314.25</ele></trkpt>
   <trkpt lat="46.754656" lon="4.502786"><ele>315</ele></trkpt>
   <trkpt lat="46.752821" lon="4.503579"><ele>319.75</ele></trkpt>
   <trkpt lat="46.751835" lon="4.504018"><ele>319.25</ele></trkpt>
   <trkpt lat="46.750211" lon="4.504729"><ele>325.75</ele></trkpt>
   <trkpt lat="46.749656" lon="4.50498"><ele>323.5</ele></trkpt>
   <trkpt lat="46.748962" lon="4.505281"><ele>327</ele></trkpt>
   <trkpt lat="46.746975" lon="4.50616"><ele>334</ele></trkpt>
   <trkpt lat="46.745614" lon="4.506792"><ele>335</ele></trkpt>
   <trkpt lat="46.744757" lon="4.507198"><ele>332.75</ele></trkpt>
   <trkpt lat="46.743627" lon="4.507759"><ele>328</ele></trkpt>
   <trkpt lat="46.743499" lon="4.507823"><ele>328.25</ele></trkpt>
   <trkpt lat="46.742281" lon="4.508441"><ele>328.75</ele></trkpt>
   <trkpt lat="46.740693" lon="4.509295"><ele>329.5</ele></trkpt>
   <trkpt lat="46.738963" lon="4.51027"><ele>329.5</ele></trkpt>
   <trkpt lat="46.738224" lon="4.510703"><ele>328.75</ele></trkpt>
   <trkpt lat="46.736416" lon="4.511795"><ele>333.25</ele></trkpt>
   <trkpt lat="46.736325" lon="4.511854"><ele>332.75</ele></trkpt>
   <trkpt lat="46.735257" lon="4.51253"><ele>340</ele></trkpt>
   <trkpt lat="46.734176" lon="4.513235"><ele>343.5</ele></trkpt>
   <trkpt lat="46.73339" lon="4.513758"><ele>348.5</ele></trkpt>
   <trkpt lat="46.732095" lon="4.514649"><ele>356</ele></trkpt>
   <trkpt lat="46.731184" lon="4.515294"><ele>359.25</ele></trkpt>
   <trkpt lat="46.726203" lon="4.518882"><ele>373.25</ele></trkpt>
   <trkpt lat="46.718918" lon="4.524146"><ele>344.25</ele></trkpt>
   <trkpt lat="46.718789" lon="4.524236"><ele>343.75</ele></trkpt>
   <trkpt lat="46.717285" lon="4.525319"><ele>340.5</ele></trkpt>
   <trkpt lat="46.712889" lon="4.528491"><ele>321.25</ele></trkpt>
   <trkpt lat="46.7123" lon="4.528922"><ele>318.5</ele></trkpt>
   <trkpt lat="46.711286" lon="4.529681"><ele>313.75</ele></trkpt>
   <trkpt lat="46.710404" lon="4.530379"><ele>312.75</ele></trkpt>
   <trkpt lat="46.709982" lon="4.530729"><ele>311.75</ele></trkpt>
   <trkpt lat="46.709239" lon="4.531376"><ele>308.25</ele></trkpt>
   <trkpt lat="46.708332" lon="4.532208"><ele>301.75</ele></trkpt>
   <trkpt lat="46.707665" lon="4.532861"><ele>296.25</ele></trkpt>
   <trkpt lat="46.707151" lon="4.533382"><ele>294.75</ele></trkpt>
   <trkpt lat="46.706664" lon="4.533897"><ele>294.75</ele></trkpt>
   <trkpt lat="46.706091" lon="4.534525"><ele>290.25</ele></trkpt>
   <trkpt lat="46.705704" lon="4.534962"><ele>287.75</ele></trkpt>
   <trkpt lat="46.705189" lon="4.535568"><ele>286.25</ele></trkpt>
   <trkpt lat="46.70448" lon="4.536438"><ele>285</ele></trkpt>
   <trkpt lat="46.703844" lon="4.537257"><ele>283.75</ele></trkpt>
   <trkpt lat="46.703416" lon="4.537832"><ele>283.25</ele></trkpt>
   <trkpt lat="46.702727" lon="4.538796"><ele>281.75</ele></trkpt>
   <trkpt lat="46.702057" lon="4.539789"><ele>280.75</ele></trkpt>
   <trkpt lat="46.701525" lon="4.540612"><ele>282.5</ele></trkpt>
   <trkpt lat="46.700955" lon="4.541538"><ele>281.5</ele></trkpt>
   <trkpt lat="46.700239" lon="4.542764"><ele>276.75</ele></trkpt>
   <trkpt lat="46.699971" lon="4.543247"><ele>277</ele></trkpt>
   <trkpt lat="46.699199" lon="4.54468"><ele>276.25</ele></trkpt>
   <trkpt lat="46.696773" lon="4.549367"><ele>271.5</ele></trkpt>
   <trkpt lat="46.69625" lon="4.550363"><ele>270.75</ele></trkpt>
   <trkpt lat="46.69565" lon="4.551473"><ele>270</ele></trkpt>
   <trkpt lat="46.695183" lon="4.552306"><ele>269.25</ele></trkpt>
   <trkpt lat="46.694705" lon="4.553134"><ele>269.75</ele></trkpt>
   <trkpt lat="46.694204" lon="4.553963"><ele>269.25</ele></trkpt>
   <trkpt lat="46.693472" lon="4.555132"><ele>268</ele></trkpt>
   <trkpt lat="46.692791" lon="4.556175"><ele>266.5</ele></trkpt>
   <trkpt lat="46.692767" lon="4.556209"><ele>266.5</ele></trkpt>
   <trkpt lat="46.69242" lon="4.556722"><ele>266.75</ele></trkpt>
   <trkpt lat="46.691631" lon="4.55784"><ele>266.75</ele></trkpt>
   <trkpt lat="46.691205" lon="4.558424"><ele>265.75</ele></trkpt>
   <trkpt lat="46.690468" lon="4.559401"><ele>266.25</ele></trkpt>
   <trkpt lat="46.689847" lon="4.560188"><ele>267.75</ele></trkpt>
   <trkpt lat="46.68914" lon="4.561051"><ele>268.75</ele></trkpt>
   <trkpt lat="46.688355" lon="4.561965"><ele>269</ele></trkpt>
   <trkpt lat="46.687739" lon="4.562657"><ele>268.5</ele></trkpt>
   <trkpt lat="46.687436" lon="4.562986"><ele>269</ele></trkpt>
   <trkpt lat="46.686765" lon="4.563699"><ele>272.25</ele></trkpt>
   <trkpt lat="46.686409" lon="4.564066"><ele>275.25</ele></trkpt>
   <trkpt lat="46.685937" lon="4.56454"><ele>279.75</ele></trkpt>
   <trkpt lat="46.685177" lon="4.565279"><ele>282.25</ele></trkpt>
   <trkpt lat="46.684365" lon="4.566032"><ele>283.25</ele></trkpt>
   <trkpt lat="46.683944" lon="4.566409"><ele>284.25</ele></trkpt>
   <trkpt lat="46.683088" lon="4.567149"><ele>285.25</ele></trkpt>
   <trkpt lat="46.682696" lon="4.567471"><ele>284</ele></trkpt>
   <trkpt lat="46.682224" lon="4.567855"><ele>284.5</ele></trkpt>
   <trkpt lat="46.681782" lon="4.568202"><ele>285.5</ele></trkpt>
   <trkpt lat="46.680732" lon="4.568993"><ele>284.5</ele></trkpt>
   <trkpt lat="46.68015" lon="4.569414"><ele>282.75</ele></trkpt>
   <trkpt lat="46.675635" lon="4.572608"><ele>272.75</ele></trkpt>
   <trkpt lat="46.675601" lon="4.572631"><ele>272.5</ele></trkpt>
   <trkpt lat="46.673681" lon="4.573983"><ele>269</ele></trkpt>
   <trkpt lat="46.672566" lon="4.574738"><ele>264.75</ele></trkpt>
   <trkpt lat="46.671648" lon="4.575323"><ele>260</ele></trkpt>
   <trkpt lat="46.671029" lon="4.575689"><ele>255</ele></trkpt>
   <trkpt lat="46.67088" lon="4.575774"><ele>255.75</ele></trkpt>
   <trkpt lat="46.670252" lon="4.576124"><ele>256.5</ele></trkpt>
   <trkpt lat="46.669627" lon="4.576453"><ele>254.25</ele></trkpt>
   <trkpt lat="46.668756" lon="4.57688"><ele>253</ele></trkpt>
   <trkpt lat="46.668243" lon="4.577115"><ele>252.5</ele></trkpt>
   <trkpt lat="46.66729" lon="4.577518"><ele>253.5</ele></trkpt>
   <trkpt lat="46.666447" lon="4.57784"><ele>252.5</ele></trkpt>
   <trkpt lat="46.665953" lon="4.578016"><ele>252.25</ele></trkpt>
   <trkpt lat="46.664906" lon="4.57835"><ele>253.25</ele></trkpt>
   <trkpt lat="46.664263" lon="4.578539"><ele>253.5</ele></trkpt>
   <trkpt lat="46.663312" lon="4.578802"><ele>252.5</ele></trkpt>
   <trkpt lat="46.659301" lon="4.579878"><ele>247.5</ele></trkpt>
   <trkpt lat="46.659199" lon="4.579904"><ele>247.25</ele></trkpt>
   <trkpt lat="46.655355" lon="4.580936"><ele>251.5</ele></trkpt>
   <trkpt lat="46.65425" lon="4.581231"><ele>248</ele></trkpt>
   <trkpt lat="46.654075" lon="4.581278"><ele>247</ele></trkpt>
   <trkpt lat="46.653617" lon="4.581402"><ele>251.25</ele></trkpt>
   <trkpt lat="46.653538" lon="4.58142"><ele>251</ele></trkpt>
   <trkpt lat="46.650465" lon="4.582244"><ele>261.25</ele></trkpt>
   <trkpt lat="46.649499" lon="4.582511"><ele>262.25</ele></trkpt>
   <trkpt lat="46.648666" lon="4.582753"><ele>262.75</ele></trkpt>
   <trkpt lat="46.647852" lon="4.583007"><ele>262.25</ele></trkpt>
   <trkpt lat="46.646682" lon="4.58342"><ele>261.5</ele></trkpt>
   <trkpt lat="46.646153" lon="4.583623"><ele>260.5</ele></trkpt>
   <trkpt lat="46.644978" lon="4.584107"><ele>255.25</ele></trkpt>
   <trkpt lat="46.644787" lon="4.584191"><ele>257</ele></trkpt>
   <trkpt lat="46.643637" lon="4.584719"><ele>256.5</ele></trkpt>
   <trkpt lat="46.642875" lon="4.585082"><ele>255</ele></trkpt>
   <trkpt lat="46.636131" lon="4.588341"><ele>270.75</ele></trkpt>
   <trkpt lat="46.636071" lon="4.58837"><ele>271.25</ele></trkpt>
   <trkpt lat="46.629808" lon="4.591396"><ele>301.25</ele></trkpt>
   <trkpt lat="46.628936" lon="4.591822"><ele>303.75</ele></trkpt>
   <trkpt lat="46.628066" lon="4.592262"><ele>308.5</ele></trkpt>
   <trkpt lat="46.627491" lon="4.592566"><ele>310.75</ele></trkpt>
   <trkpt lat="46.626417" lon="4.593176"><ele>313.75</ele></trkpt>
   <trkpt lat="46.625666" lon="4.593637"><ele>314.25</ele></trkpt>
   <trkpt lat="46.625241" lon="4.593913"><ele>315.5</ele></trkpt>
   <trkpt lat="46.624812" lon="4.594198"><ele>315.75</ele></trkpt>
   <trkpt lat="46.624192" lon="4.594632"><ele>313</ele></trkpt>
   <trkpt lat="46.624103" lon="4.594695"><ele>313.5</ele></trkpt>
   <trkpt lat="46.623669" lon="4.595011"><ele>318.75</ele></trkpt>
   <trkpt lat="46.623237" lon="4.595338"><ele>319</ele></trkpt>
   <trkpt lat="46.62258" lon="4.595851"><ele>321.5</ele></trkpt>
   <trkpt lat="46.621971" lon="4.596349"><ele>324.25</ele></trkpt>
   <trkpt lat="46.620788" lon="4.597346"><ele>332</ele></trkpt>
   <trkpt lat="46.617517" lon="4.60014"><ele>343.25</ele></trkpt>
   <trkpt lat="46.616684" lon="4.600838"><ele>344</ele></trkpt>
   <trkpt lat="46.616062" lon="4.601348"><ele>344</ele></trkpt>
   <trkpt lat="46.615129" lon="4.602072"><ele>343.25</ele></trkpt>
   <trkpt lat="46.61451" lon="4.602518"><ele>346</ele></trkpt>
   <trkpt lat="46.613844" lon="4.602967"><ele>349.75</ele></trkpt>
   <trkpt lat="46.613054" lon="4.603465"><ele>350.25</ele></trkpt>
   <trkpt lat="46.611974" lon="4.604109"><ele>349.5</ele></trkpt>
   <trkpt lat="46.611078" lon="4.604606"><ele>348</ele></trkpt>
   <trkpt lat="46.610994" lon="4.604649"><ele>348.75</ele></trkpt>
   <trkpt lat="46.610889" lon="4.604709"><ele>350.25</ele></trkpt>
   <trkpt lat="46.609687" lon="4.605309"><ele>351.25</ele></trkpt>
   <trkpt lat="46.60897" lon="4.605633"><ele>352</ele></trkpt>
   <trkpt lat="46.608123" lon="4.605989"><ele>353.5</ele></trkpt>
   <trkpt lat="46.607618" lon="4.606185"><ele>355</ele></trkpt>
   <trkpt lat="46.606587" lon="4.606548"><ele>354.75</ele></trkpt>
   <trkpt lat="46.606104" lon="4.606703"><ele>356</ele></trkpt>
   <trkpt lat="46.60563" lon="4.606844"><ele>355.25</ele></trkpt>
   <trkpt lat="46.604966" lon="4.607026"><ele>355.75</ele></trkpt>
   <trkpt lat="46.604572" lon="4.607128"><ele>357.25</ele></trkpt>
   <trkpt lat="46.604037" lon="4.607253"><ele>357.5</ele></trkpt>
   <trkpt lat="46.602705" lon="4.607517"><ele>359.75</ele></trkpt>
   <trkpt lat="46.601877" lon="4.607658"><ele>361</ele></trkpt>
   <trkpt lat="46.596997" lon="4.608443"><ele>362.5</ele></trkpt>
   <trkpt lat="46.596466" lon="4.608541"><ele>360.25</ele></trkpt>
   <trkpt lat="46.595377" lon="4.608767"><ele>356.5</ele></trkpt>
   <trkpt lat="46.59484" lon="4.608898"><ele>353.75</ele></trkpt>
   <trkpt lat="46.593972" lon="4.609128"><ele>351.5</ele></trkpt>
   <trkpt lat="46.593539" lon="4.609258"><ele>351</ele></trkpt>
   <trkpt lat="46.593103" lon="4.609396"><ele>348.25</ele></trkpt>
   <trkpt lat="46.592022" lon="4.609773"><ele>344.25</ele></trkpt>
   <trkpt lat="46.591421" lon="4.610006"><ele>341</ele></trkpt>
   <trkpt lat="46.590426" lon="4.610426"><ele>339.25</ele></trkpt>
   <trkpt lat="46.589493" lon="4.610852"><ele>334.25</ele></trkpt>
   <trkpt lat="46.58769" lon="4.611728"><ele>326.5</ele></trkpt>
   <trkpt lat="46.582981" lon="4.614039"><ele>303.5</ele></trkpt>
   <trkpt lat="46.58286" lon="4.614096"><ele>303.75</ele></trkpt>
   <trkpt lat="46.577133" lon="4.616917"><ele>282.25</ele></trkpt>
   <trkpt lat="46.576254" lon="4.617371"><ele>281.25</ele></trkpt>
   <trkpt lat="46.575639" lon="4.617704"><ele>278.5</ele></trkpt>
   <trkpt lat="46.575027" lon="4.618045"><ele>275.25</ele></trkpt>
   <trkpt lat="46.574148" lon="4.618556"><ele>270</ele></trkpt>
   <trkpt lat="46.572872" lon="4.619349"><ele>267</ele></trkpt>
   <trkpt lat="46.571595" lon="4.620197"><ele>268.25</ele></trkpt>
   <trkpt lat="46.570299" lon="4.621113"><ele>269.75</ele></trkpt>
   <trkpt lat="46.563367" lon="4.626123"><ele>260.75</ele></trkpt>
   <trkpt lat="46.559698" lon="4.628778"><ele>244</ele></trkpt>
   <trkpt lat="46.555948" lon="4.631488"><ele>237.25</ele></trkpt>
   <trkpt lat="46.555821" lon="4.63158"><ele>237.25</ele></trkpt>
   <trkpt lat="46.549545" lon="4.636115"><ele>231.25</ele></trkpt>
   <trkpt lat="46.548228" lon="4.637048"><ele>229.5</ele></trkpt>
   <trkpt lat="46.547773" lon="4.637359"><ele>226.75</ele></trkpt>
   <trkpt lat="46.546399" lon="4.638262"><ele>220.25</ele></trkpt>
   <trkpt lat="46.545343" lon="4.638917"><ele>214.75</ele></trkpt>
   <trkpt lat="46.543915" lon="4.639751"><ele>209.5</ele></trkpt>
   <trkpt lat="46.543818" lon="4.639804"><ele>208</ele></trkpt>
   <trkpt lat="46.542935" lon="4.640287"><ele>207</ele></trkpt>
   <trkpt lat="46.542052" lon="4.640751"><ele>202.75</ele></trkpt>
   <trkpt lat="46.541887" lon="4.640834"><ele>201.75</ele></trkpt>
   <trkpt lat="46.540807" lon="4.641366"><ele>205.5</ele></trkpt>
   <trkpt lat="46.539913" lon="4.641782"><ele>204</ele></trkpt>
   <trkpt lat="46.538933" lon="4.642216"><ele>204.75</ele></trkpt>
   <trkpt lat="46.537942" lon="4.642624"><ele>207</ele></trkpt>
   <trkpt lat="46.536907" lon="4.643028"><ele>207.75</ele></trkpt>
   <trkpt lat="46.535861" lon="4.643407"><ele>210</ele></trkpt>
   <trkpt lat="46.534753" lon="4.643777"><ele>212.75</ele></trkpt>
   <trkpt lat="46.53408" lon="4.64399"><ele>215</ele></trkpt>
   <trkpt lat="46.526313" lon="4.646345"><ele>230.5</ele></trkpt>
   <trkpt lat="46.516548" lon="4.649306"><ele>232.5</ele></trkpt>
   <trkpt lat="46.515815" lon="4.649538"><ele>232.5</ele></trkpt>
   <trkpt lat="46.515073" lon="4.649784"><ele>233.5</ele></trkpt>
   <trkpt lat="46.513999" lon="4.650179"><ele>235.25</ele></trkpt>
   <trkpt lat="46.513365" lon="4.650437"><ele>235.75</ele></trkpt>
   <trkpt lat="46.512828" lon="4.650667"><ele>235.5</ele></trkpt>
   <trkpt lat="46.51219" lon="4.650961"><ele>233.75</ele></trkpt>
   <trkpt lat="46.511547" lon="4.651272"><ele>232.5</ele></trkpt>
   <trkpt lat="46.510327" lon="4.651897"><ele>233.25</ele></trkpt>
   <trkpt lat="46.506845" lon="4.653742"><ele>238.25</ele></trkpt>
   <trkpt lat="46.505945" lon="4.654208"><ele>241</ele></trkpt>
   <trkpt lat="46.504856" lon="4.654745"><ele>242.5</ele></trkpt>
   <trkpt lat="46.5041" lon="4.655088"><ele>243.25</ele></trkpt>
   <trkpt lat="46.503286" lon="4.655428"><ele>244.5</ele></trkpt>
   <trkpt lat="46.502548" lon="4.655709"><ele>245.25</ele></trkpt>
   <trkpt lat="46.501681" lon="4.656012"><ele>246.5</ele></trkpt>
   <trkpt lat="46.50059" lon="4.656347"><ele>248.75</ele></trkpt>
   <trkpt lat="46.49966" lon="4.656595"><ele>251</ele></trkpt>
   <trkpt lat="46.499108" lon="4.656735"><ele>250.25</ele></trkpt>
   <trkpt lat="46.492745" lon="4.658252"><ele>249.5</ele></trkpt>
   <trkpt lat="46.491579" lon="4.658562"><ele>248.75</ele></trkpt>
   <trkpt lat="46.490648" lon="4.658842"><ele>248</ele></trkpt>
   <trkpt lat="46.489731" lon="4.659148"><ele>247.5</ele></trkpt>
   <trkpt lat="46.489621" lon="4.659186"><ele>247.5</ele></trkpt>
   <trkpt lat="46.489049" lon="4.659391"><ele>248.75</ele></trkpt>
   <trkpt lat="46.488493" lon="4.659602"><ele>248.5</ele></trkpt>
   <trkpt lat="46.48785" lon="4.659862"><ele>249</ele></trkpt>
   <trkpt lat="46.486872" lon="4.660286"><ele>251.5</ele></trkpt>
   <trkpt lat="46.486281" lon="4.660558"><ele>252.75</ele></trkpt>
   <trkpt lat="46.485071" lon="4.661147"><ele>255.75</ele></trkpt>
   <trkpt lat="46.479471" lon="4.663948"><ele>270.75</ele></trkpt>
   <trkpt lat="46.47882" lon="4.66426"><ele>271.75</ele></trkpt>
   <trkpt lat="46.478219" lon="4.664532"><ele>270.75</ele></trkpt>
   <trkpt lat="46.477552" lon="4.664825"><ele>269.25</ele></trkpt>
   <trkpt lat="46.476899" lon="4.665101"><ele>268.5</ele></trkpt>
   <trkpt lat="46.475975" lon="4.665474"><ele>266.25</ele></trkpt>
   <trkpt lat="46.474796" lon="4.665921"><ele>261.75</ele></trkpt>
   <trkpt lat="46.471826" lon="4.667024"><ele>252.25</ele></trkpt>
   <trkpt lat="46.471724" lon="4.667062"><ele>252.25</ele></trkpt>
   <trkpt lat="46.46858" lon="4.668221"><ele>245.5</ele></trkpt>
   <trkpt lat="46.464976" lon="4.669546"><ele>232.25</ele></trkpt>
   <trkpt lat="46.464688" lon="4.669653"><ele>232.75</ele></trkpt>
   <trkpt lat="46.463136" lon="4.670213"><ele>227.75</ele></trkpt>
   <trkpt lat="46.462632" lon="4.670381"><ele>227.5</ele></trkpt>
   <trkpt lat="46.461745" lon="4.670659"><ele>227.75</ele></trkpt>
   <trkpt lat="46.460783" lon="4.670938"><ele>228.25</ele></trkpt>
   <trkpt lat="46.46001" lon="4.67115"><ele>228.75</ele></trkpt>
   <trkpt lat="46.45887" lon="4.671432"><ele>228.75</ele></trkpt>
   <trkpt lat="46.456879" lon="4.671844"><ele>228.5</ele></trkpt>
   <trkpt lat="46.455239" lon="4.672164"><ele>229.5</ele></trkpt>
   <trkpt lat="46.453047" lon="4.672577"><ele>233</ele></trkpt>
   <trkpt lat="46.452968" lon="4.67259"><ele>233.5</ele></trkpt>
   <trkpt lat="46.449881" lon="4.673171"><ele>244.5</ele></trkpt>
   <trkpt lat="46.449795" lon="4.673187"><ele>244.75</ele></trkpt>
   <trkpt lat="46.445328" lon="4.674024"><ele>255.5</ele></trkpt>
   <trkpt lat="46.444592" lon="4.674152"><ele>253.75</ele></trkpt>
   <trkpt lat="46.444066" lon="4.674234"><ele>251.5</ele></trkpt>
   <trkpt lat="46.443361" lon="4.674327"><ele>251.25</ele></trkpt>
   <trkpt lat="46.44285" lon="4.674384"><ele>252.5</ele></trkpt>
   <trkpt lat="46.44207" lon="4.67445"><ele>253.75</ele></trkpt>
   <trkpt lat="46.441004" lon="4.674499"><ele>252.25</ele></trkpt>
   <trkpt lat="46.440436" lon="4.674507"><ele>252</ele></trkpt>
   <trkpt lat="46.439864" lon="4.674502"><ele>253</ele></trkpt>
   <trkpt lat="46.439287" lon="4.674485"><ele>253</ele></trkpt>
   <trkpt lat="46.438849" lon="4.67446"><ele>254</ele></trkpt>
   <trkpt lat="46.437771" lon="4.674372"><ele>254.25</ele></trkpt>
   <trkpt lat="46.437274" lon="4.674315"><ele>253.5</ele></trkpt>
   <trkpt lat="46.43614" lon="4.674149"><ele>254.25</ele></trkpt>
   <trkpt lat="46.435524" lon="4.674036"><ele>250.25</ele></trkpt>
   <trkpt lat="46.435425" lon="4.674016"><ele>251</ele></trkpt>
   <trkpt lat="46.434851" lon="4.673893"><ele>254.5</ele></trkpt>
   <trkpt lat="46.434102" lon="4.67371"><ele>256.5</ele></trkpt>
   <trkpt lat="46.43264" lon="4.673288"><ele>256.25</ele></trkpt>
   <trkpt lat="46.432178" lon="4.67314"><ele>257.25</ele></trkpt>
   <trkpt lat="46.431494" lon="4.672895"><ele>257.75</ele></trkpt>
   <trkpt lat="46.430626" lon="4.672561"><ele>257</ele></trkpt>
   <trkpt lat="46.429991" lon="4.672295"><ele>257</ele></trkpt>
   <trkpt lat="46.429525" lon="4.672087"><ele>255.5</ele></trkpt>
   <trkpt lat="46.428741" lon="4.671713"><ele>255</ele></trkpt>
   <trkpt lat="46.428426" lon="4.671555"><ele>254.75</ele></trkpt>
   <trkpt lat="46.428066" lon="4.671371"><ele>255.5</ele></trkpt>
   <trkpt lat="46.427321" lon="4.670965"><ele>256.25</ele></trkpt>
   <trkpt lat="46.426348" lon="4.670393"><ele>255.75</ele></trkpt>
   <trkpt lat="46.425564" lon="4.669895"><ele>255</ele></trkpt>
   <trkpt lat="46.425485" lon="4.669845"><ele>254.5</ele></trkpt>
   <trkpt lat="46.424707" lon="4.66932"><ele>257.5</ele></trkpt>
   <trkpt lat="46.423903" lon="4.668739"><ele>257.25</ele></trkpt>
   <trkpt lat="46.423279" lon="4.668263"><ele>258.25</ele></trkpt>
   <trkpt lat="46.422842" lon="4.667915"><ele>258.75</ele></trkpt>
   <trkpt lat="46.422286" lon="4.667458"><ele>258.25</ele></trkpt>
   <trkpt lat="46.421612" lon="4.66688"><ele>258.5</ele></trkpt>
   <trkpt lat="46.421161" lon="4.666479"><ele>258.25</ele></trkpt>
   <trkpt lat="46.418868" lon="4.664375"><ele>253.75</ele></trkpt>
   <trkpt lat="46.417928" lon="4.663529"><ele>250</ele></trkpt>
   <trkpt lat="46.417227" lon="4.662929"><ele>249</ele></trkpt>
   <trkpt lat="46.416522" lon="4.662361"><ele>248.25</ele></trkpt>
   <trkpt lat="46.415924" lon="4.661906"><ele>248.25</ele></trkpt>
   <trkpt lat="46.415573" lon="4.661652"><ele>248.75</ele></trkpt>
   <trkpt lat="46.415181" lon="4.661375"><ele>248.75</ele></trkpt>
   <trkpt lat="46.414726" lon="4.66107"><ele>249.75</ele></trkpt>
   <trkpt lat="46.414021" lon="4.660621"><ele>250.75</ele></trkpt>
   <trkpt lat="46.413165" lon="4.660116"><ele>250.25</ele></trkpt>
   <trkpt lat="46.41292" lon="4.659984"><ele>252.25</ele></trkpt>
   <trkpt lat="46.412886" lon="4.659965"><ele>252</ele></trkpt>
   <trkpt lat="46.412118" lon="4.659568"><ele>253.75</ele></trkpt>
   <trkpt lat="46.411737" lon="4.659382"><ele>255.5</ele></trkpt>
   <trkpt lat="46.41113" lon="4.659105"><ele>257.75</ele></trkpt>
   <trkpt lat="46.410583" lon="4.658872"><ele>261.25</ele></trkpt>
   <trkpt lat="46.409855" lon="4.658589"><ele>263.75</ele></trkpt>
   <trkpt lat="46.409469" lon="4.65845"><ele>264.25</ele></trkpt>
   <trkpt lat="46.408731" lon="4.658208"><ele>266.75</ele></trkpt>
   <trkpt lat="46.40814" lon="4.658036"><ele>271</ele></trkpt>
   <trkpt lat="46.40761" lon="4.657894"><ele>271.25</ele></trkpt>
   <trkpt lat="46.40695" lon="4.657739"><ele>274.75</ele></trkpt>
   <trkpt lat="46.406012" lon="4.657561"><ele>278.25</ele></trkpt>
   <trkpt lat="46.405746" lon="4.657517"><ele>280.25</ele></trkpt>
   <trkpt lat="46.405646" lon="4.657502"><ele>281.25</ele></trkpt>
   <trkpt lat="46.405148" lon="4.657433"><ele>282.25</ele></trkpt>
   <trkpt lat="46.404658" lon="4.657378"><ele>284</ele></trkpt>
   <trkpt lat="46.403911" lon="4.657315"><ele>287</ele></trkpt>
   <trkpt lat="46.402987" lon="4.657276"><ele>291.5</ele></trkpt>
   <trkpt lat="46.402465" lon="4.657274"><ele>294.5</ele></trkpt>
   <trkpt lat="46.401916" lon="4.657287"><ele>297.75</ele></trkpt>
   <trkpt lat="46.40137" lon="4.657311"><ele>300.25</ele></trkpt>
   <trkpt lat="46.400738" lon="4.657359"><ele>302.25</ele></trkpt>
   <trkpt lat="46.399787" lon="4.65747"><ele>305.25</ele></trkpt>
   <trkpt lat="46.399341" lon="4.657539"><ele>306.75</ele></trkpt>
   <trkpt lat="46.398979" lon="4.657606"><ele>308.5</ele></trkpt>
   <trkpt lat="46.398264" lon="4.657743"><ele>311.25</ele></trkpt>
   <trkpt lat="46.3979" lon="4.657825"><ele>312.5</ele></trkpt>
   <trkpt lat="46.397458" lon="4.657935"><ele>314.25</ele></trkpt>
   <trkpt lat="46.396956" lon="4.658073"><ele>316</ele></trkpt>
   <trkpt lat="46.396234" lon="4.65829"><ele>318.25</ele></trkpt>
   <trkpt lat="46.3954" lon="4.658577"><ele>321.25</ele></trkpt>
   <trkpt lat="46.394989" lon="4.658733"><ele>322</ele></trkpt>
   <trkpt lat="46.394123" lon="4.659091"><ele>325.75</ele></trkpt>
   <trkpt lat="46.393587" lon="4.659334"><ele>327</ele></trkpt>
   <trkpt lat="46.392997" lon="4.659623"><ele>329.25</ele></trkpt>
   <trkpt lat="46.392387" lon="4.659934"><ele>331.75</ele></trkpt>
   <trkpt lat="46.391533" lon="4.660423"><ele>335.25</ele></trkpt>
   <trkpt lat="46.391187" lon="4.66063"><ele>336.75</ele></trkpt>
   <trkpt lat="46.390375" lon="4.661148"><ele>336.25</ele></trkpt>
   <trkpt lat="46.389623" lon="4.661665"><ele>341</ele></trkpt>
   <trkpt lat="46.388798" lon="4.662277"><ele>351.75</ele></trkpt>
   <trkpt lat="46.388032" lon="4.662896"><ele>354.75</ele></trkpt>
   <trkpt lat="46.387257" lon="4.66355"><ele>359</ele></trkpt>
   <trkpt lat="46.385669" lon="4.664938"><ele>364.5</ele></trkpt>
   <trkpt lat="46.384471" lon="4.665972"><ele>371.5</ele></trkpt>
   <trkpt lat="46.383687" lon="4.666622"><ele>374.75</ele></trkpt>
   <trkpt lat="46.382714" lon="4.667383"><ele>379.75</ele></trkpt>
   <trkpt lat="46.381249" lon="4.668386"><ele>381.25</ele></trkpt>
   <trkpt lat="46.380595" lon="4.668795"><ele>383</ele></trkpt>
   <trkpt lat="46.380031" lon="4.669129"><ele>382.5</ele></trkpt>
   <trkpt lat="46.377019" lon="4.670842"><ele>376.5</ele></trkpt>
   <trkpt lat="46.376061" lon="4.671411"><ele>372</ele></trkpt>
   <trkpt lat="46.375484" lon="4.671778"><ele>370.75</ele></trkpt>
   <trkpt lat="46.374933" lon="4.672142"><ele>368.5</ele></trkpt>
   <trkpt lat="46.374284" lon="4.672599"><ele>365</ele></trkpt>
   <trkpt lat="46.373756" lon="4.672993"><ele>362</ele></trkpt>
   <trkpt lat="46.37352" lon="4.673173"><ele>360.75</ele></trkpt>
   <trkpt lat="46.372786" lon="4.673769"><ele>356.75</ele></trkpt>
   <trkpt lat="46.371768" lon="4.674647"><ele>351.5</ele></trkpt>
   <trkpt lat="46.371313" lon="4.675076"><ele>349.25</ele></trkpt>
   <trkpt lat="46.370936" lon="4.675447"><ele>347.25</ele></trkpt>
   <trkpt lat="46.370192" lon="4.6762"><ele>343.25</ele></trkpt>
   <trkpt lat="46.369875" lon="4.676548"><ele>341.5</ele></trkpt>
   <trkpt lat="46.369005" lon="4.677531"><ele>341.5</ele></trkpt>
   <trkpt lat="46.36861" lon="4.678003"><ele>339</ele></trkpt>
   <trkpt lat="46.368212" lon="4.678497"><ele>339</ele></trkpt>
   <trkpt lat="46.367474" lon="4.679459"><ele>332.5</ele></trkpt>
   <trkpt lat="46.36706" lon="4.68003"><ele>331.25</ele></trkpt>
   <trkpt lat="46.366645" lon="4.68062"><ele>328</ele></trkpt>
   <trkpt lat="46.366233" lon="4.681237"><ele>326.75</ele></trkpt>
   <trkpt lat="46.365821" lon="4.681876"><ele>323.75</ele></trkpt>
   <trkpt lat="46.365276" lon="4.682764"><ele>320</ele></trkpt>
   <trkpt lat="46.364803" lon="4.683578"><ele>316</ele></trkpt>
   <trkpt lat="46.364312" lon="4.684469"><ele>313</ele></trkpt>
   <trkpt lat="46.363822" lon="4.685386"><ele>309.5</ele></trkpt>
   <trkpt lat="46.362786" lon="4.68739"><ele>302</ele></trkpt>
   <trkpt lat="46.362733" lon="4.687494"><ele>301.5</ele></trkpt>
   <trkpt lat="46.362613" lon="4.687727"><ele>299.75</ele></trkpt>
   <trkpt lat="46.362162" lon="4.688596"><ele>297.25</ele></trkpt>
   <trkpt lat="46.361715" lon="4.689433"><ele>294.5</ele></trkpt>
   <trkpt lat="46.36125" lon="4.690283"><ele>293.75</ele></trkpt>
   <trkpt lat="46.360928" lon="4.690854"><ele>290.75</ele></trkpt>
   <trkpt lat="46.360238" lon="4.692028"><ele>285</ele></trkpt>
   <trkpt lat="46.360178" lon="4.692123"><ele>283.75</ele></trkpt>
   <trkpt lat="46.359743" lon="4.692827"><ele>282.75</ele></trkpt>
   <trkpt lat="46.358652" lon="4.694528"><ele>276.75</ele></trkpt>
   <trkpt lat="46.350645" lon="4.706774"><ele>244.75</ele></trkpt>
   <trkpt lat="46.350588" lon="4.706861"><ele>245.75</ele></trkpt>
   <trkpt lat="46.347965" lon="4.71087"><ele>257.5</ele></trkpt>
   <trkpt lat="46.347478" lon="4.7116"><ele>258.5</ele></trkpt>
   <trkpt lat="46.347114" lon="4.712132"><ele>258.75</ele></trkpt>
   <trkpt lat="46.346843" lon="4.712524"><ele>259</ele></trkpt>
   <trkpt lat="46.346444" lon="4.713081"><ele>256.75</ele></trkpt>
   <trkpt lat="46.345838" lon="4.713902"><ele>257.75</ele></trkpt>
   <trkpt lat="46.345226" lon="4.714697"><ele>257.25</ele></trkpt>
   <trkpt lat="46.344644" lon="4.715419"><ele>255</ele></trkpt>
   <trkpt lat="46.344025" lon="4.716169"><ele>253.25</ele></trkpt>
   <trkpt lat="46.34312" lon="4.717237"><ele>248.75</ele></trkpt>
   <trkpt lat="46.341558" lon="4.719074"><ele>239.25</ele></trkpt>
   <trkpt lat="46.341487" lon="4.719158"><ele>239.5</ele></trkpt>
   <trkpt lat="46.33471" lon="4.727122"><ele>225.25</ele></trkpt>
   <trkpt lat="46.334224" lon="4.727686"><ele>225.25</ele></trkpt>
   <trkpt lat="46.332996" lon="4.729059"><ele>225.5</ele></trkpt>
   <trkpt lat="46.332229" lon="4.729842"><ele>224.25</ele></trkpt>
   <trkpt lat="46.331445" lon="4.730618"><ele>221.25</ele></trkpt>
   <trkpt lat="46.330601" lon="4.731402"><ele>222.75</ele></trkpt>
   <trkpt lat="46.330096" lon="4.731845"><ele>222.5</ele></trkpt>
   <trkpt lat="46.329687" lon="4.732181"><ele>224.25</ele></trkpt>
   <trkpt lat="46.329624" lon="4.732232"><ele>224</ele></trkpt>
   <trkpt lat="46.328943" lon="4.732803"><ele>223.5</ele></trkpt>
   <trkpt lat="46.328811" lon="4.732908"><ele>223.25</ele></trkpt>
   <trkpt lat="46.327331" lon="4.734055"><ele>233.75</ele></trkpt>
   <trkpt lat="46.32596" lon="4.735099"><ele>238.75</ele></trkpt>
   <trkpt lat="46.324934" lon="4.735899"><ele>240.75</ele></trkpt>
   <trkpt lat="46.324338" lon="4.736385"><ele>240.25</ele></trkpt>
   <trkpt lat="46.323458" lon="4.73714"><ele>242.5</ele></trkpt>
   <trkpt lat="46.322861" lon="4.737681"><ele>241.75</ele></trkpt>
   <trkpt lat="46.322184" lon="4.738327"><ele>240.5</ele></trkpt>
   <trkpt lat="46.321506" lon="4.739001"><ele>239.25</ele></trkpt>
   <trkpt lat="46.321064" lon="4.73946"><ele>237.5</ele></trkpt>
   <trkpt lat="46.320614" lon="4.739941"><ele>235.75</ele></trkpt>
   <trkpt lat="46.319726" lon="4.740942"><ele>231</ele></trkpt>
   <trkpt lat="46.319391" lon="4.741333"><ele>228.75</ele></trkpt>
   <trkpt lat="46.319312" lon="4.741428"><ele>229</ele></trkpt>
   <trkpt lat="46.31868" lon="4.742206"><ele>227.75</ele></trkpt>
   <trkpt lat="46.317797" lon="4.743343"><ele>223.75</ele></trkpt>
   <trkpt lat="46.316935" lon="4.7445"><ele>220.5</ele></trkpt>
   <trkpt lat="46.311031" lon="4.752497"><ele>204.25</ele></trkpt>
   <trkpt lat="46.305816" lon="4.759562"><ele>193.75</ele></trkpt>
   <trkpt lat="46.305077" lon="4.760552"><ele>193.25</ele></trkpt>
   <trkpt lat="46.304334" lon="4.761505"><ele>192.75</ele></trkpt>
   <trkpt lat="46.303549" lon="4.762487"><ele>192.75</ele></trkpt>
   <trkpt lat="46.302074" lon="4.764215"><ele>191</ele></trkpt>
   <trkpt lat="46.300837" lon="4.765545"><ele>190.75</ele></trkpt>
   <trkpt lat="46.300112" lon="4.766282"><ele>189.75</ele></trkpt>
   <trkpt lat="46.299678" lon="4.766709"><ele>190.5</ele></trkpt>
   <trkpt lat="46.299247" lon="4.76712"><ele>189.25</ele></trkpt>
   <trkpt lat="46.29844" lon="4.767867"><ele>188.5</ele></trkpt>
   <trkpt lat="46.297729" lon="4.768496"><ele>188.75</ele></trkpt>
   <trkpt lat="46.297326" lon="4.768839"><ele>188</ele></trkpt>
   <trkpt lat="46.296543" lon="4.769517"><ele>187.75</ele></trkpt>
   <trkpt lat="46.295417" lon="4.770409"><ele>187</ele></trkpt>
   <trkpt lat="46.294301" lon="4.771243"><ele>185.5</ele></trkpt>
   <trkpt lat="46.293741" lon="4.771633"><ele>186.75</ele></trkpt>
   <trkpt lat="46.293221" lon="4.771976"><ele>186.75</ele></trkpt>
   <trkpt lat="46.292061" lon="4.772709"><ele>187.5</ele></trkpt>
   <trkpt lat="46.291605" lon="4.772988"><ele>187</ele></trkpt>
   <trkpt lat="46.290686" lon="4.773527"><ele>187.5</ele></trkpt>
   <trkpt lat="46.289095" lon="4.774442"><ele>187.75</ele></trkpt>
   <trkpt lat="46.287982" lon="4.775085"><ele>187.75</ele></trkpt>
   <trkpt lat="46.2875" lon="4.775355"><ele>188.75</ele></trkpt>
   <trkpt lat="46.286411" lon="4.775992"><ele>189</ele></trkpt>
   <trkpt lat="46.285761" lon="4.776382"><ele>189.75</ele></trkpt>
   <trkpt lat="46.28511" lon="4.776787"><ele>189.75</ele></trkpt>
   <trkpt lat="46.284325" lon="4.777303"><ele>189.75</ele></trkpt>
   <trkpt lat="46.283813" lon="4.777661"><ele>189.25</ele></trkpt>
   <trkpt lat="46.283712" lon="4.777736"><ele>189.5</ele></trkpt>
   <trkpt lat="46.283159" lon="4.778135"><ele>190.25</ele></trkpt>
   <trkpt lat="46.282676" lon="4.778505"><ele>190.25</ele></trkpt>
   <trkpt lat="46.282214" lon="4.778875"><ele>190</ele></trkpt>
   <trkpt lat="46.281418" lon="4.779541"><ele>190</ele></trkpt>
   <trkpt lat="46.281017" lon="4.779889"><ele>190</ele></trkpt>
   <trkpt lat="46.280304" lon="4.78054"><ele>190</ele></trkpt>
   <trkpt lat="46.2796" lon="4.781223"><ele>189.5</ele></trkpt>
   <trkpt lat="46.27908" lon="4.781746"><ele>190</ele></trkpt>
   <trkpt lat="46.278591" lon="4.782243"><ele>190</ele></trkpt>
   <trkpt lat="46.278192" lon="4.782684"><ele>190</ele></trkpt>
   <trkpt lat="46.277934" lon="4.782958"><ele>190</ele></trkpt>
   <trkpt lat="46.276618" lon="4.784511"><ele>188.75</ele></trkpt>
   <trkpt lat="46.275618" lon="4.785753"><ele>184.75</ele></trkpt>
   <trkpt lat="46.275537" lon="4.785861"><ele>184.25</ele></trkpt>
   <trkpt lat="46.27493" lon="4.786661"><ele>187.25</ele></trkpt>
   <trkpt lat="46.274307" lon="4.787501"><ele>182.5</ele></trkpt>
   <trkpt lat="46.273852" lon="4.788141"><ele>183.5</ele></trkpt>
   <trkpt lat="46.273791" lon="4.788235"><ele>184.75</ele></trkpt>
   <trkpt lat="46.272922" lon="4.789499"><ele>184.75</ele></trkpt>
   <trkpt lat="46.271925" lon="4.79108"><ele>186.25</ele></trkpt>
   <trkpt lat="46.271347" lon="4.792033"><ele>185</ele></trkpt>
   <trkpt lat="46.270824" lon="4.792928"><ele>186.25</ele></trkpt>
   <trkpt lat="46.270315" lon="4.793837"><ele>185.5</ele></trkpt>
   <trkpt lat="46.269807" lon="4.794759"><ele>184.25</ele></trkpt>
   <trkpt lat="46.26946" lon="4.795436"><ele>184</ele></trkpt>
   <trkpt lat="46.269127" lon="4.796084"><ele>184</ele></trkpt>
   <trkpt lat="46.268901" lon="4.796541"><ele>184</ele></trkpt>
   <trkpt lat="46.268394" lon="4.797587"><ele>184</ele></trkpt>
   <trkpt lat="46.268063" lon="4.798296"><ele>183.5</ele></trkpt>
   <trkpt lat="46.267573" lon="4.799382"><ele>181</ele></trkpt>
   <trkpt lat="46.267251" lon="4.80014"><ele>180.75</ele></trkpt>
   <trkpt lat="46.267214" lon="4.800226"><ele>181</ele></trkpt>
   <trkpt lat="46.266824" lon="4.801178"><ele>177.75</ele></trkpt>
   <trkpt lat="46.266624" lon="4.80169"><ele>178.75</ele></trkpt>
   <trkpt lat="46.266205" lon="4.802801"><ele>177.5</ele></trkpt>
   <trkpt lat="46.265905" lon="4.803639"><ele>176.5</ele></trkpt>
   <trkpt lat="46.265887" lon="4.80369"><ele>176.75</ele></trkpt>
   <trkpt lat="46.265734" lon="4.804128"><ele>175</ele></trkpt>
   <trkpt lat="46.26547" lon="4.804919"><ele>174.5</ele></trkpt>
   <trkpt lat="46.265213" lon="4.805725"><ele>175</ele></trkpt>
   <trkpt lat="46.264822" lon="4.807014"><ele>175.5</ele></trkpt>
   <trkpt lat="46.264798" lon="4.807094"><ele>176</ele></trkpt>
   <trkpt lat="46.264377" lon="4.808588"><ele>176.25</ele></trkpt>
   <trkpt lat="46.263662" lon="4.811201"><ele>176.25</ele></trkpt>
   <trkpt lat="46.262013" lon="4.817225"><ele>178.5</ele></trkpt>
   <trkpt lat="46.261881" lon="4.817718"><ele>179.75</ele></trkpt>
   <trkpt lat="46.260919" lon="4.821234"><ele>179.75</ele></trkpt>
   <trkpt lat="46.260903" lon="4.821291"><ele>180</ele></trkpt>
   <trkpt lat="46.260501" lon="4.822737"><ele>181.75</ele></trkpt>
   <trkpt lat="46.260279" lon="4.823503"><ele>182.5</ele></trkpt>
   <trkpt lat="46.259908" lon="4.824746"><ele>180</ele></trkpt>
   <trkpt lat="46.259754" lon="4.825246"><ele>181.75</ele></trkpt>
   <trkpt lat="46.259591" lon="4.825737"><ele>178.5</ele></trkpt>
   <trkpt lat="46.259235" lon="4.826785"><ele>177.5</ele></trkpt>
   <trkpt lat="46.258883" lon="4.827781"><ele>181.75</ele></trkpt>
   <trkpt lat="46.258723" lon="4.828213"><ele>177</ele></trkpt>
   <trkpt lat="46.258563" lon="4.828634"><ele>179.75</ele></trkpt>
   <trkpt lat="46.258101" lon="4.829805"><ele>177.5</ele></trkpt>
   <trkpt lat="46.257741" lon="4.830667"><ele>177.75</ele></trkpt>
   <trkpt lat="46.257288" lon="4.831707"><ele>176.25</ele></trkpt>
   <trkpt lat="46.256828" lon="4.832708"><ele>176</ele></trkpt>
   <trkpt lat="46.256594" lon="4.833197"><ele>176.75</ele></trkpt>
   <trkpt lat="46.256264" lon="4.83387"><ele>175.75</ele></trkpt>
   <trkpt lat="46.255808" lon="4.834761"><ele>176.75</ele></trkpt>
   <trkpt lat="46.255202" lon="4.835893"><ele>177.75</ele></trkpt>
   <trkpt lat="46.254491" lon="4.837132"><ele>177.5</ele></trkpt>
   <trkpt lat="46.254077" lon="4.837825"><ele>177.75</ele></trkpt>
   <trkpt lat="46.253336" lon="4.839007"><ele>177.5</ele></trkpt>
   <trkpt lat="46.25327" lon="4.839106"><ele>177.25</ele></trkpt>
   <trkpt lat="46.252697" lon="4.839967"><ele>178</ele></trkpt>
   <trkpt lat="46.252318" lon="4.840512"><ele>178.5</ele></trkpt>
   <trkpt lat="46.252268" lon="4.840583"><ele>178.5</ele></trkpt>
   <trkpt lat="46.251814" lon="4.841212"><ele>179.75</ele></trkpt>
   <trkpt lat="46.251329" lon="4.841862"><ele>180.5</ele></trkpt>
   <trkpt lat="46.250875" lon="4.842453"><ele>181.75</ele></trkpt>
   <trkpt lat="46.250399" lon="4.843053"><ele>183.5</ele></trkpt>
   <trkpt lat="46.249752" lon="4.843836"><ele>185.75</ele></trkpt>
   <trkpt lat="46.249041" lon="4.844666"><ele>187</ele></trkpt>
   <trkpt lat="46.248179" lon="4.845629"><ele>189.25</ele></trkpt>
   <trkpt lat="46.248096" lon="4.845717"><ele>189.75</ele></trkpt>
   <trkpt lat="46.247544" lon="4.846306"><ele>192.75</ele></trkpt>
   <trkpt lat="46.246838" lon="4.847034"><ele>196.5</ele></trkpt>
   <trkpt lat="46.246248" lon="4.847615"><ele>198.5</ele></trkpt>
   <trkpt lat="46.245195" lon="4.848613"><ele>202</ele></trkpt>
   <trkpt lat="46.244071" lon="4.849607"><ele>205.25</ele></trkpt>
   <trkpt lat="46.243424" lon="4.850148"><ele>206</ele></trkpt>
   <trkpt lat="46.242573" lon="4.850827"><ele>206.25</ele></trkpt>
   <trkpt lat="46.241828" lon="4.851386"><ele>206</ele></trkpt>
   <trkpt lat="46.241178" lon="4.851858"><ele>205.5</ele></trkpt>
   <trkpt lat="46.240304" lon="4.85245"><ele>205.75</ele></trkpt>
   <trkpt lat="46.239579" lon="4.852917"><ele>205</ele></trkpt>
   <trkpt lat="46.238839" lon="4.853371"><ele>205.5</ele></trkpt>
   <trkpt lat="46.237579" lon="4.854079"><ele>206.5</ele></trkpt>
   <trkpt lat="46.2373" lon="4.854224"><ele>205.5</ele></trkpt>
   <trkpt lat="46.236561" lon="4.854596"><ele>204.25</ele></trkpt>
   <trkpt lat="46.23584" lon="4.854939"><ele>202.75</ele></trkpt>
   <trkpt lat="46.235253" lon="4.855202"><ele>202.75</ele></trkpt>
   <trkpt lat="46.234647" lon="4.855458"><ele>202</ele></trkpt>
   <trkpt lat="46.233992" lon="4.855721"><ele>202.25</ele></trkpt>
   <trkpt lat="46.233326" lon="4.855964"><ele>201.75</ele></trkpt>
   <trkpt lat="46.232251" lon="4.856322"><ele>201.25</ele></trkpt>
   <trkpt lat="46.23099" lon="4.856686"><ele>200.25</ele></trkpt>
   <trkpt lat="46.230326" lon="4.856854"><ele>199.25</ele></trkpt>
   <trkpt lat="46.229428" lon="4.857054"><ele>198.5</ele></trkpt>
   <trkpt lat="46.228762" lon="4.857182"><ele>199.75</ele></trkpt>
   <trkpt lat="46.227991" lon="4.857311"><ele>199.25</ele></trkpt>
   <trkpt lat="46.227525" lon="4.857379"><ele>198.75</ele></trkpt>
   <trkpt lat="46.227001" lon="4.857443"><ele>201</ele></trkpt>
   <trkpt lat="46.22617" lon="4.857528"><ele>203.25</ele></trkpt>
   <trkpt lat="46.2253" lon="4.857586"><ele>204.5</ele></trkpt>
   <trkpt lat="46.224416" lon="4.857619"><ele>206.5</ele></trkpt>
   <trkpt lat="46.223566" lon="4.857624"><ele>208.25</ele></trkpt>
   <trkpt lat="46.222236" lon="4.8576"><ele>208.75</ele></trkpt>
   <trkpt lat="46.221254" lon="4.857571"><ele>209</ele></trkpt>
   <trkpt lat="46.221221" lon="4.85757"><ele>209</ele></trkpt>
   <trkpt lat="46.218081" lon="4.857473"><ele>212</ele></trkpt>
   <trkpt lat="46.210191" lon="4.857232"><ele>204.5</ele></trkpt>
   <trkpt lat="46.210157" lon="4.857231"><ele>204.25</ele></trkpt>
   <trkpt lat="46.202514" lon="4.856991"><ele>201</ele></trkpt>
   <trkpt lat="46.201242" lon="4.856929"><ele>199.75</ele></trkpt>
   <trkpt lat="46.200288" lon="4.856864"><ele>196.75</ele></trkpt>
   <trkpt lat="46.200205" lon="4.856859"><ele>197.25</ele></trkpt>
   <trkpt lat="46.199521" lon="4.856802"><ele>198.75</ele></trkpt>
   <trkpt lat="46.199478" lon="4.856798"><ele>198.75</ele></trkpt>
   <trkpt lat="46.198559" lon="4.856712"><ele>200.25</ele></trkpt>
   <trkpt lat="46.196499" lon="4.85647"><ele>204</ele></trkpt>
   <trkpt lat="46.195086" lon="4.856257"><ele>207.5</ele></trkpt>
   <trkpt lat="46.194058" lon="4.856087"><ele>209</ele></trkpt>
   <trkpt lat="46.192677" lon="4.855828"><ele>211.75</ele></trkpt>
   <trkpt lat="46.191544" lon="4.855592"><ele>213</ele></trkpt>
   <trkpt lat="46.190484" lon="4.855353"><ele>213.25</ele></trkpt>
   <trkpt lat="46.18946" lon="4.855105"><ele>213.25</ele></trkpt>
   <trkpt lat="46.188808" lon="4.854938"><ele>213.25</ele></trkpt>
   <trkpt lat="46.187119" lon="4.85447"><ele>212</ele></trkpt>
   <trkpt lat="46.185869" lon="4.854092"><ele>210.75</ele></trkpt>
   <trkpt lat="46.18526" lon="4.853898"><ele>208</ele></trkpt>
   <trkpt lat="46.184632" lon="4.853693"><ele>207.25</ele></trkpt>
   <trkpt lat="46.183328" lon="4.853243"><ele>206.25</ele></trkpt>
   <trkpt lat="46.163513" lon="4.846008"><ele>189.5</ele></trkpt>
   <trkpt lat="46.163373" lon="4.845958"><ele>189.5</ele></trkpt>
   <trkpt lat="46.160576" lon="4.844939"><ele>188.75</ele></trkpt>
   <trkpt lat="46.160478" lon="4.844903"><ele>188.75</ele></trkpt>
   <trkpt lat="46.159881" lon="4.844688"><ele>190</ele></trkpt>
   <trkpt lat="46.158719" lon="4.844298"><ele>186.5</ele></trkpt>
   <trkpt lat="46.158482" lon="4.844222"><ele>187.5</ele></trkpt>
   <trkpt lat="46.157733" lon="4.843994"><ele>190.25</ele></trkpt>
   <trkpt lat="46.157056" lon="4.843803"><ele>191.25</ele></trkpt>
   <trkpt lat="46.156445" lon="4.843642"><ele>194</ele></trkpt>
   <trkpt lat="46.155873" lon="4.843509"><ele>193.25</ele></trkpt>
   <trkpt lat="46.15558" lon="4.843428"><ele>194</ele></trkpt>
   <trkpt lat="46.154527" lon="4.843198"><ele>194.5</ele></trkpt>
   <trkpt lat="46.15442" lon="4.843178"><ele>194.75</ele></trkpt>
   <trkpt lat="46.153587" lon="4.84302"><ele>200.25</ele></trkpt>
   <trkpt lat="46.153044" lon="4.842928"><ele>203.5</ele></trkpt>
   <trkpt lat="46.152502" lon="4.842842"><ele>204</ele></trkpt>
   <trkpt lat="46.151821" lon="4.842746"><ele>205.25</ele></trkpt>
   <trkpt lat="46.151075" lon="4.842659"><ele>207</ele></trkpt>
   <trkpt lat="46.150294" lon="4.842579"><ele>208.25</ele></trkpt>
   <trkpt lat="46.149472" lon="4.842517"><ele>208</ele></trkpt>
   <trkpt lat="46.14872" lon="4.842472"><ele>208.75</ele></trkpt>
   <trkpt lat="46.147854" lon="4.842444"><ele>209.5</ele></trkpt>
   <trkpt lat="46.147006" lon="4.842429"><ele>209.25</ele></trkpt>
   <trkpt lat="46.142789" lon="4.842416"><ele>216.75</ele></trkpt>
   <trkpt lat="46.142753" lon="4.842416"><ele>217</ele></trkpt>
   <trkpt lat="46.124128" lon="4.842364"><ele>243.25</ele></trkpt>
   <trkpt lat="46.117929" lon="4.842346"><ele>242.75</ele></trkpt>
   <trkpt lat="46.116825" lon="4.84235"><ele>242.25</ele></trkpt>
   <trkpt lat="46.115804" lon="4.84237"><ele>242.5</ele></trkpt>
   <trkpt lat="46.114984" lon="4.842407"><ele>242.5</ele></trkpt>
   <trkpt lat="46.114245" lon="4.842454"><ele>241.75</ele></trkpt>
   <trkpt lat="46.112891" lon="4.842579"><ele>243</ele></trkpt>
   <trkpt lat="46.11166" lon="4.842738"><ele>243.75</ele></trkpt>
   <trkpt lat="46.111205" lon="4.842806"><ele>244.75</ele></trkpt>
   <trkpt lat="46.109857" lon="4.843042"><ele>247</ele></trkpt>
   <trkpt lat="46.108994" lon="4.843217"><ele>249.25</ele></trkpt>
   <trkpt lat="46.107619" lon="4.843539"><ele>250.75</ele></trkpt>
   <trkpt lat="46.102568" lon="4.844813"><ele>255.25</ele></trkpt>
   <trkpt lat="46.100288" lon="4.845396"><ele>256</ele></trkpt>
   <trkpt lat="46.094184" lon="4.846934"><ele>249</ele></trkpt>
   <trkpt lat="46.094157" lon="4.846941"><ele>249</ele></trkpt>
   <trkpt lat="46.091404" lon="4.847629"><ele>248.25</ele></trkpt>
   <trkpt lat="46.089781" lon="4.84799"><ele>246.75</ele></trkpt>
   <trkpt lat="46.088758" lon="4.848197"><ele>244.25</ele></trkpt>
   <trkpt lat="46.08785" lon="4.848364"><ele>243.75</ele></trkpt>
   <trkpt lat="46.086444" lon="4.848598"><ele>242</ele></trkpt>
   <trkpt lat="46.08642" lon="4.848602"><ele>242</ele></trkpt>
   <trkpt lat="46.085116" lon="4.848789"><ele>243.25</ele></trkpt>
   <trkpt lat="46.084087" lon="4.848917"><ele>241</ele></trkpt>
   <trkpt lat="46.082769" lon="4.849056"><ele>240.25</ele></trkpt>
   <trkpt lat="46.081075" lon="4.849196"><ele>237</ele></trkpt>
   <trkpt lat="46.080445" lon="4.849236"><ele>235.5</ele></trkpt>
   <trkpt lat="46.080359" lon="4.84924"><ele>235</ele></trkpt>
   <trkpt lat="46.078005" lon="4.849331"><ele>236.25</ele></trkpt>
   <trkpt lat="46.075085" lon="4.849338"><ele>240.5</ele></trkpt>
   <trkpt lat="46.075048" lon="4.849338"><ele>240.25</ele></trkpt>
   <trkpt lat="46.065748" lon="4.849313"><ele>251.5</ele></trkpt>
   <trkpt lat="46.064981" lon="4.849308"><ele>252.5</ele></trkpt>
   <trkpt lat="46.061757" lon="4.849302"><ele>257.75</ele></trkpt>
   <trkpt lat="46.052233" lon="4.849276"><ele>261.5</ele></trkpt>
   <trkpt lat="46.0509" lon="4.849286"><ele>262.5</ele></trkpt>
   <trkpt lat="46.048922" lon="4.849324"><ele>263.5</ele></trkpt>
   <trkpt lat="46.047783" lon="4.84936"><ele>264.5</ele></trkpt>
   <trkpt lat="46.04662" lon="4.849408"><ele>265</ele></trkpt>
   <trkpt lat="46.045401" lon="4.849472"><ele>266.25</ele></trkpt>
   <trkpt lat="46.043126" lon="4.849618"><ele>268</ele></trkpt>
   <trkpt lat="46.041674" lon="4.849733"><ele>271</ele></trkpt>
   <trkpt lat="46.040793" lon="4.849813"><ele>273</ele></trkpt>
   <trkpt lat="46.039899" lon="4.849898"><ele>272.25</ele></trkpt>
   <trkpt lat="46.038717" lon="4.850023"><ele>273.5</ele></trkpt>
   <trkpt lat="46.038686" lon="4.850026"><ele>273.5</ele></trkpt>
   <trkpt lat="46.038" lon="4.850103"><ele>272</ele></trkpt>
   <trkpt lat="46.037883" lon="4.850116"><ele>271.75</ele></trkpt>
   <trkpt lat="46.03593" lon="4.850358"><ele>272.25</ele></trkpt>
   <trkpt lat="46.034675" lon="4.85053"><ele>271.75</ele></trkpt>
   <trkpt lat="46.033353" lon="4.850725"><ele>273</ele></trkpt>
   <trkpt lat="46.031248" lon="4.851065"><ele>271.5</ele></trkpt>
   <trkpt lat="46.0297" lon="4.851338"><ele>272.75</ele></trkpt>
   <trkpt lat="46.028068" lon="4.851646"><ele>273.75</ele></trkpt>
   <trkpt lat="46.025601" lon="4.852155"><ele>274.25</ele></trkpt>
   <trkpt lat="46.025552" lon="4.852166"><ele>274.5</ele></trkpt>
   <trkpt lat="46.023588" lon="4.852606"><ele>276.25</ele></trkpt>
   <trkpt lat="46.021806" lon="4.853034"><ele>278.25</ele></trkpt>
   <trkpt lat="46.021696" lon="4.85306"><ele>278.75</ele></trkpt>
   <trkpt lat="46.020274" lon="4.853422"><ele>278.5</ele></trkpt>
   <trkpt lat="46.018834" lon="4.853805"><ele>278</ele></trkpt>
   <trkpt lat="46.018789" lon="4.853817"><ele>278.25</ele></trkpt>
   <trkpt lat="46.015661" lon="4.854653"><ele>276.5</ele></trkpt>
   <trkpt lat="46.015564" lon="4.85468"><ele>275.75</ele></trkpt>
   <trkpt lat="46.010977" lon="4.855908"><ele>276</ele></trkpt>
   <trkpt lat="46.00854" lon="4.85657"><ele>274.75</ele></trkpt>
   <trkpt lat="45.99839" lon="4.859279"><ele>266</ele></trkpt>
   <trkpt lat="45.995711" lon="4.859997"><ele>263.75</ele></trkpt>
   <trkpt lat="45.995163" lon="4.860137"><ele>262.25</ele></trkpt>
   <trkpt lat="45.995128" lon="4.860146"><ele>262</ele></trkpt>
   <trkpt lat="45.99461" lon="4.860279"><ele>262.25</ele></trkpt>
   <trkpt lat="45.993419" lon="4.860561"><ele>262.25</ele></trkpt>
   <trkpt lat="45.99201" lon="4.860866"><ele>259.25</ele></trkpt>
   <trkpt lat="45.991926" lon="4.860884"><ele>258.75</ele></trkpt>
   <trkpt lat="45.990572" lon="4.861144"><ele>264.25</ele></trkpt>
   <trkpt lat="45.989688" lon="4.861296"><ele>266.25</ele></trkpt>
   <trkpt lat="45.98852" lon="4.86148"><ele>268.75</ele></trkpt>
   <trkpt lat="45.986925" lon="4.861694"><ele>271</ele></trkpt>
   <trkpt lat="45.985643" lon="4.861836"><ele>274.25</ele></trkpt>
   <trkpt lat="45.984376" lon="4.861951"><ele>275</ele></trkpt>
   <trkpt lat="45.982895" lon="4.862054"><ele>276</ele></trkpt>
   <trkpt lat="45.982077" lon="4.862096"><ele>277.5</ele></trkpt>
   <trkpt lat="45.980407" lon="4.862152"><ele>278</ele></trkpt>
   <trkpt lat="45.97394" lon="4.862342"><ele>283.5</ele></trkpt>
   <trkpt lat="45.972385" lon="4.862411"><ele>285.5</ele></trkpt>
   <trkpt lat="45.971634" lon="4.86246"><ele>286.5</ele></trkpt>
   <trkpt lat="45.970117" lon="4.862601"><ele>285.75</ele></trkpt>
   <trkpt lat="45.969212" lon="4.862709"><ele>286.25</ele></trkpt>
   <trkpt lat="45.968306" lon="4.862834"><ele>285.75</ele></trkpt>
   <trkpt lat="45.967149" lon="4.863014"><ele>283.25</ele></trkpt>
   <trkpt lat="45.953411" lon="4.86527"><ele>270.5</ele></trkpt>
   <trkpt lat="45.95334" lon="4.865281"><ele>270.75</ele></trkpt>
   <trkpt lat="45.952532" lon="4.865414"><ele>268</ele></trkpt>
   <trkpt lat="45.952385" lon="4.865438"><ele>268.5</ele></trkpt>
   <trkpt lat="45.937071" lon="4.867952"><ele>285</ele></trkpt>
   <trkpt lat="45.934463" lon="4.868386"><ele>287.75</ele></trkpt>
   <trkpt lat="45.933541" lon="4.868556"><ele>287.75</ele></trkpt>
   <trkpt lat="45.932341" lon="4.868801"><ele>289</ele></trkpt>
   <trkpt lat="45.931306" lon="4.869043"><ele>290</ele></trkpt>
   <trkpt lat="45.929627" lon="4.869469"><ele>289.75</ele></trkpt>
   <trkpt lat="45.923013" lon="4.871218"><ele>286.25</ele></trkpt>
   <trkpt lat="45.921433" lon="4.871616"><ele>283.75</ele></trkpt>
   <trkpt lat="45.919767" lon="4.871994"><ele>279</ele></trkpt>
   <trkpt lat="45.918671" lon="4.872225"><ele>276</ele></trkpt>
   <trkpt lat="45.916753" lon="4.872562"><ele>270.25</ele></trkpt>
   <trkpt lat="45.916657" lon="4.872576"><ele>269.25</ele></trkpt>
   <trkpt lat="45.915164" lon="4.872802"><ele>272.5</ele></trkpt>
   <trkpt lat="45.907885" lon="4.873768"><ele>282.5</ele></trkpt>
   <trkpt lat="45.906114" lon="4.874039"><ele>284.25</ele></trkpt>
   <trkpt lat="45.904586" lon="4.874316"><ele>285.5</ele></trkpt>
   <trkpt lat="45.903842" lon="4.874463"><ele>287.75</ele></trkpt>
   <trkpt lat="45.903108" lon="4.874619"><ele>288.25</ele></trkpt>
   <trkpt lat="45.901477" lon="4.874995"><ele>287</ele></trkpt>
   <trkpt lat="45.90062" lon="4.875211"><ele>286.75</ele></trkpt>
   <trkpt lat="45.898897" lon="4.875671"><ele>285.25</ele></trkpt>
   <trkpt lat="45.893201" lon="4.877216"><ele>278.5</ele></trkpt>
   <trkpt lat="45.889411" lon="4.878336"><ele>277</ele></trkpt>
   <trkpt lat="45.888589" lon="4.878597"><ele>277</ele></trkpt>
   <trkpt lat="45.887978" lon="4.878818"><ele>277</ele></trkpt>
   <trkpt lat="45.887285" lon="4.879098"><ele>278.25</ele></trkpt>
   <trkpt lat="45.886889" lon="4.879273"><ele>277.75</ele></trkpt>
   <trkpt lat="45.886285" lon="4.879558"><ele>279.5</ele></trkpt>
   <trkpt lat="45.884995" lon="4.880198"><ele>286.5</ele></trkpt>
   <trkpt lat="45.884051" lon="4.880652"><ele>290.5</ele></trkpt>
   <trkpt lat="45.883261" lon="4.880993"><ele>294</ele></trkpt>
   <trkpt lat="45.882951" lon="4.881115"><ele>294.75</ele></trkpt>
   <trkpt lat="45.882506" lon="4.881277"><ele>296.25</ele></trkpt>
   <trkpt lat="45.881727" lon="4.881527"><ele>297.75</ele></trkpt>
   <trkpt lat="45.880982" lon="4.881724"><ele>297.75</ele></trkpt>
   <trkpt lat="45.880241" lon="4.881885"><ele>297.25</ele></trkpt>
   <trkpt lat="45.879809" lon="4.881959"><ele>296.5</ele></trkpt>
   <trkpt lat="45.879541" lon="4.881994"><ele>293.25</ele></trkpt>
   <trkpt lat="45.879128" lon="4.882049"><ele>294.25</ele></trkpt>
   <trkpt lat="45.878745" lon="4.88209"><ele>294</ele></trkpt>
   <trkpt lat="45.878291" lon="4.882125"><ele>295.5</ele></trkpt>
   <trkpt lat="45.87608" lon="4.882235"><ele>291</ele></trkpt>
   <trkpt lat="45.875585" lon="4.882272"><ele>291.5</ele></trkpt>
   <trkpt lat="45.874886" lon="4.882347"><ele>287.75</ele></trkpt>
   <trkpt lat="45.874265" lon="4.882438"><ele>286.75</ele></trkpt>
   <trkpt lat="45.87363" lon="4.882557"><ele>286.25</ele></trkpt>
   <trkpt lat="45.872676" lon="4.882783"><ele>285</ele></trkpt>
   <trkpt lat="45.86605" lon="4.884575"><ele>274.75</ele></trkpt>
   <trkpt lat="45.86525" lon="4.884783"><ele>272.25</ele></trkpt>
   <trkpt lat="45.863641" lon="4.885187"><ele>268</ele></trkpt>
   <trkpt lat="45.861214" lon="4.885756"><ele>262</ele></trkpt>
   <trkpt lat="45.861174" lon="4.885765"><ele>262</ele></trkpt>
   <trkpt lat="45.84949" lon="4.888437"><ele>271.25</ele></trkpt>
   <trkpt lat="45.849434" lon="4.888449"><ele>271</ele></trkpt>
   <trkpt lat="45.84248" lon="4.89004"><ele>290.5</ele></trkpt>
   <trkpt lat="45.836979" lon="4.891293"><ele>286</ele></trkpt>
   <trkpt lat="45.83644" lon="4.89139"><ele>284.75</ele></trkpt>
   <trkpt lat="45.835911" lon="4.891461"><ele>283</ele></trkpt>
   <trkpt lat="45.83544" lon="4.891499"><ele>282.75</ele></trkpt>
   <trkpt lat="45.835098" lon="4.891514"><ele>281.5</ele></trkpt>
   <trkpt lat="45.834529" lon="4.891513"><ele>278.5</ele></trkpt>
   <trkpt lat="45.834148" lon="4.891496"><ele>277.75</ele></trkpt>
   <trkpt lat="45.833793" lon="4.891466"><ele>277.75</ele></trkpt>
   <trkpt lat="45.833455" lon="4.891426"><ele>278.5</ele></trkpt>
   <trkpt lat="45.833127" lon="4.891375"><ele>277.75</ele></trkpt>
   <trkpt lat="45.832618" lon="4.891278"><ele>276.5</ele></trkpt>
   <trkpt lat="45.83228" lon="4.891198"><ele>276.5</ele></trkpt>
   <trkpt lat="45.831935" lon="4.891103"><ele>275.75</ele></trkpt>
   <trkpt lat="45.831597" lon="4.891"><ele>275</ele></trkpt>
   <trkpt lat="45.831251" lon="4.890881"><ele>275</ele></trkpt>
   <trkpt lat="45.830953" lon="4.89077"><ele>274</ele></trkpt>
   <trkpt lat="45.830666" lon="4.890652"><ele>273.5</ele></trkpt>
   <trkpt lat="45.830214" lon="4.890448"><ele>271</ele></trkpt>
   <trkpt lat="45.830061" lon="4.890371"><ele>270.25</ele></trkpt>
   <trkpt lat="45.830009" lon="4.890344"><ele>270.25</ele></trkpt>
   <trkpt lat="45.829746" lon="4.890208"><ele>270.25</ele></trkpt>
   <trkpt lat="45.829419" lon="4.890024"><ele>271.5</ele></trkpt>
   <trkpt lat="45.828789" lon="4.889627"><ele>272</ele></trkpt>
   <trkpt lat="45.828444" lon="4.889388"><ele>270.75</ele></trkpt>
   <trkpt lat="45.828068" lon="4.889108"><ele>270</ele></trkpt>
   <trkpt lat="45.827761" lon="4.888858"><ele>268.5</ele></trkpt>
   <trkpt lat="45.827583" lon="4.888709"><ele>269.5</ele></trkpt>
   <trkpt lat="45.827224" lon="4.888388"><ele>267.75</ele></trkpt>
   <trkpt lat="45.826987" lon="4.888167"><ele>267.75</ele></trkpt>
   <trkpt lat="45.826761" lon="4.887942"><ele>267.75</ele></trkpt>
   <trkpt lat="45.82652" lon="4.887698"><ele>267.5</ele></trkpt>
   <trkpt lat="45.826339" lon="4.887499"><ele>265.75</ele></trkpt>
   <trkpt lat="45.826159" lon="4.887303"><ele>265.75</ele></trkpt>
   <trkpt lat="45.825839" lon="4.886932"><ele>263.75</ele></trkpt>
   <trkpt lat="45.825571" lon="4.8866"><ele>262.25</ele></trkpt>
   <trkpt lat="45.825335" lon="4.886294"><ele>262</ele></trkpt>
   <trkpt lat="45.824934" lon="4.885738"><ele>263.5</ele></trkpt>
   <trkpt lat="45.824654" lon="4.885323"><ele>264.5</ele></trkpt>
   <trkpt lat="45.824272" lon="4.884713"><ele>264.5</ele></trkpt>
   <trkpt lat="45.823966" lon="4.884184"><ele>264.75</ele></trkpt>
   <trkpt lat="45.823725" lon="4.88374"><ele>265</ele></trkpt>
   <trkpt lat="45.823314" lon="4.882914"><ele>265</ele></trkpt>
   <trkpt lat="45.823155" lon="4.882566"><ele>265.75</ele></trkpt>
   <trkpt lat="45.822887" lon="4.881944"><ele>266.5</ele></trkpt>
   <trkpt lat="45.822735" lon="4.881566"><ele>266.5</ele></trkpt>
   <trkpt lat="45.822556" lon="4.881093"><ele>267</ele></trkpt>
   <trkpt lat="45.822367" lon="4.880556"><ele>266</ele></trkpt>
   <trkpt lat="45.821883" lon="4.879075"><ele>265.25</ele></trkpt>
   <trkpt lat="45.821785" lon="4.878792"><ele>265</ele></trkpt>
   <trkpt lat="45.821569" lon="4.878229"><ele>265.25</ele></trkpt>
   <trkpt lat="45.821373" lon="4.877791"><ele>266</ele></trkpt>
   <trkpt lat="45.821221" lon="4.877486"><ele>265.5</ele></trkpt>
   <trkpt lat="45.821162" lon="4.877371"><ele>265.5</ele></trkpt>
   <trkpt lat="45.82099" lon="4.877069"><ele>264.5</ele></trkpt>
   <trkpt lat="45.820707" lon="4.876596"><ele>265.75</ele></trkpt>
   <trkpt lat="45.820065" lon="4.875562"><ele>265</ele></trkpt>
   <trkpt lat="45.819221" lon="4.874175"><ele>265.75</ele></trkpt>
   <trkpt lat="45.817973" lon="4.872149"><ele>265.75</ele></trkpt>
   <trkpt lat="45.817806" lon="4.871881"><ele>265</ele></trkpt>
   <trkpt lat="45.817504" lon="4.871424"><ele>265.25</ele></trkpt>
   <trkpt lat="45.817397" lon="4.871286"><ele>265.75</ele></trkpt>
   <trkpt lat="45.817297" lon="4.871156"><ele>265.5</ele></trkpt>
   <trkpt lat="45.817044" lon="4.870871"><ele>265.25</ele></trkpt>
   <trkpt lat="45.816731" lon="4.87056"><ele>264</ele></trkpt>
   <trkpt lat="45.816587" lon="4.870441"><ele>264.25</ele></trkpt>
   <trkpt lat="45.816387" lon="4.870293"><ele>263</ele></trkpt>
   <trkpt lat="45.816201" lon="4.870169"><ele>264</ele></trkpt>
   <trkpt lat="45.815901" lon="4.869985"><ele>262.75</ele></trkpt>
   <trkpt lat="45.81586" lon="4.869965"><ele>262.75</ele></trkpt>
   <trkpt lat="45.815341" lon="4.869761"><ele>262.25</ele></trkpt>
   <trkpt lat="45.81511" lon="4.869691"><ele>262</ele></trkpt>
   <trkpt lat="45.814704" lon="4.869627"><ele>262.75</ele></trkpt>
   <trkpt lat="45.814311" lon="4.869614"><ele>262.25</ele></trkpt>
   <trkpt lat="45.814161" lon="4.869617"><ele>261.75</ele></trkpt>
   <trkpt lat="45.813877" lon="4.869657"><ele>260.75</ele></trkpt>
   <trkpt lat="45.813641" lon="4.869713"><ele>260</ele></trkpt>
   <trkpt lat="45.813069" lon="4.869923"><ele>259</ele></trkpt>
   <trkpt lat="45.812746" lon="4.870075"><ele>258.25</ele></trkpt>
   <trkpt lat="45.812451" lon="4.870228"><ele>257.5</ele></trkpt>
   <trkpt lat="45.812073" lon="4.870498"><ele>256.5</ele></trkpt>
   <trkpt lat="45.81173" lon="4.870812"><ele>255.75</ele></trkpt>
   <trkpt lat="45.811381" lon="4.871222"><ele>254.75</ele></trkpt>
   <trkpt lat="45.811058" lon="4.871632"><ele>254</ele></trkpt>
   <trkpt lat="45.810677" lon="4.872286"><ele>252.75</ele></trkpt>
   <trkpt lat="45.810352" lon="4.873052"><ele>251.5</ele></trkpt>
   <trkpt lat="45.810032" lon="4.8742"><ele>249.5</ele></trkpt>
   <trkpt lat="45.809918" lon="4.875479"><ele>247.75</ele></trkpt>
   <trkpt lat="45.809893" lon="4.876714"><ele>246</ele></trkpt>
   <trkpt lat="45.809845" lon="4.87791"><ele>244.25</ele></trkpt>
   <trkpt lat="45.809746" lon="4.879141"><ele>242.25</ele></trkpt>
   <trkpt lat="45.809557" lon="4.880087"><ele>241</ele></trkpt>
   <trkpt lat="45.809369" lon="4.880735"><ele>240</ele></trkpt>
   <trkpt lat="45.809144" lon="4.881329"><ele>239</ele></trkpt>
   <trkpt lat="45.808857" lon="4.881924"><ele>238</ele></trkpt>
   <trkpt lat="45.80871" lon="4.882163"><ele>238</ele></trkpt>
   <trkpt lat="45.808448" lon="4.882551"><ele>236.75</ele></trkpt>
   <trkpt lat="45.808334" lon="4.882706"><ele>233.75</ele></trkpt>
   <trkpt lat="45.808029" lon="4.883066"><ele>232</ele></trkpt>
   <trkpt lat="45.80773" lon="4.883365"><ele>231</ele></trkpt>
   <trkpt lat="45.807631" lon="4.883451"><ele>231.25</ele></trkpt>
   <trkpt lat="45.807416" lon="4.883626"><ele>230.25</ele></trkpt>
   <trkpt lat="45.807203" lon="4.883769"><ele>228.75</ele></trkpt>
   <trkpt lat="45.806951" lon="4.883927"><ele>227.75</ele></trkpt>
   <trkpt lat="45.806719" lon="4.884041"><ele>225.75</ele></trkpt>
   <trkpt lat="45.806474" lon="4.884147"><ele>226</ele></trkpt>
   <trkpt lat="45.806232" lon="4.884228"><ele>225.5</ele></trkpt>
   <trkpt lat="45.806069" lon="4.884273"><ele>224</ele></trkpt>
   <trkpt lat="45.805705" lon="4.884342"><ele>222.75</ele></trkpt>
   <trkpt lat="45.805499" lon="4.884366"><ele>222.5</ele></trkpt>
   <trkpt lat="45.805205" lon="4.88437"><ele>221</ele></trkpt>
   <trkpt lat="45.805002" lon="4.884365"><ele>220</ele></trkpt>
   <trkpt lat="45.804816" lon="4.884344"><ele>219.25</ele></trkpt>
   <trkpt lat="45.804616" lon="4.884307"><ele>219.25</ele></trkpt>
   <trkpt lat="45.804231" lon="4.884203"><ele>220.75</ele></trkpt>
   <trkpt lat="45.803851" lon="4.884038"><ele>218.25</ele></trkpt>
   <trkpt lat="45.803666" lon="4.883941"><ele>219.5</ele></trkpt>
   <trkpt lat="45.803485" lon="4.883832"><ele>218.75</ele></trkpt>
   <trkpt lat="45.802987" lon="4.883467"><ele>219.5</ele></trkpt>
   <trkpt lat="45.802718" lon="4.883222"><ele>219</ele></trkpt>
   <trkpt lat="45.802515" lon="4.883005"><ele>219</ele></trkpt>
   <trkpt lat="45.802318" lon="4.882773"><ele>219</ele></trkpt>
   <trkpt lat="45.802159" lon="4.882567"><ele>218.25</ele></trkpt>
   <trkpt lat="45.802008" lon="4.882345"><ele>218.25</ele></trkpt>
   <trkpt lat="45.801703" lon="4.881852"><ele>219.5</ele></trkpt>
   <trkpt lat="45.800076" lon="4.879156"><ele>214.75</ele></trkpt>
   <trkpt lat="45.799903" lon="4.878899"><ele>213</ele></trkpt>
   <trkpt lat="45.799715" lon="4.878656"><ele>211.25</ele></trkpt>
   <trkpt lat="45.799521" lon="4.878429"><ele>212.75</ele></trkpt>
   <trkpt lat="45.799313" lon="4.878214"><ele>213</ele></trkpt>
   <trkpt lat="45.799151" lon="4.878064"><ele>209.5</ele></trkpt>
   <trkpt lat="45.798804" lon="4.877794"><ele>210.5</ele></trkpt>
   <trkpt lat="45.798447" lon="4.877578"><ele>211</ele></trkpt>
   <trkpt lat="45.798231" lon="4.877462"><ele>207</ele></trkpt>
   <trkpt lat="45.797681" lon="4.877208"><ele>203</ele></trkpt>
   <trkpt lat="45.797028" lon="4.876891"><ele>201</ele></trkpt>
   <trkpt lat="45.796699" lon="4.876686"><ele>200.75</ele></trkpt>
   <trkpt lat="45.796489" lon="4.876532"><ele>201.5</ele></trkpt>
   <trkpt lat="45.796299" lon="4.876368"><ele>200.5</ele></trkpt>
   <trkpt lat="45.796025" lon="4.876112"><ele>198.5</ele></trkpt>
   <trkpt lat="45.795649" lon="4.875694"><ele>196.5</ele></trkpt>
   <trkpt lat="45.795507" lon="4.875505"><ele>196.5</ele></trkpt>
   <trkpt lat="45.79533" lon="4.875239"><ele>196</ele></trkpt>
   <trkpt lat="45.795118" lon="4.874874"><ele>195.5</ele></trkpt>
   <trkpt lat="45.794913" lon="4.874473"><ele>196</ele></trkpt>
   <trkpt lat="45.794304" lon="4.873166"><ele>192.5</ele></trkpt>
   <trkpt lat="45.7939" lon="4.872351"><ele>191.5</ele></trkpt>
   <trkpt lat="45.793663" lon="4.871898"><ele>187.25</ele></trkpt>
   <trkpt lat="45.793563" lon="4.871704"><ele>187</ele></trkpt>
   <trkpt lat="45.793334" lon="4.871242"><ele>190.5</ele></trkpt>
   <trkpt lat="45.793112" lon="4.870742"><ele>194.25</ele></trkpt>
   <trkpt lat="45.792987" lon="4.870418"><ele>191</ele></trkpt>
   <trkpt lat="45.792898" lon="4.870168"><ele>193</ele></trkpt>
   <trkpt lat="45.792801" lon="4.869852"><ele>191.25</ele></trkpt>
   <trkpt lat="45.792707" lon="4.869493"><ele>192.75</ele></trkpt>
   <trkpt lat="45.792632" lon="4.869163"><ele>191</ele></trkpt>
   <trkpt lat="45.792544" lon="4.868681"><ele>185.75</ele></trkpt>
   <trkpt lat="45.792498" lon="4.868341"><ele>184.75</ele></trkpt>
   <trkpt lat="45.792476" lon="4.868123"><ele>184</ele></trkpt>
   <trkpt lat="45.792445" lon="4.867704"><ele>184.25</ele></trkpt>
   <trkpt lat="45.792428" lon="4.866863"><ele>185</ele></trkpt>
   <trkpt lat="45.792411" lon="4.866429"><ele>185.5</ele></trkpt>
   <trkpt lat="45.792346" lon="4.86558"><ele>186.25</ele></trkpt>
   <trkpt lat="45.792293" lon="4.865163"><ele>186.25</ele></trkpt>
   <trkpt lat="45.79222" lon="4.864764"><ele>185</ele></trkpt>
   <trkpt lat="45.792155" lon="4.864458"><ele>184</ele></trkpt>
   <trkpt lat="45.792088" lon="4.864204"><ele>183</ele></trkpt>
   <trkpt lat="45.79201" lon="4.863927"><ele>182.25</ele></trkpt>
   <trkpt lat="45.791927" lon="4.863685"><ele>181.5</ele></trkpt>
   <trkpt lat="45.791833" lon="4.863431"><ele>181.5</ele></trkpt>
   <trkpt lat="45.791704" lon="4.863124"><ele>178.25</ele></trkpt>
   <trkpt lat="45.791523" lon="4.862764"><ele>180.25</ele></trkpt>
   <trkpt lat="45.791362" lon="4.862463"><ele>177</ele></trkpt>
   <trkpt lat="45.79093" lon="4.861821"><ele>176</ele></trkpt>
   <trkpt lat="45.790828" lon="4.861691"><ele>176</ele></trkpt>
   <trkpt lat="45.790568" lon="4.86141"><ele>176</ele></trkpt>
   <trkpt lat="45.790283" lon="4.861152"><ele>176</ele></trkpt>
   <trkpt lat="45.789798" lon="4.860753"><ele>176.5</ele></trkpt>
   <trkpt lat="45.789556" lon="4.860576"><ele>175.75</ele></trkpt>
   <trkpt lat="45.789363" lon="4.860452"><ele>176</ele></trkpt>
   <trkpt lat="45.789193" lon="4.860376"><ele>176.25</ele></trkpt>
   <trkpt lat="45.789125" lon="4.860351"><ele>176.5</ele></trkpt>
   <trkpt lat="45.78894" lon="4.860292"><ele>177</ele></trkpt>
   <trkpt lat="45.788753" lon="4.860244"><ele>177</ele></trkpt>
   <trkpt lat="45.788568" lon="4.860177"><ele>177.25</ele></trkpt>
   <trkpt lat="45.788364" lon="4.860121"><ele>177</ele></trkpt>
   <trkpt lat="45.788176" lon="4.860075"><ele>176.75</ele></trkpt>
   <trkpt lat="45.787691" lon="4.860012"><ele>176.5</ele></trkpt>
   <trkpt lat="45.786996" lon="4.859941"><ele>175.75</ele></trkpt>
   <trkpt lat="45.785506" lon="4.859799"><ele>174.75</ele></trkpt>
   <trkpt lat="45.78451" lon="4.859724"><ele>174</ele></trkpt>
   <trkpt lat="45.783211" lon="4.859618"><ele>174</ele></trkpt>
   <trkpt lat="45.782689" lon="4.859558"><ele>173.5</ele></trkpt>
   <trkpt lat="45.782451" lon="4.859511"><ele>173.75</ele></trkpt>
   <trkpt lat="45.781711" lon="4.859341"><ele>174</ele></trkpt>
   <trkpt lat="45.781162" lon="4.859224"><ele>174</ele></trkpt>
   <trkpt lat="45.780785" lon="4.859156"><ele>173.75</ele></trkpt>
   <trkpt lat="45.78037" lon="4.859094"><ele>173.25</ele></trkpt>
   <trkpt lat="45.779847" lon="4.859035"><ele>173</ele></trkpt>
   <trkpt lat="45.777919" lon="4.858825"><ele>172.25</ele></trkpt>
   <trkpt lat="45.777704" lon="4.85881"><ele>172</ele></trkpt>
   <trkpt lat="45.777406" lon="4.858809"><ele>172</ele></trkpt>
   <trkpt lat="45.776705" lon="4.858861"><ele>171.75</ele></trkpt>
   <trkpt lat="45.776491" lon="4.85887"><ele>171.5</ele></trkpt>
   <trkpt lat="45.776327" lon="4.858873"><ele>171.5</ele></trkpt>
   <trkpt lat="45.776008" lon="4.858853"><ele>171.5</ele></trkpt>
   <trkpt lat="45.772732" lon="4.858533"><ele>170</ele></trkpt>
   <trkpt lat="45.772528" lon="4.858529"><ele>170.25</ele></trkpt>
   <trkpt lat="45.772413" lon="4.858535"><ele>170.25</ele></trkpt>
   <trkpt lat="45.772238" lon="4.858554"><ele>170</ele></trkpt>
   <trkpt lat="45.772023" lon="4.858591"><ele>170.75</ele></trkpt>
   <trkpt lat="45.771706" lon="4.858676"><ele>171.75</ele></trkpt>
   <trkpt lat="45.77126" lon="4.858813"><ele>173.25</ele></trkpt>
   <trkpt lat="45.770984" lon="4.858907"><ele>173.5</ele></trkpt>
   <trkpt lat="45.770674" lon="4.859042"><ele>171</ele></trkpt>
   <trkpt lat="45.770522" lon="4.859124"><ele>171.75</ele></trkpt>
   <trkpt lat="45.770252" lon="4.859296"><ele>171.25</ele></trkpt>
   <trkpt lat="45.770066" lon="4.859422"><ele>171.25</ele></trkpt>
   <trkpt lat="45.770029" lon="4.859449"><ele>171.25</ele></trkpt>
   <trkpt lat="45.769828" lon="4.859592"><ele>171.25</ele></trkpt>
   <trkpt lat="45.769687" lon="4.859675"><ele>172.5</ele></trkpt>
   <trkpt lat="45.76957" lon="4.859732"><ele>172.75</ele></trkpt>
   <trkpt lat="45.769399" lon="4.859817"><ele>172.5</ele></trkpt>
   <trkpt lat="45.769207" lon="4.859904"><ele>172.75</ele></trkpt>
   <trkpt lat="45.768889" lon="4.860007"><ele>171.75</ele></trkpt>
   <trkpt lat="45.768724" lon="4.860051"><ele>171.75</ele></trkpt>
   <trkpt lat="45.768419" lon="4.860131"><ele>172.5</ele></trkpt>
   <trkpt lat="45.768206" lon="4.860162"><ele>172.5</ele></trkpt>
   <trkpt lat="45.767221" lon="4.860206"><ele>173</ele></trkpt>
   <trkpt lat="45.766307" lon="4.860244"><ele>172</ele></trkpt>
   <trkpt lat="45.766197" lon="4.860249"><ele>172</ele></trkpt>
   <trkpt lat="45.765441" lon="4.860282"><ele>172</ele></trkpt>
   <trkpt lat="45.76493" lon="4.860307"><ele>172</ele></trkpt>
   <trkpt lat="45.764805" lon="4.860311"><ele>172</ele></trkpt>
   <trkpt lat="45.764546" lon="4.860322"><ele>172</ele></trkpt>
   <trkpt lat="45.763999" lon="4.860254"><ele>172.75</ele></trkpt>
   <trkpt lat="45.763782" lon="4.860241"><ele>171.25</ele></trkpt>
   <trkpt lat="45.763603" lon="4.860236"><ele>169.25</ele></trkpt>
   <trkpt lat="45.763284" lon="4.86023"><ele>173</ele></trkpt>
   <trkpt lat="45.762971" lon="4.860213"><ele>173</ele></trkpt>
   <trkpt lat="45.762939" lon="4.860213"><ele>173</ele></trkpt>
   <trkpt lat="45.762857" lon="4.860208"><ele>173</ele></trkpt>
   <trkpt lat="45.76274" lon="4.860206"><ele>173</ele></trkpt>
   <trkpt lat="45.762438" lon="4.860196"><ele>173</ele></trkpt>
   <trkpt lat="45.762168" lon="4.860167"><ele>173</ele></trkpt>
   <trkpt lat="45.761539" lon="4.860068"><ele>171.5</ele></trkpt>
   <trkpt lat="45.761139" lon="4.860022"><ele>168</ele></trkpt>
   <trkpt lat="45.760884" lon="4.860003"><ele>169.25</ele></trkpt>
   <trkpt lat="45.76055" lon="4.85998"><ele>171.25</ele></trkpt>
   <trkpt lat="45.760289" lon="4.859961"><ele>173</ele></trkpt>
   <trkpt lat="45.759314" lon="4.859911"><ele>173</ele></trkpt>
   <trkpt lat="45.759077" lon="4.859914"><ele>170.5</ele></trkpt>
   <trkpt lat="45.75893" lon="4.859919"><ele>167.75</ele></trkpt>
  </trkseg>
 </trk>
</gpx>