<?xml version="1.0" encoding="UTF-8"?>
<!-- track-length = 156919 filtered ascend = 913 plain-ascend = 223 cost=156919 energy=2.0kwh time=3h 29m 14s -->
<gpx 
 xmlns="http://www.topografix.com/GPX/1/1" 
 xmlns:xsi="http://www.w3.org/2001/XMLSchema-instance" 
 xsi:schemaLocation="http://www.topografix.com/GPX/1/1 http://www.topografix.com/GPX/1/1/gpx.xsd" 
 version="1.1" 
 creator="BRouter-Web 99.71.0">
 <trk>
  <name>Lyon-Geneva</name>
  <link href="https://brouter.damsy.net/latest/#map=9/46.1371/5.3723/standard&amp;lonlats=4.85939,45.759269;6.141529,46.209783&amp;profile=rail">
   <text>BRouter-Web</text>
  </link>
  <trkseg>
   <trkpt lat="45.759267" lon="4.859461"><ele>169.25</ele></trkpt>
   <trkpt lat="45.75948" lon="4.859464"><ele>170</ele></trkpt>
   <trkpt lat="45.760292" lon="4.859513"><ele>168.5</ele></trkpt>
   <trkpt lat="45.760564" lon="4.859533"><ele>168</ele></trkpt>
   <trkpt lat="45.760877" lon="4.859556"><ele>167.5</ele></trkpt>
   <trkpt lat="45.761334" lon="4.859605"><ele>167.5</ele></trkpt>
   <trkpt lat="45.761625" lon="4.859658"><ele>171</ele></trkpt>
   <trkpt lat="45.761844" lon="4.859705"><ele>172</ele></trkpt>
   <trkpt lat="45.762515" lon="4.859887"><ele>171.5</ele></trkpt>
   <trkpt lat="45.762725" lon="4.859938"><ele>172.25</ele></trkpt>
   <trkpt lat="45.762752" lon="4.859942"><ele>172.25</ele></trkpt>
   <trkpt lat="45.762843" lon="4.859958"><ele>172.75</ele></trkpt>
   <trkpt lat="45.763002" lon="4.859992"><ele>172.75</ele></trkpt>
   <trkpt lat="45.763273" lon="4.860029"><ele>173</ele></trkpt>
   <trkpt lat="45.763602" lon="4.86006"><ele>169.75</ele></trkpt>
   <trkpt lat="45.763781" lon="4.860067"><ele>170.75</ele></trkpt>
   <trkpt lat="45.764088" lon="4.860067"><ele>170.75</ele></trkpt>
   <trkpt lat="45.764774" lon="4.860039"><ele>171.75</ele></trkpt>
   <trkpt lat="45.765052" lon="4.860036"><ele>172</ele></trkpt>
   <trkpt lat="45.765422" lon="4.860038"><ele>172</ele></trkpt>
   <trkpt lat="45.765709" lon="4.860049"><ele>172</ele></trkpt>
   <trkpt lat="45.76607" lon="4.860046"><ele>172</ele></trkpt>
   <trkpt lat="45.766193" lon="4.860041"><ele>172.25</ele></trkpt>
   <trkpt lat="45.766303" lon="4.860037"><ele>172.5</ele></trkpt>
   <trkpt lat="45.766329" lon="4.860036"><ele>172.5</ele></trkpt>
   <trkpt lat="45.768429" lon="4.859948"><ele>172.25</ele></trkpt>
   <trkpt lat="45.768661" lon="4.859928"><ele>171</ele></trkpt>
   <trkpt lat="45.768839" lon="4.859905"><ele>172</ele></trkpt>
   <trkpt lat="45.769108" lon="4.859828"><ele>172.75</ele></trkpt>
   <trkpt lat="45.769249" lon="4.859775"><ele>172.75</ele></trkpt>
   <trkpt lat="45.769406" lon="4.859702"><ele>172.75</ele></trkpt>
   <trkpt lat="45.76967" lon="4.859558"><ele>171.5</ele></trkpt>
   <trkpt lat="45.770014" lon="4.859331"><ele>169.75</ele></trkpt>
   <trkpt lat="45.770242" lon="4.859172"><ele>171.25</ele></trkpt>
   <trkpt lat="45.77049" lon="4.859012"><ele>171</ele></trkpt>
   <trkpt lat="45.770618" lon="4.858939"><ele>171.5</ele></trkpt>
   <trkpt lat="45.770831" lon="4.858836"><ele>172.75</ele></trkpt>
   <trkpt lat="45.771016" lon="4.858764"><ele>172</ele></trkpt>
   <trkpt lat="45.771196" lon="4.858702"><ele>171.25</ele></trkpt>
   <trkpt lat="45.7717" lon="4.85855"><ele>169.5</ele></trkpt>
   <trkpt lat="45.771993" lon="4.858467"><ele>169.5</ele></trkpt>
   <trkpt lat="45.772206" lon="4.858423"><ele>169.75</ele></trkpt>
   <trkpt lat="45.772425" lon="4.858403"><ele>170</ele></trkpt>
   <trkpt lat="45.77273" lon="4.858408"><ele>168</ele></trkpt>
   <trkpt lat="45.772961" lon="4.858429"><ele>168.75</ele></trkpt>
   <trkpt lat="45.774986" lon="4.858638"><ele>171.75</ele></trkpt>
   <trkpt lat="45.775346" lon="4.858669"><ele>172</ele></trkpt>
   <trkpt lat="45.776005" lon="4.858692"><ele>171.5</ele></trkpt>
   <trkpt lat="45.776698" lon="4.858751"><ele>171.5</ele></trkpt>
   <trkpt lat="45.776934" lon="4.85879"><ele>171.75</ele></trkpt>
   <trkpt lat="45.777299" lon="4.858864"><ele>172.25</ele></trkpt>
   <trkpt lat="45.7778" lon="4.858936"><ele>172.5</ele></trkpt>
   <trkpt lat="45.779422" lon="4.859081"><ele>172.5</ele></trkpt>
   <trkpt lat="45.779835" lon="4.859121"><ele>170</ele></trkpt>
   <trkpt lat="45.781123" lon="4.859242"><ele>174</ele></trkpt>
   <trkpt lat="45.781317" lon="4.859266"><ele>174</ele></trkpt>
   <trkpt lat="45.781711" lon="4.859341"><ele>174</ele></trkpt>
   <trkpt lat="45.782451" lon="4.859511"><ele>173.75</ele></trkpt>
   <trkpt lat="45.782689" lon="4.859558"><ele>173.5</ele></trkpt>
   <trkpt lat="45.783211" lon="4.859618"><ele>174</ele></trkpt>
   <trkpt lat="45.78451" lon="4.859724"><ele>174.5</ele></trkpt>
   <trkpt lat="45.785506" lon="4.859799"><ele>175</ele></trkpt>
   <trkpt lat="45.786996" lon="4.859941"><ele>175.75</ele></trkpt>
   <trkpt lat="45.787691" lon="4.860012"><ele>176</ele></trkpt>
   <trkpt lat="45.788176" lon="4.860075"><ele>176.25</ele></trkpt>
   <trkpt lat="45.788365" lon="4.860112"><ele>176.5</ele></trkpt>
   <trkpt lat="45.78878" lon="4.860184"><ele>176.5</ele></trkpt>
   <trkpt lat="45.788943" lon="4.860226"><ele>176.25</ele></trkpt>
   <trkpt lat="45.789133" lon="4.860299"><ele>176.75</ele></trkpt>
   <trkpt lat="45.789202" lon="4.86033"><ele>176.5</ele></trkpt>
   <trkpt lat="45.789282" lon="4.860365"><ele>176.5</ele></trkpt>
   <trkpt lat="45.789566" lon="4.860536"><ele>176</ele></trkpt>
   <trkpt lat="45.789851" lon="4.860741"><ele>177</ele></trkpt>
   <trkpt lat="45.789943" lon="4.860815"><ele>176.25</ele></trkpt>
   <trkpt lat="45.790417" lon="4.861216"><ele>176</ele></trkpt>
   <trkpt lat="45.790581" lon="4.861369"><ele>176</ele></trkpt>
   <trkpt lat="45.790846" lon="4.861655"><ele>175.75</ele></trkpt>
   <trkpt lat="45.790943" lon="4.861779"><ele>176</ele></trkpt>
   <trkpt lat="45.791219" lon="4.86217"><ele>178.75</ele></trkpt>
   <trkpt lat="45.79137" lon="4.862405"><ele>177.75</ele></trkpt>
   <trkpt lat="45.791459" lon="4.862559"><ele>178</ele></trkpt>
   <trkpt lat="45.791629" lon="4.862879"><ele>179</ele></trkpt>
   <trkpt lat="45.791733" lon="4.863097"><ele>178.5</ele></trkpt>
   <trkpt lat="45.791881" lon="4.863456"><ele>181.75</ele></trkpt>
   <trkpt lat="45.791955" lon="4.863662"><ele>182.5</ele></trkpt>
   <trkpt lat="45.792038" lon="4.863905"><ele>183.5</ele></trkpt>
   <trkpt lat="45.792116" lon="4.864182"><ele>184.5</ele></trkpt>
   <trkpt lat="45.792183" lon="4.864435"><ele>185.5</ele></trkpt>
   <trkpt lat="45.79225" lon="4.864752"><ele>186.75</ele></trkpt>
   <trkpt lat="45.792325" lon="4.865155"><ele>186.75</ele></trkpt>
   <trkpt lat="45.79238" lon="4.865574"><ele>186.25</ele></trkpt>
   <trkpt lat="45.792418" lon="4.866013"><ele>185.75</ele></trkpt>
   <trkpt lat="45.792444" lon="4.866426"><ele>185.5</ele></trkpt>
   <trkpt lat="45.792462" lon="4.866859"><ele>185</ele></trkpt>
   <trkpt lat="45.79248" lon="4.867697"><ele>184.5</ele></trkpt>
   <trkpt lat="45.792509" lon="4.868121"><ele>184.5</ele></trkpt>
   <trkpt lat="45.792532" lon="4.868339"><ele>185.25</ele></trkpt>
   <trkpt lat="45.792555" lon="4.868526"><ele>185.75</ele></trkpt>
   <trkpt lat="45.792603" lon="4.868832"><ele>187.25</ele></trkpt>
   <trkpt lat="45.792698" lon="4.869305"><ele>193.5</ele></trkpt>
   <trkpt lat="45.792785" lon="4.869664"><ele>190.75</ele></trkpt>
   <trkpt lat="45.792832" lon="4.869833"><ele>192.75</ele></trkpt>
   <trkpt lat="45.792931" lon="4.870155"><ele>193.25</ele></trkpt>
   <trkpt lat="45.793015" lon="4.870395"><ele>190.75</ele></trkpt>
   <trkpt lat="45.793141" lon="4.870718"><ele>194.25</ele></trkpt>
   <trkpt lat="45.793351" lon="4.871196"><ele>191.5</ele></trkpt>
   <trkpt lat="45.793603" lon="4.871699"><ele>187.5</ele></trkpt>
   <trkpt lat="45.7937" lon="4.871888"><ele>188</ele></trkpt>
   <trkpt lat="45.793927" lon="4.872324"><ele>191.75</ele></trkpt>
   <trkpt lat="45.794331" lon="4.873139"><ele>193.5</ele></trkpt>
   <trkpt lat="45.79494" lon="4.874447"><ele>198.25</ele></trkpt>
   <trkpt lat="45.795144" lon="4.874844"><ele>197.5</ele></trkpt>
   <trkpt lat="45.795355" lon="4.875207"><ele>198</ele></trkpt>
   <trkpt lat="45.795467" lon="4.875379"><ele>198</ele></trkpt>
   <trkpt lat="45.795602" lon="4.875572"><ele>199.25</ele></trkpt>
   <trkpt lat="45.795746" lon="4.875748"><ele>199.25</ele></trkpt>
   <trkpt lat="45.796088" lon="4.876115"><ele>200.75</ele></trkpt>
   <trkpt lat="45.796317" lon="4.876328"><ele>202.25</ele></trkpt>
   <trkpt lat="45.796506" lon="4.87649"><ele>201.75</ele></trkpt>
   <trkpt lat="45.796713" lon="4.876643"><ele>201.75</ele></trkpt>
   <trkpt lat="45.79704" lon="4.876846"><ele>202</ele></trkpt>
   <trkpt lat="45.797692" lon="4.877163"><ele>204.25</ele></trkpt>
   <trkpt lat="45.798242" lon="4.877417"><ele>207</ele></trkpt>
   <trkpt lat="45.798459" lon="4.877534"><ele>210.5</ele></trkpt>
   <trkpt lat="45.798818" lon="4.877751"><ele>210.5</ele></trkpt>
   <trkpt lat="45.799168" lon="4.878023"><ele>210</ele></trkpt>
   <trkpt lat="45.799332" lon="4.878174"><ele>213.25</ele></trkpt>
   <trkpt lat="45.799542" lon="4.878391"><ele>212.75</ele></trkpt>
   <trkpt lat="45.799737" lon="4.87862"><ele>210.75</ele></trkpt>
   <trkpt lat="45.799926" lon="4.878865"><ele>213</ele></trkpt>
   <trkpt lat="45.800101" lon="4.879123"><ele>215</ele></trkpt>
   <trkpt lat="45.801728" lon="4.881821"><ele>219.25</ele></trkpt>
   <trkpt lat="45.802032" lon="4.882312"><ele>218.25</ele></trkpt>
   <trkpt lat="45.802182" lon="4.882533"><ele>218</ele></trkpt>
   <trkpt lat="45.802339" lon="4.882736"><ele>219</ele></trkpt>
   <trkpt lat="45.802536" lon="4.882967"><ele>219</ele></trkpt>
   <trkpt lat="45.802737" lon="4.883182"><ele>219</ele></trkpt>
   <trkpt lat="45.803004" lon="4.883426"><ele>219.5</ele></trkpt>
   <trkpt lat="45.803498" lon="4.883788"><ele>218.5</ele></trkpt>
   <trkpt lat="45.803679" lon="4.883896"><ele>220.25</ele></trkpt>
   <trkpt lat="45.803862" lon="4.883992"><ele>218.5</ele></trkpt>
   <trkpt lat="45.804239" lon="4.884156"><ele>221.5</ele></trkpt>
   <trkpt lat="45.804621" lon="4.88426"><ele>219.75</ele></trkpt>
   <trkpt lat="45.80482" lon="4.884296"><ele>220.5</ele></trkpt>
   <trkpt lat="45.805004" lon="4.884317"><ele>221.25</ele></trkpt>
   <trkpt lat="45.805205" lon="4.884322"><ele>222.25</ele></trkpt>
   <trkpt lat="45.805498" lon="4.884318"><ele>222.25</ele></trkpt>
   <trkpt lat="45.805701" lon="4.884294"><ele>222.5</ele></trkpt>
   <trkpt lat="45.806063" lon="4.884226"><ele>224.75</ele></trkpt>
   <trkpt lat="45.806225" lon="4.884181"><ele>226</ele></trkpt>
   <trkpt lat="45.806465" lon="4.884101"><ele>225.75</ele></trkpt>
   <trkpt lat="45.806709" lon="4.883995"><ele>225.75</ele></trkpt>
   <trkpt lat="45.806939" lon="4.883882"><ele>227.75</ele></trkpt>
   <trkpt lat="45.807071" lon="4.883803"><ele>228</ele></trkpt>
   <trkpt lat="45.8074" lon="4.883583"><ele>230</ele></trkpt>
   <trkpt lat="45.807712" lon="4.883324"><ele>230.75</ele></trkpt>
   <trkpt lat="45.808009" lon="4.883028"><ele>232</ele></trkpt>
   <trkpt lat="45.808126" lon="4.88289"><ele>233.5</ele></trkpt>
   <trkpt lat="45.808364" lon="4.882598"><ele>235.25</ele></trkpt>
   <trkpt lat="45.808471" lon="4.882456"><ele>236.75</ele></trkpt>
   <trkpt lat="45.808697" lon="4.882115"><ele>238.5</ele></trkpt>
   <trkpt lat="45.808823" lon="4.881878"><ele>238.75</ele></trkpt>
   <trkpt lat="45.809114" lon="4.881305"><ele>239.75</ele></trkpt>
   <trkpt lat="45.809337" lon="4.880703"><ele>240.75</ele></trkpt>
   <trkpt lat="45.809527" lon="4.880061"><ele>241.75</ele></trkpt>
   <trkpt lat="45.80971" lon="4.87913"><ele>243.25</ele></trkpt>
   <trkpt lat="45.80981" lon="4.877901"><ele>245</ele></trkpt>
   <trkpt lat="45.809843" lon="4.876725"><ele>246.75</ele></trkpt>
   <trkpt lat="45.809858" lon="4.875467"><ele>248.5</ele></trkpt>
   <trkpt lat="45.809996" lon="4.874188"><ele>250.5</ele></trkpt>
   <trkpt lat="45.810318" lon="4.87304"><ele>252.25</ele></trkpt>
   <trkpt lat="45.810653" lon="4.872255"><ele>253.75</ele></trkpt>
   <trkpt lat="45.81103" lon="4.871598"><ele>254.75</ele></trkpt>
   <trkpt lat="45.811354" lon="4.871174"><ele>255.75</ele></trkpt>
   <trkpt lat="45.811704" lon="4.870769"><ele>256.75</ele></trkpt>
   <trkpt lat="45.812053" lon="4.870449"><ele>257.5</ele></trkpt>
   <trkpt lat="45.812435" lon="4.87017"><ele>258.5</ele></trkpt>
   <trkpt lat="45.812738" lon="4.870016"><ele>259.25</ele></trkpt>
   <trkpt lat="45.813058" lon="4.86987"><ele>259.75</ele></trkpt>
   <trkpt lat="45.813326" lon="4.869765"><ele>260.5</ele></trkpt>
   <trkpt lat="45.813638" lon="4.869661"><ele>261.25</ele></trkpt>
   <trkpt lat="45.813919" lon="4.869599"><ele>261.25</ele></trkpt>
   <trkpt lat="45.814304" lon="4.869562"><ele>262</ele></trkpt>
   <trkpt lat="45.814707" lon="4.869578"><ele>262.75</ele></trkpt>
   <trkpt lat="45.815112" lon="4.869634"><ele>262.5</ele></trkpt>
   <trkpt lat="45.815191" lon="4.869652"><ele>262.5</ele></trkpt>
   <trkpt lat="45.815423" lon="4.869744"><ele>261.75</ele></trkpt>
   <trkpt lat="45.81586" lon="4.869965"><ele>262.75</ele></trkpt>
   <trkpt lat="45.815901" lon="4.869985"><ele>262.75</ele></trkpt>
   <trkpt lat="45.816201" lon="4.870169"><ele>264</ele></trkpt>
   <trkpt lat="45.816387" lon="4.870293"><ele>263</ele></trkpt>
   <trkpt lat="45.816587" lon="4.870441"><ele>264.25</ele></trkpt>
   <trkpt lat="45.816731" lon="4.87056"><ele>264</ele></trkpt>
   <trkpt lat="45.817044" lon="4.870871"><ele>265.25</ele></trkpt>
   <trkpt lat="45.817297" lon="4.871156"><ele>265.5</ele></trkpt>
   <trkpt lat="45.817397" lon="4.871286"><ele>265.75</ele></trkpt>
   <trkpt lat="45.817562" lon="4.871554"><ele>267</ele></trkpt>
   <trkpt lat="45.817807" lon="4.872002"><ele>265.5</ele></trkpt>
   <trkpt lat="45.817851" lon="4.872091"><ele>266.25</ele></trkpt>
   <trkpt lat="45.818025" lon="4.872422"><ele>265.25</ele></trkpt>
   <trkpt lat="45.818319" lon="4.872912"><ele>265</ele></trkpt>
   <trkpt lat="45.818595" lon="4.873345"><ele>265</ele></trkpt>
   <trkpt lat="45.819128" lon="4.874274"><ele>265.5</ele></trkpt>
   <trkpt lat="45.81974" lon="4.875274"><ele>265</ele></trkpt>
   <trkpt lat="45.819942" lon="4.875606"><ele>265</ele></trkpt>
   <trkpt lat="45.82016" lon="4.875948"><ele>265</ele></trkpt>
   <trkpt lat="45.820294" lon="4.876155"><ele>265</ele></trkpt>
   <trkpt lat="45.820456" lon="4.876384"><ele>265.25</ele></trkpt>
   <trkpt lat="45.820668" lon="4.876649"><ele>265.75</ele></trkpt>
   <trkpt lat="45.820814" lon="4.876882"><ele>265.25</ele></trkpt>
   <trkpt lat="45.820909" lon="4.87703"><ele>264.75</ele></trkpt>
   <trkpt lat="45.821139" lon="4.877419"><ele>265.5</ele></trkpt>
   <trkpt lat="45.821235" lon="4.8776"><ele>265.5</ele></trkpt>
   <trkpt lat="45.821319" lon="4.877788"><ele>266</ele></trkpt>
   <trkpt lat="45.821481" lon="4.878235"><ele>265.5</ele></trkpt>
   <trkpt lat="45.821763" lon="4.879118"><ele>265.75</ele></trkpt>
   <trkpt lat="45.821879" lon="4.879448"><ele>266</ele></trkpt>
   <trkpt lat="45.822114" lon="4.880031"><ele>266.25</ele></trkpt>
   <trkpt lat="45.822194" lon="4.880257"><ele>266</ele></trkpt>
   <trkpt lat="45.823071" lon="4.882857"><ele>267</ele></trkpt>
   <trkpt lat="45.8232" lon="4.883216"><ele>267</ele></trkpt>
   <trkpt lat="45.823356" lon="4.883616"><ele>267.5</ele></trkpt>
   <trkpt lat="45.82347" lon="4.883887"><ele>266.75</ele></trkpt>
   <trkpt lat="45.823731" lon="4.88446"><ele>268</ele></trkpt>
   <trkpt lat="45.823965" lon="4.884922"><ele>267.75</ele></trkpt>
   <trkpt lat="45.824146" lon="4.885253"><ele>268.75</ele></trkpt>
   <trkpt lat="45.824427" lon="4.885723"><ele>269</ele></trkpt>
   <trkpt lat="45.824614" lon="4.886012"><ele>269</ele></trkpt>
   <trkpt lat="45.824974" lon="4.886524"><ele>268.75</ele></trkpt>
   <trkpt lat="45.825106" lon="4.886699"><ele>268.25</ele></trkpt>
   <trkpt lat="45.825447" lon="4.887116"><ele>269.25</ele></trkpt>
   <trkpt lat="45.825745" lon="4.887448"><ele>272.5</ele></trkpt>
   <trkpt lat="45.826154" lon="4.88786"><ele>272.5</ele></trkpt>
   <trkpt lat="45.826541" lon="4.888217"><ele>272.5</ele></trkpt>
   <trkpt lat="45.829167" lon="4.890581"><ele>276</ele></trkpt>
   <trkpt lat="45.829651" lon="4.891008"><ele>275.25</ele></trkpt>
   <trkpt lat="45.83005" lon="4.891327"><ele>275.25</ele></trkpt>
   <trkpt lat="45.830337" lon="4.891523"><ele>275.25</ele></trkpt>
   <trkpt lat="45.830558" lon="4.891659"><ele>277</ele></trkpt>
   <trkpt lat="45.830827" lon="4.891803"><ele>279.25</ele></trkpt>
   <trkpt lat="45.83099" lon="4.891881"><ele>278.75</ele></trkpt>
   <trkpt lat="45.831351" lon="4.892028"><ele>279.5</ele></trkpt>
   <trkpt lat="45.831567" lon="4.892103"><ele>279.25</ele></trkpt>
   <trkpt lat="45.831874" lon="4.892184"><ele>278.75</ele></trkpt>
   <trkpt lat="45.832169" lon="4.892245"><ele>279</ele></trkpt>
   <trkpt lat="45.832352" lon="4.89227"><ele>279.25</ele></trkpt>
   <trkpt lat="45.832712" lon="4.892305"><ele>279.25</ele></trkpt>
   <trkpt lat="45.832867" lon="4.892304"><ele>279</ele></trkpt>
   <trkpt lat="45.833067" lon="4.892303"><ele>278.75</ele></trkpt>
   <trkpt lat="45.833256" lon="4.89229"><ele>278.75</ele></trkpt>
   <trkpt lat="45.83362" lon="4.892239"><ele>277</ele></trkpt>
   <trkpt lat="45.833663" lon="4.892232"><ele>277.5</ele></trkpt>
   <trkpt lat="45.834875" lon="4.891976"><ele>280.25</ele></trkpt>
   <trkpt lat="45.835774" lon="4.891798"><ele>284</ele></trkpt>
   <trkpt lat="45.837555" lon="4.891351"><ele>284.75</ele></trkpt>
   <trkpt lat="45.841816" lon="4.890373"><ele>289.5</ele></trkpt>
   <trkpt lat="45.842751" lon="4.890166"><ele>289.25</ele></trkpt>
   <trkpt lat="45.842975" lon="4.890125"><ele>289</ele></trkpt>
   <trkpt lat="45.843388" lon="4.890077"><ele>289.5</ele></trkpt>
   <trkpt lat="45.843703" lon="4.89007"><ele>289.5</ele></trkpt>
   <trkpt lat="45.843895" lon="4.890079"><ele>289.75</ele></trkpt>
   <trkpt lat="45.844226" lon="4.890118"><ele>291.25</ele></trkpt>
   <trkpt lat="45.844459" lon="4.890163"><ele>292.25</ele></trkpt>
   <trkpt lat="45.844746" lon="4.890239"><ele>292.5</ele></trkpt>
   <trkpt lat="45.845144" lon="4.890382"><ele>294.5</ele></trkpt>
   <trkpt lat="45.845463" lon="4.890533"><ele>293.25</ele></trkpt>
   <trkpt lat="45.845612" lon="4.890614"><ele>294.25</ele></trkpt>
   <trkpt lat="45.845945" lon="4.890824"><ele>293.25</ele></trkpt>
   <trkpt lat="45.846112" lon="4.890943"><ele>294.25</ele></trkpt>
   <trkpt lat="45.846295" lon="4.891088"><ele>293.5</ele></trkpt>
   <trkpt lat="45.846512" lon="4.891276"><ele>292.5</ele></trkpt>
   <trkpt lat="45.846674" lon="4.89143"><ele>292.25</ele></trkpt>
   <trkpt lat="45.846988" lon="4.891765"><ele>290.5</ele></trkpt>
   <trkpt lat="45.847284" lon="4.892134"><ele>289.75</ele></trkpt>
   <trkpt lat="45.847595" lon="4.892572"><ele>289.5</ele></trkpt>
   <trkpt lat="45.850456" lon="4.897204"><ele>287.25</ele></trkpt>
   <trkpt lat="45.850763" lon="4.897668"><ele>286.75</ele></trkpt>
   <trkpt lat="45.851" lon="4.897988"><ele>286</ele></trkpt>
   <trkpt lat="45.85124" lon="4.898296"><ele>285.75</ele></trkpt>
   <trkpt lat="45.851565" lon="4.898635"><ele>286.25</ele></trkpt>
   <trkpt lat="45.851877" lon="4.898936"><ele>286.75</ele></trkpt>
   <trkpt lat="45.852135" lon="4.899158"><ele>286.5</ele></trkpt>
   <trkpt lat="45.852466" lon="4.89941"><ele>286.75</ele></trkpt>
   <trkpt lat="45.852696" lon="4.899565"><ele>287</ele></trkpt>
   <trkpt lat="45.852936" lon="4.899713"><ele>286.75</ele></trkpt>
   <trkpt lat="45.853194" lon="4.899847"><ele>286.5</ele></trkpt>
   <trkpt lat="45.853411" lon="4.899948"><ele>286.5</ele></trkpt>
   <trkpt lat="45.853645" lon="4.900041"><ele>286</ele></trkpt>
   <trkpt lat="45.853856" lon="4.900114"><ele>286.25</ele></trkpt>
   <trkpt lat="45.854077" lon="4.900177"><ele>285.75</ele></trkpt>
   <trkpt lat="45.855374" lon="4.900469"><ele>285.75</ele></trkpt>
   <trkpt lat="45.857005" lon="4.900876"><ele>284.5</ele></trkpt>
   <trkpt lat="45.857655" lon="4.901021"><ele>283.75</ele></trkpt>
   <trkpt lat="45.862442" lon="4.902227"><ele>275.5</ele></trkpt>
   <trkpt lat="45.862758" lon="4.90231"><ele>280.5</ele></trkpt>
   <trkpt lat="45.862988" lon="4.902371"><ele>282.25</ele></trkpt>
   <trkpt lat="45.863291" lon="4.902471"><ele>281.25</ele></trkpt>
   <trkpt lat="45.863692" lon="4.902621"><ele>281</ele></trkpt>
   <trkpt lat="45.863944" lon="4.902731"><ele>279</ele></trkpt>
   <trkpt lat="45.86403" lon="4.902773"><ele>279.5</ele></trkpt>
   <trkpt lat="45.864315" lon="4.902912"><ele>279.5</ele></trkpt>
   <trkpt lat="45.864662" lon="4.903097"><ele>278.75</ele></trkpt>
   <trkpt lat="45.864918" lon="4.903244"><ele>278.25</ele></trkpt>
   <trkpt lat="45.865262" lon="4.903458"><ele>277.75</ele></trkpt>
   <trkpt lat="45.865539" lon="4.903641"><ele>278.75</ele></trkpt>
   <trkpt lat="45.865996" lon="4.903971"><ele>277.75</ele></trkpt>
   <trkpt lat="45.866435" lon="4.90433"><ele>278.75</ele></trkpt>
   <trkpt lat="45.866628" lon="4.904504"><ele>279</ele></trkpt>
   <trkpt lat="45.867009" lon="4.904879"><ele>278.25</ele></trkpt>
   <trkpt lat="45.867336" lon="4.905233"><ele>277.75</ele></trkpt>
   <trkpt lat="45.867645" lon="4.905627"><ele>277.25</ele></trkpt>
   <trkpt lat="45.867724" lon="4.905731"><ele>277.25</ele></trkpt>
   <trkpt lat="45.868274" lon="4.906499"><ele>278.25</ele></trkpt>
   <trkpt lat="45.868649" lon="4.907102"><ele>278</ele></trkpt>
   <trkpt lat="45.869216" lon="4.908131"><ele>279.25</ele></trkpt>
   <trkpt lat="45.86944" lon="4.908517"><ele>278.25</ele></trkpt>
   <trkpt lat="45.869638" lon="4.908844"><ele>279</ele></trkpt>
   <trkpt lat="45.869843" lon="4.909154"><ele>280.25</ele></trkpt>
   <trkpt lat="45.87002" lon="4.909389"><ele>279.75</ele></trkpt>
   <trkpt lat="45.870351" lon="4.90977"><ele>279.25</ele></trkpt>
   <trkpt lat="45.870569" lon="4.909982"><ele>278.25</ele></trkpt>
   <trkpt lat="45.870856" lon="4.910228"><ele>279.5</ele></trkpt>
   <trkpt lat="45.871016" lon="4.910352"><ele>280.5</ele></trkpt>
   <trkpt lat="45.871359" lon="4.91057"><ele>280</ele></trkpt>
   <trkpt lat="45.871647" lon="4.910725"><ele>279.25</ele></trkpt>
   <trkpt lat="45.871787" lon="4.910788"><ele>279</ele></trkpt>
   <trkpt lat="45.872056" lon="4.910888"><ele>278.25</ele></trkpt>
   <trkpt lat="45.872355" lon="4.910969"><ele>277.25</ele></trkpt>
   <trkpt lat="45.872498" lon="4.911"><ele>277</ele></trkpt>
   <trkpt lat="45.872668" lon="4.911025"><ele>277</ele></trkpt>
   <trkpt lat="45.872936" lon="4.911045"><ele>277.25</ele></trkpt>
   <trkpt lat="45.873161" lon="4.911044"><ele>277.75</ele></trkpt>
   <trkpt lat="45.873426" lon="4.911023"><ele>278</ele></trkpt>
   <trkpt lat="45.873871" lon="4.910936"><ele>279.75</ele></trkpt>
   <trkpt lat="45.874211" lon="4.910848"><ele>278</ele></trkpt>
   <trkpt lat="45.874652" lon="4.910714"><ele>278</ele></trkpt>
   <trkpt lat="45.875266" lon="4.910528"><ele>277.5</ele></trkpt>
   <trkpt lat="45.876637" lon="4.910095"><ele>273.25</ele></trkpt>
   <trkpt lat="45.876754" lon="4.910061"><ele>273.75</ele></trkpt>
   <trkpt lat="45.879104" lon="4.909362"><ele>279.75</ele></trkpt>
   <trkpt lat="45.879611" lon="4.909221"><ele>280.5</ele></trkpt>
   <trkpt lat="45.879972" lon="4.909138"><ele>280.5</ele></trkpt>
   <trkpt lat="45.880192" lon="4.909097"><ele>277.75</ele></trkpt>
   <trkpt lat="45.880613" lon="4.909026"><ele>275.5</ele></trkpt>
   <trkpt lat="45.880923" lon="4.908988"><ele>277.75</ele></trkpt>
   <trkpt lat="45.88158" lon="4.908947"><ele>278.75</ele></trkpt>
   <trkpt lat="45.882098" lon="4.908944"><ele>279</ele></trkpt>
   <trkpt lat="45.882604" lon="4.908967"><ele>280.25</ele></trkpt>
   <trkpt lat="45.883135" lon="4.909026"><ele>284</ele></trkpt>
   <trkpt lat="45.883707" lon="4.909117"><ele>285</ele></trkpt>
   <trkpt lat="45.884273" lon="4.909244"><ele>288.25</ele></trkpt>
   <trkpt lat="45.884775" lon="4.909396"><ele>286</ele></trkpt>
   <trkpt lat="45.885204" lon="4.90954"><ele>286.25</ele></trkpt>
   <trkpt lat="45.885599" lon="4.909694"><ele>285</ele></trkpt>
   <trkpt lat="45.886301" lon="4.910009"><ele>285.5</ele></trkpt>
   <trkpt lat="45.887111" lon="4.910454"><ele>287</ele></trkpt>
   <trkpt lat="45.887527" lon="4.910713"><ele>287.25</ele></trkpt>
   <trkpt lat="45.888012" lon="4.91105"><ele>287</ele></trkpt>
   <trkpt lat="45.888576" lon="4.911483"><ele>287</ele></trkpt>
   <trkpt lat="45.889232" lon="4.912062"><ele>287.5</ele></trkpt>
   <trkpt lat="45.889791" lon="4.912609"><ele>287.75</ele></trkpt>
   <trkpt lat="45.89193" lon="4.914962"><ele>286.75</ele></trkpt>
   <trkpt lat="45.892834" lon="4.915971"><ele>286.5</ele></trkpt>
   <trkpt lat="45.894029" lon="4.917263"><ele>287.25</ele></trkpt>
   <trkpt lat="45.894885" lon="4.918151"><ele>288</ele></trkpt>
   <trkpt lat="45.895455" lon="4.918673"><ele>288.75</ele></trkpt>
   <trkpt lat="45.895834" lon="4.919003"><ele>289</ele></trkpt>
   <trkpt lat="45.896429" lon="4.919472"><ele>288</ele></trkpt>
   <trkpt lat="45.896654" lon="4.919645"><ele>288.25</ele></trkpt>
   <trkpt lat="45.896896" lon="4.919807"><ele>288</ele></trkpt>
   <trkpt lat="45.896917" lon="4.91982"><ele>288</ele></trkpt>
   <trkpt lat="45.897411" lon="4.920181"><ele>288.25</ele></trkpt>
   <trkpt lat="45.898782" lon="4.92115"><ele>290</ele></trkpt>
   <trkpt lat="45.901676" lon="4.923169"><ele>292.5</ele></trkpt>
   <trkpt lat="45.902395" lon="4.923685"><ele>292.25</ele></trkpt>
   <trkpt lat="45.903949" lon="4.924771"><ele>295.25</ele></trkpt>
   <trkpt lat="45.906848" lon="4.926811"><ele>297</ele></trkpt>
   <trkpt lat="45.91082" lon="4.929573"><ele>296.5</ele></trkpt>
   <trkpt lat="45.911344" lon="4.929959"><ele>296</ele></trkpt>
   <trkpt lat="45.912253" lon="4.930652"><ele>294.75</ele></trkpt>
   <trkpt lat="45.912792" lon="4.931095"><ele>294.75</ele></trkpt>
   <trkpt lat="45.913347" lon="4.931576"><ele>293.75</ele></trkpt>
   <trkpt lat="45.913834" lon="4.932035"><ele>292.5</ele></trkpt>
   <trkpt lat="45.914612" lon="4.932801"><ele>292.75</ele></trkpt>
   <trkpt lat="45.915198" lon="4.933409"><ele>293.5</ele></trkpt>
   <trkpt lat="45.915973" lon="4.934276"><ele>295.25</ele></trkpt>
   <trkpt lat="45.91645" lon="4.934833"><ele>296</ele></trkpt>
   <trkpt lat="45.917419" lon="4.936081"><ele>297</ele></trkpt>
   <trkpt lat="45.918085" lon="4.936992"><ele>297.75</ele></trkpt>
   <trkpt lat="45.918482" lon="4.937568"><ele>298</ele></trkpt>
   <trkpt lat="45.919185" lon="4.938607"><ele>297.75</ele></trkpt>
   <trkpt lat="45.922701" lon="4.943798"><ele>297</ele></trkpt>
   <trkpt lat="45.92385" lon="4.945507"><ele>297</ele></trkpt>
   <trkpt lat="45.925765" lon="4.948324"><ele>297</ele></trkpt>
   <trkpt lat="45.926408" lon="4.949284"><ele>296.75</ele></trkpt>
   <trkpt lat="45.92703" lon="4.950175"><ele>294.5</ele></trkpt>
   <trkpt lat="45.927458" lon="4.950755"><ele>294.25</ele></trkpt>
   <trkpt lat="45.928541" lon="4.952045"><ele>292.25</ele></trkpt>
   <trkpt lat="45.930281" lon="4.954085"><ele>293</ele></trkpt>
   <trkpt lat="45.931356" lon="4.955346"><ele>290.25</ele></trkpt>
   <trkpt lat="45.932888" lon="4.957126"><ele>287.5</ele></trkpt>
   <trkpt lat="45.932947" lon="4.957193"><ele>287.5</ele></trkpt>
   <trkpt lat="45.933716" lon="4.958081"><ele>287.5</ele></trkpt>
   <trkpt lat="45.934624" lon="4.959156"><ele>287</ele></trkpt>
   <trkpt lat="45.935312" lon="4.95995"><ele>287</ele></trkpt>
   <trkpt lat="45.935981" lon="4.960752"><ele>287</ele></trkpt>
   <trkpt lat="45.936522" lon="4.961378"><ele>287.75</ele></trkpt>
   <trkpt lat="45.938364" lon="4.963539"><ele>288.25</ele></trkpt>
   <trkpt lat="45.939639" lon="4.965048"><ele>288.75</ele></trkpt>
   <trkpt lat="45.941146" lon="4.9668"><ele>288.75</ele></trkpt>
   <trkpt lat="45.94198" lon="4.967797"><ele>288.75</ele></trkpt>
   <trkpt lat="45.942759" lon="4.9687"><ele>289</ele></trkpt>
   <trkpt lat="45.943673" lon="4.969783"><ele>289.5</ele></trkpt>
   <trkpt lat="45.944474" lon="4.97071"><ele>289</ele></trkpt>
   <trkpt lat="45.946348" lon="4.97292"><ele>288</ele></trkpt>
   <trkpt lat="45.946747" lon="4.973375"><ele>287.5</ele></trkpt>
   <trkpt lat="45.947482" lon="4.97423"><ele>285.75</ele></trkpt>
   <trkpt lat="45.948786" lon="4.975772"><ele>287</ele></trkpt>
   <trkpt lat="45.950612" lon="4.977913"><ele>287</ele></trkpt>
   <trkpt lat="45.951497" lon="4.97896"><ele>285.75</ele></trkpt>
   <trkpt lat="45.954121" lon="4.982024"><ele>284.75</ele></trkpt>
   <trkpt lat="45.958097" lon="4.98671"><ele>284</ele></trkpt>
   <trkpt lat="45.959841" lon="4.988729"><ele>282.25</ele></trkpt>
   <trkpt lat="45.960714" lon="4.98968"><ele>281.75</ele></trkpt>
   <trkpt lat="45.961379" lon="4.990358"><ele>281.75</ele></trkpt>
   <trkpt lat="45.961442" lon="4.99042"><ele>281.75</ele></trkpt>
   <trkpt lat="45.962359" lon="4.991321"><ele>283</ele></trkpt>
   <trkpt lat="45.963957" lon="4.992855"><ele>282</ele></trkpt>
   <trkpt lat="45.964757" lon="4.993638"><ele>282.75</ele></trkpt>
   <trkpt lat="45.967512" lon="4.996297"><ele>280.5</ele></trkpt>
   <trkpt lat="45.967648" lon="4.996429"><ele>280.5</ele></trkpt>
   <trkpt lat="45.968306" lon="4.997064"><ele>281</ele></trkpt>
   <trkpt lat="45.968439" lon="4.997191"><ele>280.75</ele></trkpt>
   <trkpt lat="45.969248" lon="4.997973"><ele>281.25</ele></trkpt>
   <trkpt lat="45.970133" lon="4.998838"><ele>283</ele></trkpt>
   <trkpt lat="45.97121" lon="4.999877"><ele>283.5</ele></trkpt>
   <trkpt lat="45.972491" lon="5.00111"><ele>282</ele></trkpt>
   <trkpt lat="45.974049" lon="5.002622"><ele>280.75</ele></trkpt>
   <trkpt lat="45.974915" lon="5.003443"><ele>281.25</ele></trkpt>
   <trkpt lat="45.97744" lon="5.005885"><ele>281.75</ele></trkpt>
   <trkpt lat="45.978397" lon="5.006824"><ele>282</ele></trkpt>
   <trkpt lat="45.982469" lon="5.010751"><ele>281</ele></trkpt>
   <trkpt lat="45.983092" lon="5.011343"><ele>280.5</ele></trkpt>
   <trkpt lat="45.984197" lon="5.012372"><ele>279.75</ele></trkpt>
   <trkpt lat="45.985247" lon="5.013287"><ele>280</ele></trkpt>
   <trkpt lat="45.986322" lon="5.014175"><ele>279.75</ele></trkpt>
   <trkpt lat="45.987183" lon="5.014851"><ele>279</ele></trkpt>
   <trkpt lat="45.987293" lon="5.014937"><ele>279</ele></trkpt>
   <trkpt lat="45.988464" lon="5.015779"><ele>281</ele></trkpt>
   <trkpt lat="45.988818" lon="5.016014"><ele>280.5</ele></trkpt>
   <trkpt lat="45.990667" lon="5.017251"><ele>279</ele></trkpt>
   <trkpt lat="45.996034" lon="5.020801"><ele>278.5</ele></trkpt>
   <trkpt lat="45.997484" lon="5.021774"><ele>278.75</ele></trkpt>
   <trkpt lat="45.998748" lon="5.022713"><ele>280</ele></trkpt>
   <trkpt lat="45.99983" lon="5.0236"><ele>277.5</ele></trkpt>
   <trkpt lat="46.000084" lon="5.023823"><ele>276.5</ele></trkpt>
   <trkpt lat="46.000259" lon="5.023977"><ele>276.25</ele></trkpt>
   <trkpt lat="46.001012" lon="5.024683"><ele>278.25</ele></trkpt>
   <trkpt lat="46.001038" lon="5.024708"><ele>278.25</ele></trkpt>
   <trkpt lat="46.001544" lon="5.025189"><ele>279.25</ele></trkpt>
   <trkpt lat="46.002406" lon="5.026086"><ele>279.5</ele></trkpt>
   <trkpt lat="46.002779" lon="5.026483"><ele>279</ele></trkpt>
   <trkpt lat="46.003452" lon="5.027243"><ele>279</ele></trkpt>
   <trkpt lat="46.003593" lon="5.027412"><ele>279</ele></trkpt>
   <trkpt lat="46.004659" lon="5.028711"><ele>280</ele></trkpt>
   <trkpt lat="46.005753" lon="5.03002"><ele>280.5</ele></trkpt>
   <trkpt lat="46.00695" lon="5.031491"><ele>279.75</ele></trkpt>
   <trkpt lat="46.007245" lon="5.031888"><ele>279.5</ele></trkpt>
   <trkpt lat="46.007547" lon="5.03228"><ele>279.25</ele></trkpt>
   <trkpt lat="46.008661" lon="5.033703"><ele>278.75</ele></trkpt>
   <trkpt lat="46.013422" lon="5.039669"><ele>277.5</ele></trkpt>
   <trkpt lat="46.021934" lon="5.05028"><ele>274</ele></trkpt>
   <trkpt lat="46.022729" lon="5.051227"><ele>274</ele></trkpt>
   <trkpt lat="46.023426" lon="5.051997"><ele>273.5</ele></trkpt>
   <trkpt lat="46.023826" lon="5.052373"><ele>274</ele></trkpt>
   <trkpt lat="46.02457" lon="5.053073"><ele>274</ele></trkpt>
   <trkpt lat="46.025763" lon="5.05401"><ele>274</ele></trkpt>
   <trkpt lat="46.027068" lon="5.054855"><ele>274.75</ele></trkpt>
   <trkpt lat="46.027867" lon="5.055261"><ele>275.75</ele></trkpt>
   <trkpt lat="46.029901" lon="5.056267"><ele>276.5</ele></trkpt>
   <trkpt lat="46.032817" lon="5.057688"><ele>280</ele></trkpt>
   <trkpt lat="46.035559" lon="5.059001"><ele>280.75</ele></trkpt>
   <trkpt lat="46.038656" lon="5.060512"><ele>279.75</ele></trkpt>
   <trkpt lat="46.039228" lon="5.060767"><ele>280</ele></trkpt>
   <trkpt lat="46.043718" lon="5.062897"><ele>277.25</ele></trkpt>
   <trkpt lat="46.045204" lon="5.063649"><ele>277</ele></trkpt>
   <trkpt lat="46.046327" lon="5.06415"><ele>276</ele></trkpt>
   <trkpt lat="46.047261" lon="5.064602"><ele>276</ele></trkpt>
   <trkpt lat="46.056307" lon="5.068977"><ele>270</ele></trkpt>
   <trkpt lat="46.057467" lon="5.069518"><ele>267.75</ele></trkpt>
   <trkpt lat="46.057699" lon="5.069636"><ele>267.75</ele></trkpt>
   <trkpt lat="46.058452" lon="5.069994"><ele>268.5</ele></trkpt>
   <trkpt lat="46.059629" lon="5.070601"><ele>268.5</ele></trkpt>
   <trkpt lat="46.060896" lon="5.071306"><ele>268.5</ele></trkpt>
   <trkpt lat="46.062121" lon="5.072067"><ele>269</ele></trkpt>
   <trkpt lat="46.063341" lon="5.072866"><ele>270</ele></trkpt>
   <trkpt lat="46.064038" lon="5.07335"><ele>270</ele></trkpt>
   <trkpt lat="46.064986" lon="5.074049"><ele>270</ele></trkpt>
   <trkpt lat="46.065437" lon="5.074391"><ele>270.25</ele></trkpt>
   <trkpt lat="46.067552" lon="5.076148"><ele>272.5</ele></trkpt>
   <trkpt lat="46.069134" lon="5.077603"><ele>274</ele></trkpt>
   <trkpt lat="46.070687" lon="5.07917"><ele>273.75</ele></trkpt>
   <trkpt lat="46.072325" lon="5.080998"><ele>274</ele></trkpt>
   <trkpt lat="46.072881" lon="5.081685"><ele>273.75</ele></trkpt>
   <trkpt lat="46.073925" lon="5.082988"><ele>272.75</ele></trkpt>
   <trkpt lat="46.074694" lon="5.083991"><ele>272.75</ele></trkpt>
   <trkpt lat="46.07653" lon="5.086579"><ele>272.5</ele></trkpt>
   <trkpt lat="46.077862" lon="5.088526"><ele>271.75</ele></trkpt>
   <trkpt lat="46.079734" lon="5.091177"><ele>273</ele></trkpt>
   <trkpt lat="46.086666" lon="5.101017"><ele>273.25</ele></trkpt>
   <trkpt lat="46.087734" lon="5.102555"><ele>272.75</ele></trkpt>
   <trkpt lat="46.091431" lon="5.107882"><ele>268.25</ele></trkpt>
   <trkpt lat="46.092275" lon="5.109402"><ele>269</ele></trkpt>
   <trkpt lat="46.092853" lon="5.110609"><ele>269.25</ele></trkpt>
   <trkpt lat="46.093126" lon="5.111178"><ele>269.25</ele></trkpt>
   <trkpt lat="46.097619" lon="5.121939"><ele>269.75</ele></trkpt>
   <trkpt lat="46.0977" lon="5.122132"><ele>269.5</ele></trkpt>
   <trkpt lat="46.098984" lon="5.125197"><ele>270</ele></trkpt>
   <trkpt lat="46.099406" lon="5.126256"><ele>267.5</ele></trkpt>
   <trkpt lat="46.099716" lon="5.126975"><ele>267</ele></trkpt>
   <trkpt lat="46.099857" lon="5.127337"><ele>267.5</ele></trkpt>
   <trkpt lat="46.100093" lon="5.127988"><ele>267.5</ele></trkpt>
   <trkpt lat="46.100363" lon="5.128797"><ele>267.5</ele></trkpt>
   <trkpt lat="46.100368" lon="5.128813"><ele>267.5</ele></trkpt>
   <trkpt lat="46.100934" lon="5.130504"><ele>267.25</ele></trkpt>
   <trkpt lat="46.101501" lon="5.132258"><ele>262</ele></trkpt>
   <trkpt lat="46.101528" lon="5.13234"><ele>261.75</ele></trkpt>
   <trkpt lat="46.101672" lon="5.132786"><ele>263.75</ele></trkpt>
   <trkpt lat="46.10199" lon="5.133751"><ele>261.75</ele></trkpt>
   <trkpt lat="46.102146" lon="5.134183"><ele>258.25</ele></trkpt>
   <trkpt lat="46.102281" lon="5.134555"><ele>258.75</ele></trkpt>
   <trkpt lat="46.10239" lon="5.134853"><ele>261.5</ele></trkpt>
   <trkpt lat="46.102846" lon="5.136033"><ele>263.75</ele></trkpt>
   <trkpt lat="46.103496" lon="5.137405"><ele>264</ele></trkpt>
   <trkpt lat="46.104058" lon="5.138495"><ele>264</ele></trkpt>
   <trkpt lat="46.10473" lon="5.139661"><ele>264</ele></trkpt>
   <trkpt lat="46.105877" lon="5.141329"><ele>265</ele></trkpt>
   <trkpt lat="46.108637" lon="5.145253"><ele>266.75</ele></trkpt>
   <trkpt lat="46.108948" lon="5.145694"><ele>267</ele></trkpt>
   <trkpt lat="46.111524" lon="5.149213"><ele>268.5</ele></trkpt>
   <trkpt lat="46.113646" lon="5.151854"><ele>268.25</ele></trkpt>
   <trkpt lat="46.115286" lon="5.153641"><ele>267.75</ele></trkpt>
   <trkpt lat="46.116862" lon="5.155204"><ele>268.5</ele></trkpt>
   <trkpt lat="46.118484" lon="5.156714"><ele>270</ele></trkpt>
   <trkpt lat="46.121638" lon="5.159611"><ele>268</ele></trkpt>
   <trkpt lat="46.12935" lon="5.16673"><ele>267</ele></trkpt>
   <trkpt lat="46.13072" lon="5.167987"><ele>266.5</ele></trkpt>
   <trkpt lat="46.131091" lon="5.168325"><ele>266</ele></trkpt>
   <trkpt lat="46.132372" lon="5.16945"><ele>264.25</ele></trkpt>
   <trkpt lat="46.136606" lon="5.1728"><ele>261.25</ele></trkpt>
   <trkpt lat="46.137447" lon="5.17352"><ele>259.5</ele></trkpt>
   <trkpt lat="46.138233" lon="5.174248"><ele>258.75</ele></trkpt>
   <trkpt lat="46.138768" lon="5.174778"><ele>259</ele></trkpt>
   <trkpt lat="46.139263" lon="5.175289"><ele>258</ele></trkpt>
   <trkpt lat="46.13951" lon="5.175546"><ele>257.75</ele></trkpt>
   <trkpt lat="46.144464" lon="5.181402"><ele>253.75</ele></trkpt>
   <trkpt lat="46.145126" lon="5.182185"><ele>252.5</ele></trkpt>
   <trkpt lat="46.148575" lon="5.186311"><ele>254</ele></trkpt>
   <trkpt lat="46.150684" lon="5.188878"><ele>253.75</ele></trkpt>
   <trkpt lat="46.151808" lon="5.190172"><ele>248</ele></trkpt>
   <trkpt lat="46.152718" lon="5.1911"><ele>243</ele></trkpt>
   <trkpt lat="46.15296" lon="5.191317"><ele>243.75</ele></trkpt>
   <trkpt lat="46.153698" lon="5.19197"><ele>251.5</ele></trkpt>
   <trkpt lat="46.155893" lon="5.193713"><ele>252.75</ele></trkpt>
   <trkpt lat="46.159142" lon="5.196239"><ele>250</ele></trkpt>
   <trkpt lat="46.162217" lon="5.19863"><ele>247.75</ele></trkpt>
   <trkpt lat="46.164429" lon="5.200361"><ele>247</ele></trkpt>
   <trkpt lat="46.164476" lon="5.200397"><ele>246.75</ele></trkpt>
   <trkpt lat="46.166469" lon="5.201958"><ele>248</ele></trkpt>
   <trkpt lat="46.170816" lon="5.205358"><ele>248.75</ele></trkpt>
   <trkpt lat="46.17836" lon="5.211278"><ele>248</ele></trkpt>
   <trkpt lat="46.180666" lon="5.213084"><ele>246.25</ele></trkpt>
   <trkpt lat="46.182117" lon="5.214191"><ele>244.75</ele></trkpt>
   <trkpt lat="46.18295" lon="5.21474"><ele>244.25</ele></trkpt>
   <trkpt lat="46.183329" lon="5.214963"><ele>244</ele></trkpt>
   <trkpt lat="46.183714" lon="5.215175"><ele>244</ele></trkpt>
   <trkpt lat="46.184489" lon="5.215584"><ele>243</ele></trkpt>
   <trkpt lat="46.185283" lon="5.215952"><ele>242.5</ele></trkpt>
   <trkpt lat="46.186112" lon="5.216267"><ele>241.75</ele></trkpt>
   <trkpt lat="46.187336" lon="5.216612"><ele>242</ele></trkpt>
   <trkpt lat="46.188247" lon="5.216788"><ele>241.5</ele></trkpt>
   <trkpt lat="46.188993" lon="5.216894"><ele>242</ele></trkpt>
   <trkpt lat="46.189655" lon="5.216955"><ele>241.75</ele></trkpt>
   <trkpt lat="46.190829" lon="5.216979"><ele>242</ele></trkpt>
   <trkpt lat="46.191543" lon="5.216946"><ele>242.5</ele></trkpt>
   <trkpt lat="46.192015" lon="5.216899"><ele>242.75</ele></trkpt>
   <trkpt lat="46.192284" lon="5.216854"><ele>243</ele></trkpt>
   <trkpt lat="46.192749" lon="5.216751"><ele>243</ele></trkpt>
   <trkpt lat="46.194389" lon="5.216335"><ele>242</ele></trkpt>
   <trkpt lat="46.195277" lon="5.216068"><ele>241</ele></trkpt>
   <trkpt lat="46.195552" lon="5.21597"><ele>242</ele></trkpt>
   <trkpt lat="46.195629" lon="5.215949"><ele>241.75</ele></trkpt>
   <trkpt lat="46.195707" lon="5.215927"><ele>241.5</ele></trkpt>
   <trkpt lat="46.196644" lon="5.215627"><ele>241</ele></trkpt>
   <trkpt lat="46.196398" lon="5.215757"><ele>241</ele></trkpt>
   <trkpt lat="46.196172" lon="5.215873"><ele>241</ele></trkpt>
   <trkpt lat="46.196116" lon="5.215903"><ele>241</ele></trkpt>
   <trkpt lat="46.195934" lon="5.216001"><ele>241</ele></trkpt>
   <trkpt lat="46.195859" lon="5.216039"><ele>241</ele></trkpt>
   <trkpt lat="46.195783" lon="5.216079"><ele>241</ele></trkpt>
   <trkpt lat="46.195659" lon="5.216141"><ele>241.25</ele></trkpt>
   <trkpt lat="46.195604" lon="5.216169"><ele>241.25</ele></trkpt>
   <trkpt lat="46.195547" lon="5.216197"><ele>241.25</ele></trkpt>
   <trkpt lat="46.195433" lon="5.216261"><ele>241.25</ele></trkpt>
   <trkpt lat="46.195265" lon="5.216374"><ele>241</ele></trkpt>
   <trkpt lat="46.195117" lon="5.216499"><ele>241.5</ele></trkpt>
   <trkpt lat="46.194948" lon="5.216663"><ele>242</ele></trkpt>
   <trkpt lat="46.194761" lon="5.216879"><ele>242</ele></trkpt>
   <trkpt lat="46.194663" lon="5.217008"><ele>242</ele></trkpt>
   <trkpt lat="46.194536" lon="5.217206"><ele>242</ele></trkpt>
   <trkpt lat="46.194411" lon="5.21742"><ele>242</ele></trkpt>
   <trkpt lat="46.193876" lon="5.218419"><ele>243</ele></trkpt>
   <trkpt lat="46.193337" lon="5.219284"><ele>243</ele></trkpt>
   <trkpt lat="46.193029" lon="5.219794"><ele>243</ele></trkpt>
   <trkpt lat="46.192891" lon="5.220046"><ele>242.75</ele></trkpt>
   <trkpt lat="46.192757" lon="5.220312"><ele>242</ele></trkpt>
   <trkpt lat="46.192586" lon="5.220731"><ele>241.5</ele></trkpt>
   <trkpt lat="46.192533" lon="5.220877"><ele>241</ele></trkpt>
   <trkpt lat="46.192512" lon="5.220947"><ele>241</ele></trkpt>
   <trkpt lat="46.192354" lon="5.221496"><ele>239</ele></trkpt>
   <trkpt lat="46.192279" lon="5.221869"><ele>238.5</ele></trkpt>
   <trkpt lat="46.192225" lon="5.222279"><ele>237.75</ele></trkpt>
   <trkpt lat="46.192194" lon="5.222605"><ele>237.25</ele></trkpt>
   <trkpt lat="46.192177" lon="5.22295"><ele>236.75</ele></trkpt>
   <trkpt lat="46.192179" lon="5.223314"><ele>236.75</ele></trkpt>
   <trkpt lat="46.192219" lon="5.224049"><ele>237.5</ele></trkpt>
   <trkpt lat="46.192385" lon="5.225189"><ele>238.25</ele></trkpt>
   <trkpt lat="46.193211" lon="5.230768"><ele>237.75</ele></trkpt>
   <trkpt lat="46.193276" lon="5.231216"><ele>238</ele></trkpt>
   <trkpt lat="46.193377" lon="5.232136"><ele>237.5</ele></trkpt>
   <trkpt lat="46.193431" lon="5.233076"><ele>236.75</ele></trkpt>
   <trkpt lat="46.193517" lon="5.236513"><ele>237</ele></trkpt>
   <trkpt lat="46.193592" lon="5.237877"><ele>236</ele></trkpt>
   <trkpt lat="46.193633" lon="5.23849"><ele>236.5</ele></trkpt>
   <trkpt lat="46.193681" lon="5.239038"><ele>237</ele></trkpt>
   <trkpt lat="46.193719" lon="5.239434"><ele>237.75</ele></trkpt>
   <trkpt lat="46.193942" lon="5.241057"><ele>237.25</ele></trkpt>
   <trkpt lat="46.194426" lon="5.244411"><ele>237.75</ele></trkpt>
   <trkpt lat="46.194947" lon="5.248255"><ele>237.25</ele></trkpt>
   <trkpt lat="46.195169" lon="5.249598"><ele>237.25</ele></trkpt>
   <trkpt lat="46.195506" lon="5.251241"><ele>235.25</ele></trkpt>
   <trkpt lat="46.195843" lon="5.252974"><ele>229.5</ele></trkpt>
   <trkpt lat="46.195882" lon="5.253177"><ele>229.25</ele></trkpt>
   <trkpt lat="46.197389" lon="5.260875"><ele>230</ele></trkpt>
   <trkpt lat="46.197549" lon="5.261691"><ele>230</ele></trkpt>
   <trkpt lat="46.197578" lon="5.261843"><ele>230</ele></trkpt>
   <trkpt lat="46.197609" lon="5.261995"><ele>230</ele></trkpt>
   <trkpt lat="46.19773" lon="5.262604"><ele>230</ele></trkpt>
   <trkpt lat="46.198983" lon="5.269001"><ele>233</ele></trkpt>
   <trkpt lat="46.199043" lon="5.269486"><ele>233</ele></trkpt>
   <trkpt lat="46.199074" lon="5.269787"><ele>234.5</ele></trkpt>
   <trkpt lat="46.199111" lon="5.270364"><ele>237</ele></trkpt>
   <trkpt lat="46.199112" lon="5.270752"><ele>238.25</ele></trkpt>
   <trkpt lat="46.199097" lon="5.271165"><ele>238.75</ele></trkpt>
   <trkpt lat="46.199057" lon="5.271684"><ele>240.75</ele></trkpt>
   <trkpt lat="46.198978" lon="5.272155"><ele>241.25</ele></trkpt>
   <trkpt lat="46.198901" lon="5.272559"><ele>240</ele></trkpt>
   <trkpt lat="46.198664" lon="5.273454"><ele>242.5</ele></trkpt>
   <trkpt lat="46.198553" lon="5.273766"><ele>242</ele></trkpt>
   <trkpt lat="46.198328" lon="5.274308"><ele>243</ele></trkpt>
   <trkpt lat="46.197697" lon="5.27557"><ele>244.25</ele></trkpt>
   <trkpt lat="46.19745" lon="5.276107"><ele>246.75</ele></trkpt>
   <trkpt lat="46.197096" lon="5.276903"><ele>249.75</ele></trkpt>
   <trkpt lat="46.196975" lon="5.277238"><ele>250.25</ele></trkpt>
   <trkpt lat="46.196689" lon="5.278152"><ele>251.75</ele></trkpt>
   <trkpt lat="46.19631" lon="5.279485"><ele>255</ele></trkpt>
   <trkpt lat="46.195749" lon="5.281457"><ele>256.5</ele></trkpt>
   <trkpt lat="46.193809" lon="5.288305"><ele>258</ele></trkpt>
   <trkpt lat="46.193608" lon="5.289094"><ele>258</ele></trkpt>
   <trkpt lat="46.193459" lon="5.289797"><ele>258.5</ele></trkpt>
   <trkpt lat="46.193405" lon="5.290097"><ele>258.5</ele></trkpt>
   <trkpt lat="46.192834" lon="5.293997"><ele>259</ele></trkpt>
   <trkpt lat="46.192696" lon="5.29507"><ele>258</ele></trkpt>
   <trkpt lat="46.192505" lon="5.296413"><ele>260</ele></trkpt>
   <trkpt lat="46.191133" lon="5.305991"><ele>276.75</ele></trkpt>
   <trkpt lat="46.191103" lon="5.306285"><ele>277</ele></trkpt>
   <trkpt lat="46.191038" lon="5.306945"><ele>278</ele></trkpt>
   <trkpt lat="46.190994" lon="5.307705"><ele>278.75</ele></trkpt>
   <trkpt lat="46.190888" lon="5.312711"><ele>288.75</ele></trkpt>
   <trkpt lat="46.190863" lon="5.31359"><ele>287</ele></trkpt>
   <trkpt lat="46.190861" lon="5.313657"><ele>287.5</ele></trkpt>
   <trkpt lat="46.190843" lon="5.314278"><ele>291.75</ele></trkpt>
   <trkpt lat="46.190791" lon="5.31482"><ele>292.75</ele></trkpt>
   <trkpt lat="46.190705" lon="5.315419"><ele>294.25</ele></trkpt>
   <trkpt lat="46.189935" lon="5.319989"><ele>306.5</ele></trkpt>
   <trkpt lat="46.189694" lon="5.321284"><ele>307.25</ele></trkpt>
   <trkpt lat="46.189633" lon="5.321513"><ele>307.5</ele></trkpt>
   <trkpt lat="46.189332" lon="5.322279"><ele>308</ele></trkpt>
   <trkpt lat="46.189204" lon="5.322531"><ele>309</ele></trkpt>
   <trkpt lat="46.189047" lon="5.322776"><ele>308.5</ele></trkpt>
   <trkpt lat="46.188716" lon="5.323161"><ele>309.5</ele></trkpt>
   <trkpt lat="46.188437" lon="5.323414"><ele>310.5</ele></trkpt>
   <trkpt lat="46.188162" lon="5.323637"><ele>312.75</ele></trkpt>
   <trkpt lat="46.187476" lon="5.323907"><ele>316.25</ele></trkpt>
   <trkpt lat="46.186992" lon="5.324062"><ele>318.25</ele></trkpt>
   <trkpt lat="46.185365" lon="5.324652"><ele>322</ele></trkpt>
   <trkpt lat="46.18487" lon="5.324866"><ele>323.75</ele></trkpt>
   <trkpt lat="46.184506" lon="5.325073"><ele>325.75</ele></trkpt>
   <trkpt lat="46.184205" lon="5.325273"><ele>326.25</ele></trkpt>
   <trkpt lat="46.183857" lon="5.325522"><ele>326.5</ele></trkpt>
   <trkpt lat="46.182663" lon="5.326567"><ele>326.5</ele></trkpt>
   <trkpt lat="46.182213" lon="5.326972"><ele>326.25</ele></trkpt>
   <trkpt lat="46.181611" lon="5.327512"><ele>328.75</ele></trkpt>
   <trkpt lat="46.181329" lon="5.32788"><ele>329.5</ele></trkpt>
   <trkpt lat="46.181098" lon="5.328209"><ele>330.5</ele></trkpt>
   <trkpt lat="46.180922" lon="5.328559"><ele>332</ele></trkpt>
   <trkpt lat="46.180753" lon="5.328984"><ele>332.75</ele></trkpt>
   <trkpt lat="46.180653" lon="5.329398"><ele>334</ele></trkpt>
   <trkpt lat="46.180604" lon="5.329635"><ele>334.25</ele></trkpt>
   <trkpt lat="46.180417" lon="5.330737"><ele>336</ele></trkpt>
   <trkpt lat="46.180309" lon="5.331188"><ele>336.5</ele></trkpt>
   <trkpt lat="46.180203" lon="5.331581"><ele>336.5</ele></trkpt>
   <trkpt lat="46.179997" lon="5.332057"><ele>339.75</ele></trkpt>
   <trkpt lat="46.17978" lon="5.33248"><ele>341.25</ele></trkpt>
   <trkpt lat="46.179581" lon="5.332821"><ele>342.75</ele></trkpt>
   <trkpt lat="46.179314" lon="5.333152"><ele>343.5</ele></trkpt>
   <trkpt lat="46.178927" lon="5.333521"><ele>346</ele></trkpt>
   <trkpt lat="46.178691" lon="5.333692"><ele>346.25</ele></trkpt>
   <trkpt lat="46.178368" lon="5.333856"><ele>345.5</ele></trkpt>
   <trkpt lat="46.177679" lon="5.334096"><ele>349</ele></trkpt>
   <trkpt lat="46.177065" lon="5.334293"><ele>350.5</ele></trkpt>
   <trkpt lat="46.176766" lon="5.334412"><ele>351.5</ele></trkpt>
   <trkpt lat="46.176486" lon="5.334566"><ele>352.25</ele></trkpt>
   <trkpt lat="46.176155" lon="5.334785"><ele>354</ele></trkpt>
   <trkpt lat="46.175065" lon="5.335687"><ele>357.25</ele></trkpt>
   <trkpt lat="46.173482" lon="5.337073"><ele>365.25</ele></trkpt>
   <trkpt lat="46.172411" lon="5.338335"><ele>365.25</ele></trkpt>
   <trkpt lat="46.171809" lon="5.339104"><ele>369.75</ele></trkpt>
   <trkpt lat="46.170673" lon="5.340516"><ele>375.75</ele></trkpt>
   <trkpt lat="46.170046" lon="5.341325"><ele>376.25</ele></trkpt>
   <trkpt lat="46.169756" lon="5.34164"><ele>377.75</ele></trkpt>
   <trkpt lat="46.169282" lon="5.342008"><ele>390.75</ele></trkpt>
   <trkpt lat="46.167738" lon="5.343052"><ele>394.25</ele></trkpt>
   <trkpt lat="46.165036" lon="5.344687"><ele>391.75</ele></trkpt>
   <trkpt lat="46.163769" lon="5.345427"><ele>392</ele></trkpt>
   <trkpt lat="46.161987" lon="5.346574"><ele>396</ele></trkpt>
   <trkpt lat="46.16188" lon="5.346663"><ele>396</ele></trkpt>
   <trkpt lat="46.161155" lon="5.347226"><ele>395.25</ele></trkpt>
   <trkpt lat="46.16093" lon="5.347456"><ele>394.5</ele></trkpt>
   <trkpt lat="46.160727" lon="5.347685"><ele>393.5</ele></trkpt>
   <trkpt lat="46.16044" lon="5.348092"><ele>393.75</ele></trkpt>
   <trkpt lat="46.160256" lon="5.348426"><ele>395</ele></trkpt>
   <trkpt lat="46.160025" lon="5.348916"><ele>395</ele></trkpt>
   <trkpt lat="46.159883" lon="5.349361"><ele>395</ele></trkpt>
   <trkpt lat="46.15975" lon="5.349947"><ele>394.25</ele></trkpt>
   <trkpt lat="46.159684" lon="5.350364"><ele>393.75</ele></trkpt>
   <trkpt lat="46.159646" lon="5.350811"><ele>394</ele></trkpt>
   <trkpt lat="46.159638" lon="5.35129"><ele>392.5</ele></trkpt>
   <trkpt lat="46.159673" lon="5.351754"><ele>390.5</ele></trkpt>
   <trkpt lat="46.159732" lon="5.352203"><ele>389</ele></trkpt>
   <trkpt lat="46.159849" lon="5.352735"><ele>387</ele></trkpt>
   <trkpt lat="46.159954" lon="5.353102"><ele>387.5</ele></trkpt>
   <trkpt lat="46.160328" lon="5.354215"><ele>386</ele></trkpt>
   <trkpt lat="46.160484" lon="5.354638"><ele>385</ele></trkpt>
   <trkpt lat="46.160624" lon="5.354959"><ele>384.5</ele></trkpt>
   <trkpt lat="46.160767" lon="5.355259"><ele>382.75</ele></trkpt>
   <trkpt lat="46.161211" lon="5.355937"><ele>382</ele></trkpt>
   <trkpt lat="46.161401" lon="5.356162"><ele>382</ele></trkpt>
   <trkpt lat="46.16166" lon="5.356414"><ele>381</ele></trkpt>
   <trkpt lat="46.162601" lon="5.35729"><ele>378</ele></trkpt>
   <trkpt lat="46.16373" lon="5.358315"><ele>372.5</ele></trkpt>
   <trkpt lat="46.16405" lon="5.358568"><ele>371.25</ele></trkpt>
   <trkpt lat="46.164384" lon="5.358777"><ele>370</ele></trkpt>
   <trkpt lat="46.165319" lon="5.359259"><ele>366.5</ele></trkpt>
   <trkpt lat="46.165829" lon="5.35962"><ele>365</ele></trkpt>
   <trkpt lat="46.166244" lon="5.360058"><ele>363</ele></trkpt>
   <trkpt lat="46.166875" lon="5.361073"><ele>359.75</ele></trkpt>
   <trkpt lat="46.167374" lon="5.36184"><ele>357.25</ele></trkpt>
   <trkpt lat="46.167622" lon="5.362197"><ele>356</ele></trkpt>
   <trkpt lat="46.167946" lon="5.362487"><ele>355.5</ele></trkpt>
   <trkpt lat="46.168312" lon="5.362739"><ele>357</ele></trkpt>
   <trkpt lat="46.168713" lon="5.36292"><ele>356.75</ele></trkpt>
   <trkpt lat="46.169332" lon="5.363056"><ele>351.75</ele></trkpt>
   <trkpt lat="46.170327" lon="5.363148"><ele>347.5</ele></trkpt>
   <trkpt lat="46.170712" lon="5.363245"><ele>345.5</ele></trkpt>
   <trkpt lat="46.170968" lon="5.363363"><ele>344.75</ele></trkpt>
   <trkpt lat="46.171334" lon="5.363583"><ele>342.75</ele></trkpt>
   <trkpt lat="46.171651" lon="5.363849"><ele>341.25</ele></trkpt>
   <trkpt lat="46.171806" lon="5.364017"><ele>340.5</ele></trkpt>
   <trkpt lat="46.171996" lon="5.364226"><ele>339.5</ele></trkpt>
   <trkpt lat="46.17223" lon="5.364534"><ele>338.25</ele></trkpt>
   <trkpt lat="46.172474" lon="5.364925"><ele>337</ele></trkpt>
   <trkpt lat="46.172732" lon="5.365424"><ele>335.5</ele></trkpt>
   <trkpt lat="46.173225" lon="5.366316"><ele>335.5</ele></trkpt>
   <trkpt lat="46.173606" lon="5.366911"><ele>335.75</ele></trkpt>
   <trkpt lat="46.173851" lon="5.367184"><ele>335</ele></trkpt>
   <trkpt lat="46.174138" lon="5.367421"><ele>334.25</ele></trkpt>
   <trkpt lat="46.174421" lon="5.367613"><ele>333</ele></trkpt>
   <trkpt lat="46.174824" lon="5.367783"><ele>331.75</ele></trkpt>
   <trkpt lat="46.175833" lon="5.368264"><ele>328.5</ele></trkpt>
   <trkpt lat="46.176154" lon="5.368481"><ele>328.5</ele></trkpt>
   <trkpt lat="46.176434" lon="5.368767"><ele>329.25</ele></trkpt>
   <trkpt lat="46.176966" lon="5.369406"><ele>330.5</ele></trkpt>
   <trkpt lat="46.177926" lon="5.370635"><ele>326.5</ele></trkpt>
   <trkpt lat="46.178252" lon="5.370951"><ele>326.5</ele></trkpt>
   <trkpt lat="46.179169" lon="5.371641"><ele>323.25</ele></trkpt>
   <trkpt lat="46.179718" lon="5.372141"><ele>321</ele></trkpt>
   <trkpt lat="46.180145" lon="5.372775"><ele>319.25</ele></trkpt>
   <trkpt lat="46.180375" lon="5.37326"><ele>317.25</ele></trkpt>
   <trkpt lat="46.180925" lon="5.374674"><ele>315.5</ele></trkpt>
   <trkpt lat="46.181137" lon="5.375258"><ele>316.75</ele></trkpt>
   <trkpt lat="46.181418" lon="5.375754"><ele>318.5</ele></trkpt>
   <trkpt lat="46.181848" lon="5.37633"><ele>318.75</ele></trkpt>
   <trkpt lat="46.182137" lon="5.376674"><ele>317.75</ele></trkpt>
   <trkpt lat="46.182313" lon="5.376847"><ele>317.25</ele></trkpt>
   <trkpt lat="46.182463" lon="5.376975"><ele>315.5</ele></trkpt>
   <trkpt lat="46.182841" lon="5.377227"><ele>313.75</ele></trkpt>
   <trkpt lat="46.184174" lon="5.377768"><ele>310</ele></trkpt>
   <trkpt lat="46.184813" lon="5.378057"><ele>307.75</ele></trkpt>
   <trkpt lat="46.185152" lon="5.378276"><ele>306.75</ele></trkpt>
   <trkpt lat="46.185423" lon="5.378495"><ele>306.5</ele></trkpt>
   <trkpt lat="46.185662" lon="5.378778"><ele>305.5</ele></trkpt>
   <trkpt lat="46.186078" lon="5.379353"><ele>304</ele></trkpt>
   <trkpt lat="46.186304" lon="5.379729"><ele>303.25</ele></trkpt>
   <trkpt lat="46.186497" lon="5.380149"><ele>301.75</ele></trkpt>
   <trkpt lat="46.186786" lon="5.38105"><ele>300</ele></trkpt>
   <trkpt lat="46.18688" lon="5.381322"><ele>300.5</ele></trkpt>
   <trkpt lat="46.187046" lon="5.381819"><ele>299.75</ele></trkpt>
   <trkpt lat="46.187227" lon="5.382215"><ele>299</ele></trkpt>
   <trkpt lat="46.187527" lon="5.382771"><ele>298</ele></trkpt>
   <trkpt lat="46.187698" lon="5.38304"><ele>297</ele></trkpt>
   <trkpt lat="46.187918" lon="5.383321"><ele>296</ele></trkpt>
   <trkpt lat="46.188178" lon="5.383611"><ele>295.25</ele></trkpt>
   <trkpt lat="46.188813" lon="5.384088"><ele>295.25</ele></trkpt>
   <trkpt lat="46.189335" lon="5.384425"><ele>293.75</ele></trkpt>
   <trkpt lat="46.189723" lon="5.384721"><ele>293</ele></trkpt>
   <trkpt lat="46.19009" lon="5.385124"><ele>289</ele></trkpt>
   <trkpt lat="46.190353" lon="5.385451"><ele>287.5</ele></trkpt>
   <trkpt lat="46.190538" lon="5.385712"><ele>287.5</ele></trkpt>
   <trkpt lat="46.19078" lon="5.386058"><ele>289.5</ele></trkpt>
   <trkpt lat="46.190986" lon="5.386377"><ele>288.75</ele></trkpt>
   <trkpt lat="46.191175" lon="5.386746"><ele>293</ele></trkpt>
   <trkpt lat="46.191314" lon="5.387055"><ele>295</ele></trkpt>
   <trkpt lat="46.19144" lon="5.387372"><ele>295.75</ele></trkpt>
   <trkpt lat="46.191624" lon="5.387968"><ele>296.5</ele></trkpt>
   <trkpt lat="46.191805" lon="5.38861"><ele>296</ele></trkpt>
   <trkpt lat="46.192189" lon="5.390364"><ele>298</ele></trkpt>
   <trkpt lat="46.192405" lon="5.391253"><ele>298</ele></trkpt>
   <trkpt lat="46.19297" lon="5.39363"><ele>298.75</ele></trkpt>
   <trkpt lat="46.193121" lon="5.394243"><ele>298.25</ele></trkpt>
   <trkpt lat="46.193276" lon="5.394801"><ele>298.5</ele></trkpt>
   <trkpt lat="46.193415" lon="5.395248"><ele>297.25</ele></trkpt>
   <trkpt lat="46.193582" lon="5.395743"><ele>298</ele></trkpt>
   <trkpt lat="46.193768" lon="5.39625"><ele>297.25</ele></trkpt>
   <trkpt lat="46.193903" lon="5.396591"><ele>298.25</ele></trkpt>
   <trkpt lat="46.194075" lon="5.396996"><ele>297.25</ele></trkpt>
   <trkpt lat="46.194257" lon="5.3974"><ele>297.75</ele></trkpt>
   <trkpt lat="46.194578" lon="5.398046"><ele>297.75</ele></trkpt>
   <trkpt lat="46.194761" lon="5.398392"><ele>298</ele></trkpt>
   <trkpt lat="46.194911" lon="5.398655"><ele>298</ele></trkpt>
   <trkpt lat="46.195239" lon="5.399196"><ele>298.75</ele></trkpt>
   <trkpt lat="46.195527" lon="5.399636"><ele>300</ele></trkpt>
   <trkpt lat="46.195833" lon="5.400085"><ele>300</ele></trkpt>
   <trkpt lat="46.199987" lon="5.406136"><ele>310</ele></trkpt>
   <trkpt lat="46.201706" lon="5.408735"><ele>311</ele></trkpt>
   <trkpt lat="46.202056" lon="5.409201"><ele>310</ele></trkpt>
   <trkpt lat="46.202458" lon="5.409674"><ele>311.5</ele></trkpt>
   <trkpt lat="46.20278" lon="5.409974"><ele>311.5</ele></trkpt>
   <trkpt lat="46.203304" lon="5.410439"><ele>310.25</ele></trkpt>
   <trkpt lat="46.20348" lon="5.410612"><ele>310.75</ele></trkpt>
   <trkpt lat="46.203677" lon="5.410787"><ele>311.25</ele></trkpt>
   <trkpt lat="46.20403" lon="5.411075"><ele>312.5</ele></trkpt>
   <trkpt lat="46.204447" lon="5.41133"><ele>313.5</ele></trkpt>
   <trkpt lat="46.205399" lon="5.411811"><ele>316.25</ele></trkpt>
   <trkpt lat="46.205842" lon="5.412093"><ele>318.25</ele></trkpt>
   <trkpt lat="46.207129" lon="5.413192"><ele>318</ele></trkpt>
   <trkpt lat="46.207525" lon="5.413482"><ele>317.75</ele></trkpt>
   <trkpt lat="46.207825" lon="5.413646"><ele>317.5</ele></trkpt>
   <trkpt lat="46.208119" lon="5.413767"><ele>316.5</ele></trkpt>
   <trkpt lat="46.208497" lon="5.413857"><ele>318.25</ele></trkpt>
   <trkpt lat="46.209466" lon="5.413997"><ele>319.5</ele></trkpt>
   <trkpt lat="46.209903" lon="5.414111"><ele>318.5</ele></trkpt>
   <trkpt lat="46.210579" lon="5.414334"><ele>317.75</ele></trkpt>
   <trkpt lat="46.210989" lon="5.41446"><ele>319</ele></trkpt>
   <trkpt lat="46.211391" lon="5.414624"><ele>319.25</ele></trkpt>
   <trkpt lat="46.211685" lon="5.414795"><ele>319</ele></trkpt>
   <trkpt lat="46.212046" lon="5.415035"><ele>318.25</ele></trkpt>
   <trkpt lat="46.21274" lon="5.415514"><ele>316.5</ele></trkpt>
   <trkpt lat="46.214038" lon="5.416393"><ele>314.75</ele></trkpt>
   <trkpt lat="46.214439" lon="5.416629"><ele>314.25</ele></trkpt>
   <trkpt lat="46.215294" lon="5.416971"><ele>315.25</ele></trkpt>
   <trkpt lat="46.215721" lon="5.417181"><ele>315</ele></trkpt>
   <trkpt lat="46.216301" lon="5.417565"><ele>313.75</ele></trkpt>
   <trkpt lat="46.216598" lon="5.417777"><ele>314.75</ele></trkpt>
   <trkpt lat="46.217273" lon="5.418225"><ele>314</ele></trkpt>
   <trkpt lat="46.218634" lon="5.418987"><ele>314.75</ele></trkpt>
   <trkpt lat="46.218933" lon="5.419195"><ele>314.75</ele></trkpt>
   <trkpt lat="46.219184" lon="5.419439"><ele>314.75</ele></trkpt>
   <trkpt lat="46.219464" lon="5.419737"><ele>315</ele></trkpt>
   <trkpt lat="46.219695" lon="5.420061"><ele>315.75</ele></trkpt>
   <trkpt lat="46.2199" lon="5.420419"><ele>316.25</ele></trkpt>
   <trkpt lat="46.220215" lon="5.421083"><ele>316.75</ele></trkpt>
   <trkpt lat="46.220316" lon="5.421344"><ele>316.5</ele></trkpt>
   <trkpt lat="46.220437" lon="5.421682"><ele>318.5</ele></trkpt>
   <trkpt lat="46.220545" lon="5.422061"><ele>315.25</ele></trkpt>
   <trkpt lat="46.220624" lon="5.422425"><ele>314.5</ele></trkpt>
   <trkpt lat="46.220724" lon="5.423194"><ele>313.25</ele></trkpt>
   <trkpt lat="46.220733" lon="5.423476"><ele>312.75</ele></trkpt>
   <trkpt lat="46.220727" lon="5.423991"><ele>313.75</ele></trkpt>
   <trkpt lat="46.220573" lon="5.425901"><ele>316</ele></trkpt>
   <trkpt lat="46.220368" lon="5.428291"><ele>368.25</ele></trkpt>
   <trkpt lat="46.220036" lon="5.43114"><ele>431</ele></trkpt>
   <trkpt lat="46.218961" lon="5.436757"><ele>396</ele></trkpt>
   <trkpt lat="46.217032" lon="5.446827"><ele>333.25</ele></trkpt>
   <trkpt lat="46.216425" lon="5.449378"><ele>317.25</ele></trkpt>
   <trkpt lat="46.21632" lon="5.449711"><ele>317</ele></trkpt>
   <trkpt lat="46.216174" lon="5.450078"><ele>316.75</ele></trkpt>
   <trkpt lat="46.21596" lon="5.450506"><ele>316.5</ele></trkpt>
   <trkpt lat="46.214857" lon="5.452417"><ele>315.5</ele></trkpt>
   <trkpt lat="46.214689" lon="5.452686"><ele>315.5</ele></trkpt>
   <trkpt lat="46.214556" lon="5.452872"><ele>314.75</ele></trkpt>
   <trkpt lat="46.214404" lon="5.453056"><ele>317.5</ele></trkpt>
   <trkpt lat="46.21424" lon="5.453234"><ele>316.5</ele></trkpt>
   <trkpt lat="46.213954" lon="5.453504"><ele>317.5</ele></trkpt>
   <trkpt lat="46.21343" lon="5.453931"><ele>318.75</ele></trkpt>
   <trkpt lat="46.213072" lon="5.454194"><ele>319.75</ele></trkpt>
   <trkpt lat="46.212873" lon="5.454318"><ele>322.5</ele></trkpt>
   <trkpt lat="46.212435" lon="5.454554"><ele>323.5</ele></trkpt>
   <trkpt lat="46.212208" lon="5.454644"><ele>324.5</ele></trkpt>
   <trkpt lat="46.211805" lon="5.454764"><ele>324</ele></trkpt>
   <trkpt lat="46.211204" lon="5.454916"><ele>324.75</ele></trkpt>
   <trkpt lat="46.210908" lon="5.45498"><ele>326.25</ele></trkpt>
   <trkpt lat="46.210633" lon="5.455027"><ele>327</ele></trkpt>
   <trkpt lat="46.210469" lon="5.455067"><ele>327</ele></trkpt>
   <trkpt lat="46.210319" lon="5.45512"><ele>327.25</ele></trkpt>
   <trkpt lat="46.210074" lon="5.455238"><ele>328.25</ele></trkpt>
   <trkpt lat="46.209946" lon="5.455316"><ele>328.5</ele></trkpt>
   <trkpt lat="46.209809" lon="5.455416"><ele>328.25</ele></trkpt>
   <trkpt lat="46.209626" lon="5.455567"><ele>328.75</ele></trkpt>
   <trkpt lat="46.209498" lon="5.455674"><ele>328.25</ele></trkpt>
   <trkpt lat="46.209283" lon="5.455878"><ele>328.75</ele></trkpt>
   <trkpt lat="46.209054" lon="5.456148"><ele>330.25</ele></trkpt>
   <trkpt lat="46.208949" lon="5.456294"><ele>331.25</ele></trkpt>
   <trkpt lat="46.208815" lon="5.456513"><ele>332.5</ele></trkpt>
   <trkpt lat="46.208732" lon="5.456665"><ele>333.25</ele></trkpt>
   <trkpt lat="46.208565" lon="5.457029"><ele>334.5</ele></trkpt>
   <trkpt lat="46.208493" lon="5.457227"><ele>334.75</ele></trkpt>
   <trkpt lat="46.20843" lon="5.457422"><ele>337.25</ele></trkpt>
   <trkpt lat="46.208377" lon="5.457615"><ele>337.5</ele></trkpt>
   <trkpt lat="46.208326" lon="5.457837"><ele>338.25</ele></trkpt>
   <trkpt lat="46.208272" lon="5.458126"><ele>342.5</ele></trkpt>
   <trkpt lat="46.208221" lon="5.458458"><ele>342.5</ele></trkpt>
   <trkpt lat="46.20812" lon="5.459265"><ele>340.25</ele></trkpt>
   <trkpt lat="46.208058" lon="5.459682"><ele>342.5</ele></trkpt>
   <trkpt lat="46.207967" lon="5.4602"><ele>343.25</ele></trkpt>
   <trkpt lat="46.207735" lon="5.46131"><ele>344.5</ele></trkpt>
   <trkpt lat="46.207692" lon="5.461561"><ele>346</ele></trkpt>
   <trkpt lat="46.207657" lon="5.461796"><ele>348</ele></trkpt>
   <trkpt lat="46.207628" lon="5.462075"><ele>350</ele></trkpt>
   <trkpt lat="46.20756" lon="5.462854"><ele>350.25</ele></trkpt>
   <trkpt lat="46.207522" lon="5.463141"><ele>349.75</ele></trkpt>
   <trkpt lat="46.207476" lon="5.4634"><ele>349.5</ele></trkpt>
   <trkpt lat="46.207423" lon="5.463639"><ele>353.25</ele></trkpt>
   <trkpt lat="46.207363" lon="5.463857"><ele>354.25</ele></trkpt>
   <trkpt lat="46.207283" lon="5.464105"><ele>354.25</ele></trkpt>
   <trkpt lat="46.20721" lon="5.4643"><ele>352.5</ele></trkpt>
   <trkpt lat="46.207126" lon="5.464502"><ele>352.5</ele></trkpt>
   <trkpt lat="46.206869" lon="5.465038"><ele>353</ele></trkpt>
   <trkpt lat="46.206635" lon="5.465464"><ele>355</ele></trkpt>
   <trkpt lat="46.206527" lon="5.465635"><ele>356</ele></trkpt>
   <trkpt lat="46.206418" lon="5.465791"><ele>356.25</ele></trkpt>
   <trkpt lat="46.206301" lon="5.465938"><ele>360.5</ele></trkpt>
   <trkpt lat="46.206141" lon="5.466117"><ele>357.75</ele></trkpt>
   <trkpt lat="46.205933" lon="5.466308"><ele>359</ele></trkpt>
   <trkpt lat="46.205793" lon="5.466416"><ele>357.25</ele></trkpt>
   <trkpt lat="46.205625" lon="5.46653"><ele>361.75</ele></trkpt>
   <trkpt lat="46.204104" lon="5.46741"><ele>362</ele></trkpt>
   <trkpt lat="46.203865" lon="5.467537"><ele>362.75</ele></trkpt>
   <trkpt lat="46.20374" lon="5.467592"><ele>362.25</ele></trkpt>
   <trkpt lat="46.203596" lon="5.467649"><ele>361.75</ele></trkpt>
   <trkpt lat="46.203465" lon="5.46769"><ele>362.75</ele></trkpt>
   <trkpt lat="46.203224" lon="5.467736"><ele>364.75</ele></trkpt>
   <trkpt lat="46.203085" lon="5.467749"><ele>366.25</ele></trkpt>
   <trkpt lat="46.202904" lon="5.467753"><ele>367.25</ele></trkpt>
   <trkpt lat="46.202742" lon="5.467741"><ele>367.5</ele></trkpt>
   <trkpt lat="46.202537" lon="5.467708"><ele>367.75</ele></trkpt>
   <trkpt lat="46.20142" lon="5.467448"><ele>371.25</ele></trkpt>
   <trkpt lat="46.201198" lon="5.467418"><ele>373</ele></trkpt>
   <trkpt lat="46.20104" lon="5.46741"><ele>373.75</ele></trkpt>
   <trkpt lat="46.200861" lon="5.467412"><ele>374</ele></trkpt>
   <trkpt lat="46.200671" lon="5.467431"><ele>373.25</ele></trkpt>
   <trkpt lat="46.20049" lon="5.467468"><ele>373.5</ele></trkpt>
   <trkpt lat="46.200316" lon="5.467515"><ele>374.75</ele></trkpt>
   <trkpt lat="46.200147" lon="5.467576"><ele>374.75</ele></trkpt>
   <trkpt lat="46.199573" lon="5.467831"><ele>377.5</ele></trkpt>
   <trkpt lat="46.199372" lon="5.467906"><ele>378.5</ele></trkpt>
   <trkpt lat="46.199092" lon="5.467989"><ele>378.25</ele></trkpt>
   <trkpt lat="46.198912" lon="5.468029"><ele>378</ele></trkpt>
   <trkpt lat="46.198313" lon="5.46814"><ele>379.25</ele></trkpt>
   <trkpt lat="46.198085" lon="5.468198"><ele>381.5</ele></trkpt>
   <trkpt lat="46.197885" lon="5.468261"><ele>382</ele></trkpt>
   <trkpt lat="46.197722" lon="5.468343"><ele>382.5</ele></trkpt>
   <trkpt lat="46.197539" lon="5.468451"><ele>383.5</ele></trkpt>
   <trkpt lat="46.197356" lon="5.468578"><ele>383.25</ele></trkpt>
   <trkpt lat="46.197162" lon="5.468748"><ele>383</ele></trkpt>
   <trkpt lat="46.196974" lon="5.468948"><ele>383.5</ele></trkpt>
   <trkpt lat="46.196821" lon="5.469135"><ele>383.5</ele></trkpt>
   <trkpt lat="46.196619" lon="5.46942"><ele>384.75</ele></trkpt>
   <trkpt lat="46.196287" lon="5.469908"><ele>386.75</ele></trkpt>
   <trkpt lat="46.19585" lon="5.470618"><ele>388</ele></trkpt>
   <trkpt lat="46.195704" lon="5.470877"><ele>388</ele></trkpt>
   <trkpt lat="46.195634" lon="5.471014"><ele>389.25</ele></trkpt>
   <trkpt lat="46.195557" lon="5.471185"><ele>390.5</ele></trkpt>
   <trkpt lat="46.195436" lon="5.471473"><ele>392.5</ele></trkpt>
   <trkpt lat="46.195355" lon="5.471722"><ele>396.25</ele></trkpt>
   <trkpt lat="46.195281" lon="5.471983"><ele>396.5</ele></trkpt>
   <trkpt lat="46.195219" lon="5.472298"><ele>396.75</ele></trkpt>
   <trkpt lat="46.19517" lon="5.472597"><ele>397</ele></trkpt>
   <trkpt lat="46.195127" lon="5.472998"><ele>397.25</ele></trkpt>
   <trkpt lat="46.195109" lon="5.47333"><ele>397.5</ele></trkpt>
   <trkpt lat="46.195111" lon="5.473689"><ele>398</ele></trkpt>
   <trkpt lat="46.195136" lon="5.474029"><ele>398.25</ele></trkpt>
   <trkpt lat="46.195173" lon="5.474319"><ele>398.5</ele></trkpt>
   <trkpt lat="46.195211" lon="5.474506"><ele>398.75</ele></trkpt>
   <trkpt lat="46.195344" lon="5.474965"><ele>398.75</ele></trkpt>
   <trkpt lat="46.195512" lon="5.475406"><ele>398.25</ele></trkpt>
   <trkpt lat="46.19579" lon="5.47601"><ele>399.25</ele></trkpt>
   <trkpt lat="46.195896" lon="5.476298"><ele>399.75</ele></trkpt>
   <trkpt lat="46.197487" lon="5.480182"><ele>409.5</ele></trkpt>
   <trkpt lat="46.197636" lon="5.48059"><ele>410.5</ele></trkpt>
   <trkpt lat="46.197751" lon="5.480993"><ele>411.25</ele></trkpt>
   <trkpt lat="46.197855" lon="5.481427"><ele>412.25</ele></trkpt>
   <trkpt lat="46.197912" lon="5.481696"><ele>413</ele></trkpt>
   <trkpt lat="46.197955" lon="5.481981"><ele>413.5</ele></trkpt>
   <trkpt lat="46.197979" lon="5.482253"><ele>414.25</ele></trkpt>
   <trkpt lat="46.197982" lon="5.482553"><ele>414.75</ele></trkpt>
   <trkpt lat="46.197967" lon="5.482854"><ele>415.5</ele></trkpt>
   <trkpt lat="46.197936" lon="5.483137"><ele>416</ele></trkpt>
   <trkpt lat="46.197892" lon="5.483394"><ele>416.5</ele></trkpt>
   <trkpt lat="46.197835" lon="5.483637"><ele>417</ele></trkpt>
   <trkpt lat="46.197761" lon="5.483883"><ele>417.75</ele></trkpt>
   <trkpt lat="46.197691" lon="5.48407"><ele>418.25</ele></trkpt>
   <trkpt lat="46.197583" lon="5.484327"><ele>418.75</ele></trkpt>
   <trkpt lat="46.197465" lon="5.48455"><ele>419.5</ele></trkpt>
   <trkpt lat="46.197315" lon="5.484802"><ele>420</ele></trkpt>
   <trkpt lat="46.197102" lon="5.485081"><ele>421</ele></trkpt>
   <trkpt lat="46.196938" lon="5.485259"><ele>421.5</ele></trkpt>
   <trkpt lat="46.196723" lon="5.485437"><ele>421.75</ele></trkpt>
   <trkpt lat="46.196552" lon="5.485559"><ele>420.25</ele></trkpt>
   <trkpt lat="46.196216" lon="5.485739"><ele>422.75</ele></trkpt>
   <trkpt lat="46.196067" lon="5.485799"><ele>424</ele></trkpt>
   <trkpt lat="46.195898" lon="5.48585"><ele>424.75</ele></trkpt>
   <trkpt lat="46.195739" lon="5.485885"><ele>426.5</ele></trkpt>
   <trkpt lat="46.195525" lon="5.485906"><ele>428.25</ele></trkpt>
   <trkpt lat="46.195365" lon="5.485907"><ele>429</ele></trkpt>
   <trkpt lat="46.195182" lon="5.485896"><ele>429.5</ele></trkpt>
   <trkpt lat="46.19477" lon="5.485832"><ele>430.25</ele></trkpt>
   <trkpt lat="46.193088" lon="5.485526"><ele>433.5</ele></trkpt>
   <trkpt lat="46.19286" lon="5.485506"><ele>434.25</ele></trkpt>
   <trkpt lat="46.192467" lon="5.485519"><ele>434</ele></trkpt>
   <trkpt lat="46.192223" lon="5.485559"><ele>436</ele></trkpt>
   <trkpt lat="46.192003" lon="5.485616"><ele>438.25</ele></trkpt>
   <trkpt lat="46.191737" lon="5.485719"><ele>438.5</ele></trkpt>
   <trkpt lat="46.191471" lon="5.485849"><ele>439</ele></trkpt>
   <trkpt lat="46.190915" lon="5.486171"><ele>438.75</ele></trkpt>
   <trkpt lat="46.190726" lon="5.486303"><ele>439.5</ele></trkpt>
   <trkpt lat="46.190535" lon="5.486457"><ele>439.75</ele></trkpt>
   <trkpt lat="46.190393" lon="5.486601"><ele>442</ele></trkpt>
   <trkpt lat="46.190248" lon="5.486767"><ele>443.75</ele></trkpt>
   <trkpt lat="46.190109" lon="5.486956"><ele>445</ele></trkpt>
   <trkpt lat="46.189958" lon="5.487195"><ele>445.75</ele></trkpt>
   <trkpt lat="46.189861" lon="5.487372"><ele>447.25</ele></trkpt>
   <trkpt lat="46.189745" lon="5.487616"><ele>446.25</ele></trkpt>
   <trkpt lat="46.189659" lon="5.487845"><ele>451.5</ele></trkpt>
   <trkpt lat="46.189597" lon="5.488058"><ele>451.5</ele></trkpt>
   <trkpt lat="46.189428" lon="5.488667"><ele>452.25</ele></trkpt>
   <trkpt lat="46.189186" lon="5.4898"><ele>453.25</ele></trkpt>
   <trkpt lat="46.188781" lon="5.492117"><ele>455.25</ele></trkpt>
   <trkpt lat="46.18555" lon="5.520538"><ele>480</ele></trkpt>
   <trkpt lat="46.185213" lon="5.523344"><ele>480</ele></trkpt>
   <trkpt lat="46.1852" lon="5.523453"><ele>480.25</ele></trkpt>
   <trkpt lat="46.185113" lon="5.524237"><ele>480.25</ele></trkpt>
   <trkpt lat="46.184795" lon="5.526614"><ele>482.75</ele></trkpt>
   <trkpt lat="46.18466" lon="5.527608"><ele>484</ele></trkpt>
   <trkpt lat="46.184567" lon="5.52828"><ele>484</ele></trkpt>
   <trkpt lat="46.184327" lon="5.530246"><ele>484</ele></trkpt>
   <trkpt lat="46.184009" lon="5.532636"><ele>484.5</ele></trkpt>
   <trkpt lat="46.183884" lon="5.533549"><ele>484.75</ele></trkpt>
   <trkpt lat="46.183792" lon="5.534138"><ele>484.25</ele></trkpt>
   <trkpt lat="46.183623" lon="5.53499"><ele>484</ele></trkpt>
   <trkpt lat="46.183371" lon="5.536053"><ele>484.5</ele></trkpt>
   <trkpt lat="46.183225" lon="5.536593"><ele>485.5</ele></trkpt>
   <trkpt lat="46.182305" lon="5.539613"><ele>477</ele></trkpt>
   <trkpt lat="46.181516" lon="5.542057"><ele>471.5</ele></trkpt>
   <trkpt lat="46.181393" lon="5.542451"><ele>473</ele></trkpt>
   <trkpt lat="46.180966" lon="5.543806"><ele>472.25</ele></trkpt>
   <trkpt lat="46.180944" lon="5.543875"><ele>472</ele></trkpt>
   <trkpt lat="46.179174" lon="5.549498"><ele>478</ele></trkpt>
   <trkpt lat="46.178356" lon="5.552021"><ele>479</ele></trkpt>
   <trkpt lat="46.177503" lon="5.554355"><ele>479.25</ele></trkpt>
   <trkpt lat="46.177209" lon="5.555243"><ele>477.75</ele></trkpt>
   <trkpt lat="46.176921" lon="5.556144"><ele>476.75</ele></trkpt>
   <trkpt lat="46.176748" lon="5.556635"><ele>476.75</ele></trkpt>
   <trkpt lat="46.176618" lon="5.556948"><ele>477.5</ele></trkpt>
   <trkpt lat="46.176483" lon="5.557244"><ele>476.25</ele></trkpt>
   <trkpt lat="46.17635" lon="5.557489"><ele>477.5</ele></trkpt>
   <trkpt lat="46.176154" lon="5.557814"><ele>477</ele></trkpt>
   <trkpt lat="46.17568" lon="5.558477"><ele>477</ele></trkpt>
   <trkpt lat="46.175425" lon="5.558855"><ele>476.75</ele></trkpt>
   <trkpt lat="46.175302" lon="5.559056"><ele>477</ele></trkpt>
   <trkpt lat="46.175186" lon="5.559264"><ele>477</ele></trkpt>
   <trkpt lat="46.175056" lon="5.55953"><ele>476.75</ele></trkpt>
   <trkpt lat="46.174921" lon="5.559845"><ele>477</ele></trkpt>
   <trkpt lat="46.174751" lon="5.560327"><ele>478.75</ele></trkpt>
   <trkpt lat="46.174685" lon="5.560555"><ele>478.5</ele></trkpt>
   <trkpt lat="46.17462" lon="5.560815"><ele>477.25</ele></trkpt>
   <trkpt lat="46.17456" lon="5.561091"><ele>476.75</ele></trkpt>
   <trkpt lat="46.174519" lon="5.561324"><ele>477.5</ele></trkpt>
   <trkpt lat="46.174456" lon="5.561795"><ele>480.75</ele></trkpt>
   <trkpt lat="46.174425" lon="5.562143"><ele>481.5</ele></trkpt>
   <trkpt lat="46.174391" lon="5.562684"><ele>481</ele></trkpt>
   <trkpt lat="46.17435" lon="5.563478"><ele>480.25</ele></trkpt>
   <trkpt lat="46.174301" lon="5.564173"><ele>477.75</ele></trkpt>
   <trkpt lat="46.174266" lon="5.564465"><ele>478.25</ele></trkpt>
   <trkpt lat="46.174222" lon="5.564744"><ele>478.75</ele></trkpt>
   <trkpt lat="46.174137" lon="5.565134"><ele>478.75</ele></trkpt>
   <trkpt lat="46.174022" lon="5.565571"><ele>478.5</ele></trkpt>
   <trkpt lat="46.17373" lon="5.566514"><ele>478.25</ele></trkpt>
   <trkpt lat="46.173645" lon="5.566765"><ele>478</ele></trkpt>
   <trkpt lat="46.173043" lon="5.568641"><ele>478.75</ele></trkpt>
   <trkpt lat="46.17285" lon="5.569129"><ele>478.25</ele></trkpt>
   <trkpt lat="46.17255" lon="5.569778"><ele>478.25</ele></trkpt>
   <trkpt lat="46.172245" lon="5.570311"><ele>479</ele></trkpt>
   <trkpt lat="46.171956" lon="5.570734"><ele>479</ele></trkpt>
   <trkpt lat="46.17181" lon="5.570923"><ele>479</ele></trkpt>
   <trkpt lat="46.17165" lon="5.57112"><ele>479</ele></trkpt>
   <trkpt lat="46.17124" lon="5.571567"><ele>479</ele></trkpt>
   <trkpt lat="46.170976" lon="5.571805"><ele>479</ele></trkpt>
   <trkpt lat="46.170664" lon="5.57202"><ele>479</ele></trkpt>
   <trkpt lat="46.170364" lon="5.572177"><ele>479</ele></trkpt>
   <trkpt lat="46.170015" lon="5.572293"><ele>479</ele></trkpt>
   <trkpt lat="46.169696" lon="5.57234"><ele>478.75</ele></trkpt>
   <trkpt lat="46.169435" lon="5.57234"><ele>478.25</ele></trkpt>
   <trkpt lat="46.169158" lon="5.572297"><ele>478.25</ele></trkpt>
   <trkpt lat="46.168892" lon="5.572221"><ele>477.75</ele></trkpt>
   <trkpt lat="46.168182" lon="5.571927"><ele>476.25</ele></trkpt>
   <trkpt lat="46.167971" lon="5.571831"><ele>476.25</ele></trkpt>
   <trkpt lat="46.167499" lon="5.571654"><ele>478</ele></trkpt>
   <trkpt lat="46.167243" lon="5.571609"><ele>478</ele></trkpt>
   <trkpt lat="46.166663" lon="5.571593"><ele>477.5</ele></trkpt>
   <trkpt lat="46.166555" lon="5.571615"><ele>477.75</ele></trkpt>
   <trkpt lat="46.16637" lon="5.571651"><ele>478</ele></trkpt>
   <trkpt lat="46.166061" lon="5.57175"><ele>478.5</ele></trkpt>
   <trkpt lat="46.165825" lon="5.571864"><ele>478</ele></trkpt>
   <trkpt lat="46.165545" lon="5.572034"><ele>477.5</ele></trkpt>
   <trkpt lat="46.165327" lon="5.572199"><ele>477.75</ele></trkpt>
   <trkpt lat="46.165203" lon="5.572313"><ele>477.25</ele></trkpt>
   <trkpt lat="46.164987" lon="5.572531"><ele>477.5</ele></trkpt>
   <trkpt lat="46.164772" lon="5.572794"><ele>476.75</ele></trkpt>
   <trkpt lat="46.164595" lon="5.573051"><ele>476.25</ele></trkpt>
   <trkpt lat="46.164419" lon="5.573359"><ele>477.5</ele></trkpt>
   <trkpt lat="46.164279" lon="5.573655"><ele>476.5</ele></trkpt>
   <trkpt lat="46.164173" lon="5.573916"><ele>476.75</ele></trkpt>
   <trkpt lat="46.163719" lon="5.575114"><ele>476.5</ele></trkpt>
   <trkpt lat="46.163609" lon="5.575367"><ele>477</ele></trkpt>
   <trkpt lat="46.163501" lon="5.575576"><ele>477.25</ele></trkpt>
   <trkpt lat="46.163363" lon="5.57582"><ele>478.5</ele></trkpt>
   <trkpt lat="46.163103" lon="5.576194"><ele>481.25</ele></trkpt>
   <trkpt lat="46.162971" lon="5.57635"><ele>483</ele></trkpt>
   <trkpt lat="46.162821" lon="5.576506"><ele>484.5</ele></trkpt>
   <trkpt lat="46.162654" lon="5.57666"><ele>488.5</ele></trkpt>
   <trkpt lat="46.16202" lon="5.577168"><ele>485.5</ele></trkpt>
   <trkpt lat="46.161862" lon="5.577311"><ele>482.75</ele></trkpt>
   <trkpt lat="46.161572" lon="5.577613"><ele>483.5</ele></trkpt>
   <trkpt lat="46.161368" lon="5.577867"><ele>482.75</ele></trkpt>
   <trkpt lat="46.161026" lon="5.578339"><ele>484.75</ele></trkpt>
   <trkpt lat="46.160902" lon="5.578533"><ele>483</ele></trkpt>
   <trkpt lat="46.160805" lon="5.5787"><ele>481.5</ele></trkpt>
   <trkpt lat="46.160712" lon="5.578878"><ele>483.25</ele></trkpt>
   <trkpt lat="46.160559" lon="5.57923"><ele>482</ele></trkpt>
   <trkpt lat="46.160494" lon="5.579406"><ele>482.75</ele></trkpt>
   <trkpt lat="46.160377" lon="5.579786"><ele>485.75</ele></trkpt>
   <trkpt lat="46.160329" lon="5.579975"><ele>486.5</ele></trkpt>
   <trkpt lat="46.160279" lon="5.580254"><ele>483.25</ele></trkpt>
   <trkpt lat="46.160146" lon="5.581146"><ele>486.75</ele></trkpt>
   <trkpt lat="46.160078" lon="5.581542"><ele>486.25</ele></trkpt>
   <trkpt lat="46.160004" lon="5.582114"><ele>486</ele></trkpt>
   <trkpt lat="46.159919" lon="5.582507"><ele>485.75</ele></trkpt>
   <trkpt lat="46.15981" lon="5.582904"><ele>485.5</ele></trkpt>
   <trkpt lat="46.159708" lon="5.583213"><ele>485.25</ele></trkpt>
   <trkpt lat="46.159057" lon="5.584909"><ele>484</ele></trkpt>
   <trkpt lat="46.15887" lon="5.585413"><ele>484</ele></trkpt>
   <trkpt lat="46.158411" lon="5.586825"><ele>484.25</ele></trkpt>
   <trkpt lat="46.158261" lon="5.587322"><ele>483.75</ele></trkpt>
   <trkpt lat="46.158133" lon="5.58787"><ele>483</ele></trkpt>
   <trkpt lat="46.158006" lon="5.588511"><ele>483</ele></trkpt>
   <trkpt lat="46.157893" lon="5.588987"><ele>482.75</ele></trkpt>
   <trkpt lat="46.157483" lon="5.590422"><ele>481.25</ele></trkpt>
   <trkpt lat="46.157407" lon="5.59073"><ele>483.25</ele></trkpt>
   <trkpt lat="46.157338" lon="5.59103"><ele>483</ele></trkpt>
   <trkpt lat="46.156968" lon="5.592791"><ele>480.25</ele></trkpt>
   <trkpt lat="46.156912" lon="5.593007"><ele>481.5</ele></trkpt>
   <trkpt lat="46.156792" lon="5.593389"><ele>482.75</ele></trkpt>
   <trkpt lat="46.156626" lon="5.593812"><ele>480.75</ele></trkpt>
   <trkpt lat="46.156412" lon="5.594291"><ele>479.75</ele></trkpt>
   <trkpt lat="46.156182" lon="5.594729"><ele>480.25</ele></trkpt>
   <trkpt lat="46.155999" lon="5.595014"><ele>482</ele></trkpt>
   <trkpt lat="46.155821" lon="5.595253"><ele>480.25</ele></trkpt>
   <trkpt lat="46.15563" lon="5.595476"><ele>480</ele></trkpt>
   <trkpt lat="46.154992" lon="5.596164"><ele>480</ele></trkpt>
   <trkpt lat="46.154739" lon="5.596469"><ele>480.5</ele></trkpt>
   <trkpt lat="46.154556" lon="5.59673"><ele>481</ele></trkpt>
   <trkpt lat="46.154323" lon="5.597149"><ele>477.5</ele></trkpt>
   <trkpt lat="46.154099" lon="5.597618"><ele>477.25</ele></trkpt>
   <trkpt lat="46.154045" lon="5.59773"><ele>476.5</ele></trkpt>
   <trkpt lat="46.152633" lon="5.600738"><ele>478</ele></trkpt>
   <trkpt lat="46.151483" lon="5.603166"><ele>478.25</ele></trkpt>
   <trkpt lat="46.151277" lon="5.603548"><ele>478.5</ele></trkpt>
   <trkpt lat="46.151064" lon="5.603925"><ele>478.75</ele></trkpt>
   <trkpt lat="46.150704" lon="5.604492"><ele>479</ele></trkpt>
   <trkpt lat="46.150461" lon="5.604855"><ele>479</ele></trkpt>
   <trkpt lat="46.150192" lon="5.605229"><ele>479.25</ele></trkpt>
   <trkpt lat="46.14971" lon="5.605866"><ele>480</ele></trkpt>
   <trkpt lat="46.149606" lon="5.605999"><ele>480</ele></trkpt>
   <trkpt lat="46.148272" lon="5.607838"><ele>483</ele></trkpt>
   <trkpt lat="46.148081" lon="5.60807"><ele>483</ele></trkpt>
   <trkpt lat="46.147905" lon="5.608262"><ele>483.5</ele></trkpt>
   <trkpt lat="46.147708" lon="5.608445"><ele>484.5</ele></trkpt>
   <trkpt lat="46.147508" lon="5.608619"><ele>484.75</ele></trkpt>
   <trkpt lat="46.146516" lon="5.609413"><ele>487.25</ele></trkpt>
   <trkpt lat="46.146065" lon="5.609832"><ele>487.25</ele></trkpt>
   <trkpt lat="46.145878" lon="5.610033"><ele>488</ele></trkpt>
   <trkpt lat="46.145628" lon="5.610356"><ele>492.5</ele></trkpt>
   <trkpt lat="46.145286" lon="5.610838"><ele>491.5</ele></trkpt>
   <trkpt lat="46.144923" lon="5.611365"><ele>495.75</ele></trkpt>
   <trkpt lat="46.144637" lon="5.611731"><ele>496.75</ele></trkpt>
   <trkpt lat="46.144441" lon="5.611958"><ele>495.75</ele></trkpt>
   <trkpt lat="46.144264" lon="5.612159"><ele>496.5</ele></trkpt>
   <trkpt lat="46.144063" lon="5.612371"><ele>496.75</ele></trkpt>
   <trkpt lat="46.143828" lon="5.612596"><ele>497</ele></trkpt>
   <trkpt lat="46.14288" lon="5.613472"><ele>498.5</ele></trkpt>
   <trkpt lat="46.142642" lon="5.613747"><ele>495.75</ele></trkpt>
   <trkpt lat="46.142514" lon="5.613921"><ele>495.25</ele></trkpt>
   <trkpt lat="46.142389" lon="5.614122"><ele>494.75</ele></trkpt>
   <trkpt lat="46.142042" lon="5.614746"><ele>500</ele></trkpt>
   <trkpt lat="46.141726" lon="5.615354"><ele>503.25</ele></trkpt>
   <trkpt lat="46.141557" lon="5.615614"><ele>504.25</ele></trkpt>
   <trkpt lat="46.141205" lon="5.616063"><ele>503.5</ele></trkpt>
   <trkpt lat="46.140879" lon="5.616409"><ele>504.25</ele></trkpt>
   <trkpt lat="46.140667" lon="5.616673"><ele>503.5</ele></trkpt>
   <trkpt lat="46.140509" lon="5.616886"><ele>502</ele></trkpt>
   <trkpt lat="46.140194" lon="5.617361"><ele>505.5</ele></trkpt>
   <trkpt lat="46.139971" lon="5.617714"><ele>507.25</ele></trkpt>
   <trkpt lat="46.139737" lon="5.618109"><ele>507.75</ele></trkpt>
   <trkpt lat="46.139608" lon="5.61836"><ele>509</ele></trkpt>
   <trkpt lat="46.139468" lon="5.618651"><ele>507.75</ele></trkpt>
   <trkpt lat="46.139328" lon="5.618991"><ele>507.5</ele></trkpt>
   <trkpt lat="46.13921" lon="5.619369"><ele>509.75</ele></trkpt>
   <trkpt lat="46.139122" lon="5.619681"><ele>511.75</ele></trkpt>
   <trkpt lat="46.138802" lon="5.621173"><ele>513</ele></trkpt>
   <trkpt lat="46.138647" lon="5.621655"><ele>514.75</ele></trkpt>
   <trkpt lat="46.138471" lon="5.622109"><ele>515.5</ele></trkpt>
   <trkpt lat="46.138051" lon="5.622904"><ele>517.75</ele></trkpt>
   <trkpt lat="46.137829" lon="5.623363"><ele>518.5</ele></trkpt>
   <trkpt lat="46.137731" lon="5.623568"><ele>519.5</ele></trkpt>
   <trkpt lat="46.137572" lon="5.623973"><ele>520.5</ele></trkpt>
   <trkpt lat="46.137458" lon="5.62436"><ele>519.75</ele></trkpt>
   <trkpt lat="46.137359" lon="5.624764"><ele>518.75</ele></trkpt>
   <trkpt lat="46.137273" lon="5.625399"><ele>521</ele></trkpt>
   <trkpt lat="46.137247" lon="5.625726"><ele>521.5</ele></trkpt>
   <trkpt lat="46.137247" lon="5.625929"><ele>521.5</ele></trkpt>
   <trkpt lat="46.137266" lon="5.626482"><ele>523</ele></trkpt>
   <trkpt lat="46.137305" lon="5.626914"><ele>524.5</ele></trkpt>
   <trkpt lat="46.137401" lon="5.627437"><ele>525.5</ele></trkpt>
   <trkpt lat="46.137547" lon="5.627946"><ele>525.75</ele></trkpt>
   <trkpt lat="46.137718" lon="5.628408"><ele>526.75</ele></trkpt>
   <trkpt lat="46.137894" lon="5.628784"><ele>527.25</ele></trkpt>
   <trkpt lat="46.138092" lon="5.629136"><ele>528.75</ele></trkpt>
   <trkpt lat="46.139512" lon="5.631385"><ele>533</ele></trkpt>
   <trkpt lat="46.139564" lon="5.631467"><ele>532.5</ele></trkpt>
   <trkpt lat="46.140583" lon="5.633072"><ele>540</ele></trkpt>
   <trkpt lat="46.140865" lon="5.633522"><ele>541.5</ele></trkpt>
   <trkpt lat="46.141017" lon="5.633792"><ele>542</ele></trkpt>
   <trkpt lat="46.14114" lon="5.634039"><ele>542.25</ele></trkpt>
   <trkpt lat="46.141333" lon="5.634472"><ele>544</ele></trkpt>
   <trkpt lat="46.141415" lon="5.63473"><ele>543.75</ele></trkpt>
   <trkpt lat="46.141466" lon="5.634876"><ele>543.75</ele></trkpt>
   <trkpt lat="46.141608" lon="5.635406"><ele>544.75</ele></trkpt>
   <trkpt lat="46.141854" lon="5.636603"><ele>546</ele></trkpt>
   <trkpt lat="46.141935" lon="5.636921"><ele>547.75</ele></trkpt>
   <trkpt lat="46.14205" lon="5.637319"><ele>549</ele></trkpt>
   <trkpt lat="46.14227" lon="5.637875"><ele>550.5</ele></trkpt>
   <trkpt lat="46.142856" lon="5.639106"><ele>549</ele></trkpt>
   <trkpt lat="46.143072" lon="5.639467"><ele>550.5</ele></trkpt>
   <trkpt lat="46.14343" lon="5.639949"><ele>551</ele></trkpt>
   <trkpt lat="46.14367" lon="5.640216"><ele>552.5</ele></trkpt>
   <trkpt lat="46.143811" lon="5.640346"><ele>554</ele></trkpt>
   <trkpt lat="46.14462" lon="5.640991"><ele>556.5</ele></trkpt>
   <trkpt lat="46.144846" lon="5.641213"><ele>557</ele></trkpt>
   <trkpt lat="46.145195" lon="5.641696"><ele>559.75</ele></trkpt>
   <trkpt lat="46.145744" lon="5.642322"><ele>564.5</ele></trkpt>
   <trkpt lat="46.14621" lon="5.64276"><ele>566.75</ele></trkpt>
   <trkpt lat="46.146809" lon="5.643291"><ele>569</ele></trkpt>
   <trkpt lat="46.147721" lon="5.643928"><ele>570.25</ele></trkpt>
   <trkpt lat="46.14862" lon="5.644578"><ele>572.25</ele></trkpt>
   <trkpt lat="46.14904" lon="5.644942"><ele>572.5</ele></trkpt>
   <trkpt lat="46.149329" lon="5.645242"><ele>572</ele></trkpt>
   <trkpt lat="46.149669" lon="5.645711"><ele>573.5</ele></trkpt>
   <trkpt lat="46.150208" lon="5.646517"><ele>577.5</ele></trkpt>
   <trkpt lat="46.150478" lon="5.646881"><ele>578.5</ele></trkpt>
   <trkpt lat="46.150722" lon="5.647139"><ele>578</ele></trkpt>
   <trkpt lat="46.151003" lon="5.647403"><ele>577.5</ele></trkpt>
   <trkpt lat="46.151408" lon="5.647698"><ele>578.25</ele></trkpt>
   <trkpt lat="46.151936" lon="5.64804"><ele>580</ele></trkpt>
   <trkpt lat="46.152278" lon="5.648314"><ele>582.25</ele></trkpt>
   <trkpt lat="46.152826" lon="5.648831"><ele>585</ele></trkpt>
   <trkpt lat="46.153447" lon="5.64947"><ele>588.75</ele></trkpt>
   <trkpt lat="46.153916" lon="5.650034"><ele>588.75</ele></trkpt>
   <trkpt lat="46.154142" lon="5.650316"><ele>588.75</ele></trkpt>
   <trkpt lat="46.156635" lon="5.65325"><ele>590</ele></trkpt>
   <trkpt lat="46.156992" lon="5.653755"><ele>590.25</ele></trkpt>
   <trkpt lat="46.1572" lon="5.654129"><ele>590.25</ele></trkpt>
   <trkpt lat="46.157392" lon="5.65459"><ele>590.5</ele></trkpt>
   <trkpt lat="46.15759" lon="5.655258"><ele>590.5</ele></trkpt>
   <trkpt lat="46.157833" lon="5.656193"><ele>591</ele></trkpt>
   <trkpt lat="46.157902" lon="5.656466"><ele>591</ele></trkpt>
   <trkpt lat="46.15798" lon="5.656835"><ele>587.25</ele></trkpt>
   <trkpt lat="46.158229" lon="5.658116"><ele>591.25</ele></trkpt>
   <trkpt lat="46.158331" lon="5.658586"><ele>586</ele></trkpt>
   <trkpt lat="46.1585" lon="5.659238"><ele>589.75</ele></trkpt>
   <trkpt lat="46.158681" lon="5.659758"><ele>588</ele></trkpt>
   <trkpt lat="46.15887" lon="5.660185"><ele>587</ele></trkpt>
   <trkpt lat="46.159242" lon="5.66099"><ele>587.5</ele></trkpt>
   <trkpt lat="46.159506" lon="5.661666"><ele>587.5</ele></trkpt>
   <trkpt lat="46.159596" lon="5.66199"><ele>590</ele></trkpt>
   <trkpt lat="46.159857" lon="5.662854"><ele>587.75</ele></trkpt>
   <trkpt lat="46.160167" lon="5.664013"><ele>590.5</ele></trkpt>
   <trkpt lat="46.160358" lon="5.664944"><ele>588.5</ele></trkpt>
   <trkpt lat="46.160474" lon="5.665475"><ele>590.25</ele></trkpt>
   <trkpt lat="46.160641" lon="5.666024"><ele>590.5</ele></trkpt>
   <trkpt lat="46.160961" lon="5.666941"><ele>588.25</ele></trkpt>
   <trkpt lat="46.161094" lon="5.667413"><ele>587.5</ele></trkpt>
   <trkpt lat="46.161308" lon="5.668343"><ele>590.25</ele></trkpt>
   <trkpt lat="46.161573" lon="5.669717"><ele>588.5</ele></trkpt>
   <trkpt lat="46.161688" lon="5.670164"><ele>586.5</ele></trkpt>
   <trkpt lat="46.161812" lon="5.670583"><ele>587.75</ele></trkpt>
   <trkpt lat="46.162081" lon="5.671196"><ele>588.25</ele></trkpt>
   <trkpt lat="46.16223" lon="5.671593"><ele>586</ele></trkpt>
   <trkpt lat="46.162773" lon="5.673285"><ele>585</ele></trkpt>
   <trkpt lat="46.16292" lon="5.673698"><ele>588.25</ele></trkpt>
   <trkpt lat="46.163131" lon="5.674134"><ele>586.25</ele></trkpt>
   <trkpt lat="46.163558" lon="5.674844"><ele>586.75</ele></trkpt>
   <trkpt lat="46.16376" lon="5.675241"><ele>588.25</ele></trkpt>
   <trkpt lat="46.16427" lon="5.676358"><ele>587.5</ele></trkpt>
   <trkpt lat="46.16465" lon="5.677308"><ele>587.75</ele></trkpt>
   <trkpt lat="46.16487" lon="5.67767"><ele>586</ele></trkpt>
   <trkpt lat="46.165139" lon="5.678053"><ele>584.25</ele></trkpt>
   <trkpt lat="46.165929" lon="5.678971"><ele>588</ele></trkpt>
   <trkpt lat="46.166419" lon="5.679611"><ele>586.75</ele></trkpt>
   <trkpt lat="46.16658" lon="5.679845"><ele>586.5</ele></trkpt>
   <trkpt lat="46.166765" lon="5.680121"><ele>587</ele></trkpt>
   <trkpt lat="46.167065" lon="5.680629"><ele>586.75</ele></trkpt>
   <trkpt lat="46.167254" lon="5.681036"><ele>586.5</ele></trkpt>
   <trkpt lat="46.167418" lon="5.681436"><ele>587.75</ele></trkpt>
   <trkpt lat="46.167557" lon="5.681887"><ele>587.25</ele></trkpt>
   <trkpt lat="46.167677" lon="5.682417"><ele>587.25</ele></trkpt>
   <trkpt lat="46.167779" lon="5.683012"><ele>585.75</ele></trkpt>
   <trkpt lat="46.167861" lon="5.683578"><ele>586</ele></trkpt>
   <trkpt lat="46.167901" lon="5.6841"><ele>585.5</ele></trkpt>
   <trkpt lat="46.167911" lon="5.684713"><ele>586.5</ele></trkpt>
   <trkpt lat="46.167895" lon="5.685063"><ele>586.75</ele></trkpt>
   <trkpt lat="46.167864" lon="5.685433"><ele>586.25</ele></trkpt>
   <trkpt lat="46.167803" lon="5.685765"><ele>586</ele></trkpt>
   <trkpt lat="46.167669" lon="5.686399"><ele>584.75</ele></trkpt>
   <trkpt lat="46.167648" lon="5.68648"><ele>584.75</ele></trkpt>
   <trkpt lat="46.167618" lon="5.686577"><ele>584.75</ele></trkpt>
   <trkpt lat="46.167392" lon="5.687239"><ele>584.25</ele></trkpt>
   <trkpt lat="46.167033" lon="5.688165"><ele>585</ele></trkpt>
   <trkpt lat="46.166894" lon="5.688547"><ele>585.25</ele></trkpt>
   <trkpt lat="46.16664" lon="5.689306"><ele>585.75</ele></trkpt>
   <trkpt lat="46.165977" lon="5.691338"><ele>585.75</ele></trkpt>
   <trkpt lat="46.16579" lon="5.691792"><ele>585.5</ele></trkpt>
   <trkpt lat="46.165662" lon="5.692049"><ele>585</ele></trkpt>
   <trkpt lat="46.165548" lon="5.692247"><ele>585.75</ele></trkpt>
   <trkpt lat="46.165407" lon="5.692461"><ele>585.25</ele></trkpt>
   <trkpt lat="46.165233" lon="5.6927"><ele>585.25</ele></trkpt>
   <trkpt lat="46.16467" lon="5.693439"><ele>585.25</ele></trkpt>
   <trkpt lat="46.164625" lon="5.693492"><ele>585.5</ele></trkpt>
   <trkpt lat="46.164216" lon="5.694032"><ele>584.5</ele></trkpt>
   <trkpt lat="46.163976" lon="5.694434"><ele>584.5</ele></trkpt>
   <trkpt lat="46.163872" lon="5.694633"><ele>584.75</ele></trkpt>
   <trkpt lat="46.163685" lon="5.695079"><ele>582.75</ele></trkpt>
   <trkpt lat="46.163601" lon="5.695316"><ele>582.25</ele></trkpt>
   <trkpt lat="46.163451" lon="5.695846"><ele>579.75</ele></trkpt>
   <trkpt lat="46.163389" lon="5.696139"><ele>579.25</ele></trkpt>
   <trkpt lat="46.163342" lon="5.696406"><ele>580</ele></trkpt>
   <trkpt lat="46.163302" lon="5.696687"><ele>579</ele></trkpt>
   <trkpt lat="46.163277" lon="5.696923"><ele>577.75</ele></trkpt>
   <trkpt lat="46.163261" lon="5.697186"><ele>577.25</ele></trkpt>
   <trkpt lat="46.163262" lon="5.697685"><ele>576.25</ele></trkpt>
   <trkpt lat="46.16327" lon="5.697872"><ele>576</ele></trkpt>
   <trkpt lat="46.1633" lon="5.698148"><ele>575.75</ele></trkpt>
   <trkpt lat="46.163345" lon="5.698482"><ele>576.25</ele></trkpt>
   <trkpt lat="46.163517" lon="5.699484"><ele>568.75</ele></trkpt>
   <trkpt lat="46.163584" lon="5.699821"><ele>569.25</ele></trkpt>
   <trkpt lat="46.163855" lon="5.701226"><ele>574.25</ele></trkpt>
   <trkpt lat="46.163959" lon="5.701689"><ele>571</ele></trkpt>
   <trkpt lat="46.164426" lon="5.703317"><ele>566.75</ele></trkpt>
   <trkpt lat="46.164594" lon="5.703796"><ele>565.25</ele></trkpt>
   <trkpt lat="46.164959" lon="5.704749"><ele>564.25</ele></trkpt>
   <trkpt lat="46.165085" lon="5.705136"><ele>564</ele></trkpt>
   <trkpt lat="46.165525" lon="5.706714"><ele>561.25</ele></trkpt>
   <trkpt lat="46.165683" lon="5.707195"><ele>557.75</ele></trkpt>
   <trkpt lat="46.166074" lon="5.708264"><ele>557.75</ele></trkpt>
   <trkpt lat="46.166223" lon="5.708696"><ele>557.25</ele></trkpt>
   <trkpt lat="46.166308" lon="5.708976"><ele>556.75</ele></trkpt>
   <trkpt lat="46.166385" lon="5.709256"><ele>555.25</ele></trkpt>
   <trkpt lat="46.166509" lon="5.709799"><ele>555.75</ele></trkpt>
   <trkpt lat="46.166602" lon="5.710387"><ele>553.75</ele></trkpt>
   <trkpt lat="46.166703" lon="5.711394"><ele>551.5</ele></trkpt>
   <trkpt lat="46.166745" lon="5.71173"><ele>552</ele></trkpt>
   <trkpt lat="46.166835" lon="5.712267"><ele>552</ele></trkpt>
   <trkpt lat="46.167148" lon="5.713847"><ele>547.25</ele></trkpt>
   <trkpt lat="46.167252" lon="5.714312"><ele>549.5</ele></trkpt>
   <trkpt lat="46.167357" lon="5.714675"><ele>551</ele></trkpt>
   <trkpt lat="46.167487" lon="5.715064"><ele>545</ele></trkpt>
   <trkpt lat="46.167932" lon="5.716221"><ele>541</ele></trkpt>
   <trkpt lat="46.168136" lon="5.716809"><ele>538</ele></trkpt>
   <trkpt lat="46.168162" lon="5.716888"><ele>538.25</ele></trkpt>
   <trkpt lat="46.168281" lon="5.717249"><ele>539.75</ele></trkpt>
   <trkpt lat="46.16841" lon="5.717613"><ele>540.5</ele></trkpt>
   <trkpt lat="46.168512" lon="5.71787"><ele>540.75</ele></trkpt>
   <trkpt lat="46.168601" lon="5.71808"><ele>540</ele></trkpt>
   <trkpt lat="46.169038" lon="5.718963"><ele>537.25</ele></trkpt>
   <trkpt lat="46.169174" lon="5.719264"><ele>535.75</ele></trkpt>
   <trkpt lat="46.169312" lon="5.719599"><ele>533.75</ele></trkpt>
   <trkpt lat="46.169434" lon="5.719923"><ele>534.5</ele></trkpt>
   <trkpt lat="46.170063" lon="5.721826"><ele>532</ele></trkpt>
   <trkpt lat="46.17019" lon="5.722167"><ele>531.5</ele></trkpt>
   <trkpt lat="46.170277" lon="5.722382"><ele>530.25</ele></trkpt>
   <trkpt lat="46.17054" lon="5.722912"><ele>528.25</ele></trkpt>
   <trkpt lat="46.171129" lon="5.723887"><ele>527.25</ele></trkpt>
   <trkpt lat="46.171435" lon="5.724545"><ele>525.25</ele></trkpt>
   <trkpt lat="46.171596" lon="5.724971"><ele>524</ele></trkpt>
   <trkpt lat="46.171699" lon="5.725322"><ele>522.75</ele></trkpt>
   <trkpt lat="46.171768" lon="5.725593"><ele>522.5</ele></trkpt>
   <trkpt lat="46.172047" lon="5.726753"><ele>523.25</ele></trkpt>
   <trkpt lat="46.172117" lon="5.727"><ele>524.75</ele></trkpt>
   <trkpt lat="46.172247" lon="5.72738"><ele>521.25</ele></trkpt>
   <trkpt lat="46.172325" lon="5.727573"><ele>521.5</ele></trkpt>
   <trkpt lat="46.172462" lon="5.727873"><ele>519.25</ele></trkpt>
   <trkpt lat="46.172637" lon="5.728186"><ele>516</ele></trkpt>
   <trkpt lat="46.172951" lon="5.728671"><ele>511.75</ele></trkpt>
   <trkpt lat="46.173249" lon="5.729091"><ele>511.75</ele></trkpt>
   <trkpt lat="46.175499" lon="5.732153"><ele>507.75</ele></trkpt>
   <trkpt lat="46.175687" lon="5.732423"><ele>507.5</ele></trkpt>
   <trkpt lat="46.175861" lon="5.7327"><ele>505.75</ele></trkpt>
   <trkpt lat="46.176013" lon="5.732968"><ele>504.75</ele></trkpt>
   <trkpt lat="46.176146" lon="5.733234"><ele>504.5</ele></trkpt>
   <trkpt lat="46.176363" lon="5.733752"><ele>503.25</ele></trkpt>
   <trkpt lat="46.176477" lon="5.734071"><ele>501.75</ele></trkpt>
   <trkpt lat="46.176551" lon="5.734317"><ele>499.75</ele></trkpt>
   <trkpt lat="46.176631" lon="5.734631"><ele>500</ele></trkpt>
   <trkpt lat="46.176688" lon="5.734913"><ele>500.25</ele></trkpt>
   <trkpt lat="46.17677" lon="5.735394"><ele>496.5</ele></trkpt>
   <trkpt lat="46.176787" lon="5.735535"><ele>495.5</ele></trkpt>
   <trkpt lat="46.176826" lon="5.735975"><ele>499.5</ele></trkpt>
   <trkpt lat="46.176889" lon="5.737648"><ele>499.25</ele></trkpt>
   <trkpt lat="46.1769" lon="5.738062"><ele>497.75</ele></trkpt>
   <trkpt lat="46.176897" lon="5.738392"><ele>498</ele></trkpt>
   <trkpt lat="46.176886" lon="5.738718"><ele>497.75</ele></trkpt>
   <trkpt lat="46.176863" lon="5.739126"><ele>497.5</ele></trkpt>
   <trkpt lat="46.176798" lon="5.739686"><ele>499.25</ele></trkpt>
   <trkpt lat="46.17672" lon="5.740092"><ele>497</ele></trkpt>
   <trkpt lat="46.176611" lon="5.740479"><ele>499.25</ele></trkpt>
   <trkpt lat="46.176081" lon="5.742198"><ele>499</ele></trkpt>
   <trkpt lat="46.175986" lon="5.742468"><ele>501.25</ele></trkpt>
   <trkpt lat="46.175851" lon="5.742786"><ele>498.25</ele></trkpt>
   <trkpt lat="46.175645" lon="5.743236"><ele>496.75</ele></trkpt>
   <trkpt lat="46.175311" lon="5.743911"><ele>495</ele></trkpt>
   <trkpt lat="46.17496" lon="5.744563"><ele>496.5</ele></trkpt>
   <trkpt lat="46.174825" lon="5.744795"><ele>497</ele></trkpt>
   <trkpt lat="46.174567" lon="5.745172"><ele>497.5</ele></trkpt>
   <trkpt lat="46.174266" lon="5.745494"><ele>496.75</ele></trkpt>
   <trkpt lat="46.174133" lon="5.745619"><ele>494.25</ele></trkpt>
   <trkpt lat="46.173979" lon="5.745737"><ele>495</ele></trkpt>
   <trkpt lat="46.173772" lon="5.745884"><ele>494</ele></trkpt>
   <trkpt lat="46.173589" lon="5.745994"><ele>493</ele></trkpt>
   <trkpt lat="46.173345" lon="5.746112"><ele>492.5</ele></trkpt>
   <trkpt lat="46.17265" lon="5.746415"><ele>491</ele></trkpt>
   <trkpt lat="46.172373" lon="5.746574"><ele>489.75</ele></trkpt>
   <trkpt lat="46.172137" lon="5.746738"><ele>488.25</ele></trkpt>
   <trkpt lat="46.171977" lon="5.746868"><ele>488.5</ele></trkpt>
   <trkpt lat="46.171802" lon="5.747042"><ele>487.25</ele></trkpt>
   <trkpt lat="46.171642" lon="5.747219"><ele>487.25</ele></trkpt>
   <trkpt lat="46.171492" lon="5.747406"><ele>485.75</ele></trkpt>
   <trkpt lat="46.17135" lon="5.747618"><ele>487.5</ele></trkpt>
   <trkpt lat="46.171225" lon="5.747822"><ele>487</ele></trkpt>
   <trkpt lat="46.171112" lon="5.748027"><ele>486.25</ele></trkpt>
   <trkpt lat="46.170984" lon="5.748288"><ele>489.5</ele></trkpt>
   <trkpt lat="46.170468" lon="5.749542"><ele>487.5</ele></trkpt>
   <trkpt lat="46.170362" lon="5.749769"><ele>485.75</ele></trkpt>
   <trkpt lat="46.169901" lon="5.750616"><ele>484.25</ele></trkpt>
   <trkpt lat="46.169765" lon="5.750879"><ele>481.75</ele></trkpt>
   <trkpt lat="46.169646" lon="5.751138"><ele>482</ele></trkpt>
   <trkpt lat="46.169329" lon="5.751914"><ele>483.25</ele></trkpt>
   <trkpt lat="46.169176" lon="5.752247"><ele>481</ele></trkpt>
   <trkpt lat="46.168994" lon="5.752604"><ele>480.75</ele></trkpt>
   <trkpt lat="46.168846" lon="5.752845"><ele>480</ele></trkpt>
   <trkpt lat="46.168698" lon="5.753067"><ele>478.25</ele></trkpt>
   <trkpt lat="46.168536" lon="5.753278"><ele>479.5</ele></trkpt>
   <trkpt lat="46.168394" lon="5.75344"><ele>480</ele></trkpt>
   <trkpt lat="46.16817" lon="5.753667"><ele>479.75</ele></trkpt>
   <trkpt lat="46.167886" lon="5.753928"><ele>477.5</ele></trkpt>
   <trkpt lat="46.16722" lon="5.754528"><ele>476.25</ele></trkpt>
   <trkpt lat="46.16694" lon="5.754816"><ele>475.5</ele></trkpt>
   <trkpt lat="46.166708" lon="5.755117"><ele>474.75</ele></trkpt>
   <trkpt lat="46.166575" lon="5.755313"><ele>474.5</ele></trkpt>
   <trkpt lat="46.166379" lon="5.755644"><ele>474</ele></trkpt>
   <trkpt lat="46.166278" lon="5.755829"><ele>473.5</ele></trkpt>
   <trkpt lat="46.166133" lon="5.756125"><ele>473</ele></trkpt>
   <trkpt lat="46.166018" lon="5.756426"><ele>473.25</ele></trkpt>
   <trkpt lat="46.165921" lon="5.756724"><ele>471</ele></trkpt>
   <trkpt lat="46.165674" lon="5.757701"><ele>471.5</ele></trkpt>
   <trkpt lat="46.165586" lon="5.758071"><ele>472</ele></trkpt>
   <trkpt lat="46.165417" lon="5.75863"><ele>474.75</ele></trkpt>
   <trkpt lat="46.165328" lon="5.75887"><ele>472.75</ele></trkpt>
   <trkpt lat="46.165219" lon="5.759126"><ele>473.5</ele></trkpt>
   <trkpt lat="46.165083" lon="5.7594"><ele>472.75</ele></trkpt>
   <trkpt lat="46.164754" lon="5.759969"><ele>470.75</ele></trkpt>
   <trkpt lat="46.16459" lon="5.760278"><ele>475.25</ele></trkpt>
   <trkpt lat="46.164478" lon="5.760506"><ele>472.5</ele></trkpt>
   <trkpt lat="46.164383" lon="5.760724"><ele>473.5</ele></trkpt>
   <trkpt lat="46.164313" lon="5.760929"><ele>470.25</ele></trkpt>
   <trkpt lat="46.164169" lon="5.761391"><ele>470.75</ele></trkpt>
   <trkpt lat="46.164077" lon="5.761826"><ele>473</ele></trkpt>
   <trkpt lat="46.164028" lon="5.762123"><ele>478.5</ele></trkpt>
   <trkpt lat="46.16383" lon="5.76319"><ele>480</ele></trkpt>
   <trkpt lat="46.163738" lon="5.763543"><ele>475.5</ele></trkpt>
   <trkpt lat="46.163367" lon="5.764829"><ele>466</ele></trkpt>
   <trkpt lat="46.163291" lon="5.765187"><ele>468.25</ele></trkpt>
   <trkpt lat="46.162969" lon="5.767035"><ele>468</ele></trkpt>
   <trkpt lat="46.162898" lon="5.767374"><ele>470.25</ele></trkpt>
   <trkpt lat="46.162803" lon="5.767727"><ele>467.5</ele></trkpt>
   <trkpt lat="46.162619" lon="5.768268"><ele>466.25</ele></trkpt>
   <trkpt lat="46.162223" lon="5.769175"><ele>466.75</ele></trkpt>
   <trkpt lat="46.162085" lon="5.769531"><ele>463.75</ele></trkpt>
   <trkpt lat="46.161969" lon="5.769856"><ele>467</ele></trkpt>
   <trkpt lat="46.161915" lon="5.770044"><ele>467</ele></trkpt>
   <trkpt lat="46.161856" lon="5.770291"><ele>465.5</ele></trkpt>
   <trkpt lat="46.161762" lon="5.770836"><ele>463.75</ele></trkpt>
   <trkpt lat="46.161737" lon="5.771186"><ele>463.75</ele></trkpt>
   <trkpt lat="46.161727" lon="5.771566"><ele>463</ele></trkpt>
   <trkpt lat="46.161734" lon="5.771798"><ele>462.75</ele></trkpt>
   <trkpt lat="46.161756" lon="5.772091"><ele>462.5</ele></trkpt>
   <trkpt lat="46.161776" lon="5.772283"><ele>462.75</ele></trkpt>
   <trkpt lat="46.161818" lon="5.772562"><ele>464.5</ele></trkpt>
   <trkpt lat="46.161878" lon="5.77284"><ele>468.25</ele></trkpt>
   <trkpt lat="46.162092" lon="5.773753"><ele>471.5</ele></trkpt>
   <trkpt lat="46.16215" lon="5.774036"><ele>467.25</ele></trkpt>
   <trkpt lat="46.162204" lon="5.774349"><ele>466</ele></trkpt>
   <trkpt lat="46.162233" lon="5.774574"><ele>465</ele></trkpt>
   <trkpt lat="46.162253" lon="5.774888"><ele>466.75</ele></trkpt>
   <trkpt lat="46.162262" lon="5.77528"><ele>468.5</ele></trkpt>
   <trkpt lat="46.16225" lon="5.775606"><ele>469.25</ele></trkpt>
   <trkpt lat="46.162201" lon="5.776166"><ele>464.25</ele></trkpt>
   <trkpt lat="46.162125" lon="5.776727"><ele>469.75</ele></trkpt>
   <trkpt lat="46.162054" lon="5.777095"><ele>474.25</ele></trkpt>
   <trkpt lat="46.161913" lon="5.777623"><ele>474</ele></trkpt>
   <trkpt lat="46.161812" lon="5.777916"><ele>477.5</ele></trkpt>
   <trkpt lat="46.161716" lon="5.778131"><ele>473.75</ele></trkpt>
   <trkpt lat="46.161607" lon="5.778345"><ele>472.75</ele></trkpt>
   <trkpt lat="46.161373" lon="5.778776"><ele>470.5</ele></trkpt>
   <trkpt lat="46.160864" lon="5.779591"><ele>465.5</ele></trkpt>
   <trkpt lat="46.160694" lon="5.779905"><ele>464</ele></trkpt>
   <trkpt lat="46.160583" lon="5.780148"><ele>465</ele></trkpt>
   <trkpt lat="46.160042" lon="5.781531"><ele>465.5</ele></trkpt>
   <trkpt lat="46.159925" lon="5.781781"><ele>466</ele></trkpt>
   <trkpt lat="46.15937" lon="5.782794"><ele>462</ele></trkpt>
   <trkpt lat="46.159244" lon="5.783049"><ele>465.25</ele></trkpt>
   <trkpt lat="46.159128" lon="5.783305"><ele>464.5</ele></trkpt>
   <trkpt lat="46.158675" lon="5.784458"><ele>464.75</ele></trkpt>
   <trkpt lat="46.158575" lon="5.784672"><ele>465.5</ele></trkpt>
   <trkpt lat="46.158475" lon="5.784866"><ele>465</ele></trkpt>
   <trkpt lat="46.158194" lon="5.785346"><ele>463.75</ele></trkpt>
   <trkpt lat="46.157967" lon="5.785661"><ele>465</ele></trkpt>
   <trkpt lat="46.157723" lon="5.785955"><ele>465.5</ele></trkpt>
   <trkpt lat="46.157265" lon="5.786469"><ele>461.5</ele></trkpt>
   <trkpt lat="46.157051" lon="5.786727"><ele>461.25</ele></trkpt>
   <trkpt lat="46.15688" lon="5.78698"><ele>465</ele></trkpt>
   <trkpt lat="46.156517" lon="5.787579"><ele>464.5</ele></trkpt>
   <trkpt lat="46.155558" lon="5.789277"><ele>463.25</ele></trkpt>
   <trkpt lat="46.155072" lon="5.790206"><ele>462.25</ele></trkpt>
   <trkpt lat="46.154945" lon="5.790424"><ele>464</ele></trkpt>
   <trkpt lat="46.15477" lon="5.790681"><ele>463.75</ele></trkpt>
   <trkpt lat="46.154621" lon="5.790874"><ele>464.5</ele></trkpt>
   <trkpt lat="46.154389" lon="5.791132"><ele>461.25</ele></trkpt>
   <trkpt lat="46.154196" lon="5.791315"><ele>460.75</ele></trkpt>
   <trkpt lat="46.15402" lon="5.79145"><ele>460.75</ele></trkpt>
   <trkpt lat="46.153833" lon="5.791567"><ele>461.75</ele></trkpt>
   <trkpt lat="46.153643" lon="5.791672"><ele>461.25</ele></trkpt>
   <trkpt lat="46.153469" lon="5.791754"><ele>461</ele></trkpt>
   <trkpt lat="46.153128" lon="5.791866"><ele>461.5</ele></trkpt>
   <trkpt lat="46.152618" lon="5.791986"><ele>461.5</ele></trkpt>
   <trkpt lat="46.152344" lon="5.792077"><ele>460.5</ele></trkpt>
   <trkpt lat="46.151877" lon="5.792214"><ele>459.5</ele></trkpt>
   <trkpt lat="46.151724" lon="5.792274"><ele>459.5</ele></trkpt>
   <trkpt lat="46.151417" lon="5.79243"><ele>460.75</ele></trkpt>
   <trkpt lat="46.151163" lon="5.7926"><ele>459</ele></trkpt>
   <trkpt lat="46.150934" lon="5.792779"><ele>459.5</ele></trkpt>
   <trkpt lat="46.15069" lon="5.793022"><ele>461.25</ele></trkpt>
   <trkpt lat="46.150506" lon="5.793257"><ele>460.75</ele></trkpt>
   <trkpt lat="46.15039" lon="5.79342"><ele>459.75</ele></trkpt>
   <trkpt lat="46.150308" lon="5.793557"><ele>460</ele></trkpt>
   <trkpt lat="46.150192" lon="5.793763"><ele>460.75</ele></trkpt>
   <trkpt lat="46.150122" lon="5.793903"><ele>459.25</ele></trkpt>
   <trkpt lat="46.149956" lon="5.794296"><ele>461</ele></trkpt>
   <trkpt lat="46.149456" lon="5.795679"><ele>460.25</ele></trkpt>
   <trkpt lat="46.149358" lon="5.795931"><ele>459.75</ele></trkpt>
   <trkpt lat="46.149288" lon="5.796085"><ele>459</ele></trkpt>
   <trkpt lat="46.149163" lon="5.796338"><ele>461</ele></trkpt>
   <trkpt lat="46.149065" lon="5.79651"><ele>459</ele></trkpt>
   <trkpt lat="46.148845" lon="5.796852"><ele>461.75</ele></trkpt>
   <trkpt lat="46.148699" lon="5.797081"><ele>461.25</ele></trkpt>
   <trkpt lat="46.148407" lon="5.79761"><ele>461.5</ele></trkpt>
   <trkpt lat="46.148323" lon="5.797772"><ele>461.25</ele></trkpt>
   <trkpt lat="46.148179" lon="5.798078"><ele>461.5</ele></trkpt>
   <trkpt lat="46.148007" lon="5.798527"><ele>460.25</ele></trkpt>
   <trkpt lat="46.14791" lon="5.798858"><ele>460</ele></trkpt>
   <trkpt lat="46.147859" lon="5.799072"><ele>459</ele></trkpt>
   <trkpt lat="46.147815" lon="5.799305"><ele>458.25</ele></trkpt>
   <trkpt lat="46.147761" lon="5.799638"><ele>457.75</ele></trkpt>
   <trkpt lat="46.147635" lon="5.800594"><ele>459.5</ele></trkpt>
   <trkpt lat="46.14757" lon="5.800986"><ele>459.5</ele></trkpt>
   <trkpt lat="46.147498" lon="5.801361"><ele>460</ele></trkpt>
   <trkpt lat="46.147415" lon="5.801828"><ele>460.5</ele></trkpt>
   <trkpt lat="46.147305" lon="5.802346"><ele>461.5</ele></trkpt>
   <trkpt lat="46.147263" lon="5.802487"><ele>461.5</ele></trkpt>
   <trkpt lat="46.147203" lon="5.802643"><ele>461.75</ele></trkpt>
   <trkpt lat="46.14714" lon="5.80278"><ele>462</ele></trkpt>
   <trkpt lat="46.147032" lon="5.802954"><ele>462.5</ele></trkpt>
   <trkpt lat="46.146902" lon="5.803115"><ele>462.75</ele></trkpt>
   <trkpt lat="46.146758" lon="5.803248"><ele>463.25</ele></trkpt>
   <trkpt lat="46.146373" lon="5.803522"><ele>464</ele></trkpt>
   <trkpt lat="46.146202" lon="5.803623"><ele>464.5</ele></trkpt>
   <trkpt lat="46.145979" lon="5.80374"><ele>465</ele></trkpt>
   <trkpt lat="46.145539" lon="5.803958"><ele>465</ele></trkpt>
   <trkpt lat="46.145345" lon="5.804031"><ele>454.25</ele></trkpt>
   <trkpt lat="46.144677" lon="5.804222"><ele>448.75</ele></trkpt>
   <trkpt lat="46.144493" lon="5.804283"><ele>449.75</ele></trkpt>
   <trkpt lat="46.144323" lon="5.804356"><ele>449.25</ele></trkpt>
   <trkpt lat="46.144091" lon="5.80448"><ele>447.25</ele></trkpt>
   <trkpt lat="46.143959" lon="5.80457"><ele>448</ele></trkpt>
   <trkpt lat="46.143617" lon="5.804857"><ele>445.75</ele></trkpt>
   <trkpt lat="46.143123" lon="5.805296"><ele>445</ele></trkpt>
   <trkpt lat="46.142539" lon="5.805835"><ele>444.25</ele></trkpt>
   <trkpt lat="46.142147" lon="5.806113"><ele>443.75</ele></trkpt>
   <trkpt lat="46.141816" lon="5.806287"><ele>442.75</ele></trkpt>
   <trkpt lat="46.141632" lon="5.80636"><ele>439.75</ele></trkpt>
   <trkpt lat="46.141365" lon="5.806443"><ele>438.5</ele></trkpt>
   <trkpt lat="46.140864" lon="5.806533"><ele>443.5</ele></trkpt>
   <trkpt lat="46.140163" lon="5.806633"><ele>438</ele></trkpt>
   <trkpt lat="46.139737" lon="5.806703"><ele>434</ele></trkpt>
   <trkpt lat="46.139419" lon="5.806785"><ele>437.25</ele></trkpt>
   <trkpt lat="46.13906" lon="5.806927"><ele>435.25</ele></trkpt>
   <trkpt lat="46.138647" lon="5.807143"><ele>432.5</ele></trkpt>
   <trkpt lat="46.138154" lon="5.807415"><ele>430</ele></trkpt>
   <trkpt lat="46.137766" lon="5.807632"><ele>429.25</ele></trkpt>
   <trkpt lat="46.137454" lon="5.807837"><ele>429</ele></trkpt>
   <trkpt lat="46.13718" lon="5.808049"><ele>427.75</ele></trkpt>
   <trkpt lat="46.136687" lon="5.808501"><ele>426.5</ele></trkpt>
   <trkpt lat="46.136044" lon="5.809278"><ele>424.75</ele></trkpt>
   <trkpt lat="46.133581" lon="5.812382"><ele>416.75</ele></trkpt>
   <trkpt lat="46.133393" lon="5.81264"><ele>416.5</ele></trkpt>
   <trkpt lat="46.133241" lon="5.81287"><ele>416.5</ele></trkpt>
   <trkpt lat="46.133162" lon="5.813006"><ele>415.5</ele></trkpt>
   <trkpt lat="46.133098" lon="5.813133"><ele>415.25</ele></trkpt>
   <trkpt lat="46.132919" lon="5.813508"><ele>416.25</ele></trkpt>
   <trkpt lat="46.132469" lon="5.814573"><ele>413.75</ele></trkpt>
   <trkpt lat="46.132284" lon="5.814934"><ele>413</ele></trkpt>
   <trkpt lat="46.132059" lon="5.815306"><ele>413.5</ele></trkpt>
   <trkpt lat="46.131911" lon="5.815515"><ele>412.5</ele></trkpt>
   <trkpt lat="46.131735" lon="5.815739"><ele>411.75</ele></trkpt>
   <trkpt lat="46.131528" lon="5.815955"><ele>410.75</ele></trkpt>
   <trkpt lat="46.131356" lon="5.81612"><ele>410.25</ele></trkpt>
   <trkpt lat="46.131237" lon="5.816223"><ele>409.5</ele></trkpt>
   <trkpt lat="46.131062" lon="5.816363"><ele>408.75</ele></trkpt>
   <trkpt lat="46.13086" lon="5.816493"><ele>407</ele></trkpt>
   <trkpt lat="46.130611" lon="5.816626"><ele>407.5</ele></trkpt>
   <trkpt lat="46.130381" lon="5.816731"><ele>405.25</ele></trkpt>
   <trkpt lat="46.128941" lon="5.817231"><ele>403.25</ele></trkpt>
   <trkpt lat="46.127677" lon="5.817648"><ele>401.25</ele></trkpt>
   <trkpt lat="46.127481" lon="5.817726"><ele>399.5</ele></trkpt>
   <trkpt lat="46.127288" lon="5.817814"><ele>400.5</ele></trkpt>
   <trkpt lat="46.127106" lon="5.817925"><ele>399.25</ele></trkpt>
   <trkpt lat="46.126906" lon="5.818068"><ele>399.25</ele></trkpt>
   <trkpt lat="46.126687" lon="5.818263"><ele>398.75</ele></trkpt>
   <trkpt lat="46.126514" lon="5.818436"><ele>397.75</ele></trkpt>
   <trkpt lat="46.125852" lon="5.819136"><ele>397.25</ele></trkpt>
   <trkpt lat="46.125615" lon="5.819364"><ele>396.75</ele></trkpt>
   <trkpt lat="46.125414" lon="5.819516"><ele>396.75</ele></trkpt>
   <trkpt lat="46.125188" lon="5.819653"><ele>397.25</ele></trkpt>
   <trkpt lat="46.124993" lon="5.819756"><ele>396.75</ele></trkpt>
   <trkpt lat="46.124632" lon="5.819884"><ele>396</ele></trkpt>
   <trkpt lat="46.12443" lon="5.819931"><ele>394.75</ele></trkpt>
   <trkpt lat="46.124225" lon="5.819952"><ele>394.5</ele></trkpt>
   <trkpt lat="46.124037" lon="5.819958"><ele>394.25</ele></trkpt>
   <trkpt lat="46.123836" lon="5.81995"><ele>394.25</ele></trkpt>
   <trkpt lat="46.123684" lon="5.819933"><ele>394.5</ele></trkpt>
   <trkpt lat="46.123452" lon="5.81988"><ele>396</ele></trkpt>
   <trkpt lat="46.122633" lon="5.819641"><ele>393</ele></trkpt>
   <trkpt lat="46.122291" lon="5.819568"><ele>391.25</ele></trkpt>
   <trkpt lat="46.122123" lon="5.819549"><ele>390.25</ele></trkpt>
   <trkpt lat="46.121927" lon="5.81954"><ele>389.25</ele></trkpt>
   <trkpt lat="46.12174" lon="5.81955"><ele>389</ele></trkpt>
   <trkpt lat="46.121544" lon="5.81958"><ele>390.75</ele></trkpt>
   <trkpt lat="46.121286" lon="5.819648"><ele>393</ele></trkpt>
   <trkpt lat="46.121038" lon="5.819734"><ele>395.5</ele></trkpt>
   <trkpt lat="46.116142" lon="5.822068"><ele>395.5</ele></trkpt>
   <trkpt lat="46.115592" lon="5.822338"><ele>391.5</ele></trkpt>
   <trkpt lat="46.11543" lon="5.822433"><ele>390</ele></trkpt>
   <trkpt lat="46.115229" lon="5.822569"><ele>388.5</ele></trkpt>
   <trkpt lat="46.115061" lon="5.822704"><ele>388.25</ele></trkpt>
   <trkpt lat="46.114883" lon="5.822884"><ele>387.5</ele></trkpt>
   <trkpt lat="46.114709" lon="5.823072"><ele>385.25</ele></trkpt>
   <trkpt lat="46.114565" lon="5.823254"><ele>385.25</ele></trkpt>
   <trkpt lat="46.114399" lon="5.8235"><ele>384.5</ele></trkpt>
   <trkpt lat="46.114097" lon="5.824026"><ele>382.5</ele></trkpt>
   <trkpt lat="46.113945" lon="5.824272"><ele>381.5</ele></trkpt>
   <trkpt lat="46.113859" lon="5.824396"><ele>381.75</ele></trkpt>
   <trkpt lat="46.113778" lon="5.824503"><ele>381.5</ele></trkpt>
   <trkpt lat="46.113602" lon="5.824705"><ele>381.25</ele></trkpt>
   <trkpt lat="46.113436" lon="5.824871"><ele>381.5</ele></trkpt>
   <trkpt lat="46.113205" lon="5.82506"><ele>379.25</ele></trkpt>
   <trkpt lat="46.113095" lon="5.825132"><ele>378.5</ele></trkpt>
   <trkpt lat="46.112865" lon="5.825261"><ele>378.25</ele></trkpt>
   <trkpt lat="46.112752" lon="5.825314"><ele>378.5</ele></trkpt>
   <trkpt lat="46.112197" lon="5.82551"><ele>377.5</ele></trkpt>
   <trkpt lat="46.112042" lon="5.825577"><ele>377.5</ele></trkpt>
   <trkpt lat="46.111876" lon="5.825663"><ele>377.75</ele></trkpt>
   <trkpt lat="46.111652" lon="5.825804"><ele>376.75</ele></trkpt>
   <trkpt lat="46.111497" lon="5.825911"><ele>376</ele></trkpt>
   <trkpt lat="46.111224" lon="5.826149"><ele>374.5</ele></trkpt>
   <trkpt lat="46.111007" lon="5.82638"><ele>373.25</ele></trkpt>
   <trkpt lat="46.110828" lon="5.826625"><ele>372.25</ele></trkpt>
   <trkpt lat="46.110728" lon="5.82678"><ele>371.5</ele></trkpt>
   <trkpt lat="46.110598" lon="5.82703"><ele>371.75</ele></trkpt>
   <trkpt lat="46.110519" lon="5.827214"><ele>372</ele></trkpt>
   <trkpt lat="46.110394" lon="5.827568"><ele>371.75</ele></trkpt>
   <trkpt lat="46.110299" lon="5.827889"><ele>370.5</ele></trkpt>
   <trkpt lat="46.110257" lon="5.828058"><ele>370.5</ele></trkpt>
   <trkpt lat="46.110173" lon="5.828367"><ele>370.75</ele></trkpt>
   <trkpt lat="46.109949" lon="5.829425"><ele>371.25</ele></trkpt>
   <trkpt lat="46.109876" lon="5.82973"><ele>371.5</ele></trkpt>
   <trkpt lat="46.109824" lon="5.82992"><ele>371.5</ele></trkpt>
   <trkpt lat="46.109769" lon="5.830095"><ele>371.75</ele></trkpt>
   <trkpt lat="46.109602" lon="5.830553"><ele>371.5</ele></trkpt>
   <trkpt lat="46.109485" lon="5.830825"><ele>374.5</ele></trkpt>
   <trkpt lat="46.109345" lon="5.831109"><ele>376.5</ele></trkpt>
   <trkpt lat="46.109093" lon="5.831526"><ele>379</ele></trkpt>
   <trkpt lat="46.108301" lon="5.83264"><ele>378.75</ele></trkpt>
   <trkpt lat="46.108125" lon="5.832886"><ele>379.5</ele></trkpt>
   <trkpt lat="46.107814" lon="5.833349"><ele>380</ele></trkpt>
   <trkpt lat="46.107608" lon="5.833705"><ele>382.75</ele></trkpt>
   <trkpt lat="46.107345" lon="5.834225"><ele>382.75</ele></trkpt>
   <trkpt lat="46.107174" lon="5.834631"><ele>380.25</ele></trkpt>
   <trkpt lat="46.107032" lon="5.834992"><ele>383.75</ele></trkpt>
   <trkpt lat="46.106881" lon="5.835419"><ele>383.75</ele></trkpt>
   <trkpt lat="46.100456" lon="5.852462"><ele>390</ele></trkpt>
   <trkpt lat="46.100025" lon="5.853618"><ele>390.5</ele></trkpt>
   <trkpt lat="46.099683" lon="5.854826"><ele>391</ele></trkpt>
   <trkpt lat="46.099465" lon="5.85609"><ele>391.25</ele></trkpt>
   <trkpt lat="46.099343" lon="5.85739"><ele>391.75</ele></trkpt>
   <trkpt lat="46.099343" lon="5.858705"><ele>392.25</ele></trkpt>
   <trkpt lat="46.099462" lon="5.859987"><ele>392.5</ele></trkpt>
   <trkpt lat="46.099689" lon="5.86127"><ele>393</ele></trkpt>
   <trkpt lat="46.100035" lon="5.86249"><ele>393.5</ele></trkpt>
   <trkpt lat="46.10046" lon="5.863631"><ele>394</ele></trkpt>
   <trkpt lat="46.108692" lon="5.880691"><ele>400.5</ele></trkpt>
   <trkpt lat="46.108728" lon="5.880755"><ele>400.75</ele></trkpt>
   <trkpt lat="46.108986" lon="5.881211"><ele>390.25</ele></trkpt>
   <trkpt lat="46.10908" lon="5.881364"><ele>389.5</ele></trkpt>
   <trkpt lat="46.109191" lon="5.881533"><ele>388.25</ele></trkpt>
   <trkpt lat="46.109428" lon="5.881869"><ele>387.25</ele></trkpt>
   <trkpt lat="46.109482" lon="5.881941"><ele>386.25</ele></trkpt>
   <trkpt lat="46.109858" lon="5.882479"><ele>384</ele></trkpt>
   <trkpt lat="46.11204" lon="5.885049"><ele>382.75</ele></trkpt>
   <trkpt lat="46.112643" lon="5.885759"><ele>381.5</ele></trkpt>
   <trkpt lat="46.113179" lon="5.886388"><ele>382.75</ele></trkpt>
   <trkpt lat="46.113552" lon="5.886797"><ele>383</ele></trkpt>
   <trkpt lat="46.113753" lon="5.887"><ele>383</ele></trkpt>
   <trkpt lat="46.114047" lon="5.887277"><ele>383.5</ele></trkpt>
   <trkpt lat="46.114326" lon="5.887523"><ele>380.25</ele></trkpt>
   <trkpt lat="46.114506" lon="5.887665"><ele>379.75</ele></trkpt>
   <trkpt lat="46.115617" lon="5.888494"><ele>377</ele></trkpt>
   <trkpt lat="46.116976" lon="5.889495"><ele>375.75</ele></trkpt>
   <trkpt lat="46.117318" lon="5.889775"><ele>375.5</ele></trkpt>
   <trkpt lat="46.118272" lon="5.890639"><ele>376.5</ele></trkpt>
   <trkpt lat="46.118742" lon="5.891081"><ele>375.25</ele></trkpt>
   <trkpt lat="46.118894" lon="5.891241"><ele>374.75</ele></trkpt>
   <trkpt lat="46.119099" lon="5.891479"><ele>373.75</ele></trkpt>
   <trkpt lat="46.119309" lon="5.891748"><ele>372</ele></trkpt>
   <trkpt lat="46.11947" lon="5.891991"><ele>372.25</ele></trkpt>
   <trkpt lat="46.11963" lon="5.89225"><ele>371.5</ele></trkpt>
   <trkpt lat="46.119827" lon="5.892615"><ele>369.5</ele></trkpt>
   <trkpt lat="46.119914" lon="5.892792"><ele>369</ele></trkpt>
   <trkpt lat="46.120341" lon="5.8937"><ele>370.75</ele></trkpt>
   <trkpt lat="46.120515" lon="5.894128"><ele>370.5</ele></trkpt>
   <trkpt lat="46.120643" lon="5.89449"><ele>372.5</ele></trkpt>
   <trkpt lat="46.120777" lon="5.894951"><ele>369.25</ele></trkpt>
   <trkpt lat="46.120832" lon="5.895183"><ele>371.25</ele></trkpt>
   <trkpt lat="46.120908" lon="5.895541"><ele>372.25</ele></trkpt>
   <trkpt lat="46.120951" lon="5.895795"><ele>370.5</ele></trkpt>
   <trkpt lat="46.120992" lon="5.896078"><ele>367.75</ele></trkpt>
   <trkpt lat="46.121026" lon="5.896377"><ele>366.5</ele></trkpt>
   <trkpt lat="46.121055" lon="5.896822"><ele>366.75</ele></trkpt>
   <trkpt lat="46.121086" lon="5.898098"><ele>368</ele></trkpt>
   <trkpt lat="46.121099" lon="5.898352"><ele>368.25</ele></trkpt>
   <trkpt lat="46.121127" lon="5.898748"><ele>369.25</ele></trkpt>
   <trkpt lat="46.121172" lon="5.899118"><ele>369.75</ele></trkpt>
   <trkpt lat="46.121207" lon="5.899333"><ele>367.75</ele></trkpt>
   <trkpt lat="46.121309" lon="5.899795"><ele>367</ele></trkpt>
   <trkpt lat="46.121405" lon="5.900125"><ele>367.75</ele></trkpt>
   <trkpt lat="46.121517" lon="5.900461"><ele>367.5</ele></trkpt>
   <trkpt lat="46.121675" lon="5.900871"><ele>367.25</ele></trkpt>
   <trkpt lat="46.122024" lon="5.901725"><ele>366.75</ele></trkpt>
   <trkpt lat="46.122131" lon="5.902039"><ele>366.75</ele></trkpt>
   <trkpt lat="46.122213" lon="5.902268"><ele>366.75</ele></trkpt>
   <trkpt lat="46.122294" lon="5.902454"><ele>370.25</ele></trkpt>
   <trkpt lat="46.122382" lon="5.902634"><ele>369.5</ele></trkpt>
   <trkpt lat="46.122631" lon="5.903065"><ele>366</ele></trkpt>
   <trkpt lat="46.122727" lon="5.903211"><ele>364.5</ele></trkpt>
   <trkpt lat="46.122907" lon="5.903458"><ele>361.75</ele></trkpt>
   <trkpt lat="46.123037" lon="5.903612"><ele>362.25</ele></trkpt>
   <trkpt lat="46.123703" lon="5.904325"><ele>363</ele></trkpt>
   <trkpt lat="46.123864" lon="5.904507"><ele>360.25</ele></trkpt>
   <trkpt lat="46.124018" lon="5.904696"><ele>360.5</ele></trkpt>
   <trkpt lat="46.124274" lon="5.905038"><ele>360.5</ele></trkpt>
   <trkpt lat="46.124499" lon="5.9054"><ele>360</ele></trkpt>
   <trkpt lat="46.125186" lon="5.906626"><ele>358.25</ele></trkpt>
   <trkpt lat="46.125383" lon="5.906953"><ele>359.75</ele></trkpt>
   <trkpt lat="46.125499" lon="5.907122"><ele>359.75</ele></trkpt>
   <trkpt lat="46.125696" lon="5.907386"><ele>359.25</ele></trkpt>
   <trkpt lat="46.125911" lon="5.907631"><ele>358.5</ele></trkpt>
   <trkpt lat="46.126458" lon="5.908154"><ele>357.25</ele></trkpt>
   <trkpt lat="46.126712" lon="5.908402"><ele>357.5</ele></trkpt>
   <trkpt lat="46.126842" lon="5.908542"><ele>357.5</ele></trkpt>
   <trkpt lat="46.127071" lon="5.908825"><ele>357</ele></trkpt>
   <trkpt lat="46.12718" lon="5.908977"><ele>356.5</ele></trkpt>
   <trkpt lat="46.127413" lon="5.909351"><ele>356.75</ele></trkpt>
   <trkpt lat="46.127577" lon="5.909663"><ele>356.5</ele></trkpt>
   <trkpt lat="46.127648" lon="5.909818"><ele>356.25</ele></trkpt>
   <trkpt lat="46.127793" lon="5.910181"><ele>356</ele></trkpt>
   <trkpt lat="46.127938" lon="5.910619"><ele>356</ele></trkpt>
   <trkpt lat="46.128117" lon="5.911282"><ele>357.5</ele></trkpt>
   <trkpt lat="46.128375" lon="5.912226"><ele>356.75</ele></trkpt>
   <trkpt lat="46.128436" lon="5.912421"><ele>357.75</ele></trkpt>
   <trkpt lat="46.128526" lon="5.912661"><ele>356</ele></trkpt>
   <trkpt lat="46.128631" lon="5.912907"><ele>356</ele></trkpt>
   <trkpt lat="46.128839" lon="5.913322"><ele>355</ele></trkpt>
   <trkpt lat="46.12895" lon="5.91351"><ele>354.75</ele></trkpt>
   <trkpt lat="46.129154" lon="5.913816"><ele>354</ele></trkpt>
   <trkpt lat="46.129369" lon="5.914097"><ele>352.75</ele></trkpt>
   <trkpt lat="46.130125" lon="5.914959"><ele>350.5</ele></trkpt>
   <trkpt lat="46.13054" lon="5.915444"><ele>349.5</ele></trkpt>
   <trkpt lat="46.131012" lon="5.916057"><ele>347</ele></trkpt>
   <trkpt lat="46.131387" lon="5.916575"><ele>349.75</ele></trkpt>
   <trkpt lat="46.131776" lon="5.917161"><ele>349.25</ele></trkpt>
   <trkpt lat="46.132166" lon="5.917811"><ele>346.75</ele></trkpt>
   <trkpt lat="46.134316" lon="5.921592"><ele>343.5</ele></trkpt>
   <trkpt lat="46.134768" lon="5.922399"><ele>342.25</ele></trkpt>
   <trkpt lat="46.134963" lon="5.922768"><ele>342.5</ele></trkpt>
   <trkpt lat="46.135122" lon="5.923102"><ele>342.25</ele></trkpt>
   <trkpt lat="46.13531" lon="5.923546"><ele>342</ele></trkpt>
   <trkpt lat="46.135393" lon="5.923769"><ele>341.5</ele></trkpt>
   <trkpt lat="46.135548" lon="5.924245"><ele>341.5</ele></trkpt>
   <trkpt lat="46.13562" lon="5.924485"><ele>340.5</ele></trkpt>
   <trkpt lat="46.1357" lon="5.924824"><ele>340.75</ele></trkpt>
   <trkpt lat="46.13576" lon="5.925087"><ele>340.5</ele></trkpt>
   <trkpt lat="46.135827" lon="5.925451"><ele>340.75</ele></trkpt>
   <trkpt lat="46.13588" lon="5.925796"><ele>339</ele></trkpt>
   <trkpt lat="46.135922" lon="5.926154"><ele>337.5</ele></trkpt>
   <trkpt lat="46.135952" lon="5.926521"><ele>336.25</ele></trkpt>
   <trkpt lat="46.135969" lon="5.926848"><ele>335.25</ele></trkpt>
   <trkpt lat="46.135977" lon="5.927209"><ele>334.5</ele></trkpt>
   <trkpt lat="46.13597" lon="5.92759"><ele>334.25</ele></trkpt>
   <trkpt lat="46.135954" lon="5.927982"><ele>334</ele></trkpt>
   <trkpt lat="46.135913" lon="5.928463"><ele>334.5</ele></trkpt>
   <trkpt lat="46.135844" lon="5.928995"><ele>337.75</ele></trkpt>
   <trkpt lat="46.135219" lon="5.933399"><ele>336.25</ele></trkpt>
   <trkpt lat="46.134645" lon="5.937675"><ele>335.5</ele></trkpt>
   <trkpt lat="46.134442" lon="5.939453"><ele>335.75</ele></trkpt>
   <trkpt lat="46.134334" lon="5.940314"><ele>333.5</ele></trkpt>
   <trkpt lat="46.133257" lon="5.948338"><ele>338</ele></trkpt>
   <trkpt lat="46.132963" lon="5.950535"><ele>343.75</ele></trkpt>
   <trkpt lat="46.132818" lon="5.951674"><ele>343</ele></trkpt>
   <trkpt lat="46.132792" lon="5.951942"><ele>341.75</ele></trkpt>
   <trkpt lat="46.132766" lon="5.952356"><ele>341.5</ele></trkpt>
   <trkpt lat="46.132762" lon="5.952915"><ele>342</ele></trkpt>
   <trkpt lat="46.132772" lon="5.953132"><ele>342</ele></trkpt>
   <trkpt lat="46.13281" lon="5.953658"><ele>342.75</ele></trkpt>
   <trkpt lat="46.132871" lon="5.954118"><ele>342.5</ele></trkpt>
   <trkpt lat="46.132937" lon="5.954477"><ele>341.5</ele></trkpt>
   <trkpt lat="46.133022" lon="5.954856"><ele>342</ele></trkpt>
   <trkpt lat="46.133138" lon="5.955264"><ele>342.25</ele></trkpt>
   <trkpt lat="46.133204" lon="5.955476"><ele>342</ele></trkpt>
   <trkpt lat="46.133287" lon="5.95571"><ele>342</ele></trkpt>
   <trkpt lat="46.133451" lon="5.956113"><ele>343.5</ele></trkpt>
   <trkpt lat="46.133536" lon="5.956301"><ele>342.5</ele></trkpt>
   <trkpt lat="46.133703" lon="5.95663"><ele>342.5</ele></trkpt>
   <trkpt lat="46.133913" lon="5.956994"><ele>342</ele></trkpt>
   <trkpt lat="46.134081" lon="5.957251"><ele>340.75</ele></trkpt>
   <trkpt lat="46.134338" lon="5.957591"><ele>342</ele></trkpt>
   <trkpt lat="46.134601" lon="5.957887"><ele>343.5</ele></trkpt>
   <trkpt lat="46.134783" lon="5.958065"><ele>345.5</ele></trkpt>
   <trkpt lat="46.134951" lon="5.958216"><ele>346</ele></trkpt>
   <trkpt lat="46.135118" lon="5.958353"><ele>344</ele></trkpt>
   <trkpt lat="46.135276" lon="5.958471"><ele>343.25</ele></trkpt>
   <trkpt lat="46.135582" lon="5.95867"><ele>343.25</ele></trkpt>
   <trkpt lat="46.135878" lon="5.958826"><ele>343</ele></trkpt>
   <trkpt lat="46.136029" lon="5.958891"><ele>344.25</ele></trkpt>
   <trkpt lat="46.136318" lon="5.958993"><ele>343.5</ele></trkpt>
   <trkpt lat="46.136729" lon="5.959108"><ele>344</ele></trkpt>
   <trkpt lat="46.139097" lon="5.959716"><ele>344.75</ele></trkpt>
   <trkpt lat="46.139203" lon="5.959741"><ele>344.25</ele></trkpt>
   <trkpt lat="46.139952" lon="5.959939"><ele>343.75</ele></trkpt>
   <trkpt lat="46.140059" lon="5.959969"><ele>345</ele></trkpt>
   <trkpt lat="46.142988" lon="5.960702"><ele>351.25</ele></trkpt>
   <trkpt lat="46.143496" lon="5.960832"><ele>353.5</ele></trkpt>
   <trkpt lat="46.143982" lon="5.960972"><ele>354.25</ele></trkpt>
   <trkpt lat="46.144024" lon="5.960985"><ele>354.25</ele></trkpt>
   <trkpt lat="46.144312" lon="5.961085"><ele>355.5</ele></trkpt>
   <trkpt lat="46.144693" lon="5.961245"><ele>355.75</ele></trkpt>
   <trkpt lat="46.144759" lon="5.961275"><ele>356</ele></trkpt>
   <trkpt lat="46.145059" lon="5.961423"><ele>356</ele></trkpt>
   <trkpt lat="46.145543" lon="5.961701"><ele>356</ele></trkpt>
   <trkpt lat="46.14582" lon="5.961882"><ele>356</ele></trkpt>
   <trkpt lat="46.146031" lon="5.962031"><ele>354.75</ele></trkpt>
   <trkpt lat="46.14626" lon="5.962204"><ele>354.5</ele></trkpt>
   <trkpt lat="46.146434" lon="5.962346"><ele>356.25</ele></trkpt>
   <trkpt lat="46.146743" lon="5.962624"><ele>354.5</ele></trkpt>
   <trkpt lat="46.147769" lon="5.963664"><ele>355</ele></trkpt>
   <trkpt lat="46.148238" lon="5.964103"><ele>355</ele></trkpt>
   <trkpt lat="46.148796" lon="5.964572"><ele>355.25</ele></trkpt>
   <trkpt lat="46.14999" lon="5.965552"><ele>356.75</ele></trkpt>
   <trkpt lat="46.150601" lon="5.966094"><ele>355.75</ele></trkpt>
   <trkpt lat="46.151587" lon="5.967006"><ele>356.25</ele></trkpt>
   <trkpt lat="46.152897" lon="5.968144"><ele>359.5</ele></trkpt>
   <trkpt lat="46.153151" lon="5.968358"><ele>361.5</ele></trkpt>
   <trkpt lat="46.153389" lon="5.968546"><ele>361.75</ele></trkpt>
   <trkpt lat="46.15376" lon="5.968809"><ele>362.5</ele></trkpt>
   <trkpt lat="46.154111" lon="5.969035"><ele>362</ele></trkpt>
   <trkpt lat="46.157331" lon="5.971003"><ele>364.5</ele></trkpt>
   <trkpt lat="46.158895" lon="5.971962"><ele>366</ele></trkpt>
   <trkpt lat="46.159097" lon="5.972096"><ele>366</ele></trkpt>
   <trkpt lat="46.15942" lon="5.972329"><ele>365.5</ele></trkpt>
   <trkpt lat="46.15971" lon="5.972558"><ele>364.75</ele></trkpt>
   <trkpt lat="46.16006" lon="5.972866"><ele>363.5</ele></trkpt>
   <trkpt lat="46.160349" lon="5.973142"><ele>364.75</ele></trkpt>
   <trkpt lat="46.162676" lon="5.975452"><ele>368.75</ele></trkpt>
   <trkpt lat="46.162978" lon="5.975739"><ele>368.75</ele></trkpt>
   <trkpt lat="46.163144" lon="5.975886"><ele>368.5</ele></trkpt>
   <trkpt lat="46.163527" lon="5.976192"><ele>368.25</ele></trkpt>
   <trkpt lat="46.163721" lon="5.97633"><ele>368.75</ele></trkpt>
   <trkpt lat="46.164068" lon="5.976552"><ele>369.25</ele></trkpt>
   <trkpt lat="46.165796" lon="5.977573"><ele>366.75</ele></trkpt>
   <trkpt lat="46.16651" lon="5.977987"><ele>367.25</ele></trkpt>
   <trkpt lat="46.166783" lon="5.978131"><ele>367.25</ele></trkpt>
   <trkpt lat="46.167065" lon="5.978265"><ele>367.25</ele></trkpt>
   <trkpt lat="46.167463" lon="5.978424"><ele>365.75</ele></trkpt>
   <trkpt lat="46.167882" lon="5.97856"><ele>364.75</ele></trkpt>
   <trkpt lat="46.1685" lon="5.978707"><ele>363</ele></trkpt>
   <trkpt lat="46.170346" lon="5.97911"><ele>362.5</ele></trkpt>
   <trkpt lat="46.170498" lon="5.979139"><ele>363.5</ele></trkpt>
   <trkpt lat="46.170874" lon="5.979192"><ele>363.5</ele></trkpt>
   <trkpt lat="46.171472" lon="5.979255"><ele>363</ele></trkpt>
   <trkpt lat="46.171653" lon="5.979284"><ele>363.5</ele></trkpt>
   <trkpt lat="46.171861" lon="5.979331"><ele>364.5</ele></trkpt>
   <trkpt lat="46.172039" lon="5.979383"><ele>364.25</ele></trkpt>
   <trkpt lat="46.172206" lon="5.979446"><ele>362.75</ele></trkpt>
   <trkpt lat="46.172453" lon="5.979558"><ele>361.75</ele></trkpt>
   <trkpt lat="46.172667" lon="5.979681"><ele>363</ele></trkpt>
   <trkpt lat="46.172765" lon="5.979746"><ele>362.5</ele></trkpt>
   <trkpt lat="46.172936" lon="5.979869"><ele>363.25</ele></trkpt>
   <trkpt lat="46.173068" lon="5.979976"><ele>362.5</ele></trkpt>
   <trkpt lat="46.17321" lon="5.980102"><ele>362</ele></trkpt>
   <trkpt lat="46.173356" lon="5.980245"><ele>361.5</ele></trkpt>
   <trkpt lat="46.173475" lon="5.980374"><ele>359.75</ele></trkpt>
   <trkpt lat="46.173616" lon="5.980536"><ele>360</ele></trkpt>
   <trkpt lat="46.173817" lon="5.980803"><ele>360.75</ele></trkpt>
   <trkpt lat="46.173928" lon="5.980965"><ele>361.5</ele></trkpt>
   <trkpt lat="46.174141" lon="5.981317"><ele>361.25</ele></trkpt>
   <trkpt lat="46.174207" lon="5.981439"><ele>360.75</ele></trkpt>
   <trkpt lat="46.17438" lon="5.981794"><ele>359.5</ele></trkpt>
   <trkpt lat="46.174472" lon="5.982009"><ele>360.25</ele></trkpt>
   <trkpt lat="46.174616" lon="5.982405"><ele>358.5</ele></trkpt>
   <trkpt lat="46.174675" lon="5.982598"><ele>359</ele></trkpt>
   <trkpt lat="46.174743" lon="5.982842"><ele>359.5</ele></trkpt>
   <trkpt lat="46.174832" lon="5.983255"><ele>358.75</ele></trkpt>
   <trkpt lat="46.174899" lon="5.983695"><ele>358.75</ele></trkpt>
   <trkpt lat="46.174924" lon="5.983938"><ele>358.75</ele></trkpt>
   <trkpt lat="46.174965" lon="5.984485"><ele>360.25</ele></trkpt>
   <trkpt lat="46.175019" lon="5.985463"><ele>361.75</ele></trkpt>
   <trkpt lat="46.175075" lon="5.986223"><ele>365</ele></trkpt>
   <trkpt lat="46.175104" lon="5.986469"><ele>366.75</ele></trkpt>
   <trkpt lat="46.175143" lon="5.986738"><ele>368.25</ele></trkpt>
   <trkpt lat="46.175228" lon="5.98716"><ele>364</ele></trkpt>
   <trkpt lat="46.175278" lon="5.987364"><ele>362</ele></trkpt>
   <trkpt lat="46.175374" lon="5.987695"><ele>364</ele></trkpt>
   <trkpt lat="46.175495" lon="5.988039"><ele>362.25</ele></trkpt>
   <trkpt lat="46.175628" lon="5.988358"><ele>363</ele></trkpt>
   <trkpt lat="46.175733" lon="5.988578"><ele>362.25</ele></trkpt>
   <trkpt lat="46.17586" lon="5.988814"><ele>362.5</ele></trkpt>
   <trkpt lat="46.175968" lon="5.988995"><ele>362.5</ele></trkpt>
   <trkpt lat="46.176139" lon="5.989249"><ele>360.75</ele></trkpt>
   <trkpt lat="46.17626" lon="5.989411"><ele>360.75</ele></trkpt>
   <trkpt lat="46.176397" lon="5.989574"><ele>359.25</ele></trkpt>
   <trkpt lat="46.176562" lon="5.989753"><ele>358.25</ele></trkpt>
   <trkpt lat="46.177217" lon="5.990383"><ele>355.75</ele></trkpt>
   <trkpt lat="46.177446" lon="5.990612"><ele>355.25</ele></trkpt>
   <trkpt lat="46.177598" lon="5.990785"><ele>355.5</ele></trkpt>
   <trkpt lat="46.17783" lon="5.991084"><ele>357</ele></trkpt>
   <trkpt lat="46.177946" lon="5.991255"><ele>356.25</ele></trkpt>
   <trkpt lat="46.178121" lon="5.99155"><ele>357</ele></trkpt>
   <trkpt lat="46.178226" lon="5.991749"><ele>357.25</ele></trkpt>
   <trkpt lat="46.17839" lon="5.992102"><ele>357.5</ele></trkpt>
   <trkpt lat="46.178552" lon="5.992534"><ele>355.5</ele></trkpt>
   <trkpt lat="46.17862" lon="5.992754"><ele>357</ele></trkpt>
   <trkpt lat="46.178684" lon="5.992985"><ele>355.25</ele></trkpt>
   <trkpt lat="46.178736" lon="5.99321"><ele>354.75</ele></trkpt>
   <trkpt lat="46.178783" lon="5.993448"><ele>355</ele></trkpt>
   <trkpt lat="46.17884" lon="5.993813"><ele>356</ele></trkpt>
   <trkpt lat="46.178884" lon="5.994211"><ele>356.75</ele></trkpt>
   <trkpt lat="46.178905" lon="5.994574"><ele>357.75</ele></trkpt>
   <trkpt lat="46.178908" lon="5.994844"><ele>357.75</ele></trkpt>
   <trkpt lat="46.178905" lon="5.99522"><ele>357</ele></trkpt>
   <trkpt lat="46.178889" lon="5.995652"><ele>356</ele></trkpt>
   <trkpt lat="46.178728" lon="6.000969"><ele>355.5</ele></trkpt>
   <trkpt lat="46.178689" lon="6.002811"><ele>356.25</ele></trkpt>
   <trkpt lat="46.178706" lon="6.003152"><ele>357</ele></trkpt>
   <trkpt lat="46.178709" lon="6.003451"><ele>357.5</ele></trkpt>
   <trkpt lat="46.178706" lon="6.003839"><ele>358.5</ele></trkpt>
   <trkpt lat="46.178713" lon="6.00411"><ele>358.75</ele></trkpt>
   <trkpt lat="46.178723" lon="6.004342"><ele>359.25</ele></trkpt>
   <trkpt lat="46.178771" lon="6.004897"><ele>361</ele></trkpt>
   <trkpt lat="46.178885" lon="6.005741"><ele>358.75</ele></trkpt>
   <trkpt lat="46.179011" lon="6.00645"><ele>355.75</ele></trkpt>
   <trkpt lat="46.17903" lon="6.006544"><ele>355.5</ele></trkpt>
   <trkpt lat="46.179444" lon="6.00856"><ele>359</ele></trkpt>
   <trkpt lat="46.179695" lon="6.009784"><ele>359.75</ele></trkpt>
   <trkpt lat="46.180038" lon="6.011455"><ele>365.5</ele></trkpt>
   <trkpt lat="46.18013" lon="6.01187"><ele>367.25</ele></trkpt>
   <trkpt lat="46.180245" lon="6.012295"><ele>366.25</ele></trkpt>
   <trkpt lat="46.180322" lon="6.012543"><ele>367.25</ele></trkpt>
   <trkpt lat="46.180412" lon="6.012798"><ele>369.25</ele></trkpt>
   <trkpt lat="46.180516" lon="6.013062"><ele>366.75</ele></trkpt>
   <trkpt lat="46.180635" lon="6.013335"><ele>369.75</ele></trkpt>
   <trkpt lat="46.180832" lon="6.013734"><ele>368.5</ele></trkpt>
   <trkpt lat="46.181064" lon="6.014132"><ele>368.25</ele></trkpt>
   <trkpt lat="46.181331" lon="6.014516"><ele>371.25</ele></trkpt>
   <trkpt lat="46.18146" lon="6.014677"><ele>372.5</ele></trkpt>
   <trkpt lat="46.181569" lon="6.01481"><ele>373.75</ele></trkpt>
   <trkpt lat="46.181856" lon="6.015115"><ele>374.25</ele></trkpt>
   <trkpt lat="46.182157" lon="6.015383"><ele>373.75</ele></trkpt>
   <trkpt lat="46.182383" lon="6.015549"><ele>372.75</ele></trkpt>
   <trkpt lat="46.182594" lon="6.015687"><ele>371.5</ele></trkpt>
   <trkpt lat="46.182771" lon="6.015786"><ele>371.25</ele></trkpt>
   <trkpt lat="46.183046" lon="6.015914"><ele>369</ele></trkpt>
   <trkpt lat="46.183351" lon="6.016033"><ele>369.5</ele></trkpt>
   <trkpt lat="46.187267" lon="6.017411"><ele>375.75</ele></trkpt>
   <trkpt lat="46.18759" lon="6.017539"><ele>377</ele></trkpt>
   <trkpt lat="46.187767" lon="6.017619"><ele>377</ele></trkpt>
   <trkpt lat="46.188048" lon="6.017774"><ele>377.75</ele></trkpt>
   <trkpt lat="46.188237" lon="6.017893"><ele>377</ele></trkpt>
   <trkpt lat="46.188536" lon="6.018116"><ele>377.5</ele></trkpt>
   <trkpt lat="46.188807" lon="6.018359"><ele>378</ele></trkpt>
   <trkpt lat="46.189055" lon="6.018615"><ele>378</ele></trkpt>
   <trkpt lat="46.189177" lon="6.018758"><ele>378.5</ele></trkpt>
   <trkpt lat="46.189442" lon="6.019094"><ele>379.75</ele></trkpt>
   <trkpt lat="46.19055" lon="6.020644"><ele>382.75</ele></trkpt>
   <trkpt lat="46.190681" lon="6.020817"><ele>383.75</ele></trkpt>
   <trkpt lat="46.19092" lon="6.02111"><ele>384</ele></trkpt>
   <trkpt lat="46.191027" lon="6.021233"><ele>384</ele></trkpt>
   <trkpt lat="46.191146" lon="6.021355"><ele>384.5</ele></trkpt>
   <trkpt lat="46.191406" lon="6.021605"><ele>385.75</ele></trkpt>
   <trkpt lat="46.191736" lon="6.021881"><ele>384.75</ele></trkpt>
   <trkpt lat="46.192127" lon="6.022186"><ele>385.75</ele></trkpt>
   <trkpt lat="46.192778" lon="6.022708"><ele>386.5</ele></trkpt>
   <trkpt lat="46.192897" lon="6.022815"><ele>386.25</ele></trkpt>
   <trkpt lat="46.193094" lon="6.023012"><ele>386.25</ele></trkpt>
   <trkpt lat="46.193237" lon="6.023175"><ele>386</ele></trkpt>
   <trkpt lat="46.193503" lon="6.023514"><ele>387.25</ele></trkpt>
   <trkpt lat="46.193923" lon="6.024102"><ele>389.5</ele></trkpt>
   <trkpt lat="46.194122" lon="6.024368"><ele>389.25</ele></trkpt>
   <trkpt lat="46.19425" lon="6.024525"><ele>390.25</ele></trkpt>
   <trkpt lat="46.19448" lon="6.024773"><ele>391</ele></trkpt>
   <trkpt lat="46.194734" lon="6.025"><ele>389.25</ele></trkpt>
   <trkpt lat="46.194875" lon="6.025111"><ele>393.25</ele></trkpt>
   <trkpt lat="46.19514" lon="6.025292"><ele>391.5</ele></trkpt>
   <trkpt lat="46.195539" lon="6.025509"><ele>392.25</ele></trkpt>
   <trkpt lat="46.199167" lon="6.027318"><ele>393.5</ele></trkpt>
   <trkpt lat="46.19941" lon="6.027453"><ele>394.5</ele></trkpt>
   <trkpt lat="46.199574" lon="6.02756"><ele>394.5</ele></trkpt>
   <trkpt lat="46.199778" lon="6.027703"><ele>396</ele></trkpt>
   <trkpt lat="46.200046" lon="6.027924"><ele>398.5</ele></trkpt>
   <trkpt lat="46.200216" lon="6.028084"><ele>399</ele></trkpt>
   <trkpt lat="46.200367" lon="6.028238"><ele>401.5</ele></trkpt>
   <trkpt lat="46.200639" lon="6.028549"><ele>401.75</ele></trkpt>
   <trkpt lat="46.200852" lon="6.028833"><ele>400.25</ele></trkpt>
   <trkpt lat="46.201073" lon="6.029169"><ele>400.75</ele></trkpt>
   <trkpt lat="46.201271" lon="6.029516"><ele>403</ele></trkpt>
   <trkpt lat="46.201457" lon="6.029885"><ele>402</ele></trkpt>
   <trkpt lat="46.201553" lon="6.030083"><ele>403</ele></trkpt>
   <trkpt lat="46.202068" lon="6.031206"><ele>401</ele></trkpt>
   <trkpt lat="46.202222" lon="6.031527"><ele>400.75</ele></trkpt>
   <trkpt lat="46.202368" lon="6.031812"><ele>401</ele></trkpt>
   <trkpt lat="46.202486" lon="6.032021"><ele>401.5</ele></trkpt>
   <trkpt lat="46.202632" lon="6.032257"><ele>401.25</ele></trkpt>
   <trkpt lat="46.202755" lon="6.032437"><ele>401.75</ele></trkpt>
   <trkpt lat="46.202891" lon="6.032622"><ele>402.5</ele></trkpt>
   <trkpt lat="46.203138" lon="6.032923"><ele>403.75</ele></trkpt>
   <trkpt lat="46.20339" lon="6.033187"><ele>404.75</ele></trkpt>
   <trkpt lat="46.203537" lon="6.033324"><ele>405</ele></trkpt>
   <trkpt lat="46.203811" lon="6.033548"><ele>405.75</ele></trkpt>
   <trkpt lat="46.204099" lon="6.033748"><ele>405.75</ele></trkpt>
   <trkpt lat="46.204297" lon="6.033867"><ele>405</ele></trkpt>
   <trkpt lat="46.204574" lon="6.034004"><ele>404</ele></trkpt>
   <trkpt lat="46.204802" lon="6.034096"><ele>403.25</ele></trkpt>
   <trkpt lat="46.205001" lon="6.034161"><ele>403.75</ele></trkpt>
   <trkpt lat="46.205214" lon="6.034212"><ele>403.25</ele></trkpt>
   <trkpt lat="46.205268" lon="6.034224"><ele>403.25</ele></trkpt>
   <trkpt lat="46.205618" lon="6.034271"><ele>402</ele></trkpt>
   <trkpt lat="46.205983" lon="6.034286"><ele>402.25</ele></trkpt>
   <trkpt lat="46.208377" lon="6.034282"><ele>408</ele></trkpt>
   <trkpt lat="46.208546" lon="6.034285"><ele>408.75</ele></trkpt>
   <trkpt lat="46.209209" lon="6.034329"><ele>410</ele></trkpt>
   <trkpt lat="46.209812" lon="6.034332"><ele>410.25</ele></trkpt>
   <trkpt lat="46.210023" lon="6.034343"><ele>409.75</ele></trkpt>
   <trkpt lat="46.210223" lon="6.034364"><ele>409.25</ele></trkpt>
   <trkpt lat="46.210543" lon="6.03442"><ele>410.75</ele></trkpt>
   <trkpt lat="46.210906" lon="6.034518"><ele>408.75</ele></trkpt>
   <trkpt lat="46.211059" lon="6.034573"><ele>407.75</ele></trkpt>
   <trkpt lat="46.211428" lon="6.034727"><ele>411.75</ele></trkpt>
   <trkpt lat="46.211611" lon="6.034817"><ele>411.25</ele></trkpt>
   <trkpt lat="46.211804" lon="6.034924"><ele>411.5</ele></trkpt>
   <trkpt lat="46.212172" lon="6.03517"><ele>411.5</ele></trkpt>
   <trkpt lat="46.212333" lon="6.035294"><ele>411</ele></trkpt>
   <trkpt lat="46.21268" lon="6.035597"><ele>411</ele></trkpt>
   <trkpt lat="46.213031" lon="6.035954"><ele>411.75</ele></trkpt>
   <trkpt lat="46.213336" lon="6.036323"><ele>413</ele></trkpt>
   <trkpt lat="46.21349" lon="6.03653"><ele>412.5</ele></trkpt>
   <trkpt lat="46.213684" lon="6.036814"><ele>413</ele></trkpt>
   <trkpt lat="46.214137" lon="6.037549"><ele>414</ele></trkpt>
   <trkpt lat="46.215631" lon="6.040012"><ele>412.5</ele></trkpt>
   <trkpt lat="46.215673" lon="6.040081"><ele>412.5</ele></trkpt>
   <trkpt lat="46.218117" lon="6.044109"><ele>413.25</ele></trkpt>
   <trkpt lat="46.218275" lon="6.04438"><ele>413.25</ele></trkpt>
   <trkpt lat="46.218494" lon="6.044792"><ele>414</ele></trkpt>
   <trkpt lat="46.218597" lon="6.045005"><ele>413</ele></trkpt>
   <trkpt lat="46.218718" lon="6.045278"><ele>413.25</ele></trkpt>
   <trkpt lat="46.21883" lon="6.045557"><ele>412.75</ele></trkpt>
   <trkpt lat="46.218929" lon="6.045837"><ele>413</ele></trkpt>
   <trkpt lat="46.219014" lon="6.046093"><ele>413</ele></trkpt>
   <trkpt lat="46.21909" lon="6.046346"><ele>412.75</ele></trkpt>
   <trkpt lat="46.219216" lon="6.046852"><ele>411</ele></trkpt>
   <trkpt lat="46.21927" lon="6.047105"><ele>410.25</ele></trkpt>
   <trkpt lat="46.219349" lon="6.047573"><ele>410.5</ele></trkpt>
   <trkpt lat="46.219425" lon="6.048164"><ele>412.5</ele></trkpt>
   <trkpt lat="46.219819" lon="6.052028"><ele>412.25</ele></trkpt>
   <trkpt lat="46.219829" lon="6.052136"><ele>412</ele></trkpt>
   <trkpt lat="46.219847" lon="6.052295"><ele>411.75</ele></trkpt>
   <trkpt lat="46.219863" lon="6.052467"><ele>412.25</ele></trkpt>
   <trkpt lat="46.2212" lon="6.065755"><ele>428.75</ele></trkpt>
   <trkpt lat="46.221843" lon="6.072146"><ele>428.5</ele></trkpt>
   <trkpt lat="46.221937" lon="6.073133"><ele>431</ele></trkpt>
   <trkpt lat="46.222246" lon="6.076293"><ele>434</ele></trkpt>
   <trkpt lat="46.222369" lon="6.077524"><ele>431.25</ele></trkpt>
   <trkpt lat="46.222403" lon="6.077871"><ele>433.75</ele></trkpt>
   <trkpt lat="46.222445" lon="6.078311"><ele>434</ele></trkpt>
   <trkpt lat="46.222473" lon="6.078681"><ele>434</ele></trkpt>
   <trkpt lat="46.222505" lon="6.079417"><ele>433.75</ele></trkpt>
   <trkpt lat="46.22251" lon="6.079722"><ele>433.75</ele></trkpt>
   <trkpt lat="46.222509" lon="6.08033"><ele>433.75</ele></trkpt>
   <trkpt lat="46.222502" lon="6.081183"><ele>434</ele></trkpt>
   <trkpt lat="46.222499" lon="6.081584"><ele>434</ele></trkpt>
   <trkpt lat="46.222484" lon="6.081928"><ele>434</ele></trkpt>
   <trkpt lat="46.222445" lon="6.082362"><ele>434</ele></trkpt>
   <trkpt lat="46.222437" lon="6.082831"><ele>434</ele></trkpt>
   <trkpt lat="46.222415" lon="6.08327"><ele>434</ele></trkpt>
   <trkpt lat="46.222237" lon="6.085358"><ele>434</ele></trkpt>
   <trkpt lat="46.222141" lon="6.086506"><ele>434.75</ele></trkpt>
   <trkpt lat="46.222067" lon="6.087178"><ele>434</ele></trkpt>
   <trkpt lat="46.22206" lon="6.087243"><ele>434</ele></trkpt>
   <trkpt lat="46.222052" lon="6.087311"><ele>434</ele></trkpt>
   <trkpt lat="46.221958" lon="6.08816"><ele>433.5</ele></trkpt>
   <trkpt lat="46.22191" lon="6.088491"><ele>433</ele></trkpt>
   <trkpt lat="46.221866" lon="6.088741"><ele>433</ele></trkpt>
   <trkpt lat="46.221717" lon="6.089605"><ele>432.5</ele></trkpt>
   <trkpt lat="46.22159" lon="6.090213"><ele>434</ele></trkpt>
   <trkpt lat="46.221431" lon="6.090876"><ele>431.5</ele></trkpt>
   <trkpt lat="46.220622" lon="6.094106"><ele>427.75</ele></trkpt>
   <trkpt lat="46.220465" lon="6.094734"><ele>425.5</ele></trkpt>
   <trkpt lat="46.220121" lon="6.096113"><ele>420.25</ele></trkpt>
   <trkpt lat="46.220058" lon="6.096358"><ele>422.25</ele></trkpt>
   <trkpt lat="46.219849" lon="6.097201"><ele>422</ele></trkpt>
   <trkpt lat="46.219743" lon="6.097594"><ele>423.5</ele></trkpt>
   <trkpt lat="46.219575" lon="6.098156"><ele>420.75</ele></trkpt>
   <trkpt lat="46.219511" lon="6.098357"><ele>422.25</ele></trkpt>
   <trkpt lat="46.219359" lon="6.098794"><ele>421.75</ele></trkpt>
   <trkpt lat="46.219247" lon="6.099097"><ele>422</ele></trkpt>
   <trkpt lat="46.219076" lon="6.099515"><ele>421</ele></trkpt>
   <trkpt lat="46.218878" lon="6.099961"><ele>420</ele></trkpt>
   <trkpt lat="46.218686" lon="6.100357"><ele>419.25</ele></trkpt>
   <trkpt lat="46.218653" lon="6.100419"><ele>419.25</ele></trkpt>
   <trkpt lat="46.218455" lon="6.100791"><ele>419.25</ele></trkpt>
   <trkpt lat="46.218207" lon="6.101213"><ele>418</ele></trkpt>
   <trkpt lat="46.217979" lon="6.101564"><ele>418.75</ele></trkpt>
   <trkpt lat="46.217741" lon="6.101901"><ele>419</ele></trkpt>
   <trkpt lat="46.217404" lon="6.102351"><ele>418.25</ele></trkpt>
   <trkpt lat="46.21719" lon="6.102607"><ele>418.25</ele></trkpt>
   <trkpt lat="46.216675" lon="6.103215"><ele>418.5</ele></trkpt>
   <trkpt lat="46.216604" lon="6.103299"><ele>418</ele></trkpt>
   <trkpt lat="46.215543" lon="6.104613"><ele>417.75</ele></trkpt>
   <trkpt lat="46.215357" lon="6.10483"><ele>417</ele></trkpt>
   <trkpt lat="46.215235" lon="6.104975"><ele>416.75</ele></trkpt>
   <trkpt lat="46.212748" lon="6.107908"><ele>421</ele></trkpt>
   <trkpt lat="46.211931" lon="6.108872"><ele>421.25</ele></trkpt>
   <trkpt lat="46.211417" lon="6.109524"><ele>420.5</ele></trkpt>
   <trkpt lat="46.211182" lon="6.109868"><ele>420.5</ele></trkpt>
   <trkpt lat="46.21089" lon="6.110319"><ele>419.5</ele></trkpt>
   <trkpt lat="46.210572" lon="6.11087"><ele>417.75</ele></trkpt>
   <trkpt lat="46.210333" lon="6.111326"><ele>419.25</ele></trkpt>
   <trkpt lat="46.210169" lon="6.111666"><ele>421.75</ele></trkpt>
   <trkpt lat="46.209976" lon="6.112087"><ele>420.25</ele></trkpt>
   <trkpt lat="46.209771" lon="6.112598"><ele>420</ele></trkpt>
   <trkpt lat="46.209571" lon="6.113137"><ele>422.75</ele></trkpt>
   <trkpt lat="46.209475" lon="6.113435"><ele>419.25</ele></trkpt>
   <trkpt lat="46.209295" lon="6.114022"><ele>422</ele></trkpt>
   <trkpt lat="46.208932" lon="6.115309"><ele>417</ele></trkpt>
   <trkpt lat="46.207746" lon="6.119467"><ele>411.75</ele></trkpt>
   <trkpt lat="46.207153" lon="6.121544"><ele>410</ele></trkpt>
   <trkpt lat="46.206025" lon="6.125507"><ele>406.75</ele></trkpt>
   <trkpt lat="46.205858" lon="6.126129"><ele>406.25</ele></trkpt>
   <trkpt lat="46.205784" lon="6.12645"><ele>406</ele></trkpt>
   <trkpt lat="46.205724" lon="6.126719"><ele>405.75</ele></trkpt>
   <trkpt lat="46.205587" lon="6.127467"><ele>405.25</ele></trkpt>
   <trkpt lat="46.205508" lon="6.128106"><ele>404.75</ele></trkpt>
   <trkpt lat="46.20547" lon="6.128661"><ele>404.5</ele></trkpt>
   <trkpt lat="46.205446" lon="6.129147"><ele>404</ele></trkpt>
   <trkpt lat="46.205438" lon="6.129772"><ele>403.5</ele></trkpt>
   <trkpt lat="46.205442" lon="6.130121"><ele>403.25</ele></trkpt>
   <trkpt lat="46.205473" lon="6.130615"><ele>403</ele></trkpt>
   <trkpt lat="46.205653" lon="6.132707"><ele>401.25</ele></trkpt>
   <trkpt lat="46.205729" lon="6.133458"><ele>401.5</ele></trkpt>
   <trkpt lat="46.205799" lon="6.134046"><ele>397.5</ele></trkpt>
   <trkpt lat="46.205924" lon="6.134923"><ele>395.75</ele></trkpt>
   <trkpt lat="46.206035" lon="6.135545"><ele>394.5</ele></trkpt>
   <trkpt lat="46.206127" lon="6.135989"><ele>393.75</ele></trkpt>
   <trkpt lat="46.206207" lon="6.136324"><ele>392.5</ele></trkpt>
   <trkpt lat="46.206281" lon="6.136602"><ele>391.5</ele></trkpt>
   <trkpt lat="46.206393" lon="6.136952"><ele>393.75</ele></trkpt>
   <trkpt lat="46.20648" lon="6.137183"><ele>391.25</ele></trkpt>
   <trkpt lat="46.206544" lon="6.137335"><ele>390.75</ele></trkpt>
   <trkpt lat="46.206696" lon="6.137654"><ele>392.5</ele></trkpt>
   <trkpt lat="46.206849" lon="6.13793"><ele>390.75</ele></trkpt>
   <trkpt lat="46.207002" lon="6.138167"><ele>390.75</ele></trkpt>
   <trkpt lat="46.207147" lon="6.138367"><ele>389.75</ele></trkpt>
   <trkpt lat="46.207352" lon="6.138618"><ele>390</ele></trkpt>
   <trkpt lat="46.207727" lon="6.139042"><ele>389.75</ele></trkpt>
   <trkpt lat="46.207924" lon="6.139296"><ele>390</ele></trkpt>
   <trkpt lat="46.208055" lon="6.139483"><ele>392</ele></trkpt>
   <trkpt lat="46.208197" lon="6.139641"><ele>389.25</ele></trkpt>
   <trkpt lat="46.208508" lon="6.139989"><ele>389.25</ele></trkpt>
   <trkpt lat="46.20867" lon="6.140186"><ele>391</ele></trkpt>
   <trkpt lat="46.209017" lon="6.140662"><ele>390.75</ele></trkpt>
   <trkpt lat="46.209281" lon="6.140997"><ele>390</ele></trkpt>
   <trkpt lat="46.209771" lon="6.141548"><ele>391.75</ele></trkpt>
  </trkseg>
 </trk>
</gpx>