<?xml version="1.0" encoding="UTF-8"?>
<!-- track-length = 465635 filtered ascend = 1134 plain-ascend = 1 cost=465635 energy=5.8kwh time=10h 20m 51s -->
<gpx 
 xmlns="http://www.topografix.com/GPX/1/1" 
 xmlns:xsi="http://www.w3.org/2001/XMLSchema-instance" 
 xsi:schemaLocation="http://www.topografix.com/GPX/1/1 http://www.topografix.com/GPX/1/1/gpx.xsd" 
 version="1.1" 
 creator="BRouter-Web 99.71.0">
 <trk>
  <name>Pisa-Trieste</name>
  <link href="https://brouter.damsy.net/latest/#map=8/44.538/11.722/standard&amp;lonlats=10.397315,43.707956;11.247425,43.777395;12.231688,45.481429;13.771834,45.657998&amp;profile=rail">
   <text>BRouter-Web</text>
  </link>
  <trkseg>
   <trkpt lat="43.707973" lon="10.397321"><ele>3</ele></trkpt>
   <trkpt lat="43.70782" lon="10.398156"><ele>3</ele></trkpt>
   <trkpt lat="43.707261" lon="10.401189"><ele>4.75</ele></trkpt>
   <trkpt lat="43.707182" lon="10.401551"><ele>5.5</ele></trkpt>
   <trkpt lat="43.7071" lon="10.40186"><ele>7</ele></trkpt>
   <trkpt lat="43.706935" lon="10.402339"><ele>8.25</ele></trkpt>
   <trkpt lat="43.70658" lon="10.403302"><ele>10</ele></trkpt>
   <trkpt lat="43.706397" lon="10.403765"><ele>8.25</ele></trkpt>
   <trkpt lat="43.706045" lon="10.404595"><ele>5.25</ele></trkpt>
   <trkpt lat="43.705689" lon="10.405366"><ele>4</ele></trkpt>
   <trkpt lat="43.705482" lon="10.405773"><ele>4</ele></trkpt>
   <trkpt lat="43.705093" lon="10.406443"><ele>4</ele></trkpt>
   <trkpt lat="43.704362" lon="10.407668"><ele>5</ele></trkpt>
   <trkpt lat="43.704113" lon="10.408079"><ele>5</ele></trkpt>
   <trkpt lat="43.703469" lon="10.409158"><ele>5</ele></trkpt>
   <trkpt lat="43.703318" lon="10.409459"><ele>4.75</ele></trkpt>
   <trkpt lat="43.703137" lon="10.409927"><ele>5</ele></trkpt>
   <trkpt lat="43.702748" lon="10.41099"><ele>5</ele></trkpt>
   <trkpt lat="43.702359" lon="10.412029"><ele>9</ele></trkpt>
   <trkpt lat="43.701894" lon="10.413324"><ele>7</ele></trkpt>
   <trkpt lat="43.701681" lon="10.413904"><ele>5</ele></trkpt>
   <trkpt lat="43.700011" lon="10.418453"><ele>5</ele></trkpt>
   <trkpt lat="43.696645" lon="10.427642"><ele>3</ele></trkpt>
   <trkpt lat="43.696381" lon="10.428375"><ele>3</ele></trkpt>
   <trkpt lat="43.696212" lon="10.428822"><ele>3.5</ele></trkpt>
   <trkpt lat="43.696037" lon="10.429314"><ele>4</ele></trkpt>
   <trkpt lat="43.695653" lon="10.430355"><ele>4</ele></trkpt>
   <trkpt lat="43.694646" lon="10.433144"><ele>4</ele></trkpt>
   <trkpt lat="43.694103" lon="10.434828"><ele>4</ele></trkpt>
   <trkpt lat="43.694022" lon="10.435096"><ele>4</ele></trkpt>
   <trkpt lat="43.693835" lon="10.435711"><ele>4</ele></trkpt>
   <trkpt lat="43.693475" lon="10.437031"><ele>4</ele></trkpt>
   <trkpt lat="43.693263" lon="10.43788"><ele>4</ele></trkpt>
   <trkpt lat="43.692345" lon="10.44163"><ele>4</ele></trkpt>
   <trkpt lat="43.691287" lon="10.44599"><ele>3</ele></trkpt>
   <trkpt lat="43.691111" lon="10.446776"><ele>3</ele></trkpt>
   <trkpt lat="43.690891" lon="10.44777"><ele>3</ele></trkpt>
   <trkpt lat="43.690668" lon="10.448819"><ele>3</ele></trkpt>
   <trkpt lat="43.690407" lon="10.450136"><ele>3</ele></trkpt>
   <trkpt lat="43.689722" lon="10.453877"><ele>3</ele></trkpt>
   <trkpt lat="43.689381" lon="10.456109"><ele>3</ele></trkpt>
   <trkpt lat="43.688807" lon="10.461151"><ele>3</ele></trkpt>
   <trkpt lat="43.687887" lon="10.470038"><ele>4</ele></trkpt>
   <trkpt lat="43.687454" lon="10.474172"><ele>3.75</ele></trkpt>
   <trkpt lat="43.687302" lon="10.47562"><ele>3.25</ele></trkpt>
   <trkpt lat="43.687037" lon="10.477855"><ele>4.5</ele></trkpt>
   <trkpt lat="43.686833" lon="10.479738"><ele>4</ele></trkpt>
   <trkpt lat="43.686597" lon="10.482021"><ele>4</ele></trkpt>
   <trkpt lat="43.68647" lon="10.4829"><ele>5</ele></trkpt>
   <trkpt lat="43.686445" lon="10.483099"><ele>5</ele></trkpt>
   <trkpt lat="43.686385" lon="10.483687"><ele>4.5</ele></trkpt>
   <trkpt lat="43.686269" lon="10.484717"><ele>4</ele></trkpt>
   <trkpt lat="43.686198" lon="10.485265"><ele>4</ele></trkpt>
   <trkpt lat="43.68607" lon="10.486168"><ele>3.75</ele></trkpt>
   <trkpt lat="43.685954" lon="10.48687"><ele>4</ele></trkpt>
   <trkpt lat="43.685438" lon="10.489971"><ele>4.5</ele></trkpt>
   <trkpt lat="43.684928" lon="10.492921"><ele>4.75</ele></trkpt>
   <trkpt lat="43.684786" lon="10.493724"><ele>5</ele></trkpt>
   <trkpt lat="43.683993" lon="10.498238"><ele>5</ele></trkpt>
   <trkpt lat="43.682095" lon="10.509058"><ele>4</ele></trkpt>
   <trkpt lat="43.681458" lon="10.512588"><ele>5</ele></trkpt>
   <trkpt lat="43.681022" lon="10.514922"><ele>6</ele></trkpt>
   <trkpt lat="43.680793" lon="10.516033"><ele>6.75</ele></trkpt>
   <trkpt lat="43.680555" lon="10.517142"><ele>6</ele></trkpt>
   <trkpt lat="43.680519" lon="10.517302"><ele>6</ele></trkpt>
   <trkpt lat="43.680279" lon="10.518356"><ele>7</ele></trkpt>
   <trkpt lat="43.680119" lon="10.519017"><ele>6.25</ele></trkpt>
   <trkpt lat="43.679865" lon="10.520049"><ele>6</ele></trkpt>
   <trkpt lat="43.679588" lon="10.521116"><ele>6</ele></trkpt>
   <trkpt lat="43.679014" lon="10.523168"><ele>6.25</ele></trkpt>
   <trkpt lat="43.678076" lon="10.526454"><ele>6.75</ele></trkpt>
   <trkpt lat="43.677899" lon="10.527094"><ele>6.25</ele></trkpt>
   <trkpt lat="43.677597" lon="10.528292"><ele>7</ele></trkpt>
   <trkpt lat="43.677398" lon="10.529133"><ele>7.25</ele></trkpt>
   <trkpt lat="43.677017" lon="10.530965"><ele>7</ele></trkpt>
   <trkpt lat="43.676793" lon="10.532212"><ele>7</ele></trkpt>
   <trkpt lat="43.676569" lon="10.533539"><ele>6</ele></trkpt>
   <trkpt lat="43.67531" lon="10.54086"><ele>6</ele></trkpt>
   <trkpt lat="43.674648" lon="10.544724"><ele>6</ele></trkpt>
   <trkpt lat="43.674555" lon="10.545269"><ele>6</ele></trkpt>
   <trkpt lat="43.673938" lon="10.548861"><ele>7</ele></trkpt>
   <trkpt lat="43.673362" lon="10.552226"><ele>7</ele></trkpt>
   <trkpt lat="43.672687" lon="10.556176"><ele>7</ele></trkpt>
   <trkpt lat="43.671829" lon="10.561159"><ele>8</ele></trkpt>
   <trkpt lat="43.669674" lon="10.57369"><ele>10</ele></trkpt>
   <trkpt lat="43.669186" lon="10.576578"><ele>10.25</ele></trkpt>
   <trkpt lat="43.66889" lon="10.578554"><ele>11</ele></trkpt>
   <trkpt lat="43.668664" lon="10.580238"><ele>10</ele></trkpt>
   <trkpt lat="43.668565" lon="10.580971"><ele>10.25</ele></trkpt>
   <trkpt lat="43.66855" lon="10.581094"><ele>12.75</ele></trkpt>
   <trkpt lat="43.668528" lon="10.581262"><ele>14.75</ele></trkpt>
   <trkpt lat="43.667759" lon="10.587071"><ele>10</ele></trkpt>
   <trkpt lat="43.664748" lon="10.609806"><ele>13</ele></trkpt>
   <trkpt lat="43.664375" lon="10.61259"><ele>11.75</ele></trkpt>
   <trkpt lat="43.664028" lon="10.615209"><ele>11</ele></trkpt>
   <trkpt lat="43.664003" lon="10.615395"><ele>11.75</ele></trkpt>
   <trkpt lat="43.663429" lon="10.619722"><ele>14</ele></trkpt>
   <trkpt lat="43.663384" lon="10.62033"><ele>14</ele></trkpt>
   <trkpt lat="43.663353" lon="10.620565"><ele>14</ele></trkpt>
   <trkpt lat="43.663208" lon="10.621377"><ele>13</ele></trkpt>
   <trkpt lat="43.663172" lon="10.621635"><ele>13</ele></trkpt>
   <trkpt lat="43.66306" lon="10.622214"><ele>12.75</ele></trkpt>
   <trkpt lat="43.66296" lon="10.622948"><ele>13</ele></trkpt>
   <trkpt lat="43.662728" lon="10.624656"><ele>13</ele></trkpt>
   <trkpt lat="43.662328" lon="10.627305"><ele>13.75</ele></trkpt>
   <trkpt lat="43.662128" lon="10.628809"><ele>14</ele></trkpt>
   <trkpt lat="43.661881" lon="10.630711"><ele>14</ele></trkpt>
   <trkpt lat="43.66179" lon="10.631549"><ele>14</ele></trkpt>
   <trkpt lat="43.661743" lon="10.63221"><ele>14</ele></trkpt>
   <trkpt lat="43.661614" lon="10.633217"><ele>14</ele></trkpt>
   <trkpt lat="43.661558" lon="10.633897"><ele>15</ele></trkpt>
   <trkpt lat="43.661487" lon="10.634412"><ele>15.75</ele></trkpt>
   <trkpt lat="43.661473" lon="10.634514"><ele>15.75</ele></trkpt>
   <trkpt lat="43.661397" lon="10.635367"><ele>15</ele></trkpt>
   <trkpt lat="43.660779" lon="10.640045"><ele>9.75</ele></trkpt>
   <trkpt lat="43.660704" lon="10.640577"><ele>14</ele></trkpt>
   <trkpt lat="43.66013" lon="10.644882"><ele>16</ele></trkpt>
   <trkpt lat="43.659938" lon="10.646339"><ele>18</ele></trkpt>
   <trkpt lat="43.659651" lon="10.64843"><ele>18</ele></trkpt>
   <trkpt lat="43.65945" lon="10.649708"><ele>16</ele></trkpt>
   <trkpt lat="43.659094" lon="10.65158"><ele>16</ele></trkpt>
   <trkpt lat="43.656672" lon="10.664618"><ele>16</ele></trkpt>
   <trkpt lat="43.656208" lon="10.667123"><ele>16.5</ele></trkpt>
   <trkpt lat="43.655478" lon="10.671031"><ele>20</ele></trkpt>
   <trkpt lat="43.655347" lon="10.671772"><ele>19.5</ele></trkpt>
   <trkpt lat="43.655232" lon="10.672569"><ele>20</ele></trkpt>
   <trkpt lat="43.655184" lon="10.672975"><ele>20</ele></trkpt>
   <trkpt lat="43.655152" lon="10.673299"><ele>20</ele></trkpt>
   <trkpt lat="43.655123" lon="10.673672"><ele>20</ele></trkpt>
   <trkpt lat="43.655081" lon="10.674415"><ele>20</ele></trkpt>
   <trkpt lat="43.655073" lon="10.675095"><ele>20</ele></trkpt>
   <trkpt lat="43.65508" lon="10.675612"><ele>20</ele></trkpt>
   <trkpt lat="43.655102" lon="10.676154"><ele>20.25</ele></trkpt>
   <trkpt lat="43.655155" lon="10.676845"><ele>21.5</ele></trkpt>
   <trkpt lat="43.655234" lon="10.677489"><ele>22</ele></trkpt>
   <trkpt lat="43.655369" lon="10.678355"><ele>26.25</ele></trkpt>
   <trkpt lat="43.655466" lon="10.678861"><ele>26.5</ele></trkpt>
   <trkpt lat="43.65567" lon="10.679788"><ele>27.5</ele></trkpt>
   <trkpt lat="43.65581" lon="10.680337"><ele>28</ele></trkpt>
   <trkpt lat="43.655884" lon="10.680588"><ele>28.25</ele></trkpt>
   <trkpt lat="43.655968" lon="10.680819"><ele>28.5</ele></trkpt>
   <trkpt lat="43.656255" lon="10.681541"><ele>29.25</ele></trkpt>
   <trkpt lat="43.656565" lon="10.682264"><ele>30.25</ele></trkpt>
   <trkpt lat="43.65671" lon="10.682579"><ele>30.25</ele></trkpt>
   <trkpt lat="43.656878" lon="10.682923"><ele>27.25</ele></trkpt>
   <trkpt lat="43.657236" lon="10.683588"><ele>25.25</ele></trkpt>
   <trkpt lat="43.657438" lon="10.683927"><ele>26.5</ele></trkpt>
   <trkpt lat="43.657674" lon="10.684296"><ele>26.5</ele></trkpt>
   <trkpt lat="43.657839" lon="10.684546"><ele>26.75</ele></trkpt>
   <trkpt lat="43.658132" lon="10.68495"><ele>26</ele></trkpt>
   <trkpt lat="43.658346" lon="10.685226"><ele>26.5</ele></trkpt>
   <trkpt lat="43.658597" lon="10.685532"><ele>26</ele></trkpt>
   <trkpt lat="43.659107" lon="10.686103"><ele>26.75</ele></trkpt>
   <trkpt lat="43.659544" lon="10.686519"><ele>22.5</ele></trkpt>
   <trkpt lat="43.6597" lon="10.686657"><ele>21</ele></trkpt>
   <trkpt lat="43.660048" lon="10.686957"><ele>20.75</ele></trkpt>
   <trkpt lat="43.661161" lon="10.687827"><ele>20</ele></trkpt>
   <trkpt lat="43.661379" lon="10.688002"><ele>20.75</ele></trkpt>
   <trkpt lat="43.662307" lon="10.688726"><ele>20.25</ele></trkpt>
   <trkpt lat="43.663235" lon="10.689532"><ele>20</ele></trkpt>
   <trkpt lat="43.663557" lon="10.689836"><ele>20</ele></trkpt>
   <trkpt lat="43.664011" lon="10.690305"><ele>20</ele></trkpt>
   <trkpt lat="43.665172" lon="10.691666"><ele>19.75</ele></trkpt>
   <trkpt lat="43.666009" lon="10.692839"><ele>19.25</ele></trkpt>
   <trkpt lat="43.666544" lon="10.693688"><ele>19</ele></trkpt>
   <trkpt lat="43.667344" lon="10.695192"><ele>17</ele></trkpt>
   <trkpt lat="43.668988" lon="10.698486"><ele>16</ele></trkpt>
   <trkpt lat="43.669114" lon="10.69875"><ele>16</ele></trkpt>
   <trkpt lat="43.670201" lon="10.700987"><ele>18</ele></trkpt>
   <trkpt lat="43.671975" lon="10.704515"><ele>18</ele></trkpt>
   <trkpt lat="43.672067" lon="10.704706"><ele>18.25</ele></trkpt>
   <trkpt lat="43.673633" lon="10.707935"><ele>18</ele></trkpt>
   <trkpt lat="43.673711" lon="10.708092"><ele>17.75</ele></trkpt>
   <trkpt lat="43.67503" lon="10.71077"><ele>21</ele></trkpt>
   <trkpt lat="43.675123" lon="10.710955"><ele>21</ele></trkpt>
   <trkpt lat="43.677407" lon="10.71549"><ele>18</ele></trkpt>
   <trkpt lat="43.678703" lon="10.718192"><ele>21</ele></trkpt>
   <trkpt lat="43.680315" lon="10.721406"><ele>19</ele></trkpt>
   <trkpt lat="43.68046" lon="10.721701"><ele>20.5</ele></trkpt>
   <trkpt lat="43.681557" lon="10.723972"><ele>21</ele></trkpt>
   <trkpt lat="43.685334" lon="10.731498"><ele>19.5</ele></trkpt>
   <trkpt lat="43.685365" lon="10.731562"><ele>19.5</ele></trkpt>
   <trkpt lat="43.688872" lon="10.738742"><ele>20.75</ele></trkpt>
   <trkpt lat="43.689175" lon="10.739433"><ele>21</ele></trkpt>
   <trkpt lat="43.689357" lon="10.739898"><ele>20.25</ele></trkpt>
   <trkpt lat="43.689577" lon="10.740462"><ele>20</ele></trkpt>
   <trkpt lat="43.689802" lon="10.741099"><ele>20</ele></trkpt>
   <trkpt lat="43.689973" lon="10.741623"><ele>20</ele></trkpt>
   <trkpt lat="43.690193" lon="10.74235"><ele>20</ele></trkpt>
   <trkpt lat="43.690502" lon="10.743553"><ele>20.25</ele></trkpt>
   <trkpt lat="43.690667" lon="10.744317"><ele>22.25</ele></trkpt>
   <trkpt lat="43.690771" lon="10.744866"><ele>20.25</ele></trkpt>
   <trkpt lat="43.69094" lon="10.745909"><ele>22.25</ele></trkpt>
   <trkpt lat="43.691037" lon="10.746718"><ele>19.5</ele></trkpt>
   <trkpt lat="43.691126" lon="10.747644"><ele>20.75</ele></trkpt>
   <trkpt lat="43.691154" lon="10.74801"><ele>21.5</ele></trkpt>
   <trkpt lat="43.691186" lon="10.748586"><ele>22.75</ele></trkpt>
   <trkpt lat="43.691213" lon="10.74948"><ele>22.5</ele></trkpt>
   <trkpt lat="43.691212" lon="10.750459"><ele>21.75</ele></trkpt>
   <trkpt lat="43.691199" lon="10.750869"><ele>21.75</ele></trkpt>
   <trkpt lat="43.691144" lon="10.751895"><ele>21</ele></trkpt>
   <trkpt lat="43.691081" lon="10.752621"><ele>21</ele></trkpt>
   <trkpt lat="43.691013" lon="10.753247"><ele>20.75</ele></trkpt>
   <trkpt lat="43.690832" lon="10.754555"><ele>20</ele></trkpt>
   <trkpt lat="43.690596" lon="10.756055"><ele>20</ele></trkpt>
   <trkpt lat="43.690547" lon="10.756454"><ele>21</ele></trkpt>
   <trkpt lat="43.690498" lon="10.757013"><ele>21</ele></trkpt>
   <trkpt lat="43.690475" lon="10.757477"><ele>21</ele></trkpt>
   <trkpt lat="43.690468" lon="10.758163"><ele>21.25</ele></trkpt>
   <trkpt lat="43.69048" lon="10.758559"><ele>21.75</ele></trkpt>
   <trkpt lat="43.690509" lon="10.75915"><ele>22.75</ele></trkpt>
   <trkpt lat="43.690584" lon="10.759834"><ele>22.75</ele></trkpt>
   <trkpt lat="43.690636" lon="10.760195"><ele>22.5</ele></trkpt>
   <trkpt lat="43.690707" lon="10.760604"><ele>24.5</ele></trkpt>
   <trkpt lat="43.690766" lon="10.76088"><ele>25.25</ele></trkpt>
   <trkpt lat="43.69091" lon="10.761475"><ele>24.25</ele></trkpt>
   <trkpt lat="43.691049" lon="10.761972"><ele>24.75</ele></trkpt>
   <trkpt lat="43.691226" lon="10.762506"><ele>24.75</ele></trkpt>
   <trkpt lat="43.691436" lon="10.763052"><ele>24.25</ele></trkpt>
   <trkpt lat="43.691521" lon="10.763246"><ele>23.5</ele></trkpt>
   <trkpt lat="43.691764" lon="10.763748"><ele>20.25</ele></trkpt>
   <trkpt lat="43.692053" lon="10.764299"><ele>19</ele></trkpt>
   <trkpt lat="43.692249" lon="10.764737"><ele>19.75</ele></trkpt>
   <trkpt lat="43.692511" lon="10.765243"><ele>18.5</ele></trkpt>
   <trkpt lat="43.692767" lon="10.765771"><ele>17.75</ele></trkpt>
   <trkpt lat="43.69287" lon="10.766003"><ele>18</ele></trkpt>
   <trkpt lat="43.693071" lon="10.766508"><ele>18.25</ele></trkpt>
   <trkpt lat="43.6932" lon="10.766877"><ele>18.5</ele></trkpt>
   <trkpt lat="43.69337" lon="10.767427"><ele>18.5</ele></trkpt>
   <trkpt lat="43.69349" lon="10.767903"><ele>18.75</ele></trkpt>
   <trkpt lat="43.693548" lon="10.768158"><ele>19.5</ele></trkpt>
   <trkpt lat="43.6936" lon="10.768407"><ele>20.25</ele></trkpt>
   <trkpt lat="43.693646" lon="10.768671"><ele>20.75</ele></trkpt>
   <trkpt lat="43.693743" lon="10.769317"><ele>20.25</ele></trkpt>
   <trkpt lat="43.693794" lon="10.769702"><ele>20.25</ele></trkpt>
   <trkpt lat="43.693978" lon="10.771184"><ele>20.5</ele></trkpt>
   <trkpt lat="43.694084" lon="10.771804"><ele>20</ele></trkpt>
   <trkpt lat="43.694478" lon="10.774997"><ele>20.75</ele></trkpt>
   <trkpt lat="43.695693" lon="10.784867"><ele>20</ele></trkpt>
   <trkpt lat="43.695917" lon="10.786665"><ele>20.5</ele></trkpt>
   <trkpt lat="43.695957" lon="10.786984"><ele>20</ele></trkpt>
   <trkpt lat="43.696412" lon="10.790566"><ele>20</ele></trkpt>
   <trkpt lat="43.697065" lon="10.795988"><ele>20</ele></trkpt>
   <trkpt lat="43.697374" lon="10.798569"><ele>20</ele></trkpt>
   <trkpt lat="43.697464" lon="10.799324"><ele>20</ele></trkpt>
   <trkpt lat="43.6976" lon="10.800365"><ele>20</ele></trkpt>
   <trkpt lat="43.698055" lon="10.804112"><ele>21.75</ele></trkpt>
   <trkpt lat="43.69846" lon="10.807329"><ele>21.25</ele></trkpt>
   <trkpt lat="43.699234" lon="10.813688"><ele>20</ele></trkpt>
   <trkpt lat="43.700042" lon="10.820273"><ele>20.75</ele></trkpt>
   <trkpt lat="43.700724" lon="10.825766"><ele>20</ele></trkpt>
   <trkpt lat="43.701362" lon="10.831009"><ele>22.25</ele></trkpt>
   <trkpt lat="43.701395" lon="10.831312"><ele>22</ele></trkpt>
   <trkpt lat="43.701437" lon="10.831642"><ele>21</ele></trkpt>
   <trkpt lat="43.701531" lon="10.832383"><ele>21</ele></trkpt>
   <trkpt lat="43.701808" lon="10.834701"><ele>21</ele></trkpt>
   <trkpt lat="43.70209" lon="10.837019"><ele>21.75</ele></trkpt>
   <trkpt lat="43.702116" lon="10.837218"><ele>21.25</ele></trkpt>
   <trkpt lat="43.703535" lon="10.848821"><ele>23</ele></trkpt>
   <trkpt lat="43.704024" lon="10.852781"><ele>24</ele></trkpt>
   <trkpt lat="43.707766" lon="10.883426"><ele>25.75</ele></trkpt>
   <trkpt lat="43.707852" lon="10.884134"><ele>20.25</ele></trkpt>
   <trkpt lat="43.710491" lon="10.9059"><ele>25.5</ele></trkpt>
   <trkpt lat="43.711964" lon="10.917924"><ele>25</ele></trkpt>
   <trkpt lat="43.714171" lon="10.93607"><ele>26</ele></trkpt>
   <trkpt lat="43.714401" lon="10.937906"><ele>24.5</ele></trkpt>
   <trkpt lat="43.71479" lon="10.941123"><ele>27</ele></trkpt>
   <trkpt lat="43.715399" lon="10.946165"><ele>28</ele></trkpt>
   <trkpt lat="43.715468" lon="10.946715"><ele>28</ele></trkpt>
   <trkpt lat="43.715757" lon="10.949255"><ele>28.5</ele></trkpt>
   <trkpt lat="43.716234" lon="10.953051"><ele>29</ele></trkpt>
   <trkpt lat="43.716476" lon="10.955036"><ele>29</ele></trkpt>
   <trkpt lat="43.716731" lon="10.957085"><ele>29</ele></trkpt>
   <trkpt lat="43.717106" lon="10.960189"><ele>30</ele></trkpt>
   <trkpt lat="43.717142" lon="10.9605"><ele>29</ele></trkpt>
   <trkpt lat="43.717243" lon="10.961349"><ele>25</ele></trkpt>
   <trkpt lat="43.71732" lon="10.961985"><ele>22.75</ele></trkpt>
   <trkpt lat="43.717505" lon="10.963495"><ele>22.5</ele></trkpt>
   <trkpt lat="43.717526" lon="10.963683"><ele>22.75</ele></trkpt>
   <trkpt lat="43.718437" lon="10.971166"><ele>29</ele></trkpt>
   <trkpt lat="43.719282" lon="10.978122"><ele>29</ele></trkpt>
   <trkpt lat="43.721023" lon="10.992504"><ele>29.75</ele></trkpt>
   <trkpt lat="43.721042" lon="10.992672"><ele>29.75</ele></trkpt>
   <trkpt lat="43.721402" lon="10.99569"><ele>29.75</ele></trkpt>
   <trkpt lat="43.721533" lon="10.996723"><ele>30</ele></trkpt>
   <trkpt lat="43.722066" lon="11.001123"><ele>30.5</ele></trkpt>
   <trkpt lat="43.722236" lon="11.002331"><ele>30</ele></trkpt>
   <trkpt lat="43.722279" lon="11.002602"><ele>29.75</ele></trkpt>
   <trkpt lat="43.722408" lon="11.003281"><ele>30</ele></trkpt>
   <trkpt lat="43.722518" lon="11.003813"><ele>30</ele></trkpt>
   <trkpt lat="43.722569" lon="11.004026"><ele>29.75</ele></trkpt>
   <trkpt lat="43.722657" lon="11.00438"><ele>30</ele></trkpt>
   <trkpt lat="43.722854" lon="11.005107"><ele>30.5</ele></trkpt>
   <trkpt lat="43.722958" lon="11.00546"><ele>30</ele></trkpt>
   <trkpt lat="43.723175" lon="11.006138"><ele>31</ele></trkpt>
   <trkpt lat="43.723327" lon="11.006575"><ele>31.25</ele></trkpt>
   <trkpt lat="43.723442" lon="11.006887"><ele>31</ele></trkpt>
   <trkpt lat="43.723631" lon="11.007368"><ele>30.25</ele></trkpt>
   <trkpt lat="43.723839" lon="11.007859"><ele>30</ele></trkpt>
   <trkpt lat="43.723972" lon="11.008154"><ele>29.75</ele></trkpt>
   <trkpt lat="43.724349" lon="11.008945"><ele>30</ele></trkpt>
   <trkpt lat="43.724478" lon="11.009192"><ele>30</ele></trkpt>
   <trkpt lat="43.724876" lon="11.009917"><ele>33.25</ele></trkpt>
   <trkpt lat="43.725125" lon="11.01034"><ele>34.5</ele></trkpt>
   <trkpt lat="43.725279" lon="11.010589"><ele>35</ele></trkpt>
   <trkpt lat="43.725613" lon="11.011104"><ele>37.25</ele></trkpt>
   <trkpt lat="43.725769" lon="11.011329"><ele>38.5</ele></trkpt>
   <trkpt lat="43.726286" lon="11.012034"><ele>39.25</ele></trkpt>
   <trkpt lat="43.726899" lon="11.012773"><ele>39.75</ele></trkpt>
   <trkpt lat="43.727456" lon="11.013386"><ele>40</ele></trkpt>
   <trkpt lat="43.727826" lon="11.013754"><ele>40</ele></trkpt>
   <trkpt lat="43.728203" lon="11.014114"><ele>40</ele></trkpt>
   <trkpt lat="43.728589" lon="11.01447"><ele>40</ele></trkpt>
   <trkpt lat="43.730104" lon="11.015891"><ele>32.5</ele></trkpt>
   <trkpt lat="43.731668" lon="11.017323"><ele>31.25</ele></trkpt>
   <trkpt lat="43.731896" lon="11.017539"><ele>30.5</ele></trkpt>
   <trkpt lat="43.732721" lon="11.018303"><ele>30.75</ele></trkpt>
   <trkpt lat="43.733027" lon="11.018582"><ele>31.25</ele></trkpt>
   <trkpt lat="43.733396" lon="11.018935"><ele>30.5</ele></trkpt>
   <trkpt lat="43.733651" lon="11.019175"><ele>32.75</ele></trkpt>
   <trkpt lat="43.73383" lon="11.019352"><ele>32.25</ele></trkpt>
   <trkpt lat="43.734253" lon="11.019803"><ele>29.75</ele></trkpt>
   <trkpt lat="43.734358" lon="11.019925"><ele>30</ele></trkpt>
   <trkpt lat="43.735044" lon="11.020727"><ele>30.25</ele></trkpt>
   <trkpt lat="43.735549" lon="11.021304"><ele>29.5</ele></trkpt>
   <trkpt lat="43.737409" lon="11.023506"><ele>30.25</ele></trkpt>
   <trkpt lat="43.739627" lon="11.026118"><ele>30</ele></trkpt>
   <trkpt lat="43.740082" lon="11.02667"><ele>30</ele></trkpt>
   <trkpt lat="43.740795" lon="11.027561"><ele>29.25</ele></trkpt>
   <trkpt lat="43.741238" lon="11.028094"><ele>28.75</ele></trkpt>
   <trkpt lat="43.741945" lon="11.02893"><ele>29.25</ele></trkpt>
   <trkpt lat="43.742199" lon="11.02921"><ele>30</ele></trkpt>
   <trkpt lat="43.742398" lon="11.029411"><ele>30</ele></trkpt>
   <trkpt lat="43.742791" lon="11.029779"><ele>29.75</ele></trkpt>
   <trkpt lat="43.744286" lon="11.031024"><ele>29</ele></trkpt>
   <trkpt lat="43.744533" lon="11.031254"><ele>29.75</ele></trkpt>
   <trkpt lat="43.745291" lon="11.032018"><ele>32.25</ele></trkpt>
   <trkpt lat="43.745663" lon="11.032412"><ele>32.75</ele></trkpt>
   <trkpt lat="43.745962" lon="11.032717"><ele>32.5</ele></trkpt>
   <trkpt lat="43.746434" lon="11.033202"><ele>32.25</ele></trkpt>
   <trkpt lat="43.746575" lon="11.033357"><ele>32.25</ele></trkpt>
   <trkpt lat="43.747268" lon="11.034243"><ele>33.25</ele></trkpt>
   <trkpt lat="43.747866" lon="11.035171"><ele>34</ele></trkpt>
   <trkpt lat="43.754419" lon="11.047403"><ele>45</ele></trkpt>
   <trkpt lat="43.754871" lon="11.04833"><ele>45.75</ele></trkpt>
   <trkpt lat="43.755266" lon="11.049258"><ele>46.5</ele></trkpt>
   <trkpt lat="43.755605" lon="11.050248"><ele>47.25</ele></trkpt>
   <trkpt lat="43.755899" lon="11.051415"><ele>48</ele></trkpt>
   <trkpt lat="43.756119" lon="11.052567"><ele>49</ele></trkpt>
   <trkpt lat="43.756247" lon="11.053483"><ele>49.5</ele></trkpt>
   <trkpt lat="43.75631" lon="11.05397"><ele>52</ele></trkpt>
   <trkpt lat="43.756765" lon="11.057419"><ele>70</ele></trkpt>
   <trkpt lat="43.757587" lon="11.06285"><ele>98.5</ele></trkpt>
   <trkpt lat="43.760257" lon="11.080473"><ele>191</ele></trkpt>
   <trkpt lat="43.760273" lon="11.080582"><ele>191</ele></trkpt>
   <trkpt lat="43.760312" lon="11.080836"><ele>191.75</ele></trkpt>
   <trkpt lat="43.760344" lon="11.08105"><ele>192.25</ele></trkpt>
   <trkpt lat="43.760494" lon="11.08204"><ele>185.5</ele></trkpt>
   <trkpt lat="43.760842" lon="11.08434"><ele>170.25</ele></trkpt>
   <trkpt lat="43.764367" lon="11.097656"><ele>77.75</ele></trkpt>
   <trkpt lat="43.764758" lon="11.098706"><ele>70</ele></trkpt>
   <trkpt lat="43.76523" lon="11.099461"><ele>63.75</ele></trkpt>
   <trkpt lat="43.765748" lon="11.100102"><ele>57.5</ele></trkpt>
   <trkpt lat="43.766343" lon="11.100643"><ele>51</ele></trkpt>
   <trkpt lat="43.766767" lon="11.100961"><ele>46.75</ele></trkpt>
   <trkpt lat="43.767265" lon="11.101319"><ele>46.75</ele></trkpt>
   <trkpt lat="43.767324" lon="11.101361"><ele>47.25</ele></trkpt>
   <trkpt lat="43.767735" lon="11.101656"><ele>48.75</ele></trkpt>
   <trkpt lat="43.768096" lon="11.101859"><ele>46</ele></trkpt>
   <trkpt lat="43.768665" lon="11.102156"><ele>41.75</ele></trkpt>
   <trkpt lat="43.769008" lon="11.102308"><ele>40.25</ele></trkpt>
   <trkpt lat="43.769296" lon="11.102422"><ele>40</ele></trkpt>
   <trkpt lat="43.769588" lon="11.102542"><ele>40</ele></trkpt>
   <trkpt lat="43.769716" lon="11.102586"><ele>39.75</ele></trkpt>
   <trkpt lat="43.770616" lon="11.102886"><ele>39.25</ele></trkpt>
   <trkpt lat="43.77106" lon="11.103009"><ele>38.75</ele></trkpt>
   <trkpt lat="43.771468" lon="11.103114"><ele>38.5</ele></trkpt>
   <trkpt lat="43.772807" lon="11.103425"><ele>37.75</ele></trkpt>
   <trkpt lat="43.77377" lon="11.103631"><ele>37</ele></trkpt>
   <trkpt lat="43.773993" lon="11.103696"><ele>36.75</ele></trkpt>
   <trkpt lat="43.774481" lon="11.103878"><ele>36.5</ele></trkpt>
   <trkpt lat="43.775066" lon="11.10413"><ele>36</ele></trkpt>
   <trkpt lat="43.776042" lon="11.104672"><ele>35.25</ele></trkpt>
   <trkpt lat="43.776447" lon="11.104954"><ele>35</ele></trkpt>
   <trkpt lat="43.776993" lon="11.105385"><ele>34.5</ele></trkpt>
   <trkpt lat="43.777726" lon="11.106085"><ele>34</ele></trkpt>
   <trkpt lat="43.777909" lon="11.106276"><ele>33.75</ele></trkpt>
   <trkpt lat="43.778461" lon="11.106912"><ele>33.25</ele></trkpt>
   <trkpt lat="43.778616" lon="11.107105"><ele>33.25</ele></trkpt>
   <trkpt lat="43.779216" lon="11.107957"><ele>32.5</ele></trkpt>
   <trkpt lat="43.779927" lon="11.109159"><ele>32.75</ele></trkpt>
   <trkpt lat="43.780427" lon="11.110194"><ele>30.75</ele></trkpt>
   <trkpt lat="43.780853" lon="11.111262"><ele>31.75</ele></trkpt>
   <trkpt lat="43.781232" lon="11.112419"><ele>33</ele></trkpt>
   <trkpt lat="43.781325" lon="11.112751"><ele>32.5</ele></trkpt>
   <trkpt lat="43.781789" lon="11.11481"><ele>30.75</ele></trkpt>
   <trkpt lat="43.782413" lon="11.118809"><ele>31.25</ele></trkpt>
   <trkpt lat="43.782573" lon="11.120051"><ele>35</ele></trkpt>
   <trkpt lat="43.782637" lon="11.120874"><ele>33.25</ele></trkpt>
   <trkpt lat="43.782643" lon="11.120954"><ele>33</ele></trkpt>
   <trkpt lat="43.782707" lon="11.121781"><ele>34.75</ele></trkpt>
   <trkpt lat="43.782735" lon="11.122375"><ele>34.75</ele></trkpt>
   <trkpt lat="43.78288" lon="11.124322"><ele>34</ele></trkpt>
   <trkpt lat="43.783031" lon="11.125518"><ele>34.25</ele></trkpt>
   <trkpt lat="43.783296" lon="11.127729"><ele>31.5</ele></trkpt>
   <trkpt lat="43.783461" lon="11.128926"><ele>34</ele></trkpt>
   <trkpt lat="43.783651" lon="11.130309"><ele>33.75</ele></trkpt>
   <trkpt lat="43.783976" lon="11.132541"><ele>37</ele></trkpt>
   <trkpt lat="43.784061" lon="11.133278"><ele>35.25</ele></trkpt>
   <trkpt lat="43.785438" lon="11.142156"><ele>37.25</ele></trkpt>
   <trkpt lat="43.787064" lon="11.152594"><ele>37.5</ele></trkpt>
   <trkpt lat="43.787935" lon="11.158155"><ele>37.5</ele></trkpt>
   <trkpt lat="43.788017" lon="11.158677"><ele>39</ele></trkpt>
   <trkpt lat="43.788447" lon="11.161425"><ele>37</ele></trkpt>
   <trkpt lat="43.788942" lon="11.164683"><ele>39</ele></trkpt>
   <trkpt lat="43.789079" lon="11.165734"><ele>39</ele></trkpt>
   <trkpt lat="43.789193" lon="11.166744"><ele>40.5</ele></trkpt>
   <trkpt lat="43.789595" lon="11.171619"><ele>38.75</ele></trkpt>
   <trkpt lat="43.790186" lon="11.178463"><ele>39.25</ele></trkpt>
   <trkpt lat="43.790585" lon="11.183155"><ele>40.25</ele></trkpt>
   <trkpt lat="43.790767" lon="11.185204"><ele>40</ele></trkpt>
   <trkpt lat="43.790832" lon="11.186"><ele>41.75</ele></trkpt>
   <trkpt lat="43.790911" lon="11.186746"><ele>40.25</ele></trkpt>
   <trkpt lat="43.791078" lon="11.188002"><ele>41.5</ele></trkpt>
   <trkpt lat="43.791554" lon="11.191489"><ele>42</ele></trkpt>
   <trkpt lat="43.791635" lon="11.192188"><ele>42</ele></trkpt>
   <trkpt lat="43.791825" lon="11.194479"><ele>42</ele></trkpt>
   <trkpt lat="43.792083" lon="11.197373"><ele>41.5</ele></trkpt>
   <trkpt lat="43.792169" lon="11.198426"><ele>42</ele></trkpt>
   <trkpt lat="43.792404" lon="11.201086"><ele>42</ele></trkpt>
   <trkpt lat="43.792415" lon="11.201215"><ele>42</ele></trkpt>
   <trkpt lat="43.792455" lon="11.201531"><ele>42</ele></trkpt>
   <trkpt lat="43.792531" lon="11.202031"><ele>41.75</ele></trkpt>
   <trkpt lat="43.792572" lon="11.202375"><ele>41.25</ele></trkpt>
   <trkpt lat="43.792659" lon="11.20325"><ele>41</ele></trkpt>
   <trkpt lat="43.7927" lon="11.20352"><ele>41</ele></trkpt>
   <trkpt lat="43.792773" lon="11.203898"><ele>42</ele></trkpt>
   <trkpt lat="43.792836" lon="11.204161"><ele>42</ele></trkpt>
   <trkpt lat="43.792907" lon="11.204427"><ele>41</ele></trkpt>
   <trkpt lat="43.793042" lon="11.204838"><ele>41.75</ele></trkpt>
   <trkpt lat="43.793245" lon="11.205371"><ele>41</ele></trkpt>
   <trkpt lat="43.793359" lon="11.205614"><ele>42.75</ele></trkpt>
   <trkpt lat="43.793468" lon="11.205828"><ele>42</ele></trkpt>
   <trkpt lat="43.793584" lon="11.206035"><ele>40</ele></trkpt>
   <trkpt lat="43.793767" lon="11.206339"><ele>39.5</ele></trkpt>
   <trkpt lat="43.793957" lon="11.206631"><ele>42.25</ele></trkpt>
   <trkpt lat="43.794102" lon="11.206814"><ele>41.5</ele></trkpt>
   <trkpt lat="43.794294" lon="11.20703"><ele>41.5</ele></trkpt>
   <trkpt lat="43.794486" lon="11.207233"><ele>43</ele></trkpt>
   <trkpt lat="43.794805" lon="11.207536"><ele>42</ele></trkpt>
   <trkpt lat="43.794969" lon="11.207687"><ele>42</ele></trkpt>
   <trkpt lat="43.79653" lon="11.209146"><ele>41.75</ele></trkpt>
   <trkpt lat="43.79679" lon="11.209398"><ele>41</ele></trkpt>
   <trkpt lat="43.797837" lon="11.210353"><ele>42</ele></trkpt>
   <trkpt lat="43.798076" lon="11.210576"><ele>38.25</ele></trkpt>
   <trkpt lat="43.798469" lon="11.210957"><ele>41.25</ele></trkpt>
   <trkpt lat="43.798643" lon="11.211121"><ele>41.5</ele></trkpt>
   <trkpt lat="43.799552" lon="11.211988"><ele>43</ele></trkpt>
   <trkpt lat="43.801404" lon="11.213719"><ele>42.25</ele></trkpt>
   <trkpt lat="43.801489" lon="11.213798"><ele>42</ele></trkpt>
   <trkpt lat="43.803483" lon="11.215657"><ele>47</ele></trkpt>
   <trkpt lat="43.803665" lon="11.215846"><ele>47.75</ele></trkpt>
   <trkpt lat="43.803796" lon="11.215981"><ele>47</ele></trkpt>
   <trkpt lat="43.804015" lon="11.216218"><ele>47.5</ele></trkpt>
   <trkpt lat="43.804216" lon="11.216451"><ele>47.75</ele></trkpt>
   <trkpt lat="43.804449" lon="11.216739"><ele>48.25</ele></trkpt>
   <trkpt lat="43.804572" lon="11.216903"><ele>47.75</ele></trkpt>
   <trkpt lat="43.805249" lon="11.217852"><ele>48.5</ele></trkpt>
   <trkpt lat="43.805579" lon="11.218309"><ele>49</ele></trkpt>
   <trkpt lat="43.805856" lon="11.218706"><ele>48.75</ele></trkpt>
   <trkpt lat="43.806093" lon="11.219049"><ele>49.5</ele></trkpt>
   <trkpt lat="43.806441" lon="11.219616"><ele>48.75</ele></trkpt>
   <trkpt lat="43.807868" lon="11.221651"><ele>51.5</ele></trkpt>
   <trkpt lat="43.808194" lon="11.222131"><ele>51.25</ele></trkpt>
   <trkpt lat="43.808352" lon="11.222384"><ele>52.25</ele></trkpt>
   <trkpt lat="43.808592" lon="11.222819"><ele>51.25</ele></trkpt>
   <trkpt lat="43.808705" lon="11.223057"><ele>50.25</ele></trkpt>
   <trkpt lat="43.808896" lon="11.223524"><ele>54</ele></trkpt>
   <trkpt lat="43.808984" lon="11.223784"><ele>53</ele></trkpt>
   <trkpt lat="43.809112" lon="11.224239"><ele>53</ele></trkpt>
   <trkpt lat="43.809167" lon="11.224461"><ele>54</ele></trkpt>
   <trkpt lat="43.809236" lon="11.224821"><ele>53.25</ele></trkpt>
   <trkpt lat="43.809274" lon="11.225048"><ele>52.5</ele></trkpt>
   <trkpt lat="43.80931" lon="11.225369"><ele>52.5</ele></trkpt>
   <trkpt lat="43.809343" lon="11.225885"><ele>52.75</ele></trkpt>
   <trkpt lat="43.809352" lon="11.226137"><ele>53.25</ele></trkpt>
   <trkpt lat="43.809349" lon="11.226536"><ele>53.25</ele></trkpt>
   <trkpt lat="43.809335" lon="11.226845"><ele>53</ele></trkpt>
   <trkpt lat="43.809311" lon="11.227171"><ele>53.25</ele></trkpt>
   <trkpt lat="43.809268" lon="11.227541"><ele>53</ele></trkpt>
   <trkpt lat="43.809222" lon="11.227842"><ele>53.25</ele></trkpt>
   <trkpt lat="43.809185" lon="11.228043"><ele>53.75</ele></trkpt>
   <trkpt lat="43.809127" lon="11.228309"><ele>54.5</ele></trkpt>
   <trkpt lat="43.809015" lon="11.228742"><ele>54.25</ele></trkpt>
   <trkpt lat="43.808951" lon="11.228954"><ele>54.75</ele></trkpt>
   <trkpt lat="43.808886" lon="11.229144"><ele>54.75</ele></trkpt>
   <trkpt lat="43.808743" lon="11.229524"><ele>55</ele></trkpt>
   <trkpt lat="43.808522" lon="11.229977"><ele>55.5</ele></trkpt>
   <trkpt lat="43.808283" lon="11.230372"><ele>55.75</ele></trkpt>
   <trkpt lat="43.808104" lon="11.230611"><ele>55.75</ele></trkpt>
   <trkpt lat="43.807962" lon="11.230785"><ele>55.75</ele></trkpt>
   <trkpt lat="43.80783" lon="11.230926"><ele>56</ele></trkpt>
   <trkpt lat="43.807595" lon="11.231144"><ele>56</ele></trkpt>
   <trkpt lat="43.807333" lon="11.23135"><ele>55.75</ele></trkpt>
   <trkpt lat="43.807068" lon="11.231529"><ele>56</ele></trkpt>
   <trkpt lat="43.806537" lon="11.231867"><ele>56</ele></trkpt>
   <trkpt lat="43.806237" lon="11.232114"><ele>56</ele></trkpt>
   <trkpt lat="43.805956" lon="11.232355"><ele>55.5</ele></trkpt>
   <trkpt lat="43.805568" lon="11.232684"><ele>56</ele></trkpt>
   <trkpt lat="43.805289" lon="11.232862"><ele>56</ele></trkpt>
   <trkpt lat="43.804607" lon="11.233293"><ele>56</ele></trkpt>
   <trkpt lat="43.803634" lon="11.233855"><ele>55</ele></trkpt>
   <trkpt lat="43.802273" lon="11.234689"><ele>55</ele></trkpt>
   <trkpt lat="43.801777" lon="11.235012"><ele>55.5</ele></trkpt>
   <trkpt lat="43.80008" lon="11.236163"><ele>55</ele></trkpt>
   <trkpt lat="43.799867" lon="11.236314"><ele>55</ele></trkpt>
   <trkpt lat="43.799602" lon="11.236521"><ele>55</ele></trkpt>
   <trkpt lat="43.798921" lon="11.237072"><ele>54.75</ele></trkpt>
   <trkpt lat="43.798476" lon="11.237433"><ele>55</ele></trkpt>
   <trkpt lat="43.797896" lon="11.237825"><ele>55</ele></trkpt>
   <trkpt lat="43.797441" lon="11.23819"><ele>55</ele></trkpt>
   <trkpt lat="43.797088" lon="11.238451"><ele>55</ele></trkpt>
   <trkpt lat="43.796845" lon="11.23862"><ele>54.75</ele></trkpt>
   <trkpt lat="43.796582" lon="11.23879"><ele>54.75</ele></trkpt>
   <trkpt lat="43.796314" lon="11.238942"><ele>54.75</ele></trkpt>
   <trkpt lat="43.796018" lon="11.239085"><ele>53</ele></trkpt>
   <trkpt lat="43.795573" lon="11.239274"><ele>53.5</ele></trkpt>
   <trkpt lat="43.795212" lon="11.239431"><ele>53.75</ele></trkpt>
   <trkpt lat="43.79479" lon="11.239662"><ele>53.5</ele></trkpt>
   <trkpt lat="43.794083" lon="11.239953"><ele>52.75</ele></trkpt>
   <trkpt lat="43.793597" lon="11.240188"><ele>52.75</ele></trkpt>
   <trkpt lat="43.7926" lon="11.240678"><ele>51.75</ele></trkpt>
   <trkpt lat="43.790077" lon="11.241826"><ele>51.5</ele></trkpt>
   <trkpt lat="43.789636" lon="11.242043"><ele>49.75</ele></trkpt>
   <trkpt lat="43.789105" lon="11.242288"><ele>51.5</ele></trkpt>
   <trkpt lat="43.788548" lon="11.242528"><ele>51</ele></trkpt>
   <trkpt lat="43.785373" lon="11.243869"><ele>51</ele></trkpt>
   <trkpt lat="43.784704" lon="11.244139"><ele>50.75</ele></trkpt>
   <trkpt lat="43.784082" lon="11.244378"><ele>50.5</ele></trkpt>
   <trkpt lat="43.783451" lon="11.244596"><ele>50</ele></trkpt>
   <trkpt lat="43.783044" lon="11.244825"><ele>43.5</ele></trkpt>
   <trkpt lat="43.782347" lon="11.245087"><ele>49.75</ele></trkpt>
   <trkpt lat="43.781844" lon="11.245293"><ele>49</ele></trkpt>
   <trkpt lat="43.781588" lon="11.245401"><ele>49</ele></trkpt>
   <trkpt lat="43.7813" lon="11.245522"><ele>48.75</ele></trkpt>
   <trkpt lat="43.781112" lon="11.245604"><ele>49</ele></trkpt>
   <trkpt lat="43.78066" lon="11.245812"><ele>49</ele></trkpt>
   <trkpt lat="43.780554" lon="11.24586"><ele>49</ele></trkpt>
   <trkpt lat="43.780091" lon="11.246087"><ele>48.25</ele></trkpt>
   <trkpt lat="43.779642" lon="11.246317"><ele>48.5</ele></trkpt>
   <trkpt lat="43.777392" lon="11.247415"><ele>48</ele></trkpt>
   <trkpt lat="43.779642" lon="11.246317"><ele>48.5</ele></trkpt>
   <trkpt lat="43.780091" lon="11.246087"><ele>48.25</ele></trkpt>
   <trkpt lat="43.780554" lon="11.24586"><ele>49</ele></trkpt>
   <trkpt lat="43.78066" lon="11.245812"><ele>49</ele></trkpt>
   <trkpt lat="43.781112" lon="11.245604"><ele>49</ele></trkpt>
   <trkpt lat="43.7813" lon="11.245522"><ele>48.75</ele></trkpt>
   <trkpt lat="43.781588" lon="11.245401"><ele>49</ele></trkpt>
   <trkpt lat="43.781844" lon="11.245293"><ele>49</ele></trkpt>
   <trkpt lat="43.782347" lon="11.245087"><ele>49.75</ele></trkpt>
   <trkpt lat="43.783044" lon="11.244825"><ele>43.5</ele></trkpt>
   <trkpt lat="43.783451" lon="11.244596"><ele>50</ele></trkpt>
   <trkpt lat="43.784082" lon="11.244378"><ele>50.5</ele></trkpt>
   <trkpt lat="43.784704" lon="11.244139"><ele>50.75</ele></trkpt>
   <trkpt lat="43.785373" lon="11.243869"><ele>51</ele></trkpt>
   <trkpt lat="43.788548" lon="11.242528"><ele>51</ele></trkpt>
   <trkpt lat="43.789105" lon="11.242288"><ele>51.5</ele></trkpt>
   <trkpt lat="43.789636" lon="11.242043"><ele>49.75</ele></trkpt>
   <trkpt lat="43.790077" lon="11.241826"><ele>51.5</ele></trkpt>
   <trkpt lat="43.7926" lon="11.240678"><ele>51.75</ele></trkpt>
   <trkpt lat="43.793597" lon="11.240188"><ele>52.75</ele></trkpt>
   <trkpt lat="43.794083" lon="11.239953"><ele>52.75</ele></trkpt>
   <trkpt lat="43.79479" lon="11.239662"><ele>53.5</ele></trkpt>
   <trkpt lat="43.795212" lon="11.239431"><ele>53.75</ele></trkpt>
   <trkpt lat="43.795573" lon="11.239274"><ele>53.5</ele></trkpt>
   <trkpt lat="43.796018" lon="11.239085"><ele>53</ele></trkpt>
   <trkpt lat="43.796314" lon="11.238942"><ele>54.75</ele></trkpt>
   <trkpt lat="43.796582" lon="11.23879"><ele>54.75</ele></trkpt>
   <trkpt lat="43.796845" lon="11.23862"><ele>54.75</ele></trkpt>
   <trkpt lat="43.797088" lon="11.238451"><ele>55</ele></trkpt>
   <trkpt lat="43.797441" lon="11.23819"><ele>55</ele></trkpt>
   <trkpt lat="43.797896" lon="11.237825"><ele>55</ele></trkpt>
   <trkpt lat="43.798476" lon="11.237433"><ele>55</ele></trkpt>
   <trkpt lat="43.798921" lon="11.237072"><ele>54.75</ele></trkpt>
   <trkpt lat="43.799552" lon="11.236646"><ele>55</ele></trkpt>
   <trkpt lat="43.800107" lon="11.236271"><ele>55</ele></trkpt>
   <trkpt lat="43.801972" lon="11.235005"><ele>54.75</ele></trkpt>
   <trkpt lat="43.802304" lon="11.234789"><ele>55.25</ele></trkpt>
   <trkpt lat="43.803661" lon="11.233951"><ele>55.25</ele></trkpt>
   <trkpt lat="43.805307" lon="11.232905"><ele>56</ele></trkpt>
   <trkpt lat="43.805568" lon="11.232684"><ele>56</ele></trkpt>
   <trkpt lat="43.805851" lon="11.232507"><ele>55.75</ele></trkpt>
   <trkpt lat="43.80622" lon="11.232269"><ele>56</ele></trkpt>
   <trkpt lat="43.806557" lon="11.232055"><ele>56</ele></trkpt>
   <trkpt lat="43.808547" lon="11.230781"><ele>55.75</ele></trkpt>
   <trkpt lat="43.808608" lon="11.230739"><ele>55.75</ele></trkpt>
   <trkpt lat="43.809162" lon="11.230386"><ele>56.75</ele></trkpt>
   <trkpt lat="43.809652" lon="11.230051"><ele>55.75</ele></trkpt>
   <trkpt lat="43.81014" lon="11.229695"><ele>55</ele></trkpt>
   <trkpt lat="43.81062" lon="11.229326"><ele>55</ele></trkpt>
   <trkpt lat="43.811095" lon="11.228937"><ele>55</ele></trkpt>
   <trkpt lat="43.811719" lon="11.228387"><ele>54.75</ele></trkpt>
   <trkpt lat="43.812166" lon="11.227937"><ele>54</ele></trkpt>
   <trkpt lat="43.812506" lon="11.227553"><ele>54</ele></trkpt>
   <trkpt lat="43.812865" lon="11.227116"><ele>52.25</ele></trkpt>
   <trkpt lat="43.813058" lon="11.22687"><ele>52.25</ele></trkpt>
   <trkpt lat="43.81398" lon="11.225665"><ele>53.5</ele></trkpt>
   <trkpt lat="43.814315" lon="11.225301"><ele>53.5</ele></trkpt>
   <trkpt lat="43.814972" lon="11.224444"><ele>53.75</ele></trkpt>
   <trkpt lat="43.815243" lon="11.224095"><ele>53.5</ele></trkpt>
   <trkpt lat="43.815475" lon="11.22379"><ele>53.25</ele></trkpt>
   <trkpt lat="43.815904" lon="11.223227"><ele>53.5</ele></trkpt>
   <trkpt lat="43.816123" lon="11.222942"><ele>53.5</ele></trkpt>
   <trkpt lat="43.816439" lon="11.222534"><ele>54</ele></trkpt>
   <trkpt lat="43.816619" lon="11.222326"><ele>53.75</ele></trkpt>
   <trkpt lat="43.817007" lon="11.221903"><ele>54</ele></trkpt>
   <trkpt lat="43.817165" lon="11.221695"><ele>54</ele></trkpt>
   <trkpt lat="43.81723" lon="11.221611"><ele>54</ele></trkpt>
   <trkpt lat="43.817677" lon="11.221098"><ele>54</ele></trkpt>
   <trkpt lat="43.817972" lon="11.220714"><ele>54</ele></trkpt>
   <trkpt lat="43.818404" lon="11.220246"><ele>54</ele></trkpt>
   <trkpt lat="43.818712" lon="11.219891"><ele>54.25</ele></trkpt>
   <trkpt lat="43.818734" lon="11.219862"><ele>54.25</ele></trkpt>
   <trkpt lat="43.819042" lon="11.219448"><ele>54</ele></trkpt>
   <trkpt lat="43.819578" lon="11.218715"><ele>54</ele></trkpt>
   <trkpt lat="43.819732" lon="11.218505"><ele>53.75</ele></trkpt>
   <trkpt lat="43.820081" lon="11.217994"><ele>54</ele></trkpt>
   <trkpt lat="43.820902" lon="11.216649"><ele>52.75</ele></trkpt>
   <trkpt lat="43.821488" lon="11.215581"><ele>51</ele></trkpt>
   <trkpt lat="43.821869" lon="11.21483"><ele>51</ele></trkpt>
   <trkpt lat="43.822805" lon="11.212983"><ele>52.25</ele></trkpt>
   <trkpt lat="43.823342" lon="11.212075"><ele>53</ele></trkpt>
   <trkpt lat="43.823766" lon="11.211557"><ele>53.5</ele></trkpt>
   <trkpt lat="43.824074" lon="11.211262"><ele>54</ele></trkpt>
   <trkpt lat="43.824481" lon="11.210964"><ele>54.25</ele></trkpt>
   <trkpt lat="43.825026" lon="11.210663"><ele>54.75</ele></trkpt>
   <trkpt lat="43.825445" lon="11.210525"><ele>55.25</ele></trkpt>
   <trkpt lat="43.82583" lon="11.210457"><ele>55.5</ele></trkpt>
   <trkpt lat="43.826538" lon="11.21046"><ele>56.25</ele></trkpt>
   <trkpt lat="43.826947" lon="11.210546"><ele>56.5</ele></trkpt>
   <trkpt lat="43.827344" lon="11.210653"><ele>57</ele></trkpt>
   <trkpt lat="43.82763" lon="11.210759"><ele>57.25</ele></trkpt>
   <trkpt lat="43.827997" lon="11.210986"><ele>57.5</ele></trkpt>
   <trkpt lat="43.828321" lon="11.211259"><ele>58</ele></trkpt>
   <trkpt lat="43.828935" lon="11.211903"><ele>58.75</ele></trkpt>
   <trkpt lat="43.829699" lon="11.212864"><ele>59.5</ele></trkpt>
   <trkpt lat="43.829964" lon="11.213224"><ele>60</ele></trkpt>
   <trkpt lat="43.831356" lon="11.215123"><ele>61.75</ele></trkpt>
   <trkpt lat="43.832972" lon="11.217326"><ele>63.75</ele></trkpt>
   <trkpt lat="43.83902" lon="11.225404"><ele>71.25</ele></trkpt>
   <trkpt lat="43.841415" lon="11.228638"><ele>74.25</ele></trkpt>
   <trkpt lat="43.842751" lon="11.230452"><ele>76</ele></trkpt>
   <trkpt lat="43.844039" lon="11.232188"><ele>77.5</ele></trkpt>
   <trkpt lat="43.845512" lon="11.234126"><ele>79.25</ele></trkpt>
   <trkpt lat="43.846949" lon="11.235997"><ele>81</ele></trkpt>
   <trkpt lat="43.84844" lon="11.237711"><ele>82.75</ele></trkpt>
   <trkpt lat="43.849415" lon="11.238831"><ele>84</ele></trkpt>
   <trkpt lat="43.849981" lon="11.239418"><ele>84.5</ele></trkpt>
   <trkpt lat="43.851551" lon="11.241052"><ele>86.25</ele></trkpt>
   <trkpt lat="43.852307" lon="11.241756"><ele>87.25</ele></trkpt>
   <trkpt lat="43.853249" lon="11.242554"><ele>88.25</ele></trkpt>
   <trkpt lat="43.854219" lon="11.243379"><ele>89.25</ele></trkpt>
   <trkpt lat="43.855001" lon="11.243932"><ele>90</ele></trkpt>
   <trkpt lat="43.856834" lon="11.24517"><ele>91.75</ele></trkpt>
   <trkpt lat="43.858658" lon="11.246251"><ele>93.5</ele></trkpt>
   <trkpt lat="43.860514" lon="11.247247"><ele>95.25</ele></trkpt>
   <trkpt lat="43.861375" lon="11.247704"><ele>96.25</ele></trkpt>
   <trkpt lat="43.862377" lon="11.248138"><ele>97.25</ele></trkpt>
   <trkpt lat="43.864283" lon="11.248948"><ele>99</ele></trkpt>
   <trkpt lat="43.86614" lon="11.249749"><ele>100.75</ele></trkpt>
   <trkpt lat="43.868" lon="11.250546"><ele>102.5</ele></trkpt>
   <trkpt lat="43.869867" lon="11.251342"><ele>104.25</ele></trkpt>
   <trkpt lat="43.871739" lon="11.252153"><ele>106</ele></trkpt>
   <trkpt lat="43.873618" lon="11.252952"><ele>107.75</ele></trkpt>
   <trkpt lat="43.875498" lon="11.253755"><ele>109.5</ele></trkpt>
   <trkpt lat="43.877372" lon="11.254566"><ele>111.25</ele></trkpt>
   <trkpt lat="43.878799" lon="11.255164"><ele>112.5</ele></trkpt>
   <trkpt lat="43.879237" lon="11.255343"><ele>113</ele></trkpt>
   <trkpt lat="43.881094" lon="11.2561"><ele>114.75</ele></trkpt>
   <trkpt lat="43.883041" lon="11.256894"><ele>116.5</ele></trkpt>
   <trkpt lat="43.884882" lon="11.257644"><ele>118.25</ele></trkpt>
   <trkpt lat="43.886742" lon="11.258403"><ele>120</ele></trkpt>
   <trkpt lat="43.888624" lon="11.25917"><ele>121.75</ele></trkpt>
   <trkpt lat="43.890492" lon="11.259919"><ele>123.5</ele></trkpt>
   <trkpt lat="43.892379" lon="11.260676"><ele>125.25</ele></trkpt>
   <trkpt lat="43.898015" lon="11.262936"><ele>130.5</ele></trkpt>
   <trkpt lat="43.90148" lon="11.264666"><ele>133.75</ele></trkpt>
   <trkpt lat="43.904907" lon="11.266759"><ele>137</ele></trkpt>
   <trkpt lat="43.907777" lon="11.268861"><ele>140</ele></trkpt>
   <trkpt lat="43.911343" lon="11.271745"><ele>143.75</ele></trkpt>
   <trkpt lat="43.919594" lon="11.278985"><ele>152.5</ele></trkpt>
   <trkpt lat="43.927582" lon="11.286538"><ele>161.25</ele></trkpt>
   <trkpt lat="43.92828" lon="11.287238"><ele>162</ele></trkpt>
   <trkpt lat="43.929707" lon="11.288668"><ele>163.5</ele></trkpt>
   <trkpt lat="43.932217" lon="11.291345"><ele>166.25</ele></trkpt>
   <trkpt lat="43.934302" lon="11.293919"><ele>168.75</ele></trkpt>
   <trkpt lat="43.936471" lon="11.296903"><ele>171.5</ele></trkpt>
   <trkpt lat="43.938293" lon="11.29966"><ele>174</ele></trkpt>
   <trkpt lat="43.940729" lon="11.303752"><ele>177.5</ele></trkpt>
   <trkpt lat="43.943138" lon="11.308151"><ele>181</ele></trkpt>
   <trkpt lat="43.94678" lon="11.315509"><ele>186.75</ele></trkpt>
   <trkpt lat="43.949107" lon="11.320062"><ele>190.5</ele></trkpt>
   <trkpt lat="43.951435" lon="11.324296"><ele>193.75</ele></trkpt>
   <trkpt lat="43.953439" lon="11.327753"><ele>196.75</ele></trkpt>
   <trkpt lat="43.955039" lon="11.330285"><ele>198.75</ele></trkpt>
   <trkpt lat="43.955376" lon="11.330778"><ele>199</ele></trkpt>
   <trkpt lat="43.958545" lon="11.335594"><ele>202.25</ele></trkpt>
   <trkpt lat="43.959571" lon="11.337174"><ele>203.5</ele></trkpt>
   <trkpt lat="43.962805" lon="11.342"><ele>206.75</ele></trkpt>
   <trkpt lat="43.963064" lon="11.342409"><ele>207</ele></trkpt>
   <trkpt lat="43.964351" lon="11.344364"><ele>208.5</ele></trkpt>
   <trkpt lat="43.966017" lon="11.346657"><ele>221.25</ele></trkpt>
   <trkpt lat="43.967095" lon="11.348049"><ele>221.75</ele></trkpt>
   <trkpt lat="43.968659" lon="11.349988"><ele>229.5</ele></trkpt>
   <trkpt lat="43.969794" lon="11.351269"><ele>227.5</ele></trkpt>
   <trkpt lat="43.970929" lon="11.352477"><ele>229.25</ele></trkpt>
   <trkpt lat="43.975811" lon="11.357023"><ele>230.5</ele></trkpt>
   <trkpt lat="43.980664" lon="11.361316"><ele>235.5</ele></trkpt>
   <trkpt lat="43.982997" lon="11.363381"><ele>237.5</ele></trkpt>
   <trkpt lat="43.988133" lon="11.367914"><ele>242</ele></trkpt>
   <trkpt lat="43.990092" lon="11.369644"><ele>245.75</ele></trkpt>
   <trkpt lat="43.996661" lon="11.375197"><ele>251.25</ele></trkpt>
   <trkpt lat="44.000967" lon="11.378906"><ele>255</ele></trkpt>
   <trkpt lat="44.004532" lon="11.382041"><ele>258.25</ele></trkpt>
   <trkpt lat="44.025854" lon="11.401037"><ele>277</ele></trkpt>
   <trkpt lat="44.028174" lon="11.403082"><ele>279</ele></trkpt>
   <trkpt lat="44.029357" lon="11.404098"><ele>280</ele></trkpt>
   <trkpt lat="44.030823" lon="11.40536"><ele>281.25</ele></trkpt>
   <trkpt lat="44.03389" lon="11.40776"><ele>283.75</ele></trkpt>
   <trkpt lat="44.035951" lon="11.409118"><ele>285.5</ele></trkpt>
   <trkpt lat="44.038227" lon="11.410441"><ele>287.25</ele></trkpt>
   <trkpt lat="44.04074" lon="11.411722"><ele>289.25</ele></trkpt>
   <trkpt lat="44.043199" lon="11.412845"><ele>291.25</ele></trkpt>
   <trkpt lat="44.04589" lon="11.413963"><ele>293.25</ele></trkpt>
   <trkpt lat="44.049398" lon="11.415169"><ele>296</ele></trkpt>
   <trkpt lat="44.059235" lon="11.418235"><ele>303.5</ele></trkpt>
   <trkpt lat="44.090223" lon="11.4279"><ele>327</ele></trkpt>
   <trkpt lat="44.09498" lon="11.429113"><ele>330.5</ele></trkpt>
   <trkpt lat="44.10315" lon="11.430763"><ele>336.5</ele></trkpt>
   <trkpt lat="44.111042" lon="11.432357"><ele>342.5</ele></trkpt>
   <trkpt lat="44.111675" lon="11.432432"><ele>343</ele></trkpt>
   <trkpt lat="44.117213" lon="11.433562"><ele>347</ele></trkpt>
   <trkpt lat="44.118719" lon="11.43386"><ele>343.25</ele></trkpt>
   <trkpt lat="44.118846" lon="11.433887"><ele>342.75</ele></trkpt>
   <trkpt lat="44.119294" lon="11.434044"><ele>341.75</ele></trkpt>
   <trkpt lat="44.119319" lon="11.434049"><ele>341.75</ele></trkpt>
   <trkpt lat="44.119386" lon="11.434063"><ele>341.75</ele></trkpt>
   <trkpt lat="44.119448" lon="11.434077"><ele>342.75</ele></trkpt>
   <trkpt lat="44.119577" lon="11.434104"><ele>343.25</ele></trkpt>
   <trkpt lat="44.120391" lon="11.434251"><ele>346.5</ele></trkpt>
   <trkpt lat="44.122218" lon="11.434532"><ele>354.25</ele></trkpt>
   <trkpt lat="44.124196" lon="11.43487"><ele>362.5</ele></trkpt>
   <trkpt lat="44.124634" lon="11.434926"><ele>364.25</ele></trkpt>
   <trkpt lat="44.124726" lon="11.434938"><ele>364.75</ele></trkpt>
   <trkpt lat="44.126938" lon="11.435211"><ele>374</ele></trkpt>
   <trkpt lat="44.127903" lon="11.435293"><ele>378</ele></trkpt>
   <trkpt lat="44.129164" lon="11.435401"><ele>383.25</ele></trkpt>
   <trkpt lat="44.131241" lon="11.435505"><ele>392</ele></trkpt>
   <trkpt lat="44.133041" lon="11.435529"><ele>399.25</ele></trkpt>
   <trkpt lat="44.135403" lon="11.435395"><ele>409.25</ele></trkpt>
   <trkpt lat="44.137529" lon="11.435167"><ele>418</ele></trkpt>
   <trkpt lat="44.13972" lon="11.434762"><ele>427.25</ele></trkpt>
   <trkpt lat="44.141741" lon="11.434291"><ele>436</ele></trkpt>
   <trkpt lat="44.143466" lon="11.433761"><ele>443.25</ele></trkpt>
   <trkpt lat="44.145068" lon="11.433192"><ele>423.25</ele></trkpt>
   <trkpt lat="44.145837" lon="11.432874"><ele>413.75</ele></trkpt>
   <trkpt lat="44.14637" lon="11.432653"><ele>407</ele></trkpt>
   <trkpt lat="44.148916" lon="11.43144"><ele>375</ele></trkpt>
   <trkpt lat="44.151015" lon="11.430298"><ele>348</ele></trkpt>
   <trkpt lat="44.151958" lon="11.429796"><ele>348.5</ele></trkpt>
   <trkpt lat="44.152621" lon="11.429414"><ele>348.75</ele></trkpt>
   <trkpt lat="44.154039" lon="11.428596"><ele>349.5</ele></trkpt>
   <trkpt lat="44.156605" lon="11.42697"><ele>351</ele></trkpt>
   <trkpt lat="44.182013" lon="11.407625"><ele>365.25</ele></trkpt>
   <trkpt lat="44.183958" lon="11.405912"><ele>366.5</ele></trkpt>
   <trkpt lat="44.186127" lon="11.403842"><ele>367.75</ele></trkpt>
   <trkpt lat="44.18785" lon="11.402036"><ele>369</ele></trkpt>
   <trkpt lat="44.189496" lon="11.400154"><ele>370</ele></trkpt>
   <trkpt lat="44.191644" lon="11.397612"><ele>371.25</ele></trkpt>
   <trkpt lat="44.210954" lon="11.374156"><ele>384.25</ele></trkpt>
   <trkpt lat="44.213409" lon="11.371247"><ele>385.75</ele></trkpt>
   <trkpt lat="44.215417" lon="11.369243"><ele>387</ele></trkpt>
   <trkpt lat="44.217608" lon="11.367268"><ele>388.25</ele></trkpt>
   <trkpt lat="44.219513" lon="11.365834"><ele>389.5</ele></trkpt>
   <trkpt lat="44.221099" lon="11.364802"><ele>390.25</ele></trkpt>
   <trkpt lat="44.222153" lon="11.364206"><ele>390.75</ele></trkpt>
   <trkpt lat="44.22273" lon="11.36388"><ele>391.25</ele></trkpt>
   <trkpt lat="44.224358" lon="11.36301"><ele>392</ele></trkpt>
   <trkpt lat="44.225233" lon="11.362573"><ele>392.5</ele></trkpt>
   <trkpt lat="44.226116" lon="11.362132"><ele>393</ele></trkpt>
   <trkpt lat="44.227711" lon="11.36142"><ele>393.75</ele></trkpt>
   <trkpt lat="44.229397" lon="11.360719"><ele>394.75</ele></trkpt>
   <trkpt lat="44.230313" lon="11.360364"><ele>395</ele></trkpt>
   <trkpt lat="44.230641" lon="11.360239"><ele>395.25</ele></trkpt>
   <trkpt lat="44.231953" lon="11.359817"><ele>394.75</ele></trkpt>
   <trkpt lat="44.232526" lon="11.359657"><ele>397.75</ele></trkpt>
   <trkpt lat="44.262178" lon="11.352613"><ele>553.75</ele></trkpt>
   <trkpt lat="44.266506" lon="11.35161"><ele>576.5</ele></trkpt>
   <trkpt lat="44.267568" lon="11.351396"><ele>582</ele></trkpt>
   <trkpt lat="44.269479" lon="11.351041"><ele>592</ele></trkpt>
   <trkpt lat="44.273206" lon="11.350451"><ele>611.5</ele></trkpt>
   <trkpt lat="44.273469" lon="11.350425"><ele>609.25</ele></trkpt>
   <trkpt lat="44.275204" lon="11.350253"><ele>595.5</ele></trkpt>
   <trkpt lat="44.276803" lon="11.350151"><ele>582.75</ele></trkpt>
   <trkpt lat="44.278181" lon="11.350122"><ele>571.75</ele></trkpt>
   <trkpt lat="44.279452" lon="11.350185"><ele>561.75</ele></trkpt>
   <trkpt lat="44.280755" lon="11.350295"><ele>551.5</ele></trkpt>
   <trkpt lat="44.282093" lon="11.350465"><ele>540.75</ele></trkpt>
   <trkpt lat="44.314544" lon="11.355744"><ele>281.5</ele></trkpt>
   <trkpt lat="44.315468" lon="11.35591"><ele>280</ele></trkpt>
   <trkpt lat="44.3165" lon="11.356088"><ele>278.5</ele></trkpt>
   <trkpt lat="44.319674" lon="11.356556"><ele>273.75</ele></trkpt>
   <trkpt lat="44.321164" lon="11.356724"><ele>271.5</ele></trkpt>
   <trkpt lat="44.323023" lon="11.35682"><ele>268.75</ele></trkpt>
   <trkpt lat="44.324776" lon="11.356811"><ele>266</ele></trkpt>
   <trkpt lat="44.326312" lon="11.356737"><ele>263.75</ele></trkpt>
   <trkpt lat="44.327717" lon="11.356623"><ele>261.75</ele></trkpt>
   <trkpt lat="44.329082" lon="11.356482"><ele>259.75</ele></trkpt>
   <trkpt lat="44.331771" lon="11.356089"><ele>255.75</ele></trkpt>
   <trkpt lat="44.33594" lon="11.35529"><ele>249.25</ele></trkpt>
   <trkpt lat="44.349762" lon="11.352735"><ele>228.5</ele></trkpt>
   <trkpt lat="44.352933" lon="11.35212"><ele>228.75</ele></trkpt>
   <trkpt lat="44.35391" lon="11.35193"><ele>235.75</ele></trkpt>
   <trkpt lat="44.355457" lon="11.351623"><ele>215.75</ele></trkpt>
   <trkpt lat="44.356288" lon="11.351488"><ele>214.5</ele></trkpt>
   <trkpt lat="44.366976" lon="11.349884"><ele>199.5</ele></trkpt>
   <trkpt lat="44.370419" lon="11.349518"><ele>194.5</ele></trkpt>
   <trkpt lat="44.372389" lon="11.349412"><ele>191.75</ele></trkpt>
   <trkpt lat="44.374556" lon="11.349405"><ele>188.75</ele></trkpt>
   <trkpt lat="44.377892" lon="11.349487"><ele>184.25</ele></trkpt>
   <trkpt lat="44.380748" lon="11.349714"><ele>180.25</ele></trkpt>
   <trkpt lat="44.385142" lon="11.350375"><ele>174</ele></trkpt>
   <trkpt lat="44.387839" lon="11.350898"><ele>170.25</ele></trkpt>
   <trkpt lat="44.392246" lon="11.351839"><ele>164</ele></trkpt>
   <trkpt lat="44.394243" lon="11.352329"><ele>161.25</ele></trkpt>
   <trkpt lat="44.396224" lon="11.3529"><ele>158.25</ele></trkpt>
   <trkpt lat="44.398907" lon="11.353787"><ele>154.5</ele></trkpt>
   <trkpt lat="44.40113" lon="11.354593"><ele>151.25</ele></trkpt>
   <trkpt lat="44.403292" lon="11.355471"><ele>148</ele></trkpt>
   <trkpt lat="44.407073" lon="11.357239"><ele>142.5</ele></trkpt>
   <trkpt lat="44.408766" lon="11.358014"><ele>140</ele></trkpt>
   <trkpt lat="44.410443" lon="11.358763"><ele>137.5</ele></trkpt>
   <trkpt lat="44.411651" lon="11.35922"><ele>135.75</ele></trkpt>
   <trkpt lat="44.412598" lon="11.359539"><ele>134.5</ele></trkpt>
   <trkpt lat="44.41383" lon="11.359922"><ele>132.75</ele></trkpt>
   <trkpt lat="44.415239" lon="11.360302"><ele>130.75</ele></trkpt>
   <trkpt lat="44.416718" lon="11.36059"><ele>128.75</ele></trkpt>
   <trkpt lat="44.418376" lon="11.360812"><ele>126.25</ele></trkpt>
   <trkpt lat="44.419616" lon="11.36093"><ele>124.5</ele></trkpt>
   <trkpt lat="44.420806" lon="11.360975"><ele>123</ele></trkpt>
   <trkpt lat="44.42195" lon="11.36098"><ele>121.25</ele></trkpt>
   <trkpt lat="44.424268" lon="11.36091"><ele>118</ele></trkpt>
   <trkpt lat="44.425792" lon="11.360937"><ele>116</ele></trkpt>
   <trkpt lat="44.427414" lon="11.361017"><ele>113.75</ele></trkpt>
   <trkpt lat="44.427997" lon="11.361081"><ele>113</ele></trkpt>
   <trkpt lat="44.428573" lon="11.361144"><ele>112</ele></trkpt>
   <trkpt lat="44.429825" lon="11.361342"><ele>110.25</ele></trkpt>
   <trkpt lat="44.431067" lon="11.361586"><ele>108.5</ele></trkpt>
   <trkpt lat="44.432024" lon="11.361841"><ele>107.25</ele></trkpt>
   <trkpt lat="44.432837" lon="11.362098"><ele>106</ele></trkpt>
   <trkpt lat="44.434306" lon="11.362702"><ele>104</ele></trkpt>
   <trkpt lat="44.438389" lon="11.364495"><ele>98</ele></trkpt>
   <trkpt lat="44.441037" lon="11.365657"><ele>94</ele></trkpt>
   <trkpt lat="44.441886" lon="11.366063"><ele>92.75</ele></trkpt>
   <trkpt lat="44.442884" lon="11.366601"><ele>91.25</ele></trkpt>
   <trkpt lat="44.444018" lon="11.367302"><ele>89.5</ele></trkpt>
   <trkpt lat="44.444953" lon="11.367936"><ele>88</ele></trkpt>
   <trkpt lat="44.446322" lon="11.368994"><ele>86</ele></trkpt>
   <trkpt lat="44.446958" lon="11.369442"><ele>85</ele></trkpt>
   <trkpt lat="44.448144" lon="11.370164"><ele>83</ele></trkpt>
   <trkpt lat="44.4493" lon="11.370778"><ele>81.5</ele></trkpt>
   <trkpt lat="44.449875" lon="11.371063"><ele>80.5</ele></trkpt>
   <trkpt lat="44.450839" lon="11.371464"><ele>79.25</ele></trkpt>
   <trkpt lat="44.451191" lon="11.371592"><ele>78.75</ele></trkpt>
   <trkpt lat="44.45216" lon="11.371927"><ele>78.75</ele></trkpt>
   <trkpt lat="44.452886" lon="11.372175"><ele>78.5</ele></trkpt>
   <trkpt lat="44.453728" lon="11.372487"><ele>78.75</ele></trkpt>
   <trkpt lat="44.455059" lon="11.372927"><ele>79.25</ele></trkpt>
   <trkpt lat="44.455796" lon="11.373141"><ele>79.5</ele></trkpt>
   <trkpt lat="44.45678" lon="11.373403"><ele>80</ele></trkpt>
   <trkpt lat="44.457319" lon="11.37353"><ele>80.25</ele></trkpt>
   <trkpt lat="44.457874" lon="11.373644"><ele>80.5</ele></trkpt>
   <trkpt lat="44.458583" lon="11.373772"><ele>80.75</ele></trkpt>
   <trkpt lat="44.459251" lon="11.373869"><ele>81</ele></trkpt>
   <trkpt lat="44.460161" lon="11.373952"><ele>81.25</ele></trkpt>
   <trkpt lat="44.4605" lon="11.373975"><ele>81.5</ele></trkpt>
   <trkpt lat="44.461134" lon="11.37402"><ele>81.75</ele></trkpt>
   <trkpt lat="44.461828" lon="11.374052"><ele>82</ele></trkpt>
   <trkpt lat="44.463564" lon="11.374025"><ele>82.75</ele></trkpt>
   <trkpt lat="44.464409" lon="11.374068"><ele>83</ele></trkpt>
   <trkpt lat="44.465119" lon="11.374146"><ele>83.25</ele></trkpt>
   <trkpt lat="44.465683" lon="11.374247"><ele>83.5</ele></trkpt>
   <trkpt lat="44.466256" lon="11.374371"><ele>83.75</ele></trkpt>
   <trkpt lat="44.466973" lon="11.374572"><ele>84</ele></trkpt>
   <trkpt lat="44.467727" lon="11.374851"><ele>84.25</ele></trkpt>
   <trkpt lat="44.467829" lon="11.374891"><ele>84.5</ele></trkpt>
   <trkpt lat="44.467859" lon="11.374903"><ele>84.5</ele></trkpt>
   <trkpt lat="44.467937" lon="11.374932"><ele>85</ele></trkpt>
   <trkpt lat="44.468292" lon="11.375067"><ele>84.75</ele></trkpt>
   <trkpt lat="44.468798" lon="11.375254"><ele>85.5</ele></trkpt>
   <trkpt lat="44.469264" lon="11.375414"><ele>85.5</ele></trkpt>
   <trkpt lat="44.469364" lon="11.37545"><ele>85.25</ele></trkpt>
   <trkpt lat="44.469741" lon="11.375572"><ele>82.75</ele></trkpt>
   <trkpt lat="44.470688" lon="11.375846"><ele>83.25</ele></trkpt>
   <trkpt lat="44.470947" lon="11.37591"><ele>83.25</ele></trkpt>
   <trkpt lat="44.471121" lon="11.375955"><ele>82.25</ele></trkpt>
   <trkpt lat="44.471993" lon="11.376139"><ele>74.75</ele></trkpt>
   <trkpt lat="44.472553" lon="11.376238"><ele>75.75</ele></trkpt>
   <trkpt lat="44.473115" lon="11.376321"><ele>78</ele></trkpt>
   <trkpt lat="44.473887" lon="11.376406"><ele>71</ele></trkpt>
   <trkpt lat="44.474612" lon="11.376457"><ele>69</ele></trkpt>
   <trkpt lat="44.475048" lon="11.376477"><ele>67.75</ele></trkpt>
   <trkpt lat="44.475479" lon="11.376483"><ele>67.5</ele></trkpt>
   <trkpt lat="44.475605" lon="11.376484"><ele>68.5</ele></trkpt>
   <trkpt lat="44.476" lon="11.376479"><ele>74.25</ele></trkpt>
   <trkpt lat="44.476333" lon="11.37647"><ele>75.25</ele></trkpt>
   <trkpt lat="44.476594" lon="11.376465"><ele>71.75</ele></trkpt>
   <trkpt lat="44.476876" lon="11.376461"><ele>68.25</ele></trkpt>
   <trkpt lat="44.477724" lon="11.376422"><ele>68.25</ele></trkpt>
   <trkpt lat="44.480859" lon="11.376305"><ele>69</ele></trkpt>
   <trkpt lat="44.482463" lon="11.376243"><ele>66.75</ele></trkpt>
   <trkpt lat="44.482919" lon="11.376226"><ele>66.25</ele></trkpt>
   <trkpt lat="44.483633" lon="11.376195"><ele>65.5</ele></trkpt>
   <trkpt lat="44.486628" lon="11.376066"><ele>65.5</ele></trkpt>
   <trkpt lat="44.486767" lon="11.376062"><ele>64.75</ele></trkpt>
   <trkpt lat="44.488834" lon="11.375988"><ele>56</ele></trkpt>
   <trkpt lat="44.489509" lon="11.376033"><ele>62.75</ele></trkpt>
   <trkpt lat="44.489743" lon="11.376023"><ele>63.5</ele></trkpt>
   <trkpt lat="44.490187" lon="11.376053"><ele>62</ele></trkpt>
   <trkpt lat="44.490484" lon="11.376058"><ele>61.75</ele></trkpt>
   <trkpt lat="44.490854" lon="11.376039"><ele>61.75</ele></trkpt>
   <trkpt lat="44.49116" lon="11.376002"><ele>61.75</ele></trkpt>
   <trkpt lat="44.491522" lon="11.375941"><ele>60.75</ele></trkpt>
   <trkpt lat="44.491877" lon="11.375857"><ele>59.25</ele></trkpt>
   <trkpt lat="44.492137" lon="11.375779"><ele>58.75</ele></trkpt>
   <trkpt lat="44.492556" lon="11.375633"><ele>60.25</ele></trkpt>
   <trkpt lat="44.493199" lon="11.375392"><ele>62</ele></trkpt>
   <trkpt lat="44.493426" lon="11.375306"><ele>61.5</ele></trkpt>
   <trkpt lat="44.494101" lon="11.375044"><ele>60.5</ele></trkpt>
   <trkpt lat="44.494312" lon="11.37497"><ele>60</ele></trkpt>
   <trkpt lat="44.494456" lon="11.374919"><ele>60</ele></trkpt>
   <trkpt lat="44.494676" lon="11.374853"><ele>60</ele></trkpt>
   <trkpt lat="44.495016" lon="11.374775"><ele>60</ele></trkpt>
   <trkpt lat="44.495232" lon="11.374743"><ele>60.75</ele></trkpt>
   <trkpt lat="44.495508" lon="11.374722"><ele>61</ele></trkpt>
   <trkpt lat="44.49584" lon="11.37472"><ele>60.75</ele></trkpt>
   <trkpt lat="44.496076" lon="11.374732"><ele>60</ele></trkpt>
   <trkpt lat="44.496648" lon="11.374799"><ele>59</ele></trkpt>
   <trkpt lat="44.498888" lon="11.375092"><ele>56.5</ele></trkpt>
   <trkpt lat="44.498902" lon="11.375094"><ele>56.5</ele></trkpt>
   <trkpt lat="44.498908" lon="11.375095"><ele>56.25</ele></trkpt>
   <trkpt lat="44.499071" lon="11.375113"><ele>54.75</ele></trkpt>
   <trkpt lat="44.499359" lon="11.37515"><ele>51.75</ele></trkpt>
   <trkpt lat="44.499649" lon="11.375194"><ele>50.25</ele></trkpt>
   <trkpt lat="44.502561" lon="11.37556"><ele>48</ele></trkpt>
   <trkpt lat="44.502814" lon="11.375592"><ele>48</ele></trkpt>
   <trkpt lat="44.503161" lon="11.375633"><ele>47.5</ele></trkpt>
   <trkpt lat="44.503566" lon="11.375656"><ele>47.25</ele></trkpt>
   <trkpt lat="44.504023" lon="11.375661"><ele>47.25</ele></trkpt>
   <trkpt lat="44.504485" lon="11.375644"><ele>47</ele></trkpt>
   <trkpt lat="44.504847" lon="11.375602"><ele>47</ele></trkpt>
   <trkpt lat="44.505467" lon="11.375464"><ele>47</ele></trkpt>
   <trkpt lat="44.505893" lon="11.375352"><ele>47</ele></trkpt>
   <trkpt lat="44.506374" lon="11.375188"><ele>46.5</ele></trkpt>
   <trkpt lat="44.506567" lon="11.375109"><ele>46.25</ele></trkpt>
   <trkpt lat="44.506865" lon="11.374972"><ele>46</ele></trkpt>
   <trkpt lat="44.507164" lon="11.37482"><ele>46</ele></trkpt>
   <trkpt lat="44.507416" lon="11.374676"><ele>46</ele></trkpt>
   <trkpt lat="44.507698" lon="11.3745"><ele>46</ele></trkpt>
   <trkpt lat="44.507951" lon="11.374326"><ele>45</ele></trkpt>
   <trkpt lat="44.508214" lon="11.374132"><ele>45</ele></trkpt>
   <trkpt lat="44.508461" lon="11.373936"><ele>45</ele></trkpt>
   <trkpt lat="44.508924" lon="11.373521"><ele>44.25</ele></trkpt>
   <trkpt lat="44.509339" lon="11.373102"><ele>44</ele></trkpt>
   <trkpt lat="44.509536" lon="11.372882"><ele>44</ele></trkpt>
   <trkpt lat="44.50983" lon="11.372533"><ele>42.5</ele></trkpt>
   <trkpt lat="44.510763" lon="11.371351"><ele>40</ele></trkpt>
   <trkpt lat="44.510968" lon="11.371063"><ele>40.5</ele></trkpt>
   <trkpt lat="44.511215" lon="11.370741"><ele>41</ele></trkpt>
   <trkpt lat="44.511265" lon="11.370679"><ele>41</ele></trkpt>
   <trkpt lat="44.512174" lon="11.369499"><ele>40.75</ele></trkpt>
   <trkpt lat="44.514712" lon="11.366205"><ele>40</ele></trkpt>
   <trkpt lat="44.514775" lon="11.366125"><ele>40</ele></trkpt>
   <trkpt lat="44.515199" lon="11.365552"><ele>41.5</ele></trkpt>
   <trkpt lat="44.515856" lon="11.364621"><ele>42.5</ele></trkpt>
   <trkpt lat="44.516429" lon="11.363748"><ele>42</ele></trkpt>
   <trkpt lat="44.517061" lon="11.362721"><ele>41.25</ele></trkpt>
   <trkpt lat="44.517469" lon="11.362015"><ele>43</ele></trkpt>
   <trkpt lat="44.517971" lon="11.361098"><ele>39</ele></trkpt>
   <trkpt lat="44.518073" lon="11.360908"><ele>41</ele></trkpt>
   <trkpt lat="44.518187" lon="11.360695"><ele>40.25</ele></trkpt>
   <trkpt lat="44.518285" lon="11.360514"><ele>40.75</ele></trkpt>
   <trkpt lat="44.518798" lon="11.359455"><ele>41.5</ele></trkpt>
   <trkpt lat="44.51903" lon="11.358956"><ele>40</ele></trkpt>
   <trkpt lat="44.519269" lon="11.358426"><ele>39.75</ele></trkpt>
   <trkpt lat="44.519481" lon="11.357935"><ele>41.5</ele></trkpt>
   <trkpt lat="44.519748" lon="11.357288"><ele>39</ele></trkpt>
   <trkpt lat="44.519828" lon="11.357084"><ele>38.25</ele></trkpt>
   <trkpt lat="44.520189" lon="11.35616"><ele>40.5</ele></trkpt>
   <trkpt lat="44.520508" lon="11.355286"><ele>41.75</ele></trkpt>
   <trkpt lat="44.520855" lon="11.354258"><ele>41.25</ele></trkpt>
   <trkpt lat="44.521602" lon="11.351964"><ele>38</ele></trkpt>
   <trkpt lat="44.521653" lon="11.351806"><ele>38</ele></trkpt>
   <trkpt lat="44.521698" lon="11.351664"><ele>38</ele></trkpt>
   <trkpt lat="44.521884" lon="11.351089"><ele>37</ele></trkpt>
   <trkpt lat="44.522714" lon="11.348528"><ele>38</ele></trkpt>
   <trkpt lat="44.522811" lon="11.348232"><ele>38.25</ele></trkpt>
   <trkpt lat="44.523855" lon="11.344998"><ele>38</ele></trkpt>
   <trkpt lat="44.523899" lon="11.344865"><ele>38</ele></trkpt>
   <trkpt lat="44.524364" lon="11.343428"><ele>37</ele></trkpt>
   <trkpt lat="44.525013" lon="11.34143"><ele>36</ele></trkpt>
   <trkpt lat="44.525038" lon="11.341356"><ele>35.75</ele></trkpt>
   <trkpt lat="44.525867" lon="11.338782"><ele>33</ele></trkpt>
   <trkpt lat="44.526034" lon="11.338384"><ele>33.5</ele></trkpt>
   <trkpt lat="44.526052" lon="11.338328"><ele>33.75</ele></trkpt>
   <trkpt lat="44.526401" lon="11.337256"><ele>32</ele></trkpt>
   <trkpt lat="44.526731" lon="11.33624"><ele>32.75</ele></trkpt>
   <trkpt lat="44.526978" lon="11.335472"><ele>35</ele></trkpt>
   <trkpt lat="44.527437" lon="11.334068"><ele>35</ele></trkpt>
   <trkpt lat="44.527595" lon="11.333641"><ele>35.75</ele></trkpt>
   <trkpt lat="44.527808" lon="11.333127"><ele>36</ele></trkpt>
   <trkpt lat="44.527943" lon="11.332817"><ele>37.25</ele></trkpt>
   <trkpt lat="44.528408" lon="11.331753"><ele>44.25</ele></trkpt>
   <trkpt lat="44.528533" lon="11.331494"><ele>44.25</ele></trkpt>
   <trkpt lat="44.528592" lon="11.331379"><ele>44</ele></trkpt>
   <trkpt lat="44.528775" lon="11.331045"><ele>44</ele></trkpt>
   <trkpt lat="44.528948" lon="11.330756"><ele>43</ele></trkpt>
   <trkpt lat="44.529118" lon="11.330509"><ele>41.5</ele></trkpt>
   <trkpt lat="44.529314" lon="11.330248"><ele>40.5</ele></trkpt>
   <trkpt lat="44.529494" lon="11.330026"><ele>41</ele></trkpt>
   <trkpt lat="44.529695" lon="11.329801"><ele>40.25</ele></trkpt>
   <trkpt lat="44.529841" lon="11.329651"><ele>39.5</ele></trkpt>
   <trkpt lat="44.529924" lon="11.329568"><ele>39</ele></trkpt>
   <trkpt lat="44.530074" lon="11.329415"><ele>38.25</ele></trkpt>
   <trkpt lat="44.530342" lon="11.329167"><ele>36.75</ele></trkpt>
   <trkpt lat="44.530487" lon="11.329032"><ele>36</ele></trkpt>
   <trkpt lat="44.530679" lon="11.328872"><ele>36</ele></trkpt>
   <trkpt lat="44.530859" lon="11.328736"><ele>35.75</ele></trkpt>
   <trkpt lat="44.531215" lon="11.328473"><ele>36.25</ele></trkpt>
   <trkpt lat="44.531383" lon="11.328356"><ele>36.75</ele></trkpt>
   <trkpt lat="44.531622" lon="11.328206"><ele>37</ele></trkpt>
   <trkpt lat="44.531893" lon="11.32806"><ele>38.5</ele></trkpt>
   <trkpt lat="44.532093" lon="11.327968"><ele>39.5</ele></trkpt>
   <trkpt lat="44.53257" lon="11.327756"><ele>40.5</ele></trkpt>
   <trkpt lat="44.532721" lon="11.327686"><ele>40</ele></trkpt>
   <trkpt lat="44.532896" lon="11.327617"><ele>39</ele></trkpt>
   <trkpt lat="44.533078" lon="11.327552"><ele>37.75</ele></trkpt>
   <trkpt lat="44.533289" lon="11.327493"><ele>37</ele></trkpt>
   <trkpt lat="44.533636" lon="11.32742"><ele>35.75</ele></trkpt>
   <trkpt lat="44.533824" lon="11.327393"><ele>35</ele></trkpt>
   <trkpt lat="44.53402" lon="11.327373"><ele>34.5</ele></trkpt>
   <trkpt lat="44.534208" lon="11.327364"><ele>34</ele></trkpt>
   <trkpt lat="44.534512" lon="11.327363"><ele>34</ele></trkpt>
   <trkpt lat="44.534755" lon="11.327377"><ele>34</ele></trkpt>
   <trkpt lat="44.535037" lon="11.327409"><ele>34</ele></trkpt>
   <trkpt lat="44.535275" lon="11.327446"><ele>34</ele></trkpt>
   <trkpt lat="44.535524" lon="11.327503"><ele>34.75</ele></trkpt>
   <trkpt lat="44.535908" lon="11.327612"><ele>37.25</ele></trkpt>
   <trkpt lat="44.536228" lon="11.327729"><ele>39</ele></trkpt>
   <trkpt lat="44.536312" lon="11.327764"><ele>39.5</ele></trkpt>
   <trkpt lat="44.536587" lon="11.327883"><ele>38.75</ele></trkpt>
   <trkpt lat="44.536983" lon="11.328094"><ele>36.5</ele></trkpt>
   <trkpt lat="44.53725" lon="11.328258"><ele>34.75</ele></trkpt>
   <trkpt lat="44.537522" lon="11.328445"><ele>33.5</ele></trkpt>
   <trkpt lat="44.537573" lon="11.328483"><ele>33.25</ele></trkpt>
   <trkpt lat="44.538004" lon="11.32884"><ele>33</ele></trkpt>
   <trkpt lat="44.538234" lon="11.329056"><ele>34.5</ele></trkpt>
   <trkpt lat="44.538419" lon="11.329245"><ele>36.5</ele></trkpt>
   <trkpt lat="44.538829" lon="11.329712"><ele>37.75</ele></trkpt>
   <trkpt lat="44.539158" lon="11.330141"><ele>37.5</ele></trkpt>
   <trkpt lat="44.539354" lon="11.330438"><ele>36.75</ele></trkpt>
   <trkpt lat="44.539609" lon="11.330843"><ele>37</ele></trkpt>
   <trkpt lat="44.539687" lon="11.330978"><ele>37</ele></trkpt>
   <trkpt lat="44.539724" lon="11.331044"><ele>36.75</ele></trkpt>
   <trkpt lat="44.540022" lon="11.331637"><ele>33</ele></trkpt>
   <trkpt lat="44.540154" lon="11.331934"><ele>32.5</ele></trkpt>
   <trkpt lat="44.540277" lon="11.332238"><ele>32</ele></trkpt>
   <trkpt lat="44.540418" lon="11.332616"><ele>33</ele></trkpt>
   <trkpt lat="44.54055" lon="11.333021"><ele>33</ele></trkpt>
   <trkpt lat="44.540822" lon="11.333947"><ele>33</ele></trkpt>
   <trkpt lat="44.540982" lon="11.334501"><ele>33</ele></trkpt>
   <trkpt lat="44.541039" lon="11.334698"><ele>33</ele></trkpt>
   <trkpt lat="44.541202" lon="11.335259"><ele>33</ele></trkpt>
   <trkpt lat="44.541395" lon="11.335784"><ele>33</ele></trkpt>
   <trkpt lat="44.544144" lon="11.345343"><ele>28</ele></trkpt>
   <trkpt lat="44.544241" lon="11.345684"><ele>29</ele></trkpt>
   <trkpt lat="44.544343" lon="11.34605"><ele>29.75</ele></trkpt>
   <trkpt lat="44.544556" lon="11.346756"><ele>31.5</ele></trkpt>
   <trkpt lat="44.544773" lon="11.34736"><ele>32</ele></trkpt>
   <trkpt lat="44.545033" lon="11.347949"><ele>32</ele></trkpt>
   <trkpt lat="44.545319" lon="11.348507"><ele>32</ele></trkpt>
   <trkpt lat="44.54563" lon="11.349033"><ele>32.25</ele></trkpt>
   <trkpt lat="44.545969" lon="11.349519"><ele>33</ele></trkpt>
   <trkpt lat="44.546242" lon="11.349884"><ele>33</ele></trkpt>
   <trkpt lat="44.546765" lon="11.350443"><ele>33</ele></trkpt>
   <trkpt lat="44.54721" lon="11.350854"><ele>32</ele></trkpt>
   <trkpt lat="44.547776" lon="11.351281"><ele>32</ele></trkpt>
   <trkpt lat="44.548683" lon="11.35194"><ele>32</ele></trkpt>
   <trkpt lat="44.549333" lon="11.352394"><ele>32.25</ele></trkpt>
   <trkpt lat="44.551016" lon="11.353321"><ele>32</ele></trkpt>
   <trkpt lat="44.552159" lon="11.353936"><ele>30</ele></trkpt>
   <trkpt lat="44.553213" lon="11.3545"><ele>31.25</ele></trkpt>
   <trkpt lat="44.555915" lon="11.355985"><ele>30</ele></trkpt>
   <trkpt lat="44.558328" lon="11.357292"><ele>30</ele></trkpt>
   <trkpt lat="44.562706" lon="11.359633"><ele>29</ele></trkpt>
   <trkpt lat="44.568166" lon="11.362564"><ele>29</ele></trkpt>
   <trkpt lat="44.571283" lon="11.364212"><ele>29.5</ele></trkpt>
   <trkpt lat="44.571294" lon="11.364218"><ele>29.5</ele></trkpt>
   <trkpt lat="44.573181" lon="11.365226"><ele>29</ele></trkpt>
   <trkpt lat="44.573536" lon="11.365417"><ele>29</ele></trkpt>
   <trkpt lat="44.573551" lon="11.365424"><ele>29</ele></trkpt>
   <trkpt lat="44.575051" lon="11.366222"><ele>29</ele></trkpt>
   <trkpt lat="44.575083" lon="11.366239"><ele>29</ele></trkpt>
   <trkpt lat="44.57509" lon="11.366243"><ele>28.75</ele></trkpt>
   <trkpt lat="44.575647" lon="11.366536"><ele>29</ele></trkpt>
   <trkpt lat="44.575901" lon="11.366673"><ele>29</ele></trkpt>
   <trkpt lat="44.576145" lon="11.366794"><ele>29</ele></trkpt>
   <trkpt lat="44.576662" lon="11.367013"><ele>29</ele></trkpt>
   <trkpt lat="44.577089" lon="11.367214"><ele>29</ele></trkpt>
   <trkpt lat="44.577768" lon="11.367562"><ele>29</ele></trkpt>
   <trkpt lat="44.577898" lon="11.367629"><ele>29</ele></trkpt>
   <trkpt lat="44.578803" lon="11.368047"><ele>29</ele></trkpt>
   <trkpt lat="44.579536" lon="11.368349"><ele>29</ele></trkpt>
   <trkpt lat="44.580203" lon="11.368574"><ele>29</ele></trkpt>
   <trkpt lat="44.581069" lon="11.368801"><ele>28.25</ele></trkpt>
   <trkpt lat="44.583256" lon="11.369142"><ele>28</ele></trkpt>
   <trkpt lat="44.583765" lon="11.369222"><ele>28</ele></trkpt>
   <trkpt lat="44.584481" lon="11.369402"><ele>28</ele></trkpt>
   <trkpt lat="44.585061" lon="11.369486"><ele>27.5</ele></trkpt>
   <trkpt lat="44.585726" lon="11.369653"><ele>27</ele></trkpt>
   <trkpt lat="44.586161" lon="11.369714"><ele>27</ele></trkpt>
   <trkpt lat="44.588649" lon="11.370115"><ele>28</ele></trkpt>
   <trkpt lat="44.589081" lon="11.37018"><ele>28</ele></trkpt>
   <trkpt lat="44.589557" lon="11.370239"><ele>28</ele></trkpt>
   <trkpt lat="44.592372" lon="11.370688"><ele>27</ele></trkpt>
   <trkpt lat="44.593681" lon="11.37088"><ele>27</ele></trkpt>
   <trkpt lat="44.595096" lon="11.371105"><ele>27</ele></trkpt>
   <trkpt lat="44.596538" lon="11.371335"><ele>27</ele></trkpt>
   <trkpt lat="44.598622" lon="11.371632"><ele>27</ele></trkpt>
   <trkpt lat="44.602256" lon="11.372206"><ele>27</ele></trkpt>
   <trkpt lat="44.617275" lon="11.374515"><ele>25</ele></trkpt>
   <trkpt lat="44.625859" lon="11.375847"><ele>22</ele></trkpt>
   <trkpt lat="44.640802" lon="11.378145"><ele>19</ele></trkpt>
   <trkpt lat="44.646538" lon="11.379027"><ele>20</ele></trkpt>
   <trkpt lat="44.653319" lon="11.380075"><ele>20</ele></trkpt>
   <trkpt lat="44.657177" lon="11.380677"><ele>20.75</ele></trkpt>
   <trkpt lat="44.657411" lon="11.380712"><ele>21</ele></trkpt>
   <trkpt lat="44.660643" lon="11.381208"><ele>20</ele></trkpt>
   <trkpt lat="44.661534" lon="11.381381"><ele>20</ele></trkpt>
   <trkpt lat="44.662545" lon="11.381692"><ele>19.75</ele></trkpt>
   <trkpt lat="44.663518" lon="11.382106"><ele>20</ele></trkpt>
   <trkpt lat="44.664687" lon="11.382767"><ele>20</ele></trkpt>
   <trkpt lat="44.673387" lon="11.388521"><ele>18.25</ele></trkpt>
   <trkpt lat="44.687425" lon="11.397845"><ele>16.75</ele></trkpt>
   <trkpt lat="44.687516" lon="11.397906"><ele>16.75</ele></trkpt>
   <trkpt lat="44.68764" lon="11.397989"><ele>16.5</ele></trkpt>
   <trkpt lat="44.689082" lon="11.398947"><ele>16.75</ele></trkpt>
   <trkpt lat="44.689848" lon="11.399433"><ele>16.25</ele></trkpt>
   <trkpt lat="44.69037" lon="11.399782"><ele>16.25</ele></trkpt>
   <trkpt lat="44.690976" lon="11.400242"><ele>16</ele></trkpt>
   <trkpt lat="44.692221" lon="11.401061"><ele>16</ele></trkpt>
   <trkpt lat="44.697801" lon="11.404759"><ele>16</ele></trkpt>
   <trkpt lat="44.699962" lon="11.40619"><ele>16</ele></trkpt>
   <trkpt lat="44.700613" lon="11.406623"><ele>16</ele></trkpt>
   <trkpt lat="44.708787" lon="11.412055"><ele>16</ele></trkpt>
   <trkpt lat="44.710011" lon="11.412975"><ele>17</ele></trkpt>
   <trkpt lat="44.711383" lon="11.41417"><ele>17</ele></trkpt>
   <trkpt lat="44.712846" lon="11.415631"><ele>17</ele></trkpt>
   <trkpt lat="44.714702" lon="11.417589"><ele>17</ele></trkpt>
   <trkpt lat="44.717926" lon="11.42096"><ele>16.25</ele></trkpt>
   <trkpt lat="44.724236" lon="11.427527"><ele>16</ele></trkpt>
   <trkpt lat="44.733191" lon="11.436875"><ele>13.75</ele></trkpt>
   <trkpt lat="44.737718" lon="11.441598"><ele>14</ele></trkpt>
   <trkpt lat="44.739941" lon="11.443947"><ele>14</ele></trkpt>
   <trkpt lat="44.742172" lon="11.446272"><ele>13.75</ele></trkpt>
   <trkpt lat="44.742786" lon="11.446969"><ele>14</ele></trkpt>
   <trkpt lat="44.743099" lon="11.447356"><ele>13.25</ele></trkpt>
   <trkpt lat="44.743495" lon="11.447932"><ele>13</ele></trkpt>
   <trkpt lat="44.74684" lon="11.452938"><ele>14</ele></trkpt>
   <trkpt lat="44.750583" lon="11.458451"><ele>14.5</ele></trkpt>
   <trkpt lat="44.75077" lon="11.45872"><ele>13.5</ele></trkpt>
   <trkpt lat="44.752362" lon="11.461035"><ele>16</ele></trkpt>
   <trkpt lat="44.753953" lon="11.463413"><ele>21</ele></trkpt>
   <trkpt lat="44.754821" lon="11.464722"><ele>20</ele></trkpt>
   <trkpt lat="44.757013" lon="11.468031"><ele>15.5</ele></trkpt>
   <trkpt lat="44.758952" lon="11.471044"><ele>13</ele></trkpt>
   <trkpt lat="44.760882" lon="11.47407"><ele>10.75</ele></trkpt>
   <trkpt lat="44.762246" lon="11.476119"><ele>10</ele></trkpt>
   <trkpt lat="44.764853" lon="11.480014"><ele>10</ele></trkpt>
   <trkpt lat="44.766337" lon="11.482263"><ele>10</ele></trkpt>
   <trkpt lat="44.767047" lon="11.483366"><ele>10</ele></trkpt>
   <trkpt lat="44.767494" lon="11.484165"><ele>10</ele></trkpt>
   <trkpt lat="44.767864" lon="11.48489"><ele>10</ele></trkpt>
   <trkpt lat="44.768911" lon="11.487115"><ele>10</ele></trkpt>
   <trkpt lat="44.769152" lon="11.487628"><ele>10</ele></trkpt>
   <trkpt lat="44.770322" lon="11.490113"><ele>9</ele></trkpt>
   <trkpt lat="44.771767" lon="11.493153"><ele>8</ele></trkpt>
   <trkpt lat="44.772935" lon="11.495624"><ele>8</ele></trkpt>
   <trkpt lat="44.776924" lon="11.504054"><ele>8</ele></trkpt>
   <trkpt lat="44.777004" lon="11.504224"><ele>8</ele></trkpt>
   <trkpt lat="44.780202" lon="11.510977"><ele>8</ele></trkpt>
   <trkpt lat="44.783003" lon="11.516902"><ele>9</ele></trkpt>
   <trkpt lat="44.783039" lon="11.516977"><ele>9</ele></trkpt>
   <trkpt lat="44.788195" lon="11.527899"><ele>8</ele></trkpt>
   <trkpt lat="44.79132" lon="11.534494"><ele>9</ele></trkpt>
   <trkpt lat="44.795182" lon="11.542683"><ele>9</ele></trkpt>
   <trkpt lat="44.7953" lon="11.542934"><ele>9</ele></trkpt>
   <trkpt lat="44.795742" lon="11.543871"><ele>9</ele></trkpt>
   <trkpt lat="44.800132" lon="11.553162"><ele>10</ele></trkpt>
   <trkpt lat="44.800359" lon="11.55365"><ele>10</ele></trkpt>
   <trkpt lat="44.803079" lon="11.5594"><ele>11</ele></trkpt>
   <trkpt lat="44.808004" lon="11.569838"><ele>12</ele></trkpt>
   <trkpt lat="44.808141" lon="11.570138"><ele>12</ele></trkpt>
   <trkpt lat="44.810235" lon="11.574572"><ele>10</ele></trkpt>
   <trkpt lat="44.81075" lon="11.575619"><ele>10</ele></trkpt>
   <trkpt lat="44.811143" lon="11.576334"><ele>8.75</ele></trkpt>
   <trkpt lat="44.811491" lon="11.576918"><ele>9</ele></trkpt>
   <trkpt lat="44.812058" lon="11.577787"><ele>8.75</ele></trkpt>
   <trkpt lat="44.812565" lon="11.578455"><ele>8</ele></trkpt>
   <trkpt lat="44.813158" lon="11.579179"><ele>8</ele></trkpt>
   <trkpt lat="44.813835" lon="11.579886"><ele>8</ele></trkpt>
   <trkpt lat="44.814394" lon="11.580413"><ele>8</ele></trkpt>
   <trkpt lat="44.815524" lon="11.581366"><ele>8</ele></trkpt>
   <trkpt lat="44.825518" lon="11.589523"><ele>7</ele></trkpt>
   <trkpt lat="44.828768" lon="11.592187"><ele>7</ele></trkpt>
   <trkpt lat="44.83343" lon="11.595995"><ele>8</ele></trkpt>
   <trkpt lat="44.83432" lon="11.596718"><ele>9</ele></trkpt>
   <trkpt lat="44.8347" lon="11.59701"><ele>9</ele></trkpt>
   <trkpt lat="44.835653" lon="11.597714"><ele>10</ele></trkpt>
   <trkpt lat="44.836045" lon="11.598016"><ele>10</ele></trkpt>
   <trkpt lat="44.836582" lon="11.598455"><ele>9.5</ele></trkpt>
   <trkpt lat="44.836809" lon="11.598646"><ele>9.5</ele></trkpt>
   <trkpt lat="44.836946" lon="11.59876"><ele>9.5</ele></trkpt>
   <trkpt lat="44.837159" lon="11.598934"><ele>9.25</ele></trkpt>
   <trkpt lat="44.837234" lon="11.598999"><ele>9.25</ele></trkpt>
   <trkpt lat="44.837367" lon="11.599123"><ele>9.25</ele></trkpt>
   <trkpt lat="44.837483" lon="11.599244"><ele>9.25</ele></trkpt>
   <trkpt lat="44.837631" lon="11.599389"><ele>9.25</ele></trkpt>
   <trkpt lat="44.838885" lon="11.60042"><ele>9</ele></trkpt>
   <trkpt lat="44.840305" lon="11.601564"><ele>9</ele></trkpt>
   <trkpt lat="44.840876" lon="11.60204"><ele>8.75</ele></trkpt>
   <trkpt lat="44.841167" lon="11.602295"><ele>9</ele></trkpt>
   <trkpt lat="44.841625" lon="11.6027"><ele>9</ele></trkpt>
   <trkpt lat="44.841951" lon="11.602964"><ele>9</ele></trkpt>
   <trkpt lat="44.84295" lon="11.603782"><ele>9</ele></trkpt>
   <trkpt lat="44.843597" lon="11.604308"><ele>9</ele></trkpt>
   <trkpt lat="44.844525" lon="11.605068"><ele>8.75</ele></trkpt>
   <trkpt lat="44.844895" lon="11.605368"><ele>8.75</ele></trkpt>
   <trkpt lat="44.845024" lon="11.605458"><ele>9</ele></trkpt>
   <trkpt lat="44.845223" lon="11.605576"><ele>8.75</ele></trkpt>
   <trkpt lat="44.84533" lon="11.605642"><ele>8.75</ele></trkpt>
   <trkpt lat="44.84552" lon="11.605763"><ele>8.75</ele></trkpt>
   <trkpt lat="44.845582" lon="11.605811"><ele>8.75</ele></trkpt>
   <trkpt lat="44.845826" lon="11.606012"><ele>8.75</ele></trkpt>
   <trkpt lat="44.846013" lon="11.606166"><ele>8.5</ele></trkpt>
   <trkpt lat="44.846784" lon="11.606795"><ele>8</ele></trkpt>
   <trkpt lat="44.847159" lon="11.607085"><ele>8.5</ele></trkpt>
   <trkpt lat="44.847506" lon="11.607336"><ele>8.5</ele></trkpt>
   <trkpt lat="44.847714" lon="11.607476"><ele>8.75</ele></trkpt>
   <trkpt lat="44.84802" lon="11.607667"><ele>8.25</ele></trkpt>
   <trkpt lat="44.848616" lon="11.607993"><ele>8</ele></trkpt>
   <trkpt lat="44.848794" lon="11.608073"><ele>7.75</ele></trkpt>
   <trkpt lat="44.849214" lon="11.608254"><ele>7.25</ele></trkpt>
   <trkpt lat="44.849667" lon="11.608426"><ele>6.75</ele></trkpt>
   <trkpt lat="44.850007" lon="11.608531"><ele>7.25</ele></trkpt>
   <trkpt lat="44.850312" lon="11.608614"><ele>7.75</ele></trkpt>
   <trkpt lat="44.850971" lon="11.608754"><ele>6.75</ele></trkpt>
   <trkpt lat="44.851115" lon="11.60878"><ele>6</ele></trkpt>
   <trkpt lat="44.852691" lon="11.609058"><ele>7</ele></trkpt>
   <trkpt lat="44.861443" lon="11.610594"><ele>4.75</ele></trkpt>
   <trkpt lat="44.861662" lon="11.610632"><ele>4.5</ele></trkpt>
   <trkpt lat="44.861668" lon="11.610633"><ele>4.5</ele></trkpt>
   <trkpt lat="44.863529" lon="11.61096"><ele>3.75</ele></trkpt>
   <trkpt lat="44.863944" lon="11.611034"><ele>4</ele></trkpt>
   <trkpt lat="44.870158" lon="11.612118"><ele>6</ele></trkpt>
   <trkpt lat="44.870551" lon="11.612186"><ele>5.75</ele></trkpt>
   <trkpt lat="44.87222" lon="11.612487"><ele>7</ele></trkpt>
   <trkpt lat="44.873197" lon="11.612655"><ele>7</ele></trkpt>
   <trkpt lat="44.874052" lon="11.612805"><ele>7</ele></trkpt>
   <trkpt lat="44.876104" lon="11.613196"><ele>7</ele></trkpt>
   <trkpt lat="44.879498" lon="11.613844"><ele>9.75</ele></trkpt>
   <trkpt lat="44.880348" lon="11.614006"><ele>9.5</ele></trkpt>
   <trkpt lat="44.882513" lon="11.614425"><ele>9.25</ele></trkpt>
   <trkpt lat="44.883462" lon="11.614608"><ele>9</ele></trkpt>
   <trkpt lat="44.885122" lon="11.614907"><ele>8.75</ele></trkpt>
   <trkpt lat="44.885339" lon="11.614946"><ele>8.75</ele></trkpt>
   <trkpt lat="44.885515" lon="11.614978"><ele>8.75</ele></trkpt>
   <trkpt lat="44.890983" lon="11.615939"><ele>8</ele></trkpt>
   <trkpt lat="44.891251" lon="11.615987"><ele>7.75</ele></trkpt>
   <trkpt lat="44.89227" lon="11.616167"><ele>7.75</ele></trkpt>
   <trkpt lat="44.89273" lon="11.616268"><ele>7.75</ele></trkpt>
   <trkpt lat="44.892988" lon="11.616336"><ele>7.5</ele></trkpt>
   <trkpt lat="44.893467" lon="11.616476"><ele>7.5</ele></trkpt>
   <trkpt lat="44.893805" lon="11.616595"><ele>7.5</ele></trkpt>
   <trkpt lat="44.894286" lon="11.616797"><ele>7.5</ele></trkpt>
   <trkpt lat="44.894499" lon="11.616895"><ele>7.25</ele></trkpt>
   <trkpt lat="44.894534" lon="11.616912"><ele>7.25</ele></trkpt>
   <trkpt lat="44.894838" lon="11.617062"><ele>7.25</ele></trkpt>
   <trkpt lat="44.895378" lon="11.617371"><ele>7.25</ele></trkpt>
   <trkpt lat="44.89569" lon="11.617569"><ele>7.25</ele></trkpt>
   <trkpt lat="44.895942" lon="11.617742"><ele>7.25</ele></trkpt>
   <trkpt lat="44.896237" lon="11.617955"><ele>7.25</ele></trkpt>
   <trkpt lat="44.89656" lon="11.618209"><ele>6</ele></trkpt>
   <trkpt lat="44.89691" lon="11.618506"><ele>6.75</ele></trkpt>
   <trkpt lat="44.897364" lon="11.618931"><ele>6.75</ele></trkpt>
   <trkpt lat="44.897632" lon="11.619204"><ele>7</ele></trkpt>
   <trkpt lat="44.898076" lon="11.619692"><ele>6.75</ele></trkpt>
   <trkpt lat="44.898518" lon="11.620222"><ele>6</ele></trkpt>
   <trkpt lat="44.899919" lon="11.622038"><ele>4</ele></trkpt>
   <trkpt lat="44.900452" lon="11.622666"><ele>4</ele></trkpt>
   <trkpt lat="44.901381" lon="11.623876"><ele>4</ele></trkpt>
   <trkpt lat="44.90147" lon="11.623993"><ele>4</ele></trkpt>
   <trkpt lat="44.901964" lon="11.62464"><ele>5.5</ele></trkpt>
   <trkpt lat="44.902881" lon="11.625832"><ele>4.25</ele></trkpt>
   <trkpt lat="44.903084" lon="11.626098"><ele>3.75</ele></trkpt>
   <trkpt lat="44.903658" lon="11.626849"><ele>3</ele></trkpt>
   <trkpt lat="44.903873" lon="11.627138"><ele>3</ele></trkpt>
   <trkpt lat="44.90408" lon="11.627437"><ele>3.5</ele></trkpt>
   <trkpt lat="44.90428" lon="11.627745"><ele>3.75</ele></trkpt>
   <trkpt lat="44.904474" lon="11.628062"><ele>5.5</ele></trkpt>
   <trkpt lat="44.904659" lon="11.628388"><ele>4.5</ele></trkpt>
   <trkpt lat="44.904837" lon="11.628722"><ele>4.25</ele></trkpt>
   <trkpt lat="44.905008" lon="11.629064"><ele>3</ele></trkpt>
   <trkpt lat="44.90517" lon="11.629414"><ele>3.25</ele></trkpt>
   <trkpt lat="44.905324" lon="11.629772"><ele>3.25</ele></trkpt>
   <trkpt lat="44.90547" lon="11.630136"><ele>5.25</ele></trkpt>
   <trkpt lat="44.905573" lon="11.630398"><ele>5.75</ele></trkpt>
   <trkpt lat="44.906163" lon="11.631909"><ele>4.5</ele></trkpt>
   <trkpt lat="44.906951" lon="11.633947"><ele>5</ele></trkpt>
   <trkpt lat="44.908461" lon="11.637828"><ele>4</ele></trkpt>
   <trkpt lat="44.911261" lon="11.645043"><ele>5</ele></trkpt>
   <trkpt lat="44.9141" lon="11.652365"><ele>4</ele></trkpt>
   <trkpt lat="44.914283" lon="11.652837"><ele>4</ele></trkpt>
   <trkpt lat="44.915574" lon="11.656167"><ele>6</ele></trkpt>
   <trkpt lat="44.918992" lon="11.664991"><ele>6</ele></trkpt>
   <trkpt lat="44.91917" lon="11.665429"><ele>6</ele></trkpt>
   <trkpt lat="44.919358" lon="11.665858"><ele>6</ele></trkpt>
   <trkpt lat="44.919556" lon="11.666278"><ele>6</ele></trkpt>
   <trkpt lat="44.919765" lon="11.666689"><ele>6.75</ele></trkpt>
   <trkpt lat="44.919983" lon="11.667089"><ele>6</ele></trkpt>
   <trkpt lat="44.92021" lon="11.667479"><ele>6</ele></trkpt>
   <trkpt lat="44.920414" lon="11.667831"><ele>6</ele></trkpt>
   <trkpt lat="44.920606" lon="11.668196"><ele>5.75</ele></trkpt>
   <trkpt lat="44.920785" lon="11.668574"><ele>5.75</ele></trkpt>
   <trkpt lat="44.920951" lon="11.668963"><ele>6</ele></trkpt>
   <trkpt lat="44.921104" lon="11.669363"><ele>6.5</ele></trkpt>
   <trkpt lat="44.921244" lon="11.669773"><ele>5.25</ele></trkpt>
   <trkpt lat="44.921369" lon="11.670192"><ele>5</ele></trkpt>
   <trkpt lat="44.921481" lon="11.670619"><ele>5</ele></trkpt>
   <trkpt lat="44.921737" lon="11.671671"><ele>6</ele></trkpt>
   <trkpt lat="44.921827" lon="11.672012"><ele>6.5</ele></trkpt>
   <trkpt lat="44.92197" lon="11.672489"><ele>7</ele></trkpt>
   <trkpt lat="44.922048" lon="11.672731"><ele>7</ele></trkpt>
   <trkpt lat="44.922679" lon="11.674394"><ele>7</ele></trkpt>
   <trkpt lat="44.923014" lon="11.675268"><ele>6</ele></trkpt>
   <trkpt lat="44.923533" lon="11.676607"><ele>5.25</ele></trkpt>
   <trkpt lat="44.924199" lon="11.678324"><ele>6.75</ele></trkpt>
   <trkpt lat="44.927282" lon="11.686286"><ele>6.75</ele></trkpt>
   <trkpt lat="44.927562" lon="11.687037"><ele>5.5</ele></trkpt>
   <trkpt lat="44.927735" lon="11.68751"><ele>5</ele></trkpt>
   <trkpt lat="44.928462" lon="11.68945"><ele>5</ele></trkpt>
   <trkpt lat="44.932804" lon="11.700664"><ele>3.25</ele></trkpt>
   <trkpt lat="44.933756" lon="11.703124"><ele>4.75</ele></trkpt>
   <trkpt lat="44.933929" lon="11.703571"><ele>4.75</ele></trkpt>
   <trkpt lat="44.937133" lon="11.71185"><ele>4.25</ele></trkpt>
   <trkpt lat="44.941432" lon="11.72296"><ele>4.25</ele></trkpt>
   <trkpt lat="44.941507" lon="11.723155"><ele>4</ele></trkpt>
   <trkpt lat="44.941693" lon="11.72364"><ele>4</ele></trkpt>
   <trkpt lat="44.942486" lon="11.725681"><ele>4</ele></trkpt>
   <trkpt lat="44.942666" lon="11.72612"><ele>4</ele></trkpt>
   <trkpt lat="44.942858" lon="11.726549"><ele>5</ele></trkpt>
   <trkpt lat="44.943062" lon="11.726966"><ele>6</ele></trkpt>
   <trkpt lat="44.943278" lon="11.727372"><ele>6</ele></trkpt>
   <trkpt lat="44.943505" lon="11.727765"><ele>6</ele></trkpt>
   <trkpt lat="44.943743" lon="11.728145"><ele>5.25</ele></trkpt>
   <trkpt lat="44.943991" lon="11.728512"><ele>5</ele></trkpt>
   <trkpt lat="44.94425" lon="11.728864"><ele>5</ele></trkpt>
   <trkpt lat="44.944518" lon="11.729201"><ele>5</ele></trkpt>
   <trkpt lat="44.944796" lon="11.729524"><ele>5.25</ele></trkpt>
   <trkpt lat="44.945082" lon="11.72983"><ele>6</ele></trkpt>
   <trkpt lat="44.945377" lon="11.73012"><ele>5.25</ele></trkpt>
   <trkpt lat="44.945679" lon="11.730393"><ele>5</ele></trkpt>
   <trkpt lat="44.94599" lon="11.730649"><ele>5</ele></trkpt>
   <trkpt lat="44.946307" lon="11.730887"><ele>4.25</ele></trkpt>
   <trkpt lat="44.94663" lon="11.731107"><ele>4</ele></trkpt>
   <trkpt lat="44.94696" lon="11.731309"><ele>4.5</ele></trkpt>
   <trkpt lat="44.947295" lon="11.731492"><ele>5</ele></trkpt>
   <trkpt lat="44.947583" lon="11.731644"><ele>5</ele></trkpt>
   <trkpt lat="44.951356" lon="11.733577"><ele>5</ele></trkpt>
   <trkpt lat="44.955292" lon="11.735594"><ele>5</ele></trkpt>
   <trkpt lat="44.955321" lon="11.735609"><ele>5.25</ele></trkpt>
   <trkpt lat="44.955615" lon="11.735761"><ele>5.75</ele></trkpt>
   <trkpt lat="44.955839" lon="11.735871"><ele>5</ele></trkpt>
   <trkpt lat="44.956319" lon="11.73606"><ele>5</ele></trkpt>
   <trkpt lat="44.957855" lon="11.736838"><ele>5</ele></trkpt>
   <trkpt lat="44.958541" lon="11.737163"><ele>4</ele></trkpt>
   <trkpt lat="44.958793" lon="11.737289"><ele>4</ele></trkpt>
   <trkpt lat="44.959813" lon="11.737797"><ele>3.75</ele></trkpt>
   <trkpt lat="44.961083" lon="11.738453"><ele>5</ele></trkpt>
   <trkpt lat="44.961265" lon="11.738544"><ele>5.5</ele></trkpt>
   <trkpt lat="44.9615" lon="11.738698"><ele>6</ele></trkpt>
   <trkpt lat="44.961675" lon="11.738817"><ele>5.75</ele></trkpt>
   <trkpt lat="44.961843" lon="11.738927"><ele>5.5</ele></trkpt>
   <trkpt lat="44.962141" lon="11.739112"><ele>5.25</ele></trkpt>
   <trkpt lat="44.962321" lon="11.739205"><ele>5</ele></trkpt>
   <trkpt lat="44.962581" lon="11.73934"><ele>5.25</ele></trkpt>
   <trkpt lat="44.964587" lon="11.740367"><ele>5</ele></trkpt>
   <trkpt lat="44.965536" lon="11.740855"><ele>5</ele></trkpt>
   <trkpt lat="44.971573" lon="11.743959"><ele>2</ele></trkpt>
   <trkpt lat="44.973055" lon="11.744719"><ele>3.75</ele></trkpt>
   <trkpt lat="44.974079" lon="11.74525"><ele>3.25</ele></trkpt>
   <trkpt lat="44.974377" lon="11.745409"><ele>3</ele></trkpt>
   <trkpt lat="44.974837" lon="11.745632"><ele>3</ele></trkpt>
   <trkpt lat="44.975284" lon="11.745831"><ele>2.75</ele></trkpt>
   <trkpt lat="44.975738" lon="11.745994"><ele>3</ele></trkpt>
   <trkpt lat="44.976197" lon="11.746125"><ele>3</ele></trkpt>
   <trkpt lat="44.97666" lon="11.746223"><ele>3</ele></trkpt>
   <trkpt lat="44.977126" lon="11.746288"><ele>3</ele></trkpt>
   <trkpt lat="44.977594" lon="11.746321"><ele>2</ele></trkpt>
   <trkpt lat="44.977985" lon="11.746316"><ele>2</ele></trkpt>
   <trkpt lat="44.978375" lon="11.746288"><ele>2</ele></trkpt>
   <trkpt lat="44.978764" lon="11.746237"><ele>2</ele></trkpt>
   <trkpt lat="44.979151" lon="11.746164"><ele>2</ele></trkpt>
   <trkpt lat="44.979535" lon="11.746067"><ele>2</ele></trkpt>
   <trkpt lat="44.979917" lon="11.745948"><ele>3.5</ele></trkpt>
   <trkpt lat="44.981754" lon="11.745321"><ele>3</ele></trkpt>
   <trkpt lat="44.988784" lon="11.742918"><ele>4</ele></trkpt>
   <trkpt lat="44.989146" lon="11.742796"><ele>4.75</ele></trkpt>
   <trkpt lat="44.989581" lon="11.742646"><ele>5</ele></trkpt>
   <trkpt lat="44.989833" lon="11.742558"><ele>4.5</ele></trkpt>
   <trkpt lat="44.989981" lon="11.74251"><ele>4</ele></trkpt>
   <trkpt lat="44.990187" lon="11.742438"><ele>3.75</ele></trkpt>
   <trkpt lat="44.990445" lon="11.742358"><ele>3</ele></trkpt>
   <trkpt lat="44.990854" lon="11.742235"><ele>3</ele></trkpt>
   <trkpt lat="44.991118" lon="11.742168"><ele>4.75</ele></trkpt>
   <trkpt lat="44.991291" lon="11.74213"><ele>4.5</ele></trkpt>
   <trkpt lat="44.991687" lon="11.742061"><ele>5</ele></trkpt>
   <trkpt lat="44.992084" lon="11.742017"><ele>4.25</ele></trkpt>
   <trkpt lat="44.992482" lon="11.741997"><ele>3</ele></trkpt>
   <trkpt lat="44.992881" lon="11.742003"><ele>3.25</ele></trkpt>
   <trkpt lat="44.993279" lon="11.742034"><ele>5.5</ele></trkpt>
   <trkpt lat="44.993675" lon="11.74209"><ele>5</ele></trkpt>
   <trkpt lat="44.994079" lon="11.742172"><ele>4</ele></trkpt>
   <trkpt lat="44.99448" lon="11.742281"><ele>5</ele></trkpt>
   <trkpt lat="44.994877" lon="11.742416"><ele>6.5</ele></trkpt>
   <trkpt lat="44.995269" lon="11.742578"><ele>5.75</ele></trkpt>
   <trkpt lat="44.995655" lon="11.742765"><ele>3.5</ele></trkpt>
   <trkpt lat="44.996924" lon="11.743433"><ele>5.75</ele></trkpt>
   <trkpt lat="44.997081" lon="11.743512"><ele>6.25</ele></trkpt>
   <trkpt lat="44.997464" lon="11.743723"><ele>7</ele></trkpt>
   <trkpt lat="44.997823" lon="11.743914"><ele>4.75</ele></trkpt>
   <trkpt lat="44.999154" lon="11.744626"><ele>3</ele></trkpt>
   <trkpt lat="45.000685" lon="11.745443"><ele>6.75</ele></trkpt>
   <trkpt lat="45.004983" lon="11.747739"><ele>4.75</ele></trkpt>
   <trkpt lat="45.005695" lon="11.748119"><ele>5</ele></trkpt>
   <trkpt lat="45.006452" lon="11.748523"><ele>5</ele></trkpt>
   <trkpt lat="45.007564" lon="11.749116"><ele>4</ele></trkpt>
   <trkpt lat="45.007825" lon="11.749255"><ele>4</ele></trkpt>
   <trkpt lat="45.011335" lon="11.751128"><ele>5</ele></trkpt>
   <trkpt lat="45.011379" lon="11.751151"><ele>5</ele></trkpt>
   <trkpt lat="45.011514" lon="11.751224"><ele>5</ele></trkpt>
   <trkpt lat="45.013422" lon="11.752246"><ele>5</ele></trkpt>
   <trkpt lat="45.016063" lon="11.753659"><ele>4</ele></trkpt>
   <trkpt lat="45.019733" lon="11.755624"><ele>4</ele></trkpt>
   <trkpt lat="45.024478" lon="11.758162"><ele>3</ele></trkpt>
   <trkpt lat="45.026763" lon="11.759385"><ele>4</ele></trkpt>
   <trkpt lat="45.031358" lon="11.761846"><ele>2.25</ele></trkpt>
   <trkpt lat="45.032976" lon="11.76271"><ele>3</ele></trkpt>
   <trkpt lat="45.041278" lon="11.767154"><ele>2</ele></trkpt>
   <trkpt lat="45.042818" lon="11.767978"><ele>4</ele></trkpt>
   <trkpt lat="45.043231" lon="11.768199"><ele>4</ele></trkpt>
   <trkpt lat="45.049681" lon="11.771652"><ele>2</ele></trkpt>
   <trkpt lat="45.057018" lon="11.77558"><ele>5.25</ele></trkpt>
   <trkpt lat="45.058114" lon="11.776167"><ele>3</ele></trkpt>
   <trkpt lat="45.059534" lon="11.776928"><ele>4.75</ele></trkpt>
   <trkpt lat="45.060418" lon="11.777399"><ele>4.5</ele></trkpt>
   <trkpt lat="45.060885" lon="11.777651"><ele>4.75</ele></trkpt>
   <trkpt lat="45.065922" lon="11.780349"><ele>5.25</ele></trkpt>
   <trkpt lat="45.066298" lon="11.780533"><ele>5.25</ele></trkpt>
   <trkpt lat="45.066521" lon="11.780628"><ele>4.5</ele></trkpt>
   <trkpt lat="45.066679" lon="11.780695"><ele>4.25</ele></trkpt>
   <trkpt lat="45.067065" lon="11.780835"><ele>4</ele></trkpt>
   <trkpt lat="45.067454" lon="11.780954"><ele>4</ele></trkpt>
   <trkpt lat="45.067846" lon="11.78105"><ele>4</ele></trkpt>
   <trkpt lat="45.06824" lon="11.781124"><ele>5</ele></trkpt>
   <trkpt lat="45.068675" lon="11.781178"><ele>5.75</ele></trkpt>
   <trkpt lat="45.069045" lon="11.781205"><ele>6</ele></trkpt>
   <trkpt lat="45.069432" lon="11.781212"><ele>6.25</ele></trkpt>
   <trkpt lat="45.074083" lon="11.781039"><ele>7.75</ele></trkpt>
   <trkpt lat="45.074339" lon="11.781033"><ele>8</ele></trkpt>
   <trkpt lat="45.074518" lon="11.780998"><ele>8</ele></trkpt>
   <trkpt lat="45.0747" lon="11.780973"><ele>8</ele></trkpt>
   <trkpt lat="45.075325" lon="11.780944"><ele>7.5</ele></trkpt>
   <trkpt lat="45.075869" lon="11.780918"><ele>7.5</ele></trkpt>
   <trkpt lat="45.075941" lon="11.780916"><ele>7.75</ele></trkpt>
   <trkpt lat="45.077032" lon="11.780886"><ele>6</ele></trkpt>
   <trkpt lat="45.079032" lon="11.780861"><ele>6</ele></trkpt>
   <trkpt lat="45.079869" lon="11.780844"><ele>7.25</ele></trkpt>
   <trkpt lat="45.081361" lon="11.780875"><ele>3</ele></trkpt>
   <trkpt lat="45.081885" lon="11.780885"><ele>3</ele></trkpt>
   <trkpt lat="45.082056" lon="11.780917"><ele>2.75</ele></trkpt>
   <trkpt lat="45.08231" lon="11.78094"><ele>2.5</ele></trkpt>
   <trkpt lat="45.083278" lon="11.780938"><ele>5</ele></trkpt>
   <trkpt lat="45.083326" lon="11.780937"><ele>5.75</ele></trkpt>
   <trkpt lat="45.083643" lon="11.780936"><ele>7</ele></trkpt>
   <trkpt lat="45.083817" lon="11.780932"><ele>7</ele></trkpt>
   <trkpt lat="45.084014" lon="11.780938"><ele>7</ele></trkpt>
   <trkpt lat="45.084482" lon="11.780929"><ele>7</ele></trkpt>
   <trkpt lat="45.087163" lon="11.780885"><ele>7.75</ele></trkpt>
   <trkpt lat="45.087647" lon="11.78086"><ele>7.75</ele></trkpt>
   <trkpt lat="45.088131" lon="11.780812"><ele>8</ele></trkpt>
   <trkpt lat="45.088267" lon="11.780791"><ele>8</ele></trkpt>
   <trkpt lat="45.088613" lon="11.780739"><ele>7.25</ele></trkpt>
   <trkpt lat="45.089093" lon="11.780642"><ele>7</ele></trkpt>
   <trkpt lat="45.08957" lon="11.78052"><ele>7.75</ele></trkpt>
   <trkpt lat="45.090044" lon="11.780375"><ele>7.5</ele></trkpt>
   <trkpt lat="45.090514" lon="11.780207"><ele>5.25</ele></trkpt>
   <trkpt lat="45.090979" lon="11.780015"><ele>5.75</ele></trkpt>
   <trkpt lat="45.09144" lon="11.779799"><ele>6.5</ele></trkpt>
   <trkpt lat="45.091894" lon="11.779561"><ele>7</ele></trkpt>
   <trkpt lat="45.092343" lon="11.7793"><ele>7.5</ele></trkpt>
   <trkpt lat="45.092784" lon="11.779017"><ele>7.75</ele></trkpt>
   <trkpt lat="45.09322" lon="11.77871"><ele>8</ele></trkpt>
   <trkpt lat="45.094705" lon="11.777613"><ele>10.25</ele></trkpt>
   <trkpt lat="45.096178" lon="11.776488"><ele>12</ele></trkpt>
   <trkpt lat="45.09658" lon="11.776167"><ele>12.25</ele></trkpt>
   <trkpt lat="45.097642" lon="11.775337"><ele>8</ele></trkpt>
   <trkpt lat="45.098168" lon="11.774942"><ele>10.75</ele></trkpt>
   <trkpt lat="45.099459" lon="11.773965"><ele>13.5</ele></trkpt>
   <trkpt lat="45.100333" lon="11.773297"><ele>4.75</ele></trkpt>
   <trkpt lat="45.101166" lon="11.772685"><ele>4</ele></trkpt>
   <trkpt lat="45.109096" lon="11.766673"><ele>5</ele></trkpt>
   <trkpt lat="45.110076" lon="11.76593"><ele>4.25</ele></trkpt>
   <trkpt lat="45.11183" lon="11.7646"><ele>5.75</ele></trkpt>
   <trkpt lat="45.111952" lon="11.764508"><ele>5.75</ele></trkpt>
   <trkpt lat="45.115392" lon="11.761895"><ele>5.75</ele></trkpt>
   <trkpt lat="45.115524" lon="11.761795"><ele>5.75</ele></trkpt>
   <trkpt lat="45.115763" lon="11.761614"><ele>5.75</ele></trkpt>
   <trkpt lat="45.117036" lon="11.760643"><ele>5</ele></trkpt>
   <trkpt lat="45.120895" lon="11.757723"><ele>3</ele></trkpt>
   <trkpt lat="45.122883" lon="11.75619"><ele>3</ele></trkpt>
   <trkpt lat="45.123077" lon="11.756035"><ele>3</ele></trkpt>
   <trkpt lat="45.123741" lon="11.755501"><ele>5.25</ele></trkpt>
   <trkpt lat="45.12389" lon="11.755384"><ele>5.25</ele></trkpt>
   <trkpt lat="45.124978" lon="11.754557"><ele>5</ele></trkpt>
   <trkpt lat="45.126542" lon="11.753368"><ele>6</ele></trkpt>
   <trkpt lat="45.131668" lon="11.749471"><ele>7</ele></trkpt>
   <trkpt lat="45.132161" lon="11.749096"><ele>6.25</ele></trkpt>
   <trkpt lat="45.132831" lon="11.748584"><ele>6.75</ele></trkpt>
   <trkpt lat="45.13295" lon="11.748498"><ele>6.25</ele></trkpt>
   <trkpt lat="45.13345" lon="11.748124"><ele>7</ele></trkpt>
   <trkpt lat="45.137535" lon="11.745065"><ele>7.25</ele></trkpt>
   <trkpt lat="45.137834" lon="11.744828"><ele>7.25</ele></trkpt>
   <trkpt lat="45.138115" lon="11.744613"><ele>8</ele></trkpt>
   <trkpt lat="45.138221" lon="11.744533"><ele>7.75</ele></trkpt>
   <trkpt lat="45.138472" lon="11.744352"><ele>7.5</ele></trkpt>
   <trkpt lat="45.1408" lon="11.74258"><ele>6.25</ele></trkpt>
   <trkpt lat="45.143116" lon="11.740824"><ele>5.5</ele></trkpt>
   <trkpt lat="45.143248" lon="11.740724"><ele>4.75</ele></trkpt>
   <trkpt lat="45.148732" lon="11.736561"><ele>4</ele></trkpt>
   <trkpt lat="45.148802" lon="11.736507"><ele>4</ele></trkpt>
   <trkpt lat="45.149343" lon="11.736096"><ele>4.75</ele></trkpt>
   <trkpt lat="45.152804" lon="11.733461"><ele>3.75</ele></trkpt>
   <trkpt lat="45.153296" lon="11.733089"><ele>5.5</ele></trkpt>
   <trkpt lat="45.156709" lon="11.730491"><ele>5</ele></trkpt>
   <trkpt lat="45.159868" lon="11.728091"><ele>5</ele></trkpt>
   <trkpt lat="45.160328" lon="11.727741"><ele>5</ele></trkpt>
   <trkpt lat="45.164637" lon="11.724466"><ele>5</ele></trkpt>
   <trkpt lat="45.170903" lon="11.719697"><ele>5</ele></trkpt>
   <trkpt lat="45.17104" lon="11.719591"><ele>5</ele></trkpt>
   <trkpt lat="45.171371" lon="11.719342"><ele>5</ele></trkpt>
   <trkpt lat="45.17255" lon="11.718443"><ele>5</ele></trkpt>
   <trkpt lat="45.180502" lon="11.712384"><ele>8</ele></trkpt>
   <trkpt lat="45.181796" lon="11.7114"><ele>8.25</ele></trkpt>
   <trkpt lat="45.182232" lon="11.711068"><ele>8.75</ele></trkpt>
   <trkpt lat="45.183015" lon="11.710472"><ele>8.75</ele></trkpt>
   <trkpt lat="45.183449" lon="11.710152"><ele>9</ele></trkpt>
   <trkpt lat="45.183891" lon="11.709854"><ele>9</ele></trkpt>
   <trkpt lat="45.184341" lon="11.709579"><ele>9</ele></trkpt>
   <trkpt lat="45.184797" lon="11.709327"><ele>9</ele></trkpt>
   <trkpt lat="45.185259" lon="11.709099"><ele>9</ele></trkpt>
   <trkpt lat="45.185727" lon="11.708895"><ele>9</ele></trkpt>
   <trkpt lat="45.186199" lon="11.708715"><ele>9</ele></trkpt>
   <trkpt lat="45.186676" lon="11.70856"><ele>9</ele></trkpt>
   <trkpt lat="45.187157" lon="11.708429"><ele>9</ele></trkpt>
   <trkpt lat="45.18764" lon="11.708323"><ele>9</ele></trkpt>
   <trkpt lat="45.188126" lon="11.708243"><ele>9</ele></trkpt>
   <trkpt lat="45.188614" lon="11.708187"><ele>9</ele></trkpt>
   <trkpt lat="45.188883" lon="11.70817"><ele>9</ele></trkpt>
   <trkpt lat="45.189103" lon="11.708156"><ele>9</ele></trkpt>
   <trkpt lat="45.189592" lon="11.708151"><ele>9</ele></trkpt>
   <trkpt lat="45.190081" lon="11.708171"><ele>9</ele></trkpt>
   <trkpt lat="45.190569" lon="11.708216"><ele>9</ele></trkpt>
   <trkpt lat="45.191056" lon="11.708286"><ele>9</ele></trkpt>
   <trkpt lat="45.191607" lon="11.708393"><ele>9</ele></trkpt>
   <trkpt lat="45.192154" lon="11.708533"><ele>9</ele></trkpt>
   <trkpt lat="45.192697" lon="11.708703"><ele>9</ele></trkpt>
   <trkpt lat="45.193235" lon="11.708905"><ele>9</ele></trkpt>
   <trkpt lat="45.193584" lon="11.709059"><ele>9</ele></trkpt>
   <trkpt lat="45.193766" lon="11.709138"><ele>9</ele></trkpt>
   <trkpt lat="45.194291" lon="11.709401"><ele>9</ele></trkpt>
   <trkpt lat="45.194807" lon="11.709694"><ele>9</ele></trkpt>
   <trkpt lat="45.195314" lon="11.710016"><ele>9</ele></trkpt>
   <trkpt lat="45.195812" lon="11.710368"><ele>9</ele></trkpt>
   <trkpt lat="45.196372" lon="11.710784"><ele>8.75</ele></trkpt>
   <trkpt lat="45.197379" lon="11.711536"><ele>9</ele></trkpt>
   <trkpt lat="45.198561" lon="11.712418"><ele>9</ele></trkpt>
   <trkpt lat="45.199314" lon="11.71298"><ele>9</ele></trkpt>
   <trkpt lat="45.203201" lon="11.715895"><ele>8.25</ele></trkpt>
   <trkpt lat="45.205235" lon="11.717421"><ele>8</ele></trkpt>
   <trkpt lat="45.205353" lon="11.717509"><ele>8</ele></trkpt>
   <trkpt lat="45.207663" lon="11.719236"><ele>8</ele></trkpt>
   <trkpt lat="45.213328" lon="11.723474"><ele>7</ele></trkpt>
   <trkpt lat="45.216729" lon="11.726018"><ele>7</ele></trkpt>
   <trkpt lat="45.216875" lon="11.726129"><ele>7</ele></trkpt>
   <trkpt lat="45.218054" lon="11.727012"><ele>7.75</ele></trkpt>
   <trkpt lat="45.2185" lon="11.727345"><ele>8.75</ele></trkpt>
   <trkpt lat="45.221309" lon="11.729444"><ele>10</ele></trkpt>
   <trkpt lat="45.228911" lon="11.735135"><ele>11.25</ele></trkpt>
   <trkpt lat="45.229163" lon="11.735336"><ele>11.25</ele></trkpt>
   <trkpt lat="45.229202" lon="11.735363"><ele>11.25</ele></trkpt>
   <trkpt lat="45.229294" lon="11.735428"><ele>11.25</ele></trkpt>
   <trkpt lat="45.229949" lon="11.735902"><ele>11.25</ele></trkpt>
   <trkpt lat="45.230149" lon="11.736052"><ele>9.75</ele></trkpt>
   <trkpt lat="45.233833" lon="11.738803"><ele>10</ele></trkpt>
   <trkpt lat="45.237222" lon="11.741324"><ele>8.75</ele></trkpt>
   <trkpt lat="45.240072" lon="11.74345"><ele>7.25</ele></trkpt>
   <trkpt lat="45.242721" lon="11.745412"><ele>8.75</ele></trkpt>
   <trkpt lat="45.242839" lon="11.7455"><ele>9</ele></trkpt>
   <trkpt lat="45.243428" lon="11.745923"><ele>10.75</ele></trkpt>
   <trkpt lat="45.243642" lon="11.746087"><ele>10.75</ele></trkpt>
   <trkpt lat="45.243855" lon="11.74624"><ele>10.75</ele></trkpt>
   <trkpt lat="45.243961" lon="11.746321"><ele>10.25</ele></trkpt>
   <trkpt lat="45.244254" lon="11.746537"><ele>8</ele></trkpt>
   <trkpt lat="45.244749" lon="11.74683"><ele>12.5</ele></trkpt>
   <trkpt lat="45.244942" lon="11.746965"><ele>12.5</ele></trkpt>
   <trkpt lat="45.245305" lon="11.747149"><ele>13.25</ele></trkpt>
   <trkpt lat="45.245838" lon="11.747517"><ele>12.75</ele></trkpt>
   <trkpt lat="45.24643" lon="11.747951"><ele>13.25</ele></trkpt>
   <trkpt lat="45.248608" lon="11.749586"><ele>11.75</ele></trkpt>
   <trkpt lat="45.249688" lon="11.750382"><ele>12.5</ele></trkpt>
   <trkpt lat="45.250779" lon="11.75118"><ele>11.75</ele></trkpt>
   <trkpt lat="45.251092" lon="11.751412"><ele>10.75</ele></trkpt>
   <trkpt lat="45.25121" lon="11.751508"><ele>10.5</ele></trkpt>
   <trkpt lat="45.251501" lon="11.751767"><ele>10</ele></trkpt>
   <trkpt lat="45.251773" lon="11.751967"><ele>10</ele></trkpt>
   <trkpt lat="45.252008" lon="11.752197"><ele>10</ele></trkpt>
   <trkpt lat="45.252304" lon="11.752463"><ele>10</ele></trkpt>
   <trkpt lat="45.252447" lon="11.752567"><ele>10</ele></trkpt>
   <trkpt lat="45.253171" lon="11.7531"><ele>10.25</ele></trkpt>
   <trkpt lat="45.256339" lon="11.755441"><ele>10.25</ele></trkpt>
   <trkpt lat="45.261196" lon="11.759017"><ele>7.75</ele></trkpt>
   <trkpt lat="45.266634" lon="11.763022"><ele>7</ele></trkpt>
   <trkpt lat="45.26722" lon="11.763454"><ele>7</ele></trkpt>
   <trkpt lat="45.269188" lon="11.764903"><ele>7</ele></trkpt>
   <trkpt lat="45.274099" lon="11.768527"><ele>6</ele></trkpt>
   <trkpt lat="45.274279" lon="11.768659"><ele>6.5</ele></trkpt>
   <trkpt lat="45.274312" lon="11.768686"><ele>6.75</ele></trkpt>
   <trkpt lat="45.277185" lon="11.770803"><ele>6.75</ele></trkpt>
   <trkpt lat="45.277617" lon="11.77112"><ele>6.75</ele></trkpt>
   <trkpt lat="45.277762" lon="11.771227"><ele>6</ele></trkpt>
   <trkpt lat="45.277997" lon="11.771401"><ele>6.5</ele></trkpt>
   <trkpt lat="45.278123" lon="11.771493"><ele>7</ele></trkpt>
   <trkpt lat="45.278424" lon="11.771712"><ele>7</ele></trkpt>
   <trkpt lat="45.278817" lon="11.771981"><ele>6.75</ele></trkpt>
   <trkpt lat="45.279216" lon="11.772231"><ele>6.75</ele></trkpt>
   <trkpt lat="45.279621" lon="11.772464"><ele>7</ele></trkpt>
   <trkpt lat="45.28003" lon="11.772677"><ele>7</ele></trkpt>
   <trkpt lat="45.28553" lon="11.775429"><ele>4</ele></trkpt>
   <trkpt lat="45.289305" lon="11.777316"><ele>5</ele></trkpt>
   <trkpt lat="45.289357" lon="11.777342"><ele>5</ele></trkpt>
   <trkpt lat="45.28949" lon="11.777409"><ele>5</ele></trkpt>
   <trkpt lat="45.28984" lon="11.777583"><ele>5.25</ele></trkpt>
   <trkpt lat="45.29041" lon="11.777865"><ele>5.25</ele></trkpt>
   <trkpt lat="45.291481" lon="11.778397"><ele>5.25</ele></trkpt>
   <trkpt lat="45.292589" lon="11.778957"><ele>7.25</ele></trkpt>
   <trkpt lat="45.294038" lon="11.779689"><ele>7.25</ele></trkpt>
   <trkpt lat="45.30185" lon="11.783597"><ele>7.75</ele></trkpt>
   <trkpt lat="45.30219" lon="11.783767"><ele>8.25</ele></trkpt>
   <trkpt lat="45.302552" lon="11.783941"><ele>9.25</ele></trkpt>
   <trkpt lat="45.303491" lon="11.784398"><ele>19.5</ele></trkpt>
   <trkpt lat="45.309188" lon="11.787259"><ele>20.5</ele></trkpt>
   <trkpt lat="45.311036" lon="11.788214"><ele>12.5</ele></trkpt>
   <trkpt lat="45.312112" lon="11.788758"><ele>10.75</ele></trkpt>
   <trkpt lat="45.312254" lon="11.788827"><ele>9</ele></trkpt>
   <trkpt lat="45.312507" lon="11.788952"><ele>9</ele></trkpt>
   <trkpt lat="45.313762" lon="11.789581"><ele>10.5</ele></trkpt>
   <trkpt lat="45.318833" lon="11.792126"><ele>10</ele></trkpt>
   <trkpt lat="45.319415" lon="11.792418"><ele>10</ele></trkpt>
   <trkpt lat="45.320852" lon="11.793139"><ele>9.75</ele></trkpt>
   <trkpt lat="45.321468" lon="11.793444"><ele>9</ele></trkpt>
   <trkpt lat="45.321566" lon="11.793492"><ele>9</ele></trkpt>
   <trkpt lat="45.322861" lon="11.794145"><ele>9</ele></trkpt>
   <trkpt lat="45.323946" lon="11.794689"><ele>9.75</ele></trkpt>
   <trkpt lat="45.324594" lon="11.795075"><ele>10</ele></trkpt>
   <trkpt lat="45.325012" lon="11.795287"><ele>10</ele></trkpt>
   <trkpt lat="45.325391" lon="11.795477"><ele>10</ele></trkpt>
   <trkpt lat="45.327351" lon="11.796463"><ele>10</ele></trkpt>
   <trkpt lat="45.330788" lon="11.798184"><ele>10</ele></trkpt>
   <trkpt lat="45.331595" lon="11.798589"><ele>11</ele></trkpt>
   <trkpt lat="45.332355" lon="11.799041"><ele>11</ele></trkpt>
   <trkpt lat="45.33278" lon="11.799241"><ele>11</ele></trkpt>
   <trkpt lat="45.334235" lon="11.799927"><ele>10.5</ele></trkpt>
   <trkpt lat="45.336453" lon="11.801019"><ele>11</ele></trkpt>
   <trkpt lat="45.337835" lon="11.801711"><ele>11</ele></trkpt>
   <trkpt lat="45.342571" lon="11.804095"><ele>11.25</ele></trkpt>
   <trkpt lat="45.342657" lon="11.804138"><ele>11.5</ele></trkpt>
   <trkpt lat="45.343752" lon="11.804682"><ele>12</ele></trkpt>
   <trkpt lat="45.344967" lon="11.805293"><ele>12</ele></trkpt>
   <trkpt lat="45.347183" lon="11.806406"><ele>13</ele></trkpt>
   <trkpt lat="45.347926" lon="11.806822"><ele>13</ele></trkpt>
   <trkpt lat="45.34866" lon="11.807271"><ele>12</ele></trkpt>
   <trkpt lat="45.349383" lon="11.807755"><ele>12.5</ele></trkpt>
   <trkpt lat="45.353227" lon="11.810264"><ele>13</ele></trkpt>
   <trkpt lat="45.354247" lon="11.81094"><ele>13</ele></trkpt>
   <trkpt lat="45.35525" lon="11.8116"><ele>13</ele></trkpt>
   <trkpt lat="45.356312" lon="11.812289"><ele>12.75</ele></trkpt>
   <trkpt lat="45.35999" lon="11.814687"><ele>13</ele></trkpt>
   <trkpt lat="45.360566" lon="11.815059"><ele>12</ele></trkpt>
   <trkpt lat="45.361366" lon="11.815582"><ele>12.75</ele></trkpt>
   <trkpt lat="45.363803" lon="11.817179"><ele>11</ele></trkpt>
   <trkpt lat="45.363878" lon="11.817228"><ele>11</ele></trkpt>
   <trkpt lat="45.364288" lon="11.817516"><ele>11.25</ele></trkpt>
   <trkpt lat="45.364697" lon="11.817816"><ele>11.75</ele></trkpt>
   <trkpt lat="45.3651" lon="11.818129"><ele>13</ele></trkpt>
   <trkpt lat="45.369303" lon="11.821618"><ele>12</ele></trkpt>
   <trkpt lat="45.369902" lon="11.822116"><ele>12.75</ele></trkpt>
   <trkpt lat="45.370004" lon="11.8222"><ele>13</ele></trkpt>
   <trkpt lat="45.373798" lon="11.825342"><ele>12</ele></trkpt>
   <trkpt lat="45.374342" lon="11.825793"><ele>13</ele></trkpt>
   <trkpt lat="45.37558" lon="11.826819"><ele>12</ele></trkpt>
   <trkpt lat="45.375686" lon="11.826909"><ele>12</ele></trkpt>
   <trkpt lat="45.377086" lon="11.828076"><ele>11</ele></trkpt>
   <trkpt lat="45.384433" lon="11.834158"><ele>12.75</ele></trkpt>
   <trkpt lat="45.384861" lon="11.834514"><ele>12.75</ele></trkpt>
   <trkpt lat="45.389636" lon="11.83848"><ele>10.25</ele></trkpt>
   <trkpt lat="45.391035" lon="11.839641"><ele>12.75</ele></trkpt>
   <trkpt lat="45.391638" lon="11.840145"><ele>12.25</ele></trkpt>
   <trkpt lat="45.392656" lon="11.840971"><ele>13.25</ele></trkpt>
   <trkpt lat="45.392924" lon="11.841168"><ele>12.75</ele></trkpt>
   <trkpt lat="45.39344" lon="11.841518"><ele>12</ele></trkpt>
   <trkpt lat="45.395173" lon="11.842591"><ele>11</ele></trkpt>
   <trkpt lat="45.397386" lon="11.84396"><ele>12</ele></trkpt>
   <trkpt lat="45.39873" lon="11.844787"><ele>12</ele></trkpt>
   <trkpt lat="45.399268" lon="11.845145"><ele>13</ele></trkpt>
   <trkpt lat="45.399716" lon="11.845484"><ele>13</ele></trkpt>
   <trkpt lat="45.400096" lon="11.845806"><ele>13</ele></trkpt>
   <trkpt lat="45.400776" lon="11.846391"><ele>13</ele></trkpt>
   <trkpt lat="45.40133" lon="11.846897"><ele>13</ele></trkpt>
   <trkpt lat="45.402055" lon="11.847593"><ele>13</ele></trkpt>
   <trkpt lat="45.402472" lon="11.847989"><ele>13</ele></trkpt>
   <trkpt lat="45.404053" lon="11.849574"><ele>13</ele></trkpt>
   <trkpt lat="45.404442" lon="11.84994"><ele>13</ele></trkpt>
   <trkpt lat="45.40481" lon="11.850257"><ele>13</ele></trkpt>
   <trkpt lat="45.405152" lon="11.850551"><ele>13</ele></trkpt>
   <trkpt lat="45.407751" lon="11.852706"><ele>13</ele></trkpt>
   <trkpt lat="45.408387" lon="11.853233"><ele>13</ele></trkpt>
   <trkpt lat="45.409024" lon="11.853717"><ele>13</ele></trkpt>
   <trkpt lat="45.409614" lon="11.854105"><ele>13</ele></trkpt>
   <trkpt lat="45.410912" lon="11.854933"><ele>13</ele></trkpt>
   <trkpt lat="45.411331" lon="11.855217"><ele>12.75</ele></trkpt>
   <trkpt lat="45.411739" lon="11.85553"><ele>12</ele></trkpt>
   <trkpt lat="45.415788" lon="11.858892"><ele>11</ele></trkpt>
   <trkpt lat="45.4163" lon="11.859314"><ele>11</ele></trkpt>
   <trkpt lat="45.417581" lon="11.860385"><ele>11</ele></trkpt>
   <trkpt lat="45.417792" lon="11.860576"><ele>11</ele></trkpt>
   <trkpt lat="45.417997" lon="11.860785"><ele>11</ele></trkpt>
   <trkpt lat="45.418199" lon="11.861004"><ele>11</ele></trkpt>
   <trkpt lat="45.418392" lon="11.861235"><ele>11.25</ele></trkpt>
   <trkpt lat="45.418585" lon="11.861483"><ele>12</ele></trkpt>
   <trkpt lat="45.41881" lon="11.861798"><ele>12</ele></trkpt>
   <trkpt lat="45.418917" lon="11.861961"><ele>12</ele></trkpt>
   <trkpt lat="45.419167" lon="11.862373"><ele>12</ele></trkpt>
   <trkpt lat="45.419378" lon="11.862776"><ele>12</ele></trkpt>
   <trkpt lat="45.419597" lon="11.863237"><ele>12</ele></trkpt>
   <trkpt lat="45.419705" lon="11.863498"><ele>12</ele></trkpt>
   <trkpt lat="45.419894" lon="11.863996"><ele>12</ele></trkpt>
   <trkpt lat="45.420107" lon="11.864686"><ele>11</ele></trkpt>
   <trkpt lat="45.42025" lon="11.865266"><ele>10.75</ele></trkpt>
   <trkpt lat="45.420304" lon="11.865523"><ele>11</ele></trkpt>
   <trkpt lat="45.420397" lon="11.866055"><ele>11.25</ele></trkpt>
   <trkpt lat="45.420466" lon="11.86659"><ele>12</ele></trkpt>
   <trkpt lat="45.420493" lon="11.866867"><ele>12</ele></trkpt>
   <trkpt lat="45.420528" lon="11.867426"><ele>12</ele></trkpt>
   <trkpt lat="45.420536" lon="11.867683"><ele>12</ele></trkpt>
   <trkpt lat="45.420535" lon="11.868105"><ele>12</ele></trkpt>
   <trkpt lat="45.420517" lon="11.868548"><ele>12</ele></trkpt>
   <trkpt lat="45.4205" lon="11.868802"><ele>12</ele></trkpt>
   <trkpt lat="45.420444" lon="11.869336"><ele>12</ele></trkpt>
   <trkpt lat="45.420398" lon="11.86964"><ele>12</ele></trkpt>
   <trkpt lat="45.42035" lon="11.869912"><ele>12</ele></trkpt>
   <trkpt lat="45.420234" lon="11.870452"><ele>12</ele></trkpt>
   <trkpt lat="45.42011" lon="11.870922"><ele>12</ele></trkpt>
   <trkpt lat="45.419945" lon="11.871417"><ele>12</ele></trkpt>
   <trkpt lat="45.419778" lon="11.871865"><ele>12</ele></trkpt>
   <trkpt lat="45.419542" lon="11.872444"><ele>12</ele></trkpt>
   <trkpt lat="45.419446" lon="11.872713"><ele>12</ele></trkpt>
   <trkpt lat="45.419374" lon="11.872945"><ele>12</ele></trkpt>
   <trkpt lat="45.419203" lon="11.873518"><ele>11.75</ele></trkpt>
   <trkpt lat="45.419076" lon="11.87396"><ele>11</ele></trkpt>
   <trkpt lat="45.41885" lon="11.874728"><ele>11</ele></trkpt>
   <trkpt lat="45.41878" lon="11.874949"><ele>11</ele></trkpt>
   <trkpt lat="45.418714" lon="11.875179"><ele>10.75</ele></trkpt>
   <trkpt lat="45.418661" lon="11.875418"><ele>10.25</ele></trkpt>
   <trkpt lat="45.418612" lon="11.875714"><ele>10</ele></trkpt>
   <trkpt lat="45.418565" lon="11.87618"><ele>10</ele></trkpt>
   <trkpt lat="45.418527" lon="11.876536"><ele>10</ele></trkpt>
   <trkpt lat="45.418514" lon="11.876866"><ele>10</ele></trkpt>
   <trkpt lat="45.418492" lon="11.877304"><ele>10.5</ele></trkpt>
   <trkpt lat="45.418477" lon="11.87761"><ele>11</ele></trkpt>
   <trkpt lat="45.418375" lon="11.878359"><ele>11</ele></trkpt>
   <trkpt lat="45.418316" lon="11.878774"><ele>11</ele></trkpt>
   <trkpt lat="45.418226" lon="11.879327"><ele>11</ele></trkpt>
   <trkpt lat="45.41801" lon="11.880663"><ele>11</ele></trkpt>
   <trkpt lat="45.417716" lon="11.882446"><ele>11</ele></trkpt>
   <trkpt lat="45.417614" lon="11.88309"><ele>11</ele></trkpt>
   <trkpt lat="45.417547" lon="11.883559"><ele>11</ele></trkpt>
   <trkpt lat="45.417469" lon="11.884314"><ele>11</ele></trkpt>
   <trkpt lat="45.41745" lon="11.884651"><ele>11</ele></trkpt>
   <trkpt lat="45.417446" lon="11.884825"><ele>11</ele></trkpt>
   <trkpt lat="45.417431" lon="11.885427"><ele>11</ele></trkpt>
   <trkpt lat="45.417434" lon="11.88578"><ele>11</ele></trkpt>
   <trkpt lat="45.417446" lon="11.886215"><ele>11</ele></trkpt>
   <trkpt lat="45.417471" lon="11.886529"><ele>11</ele></trkpt>
   <trkpt lat="45.417512" lon="11.886879"><ele>11</ele></trkpt>
   <trkpt lat="45.417644" lon="11.887649"><ele>10.25</ele></trkpt>
   <trkpt lat="45.417776" lon="11.888412"><ele>11</ele></trkpt>
   <trkpt lat="45.41822" lon="11.890699"><ele>10</ele></trkpt>
   <trkpt lat="45.418788" lon="11.893619"><ele>10</ele></trkpt>
   <trkpt lat="45.418968" lon="11.894544"><ele>11</ele></trkpt>
   <trkpt lat="45.419038" lon="11.894979"><ele>11</ele></trkpt>
   <trkpt lat="45.419069" lon="11.895259"><ele>11</ele></trkpt>
   <trkpt lat="45.419363" lon="11.89678"><ele>11</ele></trkpt>
   <trkpt lat="45.419569" lon="11.897883"><ele>11</ele></trkpt>
   <trkpt lat="45.420006" lon="11.900364"><ele>10.5</ele></trkpt>
   <trkpt lat="45.420783" lon="11.904296"><ele>11</ele></trkpt>
   <trkpt lat="45.420904" lon="11.904894"><ele>11</ele></trkpt>
   <trkpt lat="45.421333" lon="11.907024"><ele>11</ele></trkpt>
   <trkpt lat="45.421477" lon="11.907739"><ele>11</ele></trkpt>
   <trkpt lat="45.421944" lon="11.910059"><ele>10.75</ele></trkpt>
   <trkpt lat="45.421979" lon="11.910237"><ele>11</ele></trkpt>
   <trkpt lat="45.422155" lon="11.911113"><ele>11</ele></trkpt>
   <trkpt lat="45.42229" lon="11.911781"><ele>11</ele></trkpt>
   <trkpt lat="45.422458" lon="11.912702"><ele>11</ele></trkpt>
   <trkpt lat="45.422878" lon="11.915156"><ele>11</ele></trkpt>
   <trkpt lat="45.423022" lon="11.915938"><ele>11</ele></trkpt>
   <trkpt lat="45.42366" lon="11.919193"><ele>11</ele></trkpt>
   <trkpt lat="45.423962" lon="11.920993"><ele>10</ele></trkpt>
   <trkpt lat="45.424272" lon="11.922532"><ele>11</ele></trkpt>
   <trkpt lat="45.424758" lon="11.925044"><ele>11</ele></trkpt>
   <trkpt lat="45.424873" lon="11.925638"><ele>11</ele></trkpt>
   <trkpt lat="45.425196" lon="11.927311"><ele>11</ele></trkpt>
   <trkpt lat="45.427179" lon="11.937544"><ele>10</ele></trkpt>
   <trkpt lat="45.428831" lon="11.946083"><ele>11</ele></trkpt>
   <trkpt lat="45.428961" lon="11.946748"><ele>11</ele></trkpt>
   <trkpt lat="45.429308" lon="11.948549"><ele>10.25</ele></trkpt>
   <trkpt lat="45.429547" lon="11.94978"><ele>10</ele></trkpt>
   <trkpt lat="45.429581" lon="11.949955"><ele>10</ele></trkpt>
   <trkpt lat="45.429924" lon="11.951728"><ele>10</ele></trkpt>
   <trkpt lat="45.430232" lon="11.953311"><ele>10</ele></trkpt>
   <trkpt lat="45.431928" lon="11.962068"><ele>9</ele></trkpt>
   <trkpt lat="45.432116" lon="11.963041"><ele>9</ele></trkpt>
   <trkpt lat="45.432226" lon="11.963609"><ele>9</ele></trkpt>
   <trkpt lat="45.433078" lon="11.968077"><ele>8.75</ele></trkpt>
   <trkpt lat="45.433107" lon="11.96823"><ele>8.75</ele></trkpt>
   <trkpt lat="45.434349" lon="11.974604"><ele>8</ele></trkpt>
   <trkpt lat="45.435745" lon="11.98183"><ele>8</ele></trkpt>
   <trkpt lat="45.435869" lon="11.982482"><ele>8</ele></trkpt>
   <trkpt lat="45.436683" lon="11.986723"><ele>8</ele></trkpt>
   <trkpt lat="45.437343" lon="11.990137"><ele>8</ele></trkpt>
   <trkpt lat="45.437632" lon="11.991632"><ele>8</ele></trkpt>
   <trkpt lat="45.439065" lon="11.999059"><ele>8</ele></trkpt>
   <trkpt lat="45.439451" lon="12.001041"><ele>7</ele></trkpt>
   <trkpt lat="45.439576" lon="12.001692"><ele>7</ele></trkpt>
   <trkpt lat="45.441416" lon="12.011427"><ele>8</ele></trkpt>
   <trkpt lat="45.442393" lon="12.016366"><ele>7</ele></trkpt>
   <trkpt lat="45.442433" lon="12.016565"><ele>7</ele></trkpt>
   <trkpt lat="45.443385" lon="12.021339"><ele>7</ele></trkpt>
   <trkpt lat="45.443647" lon="12.022647"><ele>7</ele></trkpt>
   <trkpt lat="45.443756" lon="12.023192"><ele>7</ele></trkpt>
   <trkpt lat="45.443896" lon="12.023893"><ele>7</ele></trkpt>
   <trkpt lat="45.446282" lon="12.035672"><ele>6.5</ele></trkpt>
   <trkpt lat="45.446679" lon="12.037683"><ele>7.25</ele></trkpt>
   <trkpt lat="45.446737" lon="12.037976"><ele>6</ele></trkpt>
   <trkpt lat="45.447037" lon="12.039467"><ele>6</ele></trkpt>
   <trkpt lat="45.44716" lon="12.040078"><ele>6</ele></trkpt>
   <trkpt lat="45.4487" lon="12.047822"><ele>7</ele></trkpt>
   <trkpt lat="45.45047" lon="12.056752"><ele>6</ele></trkpt>
   <trkpt lat="45.450735" lon="12.058082"><ele>6</ele></trkpt>
   <trkpt lat="45.451142" lon="12.060141"><ele>6</ele></trkpt>
   <trkpt lat="45.452288" lon="12.065891"><ele>5.75</ele></trkpt>
   <trkpt lat="45.452378" lon="12.066365"><ele>5</ele></trkpt>
   <trkpt lat="45.453018" lon="12.069563"><ele>7</ele></trkpt>
   <trkpt lat="45.453429" lon="12.071636"><ele>6.5</ele></trkpt>
   <trkpt lat="45.453635" lon="12.072676"><ele>6</ele></trkpt>
   <trkpt lat="45.454454" lon="12.076797"><ele>5.75</ele></trkpt>
   <trkpt lat="45.454883" lon="12.078967"><ele>6</ele></trkpt>
   <trkpt lat="45.456015" lon="12.084659"><ele>5.5</ele></trkpt>
   <trkpt lat="45.457015" lon="12.089693"><ele>5.5</ele></trkpt>
   <trkpt lat="45.458407" lon="12.09669"><ele>4.5</ele></trkpt>
   <trkpt lat="45.45858" lon="12.097576"><ele>4.75</ele></trkpt>
   <trkpt lat="45.460908" lon="12.109356"><ele>4.25</ele></trkpt>
   <trkpt lat="45.46176" lon="12.113439"><ele>4.25</ele></trkpt>
   <trkpt lat="45.461882" lon="12.113993"><ele>6.25</ele></trkpt>
   <trkpt lat="45.4626" lon="12.117355"><ele>4.5</ele></trkpt>
   <trkpt lat="45.462774" lon="12.118157"><ele>6.5</ele></trkpt>
   <trkpt lat="45.462832" lon="12.118429"><ele>6.5</ele></trkpt>
   <trkpt lat="45.462922" lon="12.118852"><ele>7</ele></trkpt>
   <trkpt lat="45.463274" lon="12.12049"><ele>5</ele></trkpt>
   <trkpt lat="45.463527" lon="12.121634"><ele>6.75</ele></trkpt>
   <trkpt lat="45.466271" lon="12.13438"><ele>4</ele></trkpt>
   <trkpt lat="45.466296" lon="12.134499"><ele>4</ele></trkpt>
   <trkpt lat="45.466379" lon="12.134885"><ele>4</ele></trkpt>
   <trkpt lat="45.468809" lon="12.146173"><ele>3</ele></trkpt>
   <trkpt lat="45.470753" lon="12.155204"><ele>2</ele></trkpt>
   <trkpt lat="45.470869" lon="12.155743"><ele>2</ele></trkpt>
   <trkpt lat="45.471448" lon="12.15843"><ele>2.75</ele></trkpt>
   <trkpt lat="45.472953" lon="12.165519"><ele>3</ele></trkpt>
   <trkpt lat="45.473959" lon="12.170683"><ele>3</ele></trkpt>
   <trkpt lat="45.474762" lon="12.17446"><ele>3</ele></trkpt>
   <trkpt lat="45.475281" lon="12.176887"><ele>3</ele></trkpt>
   <trkpt lat="45.476629" lon="12.182794"><ele>3</ele></trkpt>
   <trkpt lat="45.476977" lon="12.184275"><ele>3</ele></trkpt>
   <trkpt lat="45.477258" lon="12.185503"><ele>2</ele></trkpt>
   <trkpt lat="45.477684" lon="12.187483"><ele>3</ele></trkpt>
   <trkpt lat="45.478117" lon="12.189516"><ele>3</ele></trkpt>
   <trkpt lat="45.47837" lon="12.190785"><ele>3</ele></trkpt>
   <trkpt lat="45.478617" lon="12.192105"><ele>2.75</ele></trkpt>
   <trkpt lat="45.479079" lon="12.194464"><ele>4</ele></trkpt>
   <trkpt lat="45.47922" lon="12.195115"><ele>4</ele></trkpt>
   <trkpt lat="45.479518" lon="12.196501"><ele>4</ele></trkpt>
   <trkpt lat="45.47985" lon="12.197946"><ele>4</ele></trkpt>
   <trkpt lat="45.480315" lon="12.199849"><ele>4</ele></trkpt>
   <trkpt lat="45.481115" lon="12.203216"><ele>3</ele></trkpt>
   <trkpt lat="45.481275" lon="12.203904"><ele>3</ele></trkpt>
   <trkpt lat="45.481501" lon="12.205112"><ele>3</ele></trkpt>
   <trkpt lat="45.48168" lon="12.205881"><ele>3</ele></trkpt>
   <trkpt lat="45.481815" lon="12.206611"><ele>3</ele></trkpt>
   <trkpt lat="45.481851" lon="12.206771"><ele>3</ele></trkpt>
   <trkpt lat="45.482028" lon="12.207514"><ele>3</ele></trkpt>
   <trkpt lat="45.482269" lon="12.2088"><ele>4</ele></trkpt>
   <trkpt lat="45.482393" lon="12.209322"><ele>4</ele></trkpt>
   <trkpt lat="45.482411" lon="12.209402"><ele>4</ele></trkpt>
   <trkpt lat="45.482538" lon="12.210098"><ele>4</ele></trkpt>
   <trkpt lat="45.48279" lon="12.211174"><ele>4</ele></trkpt>
   <trkpt lat="45.482979" lon="12.212108"><ele>3</ele></trkpt>
   <trkpt lat="45.483115" lon="12.212958"><ele>4</ele></trkpt>
   <trkpt lat="45.483213" lon="12.21375"><ele>4</ele></trkpt>
   <trkpt lat="45.483253" lon="12.214029"><ele>4</ele></trkpt>
   <trkpt lat="45.483435" lon="12.215578"><ele>4</ele></trkpt>
   <trkpt lat="45.483474" lon="12.21595"><ele>4</ele></trkpt>
   <trkpt lat="45.483539" lon="12.216682"><ele>3</ele></trkpt>
   <trkpt lat="45.483651" lon="12.21837"><ele>3</ele></trkpt>
   <trkpt lat="45.483782" lon="12.220378"><ele>3</ele></trkpt>
   <trkpt lat="45.483803" lon="12.220824"><ele>3</ele></trkpt>
   <trkpt lat="45.483817" lon="12.221461"><ele>3</ele></trkpt>
   <trkpt lat="45.483801" lon="12.221978"><ele>3</ele></trkpt>
   <trkpt lat="45.483748" lon="12.222775"><ele>3</ele></trkpt>
   <trkpt lat="45.483701" lon="12.223198"><ele>3.5</ele></trkpt>
   <trkpt lat="45.483629" lon="12.223711"><ele>3.75</ele></trkpt>
   <trkpt lat="45.483534" lon="12.224232"><ele>4</ele></trkpt>
   <trkpt lat="45.483421" lon="12.224753"><ele>3.75</ele></trkpt>
   <trkpt lat="45.483183" lon="12.225677"><ele>3</ele></trkpt>
   <trkpt lat="45.482825" lon="12.226662"><ele>3</ele></trkpt>
   <trkpt lat="45.482607" lon="12.227421"><ele>3</ele></trkpt>
   <trkpt lat="45.482519" lon="12.227734"><ele>2.75</ele></trkpt>
   <trkpt lat="45.482001" lon="12.229515"><ele>3</ele></trkpt>
   <trkpt lat="45.481829" lon="12.230114"><ele>3</ele></trkpt>
   <trkpt lat="45.481688" lon="12.230614"><ele>3</ele></trkpt>
   <trkpt lat="45.481474" lon="12.23146"><ele>3</ele></trkpt>
   <trkpt lat="45.481418" lon="12.231683"><ele>3</ele></trkpt>
   <trkpt lat="45.481236" lon="12.232425"><ele>3</ele></trkpt>
   <trkpt lat="45.481004" lon="12.233575"><ele>3</ele></trkpt>
   <trkpt lat="45.480908" lon="12.234035"><ele>3</ele></trkpt>
   <trkpt lat="45.480801" lon="12.234751"><ele>3</ele></trkpt>
   <trkpt lat="45.480623" lon="12.235693"><ele>3</ele></trkpt>
   <trkpt lat="45.480526" lon="12.236191"><ele>3</ele></trkpt>
   <trkpt lat="45.480431" lon="12.236876"><ele>3</ele></trkpt>
   <trkpt lat="45.480362" lon="12.237237"><ele>3</ele></trkpt>
   <trkpt lat="45.480248" lon="12.237983"><ele>3</ele></trkpt>
   <trkpt lat="45.480094" lon="12.238742"><ele>3</ele></trkpt>
   <trkpt lat="45.48026" lon="12.23811"><ele>3</ele></trkpt>
   <trkpt lat="45.480329" lon="12.237771"><ele>3</ele></trkpt>
   <trkpt lat="45.480444" lon="12.237356"><ele>3</ele></trkpt>
   <trkpt lat="45.480568" lon="12.237"><ele>3</ele></trkpt>
   <trkpt lat="45.48072" lon="12.236545"><ele>3</ele></trkpt>
   <trkpt lat="45.480848" lon="12.236027"><ele>3</ele></trkpt>
   <trkpt lat="45.481855" lon="12.231931"><ele>3</ele></trkpt>
   <trkpt lat="45.482176" lon="12.230637"><ele>3</ele></trkpt>
   <trkpt lat="45.482477" lon="12.229485"><ele>3</ele></trkpt>
   <trkpt lat="45.482847" lon="12.22838"><ele>2.75</ele></trkpt>
   <trkpt lat="45.48293" lon="12.228034"><ele>3</ele></trkpt>
   <trkpt lat="45.483133" lon="12.22738"><ele>3</ele></trkpt>
   <trkpt lat="45.483172" lon="12.227209"><ele>3</ele></trkpt>
   <trkpt lat="45.483306" lon="12.226744"><ele>3</ele></trkpt>
   <trkpt lat="45.483419" lon="12.226467"><ele>3</ele></trkpt>
   <trkpt lat="45.483542" lon="12.226211"><ele>3</ele></trkpt>
   <trkpt lat="45.483657" lon="12.226022"><ele>2.75</ele></trkpt>
   <trkpt lat="45.48383" lon="12.225769"><ele>3</ele></trkpt>
   <trkpt lat="45.484342" lon="12.225114"><ele>3</ele></trkpt>
   <trkpt lat="45.484538" lon="12.2248"><ele>2.5</ele></trkpt>
   <trkpt lat="45.484842" lon="12.224386"><ele>2.25</ele></trkpt>
   <trkpt lat="45.485104" lon="12.224087"><ele>3</ele></trkpt>
   <trkpt lat="45.485282" lon="12.22392"><ele>3</ele></trkpt>
   <trkpt lat="45.485435" lon="12.223794"><ele>3</ele></trkpt>
   <trkpt lat="45.485593" lon="12.223684"><ele>3</ele></trkpt>
   <trkpt lat="45.485739" lon="12.223597"><ele>3</ele></trkpt>
   <trkpt lat="45.485931" lon="12.223503"><ele>3</ele></trkpt>
   <trkpt lat="45.486136" lon="12.22342"><ele>3</ele></trkpt>
   <trkpt lat="45.486319" lon="12.223362"><ele>3</ele></trkpt>
   <trkpt lat="45.487258" lon="12.223125"><ele>3.75</ele></trkpt>
   <trkpt lat="45.487671" lon="12.223086"><ele>4</ele></trkpt>
   <trkpt lat="45.48793" lon="12.223065"><ele>4</ele></trkpt>
   <trkpt lat="45.488247" lon="12.223061"><ele>4</ele></trkpt>
   <trkpt lat="45.488658" lon="12.223042"><ele>3.75</ele></trkpt>
   <trkpt lat="45.489104" lon="12.222976"><ele>3</ele></trkpt>
   <trkpt lat="45.489279" lon="12.222967"><ele>3.25</ele></trkpt>
   <trkpt lat="45.489571" lon="12.222984"><ele>3.5</ele></trkpt>
   <trkpt lat="45.489761" lon="12.223022"><ele>3.75</ele></trkpt>
   <trkpt lat="45.489894" lon="12.223059"><ele>3.25</ele></trkpt>
   <trkpt lat="45.490143" lon="12.223156"><ele>3.25</ele></trkpt>
   <trkpt lat="45.490412" lon="12.223308"><ele>3.75</ele></trkpt>
   <trkpt lat="45.490491" lon="12.223361"><ele>4</ele></trkpt>
   <trkpt lat="45.490625" lon="12.223463"><ele>4</ele></trkpt>
   <trkpt lat="45.490761" lon="12.223582"><ele>4</ele></trkpt>
   <trkpt lat="45.490889" lon="12.22371"><ele>3.75</ele></trkpt>
   <trkpt lat="45.491061" lon="12.223902"><ele>3</ele></trkpt>
   <trkpt lat="45.491199" lon="12.224085"><ele>3</ele></trkpt>
   <trkpt lat="45.491326" lon="12.224279"><ele>2.5</ele></trkpt>
   <trkpt lat="45.491481" lon="12.224541"><ele>2</ele></trkpt>
   <trkpt lat="45.49378" lon="12.228594"><ele>2</ele></trkpt>
   <trkpt lat="45.494274" lon="12.229455"><ele>2</ele></trkpt>
   <trkpt lat="45.494737" lon="12.230229"><ele>2</ele></trkpt>
   <trkpt lat="45.495168" lon="12.230907"><ele>2.25</ele></trkpt>
   <trkpt lat="45.49553" lon="12.231449"><ele>3.75</ele></trkpt>
   <trkpt lat="45.495751" lon="12.231774"><ele>2.25</ele></trkpt>
   <trkpt lat="45.496402" lon="12.232744"><ele>3</ele></trkpt>
   <trkpt lat="45.499513" lon="12.237352"><ele>3</ele></trkpt>
   <trkpt lat="45.500969" lon="12.239459"><ele>3</ele></trkpt>
   <trkpt lat="45.503819" lon="12.243541"><ele>4</ele></trkpt>
   <trkpt lat="45.505644" lon="12.24616"><ele>3</ele></trkpt>
   <trkpt lat="45.506537" lon="12.247439"><ele>4</ele></trkpt>
   <trkpt lat="45.506686" lon="12.247661"><ele>4</ele></trkpt>
   <trkpt lat="45.507292" lon="12.248527"><ele>4</ele></trkpt>
   <trkpt lat="45.507528" lon="12.248858"><ele>3</ele></trkpt>
   <trkpt lat="45.508914" lon="12.250854"><ele>3</ele></trkpt>
   <trkpt lat="45.509735" lon="12.252096"><ele>3</ele></trkpt>
   <trkpt lat="45.510206" lon="12.252842"><ele>3</ele></trkpt>
   <trkpt lat="45.510672" lon="12.253601"><ele>4</ele></trkpt>
   <trkpt lat="45.511131" lon="12.254366"><ele>4</ele></trkpt>
   <trkpt lat="45.511584" lon="12.255151"><ele>3</ele></trkpt>
   <trkpt lat="45.512776" lon="12.257255"><ele>2.75</ele></trkpt>
   <trkpt lat="45.513281" lon="12.258147"><ele>3</ele></trkpt>
   <trkpt lat="45.516646" lon="12.264078"><ele>3</ele></trkpt>
   <trkpt lat="45.518882" lon="12.268021"><ele>3</ele></trkpt>
   <trkpt lat="45.519759" lon="12.269567"><ele>3</ele></trkpt>
   <trkpt lat="45.519945" lon="12.269898"><ele>3</ele></trkpt>
   <trkpt lat="45.522669" lon="12.274704"><ele>3</ele></trkpt>
   <trkpt lat="45.524527" lon="12.277981"><ele>2.75</ele></trkpt>
   <trkpt lat="45.528008" lon="12.284124"><ele>2.25</ele></trkpt>
   <trkpt lat="45.528125" lon="12.284333"><ele>2.25</ele></trkpt>
   <trkpt lat="45.530178" lon="12.287957"><ele>2</ele></trkpt>
   <trkpt lat="45.532589" lon="12.292214"><ele>2</ele></trkpt>
   <trkpt lat="45.534734" lon="12.296"><ele>3.25</ele></trkpt>
   <trkpt lat="45.535011" lon="12.29649"><ele>3.25</ele></trkpt>
   <trkpt lat="45.53584" lon="12.297954"><ele>2</ele></trkpt>
   <trkpt lat="45.540038" lon="12.305373"><ele>1</ele></trkpt>
   <trkpt lat="45.54025" lon="12.305747"><ele>1.25</ele></trkpt>
   <trkpt lat="45.540968" lon="12.307012"><ele>1.25</ele></trkpt>
   <trkpt lat="45.541489" lon="12.307934"><ele>1</ele></trkpt>
   <trkpt lat="45.542531" lon="12.309762"><ele>3</ele></trkpt>
   <trkpt lat="45.543059" lon="12.310674"><ele>3</ele></trkpt>
   <trkpt lat="45.544876" lon="12.313808"><ele>2.75</ele></trkpt>
   <trkpt lat="45.545168" lon="12.314311"><ele>2</ele></trkpt>
   <trkpt lat="45.546217" lon="12.316122"><ele>2</ele></trkpt>
   <trkpt lat="45.547189" lon="12.317799"><ele>2</ele></trkpt>
   <trkpt lat="45.547723" lon="12.318721"><ele>2</ele></trkpt>
   <trkpt lat="45.547954" lon="12.31912"><ele>2</ele></trkpt>
   <trkpt lat="45.55292" lon="12.327684"><ele>3</ele></trkpt>
   <trkpt lat="45.555587" lon="12.332289"><ele>3</ele></trkpt>
   <trkpt lat="45.555864" lon="12.332768"><ele>3</ele></trkpt>
   <trkpt lat="45.558669" lon="12.337612"><ele>2</ele></trkpt>
   <trkpt lat="45.563709" lon="12.346316"><ele>1.75</ele></trkpt>
   <trkpt lat="45.563859" lon="12.346573"><ele>2</ele></trkpt>
   <trkpt lat="45.56436" lon="12.347439"><ele>2</ele></trkpt>
   <trkpt lat="45.567007" lon="12.352012"><ele>2.75</ele></trkpt>
   <trkpt lat="45.570075" lon="12.357319"><ele>2.25</ele></trkpt>
   <trkpt lat="45.570621" lon="12.358258"><ele>2.25</ele></trkpt>
   <trkpt lat="45.57173" lon="12.360174"><ele>2</ele></trkpt>
   <trkpt lat="45.573199" lon="12.362831"><ele>1.75</ele></trkpt>
   <trkpt lat="45.573313" lon="12.363028"><ele>2</ele></trkpt>
   <trkpt lat="45.574513" lon="12.365114"><ele>3</ele></trkpt>
   <trkpt lat="45.574745" lon="12.365503"><ele>3</ele></trkpt>
   <trkpt lat="45.574864" lon="12.365697"><ele>3</ele></trkpt>
   <trkpt lat="45.575786" lon="12.367208"><ele>2</ele></trkpt>
   <trkpt lat="45.576523" lon="12.368478"><ele>2.75</ele></trkpt>
   <trkpt lat="45.579428" lon="12.373474"><ele>5.75</ele></trkpt>
   <trkpt lat="45.579461" lon="12.37353"><ele>5.75</ele></trkpt>
   <trkpt lat="45.579636" lon="12.373832"><ele>5.5</ele></trkpt>
   <trkpt lat="45.580326" lon="12.375033"><ele>6.5</ele></trkpt>
   <trkpt lat="45.580731" lon="12.375741"><ele>4.5</ele></trkpt>
   <trkpt lat="45.581009" lon="12.376248"><ele>4.75</ele></trkpt>
   <trkpt lat="45.581271" lon="12.376759"><ele>4.5</ele></trkpt>
   <trkpt lat="45.581464" lon="12.377162"><ele>5.25</ele></trkpt>
   <trkpt lat="45.581668" lon="12.377608"><ele>5.75</ele></trkpt>
   <trkpt lat="45.58176" lon="12.377824"><ele>4.75</ele></trkpt>
   <trkpt lat="45.582329" lon="12.379268"><ele>4.25</ele></trkpt>
   <trkpt lat="45.585932" lon="12.388245"><ele>2</ele></trkpt>
   <trkpt lat="45.587182" lon="12.391359"><ele>2</ele></trkpt>
   <trkpt lat="45.589112" lon="12.396165"><ele>2</ele></trkpt>
   <trkpt lat="45.590445" lon="12.399355"><ele>1.5</ele></trkpt>
   <trkpt lat="45.593866" lon="12.40754"><ele>2</ele></trkpt>
   <trkpt lat="45.595051" lon="12.410375"><ele>2</ele></trkpt>
   <trkpt lat="45.599651" lon="12.421374"><ele>2</ele></trkpt>
   <trkpt lat="45.6003" lon="12.422926"><ele>2</ele></trkpt>
   <trkpt lat="45.602199" lon="12.427467"><ele>1</ele></trkpt>
   <trkpt lat="45.604251" lon="12.432379"><ele>2</ele></trkpt>
   <trkpt lat="45.605005" lon="12.434182"><ele>1.75</ele></trkpt>
   <trkpt lat="45.605135" lon="12.434492"><ele>1.5</ele></trkpt>
   <trkpt lat="45.605168" lon="12.43457"><ele>1.25</ele></trkpt>
   <trkpt lat="45.606753" lon="12.43837"><ele>1</ele></trkpt>
   <trkpt lat="45.606854" lon="12.43861"><ele>1</ele></trkpt>
   <trkpt lat="45.608851" lon="12.443388"><ele>2</ele></trkpt>
   <trkpt lat="45.611602" lon="12.44997"><ele>2</ele></trkpt>
   <trkpt lat="45.611956" lon="12.450838"><ele>3</ele></trkpt>
   <trkpt lat="45.61248" lon="12.452189"><ele>3</ele></trkpt>
   <trkpt lat="45.613241" lon="12.454186"><ele>3</ele></trkpt>
   <trkpt lat="45.613379" lon="12.454549"><ele>3</ele></trkpt>
   <trkpt lat="45.613544" lon="12.454981"><ele>2.75</ele></trkpt>
   <trkpt lat="45.613795" lon="12.455641"><ele>2.25</ele></trkpt>
   <trkpt lat="45.613856" lon="12.455805"><ele>2</ele></trkpt>
   <trkpt lat="45.614539" lon="12.457623"><ele>3</ele></trkpt>
   <trkpt lat="45.614708" lon="12.458067"><ele>2.75</ele></trkpt>
   <trkpt lat="45.614894" lon="12.458574"><ele>3</ele></trkpt>
   <trkpt lat="45.615074" lon="12.459091"><ele>3</ele></trkpt>
   <trkpt lat="45.615366" lon="12.459994"><ele>3</ele></trkpt>
   <trkpt lat="45.615504" lon="12.460466"><ele>3</ele></trkpt>
   <trkpt lat="45.615771" lon="12.461469"><ele>3</ele></trkpt>
   <trkpt lat="45.615894" lon="12.461976"><ele>3</ele></trkpt>
   <trkpt lat="45.616073" lon="12.462762"><ele>2</ele></trkpt>
   <trkpt lat="45.616842" lon="12.466228"><ele>2</ele></trkpt>
   <trkpt lat="45.616855" lon="12.466286"><ele>2</ele></trkpt>
   <trkpt lat="45.619538" lon="12.47845"><ele>2.5</ele></trkpt>
   <trkpt lat="45.620158" lon="12.481258"><ele>3</ele></trkpt>
   <trkpt lat="45.621429" lon="12.487023"><ele>1.5</ele></trkpt>
   <trkpt lat="45.621484" lon="12.487277"><ele>1</ele></trkpt>
   <trkpt lat="45.621838" lon="12.488892"><ele>2</ele></trkpt>
   <trkpt lat="45.622214" lon="12.49071"><ele>2.75</ele></trkpt>
   <trkpt lat="45.623467" lon="12.496874"><ele>3</ele></trkpt>
   <trkpt lat="45.623807" lon="12.498549"><ele>2</ele></trkpt>
   <trkpt lat="45.623877" lon="12.498873"><ele>2</ele></trkpt>
   <trkpt lat="45.624189" lon="12.500414"><ele>2</ele></trkpt>
   <trkpt lat="45.624493" lon="12.501909"><ele>1</ele></trkpt>
   <trkpt lat="45.624728" lon="12.503059"><ele>1</ele></trkpt>
   <trkpt lat="45.625007" lon="12.504439"><ele>2</ele></trkpt>
   <trkpt lat="45.625054" lon="12.504668"><ele>2</ele></trkpt>
   <trkpt lat="45.626987" lon="12.514138"><ele>2</ele></trkpt>
   <trkpt lat="45.627237" lon="12.515363"><ele>1.75</ele></trkpt>
   <trkpt lat="45.629763" lon="12.527762"><ele>2</ele></trkpt>
   <trkpt lat="45.631028" lon="12.533974"><ele>3</ele></trkpt>
   <trkpt lat="45.631941" lon="12.538459"><ele>3</ele></trkpt>
   <trkpt lat="45.632747" lon="12.542562"><ele>4</ele></trkpt>
   <trkpt lat="45.63312" lon="12.54438"><ele>4</ele></trkpt>
   <trkpt lat="45.633293" lon="12.545233"><ele>4</ele></trkpt>
   <trkpt lat="45.633388" lon="12.545666"><ele>4</ele></trkpt>
   <trkpt lat="45.633486" lon="12.546088"><ele>4</ele></trkpt>
   <trkpt lat="45.633675" lon="12.54682"><ele>4</ele></trkpt>
   <trkpt lat="45.63373" lon="12.54702"><ele>4</ele></trkpt>
   <trkpt lat="45.633899" lon="12.547603"><ele>4</ele></trkpt>
   <trkpt lat="45.634147" lon="12.548365"><ele>3.75</ele></trkpt>
   <trkpt lat="45.634299" lon="12.548792"><ele>3</ele></trkpt>
   <trkpt lat="45.634454" lon="12.549201"><ele>3</ele></trkpt>
   <trkpt lat="45.634653" lon="12.549696"><ele>3</ele></trkpt>
   <trkpt lat="45.634822" lon="12.550093"><ele>3</ele></trkpt>
   <trkpt lat="45.63502" lon="12.550537"><ele>3</ele></trkpt>
   <trkpt lat="45.635186" lon="12.550889"><ele>3</ele></trkpt>
   <trkpt lat="45.635426" lon="12.551382"><ele>3</ele></trkpt>
   <trkpt lat="45.635632" lon="12.551777"><ele>3</ele></trkpt>
   <trkpt lat="45.63783" lon="12.555999"><ele>3</ele></trkpt>
   <trkpt lat="45.639245" lon="12.558712"><ele>3</ele></trkpt>
   <trkpt lat="45.639289" lon="12.558799"><ele>3</ele></trkpt>
   <trkpt lat="45.639849" lon="12.559863"><ele>3</ele></trkpt>
   <trkpt lat="45.640975" lon="12.56205"><ele>2.75</ele></trkpt>
   <trkpt lat="45.641062" lon="12.562219"><ele>2.75</ele></trkpt>
   <trkpt lat="45.641882" lon="12.563806"><ele>2</ele></trkpt>
   <trkpt lat="45.642163" lon="12.564322"><ele>2</ele></trkpt>
   <trkpt lat="45.642435" lon="12.564801"><ele>2</ele></trkpt>
   <trkpt lat="45.642862" lon="12.565479"><ele>2</ele></trkpt>
   <trkpt lat="45.644405" lon="12.567808"><ele>1</ele></trkpt>
   <trkpt lat="45.646323" lon="12.570708"><ele>1</ele></trkpt>
   <trkpt lat="45.64695" lon="12.571656"><ele>1</ele></trkpt>
   <trkpt lat="45.65314" lon="12.580991"><ele>1</ele></trkpt>
   <trkpt lat="45.653394" lon="12.581373"><ele>1</ele></trkpt>
   <trkpt lat="45.653531" lon="12.581577"><ele>1</ele></trkpt>
   <trkpt lat="45.654969" lon="12.583742"><ele>1</ele></trkpt>
   <trkpt lat="45.659328" lon="12.59033"><ele>1</ele></trkpt>
   <trkpt lat="45.664195" lon="12.597683"><ele>0</ele></trkpt>
   <trkpt lat="45.664452" lon="12.598075"><ele>0</ele></trkpt>
   <trkpt lat="45.664477" lon="12.598113"><ele>0</ele></trkpt>
   <trkpt lat="45.665504" lon="12.599659"><ele>-0.25</ele></trkpt>
   <trkpt lat="45.671766" lon="12.609112"><ele>-2</ele></trkpt>
   <trkpt lat="45.677833" lon="12.618281"><ele>-0.5</ele></trkpt>
   <trkpt lat="45.680858" lon="12.622852"><ele>0</ele></trkpt>
   <trkpt lat="45.68403" lon="12.627659"><ele>1</ele></trkpt>
   <trkpt lat="45.685845" lon="12.630385"><ele>1</ele></trkpt>
   <trkpt lat="45.687438" lon="12.632689"><ele>2</ele></trkpt>
   <trkpt lat="45.688309" lon="12.633946"><ele>2</ele></trkpt>
   <trkpt lat="45.689098" lon="12.635092"><ele>2</ele></trkpt>
   <trkpt lat="45.68959" lon="12.635804"><ele>2.25</ele></trkpt>
   <trkpt lat="45.690343" lon="12.636897"><ele>3</ele></trkpt>
   <trkpt lat="45.690622" lon="12.637302"><ele>3</ele></trkpt>
   <trkpt lat="45.692513" lon="12.640019"><ele>4</ele></trkpt>
   <trkpt lat="45.694166" lon="12.642415"><ele>1</ele></trkpt>
   <trkpt lat="45.694331" lon="12.642641"><ele>1</ele></trkpt>
   <trkpt lat="45.695947" lon="12.644995"><ele>3</ele></trkpt>
   <trkpt lat="45.696615" lon="12.645959"><ele>2.25</ele></trkpt>
   <trkpt lat="45.696963" lon="12.64646"><ele>3.25</ele></trkpt>
   <trkpt lat="45.700136" lon="12.651039"><ele>1</ele></trkpt>
   <trkpt lat="45.700237" lon="12.651183"><ele>1</ele></trkpt>
   <trkpt lat="45.702942" lon="12.655097"><ele>2</ele></trkpt>
   <trkpt lat="45.704593" lon="12.657486"><ele>2</ele></trkpt>
   <trkpt lat="45.706014" lon="12.659543"><ele>3</ele></trkpt>
   <trkpt lat="45.709293" lon="12.664285"><ele>2</ele></trkpt>
   <trkpt lat="45.713811" lon="12.670834"><ele>7</ele></trkpt>
   <trkpt lat="45.713946" lon="12.67104"><ele>7.25</ele></trkpt>
   <trkpt lat="45.714853" lon="12.672379"><ele>6.5</ele></trkpt>
   <trkpt lat="45.715131" lon="12.672785"><ele>6.25</ele></trkpt>
   <trkpt lat="45.715547" lon="12.673387"><ele>6</ele></trkpt>
   <trkpt lat="45.715801" lon="12.673755"><ele>6</ele></trkpt>
   <trkpt lat="45.71798" lon="12.676859"><ele>6</ele></trkpt>
   <trkpt lat="45.718655" lon="12.677859"><ele>5</ele></trkpt>
   <trkpt lat="45.719097" lon="12.678581"><ele>5</ele></trkpt>
   <trkpt lat="45.719568" lon="12.679422"><ele>4</ele></trkpt>
   <trkpt lat="45.719988" lon="12.680257"><ele>3</ele></trkpt>
   <trkpt lat="45.720287" lon="12.68091"><ele>3</ele></trkpt>
   <trkpt lat="45.720606" lon="12.681672"><ele>3</ele></trkpt>
   <trkpt lat="45.721061" lon="12.682836"><ele>3</ele></trkpt>
   <trkpt lat="45.721249" lon="12.683318"><ele>3</ele></trkpt>
   <trkpt lat="45.72147" lon="12.683888"><ele>3</ele></trkpt>
   <trkpt lat="45.721484" lon="12.683926"><ele>3</ele></trkpt>
   <trkpt lat="45.721669" lon="12.684516"><ele>3</ele></trkpt>
   <trkpt lat="45.72181" lon="12.684881"><ele>3</ele></trkpt>
   <trkpt lat="45.722353" lon="12.686288"><ele>1.25</ele></trkpt>
   <trkpt lat="45.7234" lon="12.688992"><ele>2.75</ele></trkpt>
   <trkpt lat="45.724284" lon="12.69128"><ele>3</ele></trkpt>
   <trkpt lat="45.724406" lon="12.691597"><ele>2.75</ele></trkpt>
   <trkpt lat="45.724702" lon="12.692255"><ele>2</ele></trkpt>
   <trkpt lat="45.724772" lon="12.692431"><ele>2</ele></trkpt>
   <trkpt lat="45.72561" lon="12.694607"><ele>2</ele></trkpt>
   <trkpt lat="45.726502" lon="12.696841"><ele>2</ele></trkpt>
   <trkpt lat="45.730104" lon="12.705758"><ele>1.5</ele></trkpt>
   <trkpt lat="45.730405" lon="12.706503"><ele>1.5</ele></trkpt>
   <trkpt lat="45.730577" lon="12.706918"><ele>1.5</ele></trkpt>
   <trkpt lat="45.732347" lon="12.711227"><ele>1.5</ele></trkpt>
   <trkpt lat="45.73244" lon="12.711461"><ele>1.25</ele></trkpt>
   <trkpt lat="45.73286" lon="12.712497"><ele>1.25</ele></trkpt>
   <trkpt lat="45.734626" lon="12.71685"><ele>1.25</ele></trkpt>
   <trkpt lat="45.738225" lon="12.725725"><ele>1</ele></trkpt>
   <trkpt lat="45.73914" lon="12.727979"><ele>1</ele></trkpt>
   <trkpt lat="45.741842" lon="12.734632"><ele>1</ele></trkpt>
   <trkpt lat="45.741918" lon="12.73483"><ele>1</ele></trkpt>
   <trkpt lat="45.742997" lon="12.737488"><ele>1</ele></trkpt>
   <trkpt lat="45.743084" lon="12.737705"><ele>1</ele></trkpt>
   <trkpt lat="45.743193" lon="12.737975"><ele>1</ele></trkpt>
   <trkpt lat="45.743629" lon="12.739049"><ele>1</ele></trkpt>
   <trkpt lat="45.743736" lon="12.739327"><ele>1</ele></trkpt>
   <trkpt lat="45.743817" lon="12.739527"><ele>1</ele></trkpt>
   <trkpt lat="45.748153" lon="12.750196"><ele>1</ele></trkpt>
   <trkpt lat="45.74951" lon="12.753544"><ele>2</ele></trkpt>
   <trkpt lat="45.751649" lon="12.758821"><ele>2</ele></trkpt>
   <trkpt lat="45.751945" lon="12.759552"><ele>2</ele></trkpt>
   <trkpt lat="45.752573" lon="12.76111"><ele>2</ele></trkpt>
   <trkpt lat="45.752666" lon="12.761342"><ele>2</ele></trkpt>
   <trkpt lat="45.753057" lon="12.762301"><ele>2</ele></trkpt>
   <trkpt lat="45.757178" lon="12.772471"><ele>1</ele></trkpt>
   <trkpt lat="45.759359" lon="12.77786"><ele>2</ele></trkpt>
   <trkpt lat="45.761683" lon="12.783604"><ele>3</ele></trkpt>
   <trkpt lat="45.765304" lon="12.792556"><ele>3</ele></trkpt>
   <trkpt lat="45.765432" lon="12.792871"><ele>3</ele></trkpt>
   <trkpt lat="45.76619" lon="12.794744"><ele>3.25</ele></trkpt>
   <trkpt lat="45.769139" lon="12.802038"><ele>3.25</ele></trkpt>
   <trkpt lat="45.770691" lon="12.805873"><ele>4</ele></trkpt>
   <trkpt lat="45.773608" lon="12.813083"><ele>1</ele></trkpt>
   <trkpt lat="45.7737" lon="12.813322"><ele>1</ele></trkpt>
   <trkpt lat="45.775199" lon="12.817025"><ele>3</ele></trkpt>
   <trkpt lat="45.775237" lon="12.817115"><ele>3</ele></trkpt>
   <trkpt lat="45.77865" lon="12.825596"><ele>2</ele></trkpt>
   <trkpt lat="45.779" lon="12.826464"><ele>3</ele></trkpt>
   <trkpt lat="45.779262" lon="12.827112"><ele>2.5</ele></trkpt>
   <trkpt lat="45.779703" lon="12.828208"><ele>2</ele></trkpt>
   <trkpt lat="45.779996" lon="12.828937"><ele>3</ele></trkpt>
   <trkpt lat="45.781113" lon="12.831716"><ele>4</ele></trkpt>
   <trkpt lat="45.781576" lon="12.83286"><ele>4</ele></trkpt>
   <trkpt lat="45.781976" lon="12.833857"><ele>4</ele></trkpt>
   <trkpt lat="45.782301" lon="12.83468"><ele>4</ele></trkpt>
   <trkpt lat="45.782792" lon="12.835953"><ele>4</ele></trkpt>
   <trkpt lat="45.783414" lon="12.837568"><ele>4</ele></trkpt>
   <trkpt lat="45.783564" lon="12.837951"><ele>4</ele></trkpt>
   <trkpt lat="45.783851" lon="12.838721"><ele>4.5</ele></trkpt>
   <trkpt lat="45.784017" lon="12.839227"><ele>4</ele></trkpt>
   <trkpt lat="45.784091" lon="12.839477"><ele>3.75</ele></trkpt>
   <trkpt lat="45.784168" lon="12.83977"><ele>3.75</ele></trkpt>
   <trkpt lat="45.784275" lon="12.84023"><ele>3</ele></trkpt>
   <trkpt lat="45.784362" lon="12.840665"><ele>3</ele></trkpt>
   <trkpt lat="45.784436" lon="12.841133"><ele>3</ele></trkpt>
   <trkpt lat="45.784486" lon="12.841524"><ele>3</ele></trkpt>
   <trkpt lat="45.784526" lon="12.841929"><ele>2.25</ele></trkpt>
   <trkpt lat="45.78456" lon="12.842411"><ele>2.25</ele></trkpt>
   <trkpt lat="45.784578" lon="12.842888"><ele>3</ele></trkpt>
   <trkpt lat="45.78458" lon="12.843428"><ele>3</ele></trkpt>
   <trkpt lat="45.784568" lon="12.843814"><ele>3</ele></trkpt>
   <trkpt lat="45.784548" lon="12.8442"><ele>3</ele></trkpt>
   <trkpt lat="45.784489" lon="12.844895"><ele>3</ele></trkpt>
   <trkpt lat="45.783765" lon="12.851881"><ele>3</ele></trkpt>
   <trkpt lat="45.78339" lon="12.855487"><ele>4</ele></trkpt>
   <trkpt lat="45.783329" lon="12.856189"><ele>4</ele></trkpt>
   <trkpt lat="45.783289" lon="12.856779"><ele>4</ele></trkpt>
   <trkpt lat="45.78325" lon="12.857468"><ele>4</ele></trkpt>
   <trkpt lat="45.783218" lon="12.858617"><ele>4.25</ele></trkpt>
   <trkpt lat="45.783217" lon="12.860351"><ele>4</ele></trkpt>
   <trkpt lat="45.783237" lon="12.864842"><ele>4</ele></trkpt>
   <trkpt lat="45.783375" lon="12.895653"><ele>5</ele></trkpt>
   <trkpt lat="45.783399" lon="12.902836"><ele>5</ele></trkpt>
   <trkpt lat="45.783375" lon="12.906452"><ele>5</ele></trkpt>
   <trkpt lat="45.783384" lon="12.909129"><ele>5</ele></trkpt>
   <trkpt lat="45.783408" lon="12.911994"><ele>5.5</ele></trkpt>
   <trkpt lat="45.783409" lon="12.912099"><ele>5.5</ele></trkpt>
   <trkpt lat="45.78342" lon="12.91353"><ele>6</ele></trkpt>
   <trkpt lat="45.783448" lon="12.923487"><ele>6</ele></trkpt>
   <trkpt lat="45.783498" lon="12.935044"><ele>5</ele></trkpt>
   <trkpt lat="45.783504" lon="12.935283"><ele>5</ele></trkpt>
   <trkpt lat="45.783519" lon="12.936646"><ele>4</ele></trkpt>
   <trkpt lat="45.783534" lon="12.94105"><ele>4</ele></trkpt>
   <trkpt lat="45.783524" lon="12.942431"><ele>4</ele></trkpt>
   <trkpt lat="45.783534" lon="12.942761"><ele>4</ele></trkpt>
   <trkpt lat="45.783519" lon="12.944982"><ele>5</ele></trkpt>
   <trkpt lat="45.783476" lon="12.945626"><ele>5.25</ele></trkpt>
   <trkpt lat="45.783367" lon="12.946487"><ele>3.75</ele></trkpt>
   <trkpt lat="45.783203" lon="12.947594"><ele>4</ele></trkpt>
   <trkpt lat="45.783025" lon="12.948493"><ele>4</ele></trkpt>
   <trkpt lat="45.782789" lon="12.94937"><ele>3</ele></trkpt>
   <trkpt lat="45.781942" lon="12.952345"><ele>4</ele></trkpt>
   <trkpt lat="45.780488" lon="12.957762"><ele>4.75</ele></trkpt>
   <trkpt lat="45.780159" lon="12.958897"><ele>3.5</ele></trkpt>
   <trkpt lat="45.779616" lon="12.961007"><ele>4.5</ele></trkpt>
   <trkpt lat="45.779289" lon="12.962097"><ele>3.25</ele></trkpt>
   <trkpt lat="45.778137" lon="12.966145"><ele>3.25</ele></trkpt>
   <trkpt lat="45.777755" lon="12.967663"><ele>4.75</ele></trkpt>
   <trkpt lat="45.775462" lon="12.975994"><ele>4.25</ele></trkpt>
   <trkpt lat="45.775213" lon="12.97681"><ele>5.5</ele></trkpt>
   <trkpt lat="45.775041" lon="12.977402"><ele>4.75</ele></trkpt>
   <trkpt lat="45.774742" lon="12.978497"><ele>4.75</ele></trkpt>
   <trkpt lat="45.773831" lon="12.98183"><ele>5</ele></trkpt>
   <trkpt lat="45.772881" lon="12.985343"><ele>6</ele></trkpt>
   <trkpt lat="45.772764" lon="12.985741"><ele>5.75</ele></trkpt>
   <trkpt lat="45.77201" lon="12.988501"><ele>6</ele></trkpt>
   <trkpt lat="45.771866" lon="12.989091"><ele>6.5</ele></trkpt>
   <trkpt lat="45.771784" lon="12.989488"><ele>6.25</ele></trkpt>
   <trkpt lat="45.771687" lon="12.990032"><ele>6.75</ele></trkpt>
   <trkpt lat="45.771627" lon="12.990649"><ele>7.5</ele></trkpt>
   <trkpt lat="45.771584" lon="12.991285"><ele>7.5</ele></trkpt>
   <trkpt lat="45.771554" lon="12.991993"><ele>7.5</ele></trkpt>
   <trkpt lat="45.771556" lon="12.992224"><ele>7.5</ele></trkpt>
   <trkpt lat="45.771598" lon="12.992923"><ele>8.5</ele></trkpt>
   <trkpt lat="45.771628" lon="12.993283"><ele>9.25</ele></trkpt>
   <trkpt lat="45.77184" lon="12.994673"><ele>7</ele></trkpt>
   <trkpt lat="45.771889" lon="12.994974"><ele>9.5</ele></trkpt>
   <trkpt lat="45.772203" lon="12.997062"><ele>7.25</ele></trkpt>
   <trkpt lat="45.772298" lon="12.99761"><ele>6.75</ele></trkpt>
   <trkpt lat="45.772321" lon="12.997723"><ele>6.25</ele></trkpt>
   <trkpt lat="45.772346" lon="12.997864"><ele>6</ele></trkpt>
   <trkpt lat="45.772464" lon="12.998354"><ele>6</ele></trkpt>
   <trkpt lat="45.772506" lon="12.998495"><ele>6</ele></trkpt>
   <trkpt lat="45.772628" lon="12.998835"><ele>5.75</ele></trkpt>
   <trkpt lat="45.772735" lon="12.999075"><ele>8.25</ele></trkpt>
   <trkpt lat="45.772849" lon="12.999296"><ele>7.5</ele></trkpt>
   <trkpt lat="45.77299" lon="12.999521"><ele>7.75</ele></trkpt>
   <trkpt lat="45.773115" lon="12.999701"><ele>7.75</ele></trkpt>
   <trkpt lat="45.773253" lon="12.999873"><ele>7.5</ele></trkpt>
   <trkpt lat="45.773372" lon="13.000011"><ele>8.5</ele></trkpt>
   <trkpt lat="45.773598" lon="13.00023"><ele>8.5</ele></trkpt>
   <trkpt lat="45.773852" lon="13.00042"><ele>7.75</ele></trkpt>
   <trkpt lat="45.774084" lon="13.000558"><ele>7.75</ele></trkpt>
   <trkpt lat="45.77445" lon="13.000708"><ele>6.25</ele></trkpt>
   <trkpt lat="45.77458" lon="13.000741"><ele>6.25</ele></trkpt>
   <trkpt lat="45.774917" lon="13.000787"><ele>6</ele></trkpt>
   <trkpt lat="45.775899" lon="13.000875"><ele>6.75</ele></trkpt>
   <trkpt lat="45.776315" lon="13.000946"><ele>6</ele></trkpt>
   <trkpt lat="45.776748" lon="13.001088"><ele>5.75</ele></trkpt>
   <trkpt lat="45.777778" lon="13.001283"><ele>5.25</ele></trkpt>
   <trkpt lat="45.779879" lon="13.001676"><ele>5.5</ele></trkpt>
   <trkpt lat="45.780262" lon="13.001767"><ele>5.5</ele></trkpt>
   <trkpt lat="45.780529" lon="13.00185"><ele>5.25</ele></trkpt>
   <trkpt lat="45.780796" lon="13.001968"><ele>5.75</ele></trkpt>
   <trkpt lat="45.780992" lon="13.002064"><ele>5.5</ele></trkpt>
   <trkpt lat="45.781319" lon="13.002262"><ele>5.5</ele></trkpt>
   <trkpt lat="45.781492" lon="13.002385"><ele>5.5</ele></trkpt>
   <trkpt lat="45.781748" lon="13.002598"><ele>5.5</ele></trkpt>
   <trkpt lat="45.781951" lon="13.002784"><ele>5.75</ele></trkpt>
   <trkpt lat="45.78225" lon="13.003107"><ele>5.75</ele></trkpt>
   <trkpt lat="45.7824" lon="13.003289"><ele>5.5</ele></trkpt>
   <trkpt lat="45.782552" lon="13.003487"><ele>5.25</ele></trkpt>
   <trkpt lat="45.782872" lon="13.003962"><ele>4.75</ele></trkpt>
   <trkpt lat="45.783182" lon="13.004373"><ele>5.25</ele></trkpt>
   <trkpt lat="45.783775" lon="13.005324"><ele>4.5</ele></trkpt>
   <trkpt lat="45.785385" lon="13.007979"><ele>4.25</ele></trkpt>
   <trkpt lat="45.785435" lon="13.008063"><ele>4</ele></trkpt>
   <trkpt lat="45.785922" lon="13.008877"><ele>5</ele></trkpt>
   <trkpt lat="45.78634" lon="13.009624"><ele>5.25</ele></trkpt>
   <trkpt lat="45.786643" lon="13.010265"><ele>5.75</ele></trkpt>
   <trkpt lat="45.786761" lon="13.01054"><ele>4</ele></trkpt>
   <trkpt lat="45.786981" lon="13.011112"><ele>4.75</ele></trkpt>
   <trkpt lat="45.787115" lon="13.011484"><ele>4</ele></trkpt>
   <trkpt lat="45.787223" lon="13.011814"><ele>4.75</ele></trkpt>
   <trkpt lat="45.787281" lon="13.012015"><ele>4.75</ele></trkpt>
   <trkpt lat="45.787305" lon="13.012096"><ele>4.5</ele></trkpt>
   <trkpt lat="45.787364" lon="13.012298"><ele>4.25</ele></trkpt>
   <trkpt lat="45.787394" lon="13.0124"><ele>4.25</ele></trkpt>
   <trkpt lat="45.787555" lon="13.013051"><ele>4.75</ele></trkpt>
   <trkpt lat="45.787719" lon="13.013801"><ele>4.5</ele></trkpt>
   <trkpt lat="45.788054" lon="13.015415"><ele>4.75</ele></trkpt>
   <trkpt lat="45.789926" lon="13.024445"><ele>7.5</ele></trkpt>
   <trkpt lat="45.789962" lon="13.024615"><ele>5.75</ele></trkpt>
   <trkpt lat="45.790886" lon="13.029058"><ele>3.75</ele></trkpt>
   <trkpt lat="45.790943" lon="13.029328"><ele>4</ele></trkpt>
   <trkpt lat="45.79417" lon="13.044873"><ele>3.75</ele></trkpt>
   <trkpt lat="45.798938" lon="13.067842"><ele>3.25</ele></trkpt>
   <trkpt lat="45.799097" lon="13.068539"><ele>3.25</ele></trkpt>
   <trkpt lat="45.79927" lon="13.069223"><ele>3</ele></trkpt>
   <trkpt lat="45.80018" lon="13.072513"><ele>3.25</ele></trkpt>
   <trkpt lat="45.801136" lon="13.076037"><ele>3.5</ele></trkpt>
   <trkpt lat="45.801293" lon="13.076611"><ele>3.75</ele></trkpt>
   <trkpt lat="45.801949" lon="13.078916"><ele>3.75</ele></trkpt>
   <trkpt lat="45.802022" lon="13.07918"><ele>2.5</ele></trkpt>
   <trkpt lat="45.802416" lon="13.080619"><ele>1.75</ele></trkpt>
   <trkpt lat="45.802465" lon="13.080799"><ele>1.5</ele></trkpt>
   <trkpt lat="45.802669" lon="13.081538"><ele>3</ele></trkpt>
   <trkpt lat="45.802876" lon="13.082109"><ele>3</ele></trkpt>
   <trkpt lat="45.805017" lon="13.089827"><ele>4</ele></trkpt>
   <trkpt lat="45.80515" lon="13.090312"><ele>3.5</ele></trkpt>
   <trkpt lat="45.806852" lon="13.096443"><ele>4</ele></trkpt>
   <trkpt lat="45.810452" lon="13.109417"><ele>4.5</ele></trkpt>
   <trkpt lat="45.811352" lon="13.112678"><ele>4.5</ele></trkpt>
   <trkpt lat="45.812316" lon="13.116022"><ele>3.25</ele></trkpt>
   <trkpt lat="45.81237" lon="13.116219"><ele>3</ele></trkpt>
   <trkpt lat="45.812974" lon="13.118417"><ele>3.5</ele></trkpt>
   <trkpt lat="45.815019" lon="13.125903"><ele>5.5</ele></trkpt>
   <trkpt lat="45.815057" lon="13.126042"><ele>5</ele></trkpt>
   <trkpt lat="45.81572" lon="13.128465"><ele>4.25</ele></trkpt>
   <trkpt lat="45.815765" lon="13.128624"><ele>3.75</ele></trkpt>
   <trkpt lat="45.818035" lon="13.136827"><ele>5.5</ele></trkpt>
   <trkpt lat="45.819124" lon="13.140741"><ele>5</ele></trkpt>
   <trkpt lat="45.824136" lon="13.158847"><ele>6.5</ele></trkpt>
   <trkpt lat="45.824316" lon="13.159536"><ele>6.25</ele></trkpt>
   <trkpt lat="45.82457" lon="13.160444"><ele>6.5</ele></trkpt>
   <trkpt lat="45.825431" lon="13.163541"><ele>6</ele></trkpt>
   <trkpt lat="45.828188" lon="13.173519"><ele>4.5</ele></trkpt>
   <trkpt lat="45.828236" lon="13.173694"><ele>4</ele></trkpt>
   <trkpt lat="45.828641" lon="13.175156"><ele>5.75</ele></trkpt>
   <trkpt lat="45.828992" lon="13.176482"><ele>6</ele></trkpt>
   <trkpt lat="45.829156" lon="13.177191"><ele>6.75</ele></trkpt>
   <trkpt lat="45.82922" lon="13.177505"><ele>6.75</ele></trkpt>
   <trkpt lat="45.829321" lon="13.178111"><ele>6.75</ele></trkpt>
   <trkpt lat="45.829414" lon="13.178767"><ele>6.75</ele></trkpt>
   <trkpt lat="45.829474" lon="13.179332"><ele>7</ele></trkpt>
   <trkpt lat="45.829512" lon="13.179769"><ele>6.75</ele></trkpt>
   <trkpt lat="45.829549" lon="13.180439"><ele>6</ele></trkpt>
   <trkpt lat="45.829563" lon="13.181115"><ele>6.25</ele></trkpt>
   <trkpt lat="45.829563" lon="13.181807"><ele>6</ele></trkpt>
   <trkpt lat="45.829484" lon="13.187229"><ele>5.75</ele></trkpt>
   <trkpt lat="45.829483" lon="13.187292"><ele>5.75</ele></trkpt>
   <trkpt lat="45.829471" lon="13.188196"><ele>5.25</ele></trkpt>
   <trkpt lat="45.829468" lon="13.18837"><ele>5</ele></trkpt>
   <trkpt lat="45.829332" lon="13.198008"><ele>5.25</ele></trkpt>
   <trkpt lat="45.829305" lon="13.199781"><ele>5.5</ele></trkpt>
   <trkpt lat="45.829279" lon="13.201614"><ele>5.5</ele></trkpt>
   <trkpt lat="45.829164" lon="13.209552"><ele>5</ele></trkpt>
   <trkpt lat="45.829136" lon="13.21148"><ele>5.5</ele></trkpt>
   <trkpt lat="45.829128" lon="13.211995"><ele>4.75</ele></trkpt>
   <trkpt lat="45.829122" lon="13.212192"><ele>4.75</ele></trkpt>
   <trkpt lat="45.829062" lon="13.216642"><ele>3</ele></trkpt>
   <trkpt lat="45.829056" lon="13.216939"><ele>2.5</ele></trkpt>
   <trkpt lat="45.829052" lon="13.21732"><ele>1.25</ele></trkpt>
   <trkpt lat="45.82904" lon="13.218178"><ele>2</ele></trkpt>
   <trkpt lat="45.829011" lon="13.220362"><ele>3.5</ele></trkpt>
   <trkpt lat="45.828991" lon="13.221484"><ele>4</ele></trkpt>
   <trkpt lat="45.828961" lon="13.223193"><ele>4</ele></trkpt>
   <trkpt lat="45.828923" lon="13.224005"><ele>5</ele></trkpt>
   <trkpt lat="45.828872" lon="13.224581"><ele>5</ele></trkpt>
   <trkpt lat="45.828806" lon="13.225144"><ele>5.25</ele></trkpt>
   <trkpt lat="45.828751" lon="13.225547"><ele>5</ele></trkpt>
   <trkpt lat="45.828678" lon="13.225978"><ele>4.75</ele></trkpt>
   <trkpt lat="45.828572" lon="13.226506"><ele>5</ele></trkpt>
   <trkpt lat="45.828389" lon="13.227309"><ele>5</ele></trkpt>
   <trkpt lat="45.827842" lon="13.22949"><ele>4.75</ele></trkpt>
   <trkpt lat="45.827658" lon="13.230317"><ele>4.25</ele></trkpt>
   <trkpt lat="45.827628" lon="13.230481"><ele>4</ele></trkpt>
   <trkpt lat="45.827535" lon="13.230986"><ele>4.5</ele></trkpt>
   <trkpt lat="45.827435" lon="13.231612"><ele>4.75</ele></trkpt>
   <trkpt lat="45.827325" lon="13.232444"><ele>4</ele></trkpt>
   <trkpt lat="45.827283" lon="13.232841"><ele>5</ele></trkpt>
   <trkpt lat="45.827251" lon="13.233235"><ele>4.75</ele></trkpt>
   <trkpt lat="45.827194" lon="13.234091"><ele>5</ele></trkpt>
   <trkpt lat="45.827157" lon="13.234953"><ele>5</ele></trkpt>
   <trkpt lat="45.827154" lon="13.235513"><ele>5</ele></trkpt>
   <trkpt lat="45.827163" lon="13.236668"><ele>5</ele></trkpt>
   <trkpt lat="45.827204" lon="13.239889"><ele>4.75</ele></trkpt>
   <trkpt lat="45.827229" lon="13.241763"><ele>4.75</ele></trkpt>
   <trkpt lat="45.827241" lon="13.242291"><ele>4.75</ele></trkpt>
   <trkpt lat="45.827255" lon="13.24268"><ele>4.75</ele></trkpt>
   <trkpt lat="45.827284" lon="13.243173"><ele>4.25</ele></trkpt>
   <trkpt lat="45.827322" lon="13.243659"><ele>3.75</ele></trkpt>
   <trkpt lat="45.827448" lon="13.244983"><ele>3</ele></trkpt>
   <trkpt lat="45.827465" lon="13.245151"><ele>3.75</ele></trkpt>
   <trkpt lat="45.827628" lon="13.246738"><ele>4</ele></trkpt>
   <trkpt lat="45.827735" lon="13.247909"><ele>4.75</ele></trkpt>
   <trkpt lat="45.827754" lon="13.248249"><ele>4.75</ele></trkpt>
   <trkpt lat="45.827773" lon="13.249103"><ele>4.75</ele></trkpt>
   <trkpt lat="45.827761" lon="13.249973"><ele>4.75</ele></trkpt>
   <trkpt lat="45.827705" lon="13.25088"><ele>3.25</ele></trkpt>
   <trkpt lat="45.827513" lon="13.253104"><ele>3.75</ele></trkpt>
   <trkpt lat="45.827048" lon="13.258307"><ele>3.5</ele></trkpt>
   <trkpt lat="45.827032" lon="13.258491"><ele>3.5</ele></trkpt>
   <trkpt lat="45.826639" lon="13.26291"><ele>2.75</ele></trkpt>
   <trkpt lat="45.82663" lon="13.263004"><ele>2.75</ele></trkpt>
   <trkpt lat="45.826501" lon="13.264453"><ele>2</ele></trkpt>
   <trkpt lat="45.826494" lon="13.264539"><ele>2</ele></trkpt>
   <trkpt lat="45.826333" lon="13.26632"><ele>2.5</ele></trkpt>
   <trkpt lat="45.826299" lon="13.266924"><ele>2.5</ele></trkpt>
   <trkpt lat="45.826274" lon="13.267532"><ele>2.5</ele></trkpt>
   <trkpt lat="45.826186" lon="13.271"><ele>2.25</ele></trkpt>
   <trkpt lat="45.826078" lon="13.276776"><ele>2.75</ele></trkpt>
   <trkpt lat="45.826076" lon="13.277011"><ele>2.5</ele></trkpt>
   <trkpt lat="45.825995" lon="13.278437"><ele>1.75</ele></trkpt>
   <trkpt lat="45.825989" lon="13.27874"><ele>2.25</ele></trkpt>
   <trkpt lat="45.825965" lon="13.280056"><ele>2.25</ele></trkpt>
   <trkpt lat="45.825965" lon="13.280344"><ele>2.5</ele></trkpt>
   <trkpt lat="45.825919" lon="13.283321"><ele>2.5</ele></trkpt>
   <trkpt lat="45.825723" lon="13.291656"><ele>2.5</ele></trkpt>
   <trkpt lat="45.825718" lon="13.291973"><ele>2</ele></trkpt>
   <trkpt lat="45.825579" lon="13.297505"><ele>1.75</ele></trkpt>
   <trkpt lat="45.825574" lon="13.297678"><ele>1.75</ele></trkpt>
   <trkpt lat="45.825383" lon="13.304622"><ele>1.25</ele></trkpt>
   <trkpt lat="45.825365" lon="13.305252"><ele>2</ele></trkpt>
   <trkpt lat="45.825229" lon="13.310119"><ele>2.75</ele></trkpt>
   <trkpt lat="45.825214" lon="13.310868"><ele>2.75</ele></trkpt>
   <trkpt lat="45.825217" lon="13.311401"><ele>2.75</ele></trkpt>
   <trkpt lat="45.82523" lon="13.311987"><ele>2.75</ele></trkpt>
   <trkpt lat="45.825253" lon="13.312628"><ele>2.75</ele></trkpt>
   <trkpt lat="45.825303" lon="13.313271"><ele>3</ele></trkpt>
   <trkpt lat="45.825312" lon="13.313369"><ele>3</ele></trkpt>
   <trkpt lat="45.825357" lon="13.313881"><ele>3</ele></trkpt>
   <trkpt lat="45.8254" lon="13.314299"><ele>3</ele></trkpt>
   <trkpt lat="45.825446" lon="13.314678"><ele>3</ele></trkpt>
   <trkpt lat="45.825552" lon="13.315417"><ele>3.75</ele></trkpt>
   <trkpt lat="45.825619" lon="13.315803"><ele>3.75</ele></trkpt>
   <trkpt lat="45.825803" lon="13.316741"><ele>4.5</ele></trkpt>
   <trkpt lat="45.826355" lon="13.319247"><ele>5.75</ele></trkpt>
   <trkpt lat="45.826405" lon="13.319482"><ele>5.5</ele></trkpt>
   <trkpt lat="45.826745" lon="13.321069"><ele>4.25</ele></trkpt>
   <trkpt lat="45.826841" lon="13.321569"><ele>4.75</ele></trkpt>
   <trkpt lat="45.826963" lon="13.322334"><ele>6.5</ele></trkpt>
   <trkpt lat="45.827017" lon="13.322772"><ele>4.75</ele></trkpt>
   <trkpt lat="45.82706" lon="13.323202"><ele>6</ele></trkpt>
   <trkpt lat="45.827096" lon="13.32364"><ele>6</ele></trkpt>
   <trkpt lat="45.827121" lon="13.324028"><ele>6.25</ele></trkpt>
   <trkpt lat="45.827132" lon="13.324348"><ele>6.75</ele></trkpt>
   <trkpt lat="45.827143" lon="13.324734"><ele>7.75</ele></trkpt>
   <trkpt lat="45.827146" lon="13.325087"><ele>7.5</ele></trkpt>
   <trkpt lat="45.827131" lon="13.325799"><ele>7</ele></trkpt>
   <trkpt lat="45.827119" lon="13.326097"><ele>6.75</ele></trkpt>
   <trkpt lat="45.827068" lon="13.326785"><ele>6.75</ele></trkpt>
   <trkpt lat="45.827019" lon="13.327304"><ele>6.75</ele></trkpt>
   <trkpt lat="45.826892" lon="13.328206"><ele>6.5</ele></trkpt>
   <trkpt lat="45.826768" lon="13.32891"><ele>6.5</ele></trkpt>
   <trkpt lat="45.826639" lon="13.329569"><ele>6.5</ele></trkpt>
   <trkpt lat="45.826376" lon="13.330868"><ele>6.25</ele></trkpt>
   <trkpt lat="45.82605" lon="13.332422"><ele>6</ele></trkpt>
   <trkpt lat="45.824839" lon="13.338198"><ele>5.25</ele></trkpt>
   <trkpt lat="45.824531" lon="13.339703"><ele>5.25</ele></trkpt>
   <trkpt lat="45.824456" lon="13.340111"><ele>5.25</ele></trkpt>
   <trkpt lat="45.824248" lon="13.341221"><ele>5.25</ele></trkpt>
   <trkpt lat="45.82383" lon="13.343178"><ele>5</ele></trkpt>
   <trkpt lat="45.82313" lon="13.346456"><ele>5</ele></trkpt>
   <trkpt lat="45.822506" lon="13.349058"><ele>5</ele></trkpt>
   <trkpt lat="45.822112" lon="13.350806"><ele>5</ele></trkpt>
   <trkpt lat="45.821985" lon="13.351348"><ele>5.75</ele></trkpt>
   <trkpt lat="45.821946" lon="13.351519"><ele>6.25</ele></trkpt>
   <trkpt lat="45.821837" lon="13.352183"><ele>5</ele></trkpt>
   <trkpt lat="45.821707" lon="13.352774"><ele>5</ele></trkpt>
   <trkpt lat="45.821553" lon="13.353527"><ele>5</ele></trkpt>
   <trkpt lat="45.821185" lon="13.355427"><ele>5</ele></trkpt>
   <trkpt lat="45.819314" lon="13.364177"><ele>5.75</ele></trkpt>
   <trkpt lat="45.818663" lon="13.367239"><ele>4.75</ele></trkpt>
   <trkpt lat="45.81864" lon="13.367345"><ele>4.75</ele></trkpt>
   <trkpt lat="45.818049" lon="13.370098"><ele>4.75</ele></trkpt>
   <trkpt lat="45.81803" lon="13.37019"><ele>4.75</ele></trkpt>
   <trkpt lat="45.817657" lon="13.371934"><ele>4.25</ele></trkpt>
   <trkpt lat="45.817315" lon="13.373568"><ele>5.5</ele></trkpt>
   <trkpt lat="45.817228" lon="13.374028"><ele>5</ele></trkpt>
   <trkpt lat="45.817204" lon="13.374156"><ele>5</ele></trkpt>
   <trkpt lat="45.817021" lon="13.375125"><ele>5.5</ele></trkpt>
   <trkpt lat="45.816904" lon="13.375756"><ele>5</ele></trkpt>
   <trkpt lat="45.816886" lon="13.375851"><ele>5</ele></trkpt>
   <trkpt lat="45.816377" lon="13.378593"><ele>5.75</ele></trkpt>
   <trkpt lat="45.816351" lon="13.378731"><ele>6.25</ele></trkpt>
   <trkpt lat="45.814522" lon="13.388584"><ele>7</ele></trkpt>
   <trkpt lat="45.813718" lon="13.392946"><ele>8</ele></trkpt>
   <trkpt lat="45.813238" lon="13.395486"><ele>7.75</ele></trkpt>
   <trkpt lat="45.81252" lon="13.399361"><ele>6.5</ele></trkpt>
   <trkpt lat="45.812476" lon="13.399599"><ele>6.75</ele></trkpt>
   <trkpt lat="45.81199" lon="13.402204"><ele>6.75</ele></trkpt>
   <trkpt lat="45.811955" lon="13.402395"><ele>6.75</ele></trkpt>
   <trkpt lat="45.811226" lon="13.406307"><ele>7.25</ele></trkpt>
   <trkpt lat="45.810595" lon="13.409705"><ele>7.75</ele></trkpt>
   <trkpt lat="45.810569" lon="13.409845"><ele>7.5</ele></trkpt>
   <trkpt lat="45.809994" lon="13.412945"><ele>7.75</ele></trkpt>
   <trkpt lat="45.809424" lon="13.416006"><ele>7.75</ele></trkpt>
   <trkpt lat="45.809018" lon="13.418209"><ele>8</ele></trkpt>
   <trkpt lat="45.808929" lon="13.418717"><ele>8.25</ele></trkpt>
   <trkpt lat="45.808847" lon="13.419288"><ele>8</ele></trkpt>
   <trkpt lat="45.808812" lon="13.419573"><ele>8</ele></trkpt>
   <trkpt lat="45.808737" lon="13.420335"><ele>8.5</ele></trkpt>
   <trkpt lat="45.808696" lon="13.42102"><ele>8.5</ele></trkpt>
   <trkpt lat="45.808687" lon="13.421287"><ele>8.5</ele></trkpt>
   <trkpt lat="45.808677" lon="13.421889"><ele>8.75</ele></trkpt>
   <trkpt lat="45.808684" lon="13.422436"><ele>8.75</ele></trkpt>
   <trkpt lat="45.80872" lon="13.42319"><ele>9</ele></trkpt>
   <trkpt lat="45.808762" lon="13.423722"><ele>9</ele></trkpt>
   <trkpt lat="45.808788" lon="13.423943"><ele>9</ele></trkpt>
   <trkpt lat="45.808794" lon="13.424005"><ele>9</ele></trkpt>
   <trkpt lat="45.808842" lon="13.424463"><ele>9.75</ele></trkpt>
   <trkpt lat="45.809082" lon="13.426312"><ele>6.75</ele></trkpt>
   <trkpt lat="45.809672" lon="13.430961"><ele>7.75</ele></trkpt>
   <trkpt lat="45.809801" lon="13.431902"><ele>9</ele></trkpt>
   <trkpt lat="45.80982" lon="13.432043"><ele>9.25</ele></trkpt>
   <trkpt lat="45.809864" lon="13.432365"><ele>9.25</ele></trkpt>
   <trkpt lat="45.810003" lon="13.433148"><ele>8.75</ele></trkpt>
   <trkpt lat="45.810049" lon="13.433361"><ele>8.5</ele></trkpt>
   <trkpt lat="45.810072" lon="13.433468"><ele>8.5</ele></trkpt>
   <trkpt lat="45.810194" lon="13.433998"><ele>7.75</ele></trkpt>
   <trkpt lat="45.810278" lon="13.434322"><ele>9.5</ele></trkpt>
   <trkpt lat="45.810422" lon="13.434836"><ele>7.75</ele></trkpt>
   <trkpt lat="45.810517" lon="13.435141"><ele>8.25</ele></trkpt>
   <trkpt lat="45.810696" lon="13.435676"><ele>7.25</ele></trkpt>
   <trkpt lat="45.811061" lon="13.436606"><ele>8.75</ele></trkpt>
   <trkpt lat="45.811605" lon="13.437862"><ele>8</ele></trkpt>
   <trkpt lat="45.812936" lon="13.440885"><ele>8</ele></trkpt>
   <trkpt lat="45.814201" lon="13.443782"><ele>8.75</ele></trkpt>
   <trkpt lat="45.814404" lon="13.444255"><ele>9</ele></trkpt>
   <trkpt lat="45.814582" lon="13.444694"><ele>8.75</ele></trkpt>
   <trkpt lat="45.81471" lon="13.445038"><ele>8</ele></trkpt>
   <trkpt lat="45.814973" lon="13.445849"><ele>8.75</ele></trkpt>
   <trkpt lat="45.815194" lon="13.446701"><ele>9</ele></trkpt>
   <trkpt lat="45.815396" lon="13.44779"><ele>9.5</ele></trkpt>
   <trkpt lat="45.815503" lon="13.448726"><ele>9.75</ele></trkpt>
   <trkpt lat="45.815568" lon="13.449496"><ele>9.75</ele></trkpt>
   <trkpt lat="45.81559" lon="13.450258"><ele>9.75</ele></trkpt>
   <trkpt lat="45.815574" lon="13.451814"><ele>9.25</ele></trkpt>
   <trkpt lat="45.815553" lon="13.452606"><ele>9</ele></trkpt>
   <trkpt lat="45.815578" lon="13.454168"><ele>8.75</ele></trkpt>
   <trkpt lat="45.815638" lon="13.45537"><ele>8.5</ele></trkpt>
   <trkpt lat="45.815712" lon="13.457276"><ele>8</ele></trkpt>
   <trkpt lat="45.816859" lon="13.476951"><ele>8.75</ele></trkpt>
   <trkpt lat="45.817366" lon="13.485584"><ele>8</ele></trkpt>
   <trkpt lat="45.817536" lon="13.488498"><ele>8.75</ele></trkpt>
   <trkpt lat="45.817984" lon="13.496167"><ele>8.5</ele></trkpt>
   <trkpt lat="45.818283" lon="13.501301"><ele>9</ele></trkpt>
   <trkpt lat="45.818397" lon="13.503196"><ele>9</ele></trkpt>
   <trkpt lat="45.818416" lon="13.503503"><ele>8.75</ele></trkpt>
   <trkpt lat="45.818418" lon="13.503618"><ele>8.5</ele></trkpt>
   <trkpt lat="45.818469" lon="13.504483"><ele>8.5</ele></trkpt>
   <trkpt lat="45.818488" lon="13.504798"><ele>11</ele></trkpt>
   <trkpt lat="45.818483" lon="13.505445"><ele>11.5</ele></trkpt>
   <trkpt lat="45.81857" lon="13.506831"><ele>9.5</ele></trkpt>
   <trkpt lat="45.818982" lon="13.513943"><ele>9.25</ele></trkpt>
   <trkpt lat="45.818996" lon="13.514144"><ele>9.5</ele></trkpt>
   <trkpt lat="45.819085" lon="13.515788"><ele>8.5</ele></trkpt>
   <trkpt lat="45.819094" lon="13.516252"><ele>8.5</ele></trkpt>
   <trkpt lat="45.819081" lon="13.516713"><ele>8.75</ele></trkpt>
   <trkpt lat="45.819046" lon="13.517156"><ele>8.5</ele></trkpt>
   <trkpt lat="45.819019" lon="13.517378"><ele>8</ele></trkpt>
   <trkpt lat="45.818929" lon="13.517901"><ele>8.25</ele></trkpt>
   <trkpt lat="45.818826" lon="13.51834"><ele>9.5</ele></trkpt>
   <trkpt lat="45.818729" lon="13.518672"><ele>10.25</ele></trkpt>
   <trkpt lat="45.818616" lon="13.519006"><ele>11</ele></trkpt>
   <trkpt lat="45.818502" lon="13.519294"><ele>11.5</ele></trkpt>
   <trkpt lat="45.818326" lon="13.519665"><ele>11.75</ele></trkpt>
   <trkpt lat="45.818142" lon="13.52001"><ele>12.5</ele></trkpt>
   <trkpt lat="45.817897" lon="13.520394"><ele>11.75</ele></trkpt>
   <trkpt lat="45.817641" lon="13.520742"><ele>12</ele></trkpt>
   <trkpt lat="45.817393" lon="13.521031"><ele>12.5</ele></trkpt>
   <trkpt lat="45.817195" lon="13.521234"><ele>12.5</ele></trkpt>
   <trkpt lat="45.816733" lon="13.521657"><ele>12.5</ele></trkpt>
   <trkpt lat="45.816334" lon="13.521992"><ele>12.75</ele></trkpt>
   <trkpt lat="45.816092" lon="13.522212"><ele>13.5</ele></trkpt>
   <trkpt lat="45.81583" lon="13.522472"><ele>14.5</ele></trkpt>
   <trkpt lat="45.815666" lon="13.522653"><ele>14.25</ele></trkpt>
   <trkpt lat="45.81549" lon="13.522865"><ele>15</ele></trkpt>
   <trkpt lat="45.815341" lon="13.52306"><ele>15.25</ele></trkpt>
   <trkpt lat="45.815203" lon="13.523265"><ele>16.25</ele></trkpt>
   <trkpt lat="45.815066" lon="13.523484"><ele>16.5</ele></trkpt>
   <trkpt lat="45.81493" lon="13.523717"><ele>16.5</ele></trkpt>
   <trkpt lat="45.814776" lon="13.52403"><ele>16.5</ele></trkpt>
   <trkpt lat="45.814639" lon="13.524338"><ele>15.75</ele></trkpt>
   <trkpt lat="45.814491" lon="13.524723"><ele>14.5</ele></trkpt>
   <trkpt lat="45.814419" lon="13.524928"><ele>15</ele></trkpt>
   <trkpt lat="45.814013" lon="13.526221"><ele>16</ele></trkpt>
   <trkpt lat="45.81332" lon="13.528444"><ele>18</ele></trkpt>
   <trkpt lat="45.812998" lon="13.529499"><ele>21</ele></trkpt>
   <trkpt lat="45.812898" lon="13.529844"><ele>24</ele></trkpt>
   <trkpt lat="45.812618" lon="13.530991"><ele>21.75</ele></trkpt>
   <trkpt lat="45.812523" lon="13.531333"><ele>19.5</ele></trkpt>
   <trkpt lat="45.812367" lon="13.531801"><ele>18</ele></trkpt>
   <trkpt lat="45.812175" lon="13.532272"><ele>17.5</ele></trkpt>
   <trkpt lat="45.812006" lon="13.532615"><ele>16.75</ele></trkpt>
   <trkpt lat="45.811881" lon="13.532849"><ele>17.75</ele></trkpt>
   <trkpt lat="45.81176" lon="13.53305"><ele>16.75</ele></trkpt>
   <trkpt lat="45.811522" lon="13.533411"><ele>18.5</ele></trkpt>
   <trkpt lat="45.811114" lon="13.533986"><ele>21.25</ele></trkpt>
   <trkpt lat="45.810737" lon="13.534543"><ele>23.75</ele></trkpt>
   <trkpt lat="45.810616" lon="13.534745"><ele>24.5</ele></trkpt>
   <trkpt lat="45.810429" lon="13.535102"><ele>24.5</ele></trkpt>
   <trkpt lat="45.81024" lon="13.535505"><ele>23</ele></trkpt>
   <trkpt lat="45.810124" lon="13.535789"><ele>25</ele></trkpt>
   <trkpt lat="45.809152" lon="13.538276"><ele>19</ele></trkpt>
   <trkpt lat="45.809027" lon="13.538688"><ele>19.5</ele></trkpt>
   <trkpt lat="45.808847" lon="13.53932"><ele>22.25</ele></trkpt>
   <trkpt lat="45.808472" lon="13.540285"><ele>22.5</ele></trkpt>
   <trkpt lat="45.80824" lon="13.540895"><ele>23</ele></trkpt>
   <trkpt lat="45.808105" lon="13.541326"><ele>23.25</ele></trkpt>
   <trkpt lat="45.807943" lon="13.54199"><ele>23</ele></trkpt>
   <trkpt lat="45.807724" lon="13.543081"><ele>23</ele></trkpt>
   <trkpt lat="45.807535" lon="13.544012"><ele>23</ele></trkpt>
   <trkpt lat="45.807247" lon="13.545082"><ele>23</ele></trkpt>
   <trkpt lat="45.807153" lon="13.545542"><ele>22.75</ele></trkpt>
   <trkpt lat="45.807138" lon="13.545614"><ele>23</ele></trkpt>
   <trkpt lat="45.807045" lon="13.546078"><ele>23</ele></trkpt>
   <trkpt lat="45.806052" lon="13.551141"><ele>23</ele></trkpt>
   <trkpt lat="45.805924" lon="13.551776"><ele>22.75</ele></trkpt>
   <trkpt lat="45.805841" lon="13.552146"><ele>23</ele></trkpt>
   <trkpt lat="45.805732" lon="13.552563"><ele>22</ele></trkpt>
   <trkpt lat="45.805617" lon="13.552918"><ele>22.5</ele></trkpt>
   <trkpt lat="45.805528" lon="13.553162"><ele>22.5</ele></trkpt>
   <trkpt lat="45.805341" lon="13.553605"><ele>22.75</ele></trkpt>
   <trkpt lat="45.805045" lon="13.554252"><ele>21.5</ele></trkpt>
   <trkpt lat="45.804868" lon="13.554628"><ele>22.25</ele></trkpt>
   <trkpt lat="45.804601" lon="13.55511"><ele>22.25</ele></trkpt>
   <trkpt lat="45.804533" lon="13.555255"><ele>22.75</ele></trkpt>
   <trkpt lat="45.804091" lon="13.556204"><ele>22.5</ele></trkpt>
   <trkpt lat="45.803979" lon="13.55646"><ele>23.5</ele></trkpt>
   <trkpt lat="45.803876" lon="13.556708"><ele>23.25</ele></trkpt>
   <trkpt lat="45.803723" lon="13.557135"><ele>25.25</ele></trkpt>
   <trkpt lat="45.803599" lon="13.557549"><ele>23</ele></trkpt>
   <trkpt lat="45.803475" lon="13.558077"><ele>24</ele></trkpt>
   <trkpt lat="45.803402" lon="13.558471"><ele>23.75</ele></trkpt>
   <trkpt lat="45.803314" lon="13.559044"><ele>23.5</ele></trkpt>
   <trkpt lat="45.8029" lon="13.561884"><ele>24.25</ele></trkpt>
   <trkpt lat="45.80244" lon="13.565072"><ele>23.75</ele></trkpt>
   <trkpt lat="45.802385" lon="13.565644"><ele>24.5</ele></trkpt>
   <trkpt lat="45.802367" lon="13.566078"><ele>25</ele></trkpt>
   <trkpt lat="45.802365" lon="13.566341"><ele>25.5</ele></trkpt>
   <trkpt lat="45.80237" lon="13.566563"><ele>26</ele></trkpt>
   <trkpt lat="45.802401" lon="13.567048"><ele>27.5</ele></trkpt>
   <trkpt lat="45.802418" lon="13.567222"><ele>27.75</ele></trkpt>
   <trkpt lat="45.802463" lon="13.567557"><ele>28.25</ele></trkpt>
   <trkpt lat="45.802514" lon="13.567877"><ele>27.25</ele></trkpt>
   <trkpt lat="45.80274" lon="13.56909"><ele>28</ele></trkpt>
   <trkpt lat="45.802818" lon="13.569569"><ele>27.25</ele></trkpt>
   <trkpt lat="45.802854" lon="13.569866"><ele>26.5</ele></trkpt>
   <trkpt lat="45.802883" lon="13.570186"><ele>25.75</ele></trkpt>
   <trkpt lat="45.802895" lon="13.570447"><ele>25.25</ele></trkpt>
   <trkpt lat="45.802903" lon="13.570712"><ele>25</ele></trkpt>
   <trkpt lat="45.802902" lon="13.570909"><ele>24.75</ele></trkpt>
   <trkpt lat="45.802895" lon="13.571186"><ele>24.75</ele></trkpt>
   <trkpt lat="45.802868" lon="13.571634"><ele>26.5</ele></trkpt>
   <trkpt lat="45.802831" lon="13.572028"><ele>27.75</ele></trkpt>
   <trkpt lat="45.802678" lon="13.573339"><ele>27.5</ele></trkpt>
   <trkpt lat="45.802649" lon="13.57359"><ele>26.5</ele></trkpt>
   <trkpt lat="45.802603" lon="13.574084"><ele>26</ele></trkpt>
   <trkpt lat="45.802583" lon="13.57442"><ele>26</ele></trkpt>
   <trkpt lat="45.802579" lon="13.574814"><ele>25.75</ele></trkpt>
   <trkpt lat="45.802584" lon="13.574986"><ele>25.5</ele></trkpt>
   <trkpt lat="45.8026" lon="13.575322"><ele>25</ele></trkpt>
   <trkpt lat="45.802622" lon="13.575578"><ele>24.75</ele></trkpt>
   <trkpt lat="45.80265" lon="13.575814"><ele>25.25</ele></trkpt>
   <trkpt lat="45.802712" lon="13.576204"><ele>27.5</ele></trkpt>
   <trkpt lat="45.802791" lon="13.576593"><ele>30.75</ele></trkpt>
   <trkpt lat="45.802933" lon="13.577142"><ele>27.75</ele></trkpt>
   <trkpt lat="45.803131" lon="13.577816"><ele>27.5</ele></trkpt>
   <trkpt lat="45.803228" lon="13.578151"><ele>27.25</ele></trkpt>
   <trkpt lat="45.803357" lon="13.578655"><ele>27.25</ele></trkpt>
   <trkpt lat="45.803606" lon="13.579782"><ele>26.75</ele></trkpt>
   <trkpt lat="45.80372" lon="13.58037"><ele>26.5</ele></trkpt>
   <trkpt lat="45.803774" lon="13.580798"><ele>26.75</ele></trkpt>
   <trkpt lat="45.803815" lon="13.581253"><ele>29.75</ele></trkpt>
   <trkpt lat="45.803828" lon="13.581666"><ele>31.75</ele></trkpt>
   <trkpt lat="45.803826" lon="13.581892"><ele>33.25</ele></trkpt>
   <trkpt lat="45.803792" lon="13.582383"><ele>35</ele></trkpt>
   <trkpt lat="45.803775" lon="13.582602"><ele>35.75</ele></trkpt>
   <trkpt lat="45.803737" lon="13.582899"><ele>36.25</ele></trkpt>
   <trkpt lat="45.803693" lon="13.583167"><ele>36.5</ele></trkpt>
   <trkpt lat="45.803626" lon="13.583501"><ele>36</ele></trkpt>
   <trkpt lat="45.80354" lon="13.583828"><ele>33</ele></trkpt>
   <trkpt lat="45.803445" lon="13.58414"><ele>28.25</ele></trkpt>
   <trkpt lat="45.803324" lon="13.584481"><ele>32.75</ele></trkpt>
   <trkpt lat="45.80326" lon="13.584641"><ele>35.75</ele></trkpt>
   <trkpt lat="45.803102" lon="13.584993"><ele>40.5</ele></trkpt>
   <trkpt lat="45.802922" lon="13.585335"><ele>40.75</ele></trkpt>
   <trkpt lat="45.802791" lon="13.585554"><ele>40.25</ele></trkpt>
   <trkpt lat="45.802667" lon="13.585745"><ele>40.75</ele></trkpt>
   <trkpt lat="45.802539" lon="13.585921"><ele>41.25</ele></trkpt>
   <trkpt lat="45.802402" lon="13.586091"><ele>41.25</ele></trkpt>
   <trkpt lat="45.802149" lon="13.586372"><ele>41.25</ele></trkpt>
   <trkpt lat="45.8019" lon="13.586604"><ele>40.5</ele></trkpt>
   <trkpt lat="45.801719" lon="13.586748"><ele>37.75</ele></trkpt>
   <trkpt lat="45.801547" lon="13.586872"><ele>35.75</ele></trkpt>
   <trkpt lat="45.801363" lon="13.586987"><ele>34.75</ele></trkpt>
   <trkpt lat="45.801034" lon="13.587166"><ele>42</ele></trkpt>
   <trkpt lat="45.800568" lon="13.587405"><ele>52</ele></trkpt>
   <trkpt lat="45.799894" lon="13.587737"><ele>57.5</ele></trkpt>
   <trkpt lat="45.799417" lon="13.587969"><ele>48.25</ele></trkpt>
   <trkpt lat="45.799115" lon="13.588117"><ele>46.25</ele></trkpt>
   <trkpt lat="45.797012" lon="13.589159"><ele>46</ele></trkpt>
   <trkpt lat="45.796746" lon="13.589298"><ele>50.25</ele></trkpt>
   <trkpt lat="45.796457" lon="13.589472"><ele>53.75</ele></trkpt>
   <trkpt lat="45.796187" lon="13.589663"><ele>55.25</ele></trkpt>
   <trkpt lat="45.796066" lon="13.589763"><ele>55.5</ele></trkpt>
   <trkpt lat="45.795898" lon="13.589924"><ele>56.25</ele></trkpt>
   <trkpt lat="45.795708" lon="13.590121"><ele>57</ele></trkpt>
   <trkpt lat="45.795524" lon="13.590327"><ele>57.75</ele></trkpt>
   <trkpt lat="45.795344" lon="13.590543"><ele>58.5</ele></trkpt>
   <trkpt lat="45.795171" lon="13.590772"><ele>59.25</ele></trkpt>
   <trkpt lat="45.79503" lon="13.59098"><ele>59.25</ele></trkpt>
   <trkpt lat="45.794899" lon="13.591199"><ele>57.75</ele></trkpt>
   <trkpt lat="45.794774" lon="13.591427"><ele>55.75</ele></trkpt>
   <trkpt lat="45.794539" lon="13.591911"><ele>52.75</ele></trkpt>
   <trkpt lat="45.793948" lon="13.593209"><ele>47</ele></trkpt>
   <trkpt lat="45.79383" lon="13.593441"><ele>47.25</ele></trkpt>
   <trkpt lat="45.793705" lon="13.593667"><ele>45.25</ele></trkpt>
   <trkpt lat="45.793573" lon="13.593884"><ele>50.25</ele></trkpt>
   <trkpt lat="45.793429" lon="13.594099"><ele>48.75</ele></trkpt>
   <trkpt lat="45.793276" lon="13.594309"><ele>52</ele></trkpt>
   <trkpt lat="45.793119" lon="13.594506"><ele>53.5</ele></trkpt>
   <trkpt lat="45.792957" lon="13.594688"><ele>54.75</ele></trkpt>
   <trkpt lat="45.792791" lon="13.594857"><ele>56</ele></trkpt>
   <trkpt lat="45.792528" lon="13.595094"><ele>56.75</ele></trkpt>
   <trkpt lat="45.792262" lon="13.595302"><ele>57.25</ele></trkpt>
   <trkpt lat="45.791902" lon="13.595564"><ele>58</ele></trkpt>
   <trkpt lat="45.790741" lon="13.596387"><ele>55.5</ele></trkpt>
   <trkpt lat="45.790303" lon="13.596692"><ele>57</ele></trkpt>
   <trkpt lat="45.789929" lon="13.596916"><ele>58.5</ele></trkpt>
   <trkpt lat="45.789756" lon="13.597004"><ele>59.5</ele></trkpt>
   <trkpt lat="45.789359" lon="13.59716"><ele>59.5</ele></trkpt>
   <trkpt lat="45.78915" lon="13.597217"><ele>59.75</ele></trkpt>
   <trkpt lat="45.788953" lon="13.59726"><ele>59.5</ele></trkpt>
   <trkpt lat="45.788748" lon="13.59729"><ele>59</ele></trkpt>
   <trkpt lat="45.788528" lon="13.59731"><ele>59</ele></trkpt>
   <trkpt lat="45.788276" lon="13.597316"><ele>59.25</ele></trkpt>
   <trkpt lat="45.787645" lon="13.597305"><ele>58.25</ele></trkpt>
   <trkpt lat="45.787164" lon="13.597316"><ele>60.75</ele></trkpt>
   <trkpt lat="45.786965" lon="13.597336"><ele>61.25</ele></trkpt>
   <trkpt lat="45.786669" lon="13.597388"><ele>63</ele></trkpt>
   <trkpt lat="45.786297" lon="13.597493"><ele>64</ele></trkpt>
   <trkpt lat="45.786001" lon="13.597616"><ele>65.75</ele></trkpt>
   <trkpt lat="45.785725" lon="13.597761"><ele>67.25</ele></trkpt>
   <trkpt lat="45.785529" lon="13.597882"><ele>69.25</ele></trkpt>
   <trkpt lat="45.785339" lon="13.598016"><ele>69.75</ele></trkpt>
   <trkpt lat="45.785162" lon="13.598157"><ele>71.25</ele></trkpt>
   <trkpt lat="45.785011" lon="13.598283"><ele>69</ele></trkpt>
   <trkpt lat="45.784745" lon="13.598529"><ele>69</ele></trkpt>
   <trkpt lat="45.781953" lon="13.601176"><ele>74.25</ele></trkpt>
   <trkpt lat="45.781576" lon="13.601553"><ele>72.25</ele></trkpt>
   <trkpt lat="45.781302" lon="13.601871"><ele>70.75</ele></trkpt>
   <trkpt lat="45.780923" lon="13.602406"><ele>72.5</ele></trkpt>
   <trkpt lat="45.779815" lon="13.604215"><ele>70.25</ele></trkpt>
   <trkpt lat="45.779601" lon="13.604587"><ele>71</ele></trkpt>
   <trkpt lat="45.779485" lon="13.60481"><ele>74.25</ele></trkpt>
   <trkpt lat="45.779372" lon="13.605043"><ele>77</ele></trkpt>
   <trkpt lat="45.779287" lon="13.605241"><ele>77.75</ele></trkpt>
   <trkpt lat="45.779155" lon="13.605586"><ele>76</ele></trkpt>
   <trkpt lat="45.778978" lon="13.6061"><ele>77.25</ele></trkpt>
   <trkpt lat="45.777904" lon="13.609413"><ele>77.25</ele></trkpt>
   <trkpt lat="45.777818" lon="13.609718"><ele>79.75</ele></trkpt>
   <trkpt lat="45.777753" lon="13.609974"><ele>81.25</ele></trkpt>
   <trkpt lat="45.777658" lon="13.610443"><ele>82.75</ele></trkpt>
   <trkpt lat="45.777568" lon="13.611019"><ele>83.25</ele></trkpt>
   <trkpt lat="45.777546" lon="13.611291"><ele>82.5</ele></trkpt>
   <trkpt lat="45.777528" lon="13.611863"><ele>82.5</ele></trkpt>
   <trkpt lat="45.777527" lon="13.612105"><ele>82.5</ele></trkpt>
   <trkpt lat="45.777529" lon="13.612306"><ele>82.5</ele></trkpt>
   <trkpt lat="45.777554" lon="13.612728"><ele>82</ele></trkpt>
   <trkpt lat="45.777615" lon="13.613268"><ele>81.25</ele></trkpt>
   <trkpt lat="45.77767" lon="13.613607"><ele>81</ele></trkpt>
   <trkpt lat="45.777927" lon="13.615057"><ele>82</ele></trkpt>
   <trkpt lat="45.77809" lon="13.615997"><ele>85.5</ele></trkpt>
   <trkpt lat="45.778132" lon="13.616419"><ele>85.25</ele></trkpt>
   <trkpt lat="45.778169" lon="13.617017"><ele>83.5</ele></trkpt>
   <trkpt lat="45.778159" lon="13.617652"><ele>85.25</ele></trkpt>
   <trkpt lat="45.778085" lon="13.619182"><ele>89.5</ele></trkpt>
   <trkpt lat="45.77789" lon="13.622445"><ele>93.5</ele></trkpt>
   <trkpt lat="45.777825" lon="13.623027"><ele>90.75</ele></trkpt>
   <trkpt lat="45.777775" lon="13.623316"><ele>89.75</ele></trkpt>
   <trkpt lat="45.777697" lon="13.623669"><ele>83</ele></trkpt>
   <trkpt lat="45.777618" lon="13.623984"><ele>81</ele></trkpt>
   <trkpt lat="45.777594" lon="13.624059"><ele>82.75</ele></trkpt>
   <trkpt lat="45.77745" lon="13.62451"><ele>90</ele></trkpt>
   <trkpt lat="45.777359" lon="13.624747"><ele>90</ele></trkpt>
   <trkpt lat="45.77724" lon="13.62504"><ele>91.25</ele></trkpt>
   <trkpt lat="45.776927" lon="13.625756"><ele>94.25</ele></trkpt>
   <trkpt lat="45.7767" lon="13.626313"><ele>96</ele></trkpt>
   <trkpt lat="45.77654" lon="13.626781"><ele>99.25</ele></trkpt>
   <trkpt lat="45.776412" lon="13.627248"><ele>97</ele></trkpt>
   <trkpt lat="45.776328" lon="13.627629"><ele>100</ele></trkpt>
   <trkpt lat="45.776284" lon="13.627868"><ele>101.25</ele></trkpt>
   <trkpt lat="45.776249" lon="13.628118"><ele>100.5</ele></trkpt>
   <trkpt lat="45.776195" lon="13.628599"><ele>98.75</ele></trkpt>
   <trkpt lat="45.776167" lon="13.62911"><ele>98.25</ele></trkpt>
   <trkpt lat="45.776166" lon="13.629566"><ele>97.75</ele></trkpt>
   <trkpt lat="45.776182" lon="13.629929"><ele>97</ele></trkpt>
   <trkpt lat="45.776218" lon="13.630395"><ele>95.25</ele></trkpt>
   <trkpt lat="45.776258" lon="13.630693"><ele>94.25</ele></trkpt>
   <trkpt lat="45.776301" lon="13.630959"><ele>94</ele></trkpt>
   <trkpt lat="45.777077" lon="13.634941"><ele>101.75</ele></trkpt>
   <trkpt lat="45.777233" lon="13.635685"><ele>102</ele></trkpt>
   <trkpt lat="45.777545" lon="13.637274"><ele>101.75</ele></trkpt>
   <trkpt lat="45.777622" lon="13.637703"><ele>103.25</ele></trkpt>
   <trkpt lat="45.777664" lon="13.63799"><ele>103.25</ele></trkpt>
   <trkpt lat="45.777716" lon="13.638465"><ele>103.75</ele></trkpt>
   <trkpt lat="45.777734" lon="13.638735"><ele>103.75</ele></trkpt>
   <trkpt lat="45.777742" lon="13.639158"><ele>103.5</ele></trkpt>
   <trkpt lat="45.777736" lon="13.639487"><ele>103.5</ele></trkpt>
   <trkpt lat="45.77772" lon="13.639793"><ele>103.5</ele></trkpt>
   <trkpt lat="45.777688" lon="13.64017"><ele>102.75</ele></trkpt>
   <trkpt lat="45.777639" lon="13.640557"><ele>102.25</ele></trkpt>
   <trkpt lat="45.777593" lon="13.640852"><ele>103</ele></trkpt>
   <trkpt lat="45.77756" lon="13.641017"><ele>103.75</ele></trkpt>
   <trkpt lat="45.777477" lon="13.641355"><ele>104.5</ele></trkpt>
   <trkpt lat="45.777358" lon="13.641753"><ele>102.75</ele></trkpt>
   <trkpt lat="45.777217" lon="13.642174"><ele>106.5</ele></trkpt>
   <trkpt lat="45.777078" lon="13.642526"><ele>104.5</ele></trkpt>
   <trkpt lat="45.776884" lon="13.64294"><ele>106</ele></trkpt>
   <trkpt lat="45.776783" lon="13.643131"><ele>105.25</ele></trkpt>
   <trkpt lat="45.776632" lon="13.643394"><ele>107</ele></trkpt>
   <trkpt lat="45.776399" lon="13.643751"><ele>106.75</ele></trkpt>
   <trkpt lat="45.77485" lon="13.645842"><ele>112.75</ele></trkpt>
   <trkpt lat="45.774113" lon="13.646836"><ele>116.75</ele></trkpt>
   <trkpt lat="45.770501" lon="13.651686"><ele>115.5</ele></trkpt>
   <trkpt lat="45.770244" lon="13.651997"><ele>116.5</ele></trkpt>
   <trkpt lat="45.769984" lon="13.652272"><ele>118</ele></trkpt>
   <trkpt lat="45.76978" lon="13.65246"><ele>118.5</ele></trkpt>
   <trkpt lat="45.769517" lon="13.652674"><ele>120.5</ele></trkpt>
   <trkpt lat="45.769222" lon="13.652872"><ele>125.25</ele></trkpt>
   <trkpt lat="45.769" lon="13.652998"><ele>125.75</ele></trkpt>
   <trkpt lat="45.768772" lon="13.653108"><ele>128.25</ele></trkpt>
   <trkpt lat="45.768521" lon="13.653205"><ele>128</ele></trkpt>
   <trkpt lat="45.768299" lon="13.653276"><ele>123.75</ele></trkpt>
   <trkpt lat="45.768062" lon="13.653331"><ele>123.75</ele></trkpt>
   <trkpt lat="45.767904" lon="13.65336"><ele>123</ele></trkpt>
   <trkpt lat="45.767617" lon="13.653385"><ele>121.25</ele></trkpt>
   <trkpt lat="45.76733" lon="13.653387"><ele>121</ele></trkpt>
   <trkpt lat="45.767097" lon="13.653371"><ele>121.25</ele></trkpt>
   <trkpt lat="45.76687" lon="13.653337"><ele>121.75</ele></trkpt>
   <trkpt lat="45.766594" lon="13.653272"><ele>121.25</ele></trkpt>
   <trkpt lat="45.766401" lon="13.653209"><ele>119.5</ele></trkpt>
   <trkpt lat="45.766121" lon="13.653099"><ele>118.75</ele></trkpt>
   <trkpt lat="45.765922" lon="13.653003"><ele>119.75</ele></trkpt>
   <trkpt lat="45.765665" lon="13.652862"><ele>118.25</ele></trkpt>
   <trkpt lat="45.765118" lon="13.652545"><ele>118.5</ele></trkpt>
   <trkpt lat="45.762803" lon="13.651205"><ele>122</ele></trkpt>
   <trkpt lat="45.762592" lon="13.651131"><ele>123.5</ele></trkpt>
   <trkpt lat="45.76214" lon="13.650872"><ele>123.5</ele></trkpt>
   <trkpt lat="45.761949" lon="13.650767"><ele>124.5</ele></trkpt>
   <trkpt lat="45.761703" lon="13.650647"><ele>124</ele></trkpt>
   <trkpt lat="45.761419" lon="13.650535"><ele>126.25</ele></trkpt>
   <trkpt lat="45.761061" lon="13.650435"><ele>125</ele></trkpt>
   <trkpt lat="45.760789" lon="13.650388"><ele>126</ele></trkpt>
   <trkpt lat="45.760601" lon="13.650371"><ele>126.5</ele></trkpt>
   <trkpt lat="45.760456" lon="13.650369"><ele>126.75</ele></trkpt>
   <trkpt lat="45.760092" lon="13.650397"><ele>126.75</ele></trkpt>
   <trkpt lat="45.759724" lon="13.650468"><ele>127.5</ele></trkpt>
   <trkpt lat="45.759545" lon="13.650525"><ele>128.25</ele></trkpt>
   <trkpt lat="45.759008" lon="13.650734"><ele>128.25</ele></trkpt>
   <trkpt lat="45.758759" lon="13.650847"><ele>129.5</ele></trkpt>
   <trkpt lat="45.758129" lon="13.65117"><ele>129.5</ele></trkpt>
   <trkpt lat="45.757779" lon="13.6514"><ele>129.75</ele></trkpt>
   <trkpt lat="45.757609" lon="13.651535"><ele>124.5</ele></trkpt>
   <trkpt lat="45.757466" lon="13.651658"><ele>130.25</ele></trkpt>
   <trkpt lat="45.757153" lon="13.651971"><ele>129.75</ele></trkpt>
   <trkpt lat="45.756877" lon="13.652295"><ele>130</ele></trkpt>
   <trkpt lat="45.756531" lon="13.652744"><ele>130.75</ele></trkpt>
   <trkpt lat="45.755819" lon="13.653696"><ele>132.75</ele></trkpt>
   <trkpt lat="45.754182" lon="13.655873"><ele>134</ele></trkpt>
   <trkpt lat="45.754104" lon="13.655978"><ele>134.75</ele></trkpt>
   <trkpt lat="45.75363" lon="13.656614"><ele>135</ele></trkpt>
   <trkpt lat="45.753377" lon="13.656945"><ele>135.25</ele></trkpt>
   <trkpt lat="45.753173" lon="13.65721"><ele>136.25</ele></trkpt>
   <trkpt lat="45.752937" lon="13.657511"><ele>136</ele></trkpt>
   <trkpt lat="45.752834" lon="13.657643"><ele>136</ele></trkpt>
   <trkpt lat="45.752555" lon="13.657964"><ele>136.5</ele></trkpt>
   <trkpt lat="45.752286" lon="13.658259"><ele>136</ele></trkpt>
   <trkpt lat="45.751911" lon="13.65859"><ele>136.75</ele></trkpt>
   <trkpt lat="45.7498" lon="13.660331"><ele>143.75</ele></trkpt>
   <trkpt lat="45.749298" lon="13.660736"><ele>136.25</ele></trkpt>
   <trkpt lat="45.749081" lon="13.660913"><ele>133.5</ele></trkpt>
   <trkpt lat="45.748802" lon="13.661148"><ele>133.5</ele></trkpt>
   <trkpt lat="45.748341" lon="13.661516"><ele>133.75</ele></trkpt>
   <trkpt lat="45.748139" lon="13.661653"><ele>135.75</ele></trkpt>
   <trkpt lat="45.74781" lon="13.661897"><ele>134.25</ele></trkpt>
   <trkpt lat="45.747313" lon="13.662247"><ele>142.5</ele></trkpt>
   <trkpt lat="45.74643" lon="13.66307"><ele>140.25</ele></trkpt>
   <trkpt lat="45.746329" lon="13.663184"><ele>139.5</ele></trkpt>
   <trkpt lat="45.746272" lon="13.663236"><ele>138</ele></trkpt>
   <trkpt lat="45.746193" lon="13.663346"><ele>138.75</ele></trkpt>
   <trkpt lat="45.746067" lon="13.663493"><ele>136.75</ele></trkpt>
   <trkpt lat="45.745781" lon="13.663874"><ele>137.75</ele></trkpt>
   <trkpt lat="45.745434" lon="13.664395"><ele>137.75</ele></trkpt>
   <trkpt lat="45.745202" lon="13.664819"><ele>137.5</ele></trkpt>
   <trkpt lat="45.745046" lon="13.665121"><ele>137.25</ele></trkpt>
   <trkpt lat="45.744797" lon="13.665685"><ele>136.25</ele></trkpt>
   <trkpt lat="45.744752" lon="13.665801"><ele>133.75</ele></trkpt>
   <trkpt lat="45.744644" lon="13.666086"><ele>135.75</ele></trkpt>
   <trkpt lat="45.744476" lon="13.666598"><ele>133.25</ele></trkpt>
   <trkpt lat="45.744306" lon="13.667175"><ele>134.5</ele></trkpt>
   <trkpt lat="45.744093" lon="13.667838"><ele>132.5</ele></trkpt>
   <trkpt lat="45.743979" lon="13.668137"><ele>132.75</ele></trkpt>
   <trkpt lat="45.743773" lon="13.668627"><ele>132</ele></trkpt>
   <trkpt lat="45.743377" lon="13.669534"><ele>129.75</ele></trkpt>
   <trkpt lat="45.742815" lon="13.670791"><ele>129.5</ele></trkpt>
   <trkpt lat="45.74164" lon="13.673479"><ele>125</ele></trkpt>
   <trkpt lat="45.741423" lon="13.673955"><ele>126</ele></trkpt>
   <trkpt lat="45.741216" lon="13.67433"><ele>125.5</ele></trkpt>
   <trkpt lat="45.741034" lon="13.674629"><ele>125.5</ele></trkpt>
   <trkpt lat="45.740064" lon="13.676163"><ele>123.25</ele></trkpt>
   <trkpt lat="45.73971" lon="13.67671"><ele>122.25</ele></trkpt>
   <trkpt lat="45.73952" lon="13.676977"><ele>121.75</ele></trkpt>
   <trkpt lat="45.737996" lon="13.678949"><ele>122</ele></trkpt>
   <trkpt lat="45.737304" lon="13.679845"><ele>119.25</ele></trkpt>
   <trkpt lat="45.73521" lon="13.682535"><ele>113.5</ele></trkpt>
   <trkpt lat="45.734613" lon="13.683317"><ele>114.25</ele></trkpt>
   <trkpt lat="45.734221" lon="13.683897"><ele>114.5</ele></trkpt>
   <trkpt lat="45.73239" lon="13.686726"><ele>111.75</ele></trkpt>
   <trkpt lat="45.732" lon="13.687322"><ele>110.75</ele></trkpt>
   <trkpt lat="45.731845" lon="13.687546"><ele>109</ele></trkpt>
   <trkpt lat="45.731756" lon="13.687666"><ele>108.75</ele></trkpt>
   <trkpt lat="45.731474" lon="13.688023"><ele>104.5</ele></trkpt>
   <trkpt lat="45.72849" lon="13.691603"><ele>103.25</ele></trkpt>
   <trkpt lat="45.728225" lon="13.691921"><ele>100</ele></trkpt>
   <trkpt lat="45.726368" lon="13.694146"><ele>100.25</ele></trkpt>
   <trkpt lat="45.726114" lon="13.694437"><ele>99.75</ele></trkpt>
   <trkpt lat="45.725964" lon="13.694594"><ele>99.75</ele></trkpt>
   <trkpt lat="45.725792" lon="13.69476"><ele>99</ele></trkpt>
   <trkpt lat="45.725579" lon="13.694944"><ele>99</ele></trkpt>
   <trkpt lat="45.725336" lon="13.695132"><ele>96.25</ele></trkpt>
   <trkpt lat="45.725195" lon="13.695241"><ele>96.25</ele></trkpt>
   <trkpt lat="45.72411" lon="13.696056"><ele>96.75</ele></trkpt>
   <trkpt lat="45.723109" lon="13.696809"><ele>92.25</ele></trkpt>
   <trkpt lat="45.722787" lon="13.697067"><ele>95</ele></trkpt>
   <trkpt lat="45.72254" lon="13.697293"><ele>95.25</ele></trkpt>
   <trkpt lat="45.722206" lon="13.697672"><ele>95</ele></trkpt>
   <trkpt lat="45.72202" lon="13.697902"><ele>94</ele></trkpt>
   <trkpt lat="45.721832" lon="13.698149"><ele>92.75</ele></trkpt>
   <trkpt lat="45.721615" lon="13.698464"><ele>93.25</ele></trkpt>
   <trkpt lat="45.721504" lon="13.698652"><ele>94.5</ele></trkpt>
   <trkpt lat="45.721367" lon="13.698909"><ele>94.5</ele></trkpt>
   <trkpt lat="45.720967" lon="13.699738"><ele>91.5</ele></trkpt>
   <trkpt lat="45.720803" lon="13.700056"><ele>91.75</ele></trkpt>
   <trkpt lat="45.720669" lon="13.700282"><ele>91.75</ele></trkpt>
   <trkpt lat="45.720526" lon="13.700496"><ele>90.75</ele></trkpt>
   <trkpt lat="45.720363" lon="13.700712"><ele>90.25</ele></trkpt>
   <trkpt lat="45.720169" lon="13.700941"><ele>90.5</ele></trkpt>
   <trkpt lat="45.718384" lon="13.702978"><ele>88</ele></trkpt>
   <trkpt lat="45.718101" lon="13.703324"><ele>89.25</ele></trkpt>
   <trkpt lat="45.717843" lon="13.703689"><ele>88.5</ele></trkpt>
   <trkpt lat="45.716673" lon="13.705563"><ele>85.5</ele></trkpt>
   <trkpt lat="45.716551" lon="13.705757"><ele>85</ele></trkpt>
   <trkpt lat="45.716387" lon="13.705999"><ele>84.75</ele></trkpt>
   <trkpt lat="45.716179" lon="13.706289"><ele>84.25</ele></trkpt>
   <trkpt lat="45.716016" lon="13.706497"><ele>84</ele></trkpt>
   <trkpt lat="45.715496" lon="13.707131"><ele>84</ele></trkpt>
   <trkpt lat="45.715438" lon="13.707195"><ele>83.75</ele></trkpt>
   <trkpt lat="45.715219" lon="13.707473"><ele>82</ele></trkpt>
   <trkpt lat="45.71514" lon="13.707561"><ele>82.25</ele></trkpt>
   <trkpt lat="45.714958" lon="13.707779"><ele>81</ele></trkpt>
   <trkpt lat="45.714471" lon="13.708421"><ele>82.25</ele></trkpt>
   <trkpt lat="45.714252" lon="13.708725"><ele>82</ele></trkpt>
   <trkpt lat="45.71398" lon="13.709146"><ele>82.75</ele></trkpt>
   <trkpt lat="45.713854" lon="13.709358"><ele>80.5</ele></trkpt>
   <trkpt lat="45.713654" lon="13.709721"><ele>82</ele></trkpt>
   <trkpt lat="45.713314" lon="13.710391"><ele>80.5</ele></trkpt>
   <trkpt lat="45.713287" lon="13.710448"><ele>80.25</ele></trkpt>
   <trkpt lat="45.713135" lon="13.710739"><ele>81.25</ele></trkpt>
   <trkpt lat="45.71238" lon="13.712246"><ele>80.75</ele></trkpt>
   <trkpt lat="45.71166" lon="13.713662"><ele>80.25</ele></trkpt>
   <trkpt lat="45.711271" lon="13.714339"><ele>81</ele></trkpt>
   <trkpt lat="45.710962" lon="13.714844"><ele>80.5</ele></trkpt>
   <trkpt lat="45.710701" lon="13.715271"><ele>81</ele></trkpt>
   <trkpt lat="45.710454" lon="13.715675"><ele>78.75</ele></trkpt>
   <trkpt lat="45.71037" lon="13.715802"><ele>79</ele></trkpt>
   <trkpt lat="45.710131" lon="13.716135"><ele>76.5</ele></trkpt>
   <trkpt lat="45.709952" lon="13.716351"><ele>77</ele></trkpt>
   <trkpt lat="45.709848" lon="13.716462"><ele>77.5</ele></trkpt>
   <trkpt lat="45.70965" lon="13.716649"><ele>78</ele></trkpt>
   <trkpt lat="45.709514" lon="13.716765"><ele>78.5</ele></trkpt>
   <trkpt lat="45.709332" lon="13.716898"><ele>79</ele></trkpt>
   <trkpt lat="45.709092" lon="13.717046"><ele>79.25</ele></trkpt>
   <trkpt lat="45.708787" lon="13.717193"><ele>77.75</ele></trkpt>
   <trkpt lat="45.707394" lon="13.717765"><ele>69.5</ele></trkpt>
   <trkpt lat="45.706691" lon="13.718055"><ele>69</ele></trkpt>
   <trkpt lat="45.706537" lon="13.718125"><ele>75</ele></trkpt>
   <trkpt lat="45.706349" lon="13.718225"><ele>77.5</ele></trkpt>
   <trkpt lat="45.706111" lon="13.718378"><ele>75.25</ele></trkpt>
   <trkpt lat="45.705874" lon="13.718567"><ele>74.75</ele></trkpt>
   <trkpt lat="45.705657" lon="13.718781"><ele>75</ele></trkpt>
   <trkpt lat="45.70537" lon="13.719117"><ele>73.5</ele></trkpt>
   <trkpt lat="45.704965" lon="13.719633"><ele>69.25</ele></trkpt>
   <trkpt lat="45.704248" lon="13.72056"><ele>70.75</ele></trkpt>
   <trkpt lat="45.704135" lon="13.720706"><ele>69.75</ele></trkpt>
   <trkpt lat="45.703551" lon="13.721461"><ele>68.5</ele></trkpt>
   <trkpt lat="45.702902" lon="13.722304"><ele>64.5</ele></trkpt>
   <trkpt lat="45.702639" lon="13.722671"><ele>70.5</ele></trkpt>
   <trkpt lat="45.702348" lon="13.723124"><ele>70.25</ele></trkpt>
   <trkpt lat="45.702189" lon="13.723401"><ele>69.25</ele></trkpt>
   <trkpt lat="45.701885" lon="13.723959"><ele>65.75</ele></trkpt>
   <trkpt lat="45.701797" lon="13.724123"><ele>66</ele></trkpt>
   <trkpt lat="45.700925" lon="13.725756"><ele>65.75</ele></trkpt>
   <trkpt lat="45.699846" lon="13.727732"><ele>66.25</ele></trkpt>
   <trkpt lat="45.699679" lon="13.728062"><ele>62.75</ele></trkpt>
   <trkpt lat="45.699526" lon="13.728383"><ele>65.75</ele></trkpt>
   <trkpt lat="45.699109" lon="13.729322"><ele>61.5</ele></trkpt>
   <trkpt lat="45.698231" lon="13.731342"><ele>62</ele></trkpt>
   <trkpt lat="45.698119" lon="13.731626"><ele>61.5</ele></trkpt>
   <trkpt lat="45.697996" lon="13.731971"><ele>58</ele></trkpt>
   <trkpt lat="45.697926" lon="13.732183"><ele>61.25</ele></trkpt>
   <trkpt lat="45.697775" lon="13.732704"><ele>57.5</ele></trkpt>
   <trkpt lat="45.69767" lon="13.73314"><ele>59.25</ele></trkpt>
   <trkpt lat="45.697495" lon="13.733962"><ele>56.5</ele></trkpt>
   <trkpt lat="45.697373" lon="13.734474"><ele>55.25</ele></trkpt>
   <trkpt lat="45.697298" lon="13.734739"><ele>55.5</ele></trkpt>
   <trkpt lat="45.69719" lon="13.735066"><ele>57.25</ele></trkpt>
   <trkpt lat="45.697034" lon="13.735461"><ele>58.5</ele></trkpt>
   <trkpt lat="45.696897" lon="13.735759"><ele>57.75</ele></trkpt>
   <trkpt lat="45.696759" lon="13.73602"><ele>57</ele></trkpt>
   <trkpt lat="45.696701" lon="13.736121"><ele>54.75</ele></trkpt>
   <trkpt lat="45.696571" lon="13.736338"><ele>54.75</ele></trkpt>
   <trkpt lat="45.696084" lon="13.737087"><ele>52.75</ele></trkpt>
   <trkpt lat="45.696053" lon="13.737135"><ele>52.75</ele></trkpt>
   <trkpt lat="45.695902" lon="13.737369"><ele>52.25</ele></trkpt>
   <trkpt lat="45.695864" lon="13.737426"><ele>52</ele></trkpt>
   <trkpt lat="45.695234" lon="13.738383"><ele>50.25</ele></trkpt>
   <trkpt lat="45.69498" lon="13.738715"><ele>49.75</ele></trkpt>
   <trkpt lat="45.694813" lon="13.738902"><ele>49.75</ele></trkpt>
   <trkpt lat="45.694701" lon="13.739015"><ele>49.75</ele></trkpt>
   <trkpt lat="45.694508" lon="13.739192"><ele>50.75</ele></trkpt>
   <trkpt lat="45.693291" lon="13.740235"><ele>48</ele></trkpt>
   <trkpt lat="45.693195" lon="13.740317"><ele>47.75</ele></trkpt>
   <trkpt lat="45.69289" lon="13.740576"><ele>44.75</ele></trkpt>
   <trkpt lat="45.69214" lon="13.741211"><ele>43</ele></trkpt>
   <trkpt lat="45.691623" lon="13.741658"><ele>47.75</ele></trkpt>
   <trkpt lat="45.691361" lon="13.741899"><ele>48</ele></trkpt>
   <trkpt lat="45.691111" lon="13.74215"><ele>46.25</ele></trkpt>
   <trkpt lat="45.690875" lon="13.742404"><ele>43.75</ele></trkpt>
   <trkpt lat="45.690746" lon="13.742552"><ele>42.75</ele></trkpt>
   <trkpt lat="45.690255" lon="13.743158"><ele>45.75</ele></trkpt>
   <trkpt lat="45.689658" lon="13.743917"><ele>43.75</ele></trkpt>
   <trkpt lat="45.689574" lon="13.744024"><ele>44.5</ele></trkpt>
   <trkpt lat="45.689238" lon="13.744459"><ele>42</ele></trkpt>
   <trkpt lat="45.689063" lon="13.744704"><ele>39.75</ele></trkpt>
   <trkpt lat="45.688881" lon="13.744981"><ele>40.25</ele></trkpt>
   <trkpt lat="45.68886" lon="13.745016"><ele>40.5</ele></trkpt>
   <trkpt lat="45.688627" lon="13.74542"><ele>42.5</ele></trkpt>
   <trkpt lat="45.688114" lon="13.746372"><ele>41.75</ele></trkpt>
   <trkpt lat="45.688032" lon="13.746526"><ele>40.75</ele></trkpt>
   <trkpt lat="45.687727" lon="13.747097"><ele>42.5</ele></trkpt>
   <trkpt lat="45.687682" lon="13.747182"><ele>43.75</ele></trkpt>
   <trkpt lat="45.687378" lon="13.747748"><ele>42</ele></trkpt>
   <trkpt lat="45.687032" lon="13.748378"><ele>40</ele></trkpt>
   <trkpt lat="45.686865" lon="13.748644"><ele>38.25</ele></trkpt>
   <trkpt lat="45.686785" lon="13.748764"><ele>38</ele></trkpt>
   <trkpt lat="45.686567" lon="13.749065"><ele>37.25</ele></trkpt>
   <trkpt lat="45.686299" lon="13.749407"><ele>33.25</ele></trkpt>
   <trkpt lat="45.685675" lon="13.7502"><ele>34.25</ele></trkpt>
   <trkpt lat="45.684355" lon="13.751878"><ele>32.25</ele></trkpt>
   <trkpt lat="45.684232" lon="13.752035"><ele>32.25</ele></trkpt>
   <trkpt lat="45.68375" lon="13.752654"><ele>31.25</ele></trkpt>
   <trkpt lat="45.68344" lon="13.753087"><ele>31.5</ele></trkpt>
   <trkpt lat="45.683152" lon="13.753529"><ele>32</ele></trkpt>
   <trkpt lat="45.68284" lon="13.754054"><ele>32.5</ele></trkpt>
   <trkpt lat="45.681841" lon="13.75579"><ele>32.5</ele></trkpt>
   <trkpt lat="45.681612" lon="13.756176"><ele>30</ele></trkpt>
   <trkpt lat="45.681496" lon="13.756354"><ele>30</ele></trkpt>
   <trkpt lat="45.681385" lon="13.756507"><ele>28.5</ele></trkpt>
   <trkpt lat="45.681273" lon="13.756645"><ele>28</ele></trkpt>
   <trkpt lat="45.681138" lon="13.756792"><ele>28.75</ele></trkpt>
   <trkpt lat="45.680937" lon="13.756976"><ele>28.25</ele></trkpt>
   <trkpt lat="45.680744" lon="13.757117"><ele>26.75</ele></trkpt>
   <trkpt lat="45.680586" lon="13.757215"><ele>27</ele></trkpt>
   <trkpt lat="45.680384" lon="13.757312"><ele>25</ele></trkpt>
   <trkpt lat="45.680204" lon="13.75738"><ele>23.75</ele></trkpt>
   <trkpt lat="45.680016" lon="13.757428"><ele>24</ele></trkpt>
   <trkpt lat="45.679795" lon="13.757461"><ele>23.75</ele></trkpt>
   <trkpt lat="45.679582" lon="13.757461"><ele>23.25</ele></trkpt>
   <trkpt lat="45.679282" lon="13.757425"><ele>23</ele></trkpt>
   <trkpt lat="45.67909" lon="13.757373"><ele>22.75</ele></trkpt>
   <trkpt lat="45.678927" lon="13.757313"><ele>22.5</ele></trkpt>
   <trkpt lat="45.678699" lon="13.757199"><ele>22.25</ele></trkpt>
   <trkpt lat="45.67845" lon="13.757036"><ele>21.75</ele></trkpt>
   <trkpt lat="45.677438" lon="13.756259"><ele>20.5</ele></trkpt>
   <trkpt lat="45.677287" lon="13.756158"><ele>20.5</ele></trkpt>
   <trkpt lat="45.677178" lon="13.756096"><ele>22.5</ele></trkpt>
   <trkpt lat="45.677027" lon="13.75602"><ele>25</ele></trkpt>
   <trkpt lat="45.676913" lon="13.755974"><ele>26.75</ele></trkpt>
   <trkpt lat="45.676671" lon="13.7559"><ele>27.5</ele></trkpt>
   <trkpt lat="45.676533" lon="13.755876"><ele>28.25</ele></trkpt>
   <trkpt lat="45.67643" lon="13.75587"><ele>27</ele></trkpt>
   <trkpt lat="45.676129" lon="13.755864"><ele>24</ele></trkpt>
   <trkpt lat="45.675763" lon="13.755931"><ele>20.25</ele></trkpt>
   <trkpt lat="45.675488" lon="13.75604"><ele>20.25</ele></trkpt>
   <trkpt lat="45.675283" lon="13.756151"><ele>18.75</ele></trkpt>
   <trkpt lat="45.675133" lon="13.756253"><ele>19</ele></trkpt>
   <trkpt lat="45.674841" lon="13.756498"><ele>19.5</ele></trkpt>
   <trkpt lat="45.674417" lon="13.756907"><ele>18.75</ele></trkpt>
   <trkpt lat="45.67406" lon="13.75723"><ele>19.5</ele></trkpt>
   <trkpt lat="45.673711" lon="13.75753"><ele>18.25</ele></trkpt>
   <trkpt lat="45.673584" lon="13.757627"><ele>17.25</ele></trkpt>
   <trkpt lat="45.673354" lon="13.757792"><ele>17</ele></trkpt>
   <trkpt lat="45.673029" lon="13.757994"><ele>15.25</ele></trkpt>
   <trkpt lat="45.672692" lon="13.758167"><ele>15.75</ele></trkpt>
   <trkpt lat="45.670974" lon="13.758919"><ele>13.25</ele></trkpt>
   <trkpt lat="45.670662" lon="13.759077"><ele>12.25</ele></trkpt>
   <trkpt lat="45.670338" lon="13.759272"><ele>11.75</ele></trkpt>
   <trkpt lat="45.669972" lon="13.759546"><ele>12.5</ele></trkpt>
   <trkpt lat="45.669747" lon="13.759741"><ele>11.75</ele></trkpt>
   <trkpt lat="45.667809" lon="13.761465"><ele>6</ele></trkpt>
   <trkpt lat="45.667635" lon="13.761617"><ele>5.25</ele></trkpt>
   <trkpt lat="45.66734" lon="13.761878"><ele>4.5</ele></trkpt>
   <trkpt lat="45.667216" lon="13.761987"><ele>5.25</ele></trkpt>
   <trkpt lat="45.666853" lon="13.762253"><ele>4.5</ele></trkpt>
   <trkpt lat="45.666563" lon="13.76251"><ele>4.25</ele></trkpt>
   <trkpt lat="45.665847" lon="13.763144"><ele>3.5</ele></trkpt>
   <trkpt lat="45.665681" lon="13.763301"><ele>3.5</ele></trkpt>
   <trkpt lat="45.665476" lon="13.763535"><ele>3.5</ele></trkpt>
   <trkpt lat="45.665334" lon="13.763728"><ele>3</ele></trkpt>
   <trkpt lat="45.665244" lon="13.763869"><ele>3</ele></trkpt>
   <trkpt lat="45.665154" lon="13.76403"><ele>3</ele></trkpt>
   <trkpt lat="45.664759" lon="13.764808"><ele>2.75</ele></trkpt>
   <trkpt lat="45.664604" lon="13.765082"><ele>2.25</ele></trkpt>
   <trkpt lat="45.663003" lon="13.767696"><ele>2</ele></trkpt>
   <trkpt lat="45.662785" lon="13.768056"><ele>2</ele></trkpt>
   <trkpt lat="45.662554" lon="13.768435"><ele>2</ele></trkpt>
   <trkpt lat="45.662417" lon="13.768647"><ele>2</ele></trkpt>
   <trkpt lat="45.662292" lon="13.768816"><ele>2</ele></trkpt>
   <trkpt lat="45.662135" lon="13.76901"><ele>2</ele></trkpt>
   <trkpt lat="45.661981" lon="13.769181"><ele>2</ele></trkpt>
   <trkpt lat="45.661817" lon="13.769369"><ele>2</ele></trkpt>
   <trkpt lat="45.66168" lon="13.769503"><ele>2</ele></trkpt>
   <trkpt lat="45.66157" lon="13.769592"><ele>2</ele></trkpt>
   <trkpt lat="45.661399" lon="13.769782"><ele>2</ele></trkpt>
   <trkpt lat="45.660706" lon="13.770192"><ele>2</ele></trkpt>
   <trkpt lat="45.658533" lon="13.771476"><ele>2</ele></trkpt>
   <trkpt lat="45.658338" lon="13.77159"><ele>2</ele></trkpt>
  </trkseg>
 </trk>
</gpx>