<?xml version="1.0" encoding="UTF-8"?>
<!-- track-length = 498198 filtered ascend = 641 plain-ascend = 6 cost=498198 energy=6.1kwh time=11h 4m 15s -->
<gpx 
 xmlns="http://www.topografix.com/GPX/1/1" 
 xmlns:xsi="http://www.w3.org/2001/XMLSchema-instance" 
 xsi:schemaLocation="http://www.topografix.com/GPX/1/1 http://www.topografix.com/GPX/1/1/gpx.xsd" 
 version="1.1" 
 creator="BRouter-Web 99.71.0">
 <trk>
  <name>Prague-Krakow</name>
  <link href="https://brouter.damsy.net/latest/#map=7/49.522/16.540/standard&amp;lonlats=14.435863,50.081876;15.756133,50.031398;18.26683,49.849354;19.947996,50.067386&amp;profile=rail">
   <text>BRouter-Web</text>
  </link>
  <trkseg>
   <trkpt lat="50.081869" lon="14.435884"><ele>209.75</ele></trkpt>
   <trkpt lat="50.082877" lon="14.436625"><ele>210</ele></trkpt>
   <trkpt lat="50.08296" lon="14.436687"><ele>210</ele></trkpt>
   <trkpt lat="50.083084" lon="14.436776"><ele>210</ele></trkpt>
   <trkpt lat="50.084396" lon="14.437738"><ele>210</ele></trkpt>
   <trkpt lat="50.084785" lon="14.438003"><ele>209.75</ele></trkpt>
   <trkpt lat="50.084838" lon="14.438035"><ele>209.75</ele></trkpt>
   <trkpt lat="50.085672" lon="14.438505"><ele>208.75</ele></trkpt>
   <trkpt lat="50.085725" lon="14.438535"><ele>208</ele></trkpt>
   <trkpt lat="50.085845" lon="14.438611"><ele>208</ele></trkpt>
   <trkpt lat="50.085993" lon="14.43872"><ele>208.25</ele></trkpt>
   <trkpt lat="50.086144" lon="14.438849"><ele>208.5</ele></trkpt>
   <trkpt lat="50.086289" lon="14.438993"><ele>208.5</ele></trkpt>
   <trkpt lat="50.086438" lon="14.439164"><ele>209.75</ele></trkpt>
   <trkpt lat="50.086519" lon="14.439266"><ele>210</ele></trkpt>
   <trkpt lat="50.086718" lon="14.439558"><ele>208.75</ele></trkpt>
   <trkpt lat="50.086807" lon="14.439708"><ele>208.5</ele></trkpt>
   <trkpt lat="50.087055" lon="14.440168"><ele>208.25</ele></trkpt>
   <trkpt lat="50.087193" lon="14.440439"><ele>208</ele></trkpt>
   <trkpt lat="50.087267" lon="14.440602"><ele>208</ele></trkpt>
   <trkpt lat="50.087313" lon="14.440712"><ele>208</ele></trkpt>
   <trkpt lat="50.087434" lon="14.441046"><ele>207.75</ele></trkpt>
   <trkpt lat="50.087538" lon="14.441375"><ele>207.5</ele></trkpt>
   <trkpt lat="50.087668" lon="14.441701"><ele>207.5</ele></trkpt>
   <trkpt lat="50.08777" lon="14.441961"><ele>207.25</ele></trkpt>
   <trkpt lat="50.087849" lon="14.442186"><ele>207.25</ele></trkpt>
   <trkpt lat="50.087981" lon="14.442607"><ele>207</ele></trkpt>
   <trkpt lat="50.088074" lon="14.442944"><ele>206.75</ele></trkpt>
   <trkpt lat="50.088158" lon="14.443283"><ele>206.5</ele></trkpt>
   <trkpt lat="50.088228" lon="14.443606"><ele>206.5</ele></trkpt>
   <trkpt lat="50.088285" lon="14.443905"><ele>206.25</ele></trkpt>
   <trkpt lat="50.088334" lon="14.444205"><ele>206.25</ele></trkpt>
   <trkpt lat="50.088384" lon="14.444574"><ele>206</ele></trkpt>
   <trkpt lat="50.088424" lon="14.444931"><ele>205.75</ele></trkpt>
   <trkpt lat="50.088465" lon="14.445382"><ele>205.5</ele></trkpt>
   <trkpt lat="50.088477" lon="14.445563"><ele>205.75</ele></trkpt>
   <trkpt lat="50.088504" lon="14.445999"><ele>205.75</ele></trkpt>
   <trkpt lat="50.088537" lon="14.446586"><ele>205.75</ele></trkpt>
   <trkpt lat="50.08874" lon="14.449885"><ele>206.75</ele></trkpt>
   <trkpt lat="50.088785" lon="14.450584"><ele>206.75</ele></trkpt>
   <trkpt lat="50.088936" lon="14.451961"><ele>207.25</ele></trkpt>
   <trkpt lat="50.089185" lon="14.453306"><ele>207.5</ele></trkpt>
   <trkpt lat="50.090097" lon="14.457253"><ele>208.5</ele></trkpt>
   <trkpt lat="50.090411" lon="14.458564"><ele>208.75</ele></trkpt>
   <trkpt lat="50.09075" lon="14.459862"><ele>209.25</ele></trkpt>
   <trkpt lat="50.091114" lon="14.461138"><ele>209.5</ele></trkpt>
   <trkpt lat="50.091791" lon="14.463421"><ele>210</ele></trkpt>
   <trkpt lat="50.092018" lon="14.464184"><ele>210.25</ele></trkpt>
   <trkpt lat="50.092092" lon="14.464432"><ele>209.75</ele></trkpt>
   <trkpt lat="50.092982" lon="14.467398"><ele>207</ele></trkpt>
   <trkpt lat="50.093129" lon="14.467843"><ele>206.5</ele></trkpt>
   <trkpt lat="50.093252" lon="14.468184"><ele>206.25</ele></trkpt>
   <trkpt lat="50.093449" lon="14.46866"><ele>205.75</ele></trkpt>
   <trkpt lat="50.09355" lon="14.468889"><ele>205.75</ele></trkpt>
   <trkpt lat="50.093764" lon="14.469321"><ele>205.75</ele></trkpt>
   <trkpt lat="50.093957" lon="14.469669"><ele>204.5</ele></trkpt>
   <trkpt lat="50.094174" lon="14.470021"><ele>207.5</ele></trkpt>
   <trkpt lat="50.094427" lon="14.470385"><ele>205.5</ele></trkpt>
   <trkpt lat="50.094676" lon="14.470708"><ele>205.5</ele></trkpt>
   <trkpt lat="50.09514" lon="14.471256"><ele>204.75</ele></trkpt>
   <trkpt lat="50.0975" lon="14.473935"><ele>204</ele></trkpt>
   <trkpt lat="50.097822" lon="14.474312"><ele>204.25</ele></trkpt>
   <trkpt lat="50.098292" lon="14.47488"><ele>205.25</ele></trkpt>
   <trkpt lat="50.098645" lon="14.475341"><ele>205.25</ele></trkpt>
   <trkpt lat="50.098983" lon="14.475823"><ele>205</ele></trkpt>
   <trkpt lat="50.099095" lon="14.475984"><ele>205.25</ele></trkpt>
   <trkpt lat="50.099382" lon="14.476431"><ele>205</ele></trkpt>
   <trkpt lat="50.099632" lon="14.476847"><ele>206.5</ele></trkpt>
   <trkpt lat="50.099878" lon="14.477288"><ele>205.75</ele></trkpt>
   <trkpt lat="50.099998" lon="14.477516"><ele>205.75</ele></trkpt>
   <trkpt lat="50.100269" lon="14.478055"><ele>206</ele></trkpt>
   <trkpt lat="50.100382" lon="14.478294"><ele>206</ele></trkpt>
   <trkpt lat="50.100564" lon="14.478688"><ele>205.75</ele></trkpt>
   <trkpt lat="50.100751" lon="14.479118"><ele>206.75</ele></trkpt>
   <trkpt lat="50.100837" lon="14.479322"><ele>206</ele></trkpt>
   <trkpt lat="50.10102" lon="14.479774"><ele>206.75</ele></trkpt>
   <trkpt lat="50.101221" lon="14.480308"><ele>207.75</ele></trkpt>
   <trkpt lat="50.101453" lon="14.480976"><ele>207.5</ele></trkpt>
   <trkpt lat="50.101571" lon="14.481353"><ele>207.5</ele></trkpt>
   <trkpt lat="50.101715" lon="14.481887"><ele>207</ele></trkpt>
   <trkpt lat="50.101796" lon="14.482236"><ele>207.75</ele></trkpt>
   <trkpt lat="50.101905" lon="14.482793"><ele>207.25</ele></trkpt>
   <trkpt lat="50.101995" lon="14.483393"><ele>207.25</ele></trkpt>
   <trkpt lat="50.102049" lon="14.483877"><ele>207.5</ele></trkpt>
   <trkpt lat="50.10207" lon="14.484119"><ele>208.25</ele></trkpt>
   <trkpt lat="50.102097" lon="14.484598"><ele>208</ele></trkpt>
   <trkpt lat="50.102108" lon="14.484934"><ele>208</ele></trkpt>
   <trkpt lat="50.102103" lon="14.485672"><ele>208</ele></trkpt>
   <trkpt lat="50.102072" lon="14.486301"><ele>208</ele></trkpt>
   <trkpt lat="50.102026" lon="14.486916"><ele>208</ele></trkpt>
   <trkpt lat="50.101952" lon="14.487898"><ele>209</ele></trkpt>
   <trkpt lat="50.101927" lon="14.488215"><ele>209.25</ele></trkpt>
   <trkpt lat="50.10191" lon="14.488609"><ele>209.5</ele></trkpt>
   <trkpt lat="50.10191" lon="14.488768"><ele>209.5</ele></trkpt>
   <trkpt lat="50.101889" lon="14.489331"><ele>209.75</ele></trkpt>
   <trkpt lat="50.101821" lon="14.490181"><ele>209.5</ele></trkpt>
   <trkpt lat="50.101737" lon="14.491425"><ele>209</ele></trkpt>
   <trkpt lat="50.101665" lon="14.49222"><ele>209</ele></trkpt>
   <trkpt lat="50.101649" lon="14.492349"><ele>209.25</ele></trkpt>
   <trkpt lat="50.101415" lon="14.49426"><ele>210</ele></trkpt>
   <trkpt lat="50.101333" lon="14.494989"><ele>210.75</ele></trkpt>
   <trkpt lat="50.101278" lon="14.495625"><ele>210.75</ele></trkpt>
   <trkpt lat="50.101224" lon="14.496475"><ele>210.25</ele></trkpt>
   <trkpt lat="50.101195" lon="14.497161"><ele>210</ele></trkpt>
   <trkpt lat="50.10118" lon="14.49745"><ele>210</ele></trkpt>
   <trkpt lat="50.101159" lon="14.498238"><ele>210.5</ele></trkpt>
   <trkpt lat="50.101139" lon="14.499482"><ele>211</ele></trkpt>
   <trkpt lat="50.101117" lon="14.499976"><ele>211</ele></trkpt>
   <trkpt lat="50.101096" lon="14.500266"><ele>210.75</ele></trkpt>
   <trkpt lat="50.101054" lon="14.5007"><ele>211</ele></trkpt>
   <trkpt lat="50.101024" lon="14.500935"><ele>210.75</ele></trkpt>
   <trkpt lat="50.100949" lon="14.501427"><ele>211</ele></trkpt>
   <trkpt lat="50.100433" lon="14.504352"><ele>212</ele></trkpt>
   <trkpt lat="50.100385" lon="14.504648"><ele>212</ele></trkpt>
   <trkpt lat="50.100289" lon="14.505324"><ele>212</ele></trkpt>
   <trkpt lat="50.100211" lon="14.506045"><ele>212</ele></trkpt>
   <trkpt lat="50.100191" lon="14.506279"><ele>212</ele></trkpt>
   <trkpt lat="50.100141" lon="14.507047"><ele>211.5</ele></trkpt>
   <trkpt lat="50.100114" lon="14.507852"><ele>212</ele></trkpt>
   <trkpt lat="50.100107" lon="14.508141"><ele>212</ele></trkpt>
   <trkpt lat="50.100097" lon="14.508544"><ele>212.25</ele></trkpt>
   <trkpt lat="50.100076" lon="14.50913"><ele>212.5</ele></trkpt>
   <trkpt lat="50.100081" lon="14.5095"><ele>212.75</ele></trkpt>
   <trkpt lat="50.100087" lon="14.50966"><ele>212.75</ele></trkpt>
   <trkpt lat="50.100092" lon="14.509762"><ele>213</ele></trkpt>
   <trkpt lat="50.100123" lon="14.510659"><ele>213</ele></trkpt>
   <trkpt lat="50.10016" lon="14.511137"><ele>213.25</ele></trkpt>
   <trkpt lat="50.100194" lon="14.511436"><ele>213.5</ele></trkpt>
   <trkpt lat="50.100265" lon="14.511971"><ele>213</ele></trkpt>
   <trkpt lat="50.100338" lon="14.512433"><ele>213.25</ele></trkpt>
   <trkpt lat="50.100529" lon="14.513604"><ele>214.25</ele></trkpt>
   <trkpt lat="50.100611" lon="14.51425"><ele>213</ele></trkpt>
   <trkpt lat="50.100638" lon="14.514544"><ele>212.75</ele></trkpt>
   <trkpt lat="50.100661" lon="14.514843"><ele>212.75</ele></trkpt>
   <trkpt lat="50.100677" lon="14.515152"><ele>212.75</ele></trkpt>
   <trkpt lat="50.100684" lon="14.515463"><ele>212.5</ele></trkpt>
   <trkpt lat="50.100686" lon="14.515764"><ele>213.25</ele></trkpt>
   <trkpt lat="50.100668" lon="14.516323"><ele>214</ele></trkpt>
   <trkpt lat="50.100631" lon="14.516853"><ele>214.25</ele></trkpt>
   <trkpt lat="50.100606" lon="14.517116"><ele>214.5</ele></trkpt>
   <trkpt lat="50.100535" lon="14.517659"><ele>215</ele></trkpt>
   <trkpt lat="50.100494" lon="14.51792"><ele>215</ele></trkpt>
   <trkpt lat="50.100408" lon="14.51838"><ele>215.5</ele></trkpt>
   <trkpt lat="50.100317" lon="14.518803"><ele>215.25</ele></trkpt>
   <trkpt lat="50.10027" lon="14.518992"><ele>214.75</ele></trkpt>
   <trkpt lat="50.100093" lon="14.519632"><ele>215.25</ele></trkpt>
   <trkpt lat="50.10009" lon="14.519642"><ele>215.25</ele></trkpt>
   <trkpt lat="50.099904" lon="14.520204"><ele>215</ele></trkpt>
   <trkpt lat="50.099459" lon="14.521395"><ele>213.25</ele></trkpt>
   <trkpt lat="50.099282" lon="14.521873"><ele>211.75</ele></trkpt>
   <trkpt lat="50.098141" lon="14.524856"><ele>217</ele></trkpt>
   <trkpt lat="50.097935" lon="14.52543"><ele>216.25</ele></trkpt>
   <trkpt lat="50.097747" lon="14.526008"><ele>216.25</ele></trkpt>
   <trkpt lat="50.097574" lon="14.526646"><ele>214.5</ele></trkpt>
   <trkpt lat="50.097433" lon="14.52731"><ele>215.75</ele></trkpt>
   <trkpt lat="50.097315" lon="14.528001"><ele>214.5</ele></trkpt>
   <trkpt lat="50.097266" lon="14.52834"><ele>216</ele></trkpt>
   <trkpt lat="50.097232" lon="14.52868"><ele>217.25</ele></trkpt>
   <trkpt lat="50.097195" lon="14.529129"><ele>217.25</ele></trkpt>
   <trkpt lat="50.097172" lon="14.52957"><ele>216</ele></trkpt>
   <trkpt lat="50.097164" lon="14.529917"><ele>216.25</ele></trkpt>
   <trkpt lat="50.097167" lon="14.53061"><ele>218</ele></trkpt>
   <trkpt lat="50.097194" lon="14.531248"><ele>218.5</ele></trkpt>
   <trkpt lat="50.097252" lon="14.531956"><ele>218</ele></trkpt>
   <trkpt lat="50.097325" lon="14.532673"><ele>218.5</ele></trkpt>
   <trkpt lat="50.097748" lon="14.536624"><ele>220</ele></trkpt>
   <trkpt lat="50.09775" lon="14.536645"><ele>220.25</ele></trkpt>
   <trkpt lat="50.097801" lon="14.537125"><ele>219.5</ele></trkpt>
   <trkpt lat="50.097875" lon="14.537921"><ele>218.5</ele></trkpt>
   <trkpt lat="50.09792" lon="14.538629"><ele>217.5</ele></trkpt>
   <trkpt lat="50.097931" lon="14.539334"><ele>216</ele></trkpt>
   <trkpt lat="50.097925" lon="14.539825"><ele>215.75</ele></trkpt>
   <trkpt lat="50.097912" lon="14.540206"><ele>218</ele></trkpt>
   <trkpt lat="50.097889" lon="14.540609"><ele>218.25</ele></trkpt>
   <trkpt lat="50.097813" lon="14.541416"><ele>218.75</ele></trkpt>
   <trkpt lat="50.097746" lon="14.541921"><ele>219.25</ele></trkpt>
   <trkpt lat="50.097672" lon="14.542362"><ele>222</ele></trkpt>
   <trkpt lat="50.097593" lon="14.542773"><ele>223.25</ele></trkpt>
   <trkpt lat="50.097516" lon="14.543121"><ele>223.75</ele></trkpt>
   <trkpt lat="50.097354" lon="14.543754"><ele>225.25</ele></trkpt>
   <trkpt lat="50.097189" lon="14.544302"><ele>224.75</ele></trkpt>
   <trkpt lat="50.097077" lon="14.544628"><ele>225.5</ele></trkpt>
   <trkpt lat="50.096968" lon="14.544926"><ele>224.25</ele></trkpt>
   <trkpt lat="50.096844" lon="14.545235"><ele>225.5</ele></trkpt>
   <trkpt lat="50.096714" lon="14.545542"><ele>224.75</ele></trkpt>
   <trkpt lat="50.09657" lon="14.54584"><ele>226</ele></trkpt>
   <trkpt lat="50.096278" lon="14.546405"><ele>226</ele></trkpt>
   <trkpt lat="50.096016" lon="14.546858"><ele>226.75</ele></trkpt>
   <trkpt lat="50.095635" lon="14.547445"><ele>227</ele></trkpt>
   <trkpt lat="50.094705" lon="14.548919"><ele>225</ele></trkpt>
   <trkpt lat="50.094151" lon="14.549813"><ele>224.75</ele></trkpt>
   <trkpt lat="50.093793" lon="14.550408"><ele>224.25</ele></trkpt>
   <trkpt lat="50.093496" lon="14.550958"><ele>224.25</ele></trkpt>
   <trkpt lat="50.093203" lon="14.551572"><ele>225.75</ele></trkpt>
   <trkpt lat="50.093025" lon="14.551984"><ele>225.25</ele></trkpt>
   <trkpt lat="50.093017" lon="14.552005"><ele>225.25</ele></trkpt>
   <trkpt lat="50.092839" lon="14.552448"><ele>226.25</ele></trkpt>
   <trkpt lat="50.09266" lon="14.552938"><ele>227.5</ele></trkpt>
   <trkpt lat="50.092546" lon="14.553278"><ele>226.25</ele></trkpt>
   <trkpt lat="50.092432" lon="14.553652"><ele>227</ele></trkpt>
   <trkpt lat="50.092226" lon="14.554372"><ele>225.75</ele></trkpt>
   <trkpt lat="50.090844" lon="14.559544"><ele>227</ele></trkpt>
   <trkpt lat="50.090103" lon="14.562348"><ele>224.25</ele></trkpt>
   <trkpt lat="50.089883" lon="14.563153"><ele>224</ele></trkpt>
   <trkpt lat="50.089753" lon="14.563644"><ele>226.5</ele></trkpt>
   <trkpt lat="50.089377" lon="14.565056"><ele>227</ele></trkpt>
   <trkpt lat="50.089371" lon="14.565077"><ele>227</ele></trkpt>
   <trkpt lat="50.088227" lon="14.569366"><ele>228.75</ele></trkpt>
   <trkpt lat="50.086479" lon="14.575944"><ele>228.25</ele></trkpt>
   <trkpt lat="50.08643" lon="14.576125"><ele>229.25</ele></trkpt>
   <trkpt lat="50.085525" lon="14.579519"><ele>231.5</ele></trkpt>
   <trkpt lat="50.085521" lon="14.579534"><ele>231.75</ele></trkpt>
   <trkpt lat="50.085351" lon="14.580172"><ele>232</ele></trkpt>
   <trkpt lat="50.084352" lon="14.583901"><ele>231.5</ele></trkpt>
   <trkpt lat="50.084335" lon="14.583962"><ele>231.25</ele></trkpt>
   <trkpt lat="50.084157" lon="14.584677"><ele>231.75</ele></trkpt>
   <trkpt lat="50.084042" lon="14.585185"><ele>230</ele></trkpt>
   <trkpt lat="50.083856" lon="14.585932"><ele>231.25</ele></trkpt>
   <trkpt lat="50.083806" lon="14.586116"><ele>230.75</ele></trkpt>
   <trkpt lat="50.083502" lon="14.587264"><ele>231.25</ele></trkpt>
   <trkpt lat="50.082845" lon="14.589706"><ele>232.75</ele></trkpt>
   <trkpt lat="50.082572" lon="14.590771"><ele>232.25</ele></trkpt>
   <trkpt lat="50.082487" lon="14.591129"><ele>233.75</ele></trkpt>
   <trkpt lat="50.082352" lon="14.591771"><ele>232.5</ele></trkpt>
   <trkpt lat="50.082296" lon="14.592101"><ele>232.5</ele></trkpt>
   <trkpt lat="50.082195" lon="14.592787"><ele>233</ele></trkpt>
   <trkpt lat="50.08215" lon="14.593176"><ele>232.75</ele></trkpt>
   <trkpt lat="50.082124" lon="14.593457"><ele>232.25</ele></trkpt>
   <trkpt lat="50.082112" lon="14.593642"><ele>232</ele></trkpt>
   <trkpt lat="50.082086" lon="14.594198"><ele>233.5</ele></trkpt>
   <trkpt lat="50.082079" lon="14.594537"><ele>234.5</ele></trkpt>
   <trkpt lat="50.082076" lon="14.594914"><ele>234</ele></trkpt>
   <trkpt lat="50.082082" lon="14.595237"><ele>234</ele></trkpt>
   <trkpt lat="50.082091" lon="14.595581"><ele>235</ele></trkpt>
   <trkpt lat="50.082112" lon="14.596031"><ele>235</ele></trkpt>
   <trkpt lat="50.082153" lon="14.59665"><ele>235</ele></trkpt>
   <trkpt lat="50.082396" lon="14.599759"><ele>235</ele></trkpt>
   <trkpt lat="50.08242" lon="14.600062"><ele>235</ele></trkpt>
   <trkpt lat="50.082486" lon="14.600899"><ele>235</ele></trkpt>
   <trkpt lat="50.082521" lon="14.601339"><ele>234.5</ele></trkpt>
   <trkpt lat="50.082569" lon="14.60195"><ele>235.5</ele></trkpt>
   <trkpt lat="50.083297" lon="14.611262"><ele>237</ele></trkpt>
   <trkpt lat="50.083421" lon="14.612795"><ele>237</ele></trkpt>
   <trkpt lat="50.083481" lon="14.613622"><ele>237.25</ele></trkpt>
   <trkpt lat="50.083612" lon="14.615261"><ele>238.75</ele></trkpt>
   <trkpt lat="50.083693" lon="14.616408"><ele>236.25</ele></trkpt>
   <trkpt lat="50.083718" lon="14.616772"><ele>235.5</ele></trkpt>
   <trkpt lat="50.083747" lon="14.617186"><ele>237.25</ele></trkpt>
   <trkpt lat="50.08417" lon="14.624505"><ele>240.25</ele></trkpt>
   <trkpt lat="50.08431" lon="14.626931"><ele>241.25</ele></trkpt>
   <trkpt lat="50.084431" lon="14.628862"><ele>241.75</ele></trkpt>
   <trkpt lat="50.084663" lon="14.631932"><ele>242.75</ele></trkpt>
   <trkpt lat="50.084759" lon="14.63324"><ele>243.75</ele></trkpt>
   <trkpt lat="50.084901" lon="14.634942"><ele>244.25</ele></trkpt>
   <trkpt lat="50.085161" lon="14.638292"><ele>245</ele></trkpt>
   <trkpt lat="50.085251" lon="14.63943"><ele>245.5</ele></trkpt>
   <trkpt lat="50.085261" lon="14.639563"><ele>245.75</ele></trkpt>
   <trkpt lat="50.085352" lon="14.640741"><ele>244.5</ele></trkpt>
   <trkpt lat="50.085391" lon="14.641313"><ele>244</ele></trkpt>
   <trkpt lat="50.085443" lon="14.642397"><ele>246</ele></trkpt>
   <trkpt lat="50.085459" lon="14.642634"><ele>246.25</ele></trkpt>
   <trkpt lat="50.085461" lon="14.642665"><ele>246.5</ele></trkpt>
   <trkpt lat="50.085653" lon="14.645105"><ele>246.5</ele></trkpt>
   <trkpt lat="50.085713" lon="14.645876"><ele>247.25</ele></trkpt>
   <trkpt lat="50.085715" lon="14.645895"><ele>247.25</ele></trkpt>
   <trkpt lat="50.085762" lon="14.646494"><ele>247</ele></trkpt>
   <trkpt lat="50.085778" lon="14.646693"><ele>246.25</ele></trkpt>
   <trkpt lat="50.08692" lon="14.661284"><ele>252.75</ele></trkpt>
   <trkpt lat="50.086921" lon="14.661296"><ele>252.75</ele></trkpt>
   <trkpt lat="50.087093" lon="14.663539"><ele>253</ele></trkpt>
   <trkpt lat="50.087374" lon="14.667142"><ele>255.75</ele></trkpt>
   <trkpt lat="50.087447" lon="14.668183"><ele>254.75</ele></trkpt>
   <trkpt lat="50.087482" lon="14.668963"><ele>255</ele></trkpt>
   <trkpt lat="50.087495" lon="14.66941"><ele>254</ele></trkpt>
   <trkpt lat="50.087496" lon="14.670383"><ele>255</ele></trkpt>
   <trkpt lat="50.087465" lon="14.671301"><ele>255.25</ele></trkpt>
   <trkpt lat="50.087443" lon="14.671731"><ele>255.25</ele></trkpt>
   <trkpt lat="50.087388" lon="14.672449"><ele>256.25</ele></trkpt>
   <trkpt lat="50.087349" lon="14.672858"><ele>256.75</ele></trkpt>
   <trkpt lat="50.087302" lon="14.673281"><ele>256.25</ele></trkpt>
   <trkpt lat="50.087194" lon="14.674109"><ele>256</ele></trkpt>
   <trkpt lat="50.086969" lon="14.675611"><ele>256</ele></trkpt>
   <trkpt lat="50.086967" lon="14.675625"><ele>256</ele></trkpt>
   <trkpt lat="50.08593" lon="14.682481"><ele>254.5</ele></trkpt>
   <trkpt lat="50.084882" lon="14.689411"><ele>254</ele></trkpt>
   <trkpt lat="50.08488" lon="14.689426"><ele>254</ele></trkpt>
   <trkpt lat="50.084476" lon="14.692093"><ele>254</ele></trkpt>
   <trkpt lat="50.084432" lon="14.692385"><ele>254.75</ele></trkpt>
   <trkpt lat="50.082799" lon="14.703177"><ele>256.75</ele></trkpt>
   <trkpt lat="50.082317" lon="14.706368"><ele>257.5</ele></trkpt>
   <trkpt lat="50.082216" lon="14.707032"><ele>259</ele></trkpt>
   <trkpt lat="50.081939" lon="14.708866"><ele>259</ele></trkpt>
   <trkpt lat="50.081859" lon="14.709366"><ele>259</ele></trkpt>
   <trkpt lat="50.08175" lon="14.710112"><ele>259</ele></trkpt>
   <trkpt lat="50.081658" lon="14.710635"><ele>260</ele></trkpt>
   <trkpt lat="50.081651" lon="14.710672"><ele>260</ele></trkpt>
   <trkpt lat="50.081576" lon="14.711121"><ele>260</ele></trkpt>
   <trkpt lat="50.081456" lon="14.711771"><ele>259.75</ele></trkpt>
   <trkpt lat="50.081346" lon="14.712241"><ele>259.25</ele></trkpt>
   <trkpt lat="50.0813" lon="14.712415"><ele>259.5</ele></trkpt>
   <trkpt lat="50.081284" lon="14.712477"><ele>259.75</ele></trkpt>
   <trkpt lat="50.081017" lon="14.713479"><ele>261</ele></trkpt>
   <trkpt lat="50.080851" lon="14.714005"><ele>259.75</ele></trkpt>
   <trkpt lat="50.080749" lon="14.714284"><ele>260</ele></trkpt>
   <trkpt lat="50.080724" lon="14.714352"><ele>260</ele></trkpt>
   <trkpt lat="50.080492" lon="14.714929"><ele>260</ele></trkpt>
   <trkpt lat="50.080339" lon="14.715283"><ele>260</ele></trkpt>
   <trkpt lat="50.080093" lon="14.715819"><ele>260</ele></trkpt>
   <trkpt lat="50.079771" lon="14.716441"><ele>260</ele></trkpt>
   <trkpt lat="50.079457" lon="14.716994"><ele>260</ele></trkpt>
   <trkpt lat="50.079275" lon="14.717294"><ele>260</ele></trkpt>
   <trkpt lat="50.078926" lon="14.717824"><ele>260</ele></trkpt>
   <trkpt lat="50.078532" lon="14.718367"><ele>260</ele></trkpt>
   <trkpt lat="50.078299" lon="14.718662"><ele>259.75</ele></trkpt>
   <trkpt lat="50.077938" lon="14.719108"><ele>259.25</ele></trkpt>
   <trkpt lat="50.077048" lon="14.720207"><ele>254.75</ele></trkpt>
   <trkpt lat="50.076864" lon="14.720434"><ele>255.5</ele></trkpt>
   <trkpt lat="50.075968" lon="14.72154"><ele>257.75</ele></trkpt>
   <trkpt lat="50.074422" lon="14.723456"><ele>258</ele></trkpt>
   <trkpt lat="50.073931" lon="14.724064"><ele>257.5</ele></trkpt>
   <trkpt lat="50.07327" lon="14.724879"><ele>257.75</ele></trkpt>
   <trkpt lat="50.073232" lon="14.724923"><ele>257.75</ele></trkpt>
   <trkpt lat="50.073124" lon="14.725069"><ele>258</ele></trkpt>
   <trkpt lat="50.073057" lon="14.725162"><ele>258.5</ele></trkpt>
   <trkpt lat="50.072736" lon="14.725629"><ele>258</ele></trkpt>
   <trkpt lat="50.072499" lon="14.726026"><ele>258</ele></trkpt>
   <trkpt lat="50.072376" lon="14.726257"><ele>257.5</ele></trkpt>
   <trkpt lat="50.072174" lon="14.726665"><ele>257.75</ele></trkpt>
   <trkpt lat="50.072036" lon="14.726985"><ele>256.75</ele></trkpt>
   <trkpt lat="50.071874" lon="14.727411"><ele>256</ele></trkpt>
   <trkpt lat="50.071761" lon="14.727733"><ele>255.75</ele></trkpt>
   <trkpt lat="50.071617" lon="14.728201"><ele>255.25</ele></trkpt>
   <trkpt lat="50.071509" lon="14.728615"><ele>254.75</ele></trkpt>
   <trkpt lat="50.071403" lon="14.729096"><ele>254.25</ele></trkpt>
   <trkpt lat="50.071289" lon="14.729664"><ele>254.25</ele></trkpt>
   <trkpt lat="50.071237" lon="14.730014"><ele>254</ele></trkpt>
   <trkpt lat="50.071154" lon="14.730728"><ele>257</ele></trkpt>
   <trkpt lat="50.071124" lon="14.731087"><ele>257.5</ele></trkpt>
   <trkpt lat="50.071094" lon="14.731706"><ele>257.5</ele></trkpt>
   <trkpt lat="50.071095" lon="14.732013"><ele>257.25</ele></trkpt>
   <trkpt lat="50.071109" lon="14.732422"><ele>255.5</ele></trkpt>
   <trkpt lat="50.071129" lon="14.732816"><ele>256.75</ele></trkpt>
   <trkpt lat="50.071166" lon="14.733231"><ele>257</ele></trkpt>
   <trkpt lat="50.071209" lon="14.733627"><ele>256.5</ele></trkpt>
   <trkpt lat="50.07127" lon="14.734044"><ele>257.5</ele></trkpt>
   <trkpt lat="50.071353" lon="14.734516"><ele>258.25</ele></trkpt>
   <trkpt lat="50.071445" lon="14.734965"><ele>258.5</ele></trkpt>
   <trkpt lat="50.071636" lon="14.735834"><ele>259</ele></trkpt>
   <trkpt lat="50.071639" lon="14.735844"><ele>259</ele></trkpt>
   <trkpt lat="50.071712" lon="14.736157"><ele>258.5</ele></trkpt>
   <trkpt lat="50.072123" lon="14.738174"><ele>260.25</ele></trkpt>
   <trkpt lat="50.07238" lon="14.739307"><ele>262</ele></trkpt>
   <trkpt lat="50.072403" lon="14.739417"><ele>262</ele></trkpt>
   <trkpt lat="50.072558" lon="14.740151"><ele>261</ele></trkpt>
   <trkpt lat="50.072814" lon="14.741427"><ele>260.75</ele></trkpt>
   <trkpt lat="50.072822" lon="14.741466"><ele>261</ele></trkpt>
   <trkpt lat="50.07457" lon="14.749148"><ele>262.75</ele></trkpt>
   <trkpt lat="50.074873" lon="14.750487"><ele>262.25</ele></trkpt>
   <trkpt lat="50.074875" lon="14.750498"><ele>262.25</ele></trkpt>
   <trkpt lat="50.075687" lon="14.754093"><ele>259.5</ele></trkpt>
   <trkpt lat="50.075867" lon="14.754928"><ele>259.75</ele></trkpt>
   <trkpt lat="50.075951" lon="14.755347"><ele>259.25</ele></trkpt>
   <trkpt lat="50.076033" lon="14.755795"><ele>260.5</ele></trkpt>
   <trkpt lat="50.076106" lon="14.756218"><ele>261</ele></trkpt>
   <trkpt lat="50.076172" lon="14.756649"><ele>261</ele></trkpt>
   <trkpt lat="50.076288" lon="14.757507"><ele>261</ele></trkpt>
   <trkpt lat="50.076336" lon="14.757946"><ele>260.75</ele></trkpt>
   <trkpt lat="50.076415" lon="14.758818"><ele>259.75</ele></trkpt>
   <trkpt lat="50.076473" lon="14.759677"><ele>259.25</ele></trkpt>
   <trkpt lat="50.076581" lon="14.761954"><ele>258</ele></trkpt>
   <trkpt lat="50.076595" lon="14.762219"><ele>257.25</ele></trkpt>
   <trkpt lat="50.076721" lon="14.764914"><ele>259.25</ele></trkpt>
   <trkpt lat="50.076721" lon="14.764925"><ele>259.25</ele></trkpt>
   <trkpt lat="50.076972" lon="14.770499"><ele>259.75</ele></trkpt>
   <trkpt lat="50.077106" lon="14.773329"><ele>257.5</ele></trkpt>
   <trkpt lat="50.077115" lon="14.773513"><ele>257.75</ele></trkpt>
   <trkpt lat="50.077441" lon="14.780522"><ele>258</ele></trkpt>
   <trkpt lat="50.077442" lon="14.780532"><ele>258</ele></trkpt>
   <trkpt lat="50.07804" lon="14.793382"><ele>252.25</ele></trkpt>
   <trkpt lat="50.078054" lon="14.793675"><ele>250.25</ele></trkpt>
   <trkpt lat="50.078348" lon="14.799894"><ele>251</ele></trkpt>
   <trkpt lat="50.078348" lon="14.799909"><ele>251</ele></trkpt>
   <trkpt lat="50.078712" lon="14.807696"><ele>250</ele></trkpt>
   <trkpt lat="50.079065" lon="14.815356"><ele>247.25</ele></trkpt>
   <trkpt lat="50.079066" lon="14.815372"><ele>247</ele></trkpt>
   <trkpt lat="50.079846" lon="14.832278"><ele>233.75</ele></trkpt>
   <trkpt lat="50.079858" lon="14.832531"><ele>233</ele></trkpt>
   <trkpt lat="50.079906" lon="14.833588"><ele>235.25</ele></trkpt>
   <trkpt lat="50.079907" lon="14.833605"><ele>235.25</ele></trkpt>
   <trkpt lat="50.080022" lon="14.836087"><ele>232.75</ele></trkpt>
   <trkpt lat="50.080031" lon="14.83629"><ele>232.75</ele></trkpt>
   <trkpt lat="50.080229" lon="14.84058"><ele>232.25</ele></trkpt>
   <trkpt lat="50.080266" lon="14.841522"><ele>231.75</ele></trkpt>
   <trkpt lat="50.080286" lon="14.842312"><ele>230.75</ele></trkpt>
   <trkpt lat="50.080279" lon="14.843043"><ele>229.75</ele></trkpt>
   <trkpt lat="50.080271" lon="14.843265"><ele>229.75</ele></trkpt>
   <trkpt lat="50.080261" lon="14.843509"><ele>230.25</ele></trkpt>
   <trkpt lat="50.080203" lon="14.844301"><ele>230.25</ele></trkpt>
   <trkpt lat="50.080156" lon="14.84473"><ele>231</ele></trkpt>
   <trkpt lat="50.080047" lon="14.845505"><ele>231.75</ele></trkpt>
   <trkpt lat="50.079987" lon="14.845854"><ele>231</ele></trkpt>
   <trkpt lat="50.079832" lon="14.846604"><ele>230.5</ele></trkpt>
   <trkpt lat="50.079743" lon="14.846973"><ele>230.75</ele></trkpt>
   <trkpt lat="50.079646" lon="14.847339"><ele>230.25</ele></trkpt>
   <trkpt lat="50.07954" lon="14.847699"><ele>230.25</ele></trkpt>
   <trkpt lat="50.079427" lon="14.848058"><ele>230</ele></trkpt>
   <trkpt lat="50.079351" lon="14.848277"><ele>229.75</ele></trkpt>
   <trkpt lat="50.079309" lon="14.848404"><ele>229.75</ele></trkpt>
   <trkpt lat="50.079179" lon="14.848743"><ele>229.25</ele></trkpt>
   <trkpt lat="50.078912" lon="14.849394"><ele>229</ele></trkpt>
   <trkpt lat="50.078614" lon="14.850033"><ele>228.75</ele></trkpt>
   <trkpt lat="50.077947" lon="14.851371"><ele>229</ele></trkpt>
   <trkpt lat="50.077781" lon="14.851718"><ele>227.75</ele></trkpt>
   <trkpt lat="50.077639" lon="14.852031"><ele>227.75</ele></trkpt>
   <trkpt lat="50.077447" lon="14.852483"><ele>227.25</ele></trkpt>
   <trkpt lat="50.077292" lon="14.852888"><ele>226.25</ele></trkpt>
   <trkpt lat="50.0771" lon="14.853451"><ele>225.75</ele></trkpt>
   <trkpt lat="50.07691" lon="14.854093"><ele>226.5</ele></trkpt>
   <trkpt lat="50.07678" lon="14.854612"><ele>223.75</ele></trkpt>
   <trkpt lat="50.076768" lon="14.854664"><ele>223.5</ele></trkpt>
   <trkpt lat="50.076646" lon="14.855305"><ele>225.5</ele></trkpt>
   <trkpt lat="50.0766" lon="14.855582"><ele>224.25</ele></trkpt>
   <trkpt lat="50.07647" lon="14.856716"><ele>221.25</ele></trkpt>
   <trkpt lat="50.076416" lon="14.857366"><ele>224.25</ele></trkpt>
   <trkpt lat="50.076395" lon="14.857769"><ele>224.75</ele></trkpt>
   <trkpt lat="50.076394" lon="14.857818"><ele>224.5</ele></trkpt>
   <trkpt lat="50.076381" lon="14.858216"><ele>223.75</ele></trkpt>
   <trkpt lat="50.07638" lon="14.858348"><ele>223.75</ele></trkpt>
   <trkpt lat="50.076377" lon="14.858526"><ele>223.5</ele></trkpt>
   <trkpt lat="50.076383" lon="14.859071"><ele>223.75</ele></trkpt>
   <trkpt lat="50.076434" lon="14.860325"><ele>222.25</ele></trkpt>
   <trkpt lat="50.076438" lon="14.860394"><ele>222</ele></trkpt>
   <trkpt lat="50.076483" lon="14.861325"><ele>220.5</ele></trkpt>
   <trkpt lat="50.076521" lon="14.861945"><ele>220.25</ele></trkpt>
   <trkpt lat="50.076563" lon="14.862425"><ele>220.5</ele></trkpt>
   <trkpt lat="50.076598" lon="14.86298"><ele>220.5</ele></trkpt>
   <trkpt lat="50.076608" lon="14.863154"><ele>220.75</ele></trkpt>
   <trkpt lat="50.076614" lon="14.863292"><ele>221</ele></trkpt>
   <trkpt lat="50.076634" lon="14.863602"><ele>221.75</ele></trkpt>
   <trkpt lat="50.076667" lon="14.86396"><ele>221.75</ele></trkpt>
   <trkpt lat="50.076699" lon="14.864204"><ele>221.75</ele></trkpt>
   <trkpt lat="50.076775" lon="14.86465"><ele>221.5</ele></trkpt>
   <trkpt lat="50.076818" lon="14.86496"><ele>221.25</ele></trkpt>
   <trkpt lat="50.076836" lon="14.865154"><ele>221.25</ele></trkpt>
   <trkpt lat="50.076924" lon="14.867055"><ele>221.25</ele></trkpt>
   <trkpt lat="50.076989" lon="14.867885"><ele>222</ele></trkpt>
   <trkpt lat="50.077072" lon="14.868576"><ele>222</ele></trkpt>
   <trkpt lat="50.077128" lon="14.868965"><ele>222</ele></trkpt>
   <trkpt lat="50.077252" lon="14.869666"><ele>222</ele></trkpt>
   <trkpt lat="50.077327" lon="14.870029"><ele>221.5</ele></trkpt>
   <trkpt lat="50.077455" lon="14.870588"><ele>221</ele></trkpt>
   <trkpt lat="50.077582" lon="14.87107"><ele>221.25</ele></trkpt>
   <trkpt lat="50.077665" lon="14.871355"><ele>221</ele></trkpt>
   <trkpt lat="50.077845" lon="14.871936"><ele>221</ele></trkpt>
   <trkpt lat="50.078477" lon="14.873853"><ele>221.25</ele></trkpt>
   <trkpt lat="50.078763" lon="14.874727"><ele>219.75</ele></trkpt>
   <trkpt lat="50.078825" lon="14.874915"><ele>220</ele></trkpt>
   <trkpt lat="50.078886" lon="14.875117"><ele>221.25</ele></trkpt>
   <trkpt lat="50.079069" lon="14.875849"><ele>220</ele></trkpt>
   <trkpt lat="50.079205" lon="14.876335"><ele>221.25</ele></trkpt>
   <trkpt lat="50.079339" lon="14.876772"><ele>220</ele></trkpt>
   <trkpt lat="50.079358" lon="14.876828"><ele>220.25</ele></trkpt>
   <trkpt lat="50.079411" lon="14.876989"><ele>221.25</ele></trkpt>
   <trkpt lat="50.079758" lon="14.878198"><ele>220.75</ele></trkpt>
   <trkpt lat="50.079774" lon="14.878247"><ele>220.25</ele></trkpt>
   <trkpt lat="50.07979" lon="14.878295"><ele>220</ele></trkpt>
   <trkpt lat="50.080082" lon="14.879184"><ele>220.75</ele></trkpt>
   <trkpt lat="50.080529" lon="14.880527"><ele>220.75</ele></trkpt>
   <trkpt lat="50.081028" lon="14.881997"><ele>220.25</ele></trkpt>
   <trkpt lat="50.081541" lon="14.883511"><ele>221</ele></trkpt>
   <trkpt lat="50.081757" lon="14.884144"><ele>221</ele></trkpt>
   <trkpt lat="50.083504" lon="14.889299"><ele>218.75</ele></trkpt>
   <trkpt lat="50.085838" lon="14.896165"><ele>218.75</ele></trkpt>
   <trkpt lat="50.086075" lon="14.896796"><ele>218.25</ele></trkpt>
   <trkpt lat="50.086214" lon="14.897143"><ele>218</ele></trkpt>
   <trkpt lat="50.086509" lon="14.897818"><ele>218</ele></trkpt>
   <trkpt lat="50.086667" lon="14.898139"><ele>217.75</ele></trkpt>
   <trkpt lat="50.087" lon="14.898758"><ele>217.75</ele></trkpt>
   <trkpt lat="50.087173" lon="14.899054"><ele>217.25</ele></trkpt>
   <trkpt lat="50.08754" lon="14.899627"><ele>217</ele></trkpt>
   <trkpt lat="50.087921" lon="14.900148"><ele>216.25</ele></trkpt>
   <trkpt lat="50.088335" lon="14.900654"><ele>216.5</ele></trkpt>
   <trkpt lat="50.08855" lon="14.900889"><ele>216.5</ele></trkpt>
   <trkpt lat="50.088773" lon="14.901116"><ele>216.5</ele></trkpt>
   <trkpt lat="50.089218" lon="14.901535"><ele>216.25</ele></trkpt>
   <trkpt lat="50.089668" lon="14.901891"><ele>216.75</ele></trkpt>
   <trkpt lat="50.090011" lon="14.902141"><ele>216</ele></trkpt>
   <trkpt lat="50.09002" lon="14.902148"><ele>216</ele></trkpt>
   <trkpt lat="50.090398" lon="14.902377"><ele>215.75</ele></trkpt>
   <trkpt lat="50.090649" lon="14.902514"><ele>216</ele></trkpt>
   <trkpt lat="50.090897" lon="14.90264"><ele>215.75</ele></trkpt>
   <trkpt lat="50.091144" lon="14.902753"><ele>215</ele></trkpt>
   <trkpt lat="50.091702" lon="14.902962"><ele>215.25</ele></trkpt>
   <trkpt lat="50.092194" lon="14.90312"><ele>215</ele></trkpt>
   <trkpt lat="50.09514" lon="14.904"><ele>211</ele></trkpt>
   <trkpt lat="50.095323" lon="14.904053"><ele>210.25</ele></trkpt>
   <trkpt lat="50.09642" lon="14.904378"><ele>211</ele></trkpt>
   <trkpt lat="50.096959" lon="14.904549"><ele>210.5</ele></trkpt>
   <trkpt lat="50.097442" lon="14.904722"><ele>211.75</ele></trkpt>
   <trkpt lat="50.097686" lon="14.904822"><ele>209.75</ele></trkpt>
   <trkpt lat="50.097917" lon="14.90493"><ele>210.5</ele></trkpt>
   <trkpt lat="50.098382" lon="14.905172"><ele>209.5</ele></trkpt>
   <trkpt lat="50.098831" lon="14.905451"><ele>209.25</ele></trkpt>
   <trkpt lat="50.099296" lon="14.9058"><ele>210</ele></trkpt>
   <trkpt lat="50.099514" lon="14.90598"><ele>209.5</ele></trkpt>
   <trkpt lat="50.099727" lon="14.906169"><ele>210.5</ele></trkpt>
   <trkpt lat="50.099936" lon="14.906366"><ele>210.25</ele></trkpt>
   <trkpt lat="50.100346" lon="14.906792"><ele>209</ele></trkpt>
   <trkpt lat="50.100765" lon="14.907277"><ele>208.75</ele></trkpt>
   <trkpt lat="50.100974" lon="14.907516"><ele>207.75</ele></trkpt>
   <trkpt lat="50.102475" lon="14.909387"><ele>208.75</ele></trkpt>
   <trkpt lat="50.102905" lon="14.90992"><ele>208.5</ele></trkpt>
   <trkpt lat="50.105219" lon="14.912788"><ele>209</ele></trkpt>
   <trkpt lat="50.105712" lon="14.91342"><ele>210.25</ele></trkpt>
   <trkpt lat="50.106327" lon="14.914235"><ele>207.5</ele></trkpt>
   <trkpt lat="50.106385" lon="14.914313"><ele>207.75</ele></trkpt>
   <trkpt lat="50.106754" lon="14.91483"><ele>206.25</ele></trkpt>
   <trkpt lat="50.107253" lon="14.915562"><ele>207.75</ele></trkpt>
   <trkpt lat="50.107403" lon="14.915763"><ele>206.5</ele></trkpt>
   <trkpt lat="50.108527" lon="14.917275"><ele>206.75</ele></trkpt>
   <trkpt lat="50.108553" lon="14.917309"><ele>206.75</ele></trkpt>
   <trkpt lat="50.109214" lon="14.918214"><ele>207</ele></trkpt>
   <trkpt lat="50.109534" lon="14.918685"><ele>207</ele></trkpt>
   <trkpt lat="50.109758" lon="14.919042"><ele>207</ele></trkpt>
   <trkpt lat="50.109792" lon="14.919099"><ele>207</ele></trkpt>
   <trkpt lat="50.109969" lon="14.919426"><ele>206.75</ele></trkpt>
   <trkpt lat="50.110128" lon="14.919767"><ele>207</ele></trkpt>
   <trkpt lat="50.110209" lon="14.919963"><ele>207</ele></trkpt>
   <trkpt lat="50.110431" lon="14.92056"><ele>206.75</ele></trkpt>
   <trkpt lat="50.110586" lon="14.92103"><ele>207</ele></trkpt>
   <trkpt lat="50.110794" lon="14.921716"><ele>206.75</ele></trkpt>
   <trkpt lat="50.110869" lon="14.921947"><ele>206.75</ele></trkpt>
   <trkpt lat="50.11096" lon="14.922271"><ele>206</ele></trkpt>
   <trkpt lat="50.111087" lon="14.922744"><ele>206</ele></trkpt>
   <trkpt lat="50.111238" lon="14.923423"><ele>205</ele></trkpt>
   <trkpt lat="50.111398" lon="14.924297"><ele>205.5</ele></trkpt>
   <trkpt lat="50.111474" lon="14.924764"><ele>204.5</ele></trkpt>
   <trkpt lat="50.111529" lon="14.925165"><ele>204.5</ele></trkpt>
   <trkpt lat="50.111558" lon="14.925447"><ele>204.75</ele></trkpt>
   <trkpt lat="50.111579" lon="14.925743"><ele>204.75</ele></trkpt>
   <trkpt lat="50.111594" lon="14.926044"><ele>204.75</ele></trkpt>
   <trkpt lat="50.111606" lon="14.926642"><ele>203.75</ele></trkpt>
   <trkpt lat="50.111594" lon="14.927329"><ele>203.5</ele></trkpt>
   <trkpt lat="50.111577" lon="14.927675"><ele>203.25</ele></trkpt>
   <trkpt lat="50.111533" lon="14.92826"><ele>202.5</ele></trkpt>
   <trkpt lat="50.111481" lon="14.928743"><ele>202.5</ele></trkpt>
   <trkpt lat="50.111407" lon="14.929341"><ele>203.5</ele></trkpt>
   <trkpt lat="50.11131" lon="14.930296"><ele>203.25</ele></trkpt>
   <trkpt lat="50.11126" lon="14.93072"><ele>202.75</ele></trkpt>
   <trkpt lat="50.111185" lon="14.931257"><ele>202.75</ele></trkpt>
   <trkpt lat="50.111147" lon="14.931485"><ele>202.75</ele></trkpt>
   <trkpt lat="50.111107" lon="14.931753"><ele>203</ele></trkpt>
   <trkpt lat="50.111052" lon="14.932234"><ele>202.25</ele></trkpt>
   <trkpt lat="50.110979" lon="14.932806"><ele>203</ele></trkpt>
   <trkpt lat="50.110933" lon="14.933083"><ele>202.75</ele></trkpt>
   <trkpt lat="50.110652" lon="14.934782"><ele>203</ele></trkpt>
   <trkpt lat="50.110642" lon="14.934843"><ele>203.25</ele></trkpt>
   <trkpt lat="50.110445" lon="14.935875"><ele>203</ele></trkpt>
   <trkpt lat="50.110283" lon="14.936608"><ele>202.75</ele></trkpt>
   <trkpt lat="50.110043" lon="14.937711"><ele>202.5</ele></trkpt>
   <trkpt lat="50.110009" lon="14.937873"><ele>202.75</ele></trkpt>
   <trkpt lat="50.109148" lon="14.941686"><ele>202.75</ele></trkpt>
   <trkpt lat="50.109132" lon="14.941755"><ele>202.75</ele></trkpt>
   <trkpt lat="50.10871" lon="14.943638"><ele>203.25</ele></trkpt>
   <trkpt lat="50.108468" lon="14.944725"><ele>204.5</ele></trkpt>
   <trkpt lat="50.108459" lon="14.944763"><ele>204.5</ele></trkpt>
   <trkpt lat="50.106999" lon="14.951221"><ele>203</ele></trkpt>
   <trkpt lat="50.106943" lon="14.951476"><ele>203</ele></trkpt>
   <trkpt lat="50.10614" lon="14.955044"><ele>202</ele></trkpt>
   <trkpt lat="50.10602" lon="14.955575"><ele>203</ele></trkpt>
   <trkpt lat="50.105425" lon="14.958185"><ele>199.75</ele></trkpt>
   <trkpt lat="50.105422" lon="14.958195"><ele>199.75</ele></trkpt>
   <trkpt lat="50.102529" lon="14.970994"><ele>197</ele></trkpt>
   <trkpt lat="50.102459" lon="14.9713"><ele>199.5</ele></trkpt>
   <trkpt lat="50.102424" lon="14.971456"><ele>199.5</ele></trkpt>
   <trkpt lat="50.101691" lon="14.974694"><ele>201.75</ele></trkpt>
   <trkpt lat="50.10103" lon="14.977614"><ele>202.5</ele></trkpt>
   <trkpt lat="50.100907" lon="14.978215"><ele>202.25</ele></trkpt>
   <trkpt lat="50.100837" lon="14.978606"><ele>201.75</ele></trkpt>
   <trkpt lat="50.100715" lon="14.979207"><ele>202.75</ele></trkpt>
   <trkpt lat="50.10069" lon="14.979317"><ele>202.5</ele></trkpt>
   <trkpt lat="50.100549" lon="14.97988"><ele>202</ele></trkpt>
   <trkpt lat="50.100435" lon="14.980295"><ele>203</ele></trkpt>
   <trkpt lat="50.100293" lon="14.980867"><ele>202</ele></trkpt>
   <trkpt lat="50.099595" lon="14.983949"><ele>201.5</ele></trkpt>
   <trkpt lat="50.099564" lon="14.984077"><ele>201.75</ele></trkpt>
   <trkpt lat="50.099422" lon="14.984706"><ele>201.75</ele></trkpt>
   <trkpt lat="50.098834" lon="14.987305"><ele>200.5</ele></trkpt>
   <trkpt lat="50.096912" lon="14.995778"><ele>197.5</ele></trkpt>
   <trkpt lat="50.095548" lon="15.001792"><ele>196.25</ele></trkpt>
   <trkpt lat="50.095119" lon="15.00369"><ele>195.5</ele></trkpt>
   <trkpt lat="50.093832" lon="15.009393"><ele>196.75</ele></trkpt>
   <trkpt lat="50.093797" lon="15.009542"><ele>196.5</ele></trkpt>
   <trkpt lat="50.093599" lon="15.010396"><ele>197.5</ele></trkpt>
   <trkpt lat="50.093426" lon="15.01113"><ele>197</ele></trkpt>
   <trkpt lat="50.093382" lon="15.011316"><ele>197</ele></trkpt>
   <trkpt lat="50.093244" lon="15.011916"><ele>196.5</ele></trkpt>
   <trkpt lat="50.092669" lon="15.014328"><ele>197.5</ele></trkpt>
   <trkpt lat="50.092458" lon="15.015267"><ele>198.5</ele></trkpt>
   <trkpt lat="50.092247" lon="15.016219"><ele>198.75</ele></trkpt>
   <trkpt lat="50.092196" lon="15.016447"><ele>199</ele></trkpt>
   <trkpt lat="50.092192" lon="15.016463"><ele>199</ele></trkpt>
   <trkpt lat="50.09218" lon="15.016512"><ele>199</ele></trkpt>
   <trkpt lat="50.092101" lon="15.016907"><ele>199.25</ele></trkpt>
   <trkpt lat="50.092008" lon="15.017449"><ele>199.5</ele></trkpt>
   <trkpt lat="50.091937" lon="15.017801"><ele>199.75</ele></trkpt>
   <trkpt lat="50.091885" lon="15.018028"><ele>199.25</ele></trkpt>
   <trkpt lat="50.091486" lon="15.019809"><ele>200</ele></trkpt>
   <trkpt lat="50.089749" lon="15.027559"><ele>201</ele></trkpt>
   <trkpt lat="50.089433" lon="15.028953"><ele>200</ele></trkpt>
   <trkpt lat="50.088946" lon="15.031094"><ele>199.5</ele></trkpt>
   <trkpt lat="50.088604" lon="15.032607"><ele>198.75</ele></trkpt>
   <trkpt lat="50.088459" lon="15.033249"><ele>197.25</ele></trkpt>
   <trkpt lat="50.088432" lon="15.033359"><ele>197.5</ele></trkpt>
   <trkpt lat="50.088309" lon="15.03385"><ele>198.5</ele></trkpt>
   <trkpt lat="50.088188" lon="15.034275"><ele>196.75</ele></trkpt>
   <trkpt lat="50.088105" lon="15.034605"><ele>197.25</ele></trkpt>
   <trkpt lat="50.088095" lon="15.034653"><ele>197.25</ele></trkpt>
   <trkpt lat="50.087851" lon="15.03574"><ele>194</ele></trkpt>
   <trkpt lat="50.08779" lon="15.036006"><ele>196.25</ele></trkpt>
   <trkpt lat="50.087026" lon="15.039361"><ele>193.5</ele></trkpt>
   <trkpt lat="50.086884" lon="15.039992"><ele>196</ele></trkpt>
   <trkpt lat="50.086567" lon="15.041386"><ele>194.5</ele></trkpt>
   <trkpt lat="50.086457" lon="15.041874"><ele>193.5</ele></trkpt>
   <trkpt lat="50.085642" lon="15.045459"><ele>192.75</ele></trkpt>
   <trkpt lat="50.084" lon="15.052689"><ele>191.5</ele></trkpt>
   <trkpt lat="50.083978" lon="15.052785"><ele>191.25</ele></trkpt>
   <trkpt lat="50.083603" lon="15.054429"><ele>193.75</ele></trkpt>
   <trkpt lat="50.08148" lon="15.063753"><ele>191.75</ele></trkpt>
   <trkpt lat="50.081442" lon="15.063929"><ele>192.25</ele></trkpt>
   <trkpt lat="50.081057" lon="15.065627"><ele>195</ele></trkpt>
   <trkpt lat="50.079783" lon="15.071237"><ele>195.25</ele></trkpt>
   <trkpt lat="50.079757" lon="15.071349"><ele>195.5</ele></trkpt>
   <trkpt lat="50.079433" lon="15.072935"><ele>197.5</ele></trkpt>
   <trkpt lat="50.078816" lon="15.075656"><ele>199.75</ele></trkpt>
   <trkpt lat="50.078409" lon="15.077446"><ele>201</ele></trkpt>
   <trkpt lat="50.077766" lon="15.080269"><ele>199</ele></trkpt>
   <trkpt lat="50.076298" lon="15.086704"><ele>196.75</ele></trkpt>
   <trkpt lat="50.076279" lon="15.086796"><ele>196.25</ele></trkpt>
   <trkpt lat="50.075802" lon="15.088895"><ele>196.75</ele></trkpt>
   <trkpt lat="50.075708" lon="15.08931"><ele>194.5</ele></trkpt>
   <trkpt lat="50.075687" lon="15.089401"><ele>194</ele></trkpt>
   <trkpt lat="50.07474" lon="15.093571"><ele>196.5</ele></trkpt>
   <trkpt lat="50.072789" lon="15.102132"><ele>195.5</ele></trkpt>
   <trkpt lat="50.071647" lon="15.107131"><ele>195.25</ele></trkpt>
   <trkpt lat="50.071609" lon="15.1073"><ele>195</ele></trkpt>
   <trkpt lat="50.071586" lon="15.1074"><ele>195</ele></trkpt>
   <trkpt lat="50.071435" lon="15.108063"><ele>195.5</ele></trkpt>
   <trkpt lat="50.070811" lon="15.110799"><ele>196.75</ele></trkpt>
   <trkpt lat="50.070798" lon="15.110856"><ele>196.5</ele></trkpt>
   <trkpt lat="50.070679" lon="15.111326"><ele>195.5</ele></trkpt>
   <trkpt lat="50.070594" lon="15.111624"><ele>195.75</ele></trkpt>
   <trkpt lat="50.070471" lon="15.112105"><ele>196.25</ele></trkpt>
   <trkpt lat="50.070468" lon="15.112117"><ele>196.25</ele></trkpt>
   <trkpt lat="50.070451" lon="15.112193"><ele>196</ele></trkpt>
   <trkpt lat="50.070432" lon="15.112274"><ele>196</ele></trkpt>
   <trkpt lat="50.070418" lon="15.112336"><ele>196</ele></trkpt>
   <trkpt lat="50.070394" lon="15.112447"><ele>196.25</ele></trkpt>
   <trkpt lat="50.070377" lon="15.11252"><ele>196.5</ele></trkpt>
   <trkpt lat="50.070361" lon="15.11259"><ele>196.25</ele></trkpt>
   <trkpt lat="50.070203" lon="15.113282"><ele>196.5</ele></trkpt>
   <trkpt lat="50.07006" lon="15.113859"><ele>195.75</ele></trkpt>
   <trkpt lat="50.070012" lon="15.114029"><ele>196.25</ele></trkpt>
   <trkpt lat="50.069966" lon="15.114201"><ele>196.75</ele></trkpt>
   <trkpt lat="50.069846" lon="15.114675"><ele>195.5</ele></trkpt>
   <trkpt lat="50.069688" lon="15.115359"><ele>196.75</ele></trkpt>
   <trkpt lat="50.068584" lon="15.12023"><ele>196.75</ele></trkpt>
   <trkpt lat="50.068477" lon="15.12066"><ele>196.5</ele></trkpt>
   <trkpt lat="50.068298" lon="15.12132"><ele>196.75</ele></trkpt>
   <trkpt lat="50.068193" lon="15.121755"><ele>197</ele></trkpt>
   <trkpt lat="50.067518" lon="15.124719"><ele>197</ele></trkpt>
   <trkpt lat="50.067391" lon="15.125276"><ele>197</ele></trkpt>
   <trkpt lat="50.067388" lon="15.125292"><ele>197</ele></trkpt>
   <trkpt lat="50.067277" lon="15.125838"><ele>197</ele></trkpt>
   <trkpt lat="50.067171" lon="15.126531"><ele>197</ele></trkpt>
   <trkpt lat="50.067135" lon="15.126745"><ele>197</ele></trkpt>
   <trkpt lat="50.067039" lon="15.127223"><ele>197</ele></trkpt>
   <trkpt lat="50.067015" lon="15.127323"><ele>197</ele></trkpt>
   <trkpt lat="50.066988" lon="15.127444"><ele>197</ele></trkpt>
   <trkpt lat="50.066914" lon="15.127796"><ele>196.75</ele></trkpt>
   <trkpt lat="50.066817" lon="15.128332"><ele>196</ele></trkpt>
   <trkpt lat="50.066735" lon="15.12873"><ele>196.5</ele></trkpt>
   <trkpt lat="50.066713" lon="15.12882"><ele>196.75</ele></trkpt>
   <trkpt lat="50.066675" lon="15.128974"><ele>196.75</ele></trkpt>
   <trkpt lat="50.066473" lon="15.129816"><ele>195.75</ele></trkpt>
   <trkpt lat="50.066329" lon="15.130358"><ele>196.25</ele></trkpt>
   <trkpt lat="50.066178" lon="15.130893"><ele>196</ele></trkpt>
   <trkpt lat="50.066023" lon="15.131405"><ele>196.25</ele></trkpt>
   <trkpt lat="50.06588" lon="15.131839"><ele>196.25</ele></trkpt>
   <trkpt lat="50.065726" lon="15.132267"><ele>196</ele></trkpt>
   <trkpt lat="50.065411" lon="15.133072"><ele>195.5</ele></trkpt>
   <trkpt lat="50.065252" lon="15.133442"><ele>196.25</ele></trkpt>
   <trkpt lat="50.064881" lon="15.134235"><ele>196</ele></trkpt>
   <trkpt lat="50.064798" lon="15.134396"><ele>195.75</ele></trkpt>
   <trkpt lat="50.064542" lon="15.13487"><ele>195.5</ele></trkpt>
   <trkpt lat="50.064336" lon="15.135245"><ele>195.5</ele></trkpt>
   <trkpt lat="50.064234" lon="15.135417"><ele>195.75</ele></trkpt>
   <trkpt lat="50.063623" lon="15.136444"><ele>195.75</ele></trkpt>
   <trkpt lat="50.059208" lon="15.14379"><ele>196.25</ele></trkpt>
   <trkpt lat="50.058126" lon="15.145589"><ele>195</ele></trkpt>
   <trkpt lat="50.058065" lon="15.145692"><ele>195.25</ele></trkpt>
   <trkpt lat="50.057811" lon="15.146115"><ele>195.75</ele></trkpt>
   <trkpt lat="50.057735" lon="15.146241"><ele>195.25</ele></trkpt>
   <trkpt lat="50.057671" lon="15.146349"><ele>195</ele></trkpt>
   <trkpt lat="50.054968" lon="15.150844"><ele>196.5</ele></trkpt>
   <trkpt lat="50.054906" lon="15.150946"><ele>196</ele></trkpt>
   <trkpt lat="50.054168" lon="15.152179"><ele>196.5</ele></trkpt>
   <trkpt lat="50.049858" lon="15.159343"><ele>194.5</ele></trkpt>
   <trkpt lat="50.049777" lon="15.159478"><ele>194.75</ele></trkpt>
   <trkpt lat="50.049142" lon="15.160533"><ele>195.75</ele></trkpt>
   <trkpt lat="50.049138" lon="15.160541"><ele>195.75</ele></trkpt>
   <trkpt lat="50.049026" lon="15.160726"><ele>195.75</ele></trkpt>
   <trkpt lat="50.043912" lon="15.169226"><ele>195</ele></trkpt>
   <trkpt lat="50.043847" lon="15.169332"><ele>195.25</ele></trkpt>
   <trkpt lat="50.04136" lon="15.173468"><ele>195</ele></trkpt>
   <trkpt lat="50.041337" lon="15.173507"><ele>195</ele></trkpt>
   <trkpt lat="50.041333" lon="15.173514"><ele>195</ele></trkpt>
   <trkpt lat="50.040021" lon="15.175697"><ele>194.5</ele></trkpt>
   <trkpt lat="50.039897" lon="15.175899"><ele>194.75</ele></trkpt>
   <trkpt lat="50.038162" lon="15.178805"><ele>196.5</ele></trkpt>
   <trkpt lat="50.037882" lon="15.179298"><ele>196.5</ele></trkpt>
   <trkpt lat="50.037614" lon="15.179802"><ele>196.5</ele></trkpt>
   <trkpt lat="50.037406" lon="15.180226"><ele>196.25</ele></trkpt>
   <trkpt lat="50.037205" lon="15.180662"><ele>196.5</ele></trkpt>
   <trkpt lat="50.037012" lon="15.181107"><ele>196.5</ele></trkpt>
   <trkpt lat="50.036661" lon="15.18202"><ele>196.75</ele></trkpt>
   <trkpt lat="50.036498" lon="15.182485"><ele>196</ele></trkpt>
   <trkpt lat="50.035527" lon="15.185363"><ele>197.5</ele></trkpt>
   <trkpt lat="50.035301" lon="15.186037"><ele>197.5</ele></trkpt>
   <trkpt lat="50.034959" lon="15.18706"><ele>197.5</ele></trkpt>
   <trkpt lat="50.034909" lon="15.187209"><ele>197.25</ele></trkpt>
   <trkpt lat="50.03458" lon="15.188183"><ele>197.75</ele></trkpt>
   <trkpt lat="50.034441" lon="15.188575"><ele>198</ele></trkpt>
   <trkpt lat="50.034195" lon="15.189214"><ele>198.5</ele></trkpt>
   <trkpt lat="50.034107" lon="15.18943"><ele>199.75</ele></trkpt>
   <trkpt lat="50.033964" lon="15.189745"><ele>198.25</ele></trkpt>
   <trkpt lat="50.033665" lon="15.190338"><ele>198.75</ele></trkpt>
   <trkpt lat="50.033348" lon="15.190885"><ele>198.5</ele></trkpt>
   <trkpt lat="50.033282" lon="15.190995"><ele>199.25</ele></trkpt>
   <trkpt lat="50.032816" lon="15.1917"><ele>198.5</ele></trkpt>
   <trkpt lat="50.031944" lon="15.192945"><ele>199.75</ele></trkpt>
   <trkpt lat="50.031708" lon="15.193309"><ele>199.5</ele></trkpt>
   <trkpt lat="50.031486" lon="15.193679"><ele>200.5</ele></trkpt>
   <trkpt lat="50.03131" lon="15.193994"><ele>200.25</ele></trkpt>
   <trkpt lat="50.031131" lon="15.194334"><ele>200.75</ele></trkpt>
   <trkpt lat="50.030926" lon="15.194757"><ele>201.5</ele></trkpt>
   <trkpt lat="50.030695" lon="15.195293"><ele>199.25</ele></trkpt>
   <trkpt lat="50.030545" lon="15.195665"><ele>199.75</ele></trkpt>
   <trkpt lat="50.030405" lon="15.196048"><ele>200</ele></trkpt>
   <trkpt lat="50.030241" lon="15.196529"><ele>200.75</ele></trkpt>
   <trkpt lat="50.030121" lon="15.196926"><ele>201.25</ele></trkpt>
   <trkpt lat="50.030008" lon="15.197331"><ele>201.75</ele></trkpt>
   <trkpt lat="50.029807" lon="15.198175"><ele>201.75</ele></trkpt>
   <trkpt lat="50.029522" lon="15.199537"><ele>202.75</ele></trkpt>
   <trkpt lat="50.029061" lon="15.201795"><ele>201.75</ele></trkpt>
   <trkpt lat="50.029048" lon="15.201862"><ele>202</ele></trkpt>
   <trkpt lat="50.028846" lon="15.202824"><ele>200</ele></trkpt>
   <trkpt lat="50.028563" lon="15.204169"><ele>200</ele></trkpt>
   <trkpt lat="50.02845" lon="15.204669"><ele>200.25</ele></trkpt>
   <trkpt lat="50.028331" lon="15.205125"><ele>199</ele></trkpt>
   <trkpt lat="50.027887" lon="15.206696"><ele>198.5</ele></trkpt>
   <trkpt lat="50.027785" lon="15.207048"><ele>198</ele></trkpt>
   <trkpt lat="50.027751" lon="15.207163"><ele>197.5</ele></trkpt>
   <trkpt lat="50.027696" lon="15.207351"><ele>198</ele></trkpt>
   <trkpt lat="50.027455" lon="15.20836"><ele>198.75</ele></trkpt>
   <trkpt lat="50.027434" lon="15.20843"><ele>198.5</ele></trkpt>
   <trkpt lat="50.027309" lon="15.208887"><ele>198.5</ele></trkpt>
   <trkpt lat="50.027234" lon="15.209204"><ele>198.75</ele></trkpt>
   <trkpt lat="50.027183" lon="15.20947"><ele>199</ele></trkpt>
   <trkpt lat="50.027101" lon="15.209954"><ele>199</ele></trkpt>
   <trkpt lat="50.026971" lon="15.210831"><ele>199</ele></trkpt>
   <trkpt lat="50.026965" lon="15.210889"><ele>199</ele></trkpt>
   <trkpt lat="50.026913" lon="15.211242"><ele>199</ele></trkpt>
   <trkpt lat="50.026865" lon="15.211501"><ele>199</ele></trkpt>
   <trkpt lat="50.026827" lon="15.211663"><ele>199</ele></trkpt>
   <trkpt lat="50.026733" lon="15.212003"><ele>199</ele></trkpt>
   <trkpt lat="50.026675" lon="15.212184"><ele>199</ele></trkpt>
   <trkpt lat="50.026552" lon="15.212513"><ele>199</ele></trkpt>
   <trkpt lat="50.026278" lon="15.213107"><ele>199</ele></trkpt>
   <trkpt lat="50.026058" lon="15.213492"><ele>199</ele></trkpt>
   <trkpt lat="50.025869" lon="15.213787"><ele>199</ele></trkpt>
   <trkpt lat="50.025673" lon="15.214156"><ele>199</ele></trkpt>
   <trkpt lat="50.025536" lon="15.21445"><ele>198.75</ele></trkpt>
   <trkpt lat="50.025425" lon="15.214703"><ele>199</ele></trkpt>
   <trkpt lat="50.024845" lon="15.216013"><ele>199</ele></trkpt>
   <trkpt lat="50.024828" lon="15.216054"><ele>199</ele></trkpt>
   <trkpt lat="50.024549" lon="15.216696"><ele>199</ele></trkpt>
   <trkpt lat="50.024533" lon="15.216733"><ele>199</ele></trkpt>
   <trkpt lat="50.024286" lon="15.217318"><ele>198.75</ele></trkpt>
   <trkpt lat="50.023977" lon="15.218024"><ele>199</ele></trkpt>
   <trkpt lat="50.023968" lon="15.218042"><ele>199</ele></trkpt>
   <trkpt lat="50.02396" lon="15.218061"><ele>199</ele></trkpt>
   <trkpt lat="50.023842" lon="15.218291"><ele>199</ele></trkpt>
   <trkpt lat="50.023659" lon="15.218625"><ele>199</ele></trkpt>
   <trkpt lat="50.023558" lon="15.218807"><ele>199</ele></trkpt>
   <trkpt lat="50.023408" lon="15.219124"><ele>199</ele></trkpt>
   <trkpt lat="50.023275" lon="15.219437"><ele>199</ele></trkpt>
   <trkpt lat="50.023163" lon="15.219729"><ele>199</ele></trkpt>
   <trkpt lat="50.023055" lon="15.219979"><ele>198.75</ele></trkpt>
   <trkpt lat="50.022964" lon="15.220178"><ele>199</ele></trkpt>
   <trkpt lat="50.022714" lon="15.220674"><ele>199</ele></trkpt>
   <trkpt lat="50.022596" lon="15.220889"><ele>199</ele></trkpt>
   <trkpt lat="50.022296" lon="15.22138"><ele>199</ele></trkpt>
   <trkpt lat="50.02214" lon="15.221609"><ele>199</ele></trkpt>
   <trkpt lat="50.018212" lon="15.226714"><ele>199</ele></trkpt>
   <trkpt lat="50.018184" lon="15.226751"><ele>199</ele></trkpt>
   <trkpt lat="50.018042" lon="15.226947"><ele>199</ele></trkpt>
   <trkpt lat="50.017832" lon="15.227278"><ele>199</ele></trkpt>
   <trkpt lat="50.017712" lon="15.227448"><ele>199</ele></trkpt>
   <trkpt lat="50.017644" lon="15.227538"><ele>199</ele></trkpt>
   <trkpt lat="50.017511" lon="15.227722"><ele>199</ele></trkpt>
   <trkpt lat="50.017345" lon="15.227986"><ele>199</ele></trkpt>
   <trkpt lat="50.01716" lon="15.228255"><ele>199</ele></trkpt>
   <trkpt lat="50.017089" lon="15.228346"><ele>199</ele></trkpt>
   <trkpt lat="50.01655" lon="15.229044"><ele>199</ele></trkpt>
   <trkpt lat="50.016482" lon="15.229133"><ele>199</ele></trkpt>
   <trkpt lat="50.015932" lon="15.229841"><ele>199.25</ele></trkpt>
   <trkpt lat="50.015696" lon="15.230154"><ele>199</ele></trkpt>
   <trkpt lat="50.015511" lon="15.23042"><ele>199</ele></trkpt>
   <trkpt lat="50.015221" lon="15.2309"><ele>199</ele></trkpt>
   <trkpt lat="50.015011" lon="15.23131"><ele>199.75</ele></trkpt>
   <trkpt lat="50.014183" lon="15.23316"><ele>200</ele></trkpt>
   <trkpt lat="50.013879" lon="15.233848"><ele>199.25</ele></trkpt>
   <trkpt lat="50.011052" lon="15.240215"><ele>199.5</ele></trkpt>
   <trkpt lat="50.010915" lon="15.240505"><ele>200</ele></trkpt>
   <trkpt lat="50.01074" lon="15.240851"><ele>199.25</ele></trkpt>
   <trkpt lat="50.009524" lon="15.243138"><ele>199.5</ele></trkpt>
   <trkpt lat="50.009389" lon="15.243455"><ele>199.25</ele></trkpt>
   <trkpt lat="50.00927" lon="15.243794"><ele>199</ele></trkpt>
   <trkpt lat="50.009172" lon="15.244137"><ele>199.75</ele></trkpt>
   <trkpt lat="50.009093" lon="15.244506"><ele>199.5</ele></trkpt>
   <trkpt lat="50.009062" lon="15.244694"><ele>199</ele></trkpt>
   <trkpt lat="50.009014" lon="15.245111"><ele>199</ele></trkpt>
   <trkpt lat="50.008999" lon="15.245356"><ele>199</ele></trkpt>
   <trkpt lat="50.00898" lon="15.245887"><ele>199</ele></trkpt>
   <trkpt lat="50.008962" lon="15.246628"><ele>198.25</ele></trkpt>
   <trkpt lat="50.008971" lon="15.247143"><ele>198.5</ele></trkpt>
   <trkpt lat="50.008982" lon="15.247385"><ele>198.25</ele></trkpt>
   <trkpt lat="50.009055" lon="15.249117"><ele>196.75</ele></trkpt>
   <trkpt lat="50.009085" lon="15.249782"><ele>196.5</ele></trkpt>
   <trkpt lat="50.009093" lon="15.249958"><ele>196.5</ele></trkpt>
   <trkpt lat="50.00921" lon="15.252661"><ele>198.75</ele></trkpt>
   <trkpt lat="50.009274" lon="15.254154"><ele>197.5</ele></trkpt>
   <trkpt lat="50.009362" lon="15.256033"><ele>198</ele></trkpt>
   <trkpt lat="50.009504" lon="15.259316"><ele>198</ele></trkpt>
   <trkpt lat="50.00978" lon="15.265765"><ele>199</ele></trkpt>
   <trkpt lat="50.010107" lon="15.273303"><ele>197.75</ele></trkpt>
   <trkpt lat="50.010108" lon="15.273312"><ele>198</ele></trkpt>
   <trkpt lat="50.010261" lon="15.276915"><ele>198.75</ele></trkpt>
   <trkpt lat="50.010348" lon="15.278829"><ele>199.25</ele></trkpt>
   <trkpt lat="50.010396" lon="15.279989"><ele>196.5</ele></trkpt>
   <trkpt lat="50.01042" lon="15.280595"><ele>197</ele></trkpt>
   <trkpt lat="50.010902" lon="15.291808"><ele>199.5</ele></trkpt>
   <trkpt lat="50.010902" lon="15.291817"><ele>199.5</ele></trkpt>
   <trkpt lat="50.011077" lon="15.295931"><ele>199.75</ele></trkpt>
   <trkpt lat="50.011281" lon="15.300734"><ele>200</ele></trkpt>
   <trkpt lat="50.011392" lon="15.303265"><ele>200.75</ele></trkpt>
   <trkpt lat="50.011437" lon="15.304108"><ele>201</ele></trkpt>
   <trkpt lat="50.011495" lon="15.304938"><ele>200</ele></trkpt>
   <trkpt lat="50.011558" lon="15.305607"><ele>200</ele></trkpt>
   <trkpt lat="50.011607" lon="15.30606"><ele>200.75</ele></trkpt>
   <trkpt lat="50.011771" lon="15.307239"><ele>200.5</ele></trkpt>
   <trkpt lat="50.011909" lon="15.308046"><ele>200.75</ele></trkpt>
   <trkpt lat="50.012072" lon="15.308849"><ele>201</ele></trkpt>
   <trkpt lat="50.012255" lon="15.309636"><ele>200.75</ele></trkpt>
   <trkpt lat="50.012456" lon="15.310417"><ele>201</ele></trkpt>
   <trkpt lat="50.012551" lon="15.310745"><ele>200.75</ele></trkpt>
   <trkpt lat="50.012553" lon="15.310752"><ele>201</ele></trkpt>
   <trkpt lat="50.012676" lon="15.311176"><ele>201</ele></trkpt>
   <trkpt lat="50.012866" lon="15.311772"><ele>201</ele></trkpt>
   <trkpt lat="50.013118" lon="15.312487"><ele>201</ele></trkpt>
   <trkpt lat="50.013391" lon="15.313198"><ele>201</ele></trkpt>
   <trkpt lat="50.013681" lon="15.313904"><ele>201</ele></trkpt>
   <trkpt lat="50.015617" lon="15.318478"><ele>200.5</ele></trkpt>
   <trkpt lat="50.015836" lon="15.318996"><ele>200.75</ele></trkpt>
   <trkpt lat="50.015935" lon="15.319228"><ele>200.5</ele></trkpt>
   <trkpt lat="50.018602" lon="15.32552"><ele>201.75</ele></trkpt>
   <trkpt lat="50.018685" lon="15.325717"><ele>202.25</ele></trkpt>
   <trkpt lat="50.019117" lon="15.326722"><ele>201</ele></trkpt>
   <trkpt lat="50.020783" lon="15.330647"><ele>200.75</ele></trkpt>
   <trkpt lat="50.02235" lon="15.334367"><ele>200.5</ele></trkpt>
   <trkpt lat="50.023228" lon="15.336492"><ele>200.75</ele></trkpt>
   <trkpt lat="50.023463" lon="15.337046"><ele>200.75</ele></trkpt>
   <trkpt lat="50.023584" lon="15.337312"><ele>201.75</ele></trkpt>
   <trkpt lat="50.023778" lon="15.337739"><ele>200.5</ele></trkpt>
   <trkpt lat="50.023851" lon="15.337883"><ele>201.25</ele></trkpt>
   <trkpt lat="50.02409" lon="15.338357"><ele>200.75</ele></trkpt>
   <trkpt lat="50.024427" lon="15.338971"><ele>202</ele></trkpt>
   <trkpt lat="50.024789" lon="15.339593"><ele>202.25</ele></trkpt>
   <trkpt lat="50.025508" lon="15.340729"><ele>202.25</ele></trkpt>
   <trkpt lat="50.026004" lon="15.341506"><ele>202.25</ele></trkpt>
   <trkpt lat="50.026061" lon="15.341591"><ele>202.75</ele></trkpt>
   <trkpt lat="50.026581" lon="15.342368"><ele>202.75</ele></trkpt>
   <trkpt lat="50.026976" lon="15.342892"><ele>199.5</ele></trkpt>
   <trkpt lat="50.02747" lon="15.343578"><ele>203.5</ele></trkpt>
   <trkpt lat="50.027847" lon="15.344142"><ele>204</ele></trkpt>
   <trkpt lat="50.029353" lon="15.34638"><ele>205</ele></trkpt>
   <trkpt lat="50.029645" lon="15.346781"><ele>205</ele></trkpt>
   <trkpt lat="50.029761" lon="15.346921"><ele>205</ele></trkpt>
   <trkpt lat="50.029894" lon="15.347104"><ele>205</ele></trkpt>
   <trkpt lat="50.031415" lon="15.349355"><ele>205.75</ele></trkpt>
   <trkpt lat="50.031661" lon="15.349728"><ele>206</ele></trkpt>
   <trkpt lat="50.031717" lon="15.349824"><ele>206</ele></trkpt>
   <trkpt lat="50.032098" lon="15.3505"><ele>206.5</ele></trkpt>
   <trkpt lat="50.032478" lon="15.351134"><ele>206.25</ele></trkpt>
   <trkpt lat="50.032601" lon="15.351315"><ele>208</ele></trkpt>
   <trkpt lat="50.033194" lon="15.352293"><ele>207.75</ele></trkpt>
   <trkpt lat="50.033351" lon="15.352527"><ele>206.25</ele></trkpt>
   <trkpt lat="50.033833" lon="15.353262"><ele>207.25</ele></trkpt>
   <trkpt lat="50.034197" lon="15.353819"><ele>207.5</ele></trkpt>
   <trkpt lat="50.035282" lon="15.355545"><ele>206.75</ele></trkpt>
   <trkpt lat="50.035525" lon="15.355954"><ele>207.75</ele></trkpt>
   <trkpt lat="50.035858" lon="15.356513"><ele>208.75</ele></trkpt>
   <trkpt lat="50.036464" lon="15.357543"><ele>207</ele></trkpt>
   <trkpt lat="50.037706" lon="15.359683"><ele>209.75</ele></trkpt>
   <trkpt lat="50.039269" lon="15.362386"><ele>207.25</ele></trkpt>
   <trkpt lat="50.039327" lon="15.362488"><ele>207.25</ele></trkpt>
   <trkpt lat="50.039598" lon="15.362963"><ele>205.75</ele></trkpt>
   <trkpt lat="50.039934" lon="15.363574"><ele>206.25</ele></trkpt>
   <trkpt lat="50.040241" lon="15.364183"><ele>207.75</ele></trkpt>
   <trkpt lat="50.040559" lon="15.364865"><ele>206.25</ele></trkpt>
   <trkpt lat="50.040836" lon="15.365501"><ele>207.75</ele></trkpt>
   <trkpt lat="50.041084" lon="15.366155"><ele>209.5</ele></trkpt>
   <trkpt lat="50.041302" lon="15.366766"><ele>212.25</ele></trkpt>
   <trkpt lat="50.041516" lon="15.367432"><ele>212.75</ele></trkpt>
   <trkpt lat="50.041713" lon="15.3681"><ele>210.75</ele></trkpt>
   <trkpt lat="50.042689" lon="15.371794"><ele>207.25</ele></trkpt>
   <trkpt lat="50.04345" lon="15.374705"><ele>208.5</ele></trkpt>
   <trkpt lat="50.043835" lon="15.376164"><ele>210.25</ele></trkpt>
   <trkpt lat="50.044037" lon="15.376958"><ele>216.25</ele></trkpt>
   <trkpt lat="50.044196" lon="15.377621"><ele>211.75</ele></trkpt>
   <trkpt lat="50.044355" lon="15.37838"><ele>214.5</ele></trkpt>
   <trkpt lat="50.044499" lon="15.379173"><ele>213.25</ele></trkpt>
   <trkpt lat="50.044613" lon="15.379965"><ele>214.25</ele></trkpt>
   <trkpt lat="50.044705" lon="15.380767"><ele>208.75</ele></trkpt>
   <trkpt lat="50.044771" lon="15.381562"><ele>209.75</ele></trkpt>
   <trkpt lat="50.044807" lon="15.382263"><ele>212.75</ele></trkpt>
   <trkpt lat="50.04482" lon="15.382669"><ele>212</ele></trkpt>
   <trkpt lat="50.044827" lon="15.383061"><ele>210</ele></trkpt>
   <trkpt lat="50.044819" lon="15.383853"><ele>205.5</ele></trkpt>
   <trkpt lat="50.044807" lon="15.384248"><ele>205</ele></trkpt>
   <trkpt lat="50.044769" lon="15.385005"><ele>204.5</ele></trkpt>
   <trkpt lat="50.044744" lon="15.385356"><ele>205.75</ele></trkpt>
   <trkpt lat="50.044694" lon="15.38589"><ele>206.25</ele></trkpt>
   <trkpt lat="50.04468" lon="15.386026"><ele>205.75</ele></trkpt>
   <trkpt lat="50.044629" lon="15.386463"><ele>205.75</ele></trkpt>
   <trkpt lat="50.044554" lon="15.387012"><ele>204.75</ele></trkpt>
   <trkpt lat="50.044503" lon="15.387342"><ele>206</ele></trkpt>
   <trkpt lat="50.044381" lon="15.388036"><ele>205.75</ele></trkpt>
   <trkpt lat="50.044205" lon="15.388875"><ele>206.25</ele></trkpt>
   <trkpt lat="50.044098" lon="15.389322"><ele>205.75</ele></trkpt>
   <trkpt lat="50.043941" lon="15.389923"><ele>205.75</ele></trkpt>
   <trkpt lat="50.04383" lon="15.390301"><ele>205.75</ele></trkpt>
   <trkpt lat="50.043625" lon="15.390955"><ele>206</ele></trkpt>
   <trkpt lat="50.043475" lon="15.391394"><ele>204.75</ele></trkpt>
   <trkpt lat="50.043305" lon="15.391854"><ele>206.25</ele></trkpt>
   <trkpt lat="50.043192" lon="15.39214"><ele>205.25</ele></trkpt>
   <trkpt lat="50.042922" lon="15.392774"><ele>205.25</ele></trkpt>
   <trkpt lat="50.042587" lon="15.393496"><ele>204.75</ele></trkpt>
   <trkpt lat="50.042582" lon="15.393506"><ele>204.75</ele></trkpt>
   <trkpt lat="50.042462" lon="15.393755"><ele>205.5</ele></trkpt>
   <trkpt lat="50.041618" lon="15.395417"><ele>205.25</ele></trkpt>
   <trkpt lat="50.041382" lon="15.395897"><ele>205</ele></trkpt>
   <trkpt lat="50.041226" lon="15.396228"><ele>203.75</ele></trkpt>
   <trkpt lat="50.040928" lon="15.396895"><ele>205.75</ele></trkpt>
   <trkpt lat="50.040667" lon="15.397521"><ele>205.25</ele></trkpt>
   <trkpt lat="50.040499" lon="15.397946"><ele>206</ele></trkpt>
   <trkpt lat="50.04016" lon="15.39887"><ele>206.25</ele></trkpt>
   <trkpt lat="50.039851" lon="15.3998"><ele>206.5</ele></trkpt>
   <trkpt lat="50.039553" lon="15.400799"><ele>206.5</ele></trkpt>
   <trkpt lat="50.039287" lon="15.401794"><ele>206.75</ele></trkpt>
   <trkpt lat="50.039107" lon="15.402544"><ele>206.5</ele></trkpt>
   <trkpt lat="50.038977" lon="15.40312"><ele>205.25</ele></trkpt>
   <trkpt lat="50.038779" lon="15.404119"><ele>205.5</ele></trkpt>
   <trkpt lat="50.038628" lon="15.404975"><ele>205.75</ele></trkpt>
   <trkpt lat="50.038508" lon="15.405749"><ele>206</ele></trkpt>
   <trkpt lat="50.038453" lon="15.406155"><ele>205.5</ele></trkpt>
   <trkpt lat="50.038402" lon="15.406551"><ele>206.25</ele></trkpt>
   <trkpt lat="50.038315" lon="15.407319"><ele>207.25</ele></trkpt>
   <trkpt lat="50.038238" lon="15.408146"><ele>207.25</ele></trkpt>
   <trkpt lat="50.038176" lon="15.408978"><ele>206.25</ele></trkpt>
   <trkpt lat="50.038028" lon="15.411188"><ele>207</ele></trkpt>
   <trkpt lat="50.038027" lon="15.411201"><ele>207</ele></trkpt>
   <trkpt lat="50.037973" lon="15.41199"><ele>207</ele></trkpt>
   <trkpt lat="50.037935" lon="15.412492"><ele>207.25</ele></trkpt>
   <trkpt lat="50.037702" lon="15.416142"><ele>207</ele></trkpt>
   <trkpt lat="50.037648" lon="15.41684"><ele>206.75</ele></trkpt>
   <trkpt lat="50.037572" lon="15.417651"><ele>204.25</ele></trkpt>
   <trkpt lat="50.03749" lon="15.418411"><ele>207</ele></trkpt>
   <trkpt lat="50.037351" lon="15.419412"><ele>205</ele></trkpt>
   <trkpt lat="50.037321" lon="15.419634"><ele>204.5</ele></trkpt>
   <trkpt lat="50.037136" lon="15.42072"><ele>205.5</ele></trkpt>
   <trkpt lat="50.036996" lon="15.421444"><ele>205.5</ele></trkpt>
   <trkpt lat="50.035666" lon="15.427953"><ele>205.25</ele></trkpt>
   <trkpt lat="50.035661" lon="15.427976"><ele>205.25</ele></trkpt>
   <trkpt lat="50.035619" lon="15.42818"><ele>206</ele></trkpt>
   <trkpt lat="50.034865" lon="15.431878"><ele>206.75</ele></trkpt>
   <trkpt lat="50.034166" lon="15.435289"><ele>207.75</ele></trkpt>
   <trkpt lat="50.033813" lon="15.437024"><ele>208.25</ele></trkpt>
   <trkpt lat="50.031665" lon="15.447522"><ele>208</ele></trkpt>
   <trkpt lat="50.031604" lon="15.447817"><ele>208</ele></trkpt>
   <trkpt lat="50.031602" lon="15.447829"><ele>208</ele></trkpt>
   <trkpt lat="50.031252" lon="15.449544"><ele>206.5</ele></trkpt>
   <trkpt lat="50.031088" lon="15.450339"><ele>207</ele></trkpt>
   <trkpt lat="50.030933" lon="15.451149"><ele>205.5</ele></trkpt>
   <trkpt lat="50.030789" lon="15.451966"><ele>206.75</ele></trkpt>
   <trkpt lat="50.030666" lon="15.45275"><ele>205.5</ele></trkpt>
   <trkpt lat="50.030556" lon="15.45358"><ele>206.75</ele></trkpt>
   <trkpt lat="50.030465" lon="15.454393"><ele>206</ele></trkpt>
   <trkpt lat="50.030393" lon="15.455159"><ele>206.5</ele></trkpt>
   <trkpt lat="50.030339" lon="15.45592"><ele>207</ele></trkpt>
   <trkpt lat="50.030296" lon="15.45676"><ele>207.75</ele></trkpt>
   <trkpt lat="50.030269" lon="15.457547"><ele>207</ele></trkpt>
   <trkpt lat="50.030256" lon="15.458339"><ele>207</ele></trkpt>
   <trkpt lat="50.030259" lon="15.459098"><ele>207</ele></trkpt>
   <trkpt lat="50.030278" lon="15.459877"><ele>207.75</ele></trkpt>
   <trkpt lat="50.03031" lon="15.46064"><ele>207.5</ele></trkpt>
   <trkpt lat="50.030356" lon="15.461417"><ele>207.5</ele></trkpt>
   <trkpt lat="50.030462" lon="15.462794"><ele>207</ele></trkpt>
   <trkpt lat="50.030538" lon="15.463743"><ele>208</ele></trkpt>
   <trkpt lat="50.030565" lon="15.464052"><ele>207.25</ele></trkpt>
   <trkpt lat="50.030775" lon="15.466744"><ele>208</ele></trkpt>
   <trkpt lat="50.030896" lon="15.468334"><ele>207.75</ele></trkpt>
   <trkpt lat="50.030902" lon="15.468424"><ele>207.75</ele></trkpt>
   <trkpt lat="50.030977" lon="15.469226"><ele>207.25</ele></trkpt>
   <trkpt lat="50.031035" lon="15.469727"><ele>208</ele></trkpt>
   <trkpt lat="50.031106" lon="15.470499"><ele>207.75</ele></trkpt>
   <trkpt lat="50.031115" lon="15.470617"><ele>207.75</ele></trkpt>
   <trkpt lat="50.031124" lon="15.470728"><ele>207.75</ele></trkpt>
   <trkpt lat="50.031228" lon="15.472079"><ele>207.75</ele></trkpt>
   <trkpt lat="50.031597" lon="15.476534"><ele>208</ele></trkpt>
   <trkpt lat="50.03171" lon="15.477981"><ele>208</ele></trkpt>
   <trkpt lat="50.031843" lon="15.479589"><ele>208</ele></trkpt>
   <trkpt lat="50.032219" lon="15.484179"><ele>207.75</ele></trkpt>
   <trkpt lat="50.032319" lon="15.485379"><ele>207.5</ele></trkpt>
   <trkpt lat="50.032331" lon="15.485543"><ele>207.5</ele></trkpt>
   <trkpt lat="50.032438" lon="15.486826"><ele>208</ele></trkpt>
   <trkpt lat="50.032448" lon="15.486944"><ele>207.75</ele></trkpt>
   <trkpt lat="50.03256" lon="15.48833"><ele>207.75</ele></trkpt>
   <trkpt lat="50.032839" lon="15.491446"><ele>207.75</ele></trkpt>
   <trkpt lat="50.032902" lon="15.492153"><ele>208</ele></trkpt>
   <trkpt lat="50.033451" lon="15.498825"><ele>207</ele></trkpt>
   <trkpt lat="50.034005" lon="15.50562"><ele>208</ele></trkpt>
   <trkpt lat="50.034066" lon="15.506368"><ele>208</ele></trkpt>
   <trkpt lat="50.034067" lon="15.506383"><ele>208</ele></trkpt>
   <trkpt lat="50.035029" lon="15.518162"><ele>208.75</ele></trkpt>
   <trkpt lat="50.035103" lon="15.518955"><ele>207.25</ele></trkpt>
   <trkpt lat="50.035189" lon="15.519699"><ele>207</ele></trkpt>
   <trkpt lat="50.035269" lon="15.52027"><ele>208.75</ele></trkpt>
   <trkpt lat="50.035271" lon="15.520281"><ele>208.75</ele></trkpt>
   <trkpt lat="50.035334" lon="15.520691"><ele>207.75</ele></trkpt>
   <trkpt lat="50.035373" lon="15.520924"><ele>207</ele></trkpt>
   <trkpt lat="50.035396" lon="15.521054"><ele>207</ele></trkpt>
   <trkpt lat="50.035566" lon="15.521956"><ele>208.75</ele></trkpt>
   <trkpt lat="50.035718" lon="15.522694"><ele>206.5</ele></trkpt>
   <trkpt lat="50.036237" lon="15.525116"><ele>206.5</ele></trkpt>
   <trkpt lat="50.036288" lon="15.525357"><ele>206.5</ele></trkpt>
   <trkpt lat="50.036359" lon="15.525692"><ele>208.5</ele></trkpt>
   <trkpt lat="50.03687" lon="15.528071"><ele>208.5</ele></trkpt>
   <trkpt lat="50.037313" lon="15.530147"><ele>207</ele></trkpt>
   <trkpt lat="50.038598" lon="15.536144"><ele>208.75</ele></trkpt>
   <trkpt lat="50.038599" lon="15.536151"><ele>208.75</ele></trkpt>
   <trkpt lat="50.039835" lon="15.541924"><ele>210</ele></trkpt>
   <trkpt lat="50.04012" lon="15.543278"><ele>210</ele></trkpt>
   <trkpt lat="50.041712" lon="15.550719"><ele>209.75</ele></trkpt>
   <trkpt lat="50.041848" lon="15.55136"><ele>210</ele></trkpt>
   <trkpt lat="50.042258" lon="15.553281"><ele>210.5</ele></trkpt>
   <trkpt lat="50.042415" lon="15.554071"><ele>209.25</ele></trkpt>
   <trkpt lat="50.042486" lon="15.554451"><ele>210.75</ele></trkpt>
   <trkpt lat="50.042553" lon="15.554863"><ele>210</ele></trkpt>
   <trkpt lat="50.042647" lon="15.555511"><ele>208.25</ele></trkpt>
   <trkpt lat="50.042668" lon="15.555668"><ele>208.75</ele></trkpt>
   <trkpt lat="50.042712" lon="15.556029"><ele>210.25</ele></trkpt>
   <trkpt lat="50.042761" lon="15.556467"><ele>210.75</ele></trkpt>
   <trkpt lat="50.042829" lon="15.557275"><ele>209.75</ele></trkpt>
   <trkpt lat="50.042876" lon="15.558095"><ele>210</ele></trkpt>
   <trkpt lat="50.042899" lon="15.558859"><ele>210</ele></trkpt>
   <trkpt lat="50.042905" lon="15.559244"><ele>209.75</ele></trkpt>
   <trkpt lat="50.042893" lon="15.560125"><ele>209.25</ele></trkpt>
   <trkpt lat="50.042888" lon="15.560352"><ele>209</ele></trkpt>
   <trkpt lat="50.04284" lon="15.561261"><ele>209.75</ele></trkpt>
   <trkpt lat="50.042812" lon="15.561655"><ele>209.75</ele></trkpt>
   <trkpt lat="50.04274" lon="15.562421"><ele>209.75</ele></trkpt>
   <trkpt lat="50.042644" lon="15.563224"><ele>209.5</ele></trkpt>
   <trkpt lat="50.042581" lon="15.563653"><ele>210</ele></trkpt>
   <trkpt lat="50.042452" lon="15.564428"><ele>209.75</ele></trkpt>
   <trkpt lat="50.04239" lon="15.564753"><ele>209.5</ele></trkpt>
   <trkpt lat="50.042249" lon="15.565435"><ele>209.75</ele></trkpt>
   <trkpt lat="50.042128" lon="15.565961"><ele>209.25</ele></trkpt>
   <trkpt lat="50.041936" lon="15.566717"><ele>210.75</ele></trkpt>
   <trkpt lat="50.04178" lon="15.567282"><ele>209.5</ele></trkpt>
   <trkpt lat="50.04129" lon="15.568979"><ele>210.75</ele></trkpt>
   <trkpt lat="50.040951" lon="15.570153"><ele>210.25</ele></trkpt>
   <trkpt lat="50.04092" lon="15.570259"><ele>210.25</ele></trkpt>
   <trkpt lat="50.040556" lon="15.571505"><ele>210.75</ele></trkpt>
   <trkpt lat="50.04055" lon="15.571527"><ele>211</ele></trkpt>
   <trkpt lat="50.0405" lon="15.5717"><ele>211</ele></trkpt>
   <trkpt lat="50.040495" lon="15.571718"><ele>211</ele></trkpt>
   <trkpt lat="50.040168" lon="15.572842"><ele>212</ele></trkpt>
   <trkpt lat="50.040157" lon="15.57288"><ele>212</ele></trkpt>
   <trkpt lat="50.039663" lon="15.574578"><ele>212</ele></trkpt>
   <trkpt lat="50.037979" lon="15.580327"><ele>213</ele></trkpt>
   <trkpt lat="50.037596" lon="15.581638"><ele>213</ele></trkpt>
   <trkpt lat="50.03746" lon="15.582105"><ele>213</ele></trkpt>
   <trkpt lat="50.037336" lon="15.582478"><ele>213</ele></trkpt>
   <trkpt lat="50.037197" lon="15.582859"><ele>213</ele></trkpt>
   <trkpt lat="50.037134" lon="15.583058"><ele>213.25</ele></trkpt>
   <trkpt lat="50.037118" lon="15.58311"><ele>213.25</ele></trkpt>
   <trkpt lat="50.037104" lon="15.583162"><ele>213.25</ele></trkpt>
   <trkpt lat="50.036942" lon="15.583711"><ele>213</ele></trkpt>
   <trkpt lat="50.036788" lon="15.58435"><ele>213.5</ele></trkpt>
   <trkpt lat="50.036696" lon="15.584713"><ele>213.75</ele></trkpt>
   <trkpt lat="50.036578" lon="15.585118"><ele>214</ele></trkpt>
   <trkpt lat="50.036392" lon="15.585765"><ele>214</ele></trkpt>
   <trkpt lat="50.036282" lon="15.586211"><ele>214</ele></trkpt>
   <trkpt lat="50.036088" lon="15.58714"><ele>214</ele></trkpt>
   <trkpt lat="50.035856" lon="15.588213"><ele>213.75</ele></trkpt>
   <trkpt lat="50.0357" lon="15.589033"><ele>213.25</ele></trkpt>
   <trkpt lat="50.035575" lon="15.589759"><ele>213.75</ele></trkpt>
   <trkpt lat="50.035474" lon="15.590431"><ele>212.75</ele></trkpt>
   <trkpt lat="50.03536" lon="15.591302"><ele>213</ele></trkpt>
   <trkpt lat="50.03528" lon="15.592059"><ele>214.25</ele></trkpt>
   <trkpt lat="50.035206" lon="15.592897"><ele>212.75</ele></trkpt>
   <trkpt lat="50.03515" lon="15.593754"><ele>213</ele></trkpt>
   <trkpt lat="50.035021" lon="15.596282"><ele>214.75</ele></trkpt>
   <trkpt lat="50.034951" lon="15.597637"><ele>214.5</ele></trkpt>
   <trkpt lat="50.034922" lon="15.598"><ele>213.75</ele></trkpt>
   <trkpt lat="50.034888" lon="15.598334"><ele>213.25</ele></trkpt>
   <trkpt lat="50.034846" lon="15.598873"><ele>213.5</ele></trkpt>
   <trkpt lat="50.034801" lon="15.599771"><ele>213.75</ele></trkpt>
   <trkpt lat="50.034792" lon="15.599942"><ele>214</ele></trkpt>
   <trkpt lat="50.03473" lon="15.60117"><ele>214.75</ele></trkpt>
   <trkpt lat="50.034624" lon="15.603257"><ele>213.75</ele></trkpt>
   <trkpt lat="50.034537" lon="15.604954"><ele>214.25</ele></trkpt>
   <trkpt lat="50.034516" lon="15.605322"><ele>214.5</ele></trkpt>
   <trkpt lat="50.0345" lon="15.605567"><ele>214</ele></trkpt>
   <trkpt lat="50.034495" lon="15.605642"><ele>214.25</ele></trkpt>
   <trkpt lat="50.03444" lon="15.606273"><ele>216</ele></trkpt>
   <trkpt lat="50.034361" lon="15.606956"><ele>216</ele></trkpt>
   <trkpt lat="50.034267" lon="15.607572"><ele>216.25</ele></trkpt>
   <trkpt lat="50.034137" lon="15.608247"><ele>217.25</ele></trkpt>
   <trkpt lat="50.033986" lon="15.608901"><ele>216.25</ele></trkpt>
   <trkpt lat="50.033816" lon="15.609524"><ele>217</ele></trkpt>
   <trkpt lat="50.033632" lon="15.610113"><ele>216.5</ele></trkpt>
   <trkpt lat="50.033562" lon="15.610318"><ele>216.75</ele></trkpt>
   <trkpt lat="50.033393" lon="15.610764"><ele>216</ele></trkpt>
   <trkpt lat="50.033168" lon="15.611335"><ele>216</ele></trkpt>
   <trkpt lat="50.032198" lon="15.613581"><ele>218</ele></trkpt>
   <trkpt lat="50.031975" lon="15.614142"><ele>218</ele></trkpt>
   <trkpt lat="50.031734" lon="15.614818"><ele>217.75</ele></trkpt>
   <trkpt lat="50.031515" lon="15.615532"><ele>216.5</ele></trkpt>
   <trkpt lat="50.031291" lon="15.616381"><ele>214.5</ele></trkpt>
   <trkpt lat="50.031206" lon="15.616749"><ele>214.75</ele></trkpt>
   <trkpt lat="50.031173" lon="15.616901"><ele>216.5</ele></trkpt>
   <trkpt lat="50.031034" lon="15.617652"><ele>215.75</ele></trkpt>
   <trkpt lat="50.030923" lon="15.618404"><ele>213.5</ele></trkpt>
   <trkpt lat="50.030837" lon="15.619226"><ele>218.75</ele></trkpt>
   <trkpt lat="50.030789" lon="15.619878"><ele>214.75</ele></trkpt>
   <trkpt lat="50.030765" lon="15.620557"><ele>214.75</ele></trkpt>
   <trkpt lat="50.030759" lon="15.621292"><ele>216</ele></trkpt>
   <trkpt lat="50.030773" lon="15.62188"><ele>217.25</ele></trkpt>
   <trkpt lat="50.030803" lon="15.622459"><ele>218.5</ele></trkpt>
   <trkpt lat="50.03086" lon="15.623148"><ele>218.25</ele></trkpt>
   <trkpt lat="50.030939" lon="15.623839"><ele>216.25</ele></trkpt>
   <trkpt lat="50.031054" lon="15.624658"><ele>218</ele></trkpt>
   <trkpt lat="50.031237" lon="15.625903"><ele>216.75</ele></trkpt>
   <trkpt lat="50.031269" lon="15.626115"><ele>216.5</ele></trkpt>
   <trkpt lat="50.031941" lon="15.630677"><ele>221.5</ele></trkpt>
   <trkpt lat="50.032175" lon="15.632202"><ele>222.5</ele></trkpt>
   <trkpt lat="50.032314" lon="15.633012"><ele>221.5</ele></trkpt>
   <trkpt lat="50.032462" lon="15.633805"><ele>222.75</ele></trkpt>
   <trkpt lat="50.033359" lon="15.638501"><ele>223</ele></trkpt>
   <trkpt lat="50.033489" lon="15.639241"><ele>225.75</ele></trkpt>
   <trkpt lat="50.033592" lon="15.639923"><ele>224.75</ele></trkpt>
   <trkpt lat="50.03367" lon="15.640605"><ele>226.25</ele></trkpt>
   <trkpt lat="50.033701" lon="15.640965"><ele>226.25</ele></trkpt>
   <trkpt lat="50.033723" lon="15.641308"><ele>226</ele></trkpt>
   <trkpt lat="50.033743" lon="15.641667"><ele>225</ele></trkpt>
   <trkpt lat="50.033753" lon="15.642008"><ele>225</ele></trkpt>
   <trkpt lat="50.03376" lon="15.642355"><ele>225</ele></trkpt>
   <trkpt lat="50.033757" lon="15.64269"><ele>224.5</ele></trkpt>
   <trkpt lat="50.033737" lon="15.643391"><ele>224.5</ele></trkpt>
   <trkpt lat="50.03369" lon="15.644088"><ele>226</ele></trkpt>
   <trkpt lat="50.033622" lon="15.644786"><ele>224.25</ele></trkpt>
   <trkpt lat="50.033452" lon="15.646192"><ele>227.25</ele></trkpt>
   <trkpt lat="50.032326" lon="15.65505"><ele>226.25</ele></trkpt>
   <trkpt lat="50.032063" lon="15.657125"><ele>224.75</ele></trkpt>
   <trkpt lat="50.032044" lon="15.657272"><ele>224.75</ele></trkpt>
   <trkpt lat="50.031489" lon="15.661646"><ele>224.5</ele></trkpt>
   <trkpt lat="50.031471" lon="15.661786"><ele>224.5</ele></trkpt>
   <trkpt lat="50.031314" lon="15.663021"><ele>225</ele></trkpt>
   <trkpt lat="50.030639" lon="15.668321"><ele>225.5</ele></trkpt>
   <trkpt lat="50.030131" lon="15.672373"><ele>225</ele></trkpt>
   <trkpt lat="50.030115" lon="15.672508"><ele>224.75</ele></trkpt>
   <trkpt lat="50.030031" lon="15.673314"><ele>224.75</ele></trkpt>
   <trkpt lat="50.029968" lon="15.674137"><ele>226</ele></trkpt>
   <trkpt lat="50.02993" lon="15.674896"><ele>225.25</ele></trkpt>
   <trkpt lat="50.029909" lon="15.675674"><ele>225.25</ele></trkpt>
   <trkpt lat="50.029911" lon="15.676514"><ele>225.5</ele></trkpt>
   <trkpt lat="50.029933" lon="15.677367"><ele>226</ele></trkpt>
   <trkpt lat="50.030008" lon="15.679188"><ele>224.75</ele></trkpt>
   <trkpt lat="50.030279" lon="15.685376"><ele>221.75</ele></trkpt>
   <trkpt lat="50.030292" lon="15.685693"><ele>221.25</ele></trkpt>
   <trkpt lat="50.030326" lon="15.686461"><ele>221.25</ele></trkpt>
   <trkpt lat="50.030736" lon="15.695841"><ele>220.5</ele></trkpt>
   <trkpt lat="50.030912" lon="15.699883"><ele>218.5</ele></trkpt>
   <trkpt lat="50.030923" lon="15.700127"><ele>218.5</ele></trkpt>
   <trkpt lat="50.031172" lon="15.705878"><ele>219.5</ele></trkpt>
   <trkpt lat="50.031179" lon="15.706025"><ele>219</ele></trkpt>
   <trkpt lat="50.031237" lon="15.707332"><ele>220</ele></trkpt>
   <trkpt lat="50.03148" lon="15.71292"><ele>218</ele></trkpt>
   <trkpt lat="50.031486" lon="15.71308"><ele>218</ele></trkpt>
   <trkpt lat="50.031682" lon="15.717594"><ele>218.75</ele></trkpt>
   <trkpt lat="50.031819" lon="15.720767"><ele>219</ele></trkpt>
   <trkpt lat="50.031826" lon="15.720929"><ele>219</ele></trkpt>
   <trkpt lat="50.032079" lon="15.726873"><ele>216.5</ele></trkpt>
   <trkpt lat="50.032087" lon="15.727229"><ele>216.5</ele></trkpt>
   <trkpt lat="50.032098" lon="15.728067"><ele>216.5</ele></trkpt>
   <trkpt lat="50.032094" lon="15.728916"><ele>215.5</ele></trkpt>
   <trkpt lat="50.031862" lon="15.746361"><ele>220</ele></trkpt>
   <trkpt lat="50.031844" lon="15.747783"><ele>224.25</ele></trkpt>
   <trkpt lat="50.03184" lon="15.748099"><ele>226.5</ele></trkpt>
   <trkpt lat="50.031828" lon="15.748493"><ele>221.75</ele></trkpt>
   <trkpt lat="50.03179" lon="15.749108"><ele>220.5</ele></trkpt>
   <trkpt lat="50.031779" lon="15.749444"><ele>220.5</ele></trkpt>
   <trkpt lat="50.031771" lon="15.750132"><ele>221.25</ele></trkpt>
   <trkpt lat="50.031752" lon="15.750608"><ele>221.5</ele></trkpt>
   <trkpt lat="50.031701" lon="15.751428"><ele>221.75</ele></trkpt>
   <trkpt lat="50.031677" lon="15.751946"><ele>220.75</ele></trkpt>
   <trkpt lat="50.031651" lon="15.752596"><ele>220.75</ele></trkpt>
   <trkpt lat="50.031615" lon="15.753178"><ele>221</ele></trkpt>
   <trkpt lat="50.031559" lon="15.753597"><ele>221</ele></trkpt>
   <trkpt lat="50.0315" lon="15.754054"><ele>221.25</ele></trkpt>
   <trkpt lat="50.031468" lon="15.754351"><ele>221.25</ele></trkpt>
   <trkpt lat="50.031415" lon="15.754975"><ele>221</ele></trkpt>
   <trkpt lat="50.031394" lon="15.755444"><ele>221</ele></trkpt>
   <trkpt lat="50.031384" lon="15.756132"><ele>221</ele></trkpt>
   <trkpt lat="50.031271" lon="15.764437"><ele>221</ele></trkpt>
   <trkpt lat="50.031261" lon="15.765169"><ele>221</ele></trkpt>
   <trkpt lat="50.031271" lon="15.765666"><ele>221</ele></trkpt>
   <trkpt lat="50.031312" lon="15.766394"><ele>221</ele></trkpt>
   <trkpt lat="50.031386" lon="15.767676"><ele>222.25</ele></trkpt>
   <trkpt lat="50.031395" lon="15.767848"><ele>221.75</ele></trkpt>
   <trkpt lat="50.031455" lon="15.768944"><ele>221</ele></trkpt>
   <trkpt lat="50.031459" lon="15.769438"><ele>221.5</ele></trkpt>
   <trkpt lat="50.031449" lon="15.770244"><ele>220.25</ele></trkpt>
   <trkpt lat="50.031447" lon="15.770345"><ele>220.25</ele></trkpt>
   <trkpt lat="50.031447" lon="15.770441"><ele>220.25</ele></trkpt>
   <trkpt lat="50.031447" lon="15.770669"><ele>220.25</ele></trkpt>
   <trkpt lat="50.031468" lon="15.771375"><ele>222</ele></trkpt>
   <trkpt lat="50.031468" lon="15.771691"><ele>222</ele></trkpt>
   <trkpt lat="50.031463" lon="15.771998"><ele>222</ele></trkpt>
   <trkpt lat="50.03146" lon="15.772448"><ele>222</ele></trkpt>
   <trkpt lat="50.031477" lon="15.773173"><ele>222</ele></trkpt>
   <trkpt lat="50.031476" lon="15.773661"><ele>222</ele></trkpt>
   <trkpt lat="50.031471" lon="15.77391"><ele>222</ele></trkpt>
   <trkpt lat="50.031447" lon="15.775338"><ele>222</ele></trkpt>
   <trkpt lat="50.0314" lon="15.778064"><ele>221.75</ele></trkpt>
   <trkpt lat="50.031385" lon="15.779257"><ele>222.5</ele></trkpt>
   <trkpt lat="50.031379" lon="15.779539"><ele>222</ele></trkpt>
   <trkpt lat="50.031364" lon="15.780615"><ele>222.75</ele></trkpt>
   <trkpt lat="50.031355" lon="15.781491"><ele>222.75</ele></trkpt>
   <trkpt lat="50.031345" lon="15.782195"><ele>222.5</ele></trkpt>
   <trkpt lat="50.031303" lon="15.784614"><ele>221.25</ele></trkpt>
   <trkpt lat="50.031291" lon="15.785609"><ele>220.5</ele></trkpt>
   <trkpt lat="50.031265" lon="15.787373"><ele>224</ele></trkpt>
   <trkpt lat="50.031212" lon="15.790845"><ele>223</ele></trkpt>
   <trkpt lat="50.031164" lon="15.794326"><ele>223.5</ele></trkpt>
   <trkpt lat="50.03114" lon="15.796314"><ele>224.75</ele></trkpt>
   <trkpt lat="50.031095" lon="15.799039"><ele>225.75</ele></trkpt>
   <trkpt lat="50.031054" lon="15.802222"><ele>227</ele></trkpt>
   <trkpt lat="50.031019" lon="15.804235"><ele>227.25</ele></trkpt>
   <trkpt lat="50.030953" lon="15.808744"><ele>227</ele></trkpt>
   <trkpt lat="50.030922" lon="15.810966"><ele>228.5</ele></trkpt>
   <trkpt lat="50.030912" lon="15.811384"><ele>228</ele></trkpt>
   <trkpt lat="50.030888" lon="15.812006"><ele>228</ele></trkpt>
   <trkpt lat="50.030844" lon="15.812847"><ele>227.75</ele></trkpt>
   <trkpt lat="50.030783" lon="15.813678"><ele>228.75</ele></trkpt>
   <trkpt lat="50.030705" lon="15.814511"><ele>228</ele></trkpt>
   <trkpt lat="50.030607" lon="15.815334"><ele>227.75</ele></trkpt>
   <trkpt lat="50.030496" lon="15.816149"><ele>227.25</ele></trkpt>
   <trkpt lat="50.030364" lon="15.816968"><ele>226.25</ele></trkpt>
   <trkpt lat="50.030215" lon="15.817766"><ele>226.5</ele></trkpt>
   <trkpt lat="50.030054" lon="15.818568"><ele>227</ele></trkpt>
   <trkpt lat="50.028977" lon="15.823536"><ele>227.5</ele></trkpt>
   <trkpt lat="50.028547" lon="15.825547"><ele>228.75</ele></trkpt>
   <trkpt lat="50.024697" lon="15.843282"><ele>231.75</ele></trkpt>
   <trkpt lat="50.023965" lon="15.846634"><ele>231.5</ele></trkpt>
   <trkpt lat="50.02028" lon="15.863608"><ele>235.75</ele></trkpt>
   <trkpt lat="50.020241" lon="15.863784"><ele>235.25</ele></trkpt>
   <trkpt lat="50.018191" lon="15.873202"><ele>233</ele></trkpt>
   <trkpt lat="50.018136" lon="15.873452"><ele>233</ele></trkpt>
   <trkpt lat="50.017781" lon="15.875108"><ele>235.75</ele></trkpt>
   <trkpt lat="50.017344" lon="15.877103"><ele>231.25</ele></trkpt>
   <trkpt lat="50.015687" lon="15.884719"><ele>233.5</ele></trkpt>
   <trkpt lat="50.015544" lon="15.885383"><ele>235.75</ele></trkpt>
   <trkpt lat="50.015268" lon="15.886663"><ele>236.75</ele></trkpt>
   <trkpt lat="50.015253" lon="15.886734"><ele>236.5</ele></trkpt>
   <trkpt lat="50.01486" lon="15.888551"><ele>235</ele></trkpt>
   <trkpt lat="50.014641" lon="15.889563"><ele>236</ele></trkpt>
   <trkpt lat="50.014607" lon="15.889723"><ele>236</ele></trkpt>
   <trkpt lat="50.01431" lon="15.891079"><ele>236.5</ele></trkpt>
   <trkpt lat="50.014291" lon="15.891167"><ele>236.5</ele></trkpt>
   <trkpt lat="50.013967" lon="15.892654"><ele>237</ele></trkpt>
   <trkpt lat="50.011895" lon="15.90216"><ele>237.75</ele></trkpt>
   <trkpt lat="50.011605" lon="15.903501"><ele>236.75</ele></trkpt>
   <trkpt lat="50.011584" lon="15.903601"><ele>236.5</ele></trkpt>
   <trkpt lat="50.011547" lon="15.90377"><ele>236</ele></trkpt>
   <trkpt lat="50.011384" lon="15.90451"><ele>237.25</ele></trkpt>
   <trkpt lat="50.011352" lon="15.904658"><ele>236</ele></trkpt>
   <trkpt lat="50.010907" lon="15.9067"><ele>235.25</ele></trkpt>
   <trkpt lat="50.010883" lon="15.906812"><ele>236.25</ele></trkpt>
   <trkpt lat="50.010223" lon="15.909796"><ele>237.75</ele></trkpt>
   <trkpt lat="50.010074" lon="15.910484"><ele>237.75</ele></trkpt>
   <trkpt lat="50.008267" lon="15.918799"><ele>237.25</ele></trkpt>
   <trkpt lat="50.007611" lon="15.921812"><ele>235.75</ele></trkpt>
   <trkpt lat="50.007589" lon="15.921913"><ele>236.75</ele></trkpt>
   <trkpt lat="50.006465" lon="15.927065"><ele>238.25</ele></trkpt>
   <trkpt lat="50.006278" lon="15.927924"><ele>237.5</ele></trkpt>
   <trkpt lat="50.006252" lon="15.928041"><ele>237.75</ele></trkpt>
   <trkpt lat="50.004523" lon="15.935961"><ele>237.5</ele></trkpt>
   <trkpt lat="50.004374" lon="15.936642"><ele>238.25</ele></trkpt>
   <trkpt lat="50.004293" lon="15.937024"><ele>238</ele></trkpt>
   <trkpt lat="50.003671" lon="15.939901"><ele>236.75</ele></trkpt>
   <trkpt lat="50.003654" lon="15.939983"><ele>236.75</ele></trkpt>
   <trkpt lat="50.00355" lon="15.940408"><ele>236.75</ele></trkpt>
   <trkpt lat="50.003419" lon="15.940877"><ele>236.25</ele></trkpt>
   <trkpt lat="50.003349" lon="15.941171"><ele>237</ele></trkpt>
   <trkpt lat="50.003332" lon="15.941249"><ele>236.75</ele></trkpt>
   <trkpt lat="50.003315" lon="15.941325"><ele>236.75</ele></trkpt>
   <trkpt lat="50.003156" lon="15.942057"><ele>236.25</ele></trkpt>
   <trkpt lat="50.00305" lon="15.942487"><ele>237</ele></trkpt>
   <trkpt lat="50.002919" lon="15.942954"><ele>237</ele></trkpt>
   <trkpt lat="50.002854" lon="15.943228"><ele>237</ele></trkpt>
   <trkpt lat="50.002828" lon="15.943338"><ele>237</ele></trkpt>
   <trkpt lat="50.00228" lon="15.945847"><ele>237</ele></trkpt>
   <trkpt lat="50.002076" lon="15.946787"><ele>237</ele></trkpt>
   <trkpt lat="50.001937" lon="15.947426"><ele>237</ele></trkpt>
   <trkpt lat="50.00092" lon="15.952087"><ele>235.25</ele></trkpt>
   <trkpt lat="50.000887" lon="15.952252"><ele>235</ele></trkpt>
   <trkpt lat="50.000771" lon="15.952958"><ele>235.5</ele></trkpt>
   <trkpt lat="50.000704" lon="15.953287"><ele>235</ele></trkpt>
   <trkpt lat="50.000693" lon="15.953337"><ele>234.75</ele></trkpt>
   <trkpt lat="50.00048" lon="15.954314"><ele>235</ele></trkpt>
   <trkpt lat="50.000267" lon="15.955286"><ele>234.75</ele></trkpt>
   <trkpt lat="49.999907" lon="15.956928"><ele>234.5</ele></trkpt>
   <trkpt lat="49.999895" lon="15.956987"><ele>234.5</ele></trkpt>
   <trkpt lat="49.999304" lon="15.959696"><ele>234</ele></trkpt>
   <trkpt lat="49.999157" lon="15.960366"><ele>234.75</ele></trkpt>
   <trkpt lat="49.998682" lon="15.962545"><ele>234.5</ele></trkpt>
   <trkpt lat="49.998652" lon="15.962685"><ele>234.75</ele></trkpt>
   <trkpt lat="49.99799" lon="15.965709"><ele>235.5</ele></trkpt>
   <trkpt lat="49.997084" lon="15.969862"><ele>234</ele></trkpt>
   <trkpt lat="49.99491" lon="15.979797"><ele>236.5</ele></trkpt>
   <trkpt lat="49.994231" lon="15.982904"><ele>236</ele></trkpt>
   <trkpt lat="49.994229" lon="15.982911"><ele>236</ele></trkpt>
   <trkpt lat="49.993582" lon="15.98591"><ele>237.75</ele></trkpt>
   <trkpt lat="49.993223" lon="15.987528"><ele>237.25</ele></trkpt>
   <trkpt lat="49.991364" lon="15.996033"><ele>240.25</ele></trkpt>
   <trkpt lat="49.991335" lon="15.996164"><ele>240</ele></trkpt>
   <trkpt lat="49.991229" lon="15.996649"><ele>240.5</ele></trkpt>
   <trkpt lat="49.991226" lon="15.996664"><ele>240.5</ele></trkpt>
   <trkpt lat="49.991125" lon="15.997122"><ele>240.75</ele></trkpt>
   <trkpt lat="49.990966" lon="15.997848"><ele>240</ele></trkpt>
   <trkpt lat="49.990838" lon="15.998431"><ele>240.25</ele></trkpt>
   <trkpt lat="49.990207" lon="16.001305"><ele>240</ele></trkpt>
   <trkpt lat="49.99013" lon="16.001656"><ele>239</ele></trkpt>
   <trkpt lat="49.989951" lon="16.002673"><ele>239.25</ele></trkpt>
   <trkpt lat="49.98986" lon="16.003087"><ele>239.25</ele></trkpt>
   <trkpt lat="49.989688" lon="16.003874"><ele>239.75</ele></trkpt>
   <trkpt lat="49.989462" lon="16.004911"><ele>239.75</ele></trkpt>
   <trkpt lat="49.989436" lon="16.005025"><ele>239.75</ele></trkpt>
   <trkpt lat="49.989423" lon="16.005085"><ele>239.75</ele></trkpt>
   <trkpt lat="49.989363" lon="16.005348"><ele>239.75</ele></trkpt>
   <trkpt lat="49.989192" lon="16.006323"><ele>239.75</ele></trkpt>
   <trkpt lat="49.989124" lon="16.006746"><ele>239.5</ele></trkpt>
   <trkpt lat="49.98899" lon="16.007466"><ele>239.25</ele></trkpt>
   <trkpt lat="49.988445" lon="16.009942"><ele>239.5</ele></trkpt>
   <trkpt lat="49.988309" lon="16.010577"><ele>239.75</ele></trkpt>
   <trkpt lat="49.988127" lon="16.011427"><ele>239.5</ele></trkpt>
   <trkpt lat="49.987802" lon="16.013072"><ele>240.75</ele></trkpt>
   <trkpt lat="49.987502" lon="16.014768"><ele>240.75</ele></trkpt>
   <trkpt lat="49.987285" lon="16.016032"><ele>241</ele></trkpt>
   <trkpt lat="49.98724" lon="16.016265"><ele>240.75</ele></trkpt>
   <trkpt lat="49.987195" lon="16.016497"><ele>241</ele></trkpt>
   <trkpt lat="49.987069" lon="16.017034"><ele>240.25</ele></trkpt>
   <trkpt lat="49.986943" lon="16.017735"><ele>240.75</ele></trkpt>
   <trkpt lat="49.986876" lon="16.018223"><ele>240.5</ele></trkpt>
   <trkpt lat="49.986717" lon="16.019567"><ele>240.5</ele></trkpt>
   <trkpt lat="49.98656" lon="16.021303"><ele>240</ele></trkpt>
   <trkpt lat="49.986447" lon="16.023062"><ele>241.5</ele></trkpt>
   <trkpt lat="49.986428" lon="16.023506"><ele>241.5</ele></trkpt>
   <trkpt lat="49.9864" lon="16.024369"><ele>241.75</ele></trkpt>
   <trkpt lat="49.986382" lon="16.025169"><ele>243</ele></trkpt>
   <trkpt lat="49.986374" lon="16.026295"><ele>243.25</ele></trkpt>
   <trkpt lat="49.986377" lon="16.026992"><ele>243.25</ele></trkpt>
   <trkpt lat="49.986377" lon="16.027006"><ele>243.25</ele></trkpt>
   <trkpt lat="49.986386" lon="16.027796"><ele>243</ele></trkpt>
   <trkpt lat="49.98641" lon="16.028682"><ele>242.75</ele></trkpt>
   <trkpt lat="49.986466" lon="16.030045"><ele>243.5</ele></trkpt>
   <trkpt lat="49.986482" lon="16.030341"><ele>242.5</ele></trkpt>
   <trkpt lat="49.986487" lon="16.03045"><ele>242.5</ele></trkpt>
   <trkpt lat="49.98654" lon="16.031312"><ele>242.25</ele></trkpt>
   <trkpt lat="49.986602" lon="16.032175"><ele>245.25</ele></trkpt>
   <trkpt lat="49.986681" lon="16.033122"><ele>245</ele></trkpt>
   <trkpt lat="49.986862" lon="16.034873"><ele>245.5</ele></trkpt>
   <trkpt lat="49.987433" lon="16.040047"><ele>242.5</ele></trkpt>
   <trkpt lat="49.987529" lon="16.040929"><ele>242.5</ele></trkpt>
   <trkpt lat="49.987827" lon="16.043641"><ele>244.25</ele></trkpt>
   <trkpt lat="49.98785" lon="16.043842"><ele>242.75</ele></trkpt>
   <trkpt lat="49.9879" lon="16.044299"><ele>242</ele></trkpt>
   <trkpt lat="49.987901" lon="16.044307"><ele>242</ele></trkpt>
   <trkpt lat="49.988966" lon="16.054021"><ele>244</ele></trkpt>
   <trkpt lat="49.988982" lon="16.054168"><ele>243.5</ele></trkpt>
   <trkpt lat="49.989462" lon="16.058556"><ele>247.75</ele></trkpt>
   <trkpt lat="49.989463" lon="16.058566"><ele>247.75</ele></trkpt>
   <trkpt lat="49.989744" lon="16.06112"><ele>248</ele></trkpt>
   <trkpt lat="49.990177" lon="16.065069"><ele>250.25</ele></trkpt>
   <trkpt lat="49.990806" lon="16.070808"><ele>250.5</ele></trkpt>
   <trkpt lat="49.990825" lon="16.070982"><ele>250.75</ele></trkpt>
   <trkpt lat="49.991182" lon="16.074244"><ele>251.25</ele></trkpt>
   <trkpt lat="49.991202" lon="16.074425"><ele>251.25</ele></trkpt>
   <trkpt lat="49.991203" lon="16.074435"><ele>251.25</ele></trkpt>
   <trkpt lat="49.991947" lon="16.081233"><ele>250.75</ele></trkpt>
   <trkpt lat="49.991962" lon="16.08137"><ele>250.75</ele></trkpt>
   <trkpt lat="49.992895" lon="16.089872"><ele>249.25</ele></trkpt>
   <trkpt lat="49.99312" lon="16.091909"><ele>250.5</ele></trkpt>
   <trkpt lat="49.993141" lon="16.092097"><ele>250.5</ele></trkpt>
   <trkpt lat="49.993247" lon="16.093095"><ele>251.5</ele></trkpt>
   <trkpt lat="49.993588" lon="16.096146"><ele>253.5</ele></trkpt>
   <trkpt lat="49.993589" lon="16.096157"><ele>253.5</ele></trkpt>
   <trkpt lat="49.993618" lon="16.09642"><ele>252.5</ele></trkpt>
   <trkpt lat="49.993676" lon="16.096929"><ele>249.75</ele></trkpt>
   <trkpt lat="49.993683" lon="16.096994"><ele>250.25</ele></trkpt>
   <trkpt lat="49.993939" lon="16.099366"><ele>252.5</ele></trkpt>
   <trkpt lat="49.993998" lon="16.099889"><ele>250.5</ele></trkpt>
   <trkpt lat="49.994006" lon="16.099961"><ele>250.75</ele></trkpt>
   <trkpt lat="49.994048" lon="16.100307"><ele>250.25</ele></trkpt>
   <trkpt lat="49.99413" lon="16.101366"><ele>254.5</ele></trkpt>
   <trkpt lat="49.994228" lon="16.102186"><ele>254.75</ele></trkpt>
   <trkpt lat="49.994294" lon="16.102738"><ele>254</ele></trkpt>
   <trkpt lat="49.99434" lon="16.103125"><ele>254.5</ele></trkpt>
   <trkpt lat="49.99447" lon="16.104202"><ele>255</ele></trkpt>
   <trkpt lat="49.994625" lon="16.105468"><ele>255.75</ele></trkpt>
   <trkpt lat="49.994725" lon="16.10638"><ele>256</ele></trkpt>
   <trkpt lat="49.99493" lon="16.108385"><ele>256</ele></trkpt>
   <trkpt lat="49.99539" lon="16.113017"><ele>256</ele></trkpt>
   <trkpt lat="49.995535" lon="16.114369"><ele>256.5</ele></trkpt>
   <trkpt lat="49.995656" lon="16.115511"><ele>255.25</ele></trkpt>
   <trkpt lat="49.995703" lon="16.115913"><ele>254.5</ele></trkpt>
   <trkpt lat="49.995741" lon="16.116253"><ele>254.75</ele></trkpt>
   <trkpt lat="49.995887" lon="16.117606"><ele>255.25</ele></trkpt>
   <trkpt lat="49.996001" lon="16.118663"><ele>254.75</ele></trkpt>
   <trkpt lat="49.996107" lon="16.119381"><ele>255.5</ele></trkpt>
   <trkpt lat="49.996159" lon="16.119741"><ele>255.75</ele></trkpt>
   <trkpt lat="49.996169" lon="16.119833"><ele>256</ele></trkpt>
   <trkpt lat="49.996194" lon="16.120049"><ele>256</ele></trkpt>
   <trkpt lat="49.996474" lon="16.122615"><ele>256.25</ele></trkpt>
   <trkpt lat="49.996553" lon="16.123398"><ele>257</ele></trkpt>
   <trkpt lat="49.996611" lon="16.12408"><ele>258.5</ele></trkpt>
   <trkpt lat="49.996612" lon="16.124091"><ele>258.5</ele></trkpt>
   <trkpt lat="49.996664" lon="16.124789"><ele>258.75</ele></trkpt>
   <trkpt lat="49.99671" lon="16.125664"><ele>259</ele></trkpt>
   <trkpt lat="49.996737" lon="16.126517"><ele>259.5</ele></trkpt>
   <trkpt lat="49.996744" lon="16.127377"><ele>260</ele></trkpt>
   <trkpt lat="49.996734" lon="16.12825"><ele>260.5</ele></trkpt>
   <trkpt lat="49.99671" lon="16.129066"><ele>260.25</ele></trkpt>
   <trkpt lat="49.996676" lon="16.129737"><ele>260</ele></trkpt>
   <trkpt lat="49.996628" lon="16.130474"><ele>260.25</ele></trkpt>
   <trkpt lat="49.996562" lon="16.131214"><ele>260.75</ele></trkpt>
   <trkpt lat="49.996487" lon="16.131954"><ele>260.75</ele></trkpt>
   <trkpt lat="49.996373" lon="16.132856"><ele>260</ele></trkpt>
   <trkpt lat="49.996242" lon="16.133745"><ele>259.5</ele></trkpt>
   <trkpt lat="49.996102" lon="16.134605"><ele>259.75</ele></trkpt>
   <trkpt lat="49.996066" lon="16.134814"><ele>260</ele></trkpt>
   <trkpt lat="49.995734" lon="16.136754"><ele>260.5</ele></trkpt>
   <trkpt lat="49.995678" lon="16.137079"><ele>260.25</ele></trkpt>
   <trkpt lat="49.99522" lon="16.139769"><ele>260.5</ele></trkpt>
   <trkpt lat="49.995027" lon="16.140896"><ele>262</ele></trkpt>
   <trkpt lat="49.99501" lon="16.140994"><ele>262.5</ele></trkpt>
   <trkpt lat="49.994068" lon="16.146513"><ele>262.5</ele></trkpt>
   <trkpt lat="49.994023" lon="16.146782"><ele>261.5</ele></trkpt>
   <trkpt lat="49.992453" lon="16.15595"><ele>271.5</ele></trkpt>
   <trkpt lat="49.992271" lon="16.157018"><ele>271</ele></trkpt>
   <trkpt lat="49.992225" lon="16.157285"><ele>271</ele></trkpt>
   <trkpt lat="49.99022" lon="16.169007"><ele>269.75</ele></trkpt>
   <trkpt lat="49.990181" lon="16.169229"><ele>269</ele></trkpt>
   <trkpt lat="49.990011" lon="16.170248"><ele>270</ele></trkpt>
   <trkpt lat="49.989967" lon="16.170499"><ele>270.25</ele></trkpt>
   <trkpt lat="49.989218" lon="16.17486"><ele>269</ele></trkpt>
   <trkpt lat="49.98919" lon="16.175026"><ele>269.75</ele></trkpt>
   <trkpt lat="49.988565" lon="16.178663"><ele>270.5</ele></trkpt>
   <trkpt lat="49.988527" lon="16.178884"><ele>267.5</ele></trkpt>
   <trkpt lat="49.987054" lon="16.187488"><ele>274.25</ele></trkpt>
   <trkpt lat="49.986831" lon="16.188828"><ele>274.25</ele></trkpt>
   <trkpt lat="49.986707" lon="16.18966"><ele>275.5</ele></trkpt>
   <trkpt lat="49.986574" lon="16.190738"><ele>273</ele></trkpt>
   <trkpt lat="49.986552" lon="16.190948"><ele>272.75</ele></trkpt>
   <trkpt lat="49.986514" lon="16.191329"><ele>273.5</ele></trkpt>
   <trkpt lat="49.986448" lon="16.192132"><ele>275.5</ele></trkpt>
   <trkpt lat="49.986393" lon="16.192969"><ele>277.75</ele></trkpt>
   <trkpt lat="49.986357" lon="16.193796"><ele>277.25</ele></trkpt>
   <trkpt lat="49.986333" lon="16.19469"><ele>277.25</ele></trkpt>
   <trkpt lat="49.986333" lon="16.195577"><ele>277.75</ele></trkpt>
   <trkpt lat="49.986346" lon="16.196366"><ele>278.75</ele></trkpt>
   <trkpt lat="49.986382" lon="16.197223"><ele>279.75</ele></trkpt>
   <trkpt lat="49.986431" lon="16.198061"><ele>279</ele></trkpt>
   <trkpt lat="49.986498" lon="16.19892"><ele>278.75</ele></trkpt>
   <trkpt lat="49.986582" lon="16.199766"><ele>280.25</ele></trkpt>
   <trkpt lat="49.986688" lon="16.200625"><ele>281</ele></trkpt>
   <trkpt lat="49.9868" lon="16.201429"><ele>280</ele></trkpt>
   <trkpt lat="49.986932" lon="16.202225"><ele>282</ele></trkpt>
   <trkpt lat="49.987072" lon="16.202977"><ele>284.5</ele></trkpt>
   <trkpt lat="49.987263" lon="16.203919"><ele>283.25</ele></trkpt>
   <trkpt lat="49.987369" lon="16.204383"><ele>282.75</ele></trkpt>
   <trkpt lat="49.987413" lon="16.204564"><ele>282.75</ele></trkpt>
   <trkpt lat="49.987661" lon="16.205534"><ele>285</ele></trkpt>
   <trkpt lat="49.987883" lon="16.206318"><ele>286</ele></trkpt>
   <trkpt lat="49.988121" lon="16.207086"><ele>285.75</ele></trkpt>
   <trkpt lat="49.988363" lon="16.207818"><ele>285.25</ele></trkpt>
   <trkpt lat="49.988726" lon="16.208881"><ele>287.75</ele></trkpt>
   <trkpt lat="49.989054" lon="16.209816"><ele>289</ele></trkpt>
   <trkpt lat="49.990284" lon="16.213323"><ele>289</ele></trkpt>
   <trkpt lat="49.990703" lon="16.214512"><ele>290.5</ele></trkpt>
   <trkpt lat="49.990722" lon="16.214564"><ele>290.5</ele></trkpt>
   <trkpt lat="49.990739" lon="16.214615"><ele>290.25</ele></trkpt>
   <trkpt lat="49.990919" lon="16.215166"><ele>290</ele></trkpt>
   <trkpt lat="49.991037" lon="16.215567"><ele>290.25</ele></trkpt>
   <trkpt lat="49.991213" lon="16.216107"><ele>290.75</ele></trkpt>
   <trkpt lat="49.991291" lon="16.216333"><ele>290.25</ele></trkpt>
   <trkpt lat="49.991308" lon="16.216382"><ele>290.25</ele></trkpt>
   <trkpt lat="49.991729" lon="16.21758"><ele>290.25</ele></trkpt>
   <trkpt lat="49.991922" lon="16.218125"><ele>291</ele></trkpt>
   <trkpt lat="49.992328" lon="16.219265"><ele>291</ele></trkpt>
   <trkpt lat="49.993738" lon="16.223284"><ele>292</ele></trkpt>
   <trkpt lat="49.994828" lon="16.226389"><ele>292</ele></trkpt>
   <trkpt lat="49.994864" lon="16.226493"><ele>292</ele></trkpt>
   <trkpt lat="49.995146" lon="16.227299"><ele>293.25</ele></trkpt>
   <trkpt lat="49.995486" lon="16.228269"><ele>296.75</ele></trkpt>
   <trkpt lat="49.99579" lon="16.229141"><ele>297</ele></trkpt>
   <trkpt lat="49.99624" lon="16.230428"><ele>307.5</ele></trkpt>
   <trkpt lat="49.99654" lon="16.231289"><ele>307.75</ele></trkpt>
   <trkpt lat="49.996558" lon="16.231339"><ele>306</ele></trkpt>
   <trkpt lat="49.996743" lon="16.231867"><ele>299</ele></trkpt>
   <trkpt lat="49.997024" lon="16.232662"><ele>292.5</ele></trkpt>
   <trkpt lat="49.997519" lon="16.234067"><ele>294.5</ele></trkpt>
   <trkpt lat="49.997872" lon="16.23507"><ele>295.25</ele></trkpt>
   <trkpt lat="49.998047" lon="16.235574"><ele>294.75</ele></trkpt>
   <trkpt lat="49.998911" lon="16.238036"><ele>295</ele></trkpt>
   <trkpt lat="49.99901" lon="16.238325"><ele>293.25</ele></trkpt>
   <trkpt lat="49.999533" lon="16.239815"><ele>294</ele></trkpt>
   <trkpt lat="49.999889" lon="16.240857"><ele>294</ele></trkpt>
   <trkpt lat="49.999985" lon="16.241168"><ele>295.5</ele></trkpt>
   <trkpt lat="50.000072" lon="16.241469"><ele>294.25</ele></trkpt>
   <trkpt lat="50.000154" lon="16.241792"><ele>294.25</ele></trkpt>
   <trkpt lat="50.00023" lon="16.242124"><ele>295.25</ele></trkpt>
   <trkpt lat="50.000353" lon="16.242773"><ele>294.25</ele></trkpt>
   <trkpt lat="50.000401" lon="16.243085"><ele>293.5</ele></trkpt>
   <trkpt lat="50.000443" lon="16.243425"><ele>294.25</ele></trkpt>
   <trkpt lat="50.000475" lon="16.243745"><ele>295</ele></trkpt>
   <trkpt lat="50.000503" lon="16.244107"><ele>295.25</ele></trkpt>
   <trkpt lat="50.00053" lon="16.244709"><ele>295.5</ele></trkpt>
   <trkpt lat="50.000529" lon="16.245371"><ele>295.5</ele></trkpt>
   <trkpt lat="50.000496" lon="16.246052"><ele>295.25</ele></trkpt>
   <trkpt lat="50.000311" lon="16.24793"><ele>297.25</ele></trkpt>
   <trkpt lat="50.00029" lon="16.248132"><ele>296.5</ele></trkpt>
   <trkpt lat="50.00014" lon="16.249578"><ele>299.5</ele></trkpt>
   <trkpt lat="50.00005" lon="16.250455"><ele>298.5</ele></trkpt>
   <trkpt lat="49.999864" lon="16.25222"><ele>295</ele></trkpt>
   <trkpt lat="49.999843" lon="16.25242"><ele>295</ele></trkpt>
   <trkpt lat="49.999729" lon="16.253517"><ele>296.75</ele></trkpt>
   <trkpt lat="49.999676" lon="16.253974"><ele>297</ele></trkpt>
   <trkpt lat="49.999662" lon="16.254094"><ele>296.75</ele></trkpt>
   <trkpt lat="49.999624" lon="16.254366"><ele>296.25</ele></trkpt>
   <trkpt lat="49.999579" lon="16.254623"><ele>295.25</ele></trkpt>
   <trkpt lat="49.999465" lon="16.255117"><ele>297</ele></trkpt>
   <trkpt lat="49.999396" lon="16.255351"><ele>297.25</ele></trkpt>
   <trkpt lat="49.999313" lon="16.255596"><ele>296.25</ele></trkpt>
   <trkpt lat="49.999222" lon="16.255833"><ele>296.5</ele></trkpt>
   <trkpt lat="49.99911" lon="16.256089"><ele>297.25</ele></trkpt>
   <trkpt lat="49.99891" lon="16.256461"><ele>297.25</ele></trkpt>
   <trkpt lat="49.998672" lon="16.25683"><ele>297.5</ele></trkpt>
   <trkpt lat="49.998407" lon="16.257185"><ele>296.5</ele></trkpt>
   <trkpt lat="49.99795" lon="16.257761"><ele>299</ele></trkpt>
   <trkpt lat="49.997706" lon="16.258119"><ele>299.25</ele></trkpt>
   <trkpt lat="49.997595" lon="16.258314"><ele>299.25</ele></trkpt>
   <trkpt lat="49.997482" lon="16.258522"><ele>299.25</ele></trkpt>
   <trkpt lat="49.997384" lon="16.258738"><ele>300</ele></trkpt>
   <trkpt lat="49.997206" lon="16.259181"><ele>299.75</ele></trkpt>
   <trkpt lat="49.997128" lon="16.259422"><ele>299.75</ele></trkpt>
   <trkpt lat="49.997063" lon="16.259656"><ele>302.5</ele></trkpt>
   <trkpt lat="49.996995" lon="16.259941"><ele>302.25</ele></trkpt>
   <trkpt lat="49.996949" lon="16.260161"><ele>300</ele></trkpt>
   <trkpt lat="49.996904" lon="16.260428"><ele>299.75</ele></trkpt>
   <trkpt lat="49.996868" lon="16.260676"><ele>299.25</ele></trkpt>
   <trkpt lat="49.996845" lon="16.260897"><ele>298.75</ele></trkpt>
   <trkpt lat="49.996807" lon="16.261468"><ele>297.75</ele></trkpt>
   <trkpt lat="49.996809" lon="16.261916"><ele>297.75</ele></trkpt>
   <trkpt lat="49.996824" lon="16.26227"><ele>298</ele></trkpt>
   <trkpt lat="49.996847" lon="16.262545"><ele>298.25</ele></trkpt>
   <trkpt lat="49.996877" lon="16.262788"><ele>299.25</ele></trkpt>
   <trkpt lat="49.996917" lon="16.263053"><ele>299.75</ele></trkpt>
   <trkpt lat="49.996961" lon="16.263294"><ele>299</ele></trkpt>
   <trkpt lat="49.997022" lon="16.263557"><ele>297.75</ele></trkpt>
   <trkpt lat="49.997084" lon="16.263797"><ele>298</ele></trkpt>
   <trkpt lat="49.997161" lon="16.264046"><ele>299</ele></trkpt>
   <trkpt lat="49.997323" lon="16.264506"><ele>298.5</ele></trkpt>
   <trkpt lat="49.997637" lon="16.26521"><ele>298</ele></trkpt>
   <trkpt lat="49.998174" lon="16.266368"><ele>298</ele></trkpt>
   <trkpt lat="49.99874" lon="16.267622"><ele>298.25</ele></trkpt>
   <trkpt lat="49.999206" lon="16.268623"><ele>299.5</ele></trkpt>
   <trkpt lat="49.999252" lon="16.268724"><ele>299</ele></trkpt>
   <trkpt lat="49.999723" lon="16.269742"><ele>300.75</ele></trkpt>
   <trkpt lat="50.000013" lon="16.270461"><ele>299.5</ele></trkpt>
   <trkpt lat="50.000234" lon="16.270978"><ele>300</ele></trkpt>
   <trkpt lat="50.000427" lon="16.271395"><ele>299</ele></trkpt>
   <trkpt lat="50.001095" lon="16.272836"><ele>301.25</ele></trkpt>
   <trkpt lat="50.001267" lon="16.27322"><ele>300</ele></trkpt>
   <trkpt lat="50.001418" lon="16.273576"><ele>300.75</ele></trkpt>
   <trkpt lat="50.001526" lon="16.273866"><ele>299.5</ele></trkpt>
   <trkpt lat="50.001653" lon="16.27424"><ele>301.5</ele></trkpt>
   <trkpt lat="50.001761" lon="16.274603"><ele>300</ele></trkpt>
   <trkpt lat="50.001847" lon="16.274952"><ele>300.5</ele></trkpt>
   <trkpt lat="50.001911" lon="16.275255"><ele>301.25</ele></trkpt>
   <trkpt lat="50.001977" lon="16.275607"><ele>301.5</ele></trkpt>
   <trkpt lat="50.002023" lon="16.275936"><ele>300.5</ele></trkpt>
   <trkpt lat="50.002061" lon="16.276332"><ele>300.25</ele></trkpt>
   <trkpt lat="50.002084" lon="16.276748"><ele>300</ele></trkpt>
   <trkpt lat="50.002094" lon="16.277242"><ele>300.5</ele></trkpt>
   <trkpt lat="50.002087" lon="16.277646"><ele>300</ele></trkpt>
   <trkpt lat="50.002071" lon="16.277989"><ele>300.5</ele></trkpt>
   <trkpt lat="50.002027" lon="16.278526"><ele>300.75</ele></trkpt>
   <trkpt lat="50.001968" lon="16.279002"><ele>302.25</ele></trkpt>
   <trkpt lat="50.001918" lon="16.279309"><ele>302.5</ele></trkpt>
   <trkpt lat="50.001831" lon="16.279712"><ele>302.75</ele></trkpt>
   <trkpt lat="50.001704" lon="16.280171"><ele>303</ele></trkpt>
   <trkpt lat="50.001602" lon="16.280499"><ele>302.75</ele></trkpt>
   <trkpt lat="50.001483" lon="16.280844"><ele>302.25</ele></trkpt>
   <trkpt lat="50.00131" lon="16.281281"><ele>302</ele></trkpt>
   <trkpt lat="50.001078" lon="16.281839"><ele>302.25</ele></trkpt>
   <trkpt lat="50.000719" lon="16.282705"><ele>302</ele></trkpt>
   <trkpt lat="50.00031" lon="16.283815"><ele>302.75</ele></trkpt>
   <trkpt lat="50.000286" lon="16.283872"><ele>302.75</ele></trkpt>
   <trkpt lat="50.000187" lon="16.284123"><ele>302.75</ele></trkpt>
   <trkpt lat="49.999698" lon="16.285311"><ele>303.75</ele></trkpt>
   <trkpt lat="49.999471" lon="16.285913"><ele>303.75</ele></trkpt>
   <trkpt lat="49.999302" lon="16.286407"><ele>302.75</ele></trkpt>
   <trkpt lat="49.999192" lon="16.286762"><ele>303</ele></trkpt>
   <trkpt lat="49.999102" lon="16.287077"><ele>303.25</ele></trkpt>
   <trkpt lat="49.999017" lon="16.287442"><ele>301.5</ele></trkpt>
   <trkpt lat="49.998947" lon="16.287763"><ele>301.75</ele></trkpt>
   <trkpt lat="49.998854" lon="16.288242"><ele>304.5</ele></trkpt>
   <trkpt lat="49.998786" lon="16.288648"><ele>304.25</ele></trkpt>
   <trkpt lat="49.998726" lon="16.289103"><ele>304.25</ele></trkpt>
   <trkpt lat="49.998681" lon="16.289544"><ele>304.25</ele></trkpt>
   <trkpt lat="49.998635" lon="16.290208"><ele>304.25</ele></trkpt>
   <trkpt lat="49.998616" lon="16.29078"><ele>304.75</ele></trkpt>
   <trkpt lat="49.998618" lon="16.291279"><ele>304.75</ele></trkpt>
   <trkpt lat="49.998665" lon="16.292798"><ele>302.5</ele></trkpt>
   <trkpt lat="49.998678" lon="16.293204"><ele>301.75</ele></trkpt>
   <trkpt lat="49.998787" lon="16.296207"><ele>303.75</ele></trkpt>
   <trkpt lat="49.998789" lon="16.296278"><ele>304</ele></trkpt>
   <trkpt lat="49.998893" lon="16.297936"><ele>305.75</ele></trkpt>
   <trkpt lat="49.998913" lon="16.298469"><ele>305.75</ele></trkpt>
   <trkpt lat="49.998916" lon="16.298576"><ele>305.75</ele></trkpt>
   <trkpt lat="49.998923" lon="16.299107"><ele>305.5</ele></trkpt>
   <trkpt lat="49.998916" lon="16.299427"><ele>305.5</ele></trkpt>
   <trkpt lat="49.998922" lon="16.299918"><ele>304.75</ele></trkpt>
   <trkpt lat="49.998925" lon="16.299972"><ele>304.5</ele></trkpt>
   <trkpt lat="49.998955" lon="16.300707"><ele>304.5</ele></trkpt>
   <trkpt lat="49.99896" lon="16.301086"><ele>304.5</ele></trkpt>
   <trkpt lat="49.998959" lon="16.301481"><ele>304.5</ele></trkpt>
   <trkpt lat="49.998942" lon="16.302143"><ele>304.75</ele></trkpt>
   <trkpt lat="49.99889" lon="16.302849"><ele>305.5</ele></trkpt>
   <trkpt lat="49.998841" lon="16.303322"><ele>308</ele></trkpt>
   <trkpt lat="49.998795" lon="16.303673"><ele>307.25</ele></trkpt>
   <trkpt lat="49.998733" lon="16.304049"><ele>305</ele></trkpt>
   <trkpt lat="49.99866" lon="16.304439"><ele>305.5</ele></trkpt>
   <trkpt lat="49.998581" lon="16.304811"><ele>308.25</ele></trkpt>
   <trkpt lat="49.998493" lon="16.305175"><ele>309.5</ele></trkpt>
   <trkpt lat="49.9984" lon="16.305518"><ele>307.5</ele></trkpt>
   <trkpt lat="49.998297" lon="16.305868"><ele>307.75</ele></trkpt>
   <trkpt lat="49.998071" lon="16.306532"><ele>306.75</ele></trkpt>
   <trkpt lat="49.99794" lon="16.30687"><ele>306.5</ele></trkpt>
   <trkpt lat="49.997811" lon="16.307179"><ele>306.5</ele></trkpt>
   <trkpt lat="49.997635" lon="16.307567"><ele>306.25</ele></trkpt>
   <trkpt lat="49.997365" lon="16.30812"><ele>306.5</ele></trkpt>
   <trkpt lat="49.997007" lon="16.308826"><ele>305.75</ele></trkpt>
   <trkpt lat="49.996495" lon="16.309818"><ele>306</ele></trkpt>
   <trkpt lat="49.995731" lon="16.311318"><ele>307.25</ele></trkpt>
   <trkpt lat="49.995638" lon="16.311501"><ele>306.75</ele></trkpt>
   <trkpt lat="49.994029" lon="16.314639"><ele>307.5</ele></trkpt>
   <trkpt lat="49.993847" lon="16.315019"><ele>308.25</ele></trkpt>
   <trkpt lat="49.993597" lon="16.315623"><ele>308.75</ele></trkpt>
   <trkpt lat="49.993493" lon="16.315915"><ele>307.25</ele></trkpt>
   <trkpt lat="49.993287" lon="16.316613"><ele>309</ele></trkpt>
   <trkpt lat="49.993212" lon="16.316933"><ele>307</ele></trkpt>
   <trkpt lat="49.993151" lon="16.317245"><ele>306.25</ele></trkpt>
   <trkpt lat="49.993115" lon="16.317443"><ele>307.75</ele></trkpt>
   <trkpt lat="49.993068" lon="16.317758"><ele>309.75</ele></trkpt>
   <trkpt lat="49.99303" lon="16.318077"><ele>309.5</ele></trkpt>
   <trkpt lat="49.992999" lon="16.318453"><ele>309</ele></trkpt>
   <trkpt lat="49.99298" lon="16.318754"><ele>308.75</ele></trkpt>
   <trkpt lat="49.992972" lon="16.319405"><ele>309</ele></trkpt>
   <trkpt lat="49.992982" lon="16.319727"><ele>310.5</ele></trkpt>
   <trkpt lat="49.993003" lon="16.320079"><ele>311</ele></trkpt>
   <trkpt lat="49.993034" lon="16.320411"><ele>310.5</ele></trkpt>
   <trkpt lat="49.993075" lon="16.320745"><ele>311.25</ele></trkpt>
   <trkpt lat="49.993124" lon="16.321061"><ele>313.5</ele></trkpt>
   <trkpt lat="49.993254" lon="16.321693"><ele>312</ele></trkpt>
   <trkpt lat="49.993337" lon="16.322015"><ele>310</ele></trkpt>
   <trkpt lat="49.993514" lon="16.322592"><ele>312</ele></trkpt>
   <trkpt lat="49.993611" lon="16.322858"><ele>310.5</ele></trkpt>
   <trkpt lat="49.993821" lon="16.323356"><ele>309.75</ele></trkpt>
   <trkpt lat="49.993953" lon="16.323632"><ele>309.25</ele></trkpt>
   <trkpt lat="49.994079" lon="16.323874"><ele>309.5</ele></trkpt>
   <trkpt lat="49.994244" lon="16.32416"><ele>309</ele></trkpt>
   <trkpt lat="49.994571" lon="16.324648"><ele>308.5</ele></trkpt>
   <trkpt lat="49.994779" lon="16.324916"><ele>308.25</ele></trkpt>
   <trkpt lat="49.994854" lon="16.325006"><ele>308.25</ele></trkpt>
   <trkpt lat="49.995161" lon="16.325345"><ele>309.25</ele></trkpt>
   <trkpt lat="49.9959" lon="16.326048"><ele>309.75</ele></trkpt>
   <trkpt lat="49.996199" lon="16.326363"><ele>309.75</ele></trkpt>
   <trkpt lat="49.996345" lon="16.32654"><ele>310.25</ele></trkpt>
   <trkpt lat="49.996471" lon="16.326707"><ele>310</ele></trkpt>
   <trkpt lat="49.996568" lon="16.326849"><ele>310.5</ele></trkpt>
   <trkpt lat="49.99685" lon="16.327307"><ele>311</ele></trkpt>
   <trkpt lat="49.99697" lon="16.327544"><ele>311.5</ele></trkpt>
   <trkpt lat="49.997086" lon="16.327791"><ele>310.5</ele></trkpt>
   <trkpt lat="49.997279" lon="16.328281"><ele>309.75</ele></trkpt>
   <trkpt lat="49.997439" lon="16.32881"><ele>310.75</ele></trkpt>
   <trkpt lat="49.997501" lon="16.329063"><ele>311.25</ele></trkpt>
   <trkpt lat="49.997564" lon="16.32936"><ele>310</ele></trkpt>
   <trkpt lat="49.997608" lon="16.329615"><ele>309.25</ele></trkpt>
   <trkpt lat="49.997647" lon="16.329857"><ele>309</ele></trkpt>
   <trkpt lat="49.997699" lon="16.330441"><ele>311.5</ele></trkpt>
   <trkpt lat="49.99771" lon="16.330739"><ele>312.25</ele></trkpt>
   <trkpt lat="49.997712" lon="16.331061"><ele>312.5</ele></trkpt>
   <trkpt lat="49.997699" lon="16.331433"><ele>312.75</ele></trkpt>
   <trkpt lat="49.997679" lon="16.331709"><ele>313</ele></trkpt>
   <trkpt lat="49.997631" lon="16.332136"><ele>314.5</ele></trkpt>
   <trkpt lat="49.997585" lon="16.332435"><ele>315</ele></trkpt>
   <trkpt lat="49.997526" lon="16.33275"><ele>313</ele></trkpt>
   <trkpt lat="49.997444" lon="16.333091"><ele>314.75</ele></trkpt>
   <trkpt lat="49.997358" lon="16.333385"><ele>316.5</ele></trkpt>
   <trkpt lat="49.997274" lon="16.33364"><ele>314.25</ele></trkpt>
   <trkpt lat="49.99714" lon="16.333979"><ele>315.25</ele></trkpt>
   <trkpt lat="49.997026" lon="16.334235"><ele>315.5</ele></trkpt>
   <trkpt lat="49.996877" lon="16.334529"><ele>314.25</ele></trkpt>
   <trkpt lat="49.996711" lon="16.334819"><ele>314</ele></trkpt>
   <trkpt lat="49.996606" lon="16.334984"><ele>313.75</ele></trkpt>
   <trkpt lat="49.996404" lon="16.335271"><ele>313</ele></trkpt>
   <trkpt lat="49.996225" lon="16.335492"><ele>312.25</ele></trkpt>
   <trkpt lat="49.996035" lon="16.335701"><ele>311.5</ele></trkpt>
   <trkpt lat="49.9958" lon="16.335923"><ele>311.25</ele></trkpt>
   <trkpt lat="49.995584" lon="16.336097"><ele>312.75</ele></trkpt>
   <trkpt lat="49.995306" lon="16.336284"><ele>312.25</ele></trkpt>
   <trkpt lat="49.995099" lon="16.336398"><ele>311.25</ele></trkpt>
   <trkpt lat="49.99491" lon="16.336484"><ele>310.5</ele></trkpt>
   <trkpt lat="49.994608" lon="16.336587"><ele>312.25</ele></trkpt>
   <trkpt lat="49.994556" lon="16.336602"><ele>312.75</ele></trkpt>
   <trkpt lat="49.994268" lon="16.336657"><ele>313</ele></trkpt>
   <trkpt lat="49.994085" lon="16.336674"><ele>312.75</ele></trkpt>
   <trkpt lat="49.993935" lon="16.336677"><ele>312.75</ele></trkpt>
   <trkpt lat="49.993746" lon="16.336666"><ele>312.75</ele></trkpt>
   <trkpt lat="49.993504" lon="16.336631"><ele>312.75</ele></trkpt>
   <trkpt lat="49.993307" lon="16.336583"><ele>312.5</ele></trkpt>
   <trkpt lat="49.993135" lon="16.336527"><ele>311.75</ele></trkpt>
   <trkpt lat="49.992847" lon="16.336405"><ele>310.25</ele></trkpt>
   <trkpt lat="49.992405" lon="16.336172"><ele>311</ele></trkpt>
   <trkpt lat="49.991417" lon="16.335621"><ele>312.25</ele></trkpt>
   <trkpt lat="49.990538" lon="16.335133"><ele>312.5</ele></trkpt>
   <trkpt lat="49.990037" lon="16.334869"><ele>313</ele></trkpt>
   <trkpt lat="49.989795" lon="16.334762"><ele>314.25</ele></trkpt>
   <trkpt lat="49.989528" lon="16.334665"><ele>315</ele></trkpt>
   <trkpt lat="49.98918" lon="16.334572"><ele>315.75</ele></trkpt>
   <trkpt lat="49.988849" lon="16.334514"><ele>316</ele></trkpt>
   <trkpt lat="49.988509" lon="16.334486"><ele>316</ele></trkpt>
   <trkpt lat="49.988172" lon="16.334489"><ele>315</ele></trkpt>
   <trkpt lat="49.987875" lon="16.334515"><ele>314</ele></trkpt>
   <trkpt lat="49.987585" lon="16.334565"><ele>313.5</ele></trkpt>
   <trkpt lat="49.987252" lon="16.33465"><ele>313.5</ele></trkpt>
   <trkpt lat="49.987192" lon="16.334668"><ele>313.5</ele></trkpt>
   <trkpt lat="49.986916" lon="16.334765"><ele>313.5</ele></trkpt>
   <trkpt lat="49.986671" lon="16.334865"><ele>313.5</ele></trkpt>
   <trkpt lat="49.986005" lon="16.335169"><ele>313.75</ele></trkpt>
   <trkpt lat="49.985762" lon="16.335291"><ele>314.25</ele></trkpt>
   <trkpt lat="49.985448" lon="16.335482"><ele>314.5</ele></trkpt>
   <trkpt lat="49.985213" lon="16.335601"><ele>315</ele></trkpt>
   <trkpt lat="49.98438" lon="16.335975"><ele>314</ele></trkpt>
   <trkpt lat="49.984116" lon="16.336066"><ele>314.75</ele></trkpt>
   <trkpt lat="49.983871" lon="16.336144"><ele>315.25</ele></trkpt>
   <trkpt lat="49.98363" lon="16.336199"><ele>314.25</ele></trkpt>
   <trkpt lat="49.983395" lon="16.33624"><ele>314</ele></trkpt>
   <trkpt lat="49.983141" lon="16.336272"><ele>314</ele></trkpt>
   <trkpt lat="49.982897" lon="16.336289"><ele>314.25</ele></trkpt>
   <trkpt lat="49.982635" lon="16.336294"><ele>314.25</ele></trkpt>
   <trkpt lat="49.982139" lon="16.336263"><ele>314.25</ele></trkpt>
   <trkpt lat="49.981881" lon="16.336222"><ele>314.5</ele></trkpt>
   <trkpt lat="49.981637" lon="16.336168"><ele>315.25</ele></trkpt>
   <trkpt lat="49.981384" lon="16.336097"><ele>315.75</ele></trkpt>
   <trkpt lat="49.981152" lon="16.336017"><ele>314.5</ele></trkpt>
   <trkpt lat="49.980926" lon="16.335926"><ele>315.25</ele></trkpt>
   <trkpt lat="49.980662" lon="16.335802"><ele>316.5</ele></trkpt>
   <trkpt lat="49.98043" lon="16.335677"><ele>315.25</ele></trkpt>
   <trkpt lat="49.979478" lon="16.335109"><ele>315.5</ele></trkpt>
   <trkpt lat="49.979135" lon="16.334941"><ele>316.25</ele></trkpt>
   <trkpt lat="49.978965" lon="16.334878"><ele>315.5</ele></trkpt>
   <trkpt lat="49.978778" lon="16.334822"><ele>315.75</ele></trkpt>
   <trkpt lat="49.978611" lon="16.334787"><ele>316.25</ele></trkpt>
   <trkpt lat="49.978264" lon="16.334746"><ele>316.75</ele></trkpt>
   <trkpt lat="49.978084" lon="16.334746"><ele>316.75</ele></trkpt>
   <trkpt lat="49.97789" lon="16.334761"><ele>317</ele></trkpt>
   <trkpt lat="49.977678" lon="16.334791"><ele>317.25</ele></trkpt>
   <trkpt lat="49.977483" lon="16.33483"><ele>318</ele></trkpt>
   <trkpt lat="49.977089" lon="16.334967"><ele>318</ele></trkpt>
   <trkpt lat="49.976912" lon="16.335051"><ele>318.75</ele></trkpt>
   <trkpt lat="49.976728" lon="16.335153"><ele>318.5</ele></trkpt>
   <trkpt lat="49.976557" lon="16.335257"><ele>317.75</ele></trkpt>
   <trkpt lat="49.976394" lon="16.335376"><ele>318.75</ele></trkpt>
   <trkpt lat="49.976219" lon="16.335514"><ele>318.75</ele></trkpt>
   <trkpt lat="49.975894" lon="16.335824"><ele>319</ele></trkpt>
   <trkpt lat="49.975749" lon="16.335986"><ele>318.75</ele></trkpt>
   <trkpt lat="49.975595" lon="16.336177"><ele>318.25</ele></trkpt>
   <trkpt lat="49.975328" lon="16.336558"><ele>318</ele></trkpt>
   <trkpt lat="49.975067" lon="16.337004"><ele>316.75</ele></trkpt>
   <trkpt lat="49.974862" lon="16.337436"><ele>316</ele></trkpt>
   <trkpt lat="49.974679" lon="16.337903"><ele>316.75</ele></trkpt>
   <trkpt lat="49.974594" lon="16.338169"><ele>315.5</ele></trkpt>
   <trkpt lat="49.974535" lon="16.338362"><ele>316.25</ele></trkpt>
   <trkpt lat="49.974387" lon="16.338972"><ele>316.75</ele></trkpt>
   <trkpt lat="49.9743" lon="16.339492"><ele>315.5</ele></trkpt>
   <trkpt lat="49.974237" lon="16.340054"><ele>316.25</ele></trkpt>
   <trkpt lat="49.974186" lon="16.340729"><ele>317.5</ele></trkpt>
   <trkpt lat="49.974182" lon="16.340772"><ele>317.75</ele></trkpt>
   <trkpt lat="49.974132" lon="16.341456"><ele>317.5</ele></trkpt>
   <trkpt lat="49.973948" lon="16.344122"><ele>317.5</ele></trkpt>
   <trkpt lat="49.973555" lon="16.349869"><ele>317.5</ele></trkpt>
   <trkpt lat="49.973542" lon="16.350062"><ele>316.75</ele></trkpt>
   <trkpt lat="49.973216" lon="16.354833"><ele>317.5</ele></trkpt>
   <trkpt lat="49.972983" lon="16.358254"><ele>319</ele></trkpt>
   <trkpt lat="49.972935" lon="16.358959"><ele>318</ele></trkpt>
   <trkpt lat="49.972808" lon="16.360818"><ele>321.5</ele></trkpt>
   <trkpt lat="49.972722" lon="16.362094"><ele>321.75</ele></trkpt>
   <trkpt lat="49.972614" lon="16.363656"><ele>321</ele></trkpt>
   <trkpt lat="49.97261" lon="16.363718"><ele>321</ele></trkpt>
   <trkpt lat="49.972606" lon="16.363781"><ele>320.75</ele></trkpt>
   <trkpt lat="49.972544" lon="16.364673"><ele>322.5</ele></trkpt>
   <trkpt lat="49.972509" lon="16.36533"><ele>322.75</ele></trkpt>
   <trkpt lat="49.972477" lon="16.366191"><ele>322.5</ele></trkpt>
   <trkpt lat="49.972444" lon="16.366769"><ele>321.5</ele></trkpt>
   <trkpt lat="49.972433" lon="16.366924"><ele>320.5</ele></trkpt>
   <trkpt lat="49.972421" lon="16.367075"><ele>320.75</ele></trkpt>
   <trkpt lat="49.972414" lon="16.367172"><ele>321</ele></trkpt>
   <trkpt lat="49.97241" lon="16.367218"><ele>321.25</ele></trkpt>
   <trkpt lat="49.972365" lon="16.367728"><ele>321.25</ele></trkpt>
   <trkpt lat="49.97226" lon="16.36891"><ele>323.75</ele></trkpt>
   <trkpt lat="49.971886" lon="16.373612"><ele>325</ele></trkpt>
   <trkpt lat="49.971607" lon="16.377111"><ele>325</ele></trkpt>
   <trkpt lat="49.971602" lon="16.377173"><ele>325</ele></trkpt>
   <trkpt lat="49.971584" lon="16.37773"><ele>325.25</ele></trkpt>
   <trkpt lat="49.971575" lon="16.378084"><ele>326</ele></trkpt>
   <trkpt lat="49.971562" lon="16.378283"><ele>326</ele></trkpt>
   <trkpt lat="49.971559" lon="16.37833"><ele>326</ele></trkpt>
   <trkpt lat="49.971466" lon="16.379499"><ele>326</ele></trkpt>
   <trkpt lat="49.971427" lon="16.379995"><ele>326</ele></trkpt>
   <trkpt lat="49.971374" lon="16.380635"><ele>326</ele></trkpt>
   <trkpt lat="49.971347" lon="16.381"><ele>326</ele></trkpt>
   <trkpt lat="49.971285" lon="16.381795"><ele>326</ele></trkpt>
   <trkpt lat="49.97127" lon="16.38227"><ele>325.75</ele></trkpt>
   <trkpt lat="49.971269" lon="16.382534"><ele>325.5</ele></trkpt>
   <trkpt lat="49.971281" lon="16.382932"><ele>325.5</ele></trkpt>
   <trkpt lat="49.971285" lon="16.383018"><ele>325.5</ele></trkpt>
   <trkpt lat="49.971333" lon="16.384038"><ele>325.5</ele></trkpt>
   <trkpt lat="49.971355" lon="16.384557"><ele>325.75</ele></trkpt>
   <trkpt lat="49.971361" lon="16.385211"><ele>325.75</ele></trkpt>
   <trkpt lat="49.97135" lon="16.385672"><ele>325.75</ele></trkpt>
   <trkpt lat="49.971336" lon="16.38597"><ele>326</ele></trkpt>
   <trkpt lat="49.971304" lon="16.386436"><ele>326</ele></trkpt>
   <trkpt lat="49.971226" lon="16.387156"><ele>326</ele></trkpt>
   <trkpt lat="49.971142" lon="16.387718"><ele>326.25</ele></trkpt>
   <trkpt lat="49.971035" lon="16.388277"><ele>326.25</ele></trkpt>
   <trkpt lat="49.970904" lon="16.388841"><ele>326.25</ele></trkpt>
   <trkpt lat="49.970886" lon="16.388913"><ele>326.25</ele></trkpt>
   <trkpt lat="49.970831" lon="16.389124"><ele>326.5</ele></trkpt>
   <trkpt lat="49.970662" lon="16.38969"><ele>324</ele></trkpt>
   <trkpt lat="49.970472" lon="16.39026"><ele>326.75</ele></trkpt>
   <trkpt lat="49.970144" lon="16.391197"><ele>325.5</ele></trkpt>
   <trkpt lat="49.970124" lon="16.391255"><ele>325.5</ele></trkpt>
   <trkpt lat="49.969761" lon="16.392088"><ele>326.75</ele></trkpt>
   <trkpt lat="49.969651" lon="16.392379"><ele>327.5</ele></trkpt>
   <trkpt lat="49.969622" lon="16.392457"><ele>327</ele></trkpt>
   <trkpt lat="49.969263" lon="16.393429"><ele>326</ele></trkpt>
   <trkpt lat="49.969169" lon="16.393684"><ele>327.5</ele></trkpt>
   <trkpt lat="49.968" lon="16.396872"><ele>330</ele></trkpt>
   <trkpt lat="49.967787" lon="16.39745"><ele>329</ele></trkpt>
   <trkpt lat="49.966484" lon="16.400984"><ele>329.25</ele></trkpt>
   <trkpt lat="49.966379" lon="16.401268"><ele>331</ele></trkpt>
   <trkpt lat="49.965927" lon="16.402489"><ele>329.25</ele></trkpt>
   <trkpt lat="49.965832" lon="16.402744"><ele>331.5</ele></trkpt>
   <trkpt lat="49.965788" lon="16.402858"><ele>331</ele></trkpt>
   <trkpt lat="49.965721" lon="16.403045"><ele>330</ele></trkpt>
   <trkpt lat="49.965551" lon="16.403475"><ele>331.75</ele></trkpt>
   <trkpt lat="49.965255" lon="16.404187"><ele>331.75</ele></trkpt>
   <trkpt lat="49.965162" lon="16.404388"><ele>331.25</ele></trkpt>
   <trkpt lat="49.964957" lon="16.404828"><ele>332</ele></trkpt>
   <trkpt lat="49.964637" lon="16.405474"><ele>332.25</ele></trkpt>
   <trkpt lat="49.96432" lon="16.406077"><ele>333.25</ele></trkpt>
   <trkpt lat="49.96397" lon="16.406683"><ele>334</ele></trkpt>
   <trkpt lat="49.963626" lon="16.407219"><ele>334.75</ele></trkpt>
   <trkpt lat="49.963247" lon="16.407788"><ele>334.5</ele></trkpt>
   <trkpt lat="49.96289" lon="16.408288"><ele>335.25</ele></trkpt>
   <trkpt lat="49.962501" lon="16.408786"><ele>336</ele></trkpt>
   <trkpt lat="49.962087" lon="16.409283"><ele>336.25</ele></trkpt>
   <trkpt lat="49.961679" lon="16.409728"><ele>337</ele></trkpt>
   <trkpt lat="49.961249" lon="16.410168"><ele>337.5</ele></trkpt>
   <trkpt lat="49.960858" lon="16.410536"><ele>338</ele></trkpt>
   <trkpt lat="49.960712" lon="16.410662"><ele>338.25</ele></trkpt>
   <trkpt lat="49.960374" lon="16.410954"><ele>339.5</ele></trkpt>
   <trkpt lat="49.959882" lon="16.411334"><ele>339.25</ele></trkpt>
   <trkpt lat="49.95931" lon="16.411732"><ele>340</ele></trkpt>
   <trkpt lat="49.958868" lon="16.412006"><ele>340.75</ele></trkpt>
   <trkpt lat="49.958366" lon="16.412284"><ele>341.5</ele></trkpt>
   <trkpt lat="49.957854" lon="16.412535"><ele>342.25</ele></trkpt>
   <trkpt lat="49.955114" lon="16.413788"><ele>341.5</ele></trkpt>
   <trkpt lat="49.954004" lon="16.414294"><ele>338</ele></trkpt>
   <trkpt lat="49.953656" lon="16.414456"><ele>340.75</ele></trkpt>
   <trkpt lat="49.951915" lon="16.415234"><ele>345.25</ele></trkpt>
   <trkpt lat="49.94838" lon="16.416842"><ele>345.75</ele></trkpt>
   <trkpt lat="49.947864" lon="16.417076"><ele>345</ele></trkpt>
   <trkpt lat="49.946216" lon="16.417822"><ele>343</ele></trkpt>
   <trkpt lat="49.945956" lon="16.417939"><ele>345.25</ele></trkpt>
   <trkpt lat="49.945688" lon="16.41806"><ele>349.25</ele></trkpt>
   <trkpt lat="49.94489" lon="16.418424"><ele>350.5</ele></trkpt>
   <trkpt lat="49.944816" lon="16.418458"><ele>350.5</ele></trkpt>
   <trkpt lat="49.944162" lon="16.418827"><ele>350.25</ele></trkpt>
   <trkpt lat="49.944132" lon="16.418841"><ele>350.25</ele></trkpt>
   <trkpt lat="49.940265" lon="16.42059"><ele>352.25</ele></trkpt>
   <trkpt lat="49.940029" lon="16.420699"><ele>352.5</ele></trkpt>
   <trkpt lat="49.937906" lon="16.421661"><ele>355</ele></trkpt>
   <trkpt lat="49.934691" lon="16.423122"><ele>357.5</ele></trkpt>
   <trkpt lat="49.934534" lon="16.423194"><ele>360</ele></trkpt>
   <trkpt lat="49.933259" lon="16.42377"><ele>359.5</ele></trkpt>
   <trkpt lat="49.933007" lon="16.423884"><ele>358</ele></trkpt>
   <trkpt lat="49.931924" lon="16.424369"><ele>359</ele></trkpt>
   <trkpt lat="49.931299" lon="16.424655"><ele>359.75</ele></trkpt>
   <trkpt lat="49.930839" lon="16.424865"><ele>360.25</ele></trkpt>
   <trkpt lat="49.928324" lon="16.426003"><ele>363.25</ele></trkpt>
   <trkpt lat="49.925745" lon="16.42718"><ele>363.25</ele></trkpt>
   <trkpt lat="49.925183" lon="16.427461"><ele>364</ele></trkpt>
   <trkpt lat="49.924744" lon="16.427708"><ele>365</ele></trkpt>
   <trkpt lat="49.924275" lon="16.428021"><ele>365.25</ele></trkpt>
   <trkpt lat="49.923819" lon="16.428372"><ele>365.75</ele></trkpt>
   <trkpt lat="49.923391" lon="16.428741"><ele>366.75</ele></trkpt>
   <trkpt lat="49.922974" lon="16.429156"><ele>367</ele></trkpt>
   <trkpt lat="49.922574" lon="16.429605"><ele>368.25</ele></trkpt>
   <trkpt lat="49.9222" lon="16.43008"><ele>368</ele></trkpt>
   <trkpt lat="49.921831" lon="16.430605"><ele>369.5</ele></trkpt>
   <trkpt lat="49.921525" lon="16.431099"><ele>369.25</ele></trkpt>
   <trkpt lat="49.921373" lon="16.431357"><ele>368.25</ele></trkpt>
   <trkpt lat="49.921036" lon="16.431977"><ele>369.25</ele></trkpt>
   <trkpt lat="49.920668" lon="16.432761"><ele>369.75</ele></trkpt>
   <trkpt lat="49.920391" lon="16.43328"><ele>370</ele></trkpt>
   <trkpt lat="49.920251" lon="16.433528"><ele>369.75</ele></trkpt>
   <trkpt lat="49.920112" lon="16.433756"><ele>370.25</ele></trkpt>
   <trkpt lat="49.919818" lon="16.43418"><ele>370.75</ele></trkpt>
   <trkpt lat="49.919683" lon="16.434344"><ele>370.5</ele></trkpt>
   <trkpt lat="49.919542" lon="16.4345"><ele>370.25</ele></trkpt>
   <trkpt lat="49.919374" lon="16.434671"><ele>369.5</ele></trkpt>
   <trkpt lat="49.919147" lon="16.434882"><ele>370</ele></trkpt>
   <trkpt lat="49.918782" lon="16.435168"><ele>370</ele></trkpt>
   <trkpt lat="49.918565" lon="16.435297"><ele>369.75</ele></trkpt>
   <trkpt lat="49.918504" lon="16.435332"><ele>369.5</ele></trkpt>
   <trkpt lat="49.918268" lon="16.435455"><ele>369.5</ele></trkpt>
   <trkpt lat="49.918033" lon="16.435558"><ele>370</ele></trkpt>
   <trkpt lat="49.917833" lon="16.435629"><ele>370</ele></trkpt>
   <trkpt lat="49.917628" lon="16.43568"><ele>370</ele></trkpt>
   <trkpt lat="49.917435" lon="16.435712"><ele>369.75</ele></trkpt>
   <trkpt lat="49.917232" lon="16.435735"><ele>369.75</ele></trkpt>
   <trkpt lat="49.917043" lon="16.435743"><ele>370</ele></trkpt>
   <trkpt lat="49.916917" lon="16.435733"><ele>370.25</ele></trkpt>
   <trkpt lat="49.91664" lon="16.435703"><ele>369.75</ele></trkpt>
   <trkpt lat="49.916298" lon="16.435635"><ele>369.5</ele></trkpt>
   <trkpt lat="49.915992" lon="16.435534"><ele>370.5</ele></trkpt>
   <trkpt lat="49.91571" lon="16.435414"><ele>369.25</ele></trkpt>
   <trkpt lat="49.915618" lon="16.435376"><ele>369.5</ele></trkpt>
   <trkpt lat="49.914487" lon="16.434855"><ele>370.75</ele></trkpt>
   <trkpt lat="49.914291" lon="16.434782"><ele>371.25</ele></trkpt>
   <trkpt lat="49.914186" lon="16.434752"><ele>371.25</ele></trkpt>
   <trkpt lat="49.913888" lon="16.434688"><ele>372</ele></trkpt>
   <trkpt lat="49.913662" lon="16.43467"><ele>372</ele></trkpt>
   <trkpt lat="49.913456" lon="16.434667"><ele>372</ele></trkpt>
   <trkpt lat="49.913282" lon="16.434684"><ele>372</ele></trkpt>
   <trkpt lat="49.912931" lon="16.434753"><ele>371.75</ele></trkpt>
   <trkpt lat="49.912811" lon="16.434785"><ele>371.75</ele></trkpt>
   <trkpt lat="49.912617" lon="16.434857"><ele>371</ele></trkpt>
   <trkpt lat="49.912563" lon="16.434879"><ele>370.75</ele></trkpt>
   <trkpt lat="49.91247" lon="16.434923"><ele>371</ele></trkpt>
   <trkpt lat="49.912241" lon="16.435055"><ele>372</ele></trkpt>
   <trkpt lat="49.912101" lon="16.435148"><ele>371.75</ele></trkpt>
   <trkpt lat="49.911806" lon="16.435378"><ele>372.25</ele></trkpt>
   <trkpt lat="49.911496" lon="16.435678"><ele>372.25</ele></trkpt>
   <trkpt lat="49.911151" lon="16.436037"><ele>372</ele></trkpt>
   <trkpt lat="49.910161" lon="16.437073"><ele>371.75</ele></trkpt>
   <trkpt lat="49.909913" lon="16.437308"><ele>371.25</ele></trkpt>
   <trkpt lat="49.9097" lon="16.437484"><ele>371.25</ele></trkpt>
   <trkpt lat="49.909521" lon="16.437606"><ele>371.75</ele></trkpt>
   <trkpt lat="49.909312" lon="16.437723"><ele>371.75</ele></trkpt>
   <trkpt lat="49.908834" lon="16.437953"><ele>372.75</ele></trkpt>
   <trkpt lat="49.908488" lon="16.438105"><ele>375.25</ele></trkpt>
   <trkpt lat="49.908001" lon="16.438321"><ele>376.5</ele></trkpt>
   <trkpt lat="49.906666" lon="16.438906"><ele>376</ele></trkpt>
   <trkpt lat="49.906367" lon="16.439023"><ele>378.5</ele></trkpt>
   <trkpt lat="49.906147" lon="16.439098"><ele>377.5</ele></trkpt>
   <trkpt lat="49.905915" lon="16.439149"><ele>376.5</ele></trkpt>
   <trkpt lat="49.905675" lon="16.439168"><ele>376</ele></trkpt>
   <trkpt lat="49.905471" lon="16.439149"><ele>376.5</ele></trkpt>
   <trkpt lat="49.905223" lon="16.439112"><ele>378</ele></trkpt>
   <trkpt lat="49.904842" lon="16.438982"><ele>380.5</ele></trkpt>
   <trkpt lat="49.904018" lon="16.438561"><ele>380.5</ele></trkpt>
   <trkpt lat="49.903693" lon="16.438386"><ele>380.75</ele></trkpt>
   <trkpt lat="49.903399" lon="16.438265"><ele>381</ele></trkpt>
   <trkpt lat="49.903143" lon="16.438194"><ele>381.25</ele></trkpt>
   <trkpt lat="49.902863" lon="16.438145"><ele>381.75</ele></trkpt>
   <trkpt lat="49.902446" lon="16.438142"><ele>380.75</ele></trkpt>
   <trkpt lat="49.902132" lon="16.4382"><ele>380</ele></trkpt>
   <trkpt lat="49.901942" lon="16.438254"><ele>383.25</ele></trkpt>
   <trkpt lat="49.901691" lon="16.438345"><ele>382.75</ele></trkpt>
   <trkpt lat="49.901231" lon="16.43853"><ele>383</ele></trkpt>
   <trkpt lat="49.900857" lon="16.438675"><ele>382.75</ele></trkpt>
   <trkpt lat="49.900522" lon="16.438815"><ele>383</ele></trkpt>
   <trkpt lat="49.900469" lon="16.43884"><ele>383</ele></trkpt>
   <trkpt lat="49.900242" lon="16.43896"><ele>383</ele></trkpt>
   <trkpt lat="49.900128" lon="16.439037"><ele>383.25</ele></trkpt>
   <trkpt lat="49.899929" lon="16.439208"><ele>383</ele></trkpt>
   <trkpt lat="49.899662" lon="16.439507"><ele>382.5</ele></trkpt>
   <trkpt lat="49.899557" lon="16.439621"><ele>382.5</ele></trkpt>
   <trkpt lat="49.899385" lon="16.439829"><ele>383.5</ele></trkpt>
   <trkpt lat="49.899161" lon="16.440139"><ele>384</ele></trkpt>
   <trkpt lat="49.899017" lon="16.440403"><ele>384</ele></trkpt>
   <trkpt lat="49.898777" lon="16.440837"><ele>384</ele></trkpt>
   <trkpt lat="49.898649" lon="16.441106"><ele>384</ele></trkpt>
   <trkpt lat="49.898375" lon="16.441789"><ele>384</ele></trkpt>
   <trkpt lat="49.898157" lon="16.442369"><ele>384</ele></trkpt>
   <trkpt lat="49.895607" lon="16.449876"><ele>386</ele></trkpt>
   <trkpt lat="49.895458" lon="16.450294"><ele>386</ele></trkpt>
   <trkpt lat="49.895299" lon="16.450689"><ele>386</ele></trkpt>
   <trkpt lat="49.895211" lon="16.450882"><ele>386</ele></trkpt>
   <trkpt lat="49.895124" lon="16.451075"><ele>386.25</ele></trkpt>
   <trkpt lat="49.894907" lon="16.451462"><ele>386.75</ele></trkpt>
   <trkpt lat="49.894674" lon="16.451954"><ele>387</ele></trkpt>
   <trkpt lat="49.894416" lon="16.452388"><ele>387</ele></trkpt>
   <trkpt lat="49.894269" lon="16.452698"><ele>387</ele></trkpt>
   <trkpt lat="49.89416" lon="16.452933"><ele>387</ele></trkpt>
   <trkpt lat="49.894052" lon="16.453158"><ele>387</ele></trkpt>
   <trkpt lat="49.893954" lon="16.453366"><ele>387</ele></trkpt>
   <trkpt lat="49.893918" lon="16.453441"><ele>387</ele></trkpt>
   <trkpt lat="49.893889" lon="16.453505"><ele>387</ele></trkpt>
   <trkpt lat="49.893715" lon="16.453869"><ele>387</ele></trkpt>
   <trkpt lat="49.89332" lon="16.454736"><ele>388</ele></trkpt>
   <trkpt lat="49.893112" lon="16.455157"><ele>388.25</ele></trkpt>
   <trkpt lat="49.893051" lon="16.455291"><ele>389</ele></trkpt>
   <trkpt lat="49.892872" lon="16.455628"><ele>389.75</ele></trkpt>
   <trkpt lat="49.892675" lon="16.455933"><ele>389</ele></trkpt>
   <trkpt lat="49.89246" lon="16.456225"><ele>389.5</ele></trkpt>
   <trkpt lat="49.892221" lon="16.45649"><ele>390.5</ele></trkpt>
   <trkpt lat="49.892014" lon="16.456703"><ele>390.5</ele></trkpt>
   <trkpt lat="49.891735" lon="16.456929"><ele>390.5</ele></trkpt>
   <trkpt lat="49.891546" lon="16.457071"><ele>390.25</ele></trkpt>
   <trkpt lat="49.891354" lon="16.457199"><ele>390.5</ele></trkpt>
   <trkpt lat="49.891106" lon="16.457327"><ele>390.25</ele></trkpt>
   <trkpt lat="49.890775" lon="16.457486"><ele>391.5</ele></trkpt>
   <trkpt lat="49.890578" lon="16.457615"><ele>391.25</ele></trkpt>
   <trkpt lat="49.890403" lon="16.457726"><ele>391.5</ele></trkpt>
   <trkpt lat="49.889753" lon="16.458028"><ele>392.75</ele></trkpt>
   <trkpt lat="49.889523" lon="16.458138"><ele>393</ele></trkpt>
   <trkpt lat="49.889161" lon="16.458302"><ele>394</ele></trkpt>
   <trkpt lat="49.888822" lon="16.458523"><ele>394</ele></trkpt>
   <trkpt lat="49.888663" lon="16.458625"><ele>394</ele></trkpt>
   <trkpt lat="49.888146" lon="16.459049"><ele>394</ele></trkpt>
   <trkpt lat="49.887786" lon="16.459386"><ele>393.75</ele></trkpt>
   <trkpt lat="49.882069" lon="16.46458"><ele>395.25</ele></trkpt>
   <trkpt lat="49.881718" lon="16.464872"><ele>396</ele></trkpt>
   <trkpt lat="49.881397" lon="16.465117"><ele>395.75</ele></trkpt>
   <trkpt lat="49.881146" lon="16.465327"><ele>396</ele></trkpt>
   <trkpt lat="49.880976" lon="16.46549"><ele>396</ele></trkpt>
   <trkpt lat="49.880417" lon="16.465922"><ele>396.25</ele></trkpt>
   <trkpt lat="49.880213" lon="16.466046"><ele>397</ele></trkpt>
   <trkpt lat="49.879817" lon="16.466321"><ele>398</ele></trkpt>
   <trkpt lat="49.879363" lon="16.466739"><ele>398.75</ele></trkpt>
   <trkpt lat="49.879057" lon="16.467061"><ele>399.25</ele></trkpt>
   <trkpt lat="49.878497" lon="16.467571"><ele>398.75</ele></trkpt>
   <trkpt lat="49.878101" lon="16.46793"><ele>399</ele></trkpt>
   <trkpt lat="49.877901" lon="16.468113"><ele>399.5</ele></trkpt>
   <trkpt lat="49.877774" lon="16.468252"><ele>400</ele></trkpt>
   <trkpt lat="49.87702" lon="16.468955"><ele>400</ele></trkpt>
   <trkpt lat="49.876361" lon="16.469547"><ele>400</ele></trkpt>
   <trkpt lat="49.870886" lon="16.474518"><ele>401</ele></trkpt>
   <trkpt lat="49.870518" lon="16.474862"><ele>401</ele></trkpt>
   <trkpt lat="49.870111" lon="16.475223"><ele>401</ele></trkpt>
   <trkpt lat="49.86968" lon="16.475537"><ele>401</ele></trkpt>
   <trkpt lat="49.869244" lon="16.475939"><ele>401.25</ele></trkpt>
   <trkpt lat="49.868838" lon="16.476383"><ele>401</ele></trkpt>
   <trkpt lat="49.86858" lon="16.476669"><ele>401</ele></trkpt>
   <trkpt lat="49.868345" lon="16.47691"><ele>401</ele></trkpt>
   <trkpt lat="49.86718" lon="16.477973"><ele>405</ele></trkpt>
   <trkpt lat="49.866763" lon="16.478348"><ele>408.75</ele></trkpt>
   <trkpt lat="49.866318" lon="16.478757"><ele>407.5</ele></trkpt>
   <trkpt lat="49.866091" lon="16.478948"><ele>406.25</ele></trkpt>
   <trkpt lat="49.865873" lon="16.479112"><ele>406.25</ele></trkpt>
   <trkpt lat="49.865611" lon="16.47926"><ele>408</ele></trkpt>
   <trkpt lat="49.864998" lon="16.479579"><ele>409</ele></trkpt>
   <trkpt lat="49.864787" lon="16.47971"><ele>408</ele></trkpt>
   <trkpt lat="49.864546" lon="16.479879"><ele>409.5</ele></trkpt>
   <trkpt lat="49.864188" lon="16.480169"><ele>409.5</ele></trkpt>
   <trkpt lat="49.864051" lon="16.480302"><ele>409.75</ele></trkpt>
   <trkpt lat="49.863802" lon="16.480577"><ele>410.25</ele></trkpt>
   <trkpt lat="49.863451" lon="16.480999"><ele>411</ele></trkpt>
   <trkpt lat="49.86312" lon="16.481439"><ele>412.5</ele></trkpt>
   <trkpt lat="49.862808" lon="16.481909"><ele>412.25</ele></trkpt>
   <trkpt lat="49.862548" lon="16.482352"><ele>413.5</ele></trkpt>
   <trkpt lat="49.862288" lon="16.482828"><ele>413.75</ele></trkpt>
   <trkpt lat="49.862095" lon="16.483222"><ele>413.75</ele></trkpt>
   <trkpt lat="49.861829" lon="16.483814"><ele>414.5</ele></trkpt>
   <trkpt lat="49.861623" lon="16.484334"><ele>415</ele></trkpt>
   <trkpt lat="49.861478" lon="16.484737"><ele>416.25</ele></trkpt>
   <trkpt lat="49.861353" lon="16.485125"><ele>416.25</ele></trkpt>
   <trkpt lat="49.861236" lon="16.485525"><ele>417.25</ele></trkpt>
   <trkpt lat="49.861086" lon="16.486077"><ele>416.75</ele></trkpt>
   <trkpt lat="49.861055" lon="16.486201"><ele>417.25</ele></trkpt>
   <trkpt lat="49.861041" lon="16.486254"><ele>417.25</ele></trkpt>
   <trkpt lat="49.860402" lon="16.488834"><ele>420.5</ele></trkpt>
   <trkpt lat="49.860393" lon="16.48887"><ele>420.25</ele></trkpt>
   <trkpt lat="49.859786" lon="16.491347"><ele>420</ele></trkpt>
   <trkpt lat="49.85867" lon="16.495853"><ele>421.25</ele></trkpt>
   <trkpt lat="49.858498" lon="16.496704"><ele>421.5</ele></trkpt>
   <trkpt lat="49.858313" lon="16.497479"><ele>421.75</ele></trkpt>
   <trkpt lat="49.858117" lon="16.498271"><ele>422.25</ele></trkpt>
   <trkpt lat="49.858015" lon="16.498649"><ele>421</ele></trkpt>
   <trkpt lat="49.857891" lon="16.499047"><ele>422.25</ele></trkpt>
   <trkpt lat="49.857726" lon="16.499547"><ele>421.25</ele></trkpt>
   <trkpt lat="49.857578" lon="16.500072"><ele>421.25</ele></trkpt>
   <trkpt lat="49.857565" lon="16.500127"><ele>421.25</ele></trkpt>
   <trkpt lat="49.857475" lon="16.500498"><ele>418.75</ele></trkpt>
   <trkpt lat="49.857403" lon="16.500803"><ele>415.75</ele></trkpt>
   <trkpt lat="49.857217" lon="16.501622"><ele>421.75</ele></trkpt>
   <trkpt lat="49.857209" lon="16.501663"><ele>421.5</ele></trkpt>
   <trkpt lat="49.857108" lon="16.502124"><ele>415</ele></trkpt>
   <trkpt lat="49.857024" lon="16.502486"><ele>416.75</ele></trkpt>
   <trkpt lat="49.856935" lon="16.502937"><ele>422</ele></trkpt>
   <trkpt lat="49.856917" lon="16.503049"><ele>422.25</ele></trkpt>
   <trkpt lat="49.856845" lon="16.503696"><ele>420.75</ele></trkpt>
   <trkpt lat="49.856792" lon="16.504374"><ele>419.75</ele></trkpt>
   <trkpt lat="49.856786" lon="16.504433"><ele>419.75</ele></trkpt>
   <trkpt lat="49.856709" lon="16.505243"><ele>422.75</ele></trkpt>
   <trkpt lat="49.856682" lon="16.505682"><ele>423.75</ele></trkpt>
   <trkpt lat="49.856655" lon="16.506469"><ele>424.25</ele></trkpt>
   <trkpt lat="49.856663" lon="16.507226"><ele>425</ele></trkpt>
   <trkpt lat="49.856671" lon="16.507608"><ele>425</ele></trkpt>
   <trkpt lat="49.85669" lon="16.508003"><ele>425.25</ele></trkpt>
   <trkpt lat="49.856751" lon="16.508823"><ele>426.5</ele></trkpt>
   <trkpt lat="49.856822" lon="16.509475"><ele>426.25</ele></trkpt>
   <trkpt lat="49.856938" lon="16.510246"><ele>425</ele></trkpt>
   <trkpt lat="49.856962" lon="16.5104"><ele>425</ele></trkpt>
   <trkpt lat="49.857049" lon="16.510873"><ele>424.75</ele></trkpt>
   <trkpt lat="49.857217" lon="16.511605"><ele>425.5</ele></trkpt>
   <trkpt lat="49.857405" lon="16.512303"><ele>427</ele></trkpt>
   <trkpt lat="49.857616" lon="16.51299"><ele>428.25</ele></trkpt>
   <trkpt lat="49.857857" lon="16.513655"><ele>428.5</ele></trkpt>
   <trkpt lat="49.858143" lon="16.514358"><ele>429.5</ele></trkpt>
   <trkpt lat="49.8584" lon="16.514922"><ele>431.5</ele></trkpt>
   <trkpt lat="49.858642" lon="16.515392"><ele>430.25</ele></trkpt>
   <trkpt lat="49.858862" lon="16.515788"><ele>431</ele></trkpt>
   <trkpt lat="49.859092" lon="16.516178"><ele>435.5</ele></trkpt>
   <trkpt lat="49.859171" lon="16.516293"><ele>436</ele></trkpt>
   <trkpt lat="49.859792" lon="16.517184"><ele>437.75</ele></trkpt>
   <trkpt lat="49.860159" lon="16.517636"><ele>433</ele></trkpt>
   <trkpt lat="49.860377" lon="16.517882"><ele>431.5</ele></trkpt>
   <trkpt lat="49.860607" lon="16.518126"><ele>429</ele></trkpt>
   <trkpt lat="49.861064" lon="16.518553"><ele>428.25</ele></trkpt>
   <trkpt lat="49.861309" lon="16.518758"><ele>428.5</ele></trkpt>
   <trkpt lat="49.861675" lon="16.519043"><ele>430.75</ele></trkpt>
   <trkpt lat="49.862083" lon="16.519318"><ele>430.25</ele></trkpt>
   <trkpt lat="49.862515" lon="16.519568"><ele>431.25</ele></trkpt>
   <trkpt lat="49.863655" lon="16.520142"><ele>427.5</ele></trkpt>
   <trkpt lat="49.864347" lon="16.520487"><ele>425.25</ele></trkpt>
   <trkpt lat="49.868645" lon="16.522586"><ele>418.25</ele></trkpt>
   <trkpt lat="49.868772" lon="16.522645"><ele>418</ele></trkpt>
   <trkpt lat="49.869486" lon="16.523032"><ele>417.75</ele></trkpt>
   <trkpt lat="49.869726" lon="16.523186"><ele>417</ele></trkpt>
   <trkpt lat="49.86981" lon="16.523238"><ele>417</ele></trkpt>
   <trkpt lat="49.86994" lon="16.523322"><ele>417</ele></trkpt>
   <trkpt lat="49.870335" lon="16.523617"><ele>417.75</ele></trkpt>
   <trkpt lat="49.870748" lon="16.523966"><ele>417.5</ele></trkpt>
   <trkpt lat="49.871141" lon="16.524338"><ele>416.5</ele></trkpt>
   <trkpt lat="49.871548" lon="16.524749"><ele>416.5</ele></trkpt>
   <trkpt lat="49.872327" lon="16.525574"><ele>414.5</ele></trkpt>
   <trkpt lat="49.872338" lon="16.525586"><ele>414.5</ele></trkpt>
   <trkpt lat="49.87254" lon="16.525799"><ele>414.5</ele></trkpt>
   <trkpt lat="49.872675" lon="16.525941"><ele>413.5</ele></trkpt>
   <trkpt lat="49.874106" lon="16.527453"><ele>411.75</ele></trkpt>
   <trkpt lat="49.875888" lon="16.529326"><ele>408.5</ele></trkpt>
   <trkpt lat="49.876765" lon="16.530258"><ele>407.5</ele></trkpt>
   <trkpt lat="49.877188" lon="16.530714"><ele>407</ele></trkpt>
   <trkpt lat="49.877558" lon="16.531133"><ele>407</ele></trkpt>
   <trkpt lat="49.877913" lon="16.531561"><ele>405.5</ele></trkpt>
   <trkpt lat="49.878265" lon="16.532001"><ele>405.75</ele></trkpt>
   <trkpt lat="49.880222" lon="16.534475"><ele>404</ele></trkpt>
   <trkpt lat="49.880375" lon="16.534664"><ele>403.25</ele></trkpt>
   <trkpt lat="49.880918" lon="16.535329"><ele>403.25</ele></trkpt>
   <trkpt lat="49.881261" lon="16.535731"><ele>402</ele></trkpt>
   <trkpt lat="49.881337" lon="16.535811"><ele>402</ele></trkpt>
   <trkpt lat="49.881345" lon="16.53582"><ele>402</ele></trkpt>
   <trkpt lat="49.881609" lon="16.536099"><ele>401</ele></trkpt>
   <trkpt lat="49.882002" lon="16.536497"><ele>401</ele></trkpt>
   <trkpt lat="49.882419" lon="16.536882"><ele>400.25</ele></trkpt>
   <trkpt lat="49.883123" lon="16.537488"><ele>399.25</ele></trkpt>
   <trkpt lat="49.883213" lon="16.537566"><ele>397.75</ele></trkpt>
   <trkpt lat="49.888848" lon="16.54238"><ele>394</ele></trkpt>
   <trkpt lat="49.889304" lon="16.542778"><ele>392.75</ele></trkpt>
   <trkpt lat="49.889725" lon="16.543166"><ele>392.25</ele></trkpt>
   <trkpt lat="49.889887" lon="16.543333"><ele>393</ele></trkpt>
   <trkpt lat="49.890196" lon="16.543649"><ele>391.75</ele></trkpt>
   <trkpt lat="49.890562" lon="16.544041"><ele>391.5</ele></trkpt>
   <trkpt lat="49.890955" lon="16.544525"><ele>390.75</ele></trkpt>
   <trkpt lat="49.891336" lon="16.545031"><ele>390.75</ele></trkpt>
   <trkpt lat="49.891689" lon="16.545538"><ele>391</ele></trkpt>
   <trkpt lat="49.892059" lon="16.546108"><ele>390</ele></trkpt>
   <trkpt lat="49.892421" lon="16.546721"><ele>389.25</ele></trkpt>
   <trkpt lat="49.89282" lon="16.547463"><ele>388</ele></trkpt>
   <trkpt lat="49.892948" lon="16.547713"><ele>386.25</ele></trkpt>
   <trkpt lat="49.89332" lon="16.548511"><ele>388</ele></trkpt>
   <trkpt lat="49.893576" lon="16.549109"><ele>387.25</ele></trkpt>
   <trkpt lat="49.894066" lon="16.550578"><ele>387</ele></trkpt>
   <trkpt lat="49.894109" lon="16.550726"><ele>387</ele></trkpt>
   <trkpt lat="49.8943" lon="16.551369"><ele>386.5</ele></trkpt>
   <trkpt lat="49.894494" lon="16.552078"><ele>386.5</ele></trkpt>
   <trkpt lat="49.894788" lon="16.553545"><ele>383.5</ele></trkpt>
   <trkpt lat="49.894912" lon="16.554333"><ele>382</ele></trkpt>
   <trkpt lat="49.89499" lon="16.555017"><ele>384.75</ele></trkpt>
   <trkpt lat="49.895061" lon="16.555741"><ele>384.25</ele></trkpt>
   <trkpt lat="49.895122" lon="16.556645"><ele>385.5</ele></trkpt>
   <trkpt lat="49.895152" lon="16.557477"><ele>384.25</ele></trkpt>
   <trkpt lat="49.895156" lon="16.557865"><ele>382.75</ele></trkpt>
   <trkpt lat="49.89515" lon="16.558644"><ele>384.25</ele></trkpt>
   <trkpt lat="49.89513" lon="16.559196"><ele>384.5</ele></trkpt>
   <trkpt lat="49.895083" lon="16.560036"><ele>385.75</ele></trkpt>
   <trkpt lat="49.895026" lon="16.560703"><ele>383.75</ele></trkpt>
   <trkpt lat="49.894931" lon="16.561482"><ele>385</ele></trkpt>
   <trkpt lat="49.894821" lon="16.562253"><ele>384.25</ele></trkpt>
   <trkpt lat="49.894672" lon="16.563262"><ele>383.25</ele></trkpt>
   <trkpt lat="49.894646" lon="16.56344"><ele>383.5</ele></trkpt>
   <trkpt lat="49.894451" lon="16.56447"><ele>381.75</ele></trkpt>
   <trkpt lat="49.894433" lon="16.564583"><ele>381.5</ele></trkpt>
   <trkpt lat="49.894376" lon="16.564996"><ele>380.5</ele></trkpt>
   <trkpt lat="49.894336" lon="16.565266"><ele>378.25</ele></trkpt>
   <trkpt lat="49.894263" lon="16.565746"><ele>378.25</ele></trkpt>
   <trkpt lat="49.894139" lon="16.566396"><ele>380</ele></trkpt>
   <trkpt lat="49.894059" lon="16.566831"><ele>380</ele></trkpt>
   <trkpt lat="49.893988" lon="16.567294"><ele>380</ele></trkpt>
   <trkpt lat="49.893879" lon="16.56793"><ele>380</ele></trkpt>
   <trkpt lat="49.893728" lon="16.568653"><ele>380</ele></trkpt>
   <trkpt lat="49.893576" lon="16.569246"><ele>378.5</ele></trkpt>
   <trkpt lat="49.893474" lon="16.569595"><ele>377</ele></trkpt>
   <trkpt lat="49.893225" lon="16.570343"><ele>379.25</ele></trkpt>
   <trkpt lat="49.893108" lon="16.570652"><ele>379</ele></trkpt>
   <trkpt lat="49.89283" lon="16.571282"><ele>378.5</ele></trkpt>
   <trkpt lat="49.892551" lon="16.571967"><ele>378.5</ele></trkpt>
   <trkpt lat="49.891987" lon="16.573396"><ele>377.75</ele></trkpt>
   <trkpt lat="49.891806" lon="16.573939"><ele>377</ele></trkpt>
   <trkpt lat="49.891657" lon="16.574349"><ele>374.5</ele></trkpt>
   <trkpt lat="49.891597" lon="16.574503"><ele>374.5</ele></trkpt>
   <trkpt lat="49.891206" lon="16.57546"><ele>373.5</ele></trkpt>
   <trkpt lat="49.890596" lon="16.576923"><ele>374.75</ele></trkpt>
   <trkpt lat="49.89045" lon="16.577313"><ele>374.5</ele></trkpt>
   <trkpt lat="49.89039" lon="16.577497"><ele>374.5</ele></trkpt>
   <trkpt lat="49.890251" lon="16.577851"><ele>374</ele></trkpt>
   <trkpt lat="49.890211" lon="16.577952"><ele>374</ele></trkpt>
   <trkpt lat="49.890081" lon="16.578304"><ele>374.25</ele></trkpt>
   <trkpt lat="49.890013" lon="16.578507"><ele>374.25</ele></trkpt>
   <trkpt lat="49.889869" lon="16.578885"><ele>373.25</ele></trkpt>
   <trkpt lat="49.889829" lon="16.578982"><ele>373.25</ele></trkpt>
   <trkpt lat="49.889332" lon="16.580152"><ele>371.25</ele></trkpt>
   <trkpt lat="49.88783" lon="16.583659"><ele>370.75</ele></trkpt>
   <trkpt lat="49.887581" lon="16.584243"><ele>370</ele></trkpt>
   <trkpt lat="49.885619" lon="16.588808"><ele>365.5</ele></trkpt>
   <trkpt lat="49.885525" lon="16.589027"><ele>366</ele></trkpt>
   <trkpt lat="49.884495" lon="16.591428"><ele>365.75</ele></trkpt>
   <trkpt lat="49.884089" lon="16.592413"><ele>365</ele></trkpt>
   <trkpt lat="49.883844" lon="16.593049"><ele>364.75</ele></trkpt>
   <trkpt lat="49.883329" lon="16.594519"><ele>364</ele></trkpt>
   <trkpt lat="49.882629" lon="16.596685"><ele>362</ele></trkpt>
   <trkpt lat="49.882626" lon="16.596694"><ele>362</ele></trkpt>
   <trkpt lat="49.881898" lon="16.598945"><ele>361.25</ele></trkpt>
   <trkpt lat="49.880659" lon="16.602823"><ele>356.5</ele></trkpt>
   <trkpt lat="49.88057" lon="16.603098"><ele>358</ele></trkpt>
   <trkpt lat="49.880316" lon="16.603903"><ele>359.25</ele></trkpt>
   <trkpt lat="49.879289" lon="16.607117"><ele>352.5</ele></trkpt>
   <trkpt lat="49.879237" lon="16.60728"><ele>353.5</ele></trkpt>
   <trkpt lat="49.878246" lon="16.610384"><ele>351.25</ele></trkpt>
   <trkpt lat="49.877148" lon="16.613796"><ele>350.5</ele></trkpt>
   <trkpt lat="49.877145" lon="16.613805"><ele>350.5</ele></trkpt>
   <trkpt lat="49.875096" lon="16.620205"><ele>349.75</ele></trkpt>
   <trkpt lat="49.874947" lon="16.620669"><ele>350</ele></trkpt>
   <trkpt lat="49.874871" lon="16.620903"><ele>347.75</ele></trkpt>
   <trkpt lat="49.873977" lon="16.623679"><ele>350.5</ele></trkpt>
   <trkpt lat="49.873897" lon="16.623925"><ele>352.75</ele></trkpt>
   <trkpt lat="49.873641" lon="16.624719"><ele>352.75</ele></trkpt>
   <trkpt lat="49.87315" lon="16.626226"><ele>352.25</ele></trkpt>
   <trkpt lat="49.872898" lon="16.626961"><ele>352</ele></trkpt>
   <trkpt lat="49.872652" lon="16.627634"><ele>352.75</ele></trkpt>
   <trkpt lat="49.872371" lon="16.628344"><ele>352.5</ele></trkpt>
   <trkpt lat="49.872046" lon="16.629111"><ele>352.75</ele></trkpt>
   <trkpt lat="49.87184" lon="16.629579"><ele>352.75</ele></trkpt>
   <trkpt lat="49.871837" lon="16.629588"><ele>352.75</ele></trkpt>
   <trkpt lat="49.868233" lon="16.637622"><ele>349</ele></trkpt>
   <trkpt lat="49.868178" lon="16.637746"><ele>348.75</ele></trkpt>
   <trkpt lat="49.865391" lon="16.643953"><ele>345</ele></trkpt>
   <trkpt lat="49.865294" lon="16.644168"><ele>344.75</ele></trkpt>
   <trkpt lat="49.865105" lon="16.64459"><ele>344</ele></trkpt>
   <trkpt lat="49.864989" lon="16.64485"><ele>344.75</ele></trkpt>
   <trkpt lat="49.864188" lon="16.646631"><ele>346.5</ele></trkpt>
   <trkpt lat="49.864185" lon="16.64664"><ele>346.5</ele></trkpt>
   <trkpt lat="49.861596" lon="16.652392"><ele>343.5</ele></trkpt>
   <trkpt lat="49.861442" lon="16.652733"><ele>343</ele></trkpt>
   <trkpt lat="49.860476" lon="16.65491"><ele>344.5</ele></trkpt>
   <trkpt lat="49.859345" lon="16.65742"><ele>342</ele></trkpt>
   <trkpt lat="49.859262" lon="16.657605"><ele>341.75</ele></trkpt>
   <trkpt lat="49.858114" lon="16.660171"><ele>342</ele></trkpt>
   <trkpt lat="49.85699" lon="16.662681"><ele>340.75</ele></trkpt>
   <trkpt lat="49.856888" lon="16.662908"><ele>340.5</ele></trkpt>
   <trkpt lat="49.854585" lon="16.668025"><ele>340.75</ele></trkpt>
   <trkpt lat="49.853803" lon="16.669766"><ele>340</ele></trkpt>
   <trkpt lat="49.853739" lon="16.669908"><ele>340</ele></trkpt>
   <trkpt lat="49.852225" lon="16.673277"><ele>338.75</ele></trkpt>
   <trkpt lat="49.851855" lon="16.6741"><ele>337</ele></trkpt>
   <trkpt lat="49.851617" lon="16.674652"><ele>337.25</ele></trkpt>
   <trkpt lat="49.851352" lon="16.675302"><ele>337.25</ele></trkpt>
   <trkpt lat="49.851076" lon="16.676017"><ele>337.5</ele></trkpt>
   <trkpt lat="49.850848" lon="16.67665"><ele>337.75</ele></trkpt>
   <trkpt lat="49.850641" lon="16.677257"><ele>337.25</ele></trkpt>
   <trkpt lat="49.850348" lon="16.678183"><ele>337.25</ele></trkpt>
   <trkpt lat="49.850316" lon="16.678291"><ele>337.5</ele></trkpt>
   <trkpt lat="49.850137" lon="16.678907"><ele>336.5</ele></trkpt>
   <trkpt lat="49.84999" lon="16.679448"><ele>336.75</ele></trkpt>
   <trkpt lat="49.849933" lon="16.679673"><ele>336.5</ele></trkpt>
   <trkpt lat="49.849913" lon="16.679758"><ele>336.5</ele></trkpt>
   <trkpt lat="49.849749" lon="16.680586"><ele>337</ele></trkpt>
   <trkpt lat="49.849579" lon="16.681374"><ele>337.25</ele></trkpt>
   <trkpt lat="49.849386" lon="16.682344"><ele>337.5</ele></trkpt>
   <trkpt lat="49.849252" lon="16.683101"><ele>339.25</ele></trkpt>
   <trkpt lat="49.849131" lon="16.683918"><ele>336</ele></trkpt>
   <trkpt lat="49.849037" lon="16.684743"><ele>338.5</ele></trkpt>
   <trkpt lat="49.848968" lon="16.685572"><ele>338.75</ele></trkpt>
   <trkpt lat="49.848925" lon="16.686387"><ele>337</ele></trkpt>
   <trkpt lat="49.848912" lon="16.687133"><ele>336.25</ele></trkpt>
   <trkpt lat="49.848915" lon="16.687906"><ele>336.25</ele></trkpt>
   <trkpt lat="49.84894" lon="16.688562"><ele>336.5</ele></trkpt>
   <trkpt lat="49.848981" lon="16.689234"><ele>336.5</ele></trkpt>
   <trkpt lat="49.849044" lon="16.68995"><ele>335.5</ele></trkpt>
   <trkpt lat="49.849136" lon="16.69075"><ele>335</ele></trkpt>
   <trkpt lat="49.849211" lon="16.691276"><ele>335.25</ele></trkpt>
   <trkpt lat="49.849325" lon="16.692394"><ele>335</ele></trkpt>
   <trkpt lat="49.849336" lon="16.692468"><ele>335</ele></trkpt>
   <trkpt lat="49.849368" lon="16.692687"><ele>335.25</ele></trkpt>
   <trkpt lat="49.849477" lon="16.693415"><ele>335.5</ele></trkpt>
   <trkpt lat="49.849573" lon="16.694036"><ele>334</ele></trkpt>
   <trkpt lat="49.849629" lon="16.694352"><ele>333.5</ele></trkpt>
   <trkpt lat="49.84964" lon="16.694413"><ele>333.5</ele></trkpt>
   <trkpt lat="49.849669" lon="16.694572"><ele>333.5</ele></trkpt>
   <trkpt lat="49.849683" lon="16.694649"><ele>333.5</ele></trkpt>
   <trkpt lat="49.849768" lon="16.695094"><ele>335.25</ele></trkpt>
   <trkpt lat="49.849953" lon="16.69596"><ele>335.75</ele></trkpt>
   <trkpt lat="49.850097" lon="16.696563"><ele>335</ele></trkpt>
   <trkpt lat="49.850229" lon="16.697075"><ele>334.5</ele></trkpt>
   <trkpt lat="49.850341" lon="16.697452"><ele>334.25</ele></trkpt>
   <trkpt lat="49.850591" lon="16.698192"><ele>333.5</ele></trkpt>
   <trkpt lat="49.850731" lon="16.698568"><ele>333.25</ele></trkpt>
   <trkpt lat="49.850951" lon="16.699098"><ele>333.25</ele></trkpt>
   <trkpt lat="49.851055" lon="16.699332"><ele>334.75</ele></trkpt>
   <trkpt lat="49.85115" lon="16.699544"><ele>334.5</ele></trkpt>
   <trkpt lat="49.852041" lon="16.701151"><ele>333.75</ele></trkpt>
   <trkpt lat="49.852542" lon="16.701854"><ele>333.25</ele></trkpt>
   <trkpt lat="49.853097" lon="16.702484"><ele>333</ele></trkpt>
   <trkpt lat="49.855631" lon="16.704355"><ele>331.25</ele></trkpt>
   <trkpt lat="49.856585" lon="16.705196"><ele>330.5</ele></trkpt>
   <trkpt lat="49.857161" lon="16.705869"><ele>330</ele></trkpt>
   <trkpt lat="49.857721" lon="16.706645"><ele>329.75</ele></trkpt>
   <trkpt lat="49.858755" lon="16.708751"><ele>328.5</ele></trkpt>
   <trkpt lat="49.85887" lon="16.709001"><ele>329</ele></trkpt>
   <trkpt lat="49.859043" lon="16.709378"><ele>330</ele></trkpt>
   <trkpt lat="49.859233" lon="16.709846"><ele>331</ele></trkpt>
   <trkpt lat="49.859447" lon="16.710436"><ele>332.25</ele></trkpt>
   <trkpt lat="49.859616" lon="16.710874"><ele>333.5</ele></trkpt>
   <trkpt lat="49.859731" lon="16.711173"><ele>333.5</ele></trkpt>
   <trkpt lat="49.86033" lon="16.712731"><ele>336</ele></trkpt>
   <trkpt lat="49.860649" lon="16.713552"><ele>333.75</ele></trkpt>
   <trkpt lat="49.861014" lon="16.71449"><ele>332.5</ele></trkpt>
   <trkpt lat="49.861605" lon="16.715957"><ele>327.5</ele></trkpt>
   <trkpt lat="49.862109" lon="16.717174"><ele>325</ele></trkpt>
   <trkpt lat="49.862204" lon="16.717404"><ele>324.25</ele></trkpt>
   <trkpt lat="49.862475" lon="16.718099"><ele>322.75</ele></trkpt>
   <trkpt lat="49.86271" lon="16.718758"><ele>329.25</ele></trkpt>
   <trkpt lat="49.862889" lon="16.719311"><ele>331.25</ele></trkpt>
   <trkpt lat="49.86303" lon="16.719812"><ele>326</ele></trkpt>
   <trkpt lat="49.86318" lon="16.720392"><ele>326.25</ele></trkpt>
   <trkpt lat="49.863328" lon="16.721059"><ele>325</ele></trkpt>
   <trkpt lat="49.86347" lon="16.721746"><ele>322.25</ele></trkpt>
   <trkpt lat="49.863613" lon="16.722486"><ele>323</ele></trkpt>
   <trkpt lat="49.863752" lon="16.723205"><ele>322.25</ele></trkpt>
   <trkpt lat="49.864029" lon="16.724586"><ele>322</ele></trkpt>
   <trkpt lat="49.864455" lon="16.726858"><ele>322.75</ele></trkpt>
   <trkpt lat="49.864604" lon="16.727716"><ele>323</ele></trkpt>
   <trkpt lat="49.864668" lon="16.728159"><ele>323</ele></trkpt>
   <trkpt lat="49.864716" lon="16.728576"><ele>323.25</ele></trkpt>
   <trkpt lat="49.864721" lon="16.728617"><ele>323.25</ele></trkpt>
   <trkpt lat="49.864796" lon="16.729362"><ele>323.5</ele></trkpt>
   <trkpt lat="49.864834" lon="16.730279"><ele>323.75</ele></trkpt>
   <trkpt lat="49.864831" lon="16.731159"><ele>324.25</ele></trkpt>
   <trkpt lat="49.864786" lon="16.732021"><ele>324.5</ele></trkpt>
   <trkpt lat="49.864683" lon="16.733037"><ele>325</ele></trkpt>
   <trkpt lat="49.864668" lon="16.733188"><ele>325</ele></trkpt>
   <trkpt lat="49.864642" lon="16.733433"><ele>323</ele></trkpt>
   <trkpt lat="49.864515" lon="16.734162"><ele>320</ele></trkpt>
   <trkpt lat="49.864366" lon="16.734888"><ele>317.5</ele></trkpt>
   <trkpt lat="49.864126" lon="16.735911"><ele>319.5</ele></trkpt>
   <trkpt lat="49.864073" lon="16.736163"><ele>317.25</ele></trkpt>
   <trkpt lat="49.863982" lon="16.736606"><ele>317</ele></trkpt>
   <trkpt lat="49.863886" lon="16.737118"><ele>319.75</ele></trkpt>
   <trkpt lat="49.863791" lon="16.737714"><ele>316.5</ele></trkpt>
   <trkpt lat="49.863698" lon="16.738424"><ele>316.5</ele></trkpt>
   <trkpt lat="49.863644" lon="16.739112"><ele>318.5</ele></trkpt>
   <trkpt lat="49.863611" lon="16.739842"><ele>319.75</ele></trkpt>
   <trkpt lat="49.863603" lon="16.74053"><ele>318.75</ele></trkpt>
   <trkpt lat="49.863637" lon="16.741394"><ele>318.5</ele></trkpt>
   <trkpt lat="49.863662" lon="16.741726"><ele>316.75</ele></trkpt>
   <trkpt lat="49.863686" lon="16.741993"><ele>317.75</ele></trkpt>
   <trkpt lat="49.863768" lon="16.742702"><ele>316.25</ele></trkpt>
   <trkpt lat="49.863882" lon="16.743422"><ele>318.75</ele></trkpt>
   <trkpt lat="49.864014" lon="16.744089"><ele>316.5</ele></trkpt>
   <trkpt lat="49.864187" lon="16.744795"><ele>317.75</ele></trkpt>
   <trkpt lat="49.864291" lon="16.745171"><ele>315.25</ele></trkpt>
   <trkpt lat="49.864372" lon="16.745439"><ele>315.25</ele></trkpt>
   <trkpt lat="49.864595" lon="16.746116"><ele>314.75</ele></trkpt>
   <trkpt lat="49.864849" lon="16.746776"><ele>315.75</ele></trkpt>
   <trkpt lat="49.865119" lon="16.747445"><ele>316.25</ele></trkpt>
   <trkpt lat="49.865999" lon="16.749579"><ele>314</ele></trkpt>
   <trkpt lat="49.866404" lon="16.750576"><ele>315.5</ele></trkpt>
   <trkpt lat="49.866409" lon="16.750589"><ele>315.5</ele></trkpt>
   <trkpt lat="49.866584" lon="16.751015"><ele>313.25</ele></trkpt>
   <trkpt lat="49.866864" lon="16.751701"><ele>313.25</ele></trkpt>
   <trkpt lat="49.867745" lon="16.753879"><ele>314.5</ele></trkpt>
   <trkpt lat="49.868175" lon="16.754916"><ele>313.25</ele></trkpt>
   <trkpt lat="49.868248" lon="16.755094"><ele>313.25</ele></trkpt>
   <trkpt lat="49.871323" lon="16.762613"><ele>312.25</ele></trkpt>
   <trkpt lat="49.871597" lon="16.763279"><ele>310.75</ele></trkpt>
   <trkpt lat="49.871834" lon="16.763871"><ele>310.25</ele></trkpt>
   <trkpt lat="49.872041" lon="16.764417"><ele>310</ele></trkpt>
   <trkpt lat="49.87219" lon="16.764834"><ele>311.5</ele></trkpt>
   <trkpt lat="49.872294" lon="16.765166"><ele>310.5</ele></trkpt>
   <trkpt lat="49.872451" lon="16.765708"><ele>311.75</ele></trkpt>
   <trkpt lat="49.872596" lon="16.766317"><ele>312.25</ele></trkpt>
   <trkpt lat="49.872716" lon="16.766919"><ele>314</ele></trkpt>
   <trkpt lat="49.872808" lon="16.767537"><ele>311.75</ele></trkpt>
   <trkpt lat="49.872879" lon="16.768207"><ele>311.75</ele></trkpt>
   <trkpt lat="49.872924" lon="16.768883"><ele>311.25</ele></trkpt>
   <trkpt lat="49.872941" lon="16.769589"><ele>309.75</ele></trkpt>
   <trkpt lat="49.872928" lon="16.772783"><ele>308</ele></trkpt>
   <trkpt lat="49.872934" lon="16.773399"><ele>308</ele></trkpt>
   <trkpt lat="49.872957" lon="16.773994"><ele>309</ele></trkpt>
   <trkpt lat="49.873002" lon="16.774647"><ele>309.25</ele></trkpt>
   <trkpt lat="49.873044" lon="16.775134"><ele>309.75</ele></trkpt>
   <trkpt lat="49.87314" lon="16.776258"><ele>309.75</ele></trkpt>
   <trkpt lat="49.87315" lon="16.776375"><ele>309.75</ele></trkpt>
   <trkpt lat="49.873174" lon="16.777029"><ele>309</ele></trkpt>
   <trkpt lat="49.873193" lon="16.777446"><ele>308.25</ele></trkpt>
   <trkpt lat="49.873204" lon="16.77756"><ele>308.5</ele></trkpt>
   <trkpt lat="49.873236" lon="16.778389"><ele>311.5</ele></trkpt>
   <trkpt lat="49.873251" lon="16.778639"><ele>312</ele></trkpt>
   <trkpt lat="49.873353" lon="16.779878"><ele>309</ele></trkpt>
   <trkpt lat="49.87339" lon="16.78052"><ele>309</ele></trkpt>
   <trkpt lat="49.873405" lon="16.781103"><ele>311</ele></trkpt>
   <trkpt lat="49.873387" lon="16.781697"><ele>315</ele></trkpt>
   <trkpt lat="49.873347" lon="16.7822"><ele>311</ele></trkpt>
   <trkpt lat="49.873283" lon="16.782738"><ele>312.25</ele></trkpt>
   <trkpt lat="49.873242" lon="16.782972"><ele>314.5</ele></trkpt>
   <trkpt lat="49.87314" lon="16.783487"><ele>314.25</ele></trkpt>
   <trkpt lat="49.873072" lon="16.783796"><ele>309.25</ele></trkpt>
   <trkpt lat="49.873008" lon="16.784032"><ele>309.75</ele></trkpt>
   <trkpt lat="49.872925" lon="16.784303"><ele>310</ele></trkpt>
   <trkpt lat="49.872851" lon="16.784533"><ele>307.5</ele></trkpt>
   <trkpt lat="49.872679" lon="16.785011"><ele>308.25</ele></trkpt>
   <trkpt lat="49.872573" lon="16.785259"><ele>305.75</ele></trkpt>
   <trkpt lat="49.872459" lon="16.7855"><ele>307</ele></trkpt>
   <trkpt lat="49.872095" lon="16.786213"><ele>306.5</ele></trkpt>
   <trkpt lat="49.87174" lon="16.786839"><ele>304.75</ele></trkpt>
   <trkpt lat="49.871646" lon="16.787007"><ele>304.75</ele></trkpt>
   <trkpt lat="49.871573" lon="16.787137"><ele>305.75</ele></trkpt>
   <trkpt lat="49.871356" lon="16.787525"><ele>306.5</ele></trkpt>
   <trkpt lat="49.870957" lon="16.788332"><ele>305.75</ele></trkpt>
   <trkpt lat="49.87063" lon="16.78891"><ele>305</ele></trkpt>
   <trkpt lat="49.870581" lon="16.788999"><ele>305.25</ele></trkpt>
   <trkpt lat="49.870101" lon="16.789859"><ele>304.75</ele></trkpt>
   <trkpt lat="49.869705" lon="16.790555"><ele>304.75</ele></trkpt>
   <trkpt lat="49.869192" lon="16.791465"><ele>303.25</ele></trkpt>
   <trkpt lat="49.867784" lon="16.793954"><ele>303.25</ele></trkpt>
   <trkpt lat="49.867469" lon="16.794551"><ele>303.5</ele></trkpt>
   <trkpt lat="49.86719" lon="16.79513"><ele>304</ele></trkpt>
   <trkpt lat="49.866968" lon="16.795676"><ele>303.25</ele></trkpt>
   <trkpt lat="49.866725" lon="16.79635"><ele>305.5</ele></trkpt>
   <trkpt lat="49.866532" lon="16.796994"><ele>305</ele></trkpt>
   <trkpt lat="49.866445" lon="16.797326"><ele>305.25</ele></trkpt>
   <trkpt lat="49.866366" lon="16.797676"><ele>303.25</ele></trkpt>
   <trkpt lat="49.866296" lon="16.79801"><ele>302.75</ele></trkpt>
   <trkpt lat="49.866219" lon="16.798431"><ele>301.75</ele></trkpt>
   <trkpt lat="49.866131" lon="16.799033"><ele>302.25</ele></trkpt>
   <trkpt lat="49.866089" lon="16.799376"><ele>302.75</ele></trkpt>
   <trkpt lat="49.866051" lon="16.79976"><ele>302.25</ele></trkpt>
   <trkpt lat="49.866023" lon="16.800135"><ele>301.5</ele></trkpt>
   <trkpt lat="49.865973" lon="16.801212"><ele>300.25</ele></trkpt>
   <trkpt lat="49.865927" lon="16.802731"><ele>300</ele></trkpt>
   <trkpt lat="49.865886" lon="16.803534"><ele>300.75</ele></trkpt>
   <trkpt lat="49.865857" lon="16.803913"><ele>301.75</ele></trkpt>
   <trkpt lat="49.86581" lon="16.804335"><ele>302.5</ele></trkpt>
   <trkpt lat="49.865753" lon="16.804763"><ele>301</ele></trkpt>
   <trkpt lat="49.865676" lon="16.805251"><ele>300.25</ele></trkpt>
   <trkpt lat="49.865611" lon="16.805576"><ele>300</ele></trkpt>
   <trkpt lat="49.865543" lon="16.805898"><ele>301.5</ele></trkpt>
   <trkpt lat="49.865376" lon="16.806556"><ele>299.5</ele></trkpt>
   <trkpt lat="49.865205" lon="16.807159"><ele>301.25</ele></trkpt>
   <trkpt lat="49.865114" lon="16.807442"><ele>300</ele></trkpt>
   <trkpt lat="49.864714" lon="16.808621"><ele>301.75</ele></trkpt>
   <trkpt lat="49.864415" lon="16.809525"><ele>301.75</ele></trkpt>
   <trkpt lat="49.864356" lon="16.809714"><ele>301.25</ele></trkpt>
   <trkpt lat="49.864302" lon="16.809885"><ele>301.5</ele></trkpt>
   <trkpt lat="49.864128" lon="16.810446"><ele>302.75</ele></trkpt>
   <trkpt lat="49.863974" lon="16.811045"><ele>303.75</ele></trkpt>
   <trkpt lat="49.863861" lon="16.811575"><ele>305</ele></trkpt>
   <trkpt lat="49.863769" lon="16.812221"><ele>306</ele></trkpt>
   <trkpt lat="49.863712" lon="16.812631"><ele>306.25</ele></trkpt>
   <trkpt lat="49.863664" lon="16.813041"><ele>304.75</ele></trkpt>
   <trkpt lat="49.863636" lon="16.813386"><ele>303.25</ele></trkpt>
   <trkpt lat="49.863606" lon="16.814113"><ele>301.75</ele></trkpt>
   <trkpt lat="49.863603" lon="16.814475"><ele>301.75</ele></trkpt>
   <trkpt lat="49.863614" lon="16.815133"><ele>301.75</ele></trkpt>
   <trkpt lat="49.863624" lon="16.815412"><ele>301.75</ele></trkpt>
   <trkpt lat="49.863654" lon="16.815863"><ele>302.25</ele></trkpt>
   <trkpt lat="49.863746" lon="16.816829"><ele>303.25</ele></trkpt>
   <trkpt lat="49.863833" lon="16.81754"><ele>303.25</ele></trkpt>
   <trkpt lat="49.863838" lon="16.817578"><ele>303</ele></trkpt>
   <trkpt lat="49.863974" lon="16.818659"><ele>303.25</ele></trkpt>
   <trkpt lat="49.864312" lon="16.82132"><ele>296.5</ele></trkpt>
   <trkpt lat="49.864468" lon="16.822513"><ele>299.75</ele></trkpt>
   <trkpt lat="49.864485" lon="16.822626"><ele>309.75</ele></trkpt>
   <trkpt lat="49.865255" lon="16.82881"><ele>295.25</ele></trkpt>
   <trkpt lat="49.865352" lon="16.829543"><ele>293.75</ele></trkpt>
   <trkpt lat="49.865461" lon="16.830301"><ele>292</ele></trkpt>
   <trkpt lat="49.86562" lon="16.831218"><ele>292</ele></trkpt>
   <trkpt lat="49.865781" lon="16.831979"><ele>294</ele></trkpt>
   <trkpt lat="49.866134" lon="16.833519"><ele>292.25</ele></trkpt>
   <trkpt lat="49.866476" lon="16.83493"><ele>290</ele></trkpt>
   <trkpt lat="49.866878" lon="16.836677"><ele>290.25</ele></trkpt>
   <trkpt lat="49.866989" lon="16.837154"><ele>289</ele></trkpt>
   <trkpt lat="49.867281" lon="16.838392"><ele>289.75</ele></trkpt>
   <trkpt lat="49.867297" lon="16.83846"><ele>290.25</ele></trkpt>
   <trkpt lat="49.867715" lon="16.840221"><ele>289.5</ele></trkpt>
   <trkpt lat="49.867782" lon="16.840504"><ele>289.75</ele></trkpt>
   <trkpt lat="49.868543" lon="16.843751"><ele>287.75</ele></trkpt>
   <trkpt lat="49.86862" lon="16.844076"><ele>288.25</ele></trkpt>
   <trkpt lat="49.86967" lon="16.848545"><ele>286.5</ele></trkpt>
   <trkpt lat="49.869717" lon="16.848754"><ele>286.75</ele></trkpt>
   <trkpt lat="49.870296" lon="16.851232"><ele>286.25</ele></trkpt>
   <trkpt lat="49.870593" lon="16.852549"><ele>285.5</ele></trkpt>
   <trkpt lat="49.870599" lon="16.852573"><ele>285.25</ele></trkpt>
   <trkpt lat="49.870679" lon="16.852904"><ele>284.5</ele></trkpt>
   <trkpt lat="49.870704" lon="16.853011"><ele>284.5</ele></trkpt>
   <trkpt lat="49.870994" lon="16.854217"><ele>284</ele></trkpt>
   <trkpt lat="49.87143" lon="16.856112"><ele>284.5</ele></trkpt>
   <trkpt lat="49.871476" lon="16.856298"><ele>283.75</ele></trkpt>
   <trkpt lat="49.871693" lon="16.857225"><ele>284</ele></trkpt>
   <trkpt lat="49.872043" lon="16.858676"><ele>284</ele></trkpt>
   <trkpt lat="49.873135" lon="16.863353"><ele>283</ele></trkpt>
   <trkpt lat="49.87371" lon="16.865846"><ele>282</ele></trkpt>
   <trkpt lat="49.874236" lon="16.868054"><ele>281.25</ele></trkpt>
   <trkpt lat="49.874573" lon="16.869501"><ele>281</ele></trkpt>
   <trkpt lat="49.874766" lon="16.870291"><ele>281.75</ele></trkpt>
   <trkpt lat="49.874972" lon="16.871071"><ele>281.75</ele></trkpt>
   <trkpt lat="49.875008" lon="16.871199"><ele>282</ele></trkpt>
   <trkpt lat="49.875408" lon="16.872585"><ele>281.75</ele></trkpt>
   <trkpt lat="49.8756" lon="16.873316"><ele>282</ele></trkpt>
   <trkpt lat="49.875749" lon="16.873993"><ele>281.5</ele></trkpt>
   <trkpt lat="49.875851" lon="16.874595"><ele>282.25</ele></trkpt>
   <trkpt lat="49.875933" lon="16.87524"><ele>281.25</ele></trkpt>
   <trkpt lat="49.875987" lon="16.875924"><ele>281.25</ele></trkpt>
   <trkpt lat="49.876007" lon="16.876463"><ele>280.75</ele></trkpt>
   <trkpt lat="49.876008" lon="16.876943"><ele>280.5</ele></trkpt>
   <trkpt lat="49.875982" lon="16.877642"><ele>280.25</ele></trkpt>
   <trkpt lat="49.875905" lon="16.878463"><ele>280.25</ele></trkpt>
   <trkpt lat="49.875802" lon="16.879088"><ele>281.5</ele></trkpt>
   <trkpt lat="49.875746" lon="16.879393"><ele>279.25</ele></trkpt>
   <trkpt lat="49.875684" lon="16.879705"><ele>279.5</ele></trkpt>
   <trkpt lat="49.875562" lon="16.880219"><ele>280.25</ele></trkpt>
   <trkpt lat="49.875336" lon="16.880999"><ele>279.75</ele></trkpt>
   <trkpt lat="49.875144" lon="16.881539"><ele>279</ele></trkpt>
   <trkpt lat="49.875028" lon="16.881833"><ele>280.25</ele></trkpt>
   <trkpt lat="49.874919" lon="16.882081"><ele>280.5</ele></trkpt>
   <trkpt lat="49.874663" lon="16.882627"><ele>280.5</ele></trkpt>
   <trkpt lat="49.87429" lon="16.883338"><ele>279.75</ele></trkpt>
   <trkpt lat="49.873815" lon="16.884199"><ele>280.25</ele></trkpt>
   <trkpt lat="49.873764" lon="16.884288"><ele>281.25</ele></trkpt>
   <trkpt lat="49.873665" lon="16.884467"><ele>283.75</ele></trkpt>
   <trkpt lat="49.873307" lon="16.88509"><ele>280</ele></trkpt>
   <trkpt lat="49.873289" lon="16.885121"><ele>280</ele></trkpt>
   <trkpt lat="49.873255" lon="16.88518"><ele>280</ele></trkpt>
   <trkpt lat="49.872729" lon="16.886099"><ele>280</ele></trkpt>
   <trkpt lat="49.872437" lon="16.886614"><ele>280</ele></trkpt>
   <trkpt lat="49.872236" lon="16.886967"><ele>280</ele></trkpt>
   <trkpt lat="49.869118" lon="16.892435"><ele>279</ele></trkpt>
   <trkpt lat="49.867443" lon="16.895426"><ele>278</ele></trkpt>
   <trkpt lat="49.866922" lon="16.896362"><ele>277</ele></trkpt>
   <trkpt lat="49.866837" lon="16.896513"><ele>277</ele></trkpt>
   <trkpt lat="49.866506" lon="16.897101"><ele>278.75</ele></trkpt>
   <trkpt lat="49.866494" lon="16.897121"><ele>278.75</ele></trkpt>
   <trkpt lat="49.865904" lon="16.89817"><ele>276</ele></trkpt>
   <trkpt lat="49.865396" lon="16.899068"><ele>276.75</ele></trkpt>
   <trkpt lat="49.865382" lon="16.899093"><ele>276.75</ele></trkpt>
   <trkpt lat="49.864246" lon="16.901082"><ele>274.25</ele></trkpt>
   <trkpt lat="49.863948" lon="16.9016"><ele>274</ele></trkpt>
   <trkpt lat="49.863688" lon="16.902053"><ele>273.75</ele></trkpt>
   <trkpt lat="49.863314" lon="16.902655"><ele>273.5</ele></trkpt>
   <trkpt lat="49.862936" lon="16.903218"><ele>273.25</ele></trkpt>
   <trkpt lat="49.862523" lon="16.903785"><ele>273.25</ele></trkpt>
   <trkpt lat="49.861912" lon="16.904557"><ele>272.5</ele></trkpt>
   <trkpt lat="49.861293" lon="16.905246"><ele>272</ele></trkpt>
   <trkpt lat="49.860841" lon="16.905707"><ele>272</ele></trkpt>
   <trkpt lat="49.860405" lon="16.906108"><ele>271.75</ele></trkpt>
   <trkpt lat="49.859956" lon="16.906494"><ele>271.75</ele></trkpt>
   <trkpt lat="49.859476" lon="16.906863"><ele>271.5</ele></trkpt>
   <trkpt lat="49.859013" lon="16.907191"><ele>270.75</ele></trkpt>
   <trkpt lat="49.858808" lon="16.907326"><ele>270.25</ele></trkpt>
   <trkpt lat="49.858541" lon="16.907492"><ele>271.5</ele></trkpt>
   <trkpt lat="49.857634" lon="16.908028"><ele>271.25</ele></trkpt>
   <trkpt lat="49.857537" lon="16.908085"><ele>271</ele></trkpt>
   <trkpt lat="49.857464" lon="16.908128"><ele>270.75</ele></trkpt>
   <trkpt lat="49.857358" lon="16.90819"><ele>270.5</ele></trkpt>
   <trkpt lat="49.855497" lon="16.909283"><ele>269</ele></trkpt>
   <trkpt lat="49.855486" lon="16.909289"><ele>269</ele></trkpt>
   <trkpt lat="49.854236" lon="16.910025"><ele>269</ele></trkpt>
   <trkpt lat="49.854141" lon="16.910082"><ele>268.5</ele></trkpt>
   <trkpt lat="49.84523" lon="16.915306"><ele>265.5</ele></trkpt>
   <trkpt lat="49.84522" lon="16.915312"><ele>265.25</ele></trkpt>
   <trkpt lat="49.844182" lon="16.91592"><ele>264</ele></trkpt>
   <trkpt lat="49.844079" lon="16.915981"><ele>264.5</ele></trkpt>
   <trkpt lat="49.843425" lon="16.916365"><ele>266</ele></trkpt>
   <trkpt lat="49.842919" lon="16.91666"><ele>264.75</ele></trkpt>
   <trkpt lat="49.842442" lon="16.916926"><ele>265.25</ele></trkpt>
   <trkpt lat="49.84195" lon="16.917181"><ele>264.5</ele></trkpt>
   <trkpt lat="49.841452" lon="16.917407"><ele>264.5</ele></trkpt>
   <trkpt lat="49.840939" lon="16.917617"><ele>263.25</ele></trkpt>
   <trkpt lat="49.840428" lon="16.917796"><ele>264.25</ele></trkpt>
   <trkpt lat="49.839929" lon="16.917947"><ele>264.75</ele></trkpt>
   <trkpt lat="49.839409" lon="16.91808"><ele>263.5</ele></trkpt>
   <trkpt lat="49.839253" lon="16.918113"><ele>263.25</ele></trkpt>
   <trkpt lat="49.838905" lon="16.918188"><ele>263.25</ele></trkpt>
   <trkpt lat="49.838378" lon="16.918271"><ele>263.5</ele></trkpt>
   <trkpt lat="49.837932" lon="16.918323"><ele>263.75</ele></trkpt>
   <trkpt lat="49.837378" lon="16.918356"><ele>263.25</ele></trkpt>
   <trkpt lat="49.836886" lon="16.918364"><ele>262.75</ele></trkpt>
   <trkpt lat="49.836405" lon="16.918354"><ele>262.75</ele></trkpt>
   <trkpt lat="49.835864" lon="16.918317"><ele>262.75</ele></trkpt>
   <trkpt lat="49.835767" lon="16.918305"><ele>262.75</ele></trkpt>
   <trkpt lat="49.835418" lon="16.918261"><ele>262.5</ele></trkpt>
   <trkpt lat="49.833936" lon="16.918039"><ele>262.5</ele></trkpt>
   <trkpt lat="49.833933" lon="16.918039"><ele>262.5</ele></trkpt>
   <trkpt lat="49.833472" lon="16.917968"><ele>262</ele></trkpt>
   <trkpt lat="49.833097" lon="16.91791"><ele>261</ele></trkpt>
   <trkpt lat="49.832956" lon="16.917889"><ele>261</ele></trkpt>
   <trkpt lat="49.832038" lon="16.917732"><ele>261.75</ele></trkpt>
   <trkpt lat="49.831838" lon="16.917699"><ele>261.75</ele></trkpt>
   <trkpt lat="49.83157" lon="16.917658"><ele>262</ele></trkpt>
   <trkpt lat="49.831512" lon="16.91765"><ele>262</ele></trkpt>
   <trkpt lat="49.830818" lon="16.917613"><ele>262.5</ele></trkpt>
   <trkpt lat="49.830792" lon="16.917609"><ele>262.5</ele></trkpt>
   <trkpt lat="49.830743" lon="16.917601"><ele>262.5</ele></trkpt>
   <trkpt lat="49.830361" lon="16.917539"><ele>263.25</ele></trkpt>
   <trkpt lat="49.829848" lon="16.917504"><ele>263</ele></trkpt>
   <trkpt lat="49.82935" lon="16.917506"><ele>263</ele></trkpt>
   <trkpt lat="49.829311" lon="16.917503"><ele>263</ele></trkpt>
   <trkpt lat="49.827788" lon="16.917267"><ele>263.5</ele></trkpt>
   <trkpt lat="49.825929" lon="16.916976"><ele>264.75</ele></trkpt>
   <trkpt lat="49.825283" lon="16.916891"><ele>265</ele></trkpt>
   <trkpt lat="49.825007" lon="16.916864"><ele>265</ele></trkpt>
   <trkpt lat="49.824396" lon="16.916825"><ele>265</ele></trkpt>
   <trkpt lat="49.823921" lon="16.916818"><ele>265</ele></trkpt>
   <trkpt lat="49.823419" lon="16.916829"><ele>265</ele></trkpt>
   <trkpt lat="49.823096" lon="16.916853"><ele>264.25</ele></trkpt>
   <trkpt lat="49.823049" lon="16.916856"><ele>264.25</ele></trkpt>
   <trkpt lat="49.822871" lon="16.916863"><ele>264.25</ele></trkpt>
   <trkpt lat="49.822453" lon="16.916855"><ele>264.25</ele></trkpt>
   <trkpt lat="49.822049" lon="16.916869"><ele>264.5</ele></trkpt>
   <trkpt lat="49.82172" lon="16.916905"><ele>263.5</ele></trkpt>
   <trkpt lat="49.821709" lon="16.916907"><ele>263.5</ele></trkpt>
   <trkpt lat="49.821543" lon="16.916938"><ele>263.5</ele></trkpt>
   <trkpt lat="49.821527" lon="16.916941"><ele>263.5</ele></trkpt>
   <trkpt lat="49.821161" lon="16.917021"><ele>263.5</ele></trkpt>
   <trkpt lat="49.820716" lon="16.917132"><ele>264.25</ele></trkpt>
   <trkpt lat="49.820092" lon="16.917325"><ele>264</ele></trkpt>
   <trkpt lat="49.819397" lon="16.917583"><ele>263.5</ele></trkpt>
   <trkpt lat="49.819369" lon="16.917594"><ele>263.5</ele></trkpt>
   <trkpt lat="49.819072" lon="16.91771"><ele>263</ele></trkpt>
   <trkpt lat="49.818593" lon="16.917927"><ele>263</ele></trkpt>
   <trkpt lat="49.818079" lon="16.918184"><ele>263</ele></trkpt>
   <trkpt lat="49.817351" lon="16.918584"><ele>262.25</ele></trkpt>
   <trkpt lat="49.816933" lon="16.91883"><ele>262</ele></trkpt>
   <trkpt lat="49.816928" lon="16.918833"><ele>262</ele></trkpt>
   <trkpt lat="49.813441" lon="16.920924"><ele>259.5</ele></trkpt>
   <trkpt lat="49.812887" lon="16.921254"><ele>259.5</ele></trkpt>
   <trkpt lat="49.809575" lon="16.923251"><ele>258.75</ele></trkpt>
   <trkpt lat="49.809481" lon="16.923307"><ele>258.75</ele></trkpt>
   <trkpt lat="49.807196" lon="16.924679"><ele>257.75</ele></trkpt>
   <trkpt lat="49.807064" lon="16.924758"><ele>257.75</ele></trkpt>
   <trkpt lat="49.804755" lon="16.926148"><ele>257.25</ele></trkpt>
   <trkpt lat="49.804744" lon="16.926154"><ele>257</ele></trkpt>
   <trkpt lat="49.804503" lon="16.9263"><ele>257.5</ele></trkpt>
   <trkpt lat="49.803102" lon="16.927142"><ele>257</ele></trkpt>
   <trkpt lat="49.803002" lon="16.927202"><ele>257</ele></trkpt>
   <trkpt lat="49.796522" lon="16.931095"><ele>255.25</ele></trkpt>
   <trkpt lat="49.796428" lon="16.931151"><ele>254.75</ele></trkpt>
   <trkpt lat="49.795868" lon="16.931485"><ele>254.75</ele></trkpt>
   <trkpt lat="49.795857" lon="16.931492"><ele>254.75</ele></trkpt>
   <trkpt lat="49.791093" lon="16.934356"><ele>253.5</ele></trkpt>
   <trkpt lat="49.790948" lon="16.934444"><ele>253.75</ele></trkpt>
   <trkpt lat="49.787144" lon="16.936731"><ele>256.25</ele></trkpt>
   <trkpt lat="49.7862" lon="16.937295"><ele>256.5</ele></trkpt>
   <trkpt lat="49.78379" lon="16.938748"><ele>257.25</ele></trkpt>
   <trkpt lat="49.783376" lon="16.938999"><ele>257.5</ele></trkpt>
   <trkpt lat="49.78138" lon="16.940247"><ele>257.75</ele></trkpt>
   <trkpt lat="49.780788" lon="16.940621"><ele>257.75</ele></trkpt>
   <trkpt lat="49.780646" lon="16.940713"><ele>257.75</ele></trkpt>
   <trkpt lat="49.780129" lon="16.941026"><ele>258</ele></trkpt>
   <trkpt lat="49.780075" lon="16.941059"><ele>258</ele></trkpt>
   <trkpt lat="49.779413" lon="16.941382"><ele>257.75</ele></trkpt>
   <trkpt lat="49.77939" lon="16.941396"><ele>257.5</ele></trkpt>
   <trkpt lat="49.779341" lon="16.941424"><ele>257</ele></trkpt>
   <trkpt lat="49.779021" lon="16.941617"><ele>257.25</ele></trkpt>
   <trkpt lat="49.778989" lon="16.941635"><ele>257.5</ele></trkpt>
   <trkpt lat="49.778374" lon="16.942006"><ele>257.75</ele></trkpt>
   <trkpt lat="49.777332" lon="16.942635"><ele>258</ele></trkpt>
   <trkpt lat="49.776936" lon="16.942874"><ele>258</ele></trkpt>
   <trkpt lat="49.773066" lon="16.9452"><ele>257</ele></trkpt>
   <trkpt lat="49.771707" lon="16.94601"><ele>256.25</ele></trkpt>
   <trkpt lat="49.77115" lon="16.946333"><ele>256</ele></trkpt>
   <trkpt lat="49.770571" lon="16.946668"><ele>256</ele></trkpt>
   <trkpt lat="49.77042" lon="16.946755"><ele>256.25</ele></trkpt>
   <trkpt lat="49.769656" lon="16.947198"><ele>255.25</ele></trkpt>
   <trkpt lat="49.769509" lon="16.947283"><ele>254.25</ele></trkpt>
   <trkpt lat="49.769338" lon="16.947391"><ele>254.25</ele></trkpt>
   <trkpt lat="49.76918" lon="16.947511"><ele>254.75</ele></trkpt>
   <trkpt lat="49.768874" lon="16.94772"><ele>254.5</ele></trkpt>
   <trkpt lat="49.768842" lon="16.947738"><ele>254.5</ele></trkpt>
   <trkpt lat="49.767727" lon="16.948384"><ele>254.5</ele></trkpt>
   <trkpt lat="49.767254" lon="16.948678"><ele>254.5</ele></trkpt>
   <trkpt lat="49.766813" lon="16.948981"><ele>254.25</ele></trkpt>
   <trkpt lat="49.766736" lon="16.949042"><ele>254</ele></trkpt>
   <trkpt lat="49.766344" lon="16.949352"><ele>254.25</ele></trkpt>
   <trkpt lat="49.766341" lon="16.949355"><ele>254.25</ele></trkpt>
   <trkpt lat="49.765961" lon="16.949701"><ele>255</ele></trkpt>
   <trkpt lat="49.765555" lon="16.950114"><ele>254.75</ele></trkpt>
   <trkpt lat="49.765162" lon="16.950568"><ele>254</ele></trkpt>
   <trkpt lat="49.764778" lon="16.951071"><ele>254</ele></trkpt>
   <trkpt lat="49.764405" lon="16.951628"><ele>253.75</ele></trkpt>
   <trkpt lat="49.764066" lon="16.952192"><ele>253</ele></trkpt>
   <trkpt lat="49.763754" lon="16.952783"><ele>252.75</ele></trkpt>
   <trkpt lat="49.763462" lon="16.953404"><ele>252</ele></trkpt>
   <trkpt lat="49.763204" lon="16.954024"><ele>252</ele></trkpt>
   <trkpt lat="49.762959" lon="16.954687"><ele>252</ele></trkpt>
   <trkpt lat="49.762726" lon="16.955366"><ele>251.75</ele></trkpt>
   <trkpt lat="49.762375" lon="16.956421"><ele>249.25</ele></trkpt>
   <trkpt lat="49.762272" lon="16.956734"><ele>249.75</ele></trkpt>
   <trkpt lat="49.761994" lon="16.957564"><ele>249.5</ele></trkpt>
   <trkpt lat="49.761992" lon="16.95757"><ele>249.5</ele></trkpt>
   <trkpt lat="49.761793" lon="16.958167"><ele>248</ele></trkpt>
   <trkpt lat="49.760368" lon="16.962413"><ele>248.25</ele></trkpt>
   <trkpt lat="49.760349" lon="16.962466"><ele>248.75</ele></trkpt>
   <trkpt lat="49.760153" lon="16.963124"><ele>248.5</ele></trkpt>
   <trkpt lat="49.760074" lon="16.96342"><ele>248.75</ele></trkpt>
   <trkpt lat="49.760022" lon="16.963583"><ele>249.5</ele></trkpt>
   <trkpt lat="49.758097" lon="16.969331"><ele>249.5</ele></trkpt>
   <trkpt lat="49.756946" lon="16.972759"><ele>249.75</ele></trkpt>
   <trkpt lat="49.75654" lon="16.973822"><ele>249.75</ele></trkpt>
   <trkpt lat="49.756468" lon="16.974037"><ele>249.5</ele></trkpt>
   <trkpt lat="49.756031" lon="16.975192"><ele>248.75</ele></trkpt>
   <trkpt lat="49.756027" lon="16.975204"><ele>248.5</ele></trkpt>
   <trkpt lat="49.756012" lon="16.97525"><ele>248.5</ele></trkpt>
   <trkpt lat="49.755521" lon="16.976715"><ele>248</ele></trkpt>
   <trkpt lat="49.755509" lon="16.976749"><ele>248</ele></trkpt>
   <trkpt lat="49.755202" lon="16.977668"><ele>248</ele></trkpt>
   <trkpt lat="49.754621" lon="16.979421"><ele>247.75</ele></trkpt>
   <trkpt lat="49.75445" lon="16.97993"><ele>248.5</ele></trkpt>
   <trkpt lat="49.753835" lon="16.981762"><ele>248.25</ele></trkpt>
   <trkpt lat="49.753625" lon="16.982391"><ele>247.5</ele></trkpt>
   <trkpt lat="49.752323" lon="16.986265"><ele>247.25</ele></trkpt>
   <trkpt lat="49.751942" lon="16.987405"><ele>248.25</ele></trkpt>
   <trkpt lat="49.75171" lon="16.988137"><ele>247.75</ele></trkpt>
   <trkpt lat="49.751607" lon="16.988497"><ele>248.25</ele></trkpt>
   <trkpt lat="49.751428" lon="16.989189"><ele>248.25</ele></trkpt>
   <trkpt lat="49.75127" lon="16.989914"><ele>248.25</ele></trkpt>
   <trkpt lat="49.751196" lon="16.990322"><ele>248.5</ele></trkpt>
   <trkpt lat="49.751083" lon="16.991057"><ele>248.75</ele></trkpt>
   <trkpt lat="49.751034" lon="16.991431"><ele>248.5</ele></trkpt>
   <trkpt lat="49.750992" lon="16.991815"><ele>248</ele></trkpt>
   <trkpt lat="49.750915" lon="16.992941"><ele>245.5</ele></trkpt>
   <trkpt lat="49.7505" lon="17.000967"><ele>248.75</ele></trkpt>
   <trkpt lat="49.750347" lon="17.003877"><ele>249</ele></trkpt>
   <trkpt lat="49.750346" lon="17.003896"><ele>249</ele></trkpt>
   <trkpt lat="49.749988" lon="17.010703"><ele>250.75</ele></trkpt>
   <trkpt lat="49.749889" lon="17.012576"><ele>250.25</ele></trkpt>
   <trkpt lat="49.749878" lon="17.012849"><ele>249.5</ele></trkpt>
   <trkpt lat="49.749809" lon="17.014058"><ele>251.5</ele></trkpt>
   <trkpt lat="49.74936" lon="17.022729"><ele>256.25</ele></trkpt>
   <trkpt lat="49.749302" lon="17.023577"><ele>256.5</ele></trkpt>
   <trkpt lat="49.749225" lon="17.024328"><ele>256</ele></trkpt>
   <trkpt lat="49.749124" lon="17.025068"><ele>256</ele></trkpt>
   <trkpt lat="49.749006" lon="17.025794"><ele>256.25</ele></trkpt>
   <trkpt lat="49.74885" lon="17.026506"><ele>256</ele></trkpt>
   <trkpt lat="49.748672" lon="17.027175"><ele>257</ele></trkpt>
   <trkpt lat="49.748467" lon="17.02787"><ele>255.75</ele></trkpt>
   <trkpt lat="49.748196" lon="17.028662"><ele>255</ele></trkpt>
   <trkpt lat="49.747988" lon="17.029252"><ele>255</ele></trkpt>
   <trkpt lat="49.747498" lon="17.030586"><ele>253.75</ele></trkpt>
   <trkpt lat="49.74696" lon="17.032022"><ele>252.75</ele></trkpt>
   <trkpt lat="49.744863" lon="17.037626"><ele>250.75</ele></trkpt>
   <trkpt lat="49.743453" lon="17.041374"><ele>252</ele></trkpt>
   <trkpt lat="49.742243" lon="17.044604"><ele>251</ele></trkpt>
   <trkpt lat="49.742236" lon="17.044622"><ele>251</ele></trkpt>
   <trkpt lat="49.737275" lon="17.057877"><ele>245.75</ele></trkpt>
   <trkpt lat="49.73603" lon="17.0612"><ele>243.5</ele></trkpt>
   <trkpt lat="49.735927" lon="17.061475"><ele>242.5</ele></trkpt>
   <trkpt lat="49.735611" lon="17.062314"><ele>241.75</ele></trkpt>
   <trkpt lat="49.735445" lon="17.062728"><ele>242.25</ele></trkpt>
   <trkpt lat="49.735438" lon="17.062747"><ele>242.25</ele></trkpt>
   <trkpt lat="49.734757" lon="17.064448"><ele>241.5</ele></trkpt>
   <trkpt lat="49.731634" lon="17.072136"><ele>239.5</ele></trkpt>
   <trkpt lat="49.73025" lon="17.075569"><ele>239</ele></trkpt>
   <trkpt lat="49.730225" lon="17.075631"><ele>237.75</ele></trkpt>
   <trkpt lat="49.730108" lon="17.075919"><ele>235.25</ele></trkpt>
   <trkpt lat="49.728054" lon="17.080974"><ele>237</ele></trkpt>
   <trkpt lat="49.727812" lon="17.081572"><ele>236.5</ele></trkpt>
   <trkpt lat="49.727715" lon="17.081813"><ele>235.5</ele></trkpt>
   <trkpt lat="49.727681" lon="17.081897"><ele>234.75</ele></trkpt>
   <trkpt lat="49.726921" lon="17.083821"><ele>237.25</ele></trkpt>
   <trkpt lat="49.726636" lon="17.08456"><ele>237.75</ele></trkpt>
   <trkpt lat="49.726289" lon="17.08545"><ele>237</ele></trkpt>
   <trkpt lat="49.72609" lon="17.085958"><ele>236.75</ele></trkpt>
   <trkpt lat="49.72605" lon="17.086059"><ele>236.75</ele></trkpt>
   <trkpt lat="49.725643" lon="17.087238"><ele>236.5</ele></trkpt>
   <trkpt lat="49.725628" lon="17.087278"><ele>236.5</ele></trkpt>
   <trkpt lat="49.725605" lon="17.087337"><ele>236.5</ele></trkpt>
   <trkpt lat="49.725401" lon="17.087955"><ele>235.75</ele></trkpt>
   <trkpt lat="49.725319" lon="17.088222"><ele>235.75</ele></trkpt>
   <trkpt lat="49.725093" lon="17.088886"><ele>235.5</ele></trkpt>
   <trkpt lat="49.724925" lon="17.089327"><ele>235.5</ele></trkpt>
   <trkpt lat="49.723796" lon="17.092117"><ele>236.5</ele></trkpt>
   <trkpt lat="49.723557" lon="17.092693"><ele>236</ele></trkpt>
   <trkpt lat="49.723268" lon="17.093328"><ele>236</ele></trkpt>
   <trkpt lat="49.723037" lon="17.093857"><ele>236</ele></trkpt>
   <trkpt lat="49.722163" lon="17.095994"><ele>235.25</ele></trkpt>
   <trkpt lat="49.721849" lon="17.096739"><ele>235</ele></trkpt>
   <trkpt lat="49.72167" lon="17.097126"><ele>235</ele></trkpt>
   <trkpt lat="49.721362" lon="17.097764"><ele>235</ele></trkpt>
   <trkpt lat="49.721347" lon="17.0978"><ele>235</ele></trkpt>
   <trkpt lat="49.721253" lon="17.098022"><ele>235.75</ele></trkpt>
   <trkpt lat="49.720624" lon="17.099366"><ele>234.75</ele></trkpt>
   <trkpt lat="49.720563" lon="17.09951"><ele>234.75</ele></trkpt>
   <trkpt lat="49.720009" lon="17.10093"><ele>234</ele></trkpt>
   <trkpt lat="49.719994" lon="17.100966"><ele>234</ele></trkpt>
   <trkpt lat="49.719305" lon="17.102621"><ele>233.25</ele></trkpt>
   <trkpt lat="49.718904" lon="17.103608"><ele>232.75</ele></trkpt>
   <trkpt lat="49.718674" lon="17.104177"><ele>232.75</ele></trkpt>
   <trkpt lat="49.716172" lon="17.110327"><ele>230.25</ele></trkpt>
   <trkpt lat="49.716087" lon="17.110531"><ele>231.5</ele></trkpt>
   <trkpt lat="49.715811" lon="17.111211"><ele>230.75</ele></trkpt>
   <trkpt lat="49.713705" lon="17.116383"><ele>230</ele></trkpt>
   <trkpt lat="49.711748" lon="17.121194"><ele>229.5</ele></trkpt>
   <trkpt lat="49.710605" lon="17.124035"><ele>229.25</ele></trkpt>
   <trkpt lat="49.709724" lon="17.126201"><ele>228.75</ele></trkpt>
   <trkpt lat="49.709636" lon="17.126419"><ele>228.75</ele></trkpt>
   <trkpt lat="49.708183" lon="17.12999"><ele>228</ele></trkpt>
   <trkpt lat="49.708177" lon="17.130004"><ele>228</ele></trkpt>
   <trkpt lat="49.704308" lon="17.139497"><ele>227.5</ele></trkpt>
   <trkpt lat="49.704258" lon="17.13962"><ele>227.5</ele></trkpt>
   <trkpt lat="49.701018" lon="17.147573"><ele>227.75</ele></trkpt>
   <trkpt lat="49.701011" lon="17.147589"><ele>227.75</ele></trkpt>
   <trkpt lat="49.698077" lon="17.154805"><ele>227.75</ele></trkpt>
   <trkpt lat="49.697222" lon="17.15693"><ele>227.75</ele></trkpt>
   <trkpt lat="49.69706" lon="17.157309"><ele>227.75</ele></trkpt>
   <trkpt lat="49.697035" lon="17.157365"><ele>227.5</ele></trkpt>
   <trkpt lat="49.695172" lon="17.161923"><ele>225.5</ele></trkpt>
   <trkpt lat="49.695166" lon="17.161939"><ele>225.5</ele></trkpt>
   <trkpt lat="49.694256" lon="17.164171"><ele>225.75</ele></trkpt>
   <trkpt lat="49.69412" lon="17.164507"><ele>225.5</ele></trkpt>
   <trkpt lat="49.693402" lon="17.16627"><ele>225.5</ele></trkpt>
   <trkpt lat="49.693238" lon="17.16667"><ele>225.5</ele></trkpt>
   <trkpt lat="49.691937" lon="17.169889"><ele>225.75</ele></trkpt>
   <trkpt lat="49.690937" lon="17.172293"><ele>231</ele></trkpt>
   <trkpt lat="49.69051" lon="17.17338"><ele>225.5</ele></trkpt>
   <trkpt lat="49.690031" lon="17.174556"><ele>225.25</ele></trkpt>
   <trkpt lat="49.689975" lon="17.174693"><ele>225.5</ele></trkpt>
   <trkpt lat="49.688936" lon="17.177238"><ele>224.75</ele></trkpt>
   <trkpt lat="49.688929" lon="17.177255"><ele>224.75</ele></trkpt>
   <trkpt lat="49.687687" lon="17.180301"><ele>224.5</ele></trkpt>
   <trkpt lat="49.685495" lon="17.185672"><ele>223.75</ele></trkpt>
   <trkpt lat="49.683997" lon="17.189352"><ele>223</ele></trkpt>
   <trkpt lat="49.683761" lon="17.189929"><ele>222.5</ele></trkpt>
   <trkpt lat="49.683527" lon="17.190522"><ele>223.5</ele></trkpt>
   <trkpt lat="49.683205" lon="17.191294"><ele>223</ele></trkpt>
   <trkpt lat="49.6823" lon="17.193511"><ele>223</ele></trkpt>
   <trkpt lat="49.682295" lon="17.193524"><ele>223.25</ele></trkpt>
   <trkpt lat="49.681168" lon="17.196285"><ele>222.5</ele></trkpt>
   <trkpt lat="49.681105" lon="17.196441"><ele>222.75</ele></trkpt>
   <trkpt lat="49.677255" lon="17.205866"><ele>222</ele></trkpt>
   <trkpt lat="49.67725" lon="17.205877"><ele>221.75</ele></trkpt>
   <trkpt lat="49.676997" lon="17.206497"><ele>222</ele></trkpt>
   <trkpt lat="49.675872" lon="17.20927"><ele>221.25</ele></trkpt>
   <trkpt lat="49.675297" lon="17.210692"><ele>221.5</ele></trkpt>
   <trkpt lat="49.675283" lon="17.210728"><ele>221.5</ele></trkpt>
   <trkpt lat="49.675257" lon="17.210791"><ele>221.75</ele></trkpt>
   <trkpt lat="49.674653" lon="17.21216"><ele>221.75</ele></trkpt>
   <trkpt lat="49.674591" lon="17.212315"><ele>222</ele></trkpt>
   <trkpt lat="49.67457" lon="17.212366"><ele>222</ele></trkpt>
   <trkpt lat="49.674169" lon="17.213353"><ele>222</ele></trkpt>
   <trkpt lat="49.672356" lon="17.217792"><ele>222</ele></trkpt>
   <trkpt lat="49.671815" lon="17.219136"><ele>222.25</ele></trkpt>
   <trkpt lat="49.670839" lon="17.221517"><ele>222</ele></trkpt>
   <trkpt lat="49.670507" lon="17.222322"><ele>221.5</ele></trkpt>
   <trkpt lat="49.670149" lon="17.223181"><ele>221</ele></trkpt>
   <trkpt lat="49.669749" lon="17.224143"><ele>221.75</ele></trkpt>
   <trkpt lat="49.669731" lon="17.224189"><ele>221.75</ele></trkpt>
   <trkpt lat="49.669709" lon="17.224241"><ele>222</ele></trkpt>
   <trkpt lat="49.669316" lon="17.2252"><ele>220.75</ele></trkpt>
   <trkpt lat="49.668045" lon="17.228295"><ele>221</ele></trkpt>
   <trkpt lat="49.6678" lon="17.228894"><ele>221</ele></trkpt>
   <trkpt lat="49.666838" lon="17.231251"><ele>220.25</ele></trkpt>
   <trkpt lat="49.666762" lon="17.231444"><ele>220.25</ele></trkpt>
   <trkpt lat="49.665722" lon="17.233986"><ele>221</ele></trkpt>
   <trkpt lat="49.665449" lon="17.234631"><ele>221.5</ele></trkpt>
   <trkpt lat="49.665137" lon="17.23533"><ele>221.5</ele></trkpt>
   <trkpt lat="49.664804" lon="17.236022"><ele>222</ele></trkpt>
   <trkpt lat="49.664358" lon="17.236864"><ele>221</ele></trkpt>
   <trkpt lat="49.664235" lon="17.237089"><ele>220</ele></trkpt>
   <trkpt lat="49.664112" lon="17.237314"><ele>221</ele></trkpt>
   <trkpt lat="49.662119" lon="17.240814"><ele>220.5</ele></trkpt>
   <trkpt lat="49.662111" lon="17.240829"><ele>220.5</ele></trkpt>
   <trkpt lat="49.660438" lon="17.243765"><ele>219.25</ele></trkpt>
   <trkpt lat="49.660087" lon="17.244335"><ele>218.25</ele></trkpt>
   <trkpt lat="49.659931" lon="17.244582"><ele>218</ele></trkpt>
   <trkpt lat="49.659869" lon="17.244677"><ele>218.75</ele></trkpt>
   <trkpt lat="49.6595" lon="17.245222"><ele>219.5</ele></trkpt>
   <trkpt lat="49.659131" lon="17.245727"><ele>219.5</ele></trkpt>
   <trkpt lat="49.658717" lon="17.246253"><ele>220</ele></trkpt>
   <trkpt lat="49.658585" lon="17.246407"><ele>220.5</ele></trkpt>
   <trkpt lat="49.658375" lon="17.246656"><ele>219.75</ele></trkpt>
   <trkpt lat="49.658016" lon="17.24705"><ele>219.75</ele></trkpt>
   <trkpt lat="49.657809" lon="17.247264"><ele>219</ele></trkpt>
   <trkpt lat="49.657338" lon="17.247722"><ele>219</ele></trkpt>
   <trkpt lat="49.657091" lon="17.247947"><ele>218.75</ele></trkpt>
   <trkpt lat="49.656624" lon="17.248339"><ele>219.5</ele></trkpt>
   <trkpt lat="49.656167" lon="17.248682"><ele>218.5</ele></trkpt>
   <trkpt lat="49.655931" lon="17.248849"><ele>218.75</ele></trkpt>
   <trkpt lat="49.655696" lon="17.249003"><ele>218.5</ele></trkpt>
   <trkpt lat="49.655236" lon="17.249291"><ele>218.25</ele></trkpt>
   <trkpt lat="49.654495" lon="17.249693"><ele>218.75</ele></trkpt>
   <trkpt lat="49.653557" lon="17.250138"><ele>218.25</ele></trkpt>
   <trkpt lat="49.652252" lon="17.250742"><ele>218.25</ele></trkpt>
   <trkpt lat="49.652243" lon="17.250746"><ele>218.25</ele></trkpt>
   <trkpt lat="49.650048" lon="17.251762"><ele>216.75</ele></trkpt>
   <trkpt lat="49.649862" lon="17.251847"><ele>217.25</ele></trkpt>
   <trkpt lat="49.647293" lon="17.253033"><ele>217.75</ele></trkpt>
   <trkpt lat="49.647214" lon="17.25307"><ele>217.75</ele></trkpt>
   <trkpt lat="49.643282" lon="17.254891"><ele>216.5</ele></trkpt>
   <trkpt lat="49.643274" lon="17.254894"><ele>216.5</ele></trkpt>
   <trkpt lat="49.640162" lon="17.256332"><ele>216.5</ele></trkpt>
   <trkpt lat="49.640083" lon="17.256368"><ele>216.75</ele></trkpt>
   <trkpt lat="49.64004" lon="17.256388"><ele>216.75</ele></trkpt>
   <trkpt lat="49.634389" lon="17.259"><ele>215.25</ele></trkpt>
   <trkpt lat="49.63438" lon="17.259004"><ele>215.25</ele></trkpt>
   <trkpt lat="49.630293" lon="17.260897"><ele>215.5</ele></trkpt>
   <trkpt lat="49.63009" lon="17.260991"><ele>215</ele></trkpt>
   <trkpt lat="49.630032" lon="17.261017"><ele>215</ele></trkpt>
   <trkpt lat="49.625735" lon="17.262999"><ele>214.5</ele></trkpt>
   <trkpt lat="49.623004" lon="17.264259"><ele>213.75</ele></trkpt>
   <trkpt lat="49.620584" lon="17.265376"><ele>215</ele></trkpt>
   <trkpt lat="49.616922" lon="17.267068"><ele>215</ele></trkpt>
   <trkpt lat="49.616493" lon="17.267262"><ele>215</ele></trkpt>
   <trkpt lat="49.616445" lon="17.267284"><ele>215</ele></trkpt>
   <trkpt lat="49.615702" lon="17.267625"><ele>215</ele></trkpt>
   <trkpt lat="49.614762" lon="17.268055"><ele>214.75</ele></trkpt>
   <trkpt lat="49.614718" lon="17.268075"><ele>215</ele></trkpt>
   <trkpt lat="49.6135" lon="17.268638"><ele>214</ele></trkpt>
   <trkpt lat="49.612992" lon="17.268872"><ele>214</ele></trkpt>
   <trkpt lat="49.612843" lon="17.268943"><ele>214</ele></trkpt>
   <trkpt lat="49.611877" lon="17.269389"><ele>214</ele></trkpt>
   <trkpt lat="49.611659" lon="17.269488"><ele>214.75</ele></trkpt>
   <trkpt lat="49.611385" lon="17.269601"><ele>214.25</ele></trkpt>
   <trkpt lat="49.611149" lon="17.269676"><ele>214.75</ele></trkpt>
   <trkpt lat="49.610819" lon="17.269808"><ele>214.5</ele></trkpt>
   <trkpt lat="49.610745" lon="17.269841"><ele>214.5</ele></trkpt>
   <trkpt lat="49.610141" lon="17.270119"><ele>214</ele></trkpt>
   <trkpt lat="49.608892" lon="17.270704"><ele>214</ele></trkpt>
   <trkpt lat="49.607426" lon="17.271369"><ele>214</ele></trkpt>
   <trkpt lat="49.604649" lon="17.27266"><ele>214</ele></trkpt>
   <trkpt lat="49.60357" lon="17.273153"><ele>214</ele></trkpt>
   <trkpt lat="49.603175" lon="17.273346"><ele>214</ele></trkpt>
   <trkpt lat="49.602927" lon="17.273485"><ele>214</ele></trkpt>
   <trkpt lat="49.602876" lon="17.273517"><ele>214</ele></trkpt>
   <trkpt lat="49.602825" lon="17.27355"><ele>214</ele></trkpt>
   <trkpt lat="49.602432" lon="17.273793"><ele>214</ele></trkpt>
   <trkpt lat="49.6021" lon="17.273969"><ele>213</ele></trkpt>
   <trkpt lat="49.602008" lon="17.274011"><ele>212.5</ele></trkpt>
   <trkpt lat="49.601855" lon="17.27408"><ele>213.25</ele></trkpt>
   <trkpt lat="49.601636" lon="17.274182"><ele>214</ele></trkpt>
   <trkpt lat="49.601612" lon="17.274194"><ele>214</ele></trkpt>
   <trkpt lat="49.601562" lon="17.274218"><ele>214</ele></trkpt>
   <trkpt lat="49.601202" lon="17.274383"><ele>214</ele></trkpt>
   <trkpt lat="49.600091" lon="17.274899"><ele>213.75</ele></trkpt>
   <trkpt lat="49.599228" lon="17.275317"><ele>214</ele></trkpt>
   <trkpt lat="49.598687" lon="17.275583"><ele>213.75</ele></trkpt>
   <trkpt lat="49.597556" lon="17.276134"><ele>214</ele></trkpt>
   <trkpt lat="49.597518" lon="17.276152"><ele>214</ele></trkpt>
   <trkpt lat="49.597422" lon="17.276196"><ele>214</ele></trkpt>
   <trkpt lat="49.597192" lon="17.276302"><ele>214</ele></trkpt>
   <trkpt lat="49.59697" lon="17.276424"><ele>214</ele></trkpt>
   <trkpt lat="49.596643" lon="17.276621"><ele>214</ele></trkpt>
   <trkpt lat="49.596539" lon="17.276672"><ele>214</ele></trkpt>
   <trkpt lat="49.596131" lon="17.276861"><ele>214.25</ele></trkpt>
   <trkpt lat="49.59611" lon="17.276871"><ele>214.25</ele></trkpt>
   <trkpt lat="49.596056" lon="17.276895"><ele>214</ele></trkpt>
   <trkpt lat="49.595695" lon="17.277064"><ele>214</ele></trkpt>
   <trkpt lat="49.595452" lon="17.277153"><ele>214</ele></trkpt>
   <trkpt lat="49.595203" lon="17.277232"><ele>214</ele></trkpt>
   <trkpt lat="49.595018" lon="17.277306"><ele>213.75</ele></trkpt>
   <trkpt lat="49.594946" lon="17.277339"><ele>214</ele></trkpt>
   <trkpt lat="49.594394" lon="17.277595"><ele>214</ele></trkpt>
   <trkpt lat="49.593999" lon="17.277778"><ele>214</ele></trkpt>
   <trkpt lat="49.592884" lon="17.278292"><ele>213.75</ele></trkpt>
   <trkpt lat="49.591909" lon="17.278747"><ele>214</ele></trkpt>
   <trkpt lat="49.590999" lon="17.279154"><ele>214</ele></trkpt>
   <trkpt lat="49.589883" lon="17.279626"><ele>214.5</ele></trkpt>
   <trkpt lat="49.588946" lon="17.280041"><ele>214</ele></trkpt>
   <trkpt lat="49.58859" lon="17.280204"><ele>214</ele></trkpt>
   <trkpt lat="49.588553" lon="17.280221"><ele>214</ele></trkpt>
   <trkpt lat="49.58854" lon="17.280226"><ele>214</ele></trkpt>
   <trkpt lat="49.588516" lon="17.280238"><ele>214</ele></trkpt>
   <trkpt lat="49.587985" lon="17.280485"><ele>214</ele></trkpt>
   <trkpt lat="49.587339" lon="17.280782"><ele>214</ele></trkpt>
   <trkpt lat="49.586621" lon="17.281112"><ele>214</ele></trkpt>
   <trkpt lat="49.586259" lon="17.281277"><ele>214</ele></trkpt>
   <trkpt lat="49.585262" lon="17.281706"><ele>214</ele></trkpt>
   <trkpt lat="49.584207" lon="17.282174"><ele>214</ele></trkpt>
   <trkpt lat="49.583775" lon="17.282367"><ele>214</ele></trkpt>
   <trkpt lat="49.583339" lon="17.282566"><ele>214</ele></trkpt>
   <trkpt lat="49.5774" lon="17.28531"><ele>211.5</ele></trkpt>
   <trkpt lat="49.575174" lon="17.286332"><ele>210.25</ele></trkpt>
   <trkpt lat="49.575162" lon="17.286338"><ele>210.25</ele></trkpt>
   <trkpt lat="49.574006" lon="17.286871"><ele>210.25</ele></trkpt>
   <trkpt lat="49.573941" lon="17.286901"><ele>210</ele></trkpt>
   <trkpt lat="49.568141" lon="17.289575"><ele>209.25</ele></trkpt>
   <trkpt lat="49.567061" lon="17.290074"><ele>209.25</ele></trkpt>
   <trkpt lat="49.566941" lon="17.290129"><ele>208.75</ele></trkpt>
   <trkpt lat="49.562651" lon="17.292106"><ele>209</ele></trkpt>
   <trkpt lat="49.561836" lon="17.29248"><ele>209</ele></trkpt>
   <trkpt lat="49.561825" lon="17.292486"><ele>209</ele></trkpt>
   <trkpt lat="49.559783" lon="17.293427"><ele>208.25</ele></trkpt>
   <trkpt lat="49.559695" lon="17.293468"><ele>208.25</ele></trkpt>
   <trkpt lat="49.559606" lon="17.293509"><ele>208.5</ele></trkpt>
   <trkpt lat="49.553271" lon="17.296424"><ele>208</ele></trkpt>
   <trkpt lat="49.553105" lon="17.2965"><ele>208</ele></trkpt>
   <trkpt lat="49.5507" lon="17.29761"><ele>207.75</ele></trkpt>
   <trkpt lat="49.549964" lon="17.297948"><ele>208</ele></trkpt>
   <trkpt lat="49.549952" lon="17.297953"><ele>208.25</ele></trkpt>
   <trkpt lat="49.548447" lon="17.298647"><ele>208.25</ele></trkpt>
   <trkpt lat="49.54839" lon="17.298673"><ele>208</ele></trkpt>
   <trkpt lat="49.545982" lon="17.29978"><ele>208</ele></trkpt>
   <trkpt lat="49.54588" lon="17.299827"><ele>208.25</ele></trkpt>
   <trkpt lat="49.545557" lon="17.299975"><ele>208.75</ele></trkpt>
   <trkpt lat="49.54353" lon="17.300907"><ele>208.75</ele></trkpt>
   <trkpt lat="49.543397" lon="17.300969"><ele>208.5</ele></trkpt>
   <trkpt lat="49.542568" lon="17.301353"><ele>208</ele></trkpt>
   <trkpt lat="49.541118" lon="17.302022"><ele>206.5</ele></trkpt>
   <trkpt lat="49.540681" lon="17.302222"><ele>207.75</ele></trkpt>
   <trkpt lat="49.53878" lon="17.303082"><ele>207.25</ele></trkpt>
   <trkpt lat="49.538737" lon="17.303102"><ele>207.25</ele></trkpt>
   <trkpt lat="49.538087" lon="17.303476"><ele>206.75</ele></trkpt>
   <trkpt lat="49.538014" lon="17.30351"><ele>207</ele></trkpt>
   <trkpt lat="49.537337" lon="17.30375"><ele>207.25</ele></trkpt>
   <trkpt lat="49.537325" lon="17.303756"><ele>207.25</ele></trkpt>
   <trkpt lat="49.537285" lon="17.303773"><ele>207.25</ele></trkpt>
   <trkpt lat="49.537251" lon="17.303789"><ele>207.5</ele></trkpt>
   <trkpt lat="49.537213" lon="17.303807"><ele>207.5</ele></trkpt>
   <trkpt lat="49.537125" lon="17.303846"><ele>207.25</ele></trkpt>
   <trkpt lat="49.536423" lon="17.304174"><ele>207</ele></trkpt>
   <trkpt lat="49.533654" lon="17.305442"><ele>206.5</ele></trkpt>
   <trkpt lat="49.533012" lon="17.30574"><ele>206.5</ele></trkpt>
   <trkpt lat="49.531132" lon="17.306604"><ele>206</ele></trkpt>
   <trkpt lat="49.530168" lon="17.307048"><ele>206</ele></trkpt>
   <trkpt lat="49.52943" lon="17.307386"><ele>205.75</ele></trkpt>
   <trkpt lat="49.529394" lon="17.307402"><ele>205.75</ele></trkpt>
   <trkpt lat="49.529356" lon="17.307419"><ele>205.75</ele></trkpt>
   <trkpt lat="49.528707" lon="17.307787"><ele>205</ele></trkpt>
   <trkpt lat="49.528635" lon="17.307819"><ele>205</ele></trkpt>
   <trkpt lat="49.527928" lon="17.308147"><ele>205</ele></trkpt>
   <trkpt lat="49.52419" lon="17.309865"><ele>209</ele></trkpt>
   <trkpt lat="49.523728" lon="17.310077"><ele>204.75</ele></trkpt>
   <trkpt lat="49.519197" lon="17.31216"><ele>204.75</ele></trkpt>
   <trkpt lat="49.514673" lon="17.314242"><ele>204.5</ele></trkpt>
   <trkpt lat="49.514665" lon="17.314246"><ele>204.5</ele></trkpt>
   <trkpt lat="49.511472" lon="17.315714"><ele>203.75</ele></trkpt>
   <trkpt lat="49.511347" lon="17.315771"><ele>204</ele></trkpt>
   <trkpt lat="49.509171" lon="17.316773"><ele>204</ele></trkpt>
   <trkpt lat="49.509073" lon="17.316819"><ele>203.75</ele></trkpt>
   <trkpt lat="49.503521" lon="17.319369"><ele>203.5</ele></trkpt>
   <trkpt lat="49.503514" lon="17.319372"><ele>203.5</ele></trkpt>
   <trkpt lat="49.500622" lon="17.3207"><ele>203.5</ele></trkpt>
   <trkpt lat="49.496733" lon="17.322488"><ele>201.75</ele></trkpt>
   <trkpt lat="49.496545" lon="17.322572"><ele>202</ele></trkpt>
   <trkpt lat="49.495501" lon="17.323057"><ele>204.5</ele></trkpt>
   <trkpt lat="49.49483" lon="17.323383"><ele>204</ele></trkpt>
   <trkpt lat="49.494821" lon="17.323387"><ele>204</ele></trkpt>
   <trkpt lat="49.493999" lon="17.323833"><ele>204.5</ele></trkpt>
   <trkpt lat="49.493537" lon="17.324106"><ele>204.5</ele></trkpt>
   <trkpt lat="49.493037" lon="17.324418"><ele>205.5</ele></trkpt>
   <trkpt lat="49.492416" lon="17.324835"><ele>204</ele></trkpt>
   <trkpt lat="49.492302" lon="17.324915"><ele>204.5</ele></trkpt>
   <trkpt lat="49.491627" lon="17.325406"><ele>204</ele></trkpt>
   <trkpt lat="49.49126" lon="17.325687"><ele>204.5</ele></trkpt>
   <trkpt lat="49.490664" lon="17.326173"><ele>204.25</ele></trkpt>
   <trkpt lat="49.490564" lon="17.326257"><ele>204.5</ele></trkpt>
   <trkpt lat="49.490447" lon="17.326358"><ele>205.25</ele></trkpt>
   <trkpt lat="49.4903" lon="17.326486"><ele>205</ele></trkpt>
   <trkpt lat="49.490053" lon="17.326703"><ele>204.75</ele></trkpt>
   <trkpt lat="49.489576" lon="17.327145"><ele>204.5</ele></trkpt>
   <trkpt lat="49.489106" lon="17.327599"><ele>204.25</ele></trkpt>
   <trkpt lat="49.488695" lon="17.328006"><ele>204.5</ele></trkpt>
   <trkpt lat="49.488241" lon="17.328484"><ele>204.25</ele></trkpt>
   <trkpt lat="49.4878" lon="17.328966"><ele>204</ele></trkpt>
   <trkpt lat="49.487368" lon="17.329463"><ele>204.25</ele></trkpt>
   <trkpt lat="49.486598" lon="17.330402"><ele>204.5</ele></trkpt>
   <trkpt lat="49.486293" lon="17.330801"><ele>204.5</ele></trkpt>
   <trkpt lat="49.485952" lon="17.331257"><ele>204.5</ele></trkpt>
   <trkpt lat="49.485419" lon="17.332006"><ele>204.5</ele></trkpt>
   <trkpt lat="49.485038" lon="17.33257"><ele>204</ele></trkpt>
   <trkpt lat="49.484701" lon="17.333091"><ele>204.75</ele></trkpt>
   <trkpt lat="49.484048" lon="17.334146"><ele>204.25</ele></trkpt>
   <trkpt lat="49.483537" lon="17.334991"><ele>204.25</ele></trkpt>
   <trkpt lat="49.483485" lon="17.335078"><ele>204</ele></trkpt>
   <trkpt lat="49.483403" lon="17.335217"><ele>203.75</ele></trkpt>
   <trkpt lat="49.483259" lon="17.335464"><ele>203</ele></trkpt>
   <trkpt lat="49.483" lon="17.335891"><ele>205</ele></trkpt>
   <trkpt lat="49.482967" lon="17.335948"><ele>205</ele></trkpt>
   <trkpt lat="49.482532" lon="17.336669"><ele>205</ele></trkpt>
   <trkpt lat="49.482329" lon="17.337016"><ele>205</ele></trkpt>
   <trkpt lat="49.478799" lon="17.342903"><ele>204</ele></trkpt>
   <trkpt lat="49.476542" lon="17.346668"><ele>203.75</ele></trkpt>
   <trkpt lat="49.47595" lon="17.347656"><ele>203.75</ele></trkpt>
   <trkpt lat="49.475863" lon="17.3478"><ele>203.75</ele></trkpt>
   <trkpt lat="49.4758" lon="17.347905"><ele>203.75</ele></trkpt>
   <trkpt lat="49.475322" lon="17.348705"><ele>202.75</ele></trkpt>
   <trkpt lat="49.475268" lon="17.348793"><ele>202.75</ele></trkpt>
   <trkpt lat="49.474858" lon="17.349481"><ele>202</ele></trkpt>
   <trkpt lat="49.473338" lon="17.352017"><ele>202.75</ele></trkpt>
   <trkpt lat="49.473263" lon="17.352142"><ele>202.75</ele></trkpt>
   <trkpt lat="49.473179" lon="17.352282"><ele>202.75</ele></trkpt>
   <trkpt lat="49.473035" lon="17.352522"><ele>202.75</ele></trkpt>
   <trkpt lat="49.469984" lon="17.357613"><ele>203.5</ele></trkpt>
   <trkpt lat="49.469539" lon="17.358345"><ele>203.75</ele></trkpt>
   <trkpt lat="49.469275" lon="17.358795"><ele>203.5</ele></trkpt>
   <trkpt lat="49.468078" lon="17.360787"><ele>203</ele></trkpt>
   <trkpt lat="49.467979" lon="17.360952"><ele>203.5</ele></trkpt>
   <trkpt lat="49.466575" lon="17.363291"><ele>204</ele></trkpt>
   <trkpt lat="49.463599" lon="17.368258"><ele>204.5</ele></trkpt>
   <trkpt lat="49.462895" lon="17.369491"><ele>204.5</ele></trkpt>
   <trkpt lat="49.462329" lon="17.370532"><ele>204.75</ele></trkpt>
   <trkpt lat="49.46221" lon="17.370758"><ele>204.75</ele></trkpt>
   <trkpt lat="49.461889" lon="17.371403"><ele>205</ele></trkpt>
   <trkpt lat="49.461578" lon="17.372063"><ele>205</ele></trkpt>
   <trkpt lat="49.461281" lon="17.372732"><ele>205</ele></trkpt>
   <trkpt lat="49.460916" lon="17.373587"><ele>205.5</ele></trkpt>
   <trkpt lat="49.460896" lon="17.373635"><ele>205.75</ele></trkpt>
   <trkpt lat="49.460648" lon="17.37424"><ele>205</ele></trkpt>
   <trkpt lat="49.460605" lon="17.374348"><ele>205.5</ele></trkpt>
   <trkpt lat="49.460405" lon="17.374842"><ele>205.25</ele></trkpt>
   <trkpt lat="49.460117" lon="17.375569"><ele>204.5</ele></trkpt>
   <trkpt lat="49.459835" lon="17.37631"><ele>204.5</ele></trkpt>
   <trkpt lat="49.459554" lon="17.377066"><ele>204.25</ele></trkpt>
   <trkpt lat="49.459135" lon="17.378242"><ele>204.75</ele></trkpt>
   <trkpt lat="49.459073" lon="17.378417"><ele>204.25</ele></trkpt>
   <trkpt lat="49.45823" lon="17.380817"><ele>204</ele></trkpt>
   <trkpt lat="49.457412" lon="17.38314"><ele>204.25</ele></trkpt>
   <trkpt lat="49.45718" lon="17.383791"><ele>204.75</ele></trkpt>
   <trkpt lat="49.456775" lon="17.384952"><ele>204</ele></trkpt>
   <trkpt lat="49.456704" lon="17.385157"><ele>204.75</ele></trkpt>
   <trkpt lat="49.456035" lon="17.387074"><ele>204.25</ele></trkpt>
   <trkpt lat="49.455362" lon="17.389"><ele>205.25</ele></trkpt>
   <trkpt lat="49.455108" lon="17.389733"><ele>204.5</ele></trkpt>
   <trkpt lat="49.455101" lon="17.389751"><ele>204.5</ele></trkpt>
   <trkpt lat="49.455037" lon="17.389938"><ele>205.5</ele></trkpt>
   <trkpt lat="49.454678" lon="17.391027"><ele>205.75</ele></trkpt>
   <trkpt lat="49.453704" lon="17.394145"><ele>205.5</ele></trkpt>
   <trkpt lat="49.45341" lon="17.395234"><ele>206</ele></trkpt>
   <trkpt lat="49.453345" lon="17.395448"><ele>205.75</ele></trkpt>
   <trkpt lat="49.452652" lon="17.397489"><ele>206</ele></trkpt>
   <trkpt lat="49.452462" lon="17.398093"><ele>206</ele></trkpt>
   <trkpt lat="49.452316" lon="17.398612"><ele>206.75</ele></trkpt>
   <trkpt lat="49.452188" lon="17.399123"><ele>206.75</ele></trkpt>
   <trkpt lat="49.45204" lon="17.399811"><ele>207.25</ele></trkpt>
   <trkpt lat="49.45195" lon="17.400314"><ele>206.75</ele></trkpt>
   <trkpt lat="49.451873" lon="17.40081"><ele>206.75</ele></trkpt>
   <trkpt lat="49.451809" lon="17.401302"><ele>207.5</ele></trkpt>
   <trkpt lat="49.451754" lon="17.401846"><ele>207.5</ele></trkpt>
   <trkpt lat="49.451734" lon="17.402099"><ele>207.25</ele></trkpt>
   <trkpt lat="49.451701" lon="17.402614"><ele>207</ele></trkpt>
   <trkpt lat="49.451682" lon="17.403104"><ele>207</ele></trkpt>
   <trkpt lat="49.451677" lon="17.40338"><ele>207</ele></trkpt>
   <trkpt lat="49.451678" lon="17.403995"><ele>207</ele></trkpt>
   <trkpt lat="49.451697" lon="17.404599"><ele>207.5</ele></trkpt>
   <trkpt lat="49.451738" lon="17.405224"><ele>208.25</ele></trkpt>
   <trkpt lat="49.451815" lon="17.406033"><ele>208.75</ele></trkpt>
   <trkpt lat="49.452081" lon="17.408169"><ele>208</ele></trkpt>
   <trkpt lat="49.452089" lon="17.408233"><ele>207.75</ele></trkpt>
   <trkpt lat="49.45214" lon="17.408742"><ele>207</ele></trkpt>
   <trkpt lat="49.452179" lon="17.409335"><ele>206.75</ele></trkpt>
   <trkpt lat="49.45221" lon="17.409655"><ele>206.75</ele></trkpt>
   <trkpt lat="49.452232" lon="17.40985"><ele>206.75</ele></trkpt>
   <trkpt lat="49.45228" lon="17.410384"><ele>206.5</ele></trkpt>
   <trkpt lat="49.452311" lon="17.41089"><ele>207</ele></trkpt>
   <trkpt lat="49.452342" lon="17.411207"><ele>206.5</ele></trkpt>
   <trkpt lat="49.452364" lon="17.411407"><ele>206.25</ele></trkpt>
   <trkpt lat="49.452399" lon="17.411763"><ele>206.75</ele></trkpt>
   <trkpt lat="49.452451" lon="17.412517"><ele>207.25</ele></trkpt>
   <trkpt lat="49.452485" lon="17.412829"><ele>207.75</ele></trkpt>
   <trkpt lat="49.4525" lon="17.41295"><ele>207.75</ele></trkpt>
   <trkpt lat="49.452502" lon="17.412966"><ele>207.75</ele></trkpt>
   <trkpt lat="49.452513" lon="17.413057"><ele>207.75</ele></trkpt>
   <trkpt lat="49.452601" lon="17.413748"><ele>205.75</ele></trkpt>
   <trkpt lat="49.45271" lon="17.414518"><ele>207</ele></trkpt>
   <trkpt lat="49.45279" lon="17.415007"><ele>207.75</ele></trkpt>
   <trkpt lat="49.452908" lon="17.415832"><ele>206</ele></trkpt>
   <trkpt lat="49.452957" lon="17.416214"><ele>206</ele></trkpt>
   <trkpt lat="49.453755" lon="17.422564"><ele>207.5</ele></trkpt>
   <trkpt lat="49.453839" lon="17.423239"><ele>208</ele></trkpt>
   <trkpt lat="49.454353" lon="17.427346"><ele>208</ele></trkpt>
   <trkpt lat="49.454405" lon="17.427719"><ele>208.75</ele></trkpt>
   <trkpt lat="49.45453" lon="17.428526"><ele>207.5</ele></trkpt>
   <trkpt lat="49.454596" lon="17.428865"><ele>207.75</ele></trkpt>
   <trkpt lat="49.45466" lon="17.429165"><ele>209.5</ele></trkpt>
   <trkpt lat="49.454729" lon="17.429442"><ele>208.75</ele></trkpt>
   <trkpt lat="49.454848" lon="17.429845"><ele>208</ele></trkpt>
   <trkpt lat="49.454955" lon="17.430166"><ele>208.75</ele></trkpt>
   <trkpt lat="49.45518" lon="17.430725"><ele>208.75</ele></trkpt>
   <trkpt lat="49.455292" lon="17.430966"><ele>209.5</ele></trkpt>
   <trkpt lat="49.455507" lon="17.431377"><ele>210.25</ele></trkpt>
   <trkpt lat="49.455807" lon="17.431858"><ele>209</ele></trkpt>
   <trkpt lat="49.456047" lon="17.432186"><ele>210</ele></trkpt>
   <trkpt lat="49.456217" lon="17.432388"><ele>209</ele></trkpt>
   <trkpt lat="49.456375" lon="17.432558"><ele>209.5</ele></trkpt>
   <trkpt lat="49.456604" lon="17.432786"><ele>209.5</ele></trkpt>
   <trkpt lat="49.456762" lon="17.432926"><ele>209.5</ele></trkpt>
   <trkpt lat="49.456941" lon="17.433065"><ele>210.75</ele></trkpt>
   <trkpt lat="49.457304" lon="17.433313"><ele>209.75</ele></trkpt>
   <trkpt lat="49.457496" lon="17.433424"><ele>209.5</ele></trkpt>
   <trkpt lat="49.457889" lon="17.433623"><ele>210.5</ele></trkpt>
   <trkpt lat="49.458743" lon="17.434039"><ele>210.75</ele></trkpt>
   <trkpt lat="49.459204" lon="17.434298"><ele>210.75</ele></trkpt>
   <trkpt lat="49.459439" lon="17.434448"><ele>211</ele></trkpt>
   <trkpt lat="49.459855" lon="17.434764"><ele>211</ele></trkpt>
   <trkpt lat="49.46027" lon="17.435138"><ele>211</ele></trkpt>
   <trkpt lat="49.460455" lon="17.435327"><ele>210.75</ele></trkpt>
   <trkpt lat="49.460684" lon="17.435582"><ele>211</ele></trkpt>
   <trkpt lat="49.461036" lon="17.436018"><ele>211.25</ele></trkpt>
   <trkpt lat="49.461176" lon="17.436211"><ele>211.25</ele></trkpt>
   <trkpt lat="49.461511" lon="17.436722"><ele>211.25</ele></trkpt>
   <trkpt lat="49.46167" lon="17.436992"><ele>211.75</ele></trkpt>
   <trkpt lat="49.461954" lon="17.437527"><ele>211.75</ele></trkpt>
   <trkpt lat="49.462313" lon="17.438264"><ele>211.5</ele></trkpt>
   <trkpt lat="49.462632" lon="17.438936"><ele>210.75</ele></trkpt>
   <trkpt lat="49.462764" lon="17.439211"><ele>209.5</ele></trkpt>
   <trkpt lat="49.462871" lon="17.439448"><ele>211.5</ele></trkpt>
   <trkpt lat="49.464333" lon="17.44267"><ele>212.5</ele></trkpt>
   <trkpt lat="49.464641" lon="17.443283"><ele>213.25</ele></trkpt>
   <trkpt lat="49.464783" lon="17.443545"><ele>214</ele></trkpt>
   <trkpt lat="49.464931" lon="17.4438"><ele>213.5</ele></trkpt>
   <trkpt lat="49.465096" lon="17.444062"><ele>213.75</ele></trkpt>
   <trkpt lat="49.465443" lon="17.444561"><ele>214</ele></trkpt>
   <trkpt lat="49.465638" lon="17.444809"><ele>214</ele></trkpt>
   <trkpt lat="49.466026" lon="17.445253"><ele>214</ele></trkpt>
   <trkpt lat="49.466218" lon="17.445449"><ele>214</ele></trkpt>
   <trkpt lat="49.466434" lon="17.445653"><ele>213.75</ele></trkpt>
   <trkpt lat="49.466643" lon="17.445836"><ele>213.75</ele></trkpt>
   <trkpt lat="49.466911" lon="17.446047"><ele>214.5</ele></trkpt>
   <trkpt lat="49.467177" lon="17.446237"><ele>214.25</ele></trkpt>
   <trkpt lat="49.467617" lon="17.446497"><ele>213.25</ele></trkpt>
   <trkpt lat="49.467706" lon="17.446544"><ele>213.25</ele></trkpt>
   <trkpt lat="49.468163" lon="17.446749"><ele>214</ele></trkpt>
   <trkpt lat="49.468817" lon="17.446973"><ele>215</ele></trkpt>
   <trkpt lat="49.469384" lon="17.447099"><ele>215</ele></trkpt>
   <trkpt lat="49.470086" lon="17.447237"><ele>215.75</ele></trkpt>
   <trkpt lat="49.470097" lon="17.447239"><ele>215.75</ele></trkpt>
   <trkpt lat="49.470311" lon="17.447277"><ele>215.5</ele></trkpt>
   <trkpt lat="49.470992" lon="17.447418"><ele>215.25</ele></trkpt>
   <trkpt lat="49.471704" lon="17.447604"><ele>215.75</ele></trkpt>
   <trkpt lat="49.47184" lon="17.447649"><ele>215.25</ele></trkpt>
   <trkpt lat="49.47213" lon="17.447752"><ele>216.5</ele></trkpt>
   <trkpt lat="49.47279" lon="17.448011"><ele>216.5</ele></trkpt>
   <trkpt lat="49.473238" lon="17.448236"><ele>216.25</ele></trkpt>
   <trkpt lat="49.473777" lon="17.448529"><ele>216.5</ele></trkpt>
   <trkpt lat="49.474603" lon="17.449075"><ele>217.25</ele></trkpt>
   <trkpt lat="49.475064" lon="17.44942"><ele>218</ele></trkpt>
   <trkpt lat="49.47547" lon="17.449746"><ele>220.25</ele></trkpt>
   <trkpt lat="49.476033" lon="17.450232"><ele>217.75</ele></trkpt>
   <trkpt lat="49.476405" lon="17.450592"><ele>217.75</ele></trkpt>
   <trkpt lat="49.476844" lon="17.451053"><ele>218</ele></trkpt>
   <trkpt lat="49.477269" lon="17.451532"><ele>218.25</ele></trkpt>
   <trkpt lat="49.478377" lon="17.452824"><ele>219.25</ele></trkpt>
   <trkpt lat="49.478385" lon="17.452833"><ele>219.25</ele></trkpt>
   <trkpt lat="49.479693" lon="17.454358"><ele>220</ele></trkpt>
   <trkpt lat="49.479848" lon="17.454538"><ele>219</ele></trkpt>
   <trkpt lat="49.481818" lon="17.456845"><ele>219.75</ele></trkpt>
   <trkpt lat="49.481969" lon="17.457021"><ele>220.25</ele></trkpt>
   <trkpt lat="49.484144" lon="17.45956"><ele>220.75</ele></trkpt>
   <trkpt lat="49.484294" lon="17.459734"><ele>221</ele></trkpt>
   <trkpt lat="49.485681" lon="17.461356"><ele>221.75</ele></trkpt>
   <trkpt lat="49.485691" lon="17.461368"><ele>221.75</ele></trkpt>
   <trkpt lat="49.491745" lon="17.468448"><ele>225</ele></trkpt>
   <trkpt lat="49.49188" lon="17.468609"><ele>225</ele></trkpt>
   <trkpt lat="49.493038" lon="17.469964"><ele>226.25</ele></trkpt>
   <trkpt lat="49.493396" lon="17.470383"><ele>225.75</ele></trkpt>
   <trkpt lat="49.49516" lon="17.472449"><ele>226.25</ele></trkpt>
   <trkpt lat="49.495195" lon="17.472489"><ele>226.25</ele></trkpt>
   <trkpt lat="49.49733" lon="17.475064"><ele>227.75</ele></trkpt>
   <trkpt lat="49.497815" lon="17.475642"><ele>228.5</ele></trkpt>
   <trkpt lat="49.497877" lon="17.475709"><ele>228.5</ele></trkpt>
   <trkpt lat="49.497977" lon="17.475843"><ele>228.75</ele></trkpt>
   <trkpt lat="49.498151" lon="17.476076"><ele>228.75</ele></trkpt>
   <trkpt lat="49.49832" lon="17.476302"><ele>228.75</ele></trkpt>
   <trkpt lat="49.498454" lon="17.476466"><ele>228</ele></trkpt>
   <trkpt lat="49.49941" lon="17.477578"><ele>229.25</ele></trkpt>
   <trkpt lat="49.499745" lon="17.47797"><ele>229.75</ele></trkpt>
   <trkpt lat="49.500033" lon="17.478333"><ele>229.75</ele></trkpt>
   <trkpt lat="49.500192" lon="17.478545"><ele>230</ele></trkpt>
   <trkpt lat="49.500395" lon="17.478814"><ele>230.25</ele></trkpt>
   <trkpt lat="49.500733" lon="17.479315"><ele>230</ele></trkpt>
   <trkpt lat="49.50105" lon="17.479843"><ele>230.5</ele></trkpt>
   <trkpt lat="49.501344" lon="17.480385"><ele>230.75</ele></trkpt>
   <trkpt lat="49.501615" lon="17.480939"><ele>230.75</ele></trkpt>
   <trkpt lat="49.501858" lon="17.481503"><ele>230.5</ele></trkpt>
   <trkpt lat="49.502094" lon="17.482111"><ele>230.5</ele></trkpt>
   <trkpt lat="49.502427" lon="17.483086"><ele>231.5</ele></trkpt>
   <trkpt lat="49.503032" lon="17.485"><ele>231.75</ele></trkpt>
   <trkpt lat="49.504569" lon="17.489835"><ele>231.25</ele></trkpt>
   <trkpt lat="49.505078" lon="17.491447"><ele>231.25</ele></trkpt>
   <trkpt lat="49.505103" lon="17.491522"><ele>231</ele></trkpt>
   <trkpt lat="49.505113" lon="17.491555"><ele>230.75</ele></trkpt>
   <trkpt lat="49.506043" lon="17.494485"><ele>232.75</ele></trkpt>
   <trkpt lat="49.506053" lon="17.494517"><ele>232.75</ele></trkpt>
   <trkpt lat="49.506162" lon="17.494857"><ele>232.75</ele></trkpt>
   <trkpt lat="49.506454" lon="17.495779"><ele>232.75</ele></trkpt>
   <trkpt lat="49.506518" lon="17.495982"><ele>232.25</ele></trkpt>
   <trkpt lat="49.507024" lon="17.497569"><ele>233.25</ele></trkpt>
   <trkpt lat="49.507214" lon="17.498166"><ele>234.25</ele></trkpt>
   <trkpt lat="49.507331" lon="17.498533"><ele>233.5</ele></trkpt>
   <trkpt lat="49.507533" lon="17.499155"><ele>235</ele></trkpt>
   <trkpt lat="49.507789" lon="17.499883"><ele>235.25</ele></trkpt>
   <trkpt lat="49.508026" lon="17.500515"><ele>235.75</ele></trkpt>
   <trkpt lat="49.50829" lon="17.501148"><ele>235.25</ele></trkpt>
   <trkpt lat="49.508417" lon="17.501438"><ele>234.5</ele></trkpt>
   <trkpt lat="49.508597" lon="17.501839"><ele>235.75</ele></trkpt>
   <trkpt lat="49.508917" lon="17.502482"><ele>236</ele></trkpt>
   <trkpt lat="49.509259" lon="17.503114"><ele>236.75</ele></trkpt>
   <trkpt lat="49.509612" lon="17.503713"><ele>236.25</ele></trkpt>
   <trkpt lat="49.509971" lon="17.504281"><ele>236.75</ele></trkpt>
   <trkpt lat="49.510353" lon="17.504845"><ele>237.25</ele></trkpt>
   <trkpt lat="49.513054" lon="17.508735"><ele>238.75</ele></trkpt>
   <trkpt lat="49.513061" lon="17.508744"><ele>239</ele></trkpt>
   <trkpt lat="49.514494" lon="17.510814"><ele>238</ele></trkpt>
   <trkpt lat="49.514768" lon="17.511224"><ele>237.75</ele></trkpt>
   <trkpt lat="49.515048" lon="17.511673"><ele>237.5</ele></trkpt>
   <trkpt lat="49.515271" lon="17.512072"><ele>237.75</ele></trkpt>
   <trkpt lat="49.515453" lon="17.512427"><ele>233</ele></trkpt>
   <trkpt lat="49.515599" lon="17.512748"><ele>232</ele></trkpt>
   <trkpt lat="49.515909" lon="17.513515"><ele>235.75</ele></trkpt>
   <trkpt lat="49.516103" lon="17.514086"><ele>239</ele></trkpt>
   <trkpt lat="49.516274" lon="17.514705"><ele>236.25</ele></trkpt>
   <trkpt lat="49.516424" lon="17.515352"><ele>239.25</ele></trkpt>
   <trkpt lat="49.516542" lon="17.515992"><ele>238.25</ele></trkpt>
   <trkpt lat="49.516629" lon="17.516643"><ele>239.5</ele></trkpt>
   <trkpt lat="49.516695" lon="17.517308"><ele>240.75</ele></trkpt>
   <trkpt lat="49.516741" lon="17.517985"><ele>241.5</ele></trkpt>
   <trkpt lat="49.516887" lon="17.520557"><ele>241</ele></trkpt>
   <trkpt lat="49.516888" lon="17.520568"><ele>241</ele></trkpt>
   <trkpt lat="49.517039" lon="17.523285"><ele>242.5</ele></trkpt>
   <trkpt lat="49.517066" lon="17.523629"><ele>242.75</ele></trkpt>
   <trkpt lat="49.517129" lon="17.524331"><ele>242.25</ele></trkpt>
   <trkpt lat="49.517182" lon="17.524722"><ele>242.75</ele></trkpt>
   <trkpt lat="49.517302" lon="17.525399"><ele>243.25</ele></trkpt>
   <trkpt lat="49.517449" lon="17.526077"><ele>243.5</ele></trkpt>
   <trkpt lat="49.517631" lon="17.526748"><ele>242.75</ele></trkpt>
   <trkpt lat="49.517839" lon="17.527386"><ele>242.5</ele></trkpt>
   <trkpt lat="49.518079" lon="17.52801"><ele>243</ele></trkpt>
   <trkpt lat="49.518347" lon="17.52863"><ele>243.75</ele></trkpt>
   <trkpt lat="49.51864" lon="17.529282"><ele>243.25</ele></trkpt>
   <trkpt lat="49.519868" lon="17.531961"><ele>242.25</ele></trkpt>
   <trkpt lat="49.519935" lon="17.532107"><ele>242.75</ele></trkpt>
   <trkpt lat="49.520037" lon="17.532338"><ele>243.75</ele></trkpt>
   <trkpt lat="49.520571" lon="17.533506"><ele>244.25</ele></trkpt>
   <trkpt lat="49.520578" lon="17.533521"><ele>244.25</ele></trkpt>
   <trkpt lat="49.525285" lon="17.543824"><ele>248</ele></trkpt>
   <trkpt lat="49.525577" lon="17.54447"><ele>248.25</ele></trkpt>
   <trkpt lat="49.525791" lon="17.544966"><ele>248.75</ele></trkpt>
   <trkpt lat="49.526068" lon="17.545648"><ele>248</ele></trkpt>
   <trkpt lat="49.526289" lon="17.546295"><ele>248.25</ele></trkpt>
   <trkpt lat="49.526454" lon="17.54689"><ele>248.75</ele></trkpt>
   <trkpt lat="49.526604" lon="17.54752"><ele>248.25</ele></trkpt>
   <trkpt lat="49.526718" lon="17.548133"><ele>246.75</ele></trkpt>
   <trkpt lat="49.52681" lon="17.548761"><ele>246</ele></trkpt>
   <trkpt lat="49.526877" lon="17.549453"><ele>247.25</ele></trkpt>
   <trkpt lat="49.526915" lon="17.55018"><ele>248.5</ele></trkpt>
   <trkpt lat="49.526927" lon="17.550896"><ele>249</ele></trkpt>
   <trkpt lat="49.526923" lon="17.551883"><ele>246</ele></trkpt>
   <trkpt lat="49.526917" lon="17.552337"><ele>243.5</ele></trkpt>
   <trkpt lat="49.526886" lon="17.556914"><ele>250.5</ele></trkpt>
   <trkpt lat="49.526867" lon="17.559196"><ele>251.25</ele></trkpt>
   <trkpt lat="49.526845" lon="17.562553"><ele>252</ele></trkpt>
   <trkpt lat="49.526832" lon="17.56425"><ele>253.5</ele></trkpt>
   <trkpt lat="49.526831" lon="17.564487"><ele>253.5</ele></trkpt>
   <trkpt lat="49.52683" lon="17.564571"><ele>253.5</ele></trkpt>
   <trkpt lat="49.526828" lon="17.565196"><ele>253.5</ele></trkpt>
   <trkpt lat="49.52684" lon="17.565811"><ele>253</ele></trkpt>
   <trkpt lat="49.526884" lon="17.566519"><ele>252.75</ele></trkpt>
   <trkpt lat="49.526964" lon="17.567209"><ele>253</ele></trkpt>
   <trkpt lat="49.527067" lon="17.567829"><ele>254</ele></trkpt>
   <trkpt lat="49.527216" lon="17.568485"><ele>253.75</ele></trkpt>
   <trkpt lat="49.527315" lon="17.568858"><ele>254.25</ele></trkpt>
   <trkpt lat="49.52733" lon="17.568914"><ele>254.25</ele></trkpt>
   <trkpt lat="49.527457" lon="17.569298"><ele>253.5</ele></trkpt>
   <trkpt lat="49.527763" lon="17.57006"><ele>254</ele></trkpt>
   <trkpt lat="49.527791" lon="17.57013"><ele>254.25</ele></trkpt>
   <trkpt lat="49.527806" lon="17.570168"><ele>254.5</ele></trkpt>
   <trkpt lat="49.528068" lon="17.57087"><ele>255</ele></trkpt>
   <trkpt lat="49.528259" lon="17.571295"><ele>255</ele></trkpt>
   <trkpt lat="49.528291" lon="17.571357"><ele>255</ele></trkpt>
   <trkpt lat="49.528317" lon="17.571408"><ele>254.75</ele></trkpt>
   <trkpt lat="49.528674" lon="17.57212"><ele>255</ele></trkpt>
   <trkpt lat="49.528781" lon="17.572306"><ele>255</ele></trkpt>
   <trkpt lat="49.528802" lon="17.572343"><ele>255</ele></trkpt>
   <trkpt lat="49.529043" lon="17.572726"><ele>255</ele></trkpt>
   <trkpt lat="49.529238" lon="17.573037"><ele>255</ele></trkpt>
   <trkpt lat="49.529249" lon="17.573053"><ele>255</ele></trkpt>
   <trkpt lat="49.529447" lon="17.573372"><ele>255</ele></trkpt>
   <trkpt lat="49.529652" lon="17.573699"><ele>254.75</ele></trkpt>
   <trkpt lat="49.529861" lon="17.574034"><ele>255</ele></trkpt>
   <trkpt lat="49.530064" lon="17.574359"><ele>255</ele></trkpt>
   <trkpt lat="49.530254" lon="17.574663"><ele>254.75</ele></trkpt>
   <trkpt lat="49.530289" lon="17.574718"><ele>255</ele></trkpt>
   <trkpt lat="49.530462" lon="17.575031"><ele>254.75</ele></trkpt>
   <trkpt lat="49.530592" lon="17.575316"><ele>255</ele></trkpt>
   <trkpt lat="49.530741" lon="17.575615"><ele>255</ele></trkpt>
   <trkpt lat="49.530816" lon="17.575738"><ele>255</ele></trkpt>
   <trkpt lat="49.531114" lon="17.576337"><ele>254.75</ele></trkpt>
   <trkpt lat="49.531235" lon="17.576607"><ele>255</ele></trkpt>
   <trkpt lat="49.531408" lon="17.577011"><ele>255</ele></trkpt>
   <trkpt lat="49.531602" lon="17.577581"><ele>255</ele></trkpt>
   <trkpt lat="49.531786" lon="17.578167"><ele>255.5</ele></trkpt>
   <trkpt lat="49.532119" lon="17.579403"><ele>255.5</ele></trkpt>
   <trkpt lat="49.532169" lon="17.579632"><ele>255.75</ele></trkpt>
   <trkpt lat="49.532176" lon="17.579662"><ele>255.75</ele></trkpt>
   <trkpt lat="49.532224" lon="17.579943"><ele>255</ele></trkpt>
   <trkpt lat="49.532265" lon="17.580229"><ele>255</ele></trkpt>
   <trkpt lat="49.532268" lon="17.580256"><ele>255</ele></trkpt>
   <trkpt lat="49.532463" lon="17.581467"><ele>255</ele></trkpt>
   <trkpt lat="49.532506" lon="17.581753"><ele>255.25</ele></trkpt>
   <trkpt lat="49.532564" lon="17.582236"><ele>255.5</ele></trkpt>
   <trkpt lat="49.532567" lon="17.582267"><ele>255.75</ele></trkpt>
   <trkpt lat="49.532567" lon="17.582274"><ele>255.75</ele></trkpt>
   <trkpt lat="49.532586" lon="17.582472"><ele>256.25</ele></trkpt>
   <trkpt lat="49.532642" lon="17.582943"><ele>255.75</ele></trkpt>
   <trkpt lat="49.532694" lon="17.583286"><ele>255.25</ele></trkpt>
   <trkpt lat="49.532756" lon="17.583777"><ele>255</ele></trkpt>
   <trkpt lat="49.53277" lon="17.583924"><ele>254.75</ele></trkpt>
   <trkpt lat="49.532777" lon="17.584008"><ele>254.75</ele></trkpt>
   <trkpt lat="49.53278" lon="17.58404"><ele>255</ele></trkpt>
   <trkpt lat="49.532911" lon="17.585414"><ele>255</ele></trkpt>
   <trkpt lat="49.533199" lon="17.588478"><ele>254.75</ele></trkpt>
   <trkpt lat="49.533262" lon="17.589162"><ele>255.5</ele></trkpt>
   <trkpt lat="49.533697" lon="17.593714"><ele>259</ele></trkpt>
   <trkpt lat="49.533937" lon="17.596202"><ele>254.75</ele></trkpt>
   <trkpt lat="49.534846" lon="17.605824"><ele>249</ele></trkpt>
   <trkpt lat="49.534886" lon="17.606252"><ele>248.5</ele></trkpt>
   <trkpt lat="49.535132" lon="17.608787"><ele>254</ele></trkpt>
   <trkpt lat="49.535879" lon="17.616694"><ele>253</ele></trkpt>
   <trkpt lat="49.535903" lon="17.616946"><ele>250.75</ele></trkpt>
   <trkpt lat="49.536425" lon="17.622422"><ele>252.75</ele></trkpt>
   <trkpt lat="49.536497" lon="17.623188"><ele>249</ele></trkpt>
   <trkpt lat="49.53664" lon="17.624707"><ele>252.75</ele></trkpt>
   <trkpt lat="49.536804" lon="17.626416"><ele>248.75</ele></trkpt>
   <trkpt lat="49.536891" lon="17.62726"><ele>252</ele></trkpt>
   <trkpt lat="49.536983" lon="17.628248"><ele>250.5</ele></trkpt>
   <trkpt lat="49.53752" lon="17.633905"><ele>251</ele></trkpt>
   <trkpt lat="49.537611" lon="17.634877"><ele>253</ele></trkpt>
   <trkpt lat="49.537696" lon="17.635682"><ele>255.5</ele></trkpt>
   <trkpt lat="49.537809" lon="17.636524"><ele>258.25</ele></trkpt>
   <trkpt lat="49.53794" lon="17.637314"><ele>260</ele></trkpt>
   <trkpt lat="49.538091" lon="17.638083"><ele>259</ele></trkpt>
   <trkpt lat="49.538269" lon="17.638858"><ele>259.75</ele></trkpt>
   <trkpt lat="49.538361" lon="17.639217"><ele>259.5</ele></trkpt>
   <trkpt lat="49.53846" lon="17.639582"><ele>261.25</ele></trkpt>
   <trkpt lat="49.538695" lon="17.640359"><ele>260.75</ele></trkpt>
   <trkpt lat="49.538806" lon="17.640693"><ele>260.25</ele></trkpt>
   <trkpt lat="49.539066" lon="17.64143"><ele>260.75</ele></trkpt>
   <trkpt lat="49.539206" lon="17.641793"><ele>259.75</ele></trkpt>
   <trkpt lat="49.539478" lon="17.642442"><ele>259.75</ele></trkpt>
   <trkpt lat="49.539637" lon="17.642806"><ele>258.5</ele></trkpt>
   <trkpt lat="49.540165" lon="17.643952"><ele>255.25</ele></trkpt>
   <trkpt lat="49.540445" lon="17.644567"><ele>254.5</ele></trkpt>
   <trkpt lat="49.541251" lon="17.646304"><ele>256.75</ele></trkpt>
   <trkpt lat="49.541402" lon="17.646647"><ele>259.5</ele></trkpt>
   <trkpt lat="49.541686" lon="17.647322"><ele>259.75</ele></trkpt>
   <trkpt lat="49.541814" lon="17.647653"><ele>258.25</ele></trkpt>
   <trkpt lat="49.542077" lon="17.648402"><ele>259</ele></trkpt>
   <trkpt lat="49.542307" lon="17.649141"><ele>259.25</ele></trkpt>
   <trkpt lat="49.542513" lon="17.649897"><ele>260.75</ele></trkpt>
   <trkpt lat="49.54269" lon="17.650652"><ele>258.5</ele></trkpt>
   <trkpt lat="49.542854" lon="17.651503"><ele>259.5</ele></trkpt>
   <trkpt lat="49.542989" lon="17.652359"><ele>258.25</ele></trkpt>
   <trkpt lat="49.543021" lon="17.652587"><ele>258.75</ele></trkpt>
   <trkpt lat="49.543148" lon="17.653579"><ele>260.25</ele></trkpt>
   <trkpt lat="49.543298" lon="17.654661"><ele>261</ele></trkpt>
   <trkpt lat="49.543356" lon="17.65504"><ele>260.25</ele></trkpt>
   <trkpt lat="49.543477" lon="17.655691"><ele>259.75</ele></trkpt>
   <trkpt lat="49.543555" lon="17.65604"><ele>261.25</ele></trkpt>
   <trkpt lat="49.543647" lon="17.656406"><ele>262.25</ele></trkpt>
   <trkpt lat="49.543711" lon="17.656626"><ele>259.5</ele></trkpt>
   <trkpt lat="49.543787" lon="17.656886"><ele>259.75</ele></trkpt>
   <trkpt lat="49.543876" lon="17.657162"><ele>262.25</ele></trkpt>
   <trkpt lat="49.543981" lon="17.657459"><ele>260.5</ele></trkpt>
   <trkpt lat="49.544207" lon="17.658028"><ele>262.25</ele></trkpt>
   <trkpt lat="49.544457" lon="17.658583"><ele>262.5</ele></trkpt>
   <trkpt lat="49.544811" lon="17.659269"><ele>260.75</ele></trkpt>
   <trkpt lat="49.544886" lon="17.659409"><ele>260</ele></trkpt>
   <trkpt lat="49.545414" lon="17.660349"><ele>261.5</ele></trkpt>
   <trkpt lat="49.545931" lon="17.661296"><ele>262.5</ele></trkpt>
   <trkpt lat="49.546089" lon="17.661609"><ele>263.5</ele></trkpt>
   <trkpt lat="49.546401" lon="17.662267"><ele>263.75</ele></trkpt>
   <trkpt lat="49.546686" lon="17.662951"><ele>263.25</ele></trkpt>
   <trkpt lat="49.546939" lon="17.663642"><ele>263.75</ele></trkpt>
   <trkpt lat="49.547171" lon="17.664355"><ele>261.5</ele></trkpt>
   <trkpt lat="49.548249" lon="17.668003"><ele>260.75</ele></trkpt>
   <trkpt lat="49.549367" lon="17.671828"><ele>266.25</ele></trkpt>
   <trkpt lat="49.549533" lon="17.672389"><ele>267</ele></trkpt>
   <trkpt lat="49.549903" lon="17.67365"><ele>267</ele></trkpt>
   <trkpt lat="49.550197" lon="17.674538"><ele>265.5</ele></trkpt>
   <trkpt lat="49.550216" lon="17.674598"><ele>265.5</ele></trkpt>
   <trkpt lat="49.550273" lon="17.674758"><ele>265.25</ele></trkpt>
   <trkpt lat="49.550486" lon="17.675317"><ele>265.25</ele></trkpt>
   <trkpt lat="49.550544" lon="17.675504"><ele>265.75</ele></trkpt>
   <trkpt lat="49.551334" lon="17.678194"><ele>266.25</ele></trkpt>
   <trkpt lat="49.551749" lon="17.679455"><ele>267.75</ele></trkpt>
   <trkpt lat="49.552011" lon="17.680331"><ele>267.75</ele></trkpt>
   <trkpt lat="49.552674" lon="17.682601"><ele>268.75</ele></trkpt>
   <trkpt lat="49.552838" lon="17.683138"><ele>268.5</ele></trkpt>
   <trkpt lat="49.55294" lon="17.68345"><ele>268.5</ele></trkpt>
   <trkpt lat="49.553052" lon="17.683766"><ele>268</ele></trkpt>
   <trkpt lat="49.553147" lon="17.68401"><ele>268.25</ele></trkpt>
   <trkpt lat="49.553372" lon="17.684534"><ele>267.75</ele></trkpt>
   <trkpt lat="49.553505" lon="17.684817"><ele>267.25</ele></trkpt>
   <trkpt lat="49.553688" lon="17.68517"><ele>266.75</ele></trkpt>
   <trkpt lat="49.553719" lon="17.685225"><ele>266.5</ele></trkpt>
   <trkpt lat="49.553994" lon="17.685767"><ele>265.5</ele></trkpt>
   <trkpt lat="49.554145" lon="17.68604"><ele>266</ele></trkpt>
   <trkpt lat="49.554223" lon="17.686179"><ele>266.75</ele></trkpt>
   <trkpt lat="49.554326" lon="17.686353"><ele>266.75</ele></trkpt>
   <trkpt lat="49.55489" lon="17.68737"><ele>267.75</ele></trkpt>
   <trkpt lat="49.555143" lon="17.687786"><ele>267.75</ele></trkpt>
   <trkpt lat="49.555185" lon="17.687854"><ele>267.75</ele></trkpt>
   <trkpt lat="49.555196" lon="17.687871"><ele>267.75</ele></trkpt>
   <trkpt lat="49.555451" lon="17.688291"><ele>268</ele></trkpt>
   <trkpt lat="49.556217" lon="17.689544"><ele>267.5</ele></trkpt>
   <trkpt lat="49.557363" lon="17.691421"><ele>267.25</ele></trkpt>
   <trkpt lat="49.557491" lon="17.691647"><ele>267.75</ele></trkpt>
   <trkpt lat="49.557658" lon="17.691949"><ele>266.5</ele></trkpt>
   <trkpt lat="49.557799" lon="17.692221"><ele>267.75</ele></trkpt>
   <trkpt lat="49.557927" lon="17.692481"><ele>265.5</ele></trkpt>
   <trkpt lat="49.558062" lon="17.692777"><ele>267.75</ele></trkpt>
   <trkpt lat="49.558181" lon="17.693053"><ele>266</ele></trkpt>
   <trkpt lat="49.558328" lon="17.693424"><ele>266.75</ele></trkpt>
   <trkpt lat="49.558386" lon="17.693599"><ele>264.75</ele></trkpt>
   <trkpt lat="49.558434" lon="17.693726"><ele>264.75</ele></trkpt>
   <trkpt lat="49.558481" lon="17.693875"><ele>265.5</ele></trkpt>
   <trkpt lat="49.558594" lon="17.694231"><ele>268.75</ele></trkpt>
   <trkpt lat="49.558702" lon="17.69461"><ele>269.25</ele></trkpt>
   <trkpt lat="49.558789" lon="17.694945"><ele>269.5</ele></trkpt>
   <trkpt lat="49.558871" lon="17.695298"><ele>269</ele></trkpt>
   <trkpt lat="49.558939" lon="17.695621"><ele>269.25</ele></trkpt>
   <trkpt lat="49.558998" lon="17.695952"><ele>270.25</ele></trkpt>
   <trkpt lat="49.559104" lon="17.696628"><ele>270</ele></trkpt>
   <trkpt lat="49.559137" lon="17.696918"><ele>270.25</ele></trkpt>
   <trkpt lat="49.559181" lon="17.697382"><ele>270</ele></trkpt>
   <trkpt lat="49.559223" lon="17.698117"><ele>269.75</ele></trkpt>
   <trkpt lat="49.559232" lon="17.698457"><ele>269.75</ele></trkpt>
   <trkpt lat="49.559233" lon="17.698827"><ele>269.75</ele></trkpt>
   <trkpt lat="49.559209" lon="17.699542"><ele>269.5</ele></trkpt>
   <trkpt lat="49.559182" lon="17.699922"><ele>269.75</ele></trkpt>
   <trkpt lat="49.55915" lon="17.700269"><ele>270.5</ele></trkpt>
   <trkpt lat="49.559058" lon="17.701019"><ele>266.75</ele></trkpt>
   <trkpt lat="49.559007" lon="17.701356"><ele>266</ele></trkpt>
   <trkpt lat="49.558761" lon="17.702838"><ele>265.75</ele></trkpt>
   <trkpt lat="49.558617" lon="17.703688"><ele>267</ele></trkpt>
   <trkpt lat="49.558278" lon="17.70571"><ele>268.5</ele></trkpt>
   <trkpt lat="49.558198" lon="17.706289"><ele>268.75</ele></trkpt>
   <trkpt lat="49.558156" lon="17.706612"><ele>268.25</ele></trkpt>
   <trkpt lat="49.558105" lon="17.707102"><ele>271</ele></trkpt>
   <trkpt lat="49.558082" lon="17.707442"><ele>272.25</ele></trkpt>
   <trkpt lat="49.558061" lon="17.70788"><ele>272.25</ele></trkpt>
   <trkpt lat="49.558053" lon="17.708561"><ele>272.75</ele></trkpt>
   <trkpt lat="49.558065" lon="17.70895"><ele>273.75</ele></trkpt>
   <trkpt lat="49.558087" lon="17.709361"><ele>273</ele></trkpt>
   <trkpt lat="49.558125" lon="17.709817"><ele>272.75</ele></trkpt>
   <trkpt lat="49.55817" lon="17.71023"><ele>271.75</ele></trkpt>
   <trkpt lat="49.558224" lon="17.710602"><ele>272</ele></trkpt>
   <trkpt lat="49.558289" lon="17.71101"><ele>273.25</ele></trkpt>
   <trkpt lat="49.558419" lon="17.711734"><ele>272</ele></trkpt>
   <trkpt lat="49.559158" lon="17.715689"><ele>274</ele></trkpt>
   <trkpt lat="49.559233" lon="17.716091"><ele>271.25</ele></trkpt>
   <trkpt lat="49.559493" lon="17.717488"><ele>272.75</ele></trkpt>
   <trkpt lat="49.559623" lon="17.718182"><ele>273</ele></trkpt>
   <trkpt lat="49.560077" lon="17.720613"><ele>275.5</ele></trkpt>
   <trkpt lat="49.56033" lon="17.721902"><ele>276.25</ele></trkpt>
   <trkpt lat="49.560417" lon="17.722316"><ele>276.25</ele></trkpt>
   <trkpt lat="49.561048" lon="17.725008"><ele>276.25</ele></trkpt>
   <trkpt lat="49.561186" lon="17.725682"><ele>275</ele></trkpt>
   <trkpt lat="49.561352" lon="17.726574"><ele>273.5</ele></trkpt>
   <trkpt lat="49.562343" lon="17.731881"><ele>269.25</ele></trkpt>
   <trkpt lat="49.562395" lon="17.732162"><ele>275.5</ele></trkpt>
   <trkpt lat="49.562494" lon="17.73268"><ele>279.5</ele></trkpt>
   <trkpt lat="49.562524" lon="17.732828"><ele>279</ele></trkpt>
   <trkpt lat="49.562638" lon="17.733331"><ele>277.5</ele></trkpt>
   <trkpt lat="49.56276" lon="17.733806"><ele>279.5</ele></trkpt>
   <trkpt lat="49.562841" lon="17.734086"><ele>278.25</ele></trkpt>
   <trkpt lat="49.563142" lon="17.735042"><ele>279.25</ele></trkpt>
   <trkpt lat="49.563164" lon="17.735109"><ele>279</ele></trkpt>
   <trkpt lat="49.563481" lon="17.736061"><ele>279</ele></trkpt>
   <trkpt lat="49.56349" lon="17.736088"><ele>279</ele></trkpt>
   <trkpt lat="49.563513" lon="17.736159"><ele>279.25</ele></trkpt>
   <trkpt lat="49.563648" lon="17.736519"><ele>280.25</ele></trkpt>
   <trkpt lat="49.563694" lon="17.736627"><ele>280</ele></trkpt>
   <trkpt lat="49.56394" lon="17.73719"><ele>280.5</ele></trkpt>
   <trkpt lat="49.564012" lon="17.737369"><ele>280.25</ele></trkpt>
   <trkpt lat="49.564059" lon="17.737507"><ele>280.25</ele></trkpt>
   <trkpt lat="49.564224" lon="17.738004"><ele>280.25</ele></trkpt>
   <trkpt lat="49.56438" lon="17.73844"><ele>281</ele></trkpt>
   <trkpt lat="49.564486" lon="17.738716"><ele>281.5</ele></trkpt>
   <trkpt lat="49.565383" lon="17.740752"><ele>282</ele></trkpt>
   <trkpt lat="49.566229" lon="17.742644"><ele>282.75</ele></trkpt>
   <trkpt lat="49.566348" lon="17.742898"><ele>282.5</ele></trkpt>
   <trkpt lat="49.566601" lon="17.743391"><ele>283.5</ele></trkpt>
   <trkpt lat="49.566912" lon="17.743937"><ele>283</ele></trkpt>
   <trkpt lat="49.567169" lon="17.74432"><ele>283.25</ele></trkpt>
   <trkpt lat="49.567272" lon="17.744462"><ele>283</ele></trkpt>
   <trkpt lat="49.567547" lon="17.744809"><ele>283</ele></trkpt>
   <trkpt lat="49.567865" lon="17.7452"><ele>284</ele></trkpt>
   <trkpt lat="49.56808" lon="17.745478"><ele>283.75</ele></trkpt>
   <trkpt lat="49.568158" lon="17.745565"><ele>283.25</ele></trkpt>
   <trkpt lat="49.568356" lon="17.745819"><ele>283.5</ele></trkpt>
   <trkpt lat="49.568618" lon="17.746131"><ele>283.75</ele></trkpt>
   <trkpt lat="49.568661" lon="17.746177"><ele>283.25</ele></trkpt>
   <trkpt lat="49.568678" lon="17.746196"><ele>283.25</ele></trkpt>
   <trkpt lat="49.568822" lon="17.746359"><ele>283.5</ele></trkpt>
   <trkpt lat="49.568998" lon="17.746586"><ele>283.75</ele></trkpt>
   <trkpt lat="49.569202" lon="17.746821"><ele>284</ele></trkpt>
   <trkpt lat="49.569471" lon="17.747107"><ele>284</ele></trkpt>
   <trkpt lat="49.569494" lon="17.74713"><ele>284.25</ele></trkpt>
   <trkpt lat="49.569784" lon="17.747432"><ele>285.25</ele></trkpt>
   <trkpt lat="49.570364" lon="17.748036"><ele>285.25</ele></trkpt>
   <trkpt lat="49.570626" lon="17.748306"><ele>285.25</ele></trkpt>
   <trkpt lat="49.570929" lon="17.748597"><ele>285.25</ele></trkpt>
   <trkpt lat="49.571226" lon="17.748855"><ele>285.5</ele></trkpt>
   <trkpt lat="49.571424" lon="17.749013"><ele>286.5</ele></trkpt>
   <trkpt lat="49.571647" lon="17.749172"><ele>286</ele></trkpt>
   <trkpt lat="49.571842" lon="17.749301"><ele>286.25</ele></trkpt>
   <trkpt lat="49.572064" lon="17.74943"><ele>286</ele></trkpt>
   <trkpt lat="49.572273" lon="17.749537"><ele>286.75</ele></trkpt>
   <trkpt lat="49.572612" lon="17.74969"><ele>286.75</ele></trkpt>
   <trkpt lat="49.572996" lon="17.749819"><ele>286.75</ele></trkpt>
   <trkpt lat="49.57345" lon="17.749931"><ele>287</ele></trkpt>
   <trkpt lat="49.573637" lon="17.74996"><ele>287.25</ele></trkpt>
   <trkpt lat="49.573932" lon="17.749993"><ele>287</ele></trkpt>
   <trkpt lat="49.574092" lon="17.749998"><ele>287</ele></trkpt>
   <trkpt lat="49.574407" lon="17.750004"><ele>287</ele></trkpt>
   <trkpt lat="49.575102" lon="17.749927"><ele>288.25</ele></trkpt>
   <trkpt lat="49.575941" lon="17.74978"><ele>288</ele></trkpt>
   <trkpt lat="49.576806" lon="17.749644"><ele>288</ele></trkpt>
   <trkpt lat="49.577228" lon="17.749626"><ele>287.75</ele></trkpt>
   <trkpt lat="49.577762" lon="17.749643"><ele>288.75</ele></trkpt>
   <trkpt lat="49.578203" lon="17.749705"><ele>289.25</ele></trkpt>
   <trkpt lat="49.578497" lon="17.749782"><ele>287.25</ele></trkpt>
   <trkpt lat="49.578686" lon="17.749846"><ele>287</ele></trkpt>
   <trkpt lat="49.578843" lon="17.749906"><ele>288.5</ele></trkpt>
   <trkpt lat="49.579315" lon="17.750117"><ele>289.5</ele></trkpt>
   <trkpt lat="49.579622" lon="17.750286"><ele>290</ele></trkpt>
   <trkpt lat="49.579869" lon="17.75044"><ele>290</ele></trkpt>
   <trkpt lat="49.580241" lon="17.750718"><ele>290</ele></trkpt>
   <trkpt lat="49.580628" lon="17.751058"><ele>291</ele></trkpt>
   <trkpt lat="49.580807" lon="17.75123"><ele>291</ele></trkpt>
   <trkpt lat="49.580988" lon="17.751424"><ele>291.5</ele></trkpt>
   <trkpt lat="49.581333" lon="17.751829"><ele>292</ele></trkpt>
   <trkpt lat="49.58149" lon="17.75203"><ele>292</ele></trkpt>
   <trkpt lat="49.581657" lon="17.752264"><ele>292.25</ele></trkpt>
   <trkpt lat="49.581972" lon="17.752763"><ele>292.25</ele></trkpt>
   <trkpt lat="49.582117" lon="17.753024"><ele>293</ele></trkpt>
   <trkpt lat="49.58236" lon="17.753502"><ele>295.75</ele></trkpt>
   <trkpt lat="49.582469" lon="17.753734"><ele>294</ele></trkpt>
   <trkpt lat="49.582641" lon="17.7541"><ele>296</ele></trkpt>
   <trkpt lat="49.583137" lon="17.75527"><ele>295.5</ele></trkpt>
   <trkpt lat="49.583459" lon="17.756051"><ele>296.5</ele></trkpt>
   <trkpt lat="49.583749" lon="17.756786"><ele>296.75</ele></trkpt>
   <trkpt lat="49.583943" lon="17.757329"><ele>296.5</ele></trkpt>
   <trkpt lat="49.584111" lon="17.75784"><ele>296</ele></trkpt>
   <trkpt lat="49.584217" lon="17.758201"><ele>295.5</ele></trkpt>
   <trkpt lat="49.584318" lon="17.75857"><ele>296.75</ele></trkpt>
   <trkpt lat="49.584407" lon="17.758928"><ele>295.5</ele></trkpt>
   <trkpt lat="49.584495" lon="17.759309"><ele>296.25</ele></trkpt>
   <trkpt lat="49.584636" lon="17.76"><ele>298.25</ele></trkpt>
   <trkpt lat="49.584714" lon="17.76048"><ele>295</ele></trkpt>
   <trkpt lat="49.584822" lon="17.761324"><ele>299.5</ele></trkpt>
   <trkpt lat="49.584854" lon="17.761639"><ele>299.5</ele></trkpt>
   <trkpt lat="49.584881" lon="17.762004"><ele>299</ele></trkpt>
   <trkpt lat="49.584923" lon="17.762819"><ele>298</ele></trkpt>
   <trkpt lat="49.58493" lon="17.763603"><ele>297.5</ele></trkpt>
   <trkpt lat="49.584922" lon="17.763917"><ele>297.5</ele></trkpt>
   <trkpt lat="49.584886" lon="17.764714"><ele>300.25</ele></trkpt>
   <trkpt lat="49.584532" lon="17.768935"><ele>297.75</ele></trkpt>
   <trkpt lat="49.584531" lon="17.768944"><ele>297.75</ele></trkpt>
   <trkpt lat="49.584228" lon="17.772552"><ele>298.5</ele></trkpt>
   <trkpt lat="49.584078" lon="17.774339"><ele>297.75</ele></trkpt>
   <trkpt lat="49.584041" lon="17.775161"><ele>298</ele></trkpt>
   <trkpt lat="49.584029" lon="17.775565"><ele>298</ele></trkpt>
   <trkpt lat="49.584032" lon="17.776293"><ele>296.75</ele></trkpt>
   <trkpt lat="49.584041" lon="17.776518"><ele>296.75</ele></trkpt>
   <trkpt lat="49.584083" lon="17.777194"><ele>297.75</ele></trkpt>
   <trkpt lat="49.584146" lon="17.777908"><ele>297.5</ele></trkpt>
   <trkpt lat="49.584268" lon="17.779054"><ele>300</ele></trkpt>
   <trkpt lat="49.584643" lon="17.78238"><ele>298.5</ele></trkpt>
   <trkpt lat="49.585136" lon="17.786791"><ele>298.75</ele></trkpt>
   <trkpt lat="49.585137" lon="17.786804"><ele>298.75</ele></trkpt>
   <trkpt lat="49.585307" lon="17.788309"><ele>296.25</ele></trkpt>
   <trkpt lat="49.585479" lon="17.789966"><ele>294.5</ele></trkpt>
   <trkpt lat="49.585509" lon="17.790346"><ele>294.25</ele></trkpt>
   <trkpt lat="49.585531" lon="17.790764"><ele>293.5</ele></trkpt>
   <trkpt lat="49.585551" lon="17.79143"><ele>293</ele></trkpt>
   <trkpt lat="49.585556" lon="17.791834"><ele>293.25</ele></trkpt>
   <trkpt lat="49.585539" lon="17.792602"><ele>293.25</ele></trkpt>
   <trkpt lat="49.585519" lon="17.792931"><ele>292.5</ele></trkpt>
   <trkpt lat="49.585459" lon="17.793672"><ele>292.25</ele></trkpt>
   <trkpt lat="49.58542" lon="17.79402"><ele>291</ele></trkpt>
   <trkpt lat="49.585365" lon="17.79444"><ele>290.25</ele></trkpt>
   <trkpt lat="49.585241" lon="17.795209"><ele>292.5</ele></trkpt>
   <trkpt lat="49.585103" lon="17.795892"><ele>292.25</ele></trkpt>
   <trkpt lat="49.584929" lon="17.796587"><ele>290.75</ele></trkpt>
   <trkpt lat="49.584747" lon="17.797234"><ele>290.75</ele></trkpt>
   <trkpt lat="49.584496" lon="17.797982"><ele>290.25</ele></trkpt>
   <trkpt lat="49.584341" lon="17.798384"><ele>290.75</ele></trkpt>
   <trkpt lat="49.584297" lon="17.798482"><ele>290.25</ele></trkpt>
   <trkpt lat="49.584118" lon="17.798938"><ele>291</ele></trkpt>
   <trkpt lat="49.583231" lon="17.801022"><ele>289.5</ele></trkpt>
   <trkpt lat="49.582792" lon="17.802055"><ele>288.75</ele></trkpt>
   <trkpt lat="49.582628" lon="17.802438"><ele>288.25</ele></trkpt>
   <trkpt lat="49.582375" lon="17.803032"><ele>287.5</ele></trkpt>
   <trkpt lat="49.582303" lon="17.803194"><ele>287.5</ele></trkpt>
   <trkpt lat="49.581579" lon="17.804901"><ele>287.75</ele></trkpt>
   <trkpt lat="49.581574" lon="17.804914"><ele>287.75</ele></trkpt>
   <trkpt lat="49.581392" lon="17.805333"><ele>287.75</ele></trkpt>
   <trkpt lat="49.581302" lon="17.805539"><ele>286.5</ele></trkpt>
   <trkpt lat="49.580179" lon="17.808183"><ele>289</ele></trkpt>
   <trkpt lat="49.579911" lon="17.808855"><ele>288.75</ele></trkpt>
   <trkpt lat="49.579666" lon="17.809557"><ele>288.25</ele></trkpt>
   <trkpt lat="49.579432" lon="17.81031"><ele>288</ele></trkpt>
   <trkpt lat="49.579231" lon="17.811052"><ele>289.75</ele></trkpt>
   <trkpt lat="49.579069" lon="17.811778"><ele>289</ele></trkpt>
   <trkpt lat="49.578981" lon="17.812238"><ele>289.25</ele></trkpt>
   <trkpt lat="49.578891" lon="17.81275"><ele>287</ele></trkpt>
   <trkpt lat="49.578789" lon="17.813427"><ele>289</ele></trkpt>
   <trkpt lat="49.578697" lon="17.814225"><ele>290.25</ele></trkpt>
   <trkpt lat="49.577683" lon="17.823772"><ele>282.75</ele></trkpt>
   <trkpt lat="49.577682" lon="17.82378"><ele>282.75</ele></trkpt>
   <trkpt lat="49.577591" lon="17.824636"><ele>282.25</ele></trkpt>
   <trkpt lat="49.577247" lon="17.827855"><ele>279.5</ele></trkpt>
   <trkpt lat="49.577216" lon="17.828155"><ele>279.75</ele></trkpt>
   <trkpt lat="49.576962" lon="17.830533"><ele>277.75</ele></trkpt>
   <trkpt lat="49.57693" lon="17.830864"><ele>279</ele></trkpt>
   <trkpt lat="49.57611" lon="17.838579"><ele>279.75</ele></trkpt>
   <trkpt lat="49.57592" lon="17.84036"><ele>276.25</ele></trkpt>
   <trkpt lat="49.575885" lon="17.84068"><ele>277</ele></trkpt>
   <trkpt lat="49.575419" lon="17.84509"><ele>276</ele></trkpt>
   <trkpt lat="49.575373" lon="17.845516"><ele>275.5</ele></trkpt>
   <trkpt lat="49.5753" lon="17.846198"><ele>277.75</ele></trkpt>
   <trkpt lat="49.574917" lon="17.849772"><ele>277</ele></trkpt>
   <trkpt lat="49.574911" lon="17.849828"><ele>277</ele></trkpt>
   <trkpt lat="49.574885" lon="17.850206"><ele>276.25</ele></trkpt>
   <trkpt lat="49.574869" lon="17.850561"><ele>275.5</ele></trkpt>
   <trkpt lat="49.574844" lon="17.850889"><ele>275</ele></trkpt>
   <trkpt lat="49.574826" lon="17.85106"><ele>276</ele></trkpt>
   <trkpt lat="49.574724" lon="17.85201"><ele>277.25</ele></trkpt>
   <trkpt lat="49.574722" lon="17.85203"><ele>277</ele></trkpt>
   <trkpt lat="49.57468" lon="17.852431"><ele>276.75</ele></trkpt>
   <trkpt lat="49.574679" lon="17.852459"><ele>276.75</ele></trkpt>
   <trkpt lat="49.57465" lon="17.852793"><ele>276.75</ele></trkpt>
   <trkpt lat="49.574625" lon="17.853351"><ele>278.5</ele></trkpt>
   <trkpt lat="49.574608" lon="17.853517"><ele>278.75</ele></trkpt>
   <trkpt lat="49.574531" lon="17.854266"><ele>279</ele></trkpt>
   <trkpt lat="49.574381" lon="17.855635"><ele>279</ele></trkpt>
   <trkpt lat="49.574374" lon="17.8557"><ele>279</ele></trkpt>
   <trkpt lat="49.574357" lon="17.855862"><ele>279</ele></trkpt>
   <trkpt lat="49.57422" lon="17.857202"><ele>279</ele></trkpt>
   <trkpt lat="49.573889" lon="17.860329"><ele>279</ele></trkpt>
   <trkpt lat="49.573828" lon="17.861016"><ele>278.5</ele></trkpt>
   <trkpt lat="49.573779" lon="17.861664"><ele>278</ele></trkpt>
   <trkpt lat="49.57376" lon="17.86235"><ele>279</ele></trkpt>
   <trkpt lat="49.573761" lon="17.862914"><ele>279</ele></trkpt>
   <trkpt lat="49.57378" lon="17.863839"><ele>278.5</ele></trkpt>
   <trkpt lat="49.573775" lon="17.864871"><ele>278.5</ele></trkpt>
   <trkpt lat="49.57379" lon="17.865211"><ele>279</ele></trkpt>
   <trkpt lat="49.573817" lon="17.865682"><ele>279.25</ele></trkpt>
   <trkpt lat="49.57386" lon="17.86635"><ele>278</ele></trkpt>
   <trkpt lat="49.573915" lon="17.867044"><ele>278.75</ele></trkpt>
   <trkpt lat="49.573992" lon="17.867832"><ele>281.75</ele></trkpt>
   <trkpt lat="49.574095" lon="17.868703"><ele>281.25</ele></trkpt>
   <trkpt lat="49.57415" lon="17.869098"><ele>279.25</ele></trkpt>
   <trkpt lat="49.574315" lon="17.87007"><ele>282.75</ele></trkpt>
   <trkpt lat="49.574651" lon="17.871883"><ele>281</ele></trkpt>
   <trkpt lat="49.574787" lon="17.872604"><ele>280.5</ele></trkpt>
   <trkpt lat="49.574908" lon="17.873242"><ele>280.75</ele></trkpt>
   <trkpt lat="49.575356" lon="17.875643"><ele>280.5</ele></trkpt>
   <trkpt lat="49.575514" lon="17.87645"><ele>280</ele></trkpt>
   <trkpt lat="49.575677" lon="17.877225"><ele>277.75</ele></trkpt>
   <trkpt lat="49.575859" lon="17.878008"><ele>278.5</ele></trkpt>
   <trkpt lat="49.576086" lon="17.878887"><ele>277.25</ele></trkpt>
   <trkpt lat="49.576218" lon="17.879356"><ele>273.25</ele></trkpt>
   <trkpt lat="49.576497" lon="17.880278"><ele>278.75</ele></trkpt>
   <trkpt lat="49.576748" lon="17.88103"><ele>281.5</ele></trkpt>
   <trkpt lat="49.577" lon="17.881743"><ele>280</ele></trkpt>
   <trkpt lat="49.577272" lon="17.882454"><ele>280.75</ele></trkpt>
   <trkpt lat="49.578343" lon="17.885104"><ele>277.5</ele></trkpt>
   <trkpt lat="49.579219" lon="17.887299"><ele>274.5</ele></trkpt>
   <trkpt lat="49.579381" lon="17.887693"><ele>274</ele></trkpt>
   <trkpt lat="49.579959" lon="17.889073"><ele>276.75</ele></trkpt>
   <trkpt lat="49.580101" lon="17.889377"><ele>276.25</ele></trkpt>
   <trkpt lat="49.580371" lon="17.889894"><ele>278.25</ele></trkpt>
   <trkpt lat="49.580694" lon="17.890432"><ele>279.5</ele></trkpt>
   <trkpt lat="49.581037" lon="17.890931"><ele>279</ele></trkpt>
   <trkpt lat="49.581212" lon="17.891156"><ele>279.75</ele></trkpt>
   <trkpt lat="49.581392" lon="17.891367"><ele>278.25</ele></trkpt>
   <trkpt lat="49.581765" lon="17.891768"><ele>279.5</ele></trkpt>
   <trkpt lat="49.582159" lon="17.892156"><ele>278.75</ele></trkpt>
   <trkpt lat="49.58235" lon="17.892318"><ele>279.75</ele></trkpt>
   <trkpt lat="49.582566" lon="17.892485"><ele>277.75</ele></trkpt>
   <trkpt lat="49.583012" lon="17.892781"><ele>277</ele></trkpt>
   <trkpt lat="49.58327" lon="17.892931"><ele>278.75</ele></trkpt>
   <trkpt lat="49.583487" lon="17.893037"><ele>277.75</ele></trkpt>
   <trkpt lat="49.583707" lon="17.893129"><ele>278.5</ele></trkpt>
   <trkpt lat="49.584047" lon="17.893251"><ele>278</ele></trkpt>
   <trkpt lat="49.584393" lon="17.893356"><ele>277</ele></trkpt>
   <trkpt lat="49.584714" lon="17.893441"><ele>277</ele></trkpt>
   <trkpt lat="49.585907" lon="17.893713"><ele>275.25</ele></trkpt>
   <trkpt lat="49.586057" lon="17.893751"><ele>275</ele></trkpt>
   <trkpt lat="49.590841" lon="17.894843"><ele>270.25</ele></trkpt>
   <trkpt lat="49.591006" lon="17.894882"><ele>271.5</ele></trkpt>
   <trkpt lat="49.593581" lon="17.895466"><ele>275</ele></trkpt>
   <trkpt lat="49.59412" lon="17.895537"><ele>273.25</ele></trkpt>
   <trkpt lat="49.594443" lon="17.895544"><ele>273</ele></trkpt>
   <trkpt lat="49.594787" lon="17.89553"><ele>273.25</ele></trkpt>
   <trkpt lat="49.595108" lon="17.895493"><ele>273</ele></trkpt>
   <trkpt lat="49.595786" lon="17.895321"><ele>272</ele></trkpt>
   <trkpt lat="49.596127" lon="17.895192"><ele>271.75</ele></trkpt>
   <trkpt lat="49.596766" lon="17.894929"><ele>270.5</ele></trkpt>
   <trkpt lat="49.59977" lon="17.893599"><ele>270.75</ele></trkpt>
   <trkpt lat="49.599863" lon="17.893559"><ele>270.75</ele></trkpt>
   <trkpt lat="49.600411" lon="17.89331"><ele>270.25</ele></trkpt>
   <trkpt lat="49.600844" lon="17.893132"><ele>269.75</ele></trkpt>
   <trkpt lat="49.601199" lon="17.892997"><ele>270</ele></trkpt>
   <trkpt lat="49.601458" lon="17.892918"><ele>268</ele></trkpt>
   <trkpt lat="49.601627" lon="17.892877"><ele>267.25</ele></trkpt>
   <trkpt lat="49.601973" lon="17.892809"><ele>269.5</ele></trkpt>
   <trkpt lat="49.602165" lon="17.892783"><ele>270.5</ele></trkpt>
   <trkpt lat="49.6024" lon="17.892764"><ele>270.25</ele></trkpt>
   <trkpt lat="49.602654" lon="17.892757"><ele>270</ele></trkpt>
   <trkpt lat="49.603086" lon="17.892776"><ele>270</ele></trkpt>
   <trkpt lat="49.603312" lon="17.892804"><ele>270.75</ele></trkpt>
   <trkpt lat="49.603531" lon="17.892842"><ele>271.5</ele></trkpt>
   <trkpt lat="49.60377" lon="17.892897"><ele>271.75</ele></trkpt>
   <trkpt lat="49.604002" lon="17.892964"><ele>271.5</ele></trkpt>
   <trkpt lat="49.60422" lon="17.893039"><ele>271</ele></trkpt>
   <trkpt lat="49.604656" lon="17.893223"><ele>271.25</ele></trkpt>
   <trkpt lat="49.604871" lon="17.893335"><ele>271</ele></trkpt>
   <trkpt lat="49.605092" lon="17.89346"><ele>271.25</ele></trkpt>
   <trkpt lat="49.605506" lon="17.893732"><ele>270.75</ele></trkpt>
   <trkpt lat="49.605931" lon="17.894054"><ele>269.5</ele></trkpt>
   <trkpt lat="49.606039" lon="17.894145"><ele>269.75</ele></trkpt>
   <trkpt lat="49.606597" lon="17.89461"><ele>271</ele></trkpt>
   <trkpt lat="49.607779" lon="17.895616"><ele>270.75</ele></trkpt>
   <trkpt lat="49.609261" lon="17.896869"><ele>270</ele></trkpt>
   <trkpt lat="49.609324" lon="17.896921"><ele>270</ele></trkpt>
   <trkpt lat="49.612176" lon="17.899346"><ele>265.75</ele></trkpt>
   <trkpt lat="49.612317" lon="17.899464"><ele>265.5</ele></trkpt>
   <trkpt lat="49.61468" lon="17.90146"><ele>267.75</ele></trkpt>
   <trkpt lat="49.614916" lon="17.901667"><ele>268</ele></trkpt>
   <trkpt lat="49.619288" lon="17.90537"><ele>264</ele></trkpt>
   <trkpt lat="49.622727" lon="17.908282"><ele>262</ele></trkpt>
   <trkpt lat="49.622889" lon="17.908418"><ele>261</ele></trkpt>
   <trkpt lat="49.623565" lon="17.908999"><ele>260.5</ele></trkpt>
   <trkpt lat="49.6237" lon="17.909111"><ele>260.5</ele></trkpt>
   <trkpt lat="49.624029" lon="17.909384"><ele>260.75</ele></trkpt>
   <trkpt lat="49.624592" lon="17.909865"><ele>261</ele></trkpt>
   <trkpt lat="49.625331" lon="17.91049"><ele>261.5</ele></trkpt>
   <trkpt lat="49.625902" lon="17.910976"><ele>259.75</ele></trkpt>
   <trkpt lat="49.627298" lon="17.912168"><ele>260.25</ele></trkpt>
   <trkpt lat="49.62753" lon="17.912369"><ele>259.5</ele></trkpt>
   <trkpt lat="49.629045" lon="17.913653"><ele>260</ele></trkpt>
   <trkpt lat="49.62958" lon="17.914132"><ele>260</ele></trkpt>
   <trkpt lat="49.630074" lon="17.914602"><ele>259.25</ele></trkpt>
   <trkpt lat="49.630284" lon="17.914817"><ele>258.5</ele></trkpt>
   <trkpt lat="49.630386" lon="17.914921"><ele>259</ele></trkpt>
   <trkpt lat="49.630809" lon="17.915392"><ele>259.75</ele></trkpt>
   <trkpt lat="49.631034" lon="17.915658"><ele>259.25</ele></trkpt>
   <trkpt lat="49.631372" lon="17.916083"><ele>260.5</ele></trkpt>
   <trkpt lat="49.631702" lon="17.916531"><ele>259.5</ele></trkpt>
   <trkpt lat="49.631766" lon="17.916618"><ele>259.25</ele></trkpt>
   <trkpt lat="49.632027" lon="17.916988"><ele>259.75</ele></trkpt>
   <trkpt lat="49.632409" lon="17.91758"><ele>259</ele></trkpt>
   <trkpt lat="49.632773" lon="17.918187"><ele>259.25</ele></trkpt>
   <trkpt lat="49.633119" lon="17.918807"><ele>259.5</ele></trkpt>
   <trkpt lat="49.633461" lon="17.919474"><ele>258.5</ele></trkpt>
   <trkpt lat="49.633778" lon="17.920148"><ele>259.25</ele></trkpt>
   <trkpt lat="49.634803" lon="17.922422"><ele>259</ele></trkpt>
   <trkpt lat="49.635043" lon="17.92295"><ele>258.5</ele></trkpt>
   <trkpt lat="49.635114" lon="17.923111"><ele>258.75</ele></trkpt>
   <trkpt lat="49.636737" lon="17.926721"><ele>259.5</ele></trkpt>
   <trkpt lat="49.636995" lon="17.927297"><ele>258.75</ele></trkpt>
   <trkpt lat="49.638017" lon="17.929553"><ele>258.75</ele></trkpt>
   <trkpt lat="49.63804" lon="17.929603"><ele>258.25</ele></trkpt>
   <trkpt lat="49.638058" lon="17.929642"><ele>257.75</ele></trkpt>
   <trkpt lat="49.638902" lon="17.931473"><ele>257</ele></trkpt>
   <trkpt lat="49.639276" lon="17.932277"><ele>257.75</ele></trkpt>
   <trkpt lat="49.639307" lon="17.932345"><ele>258</ele></trkpt>
   <trkpt lat="49.639779" lon="17.933347"><ele>257.5</ele></trkpt>
   <trkpt lat="49.640793" lon="17.935511"><ele>256</ele></trkpt>
   <trkpt lat="49.641412" lon="17.936871"><ele>256</ele></trkpt>
   <trkpt lat="49.64234" lon="17.938925"><ele>255.75</ele></trkpt>
   <trkpt lat="49.642934" lon="17.940245"><ele>255</ele></trkpt>
   <trkpt lat="49.643155" lon="17.940725"><ele>255</ele></trkpt>
   <trkpt lat="49.64346" lon="17.941352"><ele>255</ele></trkpt>
   <trkpt lat="49.643702" lon="17.941819"><ele>255</ele></trkpt>
   <trkpt lat="49.643828" lon="17.942054"><ele>254.75</ele></trkpt>
   <trkpt lat="49.644169" lon="17.942648"><ele>254.75</ele></trkpt>
   <trkpt lat="49.64464" lon="17.943427"><ele>254.25</ele></trkpt>
   <trkpt lat="49.644667" lon="17.943468"><ele>254.25</ele></trkpt>
   <trkpt lat="49.644917" lon="17.943858"><ele>254.5</ele></trkpt>
   <trkpt lat="49.645222" lon="17.944311"><ele>253.5</ele></trkpt>
   <trkpt lat="49.645276" lon="17.944388"><ele>253.75</ele></trkpt>
   <trkpt lat="49.645615" lon="17.944868"><ele>253.5</ele></trkpt>
   <trkpt lat="49.645738" lon="17.945034"><ele>253.25</ele></trkpt>
   <trkpt lat="49.645789" lon="17.945101"><ele>253.25</ele></trkpt>
   <trkpt lat="49.646128" lon="17.945548"><ele>253.75</ele></trkpt>
   <trkpt lat="49.646482" lon="17.94599"><ele>252.75</ele></trkpt>
   <trkpt lat="49.647216" lon="17.946861"><ele>253.25</ele></trkpt>
   <trkpt lat="49.647654" lon="17.94737"><ele>252.25</ele></trkpt>
   <trkpt lat="49.647894" lon="17.94765"><ele>252</ele></trkpt>
   <trkpt lat="49.651272" lon="17.951576"><ele>249.75</ele></trkpt>
   <trkpt lat="49.651368" lon="17.951691"><ele>249.75</ele></trkpt>
   <trkpt lat="49.652474" lon="17.952984"><ele>251</ele></trkpt>
   <trkpt lat="49.655062" lon="17.955986"><ele>250</ele></trkpt>
   <trkpt lat="49.660583" lon="17.962391"><ele>249.25</ele></trkpt>
   <trkpt lat="49.660711" lon="17.96254"><ele>249</ele></trkpt>
   <trkpt lat="49.664938" lon="17.967456"><ele>250.75</ele></trkpt>
   <trkpt lat="49.664994" lon="17.967517"><ele>250.75</ele></trkpt>
   <trkpt lat="49.670254" lon="17.973635"><ele>250.75</ele></trkpt>
   <trkpt lat="49.671457" lon="17.975032"><ele>251.25</ele></trkpt>
   <trkpt lat="49.671576" lon="17.97517"><ele>251.25</ele></trkpt>
   <trkpt lat="49.674047" lon="17.978054"><ele>250.5</ele></trkpt>
   <trkpt lat="49.674667" lon="17.978815"><ele>250.5</ele></trkpt>
   <trkpt lat="49.675292" lon="17.979693"><ele>250.25</ele></trkpt>
   <trkpt lat="49.675677" lon="17.980282"><ele>250.25</ele></trkpt>
   <trkpt lat="49.675873" lon="17.980604"><ele>250.25</ele></trkpt>
   <trkpt lat="49.676053" lon="17.980906"><ele>250</ele></trkpt>
   <trkpt lat="49.676405" lon="17.981545"><ele>250</ele></trkpt>
   <trkpt lat="49.676745" lon="17.982205"><ele>249.5</ele></trkpt>
   <trkpt lat="49.677073" lon="17.982912"><ele>249.5</ele></trkpt>
   <trkpt lat="49.677377" lon="17.983617"><ele>250</ele></trkpt>
   <trkpt lat="49.677672" lon="17.984366"><ele>249.5</ele></trkpt>
   <trkpt lat="49.677935" lon="17.985094"><ele>249</ele></trkpt>
   <trkpt lat="49.678064" lon="17.985475"><ele>249.75</ele></trkpt>
   <trkpt lat="49.678997" lon="17.988432"><ele>246.25</ele></trkpt>
   <trkpt lat="49.679035" lon="17.988552"><ele>245.75</ele></trkpt>
   <trkpt lat="49.680651" lon="17.993703"><ele>244.25</ele></trkpt>
   <trkpt lat="49.680723" lon="17.99393"><ele>243.25</ele></trkpt>
   <trkpt lat="49.681441" lon="17.99622"><ele>245</ele></trkpt>
   <trkpt lat="49.681943" lon="17.997792"><ele>245.75</ele></trkpt>
   <trkpt lat="49.681989" lon="17.997938"><ele>244.25</ele></trkpt>
   <trkpt lat="49.682075" lon="17.998212"><ele>243.25</ele></trkpt>
   <trkpt lat="49.684488" lon="18.005927"><ele>241.5</ele></trkpt>
   <trkpt lat="49.684557" lon="18.006143"><ele>240</ele></trkpt>
   <trkpt lat="49.685203" lon="18.008183"><ele>240.25</ele></trkpt>
   <trkpt lat="49.686023" lon="18.01081"><ele>240.25</ele></trkpt>
   <trkpt lat="49.686103" lon="18.011065"><ele>241.75</ele></trkpt>
   <trkpt lat="49.686419" lon="18.012044"><ele>240.25</ele></trkpt>
   <trkpt lat="49.686551" lon="18.012429"><ele>239.5</ele></trkpt>
   <trkpt lat="49.686821" lon="18.013179"><ele>239.25</ele></trkpt>
   <trkpt lat="49.687104" lon="18.013907"><ele>239</ele></trkpt>
   <trkpt lat="49.687244" lon="18.01425"><ele>240.25</ele></trkpt>
   <trkpt lat="49.687404" lon="18.014619"><ele>239</ele></trkpt>
   <trkpt lat="49.687554" lon="18.014957"><ele>240.25</ele></trkpt>
   <trkpt lat="49.687998" lon="18.015904"><ele>240.75</ele></trkpt>
   <trkpt lat="49.688015" lon="18.015935"><ele>240.75</ele></trkpt>
   <trkpt lat="49.688106" lon="18.016117"><ele>240.5</ele></trkpt>
   <trkpt lat="49.688903" lon="18.017687"><ele>240.5</ele></trkpt>
   <trkpt lat="49.689003" lon="18.01787"><ele>239.75</ele></trkpt>
   <trkpt lat="49.689115" lon="18.018092"><ele>239.75</ele></trkpt>
   <trkpt lat="49.694504" lon="18.028682"><ele>238</ele></trkpt>
   <trkpt lat="49.694554" lon="18.02878"><ele>237.25</ele></trkpt>
   <trkpt lat="49.696026" lon="18.031675"><ele>236.5</ele></trkpt>
   <trkpt lat="49.696123" lon="18.031875"><ele>237.5</ele></trkpt>
   <trkpt lat="49.69956" lon="18.03862"><ele>236.5</ele></trkpt>
   <trkpt lat="49.699841" lon="18.03917"><ele>236.5</ele></trkpt>
   <trkpt lat="49.701018" lon="18.04149"><ele>236</ele></trkpt>
   <trkpt lat="49.701132" lon="18.041711"><ele>236.5</ele></trkpt>
   <trkpt lat="49.701144" lon="18.041735"><ele>236.5</ele></trkpt>
   <trkpt lat="49.701159" lon="18.041763"><ele>236.25</ele></trkpt>
   <trkpt lat="49.701296" lon="18.042049"><ele>235.5</ele></trkpt>
   <trkpt lat="49.701542" lon="18.042608"><ele>235.5</ele></trkpt>
   <trkpt lat="49.701661" lon="18.042857"><ele>236.5</ele></trkpt>
   <trkpt lat="49.701706" lon="18.042946"><ele>236.25</ele></trkpt>
   <trkpt lat="49.701868" lon="18.043267"><ele>235.5</ele></trkpt>
   <trkpt lat="49.701939" lon="18.043406"><ele>236</ele></trkpt>
   <trkpt lat="49.70211" lon="18.043739"><ele>236.5</ele></trkpt>
   <trkpt lat="49.702137" lon="18.043793"><ele>236.75</ele></trkpt>
   <trkpt lat="49.702756" lon="18.045015"><ele>236.75</ele></trkpt>
   <trkpt lat="49.702986" lon="18.045496"><ele>236.75</ele></trkpt>
   <trkpt lat="49.702998" lon="18.04552"><ele>236.75</ele></trkpt>
   <trkpt lat="49.703013" lon="18.045551"><ele>236.75</ele></trkpt>
   <trkpt lat="49.703162" lon="18.045906"><ele>236.75</ele></trkpt>
   <trkpt lat="49.703524" lon="18.046875"><ele>236.75</ele></trkpt>
   <trkpt lat="49.703536" lon="18.046906"><ele>236.75</ele></trkpt>
   <trkpt lat="49.703545" lon="18.046928"><ele>236.75</ele></trkpt>
   <trkpt lat="49.703658" lon="18.047265"><ele>236.75</ele></trkpt>
   <trkpt lat="49.703773" lon="18.047678"><ele>236.5</ele></trkpt>
   <trkpt lat="49.703832" lon="18.047858"><ele>236.75</ele></trkpt>
   <trkpt lat="49.703835" lon="18.047866"><ele>236.75</ele></trkpt>
   <trkpt lat="49.703841" lon="18.047881"><ele>236.75</ele></trkpt>
   <trkpt lat="49.703948" lon="18.048182"><ele>236.5</ele></trkpt>
   <trkpt lat="49.704148" lon="18.048781"><ele>236.75</ele></trkpt>
   <trkpt lat="49.704348" lon="18.049462"><ele>236.75</ele></trkpt>
   <trkpt lat="49.704356" lon="18.04949"><ele>236.75</ele></trkpt>
   <trkpt lat="49.704474" lon="18.049924"><ele>236.75</ele></trkpt>
   <trkpt lat="49.704571" lon="18.050309"><ele>236.25</ele></trkpt>
   <trkpt lat="49.704578" lon="18.050335"><ele>236.25</ele></trkpt>
   <trkpt lat="49.704585" lon="18.050361"><ele>236.5</ele></trkpt>
   <trkpt lat="49.704665" lon="18.050692"><ele>236.75</ele></trkpt>
   <trkpt lat="49.70483" lon="18.051453"><ele>237</ele></trkpt>
   <trkpt lat="49.704961" lon="18.05213"><ele>236.75</ele></trkpt>
   <trkpt lat="49.705071" lon="18.052763"><ele>237</ele></trkpt>
   <trkpt lat="49.705105" lon="18.052964"><ele>236.5</ele></trkpt>
   <trkpt lat="49.705142" lon="18.053186"><ele>236.5</ele></trkpt>
   <trkpt lat="49.705153" lon="18.053253"><ele>236.5</ele></trkpt>
   <trkpt lat="49.705198" lon="18.053571"><ele>236.5</ele></trkpt>
   <trkpt lat="49.70521" lon="18.053699"><ele>236.75</ele></trkpt>
   <trkpt lat="49.705243" lon="18.054014"><ele>236.75</ele></trkpt>
   <trkpt lat="49.705327" lon="18.054553"><ele>237</ele></trkpt>
   <trkpt lat="49.70533" lon="18.054568"><ele>237</ele></trkpt>
   <trkpt lat="49.705699" lon="18.056758"><ele>236.25</ele></trkpt>
   <trkpt lat="49.705703" lon="18.056782"><ele>236.25</ele></trkpt>
   <trkpt lat="49.705754" lon="18.057055"><ele>236.25</ele></trkpt>
   <trkpt lat="49.7059" lon="18.057656"><ele>236</ele></trkpt>
   <trkpt lat="49.706065" lon="18.058343"><ele>235.75</ele></trkpt>
   <trkpt lat="49.706153" lon="18.058729"><ele>236</ele></trkpt>
   <trkpt lat="49.706234" lon="18.059053"><ele>236</ele></trkpt>
   <trkpt lat="49.706293" lon="18.059338"><ele>236</ele></trkpt>
   <trkpt lat="49.706303" lon="18.059396"><ele>236</ele></trkpt>
   <trkpt lat="49.706313" lon="18.059455"><ele>235.75</ele></trkpt>
   <trkpt lat="49.706367" lon="18.059718"><ele>235.75</ele></trkpt>
   <trkpt lat="49.706476" lon="18.060158"><ele>236</ele></trkpt>
   <trkpt lat="49.706529" lon="18.06042"><ele>236</ele></trkpt>
   <trkpt lat="49.70655" lon="18.060534"><ele>236</ele></trkpt>
   <trkpt lat="49.706781" lon="18.061835"><ele>236</ele></trkpt>
   <trkpt lat="49.706788" lon="18.061873"><ele>236</ele></trkpt>
   <trkpt lat="49.706836" lon="18.062145"><ele>236</ele></trkpt>
   <trkpt lat="49.707574" lon="18.066527"><ele>236.25</ele></trkpt>
   <trkpt lat="49.707893" lon="18.068393"><ele>236.25</ele></trkpt>
   <trkpt lat="49.70806" lon="18.069408"><ele>236</ele></trkpt>
   <trkpt lat="49.708205" lon="18.070247"><ele>236</ele></trkpt>
   <trkpt lat="49.70821" lon="18.070274"><ele>236</ele></trkpt>
   <trkpt lat="49.708318" lon="18.070869"><ele>236</ele></trkpt>
   <trkpt lat="49.708466" lon="18.071636"><ele>235.5</ele></trkpt>
   <trkpt lat="49.708612" lon="18.072343"><ele>234.75</ele></trkpt>
   <trkpt lat="49.708623" lon="18.072397"><ele>234.75</ele></trkpt>
   <trkpt lat="49.708629" lon="18.072422"><ele>234.75</ele></trkpt>
   <trkpt lat="49.708635" lon="18.072451"><ele>234.75</ele></trkpt>
   <trkpt lat="49.708706" lon="18.072813"><ele>234.5</ele></trkpt>
   <trkpt lat="49.70881" lon="18.073411"><ele>234.25</ele></trkpt>
   <trkpt lat="49.708878" lon="18.073734"><ele>235</ele></trkpt>
   <trkpt lat="49.708887" lon="18.073772"><ele>235</ele></trkpt>
   <trkpt lat="49.708894" lon="18.0738"><ele>234.75</ele></trkpt>
   <trkpt lat="49.709061" lon="18.074494"><ele>234.25</ele></trkpt>
   <trkpt lat="49.709244" lon="18.075191"><ele>234</ele></trkpt>
   <trkpt lat="49.709347" lon="18.07555"><ele>233.75</ele></trkpt>
   <trkpt lat="49.709453" lon="18.075891"><ele>233.75</ele></trkpt>
   <trkpt lat="49.70958" lon="18.076287"><ele>233.75</ele></trkpt>
   <trkpt lat="49.70979" lon="18.076874"><ele>234.25</ele></trkpt>
   <trkpt lat="49.709896" lon="18.077145"><ele>233.5</ele></trkpt>
   <trkpt lat="49.71008" lon="18.077585"><ele>233.25</ele></trkpt>
   <trkpt lat="49.710323" lon="18.078106"><ele>233.25</ele></trkpt>
   <trkpt lat="49.71034" lon="18.078142"><ele>233</ele></trkpt>
   <trkpt lat="49.710364" lon="18.078191"><ele>232.5</ele></trkpt>
   <trkpt lat="49.710478" lon="18.078419"><ele>232.25</ele></trkpt>
   <trkpt lat="49.710726" lon="18.078896"><ele>232.5</ele></trkpt>
   <trkpt lat="49.710884" lon="18.079177"><ele>233.25</ele></trkpt>
   <trkpt lat="49.71124" lon="18.079748"><ele>232.25</ele></trkpt>
   <trkpt lat="49.711605" lon="18.080289"><ele>232.5</ele></trkpt>
   <trkpt lat="49.712175" lon="18.081021"><ele>232</ele></trkpt>
   <trkpt lat="49.713423" lon="18.082511"><ele>231.5</ele></trkpt>
   <trkpt lat="49.713492" lon="18.082598"><ele>231.25</ele></trkpt>
   <trkpt lat="49.714298" lon="18.083557"><ele>231.25</ele></trkpt>
   <trkpt lat="49.714351" lon="18.083623"><ele>231.5</ele></trkpt>
   <trkpt lat="49.715765" lon="18.085317"><ele>230.5</ele></trkpt>
   <trkpt lat="49.715841" lon="18.085408"><ele>230.5</ele></trkpt>
   <trkpt lat="49.717466" lon="18.087348"><ele>230.5</ele></trkpt>
   <trkpt lat="49.717563" lon="18.087463"><ele>230.25</ele></trkpt>
   <trkpt lat="49.717597" lon="18.087501"><ele>230.25</ele></trkpt>
   <trkpt lat="49.719566" lon="18.089855"><ele>230.5</ele></trkpt>
   <trkpt lat="49.723357" lon="18.094386"><ele>230</ele></trkpt>
   <trkpt lat="49.728633" lon="18.100697"><ele>229.25</ele></trkpt>
   <trkpt lat="49.728697" lon="18.100777"><ele>229.25</ele></trkpt>
   <trkpt lat="49.730521" lon="18.102953"><ele>229.75</ele></trkpt>
   <trkpt lat="49.730921" lon="18.103446"><ele>230</ele></trkpt>
   <trkpt lat="49.731287" lon="18.103921"><ele>230</ele></trkpt>
   <trkpt lat="49.731656" lon="18.104436"><ele>230.75</ele></trkpt>
   <trkpt lat="49.73198" lon="18.104933"><ele>230</ele></trkpt>
   <trkpt lat="49.732456" lon="18.105753"><ele>230.25</ele></trkpt>
   <trkpt lat="49.732757" lon="18.106344"><ele>230.5</ele></trkpt>
   <trkpt lat="49.733022" lon="18.106919"><ele>229.75</ele></trkpt>
   <trkpt lat="49.733302" lon="18.107583"><ele>230.25</ele></trkpt>
   <trkpt lat="49.73352" lon="18.108164"><ele>229.5</ele></trkpt>
   <trkpt lat="49.733636" lon="18.108502"><ele>229.5</ele></trkpt>
   <trkpt lat="49.733867" lon="18.109241"><ele>229.5</ele></trkpt>
   <trkpt lat="49.734082" lon="18.110003"><ele>228.5</ele></trkpt>
   <trkpt lat="49.734151" lon="18.110276"><ele>228</ele></trkpt>
   <trkpt lat="49.734429" lon="18.111361"><ele>229.75</ele></trkpt>
   <trkpt lat="49.734489" lon="18.111614"><ele>230</ele></trkpt>
   <trkpt lat="49.73636" lon="18.119029"><ele>228.75</ele></trkpt>
   <trkpt lat="49.7382" lon="18.126352"><ele>226.75</ele></trkpt>
   <trkpt lat="49.740135" lon="18.134035"><ele>224.75</ele></trkpt>
   <trkpt lat="49.740177" lon="18.134194"><ele>225.25</ele></trkpt>
   <trkpt lat="49.740424" lon="18.135097"><ele>225</ele></trkpt>
   <trkpt lat="49.740669" lon="18.135872"><ele>225.5</ele></trkpt>
   <trkpt lat="49.740912" lon="18.136558"><ele>226.25</ele></trkpt>
   <trkpt lat="49.74117" lon="18.137203"><ele>226.75</ele></trkpt>
   <trkpt lat="49.741338" lon="18.137586"><ele>226.75</ele></trkpt>
   <trkpt lat="49.741467" lon="18.137859"><ele>226.5</ele></trkpt>
   <trkpt lat="49.741754" lon="18.138436"><ele>225.75</ele></trkpt>
   <trkpt lat="49.742169" lon="18.139192"><ele>226.5</ele></trkpt>
   <trkpt lat="49.742244" lon="18.139313"><ele>226.25</ele></trkpt>
   <trkpt lat="49.743092" lon="18.140775"><ele>226.5</ele></trkpt>
   <trkpt lat="49.743152" lon="18.140877"><ele>226.25</ele></trkpt>
   <trkpt lat="49.744207" lon="18.14268"><ele>226</ele></trkpt>
   <trkpt lat="49.746054" lon="18.145839"><ele>226.5</ele></trkpt>
   <trkpt lat="49.746865" lon="18.147217"><ele>226.5</ele></trkpt>
   <trkpt lat="49.747018" lon="18.147479"><ele>227</ele></trkpt>
   <trkpt lat="49.747197" lon="18.147794"><ele>226.75</ele></trkpt>
   <trkpt lat="49.747589" lon="18.148459"><ele>227</ele></trkpt>
   <trkpt lat="49.748249" lon="18.14958"><ele>227</ele></trkpt>
   <trkpt lat="49.748728" lon="18.150415"><ele>227.25</ele></trkpt>
   <trkpt lat="49.74913" lon="18.151114"><ele>227.75</ele></trkpt>
   <trkpt lat="49.750014" lon="18.152619"><ele>227.5</ele></trkpt>
   <trkpt lat="49.751867" lon="18.155789"><ele>226.75</ele></trkpt>
   <trkpt lat="49.752301" lon="18.15653"><ele>227.25</ele></trkpt>
   <trkpt lat="49.752562" lon="18.156978"><ele>227</ele></trkpt>
   <trkpt lat="49.753395" lon="18.158403"><ele>226.75</ele></trkpt>
   <trkpt lat="49.754913" lon="18.161011"><ele>226.25</ele></trkpt>
   <trkpt lat="49.754975" lon="18.161117"><ele>226.75</ele></trkpt>
   <trkpt lat="49.75622" lon="18.163241"><ele>226</ele></trkpt>
   <trkpt lat="49.756566" lon="18.163813"><ele>226</ele></trkpt>
   <trkpt lat="49.756754" lon="18.164107"><ele>226</ele></trkpt>
   <trkpt lat="49.756952" lon="18.164396"><ele>226.75</ele></trkpt>
   <trkpt lat="49.757437" lon="18.165064"><ele>226.75</ele></trkpt>
   <trkpt lat="49.757499" lon="18.165145"><ele>226.75</ele></trkpt>
   <trkpt lat="49.758186" lon="18.165998"><ele>226.75</ele></trkpt>
   <trkpt lat="49.765132" lon="18.174335"><ele>224.25</ele></trkpt>
   <trkpt lat="49.766249" lon="18.175665"><ele>223.25</ele></trkpt>
   <trkpt lat="49.767423" lon="18.177076"><ele>222</ele></trkpt>
   <trkpt lat="49.767596" lon="18.177288"><ele>222.25</ele></trkpt>
   <trkpt lat="49.770359" lon="18.180605"><ele>220.75</ele></trkpt>
   <trkpt lat="49.770521" lon="18.180807"><ele>221.25</ele></trkpt>
   <trkpt lat="49.771845" lon="18.182387"><ele>219.75</ele></trkpt>
   <trkpt lat="49.774685" lon="18.185805"><ele>219.5</ele></trkpt>
   <trkpt lat="49.774812" lon="18.185955"><ele>219</ele></trkpt>
   <trkpt lat="49.775824" lon="18.187163"><ele>218.5</ele></trkpt>
   <trkpt lat="49.776131" lon="18.187518"><ele>218.75</ele></trkpt>
   <trkpt lat="49.776538" lon="18.187971"><ele>218.25</ele></trkpt>
   <trkpt lat="49.777101" lon="18.188527"><ele>218</ele></trkpt>
   <trkpt lat="49.777159" lon="18.188582"><ele>218.25</ele></trkpt>
   <trkpt lat="49.777451" lon="18.188846"><ele>218.25</ele></trkpt>
   <trkpt lat="49.777868" lon="18.189202"><ele>218.5</ele></trkpt>
   <trkpt lat="49.778182" lon="18.189449"><ele>219</ele></trkpt>
   <trkpt lat="49.778622" lon="18.189778"><ele>219.25</ele></trkpt>
   <trkpt lat="49.77909" lon="18.190082"><ele>218.75</ele></trkpt>
   <trkpt lat="49.779357" lon="18.190249"><ele>218.75</ele></trkpt>
   <trkpt lat="49.779641" lon="18.190414"><ele>219</ele></trkpt>
   <trkpt lat="49.780173" lon="18.190691"><ele>218.25</ele></trkpt>
   <trkpt lat="49.780864" lon="18.191022"><ele>218.25</ele></trkpt>
   <trkpt lat="49.780905" lon="18.191041"><ele>218.25</ele></trkpt>
   <trkpt lat="49.781301" lon="18.191227"><ele>217.75</ele></trkpt>
   <trkpt lat="49.781433" lon="18.191291"><ele>217.75</ele></trkpt>
   <trkpt lat="49.781863" lon="18.191503"><ele>218.25</ele></trkpt>
   <trkpt lat="49.782312" lon="18.191711"><ele>218</ele></trkpt>
   <trkpt lat="49.782609" lon="18.191849"><ele>218</ele></trkpt>
   <trkpt lat="49.782675" lon="18.19188"><ele>217.75</ele></trkpt>
   <trkpt lat="49.782737" lon="18.191911"><ele>217.75</ele></trkpt>
   <trkpt lat="49.783256" lon="18.192158"><ele>218</ele></trkpt>
   <trkpt lat="49.784004" lon="18.19251"><ele>218</ele></trkpt>
   <trkpt lat="49.791309" lon="18.195971"><ele>217</ele></trkpt>
   <trkpt lat="49.792367" lon="18.196471"><ele>217</ele></trkpt>
   <trkpt lat="49.792752" lon="18.196656"><ele>217</ele></trkpt>
   <trkpt lat="49.792789" lon="18.196674"><ele>216.75</ele></trkpt>
   <trkpt lat="49.792821" lon="18.19669"><ele>217</ele></trkpt>
   <trkpt lat="49.793386" lon="18.196953"><ele>217</ele></trkpt>
   <trkpt lat="49.793586" lon="18.197035"><ele>217</ele></trkpt>
   <trkpt lat="49.793878" lon="18.197132"><ele>217</ele></trkpt>
   <trkpt lat="49.794092" lon="18.197219"><ele>217</ele></trkpt>
   <trkpt lat="49.794114" lon="18.197229"><ele>216.75</ele></trkpt>
   <trkpt lat="49.794912" lon="18.197609"><ele>216.25</ele></trkpt>
   <trkpt lat="49.794986" lon="18.197643"><ele>216</ele></trkpt>
   <trkpt lat="49.796085" lon="18.198164"><ele>215.25</ele></trkpt>
   <trkpt lat="49.796525" lon="18.198375"><ele>216</ele></trkpt>
   <trkpt lat="49.798712" lon="18.19941"><ele>215</ele></trkpt>
   <trkpt lat="49.798766" lon="18.199435"><ele>215</ele></trkpt>
   <trkpt lat="49.799943" lon="18.199994"><ele>215.75</ele></trkpt>
   <trkpt lat="49.805514" lon="18.202636"><ele>214.25</ele></trkpt>
   <trkpt lat="49.805636" lon="18.202694"><ele>213.5</ele></trkpt>
   <trkpt lat="49.806503" lon="18.203106"><ele>214</ele></trkpt>
   <trkpt lat="49.808553" lon="18.204077"><ele>213</ele></trkpt>
   <trkpt lat="49.808905" lon="18.204244"><ele>213.5</ele></trkpt>
   <trkpt lat="49.809056" lon="18.204319"><ele>213.5</ele></trkpt>
   <trkpt lat="49.809071" lon="18.204326"><ele>213.5</ele></trkpt>
   <trkpt lat="49.811487" lon="18.205473"><ele>213.25</ele></trkpt>
   <trkpt lat="49.811957" lon="18.205694"><ele>213.25</ele></trkpt>
   <trkpt lat="49.812365" lon="18.205886"><ele>213.25</ele></trkpt>
   <trkpt lat="49.812441" lon="18.205922"><ele>213.25</ele></trkpt>
   <trkpt lat="49.812584" lon="18.205998"><ele>213.25</ele></trkpt>
   <trkpt lat="49.812966" lon="18.206235"><ele>213.25</ele></trkpt>
   <trkpt lat="49.813109" lon="18.206312"><ele>213.5</ele></trkpt>
   <trkpt lat="49.813267" lon="18.206388"><ele>213.75</ele></trkpt>
   <trkpt lat="49.813772" lon="18.206629"><ele>213.5</ele></trkpt>
   <trkpt lat="49.813999" lon="18.206737"><ele>214</ele></trkpt>
   <trkpt lat="49.814526" lon="18.207004"><ele>214</ele></trkpt>
   <trkpt lat="49.815163" lon="18.207346"><ele>214</ele></trkpt>
   <trkpt lat="49.815197" lon="18.207365"><ele>214</ele></trkpt>
   <trkpt lat="49.815224" lon="18.207379"><ele>214</ele></trkpt>
   <trkpt lat="49.815286" lon="18.207414"><ele>214</ele></trkpt>
   <trkpt lat="49.815929" lon="18.207777"><ele>214</ele></trkpt>
   <trkpt lat="49.815945" lon="18.207786"><ele>214</ele></trkpt>
   <trkpt lat="49.816566" lon="18.208117"><ele>214</ele></trkpt>
   <trkpt lat="49.817" lon="18.208336"><ele>214</ele></trkpt>
   <trkpt lat="49.821026" lon="18.210256"><ele>214</ele></trkpt>
   <trkpt lat="49.821986" lon="18.210712"><ele>213.75</ele></trkpt>
   <trkpt lat="49.822297" lon="18.210848"><ele>213</ele></trkpt>
   <trkpt lat="49.822312" lon="18.210855"><ele>213</ele></trkpt>
   <trkpt lat="49.823086" lon="18.211182"><ele>213</ele></trkpt>
   <trkpt lat="49.823159" lon="18.211215"><ele>213</ele></trkpt>
   <trkpt lat="49.823334" lon="18.211273"><ele>213</ele></trkpt>
   <trkpt lat="49.823631" lon="18.21135"><ele>213</ele></trkpt>
   <trkpt lat="49.823834" lon="18.211416"><ele>213</ele></trkpt>
   <trkpt lat="49.824066" lon="18.211511"><ele>213</ele></trkpt>
   <trkpt lat="49.824286" lon="18.211607"><ele>213</ele></trkpt>
   <trkpt lat="49.824866" lon="18.21189"><ele>213</ele></trkpt>
   <trkpt lat="49.825438" lon="18.212207"><ele>213</ele></trkpt>
   <trkpt lat="49.825589" lon="18.212299"><ele>213</ele></trkpt>
   <trkpt lat="49.825747" lon="18.212408"><ele>213</ele></trkpt>
   <trkpt lat="49.825943" lon="18.212553"><ele>213</ele></trkpt>
   <trkpt lat="49.826173" lon="18.21274"><ele>212.75</ele></trkpt>
   <trkpt lat="49.826377" lon="18.212926"><ele>212.5</ele></trkpt>
   <trkpt lat="49.826636" lon="18.213187"><ele>212.5</ele></trkpt>
   <trkpt lat="49.826833" lon="18.213408"><ele>212.5</ele></trkpt>
   <trkpt lat="49.827038" lon="18.213657"><ele>212</ele></trkpt>
   <trkpt lat="49.827299" lon="18.21401"><ele>211.75</ele></trkpt>
   <trkpt lat="49.827367" lon="18.214109"><ele>211.25</ele></trkpt>
   <trkpt lat="49.82756" lon="18.214389"><ele>211.75</ele></trkpt>
   <trkpt lat="49.827765" lon="18.21473"><ele>212.75</ele></trkpt>
   <trkpt lat="49.827929" lon="18.215023"><ele>211.75</ele></trkpt>
   <trkpt lat="49.828212" lon="18.215561"><ele>211.75</ele></trkpt>
   <trkpt lat="49.82833" lon="18.215821"><ele>212.75</ele></trkpt>
   <trkpt lat="49.828453" lon="18.216118"><ele>212.5</ele></trkpt>
   <trkpt lat="49.828576" lon="18.216426"><ele>212.5</ele></trkpt>
   <trkpt lat="49.828723" lon="18.216828"><ele>211.5</ele></trkpt>
   <trkpt lat="49.829013" lon="18.217668"><ele>211.25</ele></trkpt>
   <trkpt lat="49.82906" lon="18.21781"><ele>211.25</ele></trkpt>
   <trkpt lat="49.829259" lon="18.218386"><ele>211.25</ele></trkpt>
   <trkpt lat="49.829749" lon="18.219875"><ele>212.25</ele></trkpt>
   <trkpt lat="49.830275" lon="18.22156"><ele>210.5</ele></trkpt>
   <trkpt lat="49.830345" lon="18.221778"><ele>207.75</ele></trkpt>
   <trkpt lat="49.830554" lon="18.222439"><ele>209.75</ele></trkpt>
   <trkpt lat="49.830609" lon="18.222612"><ele>209.5</ele></trkpt>
   <trkpt lat="49.83069" lon="18.222873"><ele>209.5</ele></trkpt>
   <trkpt lat="49.830943" lon="18.223684"><ele>210.75</ele></trkpt>
   <trkpt lat="49.831025" lon="18.223971"><ele>210</ele></trkpt>
   <trkpt lat="49.831463" lon="18.225554"><ele>210.25</ele></trkpt>
   <trkpt lat="49.831685" lon="18.226285"><ele>210.5</ele></trkpt>
   <trkpt lat="49.831958" lon="18.227153"><ele>210.75</ele></trkpt>
   <trkpt lat="49.831967" lon="18.227179"><ele>210.5</ele></trkpt>
   <trkpt lat="49.831979" lon="18.227217"><ele>210.25</ele></trkpt>
   <trkpt lat="49.832842" lon="18.229957"><ele>209.25</ele></trkpt>
   <trkpt lat="49.83307" lon="18.230678"><ele>209.75</ele></trkpt>
   <trkpt lat="49.833077" lon="18.230701"><ele>209.75</ele></trkpt>
   <trkpt lat="49.833084" lon="18.230719"><ele>209.75</ele></trkpt>
   <trkpt lat="49.833345" lon="18.231547"><ele>209.25</ele></trkpt>
   <trkpt lat="49.833651" lon="18.232468"><ele>209.75</ele></trkpt>
   <trkpt lat="49.83399" lon="18.233404"><ele>209.25</ele></trkpt>
   <trkpt lat="49.834141" lon="18.233786"><ele>209.5</ele></trkpt>
   <trkpt lat="49.834448" lon="18.234508"><ele>209.75</ele></trkpt>
   <trkpt lat="49.834808" lon="18.235309"><ele>209.5</ele></trkpt>
   <trkpt lat="49.83519" lon="18.236083"><ele>209.5</ele></trkpt>
   <trkpt lat="49.837202" lon="18.23986"><ele>209.75</ele></trkpt>
   <trkpt lat="49.837741" lon="18.240858"><ele>209</ele></trkpt>
   <trkpt lat="49.837797" lon="18.240962"><ele>208.75</ele></trkpt>
   <trkpt lat="49.838093" lon="18.241522"><ele>210</ele></trkpt>
   <trkpt lat="49.838903" lon="18.243028"><ele>209</ele></trkpt>
   <trkpt lat="49.838993" lon="18.243196"><ele>209.25</ele></trkpt>
   <trkpt lat="49.83966" lon="18.244436"><ele>209</ele></trkpt>
   <trkpt lat="49.839796" lon="18.244717"><ele>209</ele></trkpt>
   <trkpt lat="49.839922" lon="18.245014"><ele>209</ele></trkpt>
   <trkpt lat="49.840041" lon="18.245263"><ele>209</ele></trkpt>
   <trkpt lat="49.840058" lon="18.245294"><ele>209</ele></trkpt>
   <trkpt lat="49.840162" lon="18.245498"><ele>209</ele></trkpt>
   <trkpt lat="49.840286" lon="18.245792"><ele>209</ele></trkpt>
   <trkpt lat="49.840458" lon="18.246185"><ele>209</ele></trkpt>
   <trkpt lat="49.840533" lon="18.246333"><ele>209</ele></trkpt>
   <trkpt lat="49.840576" lon="18.246415"><ele>209</ele></trkpt>
   <trkpt lat="49.84404" lon="18.252927"><ele>208</ele></trkpt>
   <trkpt lat="49.845092" lon="18.254918"><ele>208</ele></trkpt>
   <trkpt lat="49.845117" lon="18.254964"><ele>208</ele></trkpt>
   <trkpt lat="49.845618" lon="18.255905"><ele>208</ele></trkpt>
   <trkpt lat="49.845852" lon="18.256384"><ele>208</ele></trkpt>
   <trkpt lat="49.845983" lon="18.256627"><ele>208</ele></trkpt>
   <trkpt lat="49.846013" lon="18.256677"><ele>207.75</ele></trkpt>
   <trkpt lat="49.846112" lon="18.256853"><ele>208</ele></trkpt>
   <trkpt lat="49.846317" lon="18.25727"><ele>207.75</ele></trkpt>
   <trkpt lat="49.846463" lon="18.25755"><ele>207.75</ele></trkpt>
   <trkpt lat="49.846531" lon="18.257689"><ele>208</ele></trkpt>
   <trkpt lat="49.846667" lon="18.25801"><ele>208</ele></trkpt>
   <trkpt lat="49.846771" lon="18.258237"><ele>208</ele></trkpt>
   <trkpt lat="49.846964" lon="18.258599"><ele>208</ele></trkpt>
   <trkpt lat="49.846976" lon="18.258621"><ele>208</ele></trkpt>
   <trkpt lat="49.846986" lon="18.258639"><ele>208</ele></trkpt>
   <trkpt lat="49.847291" lon="18.259215"><ele>208</ele></trkpt>
   <trkpt lat="49.84806" lon="18.260667"><ele>208</ele></trkpt>
   <trkpt lat="49.848158" lon="18.26086"><ele>208</ele></trkpt>
   <trkpt lat="49.848245" lon="18.261057"><ele>208</ele></trkpt>
   <trkpt lat="49.848458" lon="18.261554"><ele>208</ele></trkpt>
   <trkpt lat="49.848703" lon="18.262119"><ele>208</ele></trkpt>
   <trkpt lat="49.848964" lon="18.262741"><ele>208</ele></trkpt>
   <trkpt lat="49.849037" lon="18.262944"><ele>208</ele></trkpt>
   <trkpt lat="49.849148" lon="18.26334"><ele>208</ele></trkpt>
   <trkpt lat="49.84922" lon="18.263719"><ele>208</ele></trkpt>
   <trkpt lat="49.849246" lon="18.26392"><ele>208.25</ele></trkpt>
   <trkpt lat="49.849279" lon="18.264318"><ele>208.75</ele></trkpt>
   <trkpt lat="49.849316" lon="18.265024"><ele>209</ele></trkpt>
   <trkpt lat="49.849376" lon="18.266827"><ele>209</ele></trkpt>
   <trkpt lat="49.849316" lon="18.265024"><ele>209</ele></trkpt>
   <trkpt lat="49.849279" lon="18.264318"><ele>208.75</ele></trkpt>
   <trkpt lat="49.849246" lon="18.26392"><ele>208.25</ele></trkpt>
   <trkpt lat="49.84922" lon="18.263719"><ele>208</ele></trkpt>
   <trkpt lat="49.849148" lon="18.26334"><ele>208</ele></trkpt>
   <trkpt lat="49.849037" lon="18.262944"><ele>208</ele></trkpt>
   <trkpt lat="49.848964" lon="18.262741"><ele>208</ele></trkpt>
   <trkpt lat="49.848703" lon="18.262119"><ele>208</ele></trkpt>
   <trkpt lat="49.848458" lon="18.261554"><ele>208</ele></trkpt>
   <trkpt lat="49.848245" lon="18.261057"><ele>208</ele></trkpt>
   <trkpt lat="49.848158" lon="18.26086"><ele>208</ele></trkpt>
   <trkpt lat="49.84806" lon="18.260667"><ele>208</ele></trkpt>
   <trkpt lat="49.847291" lon="18.259215"><ele>208</ele></trkpt>
   <trkpt lat="49.847379" lon="18.259374"><ele>208</ele></trkpt>
   <trkpt lat="49.847618" lon="18.259739"><ele>208</ele></trkpt>
   <trkpt lat="49.847704" lon="18.259884"><ele>208</ele></trkpt>
   <trkpt lat="49.847863" lon="18.260184"><ele>208</ele></trkpt>
   <trkpt lat="49.847869" lon="18.260194"><ele>208</ele></trkpt>
   <trkpt lat="49.847882" lon="18.260218"><ele>208</ele></trkpt>
   <trkpt lat="49.848207" lon="18.26083"><ele>208</ele></trkpt>
   <trkpt lat="49.848219" lon="18.260853"><ele>208</ele></trkpt>
   <trkpt lat="49.8486" lon="18.261577"><ele>208</ele></trkpt>
   <trkpt lat="49.848844" lon="18.26203"><ele>208</ele></trkpt>
   <trkpt lat="49.848933" lon="18.262201"><ele>208</ele></trkpt>
   <trkpt lat="49.848959" lon="18.262249"><ele>208</ele></trkpt>
   <trkpt lat="49.849126" lon="18.262563"><ele>208</ele></trkpt>
   <trkpt lat="49.849178" lon="18.262662"><ele>208</ele></trkpt>
   <trkpt lat="49.849418" lon="18.263111"><ele>207.75</ele></trkpt>
   <trkpt lat="49.849753" lon="18.263741"><ele>208</ele></trkpt>
   <trkpt lat="49.850048" lon="18.264289"><ele>208</ele></trkpt>
   <trkpt lat="49.850311" lon="18.264705"><ele>209</ele></trkpt>
   <trkpt lat="49.850409" lon="18.264872"><ele>209</ele></trkpt>
   <trkpt lat="49.851259" lon="18.266463"><ele>209</ele></trkpt>
   <trkpt lat="49.85129" lon="18.266522"><ele>209</ele></trkpt>
   <trkpt lat="49.851674" lon="18.26724"><ele>209</ele></trkpt>
   <trkpt lat="49.853717" lon="18.271077"><ele>209</ele></trkpt>
   <trkpt lat="49.854357" lon="18.272276"><ele>209</ele></trkpt>
   <trkpt lat="49.854387" lon="18.272334"><ele>209</ele></trkpt>
   <trkpt lat="49.854879" lon="18.273259"><ele>208.25</ele></trkpt>
   <trkpt lat="49.85508" lon="18.273631"><ele>208.5</ele></trkpt>
   <trkpt lat="49.855251" lon="18.273957"><ele>208.75</ele></trkpt>
   <trkpt lat="49.855272" lon="18.273996"><ele>208.75</ele></trkpt>
   <trkpt lat="49.855275" lon="18.274002"><ele>209</ele></trkpt>
   <trkpt lat="49.855384" lon="18.274208"><ele>209</ele></trkpt>
   <trkpt lat="49.85549" lon="18.274392"><ele>209</ele></trkpt>
   <trkpt lat="49.855719" lon="18.274743"><ele>209</ele></trkpt>
   <trkpt lat="49.855824" lon="18.274924"><ele>209</ele></trkpt>
   <trkpt lat="49.855871" lon="18.275012"><ele>208.75</ele></trkpt>
   <trkpt lat="49.855892" lon="18.275052"><ele>208.75</ele></trkpt>
   <trkpt lat="49.855926" lon="18.275117"><ele>209</ele></trkpt>
   <trkpt lat="49.85684" lon="18.276833"><ele>209</ele></trkpt>
   <trkpt lat="49.856888" lon="18.276923"><ele>209</ele></trkpt>
   <trkpt lat="49.857208" lon="18.277527"><ele>209</ele></trkpt>
   <trkpt lat="49.857549" lon="18.27817"><ele>209</ele></trkpt>
   <trkpt lat="49.857865" lon="18.278763"><ele>209</ele></trkpt>
   <trkpt lat="49.857883" lon="18.278798"><ele>209</ele></trkpt>
   <trkpt lat="49.858324" lon="18.279632"><ele>209</ele></trkpt>
   <trkpt lat="49.859435" lon="18.281785"><ele>209</ele></trkpt>
   <trkpt lat="49.859543" lon="18.281987"><ele>209</ele></trkpt>
   <trkpt lat="49.859907" lon="18.282665"><ele>208.75</ele></trkpt>
   <trkpt lat="49.85994" lon="18.282724"><ele>208.75</ele></trkpt>
   <trkpt lat="49.859997" lon="18.282827"><ele>208.25</ele></trkpt>
   <trkpt lat="49.860743" lon="18.284214"><ele>205</ele></trkpt>
   <trkpt lat="49.860793" lon="18.284306"><ele>206.5</ele></trkpt>
   <trkpt lat="49.860812" lon="18.284344"><ele>207.25</ele></trkpt>
   <trkpt lat="49.860887" lon="18.284484"><ele>208.5</ele></trkpt>
   <trkpt lat="49.861508" lon="18.285646"><ele>208.5</ele></trkpt>
   <trkpt lat="49.861837" lon="18.286261"><ele>209</ele></trkpt>
   <trkpt lat="49.863368" lon="18.289117"><ele>209</ele></trkpt>
   <trkpt lat="49.863681" lon="18.289703"><ele>209</ele></trkpt>
   <trkpt lat="49.86592" lon="18.293892"><ele>207.5</ele></trkpt>
   <trkpt lat="49.867179" lon="18.296247"><ele>207</ele></trkpt>
   <trkpt lat="49.870494" lon="18.302455"><ele>205.25</ele></trkpt>
   <trkpt lat="49.872673" lon="18.30658"><ele>205.25</ele></trkpt>
   <trkpt lat="49.873004" lon="18.307188"><ele>205.5</ele></trkpt>
   <trkpt lat="49.874474" lon="18.309968"><ele>205</ele></trkpt>
   <trkpt lat="49.874762" lon="18.31051"><ele>205</ele></trkpt>
   <trkpt lat="49.876571" lon="18.313933"><ele>204.5</ele></trkpt>
   <trkpt lat="49.877006" lon="18.314752"><ele>204</ele></trkpt>
   <trkpt lat="49.877039" lon="18.314813"><ele>204</ele></trkpt>
   <trkpt lat="49.877139" lon="18.31499"><ele>204.25</ele></trkpt>
   <trkpt lat="49.877336" lon="18.315296"><ele>204.25</ele></trkpt>
   <trkpt lat="49.877511" lon="18.315594"><ele>204.75</ele></trkpt>
   <trkpt lat="49.877559" lon="18.315682"><ele>204.5</ele></trkpt>
   <trkpt lat="49.878037" lon="18.316592"><ele>204</ele></trkpt>
   <trkpt lat="49.883673" lon="18.327221"><ele>203</ele></trkpt>
   <trkpt lat="49.885731" lon="18.331098"><ele>203</ele></trkpt>
   <trkpt lat="49.885781" lon="18.331187"><ele>202.75</ele></trkpt>
   <trkpt lat="49.885899" lon="18.33142"><ele>203</ele></trkpt>
   <trkpt lat="49.886077" lon="18.331828"><ele>202.75</ele></trkpt>
   <trkpt lat="49.886191" lon="18.33206"><ele>202.75</ele></trkpt>
   <trkpt lat="49.886241" lon="18.332157"><ele>202.5</ele></trkpt>
   <trkpt lat="49.886567" lon="18.33278"><ele>202.75</ele></trkpt>
   <trkpt lat="49.88776" lon="18.335031"><ele>202.75</ele></trkpt>
   <trkpt lat="49.888047" lon="18.335569"><ele>202.75</ele></trkpt>
   <trkpt lat="49.889645" lon="18.338582"><ele>202.75</ele></trkpt>
   <trkpt lat="49.889734" lon="18.338751"><ele>203</ele></trkpt>
   <trkpt lat="49.891385" lon="18.341868"><ele>202</ele></trkpt>
   <trkpt lat="49.891811" lon="18.342661"><ele>202</ele></trkpt>
   <trkpt lat="49.892298" lon="18.343595"><ele>202</ele></trkpt>
   <trkpt lat="49.892959" lon="18.344838"><ele>202</ele></trkpt>
   <trkpt lat="49.89402" lon="18.346821"><ele>202</ele></trkpt>
   <trkpt lat="49.895959" lon="18.350471"><ele>201</ele></trkpt>
   <trkpt lat="49.896395" lon="18.351285"><ele>201</ele></trkpt>
   <trkpt lat="49.896446" lon="18.351382"><ele>201</ele></trkpt>
   <trkpt lat="49.896835" lon="18.352116"><ele>201</ele></trkpt>
   <trkpt lat="49.897294" lon="18.353008"><ele>201</ele></trkpt>
   <trkpt lat="49.897484" lon="18.353343"><ele>201</ele></trkpt>
   <trkpt lat="49.897654" lon="18.353617"><ele>201</ele></trkpt>
   <trkpt lat="49.897755" lon="18.353806"><ele>201</ele></trkpt>
   <trkpt lat="49.89799" lon="18.354268"><ele>201</ele></trkpt>
   <trkpt lat="49.898035" lon="18.354359"><ele>201</ele></trkpt>
   <trkpt lat="49.89827" lon="18.354821"><ele>201</ele></trkpt>
   <trkpt lat="49.898492" lon="18.355229"><ele>201</ele></trkpt>
   <trkpt lat="49.89857" lon="18.355353"><ele>201</ele></trkpt>
   <trkpt lat="49.899028" lon="18.356112"><ele>201</ele></trkpt>
   <trkpt lat="49.899236" lon="18.35646"><ele>201</ele></trkpt>
   <trkpt lat="49.899379" lon="18.356714"><ele>201</ele></trkpt>
   <trkpt lat="49.900844" lon="18.359479"><ele>201</ele></trkpt>
   <trkpt lat="49.903432" lon="18.364354"><ele>200.75</ele></trkpt>
   <trkpt lat="49.903897" lon="18.365233"><ele>200.75</ele></trkpt>
   <trkpt lat="49.904045" lon="18.365548"><ele>200.25</ele></trkpt>
   <trkpt lat="49.904134" lon="18.365755"><ele>200.75</ele></trkpt>
   <trkpt lat="49.904322" lon="18.366136"><ele>200.25</ele></trkpt>
   <trkpt lat="49.904808" lon="18.367053"><ele>201</ele></trkpt>
   <trkpt lat="49.904866" lon="18.367162"><ele>201</ele></trkpt>
   <trkpt lat="49.904896" lon="18.367219"><ele>201</ele></trkpt>
   <trkpt lat="49.905075" lon="18.367576"><ele>200.75</ele></trkpt>
   <trkpt lat="49.905261" lon="18.367998"><ele>200.75</ele></trkpt>
   <trkpt lat="49.905377" lon="18.368232"><ele>201</ele></trkpt>
   <trkpt lat="49.90542" lon="18.368313"><ele>201</ele></trkpt>
   <trkpt lat="49.905699" lon="18.368838"><ele>201</ele></trkpt>
   <trkpt lat="49.906081" lon="18.369554"><ele>200.75</ele></trkpt>
   <trkpt lat="49.906131" lon="18.369654"><ele>201</ele></trkpt>
   <trkpt lat="49.906381" lon="18.370124"><ele>200.75</ele></trkpt>
   <trkpt lat="49.906787" lon="18.37089"><ele>201</ele></trkpt>
   <trkpt lat="49.907862" lon="18.372909"><ele>201</ele></trkpt>
   <trkpt lat="49.908219" lon="18.373599"><ele>201</ele></trkpt>
   <trkpt lat="49.908348" lon="18.373864"><ele>201</ele></trkpt>
   <trkpt lat="49.908684" lon="18.374558"><ele>200.75</ele></trkpt>
   <trkpt lat="49.909011" lon="18.375267"><ele>201</ele></trkpt>
   <trkpt lat="49.909227" lon="18.375756"><ele>201</ele></trkpt>
   <trkpt lat="49.909473" lon="18.376346"><ele>201</ele></trkpt>
   <trkpt lat="49.909706" lon="18.376925"><ele>201</ele></trkpt>
   <trkpt lat="49.91007" lon="18.3779"><ele>200.75</ele></trkpt>
   <trkpt lat="49.910311" lon="18.378619"><ele>200.75</ele></trkpt>
   <trkpt lat="49.910534" lon="18.37934"><ele>200.75</ele></trkpt>
   <trkpt lat="49.91074" lon="18.380057"><ele>200.5</ele></trkpt>
   <trkpt lat="49.911034" lon="18.381146"><ele>200.5</ele></trkpt>
   <trkpt lat="49.911302" lon="18.382191"><ele>203.25</ele></trkpt>
   <trkpt lat="49.911488" lon="18.382949"><ele>202.75</ele></trkpt>
   <trkpt lat="49.911668" lon="18.383768"><ele>202</ele></trkpt>
   <trkpt lat="49.911813" lon="18.384567"><ele>202.75</ele></trkpt>
   <trkpt lat="49.911872" lon="18.384957"><ele>202.75</ele></trkpt>
   <trkpt lat="49.911925" lon="18.385377"><ele>202.25</ele></trkpt>
   <trkpt lat="49.912004" lon="18.386169"><ele>202.5</ele></trkpt>
   <trkpt lat="49.912037" lon="18.386585"><ele>203</ele></trkpt>
   <trkpt lat="49.912078" lon="18.38744"><ele>203</ele></trkpt>
   <trkpt lat="49.912091" lon="18.387887"><ele>203</ele></trkpt>
   <trkpt lat="49.912164" lon="18.393"><ele>203.75</ele></trkpt>
   <trkpt lat="49.912164" lon="18.393014"><ele>203.75</ele></trkpt>
   <trkpt lat="49.912404" lon="18.409879"><ele>204.5</ele></trkpt>
   <trkpt lat="49.912456" lon="18.413587"><ele>206.5</ele></trkpt>
   <trkpt lat="49.912469" lon="18.414439"><ele>206.75</ele></trkpt>
   <trkpt lat="49.912476" lon="18.41498"><ele>206.75</ele></trkpt>
   <trkpt lat="49.912705" lon="18.431481"><ele>208.5</ele></trkpt>
   <trkpt lat="49.912709" lon="18.432094"><ele>208.25</ele></trkpt>
   <trkpt lat="49.912704" lon="18.432637"><ele>209.5</ele></trkpt>
   <trkpt lat="49.912703" lon="18.432649"><ele>209.5</ele></trkpt>
   <trkpt lat="49.912693" lon="18.433085"><ele>210</ele></trkpt>
   <trkpt lat="49.912649" lon="18.43394"><ele>208</ele></trkpt>
   <trkpt lat="49.912614" lon="18.434413"><ele>206.75</ele></trkpt>
   <trkpt lat="49.912538" lon="18.435126"><ele>206.75</ele></trkpt>
   <trkpt lat="49.912484" lon="18.435549"><ele>208.75</ele></trkpt>
   <trkpt lat="49.912364" lon="18.436292"><ele>206.25</ele></trkpt>
   <trkpt lat="49.912295" lon="18.436683"><ele>206.5</ele></trkpt>
   <trkpt lat="49.91218" lon="18.437252"><ele>209</ele></trkpt>
   <trkpt lat="49.912059" lon="18.437776"><ele>208.75</ele></trkpt>
   <trkpt lat="49.911965" lon="18.438136"><ele>208.75</ele></trkpt>
   <trkpt lat="49.911756" lon="18.438871"><ele>207.75</ele></trkpt>
   <trkpt lat="49.911469" lon="18.439791"><ele>206.5</ele></trkpt>
   <trkpt lat="49.911097" lon="18.440857"><ele>207.75</ele></trkpt>
   <trkpt lat="49.910087" lon="18.443574"><ele>206</ele></trkpt>
   <trkpt lat="49.907892" lon="18.449334"><ele>210.25</ele></trkpt>
   <trkpt lat="49.90788" lon="18.449369"><ele>210.25</ele></trkpt>
   <trkpt lat="49.907646" lon="18.449988"><ele>210</ele></trkpt>
   <trkpt lat="49.906185" lon="18.453856"><ele>211.25</ele></trkpt>
   <trkpt lat="49.906166" lon="18.453907"><ele>211.25</ele></trkpt>
   <trkpt lat="49.905778" lon="18.454934"><ele>212</ele></trkpt>
   <trkpt lat="49.905369" lon="18.455984"><ele>212.5</ele></trkpt>
   <trkpt lat="49.905227" lon="18.456323"><ele>212.5</ele></trkpt>
   <trkpt lat="49.904898" lon="18.457051"><ele>213.5</ele></trkpt>
   <trkpt lat="49.904673" lon="18.457522"><ele>212.5</ele></trkpt>
   <trkpt lat="49.904498" lon="18.457887"><ele>212.75</ele></trkpt>
   <trkpt lat="49.903849" lon="18.459251"><ele>212.25</ele></trkpt>
   <trkpt lat="49.90382" lon="18.459314"><ele>212.5</ele></trkpt>
   <trkpt lat="49.90377" lon="18.459423"><ele>212.75</ele></trkpt>
   <trkpt lat="49.903405" lon="18.460184"><ele>212.25</ele></trkpt>
   <trkpt lat="49.903302" lon="18.460386"><ele>212</ele></trkpt>
   <trkpt lat="49.90315" lon="18.460643"><ele>212.25</ele></trkpt>
   <trkpt lat="49.902798" lon="18.461238"><ele>212.5</ele></trkpt>
   <trkpt lat="49.902729" lon="18.46137"><ele>212</ele></trkpt>
   <trkpt lat="49.902245" lon="18.462379"><ele>212.25</ele></trkpt>
   <trkpt lat="49.901911" lon="18.463054"><ele>213</ele></trkpt>
   <trkpt lat="49.901563" lon="18.463731"><ele>213</ele></trkpt>
   <trkpt lat="49.9011" lon="18.464583"><ele>213</ele></trkpt>
   <trkpt lat="49.90108" lon="18.464619"><ele>213</ele></trkpt>
   <trkpt lat="49.900943" lon="18.464883"><ele>213</ele></trkpt>
   <trkpt lat="49.900779" lon="18.465254"><ele>213</ele></trkpt>
   <trkpt lat="49.900713" lon="18.465377"><ele>213</ele></trkpt>
   <trkpt lat="49.900614" lon="18.465548"><ele>213</ele></trkpt>
   <trkpt lat="49.900156" lon="18.466366"><ele>213</ele></trkpt>
   <trkpt lat="49.899394" lon="18.467727"><ele>212.75</ele></trkpt>
   <trkpt lat="49.898701" lon="18.469016"><ele>212.5</ele></trkpt>
   <trkpt lat="49.898562" lon="18.469281"><ele>212.5</ele></trkpt>
   <trkpt lat="49.898193" lon="18.469984"><ele>212.75</ele></trkpt>
   <trkpt lat="49.897894" lon="18.470621"><ele>212.5</ele></trkpt>
   <trkpt lat="49.89776" lon="18.470877"><ele>212.75</ele></trkpt>
   <trkpt lat="49.897714" lon="18.470962"><ele>212.75</ele></trkpt>
   <trkpt lat="49.89761" lon="18.471162"><ele>212.5</ele></trkpt>
   <trkpt lat="49.897475" lon="18.471463"><ele>213.75</ele></trkpt>
   <trkpt lat="49.897317" lon="18.471777"><ele>213.25</ele></trkpt>
   <trkpt lat="49.897264" lon="18.471868"><ele>213.5</ele></trkpt>
   <trkpt lat="49.897091" lon="18.47221"><ele>213</ele></trkpt>
   <trkpt lat="49.896956" lon="18.472509"><ele>213.75</ele></trkpt>
   <trkpt lat="49.896859" lon="18.47269"><ele>213.5</ele></trkpt>
   <trkpt lat="49.896628" lon="18.473103"><ele>213.75</ele></trkpt>
   <trkpt lat="49.896575" lon="18.473198"><ele>213.5</ele></trkpt>
   <trkpt lat="49.896514" lon="18.473305"><ele>213.75</ele></trkpt>
   <trkpt lat="49.896286" lon="18.473715"><ele>213.5</ele></trkpt>
   <trkpt lat="49.895934" lon="18.474343"><ele>213.5</ele></trkpt>
   <trkpt lat="49.895588" lon="18.474977"><ele>213.5</ele></trkpt>
   <trkpt lat="49.895427" lon="18.475299"><ele>213.75</ele></trkpt>
   <trkpt lat="49.895168" lon="18.475854"><ele>214.5</ele></trkpt>
   <trkpt lat="49.895017" lon="18.476207"><ele>214.75</ele></trkpt>
   <trkpt lat="49.894792" lon="18.476783"><ele>213.75</ele></trkpt>
   <trkpt lat="49.89469" lon="18.477066"><ele>214.75</ele></trkpt>
   <trkpt lat="49.894487" lon="18.477679"><ele>213.25</ele></trkpt>
   <trkpt lat="49.89436" lon="18.478109"><ele>214</ele></trkpt>
   <trkpt lat="49.894188" lon="18.478745"><ele>213.75</ele></trkpt>
   <trkpt lat="49.894006" lon="18.479534"><ele>212.25</ele></trkpt>
   <trkpt lat="49.893933" lon="18.479898"><ele>213.75</ele></trkpt>
   <trkpt lat="49.893803" lon="18.480638"><ele>213.75</ele></trkpt>
   <trkpt lat="49.893747" lon="18.481024"><ele>212.5</ele></trkpt>
   <trkpt lat="49.893658" lon="18.481748"><ele>212.75</ele></trkpt>
   <trkpt lat="49.893625" lon="18.48211"><ele>214.25</ele></trkpt>
   <trkpt lat="49.893594" lon="18.482497"><ele>214.75</ele></trkpt>
   <trkpt lat="49.89355" lon="18.483266"><ele>214.75</ele></trkpt>
   <trkpt lat="49.893536" lon="18.484022"><ele>214.75</ele></trkpt>
   <trkpt lat="49.893538" lon="18.484448"><ele>214.75</ele></trkpt>
   <trkpt lat="49.893545" lon="18.48481"><ele>215</ele></trkpt>
   <trkpt lat="49.893566" lon="18.4853"><ele>215.25</ele></trkpt>
   <trkpt lat="49.893595" lon="18.485755"><ele>215.75</ele></trkpt>
   <trkpt lat="49.89367" lon="18.486557"><ele>213.75</ele></trkpt>
   <trkpt lat="49.893729" lon="18.487037"><ele>212.75</ele></trkpt>
   <trkpt lat="49.893782" lon="18.487406"><ele>213.75</ele></trkpt>
   <trkpt lat="49.893919" lon="18.488226"><ele>213.75</ele></trkpt>
   <trkpt lat="49.894336" lon="18.490608"><ele>213.5</ele></trkpt>
   <trkpt lat="49.89467" lon="18.492529"><ele>216</ele></trkpt>
   <trkpt lat="49.89468" lon="18.492582"><ele>216</ele></trkpt>
   <trkpt lat="49.895198" lon="18.495565"><ele>215.75</ele></trkpt>
   <trkpt lat="49.895238" lon="18.495793"><ele>216.25</ele></trkpt>
   <trkpt lat="49.895787" lon="18.498938"><ele>217</ele></trkpt>
   <trkpt lat="49.895803" lon="18.499035"><ele>217.25</ele></trkpt>
   <trkpt lat="49.896687" lon="18.504105"><ele>217</ele></trkpt>
   <trkpt lat="49.89671" lon="18.504253"><ele>216</ele></trkpt>
   <trkpt lat="49.897226" lon="18.507214"><ele>220</ele></trkpt>
   <trkpt lat="49.897232" lon="18.50725"><ele>219.75</ele></trkpt>
   <trkpt lat="49.897484" lon="18.508694"><ele>220.75</ele></trkpt>
   <trkpt lat="49.897492" lon="18.508743"><ele>220.75</ele></trkpt>
   <trkpt lat="49.897637" lon="18.509573"><ele>221</ele></trkpt>
   <trkpt lat="49.897666" lon="18.509742"><ele>221</ele></trkpt>
   <trkpt lat="49.898282" lon="18.51337"><ele>222.25</ele></trkpt>
   <trkpt lat="49.898337" lon="18.513724"><ele>222.75</ele></trkpt>
   <trkpt lat="49.898437" lon="18.514456"><ele>223.5</ele></trkpt>
   <trkpt lat="49.898524" lon="18.515221"><ele>223</ele></trkpt>
   <trkpt lat="49.898596" lon="18.516061"><ele>223</ele></trkpt>
   <trkpt lat="49.898646" lon="18.516894"><ele>222.75</ele></trkpt>
   <trkpt lat="49.898668" lon="18.517356"><ele>222.5</ele></trkpt>
   <trkpt lat="49.898677" lon="18.517717"><ele>222.5</ele></trkpt>
   <trkpt lat="49.898681" lon="18.518475"><ele>222.25</ele></trkpt>
   <trkpt lat="49.898663" lon="18.519574"><ele>222</ele></trkpt>
   <trkpt lat="49.898651" lon="18.519864"><ele>221.5</ele></trkpt>
   <trkpt lat="49.898645" lon="18.519993"><ele>221.5</ele></trkpt>
   <trkpt lat="49.898632" lon="18.520276"><ele>222.5</ele></trkpt>
   <trkpt lat="49.898558" lon="18.521262"><ele>223.5</ele></trkpt>
   <trkpt lat="49.898489" lon="18.521991"><ele>223.75</ele></trkpt>
   <trkpt lat="49.898375" lon="18.523033"><ele>224.75</ele></trkpt>
   <trkpt lat="49.897447" lon="18.531571"><ele>227.25</ele></trkpt>
   <trkpt lat="49.897154" lon="18.53426"><ele>227.25</ele></trkpt>
   <trkpt lat="49.897054" lon="18.535179"><ele>225.25</ele></trkpt>
   <trkpt lat="49.89698" lon="18.535857"><ele>225.5</ele></trkpt>
   <trkpt lat="49.896848" lon="18.537083"><ele>224.75</ele></trkpt>
   <trkpt lat="49.896836" lon="18.537183"><ele>223.75</ele></trkpt>
   <trkpt lat="49.896679" lon="18.538585"><ele>227.5</ele></trkpt>
   <trkpt lat="49.896551" lon="18.539754"><ele>229.5</ele></trkpt>
   <trkpt lat="49.89655" lon="18.539761"><ele>229.5</ele></trkpt>
   <trkpt lat="49.896491" lon="18.540308"><ele>230</ele></trkpt>
   <trkpt lat="49.896478" lon="18.54042"><ele>230</ele></trkpt>
   <trkpt lat="49.896415" lon="18.541004"><ele>229.25</ele></trkpt>
   <trkpt lat="49.896365" lon="18.54136"><ele>230</ele></trkpt>
   <trkpt lat="49.896283" lon="18.541828"><ele>229.5</ele></trkpt>
   <trkpt lat="49.896246" lon="18.542104"><ele>229.5</ele></trkpt>
   <trkpt lat="49.896242" lon="18.542133"><ele>229.5</ele></trkpt>
   <trkpt lat="49.896153" lon="18.542726"><ele>229.5</ele></trkpt>
   <trkpt lat="49.896066" lon="18.54318"><ele>230</ele></trkpt>
   <trkpt lat="49.896014" lon="18.543415"><ele>229.75</ele></trkpt>
   <trkpt lat="49.895904" lon="18.543847"><ele>229.25</ele></trkpt>
   <trkpt lat="49.89576" lon="18.544335"><ele>226.75</ele></trkpt>
   <trkpt lat="49.895729" lon="18.544433"><ele>225.5</ele></trkpt>
   <trkpt lat="49.895617" lon="18.544753"><ele>228.25</ele></trkpt>
   <trkpt lat="49.895408" lon="18.545263"><ele>229.75</ele></trkpt>
   <trkpt lat="49.895287" lon="18.545582"><ele>230</ele></trkpt>
   <trkpt lat="49.895229" lon="18.545755"><ele>229.75</ele></trkpt>
   <trkpt lat="49.894814" lon="18.547102"><ele>230.5</ele></trkpt>
   <trkpt lat="49.894788" lon="18.547189"><ele>230.75</ele></trkpt>
   <trkpt lat="49.894559" lon="18.54794"><ele>230.5</ele></trkpt>
   <trkpt lat="49.894368" lon="18.548565"><ele>231</ele></trkpt>
   <trkpt lat="49.89411" lon="18.549401"><ele>231</ele></trkpt>
   <trkpt lat="49.893604" lon="18.551053"><ele>230.75</ele></trkpt>
   <trkpt lat="49.893323" lon="18.551979"><ele>230</ele></trkpt>
   <trkpt lat="49.893203" lon="18.552369"><ele>230</ele></trkpt>
   <trkpt lat="49.892682" lon="18.55405"><ele>231.5</ele></trkpt>
   <trkpt lat="49.892432" lon="18.554756"><ele>231.5</ele></trkpt>
   <trkpt lat="49.892115" lon="18.555581"><ele>232</ele></trkpt>
   <trkpt lat="49.891951" lon="18.556057"><ele>231.25</ele></trkpt>
   <trkpt lat="49.89179" lon="18.55648"><ele>232.75</ele></trkpt>
   <trkpt lat="49.891597" lon="18.556921"><ele>231.75</ele></trkpt>
   <trkpt lat="49.891565" lon="18.556984"><ele>232</ele></trkpt>
   <trkpt lat="49.891549" lon="18.557015"><ele>232</ele></trkpt>
   <trkpt lat="49.891439" lon="18.557248"><ele>232</ele></trkpt>
   <trkpt lat="49.89128" lon="18.557634"><ele>232</ele></trkpt>
   <trkpt lat="49.891167" lon="18.557875"><ele>232</ele></trkpt>
   <trkpt lat="49.891129" lon="18.557953"><ele>232</ele></trkpt>
   <trkpt lat="49.890865" lon="18.558471"><ele>231.25</ele></trkpt>
   <trkpt lat="49.890795" lon="18.558608"><ele>231.75</ele></trkpt>
   <trkpt lat="49.890417" lon="18.559353"><ele>232.25</ele></trkpt>
   <trkpt lat="49.8901" lon="18.559956"><ele>232.5</ele></trkpt>
   <trkpt lat="49.889907" lon="18.560307"><ele>232.5</ele></trkpt>
   <trkpt lat="49.889729" lon="18.560628"><ele>232.5</ele></trkpt>
   <trkpt lat="49.889577" lon="18.5609"><ele>232.75</ele></trkpt>
   <trkpt lat="49.889282" lon="18.561426"><ele>232.75</ele></trkpt>
   <trkpt lat="49.889224" lon="18.561531"><ele>232.75</ele></trkpt>
   <trkpt lat="49.889134" lon="18.561692"><ele>233</ele></trkpt>
   <trkpt lat="49.888696" lon="18.562475"><ele>233</ele></trkpt>
   <trkpt lat="49.888551" lon="18.562734"><ele>233</ele></trkpt>
   <trkpt lat="49.888437" lon="18.562937"><ele>232.75</ele></trkpt>
   <trkpt lat="49.8884" lon="18.563002"><ele>232.75</ele></trkpt>
   <trkpt lat="49.888111" lon="18.563517"><ele>233.25</ele></trkpt>
   <trkpt lat="49.887372" lon="18.564836"><ele>234</ele></trkpt>
   <trkpt lat="49.88724" lon="18.565071"><ele>234</ele></trkpt>
   <trkpt lat="49.887133" lon="18.565262"><ele>234.25</ele></trkpt>
   <trkpt lat="49.886945" lon="18.565598"><ele>233.75</ele></trkpt>
   <trkpt lat="49.886935" lon="18.565615"><ele>234</ele></trkpt>
   <trkpt lat="49.886922" lon="18.56564"><ele>234</ele></trkpt>
   <trkpt lat="49.886495" lon="18.566402"><ele>233.5</ele></trkpt>
   <trkpt lat="49.886194" lon="18.566938"><ele>232.5</ele></trkpt>
   <trkpt lat="49.88596" lon="18.567355"><ele>232.25</ele></trkpt>
   <trkpt lat="49.88576" lon="18.567713"><ele>232.5</ele></trkpt>
   <trkpt lat="49.885547" lon="18.568102"><ele>233</ele></trkpt>
   <trkpt lat="49.885512" lon="18.56817"><ele>231.75</ele></trkpt>
   <trkpt lat="49.885464" lon="18.568259"><ele>230.75</ele></trkpt>
   <trkpt lat="49.885401" lon="18.56838"><ele>230.5</ele></trkpt>
   <trkpt lat="49.885191" lon="18.568787"><ele>231.5</ele></trkpt>
   <trkpt lat="49.885042" lon="18.569079"><ele>232</ele></trkpt>
   <trkpt lat="49.884973" lon="18.569217"><ele>232.25</ele></trkpt>
   <trkpt lat="49.88493" lon="18.569304"><ele>230.5</ele></trkpt>
   <trkpt lat="49.884923" lon="18.569317"><ele>230.25</ele></trkpt>
   <trkpt lat="49.884509" lon="18.570174"><ele>232</ele></trkpt>
   <trkpt lat="49.884498" lon="18.570199"><ele>232</ele></trkpt>
   <trkpt lat="49.884238" lon="18.570767"><ele>232.75</ele></trkpt>
   <trkpt lat="49.884029" lon="18.571238"><ele>232</ele></trkpt>
   <trkpt lat="49.883737" lon="18.571921"><ele>232</ele></trkpt>
   <trkpt lat="49.883733" lon="18.571932"><ele>232</ele></trkpt>
   <trkpt lat="49.883436" lon="18.572659"><ele>232.5</ele></trkpt>
   <trkpt lat="49.883262" lon="18.573101"><ele>233.75</ele></trkpt>
   <trkpt lat="49.882813" lon="18.574305"><ele>235.25</ele></trkpt>
   <trkpt lat="49.882679" lon="18.574684"><ele>236.25</ele></trkpt>
   <trkpt lat="49.882384" lon="18.575528"><ele>236.25</ele></trkpt>
   <trkpt lat="49.881958" lon="18.576753"><ele>236</ele></trkpt>
   <trkpt lat="49.88177" lon="18.577292"><ele>236.75</ele></trkpt>
   <trkpt lat="49.881532" lon="18.577978"><ele>237.5</ele></trkpt>
   <trkpt lat="49.881105" lon="18.579203"><ele>237</ele></trkpt>
   <trkpt lat="49.881083" lon="18.579266"><ele>237</ele></trkpt>
   <trkpt lat="49.880679" lon="18.580428"><ele>236.5</ele></trkpt>
   <trkpt lat="49.880252" lon="18.581653"><ele>235.5</ele></trkpt>
   <trkpt lat="49.879902" lon="18.582659"><ele>232.75</ele></trkpt>
   <trkpt lat="49.879826" lon="18.582878"><ele>233.25</ele></trkpt>
   <trkpt lat="49.879714" lon="18.583198"><ele>235.75</ele></trkpt>
   <trkpt lat="49.879399" lon="18.584103"><ele>235.75</ele></trkpt>
   <trkpt lat="49.878973" lon="18.585328"><ele>235</ele></trkpt>
   <trkpt lat="49.878546" lon="18.586552"><ele>234.75</ele></trkpt>
   <trkpt lat="49.87812" lon="18.587777"><ele>237.25</ele></trkpt>
   <trkpt lat="49.877693" lon="18.589002"><ele>237</ele></trkpt>
   <trkpt lat="49.877267" lon="18.590227"><ele>238.5</ele></trkpt>
   <trkpt lat="49.87684" lon="18.591452"><ele>236.75</ele></trkpt>
   <trkpt lat="49.876414" lon="18.592677"><ele>239.75</ele></trkpt>
   <trkpt lat="49.876098" lon="18.59361"><ele>241</ele></trkpt>
   <trkpt lat="49.876002" lon="18.593912"><ele>242.5</ele></trkpt>
   <trkpt lat="49.875787" lon="18.594617"><ele>241.25</ele></trkpt>
   <trkpt lat="49.875628" lon="18.595176"><ele>241.5</ele></trkpt>
   <trkpt lat="49.875506" lon="18.59563"><ele>241</ele></trkpt>
   <trkpt lat="49.875297" lon="18.596468"><ele>240.75</ele></trkpt>
   <trkpt lat="49.875249" lon="18.596673"><ele>240.75</ele></trkpt>
   <trkpt lat="49.875153" lon="18.5971"><ele>239.25</ele></trkpt>
   <trkpt lat="49.87501" lon="18.597784"><ele>240.75</ele></trkpt>
   <trkpt lat="49.875001" lon="18.59783"><ele>240.75</ele></trkpt>
   <trkpt lat="49.874885" lon="18.598443"><ele>238</ele></trkpt>
   <trkpt lat="49.874768" lon="18.599122"><ele>240.75</ele></trkpt>
   <trkpt lat="49.874662" lon="18.599809"><ele>240.75</ele></trkpt>
   <trkpt lat="49.874571" lon="18.600478"><ele>239</ele></trkpt>
   <trkpt lat="49.874469" lon="18.60134"><ele>241.75</ele></trkpt>
   <trkpt lat="49.874414" lon="18.601846"><ele>242.5</ele></trkpt>
   <trkpt lat="49.874286" lon="18.603041"><ele>242.5</ele></trkpt>
   <trkpt lat="49.874268" lon="18.603219"><ele>243</ele></trkpt>
   <trkpt lat="49.874237" lon="18.603508"><ele>243.25</ele></trkpt>
   <trkpt lat="49.8742" lon="18.603852"><ele>243</ele></trkpt>
   <trkpt lat="49.874122" lon="18.604592"><ele>243.75</ele></trkpt>
   <trkpt lat="49.874067" lon="18.605106"><ele>244</ele></trkpt>
   <trkpt lat="49.874058" lon="18.605196"><ele>244</ele></trkpt>
   <trkpt lat="49.874052" lon="18.60525"><ele>244</ele></trkpt>
   <trkpt lat="49.874043" lon="18.60534"><ele>244</ele></trkpt>
   <trkpt lat="49.873983" lon="18.605897"><ele>244</ele></trkpt>
   <trkpt lat="49.873888" lon="18.606697"><ele>244</ele></trkpt>
   <trkpt lat="49.873806" lon="18.607508"><ele>244</ele></trkpt>
   <trkpt lat="49.873762" lon="18.609054"><ele>245</ele></trkpt>
   <trkpt lat="49.873751" lon="18.609325"><ele>245</ele></trkpt>
   <trkpt lat="49.873716" lon="18.610423"><ele>245</ele></trkpt>
   <trkpt lat="49.87368" lon="18.611317"><ele>245</ele></trkpt>
   <trkpt lat="49.873644" lon="18.612127"><ele>245</ele></trkpt>
   <trkpt lat="49.873603" lon="18.612471"><ele>245</ele></trkpt>
   <trkpt lat="49.873578" lon="18.612829"><ele>245</ele></trkpt>
   <trkpt lat="49.873465" lon="18.61544"><ele>246</ele></trkpt>
   <trkpt lat="49.873447" lon="18.615693"><ele>246</ele></trkpt>
   <trkpt lat="49.873413" lon="18.616034"><ele>245.75</ele></trkpt>
   <trkpt lat="49.873384" lon="18.616274"><ele>246</ele></trkpt>
   <trkpt lat="49.873307" lon="18.616754"><ele>246</ele></trkpt>
   <trkpt lat="49.873208" lon="18.617237"><ele>246</ele></trkpt>
   <trkpt lat="49.873165" lon="18.617416"><ele>246</ele></trkpt>
   <trkpt lat="49.873104" lon="18.61765"><ele>246</ele></trkpt>
   <trkpt lat="49.872967" lon="18.618104"><ele>246</ele></trkpt>
   <trkpt lat="49.872863" lon="18.618411"><ele>246</ele></trkpt>
   <trkpt lat="49.872757" lon="18.61869"><ele>246</ele></trkpt>
   <trkpt lat="49.872188" lon="18.620074"><ele>246</ele></trkpt>
   <trkpt lat="49.871292" lon="18.622177"><ele>246</ele></trkpt>
   <trkpt lat="49.871204" lon="18.622385"><ele>246</ele></trkpt>
   <trkpt lat="49.871048" lon="18.622768"><ele>246</ele></trkpt>
   <trkpt lat="49.87081" lon="18.623476"><ele>246</ele></trkpt>
   <trkpt lat="49.870638" lon="18.624012"><ele>246</ele></trkpt>
   <trkpt lat="49.870571" lon="18.624225"><ele>246</ele></trkpt>
   <trkpt lat="49.870475" lon="18.624485"><ele>246</ele></trkpt>
   <trkpt lat="49.870051" lon="18.625492"><ele>246</ele></trkpt>
   <trkpt lat="49.869823" lon="18.626037"><ele>245.5</ele></trkpt>
   <trkpt lat="49.869698" lon="18.626335"><ele>246</ele></trkpt>
   <trkpt lat="49.869615" lon="18.626569"><ele>245.5</ele></trkpt>
   <trkpt lat="49.86945" lon="18.627077"><ele>245.75</ele></trkpt>
   <trkpt lat="49.869341" lon="18.627414"><ele>243.5</ele></trkpt>
   <trkpt lat="49.869309" lon="18.627506"><ele>242.5</ele></trkpt>
   <trkpt lat="49.86925" lon="18.627689"><ele>243.25</ele></trkpt>
   <trkpt lat="49.869114" lon="18.628132"><ele>244.25</ele></trkpt>
   <trkpt lat="49.869007" lon="18.628604"><ele>243.5</ele></trkpt>
   <trkpt lat="49.868904" lon="18.629196"><ele>244.5</ele></trkpt>
   <trkpt lat="49.868826" lon="18.629777"><ele>242.5</ele></trkpt>
   <trkpt lat="49.868791" lon="18.630216"><ele>241.75</ele></trkpt>
   <trkpt lat="49.868777" lon="18.63065"><ele>241</ele></trkpt>
   <trkpt lat="49.868786" lon="18.631102"><ele>240</ele></trkpt>
   <trkpt lat="49.86882" lon="18.631554"><ele>241</ele></trkpt>
   <trkpt lat="49.868875" lon="18.632066"><ele>238.75</ele></trkpt>
   <trkpt lat="49.86892" lon="18.632422"><ele>239</ele></trkpt>
   <trkpt lat="49.869114" lon="18.634046"><ele>241.75</ele></trkpt>
   <trkpt lat="49.86918" lon="18.634548"><ele>244.5</ele></trkpt>
   <trkpt lat="49.869254" lon="18.635007"><ele>242.75</ele></trkpt>
   <trkpt lat="49.869347" lon="18.635441"><ele>242.25</ele></trkpt>
   <trkpt lat="49.869475" lon="18.635886"><ele>245</ele></trkpt>
   <trkpt lat="49.869621" lon="18.636302"><ele>243.5</ele></trkpt>
   <trkpt lat="49.869785" lon="18.636678"><ele>245.5</ele></trkpt>
   <trkpt lat="49.869899" lon="18.636919"><ele>246.75</ele></trkpt>
   <trkpt lat="49.869972" lon="18.637048"><ele>247</ele></trkpt>
   <trkpt lat="49.870177" lon="18.637378"><ele>248.25</ele></trkpt>
   <trkpt lat="49.870397" lon="18.637673"><ele>249.5</ele></trkpt>
   <trkpt lat="49.870641" lon="18.637941"><ele>249</ele></trkpt>
   <trkpt lat="49.870895" lon="18.638182"><ele>248.75</ele></trkpt>
   <trkpt lat="49.871163" lon="18.638392"><ele>248.5</ele></trkpt>
   <trkpt lat="49.871458" lon="18.638571"><ele>248.25</ele></trkpt>
   <trkpt lat="49.871738" lon="18.638689"><ele>248.25</ele></trkpt>
   <trkpt lat="49.871982" lon="18.638762"><ele>248.5</ele></trkpt>
   <trkpt lat="49.87232" lon="18.638802"><ele>248.5</ele></trkpt>
   <trkpt lat="49.872619" lon="18.638807"><ele>248</ele></trkpt>
   <trkpt lat="49.872911" lon="18.638772"><ele>248</ele></trkpt>
   <trkpt lat="49.873198" lon="18.638697"><ele>248.25</ele></trkpt>
   <trkpt lat="49.873481" lon="18.638586"><ele>248.25</ele></trkpt>
   <trkpt lat="49.873741" lon="18.638443"><ele>249</ele></trkpt>
   <trkpt lat="49.874008" lon="18.638259"><ele>248.25</ele></trkpt>
   <trkpt lat="49.874258" lon="18.63804"><ele>246.75</ele></trkpt>
   <trkpt lat="49.874532" lon="18.637753"><ele>245.25</ele></trkpt>
   <trkpt lat="49.874604" lon="18.637666"><ele>244.5</ele></trkpt>
   <trkpt lat="49.87471" lon="18.637531"><ele>247</ele></trkpt>
   <trkpt lat="49.875086" lon="18.637007"><ele>246.75</ele></trkpt>
   <trkpt lat="49.877076" lon="18.634135"><ele>245.75</ele></trkpt>
   <trkpt lat="49.87731" lon="18.633837"><ele>247.5</ele></trkpt>
   <trkpt lat="49.877557" lon="18.633572"><ele>247.75</ele></trkpt>
   <trkpt lat="49.877827" lon="18.633317"><ele>249.25</ele></trkpt>
   <trkpt lat="49.878106" lon="18.633116"><ele>248.25</ele></trkpt>
   <trkpt lat="49.878396" lon="18.632949"><ele>249.5</ele></trkpt>
   <trkpt lat="49.8787" lon="18.632823"><ele>249.5</ele></trkpt>
   <trkpt lat="49.879002" lon="18.632738"><ele>249.5</ele></trkpt>
   <trkpt lat="49.879304" lon="18.6327"><ele>250.75</ele></trkpt>
   <trkpt lat="49.879618" lon="18.6327"><ele>251</ele></trkpt>
   <trkpt lat="49.87995" lon="18.632756"><ele>251.25</ele></trkpt>
   <trkpt lat="49.880217" lon="18.632834"><ele>252.5</ele></trkpt>
   <trkpt lat="49.880516" lon="18.632966"><ele>252.5</ele></trkpt>
   <trkpt lat="49.880804" lon="18.633137"><ele>251.75</ele></trkpt>
   <trkpt lat="49.881082" lon="18.633335"><ele>251</ele></trkpt>
   <trkpt lat="49.881338" lon="18.633577"><ele>252.25</ele></trkpt>
   <trkpt lat="49.881594" lon="18.633864"><ele>251.75</ele></trkpt>
   <trkpt lat="49.881828" lon="18.63417"><ele>251.5</ele></trkpt>
   <trkpt lat="49.882042" lon="18.634516"><ele>252</ele></trkpt>
   <trkpt lat="49.882232" lon="18.634886"><ele>252</ele></trkpt>
   <trkpt lat="49.882401" lon="18.635286"><ele>252.25</ele></trkpt>
   <trkpt lat="49.882545" lon="18.635701"><ele>252.25</ele></trkpt>
   <trkpt lat="49.882668" lon="18.636133"><ele>253</ele></trkpt>
   <trkpt lat="49.882769" lon="18.636619"><ele>252</ele></trkpt>
   <trkpt lat="49.882839" lon="18.637064"><ele>251.75</ele></trkpt>
   <trkpt lat="49.882878" lon="18.637523"><ele>250.5</ele></trkpt>
   <trkpt lat="49.882894" lon="18.637979"><ele>249</ele></trkpt>
   <trkpt lat="49.882887" lon="18.638459"><ele>246.75</ele></trkpt>
   <trkpt lat="49.882846" lon="18.638939"><ele>249.5</ele></trkpt>
   <trkpt lat="49.882784" lon="18.6394"><ele>251.75</ele></trkpt>
   <trkpt lat="49.882694" lon="18.639856"><ele>248.25</ele></trkpt>
   <trkpt lat="49.882583" lon="18.640275"><ele>250.75</ele></trkpt>
   <trkpt lat="49.882409" lon="18.640811"><ele>248</ele></trkpt>
   <trkpt lat="49.882222" lon="18.641331"><ele>251.75</ele></trkpt>
   <trkpt lat="49.882009" lon="18.641887"><ele>250</ele></trkpt>
   <trkpt lat="49.877522" lon="18.653112"><ele>256.5</ele></trkpt>
   <trkpt lat="49.877297" lon="18.653761"><ele>257.25</ele></trkpt>
   <trkpt lat="49.877095" lon="18.654407"><ele>254.5</ele></trkpt>
   <trkpt lat="49.876911" lon="18.655085"><ele>254.25</ele></trkpt>
   <trkpt lat="49.876755" lon="18.65578"><ele>257</ele></trkpt>
   <trkpt lat="49.876623" lon="18.656475"><ele>257.5</ele></trkpt>
   <trkpt lat="49.876519" lon="18.657188"><ele>258</ele></trkpt>
   <trkpt lat="49.87644" lon="18.657921"><ele>257.25</ele></trkpt>
   <trkpt lat="49.876397" lon="18.658554"><ele>257.75</ele></trkpt>
   <trkpt lat="49.876379" lon="18.6592"><ele>257.75</ele></trkpt>
   <trkpt lat="49.876388" lon="18.659852"><ele>257.75</ele></trkpt>
   <trkpt lat="49.876419" lon="18.66059"><ele>256.75</ele></trkpt>
   <trkpt lat="49.877009" lon="18.672617"><ele>261.5</ele></trkpt>
   <trkpt lat="49.877076" lon="18.673471"><ele>262.75</ele></trkpt>
   <trkpt lat="49.877158" lon="18.674319"><ele>263.75</ele></trkpt>
   <trkpt lat="49.877756" lon="18.67947"><ele>264</ele></trkpt>
   <trkpt lat="49.877784" lon="18.679716"><ele>263</ele></trkpt>
   <trkpt lat="49.877944" lon="18.681086"><ele>266.75</ele></trkpt>
   <trkpt lat="49.877974" lon="18.681349"><ele>265</ele></trkpt>
   <trkpt lat="49.87809" lon="18.682347"><ele>264.25</ele></trkpt>
   <trkpt lat="49.878126" lon="18.682594"><ele>265</ele></trkpt>
   <trkpt lat="49.878229" lon="18.683168"><ele>266</ele></trkpt>
   <trkpt lat="49.878254" lon="18.683372"><ele>265.75</ele></trkpt>
   <trkpt lat="49.878791" lon="18.687986"><ele>265</ele></trkpt>
   <trkpt lat="49.879539" lon="18.694407"><ele>264.25</ele></trkpt>
   <trkpt lat="49.87958" lon="18.694791"><ele>264</ele></trkpt>
   <trkpt lat="49.879625" lon="18.695541"><ele>263.75</ele></trkpt>
   <trkpt lat="49.879636" lon="18.695636"><ele>264</ele></trkpt>
   <trkpt lat="49.879696" lon="18.696149"><ele>264</ele></trkpt>
   <trkpt lat="49.879801" lon="18.697052"><ele>263</ele></trkpt>
   <trkpt lat="49.879855" lon="18.697518"><ele>260.25</ele></trkpt>
   <trkpt lat="49.880015" lon="18.698887"><ele>263.75</ele></trkpt>
   <trkpt lat="49.880174" lon="18.700257"><ele>263.25</ele></trkpt>
   <trkpt lat="49.880266" lon="18.701046"><ele>264.5</ele></trkpt>
   <trkpt lat="49.880296" lon="18.701306"><ele>265</ele></trkpt>
   <trkpt lat="49.880333" lon="18.701626"><ele>265</ele></trkpt>
   <trkpt lat="49.880492" lon="18.702996"><ele>265</ele></trkpt>
   <trkpt lat="49.880651" lon="18.704365"><ele>262.75</ele></trkpt>
   <trkpt lat="49.880763" lon="18.705328"><ele>264.75</ele></trkpt>
   <trkpt lat="49.880811" lon="18.705734"><ele>264.5</ele></trkpt>
   <trkpt lat="49.88097" lon="18.707104"><ele>265</ele></trkpt>
   <trkpt lat="49.880988" lon="18.707258"><ele>265</ele></trkpt>
   <trkpt lat="49.881129" lon="18.708473"><ele>264.75</ele></trkpt>
   <trkpt lat="49.881288" lon="18.709843"><ele>264</ele></trkpt>
   <trkpt lat="49.881447" lon="18.711212"><ele>264.5</ele></trkpt>
   <trkpt lat="49.881606" lon="18.712582"><ele>264</ele></trkpt>
   <trkpt lat="49.881653" lon="18.712988"><ele>264.5</ele></trkpt>
   <trkpt lat="49.881765" lon="18.713951"><ele>263.5</ele></trkpt>
   <trkpt lat="49.881924" lon="18.715321"><ele>263.75</ele></trkpt>
   <trkpt lat="49.882083" lon="18.71669"><ele>263</ele></trkpt>
   <trkpt lat="49.882242" lon="18.71806"><ele>263.75</ele></trkpt>
   <trkpt lat="49.882293" lon="18.718499"><ele>263.5</ele></trkpt>
   <trkpt lat="49.882401" lon="18.719429"><ele>262.75</ele></trkpt>
   <trkpt lat="49.88256" lon="18.720799"><ele>263</ele></trkpt>
   <trkpt lat="49.882719" lon="18.722168"><ele>262.75</ele></trkpt>
   <trkpt lat="49.882878" lon="18.723538"><ele>262</ele></trkpt>
   <trkpt lat="49.882898" lon="18.723717"><ele>261.75</ele></trkpt>
   <trkpt lat="49.882962" lon="18.724264"><ele>261.75</ele></trkpt>
   <trkpt lat="49.883038" lon="18.724907"><ele>262.75</ele></trkpt>
   <trkpt lat="49.883199" lon="18.726276"><ele>260.5</ele></trkpt>
   <trkpt lat="49.883358" lon="18.727645"><ele>262.75</ele></trkpt>
   <trkpt lat="49.883484" lon="18.728734"><ele>260.25</ele></trkpt>
   <trkpt lat="49.883516" lon="18.729004"><ele>260.5</ele></trkpt>
   <trkpt lat="49.883517" lon="18.729015"><ele>260.75</ele></trkpt>
   <trkpt lat="49.883675" lon="18.730385"><ele>261.25</ele></trkpt>
   <trkpt lat="49.883752" lon="18.731056"><ele>259.5</ele></trkpt>
   <trkpt lat="49.883832" lon="18.731755"><ele>260.75</ele></trkpt>
   <trkpt lat="49.883989" lon="18.733125"><ele>260.25</ele></trkpt>
   <trkpt lat="49.884067" lon="18.733796"><ele>260</ele></trkpt>
   <trkpt lat="49.884148" lon="18.734495"><ele>261.75</ele></trkpt>
   <trkpt lat="49.884307" lon="18.735864"><ele>259.75</ele></trkpt>
   <trkpt lat="49.884466" lon="18.737234"><ele>262.5</ele></trkpt>
   <trkpt lat="49.884624" lon="18.738604"><ele>260.5</ele></trkpt>
   <trkpt lat="49.884783" lon="18.739973"><ele>261.25</ele></trkpt>
   <trkpt lat="49.884942" lon="18.741343"><ele>261.25</ele></trkpt>
   <trkpt lat="49.885101" lon="18.742713"><ele>260.75</ele></trkpt>
   <trkpt lat="49.885198" lon="18.743537"><ele>261.5</ele></trkpt>
   <trkpt lat="49.885263" lon="18.744081"><ele>263.5</ele></trkpt>
   <trkpt lat="49.885264" lon="18.744085"><ele>263.5</ele></trkpt>
   <trkpt lat="49.885351" lon="18.74481"><ele>261.75</ele></trkpt>
   <trkpt lat="49.885429" lon="18.745448"><ele>261.25</ele></trkpt>
   <trkpt lat="49.885595" lon="18.746816"><ele>264.5</ele></trkpt>
   <trkpt lat="49.885684" lon="18.747562"><ele>262.75</ele></trkpt>
   <trkpt lat="49.885757" lon="18.748185"><ele>262.75</ele></trkpt>
   <trkpt lat="49.885822" lon="18.748741"><ele>262.75</ele></trkpt>
   <trkpt lat="49.885916" lon="18.749555"><ele>262.75</ele></trkpt>
   <trkpt lat="49.885933" lon="18.749703"><ele>263</ele></trkpt>
   <trkpt lat="49.886074" lon="18.750925"><ele>263</ele></trkpt>
   <trkpt lat="49.886228" lon="18.752296"><ele>261.5</ele></trkpt>
   <trkpt lat="49.88638" lon="18.753668"><ele>263.75</ele></trkpt>
   <trkpt lat="49.886533" lon="18.755038"><ele>260</ele></trkpt>
   <trkpt lat="49.886691" lon="18.756409"><ele>263.25</ele></trkpt>
   <trkpt lat="49.886758" lon="18.75699"><ele>260.5</ele></trkpt>
   <trkpt lat="49.886782" lon="18.757195"><ele>261.75</ele></trkpt>
   <trkpt lat="49.886806" lon="18.757403"><ele>262.25</ele></trkpt>
   <trkpt lat="49.886849" lon="18.757778"><ele>262</ele></trkpt>
   <trkpt lat="49.886914" lon="18.758335"><ele>263.75</ele></trkpt>
   <trkpt lat="49.887008" lon="18.759148"><ele>263</ele></trkpt>
   <trkpt lat="49.887129" lon="18.760198"><ele>262.25</ele></trkpt>
   <trkpt lat="49.887166" lon="18.760518"><ele>262.5</ele></trkpt>
   <trkpt lat="49.887323" lon="18.761888"><ele>263.5</ele></trkpt>
   <trkpt lat="49.887346" lon="18.762092"><ele>263.25</ele></trkpt>
   <trkpt lat="49.88748" lon="18.763259"><ele>263.75</ele></trkpt>
   <trkpt lat="49.887637" lon="18.764629"><ele>263</ele></trkpt>
   <trkpt lat="49.887756" lon="18.765649"><ele>263.75</ele></trkpt>
   <trkpt lat="49.887796" lon="18.765999"><ele>263.75</ele></trkpt>
   <trkpt lat="49.887954" lon="18.767368"><ele>263</ele></trkpt>
   <trkpt lat="49.888113" lon="18.768738"><ele>263.75</ele></trkpt>
   <trkpt lat="49.888149" lon="18.769053"><ele>263.25</ele></trkpt>
   <trkpt lat="49.888271" lon="18.770107"><ele>263</ele></trkpt>
   <trkpt lat="49.888429" lon="18.771478"><ele>263.5</ele></trkpt>
   <trkpt lat="49.888545" lon="18.772476"><ele>264</ele></trkpt>
   <trkpt lat="49.888588" lon="18.772848"><ele>263.75</ele></trkpt>
   <trkpt lat="49.888746" lon="18.774217"><ele>263.25</ele></trkpt>
   <trkpt lat="49.888904" lon="18.775588"><ele>264</ele></trkpt>
   <trkpt lat="49.889063" lon="18.776957"><ele>264</ele></trkpt>
   <trkpt lat="49.889221" lon="18.778327"><ele>263.75</ele></trkpt>
   <trkpt lat="49.889379" lon="18.779697"><ele>263.75</ele></trkpt>
   <trkpt lat="49.889417" lon="18.780026"><ele>263.75</ele></trkpt>
   <trkpt lat="49.889537" lon="18.781067"><ele>263</ele></trkpt>
   <trkpt lat="49.889696" lon="18.782437"><ele>263.75</ele></trkpt>
   <trkpt lat="49.889854" lon="18.783807"><ele>262.75</ele></trkpt>
   <trkpt lat="49.889891" lon="18.784126"><ele>263.75</ele></trkpt>
   <trkpt lat="49.889928" lon="18.784447"><ele>263.5</ele></trkpt>
   <trkpt lat="49.890012" lon="18.785177"><ele>263.75</ele></trkpt>
   <trkpt lat="49.89017" lon="18.786547"><ele>262.5</ele></trkpt>
   <trkpt lat="49.890238" lon="18.787135"><ele>263.5</ele></trkpt>
   <trkpt lat="49.890244" lon="18.787188"><ele>263.75</ele></trkpt>
   <trkpt lat="49.890329" lon="18.787917"><ele>262.5</ele></trkpt>
   <trkpt lat="49.890409" lon="18.788615"><ele>261.75</ele></trkpt>
   <trkpt lat="49.890487" lon="18.789287"><ele>262.5</ele></trkpt>
   <trkpt lat="49.890645" lon="18.790657"><ele>261.5</ele></trkpt>
   <trkpt lat="49.890662" lon="18.790803"><ele>261.5</ele></trkpt>
   <trkpt lat="49.890803" lon="18.792027"><ele>262.75</ele></trkpt>
   <trkpt lat="49.890823" lon="18.792203"><ele>262.75</ele></trkpt>
   <trkpt lat="49.891433" lon="18.797397"><ele>262</ele></trkpt>
   <trkpt lat="49.891475" lon="18.797699"><ele>261.75</ele></trkpt>
   <trkpt lat="49.891545" lon="18.798059"><ele>261.5</ele></trkpt>
   <trkpt lat="49.89159" lon="18.798374"><ele>261.75</ele></trkpt>
   <trkpt lat="49.891619" lon="18.798624"><ele>261.75</ele></trkpt>
   <trkpt lat="49.891649" lon="18.79888"><ele>262.75</ele></trkpt>
   <trkpt lat="49.892181" lon="18.803496"><ele>262</ele></trkpt>
   <trkpt lat="49.892671" lon="18.807779"><ele>262</ele></trkpt>
   <trkpt lat="49.893515" lon="18.815062"><ele>262.25</ele></trkpt>
   <trkpt lat="49.893626" lon="18.816035"><ele>262</ele></trkpt>
   <trkpt lat="49.89372" lon="18.816841"><ele>261.5</ele></trkpt>
   <trkpt lat="49.893773" lon="18.817465"><ele>261</ele></trkpt>
   <trkpt lat="49.893907" lon="18.818637"><ele>261.75</ele></trkpt>
   <trkpt lat="49.893917" lon="18.818718"><ele>261.75</ele></trkpt>
   <trkpt lat="49.893926" lon="18.8188"><ele>261.75</ele></trkpt>
   <trkpt lat="49.89397" lon="18.81918"><ele>261.5</ele></trkpt>
   <trkpt lat="49.894057" lon="18.819934"><ele>261</ele></trkpt>
   <trkpt lat="49.894065" lon="18.820004"><ele>260.75</ele></trkpt>
   <trkpt lat="49.894201" lon="18.821189"><ele>261.75</ele></trkpt>
   <trkpt lat="49.894224" lon="18.821383"><ele>261.5</ele></trkpt>
   <trkpt lat="49.894254" lon="18.821646"><ele>260.5</ele></trkpt>
   <trkpt lat="49.894352" lon="18.822496"><ele>260.5</ele></trkpt>
   <trkpt lat="49.89438" lon="18.822744"><ele>260.75</ele></trkpt>
   <trkpt lat="49.894538" lon="18.824115"><ele>260.5</ele></trkpt>
   <trkpt lat="49.894542" lon="18.824154"><ele>260.5</ele></trkpt>
   <trkpt lat="49.894694" lon="18.825473"><ele>260.5</ele></trkpt>
   <trkpt lat="49.894834" lon="18.826688"><ele>260</ele></trkpt>
   <trkpt lat="49.894851" lon="18.826836"><ele>259.5</ele></trkpt>
   <trkpt lat="49.895012" lon="18.828232"><ele>260.75</ele></trkpt>
   <trkpt lat="49.895049" lon="18.828558"><ele>260.5</ele></trkpt>
   <trkpt lat="49.895081" lon="18.828832"><ele>259.75</ele></trkpt>
   <trkpt lat="49.895171" lon="18.829615"><ele>259</ele></trkpt>
   <trkpt lat="49.895326" lon="18.830966"><ele>260.5</ele></trkpt>
   <trkpt lat="49.895484" lon="18.832337"><ele>259.5</ele></trkpt>
   <trkpt lat="49.895585" lon="18.833213"><ele>260.75</ele></trkpt>
   <trkpt lat="49.895618" lon="18.833501"><ele>260.5</ele></trkpt>
   <trkpt lat="49.895644" lon="18.83373"><ele>260</ele></trkpt>
   <trkpt lat="49.895799" lon="18.835078"><ele>259.75</ele></trkpt>
   <trkpt lat="49.895954" lon="18.836426"><ele>259</ele></trkpt>
   <trkpt lat="49.896109" lon="18.837771"><ele>259.75</ele></trkpt>
   <trkpt lat="49.896273" lon="18.839195"><ele>258.75</ele></trkpt>
   <trkpt lat="49.896401" lon="18.84031"><ele>259.75</ele></trkpt>
   <trkpt lat="49.896427" lon="18.840536"><ele>259.5</ele></trkpt>
   <trkpt lat="49.896471" lon="18.840917"><ele>259.25</ele></trkpt>
   <trkpt lat="49.896527" lon="18.841329"><ele>258.5</ele></trkpt>
   <trkpt lat="49.896609" lon="18.841839"><ele>258.5</ele></trkpt>
   <trkpt lat="49.896645" lon="18.842116"><ele>258.75</ele></trkpt>
   <trkpt lat="49.896727" lon="18.842826"><ele>259.75</ele></trkpt>
   <trkpt lat="49.896771" lon="18.843208"><ele>259.5</ele></trkpt>
   <trkpt lat="49.896839" lon="18.843804"><ele>258.25</ele></trkpt>
   <trkpt lat="49.896929" lon="18.844579"><ele>258.75</ele></trkpt>
   <trkpt lat="49.897086" lon="18.845949"><ele>258.75</ele></trkpt>
   <trkpt lat="49.89719" lon="18.846852"><ele>258.75</ele></trkpt>
   <trkpt lat="49.897243" lon="18.84732"><ele>258.75</ele></trkpt>
   <trkpt lat="49.897401" lon="18.84869"><ele>258.25</ele></trkpt>
   <trkpt lat="49.897558" lon="18.85006"><ele>258.75</ele></trkpt>
   <trkpt lat="49.897716" lon="18.851431"><ele>258</ele></trkpt>
   <trkpt lat="49.897873" lon="18.852801"><ele>258.25</ele></trkpt>
   <trkpt lat="49.89803" lon="18.854171"><ele>257.75</ele></trkpt>
   <trkpt lat="49.898188" lon="18.855542"><ele>257</ele></trkpt>
   <trkpt lat="49.89828" lon="18.856344"><ele>257.25</ele></trkpt>
   <trkpt lat="49.898345" lon="18.856912"><ele>257.75</ele></trkpt>
   <trkpt lat="49.898392" lon="18.857326"><ele>258</ele></trkpt>
   <trkpt lat="49.89844" lon="18.85774"><ele>258</ele></trkpt>
   <trkpt lat="49.898502" lon="18.858282"><ele>257.25</ele></trkpt>
   <trkpt lat="49.898597" lon="18.859106"><ele>257.75</ele></trkpt>
   <trkpt lat="49.89866" lon="18.859652"><ele>258.25</ele></trkpt>
   <trkpt lat="49.898755" lon="18.860481"><ele>257.75</ele></trkpt>
   <trkpt lat="49.898769" lon="18.86061"><ele>257.5</ele></trkpt>
   <trkpt lat="49.898817" lon="18.861023"><ele>257</ele></trkpt>
   <trkpt lat="49.898912" lon="18.861851"><ele>258.75</ele></trkpt>
   <trkpt lat="49.898924" lon="18.861953"><ele>258.75</ele></trkpt>
   <trkpt lat="49.898974" lon="18.862395"><ele>259</ele></trkpt>
   <trkpt lat="49.899078" lon="18.863295"><ele>259.75</ele></trkpt>
   <trkpt lat="49.899132" lon="18.863765"><ele>260</ele></trkpt>
   <trkpt lat="49.899232" lon="18.864638"><ele>260</ele></trkpt>
   <trkpt lat="49.899289" lon="18.865135"><ele>260.5</ele></trkpt>
   <trkpt lat="49.899446" lon="18.866506"><ele>260.5</ele></trkpt>
   <trkpt lat="49.899603" lon="18.867876"><ele>261</ele></trkpt>
   <trkpt lat="49.899694" lon="18.868638"><ele>260.75</ele></trkpt>
   <trkpt lat="49.899775" lon="18.869244"><ele>260.75</ele></trkpt>
   <trkpt lat="49.899857" lon="18.869797"><ele>260.25</ele></trkpt>
   <trkpt lat="49.899988" lon="18.870594"><ele>260</ele></trkpt>
   <trkpt lat="49.900239" lon="18.871931"><ele>260</ele></trkpt>
   <trkpt lat="49.900495" lon="18.873268"><ele>260.75</ele></trkpt>
   <trkpt lat="49.90075" lon="18.874605"><ele>261</ele></trkpt>
   <trkpt lat="49.900932" lon="18.875556"><ele>260.5</ele></trkpt>
   <trkpt lat="49.901006" lon="18.875942"><ele>260.5</ele></trkpt>
   <trkpt lat="49.901261" lon="18.877279"><ele>261</ele></trkpt>
   <trkpt lat="49.901398" lon="18.877994"><ele>261</ele></trkpt>
   <trkpt lat="49.901431" lon="18.87817"><ele>261</ele></trkpt>
   <trkpt lat="49.901435" lon="18.87819"><ele>261</ele></trkpt>
   <trkpt lat="49.901516" lon="18.878616"><ele>261</ele></trkpt>
   <trkpt lat="49.901654" lon="18.879342"><ele>261</ele></trkpt>
   <trkpt lat="49.901673" lon="18.879438"><ele>261</ele></trkpt>
   <trkpt lat="49.90171" lon="18.879676"><ele>261</ele></trkpt>
   <trkpt lat="49.90173" lon="18.879855"><ele>261</ele></trkpt>
   <trkpt lat="49.901767" lon="18.880172"><ele>261</ele></trkpt>
   <trkpt lat="49.901802" lon="18.880481"><ele>261</ele></trkpt>
   <trkpt lat="49.901804" lon="18.880498"><ele>261</ele></trkpt>
   <trkpt lat="49.901815" lon="18.880593"><ele>261</ele></trkpt>
   <trkpt lat="49.902007" lon="18.882265"><ele>261</ele></trkpt>
   <trkpt lat="49.902028" lon="18.88245"><ele>261</ele></trkpt>
   <trkpt lat="49.902151" lon="18.883529"><ele>261</ele></trkpt>
   <trkpt lat="49.90308" lon="18.891628"><ele>261</ele></trkpt>
   <trkpt lat="49.903141" lon="18.89211"><ele>261</ele></trkpt>
   <trkpt lat="49.903228" lon="18.892595"><ele>261</ele></trkpt>
   <trkpt lat="49.903267" lon="18.892872"><ele>261</ele></trkpt>
   <trkpt lat="49.903338" lon="18.893494"><ele>261</ele></trkpt>
   <trkpt lat="49.903386" lon="18.893908"><ele>261</ele></trkpt>
   <trkpt lat="49.903441" lon="18.894195"><ele>261</ele></trkpt>
   <trkpt lat="49.903495" lon="18.894482"><ele>260.75</ele></trkpt>
   <trkpt lat="49.903567" lon="18.895099"><ele>260.75</ele></trkpt>
   <trkpt lat="49.903647" lon="18.895788"><ele>260</ele></trkpt>
   <trkpt lat="49.903648" lon="18.8958"><ele>260</ele></trkpt>
   <trkpt lat="49.903689" lon="18.896145"><ele>260</ele></trkpt>
   <trkpt lat="49.90373" lon="18.896779"><ele>260</ele></trkpt>
   <trkpt lat="49.903761" lon="18.897466"><ele>260.5</ele></trkpt>
   <trkpt lat="49.905106" lon="18.909241"><ele>261</ele></trkpt>
   <trkpt lat="49.905153" lon="18.909847"><ele>260.25</ele></trkpt>
   <trkpt lat="49.905222" lon="18.910344"><ele>260.75</ele></trkpt>
   <trkpt lat="49.905309" lon="18.910813"><ele>260.75</ele></trkpt>
   <trkpt lat="49.905353" lon="18.911216"><ele>261</ele></trkpt>
   <trkpt lat="49.905374" lon="18.911403"><ele>260.75</ele></trkpt>
   <trkpt lat="49.90542" lon="18.911682"><ele>260.5</ele></trkpt>
   <trkpt lat="49.905497" lon="18.911979"><ele>261.5</ele></trkpt>
   <trkpt lat="49.905619" lon="18.912456"><ele>262</ele></trkpt>
   <trkpt lat="49.905663" lon="18.912696"><ele>262</ele></trkpt>
   <trkpt lat="49.905743" lon="18.913403"><ele>262.5</ele></trkpt>
   <trkpt lat="49.905953" lon="18.915234"><ele>262.5</ele></trkpt>
   <trkpt lat="49.906046" lon="18.916055"><ele>262.5</ele></trkpt>
   <trkpt lat="49.906075" lon="18.916309"><ele>262</ele></trkpt>
   <trkpt lat="49.906093" lon="18.916474"><ele>261.75</ele></trkpt>
   <trkpt lat="49.906119" lon="18.916762"><ele>261.75</ele></trkpt>
   <trkpt lat="49.906143" lon="18.91725"><ele>262</ele></trkpt>
   <trkpt lat="49.906185" lon="18.917674"><ele>262</ele></trkpt>
   <trkpt lat="49.906296" lon="18.918638"><ele>261.5</ele></trkpt>
   <trkpt lat="49.907244" lon="18.926917"><ele>261</ele></trkpt>
   <trkpt lat="49.907413" lon="18.928398"><ele>260.25</ele></trkpt>
   <trkpt lat="49.90749" lon="18.92907"><ele>260.25</ele></trkpt>
   <trkpt lat="49.907557" lon="18.929661"><ele>259.75</ele></trkpt>
   <trkpt lat="49.907566" lon="18.929742"><ele>259.5</ele></trkpt>
   <trkpt lat="49.907569" lon="18.929764"><ele>259.5</ele></trkpt>
   <trkpt lat="49.907577" lon="18.929839"><ele>259.25</ele></trkpt>
   <trkpt lat="49.907661" lon="18.930578"><ele>258.75</ele></trkpt>
   <trkpt lat="49.907794" lon="18.931748"><ele>258.75</ele></trkpt>
   <trkpt lat="49.90785" lon="18.932042"><ele>258.75</ele></trkpt>
   <trkpt lat="49.907854" lon="18.932171"><ele>258.75</ele></trkpt>
   <trkpt lat="49.907885" lon="18.932551"><ele>258.25</ele></trkpt>
   <trkpt lat="49.907888" lon="18.932582"><ele>258.25</ele></trkpt>
   <trkpt lat="49.907908" lon="18.932751"><ele>258.25</ele></trkpt>
   <trkpt lat="49.907951" lon="18.933204"><ele>258</ele></trkpt>
   <trkpt lat="49.907978" lon="18.933736"><ele>258</ele></trkpt>
   <trkpt lat="49.907979" lon="18.934241"><ele>257.5</ele></trkpt>
   <trkpt lat="49.907967" lon="18.934558"><ele>257</ele></trkpt>
   <trkpt lat="49.907948" lon="18.934857"><ele>257</ele></trkpt>
   <trkpt lat="49.907889" lon="18.935725"><ele>256</ele></trkpt>
   <trkpt lat="49.907855" lon="18.936477"><ele>256</ele></trkpt>
   <trkpt lat="49.907842" lon="18.937075"><ele>255</ele></trkpt>
   <trkpt lat="49.907842" lon="18.937337"><ele>255</ele></trkpt>
   <trkpt lat="49.907847" lon="18.939055"><ele>254.75</ele></trkpt>
   <trkpt lat="49.907855" lon="18.939801"><ele>254.5</ele></trkpt>
   <trkpt lat="49.907872" lon="18.940543"><ele>253</ele></trkpt>
   <trkpt lat="49.907897" lon="18.940976"><ele>252.25</ele></trkpt>
   <trkpt lat="49.907931" lon="18.941332"><ele>252.5</ele></trkpt>
   <trkpt lat="49.907966" lon="18.94164"><ele>252.75</ele></trkpt>
   <trkpt lat="49.908026" lon="18.942217"><ele>253.5</ele></trkpt>
   <trkpt lat="49.908106" lon="18.943195"><ele>251.25</ele></trkpt>
   <trkpt lat="49.908159" lon="18.943711"><ele>250</ele></trkpt>
   <trkpt lat="49.908206" lon="18.944125"><ele>251.25</ele></trkpt>
   <trkpt lat="49.908254" lon="18.944571"><ele>252</ele></trkpt>
   <trkpt lat="49.908365" lon="18.94587"><ele>250.5</ele></trkpt>
   <trkpt lat="49.908391" lon="18.946121"><ele>249</ele></trkpt>
   <trkpt lat="49.90843" lon="18.946469"><ele>250</ele></trkpt>
   <trkpt lat="49.90964" lon="18.957089"><ele>250.5</ele></trkpt>
   <trkpt lat="49.909807" lon="18.958553"><ele>250</ele></trkpt>
   <trkpt lat="49.909976" lon="18.960042"><ele>249.75</ele></trkpt>
   <trkpt lat="49.910211" lon="18.962105"><ele>249</ele></trkpt>
   <trkpt lat="49.910245" lon="18.962409"><ele>248.75</ele></trkpt>
   <trkpt lat="49.910577" lon="18.965318"><ele>247.75</ele></trkpt>
   <trkpt lat="49.910748" lon="18.966771"><ele>248.25</ele></trkpt>
   <trkpt lat="49.910873" lon="18.967688"><ele>248</ele></trkpt>
   <trkpt lat="49.910995" lon="18.968513"><ele>247.5</ele></trkpt>
   <trkpt lat="49.911134" lon="18.969464"><ele>248.75</ele></trkpt>
   <trkpt lat="49.911243" lon="18.970305"><ele>246.25</ele></trkpt>
   <trkpt lat="49.911732" lon="18.974571"><ele>249.5</ele></trkpt>
   <trkpt lat="49.911856" lon="18.975689"><ele>247.5</ele></trkpt>
   <trkpt lat="49.912046" lon="18.977469"><ele>247.5</ele></trkpt>
   <trkpt lat="49.912861" lon="18.984641"><ele>249.25</ele></trkpt>
   <trkpt lat="49.913008" lon="18.985931"><ele>249.75</ele></trkpt>
   <trkpt lat="49.913095" lon="18.986699"><ele>251.25</ele></trkpt>
   <trkpt lat="49.913287" lon="18.98839"><ele>250.5</ele></trkpt>
   <trkpt lat="49.913349" lon="18.988932"><ele>252</ele></trkpt>
   <trkpt lat="49.913809" lon="18.992989"><ele>255.5</ele></trkpt>
   <trkpt lat="49.913967" lon="18.994375"><ele>255.75</ele></trkpt>
   <trkpt lat="49.914097" lon="18.995516"><ele>256.25</ele></trkpt>
   <trkpt lat="49.914189" lon="18.996331"><ele>256</ele></trkpt>
   <trkpt lat="49.914321" lon="18.997489"><ele>256.75</ele></trkpt>
   <trkpt lat="49.914343" lon="18.997683"><ele>256.5</ele></trkpt>
   <trkpt lat="49.914481" lon="18.998904"><ele>256</ele></trkpt>
   <trkpt lat="49.914549" lon="18.999499"><ele>256.5</ele></trkpt>
   <trkpt lat="49.914615" lon="19.000079"><ele>257</ele></trkpt>
   <trkpt lat="49.914894" lon="19.002541"><ele>257</ele></trkpt>
   <trkpt lat="49.914921" lon="19.002781"><ele>257</ele></trkpt>
   <trkpt lat="49.914938" lon="19.002936"><ele>257</ele></trkpt>
   <trkpt lat="49.914955" lon="19.003212"><ele>257</ele></trkpt>
   <trkpt lat="49.914963" lon="19.003819"><ele>257</ele></trkpt>
   <trkpt lat="49.914988" lon="19.004254"><ele>257</ele></trkpt>
   <trkpt lat="49.915016" lon="19.004536"><ele>257</ele></trkpt>
   <trkpt lat="49.915113" lon="19.005488"><ele>257.25</ele></trkpt>
   <trkpt lat="49.915237" lon="19.006598"><ele>257</ele></trkpt>
   <trkpt lat="49.915324" lon="19.007367"><ele>257</ele></trkpt>
   <trkpt lat="49.915403" lon="19.008066"><ele>257.25</ele></trkpt>
   <trkpt lat="49.915474" lon="19.00869"><ele>257</ele></trkpt>
   <trkpt lat="49.915479" lon="19.008731"><ele>257</ele></trkpt>
   <trkpt lat="49.915557" lon="19.009419"><ele>257</ele></trkpt>
   <trkpt lat="49.915635" lon="19.010108"><ele>257.25</ele></trkpt>
   <trkpt lat="49.915724" lon="19.010896"><ele>257.75</ele></trkpt>
   <trkpt lat="49.915755" lon="19.011169"><ele>257.25</ele></trkpt>
   <trkpt lat="49.915777" lon="19.011355"><ele>257.75</ele></trkpt>
   <trkpt lat="49.915884" lon="19.012307"><ele>258</ele></trkpt>
   <trkpt lat="49.915901" lon="19.012457"><ele>258</ele></trkpt>
   <trkpt lat="49.91609" lon="19.014119"><ele>258</ele></trkpt>
   <trkpt lat="49.91627" lon="19.015653"><ele>258</ele></trkpt>
   <trkpt lat="49.916453" lon="19.017013"><ele>258</ele></trkpt>
   <trkpt lat="49.916582" lon="19.017945"><ele>258</ele></trkpt>
   <trkpt lat="49.916601" lon="19.018095"><ele>258</ele></trkpt>
   <trkpt lat="49.916613" lon="19.018185"><ele>258</ele></trkpt>
   <trkpt lat="49.916771" lon="19.019474"><ele>258.5</ele></trkpt>
   <trkpt lat="49.916795" lon="19.019679"><ele>258.5</ele></trkpt>
   <trkpt lat="49.916872" lon="19.02036"><ele>258</ele></trkpt>
   <trkpt lat="49.916912" lon="19.020704"><ele>257.75</ele></trkpt>
   <trkpt lat="49.91694" lon="19.020951"><ele>257.75</ele></trkpt>
   <trkpt lat="49.916979" lon="19.021297"><ele>257.25</ele></trkpt>
   <trkpt lat="49.917078" lon="19.022167"><ele>257.25</ele></trkpt>
   <trkpt lat="49.917131" lon="19.022565"><ele>257.25</ele></trkpt>
   <trkpt lat="49.917193" lon="19.022937"><ele>257</ele></trkpt>
   <trkpt lat="49.91727" lon="19.023484"><ele>256</ele></trkpt>
   <trkpt lat="49.917298" lon="19.023732"><ele>254.75</ele></trkpt>
   <trkpt lat="49.91746" lon="19.025114"><ele>256.5</ele></trkpt>
   <trkpt lat="49.917494" lon="19.025384"><ele>256.5</ele></trkpt>
   <trkpt lat="49.91751" lon="19.025505"><ele>256</ele></trkpt>
   <trkpt lat="49.917584" lon="19.026051"><ele>254.75</ele></trkpt>
   <trkpt lat="49.917718" lon="19.026947"><ele>256</ele></trkpt>
   <trkpt lat="49.917875" lon="19.027886"><ele>254.5</ele></trkpt>
   <trkpt lat="49.917926" lon="19.028175"><ele>254.75</ele></trkpt>
   <trkpt lat="49.917968" lon="19.028401"><ele>255.5</ele></trkpt>
   <trkpt lat="49.918009" lon="19.028625"><ele>256.25</ele></trkpt>
   <trkpt lat="49.918188" lon="19.029519"><ele>254.25</ele></trkpt>
   <trkpt lat="49.918229" lon="19.029708"><ele>254.5</ele></trkpt>
   <trkpt lat="49.918316" lon="19.030099"><ele>255.25</ele></trkpt>
   <trkpt lat="49.918448" lon="19.030668"><ele>253</ele></trkpt>
   <trkpt lat="49.918496" lon="19.030863"><ele>253.25</ele></trkpt>
   <trkpt lat="49.918529" lon="19.030998"><ele>254</ele></trkpt>
   <trkpt lat="49.918699" lon="19.031664"><ele>253.5</ele></trkpt>
   <trkpt lat="49.91882" lon="19.032127"><ele>252.75</ele></trkpt>
   <trkpt lat="49.918874" lon="19.032329"><ele>252.75</ele></trkpt>
   <trkpt lat="49.918899" lon="19.032426"><ele>251.5</ele></trkpt>
   <trkpt lat="49.919098" lon="19.033182"><ele>251.25</ele></trkpt>
   <trkpt lat="49.919157" lon="19.033408"><ele>254.25</ele></trkpt>
   <trkpt lat="49.919205" lon="19.033595"><ele>255</ele></trkpt>
   <trkpt lat="49.919436" lon="19.034464"><ele>254</ele></trkpt>
   <trkpt lat="49.919642" lon="19.035157"><ele>252</ele></trkpt>
   <trkpt lat="49.919789" lon="19.035612"><ele>253.25</ele></trkpt>
   <trkpt lat="49.919933" lon="19.036028"><ele>251.75</ele></trkpt>
   <trkpt lat="49.920285" lon="19.036972"><ele>253.75</ele></trkpt>
   <trkpt lat="49.92062" lon="19.037866"><ele>252.25</ele></trkpt>
   <trkpt lat="49.921189" lon="19.039384"><ele>251.75</ele></trkpt>
   <trkpt lat="49.921415" lon="19.039983"><ele>252.5</ele></trkpt>
   <trkpt lat="49.921488" lon="19.040183"><ele>250.5</ele></trkpt>
   <trkpt lat="49.921721" lon="19.040805"><ele>252</ele></trkpt>
   <trkpt lat="49.92245" lon="19.042747"><ele>250.25</ele></trkpt>
   <trkpt lat="49.922515" lon="19.042924"><ele>251.25</ele></trkpt>
   <trkpt lat="49.923328" lon="19.045092"><ele>250.75</ele></trkpt>
   <trkpt lat="49.924158" lon="19.047308"><ele>250.75</ele></trkpt>
   <trkpt lat="49.924872" lon="19.049213"><ele>249.5</ele></trkpt>
   <trkpt lat="49.925241" lon="19.050198"><ele>250</ele></trkpt>
   <trkpt lat="49.925787" lon="19.051642"><ele>250.5</ele></trkpt>
   <trkpt lat="49.925908" lon="19.051963"><ele>250.5</ele></trkpt>
   <trkpt lat="49.925926" lon="19.052012"><ele>250.5</ele></trkpt>
   <trkpt lat="49.926012" lon="19.052242"><ele>251</ele></trkpt>
   <trkpt lat="49.926112" lon="19.052508"><ele>251.75</ele></trkpt>
   <trkpt lat="49.926238" lon="19.052845"><ele>251</ele></trkpt>
   <trkpt lat="49.926351" lon="19.053146"><ele>251</ele></trkpt>
   <trkpt lat="49.926464" lon="19.053447"><ele>250.75</ele></trkpt>
   <trkpt lat="49.926464" lon="19.053448"><ele>250.75</ele></trkpt>
   <trkpt lat="49.926687" lon="19.054044"><ele>251.25</ele></trkpt>
   <trkpt lat="49.926689" lon="19.05405"><ele>251.25</ele></trkpt>
   <trkpt lat="49.926961" lon="19.054775"><ele>250.75</ele></trkpt>
   <trkpt lat="49.926978" lon="19.054822"><ele>250.75</ele></trkpt>
   <trkpt lat="49.927109" lon="19.055173"><ele>250.5</ele></trkpt>
   <trkpt lat="49.927341" lon="19.055799"><ele>250.5</ele></trkpt>
   <trkpt lat="49.927468" lon="19.056139"><ele>250.75</ele></trkpt>
   <trkpt lat="49.927759" lon="19.056919"><ele>250.75</ele></trkpt>
   <trkpt lat="49.92825" lon="19.058231"><ele>250.25</ele></trkpt>
   <trkpt lat="49.928815" lon="19.059739"><ele>249.75</ele></trkpt>
   <trkpt lat="49.929025" lon="19.060299"><ele>249.5</ele></trkpt>
   <trkpt lat="49.929579" lon="19.061778"><ele>249</ele></trkpt>
   <trkpt lat="49.929659" lon="19.061992"><ele>249.75</ele></trkpt>
   <trkpt lat="49.930487" lon="19.064206"><ele>248</ele></trkpt>
   <trkpt lat="49.930511" lon="19.064269"><ele>248.5</ele></trkpt>
   <trkpt lat="49.93067" lon="19.064694"><ele>247.5</ele></trkpt>
   <trkpt lat="49.930876" lon="19.065243"><ele>248.5</ele></trkpt>
   <trkpt lat="49.93119" lon="19.066083"><ele>248.75</ele></trkpt>
   <trkpt lat="49.931255" lon="19.066254"><ele>248.25</ele></trkpt>
   <trkpt lat="49.931356" lon="19.066523"><ele>248.75</ele></trkpt>
   <trkpt lat="49.931559" lon="19.067068"><ele>247.75</ele></trkpt>
   <trkpt lat="49.931779" lon="19.067653"><ele>247.75</ele></trkpt>
   <trkpt lat="49.932456" lon="19.06946"><ele>247.75</ele></trkpt>
   <trkpt lat="49.932533" lon="19.069665"><ele>247.75</ele></trkpt>
   <trkpt lat="49.932839" lon="19.070484"><ele>247.5</ele></trkpt>
   <trkpt lat="49.932912" lon="19.070678"><ele>247</ele></trkpt>
   <trkpt lat="49.933069" lon="19.071095"><ele>247.75</ele></trkpt>
   <trkpt lat="49.933161" lon="19.071339"><ele>246.75</ele></trkpt>
   <trkpt lat="49.933296" lon="19.071702"><ele>246.75</ele></trkpt>
   <trkpt lat="49.934131" lon="19.073933"><ele>246.75</ele></trkpt>
   <trkpt lat="49.934313" lon="19.074416"><ele>243.75</ele></trkpt>
   <trkpt lat="49.934369" lon="19.074567"><ele>244.75</ele></trkpt>
   <trkpt lat="49.934962" lon="19.07615"><ele>246</ele></trkpt>
   <trkpt lat="49.935346" lon="19.077176"><ele>246.25</ele></trkpt>
   <trkpt lat="49.935788" lon="19.078354"><ele>245.75</ele></trkpt>
   <trkpt lat="49.936043" lon="19.079037"><ele>245.25</ele></trkpt>
   <trkpt lat="49.936695" lon="19.080775"><ele>245.75</ele></trkpt>
   <trkpt lat="49.936869" lon="19.081243"><ele>245.5</ele></trkpt>
   <trkpt lat="49.936938" lon="19.081429"><ele>245.75</ele></trkpt>
   <trkpt lat="49.937052" lon="19.081734"><ele>245.25</ele></trkpt>
   <trkpt lat="49.937279" lon="19.08234"><ele>245</ele></trkpt>
   <trkpt lat="49.937315" lon="19.082435"><ele>244.5</ele></trkpt>
   <trkpt lat="49.937505" lon="19.082942"><ele>245.5</ele></trkpt>
   <trkpt lat="49.937698" lon="19.08346"><ele>243.75</ele></trkpt>
   <trkpt lat="49.937729" lon="19.083542"><ele>244.25</ele></trkpt>
   <trkpt lat="49.937731" lon="19.083547"><ele>244.25</ele></trkpt>
   <trkpt lat="49.937953" lon="19.084138"><ele>243.75</ele></trkpt>
   <trkpt lat="49.93852" lon="19.085653"><ele>242.75</ele></trkpt>
   <trkpt lat="49.93897" lon="19.086857"><ele>243</ele></trkpt>
   <trkpt lat="49.939115" lon="19.087243"><ele>243</ele></trkpt>
   <trkpt lat="49.939616" lon="19.088581"><ele>241.25</ele></trkpt>
   <trkpt lat="49.94025" lon="19.090272"><ele>242.75</ele></trkpt>
   <trkpt lat="49.940322" lon="19.090466"><ele>243.25</ele></trkpt>
   <trkpt lat="49.940457" lon="19.090824"><ele>241.25</ele></trkpt>
   <trkpt lat="49.940743" lon="19.091589"><ele>241.75</ele></trkpt>
   <trkpt lat="49.941153" lon="19.092688"><ele>242.5</ele></trkpt>
   <trkpt lat="49.941231" lon="19.092895"><ele>241.75</ele></trkpt>
   <trkpt lat="49.941308" lon="19.0931"><ele>241.25</ele></trkpt>
   <trkpt lat="49.941395" lon="19.093334"><ele>242.75</ele></trkpt>
   <trkpt lat="49.94152" lon="19.093667"><ele>241.25</ele></trkpt>
   <trkpt lat="49.941609" lon="19.093903"><ele>242.75</ele></trkpt>
   <trkpt lat="49.941935" lon="19.094774"><ele>242.75</ele></trkpt>
   <trkpt lat="49.942161" lon="19.095377"><ele>242</ele></trkpt>
   <trkpt lat="49.942236" lon="19.095578"><ele>242.75</ele></trkpt>
   <trkpt lat="49.942515" lon="19.096323"><ele>242.75</ele></trkpt>
   <trkpt lat="49.943013" lon="19.097655"><ele>242</ele></trkpt>
   <trkpt lat="49.943437" lon="19.098789"><ele>242.5</ele></trkpt>
   <trkpt lat="49.944145" lon="19.100681"><ele>241.75</ele></trkpt>
   <trkpt lat="49.944346" lon="19.10122"><ele>241.25</ele></trkpt>
   <trkpt lat="49.944979" lon="19.102909"><ele>241.25</ele></trkpt>
   <trkpt lat="49.94552" lon="19.104354"><ele>241.5</ele></trkpt>
   <trkpt lat="49.945578" lon="19.104508"><ele>241.75</ele></trkpt>
   <trkpt lat="49.94571" lon="19.104864"><ele>241.25</ele></trkpt>
   <trkpt lat="49.945738" lon="19.104938"><ele>241</ele></trkpt>
   <trkpt lat="49.945791" lon="19.105082"><ele>241</ele></trkpt>
   <trkpt lat="49.94585" lon="19.105239"><ele>240.75</ele></trkpt>
   <trkpt lat="49.945935" lon="19.105466"><ele>241.25</ele></trkpt>
   <trkpt lat="49.946425" lon="19.106774"><ele>241.5</ele></trkpt>
   <trkpt lat="49.946643" lon="19.107359"><ele>241.25</ele></trkpt>
   <trkpt lat="49.948598" lon="19.112587"><ele>241.25</ele></trkpt>
   <trkpt lat="49.949736" lon="19.115627"><ele>241.75</ele></trkpt>
   <trkpt lat="49.949805" lon="19.115813"><ele>241.5</ele></trkpt>
   <trkpt lat="49.950187" lon="19.116834"><ele>241.75</ele></trkpt>
   <trkpt lat="49.950241" lon="19.116978"><ele>242</ele></trkpt>
   <trkpt lat="49.95029" lon="19.117109"><ele>242.5</ele></trkpt>
   <trkpt lat="49.95055" lon="19.117794"><ele>241.75</ele></trkpt>
   <trkpt lat="49.950777" lon="19.11836"><ele>241.75</ele></trkpt>
   <trkpt lat="49.950958" lon="19.118774"><ele>242</ele></trkpt>
   <trkpt lat="49.95109" lon="19.119056"><ele>242.5</ele></trkpt>
   <trkpt lat="49.95134" lon="19.119553"><ele>242.25</ele></trkpt>
   <trkpt lat="49.951617" lon="19.12005"><ele>242</ele></trkpt>
   <trkpt lat="49.951866" lon="19.120457"><ele>242.5</ele></trkpt>
   <trkpt lat="49.952116" lon="19.120831"><ele>242.75</ele></trkpt>
   <trkpt lat="49.952371" lon="19.121185"><ele>243.5</ele></trkpt>
   <trkpt lat="49.952649" lon="19.121539"><ele>243.75</ele></trkpt>
   <trkpt lat="49.952915" lon="19.12185"><ele>244</ele></trkpt>
   <trkpt lat="49.953077" lon="19.122027"><ele>244.5</ele></trkpt>
   <trkpt lat="49.953429" lon="19.122385"><ele>245.75</ele></trkpt>
   <trkpt lat="49.953709" lon="19.122642"><ele>245.5</ele></trkpt>
   <trkpt lat="49.953908" lon="19.122811"><ele>245.25</ele></trkpt>
   <trkpt lat="49.954182" lon="19.123027"><ele>245</ele></trkpt>
   <trkpt lat="49.95444" lon="19.123213"><ele>245.5</ele></trkpt>
   <trkpt lat="49.954732" lon="19.123403"><ele>245.5</ele></trkpt>
   <trkpt lat="49.95509" lon="19.123611"><ele>245.5</ele></trkpt>
   <trkpt lat="49.955356" lon="19.123748"><ele>246.5</ele></trkpt>
   <trkpt lat="49.955591" lon="19.123858"><ele>246</ele></trkpt>
   <trkpt lat="49.955939" lon="19.123996"><ele>246</ele></trkpt>
   <trkpt lat="49.955971" lon="19.124007"><ele>246</ele></trkpt>
   <trkpt lat="49.95613" lon="19.124062"><ele>245</ele></trkpt>
   <trkpt lat="49.956575" lon="19.124195"><ele>245.5</ele></trkpt>
   <trkpt lat="49.957421" lon="19.124426"><ele>245.5</ele></trkpt>
   <trkpt lat="49.958435" lon="19.124701"><ele>245.5</ele></trkpt>
   <trkpt lat="49.965552" lon="19.126634"><ele>248.75</ele></trkpt>
   <trkpt lat="49.965686" lon="19.126671"><ele>249</ele></trkpt>
   <trkpt lat="49.965733" lon="19.12668"><ele>249</ele></trkpt>
   <trkpt lat="49.966437" lon="19.12687"><ele>250</ele></trkpt>
   <trkpt lat="49.968513" lon="19.127439"><ele>250</ele></trkpt>
   <trkpt lat="49.969029" lon="19.127565"><ele>249.5</ele></trkpt>
   <trkpt lat="49.969629" lon="19.12768"><ele>250</ele></trkpt>
   <trkpt lat="49.970228" lon="19.127825"><ele>249.75</ele></trkpt>
   <trkpt lat="49.972089" lon="19.128324"><ele>249</ele></trkpt>
   <trkpt lat="49.972819" lon="19.12853"><ele>248.5</ele></trkpt>
   <trkpt lat="49.974077" lon="19.128959"><ele>248</ele></trkpt>
   <trkpt lat="49.974658" lon="19.129116"><ele>248</ele></trkpt>
   <trkpt lat="49.974826" lon="19.129167"><ele>248</ele></trkpt>
   <trkpt lat="49.97541" lon="19.12933"><ele>246.75</ele></trkpt>
   <trkpt lat="49.975641" lon="19.129395"><ele>246.5</ele></trkpt>
   <trkpt lat="49.976073" lon="19.129574"><ele>245</ele></trkpt>
   <trkpt lat="49.977949" lon="19.130093"><ele>242.5</ele></trkpt>
   <trkpt lat="49.978188" lon="19.130159"><ele>241.75</ele></trkpt>
   <trkpt lat="49.980651" lon="19.130841"><ele>244.25</ele></trkpt>
   <trkpt lat="49.981531" lon="19.131084"><ele>242.75</ele></trkpt>
   <trkpt lat="49.982321" lon="19.131337"><ele>239.25</ele></trkpt>
   <trkpt lat="49.982693" lon="19.131482"><ele>240</ele></trkpt>
   <trkpt lat="49.983265" lon="19.131744"><ele>240.75</ele></trkpt>
   <trkpt lat="49.983823" lon="19.132041"><ele>240.75</ele></trkpt>
   <trkpt lat="49.984379" lon="19.132388"><ele>241.25</ele></trkpt>
   <trkpt lat="49.984913" lon="19.132771"><ele>241.5</ele></trkpt>
   <trkpt lat="49.985453" lon="19.1332"><ele>241.25</ele></trkpt>
   <trkpt lat="49.985947" lon="19.133641"><ele>242.25</ele></trkpt>
   <trkpt lat="49.986142" lon="19.133825"><ele>243</ele></trkpt>
   <trkpt lat="49.986437" lon="19.134122"><ele>243.25</ele></trkpt>
   <trkpt lat="49.986918" lon="19.13464"><ele>244</ele></trkpt>
   <trkpt lat="49.987366" lon="19.135165"><ele>244.5</ele></trkpt>
   <trkpt lat="49.987823" lon="19.135747"><ele>244.25</ele></trkpt>
   <trkpt lat="49.988181" lon="19.136261"><ele>244</ele></trkpt>
   <trkpt lat="49.988383" lon="19.136564"><ele>244</ele></trkpt>
   <trkpt lat="49.988539" lon="19.136803"><ele>244.5</ele></trkpt>
   <trkpt lat="49.988695" lon="19.137049"><ele>244</ele></trkpt>
   <trkpt lat="49.988938" lon="19.137557"><ele>243</ele></trkpt>
   <trkpt lat="49.989107" lon="19.137889"><ele>243</ele></trkpt>
   <trkpt lat="49.98917" lon="19.138022"><ele>243</ele></trkpt>
   <trkpt lat="49.989436" lon="19.138576"><ele>243</ele></trkpt>
   <trkpt lat="49.989663" lon="19.139047"><ele>243</ele></trkpt>
   <trkpt lat="49.993421" lon="19.148835"><ele>246.5</ele></trkpt>
   <trkpt lat="49.993656" lon="19.149333"><ele>246.5</ele></trkpt>
   <trkpt lat="49.993845" lon="19.149816"><ele>246.25</ele></trkpt>
   <trkpt lat="49.994317" lon="19.150827"><ele>245.25</ele></trkpt>
   <trkpt lat="49.994468" lon="19.151215"><ele>245.75</ele></trkpt>
   <trkpt lat="49.994558" lon="19.151433"><ele>245.5</ele></trkpt>
   <trkpt lat="49.994659" lon="19.151649"><ele>245.75</ele></trkpt>
   <trkpt lat="49.994756" lon="19.151854"><ele>245.75</ele></trkpt>
   <trkpt lat="49.994848" lon="19.152077"><ele>245.75</ele></trkpt>
   <trkpt lat="49.994992" lon="19.152456"><ele>246</ele></trkpt>
   <trkpt lat="49.995183" lon="19.152955"><ele>246</ele></trkpt>
   <trkpt lat="49.995414" lon="19.153566"><ele>246</ele></trkpt>
   <trkpt lat="49.995524" lon="19.153856"><ele>246.75</ele></trkpt>
   <trkpt lat="49.995751" lon="19.154455"><ele>246</ele></trkpt>
   <trkpt lat="49.995757" lon="19.154471"><ele>246</ele></trkpt>
   <trkpt lat="49.995846" lon="19.154704"><ele>246.75</ele></trkpt>
   <trkpt lat="49.995981" lon="19.155056"><ele>245.25</ele></trkpt>
   <trkpt lat="49.99621" lon="19.155657"><ele>245.5</ele></trkpt>
   <trkpt lat="49.996709" lon="19.156963"><ele>245.25</ele></trkpt>
   <trkpt lat="49.997084" lon="19.157944"><ele>243.75</ele></trkpt>
   <trkpt lat="49.998002" lon="19.160348"><ele>243</ele></trkpt>
   <trkpt lat="49.999258" lon="19.163638"><ele>241.75</ele></trkpt>
   <trkpt lat="49.999475" lon="19.164206"><ele>243.5</ele></trkpt>
   <trkpt lat="50.000114" lon="19.165881"><ele>242</ele></trkpt>
   <trkpt lat="50.000602" lon="19.16714"><ele>243.25</ele></trkpt>
   <trkpt lat="50.000907" lon="19.16786"><ele>242.75</ele></trkpt>
   <trkpt lat="50.001234" lon="19.168559"><ele>241.75</ele></trkpt>
   <trkpt lat="50.001461" lon="19.169007"><ele>242.75</ele></trkpt>
   <trkpt lat="50.001625" lon="19.169315"><ele>242.25</ele></trkpt>
   <trkpt lat="50.001948" lon="19.169886"><ele>242.5</ele></trkpt>
   <trkpt lat="50.002227" lon="19.170342"><ele>242.75</ele></trkpt>
   <trkpt lat="50.002597" lon="19.170902"><ele>242.25</ele></trkpt>
   <trkpt lat="50.002873" lon="19.17129"><ele>242</ele></trkpt>
   <trkpt lat="50.003323" lon="19.171875"><ele>242.5</ele></trkpt>
   <trkpt lat="50.003419" lon="19.171991"><ele>242.5</ele></trkpt>
   <trkpt lat="50.003579" lon="19.172182"><ele>242.75</ele></trkpt>
   <trkpt lat="50.003811" lon="19.172448"><ele>241.75</ele></trkpt>
   <trkpt lat="50.004217" lon="19.172879"><ele>241.75</ele></trkpt>
   <trkpt lat="50.00463" lon="19.17328"><ele>241.75</ele></trkpt>
   <trkpt lat="50.004922" lon="19.173545"><ele>241.25</ele></trkpt>
   <trkpt lat="50.005184" lon="19.173766"><ele>241.25</ele></trkpt>
   <trkpt lat="50.005657" lon="19.174135"><ele>241</ele></trkpt>
   <trkpt lat="50.00615" lon="19.174477"><ele>240.75</ele></trkpt>
   <trkpt lat="50.006549" lon="19.174731"><ele>240.25</ele></trkpt>
   <trkpt lat="50.007901" lon="19.175556"><ele>240.5</ele></trkpt>
   <trkpt lat="50.008741" lon="19.176068"><ele>241.25</ele></trkpt>
   <trkpt lat="50.009578" lon="19.176579"><ele>240</ele></trkpt>
   <trkpt lat="50.010108" lon="19.176902"><ele>239.75</ele></trkpt>
   <trkpt lat="50.010411" lon="19.177087"><ele>239.25</ele></trkpt>
   <trkpt lat="50.011585" lon="19.177803"><ele>239.25</ele></trkpt>
   <trkpt lat="50.013268" lon="19.178829"><ele>239</ele></trkpt>
   <trkpt lat="50.014995" lon="19.179883"><ele>239</ele></trkpt>
   <trkpt lat="50.015432" lon="19.180149"><ele>238.5</ele></trkpt>
   <trkpt lat="50.016213" lon="19.180626"><ele>238</ele></trkpt>
   <trkpt lat="50.018917" lon="19.182277"><ele>239</ele></trkpt>
   <trkpt lat="50.019804" lon="19.182818"><ele>238</ele></trkpt>
   <trkpt lat="50.021647" lon="19.183943"><ele>238</ele></trkpt>
   <trkpt lat="50.021698" lon="19.183975"><ele>238</ele></trkpt>
   <trkpt lat="50.02186" lon="19.18408"><ele>238</ele></trkpt>
   <trkpt lat="50.022166" lon="19.184306"><ele>237.75</ele></trkpt>
   <trkpt lat="50.022407" lon="19.184467"><ele>237.75</ele></trkpt>
   <trkpt lat="50.023245" lon="19.184962"><ele>238</ele></trkpt>
   <trkpt lat="50.023444" lon="19.185074"><ele>238.25</ele></trkpt>
   <trkpt lat="50.024329" lon="19.185547"><ele>238</ele></trkpt>
   <trkpt lat="50.024363" lon="19.185566"><ele>237.75</ele></trkpt>
   <trkpt lat="50.024832" lon="19.185819"><ele>237.75</ele></trkpt>
   <trkpt lat="50.025298" lon="19.186084"><ele>238</ele></trkpt>
   <trkpt lat="50.025327" lon="19.186099"><ele>238</ele></trkpt>
   <trkpt lat="50.025826" lon="19.186398"><ele>237</ele></trkpt>
   <trkpt lat="50.026011" lon="19.186524"><ele>237</ele></trkpt>
   <trkpt lat="50.026232" lon="19.186703"><ele>237</ele></trkpt>
   <trkpt lat="50.026414" lon="19.186829"><ele>237</ele></trkpt>
   <trkpt lat="50.026467" lon="19.186862"><ele>237</ele></trkpt>
   <trkpt lat="50.027505" lon="19.187495"><ele>237</ele></trkpt>
   <trkpt lat="50.030408" lon="19.189268"><ele>236</ele></trkpt>
   <trkpt lat="50.033962" lon="19.191439"><ele>235.25</ele></trkpt>
   <trkpt lat="50.035291" lon="19.192251"><ele>235</ele></trkpt>
   <trkpt lat="50.035473" lon="19.192363"><ele>235</ele></trkpt>
   <trkpt lat="50.035831" lon="19.192611"><ele>235</ele></trkpt>
   <trkpt lat="50.036083" lon="19.192808"><ele>235</ele></trkpt>
   <trkpt lat="50.036311" lon="19.193003"><ele>235</ele></trkpt>
   <trkpt lat="50.036506" lon="19.193183"><ele>235</ele></trkpt>
   <trkpt lat="50.037347" lon="19.194041"><ele>235</ele></trkpt>
   <trkpt lat="50.037661" lon="19.194366"><ele>235</ele></trkpt>
   <trkpt lat="50.037944" lon="19.194701"><ele>235</ele></trkpt>
   <trkpt lat="50.037971" lon="19.194737"><ele>235</ele></trkpt>
   <trkpt lat="50.03834" lon="19.195219"><ele>235</ele></trkpt>
   <trkpt lat="50.038669" lon="19.19569"><ele>234.75</ele></trkpt>
   <trkpt lat="50.040064" lon="19.197714"><ele>234</ele></trkpt>
   <trkpt lat="50.040606" lon="19.198513"><ele>234</ele></trkpt>
   <trkpt lat="50.040658" lon="19.19859"><ele>234</ele></trkpt>
   <trkpt lat="50.040745" lon="19.198718"><ele>234</ele></trkpt>
   <trkpt lat="50.041323" lon="19.199559"><ele>234</ele></trkpt>
   <trkpt lat="50.041391" lon="19.199658"><ele>234</ele></trkpt>
   <trkpt lat="50.041691" lon="19.200094"><ele>234</ele></trkpt>
   <trkpt lat="50.04172" lon="19.200135"><ele>234</ele></trkpt>
   <trkpt lat="50.041997" lon="19.200538"><ele>234</ele></trkpt>
   <trkpt lat="50.042378" lon="19.201089"><ele>234</ele></trkpt>
   <trkpt lat="50.043495" lon="19.202692"><ele>234</ele></trkpt>
   <trkpt lat="50.044136" lon="19.203622"><ele>233</ele></trkpt>
   <trkpt lat="50.044789" lon="19.204378"><ele>233</ele></trkpt>
   <trkpt lat="50.045085" lon="19.204808"><ele>233</ele></trkpt>
   <trkpt lat="50.045306" lon="19.205128"><ele>233</ele></trkpt>
   <trkpt lat="50.045503" lon="19.205396"><ele>233</ele></trkpt>
   <trkpt lat="50.045794" lon="19.205745"><ele>233</ele></trkpt>
   <trkpt lat="50.046228" lon="19.206376"><ele>233</ele></trkpt>
   <trkpt lat="50.046741" lon="19.207159"><ele>233</ele></trkpt>
   <trkpt lat="50.047308" lon="19.208033"><ele>233</ele></trkpt>
   <trkpt lat="50.047707" lon="19.208623"><ele>233</ele></trkpt>
   <trkpt lat="50.048719" lon="19.210092"><ele>233</ele></trkpt>
   <trkpt lat="50.049316" lon="19.210958"><ele>232.5</ele></trkpt>
   <trkpt lat="50.049608" lon="19.211382"><ele>231.75</ele></trkpt>
   <trkpt lat="50.049682" lon="19.21149"><ele>231.75</ele></trkpt>
   <trkpt lat="50.049767" lon="19.211614"><ele>232</ele></trkpt>
   <trkpt lat="50.050006" lon="19.211963"><ele>232</ele></trkpt>
   <trkpt lat="50.050378" lon="19.212506"><ele>232.25</ele></trkpt>
   <trkpt lat="50.050451" lon="19.212612"><ele>231.75</ele></trkpt>
   <trkpt lat="50.0509" lon="19.213264"><ele>231.75</ele></trkpt>
   <trkpt lat="50.051307" lon="19.213855"><ele>231.5</ele></trkpt>
   <trkpt lat="50.052508" lon="19.215599"><ele>231.75</ele></trkpt>
   <trkpt lat="50.053175" lon="19.21657"><ele>231.5</ele></trkpt>
   <trkpt lat="50.053322" lon="19.216784"><ele>231.75</ele></trkpt>
   <trkpt lat="50.053901" lon="19.217626"><ele>231.75</ele></trkpt>
   <trkpt lat="50.056452" lon="19.221332"><ele>231.75</ele></trkpt>
   <trkpt lat="50.057061" lon="19.22222"><ele>231.5</ele></trkpt>
   <trkpt lat="50.057144" lon="19.22234"><ele>231.75</ele></trkpt>
   <trkpt lat="50.061912" lon="19.229273"><ele>231.5</ele></trkpt>
   <trkpt lat="50.062488" lon="19.230111"><ele>230</ele></trkpt>
   <trkpt lat="50.062605" lon="19.230281"><ele>228.75</ele></trkpt>
   <trkpt lat="50.062714" lon="19.23044"><ele>230</ele></trkpt>
   <trkpt lat="50.062724" lon="19.230454"><ele>230.25</ele></trkpt>
   <trkpt lat="50.064696" lon="19.233322"><ele>230.75</ele></trkpt>
   <trkpt lat="50.065878" lon="19.235052"><ele>229.5</ele></trkpt>
   <trkpt lat="50.067353" lon="19.237212"><ele>230.25</ele></trkpt>
   <trkpt lat="50.067845" lon="19.237924"><ele>230.5</ele></trkpt>
   <trkpt lat="50.068079" lon="19.238239"><ele>231.25</ele></trkpt>
   <trkpt lat="50.068182" lon="19.238369"><ele>230.5</ele></trkpt>
   <trkpt lat="50.068407" lon="19.238653"><ele>231.75</ele></trkpt>
   <trkpt lat="50.068578" lon="19.238851"><ele>232</ele></trkpt>
   <trkpt lat="50.068923" lon="19.239224"><ele>232.5</ele></trkpt>
   <trkpt lat="50.069267" lon="19.239559"><ele>233</ele></trkpt>
   <trkpt lat="50.06946" lon="19.239733"><ele>233.75</ele></trkpt>
   <trkpt lat="50.069801" lon="19.240018"><ele>233</ele></trkpt>
   <trkpt lat="50.070222" lon="19.240327"><ele>232.75</ele></trkpt>
   <trkpt lat="50.070439" lon="19.240471"><ele>233</ele></trkpt>
   <trkpt lat="50.070845" lon="19.24071"><ele>231.5</ele></trkpt>
   <trkpt lat="50.071238" lon="19.240912"><ele>231.75</ele></trkpt>
   <trkpt lat="50.071505" lon="19.241039"><ele>231.5</ele></trkpt>
   <trkpt lat="50.072711" lon="19.241596"><ele>231.5</ele></trkpt>
   <trkpt lat="50.072757" lon="19.241618"><ele>231.5</ele></trkpt>
   <trkpt lat="50.073755" lon="19.242082"><ele>232</ele></trkpt>
   <trkpt lat="50.077914" lon="19.244009"><ele>231.5</ele></trkpt>
   <trkpt lat="50.079438" lon="19.244718"><ele>232.75</ele></trkpt>
   <trkpt lat="50.080297" lon="19.245117"><ele>231.5</ele></trkpt>
   <trkpt lat="50.08115" lon="19.245513"><ele>232.5</ele></trkpt>
   <trkpt lat="50.082009" lon="19.245912"><ele>232</ele></trkpt>
   <trkpt lat="50.09107" lon="19.250123"><ele>236.25</ele></trkpt>
   <trkpt lat="50.094628" lon="19.251772"><ele>237</ele></trkpt>
   <trkpt lat="50.094693" lon="19.251802"><ele>237.25</ele></trkpt>
   <trkpt lat="50.094837" lon="19.251878"><ele>238</ele></trkpt>
   <trkpt lat="50.095103" lon="19.252047"><ele>237</ele></trkpt>
   <trkpt lat="50.095273" lon="19.252136"><ele>237.25</ele></trkpt>
   <trkpt lat="50.095431" lon="19.252209"><ele>238.75</ele></trkpt>
   <trkpt lat="50.095599" lon="19.252276"><ele>238.5</ele></trkpt>
   <trkpt lat="50.095848" lon="19.252351"><ele>237.25</ele></trkpt>
   <trkpt lat="50.096038" lon="19.252427"><ele>238.25</ele></trkpt>
   <trkpt lat="50.096081" lon="19.252448"><ele>238.75</ele></trkpt>
   <trkpt lat="50.097899" lon="19.253288"><ele>240.25</ele></trkpt>
   <trkpt lat="50.098193" lon="19.253436"><ele>239.75</ele></trkpt>
   <trkpt lat="50.098211" lon="19.253445"><ele>240</ele></trkpt>
   <trkpt lat="50.098249" lon="19.253464"><ele>240</ele></trkpt>
   <trkpt lat="50.098538" lon="19.253621"><ele>242.5</ele></trkpt>
   <trkpt lat="50.098852" lon="19.253822"><ele>242.25</ele></trkpt>
   <trkpt lat="50.099151" lon="19.254029"><ele>242.75</ele></trkpt>
   <trkpt lat="50.099414" lon="19.254215"><ele>243.5</ele></trkpt>
   <trkpt lat="50.099467" lon="19.254254"><ele>243.75</ele></trkpt>
   <trkpt lat="50.099521" lon="19.254293"><ele>243.75</ele></trkpt>
   <trkpt lat="50.099869" lon="19.254563"><ele>244.5</ele></trkpt>
   <trkpt lat="50.100087" lon="19.254759"><ele>244</ele></trkpt>
   <trkpt lat="50.100135" lon="19.254805"><ele>244</ele></trkpt>
   <trkpt lat="50.10018" lon="19.254849"><ele>244</ele></trkpt>
   <trkpt lat="50.10026" lon="19.254929"><ele>244</ele></trkpt>
   <trkpt lat="50.100285" lon="19.254954"><ele>244</ele></trkpt>
   <trkpt lat="50.100313" lon="19.254983"><ele>244</ele></trkpt>
   <trkpt lat="50.100556" lon="19.255252"><ele>244</ele></trkpt>
   <trkpt lat="50.100667" lon="19.255387"><ele>244</ele></trkpt>
   <trkpt lat="50.100849" lon="19.255619"><ele>243.75</ele></trkpt>
   <trkpt lat="50.101059" lon="19.255903"><ele>243.25</ele></trkpt>
   <trkpt lat="50.101764" lon="19.256896"><ele>243</ele></trkpt>
   <trkpt lat="50.101903" lon="19.257091"><ele>243</ele></trkpt>
   <trkpt lat="50.102005" lon="19.257229"><ele>243</ele></trkpt>
   <trkpt lat="50.102352" lon="19.257638"><ele>243.25</ele></trkpt>
   <trkpt lat="50.102709" lon="19.258138"><ele>243.5</ele></trkpt>
   <trkpt lat="50.106482" lon="19.26346"><ele>243.5</ele></trkpt>
   <trkpt lat="50.106498" lon="19.263482"><ele>243.5</ele></trkpt>
   <trkpt lat="50.106869" lon="19.264008"><ele>243</ele></trkpt>
   <trkpt lat="50.107003" lon="19.264221"><ele>243.75</ele></trkpt>
   <trkpt lat="50.107165" lon="19.264501"><ele>243.75</ele></trkpt>
   <trkpt lat="50.107289" lon="19.264688"><ele>243</ele></trkpt>
   <trkpt lat="50.107402" lon="19.264848"><ele>242.25</ele></trkpt>
   <trkpt lat="50.107492" lon="19.264976"><ele>243.5</ele></trkpt>
   <trkpt lat="50.107524" lon="19.26502"><ele>243.5</ele></trkpt>
   <trkpt lat="50.107624" lon="19.265162"><ele>242</ele></trkpt>
   <trkpt lat="50.108263" lon="19.266064"><ele>243</ele></trkpt>
   <trkpt lat="50.108712" lon="19.266698"><ele>243.25</ele></trkpt>
   <trkpt lat="50.108857" lon="19.266901"><ele>244</ele></trkpt>
   <trkpt lat="50.109317" lon="19.267556"><ele>243.5</ele></trkpt>
   <trkpt lat="50.109877" lon="19.268374"><ele>243.75</ele></trkpt>
   <trkpt lat="50.110334" lon="19.269042"><ele>244.5</ele></trkpt>
   <trkpt lat="50.110899" lon="19.269849"><ele>245</ele></trkpt>
   <trkpt lat="50.114611" lon="19.275049"><ele>248.25</ele></trkpt>
   <trkpt lat="50.115089" lon="19.27578"><ele>249.5</ele></trkpt>
   <trkpt lat="50.115352" lon="19.276244"><ele>250.25</ele></trkpt>
   <trkpt lat="50.115602" lon="19.276723"><ele>250.25</ele></trkpt>
   <trkpt lat="50.115726" lon="19.276978"><ele>250.75</ele></trkpt>
   <trkpt lat="50.115953" lon="19.277487"><ele>251.25</ele></trkpt>
   <trkpt lat="50.116165" lon="19.27802"><ele>250.75</ele></trkpt>
   <trkpt lat="50.116363" lon="19.278568"><ele>251</ele></trkpt>
   <trkpt lat="50.116936" lon="19.280231"><ele>251</ele></trkpt>
   <trkpt lat="50.117361" lon="19.28146"><ele>250.25</ele></trkpt>
   <trkpt lat="50.117573" lon="19.282071"><ele>250.25</ele></trkpt>
   <trkpt lat="50.117783" lon="19.282679"><ele>251.5</ele></trkpt>
   <trkpt lat="50.118711" lon="19.285369"><ele>253.5</ele></trkpt>
   <trkpt lat="50.118929" lon="19.286017"><ele>254</ele></trkpt>
   <trkpt lat="50.119104" lon="19.286607"><ele>254</ele></trkpt>
   <trkpt lat="50.119257" lon="19.287194"><ele>253.25</ele></trkpt>
   <trkpt lat="50.119354" lon="19.287615"><ele>253.5</ele></trkpt>
   <trkpt lat="50.119438" lon="19.288026"><ele>255.75</ele></trkpt>
   <trkpt lat="50.11954" lon="19.2886"><ele>253.25</ele></trkpt>
   <trkpt lat="50.119612" lon="19.289079"><ele>252.75</ele></trkpt>
   <trkpt lat="50.119664" lon="19.289505"><ele>254.75</ele></trkpt>
   <trkpt lat="50.119716" lon="19.29002"><ele>256</ele></trkpt>
   <trkpt lat="50.119749" lon="19.290463"><ele>256.5</ele></trkpt>
   <trkpt lat="50.119772" lon="19.290873"><ele>256</ele></trkpt>
   <trkpt lat="50.119787" lon="19.291309"><ele>255</ele></trkpt>
   <trkpt lat="50.119791" lon="19.291786"><ele>255.25</ele></trkpt>
   <trkpt lat="50.119784" lon="19.292315"><ele>255.5</ele></trkpt>
   <trkpt lat="50.119773" lon="19.29265"><ele>256.25</ele></trkpt>
   <trkpt lat="50.119767" lon="19.292749"><ele>256.5</ele></trkpt>
   <trkpt lat="50.119752" lon="19.293055"><ele>257.5</ele></trkpt>
   <trkpt lat="50.119723" lon="19.293456"><ele>257.5</ele></trkpt>
   <trkpt lat="50.119671" lon="19.294012"><ele>256</ele></trkpt>
   <trkpt lat="50.119604" lon="19.294553"><ele>254.75</ele></trkpt>
   <trkpt lat="50.119539" lon="19.294979"><ele>255.25</ele></trkpt>
   <trkpt lat="50.119458" lon="19.29545"><ele>257.75</ele></trkpt>
   <trkpt lat="50.118417" lon="19.301123"><ele>257.25</ele></trkpt>
   <trkpt lat="50.118051" lon="19.303118"><ele>262</ele></trkpt>
   <trkpt lat="50.117032" lon="19.308676"><ele>264.5</ele></trkpt>
   <trkpt lat="50.116952" lon="19.309086"><ele>264</ele></trkpt>
   <trkpt lat="50.116779" lon="19.309902"><ele>263.25</ele></trkpt>
   <trkpt lat="50.115725" lon="19.314637"><ele>263.25</ele></trkpt>
   <trkpt lat="50.115237" lon="19.316819"><ele>265.75</ele></trkpt>
   <trkpt lat="50.115154" lon="19.317189"><ele>266</ele></trkpt>
   <trkpt lat="50.115109" lon="19.317393"><ele>266</ele></trkpt>
   <trkpt lat="50.114899" lon="19.318333"><ele>267</ele></trkpt>
   <trkpt lat="50.114889" lon="19.318376"><ele>267</ele></trkpt>
   <trkpt lat="50.114687" lon="19.319282"><ele>267.25</ele></trkpt>
   <trkpt lat="50.114523" lon="19.320017"><ele>267.75</ele></trkpt>
   <trkpt lat="50.114212" lon="19.321411"><ele>267.75</ele></trkpt>
   <trkpt lat="50.114079" lon="19.322027"><ele>268.25</ele></trkpt>
   <trkpt lat="50.113996" lon="19.322444"><ele>268</ele></trkpt>
   <trkpt lat="50.113658" lon="19.324113"><ele>268.75</ele></trkpt>
   <trkpt lat="50.113297" lon="19.325735"><ele>269</ele></trkpt>
   <trkpt lat="50.113218" lon="19.326093"><ele>269</ele></trkpt>
   <trkpt lat="50.11299" lon="19.32711"><ele>269</ele></trkpt>
   <trkpt lat="50.112855" lon="19.327679"><ele>269.25</ele></trkpt>
   <trkpt lat="50.112626" lon="19.328592"><ele>269.25</ele></trkpt>
   <trkpt lat="50.112426" lon="19.329418"><ele>269.25</ele></trkpt>
   <trkpt lat="50.112159" lon="19.330607"><ele>269.5</ele></trkpt>
   <trkpt lat="50.11215" lon="19.33065"><ele>269.5</ele></trkpt>
   <trkpt lat="50.111706" lon="19.332633"><ele>269.5</ele></trkpt>
   <trkpt lat="50.111659" lon="19.332845"><ele>269</ele></trkpt>
   <trkpt lat="50.111514" lon="19.333535"><ele>270.75</ele></trkpt>
   <trkpt lat="50.111407" lon="19.334183"><ele>270</ele></trkpt>
   <trkpt lat="50.111379" lon="19.334388"><ele>269.25</ele></trkpt>
   <trkpt lat="50.111329" lon="19.334842"><ele>269.25</ele></trkpt>
   <trkpt lat="50.111299" lon="19.335206"><ele>269.75</ele></trkpt>
   <trkpt lat="50.111281" lon="19.335514"><ele>270.5</ele></trkpt>
   <trkpt lat="50.111266" lon="19.335983"><ele>270.5</ele></trkpt>
   <trkpt lat="50.111265" lon="19.336239"><ele>270.75</ele></trkpt>
   <trkpt lat="50.111269" lon="19.336586"><ele>271.5</ele></trkpt>
   <trkpt lat="50.111282" lon="19.336954"><ele>271.25</ele></trkpt>
   <trkpt lat="50.111301" lon="19.337274"><ele>270.25</ele></trkpt>
   <trkpt lat="50.11133" lon="19.337607"><ele>269.75</ele></trkpt>
   <trkpt lat="50.111371" lon="19.337994"><ele>269</ele></trkpt>
   <trkpt lat="50.111407" lon="19.338264"><ele>269.25</ele></trkpt>
   <trkpt lat="50.111458" lon="19.338608"><ele>269.25</ele></trkpt>
   <trkpt lat="50.111531" lon="19.338996"><ele>269.25</ele></trkpt>
   <trkpt lat="50.1116" lon="19.33933"><ele>269</ele></trkpt>
   <trkpt lat="50.111703" lon="19.339755"><ele>269</ele></trkpt>
   <trkpt lat="50.111869" lon="19.340334"><ele>268</ele></trkpt>
   <trkpt lat="50.111973" lon="19.340646"><ele>268</ele></trkpt>
   <trkpt lat="50.112091" lon="19.340977"><ele>267.75</ele></trkpt>
   <trkpt lat="50.112215" lon="19.341287"><ele>267.5</ele></trkpt>
   <trkpt lat="50.112323" lon="19.341539"><ele>267.75</ele></trkpt>
   <trkpt lat="50.112438" lon="19.341786"><ele>267.25</ele></trkpt>
   <trkpt lat="50.112592" lon="19.342092"><ele>267.75</ele></trkpt>
   <trkpt lat="50.112692" lon="19.342283"><ele>267.25</ele></trkpt>
   <trkpt lat="50.112945" lon="19.342711"><ele>267.5</ele></trkpt>
   <trkpt lat="50.113101" lon="19.342954"><ele>267.5</ele></trkpt>
   <trkpt lat="50.113244" lon="19.343156"><ele>268</ele></trkpt>
   <trkpt lat="50.113666" lon="19.343743"><ele>267.5</ele></trkpt>
   <trkpt lat="50.116457" lon="19.347572"><ele>265.75</ele></trkpt>
   <trkpt lat="50.118572" lon="19.350474"><ele>263.75</ele></trkpt>
   <trkpt lat="50.119015" lon="19.351103"><ele>263.5</ele></trkpt>
   <trkpt lat="50.119243" lon="19.351459"><ele>264</ele></trkpt>
   <trkpt lat="50.119559" lon="19.352011"><ele>263.25</ele></trkpt>
   <trkpt lat="50.119788" lon="19.352445"><ele>264.25</ele></trkpt>
   <trkpt lat="50.11984" lon="19.352548"><ele>263.5</ele></trkpt>
   <trkpt lat="50.119844" lon="19.352556"><ele>263.5</ele></trkpt>
   <trkpt lat="50.120046" lon="19.352979"><ele>264.5</ele></trkpt>
   <trkpt lat="50.120278" lon="19.353523"><ele>265.25</ele></trkpt>
   <trkpt lat="50.120357" lon="19.353723"><ele>264.5</ele></trkpt>
   <trkpt lat="50.120526" lon="19.354177"><ele>266</ele></trkpt>
   <trkpt lat="50.12061" lon="19.35442"><ele>265.5</ele></trkpt>
   <trkpt lat="50.120781" lon="19.354947"><ele>265.25</ele></trkpt>
   <trkpt lat="50.120862" lon="19.355224"><ele>265.25</ele></trkpt>
   <trkpt lat="50.120928" lon="19.355457"><ele>262.75</ele></trkpt>
   <trkpt lat="50.123492" lon="19.364682"><ele>266.5</ele></trkpt>
   <trkpt lat="50.123683" lon="19.36539"><ele>268</ele></trkpt>
   <trkpt lat="50.123801" lon="19.365793"><ele>268.5</ele></trkpt>
   <trkpt lat="50.124513" lon="19.368358"><ele>270.5</ele></trkpt>
   <trkpt lat="50.124551" lon="19.368498"><ele>270.75</ele></trkpt>
   <trkpt lat="50.124873" lon="19.369656"><ele>268</ele></trkpt>
   <trkpt lat="50.12491" lon="19.369791"><ele>268</ele></trkpt>
   <trkpt lat="50.125137" lon="19.370608"><ele>266.75</ele></trkpt>
   <trkpt lat="50.125227" lon="19.370931"><ele>267.5</ele></trkpt>
   <trkpt lat="50.125265" lon="19.371069"><ele>268.5</ele></trkpt>
   <trkpt lat="50.125589" lon="19.372234"><ele>268.5</ele></trkpt>
   <trkpt lat="50.125624" lon="19.37236"><ele>268</ele></trkpt>
   <trkpt lat="50.127119" lon="19.377751"><ele>268.75</ele></trkpt>
   <trkpt lat="50.127574" lon="19.379382"><ele>266.75</ele></trkpt>
   <trkpt lat="50.127621" lon="19.379551"><ele>266.5</ele></trkpt>
   <trkpt lat="50.128344" lon="19.38217"><ele>266.5</ele></trkpt>
   <trkpt lat="50.12838" lon="19.382311"><ele>267</ele></trkpt>
   <trkpt lat="50.128392" lon="19.38236"><ele>267.5</ele></trkpt>
   <trkpt lat="50.128438" lon="19.382551"><ele>268</ele></trkpt>
   <trkpt lat="50.128541" lon="19.383043"><ele>268</ele></trkpt>
   <trkpt lat="50.128621" lon="19.383526"><ele>270.75</ele></trkpt>
   <trkpt lat="50.128671" lon="19.383898"><ele>269.25</ele></trkpt>
   <trkpt lat="50.128739" lon="19.384648"><ele>266.5</ele></trkpt>
   <trkpt lat="50.128807" lon="19.385748"><ele>268.25</ele></trkpt>
   <trkpt lat="50.128812" lon="19.385835"><ele>268.25</ele></trkpt>
   <trkpt lat="50.128937" lon="19.387946"><ele>272.25</ele></trkpt>
   <trkpt lat="50.128988" lon="19.388596"><ele>272.25</ele></trkpt>
   <trkpt lat="50.129022" lon="19.388916"><ele>272.25</ele></trkpt>
   <trkpt lat="50.129112" lon="19.389556"><ele>272.25</ele></trkpt>
   <trkpt lat="50.129205" lon="19.390066"><ele>273.25</ele></trkpt>
   <trkpt lat="50.129259" lon="19.390333"><ele>273.5</ele></trkpt>
   <trkpt lat="50.129379" lon="19.390865"><ele>272.5</ele></trkpt>
   <trkpt lat="50.129463" lon="19.391166"><ele>273</ele></trkpt>
   <trkpt lat="50.129525" lon="19.391389"><ele>273.5</ele></trkpt>
   <trkpt lat="50.129701" lon="19.391951"><ele>272.75</ele></trkpt>
   <trkpt lat="50.129837" lon="19.392329"><ele>272.75</ele></trkpt>
   <trkpt lat="50.129911" lon="19.392528"><ele>272.5</ele></trkpt>
   <trkpt lat="50.130059" lon="19.392886"><ele>272.75</ele></trkpt>
   <trkpt lat="50.130212" lon="19.393222"><ele>272.5</ele></trkpt>
   <trkpt lat="50.13042" lon="19.393647"><ele>271.75</ele></trkpt>
   <trkpt lat="50.130662" lon="19.394087"><ele>273</ele></trkpt>
   <trkpt lat="50.131072" lon="19.394748"><ele>273.75</ele></trkpt>
   <trkpt lat="50.131756" lon="19.395793"><ele>274</ele></trkpt>
   <trkpt lat="50.132352" lon="19.396675"><ele>274</ele></trkpt>
   <trkpt lat="50.133244" lon="19.39804"><ele>274</ele></trkpt>
   <trkpt lat="50.13404" lon="19.399269"><ele>274.5</ele></trkpt>
   <trkpt lat="50.134857" lon="19.400597"><ele>273.75</ele></trkpt>
   <trkpt lat="50.135549" lon="19.401673"><ele>270.75</ele></trkpt>
   <trkpt lat="50.135562" lon="19.401695"><ele>270.75</ele></trkpt>
   <trkpt lat="50.135663" lon="19.401848"><ele>269.75</ele></trkpt>
   <trkpt lat="50.135752" lon="19.401988"><ele>270.5</ele></trkpt>
   <trkpt lat="50.135878" lon="19.402191"><ele>273</ele></trkpt>
   <trkpt lat="50.135956" lon="19.402336"><ele>271.75</ele></trkpt>
   <trkpt lat="50.13607" lon="19.402555"><ele>273</ele></trkpt>
   <trkpt lat="50.136202" lon="19.402768"><ele>273</ele></trkpt>
   <trkpt lat="50.136302" lon="19.402923"><ele>272</ele></trkpt>
   <trkpt lat="50.138534" lon="19.406352"><ele>271.75</ele></trkpt>
   <trkpt lat="50.138621" lon="19.406483"><ele>272.25</ele></trkpt>
   <trkpt lat="50.13979" lon="19.408276"><ele>274.5</ele></trkpt>
   <trkpt lat="50.139898" lon="19.408444"><ele>274.5</ele></trkpt>
   <trkpt lat="50.141638" lon="19.411111"><ele>275.75</ele></trkpt>
   <trkpt lat="50.141766" lon="19.411303"><ele>274.5</ele></trkpt>
   <trkpt lat="50.141974" lon="19.411611"><ele>275.75</ele></trkpt>
   <trkpt lat="50.142329" lon="19.412084"><ele>275.75</ele></trkpt>
   <trkpt lat="50.14269" lon="19.412518"><ele>276.25</ele></trkpt>
   <trkpt lat="50.143085" lon="19.412951"><ele>276.5</ele></trkpt>
   <trkpt lat="50.143455" lon="19.413304"><ele>276.5</ele></trkpt>
   <trkpt lat="50.143663" lon="19.413487"><ele>276.5</ele></trkpt>
   <trkpt lat="50.143896" lon="19.413677"><ele>277.5</ele></trkpt>
   <trkpt lat="50.144096" lon="19.413833"><ele>277.5</ele></trkpt>
   <trkpt lat="50.144335" lon="19.414001"><ele>277.75</ele></trkpt>
   <trkpt lat="50.144531" lon="19.414127"><ele>278.25</ele></trkpt>
   <trkpt lat="50.144978" lon="19.414386"><ele>278.5</ele></trkpt>
   <trkpt lat="50.145435" lon="19.4146"><ele>277.5</ele></trkpt>
   <trkpt lat="50.146909" lon="19.415197"><ele>275.25</ele></trkpt>
   <trkpt lat="50.147051" lon="19.415252"><ele>276.25</ele></trkpt>
   <trkpt lat="50.147643" lon="19.415485"><ele>277</ele></trkpt>
   <trkpt lat="50.147939" lon="19.415612"><ele>278</ele></trkpt>
   <trkpt lat="50.148203" lon="19.415729"><ele>277</ele></trkpt>
   <trkpt lat="50.148738" lon="19.415997"><ele>277.75</ele></trkpt>
   <trkpt lat="50.149278" lon="19.416311"><ele>278.75</ele></trkpt>
   <trkpt lat="50.149768" lon="19.416627"><ele>280</ele></trkpt>
   <trkpt lat="50.150036" lon="19.41682"><ele>280.5</ele></trkpt>
   <trkpt lat="50.150562" lon="19.41723"><ele>280.75</ele></trkpt>
   <trkpt lat="50.150996" lon="19.41758"><ele>279.5</ele></trkpt>
   <trkpt lat="50.151432" lon="19.417982"><ele>279.25</ele></trkpt>
   <trkpt lat="50.151856" lon="19.418404"><ele>279</ele></trkpt>
   <trkpt lat="50.152282" lon="19.418864"><ele>279.25</ele></trkpt>
   <trkpt lat="50.152705" lon="19.419357"><ele>278.25</ele></trkpt>
   <trkpt lat="50.153096" lon="19.419851"><ele>279.25</ele></trkpt>
   <trkpt lat="50.153502" lon="19.420409"><ele>278.75</ele></trkpt>
   <trkpt lat="50.153894" lon="19.420984"><ele>280.25</ele></trkpt>
   <trkpt lat="50.15427" lon="19.421585"><ele>278.75</ele></trkpt>
   <trkpt lat="50.154637" lon="19.422223"><ele>280.25</ele></trkpt>
   <trkpt lat="50.154982" lon="19.422865"><ele>281.25</ele></trkpt>
   <trkpt lat="50.155319" lon="19.423546"><ele>281</ele></trkpt>
   <trkpt lat="50.155624" lon="19.424221"><ele>280.75</ele></trkpt>
   <trkpt lat="50.155793" lon="19.424619"><ele>282</ele></trkpt>
   <trkpt lat="50.156075" lon="19.425322"><ele>282.25</ele></trkpt>
   <trkpt lat="50.156338" lon="19.426044"><ele>282.5</ele></trkpt>
   <trkpt lat="50.15646" lon="19.426403"><ele>281.5</ele></trkpt>
   <trkpt lat="50.156672" lon="19.427067"><ele>283.5</ele></trkpt>
   <trkpt lat="50.156761" lon="19.427363"><ele>281.75</ele></trkpt>
   <trkpt lat="50.156993" lon="19.428198"><ele>282.5</ele></trkpt>
   <trkpt lat="50.157129" lon="19.428738"><ele>282.75</ele></trkpt>
   <trkpt lat="50.15726" lon="19.4293"><ele>284.5</ele></trkpt>
   <trkpt lat="50.157373" lon="19.42983"><ele>283</ele></trkpt>
   <trkpt lat="50.157524" lon="19.430625"><ele>285.5</ele></trkpt>
   <trkpt lat="50.157614" lon="19.431163"><ele>284.5</ele></trkpt>
   <trkpt lat="50.157692" lon="19.431682"><ele>285.25</ele></trkpt>
   <trkpt lat="50.157797" lon="19.432498"><ele>285.5</ele></trkpt>
   <trkpt lat="50.157856" lon="19.433052"><ele>285.5</ele></trkpt>
   <trkpt lat="50.157907" lon="19.433631"><ele>284.5</ele></trkpt>
   <trkpt lat="50.157948" lon="19.434183"><ele>285</ele></trkpt>
   <trkpt lat="50.157989" lon="19.435002"><ele>286.75</ele></trkpt>
   <trkpt lat="50.158006" lon="19.43557"><ele>287.75</ele></trkpt>
   <trkpt lat="50.158013" lon="19.436288"><ele>287.75</ele></trkpt>
   <trkpt lat="50.158002" lon="19.437159"><ele>287.75</ele></trkpt>
   <trkpt lat="50.157984" lon="19.437658"><ele>287.5</ele></trkpt>
   <trkpt lat="50.157937" lon="19.438515"><ele>288</ele></trkpt>
   <trkpt lat="50.157896" lon="19.439058"><ele>287.75</ele></trkpt>
   <trkpt lat="50.157844" lon="19.439613"><ele>288</ele></trkpt>
   <trkpt lat="50.157791" lon="19.440116"><ele>288.25</ele></trkpt>
   <trkpt lat="50.15774" lon="19.440527"><ele>288.5</ele></trkpt>
   <trkpt lat="50.157642" lon="19.441181"><ele>288.25</ele></trkpt>
   <trkpt lat="50.157525" lon="19.441811"><ele>289</ele></trkpt>
   <trkpt lat="50.157393" lon="19.442402"><ele>289.25</ele></trkpt>
   <trkpt lat="50.157308" lon="19.44274"><ele>289.25</ele></trkpt>
   <trkpt lat="50.157294" lon="19.44279"><ele>289.25</ele></trkpt>
   <trkpt lat="50.157144" lon="19.443313"><ele>289</ele></trkpt>
   <trkpt lat="50.15698" lon="19.443833"><ele>289.5</ele></trkpt>
   <trkpt lat="50.156916" lon="19.444028"><ele>289.5</ele></trkpt>
   <trkpt lat="50.156875" lon="19.444151"><ele>289.25</ele></trkpt>
   <trkpt lat="50.156823" lon="19.444308"><ele>289</ele></trkpt>
   <trkpt lat="50.1568" lon="19.444378"><ele>289</ele></trkpt>
   <trkpt lat="50.15669" lon="19.444762"><ele>289.75</ele></trkpt>
   <trkpt lat="50.156593" lon="19.445162"><ele>289.25</ele></trkpt>
   <trkpt lat="50.15642" lon="19.445873"><ele>290.75</ele></trkpt>
   <trkpt lat="50.156245" lon="19.446577"><ele>290.5</ele></trkpt>
   <trkpt lat="50.15617" lon="19.446829"><ele>290.5</ele></trkpt>
   <trkpt lat="50.155805" lon="19.447936"><ele>290.75</ele></trkpt>
   <trkpt lat="50.155588" lon="19.448588"><ele>290.5</ele></trkpt>
   <trkpt lat="50.155205" lon="19.44966"><ele>292</ele></trkpt>
   <trkpt lat="50.154432" lon="19.451714"><ele>292</ele></trkpt>
   <trkpt lat="50.154207" lon="19.452328"><ele>293</ele></trkpt>
   <trkpt lat="50.153942" lon="19.453102"><ele>293</ele></trkpt>
   <trkpt lat="50.153646" lon="19.454037"><ele>293</ele></trkpt>
   <trkpt lat="50.15337" lon="19.455"><ele>293</ele></trkpt>
   <trkpt lat="50.153121" lon="19.455964"><ele>293</ele></trkpt>
   <trkpt lat="50.152896" lon="19.456929"><ele>294</ele></trkpt>
   <trkpt lat="50.152796" lon="19.457398"><ele>294</ele></trkpt>
   <trkpt lat="50.152637" lon="19.4582"><ele>294</ele></trkpt>
   <trkpt lat="50.152178" lon="19.460569"><ele>295</ele></trkpt>
   <trkpt lat="50.152056" lon="19.4612"><ele>295</ele></trkpt>
   <trkpt lat="50.152023" lon="19.461371"><ele>295.25</ele></trkpt>
   <trkpt lat="50.15196" lon="19.461734"><ele>295.25</ele></trkpt>
   <trkpt lat="50.15185" lon="19.462513"><ele>295.5</ele></trkpt>
   <trkpt lat="50.1518" lon="19.462811"><ele>295.5</ele></trkpt>
   <trkpt lat="50.151735" lon="19.463146"><ele>296</ele></trkpt>
   <trkpt lat="50.15167" lon="19.463521"><ele>296</ele></trkpt>
   <trkpt lat="50.151599" lon="19.464027"><ele>296.25</ele></trkpt>
   <trkpt lat="50.151533" lon="19.464407"><ele>296.75</ele></trkpt>
   <trkpt lat="50.151481" lon="19.46467"><ele>297</ele></trkpt>
   <trkpt lat="50.151266" lon="19.465782"><ele>298</ele></trkpt>
   <trkpt lat="50.151196" lon="19.466142"><ele>297.5</ele></trkpt>
   <trkpt lat="50.151162" lon="19.466315"><ele>297.25</ele></trkpt>
   <trkpt lat="50.151117" lon="19.466547"><ele>297.5</ele></trkpt>
   <trkpt lat="50.151116" lon="19.466555"><ele>297.5</ele></trkpt>
   <trkpt lat="50.150827" lon="19.468034"><ele>298</ele></trkpt>
   <trkpt lat="50.150674" lon="19.468819"><ele>298.5</ele></trkpt>
   <trkpt lat="50.150543" lon="19.469489"><ele>298</ele></trkpt>
   <trkpt lat="50.150152" lon="19.471497"><ele>297.5</ele></trkpt>
   <trkpt lat="50.150112" lon="19.471702"><ele>297.25</ele></trkpt>
   <trkpt lat="50.149954" lon="19.47251"><ele>297.5</ele></trkpt>
   <trkpt lat="50.149633" lon="19.474153"><ele>296.25</ele></trkpt>
   <trkpt lat="50.149147" lon="19.476642"><ele>298.75</ele></trkpt>
   <trkpt lat="50.148677" lon="19.479052"><ele>299</ele></trkpt>
   <trkpt lat="50.147653" lon="19.484315"><ele>300</ele></trkpt>
   <trkpt lat="50.147631" lon="19.484431"><ele>300</ele></trkpt>
   <trkpt lat="50.146824" lon="19.488585"><ele>302.5</ele></trkpt>
   <trkpt lat="50.146735" lon="19.489041"><ele>302.25</ele></trkpt>
   <trkpt lat="50.145287" lon="19.496493"><ele>304.75</ele></trkpt>
   <trkpt lat="50.145096" lon="19.497452"><ele>304.25</ele></trkpt>
   <trkpt lat="50.144924" lon="19.498243"><ele>304.5</ele></trkpt>
   <trkpt lat="50.14478" lon="19.498848"><ele>304.75</ele></trkpt>
   <trkpt lat="50.144637" lon="19.499412"><ele>304.25</ele></trkpt>
   <trkpt lat="50.144428" lon="19.500185"><ele>304.25</ele></trkpt>
   <trkpt lat="50.14295" lon="19.505534"><ele>302.5</ele></trkpt>
   <trkpt lat="50.142379" lon="19.5076"><ele>301.75</ele></trkpt>
   <trkpt lat="50.142187" lon="19.508294"><ele>302.5</ele></trkpt>
   <trkpt lat="50.141909" lon="19.509312"><ele>302.5</ele></trkpt>
   <trkpt lat="50.141691" lon="19.510171"><ele>302.75</ele></trkpt>
   <trkpt lat="50.141571" lon="19.510677"><ele>302.25</ele></trkpt>
   <trkpt lat="50.141432" lon="19.511303"><ele>303</ele></trkpt>
   <trkpt lat="50.141309" lon="19.511904"><ele>302.25</ele></trkpt>
   <trkpt lat="50.14117" lon="19.512642"><ele>302.75</ele></trkpt>
   <trkpt lat="50.141137" lon="19.512829"><ele>302.5</ele></trkpt>
   <trkpt lat="50.141" lon="19.51366"><ele>301</ele></trkpt>
   <trkpt lat="50.140951" lon="19.513992"><ele>301.75</ele></trkpt>
   <trkpt lat="50.140881" lon="19.514485"><ele>302.5</ele></trkpt>
   <trkpt lat="50.140774" lon="19.515356"><ele>301.75</ele></trkpt>
   <trkpt lat="50.140708" lon="19.515976"><ele>301.75</ele></trkpt>
   <trkpt lat="50.14064" lon="19.516722"><ele>302.25</ele></trkpt>
   <trkpt lat="50.140571" lon="19.517683"><ele>302.75</ele></trkpt>
   <trkpt lat="50.14052" lon="19.518748"><ele>302.75</ele></trkpt>
   <trkpt lat="50.140502" lon="19.519358"><ele>303.5</ele></trkpt>
   <trkpt lat="50.140493" lon="19.519892"><ele>303.5</ele></trkpt>
   <trkpt lat="50.140488" lon="19.520853"><ele>303.5</ele></trkpt>
   <trkpt lat="50.140488" lon="19.521554"><ele>303.75</ele></trkpt>
   <trkpt lat="50.140489" lon="19.521903"><ele>303.75</ele></trkpt>
   <trkpt lat="50.140489" lon="19.522252"><ele>303.75</ele></trkpt>
   <trkpt lat="50.140489" lon="19.522951"><ele>303</ele></trkpt>
   <trkpt lat="50.140489" lon="19.523652"><ele>303</ele></trkpt>
   <trkpt lat="50.140489" lon="19.531263"><ele>301.75</ele></trkpt>
   <trkpt lat="50.140489" lon="19.531859"><ele>301</ele></trkpt>
   <trkpt lat="50.14049" lon="19.535808"><ele>296</ele></trkpt>
   <trkpt lat="50.14049" lon="19.536283"><ele>295.75</ele></trkpt>
   <trkpt lat="50.140491" lon="19.53922"><ele>293.5</ele></trkpt>
   <trkpt lat="50.140491" lon="19.53945"><ele>292.75</ele></trkpt>
   <trkpt lat="50.140491" lon="19.53989"><ele>293</ele></trkpt>
   <trkpt lat="50.140491" lon="19.542663"><ele>292.25</ele></trkpt>
   <trkpt lat="50.140479" lon="19.543693"><ele>290.5</ele></trkpt>
   <trkpt lat="50.140461" lon="19.544313"><ele>290.5</ele></trkpt>
   <trkpt lat="50.140434" lon="19.544945"><ele>290</ele></trkpt>
   <trkpt lat="50.140398" lon="19.545554"><ele>290.5</ele></trkpt>
   <trkpt lat="50.140356" lon="19.546114"><ele>290.5</ele></trkpt>
   <trkpt lat="50.14034" lon="19.546306"><ele>291.25</ele></trkpt>
   <trkpt lat="50.14025" lon="19.547235"><ele>291.5</ele></trkpt>
   <trkpt lat="50.140176" lon="19.547878"><ele>290.25</ele></trkpt>
   <trkpt lat="50.14012" lon="19.548309"><ele>290.75</ele></trkpt>
   <trkpt lat="50.140004" lon="19.549103"><ele>292</ele></trkpt>
   <trkpt lat="50.139871" lon="19.549942"><ele>292.5</ele></trkpt>
   <trkpt lat="50.139429" lon="19.552663"><ele>289.75</ele></trkpt>
   <trkpt lat="50.139223" lon="19.553859"><ele>289</ele></trkpt>
   <trkpt lat="50.139095" lon="19.554522"><ele>287.25</ele></trkpt>
   <trkpt lat="50.139003" lon="19.55496"><ele>286.75</ele></trkpt>
   <trkpt lat="50.138959" lon="19.555163"><ele>287.25</ele></trkpt>
   <trkpt lat="50.138772" lon="19.55597"><ele>286.75</ele></trkpt>
   <trkpt lat="50.138557" lon="19.556805"><ele>288</ele></trkpt>
   <trkpt lat="50.138337" lon="19.557588"><ele>288</ele></trkpt>
   <trkpt lat="50.138087" lon="19.558404"><ele>288.25</ele></trkpt>
   <trkpt lat="50.137828" lon="19.559179"><ele>288.25</ele></trkpt>
   <trkpt lat="50.137694" lon="19.559558"><ele>287.75</ele></trkpt>
   <trkpt lat="50.137489" lon="19.560109"><ele>286.75</ele></trkpt>
   <trkpt lat="50.137223" lon="19.560785"><ele>285.75</ele></trkpt>
   <trkpt lat="50.136838" lon="19.561693"><ele>286.5</ele></trkpt>
   <trkpt lat="50.136285" lon="19.562953"><ele>286</ele></trkpt>
   <trkpt lat="50.135813" lon="19.564026"><ele>285.25</ele></trkpt>
   <trkpt lat="50.135274" lon="19.565253"><ele>284.75</ele></trkpt>
   <trkpt lat="50.134911" lon="19.566079"><ele>284</ele></trkpt>
   <trkpt lat="50.134675" lon="19.566615"><ele>283.5</ele></trkpt>
   <trkpt lat="50.134636" lon="19.566704"><ele>283.25</ele></trkpt>
   <trkpt lat="50.133712" lon="19.568805"><ele>283.75</ele></trkpt>
   <trkpt lat="50.132981" lon="19.570472"><ele>282.5</ele></trkpt>
   <trkpt lat="50.132774" lon="19.570959"><ele>282.5</ele></trkpt>
   <trkpt lat="50.132554" lon="19.5715"><ele>282.75</ele></trkpt>
   <trkpt lat="50.132227" lon="19.572362"><ele>281.25</ele></trkpt>
   <trkpt lat="50.131967" lon="19.573107"><ele>281.5</ele></trkpt>
   <trkpt lat="50.131773" lon="19.573701"><ele>281.5</ele></trkpt>
   <trkpt lat="50.131588" lon="19.574305"><ele>281</ele></trkpt>
   <trkpt lat="50.131412" lon="19.574919"><ele>281.75</ele></trkpt>
   <trkpt lat="50.131246" lon="19.575538"><ele>281.75</ele></trkpt>
   <trkpt lat="50.131241" lon="19.57556"><ele>282</ele></trkpt>
   <trkpt lat="50.131187" lon="19.57577"><ele>282</ele></trkpt>
   <trkpt lat="50.131028" lon="19.57643"><ele>282</ele></trkpt>
   <trkpt lat="50.130945" lon="19.576798"><ele>282.25</ele></trkpt>
   <trkpt lat="50.130881" lon="19.577091"><ele>282</ele></trkpt>
   <trkpt lat="50.130746" lon="19.577757"><ele>282.25</ele></trkpt>
   <trkpt lat="50.130621" lon="19.578429"><ele>281.25</ele></trkpt>
   <trkpt lat="50.130587" lon="19.578628"><ele>281</ele></trkpt>
   <trkpt lat="50.130579" lon="19.578677"><ele>281</ele></trkpt>
   <trkpt lat="50.130571" lon="19.578724"><ele>281</ele></trkpt>
   <trkpt lat="50.130472" lon="19.579342"><ele>281.5</ele></trkpt>
   <trkpt lat="50.130381" lon="19.57998"><ele>281.25</ele></trkpt>
   <trkpt lat="50.130304" lon="19.58058"><ele>281</ele></trkpt>
   <trkpt lat="50.13022" lon="19.581344"><ele>280.75</ele></trkpt>
   <trkpt lat="50.130091" lon="19.582731"><ele>279.5</ele></trkpt>
   <trkpt lat="50.129967" lon="19.584103"><ele>278.75</ele></trkpt>
   <trkpt lat="50.129924" lon="19.584578"><ele>279</ele></trkpt>
   <trkpt lat="50.129125" lon="19.593431"><ele>273</ele></trkpt>
   <trkpt lat="50.128811" lon="19.596911"><ele>269</ele></trkpt>
   <trkpt lat="50.12875" lon="19.597589"><ele>269</ele></trkpt>
   <trkpt lat="50.128562" lon="19.59967"><ele>269.25</ele></trkpt>
   <trkpt lat="50.128408" lon="19.601375"><ele>269</ele></trkpt>
   <trkpt lat="50.12833" lon="19.60233"><ele>268.75</ele></trkpt>
   <trkpt lat="50.128297" lon="19.602801"><ele>268.25</ele></trkpt>
   <trkpt lat="50.128253" lon="19.603663"><ele>266.5</ele></trkpt>
   <trkpt lat="50.128226" lon="19.6045"><ele>265.75</ele></trkpt>
   <trkpt lat="50.128218" lon="19.605129"><ele>266.75</ele></trkpt>
   <trkpt lat="50.128219" lon="19.605772"><ele>265.75</ele></trkpt>
   <trkpt lat="50.128234" lon="19.606552"><ele>266.75</ele></trkpt>
   <trkpt lat="50.128262" lon="19.607296"><ele>266.75</ele></trkpt>
   <trkpt lat="50.128297" lon="19.607931"><ele>267</ele></trkpt>
   <trkpt lat="50.128342" lon="19.608574"><ele>266.25</ele></trkpt>
   <trkpt lat="50.128399" lon="19.609237"><ele>266.5</ele></trkpt>
   <trkpt lat="50.128439" lon="19.609645"><ele>265.75</ele></trkpt>
   <trkpt lat="50.128538" lon="19.610498"><ele>263.5</ele></trkpt>
   <trkpt lat="50.128623" lon="19.611132"><ele>265</ele></trkpt>
   <trkpt lat="50.128754" lon="19.611983"><ele>263.75</ele></trkpt>
   <trkpt lat="50.128901" lon="19.612818"><ele>263.75</ele></trkpt>
   <trkpt lat="50.129007" lon="19.613362"><ele>262</ele></trkpt>
   <trkpt lat="50.12943" lon="19.615349"><ele>262.5</ele></trkpt>
   <trkpt lat="50.13042" lon="19.619937"><ele>259.5</ele></trkpt>
   <trkpt lat="50.13045" lon="19.620078"><ele>259.75</ele></trkpt>
   <trkpt lat="50.130593" lon="19.620752"><ele>260.75</ele></trkpt>
   <trkpt lat="50.130675" lon="19.62117"><ele>259.75</ele></trkpt>
   <trkpt lat="50.130783" lon="19.621773"><ele>260.25</ele></trkpt>
   <trkpt lat="50.130839" lon="19.622125"><ele>260.75</ele></trkpt>
   <trkpt lat="50.130912" lon="19.622635"><ele>260</ele></trkpt>
   <trkpt lat="50.13098" lon="19.623184"><ele>260</ele></trkpt>
   <trkpt lat="50.131044" lon="19.623793"><ele>259.75</ele></trkpt>
   <trkpt lat="50.131071" lon="19.624113"><ele>259.75</ele></trkpt>
   <trkpt lat="50.131108" lon="19.624604"><ele>259.75</ele></trkpt>
   <trkpt lat="50.131131" lon="19.625016"><ele>260</ele></trkpt>
   <trkpt lat="50.131157" lon="19.625655"><ele>260</ele></trkpt>
   <trkpt lat="50.131166" lon="19.626043"><ele>260</ele></trkpt>
   <trkpt lat="50.131169" lon="19.626665"><ele>260</ele></trkpt>
   <trkpt lat="50.131144" lon="19.627822"><ele>259.5</ele></trkpt>
   <trkpt lat="50.131139" lon="19.627956"><ele>258.75</ele></trkpt>
   <trkpt lat="50.131132" lon="19.628184"><ele>258.5</ele></trkpt>
   <trkpt lat="50.131129" lon="19.628273"><ele>258.75</ele></trkpt>
   <trkpt lat="50.131111" lon="19.628586"><ele>259</ele></trkpt>
   <trkpt lat="50.131062" lon="19.629131"><ele>259</ele></trkpt>
   <trkpt lat="50.131055" lon="19.629296"><ele>258.75</ele></trkpt>
   <trkpt lat="50.131053" lon="19.629356"><ele>258.75</ele></trkpt>
   <trkpt lat="50.131047" lon="19.62954"><ele>258.75</ele></trkpt>
   <trkpt lat="50.131026" lon="19.630214"><ele>258.75</ele></trkpt>
   <trkpt lat="50.131023" lon="19.630364"><ele>258.75</ele></trkpt>
   <trkpt lat="50.131034" lon="19.630797"><ele>258.75</ele></trkpt>
   <trkpt lat="50.131037" lon="19.631243"><ele>259</ele></trkpt>
   <trkpt lat="50.131029" lon="19.631488"><ele>258.75</ele></trkpt>
   <trkpt lat="50.130955" lon="19.633717"><ele>258</ele></trkpt>
   <trkpt lat="50.13091" lon="19.634741"><ele>258.5</ele></trkpt>
   <trkpt lat="50.130877" lon="19.635438"><ele>258.5</ele></trkpt>
   <trkpt lat="50.130843" lon="19.636138"><ele>257.75</ele></trkpt>
   <trkpt lat="50.13081" lon="19.636837"><ele>258</ele></trkpt>
   <trkpt lat="50.130793" lon="19.637187"><ele>258</ele></trkpt>
   <trkpt lat="50.130776" lon="19.637537"><ele>258</ele></trkpt>
   <trkpt lat="50.130743" lon="19.638237"><ele>258</ele></trkpt>
   <trkpt lat="50.13071" lon="19.638935"><ele>257.75</ele></trkpt>
   <trkpt lat="50.130677" lon="19.639616"><ele>257.25</ele></trkpt>
   <trkpt lat="50.130664" lon="19.639888"><ele>257.25</ele></trkpt>
   <trkpt lat="50.130501" lon="19.643312"><ele>257</ele></trkpt>
   <trkpt lat="50.13047" lon="19.644237"><ele>257</ele></trkpt>
   <trkpt lat="50.13046" lon="19.645505"><ele>257.5</ele></trkpt>
   <trkpt lat="50.130458" lon="19.645748"><ele>257.5</ele></trkpt>
   <trkpt lat="50.130451" lon="19.646046"><ele>258</ele></trkpt>
   <trkpt lat="50.130418" lon="19.646463"><ele>258</ele></trkpt>
   <trkpt lat="50.130411" lon="19.646776"><ele>257.75</ele></trkpt>
   <trkpt lat="50.130411" lon="19.646863"><ele>257.5</ele></trkpt>
   <trkpt lat="50.130408" lon="19.647501"><ele>257.25</ele></trkpt>
   <trkpt lat="50.13041" lon="19.648099"><ele>257.25</ele></trkpt>
   <trkpt lat="50.130429" lon="19.648899"><ele>256.5</ele></trkpt>
   <trkpt lat="50.130443" lon="19.649245"><ele>256</ele></trkpt>
   <trkpt lat="50.130488" lon="19.650294"><ele>255</ele></trkpt>
   <trkpt lat="50.130494" lon="19.650425"><ele>255</ele></trkpt>
   <trkpt lat="50.130505" lon="19.650669"><ele>255</ele></trkpt>
   <trkpt lat="50.13055" lon="19.651689"><ele>254.75</ele></trkpt>
   <trkpt lat="50.130557" lon="19.651845"><ele>254.75</ele></trkpt>
   <trkpt lat="50.13061" lon="19.65306"><ele>253.5</ele></trkpt>
   <trkpt lat="50.130612" lon="19.653084"><ele>253.5</ele></trkpt>
   <trkpt lat="50.130665" lon="19.65448"><ele>253.75</ele></trkpt>
   <trkpt lat="50.130669" lon="19.654619"><ele>253.75</ele></trkpt>
   <trkpt lat="50.130702" lon="19.655896"><ele>252.5</ele></trkpt>
   <trkpt lat="50.130716" lon="19.656479"><ele>252.5</ele></trkpt>
   <trkpt lat="50.130746" lon="19.657771"><ele>252.25</ele></trkpt>
   <trkpt lat="50.130755" lon="19.65842"><ele>251.5</ele></trkpt>
   <trkpt lat="50.130757" lon="19.658697"><ele>251.5</ele></trkpt>
   <trkpt lat="50.130752" lon="19.659537"><ele>251.75</ele></trkpt>
   <trkpt lat="50.130735" lon="19.660293"><ele>252.25</ele></trkpt>
   <trkpt lat="50.1307" lon="19.661178"><ele>250.75</ele></trkpt>
   <trkpt lat="50.130639" lon="19.662176"><ele>250.5</ele></trkpt>
   <trkpt lat="50.130605" lon="19.662642"><ele>250.75</ele></trkpt>
   <trkpt lat="50.13053" lon="19.663506"><ele>250.75</ele></trkpt>
   <trkpt lat="50.130281" lon="19.666005"><ele>249.75</ele></trkpt>
   <trkpt lat="50.129638" lon="19.672455"><ele>247</ele></trkpt>
   <trkpt lat="50.129636" lon="19.672479"><ele>247</ele></trkpt>
   <trkpt lat="50.129602" lon="19.67282"><ele>247</ele></trkpt>
   <trkpt lat="50.129548" lon="19.673357"><ele>247</ele></trkpt>
   <trkpt lat="50.128747" lon="19.681318"><ele>245</ele></trkpt>
   <trkpt lat="50.128684" lon="19.681898"><ele>245.5</ele></trkpt>
   <trkpt lat="50.128633" lon="19.682306"><ele>246</ele></trkpt>
   <trkpt lat="50.128511" lon="19.683162"><ele>245</ele></trkpt>
   <trkpt lat="50.128393" lon="19.68389"><ele>246</ele></trkpt>
   <trkpt lat="50.128237" lon="19.68474"><ele>246.25</ele></trkpt>
   <trkpt lat="50.128054" lon="19.685622"><ele>246.75</ele></trkpt>
   <trkpt lat="50.127837" lon="19.686557"><ele>245.75</ele></trkpt>
   <trkpt lat="50.127602" lon="19.687458"><ele>245.75</ele></trkpt>
   <trkpt lat="50.12743" lon="19.68806"><ele>246.25</ele></trkpt>
   <trkpt lat="50.127206" lon="19.688786"><ele>246.75</ele></trkpt>
   <trkpt lat="50.127101" lon="19.689102"><ele>245.5</ele></trkpt>
   <trkpt lat="50.126964" lon="19.68951"><ele>247</ele></trkpt>
   <trkpt lat="50.126666" lon="19.690341"><ele>246.75</ele></trkpt>
   <trkpt lat="50.126408" lon="19.691002"><ele>247</ele></trkpt>
   <trkpt lat="50.126186" lon="19.69153"><ele>246.25</ele></trkpt>
   <trkpt lat="50.125683" lon="19.692693"><ele>246.25</ele></trkpt>
   <trkpt lat="50.125178" lon="19.693858"><ele>248</ele></trkpt>
   <trkpt lat="50.124974" lon="19.694327"><ele>248.25</ele></trkpt>
   <trkpt lat="50.123851" lon="19.696918"><ele>247.5</ele></trkpt>
   <trkpt lat="50.123133" lon="19.698572"><ele>245.75</ele></trkpt>
   <trkpt lat="50.122598" lon="19.699797"><ele>246.25</ele></trkpt>
   <trkpt lat="50.121936" lon="19.70132"><ele>247</ele></trkpt>
   <trkpt lat="50.121653" lon="19.701976"><ele>246.75</ele></trkpt>
   <trkpt lat="50.121361" lon="19.702688"><ele>246.5</ele></trkpt>
   <trkpt lat="50.121045" lon="19.703513"><ele>245.75</ele></trkpt>
   <trkpt lat="50.120816" lon="19.704141"><ele>246.5</ele></trkpt>
   <trkpt lat="50.120513" lon="19.705061"><ele>245.75</ele></trkpt>
   <trkpt lat="50.120264" lon="19.705904"><ele>245.75</ele></trkpt>
   <trkpt lat="50.120026" lon="19.70682"><ele>246.5</ele></trkpt>
   <trkpt lat="50.119811" lon="19.707741"><ele>247.5</ele></trkpt>
   <trkpt lat="50.119721" lon="19.708153"><ele>246.25</ele></trkpt>
   <trkpt lat="50.11961" lon="19.708683"><ele>247</ele></trkpt>
   <trkpt lat="50.119459" lon="19.709489"><ele>246</ele></trkpt>
   <trkpt lat="50.119332" lon="19.710258"><ele>247.25</ele></trkpt>
   <trkpt lat="50.119244" lon="19.710857"><ele>246</ele></trkpt>
   <trkpt lat="50.119155" lon="19.711533"><ele>245</ele></trkpt>
   <trkpt lat="50.11907" lon="19.712277"><ele>245.75</ele></trkpt>
   <trkpt lat="50.119047" lon="19.712488"><ele>246.25</ele></trkpt>
   <trkpt lat="50.118995" lon="19.713116"><ele>248.75</ele></trkpt>
   <trkpt lat="50.118958" lon="19.713586"><ele>245.5</ele></trkpt>
   <trkpt lat="50.118806" lon="19.715828"><ele>243.25</ele></trkpt>
   <trkpt lat="50.118801" lon="19.715912"><ele>243.25</ele></trkpt>
   <trkpt lat="50.1188" lon="19.715919"><ele>243.25</ele></trkpt>
   <trkpt lat="50.11877" lon="19.71642"><ele>243.5</ele></trkpt>
   <trkpt lat="50.118741" lon="19.717282"><ele>243</ele></trkpt>
   <trkpt lat="50.118738" lon="19.717736"><ele>243</ele></trkpt>
   <trkpt lat="50.118748" lon="19.718395"><ele>242.25</ele></trkpt>
   <trkpt lat="50.118764" lon="19.718746"><ele>242.5</ele></trkpt>
   <trkpt lat="50.118779" lon="19.719001"><ele>242.25</ele></trkpt>
   <trkpt lat="50.118823" lon="19.71963"><ele>241.5</ele></trkpt>
   <trkpt lat="50.118883" lon="19.720237"><ele>241.75</ele></trkpt>
   <trkpt lat="50.118945" lon="19.720715"><ele>241.25</ele></trkpt>
   <trkpt lat="50.119075" lon="19.721601"><ele>240.5</ele></trkpt>
   <trkpt lat="50.119096" lon="19.721736"><ele>240.75</ele></trkpt>
   <trkpt lat="50.121003" lon="19.733995"><ele>236.75</ele></trkpt>
   <trkpt lat="50.121018" lon="19.73409"><ele>236.75</ele></trkpt>
   <trkpt lat="50.121168" lon="19.735055"><ele>236.75</ele></trkpt>
   <trkpt lat="50.121249" lon="19.735597"><ele>236</ele></trkpt>
   <trkpt lat="50.121376" lon="19.73652"><ele>236.25</ele></trkpt>
   <trkpt lat="50.121432" lon="19.736982"><ele>236</ele></trkpt>
   <trkpt lat="50.121495" lon="19.737551"><ele>236</ele></trkpt>
   <trkpt lat="50.121525" lon="19.737876"><ele>236</ele></trkpt>
   <trkpt lat="50.121568" lon="19.738359"><ele>235.5</ele></trkpt>
   <trkpt lat="50.121627" lon="19.739188"><ele>236.5</ele></trkpt>
   <trkpt lat="50.121653" lon="19.739722"><ele>236.75</ele></trkpt>
   <trkpt lat="50.121683" lon="19.740447"><ele>236.25</ele></trkpt>
   <trkpt lat="50.121697" lon="19.741101"><ele>235.75</ele></trkpt>
   <trkpt lat="50.121702" lon="19.741816"><ele>236.5</ele></trkpt>
   <trkpt lat="50.121674" lon="19.744257"><ele>237</ele></trkpt>
   <trkpt lat="50.121681" lon="19.745615"><ele>237</ele></trkpt>
   <trkpt lat="50.121696" lon="19.746181"><ele>237</ele></trkpt>
   <trkpt lat="50.121717" lon="19.746721"><ele>237</ele></trkpt>
   <trkpt lat="50.121747" lon="19.747278"><ele>236.75</ele></trkpt>
   <trkpt lat="50.121808" lon="19.748157"><ele>236.75</ele></trkpt>
   <trkpt lat="50.121837" lon="19.748501"><ele>236.5</ele></trkpt>
   <trkpt lat="50.121918" lon="19.749302"><ele>237.75</ele></trkpt>
   <trkpt lat="50.122017" lon="19.750134"><ele>238</ele></trkpt>
   <trkpt lat="50.12208" lon="19.750594"><ele>237.25</ele></trkpt>
   <trkpt lat="50.122241" lon="19.751671"><ele>237.75</ele></trkpt>
   <trkpt lat="50.122277" lon="19.751895"><ele>237.75</ele></trkpt>
   <trkpt lat="50.122326" lon="19.7522"><ele>236.25</ele></trkpt>
   <trkpt lat="50.122326" lon="19.752205"><ele>236.25</ele></trkpt>
   <trkpt lat="50.122757" lon="19.754887"><ele>236.75</ele></trkpt>
   <trkpt lat="50.122913" lon="19.755866"><ele>235.25</ele></trkpt>
   <trkpt lat="50.123001" lon="19.756412"><ele>235.75</ele></trkpt>
   <trkpt lat="50.123216" lon="19.757764"><ele>235</ele></trkpt>
   <trkpt lat="50.123418" lon="19.759118"><ele>233.25</ele></trkpt>
   <trkpt lat="50.123502" lon="19.759757"><ele>233.5</ele></trkpt>
   <trkpt lat="50.123582" lon="19.760479"><ele>234.75</ele></trkpt>
   <trkpt lat="50.12365" lon="19.761209"><ele>233.5</ele></trkpt>
   <trkpt lat="50.123699" lon="19.761861"><ele>232.25</ele></trkpt>
   <trkpt lat="50.123731" lon="19.762376"><ele>232.25</ele></trkpt>
   <trkpt lat="50.123759" lon="19.762959"><ele>232.5</ele></trkpt>
   <trkpt lat="50.123787" lon="19.763862"><ele>232.5</ele></trkpt>
   <trkpt lat="50.123792" lon="19.765016"><ele>231.5</ele></trkpt>
   <trkpt lat="50.123772" lon="19.765981"><ele>231.75</ele></trkpt>
   <trkpt lat="50.123739" lon="19.766771"><ele>231.25</ele></trkpt>
   <trkpt lat="50.123684" lon="19.767652"><ele>231.5</ele></trkpt>
   <trkpt lat="50.123639" lon="19.768225"><ele>231.75</ele></trkpt>
   <trkpt lat="50.123585" lon="19.768799"><ele>231.75</ele></trkpt>
   <trkpt lat="50.123522" lon="19.769373"><ele>231</ele></trkpt>
   <trkpt lat="50.123364" lon="19.770621"><ele>231.75</ele></trkpt>
   <trkpt lat="50.12309" lon="19.772632"><ele>231.25</ele></trkpt>
   <trkpt lat="50.122708" lon="19.775313"><ele>231.25</ele></trkpt>
   <trkpt lat="50.122661" lon="19.77566"><ele>230.75</ele></trkpt>
   <trkpt lat="50.12251" lon="19.776767"><ele>231.75</ele></trkpt>
   <trkpt lat="50.122488" lon="19.776929"><ele>231.75</ele></trkpt>
   <trkpt lat="50.122398" lon="19.77756"><ele>231</ele></trkpt>
   <trkpt lat="50.122153" lon="19.779508"><ele>232</ele></trkpt>
   <trkpt lat="50.121998" lon="19.780668"><ele>232.25</ele></trkpt>
   <trkpt lat="50.121834" lon="19.781874"><ele>233</ele></trkpt>
   <trkpt lat="50.121801" lon="19.782113"><ele>233</ele></trkpt>
   <trkpt lat="50.121485" lon="19.784419"><ele>232.5</ele></trkpt>
   <trkpt lat="50.121352" lon="19.785316"><ele>233</ele></trkpt>
   <trkpt lat="50.121228" lon="19.786071"><ele>232.5</ele></trkpt>
   <trkpt lat="50.121086" lon="19.786834"><ele>233</ele></trkpt>
   <trkpt lat="50.120969" lon="19.787414"><ele>231.5</ele></trkpt>
   <trkpt lat="50.120774" lon="19.788302"><ele>232</ele></trkpt>
   <trkpt lat="50.120692" lon="19.788651"><ele>231.5</ele></trkpt>
   <trkpt lat="50.120478" lon="19.789504"><ele>231.5</ele></trkpt>
   <trkpt lat="50.120063" lon="19.791002"><ele>232.25</ele></trkpt>
   <trkpt lat="50.119957" lon="19.791348"><ele>232.75</ele></trkpt>
   <trkpt lat="50.119692" lon="19.792117"><ele>232.75</ele></trkpt>
   <trkpt lat="50.119686" lon="19.792131"><ele>232.75</ele></trkpt>
   <trkpt lat="50.119621" lon="19.792325"><ele>232.75</ele></trkpt>
   <trkpt lat="50.119557" lon="19.792511"><ele>232.75</ele></trkpt>
   <trkpt lat="50.11944" lon="19.7929"><ele>232.75</ele></trkpt>
   <trkpt lat="50.119366" lon="19.793161"><ele>232.75</ele></trkpt>
   <trkpt lat="50.119342" lon="19.793245"><ele>232.75</ele></trkpt>
   <trkpt lat="50.118737" lon="19.795392"><ele>233.75</ele></trkpt>
   <trkpt lat="50.118423" lon="19.796388"><ele>234.5</ele></trkpt>
   <trkpt lat="50.118331" lon="19.796697"><ele>234</ele></trkpt>
   <trkpt lat="50.117896" lon="19.798234"><ele>234.75</ele></trkpt>
   <trkpt lat="50.117464" lon="19.799764"><ele>233</ele></trkpt>
   <trkpt lat="50.117346" lon="19.800233"><ele>233.5</ele></trkpt>
   <trkpt lat="50.117119" lon="19.801213"><ele>233</ele></trkpt>
   <trkpt lat="50.117018" lon="19.801594"><ele>232.25</ele></trkpt>
   <trkpt lat="50.116872" lon="19.802097"><ele>232.5</ele></trkpt>
   <trkpt lat="50.116697" lon="19.802697"><ele>229.75</ele></trkpt>
   <trkpt lat="50.116628" lon="19.802934"><ele>230.75</ele></trkpt>
   <trkpt lat="50.116598" lon="19.803048"><ele>231.25</ele></trkpt>
   <trkpt lat="50.116577" lon="19.803125"><ele>231.25</ele></trkpt>
   <trkpt lat="50.116386" lon="19.803926"><ele>231.75</ele></trkpt>
   <trkpt lat="50.116295" lon="19.804264"><ele>231</ele></trkpt>
   <trkpt lat="50.116058" lon="19.805074"><ele>231.25</ele></trkpt>
   <trkpt lat="50.116019" lon="19.805208"><ele>231.75</ele></trkpt>
   <trkpt lat="50.115879" lon="19.805684"><ele>231.25</ele></trkpt>
   <trkpt lat="50.115711" lon="19.806263"><ele>231.25</ele></trkpt>
   <trkpt lat="50.115362" lon="19.807456"><ele>228.25</ele></trkpt>
   <trkpt lat="50.115058" lon="19.808427"><ele>228.5</ele></trkpt>
   <trkpt lat="50.114866" lon="19.808997"><ele>230.25</ele></trkpt>
   <trkpt lat="50.114584" lon="19.809779"><ele>230.25</ele></trkpt>
   <trkpt lat="50.114251" lon="19.810633"><ele>228.25</ele></trkpt>
   <trkpt lat="50.114007" lon="19.811212"><ele>227.75</ele></trkpt>
   <trkpt lat="50.113718" lon="19.811861"><ele>229.75</ele></trkpt>
   <trkpt lat="50.113408" lon="19.812513"><ele>228.5</ele></trkpt>
   <trkpt lat="50.113249" lon="19.812834"><ele>226.5</ele></trkpt>
   <trkpt lat="50.112928" lon="19.813444"><ele>225.75</ele></trkpt>
   <trkpt lat="50.112588" lon="19.814059"><ele>226</ele></trkpt>
   <trkpt lat="50.112385" lon="19.81441"><ele>225.5</ele></trkpt>
   <trkpt lat="50.111903" lon="19.81519"><ele>226.5</ele></trkpt>
   <trkpt lat="50.111511" lon="19.815777"><ele>225.75</ele></trkpt>
   <trkpt lat="50.111102" lon="19.816358"><ele>227.5</ele></trkpt>
   <trkpt lat="50.110698" lon="19.816899"><ele>225.75</ele></trkpt>
   <trkpt lat="50.110235" lon="19.817503"><ele>225.5</ele></trkpt>
   <trkpt lat="50.109919" lon="19.817916"><ele>224</ele></trkpt>
   <trkpt lat="50.10872" lon="19.819482"><ele>225</ele></trkpt>
   <trkpt lat="50.10854" lon="19.819719"><ele>223.75</ele></trkpt>
   <trkpt lat="50.106594" lon="19.822281"><ele>226.75</ele></trkpt>
   <trkpt lat="50.106315" lon="19.822647"><ele>228.75</ele></trkpt>
   <trkpt lat="50.106284" lon="19.822688"><ele>229</ele></trkpt>
   <trkpt lat="50.105594" lon="19.823592"><ele>230.5</ele></trkpt>
   <trkpt lat="50.104906" lon="19.824495"><ele>229.75</ele></trkpt>
   <trkpt lat="50.103937" lon="19.825766"><ele>230.25</ele></trkpt>
   <trkpt lat="50.100961" lon="19.829669"><ele>237</ele></trkpt>
   <trkpt lat="50.100287" lon="19.830552"><ele>237</ele></trkpt>
   <trkpt lat="50.099598" lon="19.831456"><ele>240.75</ele></trkpt>
   <trkpt lat="50.098906" lon="19.832372"><ele>238.5</ele></trkpt>
   <trkpt lat="50.098691" lon="19.832665"><ele>239.75</ele></trkpt>
   <trkpt lat="50.098234" lon="19.833322"><ele>239.75</ele></trkpt>
   <trkpt lat="50.09749" lon="19.834473"><ele>239</ele></trkpt>
   <trkpt lat="50.097472" lon="19.834501"><ele>239.5</ele></trkpt>
   <trkpt lat="50.09527" lon="19.83798"><ele>240</ele></trkpt>
   <trkpt lat="50.092274" lon="19.842711"><ele>234</ele></trkpt>
   <trkpt lat="50.092045" lon="19.843071"><ele>234.25</ele></trkpt>
   <trkpt lat="50.091801" lon="19.843453"><ele>236.5</ele></trkpt>
   <trkpt lat="50.09117" lon="19.844448"><ele>237.5</ele></trkpt>
   <trkpt lat="50.091162" lon="19.844461"><ele>237.5</ele></trkpt>
   <trkpt lat="50.090856" lon="19.844943"><ele>237.25</ele></trkpt>
   <trkpt lat="50.090539" lon="19.845444"><ele>236.5</ele></trkpt>
   <trkpt lat="50.088342" lon="19.848904"><ele>232.5</ele></trkpt>
   <trkpt lat="50.0876" lon="19.850073"><ele>230.75</ele></trkpt>
   <trkpt lat="50.087169" lon="19.850779"><ele>230.75</ele></trkpt>
   <trkpt lat="50.086828" lon="19.851368"><ele>230</ele></trkpt>
   <trkpt lat="50.086449" lon="19.852065"><ele>230</ele></trkpt>
   <trkpt lat="50.086285" lon="19.852386"><ele>230</ele></trkpt>
   <trkpt lat="50.086145" lon="19.852661"><ele>230</ele></trkpt>
   <trkpt lat="50.086131" lon="19.852688"><ele>230</ele></trkpt>
   <trkpt lat="50.086048" lon="19.852856"><ele>230</ele></trkpt>
   <trkpt lat="50.085797" lon="19.853378"><ele>230.5</ele></trkpt>
   <trkpt lat="50.085622" lon="19.853763"><ele>230.25</ele></trkpt>
   <trkpt lat="50.08541" lon="19.854266"><ele>230.5</ele></trkpt>
   <trkpt lat="50.085031" lon="19.855297"><ele>230.75</ele></trkpt>
   <trkpt lat="50.084919" lon="19.855587"><ele>230</ele></trkpt>
   <trkpt lat="50.084831" lon="19.855824"><ele>230</ele></trkpt>
   <trkpt lat="50.084633" lon="19.856394"><ele>229.75</ele></trkpt>
   <trkpt lat="50.084512" lon="19.856792"><ele>229.5</ele></trkpt>
   <trkpt lat="50.084348" lon="19.857413"><ele>230</ele></trkpt>
   <trkpt lat="50.084108" lon="19.85836"><ele>230.25</ele></trkpt>
   <trkpt lat="50.084065" lon="19.858528"><ele>230.75</ele></trkpt>
   <trkpt lat="50.083976" lon="19.858908"><ele>231.5</ele></trkpt>
   <trkpt lat="50.08391" lon="19.859243"><ele>229.5</ele></trkpt>
   <trkpt lat="50.083842" lon="19.85957"><ele>229.75</ele></trkpt>
   <trkpt lat="50.083711" lon="19.860114"><ele>231.5</ele></trkpt>
   <trkpt lat="50.08351" lon="19.86097"><ele>230.5</ele></trkpt>
   <trkpt lat="50.083422" lon="19.861371"><ele>231.75</ele></trkpt>
   <trkpt lat="50.083266" lon="19.862143"><ele>229.5</ele></trkpt>
   <trkpt lat="50.083112" lon="19.862986"><ele>229.75</ele></trkpt>
   <trkpt lat="50.08294" lon="19.864083"><ele>229.5</ele></trkpt>
   <trkpt lat="50.082833" lon="19.864881"><ele>228</ele></trkpt>
   <trkpt lat="50.082744" lon="19.865662"><ele>227</ele></trkpt>
   <trkpt lat="50.082646" lon="19.866738"><ele>226.25</ele></trkpt>
   <trkpt lat="50.082611" lon="19.867229"><ele>226.5</ele></trkpt>
   <trkpt lat="50.082561" lon="19.868094"><ele>226.75</ele></trkpt>
   <trkpt lat="50.082529" lon="19.868949"><ele>226.75</ele></trkpt>
   <trkpt lat="50.082516" lon="19.869687"><ele>226.75</ele></trkpt>
   <trkpt lat="50.082516" lon="19.870622"><ele>226</ele></trkpt>
   <trkpt lat="50.08253" lon="19.871324"><ele>226</ele></trkpt>
   <trkpt lat="50.082535" lon="19.871691"><ele>225.75</ele></trkpt>
   <trkpt lat="50.08253" lon="19.872268"><ele>225.75</ele></trkpt>
   <trkpt lat="50.082544" lon="19.872652"><ele>225.75</ele></trkpt>
   <trkpt lat="50.08256" lon="19.872917"><ele>225.5</ele></trkpt>
   <trkpt lat="50.082565" lon="19.87299"><ele>225.5</ele></trkpt>
   <trkpt lat="50.082583" lon="19.873407"><ele>224.5</ele></trkpt>
   <trkpt lat="50.082591" lon="19.874085"><ele>225</ele></trkpt>
   <trkpt lat="50.082608" lon="19.874466"><ele>224.5</ele></trkpt>
   <trkpt lat="50.082625" lon="19.874737"><ele>223.75</ele></trkpt>
   <trkpt lat="50.082642" lon="19.875042"><ele>223.5</ele></trkpt>
   <trkpt lat="50.082665" lon="19.875599"><ele>223.5</ele></trkpt>
   <trkpt lat="50.082676" lon="19.876044"><ele>223.5</ele></trkpt>
   <trkpt lat="50.082716" lon="19.876897"><ele>223.75</ele></trkpt>
   <trkpt lat="50.082738" lon="19.87725"><ele>224.25</ele></trkpt>
   <trkpt lat="50.082831" lon="19.878727"><ele>224.5</ele></trkpt>
   <trkpt lat="50.082849" lon="19.879131"><ele>224.25</ele></trkpt>
   <trkpt lat="50.082856" lon="19.880141"><ele>223.5</ele></trkpt>
   <trkpt lat="50.08287" lon="19.88054"><ele>222</ele></trkpt>
   <trkpt lat="50.082889" lon="19.880862"><ele>222</ele></trkpt>
   <trkpt lat="50.082954" lon="19.882026"><ele>224</ele></trkpt>
   <trkpt lat="50.082957" lon="19.882067"><ele>224.25</ele></trkpt>
   <trkpt lat="50.082968" lon="19.882305"><ele>225</ele></trkpt>
   <trkpt lat="50.082977" lon="19.882694"><ele>224.75</ele></trkpt>
   <trkpt lat="50.082968" lon="19.883209"><ele>224.5</ele></trkpt>
   <trkpt lat="50.082969" lon="19.883597"><ele>225.25</ele></trkpt>
   <trkpt lat="50.082973" lon="19.88384"><ele>225.75</ele></trkpt>
   <trkpt lat="50.082976" lon="19.884597"><ele>225.75</ele></trkpt>
   <trkpt lat="50.082948" lon="19.886091"><ele>225.25</ele></trkpt>
   <trkpt lat="50.082912" lon="19.887643"><ele>225.5</ele></trkpt>
   <trkpt lat="50.082889" lon="19.888188"><ele>225</ele></trkpt>
   <trkpt lat="50.082852" lon="19.888706"><ele>225.5</ele></trkpt>
   <trkpt lat="50.082678" lon="19.890465"><ele>226</ele></trkpt>
   <trkpt lat="50.082674" lon="19.890501"><ele>226</ele></trkpt>
   <trkpt lat="50.082637" lon="19.890918"><ele>226</ele></trkpt>
   <trkpt lat="50.082614" lon="19.891299"><ele>226</ele></trkpt>
   <trkpt lat="50.082611" lon="19.891371"><ele>226</ele></trkpt>
   <trkpt lat="50.082611" lon="19.89138"><ele>226.25</ele></trkpt>
   <trkpt lat="50.082604" lon="19.891724"><ele>226.25</ele></trkpt>
   <trkpt lat="50.082617" lon="19.892234"><ele>225.25</ele></trkpt>
   <trkpt lat="50.082643" lon="19.892766"><ele>226</ele></trkpt>
   <trkpt lat="50.082711" lon="19.894122"><ele>227.5</ele></trkpt>
   <trkpt lat="50.082733" lon="19.894737"><ele>227.25</ele></trkpt>
   <trkpt lat="50.082726" lon="19.895352"><ele>226.25</ele></trkpt>
   <trkpt lat="50.0826" lon="19.897903"><ele>223.25</ele></trkpt>
   <trkpt lat="50.082482" lon="19.90021"><ele>224.75</ele></trkpt>
   <trkpt lat="50.082395" lon="19.902681"><ele>223</ele></trkpt>
   <trkpt lat="50.08237" lon="19.903465"><ele>222.5</ele></trkpt>
   <trkpt lat="50.082348" lon="19.904256"><ele>222.25</ele></trkpt>
   <trkpt lat="50.082323" lon="19.905066"><ele>222.25</ele></trkpt>
   <trkpt lat="50.082319" lon="19.905181"><ele>222</ele></trkpt>
   <trkpt lat="50.082317" lon="19.905248"><ele>222</ele></trkpt>
   <trkpt lat="50.082282" lon="19.906326"><ele>222</ele></trkpt>
   <trkpt lat="50.082239" lon="19.907759"><ele>222</ele></trkpt>
   <trkpt lat="50.08221" lon="19.908585"><ele>221.75</ele></trkpt>
   <trkpt lat="50.082018" lon="19.91413"><ele>220.5</ele></trkpt>
   <trkpt lat="50.081981" lon="19.914926"><ele>219.75</ele></trkpt>
   <trkpt lat="50.081912" lon="19.915849"><ele>219.25</ele></trkpt>
   <trkpt lat="50.081909" lon="19.915893"><ele>218.75</ele></trkpt>
   <trkpt lat="50.081905" lon="19.915954"><ele>218</ele></trkpt>
   <trkpt lat="50.081877" lon="19.916323"><ele>218</ele></trkpt>
   <trkpt lat="50.081856" lon="19.916653"><ele>218.5</ele></trkpt>
   <trkpt lat="50.081829" lon="19.917236"><ele>220</ele></trkpt>
   <trkpt lat="50.081813" lon="19.917678"><ele>220</ele></trkpt>
   <trkpt lat="50.08181" lon="19.917753"><ele>220</ele></trkpt>
   <trkpt lat="50.081761" lon="19.919112"><ele>220</ele></trkpt>
   <trkpt lat="50.081761" lon="19.919125"><ele>219.75</ele></trkpt>
   <trkpt lat="50.081746" lon="19.919715"><ele>220</ele></trkpt>
   <trkpt lat="50.081756" lon="19.920542"><ele>220.25</ele></trkpt>
   <trkpt lat="50.081757" lon="19.921132"><ele>220.25</ele></trkpt>
   <trkpt lat="50.081744" lon="19.921542"><ele>220</ele></trkpt>
   <trkpt lat="50.081734" lon="19.921806"><ele>220.75</ele></trkpt>
   <trkpt lat="50.081731" lon="19.921909"><ele>221.5</ele></trkpt>
   <trkpt lat="50.081726" lon="19.922055"><ele>221.5</ele></trkpt>
   <trkpt lat="50.081697" lon="19.922839"><ele>221.75</ele></trkpt>
   <trkpt lat="50.081624" lon="19.924735"><ele>221.75</ele></trkpt>
   <trkpt lat="50.081618" lon="19.924902"><ele>221.25</ele></trkpt>
   <trkpt lat="50.081593" lon="19.925564"><ele>221</ele></trkpt>
   <trkpt lat="50.081583" lon="19.925797"><ele>221.25</ele></trkpt>
   <trkpt lat="50.081568" lon="19.926034"><ele>220</ele></trkpt>
   <trkpt lat="50.081513" lon="19.926527"><ele>221.25</ele></trkpt>
   <trkpt lat="50.081486" lon="19.926782"><ele>221.5</ele></trkpt>
   <trkpt lat="50.081451" lon="19.927032"><ele>221.75</ele></trkpt>
   <trkpt lat="50.081428" lon="19.927147"><ele>221.75</ele></trkpt>
   <trkpt lat="50.081406" lon="19.927258"><ele>221.75</ele></trkpt>
   <trkpt lat="50.081344" lon="19.927498"><ele>221</ele></trkpt>
   <trkpt lat="50.081251" lon="19.927855"><ele>221.25</ele></trkpt>
   <trkpt lat="50.081198" lon="19.928056"><ele>221</ele></trkpt>
   <trkpt lat="50.081105" lon="19.928406"><ele>221</ele></trkpt>
   <trkpt lat="50.080907" lon="19.929159"><ele>221</ele></trkpt>
   <trkpt lat="50.080857" lon="19.92935"><ele>221</ele></trkpt>
   <trkpt lat="50.080752" lon="19.929756"><ele>221</ele></trkpt>
   <trkpt lat="50.080719" lon="19.929909"><ele>221</ele></trkpt>
   <trkpt lat="50.080689" lon="19.930089"><ele>221</ele></trkpt>
   <trkpt lat="50.080671" lon="19.930245"><ele>221</ele></trkpt>
   <trkpt lat="50.080346" lon="19.933236"><ele>221</ele></trkpt>
   <trkpt lat="50.080293" lon="19.933603"><ele>221</ele></trkpt>
   <trkpt lat="50.080257" lon="19.93379"><ele>220.75</ele></trkpt>
   <trkpt lat="50.080135" lon="19.934324"><ele>220.75</ele></trkpt>
   <trkpt lat="50.079977" lon="19.935008"><ele>220.75</ele></trkpt>
   <trkpt lat="50.079822" lon="19.935619"><ele>220.25</ele></trkpt>
   <trkpt lat="50.079771" lon="19.935814"><ele>220</ele></trkpt>
   <trkpt lat="50.079654" lon="19.93626"><ele>219.75</ele></trkpt>
   <trkpt lat="50.079605" lon="19.936527"><ele>219.75</ele></trkpt>
   <trkpt lat="50.079574" lon="19.936703"><ele>219.75</ele></trkpt>
   <trkpt lat="50.079525" lon="19.936928"><ele>219.5</ele></trkpt>
   <trkpt lat="50.079439" lon="19.937251"><ele>219.75</ele></trkpt>
   <trkpt lat="50.079379" lon="19.937449"><ele>219</ele></trkpt>
   <trkpt lat="50.079315" lon="19.937621"><ele>219</ele></trkpt>
   <trkpt lat="50.079236" lon="19.937818"><ele>218.75</ele></trkpt>
   <trkpt lat="50.079156" lon="19.937997"><ele>218</ele></trkpt>
   <trkpt lat="50.078891" lon="19.93859"><ele>218.75</ele></trkpt>
   <trkpt lat="50.078765" lon="19.938869"><ele>218.25</ele></trkpt>
   <trkpt lat="50.078526" lon="19.939386"><ele>218.25</ele></trkpt>
   <trkpt lat="50.078399" lon="19.939628"><ele>218.75</ele></trkpt>
   <trkpt lat="50.078061" lon="19.940237"><ele>218</ele></trkpt>
   <trkpt lat="50.077569" lon="19.941072"><ele>218</ele></trkpt>
   <trkpt lat="50.077511" lon="19.941168"><ele>218</ele></trkpt>
   <trkpt lat="50.077401" lon="19.941352"><ele>218</ele></trkpt>
   <trkpt lat="50.077215" lon="19.941672"><ele>218</ele></trkpt>
   <trkpt lat="50.077045" lon="19.941937"><ele>218</ele></trkpt>
   <trkpt lat="50.076961" lon="19.942055"><ele>218</ele></trkpt>
   <trkpt lat="50.076846" lon="19.942209"><ele>217.5</ele></trkpt>
   <trkpt lat="50.076703" lon="19.942394"><ele>217.5</ele></trkpt>
   <trkpt lat="50.076608" lon="19.942516"><ele>217.5</ele></trkpt>
   <trkpt lat="50.076545" lon="19.942596"><ele>217.5</ele></trkpt>
   <trkpt lat="50.076417" lon="19.942757"><ele>217.5</ele></trkpt>
   <trkpt lat="50.076029" lon="19.943233"><ele>217</ele></trkpt>
   <trkpt lat="50.075971" lon="19.943303"><ele>217</ele></trkpt>
   <trkpt lat="50.075778" lon="19.943564"><ele>217</ele></trkpt>
   <trkpt lat="50.075602" lon="19.943829"><ele>217</ele></trkpt>
   <trkpt lat="50.075468" lon="19.944032"><ele>217</ele></trkpt>
   <trkpt lat="50.075339" lon="19.944226"><ele>216.75</ele></trkpt>
   <trkpt lat="50.075131" lon="19.944477"><ele>217</ele></trkpt>
   <trkpt lat="50.074966" lon="19.944676"><ele>217</ele></trkpt>
   <trkpt lat="50.074675" lon="19.945003"><ele>216</ele></trkpt>
   <trkpt lat="50.074321" lon="19.945347"><ele>216.25</ele></trkpt>
   <trkpt lat="50.07402" lon="19.945599"><ele>216</ele></trkpt>
   <trkpt lat="50.073724" lon="19.945816"><ele>216</ele></trkpt>
   <trkpt lat="50.073585" lon="19.945904"><ele>216</ele></trkpt>
   <trkpt lat="50.073346" lon="19.946043"><ele>216</ele></trkpt>
   <trkpt lat="50.07286" lon="19.946309"><ele>215.25</ele></trkpt>
   <trkpt lat="50.072797" lon="19.946343"><ele>215</ele></trkpt>
   <trkpt lat="50.072702" lon="19.946395"><ele>215.25</ele></trkpt>
   <trkpt lat="50.072117" lon="19.946713"><ele>215</ele></trkpt>
   <trkpt lat="50.071962" lon="19.946797"><ele>215</ele></trkpt>
   <trkpt lat="50.071791" lon="19.946904"><ele>215</ele></trkpt>
   <trkpt lat="50.071555" lon="19.947074"><ele>215</ele></trkpt>
   <trkpt lat="50.071377" lon="19.947183"><ele>215</ele></trkpt>
   <trkpt lat="50.071012" lon="19.947381"><ele>215</ele></trkpt>
   <trkpt lat="50.070754" lon="19.947522"><ele>214.75</ele></trkpt>
   <trkpt lat="50.070452" lon="19.947676"><ele>215</ele></trkpt>
   <trkpt lat="50.070256" lon="19.947765"><ele>215</ele></trkpt>
   <trkpt lat="50.070013" lon="19.947855"><ele>215.5</ele></trkpt>
   <trkpt lat="50.069798" lon="19.947914"><ele>215.5</ele></trkpt>
   <trkpt lat="50.069618" lon="19.947947"><ele>215.5</ele></trkpt>
   <trkpt lat="50.069396" lon="19.947968"><ele>215.75</ele></trkpt>
   <trkpt lat="50.069263" lon="19.947973"><ele>215.5</ele></trkpt>
   <trkpt lat="50.069206" lon="19.947976"><ele>215.25</ele></trkpt>
   <trkpt lat="50.069172" lon="19.947977"><ele>215.25</ele></trkpt>
   <trkpt lat="50.068947" lon="19.947987"><ele>215</ele></trkpt>
   <trkpt lat="50.068723" lon="19.947996"><ele>215</ele></trkpt>
   <trkpt lat="50.068427" lon="19.948008"><ele>215</ele></trkpt>
   <trkpt lat="50.06786" lon="19.948031"><ele>215</ele></trkpt>
   <trkpt lat="50.067657" lon="19.948039"><ele>215</ele></trkpt>
   <trkpt lat="50.067636" lon="19.94804"><ele>215</ele></trkpt>
   <trkpt lat="50.06741" lon="19.948049"><ele>215</ele></trkpt>
   <trkpt lat="50.067386" lon="19.948049"><ele>215</ele></trkpt>
  </trkseg>
 </trk>
</gpx>