<?xml version="1.0" encoding="UTF-8"?>
<!-- track-length = 588141 filtered ascend = 564 plain-ascend = -172 cost=588141 energy=7.1kwh time=13h 4m 11s -->
<gpx 
 xmlns="http://www.topografix.com/GPX/1/1" 
 xmlns:xsi="http://www.w3.org/2001/XMLSchema-instance" 
 xsi:schemaLocation="http://www.topografix.com/GPX/1/1 http://www.topografix.com/GPX/1/1/gpx.xsd" 
 version="1.1" 
 creator="BRouter-Web 99.71.0">
 <trk>
  <name>Krakow-Berlin</name>
  <link href="https://brouter.damsy.net/latest/#map=7/51.703/16.529/standard&amp;lonlats=19.947996,50.067386;13.390124,52.548879&amp;profile=rail">
   <text>BRouter-Web</text>
  </link>
  <trkseg>
   <trkpt lat="50.067386" lon="19.948049"><ele>215</ele></trkpt>
   <trkpt lat="50.06741" lon="19.948049"><ele>215</ele></trkpt>
   <trkpt lat="50.067636" lon="19.94804"><ele>215</ele></trkpt>
   <trkpt lat="50.067657" lon="19.948039"><ele>215</ele></trkpt>
   <trkpt lat="50.06786" lon="19.948031"><ele>215</ele></trkpt>
   <trkpt lat="50.068427" lon="19.948008"><ele>215</ele></trkpt>
   <trkpt lat="50.068723" lon="19.947996"><ele>215</ele></trkpt>
   <trkpt lat="50.068947" lon="19.947987"><ele>215</ele></trkpt>
   <trkpt lat="50.069172" lon="19.947977"><ele>215.25</ele></trkpt>
   <trkpt lat="50.069206" lon="19.947976"><ele>215.25</ele></trkpt>
   <trkpt lat="50.069263" lon="19.947973"><ele>215.5</ele></trkpt>
   <trkpt lat="50.069396" lon="19.947968"><ele>215.75</ele></trkpt>
   <trkpt lat="50.069618" lon="19.947947"><ele>215.5</ele></trkpt>
   <trkpt lat="50.069798" lon="19.947914"><ele>215.5</ele></trkpt>
   <trkpt lat="50.070013" lon="19.947855"><ele>215.5</ele></trkpt>
   <trkpt lat="50.070256" lon="19.947765"><ele>215</ele></trkpt>
   <trkpt lat="50.070452" lon="19.947676"><ele>215</ele></trkpt>
   <trkpt lat="50.070754" lon="19.947522"><ele>214.75</ele></trkpt>
   <trkpt lat="50.071012" lon="19.947381"><ele>215</ele></trkpt>
   <trkpt lat="50.071377" lon="19.947183"><ele>215</ele></trkpt>
   <trkpt lat="50.071555" lon="19.947074"><ele>215</ele></trkpt>
   <trkpt lat="50.071791" lon="19.946904"><ele>215</ele></trkpt>
   <trkpt lat="50.071962" lon="19.946797"><ele>215</ele></trkpt>
   <trkpt lat="50.072117" lon="19.946713"><ele>215</ele></trkpt>
   <trkpt lat="50.072702" lon="19.946395"><ele>215.25</ele></trkpt>
   <trkpt lat="50.072797" lon="19.946343"><ele>215</ele></trkpt>
   <trkpt lat="50.07286" lon="19.946309"><ele>215.25</ele></trkpt>
   <trkpt lat="50.073346" lon="19.946043"><ele>216</ele></trkpt>
   <trkpt lat="50.073585" lon="19.945904"><ele>216</ele></trkpt>
   <trkpt lat="50.073724" lon="19.945816"><ele>216</ele></trkpt>
   <trkpt lat="50.07402" lon="19.945599"><ele>216</ele></trkpt>
   <trkpt lat="50.074321" lon="19.945347"><ele>216.25</ele></trkpt>
   <trkpt lat="50.074675" lon="19.945003"><ele>216</ele></trkpt>
   <trkpt lat="50.074966" lon="19.944676"><ele>217</ele></trkpt>
   <trkpt lat="50.075131" lon="19.944477"><ele>217</ele></trkpt>
   <trkpt lat="50.075339" lon="19.944226"><ele>216.75</ele></trkpt>
   <trkpt lat="50.075468" lon="19.944032"><ele>217</ele></trkpt>
   <trkpt lat="50.075602" lon="19.943829"><ele>217</ele></trkpt>
   <trkpt lat="50.075778" lon="19.943564"><ele>217</ele></trkpt>
   <trkpt lat="50.075971" lon="19.943303"><ele>217</ele></trkpt>
   <trkpt lat="50.076029" lon="19.943233"><ele>217</ele></trkpt>
   <trkpt lat="50.076417" lon="19.942757"><ele>217.5</ele></trkpt>
   <trkpt lat="50.076545" lon="19.942596"><ele>217.5</ele></trkpt>
   <trkpt lat="50.076608" lon="19.942516"><ele>217.5</ele></trkpt>
   <trkpt lat="50.076703" lon="19.942394"><ele>217.5</ele></trkpt>
   <trkpt lat="50.076846" lon="19.942209"><ele>217.5</ele></trkpt>
   <trkpt lat="50.076961" lon="19.942055"><ele>218</ele></trkpt>
   <trkpt lat="50.077045" lon="19.941937"><ele>218</ele></trkpt>
   <trkpt lat="50.077215" lon="19.941672"><ele>218</ele></trkpt>
   <trkpt lat="50.077401" lon="19.941352"><ele>218</ele></trkpt>
   <trkpt lat="50.077511" lon="19.941168"><ele>218</ele></trkpt>
   <trkpt lat="50.077569" lon="19.941072"><ele>218</ele></trkpt>
   <trkpt lat="50.078061" lon="19.940237"><ele>218</ele></trkpt>
   <trkpt lat="50.078399" lon="19.939628"><ele>218.75</ele></trkpt>
   <trkpt lat="50.078526" lon="19.939386"><ele>218.25</ele></trkpt>
   <trkpt lat="50.078765" lon="19.938869"><ele>218.25</ele></trkpt>
   <trkpt lat="50.078891" lon="19.93859"><ele>218.75</ele></trkpt>
   <trkpt lat="50.079156" lon="19.937997"><ele>218</ele></trkpt>
   <trkpt lat="50.079236" lon="19.937818"><ele>218.75</ele></trkpt>
   <trkpt lat="50.079315" lon="19.937621"><ele>219</ele></trkpt>
   <trkpt lat="50.079379" lon="19.937449"><ele>219</ele></trkpt>
   <trkpt lat="50.079439" lon="19.937251"><ele>219.75</ele></trkpt>
   <trkpt lat="50.079525" lon="19.936928"><ele>219.5</ele></trkpt>
   <trkpt lat="50.079574" lon="19.936703"><ele>219.75</ele></trkpt>
   <trkpt lat="50.079605" lon="19.936527"><ele>219.75</ele></trkpt>
   <trkpt lat="50.079654" lon="19.93626"><ele>219.75</ele></trkpt>
   <trkpt lat="50.079771" lon="19.935814"><ele>220</ele></trkpt>
   <trkpt lat="50.079822" lon="19.935619"><ele>220.25</ele></trkpt>
   <trkpt lat="50.079977" lon="19.935008"><ele>220.75</ele></trkpt>
   <trkpt lat="50.080135" lon="19.934324"><ele>220.75</ele></trkpt>
   <trkpt lat="50.080257" lon="19.93379"><ele>220.75</ele></trkpt>
   <trkpt lat="50.080293" lon="19.933603"><ele>221</ele></trkpt>
   <trkpt lat="50.080346" lon="19.933236"><ele>221</ele></trkpt>
   <trkpt lat="50.080671" lon="19.930245"><ele>221</ele></trkpt>
   <trkpt lat="50.080689" lon="19.930089"><ele>221</ele></trkpt>
   <trkpt lat="50.080719" lon="19.929909"><ele>221</ele></trkpt>
   <trkpt lat="50.080752" lon="19.929756"><ele>221</ele></trkpt>
   <trkpt lat="50.080857" lon="19.92935"><ele>221</ele></trkpt>
   <trkpt lat="50.080907" lon="19.929159"><ele>221</ele></trkpt>
   <trkpt lat="50.081105" lon="19.928406"><ele>221</ele></trkpt>
   <trkpt lat="50.081198" lon="19.928056"><ele>221</ele></trkpt>
   <trkpt lat="50.081251" lon="19.927855"><ele>221.25</ele></trkpt>
   <trkpt lat="50.081344" lon="19.927498"><ele>221</ele></trkpt>
   <trkpt lat="50.081406" lon="19.927258"><ele>221.75</ele></trkpt>
   <trkpt lat="50.081428" lon="19.927147"><ele>221.75</ele></trkpt>
   <trkpt lat="50.081451" lon="19.927032"><ele>221.75</ele></trkpt>
   <trkpt lat="50.081486" lon="19.926782"><ele>221.5</ele></trkpt>
   <trkpt lat="50.081513" lon="19.926527"><ele>221.25</ele></trkpt>
   <trkpt lat="50.081568" lon="19.926034"><ele>220</ele></trkpt>
   <trkpt lat="50.081583" lon="19.925797"><ele>221.25</ele></trkpt>
   <trkpt lat="50.081593" lon="19.925564"><ele>221</ele></trkpt>
   <trkpt lat="50.081618" lon="19.924902"><ele>221.25</ele></trkpt>
   <trkpt lat="50.081624" lon="19.924735"><ele>221.75</ele></trkpt>
   <trkpt lat="50.081697" lon="19.922839"><ele>221.75</ele></trkpt>
   <trkpt lat="50.081726" lon="19.922055"><ele>221.5</ele></trkpt>
   <trkpt lat="50.081731" lon="19.921909"><ele>221.5</ele></trkpt>
   <trkpt lat="50.081734" lon="19.921806"><ele>220.75</ele></trkpt>
   <trkpt lat="50.081744" lon="19.921542"><ele>220</ele></trkpt>
   <trkpt lat="50.081757" lon="19.921132"><ele>220.25</ele></trkpt>
   <trkpt lat="50.081756" lon="19.920542"><ele>220.25</ele></trkpt>
   <trkpt lat="50.081746" lon="19.919715"><ele>220</ele></trkpt>
   <trkpt lat="50.081761" lon="19.919125"><ele>219.75</ele></trkpt>
   <trkpt lat="50.081761" lon="19.919112"><ele>220</ele></trkpt>
   <trkpt lat="50.08181" lon="19.917753"><ele>220</ele></trkpt>
   <trkpt lat="50.081813" lon="19.917678"><ele>220</ele></trkpt>
   <trkpt lat="50.081829" lon="19.917236"><ele>220</ele></trkpt>
   <trkpt lat="50.081856" lon="19.916653"><ele>218.5</ele></trkpt>
   <trkpt lat="50.081877" lon="19.916323"><ele>218</ele></trkpt>
   <trkpt lat="50.081905" lon="19.915954"><ele>218</ele></trkpt>
   <trkpt lat="50.081909" lon="19.915893"><ele>218.75</ele></trkpt>
   <trkpt lat="50.081912" lon="19.915849"><ele>219.25</ele></trkpt>
   <trkpt lat="50.081981" lon="19.914926"><ele>219.75</ele></trkpt>
   <trkpt lat="50.082018" lon="19.91413"><ele>220.5</ele></trkpt>
   <trkpt lat="50.08221" lon="19.908585"><ele>221.75</ele></trkpt>
   <trkpt lat="50.082239" lon="19.907759"><ele>222</ele></trkpt>
   <trkpt lat="50.082282" lon="19.906326"><ele>222</ele></trkpt>
   <trkpt lat="50.082317" lon="19.905248"><ele>222</ele></trkpt>
   <trkpt lat="50.082319" lon="19.905181"><ele>222</ele></trkpt>
   <trkpt lat="50.082323" lon="19.905066"><ele>222.25</ele></trkpt>
   <trkpt lat="50.082348" lon="19.904256"><ele>222.25</ele></trkpt>
   <trkpt lat="50.08237" lon="19.903465"><ele>222.5</ele></trkpt>
   <trkpt lat="50.082395" lon="19.902681"><ele>223</ele></trkpt>
   <trkpt lat="50.082482" lon="19.90021"><ele>224.75</ele></trkpt>
   <trkpt lat="50.0826" lon="19.897903"><ele>223.25</ele></trkpt>
   <trkpt lat="50.082726" lon="19.895352"><ele>226.25</ele></trkpt>
   <trkpt lat="50.082733" lon="19.894737"><ele>227.25</ele></trkpt>
   <trkpt lat="50.082711" lon="19.894122"><ele>227.5</ele></trkpt>
   <trkpt lat="50.082643" lon="19.892766"><ele>226</ele></trkpt>
   <trkpt lat="50.082617" lon="19.892234"><ele>225.25</ele></trkpt>
   <trkpt lat="50.082604" lon="19.891724"><ele>226.25</ele></trkpt>
   <trkpt lat="50.082611" lon="19.89138"><ele>226.25</ele></trkpt>
   <trkpt lat="50.082611" lon="19.891371"><ele>226</ele></trkpt>
   <trkpt lat="50.082614" lon="19.891299"><ele>226</ele></trkpt>
   <trkpt lat="50.082637" lon="19.890918"><ele>226</ele></trkpt>
   <trkpt lat="50.082674" lon="19.890501"><ele>226</ele></trkpt>
   <trkpt lat="50.082678" lon="19.890465"><ele>226</ele></trkpt>
   <trkpt lat="50.082852" lon="19.888706"><ele>225.5</ele></trkpt>
   <trkpt lat="50.082889" lon="19.888188"><ele>225</ele></trkpt>
   <trkpt lat="50.082912" lon="19.887643"><ele>225.5</ele></trkpt>
   <trkpt lat="50.082948" lon="19.886091"><ele>225.25</ele></trkpt>
   <trkpt lat="50.082976" lon="19.884597"><ele>225.75</ele></trkpt>
   <trkpt lat="50.082973" lon="19.88384"><ele>225.75</ele></trkpt>
   <trkpt lat="50.082969" lon="19.883597"><ele>225.25</ele></trkpt>
   <trkpt lat="50.082968" lon="19.883209"><ele>224.5</ele></trkpt>
   <trkpt lat="50.082977" lon="19.882694"><ele>224.75</ele></trkpt>
   <trkpt lat="50.082968" lon="19.882305"><ele>225</ele></trkpt>
   <trkpt lat="50.082957" lon="19.882067"><ele>224.25</ele></trkpt>
   <trkpt lat="50.082954" lon="19.882026"><ele>224</ele></trkpt>
   <trkpt lat="50.082889" lon="19.880862"><ele>222</ele></trkpt>
   <trkpt lat="50.08287" lon="19.88054"><ele>222</ele></trkpt>
   <trkpt lat="50.082856" lon="19.880141"><ele>223.5</ele></trkpt>
   <trkpt lat="50.082849" lon="19.879131"><ele>224.25</ele></trkpt>
   <trkpt lat="50.082831" lon="19.878727"><ele>224.5</ele></trkpt>
   <trkpt lat="50.082738" lon="19.87725"><ele>224.25</ele></trkpt>
   <trkpt lat="50.082716" lon="19.876897"><ele>223.75</ele></trkpt>
   <trkpt lat="50.082676" lon="19.876044"><ele>223.5</ele></trkpt>
   <trkpt lat="50.082665" lon="19.875599"><ele>223.5</ele></trkpt>
   <trkpt lat="50.082642" lon="19.875042"><ele>223.5</ele></trkpt>
   <trkpt lat="50.082625" lon="19.874737"><ele>223.75</ele></trkpt>
   <trkpt lat="50.082608" lon="19.874466"><ele>224.5</ele></trkpt>
   <trkpt lat="50.082591" lon="19.874085"><ele>225</ele></trkpt>
   <trkpt lat="50.082583" lon="19.873407"><ele>224.5</ele></trkpt>
   <trkpt lat="50.082565" lon="19.87299"><ele>225.5</ele></trkpt>
   <trkpt lat="50.08256" lon="19.872917"><ele>225.5</ele></trkpt>
   <trkpt lat="50.082544" lon="19.872652"><ele>225.75</ele></trkpt>
   <trkpt lat="50.08253" lon="19.872268"><ele>225.75</ele></trkpt>
   <trkpt lat="50.082535" lon="19.871691"><ele>225.75</ele></trkpt>
   <trkpt lat="50.08253" lon="19.871324"><ele>226</ele></trkpt>
   <trkpt lat="50.082516" lon="19.870622"><ele>226</ele></trkpt>
   <trkpt lat="50.082516" lon="19.869687"><ele>226.75</ele></trkpt>
   <trkpt lat="50.082529" lon="19.868949"><ele>226.75</ele></trkpt>
   <trkpt lat="50.082561" lon="19.868094"><ele>226.75</ele></trkpt>
   <trkpt lat="50.082611" lon="19.867229"><ele>226.5</ele></trkpt>
   <trkpt lat="50.082646" lon="19.866738"><ele>226.25</ele></trkpt>
   <trkpt lat="50.082744" lon="19.865662"><ele>227</ele></trkpt>
   <trkpt lat="50.082833" lon="19.864881"><ele>228</ele></trkpt>
   <trkpt lat="50.08294" lon="19.864083"><ele>229.5</ele></trkpt>
   <trkpt lat="50.083112" lon="19.862986"><ele>229.75</ele></trkpt>
   <trkpt lat="50.083266" lon="19.862143"><ele>229.5</ele></trkpt>
   <trkpt lat="50.083422" lon="19.861371"><ele>231.75</ele></trkpt>
   <trkpt lat="50.08351" lon="19.86097"><ele>230.5</ele></trkpt>
   <trkpt lat="50.083711" lon="19.860114"><ele>231.5</ele></trkpt>
   <trkpt lat="50.083842" lon="19.85957"><ele>229.75</ele></trkpt>
   <trkpt lat="50.08391" lon="19.859243"><ele>229.5</ele></trkpt>
   <trkpt lat="50.083976" lon="19.858908"><ele>231.5</ele></trkpt>
   <trkpt lat="50.084065" lon="19.858528"><ele>230.75</ele></trkpt>
   <trkpt lat="50.084108" lon="19.85836"><ele>230.25</ele></trkpt>
   <trkpt lat="50.084348" lon="19.857413"><ele>230</ele></trkpt>
   <trkpt lat="50.084512" lon="19.856792"><ele>229.5</ele></trkpt>
   <trkpt lat="50.084633" lon="19.856394"><ele>229.75</ele></trkpt>
   <trkpt lat="50.084831" lon="19.855824"><ele>230</ele></trkpt>
   <trkpt lat="50.084919" lon="19.855587"><ele>230</ele></trkpt>
   <trkpt lat="50.085031" lon="19.855297"><ele>230.75</ele></trkpt>
   <trkpt lat="50.08541" lon="19.854266"><ele>230.5</ele></trkpt>
   <trkpt lat="50.085622" lon="19.853763"><ele>230.25</ele></trkpt>
   <trkpt lat="50.085797" lon="19.853378"><ele>230.5</ele></trkpt>
   <trkpt lat="50.086048" lon="19.852856"><ele>230</ele></trkpt>
   <trkpt lat="50.086131" lon="19.852688"><ele>230</ele></trkpt>
   <trkpt lat="50.086145" lon="19.852661"><ele>230</ele></trkpt>
   <trkpt lat="50.086285" lon="19.852386"><ele>230</ele></trkpt>
   <trkpt lat="50.086449" lon="19.852065"><ele>230</ele></trkpt>
   <trkpt lat="50.086828" lon="19.851368"><ele>230</ele></trkpt>
   <trkpt lat="50.087169" lon="19.850779"><ele>230.75</ele></trkpt>
   <trkpt lat="50.0876" lon="19.850073"><ele>230.75</ele></trkpt>
   <trkpt lat="50.088342" lon="19.848904"><ele>232.5</ele></trkpt>
   <trkpt lat="50.090539" lon="19.845444"><ele>236.5</ele></trkpt>
   <trkpt lat="50.090856" lon="19.844943"><ele>237.25</ele></trkpt>
   <trkpt lat="50.091162" lon="19.844461"><ele>237.5</ele></trkpt>
   <trkpt lat="50.09117" lon="19.844448"><ele>237.5</ele></trkpt>
   <trkpt lat="50.091801" lon="19.843453"><ele>236.5</ele></trkpt>
   <trkpt lat="50.092045" lon="19.843071"><ele>234.25</ele></trkpt>
   <trkpt lat="50.092274" lon="19.842711"><ele>234</ele></trkpt>
   <trkpt lat="50.09527" lon="19.83798"><ele>240</ele></trkpt>
   <trkpt lat="50.097472" lon="19.834501"><ele>239.5</ele></trkpt>
   <trkpt lat="50.09749" lon="19.834473"><ele>239</ele></trkpt>
   <trkpt lat="50.098234" lon="19.833322"><ele>239.75</ele></trkpt>
   <trkpt lat="50.098691" lon="19.832665"><ele>239.75</ele></trkpt>
   <trkpt lat="50.098906" lon="19.832372"><ele>238.5</ele></trkpt>
   <trkpt lat="50.099598" lon="19.831456"><ele>240.75</ele></trkpt>
   <trkpt lat="50.100287" lon="19.830552"><ele>237</ele></trkpt>
   <trkpt lat="50.100961" lon="19.829669"><ele>237</ele></trkpt>
   <trkpt lat="50.103937" lon="19.825766"><ele>230.25</ele></trkpt>
   <trkpt lat="50.104906" lon="19.824495"><ele>229.75</ele></trkpt>
   <trkpt lat="50.105594" lon="19.823592"><ele>230.5</ele></trkpt>
   <trkpt lat="50.106284" lon="19.822688"><ele>229</ele></trkpt>
   <trkpt lat="50.106315" lon="19.822647"><ele>228.75</ele></trkpt>
   <trkpt lat="50.106594" lon="19.822281"><ele>226.75</ele></trkpt>
   <trkpt lat="50.10854" lon="19.819719"><ele>223.75</ele></trkpt>
   <trkpt lat="50.10872" lon="19.819482"><ele>225</ele></trkpt>
   <trkpt lat="50.109919" lon="19.817916"><ele>224</ele></trkpt>
   <trkpt lat="50.110235" lon="19.817503"><ele>225.5</ele></trkpt>
   <trkpt lat="50.110698" lon="19.816899"><ele>225.75</ele></trkpt>
   <trkpt lat="50.111102" lon="19.816358"><ele>227.5</ele></trkpt>
   <trkpt lat="50.111511" lon="19.815777"><ele>225.75</ele></trkpt>
   <trkpt lat="50.111903" lon="19.81519"><ele>226.5</ele></trkpt>
   <trkpt lat="50.112385" lon="19.81441"><ele>225.5</ele></trkpt>
   <trkpt lat="50.112588" lon="19.814059"><ele>226</ele></trkpt>
   <trkpt lat="50.112928" lon="19.813444"><ele>225.75</ele></trkpt>
   <trkpt lat="50.113249" lon="19.812834"><ele>226.5</ele></trkpt>
   <trkpt lat="50.113408" lon="19.812513"><ele>228.5</ele></trkpt>
   <trkpt lat="50.113718" lon="19.811861"><ele>229.75</ele></trkpt>
   <trkpt lat="50.114007" lon="19.811212"><ele>227.75</ele></trkpt>
   <trkpt lat="50.114251" lon="19.810633"><ele>228.25</ele></trkpt>
   <trkpt lat="50.114584" lon="19.809779"><ele>230.25</ele></trkpt>
   <trkpt lat="50.114866" lon="19.808997"><ele>230.25</ele></trkpt>
   <trkpt lat="50.115058" lon="19.808427"><ele>228.5</ele></trkpt>
   <trkpt lat="50.115362" lon="19.807456"><ele>228.25</ele></trkpt>
   <trkpt lat="50.115711" lon="19.806263"><ele>231.25</ele></trkpt>
   <trkpt lat="50.115879" lon="19.805684"><ele>231.25</ele></trkpt>
   <trkpt lat="50.116019" lon="19.805208"><ele>231.75</ele></trkpt>
   <trkpt lat="50.116058" lon="19.805074"><ele>231.25</ele></trkpt>
   <trkpt lat="50.116295" lon="19.804264"><ele>231</ele></trkpt>
   <trkpt lat="50.116386" lon="19.803926"><ele>231.75</ele></trkpt>
   <trkpt lat="50.116577" lon="19.803125"><ele>231.25</ele></trkpt>
   <trkpt lat="50.116598" lon="19.803048"><ele>231.25</ele></trkpt>
   <trkpt lat="50.116628" lon="19.802934"><ele>230.75</ele></trkpt>
   <trkpt lat="50.116697" lon="19.802697"><ele>229.75</ele></trkpt>
   <trkpt lat="50.116872" lon="19.802097"><ele>232.5</ele></trkpt>
   <trkpt lat="50.117018" lon="19.801594"><ele>232.25</ele></trkpt>
   <trkpt lat="50.117119" lon="19.801213"><ele>233</ele></trkpt>
   <trkpt lat="50.117346" lon="19.800233"><ele>233.5</ele></trkpt>
   <trkpt lat="50.117464" lon="19.799764"><ele>233</ele></trkpt>
   <trkpt lat="50.117896" lon="19.798234"><ele>234.75</ele></trkpt>
   <trkpt lat="50.118331" lon="19.796697"><ele>234</ele></trkpt>
   <trkpt lat="50.118423" lon="19.796388"><ele>234.5</ele></trkpt>
   <trkpt lat="50.118737" lon="19.795392"><ele>233.75</ele></trkpt>
   <trkpt lat="50.119342" lon="19.793245"><ele>232.75</ele></trkpt>
   <trkpt lat="50.119366" lon="19.793161"><ele>232.75</ele></trkpt>
   <trkpt lat="50.11944" lon="19.7929"><ele>232.75</ele></trkpt>
   <trkpt lat="50.119557" lon="19.792511"><ele>232.75</ele></trkpt>
   <trkpt lat="50.119621" lon="19.792325"><ele>232.75</ele></trkpt>
   <trkpt lat="50.119686" lon="19.792131"><ele>232.75</ele></trkpt>
   <trkpt lat="50.119692" lon="19.792117"><ele>232.75</ele></trkpt>
   <trkpt lat="50.119957" lon="19.791348"><ele>232.75</ele></trkpt>
   <trkpt lat="50.120063" lon="19.791002"><ele>232.25</ele></trkpt>
   <trkpt lat="50.120478" lon="19.789504"><ele>231.5</ele></trkpt>
   <trkpt lat="50.120692" lon="19.788651"><ele>231.5</ele></trkpt>
   <trkpt lat="50.120774" lon="19.788302"><ele>232</ele></trkpt>
   <trkpt lat="50.120969" lon="19.787414"><ele>231.5</ele></trkpt>
   <trkpt lat="50.121086" lon="19.786834"><ele>233</ele></trkpt>
   <trkpt lat="50.121228" lon="19.786071"><ele>232.5</ele></trkpt>
   <trkpt lat="50.121352" lon="19.785316"><ele>233</ele></trkpt>
   <trkpt lat="50.121485" lon="19.784419"><ele>232.5</ele></trkpt>
   <trkpt lat="50.121801" lon="19.782113"><ele>233</ele></trkpt>
   <trkpt lat="50.121834" lon="19.781874"><ele>233</ele></trkpt>
   <trkpt lat="50.121998" lon="19.780668"><ele>232.25</ele></trkpt>
   <trkpt lat="50.122153" lon="19.779508"><ele>232</ele></trkpt>
   <trkpt lat="50.122398" lon="19.77756"><ele>231</ele></trkpt>
   <trkpt lat="50.122488" lon="19.776929"><ele>231.75</ele></trkpt>
   <trkpt lat="50.12251" lon="19.776767"><ele>231.75</ele></trkpt>
   <trkpt lat="50.122661" lon="19.77566"><ele>230.75</ele></trkpt>
   <trkpt lat="50.122708" lon="19.775313"><ele>231.25</ele></trkpt>
   <trkpt lat="50.12309" lon="19.772632"><ele>231.25</ele></trkpt>
   <trkpt lat="50.123364" lon="19.770621"><ele>231.75</ele></trkpt>
   <trkpt lat="50.123522" lon="19.769373"><ele>231</ele></trkpt>
   <trkpt lat="50.123585" lon="19.768799"><ele>231.75</ele></trkpt>
   <trkpt lat="50.123639" lon="19.768225"><ele>231.75</ele></trkpt>
   <trkpt lat="50.123684" lon="19.767652"><ele>231.5</ele></trkpt>
   <trkpt lat="50.123739" lon="19.766771"><ele>231.25</ele></trkpt>
   <trkpt lat="50.123772" lon="19.765981"><ele>231.75</ele></trkpt>
   <trkpt lat="50.123792" lon="19.765016"><ele>231.5</ele></trkpt>
   <trkpt lat="50.123787" lon="19.763862"><ele>232.5</ele></trkpt>
   <trkpt lat="50.123759" lon="19.762959"><ele>232.5</ele></trkpt>
   <trkpt lat="50.123731" lon="19.762376"><ele>232.25</ele></trkpt>
   <trkpt lat="50.123699" lon="19.761861"><ele>232.25</ele></trkpt>
   <trkpt lat="50.12365" lon="19.761209"><ele>233.5</ele></trkpt>
   <trkpt lat="50.123582" lon="19.760479"><ele>234.75</ele></trkpt>
   <trkpt lat="50.123502" lon="19.759757"><ele>233.5</ele></trkpt>
   <trkpt lat="50.123418" lon="19.759118"><ele>233.25</ele></trkpt>
   <trkpt lat="50.123216" lon="19.757764"><ele>235</ele></trkpt>
   <trkpt lat="50.123001" lon="19.756412"><ele>235.75</ele></trkpt>
   <trkpt lat="50.122913" lon="19.755866"><ele>235.25</ele></trkpt>
   <trkpt lat="50.122757" lon="19.754887"><ele>236.75</ele></trkpt>
   <trkpt lat="50.122326" lon="19.752205"><ele>236.25</ele></trkpt>
   <trkpt lat="50.122326" lon="19.7522"><ele>236.25</ele></trkpt>
   <trkpt lat="50.122277" lon="19.751895"><ele>237.75</ele></trkpt>
   <trkpt lat="50.122241" lon="19.751671"><ele>237.75</ele></trkpt>
   <trkpt lat="50.12208" lon="19.750594"><ele>237.25</ele></trkpt>
   <trkpt lat="50.122017" lon="19.750134"><ele>238</ele></trkpt>
   <trkpt lat="50.121918" lon="19.749302"><ele>237.75</ele></trkpt>
   <trkpt lat="50.121837" lon="19.748501"><ele>236.5</ele></trkpt>
   <trkpt lat="50.121808" lon="19.748157"><ele>236.75</ele></trkpt>
   <trkpt lat="50.121747" lon="19.747278"><ele>236.75</ele></trkpt>
   <trkpt lat="50.121717" lon="19.746721"><ele>237</ele></trkpt>
   <trkpt lat="50.121696" lon="19.746181"><ele>237</ele></trkpt>
   <trkpt lat="50.121681" lon="19.745615"><ele>237</ele></trkpt>
   <trkpt lat="50.121674" lon="19.744257"><ele>237</ele></trkpt>
   <trkpt lat="50.121702" lon="19.741816"><ele>236.5</ele></trkpt>
   <trkpt lat="50.121697" lon="19.741101"><ele>235.75</ele></trkpt>
   <trkpt lat="50.121683" lon="19.740447"><ele>236.25</ele></trkpt>
   <trkpt lat="50.121653" lon="19.739722"><ele>236.75</ele></trkpt>
   <trkpt lat="50.121627" lon="19.739188"><ele>236.5</ele></trkpt>
   <trkpt lat="50.121568" lon="19.738359"><ele>235.5</ele></trkpt>
   <trkpt lat="50.121525" lon="19.737876"><ele>236</ele></trkpt>
   <trkpt lat="50.121495" lon="19.737551"><ele>236</ele></trkpt>
   <trkpt lat="50.121432" lon="19.736982"><ele>236</ele></trkpt>
   <trkpt lat="50.121376" lon="19.73652"><ele>236.25</ele></trkpt>
   <trkpt lat="50.121249" lon="19.735597"><ele>236</ele></trkpt>
   <trkpt lat="50.121168" lon="19.735055"><ele>236.75</ele></trkpt>
   <trkpt lat="50.121018" lon="19.73409"><ele>236.75</ele></trkpt>
   <trkpt lat="50.121003" lon="19.733995"><ele>236.75</ele></trkpt>
   <trkpt lat="50.119096" lon="19.721736"><ele>240.75</ele></trkpt>
   <trkpt lat="50.119075" lon="19.721601"><ele>240.5</ele></trkpt>
   <trkpt lat="50.118945" lon="19.720715"><ele>241.25</ele></trkpt>
   <trkpt lat="50.118883" lon="19.720237"><ele>241.75</ele></trkpt>
   <trkpt lat="50.118823" lon="19.71963"><ele>241.5</ele></trkpt>
   <trkpt lat="50.118779" lon="19.719001"><ele>242.25</ele></trkpt>
   <trkpt lat="50.118764" lon="19.718746"><ele>242.5</ele></trkpt>
   <trkpt lat="50.118748" lon="19.718395"><ele>242.25</ele></trkpt>
   <trkpt lat="50.118738" lon="19.717736"><ele>243</ele></trkpt>
   <trkpt lat="50.118741" lon="19.717282"><ele>243</ele></trkpt>
   <trkpt lat="50.11877" lon="19.71642"><ele>243.5</ele></trkpt>
   <trkpt lat="50.1188" lon="19.715919"><ele>243.25</ele></trkpt>
   <trkpt lat="50.118801" lon="19.715912"><ele>243.25</ele></trkpt>
   <trkpt lat="50.118806" lon="19.715828"><ele>243.25</ele></trkpt>
   <trkpt lat="50.118958" lon="19.713586"><ele>245.5</ele></trkpt>
   <trkpt lat="50.118995" lon="19.713116"><ele>248.75</ele></trkpt>
   <trkpt lat="50.119047" lon="19.712488"><ele>246.25</ele></trkpt>
   <trkpt lat="50.11907" lon="19.712277"><ele>245.75</ele></trkpt>
   <trkpt lat="50.119155" lon="19.711533"><ele>245</ele></trkpt>
   <trkpt lat="50.119244" lon="19.710857"><ele>246</ele></trkpt>
   <trkpt lat="50.119332" lon="19.710258"><ele>247.25</ele></trkpt>
   <trkpt lat="50.119459" lon="19.709489"><ele>246</ele></trkpt>
   <trkpt lat="50.11961" lon="19.708683"><ele>247</ele></trkpt>
   <trkpt lat="50.119721" lon="19.708153"><ele>246.25</ele></trkpt>
   <trkpt lat="50.119811" lon="19.707741"><ele>247.5</ele></trkpt>
   <trkpt lat="50.120026" lon="19.70682"><ele>246.5</ele></trkpt>
   <trkpt lat="50.120264" lon="19.705904"><ele>245.75</ele></trkpt>
   <trkpt lat="50.120513" lon="19.705061"><ele>245.75</ele></trkpt>
   <trkpt lat="50.120816" lon="19.704141"><ele>246.5</ele></trkpt>
   <trkpt lat="50.121045" lon="19.703513"><ele>245.75</ele></trkpt>
   <trkpt lat="50.121361" lon="19.702688"><ele>246.5</ele></trkpt>
   <trkpt lat="50.121653" lon="19.701976"><ele>246.75</ele></trkpt>
   <trkpt lat="50.121936" lon="19.70132"><ele>247</ele></trkpt>
   <trkpt lat="50.122598" lon="19.699797"><ele>246.25</ele></trkpt>
   <trkpt lat="50.123133" lon="19.698572"><ele>245.75</ele></trkpt>
   <trkpt lat="50.123851" lon="19.696918"><ele>247.5</ele></trkpt>
   <trkpt lat="50.124974" lon="19.694327"><ele>248.25</ele></trkpt>
   <trkpt lat="50.125178" lon="19.693858"><ele>248</ele></trkpt>
   <trkpt lat="50.125683" lon="19.692693"><ele>246.25</ele></trkpt>
   <trkpt lat="50.126186" lon="19.69153"><ele>246.25</ele></trkpt>
   <trkpt lat="50.126408" lon="19.691002"><ele>247</ele></trkpt>
   <trkpt lat="50.126666" lon="19.690341"><ele>246.75</ele></trkpt>
   <trkpt lat="50.126964" lon="19.68951"><ele>247</ele></trkpt>
   <trkpt lat="50.127101" lon="19.689102"><ele>245.5</ele></trkpt>
   <trkpt lat="50.127206" lon="19.688786"><ele>246.75</ele></trkpt>
   <trkpt lat="50.12743" lon="19.68806"><ele>246.25</ele></trkpt>
   <trkpt lat="50.127602" lon="19.687458"><ele>245.75</ele></trkpt>
   <trkpt lat="50.127837" lon="19.686557"><ele>245.75</ele></trkpt>
   <trkpt lat="50.128054" lon="19.685622"><ele>246.75</ele></trkpt>
   <trkpt lat="50.128237" lon="19.68474"><ele>246.25</ele></trkpt>
   <trkpt lat="50.128393" lon="19.68389"><ele>246</ele></trkpt>
   <trkpt lat="50.128511" lon="19.683162"><ele>245</ele></trkpt>
   <trkpt lat="50.128633" lon="19.682306"><ele>246</ele></trkpt>
   <trkpt lat="50.128684" lon="19.681898"><ele>245.5</ele></trkpt>
   <trkpt lat="50.128747" lon="19.681318"><ele>245</ele></trkpt>
   <trkpt lat="50.129548" lon="19.673357"><ele>247</ele></trkpt>
   <trkpt lat="50.129602" lon="19.67282"><ele>247</ele></trkpt>
   <trkpt lat="50.129636" lon="19.672479"><ele>247</ele></trkpt>
   <trkpt lat="50.129638" lon="19.672455"><ele>247</ele></trkpt>
   <trkpt lat="50.130281" lon="19.666005"><ele>249.75</ele></trkpt>
   <trkpt lat="50.13053" lon="19.663506"><ele>250.75</ele></trkpt>
   <trkpt lat="50.130605" lon="19.662642"><ele>250.75</ele></trkpt>
   <trkpt lat="50.130639" lon="19.662176"><ele>250.5</ele></trkpt>
   <trkpt lat="50.1307" lon="19.661178"><ele>250.75</ele></trkpt>
   <trkpt lat="50.130735" lon="19.660293"><ele>252.25</ele></trkpt>
   <trkpt lat="50.130752" lon="19.659537"><ele>251.75</ele></trkpt>
   <trkpt lat="50.130757" lon="19.658697"><ele>251.5</ele></trkpt>
   <trkpt lat="50.130755" lon="19.65842"><ele>251.5</ele></trkpt>
   <trkpt lat="50.130746" lon="19.657771"><ele>252.25</ele></trkpt>
   <trkpt lat="50.130716" lon="19.656479"><ele>252.5</ele></trkpt>
   <trkpt lat="50.130702" lon="19.655896"><ele>252.5</ele></trkpt>
   <trkpt lat="50.130669" lon="19.654619"><ele>253.75</ele></trkpt>
   <trkpt lat="50.130665" lon="19.65448"><ele>253.75</ele></trkpt>
   <trkpt lat="50.130612" lon="19.653084"><ele>253.5</ele></trkpt>
   <trkpt lat="50.13061" lon="19.65306"><ele>253.5</ele></trkpt>
   <trkpt lat="50.130557" lon="19.651845"><ele>254.75</ele></trkpt>
   <trkpt lat="50.13055" lon="19.651689"><ele>254.75</ele></trkpt>
   <trkpt lat="50.130505" lon="19.650669"><ele>255</ele></trkpt>
   <trkpt lat="50.130494" lon="19.650425"><ele>255</ele></trkpt>
   <trkpt lat="50.130488" lon="19.650294"><ele>255</ele></trkpt>
   <trkpt lat="50.130443" lon="19.649245"><ele>256</ele></trkpt>
   <trkpt lat="50.130429" lon="19.648899"><ele>256.5</ele></trkpt>
   <trkpt lat="50.13041" lon="19.648099"><ele>257.25</ele></trkpt>
   <trkpt lat="50.130408" lon="19.647501"><ele>257.25</ele></trkpt>
   <trkpt lat="50.130411" lon="19.646863"><ele>257.5</ele></trkpt>
   <trkpt lat="50.130411" lon="19.646776"><ele>257.75</ele></trkpt>
   <trkpt lat="50.130418" lon="19.646463"><ele>258</ele></trkpt>
   <trkpt lat="50.130451" lon="19.646046"><ele>258</ele></trkpt>
   <trkpt lat="50.130458" lon="19.645748"><ele>257.5</ele></trkpt>
   <trkpt lat="50.13046" lon="19.645505"><ele>257.5</ele></trkpt>
   <trkpt lat="50.13047" lon="19.644237"><ele>257</ele></trkpt>
   <trkpt lat="50.130501" lon="19.643312"><ele>257</ele></trkpt>
   <trkpt lat="50.130664" lon="19.639888"><ele>257.25</ele></trkpt>
   <trkpt lat="50.130677" lon="19.639616"><ele>257.25</ele></trkpt>
   <trkpt lat="50.13071" lon="19.638935"><ele>257.75</ele></trkpt>
   <trkpt lat="50.130743" lon="19.638237"><ele>258</ele></trkpt>
   <trkpt lat="50.130776" lon="19.637537"><ele>258</ele></trkpt>
   <trkpt lat="50.130793" lon="19.637187"><ele>258</ele></trkpt>
   <trkpt lat="50.13081" lon="19.636837"><ele>258</ele></trkpt>
   <trkpt lat="50.130843" lon="19.636138"><ele>257.75</ele></trkpt>
   <trkpt lat="50.130877" lon="19.635438"><ele>258.5</ele></trkpt>
   <trkpt lat="50.13091" lon="19.634741"><ele>258.5</ele></trkpt>
   <trkpt lat="50.130955" lon="19.633717"><ele>258</ele></trkpt>
   <trkpt lat="50.131029" lon="19.631488"><ele>258.75</ele></trkpt>
   <trkpt lat="50.131037" lon="19.631243"><ele>259</ele></trkpt>
   <trkpt lat="50.131034" lon="19.630797"><ele>258.75</ele></trkpt>
   <trkpt lat="50.131023" lon="19.630364"><ele>258.75</ele></trkpt>
   <trkpt lat="50.131026" lon="19.630214"><ele>258.75</ele></trkpt>
   <trkpt lat="50.131047" lon="19.62954"><ele>258.75</ele></trkpt>
   <trkpt lat="50.131053" lon="19.629356"><ele>258.75</ele></trkpt>
   <trkpt lat="50.131055" lon="19.629296"><ele>258.75</ele></trkpt>
   <trkpt lat="50.131062" lon="19.629131"><ele>259</ele></trkpt>
   <trkpt lat="50.131111" lon="19.628586"><ele>259</ele></trkpt>
   <trkpt lat="50.131129" lon="19.628273"><ele>258.75</ele></trkpt>
   <trkpt lat="50.131132" lon="19.628184"><ele>258.5</ele></trkpt>
   <trkpt lat="50.131139" lon="19.627956"><ele>258.75</ele></trkpt>
   <trkpt lat="50.131144" lon="19.627822"><ele>259.5</ele></trkpt>
   <trkpt lat="50.131169" lon="19.626665"><ele>260</ele></trkpt>
   <trkpt lat="50.131166" lon="19.626043"><ele>260</ele></trkpt>
   <trkpt lat="50.131157" lon="19.625655"><ele>260</ele></trkpt>
   <trkpt lat="50.131131" lon="19.625016"><ele>260</ele></trkpt>
   <trkpt lat="50.131108" lon="19.624604"><ele>259.75</ele></trkpt>
   <trkpt lat="50.131071" lon="19.624113"><ele>259.75</ele></trkpt>
   <trkpt lat="50.131044" lon="19.623793"><ele>259.75</ele></trkpt>
   <trkpt lat="50.13098" lon="19.623184"><ele>260</ele></trkpt>
   <trkpt lat="50.130912" lon="19.622635"><ele>260</ele></trkpt>
   <trkpt lat="50.130839" lon="19.622125"><ele>260.75</ele></trkpt>
   <trkpt lat="50.130783" lon="19.621773"><ele>260.25</ele></trkpt>
   <trkpt lat="50.130675" lon="19.62117"><ele>259.75</ele></trkpt>
   <trkpt lat="50.130593" lon="19.620752"><ele>260.75</ele></trkpt>
   <trkpt lat="50.13045" lon="19.620078"><ele>259.75</ele></trkpt>
   <trkpt lat="50.13042" lon="19.619937"><ele>259.5</ele></trkpt>
   <trkpt lat="50.12943" lon="19.615349"><ele>262.5</ele></trkpt>
   <trkpt lat="50.129007" lon="19.613362"><ele>262</ele></trkpt>
   <trkpt lat="50.128901" lon="19.612818"><ele>263.75</ele></trkpt>
   <trkpt lat="50.128754" lon="19.611983"><ele>263.75</ele></trkpt>
   <trkpt lat="50.128623" lon="19.611132"><ele>265</ele></trkpt>
   <trkpt lat="50.128538" lon="19.610498"><ele>263.5</ele></trkpt>
   <trkpt lat="50.128439" lon="19.609645"><ele>265.75</ele></trkpt>
   <trkpt lat="50.128399" lon="19.609237"><ele>266.5</ele></trkpt>
   <trkpt lat="50.128342" lon="19.608574"><ele>266.25</ele></trkpt>
   <trkpt lat="50.128297" lon="19.607931"><ele>267</ele></trkpt>
   <trkpt lat="50.128262" lon="19.607296"><ele>266.75</ele></trkpt>
   <trkpt lat="50.128234" lon="19.606552"><ele>266.75</ele></trkpt>
   <trkpt lat="50.128219" lon="19.605772"><ele>265.75</ele></trkpt>
   <trkpt lat="50.128218" lon="19.605129"><ele>266.75</ele></trkpt>
   <trkpt lat="50.128226" lon="19.6045"><ele>265.75</ele></trkpt>
   <trkpt lat="50.128253" lon="19.603663"><ele>266.5</ele></trkpt>
   <trkpt lat="50.128297" lon="19.602801"><ele>268.25</ele></trkpt>
   <trkpt lat="50.12833" lon="19.60233"><ele>268.75</ele></trkpt>
   <trkpt lat="50.128408" lon="19.601375"><ele>269</ele></trkpt>
   <trkpt lat="50.128562" lon="19.59967"><ele>269.25</ele></trkpt>
   <trkpt lat="50.12875" lon="19.597589"><ele>269</ele></trkpt>
   <trkpt lat="50.128811" lon="19.596911"><ele>269</ele></trkpt>
   <trkpt lat="50.129125" lon="19.593431"><ele>273</ele></trkpt>
   <trkpt lat="50.129924" lon="19.584578"><ele>279</ele></trkpt>
   <trkpt lat="50.129967" lon="19.584103"><ele>278.75</ele></trkpt>
   <trkpt lat="50.130091" lon="19.582731"><ele>279.5</ele></trkpt>
   <trkpt lat="50.13022" lon="19.581344"><ele>280.75</ele></trkpt>
   <trkpt lat="50.130304" lon="19.58058"><ele>281</ele></trkpt>
   <trkpt lat="50.130381" lon="19.57998"><ele>281.25</ele></trkpt>
   <trkpt lat="50.130472" lon="19.579342"><ele>281.5</ele></trkpt>
   <trkpt lat="50.130571" lon="19.578724"><ele>281</ele></trkpt>
   <trkpt lat="50.130579" lon="19.578677"><ele>281</ele></trkpt>
   <trkpt lat="50.130587" lon="19.578628"><ele>281</ele></trkpt>
   <trkpt lat="50.130621" lon="19.578429"><ele>281.25</ele></trkpt>
   <trkpt lat="50.130746" lon="19.577757"><ele>282.25</ele></trkpt>
   <trkpt lat="50.130881" lon="19.577091"><ele>282</ele></trkpt>
   <trkpt lat="50.130945" lon="19.576798"><ele>282.25</ele></trkpt>
   <trkpt lat="50.131028" lon="19.57643"><ele>282</ele></trkpt>
   <trkpt lat="50.131187" lon="19.57577"><ele>282</ele></trkpt>
   <trkpt lat="50.131241" lon="19.57556"><ele>282</ele></trkpt>
   <trkpt lat="50.131246" lon="19.575538"><ele>281.75</ele></trkpt>
   <trkpt lat="50.131412" lon="19.574919"><ele>281.75</ele></trkpt>
   <trkpt lat="50.131588" lon="19.574305"><ele>281</ele></trkpt>
   <trkpt lat="50.131773" lon="19.573701"><ele>281.5</ele></trkpt>
   <trkpt lat="50.131967" lon="19.573107"><ele>281.5</ele></trkpt>
   <trkpt lat="50.132227" lon="19.572362"><ele>281.25</ele></trkpt>
   <trkpt lat="50.132554" lon="19.5715"><ele>282.75</ele></trkpt>
   <trkpt lat="50.132774" lon="19.570959"><ele>282.5</ele></trkpt>
   <trkpt lat="50.132981" lon="19.570472"><ele>282.5</ele></trkpt>
   <trkpt lat="50.133712" lon="19.568805"><ele>283.75</ele></trkpt>
   <trkpt lat="50.134636" lon="19.566704"><ele>283.25</ele></trkpt>
   <trkpt lat="50.134675" lon="19.566615"><ele>283.5</ele></trkpt>
   <trkpt lat="50.134911" lon="19.566079"><ele>284</ele></trkpt>
   <trkpt lat="50.135274" lon="19.565253"><ele>284.75</ele></trkpt>
   <trkpt lat="50.135813" lon="19.564026"><ele>285.25</ele></trkpt>
   <trkpt lat="50.136285" lon="19.562953"><ele>286</ele></trkpt>
   <trkpt lat="50.136838" lon="19.561693"><ele>286.5</ele></trkpt>
   <trkpt lat="50.137223" lon="19.560785"><ele>285.75</ele></trkpt>
   <trkpt lat="50.137489" lon="19.560109"><ele>286.75</ele></trkpt>
   <trkpt lat="50.137694" lon="19.559558"><ele>287.75</ele></trkpt>
   <trkpt lat="50.137828" lon="19.559179"><ele>288.25</ele></trkpt>
   <trkpt lat="50.138087" lon="19.558404"><ele>288.25</ele></trkpt>
   <trkpt lat="50.138337" lon="19.557588"><ele>288</ele></trkpt>
   <trkpt lat="50.138557" lon="19.556805"><ele>288</ele></trkpt>
   <trkpt lat="50.138772" lon="19.55597"><ele>286.75</ele></trkpt>
   <trkpt lat="50.138959" lon="19.555163"><ele>287.25</ele></trkpt>
   <trkpt lat="50.139003" lon="19.55496"><ele>286.75</ele></trkpt>
   <trkpt lat="50.139095" lon="19.554522"><ele>287.25</ele></trkpt>
   <trkpt lat="50.139223" lon="19.553859"><ele>289</ele></trkpt>
   <trkpt lat="50.139429" lon="19.552663"><ele>289.75</ele></trkpt>
   <trkpt lat="50.139871" lon="19.549942"><ele>292.5</ele></trkpt>
   <trkpt lat="50.140004" lon="19.549103"><ele>292</ele></trkpt>
   <trkpt lat="50.14012" lon="19.548309"><ele>290.75</ele></trkpt>
   <trkpt lat="50.140176" lon="19.547878"><ele>290.25</ele></trkpt>
   <trkpt lat="50.14025" lon="19.547235"><ele>291.5</ele></trkpt>
   <trkpt lat="50.14034" lon="19.546306"><ele>291.25</ele></trkpt>
   <trkpt lat="50.140356" lon="19.546114"><ele>290.5</ele></trkpt>
   <trkpt lat="50.140398" lon="19.545554"><ele>290.5</ele></trkpt>
   <trkpt lat="50.140434" lon="19.544945"><ele>290</ele></trkpt>
   <trkpt lat="50.140461" lon="19.544313"><ele>290.5</ele></trkpt>
   <trkpt lat="50.140479" lon="19.543693"><ele>290.5</ele></trkpt>
   <trkpt lat="50.140491" lon="19.542663"><ele>292.25</ele></trkpt>
   <trkpt lat="50.140491" lon="19.53989"><ele>293</ele></trkpt>
   <trkpt lat="50.140491" lon="19.53945"><ele>292.75</ele></trkpt>
   <trkpt lat="50.140491" lon="19.53922"><ele>293.5</ele></trkpt>
   <trkpt lat="50.14049" lon="19.536283"><ele>295.75</ele></trkpt>
   <trkpt lat="50.14049" lon="19.535808"><ele>296</ele></trkpt>
   <trkpt lat="50.140489" lon="19.531859"><ele>301</ele></trkpt>
   <trkpt lat="50.140489" lon="19.531263"><ele>301.75</ele></trkpt>
   <trkpt lat="50.140489" lon="19.523652"><ele>303</ele></trkpt>
   <trkpt lat="50.140489" lon="19.522951"><ele>303</ele></trkpt>
   <trkpt lat="50.140489" lon="19.522252"><ele>303.75</ele></trkpt>
   <trkpt lat="50.140489" lon="19.521903"><ele>303.75</ele></trkpt>
   <trkpt lat="50.140488" lon="19.521554"><ele>303.75</ele></trkpt>
   <trkpt lat="50.140488" lon="19.520853"><ele>303.5</ele></trkpt>
   <trkpt lat="50.140493" lon="19.519892"><ele>303.5</ele></trkpt>
   <trkpt lat="50.140502" lon="19.519358"><ele>303.5</ele></trkpt>
   <trkpt lat="50.14052" lon="19.518748"><ele>302.75</ele></trkpt>
   <trkpt lat="50.140571" lon="19.517683"><ele>302.75</ele></trkpt>
   <trkpt lat="50.14064" lon="19.516722"><ele>302.25</ele></trkpt>
   <trkpt lat="50.140708" lon="19.515976"><ele>301.75</ele></trkpt>
   <trkpt lat="50.140774" lon="19.515356"><ele>301.75</ele></trkpt>
   <trkpt lat="50.140881" lon="19.514485"><ele>302.5</ele></trkpt>
   <trkpt lat="50.140951" lon="19.513992"><ele>301.75</ele></trkpt>
   <trkpt lat="50.141" lon="19.51366"><ele>301</ele></trkpt>
   <trkpt lat="50.141137" lon="19.512829"><ele>302.5</ele></trkpt>
   <trkpt lat="50.14117" lon="19.512642"><ele>302.75</ele></trkpt>
   <trkpt lat="50.141309" lon="19.511904"><ele>302.25</ele></trkpt>
   <trkpt lat="50.141432" lon="19.511303"><ele>303</ele></trkpt>
   <trkpt lat="50.141571" lon="19.510677"><ele>302.25</ele></trkpt>
   <trkpt lat="50.141691" lon="19.510171"><ele>302.75</ele></trkpt>
   <trkpt lat="50.141909" lon="19.509312"><ele>302.5</ele></trkpt>
   <trkpt lat="50.142187" lon="19.508294"><ele>302.5</ele></trkpt>
   <trkpt lat="50.142379" lon="19.5076"><ele>301.75</ele></trkpt>
   <trkpt lat="50.14295" lon="19.505534"><ele>302.5</ele></trkpt>
   <trkpt lat="50.144428" lon="19.500185"><ele>304.25</ele></trkpt>
   <trkpt lat="50.144637" lon="19.499412"><ele>304.25</ele></trkpt>
   <trkpt lat="50.14478" lon="19.498848"><ele>304.75</ele></trkpt>
   <trkpt lat="50.144924" lon="19.498243"><ele>304.5</ele></trkpt>
   <trkpt lat="50.145096" lon="19.497452"><ele>304.25</ele></trkpt>
   <trkpt lat="50.145287" lon="19.496493"><ele>304.75</ele></trkpt>
   <trkpt lat="50.146735" lon="19.489041"><ele>302.25</ele></trkpt>
   <trkpt lat="50.146824" lon="19.488585"><ele>302.5</ele></trkpt>
   <trkpt lat="50.147631" lon="19.484431"><ele>300</ele></trkpt>
   <trkpt lat="50.147653" lon="19.484315"><ele>300</ele></trkpt>
   <trkpt lat="50.148677" lon="19.479052"><ele>299</ele></trkpt>
   <trkpt lat="50.149147" lon="19.476642"><ele>298.75</ele></trkpt>
   <trkpt lat="50.149633" lon="19.474153"><ele>296.25</ele></trkpt>
   <trkpt lat="50.149954" lon="19.47251"><ele>297.5</ele></trkpt>
   <trkpt lat="50.150112" lon="19.471702"><ele>297.25</ele></trkpt>
   <trkpt lat="50.150152" lon="19.471497"><ele>297.5</ele></trkpt>
   <trkpt lat="50.150543" lon="19.469489"><ele>298</ele></trkpt>
   <trkpt lat="50.150674" lon="19.468819"><ele>298.5</ele></trkpt>
   <trkpt lat="50.150827" lon="19.468034"><ele>298</ele></trkpt>
   <trkpt lat="50.151116" lon="19.466555"><ele>297.5</ele></trkpt>
   <trkpt lat="50.151117" lon="19.466547"><ele>297.5</ele></trkpt>
   <trkpt lat="50.151162" lon="19.466315"><ele>297.25</ele></trkpt>
   <trkpt lat="50.151196" lon="19.466142"><ele>297.5</ele></trkpt>
   <trkpt lat="50.151266" lon="19.465782"><ele>298</ele></trkpt>
   <trkpt lat="50.151481" lon="19.46467"><ele>297</ele></trkpt>
   <trkpt lat="50.151533" lon="19.464407"><ele>296.75</ele></trkpt>
   <trkpt lat="50.151715" lon="19.463464"><ele>296</ele></trkpt>
   <trkpt lat="50.15178" lon="19.463132"><ele>296</ele></trkpt>
   <trkpt lat="50.151939" lon="19.462309"><ele>295.75</ele></trkpt>
   <trkpt lat="50.15198" lon="19.462102"><ele>296</ele></trkpt>
   <trkpt lat="50.152235" lon="19.460784"><ele>295</ele></trkpt>
   <trkpt lat="50.152421" lon="19.459828"><ele>295</ele></trkpt>
   <trkpt lat="50.152607" lon="19.458874"><ele>294.25</ele></trkpt>
   <trkpt lat="50.152766" lon="19.458111"><ele>294</ele></trkpt>
   <trkpt lat="50.152962" lon="19.45724"><ele>294</ele></trkpt>
   <trkpt lat="50.153107" lon="19.456645"><ele>293.75</ele></trkpt>
   <trkpt lat="50.153223" lon="19.456189"><ele>293.5</ele></trkpt>
   <trkpt lat="50.15329" lon="19.455936"><ele>293.25</ele></trkpt>
   <trkpt lat="50.153406" lon="19.455508"><ele>293.5</ele></trkpt>
   <trkpt lat="50.153444" lon="19.455371"><ele>293</ele></trkpt>
   <trkpt lat="50.153591" lon="19.454858"><ele>293</ele></trkpt>
   <trkpt lat="50.15378" lon="19.454231"><ele>293</ele></trkpt>
   <trkpt lat="50.153877" lon="19.453922"><ele>293</ele></trkpt>
   <trkpt lat="50.153978" lon="19.453607"><ele>293</ele></trkpt>
   <trkpt lat="50.15418" lon="19.453003"><ele>293</ele></trkpt>
   <trkpt lat="50.154185" lon="19.452987"><ele>293</ele></trkpt>
   <trkpt lat="50.154191" lon="19.452971"><ele>293</ele></trkpt>
   <trkpt lat="50.154439" lon="19.452252"><ele>293</ele></trkpt>
   <trkpt lat="50.154693" lon="19.451521"><ele>292.25</ele></trkpt>
   <trkpt lat="50.154888" lon="19.450963"><ele>292.25</ele></trkpt>
   <trkpt lat="50.154904" lon="19.450915"><ele>292.25</ele></trkpt>
   <trkpt lat="50.154977" lon="19.450704"><ele>292.25</ele></trkpt>
   <trkpt lat="50.155031" lon="19.450549"><ele>291.75</ele></trkpt>
   <trkpt lat="50.155475" lon="19.449251"><ele>291.75</ele></trkpt>
   <trkpt lat="50.155869" lon="19.448065"><ele>290.5</ele></trkpt>
   <trkpt lat="50.155961" lon="19.447785"><ele>289.5</ele></trkpt>
   <trkpt lat="50.156292" lon="19.446778"><ele>290</ele></trkpt>
   <trkpt lat="50.156538" lon="19.446036"><ele>290</ele></trkpt>
   <trkpt lat="50.156675" lon="19.445619"><ele>291</ele></trkpt>
   <trkpt lat="50.157089" lon="19.444364"><ele>290</ele></trkpt>
   <trkpt lat="50.157149" lon="19.444179"><ele>290</ele></trkpt>
   <trkpt lat="50.157378" lon="19.44335"><ele>290</ele></trkpt>
   <trkpt lat="50.157435" lon="19.443176"><ele>290</ele></trkpt>
   <trkpt lat="50.157474" lon="19.443057"><ele>290</ele></trkpt>
   <trkpt lat="50.157575" lon="19.442728"><ele>290</ele></trkpt>
   <trkpt lat="50.157737" lon="19.442129"><ele>289.75</ele></trkpt>
   <trkpt lat="50.157823" lon="19.441848"><ele>289.75</ele></trkpt>
   <trkpt lat="50.157847" lon="19.441776"><ele>290</ele></trkpt>
   <trkpt lat="50.15798" lon="19.441362"><ele>289.75</ele></trkpt>
   <trkpt lat="50.158002" lon="19.44129"><ele>289.75</ele></trkpt>
   <trkpt lat="50.158198" lon="19.440671"><ele>290</ele></trkpt>
   <trkpt lat="50.158413" lon="19.439988"><ele>290</ele></trkpt>
   <trkpt lat="50.158606" lon="19.439403"><ele>290</ele></trkpt>
   <trkpt lat="50.161384" lon="19.430953"><ele>291</ele></trkpt>
   <trkpt lat="50.161712" lon="19.429953"><ele>291</ele></trkpt>
   <trkpt lat="50.161791" lon="19.429668"><ele>291.75</ele></trkpt>
   <trkpt lat="50.161854" lon="19.429411"><ele>292</ele></trkpt>
   <trkpt lat="50.161945" lon="19.429102"><ele>292</ele></trkpt>
   <trkpt lat="50.162149" lon="19.428498"><ele>292.5</ele></trkpt>
   <trkpt lat="50.162366" lon="19.427949"><ele>292.25</ele></trkpt>
   <trkpt lat="50.16243" lon="19.427788"><ele>292.5</ele></trkpt>
   <trkpt lat="50.162477" lon="19.427674"><ele>292.75</ele></trkpt>
   <trkpt lat="50.162678" lon="19.427143"><ele>292.5</ele></trkpt>
   <trkpt lat="50.162828" lon="19.426702"><ele>292.5</ele></trkpt>
   <trkpt lat="50.162996" lon="19.426145"><ele>292.25</ele></trkpt>
   <trkpt lat="50.163126" lon="19.425648"><ele>292.5</ele></trkpt>
   <trkpt lat="50.163186" lon="19.425396"><ele>292</ele></trkpt>
   <trkpt lat="50.163449" lon="19.424309"><ele>292.25</ele></trkpt>
   <trkpt lat="50.163572" lon="19.423746"><ele>293</ele></trkpt>
   <trkpt lat="50.163625" lon="19.423463"><ele>294.25</ele></trkpt>
   <trkpt lat="50.16364" lon="19.423379"><ele>294.5</ele></trkpt>
   <trkpt lat="50.163718" lon="19.422919"><ele>293</ele></trkpt>
   <trkpt lat="50.163739" lon="19.422789"><ele>293</ele></trkpt>
   <trkpt lat="50.163886" lon="19.421832"><ele>294.75</ele></trkpt>
   <trkpt lat="50.163891" lon="19.421801"><ele>294.75</ele></trkpt>
   <trkpt lat="50.16411" lon="19.420329"><ele>294.25</ele></trkpt>
   <trkpt lat="50.16413" lon="19.420194"><ele>294.75</ele></trkpt>
   <trkpt lat="50.164427" lon="19.41822"><ele>296</ele></trkpt>
   <trkpt lat="50.164449" lon="19.418078"><ele>296.75</ele></trkpt>
   <trkpt lat="50.164574" lon="19.417351"><ele>294</ele></trkpt>
   <trkpt lat="50.164719" lon="19.416578"><ele>298.5</ele></trkpt>
   <trkpt lat="50.1649" lon="19.415732"><ele>296</ele></trkpt>
   <trkpt lat="50.165074" lon="19.41499"><ele>298.25</ele></trkpt>
   <trkpt lat="50.165168" lon="19.414618"><ele>298</ele></trkpt>
   <trkpt lat="50.165371" lon="19.413868"><ele>300.5</ele></trkpt>
   <trkpt lat="50.165579" lon="19.413159"><ele>301</ele></trkpt>
   <trkpt lat="50.165711" lon="19.412733"><ele>302.5</ele></trkpt>
   <trkpt lat="50.165974" lon="19.411942"><ele>302.5</ele></trkpt>
   <trkpt lat="50.166254" lon="19.411172"><ele>304.25</ele></trkpt>
   <trkpt lat="50.166385" lon="19.41083"><ele>303</ele></trkpt>
   <trkpt lat="50.166687" lon="19.410083"><ele>304.25</ele></trkpt>
   <trkpt lat="50.166842" lon="19.409724"><ele>306.25</ele></trkpt>
   <trkpt lat="50.167006" lon="19.409351"><ele>305.25</ele></trkpt>
   <trkpt lat="50.167335" lon="19.408636"><ele>306.75</ele></trkpt>
   <trkpt lat="50.170477" lon="19.401907"><ele>306.5</ele></trkpt>
   <trkpt lat="50.170542" lon="19.401767"><ele>306.75</ele></trkpt>
   <trkpt lat="50.173614" lon="19.395164"><ele>312</ele></trkpt>
   <trkpt lat="50.174017" lon="19.394299"><ele>313</ele></trkpt>
   <trkpt lat="50.176896" lon="19.388035"><ele>318.25</ele></trkpt>
   <trkpt lat="50.178388" lon="19.384812"><ele>318.5</ele></trkpt>
   <trkpt lat="50.178627" lon="19.384302"><ele>318</ele></trkpt>
   <trkpt lat="50.178894" lon="19.383764"><ele>318</ele></trkpt>
   <trkpt lat="50.179042" lon="19.383471"><ele>318.75</ele></trkpt>
   <trkpt lat="50.179399" lon="19.3828"><ele>318.25</ele></trkpt>
   <trkpt lat="50.179938" lon="19.381861"><ele>318</ele></trkpt>
   <trkpt lat="50.183876" lon="19.375345"><ele>313.5</ele></trkpt>
   <trkpt lat="50.184696" lon="19.373987"><ele>312.75</ele></trkpt>
   <trkpt lat="50.191201" lon="19.363225"><ele>300.25</ele></trkpt>
   <trkpt lat="50.191266" lon="19.363118"><ele>300</ele></trkpt>
   <trkpt lat="50.197407" lon="19.352947"><ele>296.25</ele></trkpt>
   <trkpt lat="50.200125" lon="19.348447"><ele>290.5</ele></trkpt>
   <trkpt lat="50.200165" lon="19.34838"><ele>290.75</ele></trkpt>
   <trkpt lat="50.200865" lon="19.347224"><ele>290.75</ele></trkpt>
   <trkpt lat="50.201215" lon="19.346673"><ele>289.5</ele></trkpt>
   <trkpt lat="50.201565" lon="19.346143"><ele>289.5</ele></trkpt>
   <trkpt lat="50.201913" lon="19.34565"><ele>290</ele></trkpt>
   <trkpt lat="50.202303" lon="19.345121"><ele>289.25</ele></trkpt>
   <trkpt lat="50.202743" lon="19.344562"><ele>289.5</ele></trkpt>
   <trkpt lat="50.203184" lon="19.344037"><ele>289.25</ele></trkpt>
   <trkpt lat="50.20344" lon="19.343747"><ele>289</ele></trkpt>
   <trkpt lat="50.203885" lon="19.343267"><ele>289.5</ele></trkpt>
   <trkpt lat="50.20415" lon="19.343002"><ele>288.75</ele></trkpt>
   <trkpt lat="50.204583" lon="19.342591"><ele>289</ele></trkpt>
   <trkpt lat="50.205063" lon="19.342167"><ele>288.5</ele></trkpt>
   <trkpt lat="50.205295" lon="19.341974"><ele>288.75</ele></trkpt>
   <trkpt lat="50.205797" lon="19.341587"><ele>287.25</ele></trkpt>
   <trkpt lat="50.20588" lon="19.341526"><ele>287.5</ele></trkpt>
   <trkpt lat="50.206446" lon="19.341122"><ele>288.5</ele></trkpt>
   <trkpt lat="50.207836" lon="19.340162"><ele>288</ele></trkpt>
   <trkpt lat="50.208104" lon="19.33998"><ele>288</ele></trkpt>
   <trkpt lat="50.208626" lon="19.339645"><ele>288</ele></trkpt>
   <trkpt lat="50.209123" lon="19.339338"><ele>287.75</ele></trkpt>
   <trkpt lat="50.21193" lon="19.337729"><ele>286.75</ele></trkpt>
   <trkpt lat="50.212421" lon="19.337449"><ele>287.5</ele></trkpt>
   <trkpt lat="50.213013" lon="19.337091"><ele>287.25</ele></trkpt>
   <trkpt lat="50.213216" lon="19.336966"><ele>287.5</ele></trkpt>
   <trkpt lat="50.213982" lon="19.336459"><ele>285.75</ele></trkpt>
   <trkpt lat="50.215747" lon="19.335274"><ele>284.75</ele></trkpt>
   <trkpt lat="50.216202" lon="19.334962"><ele>283.5</ele></trkpt>
   <trkpt lat="50.216665" lon="19.33463"><ele>283.25</ele></trkpt>
   <trkpt lat="50.218819" lon="19.333048"><ele>281.25</ele></trkpt>
   <trkpt lat="50.218898" lon="19.332989"><ele>281</ele></trkpt>
   <trkpt lat="50.226359" lon="19.32751"><ele>284</ele></trkpt>
   <trkpt lat="50.227602" lon="19.326596"><ele>284.5</ele></trkpt>
   <trkpt lat="50.228319" lon="19.326069"><ele>283</ele></trkpt>
   <trkpt lat="50.228795" lon="19.325719"><ele>282.5</ele></trkpt>
   <trkpt lat="50.228937" lon="19.325616"><ele>282.75</ele></trkpt>
   <trkpt lat="50.229799" lon="19.324981"><ele>281.75</ele></trkpt>
   <trkpt lat="50.230295" lon="19.324599"><ele>281.75</ele></trkpt>
   <trkpt lat="50.230541" lon="19.3244"><ele>281</ele></trkpt>
   <trkpt lat="50.230981" lon="19.324022"><ele>280.5</ele></trkpt>
   <trkpt lat="50.231209" lon="19.323815"><ele>280.25</ele></trkpt>
   <trkpt lat="50.231655" lon="19.323386"><ele>279.5</ele></trkpt>
   <trkpt lat="50.23194" lon="19.323092"><ele>279.5</ele></trkpt>
   <trkpt lat="50.232299" lon="19.322707"><ele>278</ele></trkpt>
   <trkpt lat="50.232721" lon="19.322225"><ele>277.75</ele></trkpt>
   <trkpt lat="50.232958" lon="19.321941"><ele>277.25</ele></trkpt>
   <trkpt lat="50.233363" lon="19.321425"><ele>277.25</ele></trkpt>
   <trkpt lat="50.233944" lon="19.320639"><ele>276.5</ele></trkpt>
   <trkpt lat="50.235415" lon="19.318591"><ele>274</ele></trkpt>
   <trkpt lat="50.235496" lon="19.318481"><ele>274</ele></trkpt>
   <trkpt lat="50.235848" lon="19.317991"><ele>274.75</ele></trkpt>
   <trkpt lat="50.238798" lon="19.313886"><ele>272</ele></trkpt>
   <trkpt lat="50.239344" lon="19.313159"><ele>271.5</ele></trkpt>
   <trkpt lat="50.239484" lon="19.312978"><ele>271.25</ele></trkpt>
   <trkpt lat="50.239668" lon="19.312739"><ele>270.75</ele></trkpt>
   <trkpt lat="50.240893" lon="19.31117"><ele>270.25</ele></trkpt>
   <trkpt lat="50.241203" lon="19.310767"><ele>270.25</ele></trkpt>
   <trkpt lat="50.241444" lon="19.310451"><ele>270.5</ele></trkpt>
   <trkpt lat="50.24177" lon="19.309999"><ele>270.25</ele></trkpt>
   <trkpt lat="50.241898" lon="19.309804"><ele>269.75</ele></trkpt>
   <trkpt lat="50.242133" lon="19.309438"><ele>272</ele></trkpt>
   <trkpt lat="50.242309" lon="19.309142"><ele>272.25</ele></trkpt>
   <trkpt lat="50.242469" lon="19.308859"><ele>271.25</ele></trkpt>
   <trkpt lat="50.242681" lon="19.308453"><ele>270.25</ele></trkpt>
   <trkpt lat="50.242898" lon="19.308009"><ele>270.25</ele></trkpt>
   <trkpt lat="50.243033" lon="19.307715"><ele>269.75</ele></trkpt>
   <trkpt lat="50.24317" lon="19.307396"><ele>270</ele></trkpt>
   <trkpt lat="50.243416" lon="19.306781"><ele>270</ele></trkpt>
   <trkpt lat="50.243769" lon="19.305867"><ele>270</ele></trkpt>
   <trkpt lat="50.243895" lon="19.305539"><ele>270</ele></trkpt>
   <trkpt lat="50.244119" lon="19.30496"><ele>270</ele></trkpt>
   <trkpt lat="50.244207" lon="19.30471"><ele>270</ele></trkpt>
   <trkpt lat="50.24433" lon="19.304306"><ele>270</ele></trkpt>
   <trkpt lat="50.244412" lon="19.304074"><ele>270</ele></trkpt>
   <trkpt lat="50.244493" lon="19.303864"><ele>270</ele></trkpt>
   <trkpt lat="50.244582" lon="19.303613"><ele>270</ele></trkpt>
   <trkpt lat="50.244817" lon="19.302819"><ele>269.25</ele></trkpt>
   <trkpt lat="50.244866" lon="19.302647"><ele>269.25</ele></trkpt>
   <trkpt lat="50.245224" lon="19.301429"><ele>269</ele></trkpt>
   <trkpt lat="50.245527" lon="19.300405"><ele>269</ele></trkpt>
   <trkpt lat="50.245619" lon="19.300074"><ele>269</ele></trkpt>
   <trkpt lat="50.245719" lon="19.299665"><ele>269.25</ele></trkpt>
   <trkpt lat="50.246629" lon="19.29503"><ele>269</ele></trkpt>
   <trkpt lat="50.247057" lon="19.292842"><ele>269</ele></trkpt>
   <trkpt lat="50.247305" lon="19.291617"><ele>268.5</ele></trkpt>
   <trkpt lat="50.247399" lon="19.29121"><ele>268.25</ele></trkpt>
   <trkpt lat="50.247509" lon="19.290818"><ele>268</ele></trkpt>
   <trkpt lat="50.247574" lon="19.290523"><ele>268</ele></trkpt>
   <trkpt lat="50.247615" lon="19.290305"><ele>268</ele></trkpt>
   <trkpt lat="50.247676" lon="19.290027"><ele>268</ele></trkpt>
   <trkpt lat="50.247746" lon="19.28978"><ele>268</ele></trkpt>
   <trkpt lat="50.247841" lon="19.289371"><ele>268</ele></trkpt>
   <trkpt lat="50.247886" lon="19.289136"><ele>268.25</ele></trkpt>
   <trkpt lat="50.248367" lon="19.286673"><ele>268</ele></trkpt>
   <trkpt lat="50.248412" lon="19.286438"><ele>267.25</ele></trkpt>
   <trkpt lat="50.248461" lon="19.286159"><ele>267.25</ele></trkpt>
   <trkpt lat="50.248516" lon="19.285728"><ele>267</ele></trkpt>
   <trkpt lat="50.248561" lon="19.285464"><ele>266.75</ele></trkpt>
   <trkpt lat="50.24863" lon="19.285094"><ele>266.75</ele></trkpt>
   <trkpt lat="50.249057" lon="19.282921"><ele>266.5</ele></trkpt>
   <trkpt lat="50.249075" lon="19.282831"><ele>266.5</ele></trkpt>
   <trkpt lat="50.249213" lon="19.282107"><ele>266</ele></trkpt>
   <trkpt lat="50.249349" lon="19.28132"><ele>265.5</ele></trkpt>
   <trkpt lat="50.249516" lon="19.280244"><ele>265.75</ele></trkpt>
   <trkpt lat="50.24957" lon="19.279828"><ele>265.5</ele></trkpt>
   <trkpt lat="50.249728" lon="19.278623"><ele>265.75</ele></trkpt>
   <trkpt lat="50.250096" lon="19.275731"><ele>264.75</ele></trkpt>
   <trkpt lat="50.250124" lon="19.275442"><ele>265</ele></trkpt>
   <trkpt lat="50.25013" lon="19.275381"><ele>265.25</ele></trkpt>
   <trkpt lat="50.250138" lon="19.275314"><ele>265.25</ele></trkpt>
   <trkpt lat="50.250231" lon="19.274483"><ele>264.5</ele></trkpt>
   <trkpt lat="50.250304" lon="19.27365"><ele>264.75</ele></trkpt>
   <trkpt lat="50.250359" lon="19.272854"><ele>264.5</ele></trkpt>
   <trkpt lat="50.250396" lon="19.271828"><ele>265.5</ele></trkpt>
   <trkpt lat="50.250416" lon="19.270992"><ele>265.25</ele></trkpt>
   <trkpt lat="50.250416" lon="19.269188"><ele>264.5</ele></trkpt>
   <trkpt lat="50.250398" lon="19.267594"><ele>264.5</ele></trkpt>
   <trkpt lat="50.250407" lon="19.266663"><ele>264.5</ele></trkpt>
   <trkpt lat="50.250428" lon="19.265927"><ele>264</ele></trkpt>
   <trkpt lat="50.250453" lon="19.265387"><ele>263.75</ele></trkpt>
   <trkpt lat="50.250485" lon="19.264852"><ele>263.25</ele></trkpt>
   <trkpt lat="50.250545" lon="19.264055"><ele>263.75</ele></trkpt>
   <trkpt lat="50.250667" lon="19.262838"><ele>262.5</ele></trkpt>
   <trkpt lat="50.250717" lon="19.262419"><ele>262</ele></trkpt>
   <trkpt lat="50.250806" lon="19.261759"><ele>262.75</ele></trkpt>
   <trkpt lat="50.250961" lon="19.260764"><ele>262</ele></trkpt>
   <trkpt lat="50.251102" lon="19.259978"><ele>261.75</ele></trkpt>
   <trkpt lat="50.251261" lon="19.259192"><ele>259</ele></trkpt>
   <trkpt lat="50.251495" lon="19.258124"><ele>258.75</ele></trkpt>
   <trkpt lat="50.25277" lon="19.252445"><ele>259.5</ele></trkpt>
   <trkpt lat="50.25287" lon="19.251999"><ele>258.5</ele></trkpt>
   <trkpt lat="50.253454" lon="19.249392"><ele>258.75</ele></trkpt>
   <trkpt lat="50.255515" lon="19.240191"><ele>262.25</ele></trkpt>
   <trkpt lat="50.255608" lon="19.239674"><ele>262.25</ele></trkpt>
   <trkpt lat="50.255686" lon="19.239195"><ele>262</ele></trkpt>
   <trkpt lat="50.255773" lon="19.238615"><ele>262.5</ele></trkpt>
   <trkpt lat="50.255834" lon="19.238096"><ele>262.75</ele></trkpt>
   <trkpt lat="50.255907" lon="19.237277"><ele>262</ele></trkpt>
   <trkpt lat="50.25595" lon="19.23648"><ele>261</ele></trkpt>
   <trkpt lat="50.255965" lon="19.235842"><ele>261</ele></trkpt>
   <trkpt lat="50.255962" lon="19.235071"><ele>260.5</ele></trkpt>
   <trkpt lat="50.255924" lon="19.234272"><ele>260.5</ele></trkpt>
   <trkpt lat="50.255867" lon="19.233485"><ele>260.75</ele></trkpt>
   <trkpt lat="50.255796" lon="19.232727"><ele>259.75</ele></trkpt>
   <trkpt lat="50.255687" lon="19.231949"><ele>258.25</ele></trkpt>
   <trkpt lat="50.255537" lon="19.231066"><ele>259.75</ele></trkpt>
   <trkpt lat="50.255408" lon="19.230438"><ele>258.25</ele></trkpt>
   <trkpt lat="50.255223" lon="19.22965"><ele>258.5</ele></trkpt>
   <trkpt lat="50.255023" lon="19.22894"><ele>258.25</ele></trkpt>
   <trkpt lat="50.25481" lon="19.228278"><ele>257</ele></trkpt>
   <trkpt lat="50.25458" lon="19.227653"><ele>257.5</ele></trkpt>
   <trkpt lat="50.254333" lon="19.227041"><ele>257</ele></trkpt>
   <trkpt lat="50.253943" lon="19.226197"><ele>257.75</ele></trkpt>
   <trkpt lat="50.253891" lon="19.226092"><ele>258.75</ele></trkpt>
   <trkpt lat="50.25383" lon="19.225969"><ele>257.75</ele></trkpt>
   <trkpt lat="50.253768" lon="19.225846"><ele>256.5</ele></trkpt>
   <trkpt lat="50.248043" lon="19.215254"><ele>255.75</ele></trkpt>
   <trkpt lat="50.246201" lon="19.211851"><ele>255</ele></trkpt>
   <trkpt lat="50.245779" lon="19.211034"><ele>255</ele></trkpt>
   <trkpt lat="50.245628" lon="19.210722"><ele>255.25</ele></trkpt>
   <trkpt lat="50.245361" lon="19.210137"><ele>255</ele></trkpt>
   <trkpt lat="50.245065" lon="19.209433"><ele>255</ele></trkpt>
   <trkpt lat="50.244923" lon="19.209071"><ele>255</ele></trkpt>
   <trkpt lat="50.244648" lon="19.208318"><ele>254.5</ele></trkpt>
   <trkpt lat="50.244446" lon="19.207707"><ele>255</ele></trkpt>
   <trkpt lat="50.244285" lon="19.207185"><ele>254.5</ele></trkpt>
   <trkpt lat="50.244122" lon="19.206609"><ele>255</ele></trkpt>
   <trkpt lat="50.243774" lon="19.205269"><ele>255</ele></trkpt>
   <trkpt lat="50.243339" lon="19.203555"><ele>254.75</ele></trkpt>
   <trkpt lat="50.243326" lon="19.203505"><ele>255</ele></trkpt>
   <trkpt lat="50.242153" lon="19.198884"><ele>254</ele></trkpt>
   <trkpt lat="50.241809" lon="19.197612"><ele>254</ele></trkpt>
   <trkpt lat="50.241489" lon="19.196554"><ele>253.75</ele></trkpt>
   <trkpt lat="50.241356" lon="19.196156"><ele>253.75</ele></trkpt>
   <trkpt lat="50.241084" lon="19.195379"><ele>253</ele></trkpt>
   <trkpt lat="50.240804" lon="19.194635"><ele>253</ele></trkpt>
   <trkpt lat="50.240545" lon="19.193987"><ele>253</ele></trkpt>
   <trkpt lat="50.24035" lon="19.193523"><ele>252.75</ele></trkpt>
   <trkpt lat="50.240081" lon="19.192914"><ele>252.5</ele></trkpt>
   <trkpt lat="50.239804" lon="19.192323"><ele>252.75</ele></trkpt>
   <trkpt lat="50.239272" lon="19.191223"><ele>252.75</ele></trkpt>
   <trkpt lat="50.239234" lon="19.191145"><ele>252.75</ele></trkpt>
   <trkpt lat="50.239026" lon="19.190713"><ele>252.25</ele></trkpt>
   <trkpt lat="50.238934" lon="19.190524"><ele>251.75</ele></trkpt>
   <trkpt lat="50.238825" lon="19.190286"><ele>252</ele></trkpt>
   <trkpt lat="50.238673" lon="19.189893"><ele>251.25</ele></trkpt>
   <trkpt lat="50.238565" lon="19.189653"><ele>251.5</ele></trkpt>
   <trkpt lat="50.238316" lon="19.189138"><ele>250.75</ele></trkpt>
   <trkpt lat="50.237987" lon="19.188485"><ele>250.25</ele></trkpt>
   <trkpt lat="50.237654" lon="19.187871"><ele>250</ele></trkpt>
   <trkpt lat="50.237461" lon="19.187539"><ele>250.25</ele></trkpt>
   <trkpt lat="50.237263" lon="19.187211"><ele>250.25</ele></trkpt>
   <trkpt lat="50.236891" lon="19.186626"><ele>250</ele></trkpt>
   <trkpt lat="50.233618" lon="19.18155"><ele>250</ele></trkpt>
   <trkpt lat="50.233168" lon="19.180796"><ele>249.5</ele></trkpt>
   <trkpt lat="50.232801" lon="19.180144"><ele>250.5</ele></trkpt>
   <trkpt lat="50.23239" lon="19.179356"><ele>249.75</ele></trkpt>
   <trkpt lat="50.23206" lon="19.178686"><ele>250</ele></trkpt>
   <trkpt lat="50.231683" lon="19.17785"><ele>251</ele></trkpt>
   <trkpt lat="50.2314" lon="19.17716"><ele>251</ele></trkpt>
   <trkpt lat="50.231159" lon="19.176547"><ele>248.5</ele></trkpt>
   <trkpt lat="50.231083" lon="19.176348"><ele>247.25</ele></trkpt>
   <trkpt lat="50.230771" lon="19.175478"><ele>249.5</ele></trkpt>
   <trkpt lat="50.230469" lon="19.174539"><ele>248.25</ele></trkpt>
   <trkpt lat="50.230205" lon="19.173632"><ele>248</ele></trkpt>
   <trkpt lat="50.229963" lon="19.172703"><ele>249</ele></trkpt>
   <trkpt lat="50.229788" lon="19.171986"><ele>248.25</ele></trkpt>
   <trkpt lat="50.229607" lon="19.171133"><ele>247.5</ele></trkpt>
   <trkpt lat="50.229429" lon="19.170246"><ele>250.5</ele></trkpt>
   <trkpt lat="50.228998" lon="19.167767"><ele>245.5</ele></trkpt>
   <trkpt lat="50.228882" lon="19.167089"><ele>248.25</ele></trkpt>
   <trkpt lat="50.22881" lon="19.166616"><ele>252</ele></trkpt>
   <trkpt lat="50.22875" lon="19.166144"><ele>251.5</ele></trkpt>
   <trkpt lat="50.228675" lon="19.16534"><ele>252.5</ele></trkpt>
   <trkpt lat="50.228622" lon="19.164439"><ele>245.75</ele></trkpt>
   <trkpt lat="50.228583" lon="19.163807"><ele>247.5</ele></trkpt>
   <trkpt lat="50.228525" lon="19.162724"><ele>252</ele></trkpt>
   <trkpt lat="50.228504" lon="19.161768"><ele>252.5</ele></trkpt>
   <trkpt lat="50.228514" lon="19.161148"><ele>252.75</ele></trkpt>
   <trkpt lat="50.228609" lon="19.159328"><ele>247.5</ele></trkpt>
   <trkpt lat="50.228663" lon="19.158379"><ele>249.75</ele></trkpt>
   <trkpt lat="50.22881" lon="19.155965"><ele>257.75</ele></trkpt>
   <trkpt lat="50.228875" lon="19.155253"><ele>259</ele></trkpt>
   <trkpt lat="50.22899" lon="19.154422"><ele>260</ele></trkpt>
   <trkpt lat="50.229093" lon="19.153868"><ele>260</ele></trkpt>
   <trkpt lat="50.229239" lon="19.153225"><ele>258.25</ele></trkpt>
   <trkpt lat="50.229395" lon="19.152625"><ele>256.75</ele></trkpt>
   <trkpt lat="50.229623" lon="19.151914"><ele>253.75</ele></trkpt>
   <trkpt lat="50.229872" lon="19.151222"><ele>252.75</ele></trkpt>
   <trkpt lat="50.230469" lon="19.149715"><ele>257</ele></trkpt>
   <trkpt lat="50.231004" lon="19.148423"><ele>259.75</ele></trkpt>
   <trkpt lat="50.231213" lon="19.147949"><ele>260.25</ele></trkpt>
   <trkpt lat="50.231407" lon="19.147552"><ele>260.5</ele></trkpt>
   <trkpt lat="50.231656" lon="19.147106"><ele>261</ele></trkpt>
   <trkpt lat="50.231907" lon="19.146734"><ele>260.75</ele></trkpt>
   <trkpt lat="50.232109" lon="19.146465"><ele>259.75</ele></trkpt>
   <trkpt lat="50.232326" lon="19.146209"><ele>259.75</ele></trkpt>
   <trkpt lat="50.232669" lon="19.145855"><ele>260.5</ele></trkpt>
   <trkpt lat="50.232984" lon="19.145548"><ele>261</ele></trkpt>
   <trkpt lat="50.233282" lon="19.145273"><ele>261</ele></trkpt>
   <trkpt lat="50.233653" lon="19.144921"><ele>260.75</ele></trkpt>
   <trkpt lat="50.233966" lon="19.14463"><ele>260</ele></trkpt>
   <trkpt lat="50.234289" lon="19.144332"><ele>260</ele></trkpt>
   <trkpt lat="50.234622" lon="19.144038"><ele>260</ele></trkpt>
   <trkpt lat="50.234907" lon="19.143816"><ele>260</ele></trkpt>
   <trkpt lat="50.235214" lon="19.143612"><ele>260</ele></trkpt>
   <trkpt lat="50.236089" lon="19.143001"><ele>260.75</ele></trkpt>
   <trkpt lat="50.23782" lon="19.141781"><ele>262</ele></trkpt>
   <trkpt lat="50.239057" lon="19.140909"><ele>263</ele></trkpt>
   <trkpt lat="50.239379" lon="19.140673"><ele>263</ele></trkpt>
   <trkpt lat="50.239612" lon="19.140462"><ele>263.25</ele></trkpt>
   <trkpt lat="50.239921" lon="19.140147"><ele>263.25</ele></trkpt>
   <trkpt lat="50.240195" lon="19.139798"><ele>263.5</ele></trkpt>
   <trkpt lat="50.240398" lon="19.139507"><ele>263.25</ele></trkpt>
   <trkpt lat="50.240845" lon="19.138865"><ele>263.75</ele></trkpt>
   <trkpt lat="50.241178" lon="19.138494"><ele>264</ele></trkpt>
   <trkpt lat="50.241471" lon="19.138156"><ele>264</ele></trkpt>
   <trkpt lat="50.241676" lon="19.137926"><ele>263.75</ele></trkpt>
   <trkpt lat="50.241832" lon="19.137724"><ele>261.5</ele></trkpt>
   <trkpt lat="50.242041" lon="19.137431"><ele>262</ele></trkpt>
   <trkpt lat="50.246361" lon="19.131303"><ele>264</ele></trkpt>
   <trkpt lat="50.246577" lon="19.131004"><ele>264</ele></trkpt>
   <trkpt lat="50.246719" lon="19.130803"><ele>264</ele></trkpt>
   <trkpt lat="50.246852" lon="19.130615"><ele>264</ele></trkpt>
   <trkpt lat="50.247082" lon="19.130208"><ele>261.5</ele></trkpt>
   <trkpt lat="50.247125" lon="19.130146"><ele>261</ele></trkpt>
   <trkpt lat="50.247292" lon="19.129905"><ele>261.5</ele></trkpt>
   <trkpt lat="50.247511" lon="19.1296"><ele>264.5</ele></trkpt>
   <trkpt lat="50.248289" lon="19.128638"><ele>263</ele></trkpt>
   <trkpt lat="50.24853" lon="19.128339"><ele>263</ele></trkpt>
   <trkpt lat="50.249613" lon="19.126986"><ele>263</ele></trkpt>
   <trkpt lat="50.249997" lon="19.126467"><ele>263</ele></trkpt>
   <trkpt lat="50.250757" lon="19.125416"><ele>262.75</ele></trkpt>
   <trkpt lat="50.251405" lon="19.124526"><ele>262.75</ele></trkpt>
   <trkpt lat="50.251845" lon="19.123894"><ele>262.5</ele></trkpt>
   <trkpt lat="50.252387" lon="19.123029"><ele>262.5</ele></trkpt>
   <trkpt lat="50.252513" lon="19.12285"><ele>262</ele></trkpt>
   <trkpt lat="50.252804" lon="19.122368"><ele>261.75</ele></trkpt>
   <trkpt lat="50.254725" lon="19.119644"><ele>261.5</ele></trkpt>
   <trkpt lat="50.255289" lon="19.118819"><ele>261.5</ele></trkpt>
   <trkpt lat="50.255543" lon="19.118425"><ele>260.5</ele></trkpt>
   <trkpt lat="50.255629" lon="19.118293"><ele>260.5</ele></trkpt>
   <trkpt lat="50.25611" lon="19.117544"><ele>260.75</ele></trkpt>
   <trkpt lat="50.256719" lon="19.116544"><ele>260.25</ele></trkpt>
   <trkpt lat="50.256997" lon="19.116025"><ele>260</ele></trkpt>
   <trkpt lat="50.25719" lon="19.115647"><ele>259.75</ele></trkpt>
   <trkpt lat="50.257373" lon="19.115249"><ele>258.5</ele></trkpt>
   <trkpt lat="50.257412" lon="19.115165"><ele>258.75</ele></trkpt>
   <trkpt lat="50.25764" lon="19.114614"><ele>258.75</ele></trkpt>
   <trkpt lat="50.258053" lon="19.113476"><ele>260.25</ele></trkpt>
   <trkpt lat="50.258654" lon="19.1118"><ele>260.75</ele></trkpt>
   <trkpt lat="50.258862" lon="19.111188"><ele>260.75</ele></trkpt>
   <trkpt lat="50.258977" lon="19.110825"><ele>261</ele></trkpt>
   <trkpt lat="50.25909" lon="19.110427"><ele>261.25</ele></trkpt>
   <trkpt lat="50.259256" lon="19.109771"><ele>261.75</ele></trkpt>
   <trkpt lat="50.259334" lon="19.109426"><ele>261.25</ele></trkpt>
   <trkpt lat="50.259412" lon="19.109031"><ele>261.5</ele></trkpt>
   <trkpt lat="50.25948" lon="19.108649"><ele>261.75</ele></trkpt>
   <trkpt lat="50.259543" lon="19.108237"><ele>261.5</ele></trkpt>
   <trkpt lat="50.259597" lon="19.107836"><ele>261.75</ele></trkpt>
   <trkpt lat="50.259646" lon="19.107389"><ele>262.25</ele></trkpt>
   <trkpt lat="50.259784" lon="19.105934"><ele>261.75</ele></trkpt>
   <trkpt lat="50.259946" lon="19.103955"><ele>263</ele></trkpt>
   <trkpt lat="50.259968" lon="19.103327"><ele>262.5</ele></trkpt>
   <trkpt lat="50.259976" lon="19.102677"><ele>261.5</ele></trkpt>
   <trkpt lat="50.259974" lon="19.102367"><ele>261.25</ele></trkpt>
   <trkpt lat="50.259972" lon="19.102053"><ele>261.25</ele></trkpt>
   <trkpt lat="50.259945" lon="19.101411"><ele>261.75</ele></trkpt>
   <trkpt lat="50.259901" lon="19.100707"><ele>262</ele></trkpt>
   <trkpt lat="50.259837" lon="19.09998"><ele>263.5</ele></trkpt>
   <trkpt lat="50.25974" lon="19.09917"><ele>261.75</ele></trkpt>
   <trkpt lat="50.259499" lon="19.097465"><ele>262.5</ele></trkpt>
   <trkpt lat="50.259415" lon="19.096799"><ele>262</ele></trkpt>
   <trkpt lat="50.259388" lon="19.096594"><ele>262</ele></trkpt>
   <trkpt lat="50.259305" lon="19.09607"><ele>262</ele></trkpt>
   <trkpt lat="50.259317" lon="19.095931"><ele>262.25</ele></trkpt>
   <trkpt lat="50.259219" lon="19.094897"><ele>261.75</ele></trkpt>
   <trkpt lat="50.25913" lon="19.094294"><ele>259.75</ele></trkpt>
   <trkpt lat="50.259103" lon="19.094075"><ele>259</ele></trkpt>
   <trkpt lat="50.259032" lon="19.093532"><ele>262.5</ele></trkpt>
   <trkpt lat="50.258895" lon="19.092479"><ele>262.75</ele></trkpt>
   <trkpt lat="50.258574" lon="19.090029"><ele>262.5</ele></trkpt>
   <trkpt lat="50.258452" lon="19.089094"><ele>263</ele></trkpt>
   <trkpt lat="50.258329" lon="19.088092"><ele>263</ele></trkpt>
   <trkpt lat="50.258186" lon="19.087031"><ele>262.75</ele></trkpt>
   <trkpt lat="50.25808" lon="19.086173"><ele>263.75</ele></trkpt>
   <trkpt lat="50.257982" lon="19.085304"><ele>265.5</ele></trkpt>
   <trkpt lat="50.257716" lon="19.082727"><ele>265</ele></trkpt>
   <trkpt lat="50.257699" lon="19.082534"><ele>265.25</ele></trkpt>
   <trkpt lat="50.257164" lon="19.078423"><ele>263.75</ele></trkpt>
   <trkpt lat="50.256925" lon="19.076639"><ele>262.75</ele></trkpt>
   <trkpt lat="50.256722" lon="19.074907"><ele>262</ele></trkpt>
   <trkpt lat="50.256591" lon="19.073548"><ele>261.5</ele></trkpt>
   <trkpt lat="50.256494" lon="19.072195"><ele>262</ele></trkpt>
   <trkpt lat="50.256432" lon="19.070929"><ele>261.75</ele></trkpt>
   <trkpt lat="50.256401" lon="19.069652"><ele>262</ele></trkpt>
   <trkpt lat="50.256398" lon="19.068747"><ele>262</ele></trkpt>
   <trkpt lat="50.256404" lon="19.067917"><ele>262</ele></trkpt>
   <trkpt lat="50.256421" lon="19.067115"><ele>262.75</ele></trkpt>
   <trkpt lat="50.256463" lon="19.066368"><ele>262.5</ele></trkpt>
   <trkpt lat="50.25656" lon="19.064697"><ele>263</ele></trkpt>
   <trkpt lat="50.25668" lon="19.063164"><ele>262.75</ele></trkpt>
   <trkpt lat="50.256807" lon="19.061495"><ele>262.75</ele></trkpt>
   <trkpt lat="50.256897" lon="19.060904"><ele>263</ele></trkpt>
   <trkpt lat="50.257048" lon="19.059105"><ele>263</ele></trkpt>
   <trkpt lat="50.257178" lon="19.057454"><ele>263.25</ele></trkpt>
   <trkpt lat="50.257324" lon="19.055613"><ele>264</ele></trkpt>
   <trkpt lat="50.257461" lon="19.052595"><ele>264</ele></trkpt>
   <trkpt lat="50.25748" lon="19.052191"><ele>264</ele></trkpt>
   <trkpt lat="50.257497" lon="19.051807"><ele>264</ele></trkpt>
   <trkpt lat="50.257572" lon="19.051044"><ele>263.5</ele></trkpt>
   <trkpt lat="50.257649" lon="19.050309"><ele>264</ele></trkpt>
   <trkpt lat="50.257706" lon="19.049831"><ele>264.25</ele></trkpt>
   <trkpt lat="50.257749" lon="19.049201"><ele>264</ele></trkpt>
   <trkpt lat="50.257765" lon="19.048596"><ele>264</ele></trkpt>
   <trkpt lat="50.257753" lon="19.047921"><ele>264</ele></trkpt>
   <trkpt lat="50.257747" lon="19.047687"><ele>264</ele></trkpt>
   <trkpt lat="50.257733" lon="19.047449"><ele>264</ele></trkpt>
   <trkpt lat="50.257672" lon="19.046683"><ele>263.25</ele></trkpt>
   <trkpt lat="50.257249" lon="19.042247"><ele>263.75</ele></trkpt>
   <trkpt lat="50.257101" lon="19.040573"><ele>264</ele></trkpt>
   <trkpt lat="50.257035" lon="19.039667"><ele>264.5</ele></trkpt>
   <trkpt lat="50.256784" lon="19.035884"><ele>264.25</ele></trkpt>
   <trkpt lat="50.256763" lon="19.035551"><ele>264.5</ele></trkpt>
   <trkpt lat="50.256668" lon="19.033842"><ele>264.75</ele></trkpt>
   <trkpt lat="50.256589" lon="19.033198"><ele>265.5</ele></trkpt>
   <trkpt lat="50.256576" lon="19.03272"><ele>264.75</ele></trkpt>
   <trkpt lat="50.256574" lon="19.032619"><ele>264.5</ele></trkpt>
   <trkpt lat="50.256545" lon="19.031178"><ele>264</ele></trkpt>
   <trkpt lat="50.256542" lon="19.030958"><ele>265</ele></trkpt>
   <trkpt lat="50.256544" lon="19.030174"><ele>267</ele></trkpt>
   <trkpt lat="50.256593" lon="19.029224"><ele>268</ele></trkpt>
   <trkpt lat="50.256681" lon="19.028125"><ele>266.5</ele></trkpt>
   <trkpt lat="50.256701" lon="19.027872"><ele>266.75</ele></trkpt>
   <trkpt lat="50.256828" lon="19.026153"><ele>267.75</ele></trkpt>
   <trkpt lat="50.256834" lon="19.026072"><ele>267.75</ele></trkpt>
   <trkpt lat="50.257123" lon="19.022283"><ele>269.5</ele></trkpt>
   <trkpt lat="50.257187" lon="19.021695"><ele>268.5</ele></trkpt>
   <trkpt lat="50.257237" lon="19.021364"><ele>267.75</ele></trkpt>
   <trkpt lat="50.25725" lon="19.02129"><ele>267.75</ele></trkpt>
   <trkpt lat="50.257347" lon="19.020893"><ele>267.25</ele></trkpt>
   <trkpt lat="50.257379" lon="19.020765"><ele>267.25</ele></trkpt>
   <trkpt lat="50.257511" lon="19.020178"><ele>270</ele></trkpt>
   <trkpt lat="50.257573" lon="19.01989"><ele>269.25</ele></trkpt>
   <trkpt lat="50.257633" lon="19.019572"><ele>268.5</ele></trkpt>
   <trkpt lat="50.257691" lon="19.019154"><ele>270.25</ele></trkpt>
   <trkpt lat="50.257801" lon="19.017786"><ele>269.75</ele></trkpt>
   <trkpt lat="50.25784" lon="19.017275"><ele>270</ele></trkpt>
   <trkpt lat="50.257846" lon="19.017192"><ele>270</ele></trkpt>
   <trkpt lat="50.257888" lon="19.016696"><ele>270</ele></trkpt>
   <trkpt lat="50.257939" lon="19.016033"><ele>270</ele></trkpt>
   <trkpt lat="50.25797" lon="19.015538"><ele>270</ele></trkpt>
   <trkpt lat="50.257986" lon="19.015132"><ele>270</ele></trkpt>
   <trkpt lat="50.258002" lon="19.014359"><ele>268.5</ele></trkpt>
   <trkpt lat="50.258004" lon="19.014263"><ele>266.75</ele></trkpt>
   <trkpt lat="50.258015" lon="19.013846"><ele>264.75</ele></trkpt>
   <trkpt lat="50.258017" lon="19.013774"><ele>266</ele></trkpt>
   <trkpt lat="50.258038" lon="19.013063"><ele>269</ele></trkpt>
   <trkpt lat="50.258076" lon="19.012021"><ele>268</ele></trkpt>
   <trkpt lat="50.258117" lon="19.011414"><ele>268</ele></trkpt>
   <trkpt lat="50.258165" lon="19.01092"><ele>268</ele></trkpt>
   <trkpt lat="50.258206" lon="19.010563"><ele>268</ele></trkpt>
   <trkpt lat="50.258301" lon="19.009842"><ele>268</ele></trkpt>
   <trkpt lat="50.258406" lon="19.009193"><ele>268</ele></trkpt>
   <trkpt lat="50.258512" lon="19.008613"><ele>268</ele></trkpt>
   <trkpt lat="50.258619" lon="19.00809"><ele>268</ele></trkpt>
   <trkpt lat="50.258833" lon="19.007172"><ele>268</ele></trkpt>
   <trkpt lat="50.25898" lon="19.00661"><ele>268</ele></trkpt>
   <trkpt lat="50.259704" lon="19.004183"><ele>269</ele></trkpt>
   <trkpt lat="50.259869" lon="19.003635"><ele>269</ele></trkpt>
   <trkpt lat="50.26009" lon="19.002854"><ele>269</ele></trkpt>
   <trkpt lat="50.260291" lon="19.002088"><ele>269.25</ele></trkpt>
   <trkpt lat="50.260634" lon="19.00075"><ele>269.75</ele></trkpt>
   <trkpt lat="50.260777" lon="19.000258"><ele>269.75</ele></trkpt>
   <trkpt lat="50.260937" lon="18.999758"><ele>270</ele></trkpt>
   <trkpt lat="50.261389" lon="18.998365"><ele>270</ele></trkpt>
   <trkpt lat="50.261674" lon="18.997417"><ele>269</ele></trkpt>
   <trkpt lat="50.262019" lon="18.996231"><ele>269.5</ele></trkpt>
   <trkpt lat="50.262282" lon="18.995152"><ele>270</ele></trkpt>
   <trkpt lat="50.262477" lon="18.994454"><ele>270</ele></trkpt>
   <trkpt lat="50.263913" lon="18.989625"><ele>271.75</ele></trkpt>
   <trkpt lat="50.264099" lon="18.988983"><ele>271.5</ele></trkpt>
   <trkpt lat="50.264352" lon="18.988128"><ele>269.5</ele></trkpt>
   <trkpt lat="50.264542" lon="18.987502"><ele>269.25</ele></trkpt>
   <trkpt lat="50.264796" lon="18.986647"><ele>271</ele></trkpt>
   <trkpt lat="50.265327" lon="18.984857"><ele>270.75</ele></trkpt>
   <trkpt lat="50.266347" lon="18.981406"><ele>270.75</ele></trkpt>
   <trkpt lat="50.267225" lon="18.978437"><ele>270</ele></trkpt>
   <trkpt lat="50.267272" lon="18.978286"><ele>269.25</ele></trkpt>
   <trkpt lat="50.267567" lon="18.977283"><ele>271.5</ele></trkpt>
   <trkpt lat="50.268071" lon="18.975512"><ele>272.75</ele></trkpt>
   <trkpt lat="50.268945" lon="18.97253"><ele>273.75</ele></trkpt>
   <trkpt lat="50.271376" lon="18.964235"><ele>274.5</ele></trkpt>
   <trkpt lat="50.271766" lon="18.962952"><ele>275.75</ele></trkpt>
   <trkpt lat="50.27244" lon="18.960833"><ele>274.5</ele></trkpt>
   <trkpt lat="50.272737" lon="18.959875"><ele>274.25</ele></trkpt>
   <trkpt lat="50.273957" lon="18.955753"><ele>275.25</ele></trkpt>
   <trkpt lat="50.274065" lon="18.955387"><ele>273.75</ele></trkpt>
   <trkpt lat="50.274103" lon="18.955265"><ele>273.5</ele></trkpt>
   <trkpt lat="50.274453" lon="18.954122"><ele>276</ele></trkpt>
   <trkpt lat="50.275025" lon="18.952267"><ele>276.5</ele></trkpt>
   <trkpt lat="50.275162" lon="18.951854"><ele>275.75</ele></trkpt>
   <trkpt lat="50.275424" lon="18.95112"><ele>275.75</ele></trkpt>
   <trkpt lat="50.275552" lon="18.95078"><ele>276.75</ele></trkpt>
   <trkpt lat="50.276004" lon="18.949653"><ele>276.25</ele></trkpt>
   <trkpt lat="50.276211" lon="18.949157"><ele>276</ele></trkpt>
   <trkpt lat="50.276308" lon="18.94894"><ele>274.25</ele></trkpt>
   <trkpt lat="50.276604" lon="18.948323"><ele>275.75</ele></trkpt>
   <trkpt lat="50.276813" lon="18.947922"><ele>276.25</ele></trkpt>
   <trkpt lat="50.276951" lon="18.947674"><ele>277.25</ele></trkpt>
   <trkpt lat="50.277409" lon="18.946877"><ele>276.25</ele></trkpt>
   <trkpt lat="50.277722" lon="18.946328"><ele>277.25</ele></trkpt>
   <trkpt lat="50.278012" lon="18.945817"><ele>277</ele></trkpt>
   <trkpt lat="50.278483" lon="18.944894"><ele>275.5</ele></trkpt>
   <trkpt lat="50.278519" lon="18.944825"><ele>275.75</ele></trkpt>
   <trkpt lat="50.278928" lon="18.944034"><ele>276.25</ele></trkpt>
   <trkpt lat="50.279095" lon="18.943709"><ele>274</ele></trkpt>
   <trkpt lat="50.279548" lon="18.942823"><ele>275.75</ele></trkpt>
   <trkpt lat="50.280435" lon="18.941108"><ele>276.75</ele></trkpt>
   <trkpt lat="50.280575" lon="18.940841"><ele>277.5</ele></trkpt>
   <trkpt lat="50.280995" lon="18.940021"><ele>275.5</ele></trkpt>
   <trkpt lat="50.281163" lon="18.939673"><ele>277</ele></trkpt>
   <trkpt lat="50.28132" lon="18.939324"><ele>276.25</ele></trkpt>
   <trkpt lat="50.281467" lon="18.938986"><ele>277</ele></trkpt>
   <trkpt lat="50.281567" lon="18.938744"><ele>276.5</ele></trkpt>
   <trkpt lat="50.281751" lon="18.938278"><ele>278</ele></trkpt>
   <trkpt lat="50.282036" lon="18.937489"><ele>278.75</ele></trkpt>
   <trkpt lat="50.282185" lon="18.937036"><ele>280</ele></trkpt>
   <trkpt lat="50.282337" lon="18.936541"><ele>278.75</ele></trkpt>
   <trkpt lat="50.282358" lon="18.936471"><ele>278.75</ele></trkpt>
   <trkpt lat="50.282399" lon="18.936331"><ele>278.75</ele></trkpt>
   <trkpt lat="50.282729" lon="18.935156"><ele>275.75</ele></trkpt>
   <trkpt lat="50.282897" lon="18.934534"><ele>275.25</ele></trkpt>
   <trkpt lat="50.28305" lon="18.933974"><ele>275.25</ele></trkpt>
   <trkpt lat="50.283415" lon="18.932686"><ele>280.5</ele></trkpt>
   <trkpt lat="50.283456" lon="18.93255"><ele>278.75</ele></trkpt>
   <trkpt lat="50.283665" lon="18.931882"><ele>281.25</ele></trkpt>
   <trkpt lat="50.283967" lon="18.930985"><ele>279.75</ele></trkpt>
   <trkpt lat="50.284112" lon="18.930574"><ele>279.25</ele></trkpt>
   <trkpt lat="50.284526" lon="18.929455"><ele>279</ele></trkpt>
   <trkpt lat="50.285487" lon="18.926877"><ele>278.75</ele></trkpt>
   <trkpt lat="50.285729" lon="18.926265"><ele>276.5</ele></trkpt>
   <trkpt lat="50.285837" lon="18.926002"><ele>276</ele></trkpt>
   <trkpt lat="50.286144" lon="18.925268"><ele>278.75</ele></trkpt>
   <trkpt lat="50.288094" lon="18.92061"><ele>280.25</ele></trkpt>
   <trkpt lat="50.288347" lon="18.920006"><ele>281.75</ele></trkpt>
   <trkpt lat="50.288378" lon="18.919933"><ele>281</ele></trkpt>
   <trkpt lat="50.289123" lon="18.918145"><ele>281.25</ele></trkpt>
   <trkpt lat="50.289382" lon="18.917525"><ele>281.25</ele></trkpt>
   <trkpt lat="50.28962" lon="18.91694"><ele>281.5</ele></trkpt>
   <trkpt lat="50.290586" lon="18.914469"><ele>280</ele></trkpt>
   <trkpt lat="50.290668" lon="18.914262"><ele>280.25</ele></trkpt>
   <trkpt lat="50.290869" lon="18.913763"><ele>282.25</ele></trkpt>
   <trkpt lat="50.293318" lon="18.90788"><ele>281.5</ele></trkpt>
   <trkpt lat="50.294566" lon="18.904883"><ele>282.25</ele></trkpt>
   <trkpt lat="50.294703" lon="18.904558"><ele>283</ele></trkpt>
   <trkpt lat="50.294881" lon="18.904143"><ele>283</ele></trkpt>
   <trkpt lat="50.295472" lon="18.902812"><ele>284</ele></trkpt>
   <trkpt lat="50.295988" lon="18.901592"><ele>284.75</ele></trkpt>
   <trkpt lat="50.296167" lon="18.901147"><ele>284.5</ele></trkpt>
   <trkpt lat="50.296809" lon="18.899491"><ele>286</ele></trkpt>
   <trkpt lat="50.297024" lon="18.898906"><ele>286.25</ele></trkpt>
   <trkpt lat="50.297131" lon="18.898594"><ele>286.5</ele></trkpt>
   <trkpt lat="50.297239" lon="18.898255"><ele>286.5</ele></trkpt>
   <trkpt lat="50.297423" lon="18.897607"><ele>286.5</ele></trkpt>
   <trkpt lat="50.297587" lon="18.89693"><ele>286</ele></trkpt>
   <trkpt lat="50.297728" lon="18.896261"><ele>284.75</ele></trkpt>
   <trkpt lat="50.298027" lon="18.894736"><ele>285.25</ele></trkpt>
   <trkpt lat="50.298182" lon="18.893956"><ele>286</ele></trkpt>
   <trkpt lat="50.298259" lon="18.893576"><ele>287.25</ele></trkpt>
   <trkpt lat="50.298313" lon="18.893349"><ele>285.75</ele></trkpt>
   <trkpt lat="50.298427" lon="18.892904"><ele>286</ele></trkpt>
   <trkpt lat="50.298514" lon="18.8926"><ele>284.75</ele></trkpt>
   <trkpt lat="50.298698" lon="18.892037"><ele>285.25</ele></trkpt>
   <trkpt lat="50.2989" lon="18.891505"><ele>285.25</ele></trkpt>
   <trkpt lat="50.299004" lon="18.891258"><ele>285.25</ele></trkpt>
   <trkpt lat="50.299287" lon="18.890642"><ele>285.5</ele></trkpt>
   <trkpt lat="50.300522" lon="18.888101"><ele>289.5</ele></trkpt>
   <trkpt lat="50.30084" lon="18.887446"><ele>289.75</ele></trkpt>
   <trkpt lat="50.301175" lon="18.886727"><ele>290.5</ele></trkpt>
   <trkpt lat="50.301463" lon="18.886047"><ele>290.75</ele></trkpt>
   <trkpt lat="50.301605" lon="18.885671"><ele>290.5</ele></trkpt>
   <trkpt lat="50.301812" lon="18.885079"><ele>290.75</ele></trkpt>
   <trkpt lat="50.302007" lon="18.884464"><ele>291.25</ele></trkpt>
   <trkpt lat="50.302169" lon="18.883903"><ele>292</ele></trkpt>
   <trkpt lat="50.302362" lon="18.883178"><ele>292.5</ele></trkpt>
   <trkpt lat="50.302729" lon="18.881725"><ele>292.75</ele></trkpt>
   <trkpt lat="50.303002" lon="18.880636"><ele>293</ele></trkpt>
   <trkpt lat="50.303227" lon="18.879811"><ele>293</ele></trkpt>
   <trkpt lat="50.30338" lon="18.879311"><ele>293.5</ele></trkpt>
   <trkpt lat="50.303396" lon="18.879261"><ele>293.5</ele></trkpt>
   <trkpt lat="50.303592" lon="18.87872"><ele>293.5</ele></trkpt>
   <trkpt lat="50.303831" lon="18.878152"><ele>293</ele></trkpt>
   <trkpt lat="50.303971" lon="18.877836"><ele>293</ele></trkpt>
   <trkpt lat="50.304383" lon="18.876947"><ele>292</ele></trkpt>
   <trkpt lat="50.304723" lon="18.876279"><ele>292</ele></trkpt>
   <trkpt lat="50.305207" lon="18.875379"><ele>291.5</ele></trkpt>
   <trkpt lat="50.305454" lon="18.874938"><ele>292</ele></trkpt>
   <trkpt lat="50.305602" lon="18.874684"><ele>292</ele></trkpt>
   <trkpt lat="50.305932" lon="18.874149"><ele>291.75</ele></trkpt>
   <trkpt lat="50.306761" lon="18.872873"><ele>289.25</ele></trkpt>
   <trkpt lat="50.306992" lon="18.872519"><ele>289</ele></trkpt>
   <trkpt lat="50.307124" lon="18.872262"><ele>289</ele></trkpt>
   <trkpt lat="50.307318" lon="18.871925"><ele>289</ele></trkpt>
   <trkpt lat="50.307609" lon="18.871471"><ele>289</ele></trkpt>
   <trkpt lat="50.307786" lon="18.871177"><ele>288.25</ele></trkpt>
   <trkpt lat="50.307973" lon="18.870856"><ele>288.5</ele></trkpt>
   <trkpt lat="50.308297" lon="18.870275"><ele>288</ele></trkpt>
   <trkpt lat="50.308513" lon="18.86989"><ele>288.5</ele></trkpt>
   <trkpt lat="50.311408" lon="18.864667"><ele>282.75</ele></trkpt>
   <trkpt lat="50.311418" lon="18.864648"><ele>282.75</ele></trkpt>
   <trkpt lat="50.311673" lon="18.86419"><ele>282.25</ele></trkpt>
   <trkpt lat="50.312434" lon="18.862816"><ele>282.25</ele></trkpt>
   <trkpt lat="50.312721" lon="18.8623"><ele>281.5</ele></trkpt>
   <trkpt lat="50.313393" lon="18.861082"><ele>280.25</ele></trkpt>
   <trkpt lat="50.313584" lon="18.860719"><ele>280.5</ele></trkpt>
   <trkpt lat="50.313805" lon="18.860266"><ele>279.25</ele></trkpt>
   <trkpt lat="50.313971" lon="18.85989"><ele>279.5</ele></trkpt>
   <trkpt lat="50.314083" lon="18.859621"><ele>279.25</ele></trkpt>
   <trkpt lat="50.314286" lon="18.859091"><ele>279.75</ele></trkpt>
   <trkpt lat="50.314516" lon="18.858397"><ele>280</ele></trkpt>
   <trkpt lat="50.314628" lon="18.858017"><ele>279.5</ele></trkpt>
   <trkpt lat="50.314926" lon="18.856922"><ele>279.5</ele></trkpt>
   <trkpt lat="50.315026" lon="18.856521"><ele>279.25</ele></trkpt>
   <trkpt lat="50.315126" lon="18.856077"><ele>279</ele></trkpt>
   <trkpt lat="50.315212" lon="18.855674"><ele>279</ele></trkpt>
   <trkpt lat="50.315567" lon="18.853899"><ele>278.75</ele></trkpt>
   <trkpt lat="50.315664" lon="18.853411"><ele>279.25</ele></trkpt>
   <trkpt lat="50.31569" lon="18.853268"><ele>279.25</ele></trkpt>
   <trkpt lat="50.315734" lon="18.853022"><ele>279.25</ele></trkpt>
   <trkpt lat="50.315775" lon="18.852729"><ele>279.75</ele></trkpt>
   <trkpt lat="50.315785" lon="18.85265"><ele>279.5</ele></trkpt>
   <trkpt lat="50.315801" lon="18.852496"><ele>279</ele></trkpt>
   <trkpt lat="50.315811" lon="18.852387"><ele>279.25</ele></trkpt>
   <trkpt lat="50.315816" lon="18.852317"><ele>279.5</ele></trkpt>
   <trkpt lat="50.31583" lon="18.852128"><ele>280</ele></trkpt>
   <trkpt lat="50.315845" lon="18.851649"><ele>280</ele></trkpt>
   <trkpt lat="50.315886" lon="18.849736"><ele>280</ele></trkpt>
   <trkpt lat="50.315882" lon="18.849172"><ele>279</ele></trkpt>
   <trkpt lat="50.315849" lon="18.848445"><ele>277.75</ele></trkpt>
   <trkpt lat="50.315845" lon="18.848383"><ele>277.75</ele></trkpt>
   <trkpt lat="50.315807" lon="18.847762"><ele>277.75</ele></trkpt>
   <trkpt lat="50.31573" lon="18.846505"><ele>275</ele></trkpt>
   <trkpt lat="50.31567" lon="18.845672"><ele>271.75</ele></trkpt>
   <trkpt lat="50.315625" lon="18.84514"><ele>272</ele></trkpt>
   <trkpt lat="50.315608" lon="18.844953"><ele>272.5</ele></trkpt>
   <trkpt lat="50.31558" lon="18.844671"><ele>274</ele></trkpt>
   <trkpt lat="50.315551" lon="18.844385"><ele>274.75</ele></trkpt>
   <trkpt lat="50.315544" lon="18.844327"><ele>274.5</ele></trkpt>
   <trkpt lat="50.315501" lon="18.843943"><ele>272.75</ele></trkpt>
   <trkpt lat="50.315476" lon="18.84373"><ele>272</ele></trkpt>
   <trkpt lat="50.315457" lon="18.843573"><ele>271.25</ele></trkpt>
   <trkpt lat="50.315371" lon="18.84292"><ele>271.25</ele></trkpt>
   <trkpt lat="50.315305" lon="18.842468"><ele>272.75</ele></trkpt>
   <trkpt lat="50.315246" lon="18.842083"><ele>270.25</ele></trkpt>
   <trkpt lat="50.315145" lon="18.841493"><ele>268.25</ele></trkpt>
   <trkpt lat="50.315029" lon="18.840865"><ele>273.25</ele></trkpt>
   <trkpt lat="50.314937" lon="18.840404"><ele>272.75</ele></trkpt>
   <trkpt lat="50.31475" lon="18.83955"><ele>271.5</ele></trkpt>
   <trkpt lat="50.31459" lon="18.838888"><ele>271</ele></trkpt>
   <trkpt lat="50.314577" lon="18.838836"><ele>271</ele></trkpt>
   <trkpt lat="50.314389" lon="18.838124"><ele>272</ele></trkpt>
   <trkpt lat="50.314179" lon="18.837393"><ele>271.75</ele></trkpt>
   <trkpt lat="50.313972" lon="18.836728"><ele>271.75</ele></trkpt>
   <trkpt lat="50.313739" lon="18.836035"><ele>271.25</ele></trkpt>
   <trkpt lat="50.313639" lon="18.835747"><ele>271</ele></trkpt>
   <trkpt lat="50.313295" lon="18.834815"><ele>271</ele></trkpt>
   <trkpt lat="50.313146" lon="18.834418"><ele>270.5</ele></trkpt>
   <trkpt lat="50.310866" lon="18.828366"><ele>269</ele></trkpt>
   <trkpt lat="50.310196" lon="18.826583"><ele>268.75</ele></trkpt>
   <trkpt lat="50.308695" lon="18.822564"><ele>264.25</ele></trkpt>
   <trkpt lat="50.308549" lon="18.82216"><ele>264.5</ele></trkpt>
   <trkpt lat="50.308184" lon="18.821113"><ele>264</ele></trkpt>
   <trkpt lat="50.307847" lon="18.820055"><ele>263.5</ele></trkpt>
   <trkpt lat="50.307732" lon="18.819663"><ele>263</ele></trkpt>
   <trkpt lat="50.307526" lon="18.818922"><ele>262.75</ele></trkpt>
   <trkpt lat="50.307338" lon="18.818192"><ele>262.25</ele></trkpt>
   <trkpt lat="50.307163" lon="18.817452"><ele>262.25</ele></trkpt>
   <trkpt lat="50.307003" lon="18.81668"><ele>261.75</ele></trkpt>
   <trkpt lat="50.306861" lon="18.81589"><ele>262.5</ele></trkpt>
   <trkpt lat="50.306743" lon="18.815104"><ele>261</ele></trkpt>
   <trkpt lat="50.306693" lon="18.814719"><ele>260.75</ele></trkpt>
   <trkpt lat="50.306595" lon="18.813779"><ele>261</ele></trkpt>
   <trkpt lat="50.306563" lon="18.813406"><ele>261</ele></trkpt>
   <trkpt lat="50.306505" lon="18.812634"><ele>259.75</ele></trkpt>
   <trkpt lat="50.306182" lon="18.807226"><ele>258.5</ele></trkpt>
   <trkpt lat="50.306052" lon="18.80476"><ele>258</ele></trkpt>
   <trkpt lat="50.305831" lon="18.799786"><ele>257</ele></trkpt>
   <trkpt lat="50.3058" lon="18.799069"><ele>256.5</ele></trkpt>
   <trkpt lat="50.305684" lon="18.796412"><ele>253.75</ele></trkpt>
   <trkpt lat="50.305662" lon="18.795878"><ele>254</ele></trkpt>
   <trkpt lat="50.30565" lon="18.795605"><ele>254</ele></trkpt>
   <trkpt lat="50.305647" lon="18.795526"><ele>254</ele></trkpt>
   <trkpt lat="50.305568" lon="18.793628"><ele>253</ele></trkpt>
   <trkpt lat="50.305562" lon="18.793335"><ele>252.75</ele></trkpt>
   <trkpt lat="50.305572" lon="18.792942"><ele>252.75</ele></trkpt>
   <trkpt lat="50.305567" lon="18.792628"><ele>252.75</ele></trkpt>
   <trkpt lat="50.305556" lon="18.792371"><ele>252.75</ele></trkpt>
   <trkpt lat="50.305524" lon="18.791943"><ele>252</ele></trkpt>
   <trkpt lat="50.305483" lon="18.791592"><ele>252.25</ele></trkpt>
   <trkpt lat="50.305455" lon="18.791044"><ele>253</ele></trkpt>
   <trkpt lat="50.305393" lon="18.790377"><ele>249.5</ele></trkpt>
   <trkpt lat="50.305371" lon="18.790078"><ele>249.5</ele></trkpt>
   <trkpt lat="50.305361" lon="18.789837"><ele>251</ele></trkpt>
   <trkpt lat="50.305313" lon="18.788761"><ele>251.75</ele></trkpt>
   <trkpt lat="50.305239" lon="18.787133"><ele>252</ele></trkpt>
   <trkpt lat="50.30518" lon="18.785823"><ele>252.25</ele></trkpt>
   <trkpt lat="50.305142" lon="18.784978"><ele>252</ele></trkpt>
   <trkpt lat="50.305118" lon="18.78437"><ele>252</ele></trkpt>
   <trkpt lat="50.305049" lon="18.782597"><ele>251</ele></trkpt>
   <trkpt lat="50.30506" lon="18.782111"><ele>251</ele></trkpt>
   <trkpt lat="50.305054" lon="18.78182"><ele>251</ele></trkpt>
   <trkpt lat="50.305043" lon="18.781562"><ele>251</ele></trkpt>
   <trkpt lat="50.304985" lon="18.780252"><ele>251</ele></trkpt>
   <trkpt lat="50.304975" lon="18.780032"><ele>251</ele></trkpt>
   <trkpt lat="50.304886" lon="18.777999"><ele>250</ele></trkpt>
   <trkpt lat="50.304681" lon="18.773552"><ele>247</ele></trkpt>
   <trkpt lat="50.304625" lon="18.772558"><ele>247.25</ele></trkpt>
   <trkpt lat="50.304591" lon="18.772063"><ele>247.25</ele></trkpt>
   <trkpt lat="50.304509" lon="18.77108"><ele>245.75</ele></trkpt>
   <trkpt lat="50.304406" lon="18.770083"><ele>245.75</ele></trkpt>
   <trkpt lat="50.304288" lon="18.769106"><ele>244.75</ele></trkpt>
   <trkpt lat="50.304222" lon="18.768627"><ele>244.75</ele></trkpt>
   <trkpt lat="50.304151" lon="18.768126"><ele>244</ele></trkpt>
   <trkpt lat="50.303996" lon="18.767163"><ele>244</ele></trkpt>
   <trkpt lat="50.30381" lon="18.766129"><ele>244</ele></trkpt>
   <trkpt lat="50.302951" lon="18.76164"><ele>237.25</ele></trkpt>
   <trkpt lat="50.302902" lon="18.761386"><ele>237.5</ele></trkpt>
   <trkpt lat="50.30206" lon="18.756983"><ele>237.5</ele></trkpt>
   <trkpt lat="50.301941" lon="18.756361"><ele>238.75</ele></trkpt>
   <trkpt lat="50.301861" lon="18.755945"><ele>236.75</ele></trkpt>
   <trkpt lat="50.301038" lon="18.751657"><ele>236.25</ele></trkpt>
   <trkpt lat="50.300782" lon="18.75032"><ele>237.25</ele></trkpt>
   <trkpt lat="50.300597" lon="18.749409"><ele>236.75</ele></trkpt>
   <trkpt lat="50.300504" lon="18.748982"><ele>237.5</ele></trkpt>
   <trkpt lat="50.299668" lon="18.745304"><ele>233.25</ele></trkpt>
   <trkpt lat="50.299594" lon="18.744975"><ele>232.75</ele></trkpt>
   <trkpt lat="50.299349" lon="18.743868"><ele>235.75</ele></trkpt>
   <trkpt lat="50.299269" lon="18.743467"><ele>236.25</ele></trkpt>
   <trkpt lat="50.299212" lon="18.743139"><ele>237.75</ele></trkpt>
   <trkpt lat="50.299097" lon="18.742388"><ele>236.5</ele></trkpt>
   <trkpt lat="50.299044" lon="18.741964"><ele>236</ele></trkpt>
   <trkpt lat="50.29854" lon="18.73766"><ele>235.5</ele></trkpt>
   <trkpt lat="50.298473" lon="18.737184"><ele>234.75</ele></trkpt>
   <trkpt lat="50.298392" lon="18.73669"><ele>234.5</ele></trkpt>
   <trkpt lat="50.298256" lon="18.736015"><ele>235.5</ele></trkpt>
   <trkpt lat="50.29809" lon="18.735334"><ele>235.5</ele></trkpt>
   <trkpt lat="50.297996" lon="18.734992"><ele>235.25</ele></trkpt>
   <trkpt lat="50.297458" lon="18.733195"><ele>234.5</ele></trkpt>
   <trkpt lat="50.297273" lon="18.732531"><ele>233.5</ele></trkpt>
   <trkpt lat="50.297126" lon="18.73197"><ele>234.5</ele></trkpt>
   <trkpt lat="50.296575" lon="18.729791"><ele>232.75</ele></trkpt>
   <trkpt lat="50.296524" lon="18.729582"><ele>231.75</ele></trkpt>
   <trkpt lat="50.296414" lon="18.729156"><ele>231</ele></trkpt>
   <trkpt lat="50.296256" lon="18.72851"><ele>232</ele></trkpt>
   <trkpt lat="50.296165" lon="18.72811"><ele>233</ele></trkpt>
   <trkpt lat="50.296106" lon="18.727818"><ele>233.75</ele></trkpt>
   <trkpt lat="50.296049" lon="18.727492"><ele>233.75</ele></trkpt>
   <trkpt lat="50.295995" lon="18.72715"><ele>233.25</ele></trkpt>
   <trkpt lat="50.295951" lon="18.726823"><ele>233.5</ele></trkpt>
   <trkpt lat="50.295887" lon="18.726176"><ele>232.75</ele></trkpt>
   <trkpt lat="50.295866" lon="18.725847"><ele>232.75</ele></trkpt>
   <trkpt lat="50.29585" lon="18.725525"><ele>232.75</ele></trkpt>
   <trkpt lat="50.295838" lon="18.725027"><ele>232.75</ele></trkpt>
   <trkpt lat="50.295808" lon="18.718844"><ele>230.5</ele></trkpt>
   <trkpt lat="50.295807" lon="18.718419"><ele>230</ele></trkpt>
   <trkpt lat="50.295795" lon="18.716636"><ele>226.5</ele></trkpt>
   <trkpt lat="50.295786" lon="18.716258"><ele>225</ele></trkpt>
   <trkpt lat="50.29577" lon="18.715833"><ele>228.75</ele></trkpt>
   <trkpt lat="50.295749" lon="18.715537"><ele>229</ele></trkpt>
   <trkpt lat="50.295718" lon="18.71517"><ele>229.25</ele></trkpt>
   <trkpt lat="50.295637" lon="18.714483"><ele>230.25</ele></trkpt>
   <trkpt lat="50.295591" lon="18.71417"><ele>230.5</ele></trkpt>
   <trkpt lat="50.295458" lon="18.713395"><ele>229.25</ele></trkpt>
   <trkpt lat="50.294988" lon="18.710821"><ele>229.75</ele></trkpt>
   <trkpt lat="50.294866" lon="18.710055"><ele>228.75</ele></trkpt>
   <trkpt lat="50.294792" lon="18.709409"><ele>229.75</ele></trkpt>
   <trkpt lat="50.294761" lon="18.709054"><ele>229.5</ele></trkpt>
   <trkpt lat="50.294721" lon="18.70835"><ele>229</ele></trkpt>
   <trkpt lat="50.294709" lon="18.70766"><ele>228.5</ele></trkpt>
   <trkpt lat="50.294716" lon="18.704087"><ele>229</ele></trkpt>
   <trkpt lat="50.294719" lon="18.702172"><ele>228.75</ele></trkpt>
   <trkpt lat="50.294719" lon="18.702062"><ele>228.75</ele></trkpt>
   <trkpt lat="50.294721" lon="18.701621"><ele>228.75</ele></trkpt>
   <trkpt lat="50.294726" lon="18.70023"><ele>229</ele></trkpt>
   <trkpt lat="50.294729" lon="18.698825"><ele>229</ele></trkpt>
   <trkpt lat="50.294732" lon="18.698136"><ele>229</ele></trkpt>
   <trkpt lat="50.294752" lon="18.697407"><ele>228.75</ele></trkpt>
   <trkpt lat="50.294777" lon="18.696935"><ele>228.25</ele></trkpt>
   <trkpt lat="50.294805" lon="18.696543"><ele>228.25</ele></trkpt>
   <trkpt lat="50.294854" lon="18.696011"><ele>228.25</ele></trkpt>
   <trkpt lat="50.29492" lon="18.695449"><ele>228</ele></trkpt>
   <trkpt lat="50.295032" lon="18.694709"><ele>228</ele></trkpt>
   <trkpt lat="50.2951" lon="18.694327"><ele>227.5</ele></trkpt>
   <trkpt lat="50.295163" lon="18.694014"><ele>227.5</ele></trkpt>
   <trkpt lat="50.295314" lon="18.693368"><ele>227</ele></trkpt>
   <trkpt lat="50.295433" lon="18.692927"><ele>227.25</ele></trkpt>
   <trkpt lat="50.295629" lon="18.692286"><ele>227</ele></trkpt>
   <trkpt lat="50.29665" lon="18.689123"><ele>226.75</ele></trkpt>
   <trkpt lat="50.29721" lon="18.687372"><ele>226</ele></trkpt>
   <trkpt lat="50.297368" lon="18.686895"><ele>226</ele></trkpt>
   <trkpt lat="50.297506" lon="18.686494"><ele>226</ele></trkpt>
   <trkpt lat="50.297846" lon="18.685573"><ele>226</ele></trkpt>
   <trkpt lat="50.298672" lon="18.683513"><ele>225</ele></trkpt>
   <trkpt lat="50.298988" lon="18.682727"><ele>225</ele></trkpt>
   <trkpt lat="50.299593" lon="18.681221"><ele>224.75</ele></trkpt>
   <trkpt lat="50.299674" lon="18.680961"><ele>225</ele></trkpt>
   <trkpt lat="50.299752" lon="18.680706"><ele>224.75</ele></trkpt>
   <trkpt lat="50.29998" lon="18.680134"><ele>224.75</ele></trkpt>
   <trkpt lat="50.300218" lon="18.679445"><ele>225</ele></trkpt>
   <trkpt lat="50.300234" lon="18.679398"><ele>225</ele></trkpt>
   <trkpt lat="50.300346" lon="18.679087"><ele>225</ele></trkpt>
   <trkpt lat="50.30043" lon="18.678877"><ele>225</ele></trkpt>
   <trkpt lat="50.300811" lon="18.677989"><ele>224.5</ele></trkpt>
   <trkpt lat="50.301197" lon="18.677039"><ele>224</ele></trkpt>
   <trkpt lat="50.301696" lon="18.675827"><ele>223.75</ele></trkpt>
   <trkpt lat="50.301796" lon="18.675574"><ele>224</ele></trkpt>
   <trkpt lat="50.301988" lon="18.675061"><ele>224</ele></trkpt>
   <trkpt lat="50.302112" lon="18.674703"><ele>224</ele></trkpt>
   <trkpt lat="50.302305" lon="18.674142"><ele>224</ele></trkpt>
   <trkpt lat="50.302423" lon="18.673824"><ele>224</ele></trkpt>
   <trkpt lat="50.302755" lon="18.672998"><ele>223</ele></trkpt>
   <trkpt lat="50.302815" lon="18.672849"><ele>223</ele></trkpt>
   <trkpt lat="50.303036" lon="18.672308"><ele>223</ele></trkpt>
   <trkpt lat="50.303312" lon="18.671765"><ele>223</ele></trkpt>
   <trkpt lat="50.30344" lon="18.67152"><ele>223.75</ele></trkpt>
   <trkpt lat="50.303612" lon="18.671133"><ele>224</ele></trkpt>
   <trkpt lat="50.303702" lon="18.670916"><ele>223.25</ele></trkpt>
   <trkpt lat="50.304043" lon="18.670103"><ele>222.5</ele></trkpt>
   <trkpt lat="50.304558" lon="18.668934"><ele>222.5</ele></trkpt>
   <trkpt lat="50.304826" lon="18.668341"><ele>222</ele></trkpt>
   <trkpt lat="50.305203" lon="18.667531"><ele>221.5</ele></trkpt>
   <trkpt lat="50.305553" lon="18.666806"><ele>221.75</ele></trkpt>
   <trkpt lat="50.305745" lon="18.666421"><ele>221.75</ele></trkpt>
   <trkpt lat="50.306193" lon="18.665555"><ele>222.25</ele></trkpt>
   <trkpt lat="50.306661" lon="18.664692"><ele>221.75</ele></trkpt>
   <trkpt lat="50.307172" lon="18.663805"><ele>218</ele></trkpt>
   <trkpt lat="50.307305" lon="18.663583"><ele>218.5</ele></trkpt>
   <trkpt lat="50.307449" lon="18.663348"><ele>221.5</ele></trkpt>
   <trkpt lat="50.307679" lon="18.662995"><ele>221.75</ele></trkpt>
   <trkpt lat="50.307917" lon="18.662645"><ele>221.25</ele></trkpt>
   <trkpt lat="50.308303" lon="18.662104"><ele>221</ele></trkpt>
   <trkpt lat="50.309375" lon="18.660632"><ele>218.25</ele></trkpt>
   <trkpt lat="50.310218" lon="18.659495"><ele>218.75</ele></trkpt>
   <trkpt lat="50.310642" lon="18.65898"><ele>218.25</ele></trkpt>
   <trkpt lat="50.310877" lon="18.658712"><ele>218</ele></trkpt>
   <trkpt lat="50.311281" lon="18.658295"><ele>218.5</ele></trkpt>
   <trkpt lat="50.311581" lon="18.658006"><ele>218.25</ele></trkpt>
   <trkpt lat="50.31196" lon="18.657669"><ele>218.25</ele></trkpt>
   <trkpt lat="50.31299" lon="18.656764"><ele>218</ele></trkpt>
   <trkpt lat="50.313096" lon="18.656666"><ele>218.25</ele></trkpt>
   <trkpt lat="50.313401" lon="18.656368"><ele>218.25</ele></trkpt>
   <trkpt lat="50.313618" lon="18.656139"><ele>219</ele></trkpt>
   <trkpt lat="50.313797" lon="18.65594"><ele>218.25</ele></trkpt>
   <trkpt lat="50.314197" lon="18.655454"><ele>218.5</ele></trkpt>
   <trkpt lat="50.314584" lon="18.654941"><ele>218.75</ele></trkpt>
   <trkpt lat="50.31499" lon="18.654344"><ele>218.75</ele></trkpt>
   <trkpt lat="50.315987" lon="18.652828"><ele>220</ele></trkpt>
   <trkpt lat="50.31619" lon="18.652538"><ele>220</ele></trkpt>
   <trkpt lat="50.316403" lon="18.652245"><ele>219</ele></trkpt>
   <trkpt lat="50.316609" lon="18.65198"><ele>219</ele></trkpt>
   <trkpt lat="50.316836" lon="18.6517"><ele>218.25</ele></trkpt>
   <trkpt lat="50.31705" lon="18.651452"><ele>218.5</ele></trkpt>
   <trkpt lat="50.317264" lon="18.651216"><ele>218.5</ele></trkpt>
   <trkpt lat="50.317497" lon="18.650975"><ele>218.75</ele></trkpt>
   <trkpt lat="50.317822" lon="18.650659"><ele>219</ele></trkpt>
   <trkpt lat="50.318444" lon="18.650101"><ele>219.5</ele></trkpt>
   <trkpt lat="50.320209" lon="18.648548"><ele>219.5</ele></trkpt>
   <trkpt lat="50.320357" lon="18.648418"><ele>219.25</ele></trkpt>
   <trkpt lat="50.321026" lon="18.647829"><ele>218.25</ele></trkpt>
   <trkpt lat="50.321809" lon="18.647139"><ele>219.25</ele></trkpt>
   <trkpt lat="50.322358" lon="18.646648"><ele>218.75</ele></trkpt>
   <trkpt lat="50.323051" lon="18.645995"><ele>218.5</ele></trkpt>
   <trkpt lat="50.323745" lon="18.645294"><ele>217.5</ele></trkpt>
   <trkpt lat="50.324208" lon="18.644798"><ele>217</ele></trkpt>
   <trkpt lat="50.324651" lon="18.64431"><ele>216.75</ele></trkpt>
   <trkpt lat="50.324891" lon="18.644035"><ele>216.25</ele></trkpt>
   <trkpt lat="50.325335" lon="18.643503"><ele>215.5</ele></trkpt>
   <trkpt lat="50.325774" lon="18.642962"><ele>215.25</ele></trkpt>
   <trkpt lat="50.326203" lon="18.642415"><ele>215.25</ele></trkpt>
   <trkpt lat="50.327533" lon="18.640628"><ele>215.25</ele></trkpt>
   <trkpt lat="50.327733" lon="18.640364"><ele>214.25</ele></trkpt>
   <trkpt lat="50.3288" lon="18.638957"><ele>215</ele></trkpt>
   <trkpt lat="50.32921" lon="18.638407"><ele>215</ele></trkpt>
   <trkpt lat="50.329433" lon="18.638089"><ele>215</ele></trkpt>
   <trkpt lat="50.329632" lon="18.637786"><ele>215</ele></trkpt>
   <trkpt lat="50.330226" lon="18.636792"><ele>215.25</ele></trkpt>
   <trkpt lat="50.331304" lon="18.634917"><ele>215</ele></trkpt>
   <trkpt lat="50.331629" lon="18.63434"><ele>215</ele></trkpt>
   <trkpt lat="50.333272" lon="18.631293"><ele>215</ele></trkpt>
   <trkpt lat="50.333541" lon="18.630813"><ele>215</ele></trkpt>
   <trkpt lat="50.334059" lon="18.629954"><ele>215</ele></trkpt>
   <trkpt lat="50.334259" lon="18.629648"><ele>215</ele></trkpt>
   <trkpt lat="50.334711" lon="18.628998"><ele>215</ele></trkpt>
   <trkpt lat="50.335153" lon="18.628423"><ele>215</ele></trkpt>
   <trkpt lat="50.335392" lon="18.628129"><ele>215</ele></trkpt>
   <trkpt lat="50.335673" lon="18.627801"><ele>215</ele></trkpt>
   <trkpt lat="50.336369" lon="18.627043"><ele>214.75</ele></trkpt>
   <trkpt lat="50.336545" lon="18.62686"><ele>215</ele></trkpt>
   <trkpt lat="50.336846" lon="18.626512"><ele>215.25</ele></trkpt>
   <trkpt lat="50.337069" lon="18.626242"><ele>215.25</ele></trkpt>
   <trkpt lat="50.337497" lon="18.625695"><ele>215</ele></trkpt>
   <trkpt lat="50.337791" lon="18.625315"><ele>215</ele></trkpt>
   <trkpt lat="50.33793" lon="18.62514"><ele>215</ele></trkpt>
   <trkpt lat="50.338119" lon="18.624901"><ele>215</ele></trkpt>
   <trkpt lat="50.338258" lon="18.624726"><ele>215</ele></trkpt>
   <trkpt lat="50.338663" lon="18.624209"><ele>215</ele></trkpt>
   <trkpt lat="50.338822" lon="18.62402"><ele>214.5</ele></trkpt>
   <trkpt lat="50.339056" lon="18.62376"><ele>214.5</ele></trkpt>
   <trkpt lat="50.339156" lon="18.623657"><ele>214</ele></trkpt>
   <trkpt lat="50.339337" lon="18.623482"><ele>214.75</ele></trkpt>
   <trkpt lat="50.339509" lon="18.623333"><ele>215</ele></trkpt>
   <trkpt lat="50.339689" lon="18.623196"><ele>215</ele></trkpt>
   <trkpt lat="50.34007" lon="18.622931"><ele>215</ele></trkpt>
   <trkpt lat="50.340328" lon="18.622768"><ele>215</ele></trkpt>
   <trkpt lat="50.340539" lon="18.622646"><ele>215</ele></trkpt>
   <trkpt lat="50.341008" lon="18.622411"><ele>214.75</ele></trkpt>
   <trkpt lat="50.3412" lon="18.622323"><ele>214</ele></trkpt>
   <trkpt lat="50.34125" lon="18.622303"><ele>214</ele></trkpt>
   <trkpt lat="50.341704" lon="18.622126"><ele>213.75</ele></trkpt>
   <trkpt lat="50.34195" lon="18.622046"><ele>213.5</ele></trkpt>
   <trkpt lat="50.342492" lon="18.621895"><ele>213</ele></trkpt>
   <trkpt lat="50.342983" lon="18.621793"><ele>211.5</ele></trkpt>
   <trkpt lat="50.34307" lon="18.621778"><ele>211</ele></trkpt>
   <trkpt lat="50.347173" lon="18.621163"><ele>215</ele></trkpt>
   <trkpt lat="50.347277" lon="18.621147"><ele>215</ele></trkpt>
   <trkpt lat="50.347307" lon="18.621142"><ele>215</ele></trkpt>
   <trkpt lat="50.347647" lon="18.621093"><ele>215</ele></trkpt>
   <trkpt lat="50.34824" lon="18.621003"><ele>214.5</ele></trkpt>
   <trkpt lat="50.348921" lon="18.620902"><ele>214.5</ele></trkpt>
   <trkpt lat="50.349209" lon="18.62086"><ele>215.75</ele></trkpt>
   <trkpt lat="50.351616" lon="18.620504"><ele>215.75</ele></trkpt>
   <trkpt lat="50.352135" lon="18.620453"><ele>215.75</ele></trkpt>
   <trkpt lat="50.352373" lon="18.62044"><ele>216.5</ele></trkpt>
   <trkpt lat="50.352899" lon="18.620434"><ele>217</ele></trkpt>
   <trkpt lat="50.353423" lon="18.620459"><ele>217.75</ele></trkpt>
   <trkpt lat="50.353684" lon="18.620486"><ele>218</ele></trkpt>
   <trkpt lat="50.354201" lon="18.620562"><ele>219</ele></trkpt>
   <trkpt lat="50.354721" lon="18.620669"><ele>219.25</ele></trkpt>
   <trkpt lat="50.355233" lon="18.620808"><ele>219.75</ele></trkpt>
   <trkpt lat="50.355745" lon="18.62098"><ele>220</ele></trkpt>
   <trkpt lat="50.355933" lon="18.621054"><ele>220</ele></trkpt>
   <trkpt lat="50.356063" lon="18.621103"><ele>220</ele></trkpt>
   <trkpt lat="50.35651" lon="18.6213"><ele>221</ele></trkpt>
   <trkpt lat="50.356768" lon="18.621426"><ele>221</ele></trkpt>
   <trkpt lat="50.357303" lon="18.621713"><ele>221.5</ele></trkpt>
   <trkpt lat="50.357771" lon="18.621983"><ele>221</ele></trkpt>
   <trkpt lat="50.357794" lon="18.621997"><ele>221</ele></trkpt>
   <trkpt lat="50.36022" lon="18.623421"><ele>221</ele></trkpt>
   <trkpt lat="50.36105" lon="18.623908"><ele>222.25</ele></trkpt>
   <trkpt lat="50.36125" lon="18.624025"><ele>220</ele></trkpt>
   <trkpt lat="50.361326" lon="18.624072"><ele>219.75</ele></trkpt>
   <trkpt lat="50.361508" lon="18.624177"><ele>221.25</ele></trkpt>
   <trkpt lat="50.361905" lon="18.624409"><ele>222.5</ele></trkpt>
   <trkpt lat="50.362738" lon="18.624895"><ele>223</ele></trkpt>
   <trkpt lat="50.365017" lon="18.626232"><ele>226.5</ele></trkpt>
   <trkpt lat="50.365854" lon="18.626723"><ele>227.25</ele></trkpt>
   <trkpt lat="50.366218" lon="18.626938"><ele>228.5</ele></trkpt>
   <trkpt lat="50.366702" lon="18.627223"><ele>228</ele></trkpt>
   <trkpt lat="50.366746" lon="18.627249"><ele>228</ele></trkpt>
   <trkpt lat="50.367544" lon="18.627712"><ele>228.5</ele></trkpt>
   <trkpt lat="50.368029" lon="18.627974"><ele>229.25</ele></trkpt>
   <trkpt lat="50.368436" lon="18.628165"><ele>229.75</ele></trkpt>
   <trkpt lat="50.368834" lon="18.628336"><ele>230</ele></trkpt>
   <trkpt lat="50.369255" lon="18.628492"><ele>230.5</ele></trkpt>
   <trkpt lat="50.369646" lon="18.628617"><ele>231.75</ele></trkpt>
   <trkpt lat="50.369905" lon="18.62869"><ele>234.5</ele></trkpt>
   <trkpt lat="50.370422" lon="18.628812"><ele>232</ele></trkpt>
   <trkpt lat="50.370678" lon="18.62886"><ele>232</ele></trkpt>
   <trkpt lat="50.371235" lon="18.628938"><ele>231.5</ele></trkpt>
   <trkpt lat="50.371497" lon="18.628964"><ele>231.75</ele></trkpt>
   <trkpt lat="50.371993" lon="18.628989"><ele>232</ele></trkpt>
   <trkpt lat="50.372523" lon="18.628982"><ele>231.5</ele></trkpt>
   <trkpt lat="50.373086" lon="18.628941"><ele>230.5</ele></trkpt>
   <trkpt lat="50.373637" lon="18.628866"><ele>231</ele></trkpt>
   <trkpt lat="50.374184" lon="18.628754"><ele>230.5</ele></trkpt>
   <trkpt lat="50.374745" lon="18.628602"><ele>230.25</ele></trkpt>
   <trkpt lat="50.375011" lon="18.628517"><ele>232</ele></trkpt>
   <trkpt lat="50.375225" lon="18.628441"><ele>231.75</ele></trkpt>
   <trkpt lat="50.375793" lon="18.628216"><ele>231.5</ele></trkpt>
   <trkpt lat="50.376175" lon="18.628039"><ele>230.5</ele></trkpt>
   <trkpt lat="50.376707" lon="18.627762"><ele>230.25</ele></trkpt>
   <trkpt lat="50.377007" lon="18.627589"><ele>230</ele></trkpt>
   <trkpt lat="50.377863" lon="18.627061"><ele>229.75</ele></trkpt>
   <trkpt lat="50.378373" lon="18.626742"><ele>229</ele></trkpt>
   <trkpt lat="50.378703" lon="18.626525"><ele>229</ele></trkpt>
   <trkpt lat="50.378806" lon="18.626453"><ele>229</ele></trkpt>
   <trkpt lat="50.379129" lon="18.626199"><ele>229.25</ele></trkpt>
   <trkpt lat="50.379428" lon="18.625927"><ele>228.25</ele></trkpt>
   <trkpt lat="50.379593" lon="18.625757"><ele>228.25</ele></trkpt>
   <trkpt lat="50.37987" lon="18.625446"><ele>228.25</ele></trkpt>
   <trkpt lat="50.380005" lon="18.625279"><ele>228</ele></trkpt>
   <trkpt lat="50.380279" lon="18.624898"><ele>228</ele></trkpt>
   <trkpt lat="50.380519" lon="18.624525"><ele>227.75</ele></trkpt>
   <trkpt lat="50.38077" lon="18.624117"><ele>227</ele></trkpt>
   <trkpt lat="50.380824" lon="18.624028"><ele>227</ele></trkpt>
   <trkpt lat="50.381399" lon="18.62306"><ele>226.75</ele></trkpt>
   <trkpt lat="50.382333" lon="18.621506"><ele>226</ele></trkpt>
   <trkpt lat="50.382469" lon="18.62128"><ele>226</ele></trkpt>
   <trkpt lat="50.382548" lon="18.621149"><ele>226</ele></trkpt>
   <trkpt lat="50.382944" lon="18.620493"><ele>226.25</ele></trkpt>
   <trkpt lat="50.383279" lon="18.619937"><ele>226</ele></trkpt>
   <trkpt lat="50.383552" lon="18.619484"><ele>226.5</ele></trkpt>
   <trkpt lat="50.383888" lon="18.618928"><ele>226.75</ele></trkpt>
   <trkpt lat="50.384124" lon="18.618535"><ele>226.75</ele></trkpt>
   <trkpt lat="50.384454" lon="18.617989"><ele>226</ele></trkpt>
   <trkpt lat="50.384545" lon="18.617839"><ele>226</ele></trkpt>
   <trkpt lat="50.385036" lon="18.617027"><ele>225.75</ele></trkpt>
   <trkpt lat="50.385215" lon="18.616741"><ele>226</ele></trkpt>
   <trkpt lat="50.385529" lon="18.616264"><ele>226</ele></trkpt>
   <trkpt lat="50.385964" lon="18.615641"><ele>226</ele></trkpt>
   <trkpt lat="50.38633" lon="18.615154"><ele>226</ele></trkpt>
   <trkpt lat="50.386617" lon="18.614792"><ele>226</ele></trkpt>
   <trkpt lat="50.387456" lon="18.613779"><ele>225.75</ele></trkpt>
   <trkpt lat="50.388142" lon="18.612949"><ele>225.5</ele></trkpt>
   <trkpt lat="50.388186" lon="18.612896"><ele>225.5</ele></trkpt>
   <trkpt lat="50.388629" lon="18.612353"><ele>225</ele></trkpt>
   <trkpt lat="50.388804" lon="18.612128"><ele>224.75</ele></trkpt>
   <trkpt lat="50.388974" lon="18.611892"><ele>224.75</ele></trkpt>
   <trkpt lat="50.389152" lon="18.611636"><ele>224.75</ele></trkpt>
   <trkpt lat="50.389477" lon="18.611141"><ele>224</ele></trkpt>
   <trkpt lat="50.389712" lon="18.610744"><ele>223.75</ele></trkpt>
   <trkpt lat="50.389946" lon="18.610326"><ele>223.75</ele></trkpt>
   <trkpt lat="50.390225" lon="18.609786"><ele>223.75</ele></trkpt>
   <trkpt lat="50.390305" lon="18.60962"><ele>223.5</ele></trkpt>
   <trkpt lat="50.391416" lon="18.607127"><ele>222</ele></trkpt>
   <trkpt lat="50.391561" lon="18.606822"><ele>222</ele></trkpt>
   <trkpt lat="50.391753" lon="18.606442"><ele>222</ele></trkpt>
   <trkpt lat="50.391983" lon="18.606009"><ele>221.25</ele></trkpt>
   <trkpt lat="50.392307" lon="18.605454"><ele>219.5</ele></trkpt>
   <trkpt lat="50.392579" lon="18.605005"><ele>217.75</ele></trkpt>
   <trkpt lat="50.39276" lon="18.604704"><ele>214</ele></trkpt>
   <trkpt lat="50.393505" lon="18.603465"><ele>219</ele></trkpt>
   <trkpt lat="50.393554" lon="18.603383"><ele>219.75</ele></trkpt>
   <trkpt lat="50.39364" lon="18.60324"><ele>220.5</ele></trkpt>
   <trkpt lat="50.396092" lon="18.599163"><ele>220</ele></trkpt>
   <trkpt lat="50.396233" lon="18.59893"><ele>219.75</ele></trkpt>
   <trkpt lat="50.396854" lon="18.597895"><ele>220</ele></trkpt>
   <trkpt lat="50.397465" lon="18.596875"><ele>220</ele></trkpt>
   <trkpt lat="50.39808" lon="18.595852"><ele>220</ele></trkpt>
   <trkpt lat="50.401243" lon="18.590587"><ele>220.25</ele></trkpt>
   <trkpt lat="50.401911" lon="18.589427"><ele>221.75</ele></trkpt>
   <trkpt lat="50.402219" lon="18.588868"><ele>221.75</ele></trkpt>
   <trkpt lat="50.402495" lon="18.588363"><ele>221.75</ele></trkpt>
   <trkpt lat="50.403082" lon="18.587298"><ele>223</ele></trkpt>
   <trkpt lat="50.403683" lon="18.586255"><ele>224.75</ele></trkpt>
   <trkpt lat="50.404013" lon="18.585695"><ele>225.5</ele></trkpt>
   <trkpt lat="50.405874" lon="18.582598"><ele>225.75</ele></trkpt>
   <trkpt lat="50.407041" lon="18.580659"><ele>227</ele></trkpt>
   <trkpt lat="50.408319" lon="18.578534"><ele>227.75</ele></trkpt>
   <trkpt lat="50.411071" lon="18.573955"><ele>230</ele></trkpt>
   <trkpt lat="50.411267" lon="18.573628"><ele>230.25</ele></trkpt>
   <trkpt lat="50.412072" lon="18.572284"><ele>230.75</ele></trkpt>
   <trkpt lat="50.412688" lon="18.571237"><ele>230.5</ele></trkpt>
   <trkpt lat="50.412893" lon="18.570884"><ele>230.75</ele></trkpt>
   <trkpt lat="50.413074" lon="18.570564"><ele>230</ele></trkpt>
   <trkpt lat="50.414838" lon="18.567447"><ele>230.25</ele></trkpt>
   <trkpt lat="50.415076" lon="18.567025"><ele>230</ele></trkpt>
   <trkpt lat="50.416437" lon="18.564611"><ele>230.5</ele></trkpt>
   <trkpt lat="50.41886" lon="18.560322"><ele>232</ele></trkpt>
   <trkpt lat="50.418987" lon="18.5601"><ele>232</ele></trkpt>
   <trkpt lat="50.419434" lon="18.559331"><ele>232.25</ele></trkpt>
   <trkpt lat="50.42048" lon="18.557561"><ele>233</ele></trkpt>
   <trkpt lat="50.422501" lon="18.554045"><ele>235</ele></trkpt>
   <trkpt lat="50.423112" lon="18.552983"><ele>235</ele></trkpt>
   <trkpt lat="50.423432" lon="18.55242"><ele>235.25</ele></trkpt>
   <trkpt lat="50.423706" lon="18.551915"><ele>235.75</ele></trkpt>
   <trkpt lat="50.423794" lon="18.551755"><ele>235.25</ele></trkpt>
   <trkpt lat="50.423971" lon="18.551405"><ele>235.75</ele></trkpt>
   <trkpt lat="50.424262" lon="18.550808"><ele>235.75</ele></trkpt>
   <trkpt lat="50.424666" lon="18.549978"><ele>236</ele></trkpt>
   <trkpt lat="50.424964" lon="18.549407"><ele>235.25</ele></trkpt>
   <trkpt lat="50.425179" lon="18.549016"><ele>235.75</ele></trkpt>
   <trkpt lat="50.428527" lon="18.543071"><ele>236</ele></trkpt>
   <trkpt lat="50.428618" lon="18.542908"><ele>237.5</ele></trkpt>
   <trkpt lat="50.428821" lon="18.542548"><ele>237.75</ele></trkpt>
   <trkpt lat="50.429131" lon="18.542004"><ele>233.75</ele></trkpt>
   <trkpt lat="50.429723" lon="18.540944"><ele>234</ele></trkpt>
   <trkpt lat="50.429772" lon="18.540856"><ele>234</ele></trkpt>
   <trkpt lat="50.430326" lon="18.539876"><ele>232.75</ele></trkpt>
   <trkpt lat="50.433286" lon="18.534623"><ele>232.75</ele></trkpt>
   <trkpt lat="50.43461" lon="18.532275"><ele>227.5</ele></trkpt>
   <trkpt lat="50.435985" lon="18.529835"><ele>229</ele></trkpt>
   <trkpt lat="50.436303" lon="18.529256"><ele>230.5</ele></trkpt>
   <trkpt lat="50.436652" lon="18.528596"><ele>229.75</ele></trkpt>
   <trkpt lat="50.436945" lon="18.528005"><ele>231</ele></trkpt>
   <trkpt lat="50.437327" lon="18.52719"><ele>230</ele></trkpt>
   <trkpt lat="50.437631" lon="18.52649"><ele>230</ele></trkpt>
   <trkpt lat="50.437943" lon="18.525718"><ele>230</ele></trkpt>
   <trkpt lat="50.438071" lon="18.525386"><ele>230</ele></trkpt>
   <trkpt lat="50.438205" lon="18.525024"><ele>229.5</ele></trkpt>
   <trkpt lat="50.438466" lon="18.524277"><ele>228.5</ele></trkpt>
   <trkpt lat="50.43874" lon="18.523433"><ele>229</ele></trkpt>
   <trkpt lat="50.439042" lon="18.522428"><ele>228.25</ele></trkpt>
   <trkpt lat="50.439755" lon="18.520013"><ele>229</ele></trkpt>
   <trkpt lat="50.439823" lon="18.519785"><ele>228.75</ele></trkpt>
   <trkpt lat="50.440043" lon="18.51904"><ele>229</ele></trkpt>
   <trkpt lat="50.440151" lon="18.518674"><ele>229</ele></trkpt>
   <trkpt lat="50.441218" lon="18.515059"><ele>229.75</ele></trkpt>
   <trkpt lat="50.441476" lon="18.514182"><ele>230</ele></trkpt>
   <trkpt lat="50.441635" lon="18.513641"><ele>230</ele></trkpt>
   <trkpt lat="50.441779" lon="18.513163"><ele>230</ele></trkpt>
   <trkpt lat="50.442059" lon="18.512218"><ele>230</ele></trkpt>
   <trkpt lat="50.442249" lon="18.511574"><ele>230</ele></trkpt>
   <trkpt lat="50.442254" lon="18.511558"><ele>230</ele></trkpt>
   <trkpt lat="50.442671" lon="18.510147"><ele>229.25</ele></trkpt>
   <trkpt lat="50.443032" lon="18.508936"><ele>228</ele></trkpt>
   <trkpt lat="50.443114" lon="18.508656"><ele>228</ele></trkpt>
   <trkpt lat="50.443572" lon="18.507109"><ele>226.25</ele></trkpt>
   <trkpt lat="50.444057" lon="18.505469"><ele>223.5</ele></trkpt>
   <trkpt lat="50.444224" lon="18.504905"><ele>226.25</ele></trkpt>
   <trkpt lat="50.444981" lon="18.502347"><ele>228.25</ele></trkpt>
   <trkpt lat="50.445401" lon="18.500925"><ele>227.75</ele></trkpt>
   <trkpt lat="50.447859" lon="18.492619"><ele>234.75</ele></trkpt>
   <trkpt lat="50.448238" lon="18.491334"><ele>235.75</ele></trkpt>
   <trkpt lat="50.448647" lon="18.489948"><ele>236</ele></trkpt>
   <trkpt lat="50.448779" lon="18.489505"><ele>236.25</ele></trkpt>
   <trkpt lat="50.448999" lon="18.488761"><ele>236.5</ele></trkpt>
   <trkpt lat="50.449574" lon="18.48682"><ele>238.75</ele></trkpt>
   <trkpt lat="50.451552" lon="18.480123"><ele>241.25</ele></trkpt>
   <trkpt lat="50.45227" lon="18.477697"><ele>241</ele></trkpt>
   <trkpt lat="50.452312" lon="18.477553"><ele>241.5</ele></trkpt>
   <trkpt lat="50.452716" lon="18.476177"><ele>242</ele></trkpt>
   <trkpt lat="50.452884" lon="18.475614"><ele>241.75</ele></trkpt>
   <trkpt lat="50.453265" lon="18.474324"><ele>242</ele></trkpt>
   <trkpt lat="50.453641" lon="18.473052"><ele>243</ele></trkpt>
   <trkpt lat="50.455591" lon="18.466438"><ele>245</ele></trkpt>
   <trkpt lat="50.455989" lon="18.465089"><ele>245.5</ele></trkpt>
   <trkpt lat="50.456254" lon="18.464188"><ele>245.5</ele></trkpt>
   <trkpt lat="50.456327" lon="18.463938"><ele>245.75</ele></trkpt>
   <trkpt lat="50.456749" lon="18.462528"><ele>246</ele></trkpt>
   <trkpt lat="50.457119" lon="18.461362"><ele>246.5</ele></trkpt>
   <trkpt lat="50.457511" lon="18.460232"><ele>247.75</ele></trkpt>
   <trkpt lat="50.457932" lon="18.459157"><ele>248.5</ele></trkpt>
   <trkpt lat="50.458257" lon="18.458407"><ele>248.5</ele></trkpt>
   <trkpt lat="50.458592" lon="18.457663"><ele>248.25</ele></trkpt>
   <trkpt lat="50.461209" lon="18.452109"><ele>250.5</ele></trkpt>
   <trkpt lat="50.461397" lon="18.451708"><ele>251</ele></trkpt>
   <trkpt lat="50.462061" lon="18.4503"><ele>252</ele></trkpt>
   <trkpt lat="50.46228" lon="18.449835"><ele>252</ele></trkpt>
   <trkpt lat="50.462391" lon="18.449598"><ele>252.25</ele></trkpt>
   <trkpt lat="50.463324" lon="18.447617"><ele>253</ele></trkpt>
   <trkpt lat="50.464028" lon="18.446123"><ele>253</ele></trkpt>
   <trkpt lat="50.464358" lon="18.445423"><ele>253</ele></trkpt>
   <trkpt lat="50.464692" lon="18.444715"><ele>253.75</ele></trkpt>
   <trkpt lat="50.465025" lon="18.444008"><ele>253.5</ele></trkpt>
   <trkpt lat="50.467988" lon="18.437716"><ele>252.75</ele></trkpt>
   <trkpt lat="50.468091" lon="18.437498"><ele>253.5</ele></trkpt>
   <trkpt lat="50.468712" lon="18.436178"><ele>253.5</ele></trkpt>
   <trkpt lat="50.468844" lon="18.435893"><ele>253.5</ele></trkpt>
   <trkpt lat="50.472857" lon="18.42738"><ele>254.75</ele></trkpt>
   <trkpt lat="50.473772" lon="18.425437"><ele>254.5</ele></trkpt>
   <trkpt lat="50.473871" lon="18.425226"><ele>253</ele></trkpt>
   <trkpt lat="50.474307" lon="18.424301"><ele>253.25</ele></trkpt>
   <trkpt lat="50.474857" lon="18.423138"><ele>252</ele></trkpt>
   <trkpt lat="50.475413" lon="18.421956"><ele>252.25</ele></trkpt>
   <trkpt lat="50.479699" lon="18.412869"><ele>247.25</ele></trkpt>
   <trkpt lat="50.480941" lon="18.410237"><ele>246.25</ele></trkpt>
   <trkpt lat="50.482506" lon="18.406923"><ele>243.75</ele></trkpt>
   <trkpt lat="50.482625" lon="18.406668"><ele>243</ele></trkpt>
   <trkpt lat="50.482825" lon="18.406212"><ele>243</ele></trkpt>
   <trkpt lat="50.482915" lon="18.40598"><ele>243</ele></trkpt>
   <trkpt lat="50.483062" lon="18.405647"><ele>243.75</ele></trkpt>
   <trkpt lat="50.48313" lon="18.405501"><ele>243.75</ele></trkpt>
   <trkpt lat="50.483224" lon="18.405302"><ele>243.5</ele></trkpt>
   <trkpt lat="50.483251" lon="18.405246"><ele>243.5</ele></trkpt>
   <trkpt lat="50.483265" lon="18.405215"><ele>243.5</ele></trkpt>
   <trkpt lat="50.483474" lon="18.404776"><ele>243.75</ele></trkpt>
   <trkpt lat="50.483802" lon="18.404084"><ele>243.5</ele></trkpt>
   <trkpt lat="50.484332" lon="18.402961"><ele>243.5</ele></trkpt>
   <trkpt lat="50.486618" lon="18.398112"><ele>242.75</ele></trkpt>
   <trkpt lat="50.487165" lon="18.396951"><ele>243</ele></trkpt>
   <trkpt lat="50.488754" lon="18.39359"><ele>243.25</ele></trkpt>
   <trkpt lat="50.490129" lon="18.390682"><ele>242.25</ele></trkpt>
   <trkpt lat="50.491577" lon="18.387611"><ele>244</ele></trkpt>
   <trkpt lat="50.494097" lon="18.382273"><ele>240.5</ele></trkpt>
   <trkpt lat="50.494534" lon="18.381332"><ele>240</ele></trkpt>
   <trkpt lat="50.494839" lon="18.380627"><ele>239.75</ele></trkpt>
   <trkpt lat="50.495129" lon="18.379914"><ele>240</ele></trkpt>
   <trkpt lat="50.495425" lon="18.379129"><ele>240</ele></trkpt>
   <trkpt lat="50.495743" lon="18.378223"><ele>240</ele></trkpt>
   <trkpt lat="50.49585" lon="18.377898"><ele>239.75</ele></trkpt>
   <trkpt lat="50.496236" lon="18.376647"><ele>239</ele></trkpt>
   <trkpt lat="50.496614" lon="18.375352"><ele>239.25</ele></trkpt>
   <trkpt lat="50.498229" lon="18.369814"><ele>241</ele></trkpt>
   <trkpt lat="50.49863" lon="18.368439"><ele>240</ele></trkpt>
   <trkpt lat="50.501965" lon="18.356992"><ele>240.75</ele></trkpt>
   <trkpt lat="50.504079" lon="18.349735"><ele>240</ele></trkpt>
   <trkpt lat="50.5057" lon="18.344168"><ele>238.75</ele></trkpt>
   <trkpt lat="50.506828" lon="18.340293"><ele>236.75</ele></trkpt>
   <trkpt lat="50.508477" lon="18.33463"><ele>236.25</ele></trkpt>
   <trkpt lat="50.508944" lon="18.333026"><ele>236</ele></trkpt>
   <trkpt lat="50.509318" lon="18.331738"><ele>235.5</ele></trkpt>
   <trkpt lat="50.509437" lon="18.331329"><ele>235.75</ele></trkpt>
   <trkpt lat="50.509473" lon="18.331208"><ele>235.75</ele></trkpt>
   <trkpt lat="50.509694" lon="18.330449"><ele>235.75</ele></trkpt>
   <trkpt lat="50.513136" lon="18.318588"><ele>231</ele></trkpt>
   <trkpt lat="50.513253" lon="18.318184"><ele>231</ele></trkpt>
   <trkpt lat="50.513425" lon="18.317592"><ele>230</ele></trkpt>
   <trkpt lat="50.513761" lon="18.316435"><ele>229.75</ele></trkpt>
   <trkpt lat="50.514224" lon="18.314841"><ele>229.25</ele></trkpt>
   <trkpt lat="50.514434" lon="18.314118"><ele>229.75</ele></trkpt>
   <trkpt lat="50.515053" lon="18.311972"><ele>229.25</ele></trkpt>
   <trkpt lat="50.51511" lon="18.311773"><ele>229.75</ele></trkpt>
   <trkpt lat="50.515177" lon="18.311543"><ele>229.5</ele></trkpt>
   <trkpt lat="50.515197" lon="18.311472"><ele>229.5</ele></trkpt>
   <trkpt lat="50.51532" lon="18.311098"><ele>229</ele></trkpt>
   <trkpt lat="50.515434" lon="18.310807"><ele>230</ele></trkpt>
   <trkpt lat="50.515532" lon="18.310466"><ele>229.5</ele></trkpt>
   <trkpt lat="50.515615" lon="18.310209"><ele>229</ele></trkpt>
   <trkpt lat="50.515778" lon="18.309779"><ele>229</ele></trkpt>
   <trkpt lat="50.515928" lon="18.309271"><ele>229</ele></trkpt>
   <trkpt lat="50.516161" lon="18.308638"><ele>229</ele></trkpt>
   <trkpt lat="50.516229" lon="18.308435"><ele>229</ele></trkpt>
   <trkpt lat="50.516325" lon="18.308115"><ele>229</ele></trkpt>
   <trkpt lat="50.516347" lon="18.308039"><ele>229</ele></trkpt>
   <trkpt lat="50.516381" lon="18.307923"><ele>229</ele></trkpt>
   <trkpt lat="50.516474" lon="18.3076"><ele>229</ele></trkpt>
   <trkpt lat="50.516755" lon="18.306632"><ele>228.75</ele></trkpt>
   <trkpt lat="50.517126" lon="18.305359"><ele>229.5</ele></trkpt>
   <trkpt lat="50.517282" lon="18.304816"><ele>229</ele></trkpt>
   <trkpt lat="50.517494" lon="18.304092"><ele>229</ele></trkpt>
   <trkpt lat="50.517743" lon="18.303197"><ele>229</ele></trkpt>
   <trkpt lat="50.518215" lon="18.301416"><ele>229</ele></trkpt>
   <trkpt lat="50.518444" lon="18.300589"><ele>229</ele></trkpt>
   <trkpt lat="50.518752" lon="18.299526"><ele>229</ele></trkpt>
   <trkpt lat="50.518878" lon="18.299087"><ele>229.5</ele></trkpt>
   <trkpt lat="50.518918" lon="18.298949"><ele>228.75</ele></trkpt>
   <trkpt lat="50.518929" lon="18.298911"><ele>228.5</ele></trkpt>
   <trkpt lat="50.519057" lon="18.29847"><ele>228.75</ele></trkpt>
   <trkpt lat="50.519129" lon="18.298196"><ele>229.5</ele></trkpt>
   <trkpt lat="50.519229" lon="18.297727"><ele>228.25</ele></trkpt>
   <trkpt lat="50.519302" lon="18.297366"><ele>228.75</ele></trkpt>
   <trkpt lat="50.519407" lon="18.296944"><ele>228.25</ele></trkpt>
   <trkpt lat="50.519563" lon="18.29641"><ele>229.25</ele></trkpt>
   <trkpt lat="50.520308" lon="18.29385"><ele>226.5</ele></trkpt>
   <trkpt lat="50.520364" lon="18.293646"><ele>225.5</ele></trkpt>
   <trkpt lat="50.520538" lon="18.292976"><ele>227.5</ele></trkpt>
   <trkpt lat="50.520607" lon="18.292683"><ele>226.75</ele></trkpt>
   <trkpt lat="50.520698" lon="18.29228"><ele>225.5</ele></trkpt>
   <trkpt lat="50.520799" lon="18.291795"><ele>226.5</ele></trkpt>
   <trkpt lat="50.520926" lon="18.291128"><ele>224.25</ele></trkpt>
   <trkpt lat="50.520996" lon="18.290709"><ele>224.25</ele></trkpt>
   <trkpt lat="50.521107" lon="18.289953"><ele>225.75</ele></trkpt>
   <trkpt lat="50.521205" lon="18.289144"><ele>224.5</ele></trkpt>
   <trkpt lat="50.521285" lon="18.288315"><ele>224.25</ele></trkpt>
   <trkpt lat="50.521717" lon="18.28318"><ele>224.25</ele></trkpt>
   <trkpt lat="50.521721" lon="18.28313"><ele>224.5</ele></trkpt>
   <trkpt lat="50.522074" lon="18.278959"><ele>225.25</ele></trkpt>
   <trkpt lat="50.522173" lon="18.27779"><ele>225</ele></trkpt>
   <trkpt lat="50.522288" lon="18.276408"><ele>225</ele></trkpt>
   <trkpt lat="50.522405" lon="18.275023"><ele>225</ele></trkpt>
   <trkpt lat="50.522519" lon="18.273683"><ele>224</ele></trkpt>
   <trkpt lat="50.522864" lon="18.269613"><ele>223.5</ele></trkpt>
   <trkpt lat="50.522939" lon="18.268708"><ele>222</ele></trkpt>
   <trkpt lat="50.523174" lon="18.265923"><ele>221.5</ele></trkpt>
   <trkpt lat="50.523197" lon="18.265657"><ele>221.75</ele></trkpt>
   <trkpt lat="50.523253" lon="18.264986"><ele>222</ele></trkpt>
   <trkpt lat="50.523314" lon="18.264271"><ele>222.75</ele></trkpt>
   <trkpt lat="50.52343" lon="18.262883"><ele>222</ele></trkpt>
   <trkpt lat="50.523552" lon="18.261442"><ele>222.75</ele></trkpt>
   <trkpt lat="50.524051" lon="18.255536"><ele>219.5</ele></trkpt>
   <trkpt lat="50.524432" lon="18.251013"><ele>223</ele></trkpt>
   <trkpt lat="50.524485" lon="18.250376"><ele>223</ele></trkpt>
   <trkpt lat="50.524757" lon="18.247137"><ele>223.25</ele></trkpt>
   <trkpt lat="50.524908" lon="18.245341"><ele>224</ele></trkpt>
   <trkpt lat="50.525215" lon="18.241686"><ele>222.5</ele></trkpt>
   <trkpt lat="50.525394" lon="18.239562"><ele>222.5</ele></trkpt>
   <trkpt lat="50.525549" lon="18.237714"><ele>223</ele></trkpt>
   <trkpt lat="50.525602" lon="18.237151"><ele>223.75</ele></trkpt>
   <trkpt lat="50.525615" lon="18.237019"><ele>224</ele></trkpt>
   <trkpt lat="50.525719" lon="18.236176"><ele>224.5</ele></trkpt>
   <trkpt lat="50.52584" lon="18.235423"><ele>223.25</ele></trkpt>
   <trkpt lat="50.525946" lon="18.234839"><ele>224</ele></trkpt>
   <trkpt lat="50.526342" lon="18.232697"><ele>222.75</ele></trkpt>
   <trkpt lat="50.526502" lon="18.231928"><ele>223.25</ele></trkpt>
   <trkpt lat="50.526646" lon="18.231278"><ele>223.25</ele></trkpt>
   <trkpt lat="50.527026" lon="18.229579"><ele>224.5</ele></trkpt>
   <trkpt lat="50.527469" lon="18.227616"><ele>223.5</ele></trkpt>
   <trkpt lat="50.527705" lon="18.226618"><ele>224</ele></trkpt>
   <trkpt lat="50.527957" lon="18.225549"><ele>223.5</ele></trkpt>
   <trkpt lat="50.528168" lon="18.224661"><ele>223.75</ele></trkpt>
   <trkpt lat="50.5283" lon="18.224099"><ele>223</ele></trkpt>
   <trkpt lat="50.528339" lon="18.223934"><ele>222.75</ele></trkpt>
   <trkpt lat="50.528402" lon="18.223659"><ele>223.5</ele></trkpt>
   <trkpt lat="50.528546" lon="18.223023"><ele>223</ele></trkpt>
   <trkpt lat="50.528577" lon="18.22289"><ele>223</ele></trkpt>
   <trkpt lat="50.528691" lon="18.222385"><ele>223</ele></trkpt>
   <trkpt lat="50.528705" lon="18.222324"><ele>223</ele></trkpt>
   <trkpt lat="50.52879" lon="18.221947"><ele>223</ele></trkpt>
   <trkpt lat="50.529185" lon="18.22013"><ele>222.5</ele></trkpt>
   <trkpt lat="50.529239" lon="18.219885"><ele>221.75</ele></trkpt>
   <trkpt lat="50.529901" lon="18.216875"><ele>223</ele></trkpt>
   <trkpt lat="50.531276" lon="18.210754"><ele>224</ele></trkpt>
   <trkpt lat="50.531333" lon="18.210502"><ele>223.75</ele></trkpt>
   <trkpt lat="50.532898" lon="18.20354"><ele>223</ele></trkpt>
   <trkpt lat="50.533195" lon="18.202215"><ele>220.75</ele></trkpt>
   <trkpt lat="50.533477" lon="18.200957"><ele>218</ele></trkpt>
   <trkpt lat="50.533768" lon="18.19967"><ele>217</ele></trkpt>
   <trkpt lat="50.534334" lon="18.197171"><ele>215.25</ele></trkpt>
   <trkpt lat="50.537356" lon="18.183852"><ele>211.75</ele></trkpt>
   <trkpt lat="50.538405" lon="18.179242"><ele>209.5</ele></trkpt>
   <trkpt lat="50.538431" lon="18.179129"><ele>209</ele></trkpt>
   <trkpt lat="50.540388" lon="18.170538"><ele>209</ele></trkpt>
   <trkpt lat="50.543458" lon="18.157244"><ele>205.75</ele></trkpt>
   <trkpt lat="50.544729" lon="18.151741"><ele>201.25</ele></trkpt>
   <trkpt lat="50.545032" lon="18.150424"><ele>200</ele></trkpt>
   <trkpt lat="50.545094" lon="18.150155"><ele>200</ele></trkpt>
   <trkpt lat="50.545341" lon="18.14909"><ele>199.75</ele></trkpt>
   <trkpt lat="50.545651" lon="18.147753"><ele>198.25</ele></trkpt>
   <trkpt lat="50.546535" lon="18.143952"><ele>193.75</ele></trkpt>
   <trkpt lat="50.547283" lon="18.140735"><ele>195</ele></trkpt>
   <trkpt lat="50.547954" lon="18.137842"><ele>195.75</ele></trkpt>
   <trkpt lat="50.548783" lon="18.134275"><ele>193.75</ele></trkpt>
   <trkpt lat="50.548926" lon="18.13366"><ele>192.75</ele></trkpt>
   <trkpt lat="50.549103" lon="18.132901"><ele>193</ele></trkpt>
   <trkpt lat="50.549318" lon="18.131971"><ele>191.5</ele></trkpt>
   <trkpt lat="50.549714" lon="18.130275"><ele>189.75</ele></trkpt>
   <trkpt lat="50.549861" lon="18.129641"><ele>189</ele></trkpt>
   <trkpt lat="50.549913" lon="18.129418"><ele>188.75</ele></trkpt>
   <trkpt lat="50.549918" lon="18.129399"><ele>188.75</ele></trkpt>
   <trkpt lat="50.549969" lon="18.129179"><ele>188.75</ele></trkpt>
   <trkpt lat="50.55004" lon="18.128904"><ele>188.75</ele></trkpt>
   <trkpt lat="50.550201" lon="18.128388"><ele>188.75</ele></trkpt>
   <trkpt lat="50.550274" lon="18.128108"><ele>188.75</ele></trkpt>
   <trkpt lat="50.550321" lon="18.1279"><ele>188.75</ele></trkpt>
   <trkpt lat="50.550369" lon="18.127692"><ele>189</ele></trkpt>
   <trkpt lat="50.550445" lon="18.127406"><ele>189</ele></trkpt>
   <trkpt lat="50.55055" lon="18.127078"><ele>189</ele></trkpt>
   <trkpt lat="50.550621" lon="18.126817"><ele>188.75</ele></trkpt>
   <trkpt lat="50.550867" lon="18.125754"><ele>189</ele></trkpt>
   <trkpt lat="50.551837" lon="18.121565"><ele>189</ele></trkpt>
   <trkpt lat="50.552922" lon="18.116882"><ele>189</ele></trkpt>
   <trkpt lat="50.553027" lon="18.116433"><ele>189</ele></trkpt>
   <trkpt lat="50.553158" lon="18.115887"><ele>189</ele></trkpt>
   <trkpt lat="50.553332" lon="18.115206"><ele>188.25</ele></trkpt>
   <trkpt lat="50.553397" lon="18.114956"><ele>188.5</ele></trkpt>
   <trkpt lat="50.553568" lon="18.114348"><ele>189</ele></trkpt>
   <trkpt lat="50.553656" lon="18.114078"><ele>188.75</ele></trkpt>
   <trkpt lat="50.553833" lon="18.113595"><ele>189</ele></trkpt>
   <trkpt lat="50.554252" lon="18.112558"><ele>188.75</ele></trkpt>
   <trkpt lat="50.554347" lon="18.112298"><ele>189</ele></trkpt>
   <trkpt lat="50.554446" lon="18.111991"><ele>188.75</ele></trkpt>
   <trkpt lat="50.55455" lon="18.111717"><ele>188.75</ele></trkpt>
   <trkpt lat="50.554656" lon="18.111465"><ele>188.75</ele></trkpt>
   <trkpt lat="50.554871" lon="18.110967"><ele>188.5</ele></trkpt>
   <trkpt lat="50.555111" lon="18.110436"><ele>188</ele></trkpt>
   <trkpt lat="50.555275" lon="18.110096"><ele>188.5</ele></trkpt>
   <trkpt lat="50.55565" lon="18.10936"><ele>188.25</ele></trkpt>
   <trkpt lat="50.556157" lon="18.108388"><ele>188</ele></trkpt>
   <trkpt lat="50.556266" lon="18.108178"><ele>188.5</ele></trkpt>
   <trkpt lat="50.557162" lon="18.106455"><ele>187.25</ele></trkpt>
   <trkpt lat="50.557615" lon="18.105588"><ele>187</ele></trkpt>
   <trkpt lat="50.557761" lon="18.105305"><ele>187</ele></trkpt>
   <trkpt lat="50.559494" lon="18.101985"><ele>185</ele></trkpt>
   <trkpt lat="50.561742" lon="18.097666"><ele>182.25</ele></trkpt>
   <trkpt lat="50.562254" lon="18.096684"><ele>181.75</ele></trkpt>
   <trkpt lat="50.56282" lon="18.09559"><ele>181.5</ele></trkpt>
   <trkpt lat="50.562927" lon="18.095383"><ele>181</ele></trkpt>
   <trkpt lat="50.563461" lon="18.094363"><ele>180.5</ele></trkpt>
   <trkpt lat="50.56347" lon="18.094346"><ele>180.5</ele></trkpt>
   <trkpt lat="50.564068" lon="18.093194"><ele>180</ele></trkpt>
   <trkpt lat="50.56411" lon="18.093114"><ele>180</ele></trkpt>
   <trkpt lat="50.564637" lon="18.092102"><ele>180</ele></trkpt>
   <trkpt lat="50.565214" lon="18.090999"><ele>179.25</ele></trkpt>
   <trkpt lat="50.566668" lon="18.088201"><ele>178</ele></trkpt>
   <trkpt lat="50.567717" lon="18.086186"><ele>177.75</ele></trkpt>
   <trkpt lat="50.569209" lon="18.083321"><ele>175.75</ele></trkpt>
   <trkpt lat="50.569425" lon="18.082906"><ele>175.75</ele></trkpt>
   <trkpt lat="50.569739" lon="18.082303"><ele>175.5</ele></trkpt>
   <trkpt lat="50.570724" lon="18.080407"><ele>174.5</ele></trkpt>
   <trkpt lat="50.571295" lon="18.079309"><ele>174.5</ele></trkpt>
   <trkpt lat="50.571863" lon="18.078216"><ele>175</ele></trkpt>
   <trkpt lat="50.571958" lon="18.078032"><ele>174.75</ele></trkpt>
   <trkpt lat="50.572092" lon="18.077781"><ele>174.75</ele></trkpt>
   <trkpt lat="50.572438" lon="18.07711"><ele>175</ele></trkpt>
   <trkpt lat="50.57251" lon="18.076972"><ele>174.75</ele></trkpt>
   <trkpt lat="50.573223" lon="18.075598"><ele>174.5</ele></trkpt>
   <trkpt lat="50.574163" lon="18.073788"><ele>174.5</ele></trkpt>
   <trkpt lat="50.576565" lon="18.069171"><ele>175</ele></trkpt>
   <trkpt lat="50.576587" lon="18.069128"><ele>175</ele></trkpt>
   <trkpt lat="50.577587" lon="18.067206"><ele>175</ele></trkpt>
   <trkpt lat="50.577646" lon="18.067092"><ele>175</ele></trkpt>
   <trkpt lat="50.578214" lon="18.065997"><ele>175</ele></trkpt>
   <trkpt lat="50.579275" lon="18.063956"><ele>175</ele></trkpt>
   <trkpt lat="50.579827" lon="18.062896"><ele>174</ele></trkpt>
   <trkpt lat="50.584012" lon="18.054833"><ele>171</ele></trkpt>
   <trkpt lat="50.585523" lon="18.051923"><ele>169.75</ele></trkpt>
   <trkpt lat="50.58607" lon="18.050869"><ele>169.75</ele></trkpt>
   <trkpt lat="50.586717" lon="18.049629"><ele>169</ele></trkpt>
   <trkpt lat="50.587253" lon="18.048596"><ele>168.75</ele></trkpt>
   <trkpt lat="50.588279" lon="18.046622"><ele>169</ele></trkpt>
   <trkpt lat="50.592617" lon="18.03825"><ele>165</ele></trkpt>
   <trkpt lat="50.594326" lon="18.03495"><ele>164</ele></trkpt>
   <trkpt lat="50.598722" lon="18.026447"><ele>163</ele></trkpt>
   <trkpt lat="50.602851" lon="18.01846"><ele>161</ele></trkpt>
   <trkpt lat="50.611961" lon="18.00081"><ele>160.75</ele></trkpt>
   <trkpt lat="50.612131" lon="18.000478"><ele>160.75</ele></trkpt>
   <trkpt lat="50.615907" lon="17.99315"><ele>160</ele></trkpt>
   <trkpt lat="50.616305" lon="17.992375"><ele>160.5</ele></trkpt>
   <trkpt lat="50.617068" lon="17.990898"><ele>160</ele></trkpt>
   <trkpt lat="50.619261" lon="17.986639"><ele>159.5</ele></trkpt>
   <trkpt lat="50.61985" lon="17.985496"><ele>159.5</ele></trkpt>
   <trkpt lat="50.620428" lon="17.984373"><ele>160</ele></trkpt>
   <trkpt lat="50.620984" lon="17.983294"><ele>160</ele></trkpt>
   <trkpt lat="50.620998" lon="17.983265"><ele>160</ele></trkpt>
   <trkpt lat="50.621337" lon="17.982608"><ele>160.25</ele></trkpt>
   <trkpt lat="50.621549" lon="17.982197"><ele>160</ele></trkpt>
   <trkpt lat="50.622976" lon="17.979425"><ele>161</ele></trkpt>
   <trkpt lat="50.623421" lon="17.978558"><ele>161</ele></trkpt>
   <trkpt lat="50.627212" lon="17.971196"><ele>162.5</ele></trkpt>
   <trkpt lat="50.627301" lon="17.971023"><ele>162.5</ele></trkpt>
   <trkpt lat="50.627559" lon="17.970513"><ele>162.75</ele></trkpt>
   <trkpt lat="50.627755" lon="17.970106"><ele>162.5</ele></trkpt>
   <trkpt lat="50.627885" lon="17.969818"><ele>162.75</ele></trkpt>
   <trkpt lat="50.628046" lon="17.969437"><ele>163</ele></trkpt>
   <trkpt lat="50.62814" lon="17.969207"><ele>162.5</ele></trkpt>
   <trkpt lat="50.628404" lon="17.968512"><ele>162.5</ele></trkpt>
   <trkpt lat="50.628487" lon="17.968291"><ele>162.5</ele></trkpt>
   <trkpt lat="50.628711" lon="17.967699"><ele>162.75</ele></trkpt>
   <trkpt lat="50.62897" lon="17.967012"><ele>163.25</ele></trkpt>
   <trkpt lat="50.62911" lon="17.966643"><ele>163.5</ele></trkpt>
   <trkpt lat="50.62946" lon="17.965716"><ele>164</ele></trkpt>
   <trkpt lat="50.629817" lon="17.964769"><ele>165</ele></trkpt>
   <trkpt lat="50.62989" lon="17.964577"><ele>165</ele></trkpt>
   <trkpt lat="50.630006" lon="17.96427"><ele>165</ele></trkpt>
   <trkpt lat="50.630193" lon="17.963798"><ele>164.5</ele></trkpt>
   <trkpt lat="50.630312" lon="17.963538"><ele>164.75</ele></trkpt>
   <trkpt lat="50.630453" lon="17.963253"><ele>164.5</ele></trkpt>
   <trkpt lat="50.63063" lon="17.96294"><ele>165</ele></trkpt>
   <trkpt lat="50.630671" lon="17.962874"><ele>165</ele></trkpt>
   <trkpt lat="50.630707" lon="17.962813"><ele>165</ele></trkpt>
   <trkpt lat="50.631117" lon="17.962156"><ele>165</ele></trkpt>
   <trkpt lat="50.631306" lon="17.961885"><ele>165</ele></trkpt>
   <trkpt lat="50.631485" lon="17.96164"><ele>164.5</ele></trkpt>
   <trkpt lat="50.631663" lon="17.961383"><ele>164.75</ele></trkpt>
   <trkpt lat="50.63198" lon="17.960883"><ele>165</ele></trkpt>
   <trkpt lat="50.632129" lon="17.960669"><ele>165</ele></trkpt>
   <trkpt lat="50.632258" lon="17.960493"><ele>165</ele></trkpt>
   <trkpt lat="50.632377" lon="17.960333"><ele>165</ele></trkpt>
   <trkpt lat="50.632733" lon="17.959846"><ele>165</ele></trkpt>
   <trkpt lat="50.632867" lon="17.959667"><ele>165</ele></trkpt>
   <trkpt lat="50.633335" lon="17.959028"><ele>165</ele></trkpt>
   <trkpt lat="50.634073" lon="17.958029"><ele>165</ele></trkpt>
   <trkpt lat="50.634578" lon="17.957371"><ele>165</ele></trkpt>
   <trkpt lat="50.635256" lon="17.956509"><ele>165</ele></trkpt>
   <trkpt lat="50.635874" lon="17.955689"><ele>165</ele></trkpt>
   <trkpt lat="50.636199" lon="17.955247"><ele>165</ele></trkpt>
   <trkpt lat="50.636566" lon="17.954749"><ele>165</ele></trkpt>
   <trkpt lat="50.636682" lon="17.95459"><ele>165</ele></trkpt>
   <trkpt lat="50.637101" lon="17.954016"><ele>164.5</ele></trkpt>
   <trkpt lat="50.637235" lon="17.953828"><ele>164</ele></trkpt>
   <trkpt lat="50.637935" lon="17.952811"><ele>164.25</ele></trkpt>
   <trkpt lat="50.638459" lon="17.95206"><ele>164.5</ele></trkpt>
   <trkpt lat="50.638502" lon="17.952002"><ele>164.25</ele></trkpt>
   <trkpt lat="50.639194" lon="17.951056"><ele>164.25</ele></trkpt>
   <trkpt lat="50.639588" lon="17.950519"><ele>164.25</ele></trkpt>
   <trkpt lat="50.639651" lon="17.950433"><ele>164.25</ele></trkpt>
   <trkpt lat="50.640296" lon="17.949571"><ele>164.5</ele></trkpt>
   <trkpt lat="50.64044" lon="17.94939"><ele>164.5</ele></trkpt>
   <trkpt lat="50.640485" lon="17.949335"><ele>164.5</ele></trkpt>
   <trkpt lat="50.640713" lon="17.949065"><ele>164.75</ele></trkpt>
   <trkpt lat="50.640997" lon="17.948754"><ele>164.5</ele></trkpt>
   <trkpt lat="50.641441" lon="17.94831"><ele>164</ele></trkpt>
   <trkpt lat="50.642529" lon="17.947302"><ele>163</ele></trkpt>
   <trkpt lat="50.643409" lon="17.946488"><ele>163</ele></trkpt>
   <trkpt lat="50.644984" lon="17.94503"><ele>162</ele></trkpt>
   <trkpt lat="50.646762" lon="17.943383"><ele>160.5</ele></trkpt>
   <trkpt lat="50.647016" lon="17.943148"><ele>160.5</ele></trkpt>
   <trkpt lat="50.649169" lon="17.941155"><ele>160</ele></trkpt>
   <trkpt lat="50.650037" lon="17.940351"><ele>160</ele></trkpt>
   <trkpt lat="50.651894" lon="17.938632"><ele>159</ele></trkpt>
   <trkpt lat="50.652742" lon="17.937846"><ele>159.25</ele></trkpt>
   <trkpt lat="50.655305" lon="17.935474"><ele>158</ele></trkpt>
   <trkpt lat="50.655609" lon="17.935192"><ele>158</ele></trkpt>
   <trkpt lat="50.65611" lon="17.934728"><ele>157</ele></trkpt>
   <trkpt lat="50.656185" lon="17.934659"><ele>157</ele></trkpt>
   <trkpt lat="50.656334" lon="17.934516"><ele>157</ele></trkpt>
   <trkpt lat="50.656628" lon="17.934197"><ele>157</ele></trkpt>
   <trkpt lat="50.656844" lon="17.933983"><ele>157</ele></trkpt>
   <trkpt lat="50.656977" lon="17.93386"><ele>156.75</ele></trkpt>
   <trkpt lat="50.657181" lon="17.933659"><ele>156.75</ele></trkpt>
   <trkpt lat="50.657588" lon="17.933204"><ele>156.5</ele></trkpt>
   <trkpt lat="50.657804" lon="17.932989"><ele>156.75</ele></trkpt>
   <trkpt lat="50.657882" lon="17.932917"><ele>156.5</ele></trkpt>
   <trkpt lat="50.657985" lon="17.932822"><ele>156.75</ele></trkpt>
   <trkpt lat="50.658174" lon="17.932633"><ele>156.5</ele></trkpt>
   <trkpt lat="50.65834" lon="17.932447"><ele>156.75</ele></trkpt>
   <trkpt lat="50.658495" lon="17.932258"><ele>157</ele></trkpt>
   <trkpt lat="50.658685" lon="17.931998"><ele>156.25</ele></trkpt>
   <trkpt lat="50.658746" lon="17.931908"><ele>156.25</ele></trkpt>
   <trkpt lat="50.659188" lon="17.931267"><ele>156.75</ele></trkpt>
   <trkpt lat="50.659662" lon="17.93059"><ele>156</ele></trkpt>
   <trkpt lat="50.659807" lon="17.930365"><ele>156.25</ele></trkpt>
   <trkpt lat="50.659983" lon="17.930067"><ele>156</ele></trkpt>
   <trkpt lat="50.660208" lon="17.929636"><ele>157</ele></trkpt>
   <trkpt lat="50.660298" lon="17.929447"><ele>156.75</ele></trkpt>
   <trkpt lat="50.660428" lon="17.929144"><ele>156.75</ele></trkpt>
   <trkpt lat="50.660481" lon="17.929002"><ele>156.5</ele></trkpt>
   <trkpt lat="50.660576" lon="17.928725"><ele>156.5</ele></trkpt>
   <trkpt lat="50.660615" lon="17.928587"><ele>156.75</ele></trkpt>
   <trkpt lat="50.66074" lon="17.928164"><ele>156</ele></trkpt>
   <trkpt lat="50.660847" lon="17.927846"><ele>156</ele></trkpt>
   <trkpt lat="50.660948" lon="17.927544"><ele>156.75</ele></trkpt>
   <trkpt lat="50.66106" lon="17.927148"><ele>156</ele></trkpt>
   <trkpt lat="50.661703" lon="17.924549"><ele>156.75</ele></trkpt>
   <trkpt lat="50.661786" lon="17.924168"><ele>157</ele></trkpt>
   <trkpt lat="50.66183" lon="17.923907"><ele>157</ele></trkpt>
   <trkpt lat="50.661884" lon="17.923523"><ele>157</ele></trkpt>
   <trkpt lat="50.661919" lon="17.923342"><ele>157</ele></trkpt>
   <trkpt lat="50.661939" lon="17.923243"><ele>157</ele></trkpt>
   <trkpt lat="50.661976" lon="17.923079"><ele>156.75</ele></trkpt>
   <trkpt lat="50.662016" lon="17.922832"><ele>155.5</ele></trkpt>
   <trkpt lat="50.662057" lon="17.922454"><ele>154.25</ele></trkpt>
   <trkpt lat="50.662058" lon="17.922437"><ele>154</ele></trkpt>
   <trkpt lat="50.66206" lon="17.9224"><ele>153.75</ele></trkpt>
   <trkpt lat="50.662097" lon="17.921763"><ele>152.75</ele></trkpt>
   <trkpt lat="50.662105" lon="17.921598"><ele>154.25</ele></trkpt>
   <trkpt lat="50.662108" lon="17.921523"><ele>154.25</ele></trkpt>
   <trkpt lat="50.662165" lon="17.920475"><ele>155.25</ele></trkpt>
   <trkpt lat="50.662165" lon="17.920229"><ele>155.25</ele></trkpt>
   <trkpt lat="50.662159" lon="17.920071"><ele>155.25</ele></trkpt>
   <trkpt lat="50.662149" lon="17.919884"><ele>155</ele></trkpt>
   <trkpt lat="50.662116" lon="17.919447"><ele>154.75</ele></trkpt>
   <trkpt lat="50.66211" lon="17.919382"><ele>154.75</ele></trkpt>
   <trkpt lat="50.662105" lon="17.919328"><ele>154.5</ele></trkpt>
   <trkpt lat="50.662097" lon="17.919229"><ele>154.5</ele></trkpt>
   <trkpt lat="50.662069" lon="17.918841"><ele>154.25</ele></trkpt>
   <trkpt lat="50.662043" lon="17.918008"><ele>154</ele></trkpt>
   <trkpt lat="50.662024" lon="17.917714"><ele>154.5</ele></trkpt>
   <trkpt lat="50.662015" lon="17.917601"><ele>154.75</ele></trkpt>
   <trkpt lat="50.661959" lon="17.91681"><ele>153</ele></trkpt>
   <trkpt lat="50.661951" lon="17.916686"><ele>152</ele></trkpt>
   <trkpt lat="50.661791" lon="17.914166"><ele>153.5</ele></trkpt>
   <trkpt lat="50.661769" lon="17.913807"><ele>153.25</ele></trkpt>
   <trkpt lat="50.661742" lon="17.913238"><ele>152.5</ele></trkpt>
   <trkpt lat="50.66172" lon="17.912253"><ele>154.25</ele></trkpt>
   <trkpt lat="50.661699" lon="17.911547"><ele>155.5</ele></trkpt>
   <trkpt lat="50.661654" lon="17.910794"><ele>155</ele></trkpt>
   <trkpt lat="50.661648" lon="17.910694"><ele>153.25</ele></trkpt>
   <trkpt lat="50.661529" lon="17.908822"><ele>152.25</ele></trkpt>
   <trkpt lat="50.661392" lon="17.90669"><ele>154</ele></trkpt>
   <trkpt lat="50.661343" lon="17.905935"><ele>152.5</ele></trkpt>
   <trkpt lat="50.661284" lon="17.905017"><ele>152.75</ele></trkpt>
   <trkpt lat="50.661248" lon="17.904449"><ele>153</ele></trkpt>
   <trkpt lat="50.66124" lon="17.904327"><ele>153</ele></trkpt>
   <trkpt lat="50.661211" lon="17.903876"><ele>152.5</ele></trkpt>
   <trkpt lat="50.661193" lon="17.903592"><ele>152.75</ele></trkpt>
   <trkpt lat="50.661055" lon="17.901435"><ele>154.25</ele></trkpt>
   <trkpt lat="50.661053" lon="17.901399"><ele>154.25</ele></trkpt>
   <trkpt lat="50.661049" lon="17.901336"><ele>154</ele></trkpt>
   <trkpt lat="50.660958" lon="17.899937"><ele>153.5</ele></trkpt>
   <trkpt lat="50.660807" lon="17.897581"><ele>155.5</ele></trkpt>
   <trkpt lat="50.660776" lon="17.897095"><ele>155</ele></trkpt>
   <trkpt lat="50.660686" lon="17.895681"><ele>155.25</ele></trkpt>
   <trkpt lat="50.660671" lon="17.895439"><ele>155.75</ele></trkpt>
   <trkpt lat="50.660659" lon="17.895116"><ele>156</ele></trkpt>
   <trkpt lat="50.660662" lon="17.894373"><ele>156</ele></trkpt>
   <trkpt lat="50.660664" lon="17.894215"><ele>156</ele></trkpt>
   <trkpt lat="50.660668" lon="17.893575"><ele>156.25</ele></trkpt>
   <trkpt lat="50.660672" lon="17.892891"><ele>157</ele></trkpt>
   <trkpt lat="50.660661" lon="17.892462"><ele>157</ele></trkpt>
   <trkpt lat="50.660659" lon="17.892431"><ele>157</ele></trkpt>
   <trkpt lat="50.660657" lon="17.892408"><ele>157</ele></trkpt>
   <trkpt lat="50.660629" lon="17.891923"><ele>157</ele></trkpt>
   <trkpt lat="50.66062" lon="17.891529"><ele>157</ele></trkpt>
   <trkpt lat="50.660609" lon="17.890145"><ele>157</ele></trkpt>
   <trkpt lat="50.660614" lon="17.889049"><ele>157</ele></trkpt>
   <trkpt lat="50.660628" lon="17.888304"><ele>157.25</ele></trkpt>
   <trkpt lat="50.660676" lon="17.88706"><ele>157.25</ele></trkpt>
   <trkpt lat="50.660679" lon="17.886804"><ele>157</ele></trkpt>
   <trkpt lat="50.66067" lon="17.886439"><ele>157.5</ele></trkpt>
   <trkpt lat="50.660675" lon="17.8861"><ele>157.75</ele></trkpt>
   <trkpt lat="50.660723" lon="17.885215"><ele>158</ele></trkpt>
   <trkpt lat="50.660769" lon="17.884543"><ele>157.75</ele></trkpt>
   <trkpt lat="50.660819" lon="17.883753"><ele>157</ele></trkpt>
   <trkpt lat="50.660823" lon="17.883653"><ele>157</ele></trkpt>
   <trkpt lat="50.660828" lon="17.883552"><ele>157</ele></trkpt>
   <trkpt lat="50.660848" lon="17.883017"><ele>157</ele></trkpt>
   <trkpt lat="50.660864" lon="17.882801"><ele>157</ele></trkpt>
   <trkpt lat="50.660925" lon="17.882272"><ele>157.5</ele></trkpt>
   <trkpt lat="50.660974" lon="17.881928"><ele>157.75</ele></trkpt>
   <trkpt lat="50.661005" lon="17.88164"><ele>157.5</ele></trkpt>
   <trkpt lat="50.661057" lon="17.880968"><ele>156.75</ele></trkpt>
   <trkpt lat="50.661084" lon="17.880749"><ele>156.75</ele></trkpt>
   <trkpt lat="50.661094" lon="17.880675"><ele>156.75</ele></trkpt>
   <trkpt lat="50.66111" lon="17.880564"><ele>156.75</ele></trkpt>
   <trkpt lat="50.661136" lon="17.880331"><ele>157</ele></trkpt>
   <trkpt lat="50.661182" lon="17.879739"><ele>157.25</ele></trkpt>
   <trkpt lat="50.661218" lon="17.879412"><ele>156.75</ele></trkpt>
   <trkpt lat="50.66123" lon="17.879321"><ele>156.5</ele></trkpt>
   <trkpt lat="50.661294" lon="17.878864"><ele>156.5</ele></trkpt>
   <trkpt lat="50.661583" lon="17.876807"><ele>155.25</ele></trkpt>
   <trkpt lat="50.662077" lon="17.87328"><ele>153.75</ele></trkpt>
   <trkpt lat="50.662174" lon="17.872591"><ele>154.5</ele></trkpt>
   <trkpt lat="50.662389" lon="17.871064"><ele>154</ele></trkpt>
   <trkpt lat="50.66301" lon="17.866642"><ele>154</ele></trkpt>
   <trkpt lat="50.663027" lon="17.866515"><ele>154.25</ele></trkpt>
   <trkpt lat="50.663434" lon="17.863606"><ele>154</ele></trkpt>
   <trkpt lat="50.663674" lon="17.861887"><ele>154.75</ele></trkpt>
   <trkpt lat="50.663695" lon="17.861734"><ele>154.75</ele></trkpt>
   <trkpt lat="50.66377" lon="17.861205"><ele>154.5</ele></trkpt>
   <trkpt lat="50.6641" lon="17.858843"><ele>155</ele></trkpt>
   <trkpt lat="50.664236" lon="17.857871"><ele>155.5</ele></trkpt>
   <trkpt lat="50.664436" lon="17.856438"><ele>155</ele></trkpt>
   <trkpt lat="50.664872" lon="17.853324"><ele>155.5</ele></trkpt>
   <trkpt lat="50.664912" lon="17.853043"><ele>154.5</ele></trkpt>
   <trkpt lat="50.664926" lon="17.852937"><ele>155</ele></trkpt>
   <trkpt lat="50.664939" lon="17.852844"><ele>155.25</ele></trkpt>
   <trkpt lat="50.668346" lon="17.828498"><ele>160</ele></trkpt>
   <trkpt lat="50.669378" lon="17.821103"><ele>161</ele></trkpt>
   <trkpt lat="50.669511" lon="17.820184"><ele>160</ele></trkpt>
   <trkpt lat="50.669699" lon="17.818998"><ele>160.25</ele></trkpt>
   <trkpt lat="50.669851" lon="17.818144"><ele>160.25</ele></trkpt>
   <trkpt lat="50.669861" lon="17.818096"><ele>160.25</ele></trkpt>
   <trkpt lat="50.670005" lon="17.817405"><ele>160</ele></trkpt>
   <trkpt lat="50.670175" lon="17.816636"><ele>158.75</ele></trkpt>
   <trkpt lat="50.670446" lon="17.815525"><ele>158.25</ele></trkpt>
   <trkpt lat="50.673317" lon="17.804242"><ele>156.75</ele></trkpt>
   <trkpt lat="50.673343" lon="17.804139"><ele>156.75</ele></trkpt>
   <trkpt lat="50.678468" lon="17.783972"><ele>159</ele></trkpt>
   <trkpt lat="50.679143" lon="17.781336"><ele>158.75</ele></trkpt>
   <trkpt lat="50.679252" lon="17.780921"><ele>158.75</ele></trkpt>
   <trkpt lat="50.67948" lon="17.780103"><ele>159.75</ele></trkpt>
   <trkpt lat="50.679724" lon="17.779294"><ele>159.75</ele></trkpt>
   <trkpt lat="50.679965" lon="17.778559"><ele>159</ele></trkpt>
   <trkpt lat="50.680242" lon="17.777778"><ele>159</ele></trkpt>
   <trkpt lat="50.680517" lon="17.777062"><ele>159</ele></trkpt>
   <trkpt lat="50.680817" lon="17.776334"><ele>159</ele></trkpt>
   <trkpt lat="50.68097" lon="17.775982"><ele>158.5</ele></trkpt>
   <trkpt lat="50.681292" lon="17.775272"><ele>159</ele></trkpt>
   <trkpt lat="50.681629" lon="17.774561"><ele>158.75</ele></trkpt>
   <trkpt lat="50.687674" lon="17.76201"><ele>160.75</ele></trkpt>
   <trkpt lat="50.691594" lon="17.753888"><ele>162.75</ele></trkpt>
   <trkpt lat="50.692396" lon="17.75222"><ele>163</ele></trkpt>
   <trkpt lat="50.692432" lon="17.752146"><ele>163</ele></trkpt>
   <trkpt lat="50.692468" lon="17.752076"><ele>163</ele></trkpt>
   <trkpt lat="50.69318" lon="17.750596"><ele>161.75</ele></trkpt>
   <trkpt lat="50.693899" lon="17.749099"><ele>161.75</ele></trkpt>
   <trkpt lat="50.696852" lon="17.742948"><ele>161.75</ele></trkpt>
   <trkpt lat="50.705398" lon="17.725206"><ele>158</ele></trkpt>
   <trkpt lat="50.7219" lon="17.69089"><ele>153.5</ele></trkpt>
   <trkpt lat="50.733003" lon="17.667772"><ele>150</ele></trkpt>
   <trkpt lat="50.733416" lon="17.66691"><ele>148.5</ele></trkpt>
   <trkpt lat="50.7337" lon="17.666319"><ele>147.75</ele></trkpt>
   <trkpt lat="50.741062" lon="17.650989"><ele>145.5</ele></trkpt>
   <trkpt lat="50.741279" lon="17.650535"><ele>145.5</ele></trkpt>
   <trkpt lat="50.745153" lon="17.64246"><ele>145.5</ele></trkpt>
   <trkpt lat="50.745806" lon="17.641101"><ele>146.75</ele></trkpt>
   <trkpt lat="50.746816" lon="17.638998"><ele>145.5</ele></trkpt>
   <trkpt lat="50.74729" lon="17.638003"><ele>146.5</ele></trkpt>
   <trkpt lat="50.747626" lon="17.637299"><ele>146.5</ele></trkpt>
   <trkpt lat="50.748028" lon="17.636464"><ele>147.75</ele></trkpt>
   <trkpt lat="50.752065" lon="17.62807"><ele>147</ele></trkpt>
   <trkpt lat="50.752135" lon="17.627926"><ele>146.75</ele></trkpt>
   <trkpt lat="50.755355" lon="17.621212"><ele>148.5</ele></trkpt>
   <trkpt lat="50.755468" lon="17.620954"><ele>148.5</ele></trkpt>
   <trkpt lat="50.755607" lon="17.620594"><ele>149.5</ele></trkpt>
   <trkpt lat="50.755719" lon="17.620338"><ele>149.5</ele></trkpt>
   <trkpt lat="50.75601" lon="17.619737"><ele>149.5</ele></trkpt>
   <trkpt lat="50.756103" lon="17.619542"><ele>149.75</ele></trkpt>
   <trkpt lat="50.757116" lon="17.617422"><ele>149.5</ele></trkpt>
   <trkpt lat="50.757144" lon="17.617364"><ele>149.5</ele></trkpt>
   <trkpt lat="50.757165" lon="17.617322"><ele>149.75</ele></trkpt>
   <trkpt lat="50.757364" lon="17.616909"><ele>149.75</ele></trkpt>
   <trkpt lat="50.758103" lon="17.61537"><ele>150.5</ele></trkpt>
   <trkpt lat="50.758911" lon="17.613688"><ele>150</ele></trkpt>
   <trkpt lat="50.760932" lon="17.609468"><ele>149.25</ele></trkpt>
   <trkpt lat="50.764237" lon="17.602568"><ele>150</ele></trkpt>
   <trkpt lat="50.764482" lon="17.602057"><ele>150.25</ele></trkpt>
   <trkpt lat="50.765372" lon="17.600195"><ele>150.75</ele></trkpt>
   <trkpt lat="50.7663" lon="17.598257"><ele>151</ele></trkpt>
   <trkpt lat="50.770009" lon="17.590514"><ele>153.5</ele></trkpt>
   <trkpt lat="50.77178" lon="17.586817"><ele>151.75</ele></trkpt>
   <trkpt lat="50.777201" lon="17.5755"><ele>157.5</ele></trkpt>
   <trkpt lat="50.781867" lon="17.565745"><ele>161</ele></trkpt>
   <trkpt lat="50.782616" lon="17.564178"><ele>162</ele></trkpt>
   <trkpt lat="50.788026" lon="17.552868"><ele>166.75</ele></trkpt>
   <trkpt lat="50.788565" lon="17.551733"><ele>167.5</ele></trkpt>
   <trkpt lat="50.793435" lon="17.541542"><ele>165</ele></trkpt>
   <trkpt lat="50.798298" lon="17.531366"><ele>163.75</ele></trkpt>
   <trkpt lat="50.798647" lon="17.530663"><ele>163.25</ele></trkpt>
   <trkpt lat="50.798865" lon="17.530239"><ele>162.5</ele></trkpt>
   <trkpt lat="50.799367" lon="17.529292"><ele>164</ele></trkpt>
   <trkpt lat="50.79972" lon="17.528653"><ele>162</ele></trkpt>
   <trkpt lat="50.800071" lon="17.528036"><ele>161.5</ele></trkpt>
   <trkpt lat="50.800457" lon="17.527377"><ele>162</ele></trkpt>
   <trkpt lat="50.80085" lon="17.526726"><ele>161.25</ele></trkpt>
   <trkpt lat="50.801261" lon="17.526064"><ele>161.5</ele></trkpt>
   <trkpt lat="50.801678" lon="17.525418"><ele>160.5</ele></trkpt>
   <trkpt lat="50.80208" lon="17.524815"><ele>160</ele></trkpt>
   <trkpt lat="50.802487" lon="17.524218"><ele>160</ele></trkpt>
   <trkpt lat="50.802915" lon="17.523617"><ele>160</ele></trkpt>
   <trkpt lat="50.803368" lon="17.522998"><ele>159.75</ele></trkpt>
   <trkpt lat="50.803818" lon="17.522408"><ele>159</ele></trkpt>
   <trkpt lat="50.804282" lon="17.521825"><ele>158.5</ele></trkpt>
   <trkpt lat="50.804759" lon="17.521244"><ele>158.5</ele></trkpt>
   <trkpt lat="50.805379" lon="17.520523"><ele>157.75</ele></trkpt>
   <trkpt lat="50.80621" lon="17.519612"><ele>157</ele></trkpt>
   <trkpt lat="50.806959" lon="17.51884"><ele>157.25</ele></trkpt>
   <trkpt lat="50.807677" lon="17.518144"><ele>156</ele></trkpt>
   <trkpt lat="50.80841" lon="17.517474"><ele>155.5</ele></trkpt>
   <trkpt lat="50.813107" lon="17.51329"><ele>153</ele></trkpt>
   <trkpt lat="50.818998" lon="17.508042"><ele>150.5</ele></trkpt>
   <trkpt lat="50.819731" lon="17.507381"><ele>148.5</ele></trkpt>
   <trkpt lat="50.819794" lon="17.507325"><ele>148.25</ele></trkpt>
   <trkpt lat="50.820933" lon="17.50631"><ele>150</ele></trkpt>
   <trkpt lat="50.82876" lon="17.49933"><ele>148.75</ele></trkpt>
   <trkpt lat="50.83041" lon="17.497858"><ele>149</ele></trkpt>
   <trkpt lat="50.833679" lon="17.494939"><ele>147.25</ele></trkpt>
   <trkpt lat="50.836621" lon="17.492309"><ele>148</ele></trkpt>
   <trkpt lat="50.83946" lon="17.489771"><ele>149</ele></trkpt>
   <trkpt lat="50.844511" lon="17.485263"><ele>148</ele></trkpt>
   <trkpt lat="50.845568" lon="17.48432"><ele>147.75</ele></trkpt>
   <trkpt lat="50.846018" lon="17.483907"><ele>147.75</ele></trkpt>
   <trkpt lat="50.846461" lon="17.48347"><ele>147.75</ele></trkpt>
   <trkpt lat="50.846737" lon="17.483186"><ele>147.75</ele></trkpt>
   <trkpt lat="50.8472" lon="17.48268"><ele>147.75</ele></trkpt>
   <trkpt lat="50.847633" lon="17.48217"><ele>147.75</ele></trkpt>
   <trkpt lat="50.84808" lon="17.481612"><ele>148.5</ele></trkpt>
   <trkpt lat="50.84827" lon="17.481364"><ele>148</ele></trkpt>
   <trkpt lat="50.84869" lon="17.480785"><ele>148</ele></trkpt>
   <trkpt lat="50.849076" lon="17.480214"><ele>148</ele></trkpt>
   <trkpt lat="50.849476" lon="17.479586"><ele>148.75</ele></trkpt>
   <trkpt lat="50.849877" lon="17.478918"><ele>148.5</ele></trkpt>
   <trkpt lat="50.850264" lon="17.478219"><ele>148.75</ele></trkpt>
   <trkpt lat="50.850552" lon="17.477657"><ele>148.75</ele></trkpt>
   <trkpt lat="50.850754" lon="17.477231"><ele>148.75</ele></trkpt>
   <trkpt lat="50.851056" lon="17.476556"><ele>148.5</ele></trkpt>
   <trkpt lat="50.851203" lon="17.476179"><ele>148.75</ele></trkpt>
   <trkpt lat="50.85138" lon="17.47564"><ele>149</ele></trkpt>
   <trkpt lat="50.851484" lon="17.475357"><ele>149</ele></trkpt>
   <trkpt lat="50.851624" lon="17.474971"><ele>149</ele></trkpt>
   <trkpt lat="50.851869" lon="17.474245"><ele>149</ele></trkpt>
   <trkpt lat="50.851968" lon="17.473911"><ele>148.75</ele></trkpt>
   <trkpt lat="50.852315" lon="17.472488"><ele>149.25</ele></trkpt>
   <trkpt lat="50.8524" lon="17.472161"><ele>149.5</ele></trkpt>
   <trkpt lat="50.852605" lon="17.471431"><ele>149</ele></trkpt>
   <trkpt lat="50.852901" lon="17.470388"><ele>149</ele></trkpt>
   <trkpt lat="50.852992" lon="17.470125"><ele>149</ele></trkpt>
   <trkpt lat="50.853053" lon="17.46996"><ele>149</ele></trkpt>
   <trkpt lat="50.853138" lon="17.469719"><ele>149</ele></trkpt>
   <trkpt lat="50.853266" lon="17.469272"><ele>149</ele></trkpt>
   <trkpt lat="50.855226" lon="17.462352"><ele>148</ele></trkpt>
   <trkpt lat="50.855328" lon="17.462052"><ele>147.5</ele></trkpt>
   <trkpt lat="50.855415" lon="17.461818"><ele>146</ele></trkpt>
   <trkpt lat="50.855467" lon="17.461654"><ele>145.5</ele></trkpt>
   <trkpt lat="50.855496" lon="17.461554"><ele>146.25</ele></trkpt>
   <trkpt lat="50.855657" lon="17.461007"><ele>147</ele></trkpt>
   <trkpt lat="50.85601" lon="17.459888"><ele>147</ele></trkpt>
   <trkpt lat="50.856618" lon="17.457761"><ele>146</ele></trkpt>
   <trkpt lat="50.856714" lon="17.45747"><ele>145.5</ele></trkpt>
   <trkpt lat="50.856809" lon="17.457209"><ele>145</ele></trkpt>
   <trkpt lat="50.856888" lon="17.456957"><ele>145.75</ele></trkpt>
   <trkpt lat="50.856961" lon="17.456694"><ele>146</ele></trkpt>
   <trkpt lat="50.857051" lon="17.456396"><ele>144.75</ele></trkpt>
   <trkpt lat="50.857152" lon="17.456125"><ele>145.5</ele></trkpt>
   <trkpt lat="50.857282" lon="17.45573"><ele>145.25</ele></trkpt>
   <trkpt lat="50.857416" lon="17.455256"><ele>141.75</ele></trkpt>
   <trkpt lat="50.857461" lon="17.455098"><ele>144</ele></trkpt>
   <trkpt lat="50.857794" lon="17.453954"><ele>145.25</ele></trkpt>
   <trkpt lat="50.858206" lon="17.452521"><ele>143.75</ele></trkpt>
   <trkpt lat="50.858657" lon="17.450939"><ele>142</ele></trkpt>
   <trkpt lat="50.858718" lon="17.450725"><ele>140.5</ele></trkpt>
   <trkpt lat="50.858721" lon="17.450713"><ele>140.5</ele></trkpt>
   <trkpt lat="50.860191" lon="17.445527"><ele>142.75</ele></trkpt>
   <trkpt lat="50.860418" lon="17.444763"><ele>141.75</ele></trkpt>
   <trkpt lat="50.860789" lon="17.443581"><ele>143.25</ele></trkpt>
   <trkpt lat="50.861161" lon="17.442463"><ele>143.5</ele></trkpt>
   <trkpt lat="50.861432" lon="17.441691"><ele>143.5</ele></trkpt>
   <trkpt lat="50.861708" lon="17.440933"><ele>143.25</ele></trkpt>
   <trkpt lat="50.861995" lon="17.440169"><ele>143.5</ele></trkpt>
   <trkpt lat="50.862288" lon="17.439422"><ele>142.5</ele></trkpt>
   <trkpt lat="50.86259" lon="17.438679"><ele>141.75</ele></trkpt>
   <trkpt lat="50.862858" lon="17.438044"><ele>141.25</ele></trkpt>
   <trkpt lat="50.863061" lon="17.437574"><ele>141.75</ele></trkpt>
   <trkpt lat="50.863542" lon="17.436502"><ele>141.75</ele></trkpt>
   <trkpt lat="50.864209" lon="17.435101"><ele>142</ele></trkpt>
   <trkpt lat="50.864543" lon="17.434435"><ele>141.5</ele></trkpt>
   <trkpt lat="50.864899" lon="17.433747"><ele>142</ele></trkpt>
   <trkpt lat="50.865449" lon="17.432729"><ele>142</ele></trkpt>
   <trkpt lat="50.866002" lon="17.431756"><ele>142.75</ele></trkpt>
   <trkpt lat="50.866584" lon="17.430779"><ele>143</ele></trkpt>
   <trkpt lat="50.868751" lon="17.427251"><ele>143.25</ele></trkpt>
   <trkpt lat="50.870119" lon="17.425025"><ele>141.75</ele></trkpt>
   <trkpt lat="50.870145" lon="17.424983"><ele>142</ele></trkpt>
   <trkpt lat="50.87424" lon="17.41832"><ele>145.5</ele></trkpt>
   <trkpt lat="50.875043" lon="17.417013"><ele>145.25</ele></trkpt>
   <trkpt lat="50.881307" lon="17.406813"><ele>146.25</ele></trkpt>
   <trkpt lat="50.886747" lon="17.39795"><ele>147</ele></trkpt>
   <trkpt lat="50.887543" lon="17.396572"><ele>147</ele></trkpt>
   <trkpt lat="50.888045" lon="17.395651"><ele>147.25</ele></trkpt>
   <trkpt lat="50.888756" lon="17.394269"><ele>147</ele></trkpt>
   <trkpt lat="50.889247" lon="17.393255"><ele>146.25</ele></trkpt>
   <trkpt lat="50.889557" lon="17.392586"><ele>146</ele></trkpt>
   <trkpt lat="50.890182" lon="17.391173"><ele>145</ele></trkpt>
   <trkpt lat="50.892817" lon="17.385068"><ele>141.5</ele></trkpt>
   <trkpt lat="50.897646" lon="17.373877"><ele>138.5</ele></trkpt>
   <trkpt lat="50.897678" lon="17.373802"><ele>139</ele></trkpt>
   <trkpt lat="50.897884" lon="17.373322"><ele>140</ele></trkpt>
   <trkpt lat="50.898248" lon="17.372476"><ele>140.5</ele></trkpt>
   <trkpt lat="50.902948" lon="17.361573"><ele>138</ele></trkpt>
   <trkpt lat="50.903116" lon="17.361184"><ele>138.75</ele></trkpt>
   <trkpt lat="50.907999" lon="17.349868"><ele>137</ele></trkpt>
   <trkpt lat="50.908633" lon="17.3484"><ele>137</ele></trkpt>
   <trkpt lat="50.91307" lon="17.338092"><ele>135</ele></trkpt>
   <trkpt lat="50.916249" lon="17.330706"><ele>134</ele></trkpt>
   <trkpt lat="50.918137" lon="17.32632"><ele>133</ele></trkpt>
   <trkpt lat="50.920466" lon="17.320915"><ele>132.75</ele></trkpt>
   <trkpt lat="50.920974" lon="17.319733"><ele>132.75</ele></trkpt>
   <trkpt lat="50.922172" lon="17.316944"><ele>134</ele></trkpt>
   <trkpt lat="50.922338" lon="17.316556"><ele>133.5</ele></trkpt>
   <trkpt lat="50.922426" lon="17.316351"><ele>134</ele></trkpt>
   <trkpt lat="50.92278" lon="17.315526"><ele>134</ele></trkpt>
   <trkpt lat="50.922868" lon="17.315322"><ele>134.25</ele></trkpt>
   <trkpt lat="50.923188" lon="17.314578"><ele>135</ele></trkpt>
   <trkpt lat="50.923219" lon="17.314507"><ele>135</ele></trkpt>
   <trkpt lat="50.923313" lon="17.314269"><ele>135</ele></trkpt>
   <trkpt lat="50.923502" lon="17.313717"><ele>135</ele></trkpt>
   <trkpt lat="50.923599" lon="17.31347"><ele>135</ele></trkpt>
   <trkpt lat="50.923677" lon="17.31329"><ele>135</ele></trkpt>
   <trkpt lat="50.923692" lon="17.313254"><ele>135</ele></trkpt>
   <trkpt lat="50.924114" lon="17.312272"><ele>135</ele></trkpt>
   <trkpt lat="50.924242" lon="17.311973"><ele>135</ele></trkpt>
   <trkpt lat="50.928045" lon="17.303129"><ele>135</ele></trkpt>
   <trkpt lat="50.928505" lon="17.302059"><ele>134</ele></trkpt>
   <trkpt lat="50.928709" lon="17.301683"><ele>134.5</ele></trkpt>
   <trkpt lat="50.928878" lon="17.30133"><ele>134</ele></trkpt>
   <trkpt lat="50.928941" lon="17.301188"><ele>134</ele></trkpt>
   <trkpt lat="50.929021" lon="17.301001"><ele>134</ele></trkpt>
   <trkpt lat="50.929444" lon="17.300025"><ele>134</ele></trkpt>
   <trkpt lat="50.929645" lon="17.299584"><ele>134</ele></trkpt>
   <trkpt lat="50.929661" lon="17.299551"><ele>134</ele></trkpt>
   <trkpt lat="50.929814" lon="17.299231"><ele>134</ele></trkpt>
   <trkpt lat="50.930234" lon="17.298399"><ele>134</ele></trkpt>
   <trkpt lat="50.930646" lon="17.297586"><ele>134</ele></trkpt>
   <trkpt lat="50.931251" lon="17.296391"><ele>133.25</ele></trkpt>
   <trkpt lat="50.931507" lon="17.295884"><ele>133</ele></trkpt>
   <trkpt lat="50.931903" lon="17.295102"><ele>132</ele></trkpt>
   <trkpt lat="50.931967" lon="17.294975"><ele>131.5</ele></trkpt>
   <trkpt lat="50.932041" lon="17.294829"><ele>130.75</ele></trkpt>
   <trkpt lat="50.932093" lon="17.294726"><ele>131</ele></trkpt>
   <trkpt lat="50.932214" lon="17.294506"><ele>132.5</ele></trkpt>
   <trkpt lat="50.932398" lon="17.294205"><ele>131.5</ele></trkpt>
   <trkpt lat="50.932515" lon="17.293987"><ele>132.5</ele></trkpt>
   <trkpt lat="50.932541" lon="17.293935"><ele>132.25</ele></trkpt>
   <trkpt lat="50.932572" lon="17.293874"><ele>132</ele></trkpt>
   <trkpt lat="50.933169" lon="17.29267"><ele>130.5</ele></trkpt>
   <trkpt lat="50.933359" lon="17.292288"><ele>130.75</ele></trkpt>
   <trkpt lat="50.933653" lon="17.291696"><ele>132.25</ele></trkpt>
   <trkpt lat="50.933859" lon="17.291282"><ele>131.25</ele></trkpt>
   <trkpt lat="50.933871" lon="17.291257"><ele>131.25</ele></trkpt>
   <trkpt lat="50.934212" lon="17.29057"><ele>131.5</ele></trkpt>
   <trkpt lat="50.934407" lon="17.290178"><ele>131</ele></trkpt>
   <trkpt lat="50.935857" lon="17.287256"><ele>131.75</ele></trkpt>
   <trkpt lat="50.93766" lon="17.283619"><ele>130</ele></trkpt>
   <trkpt lat="50.938414" lon="17.2821"><ele>130.25</ele></trkpt>
   <trkpt lat="50.93937" lon="17.280173"><ele>130.25</ele></trkpt>
   <trkpt lat="50.940726" lon="17.277436"><ele>130.5</ele></trkpt>
   <trkpt lat="50.940851" lon="17.27718"><ele>130.75</ele></trkpt>
   <trkpt lat="50.940894" lon="17.277098"><ele>130.75</ele></trkpt>
   <trkpt lat="50.94093" lon="17.277026"><ele>130.5</ele></trkpt>
   <trkpt lat="50.941506" lon="17.275862"><ele>130</ele></trkpt>
   <trkpt lat="50.9417" lon="17.275472"><ele>130.5</ele></trkpt>
   <trkpt lat="50.941813" lon="17.275244"><ele>130</ele></trkpt>
   <trkpt lat="50.941869" lon="17.275131"><ele>130.25</ele></trkpt>
   <trkpt lat="50.94298" lon="17.27289"><ele>130</ele></trkpt>
   <trkpt lat="50.943117" lon="17.272614"><ele>130</ele></trkpt>
   <trkpt lat="50.943724" lon="17.271389"><ele>130</ele></trkpt>
   <trkpt lat="50.944247" lon="17.270332"><ele>129.75</ele></trkpt>
   <trkpt lat="50.944933" lon="17.268949"><ele>130</ele></trkpt>
   <trkpt lat="50.945244" lon="17.268318"><ele>130.75</ele></trkpt>
   <trkpt lat="50.945667" lon="17.267461"><ele>131</ele></trkpt>
   <trkpt lat="50.947038" lon="17.264701"><ele>131.25</ele></trkpt>
   <trkpt lat="50.94835" lon="17.262054"><ele>131</ele></trkpt>
   <trkpt lat="50.949478" lon="17.259778"><ele>131.75</ele></trkpt>
   <trkpt lat="50.950358" lon="17.258002"><ele>132</ele></trkpt>
   <trkpt lat="50.950518" lon="17.25768"><ele>131.75</ele></trkpt>
   <trkpt lat="50.950553" lon="17.257608"><ele>131.75</ele></trkpt>
   <trkpt lat="50.950656" lon="17.257403"><ele>132</ele></trkpt>
   <trkpt lat="50.953634" lon="17.251389"><ele>131</ele></trkpt>
   <trkpt lat="50.956038" lon="17.246534"><ele>130.75</ele></trkpt>
   <trkpt lat="50.956735" lon="17.245126"><ele>131</ele></trkpt>
   <trkpt lat="50.958152" lon="17.242265"><ele>129.75</ele></trkpt>
   <trkpt lat="50.959256" lon="17.240037"><ele>129.5</ele></trkpt>
   <trkpt lat="50.9597" lon="17.239141"><ele>129.75</ele></trkpt>
   <trkpt lat="50.959898" lon="17.238741"><ele>129.5</ele></trkpt>
   <trkpt lat="50.961547" lon="17.235409"><ele>129</ele></trkpt>
   <trkpt lat="50.962921" lon="17.232636"><ele>128</ele></trkpt>
   <trkpt lat="50.963584" lon="17.231297"><ele>128.25</ele></trkpt>
   <trkpt lat="50.963607" lon="17.23125"><ele>128.25</ele></trkpt>
   <trkpt lat="50.963727" lon="17.231007"><ele>128</ele></trkpt>
   <trkpt lat="50.964623" lon="17.229198"><ele>127.75</ele></trkpt>
   <trkpt lat="50.964639" lon="17.229166"><ele>127.5</ele></trkpt>
   <trkpt lat="50.964818" lon="17.228804"><ele>128</ele></trkpt>
   <trkpt lat="50.964838" lon="17.228763"><ele>128</ele></trkpt>
   <trkpt lat="50.965649" lon="17.227125"><ele>127.75</ele></trkpt>
   <trkpt lat="50.965664" lon="17.227097"><ele>127.75</ele></trkpt>
   <trkpt lat="50.967038" lon="17.22432"><ele>127.25</ele></trkpt>
   <trkpt lat="50.968067" lon="17.222242"><ele>127.75</ele></trkpt>
   <trkpt lat="50.96968" lon="17.21899"><ele>127.5</ele></trkpt>
   <trkpt lat="50.970179" lon="17.218031"><ele>126.5</ele></trkpt>
   <trkpt lat="50.970377" lon="17.217661"><ele>126.5</ele></trkpt>
   <trkpt lat="50.970944" lon="17.216637"><ele>127</ele></trkpt>
   <trkpt lat="50.971555" lon="17.215587"><ele>127.5</ele></trkpt>
   <trkpt lat="50.972169" lon="17.214581"><ele>127.25</ele></trkpt>
   <trkpt lat="50.972246" lon="17.214455"><ele>127</ele></trkpt>
   <trkpt lat="50.972275" lon="17.214407"><ele>127.25</ele></trkpt>
   <trkpt lat="50.972302" lon="17.214367"><ele>127.25</ele></trkpt>
   <trkpt lat="50.97284" lon="17.213535"><ele>127</ele></trkpt>
   <trkpt lat="50.973664" lon="17.212316"><ele>127.5</ele></trkpt>
   <trkpt lat="50.975502" lon="17.209639"><ele>127</ele></trkpt>
   <trkpt lat="50.97946" lon="17.203875"><ele>126</ele></trkpt>
   <trkpt lat="50.979486" lon="17.203837"><ele>126</ele></trkpt>
   <trkpt lat="50.979506" lon="17.203808"><ele>126</ele></trkpt>
   <trkpt lat="50.979764" lon="17.203432"><ele>126</ele></trkpt>
   <trkpt lat="50.980027" lon="17.20305"><ele>126</ele></trkpt>
   <trkpt lat="50.982049" lon="17.200105"><ele>125.75</ele></trkpt>
   <trkpt lat="50.98337" lon="17.198181"><ele>125</ele></trkpt>
   <trkpt lat="50.984678" lon="17.196275"><ele>125</ele></trkpt>
   <trkpt lat="50.986009" lon="17.194337"><ele>125</ele></trkpt>
   <trkpt lat="50.986081" lon="17.194231"><ele>125</ele></trkpt>
   <trkpt lat="50.988144" lon="17.191226"><ele>125</ele></trkpt>
   <trkpt lat="50.990513" lon="17.187776"><ele>124</ele></trkpt>
   <trkpt lat="50.99063" lon="17.187605"><ele>124</ele></trkpt>
   <trkpt lat="50.990739" lon="17.187446"><ele>124</ele></trkpt>
   <trkpt lat="50.992705" lon="17.184583"><ele>124</ele></trkpt>
   <trkpt lat="50.994643" lon="17.181758"><ele>124</ele></trkpt>
   <trkpt lat="50.996008" lon="17.17977"><ele>123.5</ele></trkpt>
   <trkpt lat="50.997341" lon="17.177821"><ele>123</ele></trkpt>
   <trkpt lat="50.997898" lon="17.176975"><ele>123</ele></trkpt>
   <trkpt lat="50.998268" lon="17.176385"><ele>123</ele></trkpt>
   <trkpt lat="50.998693" lon="17.175684"><ele>123.25</ele></trkpt>
   <trkpt lat="50.999257" lon="17.174721"><ele>123.5</ele></trkpt>
   <trkpt lat="50.999629" lon="17.174088"><ele>123</ele></trkpt>
   <trkpt lat="50.999642" lon="17.174067"><ele>123.25</ele></trkpt>
   <trkpt lat="51.00112" lon="17.171557"><ele>122.75</ele></trkpt>
   <trkpt lat="51.001176" lon="17.171461"><ele>123.25</ele></trkpt>
   <trkpt lat="51.00134" lon="17.17118"><ele>123.5</ele></trkpt>
   <trkpt lat="51.002921" lon="17.16849"><ele>123.25</ele></trkpt>
   <trkpt lat="51.004144" lon="17.166409"><ele>123</ele></trkpt>
   <trkpt lat="51.005265" lon="17.164503"><ele>123</ele></trkpt>
   <trkpt lat="51.005299" lon="17.164446"><ele>123</ele></trkpt>
   <trkpt lat="51.005332" lon="17.164389"><ele>123</ele></trkpt>
   <trkpt lat="51.005925" lon="17.16338"><ele>123</ele></trkpt>
   <trkpt lat="51.006551" lon="17.162315"><ele>123.5</ele></trkpt>
   <trkpt lat="51.006681" lon="17.162096"><ele>123.75</ele></trkpt>
   <trkpt lat="51.006693" lon="17.162074"><ele>123.75</ele></trkpt>
   <trkpt lat="51.006731" lon="17.16201"><ele>123.75</ele></trkpt>
   <trkpt lat="51.008302" lon="17.159339"><ele>122.25</ele></trkpt>
   <trkpt lat="51.009461" lon="17.157368"><ele>122.25</ele></trkpt>
   <trkpt lat="51.011282" lon="17.154272"><ele>122.5</ele></trkpt>
   <trkpt lat="51.01142" lon="17.15404"><ele>122.25</ele></trkpt>
   <trkpt lat="51.011494" lon="17.153913"><ele>122</ele></trkpt>
   <trkpt lat="51.013277" lon="17.150882"><ele>122.5</ele></trkpt>
   <trkpt lat="51.013432" lon="17.150618"><ele>122</ele></trkpt>
   <trkpt lat="51.014209" lon="17.149297"><ele>121.25</ele></trkpt>
   <trkpt lat="51.014326" lon="17.149099"><ele>121</ele></trkpt>
   <trkpt lat="51.014804" lon="17.148287"><ele>124</ele></trkpt>
   <trkpt lat="51.015283" lon="17.147475"><ele>123.75</ele></trkpt>
   <trkpt lat="51.016056" lon="17.14616"><ele>123.5</ele></trkpt>
   <trkpt lat="51.017771" lon="17.14324"><ele>123</ele></trkpt>
   <trkpt lat="51.019434" lon="17.14041"><ele>122.5</ele></trkpt>
   <trkpt lat="51.021502" lon="17.136889"><ele>122.5</ele></trkpt>
   <trkpt lat="51.02216" lon="17.135767"><ele>122</ele></trkpt>
   <trkpt lat="51.022282" lon="17.135544"><ele>122.75</ele></trkpt>
   <trkpt lat="51.022518" lon="17.13505"><ele>122.75</ele></trkpt>
   <trkpt lat="51.02263" lon="17.134845"><ele>122.25</ele></trkpt>
   <trkpt lat="51.023402" lon="17.133533"><ele>122.5</ele></trkpt>
   <trkpt lat="51.023883" lon="17.132714"><ele>122.75</ele></trkpt>
   <trkpt lat="51.024634" lon="17.131436"><ele>122.5</ele></trkpt>
   <trkpt lat="51.025022" lon="17.130775"><ele>122.5</ele></trkpt>
   <trkpt lat="51.025035" lon="17.130754"><ele>122.5</ele></trkpt>
   <trkpt lat="51.025762" lon="17.129515"><ele>122.5</ele></trkpt>
   <trkpt lat="51.026151" lon="17.128853"><ele>122.75</ele></trkpt>
   <trkpt lat="51.026164" lon="17.128831"><ele>122.75</ele></trkpt>
   <trkpt lat="51.026883" lon="17.127608"><ele>123</ele></trkpt>
   <trkpt lat="51.027081" lon="17.12727"><ele>123</ele></trkpt>
   <trkpt lat="51.028" lon="17.125708"><ele>123</ele></trkpt>
   <trkpt lat="51.02884" lon="17.124277"><ele>123</ele></trkpt>
   <trkpt lat="51.029475" lon="17.123228"><ele>123.25</ele></trkpt>
   <trkpt lat="51.029946" lon="17.122493"><ele>123</ele></trkpt>
   <trkpt lat="51.030207" lon="17.122105"><ele>123</ele></trkpt>
   <trkpt lat="51.030554" lon="17.121587"><ele>123</ele></trkpt>
   <trkpt lat="51.030582" lon="17.121542"><ele>123</ele></trkpt>
   <trkpt lat="51.030612" lon="17.121496"><ele>123</ele></trkpt>
   <trkpt lat="51.030689" lon="17.121378"><ele>123</ele></trkpt>
   <trkpt lat="51.030832" lon="17.121182"><ele>123</ele></trkpt>
   <trkpt lat="51.031186" lon="17.120749"><ele>122.5</ele></trkpt>
   <trkpt lat="51.031271" lon="17.120628"><ele>122.5</ele></trkpt>
   <trkpt lat="51.031385" lon="17.120458"><ele>122.5</ele></trkpt>
   <trkpt lat="51.031523" lon="17.120268"><ele>122.25</ele></trkpt>
   <trkpt lat="51.031865" lon="17.119859"><ele>122.5</ele></trkpt>
   <trkpt lat="51.032119" lon="17.119557"><ele>122.5</ele></trkpt>
   <trkpt lat="51.032274" lon="17.119345"><ele>122.75</ele></trkpt>
   <trkpt lat="51.032848" lon="17.118493"><ele>122.25</ele></trkpt>
   <trkpt lat="51.033018" lon="17.118258"><ele>122</ele></trkpt>
   <trkpt lat="51.033155" lon="17.118078"><ele>122.5</ele></trkpt>
   <trkpt lat="51.033315" lon="17.117885"><ele>122.5</ele></trkpt>
   <trkpt lat="51.033578" lon="17.117594"><ele>122.5</ele></trkpt>
   <trkpt lat="51.033816" lon="17.11736"><ele>122</ele></trkpt>
   <trkpt lat="51.034064" lon="17.117142"><ele>122</ele></trkpt>
   <trkpt lat="51.036018" lon="17.115499"><ele>122</ele></trkpt>
   <trkpt lat="51.037502" lon="17.114252"><ele>125</ele></trkpt>
   <trkpt lat="51.037699" lon="17.114077"><ele>122.25</ele></trkpt>
   <trkpt lat="51.037973" lon="17.113812"><ele>122.25</ele></trkpt>
   <trkpt lat="51.038103" lon="17.113673"><ele>121.75</ele></trkpt>
   <trkpt lat="51.038391" lon="17.113322"><ele>122</ele></trkpt>
   <trkpt lat="51.041128" lon="17.109667"><ele>121.75</ele></trkpt>
   <trkpt lat="51.041664" lon="17.108954"><ele>122</ele></trkpt>
   <trkpt lat="51.041685" lon="17.108926"><ele>121.75</ele></trkpt>
   <trkpt lat="51.041857" lon="17.108719"><ele>122.25</ele></trkpt>
   <trkpt lat="51.042151" lon="17.108414"><ele>121.75</ele></trkpt>
   <trkpt lat="51.042508" lon="17.107945"><ele>122.75</ele></trkpt>
   <trkpt lat="51.04297" lon="17.107344"><ele>123</ele></trkpt>
   <trkpt lat="51.043663" lon="17.106485"><ele>122.75</ele></trkpt>
   <trkpt lat="51.044391" lon="17.105596"><ele>122</ele></trkpt>
   <trkpt lat="51.044637" lon="17.105299"><ele>122.25</ele></trkpt>
   <trkpt lat="51.044856" lon="17.105068"><ele>122.25</ele></trkpt>
   <trkpt lat="51.045098" lon="17.104839"><ele>122</ele></trkpt>
   <trkpt lat="51.045238" lon="17.10471"><ele>122</ele></trkpt>
   <trkpt lat="51.045407" lon="17.10457"><ele>122</ele></trkpt>
   <trkpt lat="51.045567" lon="17.10446"><ele>122</ele></trkpt>
   <trkpt lat="51.046282" lon="17.103951"><ele>122</ele></trkpt>
   <trkpt lat="51.046458" lon="17.1038"><ele>122</ele></trkpt>
   <trkpt lat="51.046577" lon="17.103675"><ele>122</ele></trkpt>
   <trkpt lat="51.047122" lon="17.103042"><ele>122</ele></trkpt>
   <trkpt lat="51.047533" lon="17.102627"><ele>121.75</ele></trkpt>
   <trkpt lat="51.04999" lon="17.100314"><ele>122.75</ele></trkpt>
   <trkpt lat="51.05054" lon="17.099812"><ele>122.5</ele></trkpt>
   <trkpt lat="51.051173" lon="17.099216"><ele>122.75</ele></trkpt>
   <trkpt lat="51.05133" lon="17.099051"><ele>123</ele></trkpt>
   <trkpt lat="51.05147" lon="17.09889"><ele>122.75</ele></trkpt>
   <trkpt lat="51.051592" lon="17.098771"><ele>123</ele></trkpt>
   <trkpt lat="51.051901" lon="17.098496"><ele>123.25</ele></trkpt>
   <trkpt lat="51.052092" lon="17.098325"><ele>123.25</ele></trkpt>
   <trkpt lat="51.052435" lon="17.097954"><ele>124.25</ele></trkpt>
   <trkpt lat="51.052729" lon="17.097653"><ele>124</ele></trkpt>
   <trkpt lat="51.052845" lon="17.097548"><ele>123.75</ele></trkpt>
   <trkpt lat="51.052916" lon="17.09749"><ele>123.25</ele></trkpt>
   <trkpt lat="51.052987" lon="17.097431"><ele>123</ele></trkpt>
   <trkpt lat="51.053108" lon="17.097315"><ele>122.25</ele></trkpt>
   <trkpt lat="51.053279" lon="17.097132"><ele>121.75</ele></trkpt>
   <trkpt lat="51.053496" lon="17.096923"><ele>121</ele></trkpt>
   <trkpt lat="51.053768" lon="17.09667"><ele>121</ele></trkpt>
   <trkpt lat="51.054013" lon="17.096486"><ele>121</ele></trkpt>
   <trkpt lat="51.054147" lon="17.096371"><ele>121</ele></trkpt>
   <trkpt lat="51.054299" lon="17.096225"><ele>121</ele></trkpt>
   <trkpt lat="51.054421" lon="17.096094"><ele>121</ele></trkpt>
   <trkpt lat="51.054637" lon="17.095832"><ele>121</ele></trkpt>
   <trkpt lat="51.056389" lon="17.094188"><ele>121</ele></trkpt>
   <trkpt lat="51.060143" lon="17.090683"><ele>121</ele></trkpt>
   <trkpt lat="51.060703" lon="17.090168"><ele>121</ele></trkpt>
   <trkpt lat="51.060926" lon="17.090009"><ele>121</ele></trkpt>
   <trkpt lat="51.061151" lon="17.08985"><ele>121</ele></trkpt>
   <trkpt lat="51.061448" lon="17.089575"><ele>121.5</ele></trkpt>
   <trkpt lat="51.061958" lon="17.089109"><ele>122</ele></trkpt>
   <trkpt lat="51.066525" lon="17.085537"><ele>122</ele></trkpt>
   <trkpt lat="51.067211" lon="17.084996"><ele>122</ele></trkpt>
   <trkpt lat="51.067385" lon="17.084822"><ele>122</ele></trkpt>
   <trkpt lat="51.067607" lon="17.084549"><ele>122</ele></trkpt>
   <trkpt lat="51.067743" lon="17.0844"><ele>122</ele></trkpt>
   <trkpt lat="51.068086" lon="17.084054"><ele>122.25</ele></trkpt>
   <trkpt lat="51.068319" lon="17.083816"><ele>123</ele></trkpt>
   <trkpt lat="51.068674" lon="17.083541"><ele>122.75</ele></trkpt>
   <trkpt lat="51.068909" lon="17.083354"><ele>122.75</ele></trkpt>
   <trkpt lat="51.069047" lon="17.083251"><ele>122</ele></trkpt>
   <trkpt lat="51.069191" lon="17.083121"><ele>122.25</ele></trkpt>
   <trkpt lat="51.069382" lon="17.082927"><ele>121.75</ele></trkpt>
   <trkpt lat="51.07009" lon="17.082211"><ele>122</ele></trkpt>
   <trkpt lat="51.07035" lon="17.081964"><ele>122</ele></trkpt>
   <trkpt lat="51.073129" lon="17.079468"><ele>121.75</ele></trkpt>
   <trkpt lat="51.07362" lon="17.07907"><ele>120.25</ele></trkpt>
   <trkpt lat="51.076303" lon="17.077067"><ele>120</ele></trkpt>
   <trkpt lat="51.077069" lon="17.076495"><ele>120</ele></trkpt>
   <trkpt lat="51.078933" lon="17.075042"><ele>119.75</ele></trkpt>
   <trkpt lat="51.080804" lon="17.073563"><ele>121</ele></trkpt>
   <trkpt lat="51.081107" lon="17.073308"><ele>121</ele></trkpt>
   <trkpt lat="51.081285" lon="17.073147"><ele>120.5</ele></trkpt>
   <trkpt lat="51.081579" lon="17.072863"><ele>120.5</ele></trkpt>
   <trkpt lat="51.081793" lon="17.072638"><ele>120.75</ele></trkpt>
   <trkpt lat="51.082448" lon="17.071904"><ele>121</ele></trkpt>
   <trkpt lat="51.083267" lon="17.070963"><ele>121</ele></trkpt>
   <trkpt lat="51.083845" lon="17.070279"><ele>121</ele></trkpt>
   <trkpt lat="51.084214" lon="17.069824"><ele>121</ele></trkpt>
   <trkpt lat="51.084792" lon="17.069056"><ele>121</ele></trkpt>
   <trkpt lat="51.085292" lon="17.068369"><ele>121</ele></trkpt>
   <trkpt lat="51.08545" lon="17.068151"><ele>120.75</ele></trkpt>
   <trkpt lat="51.085597" lon="17.067943"><ele>120.5</ele></trkpt>
   <trkpt lat="51.085893" lon="17.067424"><ele>120.75</ele></trkpt>
   <trkpt lat="51.086074" lon="17.067144"><ele>120.75</ele></trkpt>
   <trkpt lat="51.086109" lon="17.067094"><ele>120.75</ele></trkpt>
   <trkpt lat="51.086705" lon="17.066246"><ele>120.5</ele></trkpt>
   <trkpt lat="51.086842" lon="17.066025"><ele>120.75</ele></trkpt>
   <trkpt lat="51.086955" lon="17.06584"><ele>121</ele></trkpt>
   <trkpt lat="51.087123" lon="17.065533"><ele>120.75</ele></trkpt>
   <trkpt lat="51.087356" lon="17.065026"><ele>121</ele></trkpt>
   <trkpt lat="51.087566" lon="17.064557"><ele>120.75</ele></trkpt>
   <trkpt lat="51.087788" lon="17.064038"><ele>121</ele></trkpt>
   <trkpt lat="51.087987" lon="17.063553"><ele>120.75</ele></trkpt>
   <trkpt lat="51.0882" lon="17.063026"><ele>120.5</ele></trkpt>
   <trkpt lat="51.08832" lon="17.062713"><ele>120.5</ele></trkpt>
   <trkpt lat="51.088595" lon="17.062004"><ele>120.25</ele></trkpt>
   <trkpt lat="51.088721" lon="17.061678"><ele>120.5</ele></trkpt>
   <trkpt lat="51.088931" lon="17.061135"><ele>120.75</ele></trkpt>
   <trkpt lat="51.089215" lon="17.060401"><ele>120.75</ele></trkpt>
   <trkpt lat="51.089284" lon="17.060229"><ele>120.5</ele></trkpt>
   <trkpt lat="51.089605" lon="17.059416"><ele>120.25</ele></trkpt>
   <trkpt lat="51.090739" lon="17.056775"><ele>121</ele></trkpt>
   <trkpt lat="51.091529" lon="17.054999"><ele>120.5</ele></trkpt>
   <trkpt lat="51.091608" lon="17.05484"><ele>120.25</ele></trkpt>
   <trkpt lat="51.091745" lon="17.054606"><ele>120.25</ele></trkpt>
   <trkpt lat="51.092087" lon="17.054082"><ele>120.5</ele></trkpt>
   <trkpt lat="51.092246" lon="17.05377"><ele>120.5</ele></trkpt>
   <trkpt lat="51.092363" lon="17.05351"><ele>120.5</ele></trkpt>
   <trkpt lat="51.093888" lon="17.050164"><ele>121</ele></trkpt>
   <trkpt lat="51.094205" lon="17.049547"><ele>121</ele></trkpt>
   <trkpt lat="51.094369" lon="17.049188"><ele>121</ele></trkpt>
   <trkpt lat="51.09454" lon="17.048797"><ele>120.75</ele></trkpt>
   <trkpt lat="51.094754" lon="17.048386"><ele>121</ele></trkpt>
   <trkpt lat="51.094766" lon="17.048361"><ele>121</ele></trkpt>
   <trkpt lat="51.095059" lon="17.047801"><ele>121</ele></trkpt>
   <trkpt lat="51.095416" lon="17.047083"><ele>121</ele></trkpt>
   <trkpt lat="51.095636" lon="17.046606"><ele>122</ele></trkpt>
   <trkpt lat="51.095845" lon="17.046037"><ele>122</ele></trkpt>
   <trkpt lat="51.096066" lon="17.045436"><ele>122</ele></trkpt>
   <trkpt lat="51.096503" lon="17.044251"><ele>122</ele></trkpt>
   <trkpt lat="51.096588" lon="17.044"><ele>122</ele></trkpt>
   <trkpt lat="51.096648" lon="17.043799"><ele>122</ele></trkpt>
   <trkpt lat="51.096719" lon="17.043515"><ele>122</ele></trkpt>
   <trkpt lat="51.096784" lon="17.043206"><ele>122</ele></trkpt>
   <trkpt lat="51.096926" lon="17.042478"><ele>121.75</ele></trkpt>
   <trkpt lat="51.096959" lon="17.042363"><ele>121.75</ele></trkpt>
   <trkpt lat="51.097041" lon="17.042067"><ele>121.75</ele></trkpt>
   <trkpt lat="51.097057" lon="17.042012"><ele>121.75</ele></trkpt>
   <trkpt lat="51.097129" lon="17.04176"><ele>122.5</ele></trkpt>
   <trkpt lat="51.097242" lon="17.041352"><ele>122.75</ele></trkpt>
   <trkpt lat="51.097317" lon="17.04107"><ele>123</ele></trkpt>
   <trkpt lat="51.097421" lon="17.04071"><ele>123</ele></trkpt>
   <trkpt lat="51.097494" lon="17.040402"><ele>123</ele></trkpt>
   <trkpt lat="51.097581" lon="17.039948"><ele>123</ele></trkpt>
   <trkpt lat="51.097588" lon="17.039906"><ele>123</ele></trkpt>
   <trkpt lat="51.097658" lon="17.039447"><ele>123.5</ele></trkpt>
   <trkpt lat="51.097842" lon="17.037976"><ele>122.75</ele></trkpt>
   <trkpt lat="51.097984" lon="17.03684"><ele>124</ele></trkpt>
   <trkpt lat="51.098096" lon="17.035946"><ele>123</ele></trkpt>
   <trkpt lat="51.098171" lon="17.035497"><ele>123.5</ele></trkpt>
   <trkpt lat="51.098264" lon="17.035079"><ele>123.75</ele></trkpt>
   <trkpt lat="51.098323" lon="17.034854"><ele>123.25</ele></trkpt>
   <trkpt lat="51.098391" lon="17.034627"><ele>123</ele></trkpt>
   <trkpt lat="51.0985" lon="17.034302"><ele>122.75</ele></trkpt>
   <trkpt lat="51.098688" lon="17.033757"><ele>122.5</ele></trkpt>
   <trkpt lat="51.09879" lon="17.033501"><ele>122</ele></trkpt>
   <trkpt lat="51.098799" lon="17.033478"><ele>122</ele></trkpt>
   <trkpt lat="51.098807" lon="17.033459"><ele>122</ele></trkpt>
   <trkpt lat="51.098808" lon="17.033456"><ele>122</ele></trkpt>
   <trkpt lat="51.098918" lon="17.033199"><ele>122.5</ele></trkpt>
   <trkpt lat="51.099021" lon="17.032934"><ele>121.5</ele></trkpt>
   <trkpt lat="51.099139" lon="17.032596"><ele>122.75</ele></trkpt>
   <trkpt lat="51.099258" lon="17.032179"><ele>121.5</ele></trkpt>
   <trkpt lat="51.099266" lon="17.032149"><ele>121.5</ele></trkpt>
   <trkpt lat="51.099271" lon="17.032128"><ele>121.5</ele></trkpt>
   <trkpt lat="51.09929" lon="17.032056"><ele>121.25</ele></trkpt>
   <trkpt lat="51.099583" lon="17.030946"><ele>120.75</ele></trkpt>
   <trkpt lat="51.099598" lon="17.03089"><ele>120.5</ele></trkpt>
   <trkpt lat="51.099607" lon="17.030856"><ele>120.25</ele></trkpt>
   <trkpt lat="51.099675" lon="17.030599"><ele>119</ele></trkpt>
   <trkpt lat="51.099692" lon="17.030527"><ele>119</ele></trkpt>
   <trkpt lat="51.099706" lon="17.030475"><ele>119</ele></trkpt>
   <trkpt lat="51.100014" lon="17.029292"><ele>119</ele></trkpt>
   <trkpt lat="51.100059" lon="17.029116"><ele>119</ele></trkpt>
   <trkpt lat="51.100095" lon="17.028975"><ele>119</ele></trkpt>
   <trkpt lat="51.100097" lon="17.028968"><ele>119</ele></trkpt>
   <trkpt lat="51.100234" lon="17.028395"><ele>118.25</ele></trkpt>
   <trkpt lat="51.100299" lon="17.028112"><ele>118.75</ele></trkpt>
   <trkpt lat="51.100349" lon="17.027897"><ele>118.75</ele></trkpt>
   <trkpt lat="51.100666" lon="17.026501"><ele>118.5</ele></trkpt>
   <trkpt lat="51.100673" lon="17.02647"><ele>118.5</ele></trkpt>
   <trkpt lat="51.101067" lon="17.024721"><ele>118</ele></trkpt>
   <trkpt lat="51.101158" lon="17.024244"><ele>118</ele></trkpt>
   <trkpt lat="51.101211" lon="17.023905"><ele>118</ele></trkpt>
   <trkpt lat="51.101258" lon="17.023527"><ele>118.5</ele></trkpt>
   <trkpt lat="51.101285" lon="17.023232"><ele>119</ele></trkpt>
   <trkpt lat="51.10132" lon="17.022672"><ele>119</ele></trkpt>
   <trkpt lat="51.101328" lon="17.022096"><ele>119</ele></trkpt>
   <trkpt lat="51.10132" lon="17.021684"><ele>121.75</ele></trkpt>
   <trkpt lat="51.101308" lon="17.021465"><ele>121.75</ele></trkpt>
   <trkpt lat="51.10121" lon="17.020176"><ele>118.75</ele></trkpt>
   <trkpt lat="51.101188" lon="17.019907"><ele>119.25</ele></trkpt>
   <trkpt lat="51.100849" lon="17.015585"><ele>122.75</ele></trkpt>
   <trkpt lat="51.100833" lon="17.015306"><ele>123.75</ele></trkpt>
   <trkpt lat="51.100814" lon="17.014732"><ele>123.5</ele></trkpt>
   <trkpt lat="51.100814" lon="17.014136"><ele>123</ele></trkpt>
   <trkpt lat="51.100822" lon="17.013888"><ele>119.75</ele></trkpt>
   <trkpt lat="51.100847" lon="17.013382"><ele>120.5</ele></trkpt>
   <trkpt lat="51.100887" lon="17.012886"><ele>121.5</ele></trkpt>
   <trkpt lat="51.100888" lon="17.01287"><ele>121.5</ele></trkpt>
   <trkpt lat="51.100893" lon="17.012818"><ele>121.25</ele></trkpt>
   <trkpt lat="51.100914" lon="17.012628"><ele>121.25</ele></trkpt>
   <trkpt lat="51.100969" lon="17.01228"><ele>121.25</ele></trkpt>
   <trkpt lat="51.1011" lon="17.011608"><ele>123.75</ele></trkpt>
   <trkpt lat="51.101198" lon="17.011124"><ele>121.75</ele></trkpt>
   <trkpt lat="51.101266" lon="17.010839"><ele>120.75</ele></trkpt>
   <trkpt lat="51.101343" lon="17.010534"><ele>122.5</ele></trkpt>
   <trkpt lat="51.101447" lon="17.010142"><ele>121.5</ele></trkpt>
   <trkpt lat="51.101657" lon="17.009373"><ele>120.75</ele></trkpt>
   <trkpt lat="51.101725" lon="17.009132"><ele>122.75</ele></trkpt>
   <trkpt lat="51.102127" lon="17.007739"><ele>122.25</ele></trkpt>
   <trkpt lat="51.102185" lon="17.007549"><ele>123</ele></trkpt>
   <trkpt lat="51.102391" lon="17.006893"><ele>122.25</ele></trkpt>
   <trkpt lat="51.102796" lon="17.005676"><ele>123.5</ele></trkpt>
   <trkpt lat="51.102923" lon="17.005348"><ele>122.5</ele></trkpt>
   <trkpt lat="51.103105" lon="17.004927"><ele>124</ele></trkpt>
   <trkpt lat="51.103183" lon="17.00477"><ele>123.75</ele></trkpt>
   <trkpt lat="51.103344" lon="17.004483"><ele>123.75</ele></trkpt>
   <trkpt lat="51.103467" lon="17.004277"><ele>123.5</ele></trkpt>
   <trkpt lat="51.103667" lon="17.00398"><ele>122.75</ele></trkpt>
   <trkpt lat="51.103806" lon="17.003786"><ele>123.25</ele></trkpt>
   <trkpt lat="51.104319" lon="17.00312"><ele>119.25</ele></trkpt>
   <trkpt lat="51.104514" lon="17.002874"><ele>120</ele></trkpt>
   <trkpt lat="51.104666" lon="17.002679"><ele>122.75</ele></trkpt>
   <trkpt lat="51.105449" lon="17.00168"><ele>122.5</ele></trkpt>
   <trkpt lat="51.109611" lon="16.996489"><ele>122</ele></trkpt>
   <trkpt lat="51.109997" lon="16.996017"><ele>121</ele></trkpt>
   <trkpt lat="51.111255" lon="16.994468"><ele>120</ele></trkpt>
   <trkpt lat="51.111482" lon="16.994176"><ele>120</ele></trkpt>
   <trkpt lat="51.111741" lon="16.993812"><ele>120</ele></trkpt>
   <trkpt lat="51.111973" lon="16.99346"><ele>120</ele></trkpt>
   <trkpt lat="51.11223" lon="16.993042"><ele>120</ele></trkpt>
   <trkpt lat="51.112266" lon="16.992983"><ele>120</ele></trkpt>
   <trkpt lat="51.112299" lon="16.992928"><ele>120</ele></trkpt>
   <trkpt lat="51.112361" lon="16.992821"><ele>120</ele></trkpt>
   <trkpt lat="51.112768" lon="16.992108"><ele>120</ele></trkpt>
   <trkpt lat="51.112891" lon="16.99187"><ele>120</ele></trkpt>
   <trkpt lat="51.113013" lon="16.991611"><ele>120</ele></trkpt>
   <trkpt lat="51.113227" lon="16.991126"><ele>119.25</ele></trkpt>
   <trkpt lat="51.113352" lon="16.990819"><ele>120</ele></trkpt>
   <trkpt lat="51.113455" lon="16.990539"><ele>120</ele></trkpt>
   <trkpt lat="51.113611" lon="16.990064"><ele>120</ele></trkpt>
   <trkpt lat="51.113657" lon="16.989923"><ele>119.75</ele></trkpt>
   <trkpt lat="51.113891" lon="16.989152"><ele>119</ele></trkpt>
   <trkpt lat="51.114031" lon="16.988608"><ele>119.5</ele></trkpt>
   <trkpt lat="51.114262" lon="16.987659"><ele>119.75</ele></trkpt>
   <trkpt lat="51.114401" lon="16.986891"><ele>119.25</ele></trkpt>
   <trkpt lat="51.114483" lon="16.986396"><ele>119</ele></trkpt>
   <trkpt lat="51.114525" lon="16.986098"><ele>120</ele></trkpt>
   <trkpt lat="51.114574" lon="16.9856"><ele>120</ele></trkpt>
   <trkpt lat="51.114962" lon="16.983281"><ele>120</ele></trkpt>
   <trkpt lat="51.115009" lon="16.983004"><ele>120</ele></trkpt>
   <trkpt lat="51.115349" lon="16.980955"><ele>120</ele></trkpt>
   <trkpt lat="51.116987" lon="16.971158"><ele>121</ele></trkpt>
   <trkpt lat="51.117265" lon="16.969479"><ele>121</ele></trkpt>
   <trkpt lat="51.117394" lon="16.968945"><ele>121</ele></trkpt>
   <trkpt lat="51.117466" lon="16.968649"><ele>120.75</ele></trkpt>
   <trkpt lat="51.117475" lon="16.968615"><ele>120.75</ele></trkpt>
   <trkpt lat="51.117559" lon="16.968273"><ele>121</ele></trkpt>
   <trkpt lat="51.117709" lon="16.967657"><ele>121</ele></trkpt>
   <trkpt lat="51.117849" lon="16.967076"><ele>120.75</ele></trkpt>
   <trkpt lat="51.11801" lon="16.966542"><ele>121</ele></trkpt>
   <trkpt lat="51.118196" lon="16.965967"><ele>121</ele></trkpt>
   <trkpt lat="51.118298" lon="16.965696"><ele>121</ele></trkpt>
   <trkpt lat="51.118571" lon="16.965048"><ele>121</ele></trkpt>
   <trkpt lat="51.118741" lon="16.964679"><ele>121</ele></trkpt>
   <trkpt lat="51.118996" lon="16.964221"><ele>122.75</ele></trkpt>
   <trkpt lat="51.119237" lon="16.963878"><ele>122.5</ele></trkpt>
   <trkpt lat="51.122214" lon="16.959913"><ele>122</ele></trkpt>
   <trkpt lat="51.122253" lon="16.95986"><ele>122</ele></trkpt>
   <trkpt lat="51.122282" lon="16.959821"><ele>122</ele></trkpt>
   <trkpt lat="51.125585" lon="16.955542"><ele>119</ele></trkpt>
   <trkpt lat="51.125614" lon="16.955505"><ele>119</ele></trkpt>
   <trkpt lat="51.125867" lon="16.955148"><ele>119</ele></trkpt>
   <trkpt lat="51.126075" lon="16.954831"><ele>118.75</ele></trkpt>
   <trkpt lat="51.126266" lon="16.954569"><ele>118.25</ele></trkpt>
   <trkpt lat="51.126302" lon="16.954523"><ele>118.25</ele></trkpt>
   <trkpt lat="51.126711" lon="16.953993"><ele>118</ele></trkpt>
   <trkpt lat="51.126749" lon="16.953946"><ele>118</ele></trkpt>
   <trkpt lat="51.126791" lon="16.953891"><ele>118</ele></trkpt>
   <trkpt lat="51.128133" lon="16.952181"><ele>118</ele></trkpt>
   <trkpt lat="51.132599" lon="16.946408"><ele>116.75</ele></trkpt>
   <trkpt lat="51.132661" lon="16.946326"><ele>116.75</ele></trkpt>
   <trkpt lat="51.133503" lon="16.945233"><ele>116</ele></trkpt>
   <trkpt lat="51.133558" lon="16.945164"><ele>115.25</ele></trkpt>
   <trkpt lat="51.133729" lon="16.944938"><ele>114.75</ele></trkpt>
   <trkpt lat="51.134388" lon="16.944087"><ele>116</ele></trkpt>
   <trkpt lat="51.136276" lon="16.941614"><ele>116.25</ele></trkpt>
   <trkpt lat="51.137029" lon="16.940671"><ele>116</ele></trkpt>
   <trkpt lat="51.137581" lon="16.93999"><ele>116</ele></trkpt>
   <trkpt lat="51.13786" lon="16.939659"><ele>116.25</ele></trkpt>
   <trkpt lat="51.139313" lon="16.937991"><ele>115</ele></trkpt>
   <trkpt lat="51.139764" lon="16.937479"><ele>115</ele></trkpt>
   <trkpt lat="51.147061" lon="16.929197"><ele>113.75</ele></trkpt>
   <trkpt lat="51.154357" lon="16.920914"><ele>115</ele></trkpt>
   <trkpt lat="51.157452" lon="16.9174"><ele>114.25</ele></trkpt>
   <trkpt lat="51.158353" lon="16.916385"><ele>115</ele></trkpt>
   <trkpt lat="51.158413" lon="16.916317"><ele>115</ele></trkpt>
   <trkpt lat="51.158461" lon="16.916263"><ele>115</ele></trkpt>
   <trkpt lat="51.159996" lon="16.914577"><ele>114.5</ele></trkpt>
   <trkpt lat="51.16092" lon="16.91355"><ele>114</ele></trkpt>
   <trkpt lat="51.16149" lon="16.912896"><ele>114</ele></trkpt>
   <trkpt lat="51.161617" lon="16.912749"><ele>113.75</ele></trkpt>
   <trkpt lat="51.161884" lon="16.912447"><ele>113.75</ele></trkpt>
   <trkpt lat="51.162798" lon="16.91141"><ele>113.75</ele></trkpt>
   <trkpt lat="51.162982" lon="16.911178"><ele>113.5</ele></trkpt>
   <trkpt lat="51.163138" lon="16.910956"><ele>113.25</ele></trkpt>
   <trkpt lat="51.163292" lon="16.91077"><ele>113.75</ele></trkpt>
   <trkpt lat="51.165932" lon="16.907765"><ele>114</ele></trkpt>
   <trkpt lat="51.168229" lon="16.905152"><ele>114</ele></trkpt>
   <trkpt lat="51.168378" lon="16.90497"><ele>114</ele></trkpt>
   <trkpt lat="51.168577" lon="16.90469"><ele>114</ele></trkpt>
   <trkpt lat="51.168722" lon="16.904513"><ele>114</ele></trkpt>
   <trkpt lat="51.169282" lon="16.903878"><ele>113.5</ele></trkpt>
   <trkpt lat="51.169991" lon="16.90307"><ele>113.75</ele></trkpt>
   <trkpt lat="51.170838" lon="16.902105"><ele>113.75</ele></trkpt>
   <trkpt lat="51.170868" lon="16.902071"><ele>113.75</ele></trkpt>
   <trkpt lat="51.171834" lon="16.900969"><ele>113.5</ele></trkpt>
   <trkpt lat="51.174231" lon="16.898243"><ele>112.25</ele></trkpt>
   <trkpt lat="51.174973" lon="16.8974"><ele>112</ele></trkpt>
   <trkpt lat="51.180196" lon="16.891458"><ele>113</ele></trkpt>
   <trkpt lat="51.183545" lon="16.88765"><ele>113</ele></trkpt>
   <trkpt lat="51.18564" lon="16.885266"><ele>113</ele></trkpt>
   <trkpt lat="51.189749" lon="16.88059"><ele>113</ele></trkpt>
   <trkpt lat="51.208708" lon="16.858998"><ele>109.25</ele></trkpt>
   <trkpt lat="51.212348" lon="16.854845"><ele>110</ele></trkpt>
   <trkpt lat="51.212837" lon="16.854258"><ele>109.25</ele></trkpt>
   <trkpt lat="51.21329" lon="16.853663"><ele>109.75</ele></trkpt>
   <trkpt lat="51.213722" lon="16.853045"><ele>109.5</ele></trkpt>
   <trkpt lat="51.214143" lon="16.852383"><ele>109</ele></trkpt>
   <trkpt lat="51.2144" lon="16.85195"><ele>109.75</ele></trkpt>
   <trkpt lat="51.214737" lon="16.85134"><ele>108.75</ele></trkpt>
   <trkpt lat="51.214926" lon="16.850977"><ele>108.25</ele></trkpt>
   <trkpt lat="51.21511" lon="16.850604"><ele>108</ele></trkpt>
   <trkpt lat="51.215451" lon="16.849868"><ele>109</ele></trkpt>
   <trkpt lat="51.215634" lon="16.849446"><ele>109</ele></trkpt>
   <trkpt lat="51.215927" lon="16.848721"><ele>109</ele></trkpt>
   <trkpt lat="51.216062" lon="16.848361"><ele>109</ele></trkpt>
   <trkpt lat="51.216332" lon="16.847594"><ele>109</ele></trkpt>
   <trkpt lat="51.216526" lon="16.846989"><ele>109</ele></trkpt>
   <trkpt lat="51.219062" lon="16.838803"><ele>108</ele></trkpt>
   <trkpt lat="51.219114" lon="16.838632"><ele>108</ele></trkpt>
   <trkpt lat="51.219536" lon="16.837262"><ele>108.5</ele></trkpt>
   <trkpt lat="51.219669" lon="16.836832"><ele>108</ele></trkpt>
   <trkpt lat="51.219836" lon="16.836291"><ele>108.5</ele></trkpt>
   <trkpt lat="51.220058" lon="16.83558"><ele>108.5</ele></trkpt>
   <trkpt lat="51.222988" lon="16.826072"><ele>108.75</ele></trkpt>
   <trkpt lat="51.223587" lon="16.824149"><ele>108</ele></trkpt>
   <trkpt lat="51.223657" lon="16.823917"><ele>108</ele></trkpt>
   <trkpt lat="51.229344" lon="16.805514"><ele>107</ele></trkpt>
   <trkpt lat="51.229494" lon="16.805028"><ele>107.75</ele></trkpt>
   <trkpt lat="51.229937" lon="16.803598"><ele>107.75</ele></trkpt>
   <trkpt lat="51.241871" lon="16.764933"><ele>106</ele></trkpt>
   <trkpt lat="51.24223" lon="16.763771"><ele>106.75</ele></trkpt>
   <trkpt lat="51.242295" lon="16.763557"><ele>106.75</ele></trkpt>
   <trkpt lat="51.243136" lon="16.760824"><ele>106.5</ele></trkpt>
   <trkpt lat="51.24315" lon="16.760781"><ele>106.5</ele></trkpt>
   <trkpt lat="51.24369" lon="16.759042"><ele>106</ele></trkpt>
   <trkpt lat="51.24381" lon="16.758673"><ele>106.5</ele></trkpt>
   <trkpt lat="51.243948" lon="16.758273"><ele>105.5</ele></trkpt>
   <trkpt lat="51.24415" lon="16.757732"><ele>105.75</ele></trkpt>
   <trkpt lat="51.244283" lon="16.757397"><ele>104.75</ele></trkpt>
   <trkpt lat="51.244412" lon="16.757099"><ele>105.75</ele></trkpt>
   <trkpt lat="51.244689" lon="16.756502"><ele>105.75</ele></trkpt>
   <trkpt lat="51.244988" lon="16.755932"><ele>105.75</ele></trkpt>
   <trkpt lat="51.245155" lon="16.755641"><ele>106</ele></trkpt>
   <trkpt lat="51.245497" lon="16.755094"><ele>105.5</ele></trkpt>
   <trkpt lat="51.245666" lon="16.754847"><ele>105.5</ele></trkpt>
   <trkpt lat="51.245852" lon="16.75459"><ele>106</ele></trkpt>
   <trkpt lat="51.24622" lon="16.75411"><ele>105.75</ele></trkpt>
   <trkpt lat="51.249563" lon="16.750112"><ele>106.25</ele></trkpt>
   <trkpt lat="51.249698" lon="16.749953"><ele>106.25</ele></trkpt>
   <trkpt lat="51.250048" lon="16.749545"><ele>106</ele></trkpt>
   <trkpt lat="51.250446" lon="16.749119"><ele>106.25</ele></trkpt>
   <trkpt lat="51.250673" lon="16.748897"><ele>106.25</ele></trkpt>
   <trkpt lat="51.250864" lon="16.748723"><ele>106.25</ele></trkpt>
   <trkpt lat="51.251125" lon="16.748501"><ele>106</ele></trkpt>
   <trkpt lat="51.251365" lon="16.748309"><ele>108.25</ele></trkpt>
   <trkpt lat="51.251792" lon="16.748003"><ele>107.5</ele></trkpt>
   <trkpt lat="51.252036" lon="16.747848"><ele>106.75</ele></trkpt>
   <trkpt lat="51.252279" lon="16.747706"><ele>107.5</ele></trkpt>
   <trkpt lat="51.252503" lon="16.747587"><ele>107.25</ele></trkpt>
   <trkpt lat="51.25275" lon="16.747467"><ele>108.25</ele></trkpt>
   <trkpt lat="51.253221" lon="16.747271"><ele>108.25</ele></trkpt>
   <trkpt lat="51.25372" lon="16.747108"><ele>107.75</ele></trkpt>
   <trkpt lat="51.253965" lon="16.747048"><ele>107.25</ele></trkpt>
   <trkpt lat="51.2544" lon="16.746962"><ele>109.5</ele></trkpt>
   <trkpt lat="51.254623" lon="16.746928"><ele>109.5</ele></trkpt>
   <trkpt lat="51.25531" lon="16.746852"><ele>107.5</ele></trkpt>
   <trkpt lat="51.2587" lon="16.74659"><ele>107</ele></trkpt>
   <trkpt lat="51.258827" lon="16.746579"><ele>108.5</ele></trkpt>
   <trkpt lat="51.258966" lon="16.746566"><ele>109</ele></trkpt>
   <trkpt lat="51.259322" lon="16.746512"><ele>108.25</ele></trkpt>
   <trkpt lat="51.259495" lon="16.746472"><ele>108.25</ele></trkpt>
   <trkpt lat="51.259667" lon="16.74642"><ele>109.25</ele></trkpt>
   <trkpt lat="51.259998" lon="16.746279"><ele>108.75</ele></trkpt>
   <trkpt lat="51.260165" lon="16.746191"><ele>108.5</ele></trkpt>
   <trkpt lat="51.260498" lon="16.745971"><ele>108.25</ele></trkpt>
   <trkpt lat="51.260809" lon="16.745722"><ele>108.5</ele></trkpt>
   <trkpt lat="51.26096" lon="16.745582"><ele>108.75</ele></trkpt>
   <trkpt lat="51.261256" lon="16.745268"><ele>108.5</ele></trkpt>
   <trkpt lat="51.261397" lon="16.745101"><ele>108.5</ele></trkpt>
   <trkpt lat="51.26154" lon="16.744912"><ele>108.5</ele></trkpt>
   <trkpt lat="51.261796" lon="16.744532"><ele>109</ele></trkpt>
   <trkpt lat="51.261906" lon="16.744352"><ele>110</ele></trkpt>
   <trkpt lat="51.262045" lon="16.744103"><ele>109</ele></trkpt>
   <trkpt lat="51.262156" lon="16.743886"><ele>110.25</ele></trkpt>
   <trkpt lat="51.262257" lon="16.743668"><ele>109</ele></trkpt>
   <trkpt lat="51.262357" lon="16.74344"><ele>108.25</ele></trkpt>
   <trkpt lat="51.262456" lon="16.743193"><ele>109.5</ele></trkpt>
   <trkpt lat="51.262547" lon="16.742944"><ele>108.75</ele></trkpt>
   <trkpt lat="51.262708" lon="16.742432"><ele>109.5</ele></trkpt>
   <trkpt lat="51.262848" lon="16.74188"><ele>108</ele></trkpt>
   <trkpt lat="51.262903" lon="16.741611"><ele>108</ele></trkpt>
   <trkpt lat="51.262988" lon="16.741113"><ele>109.5</ele></trkpt>
   <trkpt lat="51.263027" lon="16.74082"><ele>110.5</ele></trkpt>
   <trkpt lat="51.263061" lon="16.740514"><ele>109.75</ele></trkpt>
   <trkpt lat="51.2631" lon="16.739957"><ele>109.5</ele></trkpt>
   <trkpt lat="51.263114" lon="16.739358"><ele>109.25</ele></trkpt>
   <trkpt lat="51.263092" lon="16.73793"><ele>111</ele></trkpt>
   <trkpt lat="51.263092" lon="16.73764"><ele>111.25</ele></trkpt>
   <trkpt lat="51.263109" lon="16.737236"><ele>112</ele></trkpt>
   <trkpt lat="51.263111" lon="16.736945"><ele>112</ele></trkpt>
   <trkpt lat="51.263093" lon="16.735896"><ele>113</ele></trkpt>
   <trkpt lat="51.263094" lon="16.735582"><ele>113</ele></trkpt>
   <trkpt lat="51.263112" lon="16.735008"><ele>113</ele></trkpt>
   <trkpt lat="51.263153" lon="16.734459"><ele>113.25</ele></trkpt>
   <trkpt lat="51.263183" lon="16.734186"><ele>113.25</ele></trkpt>
   <trkpt lat="51.26322" lon="16.73392"><ele>113</ele></trkpt>
   <trkpt lat="51.263259" lon="16.73368"><ele>113</ele></trkpt>
   <trkpt lat="51.263359" lon="16.733173"><ele>114</ele></trkpt>
   <trkpt lat="51.263484" lon="16.732675"><ele>113.5</ele></trkpt>
   <trkpt lat="51.263616" lon="16.732241"><ele>114</ele></trkpt>
   <trkpt lat="51.263704" lon="16.731997"><ele>114</ele></trkpt>
   <trkpt lat="51.263899" lon="16.731508"><ele>114</ele></trkpt>
   <trkpt lat="51.264061" lon="16.731142"><ele>114</ele></trkpt>
   <trkpt lat="51.264314" lon="16.73061"><ele>114</ele></trkpt>
   <trkpt lat="51.264771" lon="16.72967"><ele>114</ele></trkpt>
   <trkpt lat="51.267076" lon="16.72493"><ele>115</ele></trkpt>
   <trkpt lat="51.26734" lon="16.724386"><ele>115</ele></trkpt>
   <trkpt lat="51.267763" lon="16.723476"><ele>115</ele></trkpt>
   <trkpt lat="51.268408" lon="16.722023"><ele>114.25</ele></trkpt>
   <trkpt lat="51.268665" lon="16.721443"><ele>115</ele></trkpt>
   <trkpt lat="51.269033" lon="16.720661"><ele>115</ele></trkpt>
   <trkpt lat="51.269151" lon="16.720417"><ele>115.75</ele></trkpt>
   <trkpt lat="51.270235" lon="16.718152"><ele>115.75</ele></trkpt>
   <trkpt lat="51.271751" lon="16.714982"><ele>118.25</ele></trkpt>
   <trkpt lat="51.272075" lon="16.714255"><ele>119.5</ele></trkpt>
   <trkpt lat="51.272413" lon="16.713412"><ele>121.75</ele></trkpt>
   <trkpt lat="51.274014" lon="16.709259"><ele>120.25</ele></trkpt>
   <trkpt lat="51.274035" lon="16.709203"><ele>120.5</ele></trkpt>
   <trkpt lat="51.27516" lon="16.706287"><ele>121</ele></trkpt>
   <trkpt lat="51.279865" lon="16.694096"><ele>127.25</ele></trkpt>
   <trkpt lat="51.280459" lon="16.692557"><ele>128.25</ele></trkpt>
   <trkpt lat="51.280731" lon="16.691876"><ele>128.25</ele></trkpt>
   <trkpt lat="51.281005" lon="16.691245"><ele>128.25</ele></trkpt>
   <trkpt lat="51.281151" lon="16.690933"><ele>128</ele></trkpt>
   <trkpt lat="51.281303" lon="16.690633"><ele>128.5</ele></trkpt>
   <trkpt lat="51.281621" lon="16.690047"><ele>128.75</ele></trkpt>
   <trkpt lat="51.281799" lon="16.689748"><ele>128.5</ele></trkpt>
   <trkpt lat="51.281955" lon="16.689499"><ele>129</ele></trkpt>
   <trkpt lat="51.282319" lon="16.688968"><ele>129.25</ele></trkpt>
   <trkpt lat="51.282697" lon="16.688476"><ele>129.5</ele></trkpt>
   <trkpt lat="51.282892" lon="16.688245"><ele>129.75</ele></trkpt>
   <trkpt lat="51.283086" lon="16.688027"><ele>130</ele></trkpt>
   <trkpt lat="51.283296" lon="16.687806"><ele>130</ele></trkpt>
   <trkpt lat="51.2837" lon="16.687413"><ele>130.25</ele></trkpt>
   <trkpt lat="51.285599" lon="16.685712"><ele>130.75</ele></trkpt>
   <trkpt lat="51.286505" lon="16.684903"><ele>130.5</ele></trkpt>
   <trkpt lat="51.294341" lon="16.677906"><ele>128.5</ele></trkpt>
   <trkpt lat="51.294806" lon="16.677479"><ele>128.25</ele></trkpt>
   <trkpt lat="51.2953" lon="16.676986"><ele>128</ele></trkpt>
   <trkpt lat="51.297125" lon="16.675057"><ele>127</ele></trkpt>
   <trkpt lat="51.298108" lon="16.674017"><ele>126.75</ele></trkpt>
   <trkpt lat="51.30188" lon="16.670025"><ele>123.75</ele></trkpt>
   <trkpt lat="51.305787" lon="16.665889"><ele>122</ele></trkpt>
   <trkpt lat="51.309371" lon="16.662095"><ele>121.75</ele></trkpt>
   <trkpt lat="51.309841" lon="16.661586"><ele>122.25</ele></trkpt>
   <trkpt lat="51.310336" lon="16.661006"><ele>122.25</ele></trkpt>
   <trkpt lat="51.310812" lon="16.660393"><ele>122.5</ele></trkpt>
   <trkpt lat="51.31104" lon="16.660079"><ele>122.25</ele></trkpt>
   <trkpt lat="51.311272" lon="16.659744"><ele>121</ele></trkpt>
   <trkpt lat="51.311705" lon="16.659074"><ele>120</ele></trkpt>
   <trkpt lat="51.313703" lon="16.655794"><ele>120.75</ele></trkpt>
   <trkpt lat="51.315878" lon="16.652224"><ele>118.75</ele></trkpt>
   <trkpt lat="51.317598" lon="16.649407"><ele>116</ele></trkpt>
   <trkpt lat="51.318038" lon="16.648732"><ele>115.5</ele></trkpt>
   <trkpt lat="51.318259" lon="16.648418"><ele>115.75</ele></trkpt>
   <trkpt lat="51.318702" lon="16.647827"><ele>117</ele></trkpt>
   <trkpt lat="51.318946" lon="16.647521"><ele>116</ele></trkpt>
   <trkpt lat="51.319195" lon="16.647226"><ele>116</ele></trkpt>
   <trkpt lat="51.319668" lon="16.646711"><ele>116</ele></trkpt>
   <trkpt lat="51.32002" lon="16.646356"><ele>116</ele></trkpt>
   <trkpt lat="51.32295" lon="16.643536"><ele>111.25</ele></trkpt>
   <trkpt lat="51.330351" lon="16.636411"><ele>111.25</ele></trkpt>
   <trkpt lat="51.330512" lon="16.636241"><ele>111</ele></trkpt>
   <trkpt lat="51.33071" lon="16.636"><ele>110.75</ele></trkpt>
   <trkpt lat="51.330864" lon="16.635841"><ele>111.5</ele></trkpt>
   <trkpt lat="51.331584" lon="16.635131"><ele>111.5</ele></trkpt>
   <trkpt lat="51.331748" lon="16.634978"><ele>111.75</ele></trkpt>
   <trkpt lat="51.332092" lon="16.634721"><ele>112</ele></trkpt>
   <trkpt lat="51.332219" lon="16.634607"><ele>111.75</ele></trkpt>
   <trkpt lat="51.3323" lon="16.634533"><ele>112</ele></trkpt>
   <trkpt lat="51.332339" lon="16.634496"><ele>112.25</ele></trkpt>
   <trkpt lat="51.332378" lon="16.634458"><ele>112.5</ele></trkpt>
   <trkpt lat="51.332461" lon="16.634374"><ele>112.5</ele></trkpt>
   <trkpt lat="51.332657" lon="16.634201"><ele>112.5</ele></trkpt>
   <trkpt lat="51.332888" lon="16.634027"><ele>112.5</ele></trkpt>
   <trkpt lat="51.333102" lon="16.633834"><ele>112</ele></trkpt>
   <trkpt lat="51.333303" lon="16.633643"><ele>112</ele></trkpt>
   <trkpt lat="51.333745" lon="16.633221"><ele>112.75</ele></trkpt>
   <trkpt lat="51.338663" lon="16.6285"><ele>112</ele></trkpt>
   <trkpt lat="51.338778" lon="16.628375"><ele>112</ele></trkpt>
   <trkpt lat="51.338835" lon="16.628307"><ele>112</ele></trkpt>
   <trkpt lat="51.338874" lon="16.628262"><ele>112</ele></trkpt>
   <trkpt lat="51.338908" lon="16.628221"><ele>111.75</ele></trkpt>
   <trkpt lat="51.339138" lon="16.627966"><ele>111</ele></trkpt>
   <trkpt lat="51.339281" lon="16.627829"><ele>111</ele></trkpt>
   <trkpt lat="51.339583" lon="16.627537"><ele>111</ele></trkpt>
   <trkpt lat="51.340355" lon="16.626789"><ele>110.5</ele></trkpt>
   <trkpt lat="51.346017" lon="16.621325"><ele>104.5</ele></trkpt>
   <trkpt lat="51.350048" lon="16.617435"><ele>105.25</ele></trkpt>
   <trkpt lat="51.350845" lon="16.616638"><ele>104.75</ele></trkpt>
   <trkpt lat="51.351633" lon="16.615799"><ele>104.75</ele></trkpt>
   <trkpt lat="51.351944" lon="16.615457"><ele>104.75</ele></trkpt>
   <trkpt lat="51.352433" lon="16.6149"><ele>104.75</ele></trkpt>
   <trkpt lat="51.352922" lon="16.61432"><ele>105.25</ele></trkpt>
   <trkpt lat="51.353566" lon="16.613523"><ele>105.75</ele></trkpt>
   <trkpt lat="51.353919" lon="16.613074"><ele>106</ele></trkpt>
   <trkpt lat="51.354397" lon="16.612447"><ele>106</ele></trkpt>
   <trkpt lat="51.354868" lon="16.611805"><ele>105.75</ele></trkpt>
   <trkpt lat="51.355433" lon="16.610999"><ele>105.25</ele></trkpt>
   <trkpt lat="51.355669" lon="16.610653"><ele>104.5</ele></trkpt>
   <trkpt lat="51.356265" lon="16.609745"><ele>104</ele></trkpt>
   <trkpt lat="51.356878" lon="16.608773"><ele>103</ele></trkpt>
   <trkpt lat="51.360042" lon="16.603567"><ele>101.75</ele></trkpt>
   <trkpt lat="51.363865" lon="16.597278"><ele>99.75</ele></trkpt>
   <trkpt lat="51.366321" lon="16.593236"><ele>97.75</ele></trkpt>
   <trkpt lat="51.367335" lon="16.591567"><ele>98</ele></trkpt>
   <trkpt lat="51.370717" lon="16.585979"><ele>97</ele></trkpt>
   <trkpt lat="51.371299" lon="16.585017"><ele>96.5</ele></trkpt>
   <trkpt lat="51.37172" lon="16.584296"><ele>96.75</ele></trkpt>
   <trkpt lat="51.372119" lon="16.583573"><ele>96</ele></trkpt>
   <trkpt lat="51.372497" lon="16.582828"><ele>96.75</ele></trkpt>
   <trkpt lat="51.372709" lon="16.582394"><ele>96.25</ele></trkpt>
   <trkpt lat="51.372885" lon="16.582012"><ele>96.25</ele></trkpt>
   <trkpt lat="51.373071" lon="16.581592"><ele>96.75</ele></trkpt>
   <trkpt lat="51.373426" lon="16.580754"><ele>96.25</ele></trkpt>
   <trkpt lat="51.377413" lon="16.570804"><ele>98</ele></trkpt>
   <trkpt lat="51.382261" lon="16.558703"><ele>95.75</ele></trkpt>
   <trkpt lat="51.38496" lon="16.551963"><ele>95.75</ele></trkpt>
   <trkpt lat="51.387106" lon="16.5466"><ele>94</ele></trkpt>
   <trkpt lat="51.388257" lon="16.543717"><ele>94.5</ele></trkpt>
   <trkpt lat="51.388524" lon="16.54302"><ele>94.25</ele></trkpt>
   <trkpt lat="51.388654" lon="16.54266"><ele>95</ele></trkpt>
   <trkpt lat="51.388904" lon="16.541895"><ele>95</ele></trkpt>
   <trkpt lat="51.389021" lon="16.541498"><ele>94.5</ele></trkpt>
   <trkpt lat="51.389228" lon="16.540714"><ele>94.75</ele></trkpt>
   <trkpt lat="51.389325" lon="16.540309"><ele>94.75</ele></trkpt>
   <trkpt lat="51.389494" lon="16.539498"><ele>94.75</ele></trkpt>
   <trkpt lat="51.389634" lon="16.538679"><ele>94.5</ele></trkpt>
   <trkpt lat="51.389754" lon="16.537838"><ele>95.5</ele></trkpt>
   <trkpt lat="51.390325" lon="16.533366"><ele>94.75</ele></trkpt>
   <trkpt lat="51.390487" lon="16.532097"><ele>94.75</ele></trkpt>
   <trkpt lat="51.392121" lon="16.519277"><ele>93.25</ele></trkpt>
   <trkpt lat="51.392225" lon="16.518466"><ele>93.75</ele></trkpt>
   <trkpt lat="51.392239" lon="16.518356"><ele>93.75</ele></trkpt>
   <trkpt lat="51.392718" lon="16.514607"><ele>93.25</ele></trkpt>
   <trkpt lat="51.392957" lon="16.51278"><ele>93</ele></trkpt>
   <trkpt lat="51.393074" lon="16.512002"><ele>93.75</ele></trkpt>
   <trkpt lat="51.39321" lon="16.511209"><ele>93</ele></trkpt>
   <trkpt lat="51.393362" lon="16.510449"><ele>93</ele></trkpt>
   <trkpt lat="51.393543" lon="16.509655"><ele>92</ele></trkpt>
   <trkpt lat="51.393746" lon="16.508857"><ele>93</ele></trkpt>
   <trkpt lat="51.393959" lon="16.508084"><ele>93.5</ele></trkpt>
   <trkpt lat="51.394299" lon="16.506879"><ele>93</ele></trkpt>
   <trkpt lat="51.394684" lon="16.505536"><ele>92</ele></trkpt>
   <trkpt lat="51.395623" lon="16.502253"><ele>92</ele></trkpt>
   <trkpt lat="51.397407" lon="16.496014"><ele>92</ele></trkpt>
   <trkpt lat="51.3985" lon="16.492202"><ele>92</ele></trkpt>
   <trkpt lat="51.398598" lon="16.491862"><ele>92</ele></trkpt>
   <trkpt lat="51.400738" lon="16.484379"><ele>91.25</ele></trkpt>
   <trkpt lat="51.400824" lon="16.484045"><ele>91.75</ele></trkpt>
   <trkpt lat="51.400909" lon="16.483644"><ele>91.75</ele></trkpt>
   <trkpt lat="51.400966" lon="16.483431"><ele>92</ele></trkpt>
   <trkpt lat="51.401037" lon="16.48318"><ele>92</ele></trkpt>
   <trkpt lat="51.403891" lon="16.473197"><ele>92.5</ele></trkpt>
   <trkpt lat="51.403963" lon="16.472945"><ele>92.25</ele></trkpt>
   <trkpt lat="51.404323" lon="16.471685"><ele>92.5</ele></trkpt>
   <trkpt lat="51.404943" lon="16.469496"><ele>91.75</ele></trkpt>
   <trkpt lat="51.405014" lon="16.469263"><ele>91.75</ele></trkpt>
   <trkpt lat="51.405187" lon="16.4688"><ele>91</ele></trkpt>
   <trkpt lat="51.405225" lon="16.468681"><ele>91.5</ele></trkpt>
   <trkpt lat="51.405283" lon="16.468489"><ele>91.75</ele></trkpt>
   <trkpt lat="51.405872" lon="16.466421"><ele>92</ele></trkpt>
   <trkpt lat="51.408485" lon="16.457242"><ele>91</ele></trkpt>
   <trkpt lat="51.408703" lon="16.456426"><ele>91.5</ele></trkpt>
   <trkpt lat="51.408763" lon="16.456158"><ele>91.25</ele></trkpt>
   <trkpt lat="51.408819" lon="16.455902"><ele>92.25</ele></trkpt>
   <trkpt lat="51.408873" lon="16.455606"><ele>92.75</ele></trkpt>
   <trkpt lat="51.408915" lon="16.455323"><ele>92.75</ele></trkpt>
   <trkpt lat="51.40895" lon="16.455058"><ele>92.75</ele></trkpt>
   <trkpt lat="51.408998" lon="16.454515"><ele>92.5</ele></trkpt>
   <trkpt lat="51.409022" lon="16.453945"><ele>91.5</ele></trkpt>
   <trkpt lat="51.409015" lon="16.453374"><ele>91.25</ele></trkpt>
   <trkpt lat="51.408995" lon="16.453001"><ele>92</ele></trkpt>
   <trkpt lat="51.408983" lon="16.452826"><ele>92.5</ele></trkpt>
   <trkpt lat="51.408927" lon="16.452281"><ele>94.5</ele></trkpt>
   <trkpt lat="51.408892" lon="16.452032"><ele>94.25</ele></trkpt>
   <trkpt lat="51.408815" lon="16.451584"><ele>93.25</ele></trkpt>
   <trkpt lat="51.408719" lon="16.451156"><ele>92.5</ele></trkpt>
   <trkpt lat="51.408605" lon="16.450743"><ele>94.75</ele></trkpt>
   <trkpt lat="51.40849" lon="16.450392"><ele>92.75</ele></trkpt>
   <trkpt lat="51.408439" lon="16.450245"><ele>92.5</ele></trkpt>
   <trkpt lat="51.408409" lon="16.45016"><ele>93.25</ele></trkpt>
   <trkpt lat="51.408292" lon="16.449831"><ele>95.25</ele></trkpt>
   <trkpt lat="51.408193" lon="16.44958"><ele>93.75</ele></trkpt>
   <trkpt lat="51.408103" lon="16.449377"><ele>94.75</ele></trkpt>
   <trkpt lat="51.408002" lon="16.449175"><ele>95.5</ele></trkpt>
   <trkpt lat="51.407768" lon="16.448759"><ele>94.5</ele></trkpt>
   <trkpt lat="51.405489" lon="16.444743"><ele>93</ele></trkpt>
   <trkpt lat="51.404638" lon="16.443245"><ele>95.5</ele></trkpt>
   <trkpt lat="51.404402" lon="16.442809"><ele>96.5</ele></trkpt>
   <trkpt lat="51.404142" lon="16.442287"><ele>97.5</ele></trkpt>
   <trkpt lat="51.403917" lon="16.441781"><ele>97.5</ele></trkpt>
   <trkpt lat="51.403786" lon="16.441446"><ele>98</ele></trkpt>
   <trkpt lat="51.403613" lon="16.440949"><ele>97.25</ele></trkpt>
   <trkpt lat="51.403448" lon="16.440403"><ele>98.75</ele></trkpt>
   <trkpt lat="51.40329" lon="16.439777"><ele>98.25</ele></trkpt>
   <trkpt lat="51.403225" lon="16.439486"><ele>98.5</ele></trkpt>
   <trkpt lat="51.403156" lon="16.43915"><ele>98.5</ele></trkpt>
   <trkpt lat="51.403098" lon="16.438828"><ele>98.75</ele></trkpt>
   <trkpt lat="51.403001" lon="16.438173"><ele>98.25</ele></trkpt>
   <trkpt lat="51.402961" lon="16.437827"><ele>98.25</ele></trkpt>
   <trkpt lat="51.402904" lon="16.437164"><ele>98.5</ele></trkpt>
   <trkpt lat="51.402883" lon="16.436846"><ele>98.5</ele></trkpt>
   <trkpt lat="51.402869" lon="16.436488"><ele>98.25</ele></trkpt>
   <trkpt lat="51.402862" lon="16.435828"><ele>99.25</ele></trkpt>
   <trkpt lat="51.402882" lon="16.435143"><ele>98.75</ele></trkpt>
   <trkpt lat="51.402925" lon="16.434494"><ele>98.5</ele></trkpt>
   <trkpt lat="51.402999" lon="16.433822"><ele>97.75</ele></trkpt>
   <trkpt lat="51.403047" lon="16.433476"><ele>97.5</ele></trkpt>
   <trkpt lat="51.403156" lon="16.432837"><ele>98</ele></trkpt>
   <trkpt lat="51.403292" lon="16.432195"><ele>97.25</ele></trkpt>
   <trkpt lat="51.403447" lon="16.431594"><ele>97.5</ele></trkpt>
   <trkpt lat="51.403533" lon="16.431298"><ele>97.25</ele></trkpt>
   <trkpt lat="51.403736" lon="16.430658"><ele>96.5</ele></trkpt>
   <trkpt lat="51.403853" lon="16.430341"><ele>96.75</ele></trkpt>
   <trkpt lat="51.40406" lon="16.429836"><ele>96</ele></trkpt>
   <trkpt lat="51.404265" lon="16.42941"><ele>95.5</ele></trkpt>
   <trkpt lat="51.404471" lon="16.429032"><ele>95.75</ele></trkpt>
   <trkpt lat="51.404584" lon="16.428836"><ele>95.25</ele></trkpt>
   <trkpt lat="51.405053" lon="16.428111"><ele>94.75</ele></trkpt>
   <trkpt lat="51.405086" lon="16.428061"><ele>94.75</ele></trkpt>
   <trkpt lat="51.405097" lon="16.42804"><ele>94.75</ele></trkpt>
   <trkpt lat="51.405405" lon="16.427455"><ele>94.75</ele></trkpt>
   <trkpt lat="51.407107" lon="16.424861"><ele>95</ele></trkpt>
   <trkpt lat="51.407968" lon="16.423467"><ele>95</ele></trkpt>
   <trkpt lat="51.408886" lon="16.422058"><ele>95.25</ele></trkpt>
   <trkpt lat="51.41012" lon="16.420172"><ele>95</ele></trkpt>
   <trkpt lat="51.410409" lon="16.419744"><ele>94.75</ele></trkpt>
   <trkpt lat="51.410759" lon="16.419249"><ele>95</ele></trkpt>
   <trkpt lat="51.411012" lon="16.418891"><ele>94.5</ele></trkpt>
   <trkpt lat="51.411608" lon="16.418048"><ele>95</ele></trkpt>
   <trkpt lat="51.411899" lon="16.417668"><ele>95</ele></trkpt>
   <trkpt lat="51.412289" lon="16.417213"><ele>95</ele></trkpt>
   <trkpt lat="51.412744" lon="16.416737"><ele>95</ele></trkpt>
   <trkpt lat="51.413934" lon="16.415506"><ele>95</ele></trkpt>
   <trkpt lat="51.414567" lon="16.414851"><ele>95.5</ele></trkpt>
   <trkpt lat="51.422777" lon="16.406374"><ele>94.75</ele></trkpt>
   <trkpt lat="51.42443" lon="16.40467"><ele>94.75</ele></trkpt>
   <trkpt lat="51.430762" lon="16.398124"><ele>94.5</ele></trkpt>
   <trkpt lat="51.433132" lon="16.395662"><ele>95</ele></trkpt>
   <trkpt lat="51.442958" lon="16.385264"><ele>97</ele></trkpt>
   <trkpt lat="51.443186" lon="16.385021"><ele>96.25</ele></trkpt>
   <trkpt lat="51.443416" lon="16.384761"><ele>96.75</ele></trkpt>
   <trkpt lat="51.443654" lon="16.384482"><ele>97.5</ele></trkpt>
   <trkpt lat="51.443854" lon="16.384232"><ele>98.5</ele></trkpt>
   <trkpt lat="51.444062" lon="16.383961"><ele>97.75</ele></trkpt>
   <trkpt lat="51.44427" lon="16.383672"><ele>96.75</ele></trkpt>
   <trkpt lat="51.444668" lon="16.383082"><ele>97.75</ele></trkpt>
   <trkpt lat="51.445045" lon="16.382466"><ele>98.5</ele></trkpt>
   <trkpt lat="51.445407" lon="16.381803"><ele>97.25</ele></trkpt>
   <trkpt lat="51.445583" lon="16.381458"><ele>98.75</ele></trkpt>
   <trkpt lat="51.445749" lon="16.381113"><ele>98.25</ele></trkpt>
   <trkpt lat="51.446066" lon="16.380405"><ele>98.75</ele></trkpt>
   <trkpt lat="51.446225" lon="16.380017"><ele>97.5</ele></trkpt>
   <trkpt lat="51.446361" lon="16.379665"><ele>100</ele></trkpt>
   <trkpt lat="51.446508" lon="16.379258"><ele>97.25</ele></trkpt>
   <trkpt lat="51.446631" lon="16.378908"><ele>100.75</ele></trkpt>
   <trkpt lat="51.446875" lon="16.378146"><ele>99.25</ele></trkpt>
   <trkpt lat="51.448932" lon="16.371402"><ele>102.75</ele></trkpt>
   <trkpt lat="51.449266" lon="16.37035"><ele>102.25</ele></trkpt>
   <trkpt lat="51.449373" lon="16.370046"><ele>103.5</ele></trkpt>
   <trkpt lat="51.449628" lon="16.369396"><ele>103.25</ele></trkpt>
   <trkpt lat="51.449909" lon="16.368754"><ele>104</ele></trkpt>
   <trkpt lat="51.450056" lon="16.368454"><ele>104.5</ele></trkpt>
   <trkpt lat="51.450198" lon="16.368174"><ele>105</ele></trkpt>
   <trkpt lat="51.450529" lon="16.367586"><ele>105.25</ele></trkpt>
   <trkpt lat="51.450695" lon="16.367309"><ele>104.5</ele></trkpt>
   <trkpt lat="51.451202" lon="16.366537"><ele>105</ele></trkpt>
   <trkpt lat="51.454065" lon="16.362353"><ele>108.5</ele></trkpt>
   <trkpt lat="51.455709" lon="16.35994"><ele>109.5</ele></trkpt>
   <trkpt lat="51.456623" lon="16.358613"><ele>110</ele></trkpt>
   <trkpt lat="51.457232" lon="16.357717"><ele>111</ele></trkpt>
   <trkpt lat="51.457935" lon="16.356698"><ele>111</ele></trkpt>
   <trkpt lat="51.459348" lon="16.354663"><ele>111</ele></trkpt>
   <trkpt lat="51.459778" lon="16.354071"><ele>111.5</ele></trkpt>
   <trkpt lat="51.460003" lon="16.353778"><ele>112</ele></trkpt>
   <trkpt lat="51.460502" lon="16.353158"><ele>112.5</ele></trkpt>
   <trkpt lat="51.465032" lon="16.34765"><ele>114.75</ele></trkpt>
   <trkpt lat="51.465378" lon="16.34722"><ele>115.25</ele></trkpt>
   <trkpt lat="51.465671" lon="16.346838"><ele>116.25</ele></trkpt>
   <trkpt lat="51.46603" lon="16.346325"><ele>116.75</ele></trkpt>
   <trkpt lat="51.466219" lon="16.346035"><ele>116.5</ele></trkpt>
   <trkpt lat="51.466588" lon="16.345429"><ele>116.5</ele></trkpt>
   <trkpt lat="51.466927" lon="16.344805"><ele>115.75</ele></trkpt>
   <trkpt lat="51.467263" lon="16.344127"><ele>116.25</ele></trkpt>
   <trkpt lat="51.474501" lon="16.329117"><ele>125.25</ele></trkpt>
   <trkpt lat="51.475071" lon="16.327902"><ele>126</ele></trkpt>
   <trkpt lat="51.47562" lon="16.326677"><ele>127</ele></trkpt>
   <trkpt lat="51.475978" lon="16.325838"><ele>127.75</ele></trkpt>
   <trkpt lat="51.476489" lon="16.324583"><ele>128</ele></trkpt>
   <trkpt lat="51.476817" lon="16.323741"><ele>128.25</ele></trkpt>
   <trkpt lat="51.477146" lon="16.322858"><ele>128.25</ele></trkpt>
   <trkpt lat="51.480217" lon="16.314416"><ele>130</ele></trkpt>
   <trkpt lat="51.480509" lon="16.313638"><ele>131.25</ele></trkpt>
   <trkpt lat="51.480839" lon="16.31279"><ele>132</ele></trkpt>
   <trkpt lat="51.486232" lon="16.299317"><ele>133.25</ele></trkpt>
   <trkpt lat="51.486494" lon="16.298642"><ele>133.5</ele></trkpt>
   <trkpt lat="51.486616" lon="16.298311"><ele>133.25</ele></trkpt>
   <trkpt lat="51.48685" lon="16.297607"><ele>133.25</ele></trkpt>
   <trkpt lat="51.487053" lon="16.296917"><ele>131.5</ele></trkpt>
   <trkpt lat="51.488269" lon="16.292218"><ele>131</ele></trkpt>
   <trkpt lat="51.488361" lon="16.291834"><ele>130.75</ele></trkpt>
   <trkpt lat="51.488443" lon="16.291467"><ele>130.5</ele></trkpt>
   <trkpt lat="51.488519" lon="16.291091"><ele>131.25</ele></trkpt>
   <trkpt lat="51.488661" lon="16.2903"><ele>130.75</ele></trkpt>
   <trkpt lat="51.48945" lon="16.285494"><ele>129.25</ele></trkpt>
   <trkpt lat="51.489579" lon="16.284759"><ele>131.25</ele></trkpt>
   <trkpt lat="51.489659" lon="16.284359"><ele>129</ele></trkpt>
   <trkpt lat="51.489735" lon="16.284002"><ele>128.5</ele></trkpt>
   <trkpt lat="51.489821" lon="16.283644"><ele>129.5</ele></trkpt>
   <trkpt lat="51.489917" lon="16.283264"><ele>128.25</ele></trkpt>
   <trkpt lat="51.49004" lon="16.282812"><ele>128</ele></trkpt>
   <trkpt lat="51.490283" lon="16.281981"><ele>127</ele></trkpt>
   <trkpt lat="51.490567" lon="16.281092"><ele>125.5</ele></trkpt>
   <trkpt lat="51.493159" lon="16.273499"><ele>127.25</ele></trkpt>
   <trkpt lat="51.493397" lon="16.272842"><ele>127</ele></trkpt>
   <trkpt lat="51.493651" lon="16.272203"><ele>125</ele></trkpt>
   <trkpt lat="51.493922" lon="16.271607"><ele>125.5</ele></trkpt>
   <trkpt lat="51.494223" lon="16.271021"><ele>125.75</ele></trkpt>
   <trkpt lat="51.494376" lon="16.270751"><ele>125.75</ele></trkpt>
   <trkpt lat="51.49471" lon="16.270207"><ele>123.75</ele></trkpt>
   <trkpt lat="51.494869" lon="16.269966"><ele>124.5</ele></trkpt>
   <trkpt lat="51.495043" lon="16.269719"><ele>122.75</ele></trkpt>
   <trkpt lat="51.495389" lon="16.269273"><ele>125</ele></trkpt>
   <trkpt lat="51.495581" lon="16.269045"><ele>124.25</ele></trkpt>
   <trkpt lat="51.495964" lon="16.268627"><ele>123.5</ele></trkpt>
   <trkpt lat="51.496366" lon="16.268243"><ele>122.75</ele></trkpt>
   <trkpt lat="51.496587" lon="16.268055"><ele>122.5</ele></trkpt>
   <trkpt lat="51.496792" lon="16.267889"><ele>123.5</ele></trkpt>
   <trkpt lat="51.497197" lon="16.267597"><ele>122.75</ele></trkpt>
   <trkpt lat="51.497634" lon="16.267326"><ele>122</ele></trkpt>
   <trkpt lat="51.497857" lon="16.267208"><ele>120.25</ele></trkpt>
   <trkpt lat="51.498066" lon="16.267104"><ele>121.75</ele></trkpt>
   <trkpt lat="51.498525" lon="16.266913"><ele>120.25</ele></trkpt>
   <trkpt lat="51.49894" lon="16.266779"><ele>120.75</ele></trkpt>
   <trkpt lat="51.499153" lon="16.266725"><ele>120.25</ele></trkpt>
   <trkpt lat="51.499578" lon="16.266644"><ele>120</ele></trkpt>
   <trkpt lat="51.50003" lon="16.266596"><ele>120.75</ele></trkpt>
   <trkpt lat="51.500438" lon="16.26659"><ele>120.75</ele></trkpt>
   <trkpt lat="51.500839" lon="16.266614"><ele>119.75</ele></trkpt>
   <trkpt lat="51.501319" lon="16.266685"><ele>119</ele></trkpt>
   <trkpt lat="51.501534" lon="16.266734"><ele>119.25</ele></trkpt>
   <trkpt lat="51.502002" lon="16.266867"><ele>118.75</ele></trkpt>
   <trkpt lat="51.502224" lon="16.266949"><ele>118</ele></trkpt>
   <trkpt lat="51.502659" lon="16.267135"><ele>119</ele></trkpt>
   <trkpt lat="51.502884" lon="16.26725"><ele>118.75</ele></trkpt>
   <trkpt lat="51.503307" lon="16.267496"><ele>118</ele></trkpt>
   <trkpt lat="51.503726" lon="16.267786"><ele>118.5</ele></trkpt>
   <trkpt lat="51.504143" lon="16.268116"><ele>116.5</ele></trkpt>
   <trkpt lat="51.504533" lon="16.268448"><ele>116.25</ele></trkpt>
   <trkpt lat="51.504859" lon="16.268738"><ele>116.5</ele></trkpt>
   <trkpt lat="51.505171" lon="16.269057"><ele>116.5</ele></trkpt>
   <trkpt lat="51.505474" lon="16.269408"><ele>116.25</ele></trkpt>
   <trkpt lat="51.505717" lon="16.269728"><ele>116</ele></trkpt>
   <trkpt lat="51.508682" lon="16.273834"><ele>114.5</ele></trkpt>
   <trkpt lat="51.511892" lon="16.278139"><ele>109</ele></trkpt>
   <trkpt lat="51.512009" lon="16.278297"><ele>108.75</ele></trkpt>
   <trkpt lat="51.514446" lon="16.281558"><ele>109.75</ele></trkpt>
   <trkpt lat="51.514931" lon="16.282184"><ele>109</ele></trkpt>
   <trkpt lat="51.515107" lon="16.282394"><ele>108.75</ele></trkpt>
   <trkpt lat="51.515309" lon="16.28263"><ele>108.25</ele></trkpt>
   <trkpt lat="51.515688" lon="16.283029"><ele>107.75</ele></trkpt>
   <trkpt lat="51.515893" lon="16.283228"><ele>107.25</ele></trkpt>
   <trkpt lat="51.516117" lon="16.283426"><ele>107.5</ele></trkpt>
   <trkpt lat="51.516558" lon="16.283775"><ele>106.75</ele></trkpt>
   <trkpt lat="51.516765" lon="16.283917"><ele>106.75</ele></trkpt>
   <trkpt lat="51.517197" lon="16.284187"><ele>106.5</ele></trkpt>
   <trkpt lat="51.517439" lon="16.284317"><ele>105.75</ele></trkpt>
   <trkpt lat="51.517893" lon="16.284522"><ele>105.75</ele></trkpt>
   <trkpt lat="51.518111" lon="16.284605"><ele>105.5</ele></trkpt>
   <trkpt lat="51.51849" lon="16.284725"><ele>106.25</ele></trkpt>
   <trkpt lat="51.518679" lon="16.284773"><ele>105</ele></trkpt>
   <trkpt lat="51.518903" lon="16.28482"><ele>104</ele></trkpt>
   <trkpt lat="51.519293" lon="16.284873"><ele>105</ele></trkpt>
   <trkpt lat="51.519695" lon="16.284892"><ele>105.75</ele></trkpt>
   <trkpt lat="51.519891" lon="16.284886"><ele>105.75</ele></trkpt>
   <trkpt lat="51.520313" lon="16.284835"><ele>105.5</ele></trkpt>
   <trkpt lat="51.520717" lon="16.284744"><ele>106</ele></trkpt>
   <trkpt lat="51.521116" lon="16.284614"><ele>105</ele></trkpt>
   <trkpt lat="51.52173" lon="16.284362"><ele>105.5</ele></trkpt>
   <trkpt lat="51.523847" lon="16.283407"><ele>103.75</ele></trkpt>
   <trkpt lat="51.524585" lon="16.283052"><ele>103</ele></trkpt>
   <trkpt lat="51.525666" lon="16.282514"><ele>102.75</ele></trkpt>
   <trkpt lat="51.526709" lon="16.282021"><ele>101.75</ele></trkpt>
   <trkpt lat="51.528774" lon="16.281082"><ele>102</ele></trkpt>
   <trkpt lat="51.53022" lon="16.280422"><ele>102</ele></trkpt>
   <trkpt lat="51.535084" lon="16.278185"><ele>101.75</ele></trkpt>
   <trkpt lat="51.535269" lon="16.278112"><ele>101</ele></trkpt>
   <trkpt lat="51.535536" lon="16.278036"><ele>101</ele></trkpt>
   <trkpt lat="51.535708" lon="16.277967"><ele>101</ele></trkpt>
   <trkpt lat="51.536433" lon="16.27764"><ele>101</ele></trkpt>
   <trkpt lat="51.538508" lon="16.27669"><ele>100</ele></trkpt>
   <trkpt lat="51.538883" lon="16.276507"><ele>99</ele></trkpt>
   <trkpt lat="51.539182" lon="16.276345"><ele>98.75</ele></trkpt>
   <trkpt lat="51.539432" lon="16.276197"><ele>98.25</ele></trkpt>
   <trkpt lat="51.539684" lon="16.276034"><ele>97</ele></trkpt>
   <trkpt lat="51.539923" lon="16.275871"><ele>97.25</ele></trkpt>
   <trkpt lat="51.54017" lon="16.275689"><ele>96.5</ele></trkpt>
   <trkpt lat="51.540654" lon="16.275292"><ele>97</ele></trkpt>
   <trkpt lat="51.540898" lon="16.275072"><ele>96.5</ele></trkpt>
   <trkpt lat="51.541133" lon="16.274846"><ele>96.25</ele></trkpt>
   <trkpt lat="51.541403" lon="16.274569"><ele>95.75</ele></trkpt>
   <trkpt lat="51.541579" lon="16.274382"><ele>95.75</ele></trkpt>
   <trkpt lat="51.542028" lon="16.273849"><ele>96.5</ele></trkpt>
   <trkpt lat="51.54243" lon="16.273318"><ele>96.25</ele></trkpt>
   <trkpt lat="51.542834" lon="16.272728"><ele>96.5</ele></trkpt>
   <trkpt lat="51.543218" lon="16.272114"><ele>96</ele></trkpt>
   <trkpt lat="51.547875" lon="16.264464"><ele>94.5</ele></trkpt>
   <trkpt lat="51.549136" lon="16.262394"><ele>93.25</ele></trkpt>
   <trkpt lat="51.549562" lon="16.261677"><ele>92.75</ele></trkpt>
   <trkpt lat="51.549769" lon="16.261316"><ele>92.75</ele></trkpt>
   <trkpt lat="51.549985" lon="16.260921"><ele>93</ele></trkpt>
   <trkpt lat="51.550184" lon="16.260545"><ele>92.25</ele></trkpt>
   <trkpt lat="51.550386" lon="16.260145"><ele>92.5</ele></trkpt>
   <trkpt lat="51.550769" lon="16.259338"><ele>92</ele></trkpt>
   <trkpt lat="51.551133" lon="16.258513"><ele>91.75</ele></trkpt>
   <trkpt lat="51.553439" lon="16.253075"><ele>89.5</ele></trkpt>
   <trkpt lat="51.556341" lon="16.24623"><ele>88.75</ele></trkpt>
   <trkpt lat="51.558517" lon="16.241095"><ele>87.5</ele></trkpt>
   <trkpt lat="51.563585" lon="16.22914"><ele>86</ele></trkpt>
   <trkpt lat="51.565022" lon="16.225748"><ele>86</ele></trkpt>
   <trkpt lat="51.567946" lon="16.218849"><ele>83.25</ele></trkpt>
   <trkpt lat="51.5681" lon="16.218499"><ele>83.75</ele></trkpt>
   <trkpt lat="51.568397" lon="16.217863"><ele>83.75</ele></trkpt>
   <trkpt lat="51.568699" lon="16.217282"><ele>83</ele></trkpt>
   <trkpt lat="51.568915" lon="16.216895"><ele>83.75</ele></trkpt>
   <trkpt lat="51.569123" lon="16.216555"><ele>83.75</ele></trkpt>
   <trkpt lat="51.569489" lon="16.215995"><ele>83.25</ele></trkpt>
   <trkpt lat="51.569839" lon="16.215512"><ele>83</ele></trkpt>
   <trkpt lat="51.570056" lon="16.215223"><ele>83</ele></trkpt>
   <trkpt lat="51.575592" lon="16.20806"><ele>82.75</ele></trkpt>
   <trkpt lat="51.582583" lon="16.199013"><ele>82.75</ele></trkpt>
   <trkpt lat="51.586156" lon="16.194389"><ele>82.5</ele></trkpt>
   <trkpt lat="51.589576" lon="16.189962"><ele>82</ele></trkpt>
   <trkpt lat="51.590743" lon="16.188452"><ele>82</ele></trkpt>
   <trkpt lat="51.591907" lon="16.186971"><ele>82</ele></trkpt>
   <trkpt lat="51.592603" lon="16.186082"><ele>82</ele></trkpt>
   <trkpt lat="51.592831" lon="16.185783"><ele>82</ele></trkpt>
   <trkpt lat="51.593513" lon="16.184908"><ele>82</ele></trkpt>
   <trkpt lat="51.594161" lon="16.184068"><ele>82.5</ele></trkpt>
   <trkpt lat="51.594306" lon="16.183892"><ele>82</ele></trkpt>
   <trkpt lat="51.594477" lon="16.183723"><ele>81.75</ele></trkpt>
   <trkpt lat="51.594603" lon="16.183585"><ele>82</ele></trkpt>
   <trkpt lat="51.5947" lon="16.183465"><ele>82</ele></trkpt>
   <trkpt lat="51.598842" lon="16.178112"><ele>81.5</ele></trkpt>
   <trkpt lat="51.599514" lon="16.177233"><ele>81.5</ele></trkpt>
   <trkpt lat="51.599876" lon="16.176765"><ele>81.25</ele></trkpt>
   <trkpt lat="51.600068" lon="16.176476"><ele>81.25</ele></trkpt>
   <trkpt lat="51.600222" lon="16.176229"><ele>81.5</ele></trkpt>
   <trkpt lat="51.600341" lon="16.176064"><ele>81.5</ele></trkpt>
   <trkpt lat="51.60047" lon="16.175898"><ele>81.5</ele></trkpt>
   <trkpt lat="51.60061" lon="16.175703"><ele>81.25</ele></trkpt>
   <trkpt lat="51.600806" lon="16.175394"><ele>81.5</ele></trkpt>
   <trkpt lat="51.600938" lon="16.175208"><ele>81.5</ele></trkpt>
   <trkpt lat="51.605097" lon="16.169825"><ele>84</ele></trkpt>
   <trkpt lat="51.609113" lon="16.164642"><ele>87</ele></trkpt>
   <trkpt lat="51.609484" lon="16.164199"><ele>87.75</ele></trkpt>
   <trkpt lat="51.609672" lon="16.163989"><ele>88</ele></trkpt>
   <trkpt lat="51.609868" lon="16.163781"><ele>88</ele></trkpt>
   <trkpt lat="51.61021" lon="16.163439"><ele>89</ele></trkpt>
   <trkpt lat="51.610676" lon="16.16303"><ele>89</ele></trkpt>
   <trkpt lat="51.611104" lon="16.162694"><ele>89</ele></trkpt>
   <trkpt lat="51.611504" lon="16.162419"><ele>89</ele></trkpt>
   <trkpt lat="51.612076" lon="16.162075"><ele>89.75</ele></trkpt>
   <trkpt lat="51.627611" lon="16.153666"><ele>91.25</ele></trkpt>
   <trkpt lat="51.628951" lon="16.152935"><ele>91.25</ele></trkpt>
   <trkpt lat="51.629423" lon="16.152651"><ele>91.5</ele></trkpt>
   <trkpt lat="51.629641" lon="16.152505"><ele>91.25</ele></trkpt>
   <trkpt lat="51.62997" lon="16.152265"><ele>91.5</ele></trkpt>
   <trkpt lat="51.630374" lon="16.151938"><ele>91.5</ele></trkpt>
   <trkpt lat="51.630607" lon="16.151735"><ele>91.5</ele></trkpt>
   <trkpt lat="51.631038" lon="16.151317"><ele>91.5</ele></trkpt>
   <trkpt lat="51.631252" lon="16.151091"><ele>91.25</ele></trkpt>
   <trkpt lat="51.631473" lon="16.150842"><ele>90.75</ele></trkpt>
   <trkpt lat="51.631883" lon="16.150349"><ele>91.75</ele></trkpt>
   <trkpt lat="51.635318" lon="16.145868"><ele>92.5</ele></trkpt>
   <trkpt lat="51.642804" lon="16.136087"><ele>91.75</ele></trkpt>
   <trkpt lat="51.642931" lon="16.13592"><ele>91.75</ele></trkpt>
   <trkpt lat="51.643985" lon="16.134542"><ele>91.5</ele></trkpt>
   <trkpt lat="51.644012" lon="16.134507"><ele>91.5</ele></trkpt>
   <trkpt lat="51.64475" lon="16.133539"><ele>91.25</ele></trkpt>
   <trkpt lat="51.646263" lon="16.13155"><ele>91.5</ele></trkpt>
   <trkpt lat="51.646917" lon="16.130646"><ele>90.75</ele></trkpt>
   <trkpt lat="51.64733" lon="16.130047"><ele>90.5</ele></trkpt>
   <trkpt lat="51.647945" lon="16.129107"><ele>90.25</ele></trkpt>
   <trkpt lat="51.650622" lon="16.124852"><ele>87.75</ele></trkpt>
   <trkpt lat="51.650699" lon="16.124731"><ele>87.25</ele></trkpt>
   <trkpt lat="51.652859" lon="16.121303"><ele>87</ele></trkpt>
   <trkpt lat="51.653524" lon="16.120223"><ele>86.25</ele></trkpt>
   <trkpt lat="51.653947" lon="16.119499"><ele>86.75</ele></trkpt>
   <trkpt lat="51.654144" lon="16.119149"><ele>86</ele></trkpt>
   <trkpt lat="51.654374" lon="16.118731"><ele>86</ele></trkpt>
   <trkpt lat="51.654609" lon="16.118282"><ele>85.75</ele></trkpt>
   <trkpt lat="51.654631" lon="16.11824"><ele>85.75</ele></trkpt>
   <trkpt lat="51.654784" lon="16.117945"><ele>85.25</ele></trkpt>
   <trkpt lat="51.65516" lon="16.117187"><ele>84.75</ele></trkpt>
   <trkpt lat="51.655552" lon="16.116362"><ele>84</ele></trkpt>
   <trkpt lat="51.659314" lon="16.108167"><ele>80.5</ele></trkpt>
   <trkpt lat="51.65964" lon="16.107466"><ele>79</ele></trkpt>
   <trkpt lat="51.659832" lon="16.107075"><ele>77.5</ele></trkpt>
   <trkpt lat="51.66004" lon="16.106671"><ele>78.25</ele></trkpt>
   <trkpt lat="51.660655" lon="16.105566"><ele>76.5</ele></trkpt>
   <trkpt lat="51.661376" lon="16.104314"><ele>79.5</ele></trkpt>
   <trkpt lat="51.661554" lon="16.103983"><ele>79.75</ele></trkpt>
   <trkpt lat="51.661735" lon="16.10361"><ele>78.5</ele></trkpt>
   <trkpt lat="51.662139" lon="16.10268"><ele>77.75</ele></trkpt>
   <trkpt lat="51.662242" lon="16.102458"><ele>78</ele></trkpt>
   <trkpt lat="51.662405" lon="16.102132"><ele>77.75</ele></trkpt>
   <trkpt lat="51.662578" lon="16.101812"><ele>78</ele></trkpt>
   <trkpt lat="51.662761" lon="16.101501"><ele>78</ele></trkpt>
   <trkpt lat="51.663105" lon="16.100976"><ele>77.5</ele></trkpt>
   <trkpt lat="51.663983" lon="16.099702"><ele>78</ele></trkpt>
   <trkpt lat="51.664519" lon="16.098887"><ele>78.75</ele></trkpt>
   <trkpt lat="51.664761" lon="16.098498"><ele>77.5</ele></trkpt>
   <trkpt lat="51.66492" lon="16.098227"><ele>78</ele></trkpt>
   <trkpt lat="51.665154" lon="16.09779"><ele>77.75</ele></trkpt>
   <trkpt lat="51.665264" lon="16.097563"><ele>76.25</ele></trkpt>
   <trkpt lat="51.665368" lon="16.097325"><ele>77.5</ele></trkpt>
   <trkpt lat="51.665458" lon="16.097093"><ele>77.25</ele></trkpt>
   <trkpt lat="51.665545" lon="16.096848"><ele>75.5</ele></trkpt>
   <trkpt lat="51.665648" lon="16.096519"><ele>75.75</ele></trkpt>
   <trkpt lat="51.66582" lon="16.095912"><ele>75</ele></trkpt>
   <trkpt lat="51.666396" lon="16.093761"><ele>75.5</ele></trkpt>
   <trkpt lat="51.666435" lon="16.093618"><ele>75.5</ele></trkpt>
   <trkpt lat="51.666635" lon="16.092916"><ele>75.5</ele></trkpt>
   <trkpt lat="51.666729" lon="16.092626"><ele>75.75</ele></trkpt>
   <trkpt lat="51.666859" lon="16.092266"><ele>75.75</ele></trkpt>
   <trkpt lat="51.667112" lon="16.091654"><ele>76</ele></trkpt>
   <trkpt lat="51.667469" lon="16.090852"><ele>76.25</ele></trkpt>
   <trkpt lat="51.667605" lon="16.090523"><ele>76.25</ele></trkpt>
   <trkpt lat="51.667764" lon="16.090097"><ele>76.5</ele></trkpt>
   <trkpt lat="51.667845" lon="16.089833"><ele>76.5</ele></trkpt>
   <trkpt lat="51.667922" lon="16.089539"><ele>77.75</ele></trkpt>
   <trkpt lat="51.668" lon="16.089165"><ele>77</ele></trkpt>
   <trkpt lat="51.66806" lon="16.088772"><ele>76</ele></trkpt>
   <trkpt lat="51.668083" lon="16.088555"><ele>76</ele></trkpt>
   <trkpt lat="51.668112" lon="16.088184"><ele>76</ele></trkpt>
   <trkpt lat="51.668155" lon="16.087281"><ele>78.75</ele></trkpt>
   <trkpt lat="51.668201" lon="16.086603"><ele>79.25</ele></trkpt>
   <trkpt lat="51.668243" lon="16.086154"><ele>77.5</ele></trkpt>
   <trkpt lat="51.668369" lon="16.08497"><ele>77</ele></trkpt>
   <trkpt lat="51.668397" lon="16.084709"><ele>77</ele></trkpt>
   <trkpt lat="51.668421" lon="16.084437"><ele>77</ele></trkpt>
   <trkpt lat="51.668449" lon="16.083841"><ele>77</ele></trkpt>
   <trkpt lat="51.668476" lon="16.083318"><ele>77</ele></trkpt>
   <trkpt lat="51.668512" lon="16.083038"><ele>77.25</ele></trkpt>
   <trkpt lat="51.668575" lon="16.082722"><ele>77</ele></trkpt>
   <trkpt lat="51.668824" lon="16.08163"><ele>77</ele></trkpt>
   <trkpt lat="51.668923" lon="16.081197"><ele>77</ele></trkpt>
   <trkpt lat="51.668935" lon="16.081145"><ele>77</ele></trkpt>
   <trkpt lat="51.668956" lon="16.081054"><ele>77</ele></trkpt>
   <trkpt lat="51.669088" lon="16.080481"><ele>77</ele></trkpt>
   <trkpt lat="51.66914" lon="16.080204"><ele>77</ele></trkpt>
   <trkpt lat="51.669226" lon="16.079634"><ele>77</ele></trkpt>
   <trkpt lat="51.669253" lon="16.0794"><ele>77</ele></trkpt>
   <trkpt lat="51.669282" lon="16.079038"><ele>77</ele></trkpt>
   <trkpt lat="51.66931" lon="16.078792"><ele>77</ele></trkpt>
   <trkpt lat="51.670165" lon="16.073193"><ele>76.25</ele></trkpt>
   <trkpt lat="51.67041" lon="16.071577"><ele>77.5</ele></trkpt>
   <trkpt lat="51.670513" lon="16.070897"><ele>76.25</ele></trkpt>
   <trkpt lat="51.670545" lon="16.070627"><ele>76</ele></trkpt>
   <trkpt lat="51.670881" lon="16.066938"><ele>76</ele></trkpt>
   <trkpt lat="51.671068" lon="16.064878"><ele>76</ele></trkpt>
   <trkpt lat="51.671082" lon="16.064655"><ele>76</ele></trkpt>
   <trkpt lat="51.671088" lon="16.064427"><ele>76</ele></trkpt>
   <trkpt lat="51.671088" lon="16.063792"><ele>76</ele></trkpt>
   <trkpt lat="51.671085" lon="16.063673"><ele>76</ele></trkpt>
   <trkpt lat="51.67107" lon="16.062733"><ele>77</ele></trkpt>
   <trkpt lat="51.671059" lon="16.062131"><ele>77</ele></trkpt>
   <trkpt lat="51.671025" lon="16.060787"><ele>77.25</ele></trkpt>
   <trkpt lat="51.670991" lon="16.060047"><ele>77.75</ele></trkpt>
   <trkpt lat="51.670935" lon="16.059197"><ele>78.5</ele></trkpt>
   <trkpt lat="51.670898" lon="16.058753"><ele>78</ele></trkpt>
   <trkpt lat="51.670807" lon="16.057844"><ele>78</ele></trkpt>
   <trkpt lat="51.670445" lon="16.05487"><ele>78.25</ele></trkpt>
   <trkpt lat="51.670425" lon="16.054489"><ele>78.25</ele></trkpt>
   <trkpt lat="51.6704" lon="16.054204"><ele>78.75</ele></trkpt>
   <trkpt lat="51.670394" lon="16.054149"><ele>79</ele></trkpt>
   <trkpt lat="51.670312" lon="16.053487"><ele>79</ele></trkpt>
   <trkpt lat="51.67023" lon="16.052828"><ele>79</ele></trkpt>
   <trkpt lat="51.670191" lon="16.052177"><ele>79</ele></trkpt>
   <trkpt lat="51.669729" lon="16.048456"><ele>79.75</ele></trkpt>
   <trkpt lat="51.669665" lon="16.047936"><ele>80</ele></trkpt>
   <trkpt lat="51.669592" lon="16.047221"><ele>80</ele></trkpt>
   <trkpt lat="51.669551" lon="16.046536"><ele>80.5</ele></trkpt>
   <trkpt lat="51.669537" lon="16.045818"><ele>81</ele></trkpt>
   <trkpt lat="51.669552" lon="16.045013"><ele>81</ele></trkpt>
   <trkpt lat="51.669751" lon="16.037531"><ele>83.75</ele></trkpt>
   <trkpt lat="51.670027" lon="16.025704"><ele>88.75</ele></trkpt>
   <trkpt lat="51.670465" lon="16.006627"><ele>84.5</ele></trkpt>
   <trkpt lat="51.67049" lon="16.005811"><ele>85</ele></trkpt>
   <trkpt lat="51.67053" lon="16.004952"><ele>84</ele></trkpt>
   <trkpt lat="51.67056" lon="16.004538"><ele>84.5</ele></trkpt>
   <trkpt lat="51.670639" lon="16.003721"><ele>85.5</ele></trkpt>
   <trkpt lat="51.670744" lon="16.002916"><ele>84.25</ele></trkpt>
   <trkpt lat="51.670847" lon="16.002286"><ele>84</ele></trkpt>
   <trkpt lat="51.670967" lon="16.001655"><ele>85.25</ele></trkpt>
   <trkpt lat="51.671139" lon="16.00089"><ele>84</ele></trkpt>
   <trkpt lat="51.671233" lon="16.000513"><ele>84.25</ele></trkpt>
   <trkpt lat="51.671334" lon="16.00014"><ele>83.25</ele></trkpt>
   <trkpt lat="51.671443" lon="15.999767"><ele>83.75</ele></trkpt>
   <trkpt lat="51.671554" lon="15.999408"><ele>84.25</ele></trkpt>
   <trkpt lat="51.671791" lon="15.998712"><ele>84.25</ele></trkpt>
   <trkpt lat="51.67205" lon="15.998038"><ele>83.25</ele></trkpt>
   <trkpt lat="51.672332" lon="15.997382"><ele>84.25</ele></trkpt>
   <trkpt lat="51.672496" lon="15.997032"><ele>85</ele></trkpt>
   <trkpt lat="51.672793" lon="15.996447"><ele>83</ele></trkpt>
   <trkpt lat="51.67313" lon="15.995844"><ele>82.75</ele></trkpt>
   <trkpt lat="51.673522" lon="15.995203"><ele>82.75</ele></trkpt>
   <trkpt lat="51.67541" lon="15.992216"><ele>85</ele></trkpt>
   <trkpt lat="51.677541" lon="15.988848"><ele>84</ele></trkpt>
   <trkpt lat="51.677968" lon="15.988167"><ele>84</ele></trkpt>
   <trkpt lat="51.678142" lon="15.987876"><ele>84</ele></trkpt>
   <trkpt lat="51.678479" lon="15.987289"><ele>84</ele></trkpt>
   <trkpt lat="51.678798" lon="15.986675"><ele>84</ele></trkpt>
   <trkpt lat="51.678949" lon="15.986363"><ele>84</ele></trkpt>
   <trkpt lat="51.679098" lon="15.986032"><ele>84</ele></trkpt>
   <trkpt lat="51.679357" lon="15.985421"><ele>82</ele></trkpt>
   <trkpt lat="51.679386" lon="15.98535"><ele>82.25</ele></trkpt>
   <trkpt lat="51.679498" lon="15.985063"><ele>83.25</ele></trkpt>
   <trkpt lat="51.679741" lon="15.984382"><ele>83.75</ele></trkpt>
   <trkpt lat="51.679964" lon="15.983675"><ele>83.5</ele></trkpt>
   <trkpt lat="51.680165" lon="15.982964"><ele>83</ele></trkpt>
   <trkpt lat="51.680371" lon="15.982177"><ele>82.25</ele></trkpt>
   <trkpt lat="51.682745" lon="15.972691"><ele>80.75</ele></trkpt>
   <trkpt lat="51.682951" lon="15.971876"><ele>80.25</ele></trkpt>
   <trkpt lat="51.683099" lon="15.971287"><ele>80.75</ele></trkpt>
   <trkpt lat="51.684831" lon="15.964382"><ele>81</ele></trkpt>
   <trkpt lat="51.685046" lon="15.963418"><ele>81</ele></trkpt>
   <trkpt lat="51.685145" lon="15.962932"><ele>81</ele></trkpt>
   <trkpt lat="51.685227" lon="15.962493"><ele>81</ele></trkpt>
   <trkpt lat="51.685321" lon="15.96196"><ele>81</ele></trkpt>
   <trkpt lat="51.686055" lon="15.957484"><ele>81</ele></trkpt>
   <trkpt lat="51.686296" lon="15.956002"><ele>81</ele></trkpt>
   <trkpt lat="51.686564" lon="15.954367"><ele>81.25</ele></trkpt>
   <trkpt lat="51.687223" lon="15.950345"><ele>80</ele></trkpt>
   <trkpt lat="51.687261" lon="15.950107"><ele>79.75</ele></trkpt>
   <trkpt lat="51.687556" lon="15.948303"><ele>78.5</ele></trkpt>
   <trkpt lat="51.687649" lon="15.947723"><ele>78</ele></trkpt>
   <trkpt lat="51.687775" lon="15.946847"><ele>79.75</ele></trkpt>
   <trkpt lat="51.687947" lon="15.945422"><ele>78</ele></trkpt>
   <trkpt lat="51.690302" lon="15.922516"><ele>87.75</ele></trkpt>
   <trkpt lat="51.690431" lon="15.921356"><ele>86.25</ele></trkpt>
   <trkpt lat="51.69048" lon="15.920973"><ele>85.75</ele></trkpt>
   <trkpt lat="51.690592" lon="15.920205"><ele>87.5</ele></trkpt>
   <trkpt lat="51.690662" lon="15.919794"><ele>87.25</ele></trkpt>
   <trkpt lat="51.690792" lon="15.919117"><ele>88</ele></trkpt>
   <trkpt lat="51.690869" lon="15.918753"><ele>88.25</ele></trkpt>
   <trkpt lat="51.691055" lon="15.91797"><ele>88</ele></trkpt>
   <trkpt lat="51.69127" lon="15.917191"><ele>88.25</ele></trkpt>
   <trkpt lat="51.691498" lon="15.916451"><ele>88.5</ele></trkpt>
   <trkpt lat="51.691764" lon="15.915693"><ele>88.5</ele></trkpt>
   <trkpt lat="51.691905" lon="15.915321"><ele>88</ele></trkpt>
   <trkpt lat="51.692177" lon="15.914658"><ele>88.75</ele></trkpt>
   <trkpt lat="51.692335" lon="15.914303"><ele>88.75</ele></trkpt>
   <trkpt lat="51.692492" lon="15.91397"><ele>88.25</ele></trkpt>
   <trkpt lat="51.69265" lon="15.913646"><ele>89</ele></trkpt>
   <trkpt lat="51.692832" lon="15.913295"><ele>88</ele></trkpt>
   <trkpt lat="51.693119" lon="15.912768"><ele>87.75</ele></trkpt>
   <trkpt lat="51.6952" lon="15.90911"><ele>90.25</ele></trkpt>
   <trkpt lat="51.695748" lon="15.908103"><ele>90.25</ele></trkpt>
   <trkpt lat="51.695936" lon="15.907737"><ele>90</ele></trkpt>
   <trkpt lat="51.696276" lon="15.907016"><ele>90.25</ele></trkpt>
   <trkpt lat="51.696442" lon="15.906639"><ele>89.75</ele></trkpt>
   <trkpt lat="51.696736" lon="15.905916"><ele>89.5</ele></trkpt>
   <trkpt lat="51.69689" lon="15.905507"><ele>89.75</ele></trkpt>
   <trkpt lat="51.697031" lon="15.9051"><ele>90</ele></trkpt>
   <trkpt lat="51.697278" lon="15.904346"><ele>90</ele></trkpt>
   <trkpt lat="51.697405" lon="15.903917"><ele>89.25</ele></trkpt>
   <trkpt lat="51.697638" lon="15.903052"><ele>88</ele></trkpt>
   <trkpt lat="51.700439" lon="15.891794"><ele>93.75</ele></trkpt>
   <trkpt lat="51.701425" lon="15.887797"><ele>93</ele></trkpt>
   <trkpt lat="51.701481" lon="15.887564"><ele>93.75</ele></trkpt>
   <trkpt lat="51.701803" lon="15.886266"><ele>93</ele></trkpt>
   <trkpt lat="51.702256" lon="15.884445"><ele>93</ele></trkpt>
   <trkpt lat="51.707513" lon="15.86322"><ele>98.25</ele></trkpt>
   <trkpt lat="51.707753" lon="15.862282"><ele>98</ele></trkpt>
   <trkpt lat="51.707874" lon="15.861834"><ele>98.25</ele></trkpt>
   <trkpt lat="51.707999" lon="15.861392"><ele>98.75</ele></trkpt>
   <trkpt lat="51.708235" lon="15.860629"><ele>98.5</ele></trkpt>
   <trkpt lat="51.708493" lon="15.859895"><ele>99.25</ele></trkpt>
   <trkpt lat="51.70877" lon="15.859193"><ele>100</ele></trkpt>
   <trkpt lat="51.708928" lon="15.858826"><ele>99.75</ele></trkpt>
   <trkpt lat="51.709244" lon="15.858151"><ele>100</ele></trkpt>
   <trkpt lat="51.70941" lon="15.857825"><ele>100.5</ele></trkpt>
   <trkpt lat="51.709678" lon="15.857342"><ele>100.75</ele></trkpt>
   <trkpt lat="51.710139" lon="15.856573"><ele>101</ele></trkpt>
   <trkpt lat="51.710786" lon="15.855594"><ele>101</ele></trkpt>
   <trkpt lat="51.712362" lon="15.853294"><ele>101.25</ele></trkpt>
   <trkpt lat="51.714922" lon="15.849556"><ele>98.25</ele></trkpt>
   <trkpt lat="51.715331" lon="15.848917"><ele>97.75</ele></trkpt>
   <trkpt lat="51.715534" lon="15.848586"><ele>98</ele></trkpt>
   <trkpt lat="51.715713" lon="15.848276"><ele>96.75</ele></trkpt>
   <trkpt lat="51.716081" lon="15.847607"><ele>96.5</ele></trkpt>
   <trkpt lat="51.716436" lon="15.846904"><ele>96.5</ele></trkpt>
   <trkpt lat="51.716953" lon="15.845842"><ele>95.75</ele></trkpt>
   <trkpt lat="51.720499" lon="15.838473"><ele>91</ele></trkpt>
   <trkpt lat="51.72234" lon="15.834648"><ele>84.75</ele></trkpt>
   <trkpt lat="51.722725" lon="15.833828"><ele>86.75</ele></trkpt>
   <trkpt lat="51.72308" lon="15.833007"><ele>87.5</ele></trkpt>
   <trkpt lat="51.723261" lon="15.83257"><ele>87.5</ele></trkpt>
   <trkpt lat="51.723424" lon="15.832155"><ele>87.75</ele></trkpt>
   <trkpt lat="51.723592" lon="15.831715"><ele>88</ele></trkpt>
   <trkpt lat="51.723908" lon="15.830833"><ele>87.75</ele></trkpt>
   <trkpt lat="51.724052" lon="15.830402"><ele>87.5</ele></trkpt>
   <trkpt lat="51.724294" lon="15.829636"><ele>88</ele></trkpt>
   <trkpt lat="51.724525" lon="15.828855"><ele>87.75</ele></trkpt>
   <trkpt lat="51.724649" lon="15.828398"><ele>86.75</ele></trkpt>
   <trkpt lat="51.72477" lon="15.827937"><ele>86.25</ele></trkpt>
   <trkpt lat="51.725062" lon="15.826766"><ele>87</ele></trkpt>
   <trkpt lat="51.725321" lon="15.825717"><ele>87.25</ele></trkpt>
   <trkpt lat="51.725331" lon="15.825672"><ele>87.25</ele></trkpt>
   <trkpt lat="51.725491" lon="15.825017"><ele>87</ele></trkpt>
   <trkpt lat="51.725613" lon="15.824515"><ele>87.5</ele></trkpt>
   <trkpt lat="51.725848" lon="15.823538"><ele>87</ele></trkpt>
   <trkpt lat="51.726272" lon="15.821703"><ele>88</ele></trkpt>
   <trkpt lat="51.72672" lon="15.819872"><ele>87.5</ele></trkpt>
   <trkpt lat="51.727569" lon="15.816417"><ele>87</ele></trkpt>
   <trkpt lat="51.727859" lon="15.815211"><ele>87.75</ele></trkpt>
   <trkpt lat="51.728027" lon="15.814466"><ele>87</ele></trkpt>
   <trkpt lat="51.728147" lon="15.813842"><ele>87</ele></trkpt>
   <trkpt lat="51.728208" lon="15.813513"><ele>87.25</ele></trkpt>
   <trkpt lat="51.728355" lon="15.812631"><ele>87.25</ele></trkpt>
   <trkpt lat="51.728449" lon="15.812084"><ele>87.75</ele></trkpt>
   <trkpt lat="51.728458" lon="15.812032"><ele>87.75</ele></trkpt>
   <trkpt lat="51.72851" lon="15.811753"><ele>87.5</ele></trkpt>
   <trkpt lat="51.728616" lon="15.811311"><ele>86.75</ele></trkpt>
   <trkpt lat="51.72867" lon="15.811031"><ele>87.25</ele></trkpt>
   <trkpt lat="51.728883" lon="15.809723"><ele>87</ele></trkpt>
   <trkpt lat="51.728936" lon="15.809327"><ele>87</ele></trkpt>
   <trkpt lat="51.728986" lon="15.808913"><ele>87.75</ele></trkpt>
   <trkpt lat="51.729057" lon="15.808073"><ele>87</ele></trkpt>
   <trkpt lat="51.729103" lon="15.807281"><ele>86.25</ele></trkpt>
   <trkpt lat="51.729121" lon="15.806849"><ele>86</ele></trkpt>
   <trkpt lat="51.729131" lon="15.806452"><ele>86</ele></trkpt>
   <trkpt lat="51.729167" lon="15.803878"><ele>84.75</ele></trkpt>
   <trkpt lat="51.729183" lon="15.802961"><ele>84.75</ele></trkpt>
   <trkpt lat="51.72921" lon="15.802171"><ele>83.5</ele></trkpt>
   <trkpt lat="51.729251" lon="15.801411"><ele>82</ele></trkpt>
   <trkpt lat="51.729315" lon="15.800607"><ele>81.25</ele></trkpt>
   <trkpt lat="51.729355" lon="15.800214"><ele>81.5</ele></trkpt>
   <trkpt lat="51.729452" lon="15.799448"><ele>82.75</ele></trkpt>
   <trkpt lat="51.729584" lon="15.798627"><ele>81.25</ele></trkpt>
   <trkpt lat="51.729742" lon="15.797827"><ele>81.5</ele></trkpt>
   <trkpt lat="51.729829" lon="15.797431"><ele>81</ele></trkpt>
   <trkpt lat="51.730025" lon="15.79665"><ele>81.5</ele></trkpt>
   <trkpt lat="51.730131" lon="15.796261"><ele>81.25</ele></trkpt>
   <trkpt lat="51.73037" lon="15.795445"><ele>80.5</ele></trkpt>
   <trkpt lat="51.73062" lon="15.794645"><ele>80</ele></trkpt>
   <trkpt lat="51.732021" lon="15.790263"><ele>78.75</ele></trkpt>
   <trkpt lat="51.732805" lon="15.787809"><ele>77.5</ele></trkpt>
   <trkpt lat="51.733482" lon="15.785707"><ele>76.75</ele></trkpt>
   <trkpt lat="51.73378" lon="15.784813"><ele>76</ele></trkpt>
   <trkpt lat="51.73406" lon="15.784034"><ele>75.5</ele></trkpt>
   <trkpt lat="51.734273" lon="15.783482"><ele>75</ele></trkpt>
   <trkpt lat="51.734526" lon="15.782892"><ele>74.25</ele></trkpt>
   <trkpt lat="51.734838" lon="15.782216"><ele>73.5</ele></trkpt>
   <trkpt lat="51.735007" lon="15.781877"><ele>73.75</ele></trkpt>
   <trkpt lat="51.735369" lon="15.781205"><ele>73.5</ele></trkpt>
   <trkpt lat="51.735587" lon="15.780819"><ele>73.5</ele></trkpt>
   <trkpt lat="51.736012" lon="15.780094"><ele>72</ele></trkpt>
   <trkpt lat="51.737007" lon="15.778453"><ele>72.25</ele></trkpt>
   <trkpt lat="51.743293" lon="15.768073"><ele>72</ele></trkpt>
   <trkpt lat="51.74619" lon="15.763287"><ele>70.5</ele></trkpt>
   <trkpt lat="51.746245" lon="15.763194"><ele>70.25</ele></trkpt>
   <trkpt lat="51.747052" lon="15.76186"><ele>70</ele></trkpt>
   <trkpt lat="51.747102" lon="15.761777"><ele>70</ele></trkpt>
   <trkpt lat="51.749576" lon="15.757687"><ele>72.25</ele></trkpt>
   <trkpt lat="51.754244" lon="15.749971"><ele>69.5</ele></trkpt>
   <trkpt lat="51.755859" lon="15.747298"><ele>69</ele></trkpt>
   <trkpt lat="51.757453" lon="15.744662"><ele>69</ele></trkpt>
   <trkpt lat="51.762138" lon="15.7369"><ele>69</ele></trkpt>
   <trkpt lat="51.766579" lon="15.72954"><ele>68.75</ele></trkpt>
   <trkpt lat="51.767497" lon="15.728024"><ele>67.75</ele></trkpt>
   <trkpt lat="51.767742" lon="15.727631"><ele>67.5</ele></trkpt>
   <trkpt lat="51.768107" lon="15.727073"><ele>67.75</ele></trkpt>
   <trkpt lat="51.76845" lon="15.726581"><ele>67.5</ele></trkpt>
   <trkpt lat="51.768688" lon="15.726266"><ele>68</ele></trkpt>
   <trkpt lat="51.76887" lon="15.72604"><ele>68</ele></trkpt>
   <trkpt lat="51.769277" lon="15.725568"><ele>68</ele></trkpt>
   <trkpt lat="51.769484" lon="15.725349"><ele>68</ele></trkpt>
   <trkpt lat="51.769915" lon="15.724927"><ele>68</ele></trkpt>
   <trkpt lat="51.770135" lon="15.724731"><ele>68</ele></trkpt>
   <trkpt lat="51.770579" lon="15.72437"><ele>67.75</ele></trkpt>
   <trkpt lat="51.770808" lon="15.724201"><ele>67.75</ele></trkpt>
   <trkpt lat="51.771044" lon="15.724038"><ele>67.5</ele></trkpt>
   <trkpt lat="51.771272" lon="15.723893"><ele>67.25</ele></trkpt>
   <trkpt lat="51.771738" lon="15.723621"><ele>67</ele></trkpt>
   <trkpt lat="51.772495" lon="15.723236"><ele>67</ele></trkpt>
   <trkpt lat="51.773932" lon="15.722554"><ele>67</ele></trkpt>
   <trkpt lat="51.7767" lon="15.721247"><ele>66.5</ele></trkpt>
   <trkpt lat="51.781121" lon="15.71916"><ele>66.75</ele></trkpt>
   <trkpt lat="51.785318" lon="15.717176"><ele>66</ele></trkpt>
   <trkpt lat="51.785764" lon="15.716965"><ele>66</ele></trkpt>
   <trkpt lat="51.788359" lon="15.715742"><ele>66</ele></trkpt>
   <trkpt lat="51.789257" lon="15.715285"><ele>66</ele></trkpt>
   <trkpt lat="51.789958" lon="15.714891"><ele>66</ele></trkpt>
   <trkpt lat="51.790446" lon="15.714599"><ele>66</ele></trkpt>
   <trkpt lat="51.791051" lon="15.714214"><ele>66</ele></trkpt>
   <trkpt lat="51.791944" lon="15.713619"><ele>66</ele></trkpt>
   <trkpt lat="51.7921" lon="15.713506"><ele>66</ele></trkpt>
   <trkpt lat="51.792427" lon="15.713222"><ele>66</ele></trkpt>
   <trkpt lat="51.79261" lon="15.713085"><ele>66</ele></trkpt>
   <trkpt lat="51.792764" lon="15.712981"><ele>65.75</ele></trkpt>
   <trkpt lat="51.793402" lon="15.712555"><ele>66</ele></trkpt>
   <trkpt lat="51.793783" lon="15.712296"><ele>66</ele></trkpt>
   <trkpt lat="51.796508" lon="15.710484"><ele>66</ele></trkpt>
   <trkpt lat="51.797904" lon="15.709579"><ele>66.5</ele></trkpt>
   <trkpt lat="51.798841" lon="15.708955"><ele>66.75</ele></trkpt>
   <trkpt lat="51.800332" lon="15.707947"><ele>66.25</ele></trkpt>
   <trkpt lat="51.801081" lon="15.707438"><ele>66.75</ele></trkpt>
   <trkpt lat="51.801122" lon="15.70741"><ele>66.75</ele></trkpt>
   <trkpt lat="51.801168" lon="15.707377"><ele>66.75</ele></trkpt>
   <trkpt lat="51.801901" lon="15.706885"><ele>66</ele></trkpt>
   <trkpt lat="51.802076" lon="15.70677"><ele>66.5</ele></trkpt>
   <trkpt lat="51.802256" lon="15.706664"><ele>66</ele></trkpt>
   <trkpt lat="51.802488" lon="15.706554"><ele>66.25</ele></trkpt>
   <trkpt lat="51.802663" lon="15.706447"><ele>66.25</ele></trkpt>
   <trkpt lat="51.804528" lon="15.705197"><ele>66.5</ele></trkpt>
   <trkpt lat="51.80457" lon="15.705168"><ele>66.5</ele></trkpt>
   <trkpt lat="51.804612" lon="15.70514"><ele>66.75</ele></trkpt>
   <trkpt lat="51.810332" lon="15.701321"><ele>66</ele></trkpt>
   <trkpt lat="51.810725" lon="15.701058"><ele>65.5</ele></trkpt>
   <trkpt lat="51.810835" lon="15.700985"><ele>65.25</ele></trkpt>
   <trkpt lat="51.8144" lon="15.698605"><ele>65.75</ele></trkpt>
   <trkpt lat="51.814441" lon="15.698578"><ele>65.75</ele></trkpt>
   <trkpt lat="51.818713" lon="15.69572"><ele>66.25</ele></trkpt>
   <trkpt lat="51.827004" lon="15.690173"><ele>65.5</ele></trkpt>
   <trkpt lat="51.831531" lon="15.68714"><ele>65</ele></trkpt>
   <trkpt lat="51.835308" lon="15.684608"><ele>65</ele></trkpt>
   <trkpt lat="51.836874" lon="15.683558"><ele>65</ele></trkpt>
   <trkpt lat="51.838462" lon="15.682495"><ele>64.5</ele></trkpt>
   <trkpt lat="51.838568" lon="15.682423"><ele>64.25</ele></trkpt>
   <trkpt lat="51.843598" lon="15.679049"><ele>65</ele></trkpt>
   <trkpt lat="51.851893" lon="15.673487"><ele>66.25</ele></trkpt>
   <trkpt lat="51.858643" lon="15.66896"><ele>69.25</ele></trkpt>
   <trkpt lat="51.859087" lon="15.66866"><ele>69.5</ele></trkpt>
   <trkpt lat="51.859268" lon="15.66854"><ele>69.5</ele></trkpt>
   <trkpt lat="51.860191" lon="15.667919"><ele>69.75</ele></trkpt>
   <trkpt lat="51.861702" lon="15.666903"><ele>72</ele></trkpt>
   <trkpt lat="51.865577" lon="15.6643"><ele>72</ele></trkpt>
   <trkpt lat="51.86654" lon="15.663648"><ele>72</ele></trkpt>
   <trkpt lat="51.867675" lon="15.662885"><ele>73</ele></trkpt>
   <trkpt lat="51.867848" lon="15.662757"><ele>73</ele></trkpt>
   <trkpt lat="51.868159" lon="15.662482"><ele>73</ele></trkpt>
   <trkpt lat="51.868324" lon="15.662359"><ele>73</ele></trkpt>
   <trkpt lat="51.868453" lon="15.662272"><ele>73</ele></trkpt>
   <trkpt lat="51.909705" lon="15.634519"><ele>97.25</ele></trkpt>
   <trkpt lat="51.910208" lon="15.634174"><ele>99.25</ele></trkpt>
   <trkpt lat="51.91069" lon="15.633805"><ele>98.5</ele></trkpt>
   <trkpt lat="51.910924" lon="15.633611"><ele>99.25</ele></trkpt>
   <trkpt lat="51.911392" lon="15.633178"><ele>99.75</ele></trkpt>
   <trkpt lat="51.911616" lon="15.632949"><ele>100.5</ele></trkpt>
   <trkpt lat="51.912077" lon="15.632443"><ele>100.75</ele></trkpt>
   <trkpt lat="51.9125" lon="15.63192"><ele>103.5</ele></trkpt>
   <trkpt lat="51.912712" lon="15.631638"><ele>103</ele></trkpt>
   <trkpt lat="51.913104" lon="15.631069"><ele>103.5</ele></trkpt>
   <trkpt lat="51.913486" lon="15.630452"><ele>103.25</ele></trkpt>
   <trkpt lat="51.915734" lon="15.626456"><ele>108.75</ele></trkpt>
   <trkpt lat="51.917438" lon="15.623415"><ele>110.25</ele></trkpt>
   <trkpt lat="51.917793" lon="15.622765"><ele>111.75</ele></trkpt>
   <trkpt lat="51.917972" lon="15.622414"><ele>111.25</ele></trkpt>
   <trkpt lat="51.918131" lon="15.622085"><ele>112</ele></trkpt>
   <trkpt lat="51.918443" lon="15.621388"><ele>114</ele></trkpt>
   <trkpt lat="51.918736" lon="15.620654"><ele>115.5</ele></trkpt>
   <trkpt lat="51.918886" lon="15.620239"><ele>115</ele></trkpt>
   <trkpt lat="51.91913" lon="15.619506"><ele>116</ele></trkpt>
   <trkpt lat="51.919248" lon="15.619115"><ele>117.5</ele></trkpt>
   <trkpt lat="51.919464" lon="15.618328"><ele>116</ele></trkpt>
   <trkpt lat="51.922337" lon="15.606973"><ele>124.5</ele></trkpt>
   <trkpt lat="51.922544" lon="15.606176"><ele>126.75</ele></trkpt>
   <trkpt lat="51.92277" lon="15.605379"><ele>126</ele></trkpt>
   <trkpt lat="51.923026" lon="15.604601"><ele>127</ele></trkpt>
   <trkpt lat="51.923171" lon="15.604197"><ele>129.25</ele></trkpt>
   <trkpt lat="51.923304" lon="15.60385"><ele>127.5</ele></trkpt>
   <trkpt lat="51.923454" lon="15.603477"><ele>128.25</ele></trkpt>
   <trkpt lat="51.923601" lon="15.603134"><ele>128</ele></trkpt>
   <trkpt lat="51.923764" lon="15.602769"><ele>129.5</ele></trkpt>
   <trkpt lat="51.924092" lon="15.602104"><ele>131</ele></trkpt>
   <trkpt lat="51.924444" lon="15.601459"><ele>130.25</ele></trkpt>
   <trkpt lat="51.924631" lon="15.601141"><ele>132.75</ele></trkpt>
   <trkpt lat="51.924831" lon="15.600817"><ele>132</ele></trkpt>
   <trkpt lat="51.92502" lon="15.60053"><ele>130.25</ele></trkpt>
   <trkpt lat="51.925373" lon="15.600032"><ele>130.75</ele></trkpt>
   <trkpt lat="51.925543" lon="15.599804"><ele>131</ele></trkpt>
   <trkpt lat="51.925957" lon="15.599297"><ele>130.75</ele></trkpt>
   <trkpt lat="51.926174" lon="15.599051"><ele>131.5</ele></trkpt>
   <trkpt lat="51.926604" lon="15.5986"><ele>132</ele></trkpt>
   <trkpt lat="51.927077" lon="15.598161"><ele>132.25</ele></trkpt>
   <trkpt lat="51.927318" lon="15.597958"><ele>131.5</ele></trkpt>
   <trkpt lat="51.927553" lon="15.597771"><ele>132.25</ele></trkpt>
   <trkpt lat="51.928031" lon="15.597426"><ele>131.25</ele></trkpt>
   <trkpt lat="51.929175" lon="15.596703"><ele>134.25</ele></trkpt>
   <trkpt lat="51.930029" lon="15.596165"><ele>135.75</ele></trkpt>
   <trkpt lat="51.930346" lon="15.595965"><ele>136.25</ele></trkpt>
   <trkpt lat="51.930921" lon="15.595604"><ele>136</ele></trkpt>
   <trkpt lat="51.93176" lon="15.595072"><ele>140.75</ele></trkpt>
   <trkpt lat="51.932378" lon="15.594649"><ele>141.75</ele></trkpt>
   <trkpt lat="51.932745" lon="15.594369"><ele>141.75</ele></trkpt>
   <trkpt lat="51.933289" lon="15.593915"><ele>141.75</ele></trkpt>
   <trkpt lat="51.933642" lon="15.59359"><ele>142.25</ele></trkpt>
   <trkpt lat="51.933988" lon="15.593251"><ele>143</ele></trkpt>
   <trkpt lat="51.934277" lon="15.59295"><ele>142.75</ele></trkpt>
   <trkpt lat="51.934566" lon="15.592631"><ele>143</ele></trkpt>
   <trkpt lat="51.934858" lon="15.59229"><ele>144</ele></trkpt>
   <trkpt lat="51.93516" lon="15.591916"><ele>144.25</ele></trkpt>
   <trkpt lat="51.935473" lon="15.591506"><ele>144.5</ele></trkpt>
   <trkpt lat="51.936193" lon="15.590511"><ele>144</ele></trkpt>
   <trkpt lat="51.936364" lon="15.590276"><ele>144</ele></trkpt>
   <trkpt lat="51.936459" lon="15.590141"><ele>144</ele></trkpt>
   <trkpt lat="51.936861" lon="15.589536"><ele>143.75</ele></trkpt>
   <trkpt lat="51.937232" lon="15.588925"><ele>143.75</ele></trkpt>
   <trkpt lat="51.937593" lon="15.588275"><ele>144.25</ele></trkpt>
   <trkpt lat="51.938105" lon="15.587325"><ele>143.5</ele></trkpt>
   <trkpt lat="51.938389" lon="15.586777"><ele>142.75</ele></trkpt>
   <trkpt lat="51.938664" lon="15.586194"><ele>142.75</ele></trkpt>
   <trkpt lat="51.938824" lon="15.585825"><ele>143</ele></trkpt>
   <trkpt lat="51.939002" lon="15.585382"><ele>142.25</ele></trkpt>
   <trkpt lat="51.939154" lon="15.584971"><ele>142.75</ele></trkpt>
   <trkpt lat="51.939307" lon="15.584527"><ele>141.25</ele></trkpt>
   <trkpt lat="51.939449" lon="15.584077"><ele>141.75</ele></trkpt>
   <trkpt lat="51.93958" lon="15.583623"><ele>141</ele></trkpt>
   <trkpt lat="51.939674" lon="15.583268"><ele>141.5</ele></trkpt>
   <trkpt lat="51.939764" lon="15.582905"><ele>141.5</ele></trkpt>
   <trkpt lat="51.939872" lon="15.582427"><ele>140.5</ele></trkpt>
   <trkpt lat="51.939976" lon="15.581909"><ele>141.75</ele></trkpt>
   <trkpt lat="51.940024" lon="15.581631"><ele>141.75</ele></trkpt>
   <trkpt lat="51.940556" lon="15.578352"><ele>140</ele></trkpt>
   <trkpt lat="51.940701" lon="15.577417"><ele>140</ele></trkpt>
   <trkpt lat="51.940814" lon="15.576611"><ele>140</ele></trkpt>
   <trkpt lat="51.941021" lon="15.575079"><ele>139.25</ele></trkpt>
   <trkpt lat="51.941372" lon="15.572485"><ele>139</ele></trkpt>
   <trkpt lat="51.941555" lon="15.57113"><ele>139.25</ele></trkpt>
   <trkpt lat="51.942476" lon="15.564319"><ele>137</ele></trkpt>
   <trkpt lat="51.942794" lon="15.561967"><ele>137</ele></trkpt>
   <trkpt lat="51.942909" lon="15.561115"><ele>136.25</ele></trkpt>
   <trkpt lat="51.942988" lon="15.560527"><ele>136</ele></trkpt>
   <trkpt lat="51.943183" lon="15.559088"><ele>135</ele></trkpt>
   <trkpt lat="51.943378" lon="15.557642"><ele>136</ele></trkpt>
   <trkpt lat="51.943848" lon="15.554158"><ele>134.75</ele></trkpt>
   <trkpt lat="51.944359" lon="15.550377"><ele>135</ele></trkpt>
   <trkpt lat="51.944738" lon="15.547564"><ele>133.75</ele></trkpt>
   <trkpt lat="51.945003" lon="15.545604"><ele>133.75</ele></trkpt>
   <trkpt lat="51.945063" lon="15.545161"><ele>133</ele></trkpt>
   <trkpt lat="51.945193" lon="15.544193"><ele>133</ele></trkpt>
   <trkpt lat="51.945399" lon="15.542668"><ele>132.75</ele></trkpt>
   <trkpt lat="51.945595" lon="15.54122"><ele>132.5</ele></trkpt>
   <trkpt lat="51.945643" lon="15.540862"><ele>132.5</ele></trkpt>
   <trkpt lat="51.946516" lon="15.534391"><ele>132.5</ele></trkpt>
   <trkpt lat="51.946682" lon="15.533159"><ele>131.75</ele></trkpt>
   <trkpt lat="51.946782" lon="15.532419"><ele>129.75</ele></trkpt>
   <trkpt lat="51.946782" lon="15.532414"><ele>129.75</ele></trkpt>
   <trkpt lat="51.946925" lon="15.53136"><ele>130.75</ele></trkpt>
   <trkpt lat="51.947197" lon="15.529345"><ele>131</ele></trkpt>
   <trkpt lat="51.947534" lon="15.526844"><ele>131</ele></trkpt>
   <trkpt lat="51.947576" lon="15.526521"><ele>131</ele></trkpt>
   <trkpt lat="51.947636" lon="15.52601"><ele>131</ele></trkpt>
   <trkpt lat="51.947694" lon="15.525368"><ele>130</ele></trkpt>
   <trkpt lat="51.947719" lon="15.525005"><ele>130</ele></trkpt>
   <trkpt lat="51.947742" lon="15.524506"><ele>130</ele></trkpt>
   <trkpt lat="51.947754" lon="15.524007"><ele>130</ele></trkpt>
   <trkpt lat="51.947755" lon="15.523609"><ele>130</ele></trkpt>
   <trkpt lat="51.947755" lon="15.52355"><ele>130</ele></trkpt>
   <trkpt lat="51.947746" lon="15.523099"><ele>130</ele></trkpt>
   <trkpt lat="51.947693" lon="15.52163"><ele>130</ele></trkpt>
   <trkpt lat="51.947687" lon="15.52146"><ele>130</ele></trkpt>
   <trkpt lat="51.947647" lon="15.520375"><ele>130.25</ele></trkpt>
   <trkpt lat="51.947636" lon="15.520108"><ele>130.5</ele></trkpt>
   <trkpt lat="51.947609" lon="15.519408"><ele>129.75</ele></trkpt>
   <trkpt lat="51.947605" lon="15.519112"><ele>129</ele></trkpt>
   <trkpt lat="51.947614" lon="15.518701"><ele>129</ele></trkpt>
   <trkpt lat="51.94761" lon="15.518402"><ele>129</ele></trkpt>
   <trkpt lat="51.947606" lon="15.51829"><ele>129</ele></trkpt>
   <trkpt lat="51.947592" lon="15.517932"><ele>129</ele></trkpt>
   <trkpt lat="51.947557" lon="15.5169"><ele>128.75</ele></trkpt>
   <trkpt lat="51.947544" lon="15.515585"><ele>128</ele></trkpt>
   <trkpt lat="51.947544" lon="15.515539"><ele>128</ele></trkpt>
   <trkpt lat="51.947548" lon="15.515236"><ele>128</ele></trkpt>
   <trkpt lat="51.947586" lon="15.514595"><ele>128</ele></trkpt>
   <trkpt lat="51.947601" lon="15.514342"><ele>128</ele></trkpt>
   <trkpt lat="51.947638" lon="15.513666"><ele>128</ele></trkpt>
   <trkpt lat="51.947633" lon="15.51332"><ele>128</ele></trkpt>
   <trkpt lat="51.947619" lon="15.512978"><ele>128</ele></trkpt>
   <trkpt lat="51.947615" lon="15.512696"><ele>128</ele></trkpt>
   <trkpt lat="51.947629" lon="15.512181"><ele>128</ele></trkpt>
   <trkpt lat="51.947606" lon="15.511565"><ele>128</ele></trkpt>
   <trkpt lat="51.947567" lon="15.510664"><ele>128</ele></trkpt>
   <trkpt lat="51.947432" lon="15.508171"><ele>128</ele></trkpt>
   <trkpt lat="51.947342" lon="15.50602"><ele>128</ele></trkpt>
   <trkpt lat="51.947308" lon="15.505133"><ele>128</ele></trkpt>
   <trkpt lat="51.947277" lon="15.504336"><ele>127.75</ele></trkpt>
   <trkpt lat="51.947249" lon="15.503631"><ele>127.75</ele></trkpt>
   <trkpt lat="51.947248" lon="15.503269"><ele>127.75</ele></trkpt>
   <trkpt lat="51.947259" lon="15.502998"><ele>127.5</ele></trkpt>
   <trkpt lat="51.947286" lon="15.50241"><ele>127.5</ele></trkpt>
   <trkpt lat="51.947306" lon="15.501818"><ele>127</ele></trkpt>
   <trkpt lat="51.947367" lon="15.501237"><ele>127.75</ele></trkpt>
   <trkpt lat="51.947425" lon="15.500809"><ele>127.25</ele></trkpt>
   <trkpt lat="51.947498" lon="15.500371"><ele>127.75</ele></trkpt>
   <trkpt lat="51.94757" lon="15.499992"><ele>127.25</ele></trkpt>
   <trkpt lat="51.947692" lon="15.499363"><ele>126.75</ele></trkpt>
   <trkpt lat="51.947974" lon="15.497897"><ele>125.75</ele></trkpt>
   <trkpt lat="51.948031" lon="15.497604"><ele>125.75</ele></trkpt>
   <trkpt lat="51.948958" lon="15.49281"><ele>122.5</ele></trkpt>
   <trkpt lat="51.949076" lon="15.492148"><ele>121.5</ele></trkpt>
   <trkpt lat="51.949138" lon="15.491756"><ele>122</ele></trkpt>
   <trkpt lat="51.94921" lon="15.491242"><ele>120.5</ele></trkpt>
   <trkpt lat="51.949302" lon="15.490446"><ele>119.5</ele></trkpt>
   <trkpt lat="51.949377" lon="15.489619"><ele>119.75</ele></trkpt>
   <trkpt lat="51.949903" lon="15.48337"><ele>116.5</ele></trkpt>
   <trkpt lat="51.950375" lon="15.477748"><ele>112.5</ele></trkpt>
   <trkpt lat="51.950497" lon="15.476295"><ele>111</ele></trkpt>
   <trkpt lat="51.950618" lon="15.474852"><ele>109.5</ele></trkpt>
   <trkpt lat="51.95074" lon="15.473402"><ele>108.75</ele></trkpt>
   <trkpt lat="51.950952" lon="15.470934"><ele>108</ele></trkpt>
   <trkpt lat="51.951034" lon="15.47015"><ele>107.25</ele></trkpt>
   <trkpt lat="51.951087" lon="15.469751"><ele>107</ele></trkpt>
   <trkpt lat="51.951141" lon="15.46937"><ele>106.75</ele></trkpt>
   <trkpt lat="51.951277" lon="15.468585"><ele>106.5</ele></trkpt>
   <trkpt lat="51.95144" lon="15.467798"><ele>106.25</ele></trkpt>
   <trkpt lat="51.951528" lon="15.467422"><ele>106.25</ele></trkpt>
   <trkpt lat="51.951623" lon="15.467049"><ele>106</ele></trkpt>
   <trkpt lat="51.951726" lon="15.466668"><ele>106</ele></trkpt>
   <trkpt lat="51.951835" lon="15.466297"><ele>106</ele></trkpt>
   <trkpt lat="51.952046" lon="15.465627"><ele>105.25</ele></trkpt>
   <trkpt lat="51.955143" lon="15.45662"><ele>94</ele></trkpt>
   <trkpt lat="51.955384" lon="15.455947"><ele>94</ele></trkpt>
   <trkpt lat="51.955667" lon="15.455232"><ele>93.5</ele></trkpt>
   <trkpt lat="51.955959" lon="15.45457"><ele>97</ele></trkpt>
   <trkpt lat="51.956124" lon="15.454225"><ele>97</ele></trkpt>
   <trkpt lat="51.956605" lon="15.453308"><ele>96.25</ele></trkpt>
   <trkpt lat="51.957673" lon="15.451394"><ele>92.75</ele></trkpt>
   <trkpt lat="51.960706" lon="15.445973"><ele>90</ele></trkpt>
   <trkpt lat="51.961266" lon="15.444976"><ele>87.25</ele></trkpt>
   <trkpt lat="51.961612" lon="15.444394"><ele>86.25</ele></trkpt>
   <trkpt lat="51.961762" lon="15.44416"><ele>84.5</ele></trkpt>
   <trkpt lat="51.961807" lon="15.44409"><ele>84.5</ele></trkpt>
   <trkpt lat="51.961971" lon="15.443842"><ele>86.25</ele></trkpt>
   <trkpt lat="51.962382" lon="15.443278"><ele>85.25</ele></trkpt>
   <trkpt lat="51.962776" lon="15.442793"><ele>85.75</ele></trkpt>
   <trkpt lat="51.962992" lon="15.44255"><ele>85.5</ele></trkpt>
   <trkpt lat="51.963442" lon="15.442076"><ele>85.75</ele></trkpt>
   <trkpt lat="51.964756" lon="15.440765"><ele>84</ele></trkpt>
   <trkpt lat="51.966376" lon="15.43916"><ele>83</ele></trkpt>
   <trkpt lat="51.966829" lon="15.438743"><ele>82.25</ele></trkpt>
   <trkpt lat="51.967049" lon="15.43856"><ele>82</ele></trkpt>
   <trkpt lat="51.967544" lon="15.43818"><ele>81.25</ele></trkpt>
   <trkpt lat="51.967784" lon="15.438019"><ele>80.25</ele></trkpt>
   <trkpt lat="51.968278" lon="15.437717"><ele>78.75</ele></trkpt>
   <trkpt lat="51.968763" lon="15.437471"><ele>77.5</ele></trkpt>
   <trkpt lat="51.969279" lon="15.437248"><ele>77</ele></trkpt>
   <trkpt lat="51.969783" lon="15.437076"><ele>75.5</ele></trkpt>
   <trkpt lat="51.970304" lon="15.436947"><ele>78</ele></trkpt>
   <trkpt lat="51.970558" lon="15.436899"><ele>77.75</ele></trkpt>
   <trkpt lat="51.970828" lon="15.436859"><ele>77.25</ele></trkpt>
   <trkpt lat="51.971131" lon="15.436828"><ele>76.75</ele></trkpt>
   <trkpt lat="51.971349" lon="15.436816"><ele>75.5</ele></trkpt>
   <trkpt lat="51.971886" lon="15.436817"><ele>73.5</ele></trkpt>
   <trkpt lat="51.9724" lon="15.436866"><ele>74.25</ele></trkpt>
   <trkpt lat="51.972649" lon="15.436904"><ele>74.25</ele></trkpt>
   <trkpt lat="51.972926" lon="15.43696"><ele>74.25</ele></trkpt>
   <trkpt lat="51.973199" lon="15.437024"><ele>73.5</ele></trkpt>
   <trkpt lat="51.973701" lon="15.437177"><ele>73.75</ele></trkpt>
   <trkpt lat="51.974773" lon="15.437567"><ele>73.25</ele></trkpt>
   <trkpt lat="51.976915" lon="15.438402"><ele>74</ele></trkpt>
   <trkpt lat="51.977878" lon="15.438776"><ele>74</ele></trkpt>
   <trkpt lat="51.978331" lon="15.438946"><ele>74</ele></trkpt>
   <trkpt lat="51.978871" lon="15.439123"><ele>73.75</ele></trkpt>
   <trkpt lat="51.979122" lon="15.439194"><ele>72</ele></trkpt>
   <trkpt lat="51.979401" lon="15.439265"><ele>73</ele></trkpt>
   <trkpt lat="51.979671" lon="15.439317"><ele>72.5</ele></trkpt>
   <trkpt lat="51.980173" lon="15.439381"><ele>71.75</ele></trkpt>
   <trkpt lat="51.98072" lon="15.439399"><ele>71.75</ele></trkpt>
   <trkpt lat="51.981259" lon="15.439371"><ele>71.5</ele></trkpt>
   <trkpt lat="51.981523" lon="15.439341"><ele>71.75</ele></trkpt>
   <trkpt lat="51.982037" lon="15.439247"><ele>72</ele></trkpt>
   <trkpt lat="51.982293" lon="15.439183"><ele>71.75</ele></trkpt>
   <trkpt lat="51.982791" lon="15.439029"><ele>71</ele></trkpt>
   <trkpt lat="51.983086" lon="15.438917"><ele>71.75</ele></trkpt>
   <trkpt lat="51.983342" lon="15.438804"><ele>71.5</ele></trkpt>
   <trkpt lat="51.983598" lon="15.438684"><ele>71.5</ele></trkpt>
   <trkpt lat="51.984119" lon="15.438415"><ele>70.75</ele></trkpt>
   <trkpt lat="51.993475" lon="15.433108"><ele>73</ele></trkpt>
   <trkpt lat="51.994034" lon="15.432811"><ele>72.25</ele></trkpt>
   <trkpt lat="51.994557" lon="15.432578"><ele>71.25</ele></trkpt>
   <trkpt lat="51.995074" lon="15.432394"><ele>70.75</ele></trkpt>
   <trkpt lat="51.995347" lon="15.432316"><ele>70.5</ele></trkpt>
   <trkpt lat="51.995621" lon="15.432248"><ele>70.75</ele></trkpt>
   <trkpt lat="51.995899" lon="15.432195"><ele>70.75</ele></trkpt>
   <trkpt lat="51.996411" lon="15.432128"><ele>71.75</ele></trkpt>
   <trkpt lat="51.996684" lon="15.432109"><ele>71</ele></trkpt>
   <trkpt lat="51.99723" lon="15.432107"><ele>70.25</ele></trkpt>
   <trkpt lat="51.997767" lon="15.432155"><ele>68.75</ele></trkpt>
   <trkpt lat="51.998047" lon="15.432199"><ele>68.75</ele></trkpt>
   <trkpt lat="51.99858" lon="15.432318"><ele>67.25</ele></trkpt>
   <trkpt lat="51.998861" lon="15.432394"><ele>67.25</ele></trkpt>
   <trkpt lat="52.002867" lon="15.433617"><ele>63.75</ele></trkpt>
   <trkpt lat="52.005962" lon="15.434579"><ele>63</ele></trkpt>
   <trkpt lat="52.006487" lon="15.434722"><ele>62</ele></trkpt>
   <trkpt lat="52.006729" lon="15.434777"><ele>62.5</ele></trkpt>
   <trkpt lat="52.006999" lon="15.434825"><ele>62</ele></trkpt>
   <trkpt lat="52.007245" lon="15.434857"><ele>61</ele></trkpt>
   <trkpt lat="52.007769" lon="15.434887"><ele>60.25</ele></trkpt>
   <trkpt lat="52.008215" lon="15.434877"><ele>60</ele></trkpt>
   <trkpt lat="52.008542" lon="15.434848"><ele>58</ele></trkpt>
   <trkpt lat="52.008805" lon="15.434806"><ele>57.25</ele></trkpt>
   <trkpt lat="52.009077" lon="15.434756"><ele>58.5</ele></trkpt>
   <trkpt lat="52.009327" lon="15.434694"><ele>58.5</ele></trkpt>
   <trkpt lat="52.009576" lon="15.434623"><ele>59</ele></trkpt>
   <trkpt lat="52.009831" lon="15.434537"><ele>59</ele></trkpt>
   <trkpt lat="52.010085" lon="15.434442"><ele>58.5</ele></trkpt>
   <trkpt lat="52.010338" lon="15.43433"><ele>58</ele></trkpt>
   <trkpt lat="52.010595" lon="15.434208"><ele>58</ele></trkpt>
   <trkpt lat="52.010843" lon="15.434075"><ele>57.5</ele></trkpt>
   <trkpt lat="52.011326" lon="15.433779"><ele>57</ele></trkpt>
   <trkpt lat="52.01151" lon="15.433653"><ele>56.75</ele></trkpt>
   <trkpt lat="52.011859" lon="15.433387"><ele>57</ele></trkpt>
   <trkpt lat="52.012216" lon="15.43307"><ele>56.75</ele></trkpt>
   <trkpt lat="52.012554" lon="15.432717"><ele>56.5</ele></trkpt>
   <trkpt lat="52.012863" lon="15.43234"><ele>56</ele></trkpt>
   <trkpt lat="52.01316" lon="15.431921"><ele>55.25</ele></trkpt>
   <trkpt lat="52.013438" lon="15.43147"><ele>54.25</ele></trkpt>
   <trkpt lat="52.013574" lon="15.431224"><ele>55</ele></trkpt>
   <trkpt lat="52.013821" lon="15.430726"><ele>55</ele></trkpt>
   <trkpt lat="52.01404" lon="15.430223"><ele>53.75</ele></trkpt>
   <trkpt lat="52.014254" lon="15.429666"><ele>53.5</ele></trkpt>
   <trkpt lat="52.014635" lon="15.428586"><ele>51</ele></trkpt>
   <trkpt lat="52.014727" lon="15.428315"><ele>52.75</ele></trkpt>
   <trkpt lat="52.01487" lon="15.427855"><ele>51.75</ele></trkpt>
   <trkpt lat="52.014994" lon="15.427365"><ele>55.75</ele></trkpt>
   <trkpt lat="52.015094" lon="15.426864"><ele>51.75</ele></trkpt>
   <trkpt lat="52.015166" lon="15.426373"><ele>50.5</ele></trkpt>
   <trkpt lat="52.015188" lon="15.426188"><ele>51.75</ele></trkpt>
   <trkpt lat="52.015224" lon="15.425726"><ele>53.25</ele></trkpt>
   <trkpt lat="52.015239" lon="15.425441"><ele>54</ele></trkpt>
   <trkpt lat="52.015246" lon="15.424876"><ele>54.25</ele></trkpt>
   <trkpt lat="52.015214" lon="15.423011"><ele>54.25</ele></trkpt>
   <trkpt lat="52.015173" lon="15.421052"><ele>53.25</ele></trkpt>
   <trkpt lat="52.015174" lon="15.420783"><ele>53</ele></trkpt>
   <trkpt lat="52.015199" lon="15.420254"><ele>53</ele></trkpt>
   <trkpt lat="52.015226" lon="15.419627"><ele>53</ele></trkpt>
   <trkpt lat="52.015226" lon="15.41936"><ele>53</ele></trkpt>
   <trkpt lat="52.015221" lon="15.419097"><ele>53</ele></trkpt>
   <trkpt lat="52.015222" lon="15.418799"><ele>53</ele></trkpt>
   <trkpt lat="52.015236" lon="15.418471"><ele>53</ele></trkpt>
   <trkpt lat="52.015245" lon="15.418317"><ele>53</ele></trkpt>
   <trkpt lat="52.015291" lon="15.417858"><ele>53</ele></trkpt>
   <trkpt lat="52.015313" lon="15.417693"><ele>52.5</ele></trkpt>
   <trkpt lat="52.015406" lon="15.416884"><ele>52.25</ele></trkpt>
   <trkpt lat="52.015437" lon="15.416532"><ele>52.5</ele></trkpt>
   <trkpt lat="52.01556" lon="15.414072"><ele>51.75</ele></trkpt>
   <trkpt lat="52.015617" lon="15.413308"><ele>52</ele></trkpt>
   <trkpt lat="52.015656" lon="15.412928"><ele>52</ele></trkpt>
   <trkpt lat="52.015712" lon="15.41247"><ele>52</ele></trkpt>
   <trkpt lat="52.015772" lon="15.412049"><ele>51.5</ele></trkpt>
   <trkpt lat="52.016172" lon="15.409532"><ele>51</ele></trkpt>
   <trkpt lat="52.016241" lon="15.408968"><ele>51</ele></trkpt>
   <trkpt lat="52.016336" lon="15.407916"><ele>51</ele></trkpt>
   <trkpt lat="52.016385" lon="15.407302"><ele>51</ele></trkpt>
   <trkpt lat="52.016397" lon="15.407057"><ele>50.75</ele></trkpt>
   <trkpt lat="52.016409" lon="15.406527"><ele>51.75</ele></trkpt>
   <trkpt lat="52.016426" lon="15.406245"><ele>51.25</ele></trkpt>
   <trkpt lat="52.016449" lon="15.405978"><ele>51.25</ele></trkpt>
   <trkpt lat="52.016588" lon="15.405088"><ele>51.75</ele></trkpt>
   <trkpt lat="52.016718" lon="15.404268"><ele>51</ele></trkpt>
   <trkpt lat="52.016894" lon="15.403516"><ele>51</ele></trkpt>
   <trkpt lat="52.016952" lon="15.40326"><ele>50.75</ele></trkpt>
   <trkpt lat="52.017021" lon="15.403003"><ele>50.75</ele></trkpt>
   <trkpt lat="52.017194" lon="15.402522"><ele>51</ele></trkpt>
   <trkpt lat="52.017522" lon="15.401659"><ele>50</ele></trkpt>
   <trkpt lat="52.018522" lon="15.399711"><ele>50</ele></trkpt>
   <trkpt lat="52.019266" lon="15.398282"><ele>50</ele></trkpt>
   <trkpt lat="52.01948" lon="15.397902"><ele>49.75</ele></trkpt>
   <trkpt lat="52.019672" lon="15.397585"><ele>50</ele></trkpt>
   <trkpt lat="52.020387" lon="15.396564"><ele>49.5</ele></trkpt>
   <trkpt lat="52.020487" lon="15.396379"><ele>50</ele></trkpt>
   <trkpt lat="52.020613" lon="15.396148"><ele>49.75</ele></trkpt>
   <trkpt lat="52.020831" lon="15.395732"><ele>50</ele></trkpt>
   <trkpt lat="52.021429" lon="15.394577"><ele>49.75</ele></trkpt>
   <trkpt lat="52.021496" lon="15.394454"><ele>50</ele></trkpt>
   <trkpt lat="52.022065" lon="15.393375"><ele>50</ele></trkpt>
   <trkpt lat="52.022124" lon="15.393266"><ele>50</ele></trkpt>
   <trkpt lat="52.022724" lon="15.392135"><ele>50</ele></trkpt>
   <trkpt lat="52.022971" lon="15.391674"><ele>50</ele></trkpt>
   <trkpt lat="52.023185" lon="15.391262"><ele>50</ele></trkpt>
   <trkpt lat="52.023446" lon="15.390882"><ele>50</ele></trkpt>
   <trkpt lat="52.023654" lon="15.390588"><ele>49.5</ele></trkpt>
   <trkpt lat="52.02417" lon="15.389876"><ele>49.75</ele></trkpt>
   <trkpt lat="52.024396" lon="15.389538"><ele>49.5</ele></trkpt>
   <trkpt lat="52.024562" lon="15.389269"><ele>48</ele></trkpt>
   <trkpt lat="52.024724" lon="15.388976"><ele>46</ele></trkpt>
   <trkpt lat="52.02488" lon="15.388697"><ele>46.25</ele></trkpt>
   <trkpt lat="52.026326" lon="15.386144"><ele>46</ele></trkpt>
   <trkpt lat="52.026447" lon="15.385943"><ele>45.75</ele></trkpt>
   <trkpt lat="52.026713" lon="15.385552"><ele>45.75</ele></trkpt>
   <trkpt lat="52.027689" lon="15.384247"><ele>45.75</ele></trkpt>
   <trkpt lat="52.027846" lon="15.384038"><ele>45.75</ele></trkpt>
   <trkpt lat="52.027982" lon="15.383827"><ele>45.25</ele></trkpt>
   <trkpt lat="52.028234" lon="15.383403"><ele>45.75</ele></trkpt>
   <trkpt lat="52.028475" lon="15.382998"><ele>46</ele></trkpt>
   <trkpt lat="52.028679" lon="15.382695"><ele>45.75</ele></trkpt>
   <trkpt lat="52.028806" lon="15.382525"><ele>45.75</ele></trkpt>
   <trkpt lat="52.028937" lon="15.382334"><ele>45.75</ele></trkpt>
   <trkpt lat="52.029159" lon="15.381971"><ele>46</ele></trkpt>
   <trkpt lat="52.029299" lon="15.381768"><ele>46</ele></trkpt>
   <trkpt lat="52.029424" lon="15.381603"><ele>46</ele></trkpt>
   <trkpt lat="52.029801" lon="15.381097"><ele>45.75</ele></trkpt>
   <trkpt lat="52.029931" lon="15.380913"><ele>46</ele></trkpt>
   <trkpt lat="52.030244" lon="15.380391"><ele>46</ele></trkpt>
   <trkpt lat="52.031003" lon="15.379376"><ele>46.5</ele></trkpt>
   <trkpt lat="52.031262" lon="15.37903"><ele>46.5</ele></trkpt>
   <trkpt lat="52.035684" lon="15.373101"><ele>46</ele></trkpt>
   <trkpt lat="52.036553" lon="15.371935"><ele>45.75</ele></trkpt>
   <trkpt lat="52.036929" lon="15.371538"><ele>45.75</ele></trkpt>
   <trkpt lat="52.037073" lon="15.371356"><ele>45.75</ele></trkpt>
   <trkpt lat="52.037449" lon="15.370854"><ele>46</ele></trkpt>
   <trkpt lat="52.037574" lon="15.370685"><ele>45.75</ele></trkpt>
   <trkpt lat="52.038025" lon="15.370081"><ele>45.75</ele></trkpt>
   <trkpt lat="52.038394" lon="15.369588"><ele>45.75</ele></trkpt>
   <trkpt lat="52.038842" lon="15.368987"><ele>46</ele></trkpt>
   <trkpt lat="52.038875" lon="15.368943"><ele>46</ele></trkpt>
   <trkpt lat="52.039213" lon="15.368492"><ele>46</ele></trkpt>
   <trkpt lat="52.039939" lon="15.367518"><ele>45.75</ele></trkpt>
   <trkpt lat="52.040673" lon="15.366548"><ele>46.25</ele></trkpt>
   <trkpt lat="52.041002" lon="15.366142"><ele>46.5</ele></trkpt>
   <trkpt lat="52.041297" lon="15.365808"><ele>46.5</ele></trkpt>
   <trkpt lat="52.041603" lon="15.365487"><ele>46.5</ele></trkpt>
   <trkpt lat="52.041884" lon="15.365212"><ele>46.5</ele></trkpt>
   <trkpt lat="52.042236" lon="15.364896"><ele>47</ele></trkpt>
   <trkpt lat="52.042572" lon="15.364622"><ele>46.75</ele></trkpt>
   <trkpt lat="52.042912" lon="15.364369"><ele>47</ele></trkpt>
   <trkpt lat="52.043281" lon="15.364124"><ele>48</ele></trkpt>
   <trkpt lat="52.043575" lon="15.363945"><ele>47.25</ele></trkpt>
   <trkpt lat="52.043936" lon="15.363743"><ele>47.5</ele></trkpt>
   <trkpt lat="52.044946" lon="15.363212"><ele>48.5</ele></trkpt>
   <trkpt lat="52.046872" lon="15.362208"><ele>51</ele></trkpt>
   <trkpt lat="52.046985" lon="15.36215"><ele>49</ele></trkpt>
   <trkpt lat="52.050537" lon="15.360299"><ele>49.5</ele></trkpt>
   <trkpt lat="52.050664" lon="15.360233"><ele>50</ele></trkpt>
   <trkpt lat="52.050799" lon="15.360162"><ele>50.25</ele></trkpt>
   <trkpt lat="52.051416" lon="15.359838"><ele>48.75</ele></trkpt>
   <trkpt lat="52.052026" lon="15.359489"><ele>48.75</ele></trkpt>
   <trkpt lat="52.052401" lon="15.359242"><ele>48</ele></trkpt>
   <trkpt lat="52.052906" lon="15.358859"><ele>47.75</ele></trkpt>
   <trkpt lat="52.053382" lon="15.358438"><ele>46.75</ele></trkpt>
   <trkpt lat="52.053634" lon="15.358193"><ele>46.75</ele></trkpt>
   <trkpt lat="52.05387" lon="15.357946"><ele>46.75</ele></trkpt>
   <trkpt lat="52.054086" lon="15.357704"><ele>46.75</ele></trkpt>
   <trkpt lat="52.054321" lon="15.357425"><ele>46.5</ele></trkpt>
   <trkpt lat="52.054739" lon="15.356887"><ele>46.5</ele></trkpt>
   <trkpt lat="52.055128" lon="15.356329"><ele>45.75</ele></trkpt>
   <trkpt lat="52.055472" lon="15.355787"><ele>46</ele></trkpt>
   <trkpt lat="52.055631" lon="15.355517"><ele>46</ele></trkpt>
   <trkpt lat="52.05593" lon="15.354976"><ele>46</ele></trkpt>
   <trkpt lat="52.056251" lon="15.354342"><ele>45</ele></trkpt>
   <trkpt lat="52.056425" lon="15.353972"><ele>45.25</ele></trkpt>
   <trkpt lat="52.056639" lon="15.353481"><ele>45.75</ele></trkpt>
   <trkpt lat="52.056912" lon="15.352813"><ele>46</ele></trkpt>
   <trkpt lat="52.057115" lon="15.352286"><ele>46</ele></trkpt>
   <trkpt lat="52.0577" lon="15.350796"><ele>45.5</ele></trkpt>
   <trkpt lat="52.065027" lon="15.332317"><ele>46.5</ele></trkpt>
   <trkpt lat="52.071509" lon="15.315962"><ele>47.75</ele></trkpt>
   <trkpt lat="52.072844" lon="15.312592"><ele>48</ele></trkpt>
   <trkpt lat="52.073401" lon="15.311185"><ele>47.75</ele></trkpt>
   <trkpt lat="52.086441" lon="15.278246"><ele>48</ele></trkpt>
   <trkpt lat="52.088208" lon="15.27378"><ele>47.25</ele></trkpt>
   <trkpt lat="52.08826" lon="15.273655"><ele>47.5</ele></trkpt>
   <trkpt lat="52.088498" lon="15.273157"><ele>47.75</ele></trkpt>
   <trkpt lat="52.088584" lon="15.272951"><ele>48</ele></trkpt>
   <trkpt lat="52.088601" lon="15.272908"><ele>48</ele></trkpt>
   <trkpt lat="52.088753" lon="15.272528"><ele>46</ele></trkpt>
   <trkpt lat="52.088794" lon="15.272429"><ele>46</ele></trkpt>
   <trkpt lat="52.089242" lon="15.271309"><ele>49</ele></trkpt>
   <trkpt lat="52.089273" lon="15.271233"><ele>49</ele></trkpt>
   <trkpt lat="52.089879" lon="15.269731"><ele>49</ele></trkpt>
   <trkpt lat="52.090597" lon="15.267911"><ele>49</ele></trkpt>
   <trkpt lat="52.091084" lon="15.266669"><ele>49</ele></trkpt>
   <trkpt lat="52.092487" lon="15.2631"><ele>49</ele></trkpt>
   <trkpt lat="52.093404" lon="15.260779"><ele>49</ele></trkpt>
   <trkpt lat="52.093492" lon="15.260557"><ele>49</ele></trkpt>
   <trkpt lat="52.093813" lon="15.259745"><ele>49</ele></trkpt>
   <trkpt lat="52.094194" lon="15.258787"><ele>49</ele></trkpt>
   <trkpt lat="52.095924" lon="15.254384"><ele>49.75</ele></trkpt>
   <trkpt lat="52.096031" lon="15.254101"><ele>49</ele></trkpt>
   <trkpt lat="52.096282" lon="15.253382"><ele>49</ele></trkpt>
   <trkpt lat="52.096399" lon="15.253011"><ele>50</ele></trkpt>
   <trkpt lat="52.096616" lon="15.252248"><ele>49.5</ele></trkpt>
   <trkpt lat="52.096719" lon="15.251853"><ele>50</ele></trkpt>
   <trkpt lat="52.096816" lon="15.251442"><ele>50</ele></trkpt>
   <trkpt lat="52.096909" lon="15.251013"><ele>49.75</ele></trkpt>
   <trkpt lat="52.097058" lon="15.250229"><ele>50</ele></trkpt>
   <trkpt lat="52.097121" lon="15.249834"><ele>49.75</ele></trkpt>
   <trkpt lat="52.097181" lon="15.249419"><ele>49.75</ele></trkpt>
   <trkpt lat="52.097232" lon="15.249005"><ele>50.5</ele></trkpt>
   <trkpt lat="52.097319" lon="15.24816"><ele>50</ele></trkpt>
   <trkpt lat="52.097376" lon="15.247302"><ele>50</ele></trkpt>
   <trkpt lat="52.097393" lon="15.246892"><ele>50</ele></trkpt>
   <trkpt lat="52.097415" lon="15.246029"><ele>50</ele></trkpt>
   <trkpt lat="52.097488" lon="15.240236"><ele>52.75</ele></trkpt>
   <trkpt lat="52.097572" lon="15.233355"><ele>54.5</ele></trkpt>
   <trkpt lat="52.097587" lon="15.232503"><ele>53.5</ele></trkpt>
   <trkpt lat="52.097613" lon="15.231659"><ele>53.25</ele></trkpt>
   <trkpt lat="52.097669" lon="15.230823"><ele>52.25</ele></trkpt>
   <trkpt lat="52.09775" lon="15.22998"><ele>55.5</ele></trkpt>
   <trkpt lat="52.097803" lon="15.22955"><ele>57</ele></trkpt>
   <trkpt lat="52.097858" lon="15.229155"><ele>55.5</ele></trkpt>
   <trkpt lat="52.097993" lon="15.228349"><ele>55.5</ele></trkpt>
   <trkpt lat="52.098094" lon="15.227835"><ele>58</ele></trkpt>
   <trkpt lat="52.0982" lon="15.227348"><ele>54.5</ele></trkpt>
   <trkpt lat="52.098299" lon="15.226938"><ele>57.5</ele></trkpt>
   <trkpt lat="52.098396" lon="15.226565"><ele>58.75</ele></trkpt>
   <trkpt lat="52.098593" lon="15.225883"><ele>59.25</ele></trkpt>
   <trkpt lat="52.098758" lon="15.225369"><ele>61</ele></trkpt>
   <trkpt lat="52.099015" lon="15.224647"><ele>63</ele></trkpt>
   <trkpt lat="52.099434" lon="15.2236"><ele>62</ele></trkpt>
   <trkpt lat="52.103604" lon="15.21376"><ele>67</ele></trkpt>
   <trkpt lat="52.104748" lon="15.211061"><ele>67.75</ele></trkpt>
   <trkpt lat="52.108702" lon="15.201722"><ele>68.5</ele></trkpt>
   <trkpt lat="52.1138" lon="15.189682"><ele>68.5</ele></trkpt>
   <trkpt lat="52.114029" lon="15.189139"><ele>68.25</ele></trkpt>
   <trkpt lat="52.118888" lon="15.177661"><ele>70.25</ele></trkpt>
   <trkpt lat="52.121804" lon="15.170771"><ele>71</ele></trkpt>
   <trkpt lat="52.12398" lon="15.165637"><ele>70.75</ele></trkpt>
   <trkpt lat="52.127572" lon="15.157161"><ele>68.25</ele></trkpt>
   <trkpt lat="52.12816" lon="15.15577"><ele>69</ele></trkpt>
   <trkpt lat="52.128952" lon="15.153897"><ele>71</ele></trkpt>
   <trkpt lat="52.129075" lon="15.153606"><ele>71</ele></trkpt>
   <trkpt lat="52.129445" lon="15.152732"><ele>71</ele></trkpt>
   <trkpt lat="52.13033" lon="15.150677"><ele>71</ele></trkpt>
   <trkpt lat="52.131128" lon="15.14879"><ele>71</ele></trkpt>
   <trkpt lat="52.131683" lon="15.147475"><ele>71</ele></trkpt>
   <trkpt lat="52.132946" lon="15.144455"><ele>67.75</ele></trkpt>
   <trkpt lat="52.13299" lon="15.144352"><ele>68</ele></trkpt>
   <trkpt lat="52.133518" lon="15.143101"><ele>68</ele></trkpt>
   <trkpt lat="52.133709" lon="15.142628"><ele>68.5</ele></trkpt>
   <trkpt lat="52.133809" lon="15.142365"><ele>67.75</ele></trkpt>
   <trkpt lat="52.133909" lon="15.142077"><ele>69.25</ele></trkpt>
   <trkpt lat="52.134087" lon="15.1415"><ele>67.75</ele></trkpt>
   <trkpt lat="52.137727" lon="15.128145"><ele>68</ele></trkpt>
   <trkpt lat="52.13875" lon="15.124388"><ele>68</ele></trkpt>
   <trkpt lat="52.141182" lon="15.115462"><ele>67</ele></trkpt>
   <trkpt lat="52.141371" lon="15.114767"><ele>67</ele></trkpt>
   <trkpt lat="52.145008" lon="15.101422"><ele>65.75</ele></trkpt>
   <trkpt lat="52.146497" lon="15.09596"><ele>65.25</ele></trkpt>
   <trkpt lat="52.146519" lon="15.095878"><ele>65</ele></trkpt>
   <trkpt lat="52.147758" lon="15.091333"><ele>69.5</ele></trkpt>
   <trkpt lat="52.148098" lon="15.090118"><ele>68.25</ele></trkpt>
   <trkpt lat="52.148332" lon="15.089345"><ele>70.75</ele></trkpt>
   <trkpt lat="52.148459" lon="15.088963"><ele>67.75</ele></trkpt>
   <trkpt lat="52.148752" lon="15.088163"><ele>68.5</ele></trkpt>
   <trkpt lat="52.149004" lon="15.087545"><ele>69.5</ele></trkpt>
   <trkpt lat="52.14919" lon="15.087124"><ele>70.75</ele></trkpt>
   <trkpt lat="52.149239" lon="15.087019"><ele>69.75</ele></trkpt>
   <trkpt lat="52.149482" lon="15.086522"><ele>71.75</ele></trkpt>
   <trkpt lat="52.149639" lon="15.086222"><ele>71.75</ele></trkpt>
   <trkpt lat="52.149967" lon="15.085637"><ele>73.25</ele></trkpt>
   <trkpt lat="52.150139" lon="15.085352"><ele>72.75</ele></trkpt>
   <trkpt lat="52.150514" lon="15.084776"><ele>74</ele></trkpt>
   <trkpt lat="52.150787" lon="15.084392"><ele>75</ele></trkpt>
   <trkpt lat="52.151011" lon="15.084089"><ele>75.5</ele></trkpt>
   <trkpt lat="52.151454" lon="15.083526"><ele>75.25</ele></trkpt>
   <trkpt lat="52.151621" lon="15.083314"><ele>75.75</ele></trkpt>
   <trkpt lat="52.151765" lon="15.083115"><ele>75.25</ele></trkpt>
   <trkpt lat="52.151963" lon="15.082796"><ele>75</ele></trkpt>
   <trkpt lat="52.152118" lon="15.082584"><ele>75.75</ele></trkpt>
   <trkpt lat="52.152246" lon="15.08242"><ele>75.25</ele></trkpt>
   <trkpt lat="52.152366" lon="15.082254"><ele>76</ele></trkpt>
   <trkpt lat="52.152636" lon="15.081841"><ele>76</ele></trkpt>
   <trkpt lat="52.15275" lon="15.081689"><ele>75.25</ele></trkpt>
   <trkpt lat="52.156595" lon="15.076794"><ele>75.25</ele></trkpt>
   <trkpt lat="52.15755" lon="15.075578"><ele>74</ele></trkpt>
   <trkpt lat="52.157639" lon="15.075473"><ele>73.5</ele></trkpt>
   <trkpt lat="52.157921" lon="15.075176"><ele>73.25</ele></trkpt>
   <trkpt lat="52.158058" lon="15.07501"><ele>73.75</ele></trkpt>
   <trkpt lat="52.158236" lon="15.074784"><ele>72.75</ele></trkpt>
   <trkpt lat="52.158415" lon="15.074577"><ele>72.25</ele></trkpt>
   <trkpt lat="52.158689" lon="15.074297"><ele>72</ele></trkpt>
   <trkpt lat="52.158816" lon="15.074145"><ele>71.75</ele></trkpt>
   <trkpt lat="52.160721" lon="15.071691"><ele>71.25</ele></trkpt>
   <trkpt lat="52.169556" lon="15.060412"><ele>70.5</ele></trkpt>
   <trkpt lat="52.176628" lon="15.051383"><ele>70</ele></trkpt>
   <trkpt lat="52.183195" lon="15.042996"><ele>70</ele></trkpt>
   <trkpt lat="52.190759" lon="15.033327"><ele>70</ele></trkpt>
   <trkpt lat="52.197246" lon="15.025033"><ele>69.75</ele></trkpt>
   <trkpt lat="52.197814" lon="15.024292"><ele>70</ele></trkpt>
   <trkpt lat="52.198222" lon="15.023748"><ele>70</ele></trkpt>
   <trkpt lat="52.198709" lon="15.023077"><ele>70</ele></trkpt>
   <trkpt lat="52.200488" lon="15.020566"><ele>69.25</ele></trkpt>
   <trkpt lat="52.200801" lon="15.020143"><ele>70</ele></trkpt>
   <trkpt lat="52.201117" lon="15.019754"><ele>69.75</ele></trkpt>
   <trkpt lat="52.2013" lon="15.019551"><ele>69.5</ele></trkpt>
   <trkpt lat="52.201455" lon="15.019398"><ele>69.75</ele></trkpt>
   <trkpt lat="52.201805" lon="15.01908"><ele>69</ele></trkpt>
   <trkpt lat="52.202197" lon="15.018759"><ele>69</ele></trkpt>
   <trkpt lat="52.203464" lon="15.017768"><ele>69</ele></trkpt>
   <trkpt lat="52.204551" lon="15.016916"><ele>69.75</ele></trkpt>
   <trkpt lat="52.205272" lon="15.016351"><ele>70</ele></trkpt>
   <trkpt lat="52.209189" lon="15.013283"><ele>69</ele></trkpt>
   <trkpt lat="52.210496" lon="15.012243"><ele>69</ele></trkpt>
   <trkpt lat="52.212586" lon="15.010678"><ele>69</ele></trkpt>
   <trkpt lat="52.213387" lon="15.010059"><ele>69</ele></trkpt>
   <trkpt lat="52.223083" lon="15.002456"><ele>63.5</ele></trkpt>
   <trkpt lat="52.223544" lon="15.002073"><ele>63.5</ele></trkpt>
   <trkpt lat="52.223767" lon="15.001873"><ele>63.75</ele></trkpt>
   <trkpt lat="52.224005" lon="15.00165"><ele>64.25</ele></trkpt>
   <trkpt lat="52.224217" lon="15.001434"><ele>64.5</ele></trkpt>
   <trkpt lat="52.22444" lon="15.001196"><ele>64.5</ele></trkpt>
   <trkpt lat="52.224653" lon="15.000951"><ele>65</ele></trkpt>
   <trkpt lat="52.225068" lon="15.000434"><ele>64.75</ele></trkpt>
   <trkpt lat="52.225271" lon="15.000159"><ele>65</ele></trkpt>
   <trkpt lat="52.225476" lon="14.999869"><ele>65</ele></trkpt>
   <trkpt lat="52.225661" lon="14.999591"><ele>65</ele></trkpt>
   <trkpt lat="52.225859" lon="14.999274"><ele>64.5</ele></trkpt>
   <trkpt lat="52.226216" lon="14.998656"><ele>65.25</ele></trkpt>
   <trkpt lat="52.226382" lon="14.99835"><ele>65</ele></trkpt>
   <trkpt lat="52.228339" lon="14.994578"><ele>65.25</ele></trkpt>
   <trkpt lat="52.228683" lon="14.993913"><ele>65.25</ele></trkpt>
   <trkpt lat="52.22872" lon="14.993839"><ele>65</ele></trkpt>
   <trkpt lat="52.234127" lon="14.983373"><ele>69.5</ele></trkpt>
   <trkpt lat="52.238958" lon="14.974019"><ele>69.75</ele></trkpt>
   <trkpt lat="52.239601" lon="14.972794"><ele>69</ele></trkpt>
   <trkpt lat="52.239806" lon="14.972423"><ele>69</ele></trkpt>
   <trkpt lat="52.239995" lon="14.972091"><ele>69.25</ele></trkpt>
   <trkpt lat="52.24019" lon="14.971768"><ele>69.25</ele></trkpt>
   <trkpt lat="52.240403" lon="14.971425"><ele>69</ele></trkpt>
   <trkpt lat="52.240699" lon="14.970972"><ele>70.25</ele></trkpt>
   <trkpt lat="52.241289" lon="14.970156"><ele>69.75</ele></trkpt>
   <trkpt lat="52.24387" lon="14.966712"><ele>72.25</ele></trkpt>
   <trkpt lat="52.244006" lon="14.966519"><ele>71.75</ele></trkpt>
   <trkpt lat="52.244201" lon="14.966198"><ele>72</ele></trkpt>
   <trkpt lat="52.244338" lon="14.966002"><ele>71.5</ele></trkpt>
   <trkpt lat="52.244948" lon="14.96519"><ele>72.75</ele></trkpt>
   <trkpt lat="52.245077" lon="14.965004"><ele>73.5</ele></trkpt>
   <trkpt lat="52.24529" lon="14.964662"><ele>73.25</ele></trkpt>
   <trkpt lat="52.245523" lon="14.964333"><ele>73.25</ele></trkpt>
   <trkpt lat="52.249842" lon="14.958568"><ele>73.75</ele></trkpt>
   <trkpt lat="52.250143" lon="14.958186"><ele>73.75</ele></trkpt>
   <trkpt lat="52.250421" lon="14.957875"><ele>74.5</ele></trkpt>
   <trkpt lat="52.250565" lon="14.957697"><ele>74</ele></trkpt>
   <trkpt lat="52.251251" lon="14.956787"><ele>73.25</ele></trkpt>
   <trkpt lat="52.2514" lon="14.956584"><ele>74.25</ele></trkpt>
   <trkpt lat="52.251548" lon="14.956402"><ele>74</ele></trkpt>
   <trkpt lat="52.251793" lon="14.956138"><ele>75</ele></trkpt>
   <trkpt lat="52.251931" lon="14.955968"><ele>74.75</ele></trkpt>
   <trkpt lat="52.255537" lon="14.951139"><ele>79</ele></trkpt>
   <trkpt lat="52.260646" lon="14.944321"><ele>83.25</ele></trkpt>
   <trkpt lat="52.260847" lon="14.944038"><ele>82.75</ele></trkpt>
   <trkpt lat="52.261045" lon="14.943751"><ele>82.25</ele></trkpt>
   <trkpt lat="52.261423" lon="14.943153"><ele>83</ele></trkpt>
   <trkpt lat="52.261789" lon="14.942513"><ele>83.25</ele></trkpt>
   <trkpt lat="52.262428" lon="14.94134"><ele>84</ele></trkpt>
   <trkpt lat="52.268477" lon="14.930221"><ele>88</ele></trkpt>
   <trkpt lat="52.269038" lon="14.929185"><ele>87.25</ele></trkpt>
   <trkpt lat="52.269227" lon="14.928818"><ele>87.75</ele></trkpt>
   <trkpt lat="52.269511" lon="14.928222"><ele>87.25</ele></trkpt>
   <trkpt lat="52.269888" lon="14.927366"><ele>87.5</ele></trkpt>
   <trkpt lat="52.272143" lon="14.92212"><ele>88</ele></trkpt>
   <trkpt lat="52.276783" lon="14.911321"><ele>86.25</ele></trkpt>
   <trkpt lat="52.277092" lon="14.91062"><ele>86</ele></trkpt>
   <trkpt lat="52.277311" lon="14.910146"><ele>86.25</ele></trkpt>
   <trkpt lat="52.277583" lon="14.909597"><ele>86.25</ele></trkpt>
   <trkpt lat="52.277755" lon="14.90927"><ele>85.75</ele></trkpt>
   <trkpt lat="52.278114" lon="14.908634"><ele>86.5</ele></trkpt>
   <trkpt lat="52.278481" lon="14.908029"><ele>86.25</ele></trkpt>
   <trkpt lat="52.279776" lon="14.905963"><ele>85</ele></trkpt>
   <trkpt lat="52.283649" lon="14.899784"><ele>81.75</ele></trkpt>
   <trkpt lat="52.290069" lon="14.88954"><ele>78.5</ele></trkpt>
   <trkpt lat="52.295354" lon="14.881113"><ele>74</ele></trkpt>
   <trkpt lat="52.295541" lon="14.88083"><ele>73.75</ele></trkpt>
   <trkpt lat="52.295925" lon="14.880293"><ele>74</ele></trkpt>
   <trkpt lat="52.29632" lon="14.879792"><ele>73.75</ele></trkpt>
   <trkpt lat="52.296582" lon="14.879475"><ele>74</ele></trkpt>
   <trkpt lat="52.301354" lon="14.873796"><ele>68.25</ele></trkpt>
   <trkpt lat="52.301451" lon="14.873678"><ele>68.25</ele></trkpt>
   <trkpt lat="52.302456" lon="14.872426"><ele>67.75</ele></trkpt>
   <trkpt lat="52.303068" lon="14.871692"><ele>67.75</ele></trkpt>
   <trkpt lat="52.305716" lon="14.868558"><ele>66.25</ele></trkpt>
   <trkpt lat="52.30653" lon="14.867599"><ele>66.5</ele></trkpt>
   <trkpt lat="52.306613" lon="14.8675"><ele>66.75</ele></trkpt>
   <trkpt lat="52.306696" lon="14.867401"><ele>66.5</ele></trkpt>
   <trkpt lat="52.308867" lon="14.864797"><ele>66.5</ele></trkpt>
   <trkpt lat="52.310052" lon="14.863392"><ele>66.5</ele></trkpt>
   <trkpt lat="52.310963" lon="14.862309"><ele>66.75</ele></trkpt>
   <trkpt lat="52.311252" lon="14.861972"><ele>67</ele></trkpt>
   <trkpt lat="52.312074" lon="14.861088"><ele>67</ele></trkpt>
   <trkpt lat="52.312227" lon="14.860915"><ele>67</ele></trkpt>
   <trkpt lat="52.312601" lon="14.860458"><ele>66.5</ele></trkpt>
   <trkpt lat="52.313104" lon="14.859835"><ele>66.5</ele></trkpt>
   <trkpt lat="52.326112" lon="14.844348"><ele>55.25</ele></trkpt>
   <trkpt lat="52.326859" lon="14.843438"><ele>55</ele></trkpt>
   <trkpt lat="52.327831" lon="14.842225"><ele>53.75</ele></trkpt>
   <trkpt lat="52.332049" lon="14.837195"><ele>52.5</ele></trkpt>
   <trkpt lat="52.333644" lon="14.835296"><ele>52.75</ele></trkpt>
   <trkpt lat="52.334178" lon="14.834682"><ele>53.5</ele></trkpt>
   <trkpt lat="52.33454" lon="14.834305"><ele>52.75</ele></trkpt>
   <trkpt lat="52.334954" lon="14.83392"><ele>54</ele></trkpt>
   <trkpt lat="52.335235" lon="14.833679"><ele>53</ele></trkpt>
   <trkpt lat="52.335732" lon="14.833278"><ele>52.5</ele></trkpt>
   <trkpt lat="52.335753" lon="14.833261"><ele>52.5</ele></trkpt>
   <trkpt lat="52.335892" lon="14.83315"><ele>52.5</ele></trkpt>
   <trkpt lat="52.33656" lon="14.832618"><ele>52.5</ele></trkpt>
   <trkpt lat="52.337761" lon="14.83166"><ele>51.75</ele></trkpt>
   <trkpt lat="52.337904" lon="14.831546"><ele>52.5</ele></trkpt>
   <trkpt lat="52.338542" lon="14.831037"><ele>54.25</ele></trkpt>
   <trkpt lat="52.339688" lon="14.830123"><ele>54.75</ele></trkpt>
   <trkpt lat="52.341081" lon="14.829011"><ele>56.25</ele></trkpt>
   <trkpt lat="52.341123" lon="14.828977"><ele>56.5</ele></trkpt>
   <trkpt lat="52.34178" lon="14.828454"><ele>58</ele></trkpt>
   <trkpt lat="52.344719" lon="14.82611"><ele>63</ele></trkpt>
   <trkpt lat="52.345569" lon="14.825432"><ele>63.25</ele></trkpt>
   <trkpt lat="52.345615" lon="14.825396"><ele>63.5</ele></trkpt>
   <trkpt lat="52.345791" lon="14.825255"><ele>63</ele></trkpt>
   <trkpt lat="52.345804" lon="14.825244"><ele>63</ele></trkpt>
   <trkpt lat="52.34638" lon="14.824785"><ele>64</ele></trkpt>
   <trkpt lat="52.346548" lon="14.824651"><ele>64</ele></trkpt>
   <trkpt lat="52.346611" lon="14.824601"><ele>64</ele></trkpt>
   <trkpt lat="52.346847" lon="14.824411"><ele>64</ele></trkpt>
   <trkpt lat="52.347161" lon="14.824151"><ele>64.5</ele></trkpt>
   <trkpt lat="52.347411" lon="14.823927"><ele>65</ele></trkpt>
   <trkpt lat="52.347569" lon="14.823775"><ele>65.25</ele></trkpt>
   <trkpt lat="52.347798" lon="14.823529"><ele>65</ele></trkpt>
   <trkpt lat="52.348003" lon="14.823282"><ele>65</ele></trkpt>
   <trkpt lat="52.348141" lon="14.823095"><ele>64.5</ele></trkpt>
   <trkpt lat="52.348342" lon="14.8228"><ele>64.75</ele></trkpt>
   <trkpt lat="52.34853" lon="14.822486"><ele>65.25</ele></trkpt>
   <trkpt lat="52.34865" lon="14.822265"><ele>65</ele></trkpt>
   <trkpt lat="52.348819" lon="14.821922"><ele>65.75</ele></trkpt>
   <trkpt lat="52.348924" lon="14.821684"><ele>66</ele></trkpt>
   <trkpt lat="52.349069" lon="14.821315"><ele>66.25</ele></trkpt>
   <trkpt lat="52.349159" lon="14.821063"><ele>66</ele></trkpt>
   <trkpt lat="52.349283" lon="14.82067"><ele>66.25</ele></trkpt>
   <trkpt lat="52.349391" lon="14.820269"><ele>66.75</ele></trkpt>
   <trkpt lat="52.349454" lon="14.82"><ele>66</ele></trkpt>
   <trkpt lat="52.349538" lon="14.819577"><ele>67</ele></trkpt>
   <trkpt lat="52.349585" lon="14.819295"><ele>67.75</ele></trkpt>
   <trkpt lat="52.349622" lon="14.81903"><ele>67.75</ele></trkpt>
   <trkpt lat="52.349659" lon="14.818702"><ele>67.25</ele></trkpt>
   <trkpt lat="52.349666" lon="14.818623"><ele>67</ele></trkpt>
   <trkpt lat="52.349674" lon="14.818544"><ele>67</ele></trkpt>
   <trkpt lat="52.349684" lon="14.818409"><ele>67</ele></trkpt>
   <trkpt lat="52.349706" lon="14.818064"><ele>67</ele></trkpt>
   <trkpt lat="52.349721" lon="14.817698"><ele>67</ele></trkpt>
   <trkpt lat="52.349728" lon="14.817321"><ele>67</ele></trkpt>
   <trkpt lat="52.349728" lon="14.816905"><ele>67</ele></trkpt>
   <trkpt lat="52.349722" lon="14.816655"><ele>67</ele></trkpt>
   <trkpt lat="52.349719" lon="14.816557"><ele>67</ele></trkpt>
   <trkpt lat="52.349709" lon="14.816317"><ele>67</ele></trkpt>
   <trkpt lat="52.349681" lon="14.815682"><ele>67.5</ele></trkpt>
   <trkpt lat="52.349661" lon="14.815254"><ele>67.75</ele></trkpt>
   <trkpt lat="52.349643" lon="14.814869"><ele>67.5</ele></trkpt>
   <trkpt lat="52.349586" lon="14.813614"><ele>67</ele></trkpt>
   <trkpt lat="52.349582" lon="14.81353"><ele>67</ele></trkpt>
   <trkpt lat="52.349578" lon="14.813447"><ele>67</ele></trkpt>
   <trkpt lat="52.349572" lon="14.813128"><ele>67</ele></trkpt>
   <trkpt lat="52.349582" lon="14.812628"><ele>67</ele></trkpt>
   <trkpt lat="52.349589" lon="14.812252"><ele>67</ele></trkpt>
   <trkpt lat="52.349608" lon="14.81141"><ele>67</ele></trkpt>
   <trkpt lat="52.349617" lon="14.810951"><ele>67</ele></trkpt>
   <trkpt lat="52.349634" lon="14.810227"><ele>67</ele></trkpt>
   <trkpt lat="52.349642" lon="14.809749"><ele>67</ele></trkpt>
   <trkpt lat="52.349639" lon="14.809522"><ele>67</ele></trkpt>
   <trkpt lat="52.34961" lon="14.808883"><ele>67</ele></trkpt>
   <trkpt lat="52.34923" lon="14.80073"><ele>66.75</ele></trkpt>
   <trkpt lat="52.34922" lon="14.800476"><ele>66.75</ele></trkpt>
   <trkpt lat="52.349219" lon="14.800245"><ele>66.75</ele></trkpt>
   <trkpt lat="52.349233" lon="14.799593"><ele>66.75</ele></trkpt>
   <trkpt lat="52.349236" lon="14.799471"><ele>66.75</ele></trkpt>
   <trkpt lat="52.349285" lon="14.797112"><ele>66</ele></trkpt>
   <trkpt lat="52.349306" lon="14.796151"><ele>66</ele></trkpt>
   <trkpt lat="52.349314" lon="14.795658"><ele>64.75</ele></trkpt>
   <trkpt lat="52.349311" lon="14.795288"><ele>64.75</ele></trkpt>
   <trkpt lat="52.349282" lon="14.794557"><ele>65</ele></trkpt>
   <trkpt lat="52.349281" lon="14.794249"><ele>65</ele></trkpt>
   <trkpt lat="52.349288" lon="14.793947"><ele>64</ele></trkpt>
   <trkpt lat="52.349282" lon="14.793505"><ele>63.75</ele></trkpt>
   <trkpt lat="52.349269" lon="14.793228"><ele>63.25</ele></trkpt>
   <trkpt lat="52.349262" lon="14.792909"><ele>63.25</ele></trkpt>
   <trkpt lat="52.349271" lon="14.792381"><ele>63</ele></trkpt>
   <trkpt lat="52.349263" lon="14.792048"><ele>63</ele></trkpt>
   <trkpt lat="52.349199" lon="14.790689"><ele>63.75</ele></trkpt>
   <trkpt lat="52.349187" lon="14.790434"><ele>63.25</ele></trkpt>
   <trkpt lat="52.349149" lon="14.789634"><ele>62.75</ele></trkpt>
   <trkpt lat="52.349103" lon="14.788626"><ele>62</ele></trkpt>
   <trkpt lat="52.349072" lon="14.787934"><ele>61.5</ele></trkpt>
   <trkpt lat="52.349006" lon="14.786454"><ele>63</ele></trkpt>
   <trkpt lat="52.348941" lon="14.785"><ele>61.75</ele></trkpt>
   <trkpt lat="52.348925" lon="14.784636"><ele>61.75</ele></trkpt>
   <trkpt lat="52.348899" lon="14.784066"><ele>61.75</ele></trkpt>
   <trkpt lat="52.348865" lon="14.783337"><ele>61.75</ele></trkpt>
   <trkpt lat="52.348863" lon="14.783292"><ele>61.75</ele></trkpt>
   <trkpt lat="52.348762" lon="14.781072"><ele>61</ele></trkpt>
   <trkpt lat="52.348691" lon="14.779523"><ele>61</ele></trkpt>
   <trkpt lat="52.348621" lon="14.777986"><ele>61</ele></trkpt>
   <trkpt lat="52.348153" lon="14.767621"><ele>64</ele></trkpt>
   <trkpt lat="52.348069" lon="14.765897"><ele>62</ele></trkpt>
   <trkpt lat="52.348057" lon="14.765648"><ele>62</ele></trkpt>
   <trkpt lat="52.347923" lon="14.762971"><ele>62</ele></trkpt>
   <trkpt lat="52.347646" lon="14.757471"><ele>59.5</ele></trkpt>
   <trkpt lat="52.347442" lon="14.753424"><ele>58.75</ele></trkpt>
   <trkpt lat="52.347012" lon="14.744905"><ele>59</ele></trkpt>
   <trkpt lat="52.346938" lon="14.743443"><ele>59.75</ele></trkpt>
   <trkpt lat="52.346863" lon="14.74197"><ele>60</ele></trkpt>
   <trkpt lat="52.346509" lon="14.735024"><ele>60</ele></trkpt>
   <trkpt lat="52.346483" lon="14.73451"><ele>59.75</ele></trkpt>
   <trkpt lat="52.346143" lon="14.727866"><ele>60.5</ele></trkpt>
   <trkpt lat="52.34611" lon="14.727214"><ele>59</ele></trkpt>
   <trkpt lat="52.346109" lon="14.727186"><ele>59</ele></trkpt>
   <trkpt lat="52.345956" lon="14.724186"><ele>55.75</ele></trkpt>
   <trkpt lat="52.345924" lon="14.723565"><ele>54.25</ele></trkpt>
   <trkpt lat="52.345908" lon="14.723261"><ele>53.75</ele></trkpt>
   <trkpt lat="52.345718" lon="14.719525"><ele>51</ele></trkpt>
   <trkpt lat="52.345411" lon="14.713509"><ele>54</ele></trkpt>
   <trkpt lat="52.345399" lon="14.713258"><ele>53.75</ele></trkpt>
   <trkpt lat="52.345386" lon="14.713004"><ele>53.25</ele></trkpt>
   <trkpt lat="52.345212" lon="14.709567"><ele>51</ele></trkpt>
   <trkpt lat="52.345206" lon="14.709452"><ele>51</ele></trkpt>
   <trkpt lat="52.344936" lon="14.704046"><ele>52.75</ele></trkpt>
   <trkpt lat="52.344486" lon="14.694947"><ele>52</ele></trkpt>
   <trkpt lat="52.344163" lon="14.688437"><ele>53.75</ele></trkpt>
   <trkpt lat="52.343969" lon="14.684527"><ele>52.75</ele></trkpt>
   <trkpt lat="52.34386" lon="14.68224"><ele>54.75</ele></trkpt>
   <trkpt lat="52.343732" lon="14.679569"><ele>56</ele></trkpt>
   <trkpt lat="52.343647" lon="14.677799"><ele>56.5</ele></trkpt>
   <trkpt lat="52.343615" lon="14.677145"><ele>55.75</ele></trkpt>
   <trkpt lat="52.343612" lon="14.677083"><ele>55.5</ele></trkpt>
   <trkpt lat="52.343595" lon="14.676715"><ele>55</ele></trkpt>
   <trkpt lat="52.343477" lon="14.67427"><ele>57.75</ele></trkpt>
   <trkpt lat="52.343121" lon="14.666814"><ele>55.5</ele></trkpt>
   <trkpt lat="52.343068" lon="14.665702"><ele>54.75</ele></trkpt>
   <trkpt lat="52.342982" lon="14.663888"><ele>54</ele></trkpt>
   <trkpt lat="52.342711" lon="14.658202"><ele>52.25</ele></trkpt>
   <trkpt lat="52.342593" lon="14.655767"><ele>48.75</ele></trkpt>
   <trkpt lat="52.342523" lon="14.654294"><ele>50.75</ele></trkpt>
   <trkpt lat="52.342368" lon="14.65108"><ele>50.25</ele></trkpt>
   <trkpt lat="52.342336" lon="14.650395"><ele>50</ele></trkpt>
   <trkpt lat="52.342155" lon="14.646599"><ele>47.75</ele></trkpt>
   <trkpt lat="52.341973" lon="14.64273"><ele>49.25</ele></trkpt>
   <trkpt lat="52.341961" lon="14.642477"><ele>49.5</ele></trkpt>
   <trkpt lat="52.341852" lon="14.64018"><ele>50.25</ele></trkpt>
   <trkpt lat="52.341849" lon="14.640113"><ele>50.5</ele></trkpt>
   <trkpt lat="52.341839" lon="14.639905"><ele>51</ele></trkpt>
   <trkpt lat="52.341798" lon="14.639047"><ele>51</ele></trkpt>
   <trkpt lat="52.3417" lon="14.636975"><ele>52</ele></trkpt>
   <trkpt lat="52.341683" lon="14.636618"><ele>52</ele></trkpt>
   <trkpt lat="52.34168" lon="14.636559"><ele>52</ele></trkpt>
   <trkpt lat="52.341675" lon="14.636457"><ele>52</ele></trkpt>
   <trkpt lat="52.341671" lon="14.636357"><ele>52</ele></trkpt>
   <trkpt lat="52.341549" lon="14.633692"><ele>54.5</ele></trkpt>
   <trkpt lat="52.341509" lon="14.632835"><ele>55</ele></trkpt>
   <trkpt lat="52.341466" lon="14.631928"><ele>55</ele></trkpt>
   <trkpt lat="52.341423" lon="14.631026"><ele>53.25</ele></trkpt>
   <trkpt lat="52.341382" lon="14.630161"><ele>52</ele></trkpt>
   <trkpt lat="52.341301" lon="14.628439"><ele>53.5</ele></trkpt>
   <trkpt lat="52.341201" lon="14.626336"><ele>52</ele></trkpt>
   <trkpt lat="52.341198" lon="14.626276"><ele>52</ele></trkpt>
   <trkpt lat="52.340987" lon="14.621833"><ele>49.75</ele></trkpt>
   <trkpt lat="52.340897" lon="14.619957"><ele>50</ele></trkpt>
   <trkpt lat="52.340828" lon="14.618493"><ele>50.5</ele></trkpt>
   <trkpt lat="52.34079" lon="14.617694"><ele>49.75</ele></trkpt>
   <trkpt lat="52.340758" lon="14.617031"><ele>49.5</ele></trkpt>
   <trkpt lat="52.340712" lon="14.616056"><ele>48.5</ele></trkpt>
   <trkpt lat="52.340687" lon="14.615533"><ele>49.5</ele></trkpt>
   <trkpt lat="52.340648" lon="14.614746"><ele>50</ele></trkpt>
   <trkpt lat="52.34064" lon="14.6146"><ele>50</ele></trkpt>
   <trkpt lat="52.340591" lon="14.613741"><ele>50.25</ele></trkpt>
   <trkpt lat="52.340543" lon="14.613061"><ele>50.75</ele></trkpt>
   <trkpt lat="52.340487" lon="14.612386"><ele>50</ele></trkpt>
   <trkpt lat="52.340418" lon="14.611675"><ele>50.25</ele></trkpt>
   <trkpt lat="52.340349" lon="14.611045"><ele>50</ele></trkpt>
   <trkpt lat="52.340208" lon="14.609932"><ele>49.5</ele></trkpt>
   <trkpt lat="52.340113" lon="14.609273"><ele>47.5</ele></trkpt>
   <trkpt lat="52.340038" lon="14.6088"><ele>49.5</ele></trkpt>
   <trkpt lat="52.339934" lon="14.608174"><ele>50</ele></trkpt>
   <trkpt lat="52.339817" lon="14.607532"><ele>49.75</ele></trkpt>
   <trkpt lat="52.339781" lon="14.607338"><ele>50.5</ele></trkpt>
   <trkpt lat="52.339605" lon="14.606466"><ele>50.25</ele></trkpt>
   <trkpt lat="52.339465" lon="14.605828"><ele>50</ele></trkpt>
   <trkpt lat="52.339272" lon="14.605005"><ele>52</ele></trkpt>
   <trkpt lat="52.339076" lon="14.60423"><ele>51.75</ele></trkpt>
   <trkpt lat="52.338855" lon="14.603422"><ele>50.75</ele></trkpt>
   <trkpt lat="52.338542" lon="14.602362"><ele>51.75</ele></trkpt>
   <trkpt lat="52.338342" lon="14.601738"><ele>50.25</ele></trkpt>
   <trkpt lat="52.338132" lon="14.601109"><ele>52.75</ele></trkpt>
   <trkpt lat="52.337869" lon="14.600357"><ele>53</ele></trkpt>
   <trkpt lat="52.336763" lon="14.597307"><ele>48.25</ele></trkpt>
   <trkpt lat="52.336587" lon="14.59682"><ele>47</ele></trkpt>
   <trkpt lat="52.33583" lon="14.594734"><ele>46.75</ele></trkpt>
   <trkpt lat="52.335683" lon="14.594334"><ele>45.25</ele></trkpt>
   <trkpt lat="52.335527" lon="14.593915"><ele>46</ele></trkpt>
   <trkpt lat="52.335425" lon="14.593646"><ele>46</ele></trkpt>
   <trkpt lat="52.335397" lon="14.593575"><ele>46</ele></trkpt>
   <trkpt lat="52.335143" lon="14.592945"><ele>45.75</ele></trkpt>
   <trkpt lat="52.334964" lon="14.592529"><ele>45</ele></trkpt>
   <trkpt lat="52.334805" lon="14.592182"><ele>44.75</ele></trkpt>
   <trkpt lat="52.334558" lon="14.591679"><ele>44</ele></trkpt>
   <trkpt lat="52.334217" lon="14.591045"><ele>45</ele></trkpt>
   <trkpt lat="52.333946" lon="14.590584"><ele>44.75</ele></trkpt>
   <trkpt lat="52.333666" lon="14.590144"><ele>44.75</ele></trkpt>
   <trkpt lat="52.333276" lon="14.589586"><ele>41.75</ele></trkpt>
   <trkpt lat="52.332974" lon="14.589191"><ele>40.5</ele></trkpt>
   <trkpt lat="52.332529" lon="14.588663"><ele>41.25</ele></trkpt>
   <trkpt lat="52.332216" lon="14.588327"><ele>40.75</ele></trkpt>
   <trkpt lat="52.331965" lon="14.588076"><ele>40.25</ele></trkpt>
   <trkpt lat="52.331768" lon="14.58789"><ele>37</ele></trkpt>
   <trkpt lat="52.331419" lon="14.587582"><ele>39</ele></trkpt>
   <trkpt lat="52.331012" lon="14.587249"><ele>40</ele></trkpt>
   <trkpt lat="52.330569" lon="14.586906"><ele>39</ele></trkpt>
   <trkpt lat="52.328467" lon="14.585324"><ele>38.5</ele></trkpt>
   <trkpt lat="52.327915" lon="14.584909"><ele>38</ele></trkpt>
   <trkpt lat="52.325935" lon="14.583419"><ele>34</ele></trkpt>
   <trkpt lat="52.325291" lon="14.582935"><ele>33</ele></trkpt>
   <trkpt lat="52.324691" lon="14.582477"><ele>32</ele></trkpt>
   <trkpt lat="52.324386" lon="14.58222"><ele>31</ele></trkpt>
   <trkpt lat="52.324192" lon="14.582042"><ele>29.5</ele></trkpt>
   <trkpt lat="52.323897" lon="14.58175"><ele>30</ele></trkpt>
   <trkpt lat="52.323708" lon="14.581547"><ele>29</ele></trkpt>
   <trkpt lat="52.323404" lon="14.581195"><ele>28.75</ele></trkpt>
   <trkpt lat="52.32324" lon="14.580987"><ele>29</ele></trkpt>
   <trkpt lat="52.322969" lon="14.580625"><ele>29.75</ele></trkpt>
   <trkpt lat="52.32283" lon="14.580422"><ele>30</ele></trkpt>
   <trkpt lat="52.322701" lon="14.580216"><ele>30</ele></trkpt>
   <trkpt lat="52.32249" lon="14.57985"><ele>30.25</ele></trkpt>
   <trkpt lat="52.322294" lon="14.579451"><ele>29.25</ele></trkpt>
   <trkpt lat="52.322169" lon="14.579166"><ele>30</ele></trkpt>
   <trkpt lat="52.322014" lon="14.578774"><ele>28</ele></trkpt>
   <trkpt lat="52.321965" lon="14.57864"><ele>28</ele></trkpt>
   <trkpt lat="52.321631" lon="14.577716"><ele>28.5</ele></trkpt>
   <trkpt lat="52.321148" lon="14.576365"><ele>29.25</ele></trkpt>
   <trkpt lat="52.320707" lon="14.57513"><ele>29.75</ele></trkpt>
   <trkpt lat="52.320524" lon="14.574615"><ele>30</ele></trkpt>
   <trkpt lat="52.319846" lon="14.572714"><ele>31.25</ele></trkpt>
   <trkpt lat="52.31975" lon="14.57245"><ele>31.25</ele></trkpt>
   <trkpt lat="52.319565" lon="14.571944"><ele>30</ele></trkpt>
   <trkpt lat="52.31952" lon="14.571818"><ele>30.25</ele></trkpt>
   <trkpt lat="52.319509" lon="14.571787"><ele>30.25</ele></trkpt>
   <trkpt lat="52.319483" lon="14.571716"><ele>30.75</ele></trkpt>
   <trkpt lat="52.31945" lon="14.571622"><ele>31.75</ele></trkpt>
   <trkpt lat="52.319351" lon="14.571323"><ele>30.25</ele></trkpt>
   <trkpt lat="52.319275" lon="14.571037"><ele>31.5</ele></trkpt>
   <trkpt lat="52.31917" lon="14.570704"><ele>32.25</ele></trkpt>
   <trkpt lat="52.319108" lon="14.570537"><ele>31.25</ele></trkpt>
   <trkpt lat="52.318888" lon="14.569918"><ele>32.75</ele></trkpt>
   <trkpt lat="52.318803" lon="14.569657"><ele>32.5</ele></trkpt>
   <trkpt lat="52.318657" lon="14.569155"><ele>33</ele></trkpt>
   <trkpt lat="52.318512" lon="14.568694"><ele>34</ele></trkpt>
   <trkpt lat="52.318432" lon="14.568468"><ele>33.25</ele></trkpt>
   <trkpt lat="52.318366" lon="14.568284"><ele>33.5</ele></trkpt>
   <trkpt lat="52.318242" lon="14.567891"><ele>33.75</ele></trkpt>
   <trkpt lat="52.318131" lon="14.567507"><ele>33.25</ele></trkpt>
   <trkpt lat="52.317958" lon="14.566908"><ele>31.5</ele></trkpt>
   <trkpt lat="52.317804" lon="14.566411"><ele>34</ele></trkpt>
   <trkpt lat="52.317546" lon="14.565663"><ele>33.25</ele></trkpt>
   <trkpt lat="52.317008" lon="14.564169"><ele>32.75</ele></trkpt>
   <trkpt lat="52.31683" lon="14.563626"><ele>32.5</ele></trkpt>
   <trkpt lat="52.316642" lon="14.562992"><ele>34.25</ele></trkpt>
   <trkpt lat="52.316493" lon="14.562342"><ele>32.25</ele></trkpt>
   <trkpt lat="52.316382" lon="14.561748"><ele>35.25</ele></trkpt>
   <trkpt lat="52.316299" lon="14.561034"><ele>32.75</ele></trkpt>
   <trkpt lat="52.316254" lon="14.560347"><ele>32</ele></trkpt>
   <trkpt lat="52.316235" lon="14.559884"><ele>32.25</ele></trkpt>
   <trkpt lat="52.316235" lon="14.559879"><ele>32.25</ele></trkpt>
   <trkpt lat="52.316236" lon="14.559875"><ele>32.25</ele></trkpt>
   <trkpt lat="52.316248" lon="14.55929"><ele>32.25</ele></trkpt>
   <trkpt lat="52.316249" lon="14.559284"><ele>32.25</ele></trkpt>
   <trkpt lat="52.316249" lon="14.559277"><ele>32.25</ele></trkpt>
   <trkpt lat="52.316286" lon="14.558677"><ele>33</ele></trkpt>
   <trkpt lat="52.316326" lon="14.55835"><ele>34.25</ele></trkpt>
   <trkpt lat="52.316359" lon="14.558075"><ele>35</ele></trkpt>
   <trkpt lat="52.316416" lon="14.557714"><ele>34.75</ele></trkpt>
   <trkpt lat="52.316517" lon="14.557191"><ele>33</ele></trkpt>
   <trkpt lat="52.316824" lon="14.555793"><ele>33.25</ele></trkpt>
   <trkpt lat="52.316968" lon="14.555178"><ele>36.25</ele></trkpt>
   <trkpt lat="52.317058" lon="14.554839"><ele>34.5</ele></trkpt>
   <trkpt lat="52.317254" lon="14.554239"><ele>36.5</ele></trkpt>
   <trkpt lat="52.317343" lon="14.554028"><ele>34.75</ele></trkpt>
   <trkpt lat="52.317433" lon="14.553815"><ele>36</ele></trkpt>
   <trkpt lat="52.317626" lon="14.553426"><ele>36.25</ele></trkpt>
   <trkpt lat="52.317847" lon="14.553017"><ele>40</ele></trkpt>
   <trkpt lat="52.317935" lon="14.55287"><ele>40</ele></trkpt>
   <trkpt lat="52.317979" lon="14.552801"><ele>40</ele></trkpt>
   <trkpt lat="52.318026" lon="14.552725"><ele>40</ele></trkpt>
   <trkpt lat="52.318262" lon="14.552378"><ele>40</ele></trkpt>
   <trkpt lat="52.318344" lon="14.552275"><ele>40</ele></trkpt>
   <trkpt lat="52.31879" lon="14.551762"><ele>41</ele></trkpt>
   <trkpt lat="52.318997" lon="14.551553"><ele>41</ele></trkpt>
   <trkpt lat="52.319225" lon="14.551359"><ele>41.25</ele></trkpt>
   <trkpt lat="52.319404" lon="14.551228"><ele>41.75</ele></trkpt>
   <trkpt lat="52.31968" lon="14.551056"><ele>42</ele></trkpt>
   <trkpt lat="52.320124" lon="14.550861"><ele>43</ele></trkpt>
   <trkpt lat="52.320322" lon="14.550804"><ele>43</ele></trkpt>
   <trkpt lat="52.320597" lon="14.550749"><ele>43</ele></trkpt>
   <trkpt lat="52.321003" lon="14.550724"><ele>44.5</ele></trkpt>
   <trkpt lat="52.321299" lon="14.550738"><ele>45.25</ele></trkpt>
   <trkpt lat="52.321568" lon="14.550743"><ele>45.5</ele></trkpt>
   <trkpt lat="52.323969" lon="14.550843"><ele>48.25</ele></trkpt>
   <trkpt lat="52.324332" lon="14.550859"><ele>48.75</ele></trkpt>
   <trkpt lat="52.325705" lon="14.550917"><ele>52</ele></trkpt>
   <trkpt lat="52.327381" lon="14.550993"><ele>52</ele></trkpt>
   <trkpt lat="52.32832" lon="14.55098"><ele>51.75</ele></trkpt>
   <trkpt lat="52.328729" lon="14.550958"><ele>51.25</ele></trkpt>
   <trkpt lat="52.328904" lon="14.550951"><ele>49.5</ele></trkpt>
   <trkpt lat="52.329587" lon="14.550915"><ele>51</ele></trkpt>
   <trkpt lat="52.329832" lon="14.550893"><ele>53.25</ele></trkpt>
   <trkpt lat="52.3302" lon="14.550839"><ele>53.75</ele></trkpt>
   <trkpt lat="52.330547" lon="14.550765"><ele>54.75</ele></trkpt>
   <trkpt lat="52.330944" lon="14.550681"><ele>54.75</ele></trkpt>
   <trkpt lat="52.331402" lon="14.550568"><ele>54.75</ele></trkpt>
   <trkpt lat="52.331495" lon="14.550536"><ele>55</ele></trkpt>
   <trkpt lat="52.331821" lon="14.550404"><ele>55</ele></trkpt>
   <trkpt lat="52.33196" lon="14.550332"><ele>54.75</ele></trkpt>
   <trkpt lat="52.33232" lon="14.550137"><ele>55</ele></trkpt>
   <trkpt lat="52.332806" lon="14.549884"><ele>54</ele></trkpt>
   <trkpt lat="52.332937" lon="14.549808"><ele>54.25</ele></trkpt>
   <trkpt lat="52.333029" lon="14.549754"><ele>54.75</ele></trkpt>
   <trkpt lat="52.333081" lon="14.549717"><ele>54.75</ele></trkpt>
   <trkpt lat="52.333242" lon="14.549572"><ele>53.5</ele></trkpt>
   <trkpt lat="52.333371" lon="14.549432"><ele>54.75</ele></trkpt>
   <trkpt lat="52.33352" lon="14.54923"><ele>53.75</ele></trkpt>
   <trkpt lat="52.33355" lon="14.549177"><ele>53.75</ele></trkpt>
   <trkpt lat="52.334051" lon="14.548476"><ele>53.75</ele></trkpt>
   <trkpt lat="52.334409" lon="14.547997"><ele>54.5</ele></trkpt>
   <trkpt lat="52.334452" lon="14.547945"><ele>55</ele></trkpt>
   <trkpt lat="52.33477" lon="14.547562"><ele>55.25</ele></trkpt>
   <trkpt lat="52.335079" lon="14.547205"><ele>55.25</ele></trkpt>
   <trkpt lat="52.335109" lon="14.54717"><ele>55.5</ele></trkpt>
   <trkpt lat="52.335354" lon="14.546885"><ele>56</ele></trkpt>
   <trkpt lat="52.335852" lon="14.546304"><ele>55.5</ele></trkpt>
   <trkpt lat="52.335979" lon="14.546142"><ele>55.5</ele></trkpt>
   <trkpt lat="52.336145" lon="14.545895"><ele>56</ele></trkpt>
   <trkpt lat="52.336196" lon="14.545812"><ele>56</ele></trkpt>
   <trkpt lat="52.336583" lon="14.545157"><ele>56</ele></trkpt>
   <trkpt lat="52.337117" lon="14.544257"><ele>53</ele></trkpt>
   <trkpt lat="52.337212" lon="14.544111"><ele>52</ele></trkpt>
   <trkpt lat="52.337487" lon="14.543721"><ele>56</ele></trkpt>
   <trkpt lat="52.337996" lon="14.543073"><ele>56</ele></trkpt>
   <trkpt lat="52.338219" lon="14.542767"><ele>56</ele></trkpt>
   <trkpt lat="52.338293" lon="14.542666"><ele>56</ele></trkpt>
   <trkpt lat="52.338619" lon="14.542105"><ele>55.75</ele></trkpt>
   <trkpt lat="52.33883" lon="14.541725"><ele>55.75</ele></trkpt>
   <trkpt lat="52.338869" lon="14.541655"><ele>55.75</ele></trkpt>
   <trkpt lat="52.339148" lon="14.541049"><ele>55.75</ele></trkpt>
   <trkpt lat="52.339325" lon="14.540565"><ele>55</ele></trkpt>
   <trkpt lat="52.339433" lon="14.54027"><ele>55</ele></trkpt>
   <trkpt lat="52.339516" lon="14.540038"><ele>55.25</ele></trkpt>
   <trkpt lat="52.339555" lon="14.539888"><ele>55.5</ele></trkpt>
   <trkpt lat="52.339686" lon="14.539366"><ele>55.5</ele></trkpt>
   <trkpt lat="52.339734" lon="14.539157"><ele>56</ele></trkpt>
   <trkpt lat="52.339854" lon="14.538491"><ele>56</ele></trkpt>
   <trkpt lat="52.339888" lon="14.538196"><ele>56.75</ele></trkpt>
   <trkpt lat="52.339959" lon="14.537406"><ele>57</ele></trkpt>
   <trkpt lat="52.339988" lon="14.537085"><ele>57</ele></trkpt>
   <trkpt lat="52.340023" lon="14.536711"><ele>57</ele></trkpt>
   <trkpt lat="52.340028" lon="14.536604"><ele>56.75</ele></trkpt>
   <trkpt lat="52.34004" lon="14.536347"><ele>56.25</ele></trkpt>
   <trkpt lat="52.340048" lon="14.535981"><ele>57</ele></trkpt>
   <trkpt lat="52.340046" lon="14.53565"><ele>56.5</ele></trkpt>
   <trkpt lat="52.340034" lon="14.535292"><ele>57</ele></trkpt>
   <trkpt lat="52.340012" lon="14.534938"><ele>57.25</ele></trkpt>
   <trkpt lat="52.33994" lon="14.534135"><ele>57.25</ele></trkpt>
   <trkpt lat="52.339755" lon="14.532229"><ele>58</ele></trkpt>
   <trkpt lat="52.339595" lon="14.530549"><ele>59.25</ele></trkpt>
   <trkpt lat="52.33955" lon="14.52998"><ele>60</ele></trkpt>
   <trkpt lat="52.339518" lon="14.529464"><ele>60.25</ele></trkpt>
   <trkpt lat="52.339494" lon="14.528873"><ele>63.25</ele></trkpt>
   <trkpt lat="52.339486" lon="14.528688"><ele>62</ele></trkpt>
   <trkpt lat="52.339219" lon="14.522167"><ele>63.75</ele></trkpt>
   <trkpt lat="52.339209" lon="14.521918"><ele>63.75</ele></trkpt>
   <trkpt lat="52.339196" lon="14.521597"><ele>63.75</ele></trkpt>
   <trkpt lat="52.339183" lon="14.521298"><ele>63.5</ele></trkpt>
   <trkpt lat="52.33899" lon="14.516621"><ele>66.25</ele></trkpt>
   <trkpt lat="52.338884" lon="14.514045"><ele>66</ele></trkpt>
   <trkpt lat="52.338856" lon="14.513379"><ele>66</ele></trkpt>
   <trkpt lat="52.338849" lon="14.513201"><ele>66</ele></trkpt>
   <trkpt lat="52.338724" lon="14.510133"><ele>66</ele></trkpt>
   <trkpt lat="52.33869" lon="14.509094"><ele>66.75</ele></trkpt>
   <trkpt lat="52.338677" lon="14.508384"><ele>68.5</ele></trkpt>
   <trkpt lat="52.338676" lon="14.507673"><ele>68.5</ele></trkpt>
   <trkpt lat="52.338696" lon="14.50645"><ele>70.75</ele></trkpt>
   <trkpt lat="52.338823" lon="14.500348"><ele>72.75</ele></trkpt>
   <trkpt lat="52.338976" lon="14.492991"><ele>75.25</ele></trkpt>
   <trkpt lat="52.338983" lon="14.492655"><ele>75</ele></trkpt>
   <trkpt lat="52.339047" lon="14.489543"><ele>74</ele></trkpt>
   <trkpt lat="52.33905" lon="14.489397"><ele>74</ele></trkpt>
   <trkpt lat="52.339053" lon="14.48928"><ele>74</ele></trkpt>
   <trkpt lat="52.339181" lon="14.483116"><ele>79.75</ele></trkpt>
   <trkpt lat="52.339183" lon="14.481796"><ele>81</ele></trkpt>
   <trkpt lat="52.33917" lon="14.481068"><ele>80.75</ele></trkpt>
   <trkpt lat="52.339145" lon="14.480342"><ele>81.75</ele></trkpt>
   <trkpt lat="52.339097" lon="14.479522"><ele>82</ele></trkpt>
   <trkpt lat="52.339057" lon="14.478985"><ele>82.25</ele></trkpt>
   <trkpt lat="52.339004" lon="14.47839"><ele>82.75</ele></trkpt>
   <trkpt lat="52.338947" lon="14.47787"><ele>82</ele></trkpt>
   <trkpt lat="52.338874" lon="14.477295"><ele>81.75</ele></trkpt>
   <trkpt lat="52.338795" lon="14.476775"><ele>80.75</ele></trkpt>
   <trkpt lat="52.338699" lon="14.476218"><ele>80.5</ele></trkpt>
   <trkpt lat="52.338617" lon="14.475784"><ele>81.75</ele></trkpt>
   <trkpt lat="52.338459" lon="14.475047"><ele>80.25</ele></trkpt>
   <trkpt lat="52.338361" lon="14.474649"><ele>81.25</ele></trkpt>
   <trkpt lat="52.338192" lon="14.474005"><ele>80</ele></trkpt>
   <trkpt lat="52.337953" lon="14.473187"><ele>81.75</ele></trkpt>
   <trkpt lat="52.337849" lon="14.472835"><ele>81</ele></trkpt>
   <trkpt lat="52.337164" lon="14.470662"><ele>82.75</ele></trkpt>
   <trkpt lat="52.33693" lon="14.469939"><ele>81.5</ele></trkpt>
   <trkpt lat="52.336513" lon="14.468594"><ele>81</ele></trkpt>
   <trkpt lat="52.336248" lon="14.467625"><ele>82</ele></trkpt>
   <trkpt lat="52.336008" lon="14.466532"><ele>82.5</ele></trkpt>
   <trkpt lat="52.335849" lon="14.465642"><ele>83</ele></trkpt>
   <trkpt lat="52.335748" lon="14.464922"><ele>83.25</ele></trkpt>
   <trkpt lat="52.335664" lon="14.464233"><ele>84.5</ele></trkpt>
   <trkpt lat="52.335593" lon="14.463426"><ele>84</ele></trkpt>
   <trkpt lat="52.335554" lon="14.462836"><ele>84</ele></trkpt>
   <trkpt lat="52.335532" lon="14.462028"><ele>85.25</ele></trkpt>
   <trkpt lat="52.335527" lon="14.461471"><ele>85.25</ele></trkpt>
   <trkpt lat="52.335525" lon="14.461234"><ele>85.25</ele></trkpt>
   <trkpt lat="52.335542" lon="14.460276"><ele>85</ele></trkpt>
   <trkpt lat="52.335745" lon="14.452884"><ele>89.5</ele></trkpt>
   <trkpt lat="52.335776" lon="14.452051"><ele>87.75</ele></trkpt>
   <trkpt lat="52.335818" lon="14.451215"><ele>87</ele></trkpt>
   <trkpt lat="52.335869" lon="14.450459"><ele>88.5</ele></trkpt>
   <trkpt lat="52.335933" lon="14.449707"><ele>89.75</ele></trkpt>
   <trkpt lat="52.336201" lon="14.446931"><ele>88</ele></trkpt>
   <trkpt lat="52.336298" lon="14.445943"><ele>87</ele></trkpt>
   <trkpt lat="52.337238" lon="14.436309"><ele>84</ele></trkpt>
   <trkpt lat="52.338023" lon="14.428265"><ele>80.75</ele></trkpt>
   <trkpt lat="52.338523" lon="14.423136"><ele>79.5</ele></trkpt>
   <trkpt lat="52.338595" lon="14.422307"><ele>79</ele></trkpt>
   <trkpt lat="52.338674" lon="14.4211"><ele>78</ele></trkpt>
   <trkpt lat="52.33871" lon="14.420266"><ele>78</ele></trkpt>
   <trkpt lat="52.338722" lon="14.419687"><ele>78</ele></trkpt>
   <trkpt lat="52.338731" lon="14.418656"><ele>77</ele></trkpt>
   <trkpt lat="52.338716" lon="14.417714"><ele>76.5</ele></trkpt>
   <trkpt lat="52.338689" lon="14.416932"><ele>76</ele></trkpt>
   <trkpt lat="52.338663" lon="14.416369"><ele>75.75</ele></trkpt>
   <trkpt lat="52.33858" lon="14.4152"><ele>76</ele></trkpt>
   <trkpt lat="52.338502" lon="14.414334"><ele>75.75</ele></trkpt>
   <trkpt lat="52.338376" lon="14.413055"><ele>75.5</ele></trkpt>
   <trkpt lat="52.338328" lon="14.412586"><ele>75.25</ele></trkpt>
   <trkpt lat="52.338326" lon="14.412561"><ele>75</ele></trkpt>
   <trkpt lat="52.33809" lon="14.410174"><ele>74.5</ele></trkpt>
   <trkpt lat="52.337102" lon="14.400192"><ele>73</ele></trkpt>
   <trkpt lat="52.337007" lon="14.399237"><ele>72.25</ele></trkpt>
   <trkpt lat="52.336988" lon="14.399047"><ele>72.25</ele></trkpt>
   <trkpt lat="52.33691" lon="14.398276"><ele>72.5</ele></trkpt>
   <trkpt lat="52.336725" lon="14.396387"><ele>71</ele></trkpt>
   <trkpt lat="52.3367" lon="14.396136"><ele>71</ele></trkpt>
   <trkpt lat="52.336618" lon="14.395308"><ele>71.25</ele></trkpt>
   <trkpt lat="52.336604" lon="14.395163"><ele>71</ele></trkpt>
   <trkpt lat="52.336509" lon="14.394201"><ele>69.25</ele></trkpt>
   <trkpt lat="52.336175" lon="14.390826"><ele>69</ele></trkpt>
   <trkpt lat="52.335449" lon="14.383476"><ele>67.75</ele></trkpt>
   <trkpt lat="52.335436" lon="14.383345"><ele>67.5</ele></trkpt>
   <trkpt lat="52.335426" lon="14.383247"><ele>67.5</ele></trkpt>
   <trkpt lat="52.335412" lon="14.383103"><ele>67.25</ele></trkpt>
   <trkpt lat="52.335399" lon="14.38297"><ele>67.25</ele></trkpt>
   <trkpt lat="52.335208" lon="14.381048"><ele>67.25</ele></trkpt>
   <trkpt lat="52.334401" lon="14.372929"><ele>66</ele></trkpt>
   <trkpt lat="52.334307" lon="14.371981"><ele>64.5</ele></trkpt>
   <trkpt lat="52.334298" lon="14.371893"><ele>64.25</ele></trkpt>
   <trkpt lat="52.33288" lon="14.357624"><ele>62.25</ele></trkpt>
   <trkpt lat="52.332822" lon="14.357041"><ele>62.25</ele></trkpt>
   <trkpt lat="52.332734" lon="14.356163"><ele>62</ele></trkpt>
   <trkpt lat="52.332553" lon="14.354312"><ele>62</ele></trkpt>
   <trkpt lat="52.332539" lon="14.354167"><ele>62</ele></trkpt>
   <trkpt lat="52.332532" lon="14.354077"><ele>62</ele></trkpt>
   <trkpt lat="52.332519" lon="14.353914"><ele>62</ele></trkpt>
   <trkpt lat="52.332507" lon="14.353773"><ele>61.75</ele></trkpt>
   <trkpt lat="52.332462" lon="14.353216"><ele>61.75</ele></trkpt>
   <trkpt lat="52.332408" lon="14.352352"><ele>61.25</ele></trkpt>
   <trkpt lat="52.332392" lon="14.351891"><ele>62</ele></trkpt>
   <trkpt lat="52.332375" lon="14.351171"><ele>61</ele></trkpt>
   <trkpt lat="52.332373" lon="14.351032"><ele>61</ele></trkpt>
   <trkpt lat="52.332377" lon="14.350275"><ele>62.25</ele></trkpt>
   <trkpt lat="52.332395" lon="14.349606"><ele>61.5</ele></trkpt>
   <trkpt lat="52.332417" lon="14.349181"><ele>61.25</ele></trkpt>
   <trkpt lat="52.332468" lon="14.348373"><ele>61</ele></trkpt>
   <trkpt lat="52.33253" lon="14.347697"><ele>60.5</ele></trkpt>
   <trkpt lat="52.332606" lon="14.347043"><ele>60</ele></trkpt>
   <trkpt lat="52.332741" lon="14.346076"><ele>59.75</ele></trkpt>
   <trkpt lat="52.332815" lon="14.345656"><ele>59.75</ele></trkpt>
   <trkpt lat="52.332947" lon="14.344911"><ele>58.75</ele></trkpt>
   <trkpt lat="52.333163" lon="14.343848"><ele>57.5</ele></trkpt>
   <trkpt lat="52.333412" lon="14.342681"><ele>57.25</ele></trkpt>
   <trkpt lat="52.333839" lon="14.34068"><ele>57.75</ele></trkpt>
   <trkpt lat="52.335947" lon="14.330789"><ele>56.75</ele></trkpt>
   <trkpt lat="52.337745" lon="14.322338"><ele>54.5</ele></trkpt>
   <trkpt lat="52.339115" lon="14.315899"><ele>51</ele></trkpt>
   <trkpt lat="52.340231" lon="14.310656"><ele>48.75</ele></trkpt>
   <trkpt lat="52.341658" lon="14.303946"><ele>48.75</ele></trkpt>
   <trkpt lat="52.342538" lon="14.299774"><ele>46.75</ele></trkpt>
   <trkpt lat="52.343357" lon="14.295916"><ele>46.5</ele></trkpt>
   <trkpt lat="52.343724" lon="14.294192"><ele>45.75</ele></trkpt>
   <trkpt lat="52.345208" lon="14.287207"><ele>45.25</ele></trkpt>
   <trkpt lat="52.346026" lon="14.283362"><ele>44.5</ele></trkpt>
   <trkpt lat="52.346123" lon="14.282907"><ele>44.75</ele></trkpt>
   <trkpt lat="52.346276" lon="14.282193"><ele>45.25</ele></trkpt>
   <trkpt lat="52.34666" lon="14.280378"><ele>44.75</ele></trkpt>
   <trkpt lat="52.346685" lon="14.280258"><ele>45</ele></trkpt>
   <trkpt lat="52.346742" lon="14.279991"><ele>45</ele></trkpt>
   <trkpt lat="52.346759" lon="14.279908"><ele>45</ele></trkpt>
   <trkpt lat="52.346809" lon="14.279676"><ele>44.75</ele></trkpt>
   <trkpt lat="52.347073" lon="14.278433"><ele>44.25</ele></trkpt>
   <trkpt lat="52.347402" lon="14.276895"><ele>43.5</ele></trkpt>
   <trkpt lat="52.347456" lon="14.276644"><ele>43.75</ele></trkpt>
   <trkpt lat="52.34782" lon="14.274946"><ele>44</ele></trkpt>
   <trkpt lat="52.347881" lon="14.274661"><ele>44.75</ele></trkpt>
   <trkpt lat="52.347946" lon="14.274355"><ele>44.25</ele></trkpt>
   <trkpt lat="52.348056" lon="14.273836"><ele>44</ele></trkpt>
   <trkpt lat="52.348137" lon="14.273456"><ele>44</ele></trkpt>
   <trkpt lat="52.349405" lon="14.267474"><ele>43.75</ele></trkpt>
   <trkpt lat="52.349668" lon="14.266155"><ele>43.75</ele></trkpt>
   <trkpt lat="52.349916" lon="14.264801"><ele>43.75</ele></trkpt>
   <trkpt lat="52.350104" lon="14.263672"><ele>44</ele></trkpt>
   <trkpt lat="52.350279" lon="14.262535"><ele>43.75</ele></trkpt>
   <trkpt lat="52.350481" lon="14.261083"><ele>43</ele></trkpt>
   <trkpt lat="52.350658" lon="14.259614"><ele>44</ele></trkpt>
   <trkpt lat="52.350775" lon="14.258509"><ele>43.75</ele></trkpt>
   <trkpt lat="52.350879" lon="14.257395"><ele>43.75</ele></trkpt>
   <trkpt lat="52.350938" lon="14.256618"><ele>43.25</ele></trkpt>
   <trkpt lat="52.35106" lon="14.254931"><ele>43.5</ele></trkpt>
   <trkpt lat="52.351739" lon="14.245023"><ele>43</ele></trkpt>
   <trkpt lat="52.352033" lon="14.240725"><ele>42.5</ele></trkpt>
   <trkpt lat="52.353368" lon="14.221202"><ele>44</ele></trkpt>
   <trkpt lat="52.353387" lon="14.220926"><ele>44</ele></trkpt>
   <trkpt lat="52.353417" lon="14.22048"><ele>43.25</ele></trkpt>
   <trkpt lat="52.353451" lon="14.219986"><ele>43.5</ele></trkpt>
   <trkpt lat="52.354376" lon="14.206443"><ele>42.75</ele></trkpt>
   <trkpt lat="52.354775" lon="14.200611"><ele>43</ele></trkpt>
   <trkpt lat="52.354782" lon="14.20051"><ele>43</ele></trkpt>
   <trkpt lat="52.355537" lon="14.189422"><ele>43.75</ele></trkpt>
   <trkpt lat="52.355549" lon="14.189255"><ele>44</ele></trkpt>
   <trkpt lat="52.355594" lon="14.188586"><ele>43</ele></trkpt>
   <trkpt lat="52.355957" lon="14.183254"><ele>44.75</ele></trkpt>
   <trkpt lat="52.355967" lon="14.183093"><ele>44.5</ele></trkpt>
   <trkpt lat="52.356645" lon="14.173116"><ele>43</ele></trkpt>
   <trkpt lat="52.35691" lon="14.169215"><ele>43</ele></trkpt>
   <trkpt lat="52.357006" lon="14.16777"><ele>43.75</ele></trkpt>
   <trkpt lat="52.357015" lon="14.167635"><ele>43.5</ele></trkpt>
   <trkpt lat="52.357077" lon="14.166717"><ele>43.25</ele></trkpt>
   <trkpt lat="52.357172" lon="14.165313"><ele>43.75</ele></trkpt>
   <trkpt lat="52.357176" lon="14.165252"><ele>43.75</ele></trkpt>
   <trkpt lat="52.357202" lon="14.164877"><ele>43</ele></trkpt>
   <trkpt lat="52.357209" lon="14.164767"><ele>43</ele></trkpt>
   <trkpt lat="52.357218" lon="14.164642"><ele>43</ele></trkpt>
   <trkpt lat="52.357244" lon="14.16411"><ele>43</ele></trkpt>
   <trkpt lat="52.357251" lon="14.163623"><ele>43</ele></trkpt>
   <trkpt lat="52.357266" lon="14.163296"><ele>43.5</ele></trkpt>
   <trkpt lat="52.357346" lon="14.162125"><ele>43</ele></trkpt>
   <trkpt lat="52.358033" lon="14.152029"><ele>42.75</ele></trkpt>
   <trkpt lat="52.358059" lon="14.151639"><ele>42.75</ele></trkpt>
   <trkpt lat="52.358077" lon="14.151376"><ele>43</ele></trkpt>
   <trkpt lat="52.358095" lon="14.151122"><ele>43</ele></trkpt>
   <trkpt lat="52.358121" lon="14.15073"><ele>42</ele></trkpt>
   <trkpt lat="52.358152" lon="14.150397"><ele>42</ele></trkpt>
   <trkpt lat="52.35819" lon="14.150086"><ele>42</ele></trkpt>
   <trkpt lat="52.358243" lon="14.149516"><ele>41.75</ele></trkpt>
   <trkpt lat="52.358245" lon="14.149485"><ele>41.5</ele></trkpt>
   <trkpt lat="52.358362" lon="14.147749"><ele>41.75</ele></trkpt>
   <trkpt lat="52.358726" lon="14.142429"><ele>41</ele></trkpt>
   <trkpt lat="52.358741" lon="14.14221"><ele>41</ele></trkpt>
   <trkpt lat="52.359134" lon="14.136454"><ele>41.75</ele></trkpt>
   <trkpt lat="52.360073" lon="14.122568"><ele>41</ele></trkpt>
   <trkpt lat="52.360215" lon="14.120451"><ele>42</ele></trkpt>
   <trkpt lat="52.360718" lon="14.112986"><ele>42</ele></trkpt>
   <trkpt lat="52.361599" lon="14.099928"><ele>42</ele></trkpt>
   <trkpt lat="52.361616" lon="14.099674"><ele>42</ele></trkpt>
   <trkpt lat="52.361636" lon="14.099376"><ele>42</ele></trkpt>
   <trkpt lat="52.361683" lon="14.098668"><ele>42</ele></trkpt>
   <trkpt lat="52.361702" lon="14.098374"><ele>42</ele></trkpt>
   <trkpt lat="52.362006" lon="14.093887"><ele>43</ele></trkpt>
   <trkpt lat="52.362159" lon="14.09163"><ele>42.25</ele></trkpt>
   <trkpt lat="52.362769" lon="14.082553"><ele>42</ele></trkpt>
   <trkpt lat="52.362904" lon="14.080614"><ele>43.25</ele></trkpt>
   <trkpt lat="52.363026" lon="14.079152"><ele>42</ele></trkpt>
   <trkpt lat="52.36307" lon="14.078686"><ele>42</ele></trkpt>
   <trkpt lat="52.36315" lon="14.077887"><ele>42</ele></trkpt>
   <trkpt lat="52.363241" lon="14.077103"><ele>42</ele></trkpt>
   <trkpt lat="52.363277" lon="14.076786"><ele>42</ele></trkpt>
   <trkpt lat="52.363306" lon="14.076534"><ele>42</ele></trkpt>
   <trkpt lat="52.36363" lon="14.074138"><ele>42</ele></trkpt>
   <trkpt lat="52.363789" lon="14.073137"><ele>41.75</ele></trkpt>
   <trkpt lat="52.363958" lon="14.072139"><ele>42</ele></trkpt>
   <trkpt lat="52.364215" lon="14.070712"><ele>42</ele></trkpt>
   <trkpt lat="52.364407" lon="14.069765"><ele>42</ele></trkpt>
   <trkpt lat="52.364604" lon="14.068828"><ele>42.25</ele></trkpt>
   <trkpt lat="52.364964" lon="14.067235"><ele>42.75</ele></trkpt>
   <trkpt lat="52.365019" lon="14.067006"><ele>42</ele></trkpt>
   <trkpt lat="52.365461" lon="14.06516"><ele>42.25</ele></trkpt>
   <trkpt lat="52.365566" lon="14.064746"><ele>42</ele></trkpt>
   <trkpt lat="52.365716" lon="14.064236"><ele>42.25</ele></trkpt>
   <trkpt lat="52.365888" lon="14.063584"><ele>42.25</ele></trkpt>
   <trkpt lat="52.365892" lon="14.063565"><ele>42.25</ele></trkpt>
   <trkpt lat="52.365898" lon="14.063543"><ele>42.25</ele></trkpt>
   <trkpt lat="52.366076" lon="14.062795"><ele>42</ele></trkpt>
   <trkpt lat="52.366326" lon="14.061914"><ele>42</ele></trkpt>
   <trkpt lat="52.366446" lon="14.061472"><ele>42</ele></trkpt>
   <trkpt lat="52.366449" lon="14.061457"><ele>42</ele></trkpt>
   <trkpt lat="52.366526" lon="14.061145"><ele>42</ele></trkpt>
   <trkpt lat="52.366605" lon="14.060864"><ele>42</ele></trkpt>
   <trkpt lat="52.366615" lon="14.060828"><ele>42</ele></trkpt>
   <trkpt lat="52.366667" lon="14.060653"><ele>41.75</ele></trkpt>
   <trkpt lat="52.366692" lon="14.060577"><ele>41.75</ele></trkpt>
   <trkpt lat="52.36685" lon="14.060095"><ele>42</ele></trkpt>
   <trkpt lat="52.366922" lon="14.059853"><ele>42</ele></trkpt>
   <trkpt lat="52.367012" lon="14.059494"><ele>42.5</ele></trkpt>
   <trkpt lat="52.367024" lon="14.05945"><ele>42.5</ele></trkpt>
   <trkpt lat="52.367066" lon="14.059276"><ele>42</ele></trkpt>
   <trkpt lat="52.367248" lon="14.058518"><ele>42.75</ele></trkpt>
   <trkpt lat="52.367451" lon="14.057696"><ele>42</ele></trkpt>
   <trkpt lat="52.367455" lon="14.057676"><ele>42</ele></trkpt>
   <trkpt lat="52.367515" lon="14.057424"><ele>42</ele></trkpt>
   <trkpt lat="52.367565" lon="14.057213"><ele>41.75</ele></trkpt>
   <trkpt lat="52.36769" lon="14.056626"><ele>42</ele></trkpt>
   <trkpt lat="52.367817" lon="14.055937"><ele>42</ele></trkpt>
   <trkpt lat="52.367939" lon="14.055362"><ele>42.25</ele></trkpt>
   <trkpt lat="52.368215" lon="14.054227"><ele>42</ele></trkpt>
   <trkpt lat="52.36882" lon="14.051739"><ele>42</ele></trkpt>
   <trkpt lat="52.369125" lon="14.050457"><ele>42</ele></trkpt>
   <trkpt lat="52.369176" lon="14.05025"><ele>42</ele></trkpt>
   <trkpt lat="52.370012" lon="14.046792"><ele>42</ele></trkpt>
   <trkpt lat="52.370226" lon="14.04591"><ele>42</ele></trkpt>
   <trkpt lat="52.370273" lon="14.045707"><ele>42</ele></trkpt>
   <trkpt lat="52.370396" lon="14.045133"><ele>42</ele></trkpt>
   <trkpt lat="52.370511" lon="14.044512"><ele>42</ele></trkpt>
   <trkpt lat="52.370603" lon="14.044097"><ele>42</ele></trkpt>
   <trkpt lat="52.370699" lon="14.043697"><ele>42</ele></trkpt>
   <trkpt lat="52.370795" lon="14.043277"><ele>42</ele></trkpt>
   <trkpt lat="52.370949" lon="14.042519"><ele>42</ele></trkpt>
   <trkpt lat="52.371047" lon="14.042076"><ele>42</ele></trkpt>
   <trkpt lat="52.371055" lon="14.042045"><ele>42</ele></trkpt>
   <trkpt lat="52.371163" lon="14.041601"><ele>41.75</ele></trkpt>
   <trkpt lat="52.371417" lon="14.040561"><ele>42</ele></trkpt>
   <trkpt lat="52.37249" lon="14.036123"><ele>42</ele></trkpt>
   <trkpt lat="52.373021" lon="14.033921"><ele>41.75</ele></trkpt>
   <trkpt lat="52.373434" lon="14.032211"><ele>41.5</ele></trkpt>
   <trkpt lat="52.373956" lon="14.030063"><ele>41</ele></trkpt>
   <trkpt lat="52.375676" lon="14.022952"><ele>41.25</ele></trkpt>
   <trkpt lat="52.375679" lon="14.022937"><ele>41.25</ele></trkpt>
   <trkpt lat="52.376001" lon="14.021593"><ele>41</ele></trkpt>
   <trkpt lat="52.376419" lon="14.019852"><ele>41.5</ele></trkpt>
   <trkpt lat="52.376423" lon="14.019839"><ele>41.25</ele></trkpt>
   <trkpt lat="52.376714" lon="14.018643"><ele>42</ele></trkpt>
   <trkpt lat="52.378013" lon="14.013267"><ele>41.75</ele></trkpt>
   <trkpt lat="52.378229" lon="14.012367"><ele>41.25</ele></trkpt>
   <trkpt lat="52.378296" lon="14.012091"><ele>41.5</ele></trkpt>
   <trkpt lat="52.378348" lon="14.011875"><ele>41.75</ele></trkpt>
   <trkpt lat="52.378389" lon="14.011704"><ele>41.75</ele></trkpt>
   <trkpt lat="52.380765" lon="14.001853"><ele>41</ele></trkpt>
   <trkpt lat="52.380978" lon="14.000969"><ele>41.25</ele></trkpt>
   <trkpt lat="52.382882" lon="13.993072"><ele>41</ele></trkpt>
   <trkpt lat="52.384942" lon="13.984529"><ele>41</ele></trkpt>
   <trkpt lat="52.385" lon="13.984287"><ele>41</ele></trkpt>
   <trkpt lat="52.387563" lon="13.973649"><ele>41</ele></trkpt>
   <trkpt lat="52.388066" lon="13.971562"><ele>41</ele></trkpt>
   <trkpt lat="52.389175" lon="13.966954"><ele>41</ele></trkpt>
   <trkpt lat="52.39085" lon="13.959996"><ele>40.75</ele></trkpt>
   <trkpt lat="52.391714" lon="13.956401"><ele>40</ele></trkpt>
   <trkpt lat="52.393447" lon="13.949213"><ele>40</ele></trkpt>
   <trkpt lat="52.394171" lon="13.94621"><ele>40.5</ele></trkpt>
   <trkpt lat="52.395525" lon="13.940584"><ele>40</ele></trkpt>
   <trkpt lat="52.39645" lon="13.936741"><ele>40.5</ele></trkpt>
   <trkpt lat="52.396452" lon="13.93673"><ele>40.5</ele></trkpt>
   <trkpt lat="52.396548" lon="13.936353"><ele>40</ele></trkpt>
   <trkpt lat="52.396674" lon="13.935923"><ele>40.25</ele></trkpt>
   <trkpt lat="52.396789" lon="13.935489"><ele>40</ele></trkpt>
   <trkpt lat="52.396807" lon="13.935408"><ele>40</ele></trkpt>
   <trkpt lat="52.396927" lon="13.934867"><ele>40</ele></trkpt>
   <trkpt lat="52.397003" lon="13.93445"><ele>40</ele></trkpt>
   <trkpt lat="52.39707" lon="13.934159"><ele>40</ele></trkpt>
   <trkpt lat="52.397075" lon="13.934137"><ele>40</ele></trkpt>
   <trkpt lat="52.397426" lon="13.932653"><ele>39.75</ele></trkpt>
   <trkpt lat="52.397659" lon="13.931699"><ele>40</ele></trkpt>
   <trkpt lat="52.397899" lon="13.930719"><ele>40</ele></trkpt>
   <trkpt lat="52.400019" lon="13.921922"><ele>40.75</ele></trkpt>
   <trkpt lat="52.400028" lon="13.921882"><ele>40.75</ele></trkpt>
   <trkpt lat="52.400042" lon="13.921826"><ele>40.75</ele></trkpt>
   <trkpt lat="52.400105" lon="13.921575"><ele>40.5</ele></trkpt>
   <trkpt lat="52.400116" lon="13.921524"><ele>40.75</ele></trkpt>
   <trkpt lat="52.40018" lon="13.921256"><ele>41</ele></trkpt>
   <trkpt lat="52.400227" lon="13.921059"><ele>40.75</ele></trkpt>
   <trkpt lat="52.40058" lon="13.919594"><ele>40.75</ele></trkpt>
   <trkpt lat="52.401277" lon="13.916699"><ele>38</ele></trkpt>
   <trkpt lat="52.401701" lon="13.914897"><ele>39.5</ele></trkpt>
   <trkpt lat="52.401942" lon="13.91387"><ele>40</ele></trkpt>
   <trkpt lat="52.402097" lon="13.91316"><ele>41</ele></trkpt>
   <trkpt lat="52.402343" lon="13.911973"><ele>40.5</ele></trkpt>
   <trkpt lat="52.402608" lon="13.910607"><ele>40.75</ele></trkpt>
   <trkpt lat="52.40281" lon="13.909445"><ele>40</ele></trkpt>
   <trkpt lat="52.403046" lon="13.907966"><ele>39.75</ele></trkpt>
   <trkpt lat="52.403255" lon="13.906479"><ele>40</ele></trkpt>
   <trkpt lat="52.403378" lon="13.905475"><ele>40</ele></trkpt>
   <trkpt lat="52.403447" lon="13.904919"><ele>40</ele></trkpt>
   <trkpt lat="52.403629" lon="13.903182"><ele>40</ele></trkpt>
   <trkpt lat="52.40374" lon="13.901886"><ele>40</ele></trkpt>
   <trkpt lat="52.403778" lon="13.90138"><ele>40.25</ele></trkpt>
   <trkpt lat="52.403843" lon="13.900424"><ele>40.25</ele></trkpt>
   <trkpt lat="52.403929" lon="13.898842"><ele>40.75</ele></trkpt>
   <trkpt lat="52.404" lon="13.897052"><ele>40.75</ele></trkpt>
   <trkpt lat="52.404247" lon="13.890521"><ele>40</ele></trkpt>
   <trkpt lat="52.404689" lon="13.878801"><ele>40</ele></trkpt>
   <trkpt lat="52.404731" lon="13.877681"><ele>39.75</ele></trkpt>
   <trkpt lat="52.404737" lon="13.877514"><ele>39.75</ele></trkpt>
   <trkpt lat="52.404743" lon="13.87735"><ele>39.75</ele></trkpt>
   <trkpt lat="52.404794" lon="13.876005"><ele>41</ele></trkpt>
   <trkpt lat="52.40481" lon="13.875564"><ele>41.5</ele></trkpt>
   <trkpt lat="52.405365" lon="13.860784"><ele>39</ele></trkpt>
   <trkpt lat="52.405443" lon="13.858704"><ele>38.25</ele></trkpt>
   <trkpt lat="52.405454" lon="13.858432"><ele>38.25</ele></trkpt>
   <trkpt lat="52.405883" lon="13.846972"><ele>40.5</ele></trkpt>
   <trkpt lat="52.405958" lon="13.844963"><ele>42</ele></trkpt>
   <trkpt lat="52.406005" lon="13.843717"><ele>40.25</ele></trkpt>
   <trkpt lat="52.406031" lon="13.843015"><ele>39.5</ele></trkpt>
   <trkpt lat="52.406432" lon="13.832289"><ele>40.25</ele></trkpt>
   <trkpt lat="52.406509" lon="13.830235"><ele>42</ele></trkpt>
   <trkpt lat="52.406623" lon="13.827032"><ele>40</ele></trkpt>
   <trkpt lat="52.406673" lon="13.825632"><ele>39</ele></trkpt>
   <trkpt lat="52.406677" lon="13.825523"><ele>39</ele></trkpt>
   <trkpt lat="52.406683" lon="13.825346"><ele>39.75</ele></trkpt>
   <trkpt lat="52.406695" lon="13.824998"><ele>39.75</ele></trkpt>
   <trkpt lat="52.406698" lon="13.824922"><ele>40</ele></trkpt>
   <trkpt lat="52.406708" lon="13.824675"><ele>40</ele></trkpt>
   <trkpt lat="52.406715" lon="13.824494"><ele>40</ele></trkpt>
   <trkpt lat="52.406732" lon="13.824046"><ele>40.5</ele></trkpt>
   <trkpt lat="52.406805" lon="13.82206"><ele>40.5</ele></trkpt>
   <trkpt lat="52.406808" lon="13.821988"><ele>40.5</ele></trkpt>
   <trkpt lat="52.406817" lon="13.821449"><ele>40.75</ele></trkpt>
   <trkpt lat="52.40681" lon="13.820861"><ele>39.5</ele></trkpt>
   <trkpt lat="52.406862" lon="13.819402"><ele>39.25</ele></trkpt>
   <trkpt lat="52.407228" lon="13.809536"><ele>39</ele></trkpt>
   <trkpt lat="52.407276" lon="13.808417"><ele>39</ele></trkpt>
   <trkpt lat="52.407316" lon="13.807958"><ele>39</ele></trkpt>
   <trkpt lat="52.407343" lon="13.807674"><ele>39</ele></trkpt>
   <trkpt lat="52.40738" lon="13.807132"><ele>39</ele></trkpt>
   <trkpt lat="52.407502" lon="13.804365"><ele>39.5</ele></trkpt>
   <trkpt lat="52.407547" lon="13.803371"><ele>39</ele></trkpt>
   <trkpt lat="52.407689" lon="13.800272"><ele>39.5</ele></trkpt>
   <trkpt lat="52.407689" lon="13.800262"><ele>39.5</ele></trkpt>
   <trkpt lat="52.407723" lon="13.799451"><ele>39</ele></trkpt>
   <trkpt lat="52.407735" lon="13.799156"><ele>39</ele></trkpt>
   <trkpt lat="52.407746" lon="13.798902"><ele>39</ele></trkpt>
   <trkpt lat="52.408004" lon="13.793105"><ele>39.75</ele></trkpt>
   <trkpt lat="52.40817" lon="13.789253"><ele>39</ele></trkpt>
   <trkpt lat="52.408239" lon="13.787662"><ele>39.75</ele></trkpt>
   <trkpt lat="52.408279" lon="13.786759"><ele>40.75</ele></trkpt>
   <trkpt lat="52.408291" lon="13.786465"><ele>38.5</ele></trkpt>
   <trkpt lat="52.408329" lon="13.785629"><ele>40</ele></trkpt>
   <trkpt lat="52.408486" lon="13.782049"><ele>39</ele></trkpt>
   <trkpt lat="52.408531" lon="13.781075"><ele>39</ele></trkpt>
   <trkpt lat="52.408561" lon="13.780467"><ele>40</ele></trkpt>
   <trkpt lat="52.408597" lon="13.779785"><ele>40</ele></trkpt>
   <trkpt lat="52.408666" lon="13.778875"><ele>39</ele></trkpt>
   <trkpt lat="52.408715" lon="13.778386"><ele>39</ele></trkpt>
   <trkpt lat="52.408762" lon="13.777938"><ele>39</ele></trkpt>
   <trkpt lat="52.40889" lon="13.776968"><ele>39.75</ele></trkpt>
   <trkpt lat="52.408997" lon="13.776271"><ele>39</ele></trkpt>
   <trkpt lat="52.409016" lon="13.776145"><ele>39</ele></trkpt>
   <trkpt lat="52.409184" lon="13.775229"><ele>39</ele></trkpt>
   <trkpt lat="52.409398" lon="13.774231"><ele>38.75</ele></trkpt>
   <trkpt lat="52.409637" lon="13.773265"><ele>38.75</ele></trkpt>
   <trkpt lat="52.40991" lon="13.772285"><ele>38.75</ele></trkpt>
   <trkpt lat="52.410212" lon="13.771342"><ele>38.75</ele></trkpt>
   <trkpt lat="52.410537" lon="13.77043"><ele>38</ele></trkpt>
   <trkpt lat="52.410884" lon="13.769551"><ele>38.25</ele></trkpt>
   <trkpt lat="52.411261" lon="13.768684"><ele>38.25</ele></trkpt>
   <trkpt lat="52.41167" lon="13.767848"><ele>39</ele></trkpt>
   <trkpt lat="52.412073" lon="13.767085"><ele>38.25</ele></trkpt>
   <trkpt lat="52.412344" lon="13.766616"><ele>37.25</ele></trkpt>
   <trkpt lat="52.412622" lon="13.766159"><ele>37.25</ele></trkpt>
   <trkpt lat="52.413009" lon="13.765573"><ele>37.5</ele></trkpt>
   <trkpt lat="52.413396" lon="13.765019"><ele>37.25</ele></trkpt>
   <trkpt lat="52.41375" lon="13.764557"><ele>37.25</ele></trkpt>
   <trkpt lat="52.413781" lon="13.764517"><ele>37.5</ele></trkpt>
   <trkpt lat="52.413941" lon="13.764314"><ele>37.5</ele></trkpt>
   <trkpt lat="52.414292" lon="13.763896"><ele>37.5</ele></trkpt>
   <trkpt lat="52.414813" lon="13.763325"><ele>37.75</ele></trkpt>
   <trkpt lat="52.415387" lon="13.762762"><ele>37.5</ele></trkpt>
   <trkpt lat="52.415867" lon="13.762326"><ele>37.75</ele></trkpt>
   <trkpt lat="52.416015" lon="13.762194"><ele>37</ele></trkpt>
   <trkpt lat="52.416237" lon="13.762"><ele>36.25</ele></trkpt>
   <trkpt lat="52.416796" lon="13.761512"><ele>35.75</ele></trkpt>
   <trkpt lat="52.416887" lon="13.761433"><ele>36.25</ele></trkpt>
   <trkpt lat="52.420621" lon="13.758174"><ele>36.5</ele></trkpt>
   <trkpt lat="52.4208" lon="13.758016"><ele>36.75</ele></trkpt>
   <trkpt lat="52.421959" lon="13.757002"><ele>36.5</ele></trkpt>
   <trkpt lat="52.423436" lon="13.755711"><ele>36.25</ele></trkpt>
   <trkpt lat="52.423738" lon="13.755447"><ele>36.5</ele></trkpt>
   <trkpt lat="52.423763" lon="13.755425"><ele>36.5</ele></trkpt>
   <trkpt lat="52.425209" lon="13.754153"><ele>38.5</ele></trkpt>
   <trkpt lat="52.425222" lon="13.754142"><ele>38.5</ele></trkpt>
   <trkpt lat="52.425346" lon="13.754034"><ele>38.5</ele></trkpt>
   <trkpt lat="52.425382" lon="13.754"><ele>38.25</ele></trkpt>
   <trkpt lat="52.425639" lon="13.753779"><ele>38.5</ele></trkpt>
   <trkpt lat="52.425947" lon="13.753513"><ele>36.5</ele></trkpt>
   <trkpt lat="52.426038" lon="13.753433"><ele>36.25</ele></trkpt>
   <trkpt lat="52.426512" lon="13.753023"><ele>36</ele></trkpt>
   <trkpt lat="52.426521" lon="13.753016"><ele>36</ele></trkpt>
   <trkpt lat="52.426544" lon="13.752995"><ele>36</ele></trkpt>
   <trkpt lat="52.426873" lon="13.752714"><ele>38</ele></trkpt>
   <trkpt lat="52.427035" lon="13.752572"><ele>37.75</ele></trkpt>
   <trkpt lat="52.427578" lon="13.752085"><ele>36.25</ele></trkpt>
   <trkpt lat="52.427748" lon="13.751934"><ele>35</ele></trkpt>
   <trkpt lat="52.428129" lon="13.751581"><ele>39</ele></trkpt>
   <trkpt lat="52.428204" lon="13.751511"><ele>39</ele></trkpt>
   <trkpt lat="52.428215" lon="13.7515"><ele>39</ele></trkpt>
   <trkpt lat="52.428221" lon="13.751494"><ele>39</ele></trkpt>
   <trkpt lat="52.428635" lon="13.751024"><ele>39</ele></trkpt>
   <trkpt lat="52.428882" lon="13.750705"><ele>39</ele></trkpt>
   <trkpt lat="52.428942" lon="13.750632"><ele>39</ele></trkpt>
   <trkpt lat="52.42895" lon="13.750622"><ele>39</ele></trkpt>
   <trkpt lat="52.429112" lon="13.750391"><ele>39</ele></trkpt>
   <trkpt lat="52.429303" lon="13.750092"><ele>39</ele></trkpt>
   <trkpt lat="52.42949" lon="13.749836"><ele>39</ele></trkpt>
   <trkpt lat="52.429845" lon="13.74932"><ele>39</ele></trkpt>
   <trkpt lat="52.430321" lon="13.74855"><ele>39</ele></trkpt>
   <trkpt lat="52.430563" lon="13.748112"><ele>39</ele></trkpt>
   <trkpt lat="52.430767" lon="13.747716"><ele>39</ele></trkpt>
   <trkpt lat="52.430979" lon="13.74726"><ele>38.75</ele></trkpt>
   <trkpt lat="52.431174" lon="13.746819"><ele>39</ele></trkpt>
   <trkpt lat="52.431345" lon="13.7464"><ele>39</ele></trkpt>
   <trkpt lat="52.431538" lon="13.745886"><ele>39</ele></trkpt>
   <trkpt lat="52.431734" lon="13.745291"><ele>38.75</ele></trkpt>
   <trkpt lat="52.431867" lon="13.74488"><ele>39.25</ele></trkpt>
   <trkpt lat="52.432026" lon="13.744333"><ele>39.25</ele></trkpt>
   <trkpt lat="52.432193" lon="13.743638"><ele>40</ele></trkpt>
   <trkpt lat="52.432372" lon="13.742806"><ele>40.25</ele></trkpt>
   <trkpt lat="52.432453" lon="13.742361"><ele>40</ele></trkpt>
   <trkpt lat="52.432605" lon="13.741418"><ele>40</ele></trkpt>
   <trkpt lat="52.432623" lon="13.741301"><ele>40</ele></trkpt>
   <trkpt lat="52.432686" lon="13.740984"><ele>40</ele></trkpt>
   <trkpt lat="52.432737" lon="13.740668"><ele>40</ele></trkpt>
   <trkpt lat="52.432743" lon="13.740615"><ele>40</ele></trkpt>
   <trkpt lat="52.432763" lon="13.740445"><ele>40</ele></trkpt>
   <trkpt lat="52.432866" lon="13.739601"><ele>40</ele></trkpt>
   <trkpt lat="52.432868" lon="13.739587"><ele>40</ele></trkpt>
   <trkpt lat="52.432988" lon="13.738806"><ele>40</ele></trkpt>
   <trkpt lat="52.433056" lon="13.738287"><ele>40</ele></trkpt>
   <trkpt lat="52.433142" lon="13.737504"><ele>40</ele></trkpt>
   <trkpt lat="52.433148" lon="13.737443"><ele>40</ele></trkpt>
   <trkpt lat="52.433156" lon="13.737375"><ele>40</ele></trkpt>
   <trkpt lat="52.43321" lon="13.736963"><ele>40.25</ele></trkpt>
   <trkpt lat="52.433344" lon="13.736028"><ele>40</ele></trkpt>
   <trkpt lat="52.433351" lon="13.735969"><ele>40</ele></trkpt>
   <trkpt lat="52.433509" lon="13.734551"><ele>40.75</ele></trkpt>
   <trkpt lat="52.433676" lon="13.73328"><ele>40</ele></trkpt>
   <trkpt lat="52.433797" lon="13.732548"><ele>40.25</ele></trkpt>
   <trkpt lat="52.433946" lon="13.731792"><ele>40.25</ele></trkpt>
   <trkpt lat="52.434056" lon="13.731293"><ele>40.25</ele></trkpt>
   <trkpt lat="52.434081" lon="13.731194"><ele>40</ele></trkpt>
   <trkpt lat="52.434084" lon="13.73118"><ele>40</ele></trkpt>
   <trkpt lat="52.434274" lon="13.730414"><ele>40.5</ele></trkpt>
   <trkpt lat="52.434487" lon="13.729645"><ele>40</ele></trkpt>
   <trkpt lat="52.434736" lon="13.728865"><ele>40</ele></trkpt>
   <trkpt lat="52.435061" lon="13.727932"><ele>40</ele></trkpt>
   <trkpt lat="52.435307" lon="13.727295"><ele>40.5</ele></trkpt>
   <trkpt lat="52.435624" lon="13.726562"><ele>40</ele></trkpt>
   <trkpt lat="52.436115" lon="13.725545"><ele>39.75</ele></trkpt>
   <trkpt lat="52.436295" lon="13.725208"><ele>40</ele></trkpt>
   <trkpt lat="52.436392" lon="13.725027"><ele>40</ele></trkpt>
   <trkpt lat="52.43668" lon="13.724535"><ele>40</ele></trkpt>
   <trkpt lat="52.436827" lon="13.7243"><ele>40</ele></trkpt>
   <trkpt lat="52.436929" lon="13.724138"><ele>40</ele></trkpt>
   <trkpt lat="52.437117" lon="13.723837"><ele>40</ele></trkpt>
   <trkpt lat="52.437595" lon="13.723175"><ele>40</ele></trkpt>
   <trkpt lat="52.437661" lon="13.72309"><ele>40</ele></trkpt>
   <trkpt lat="52.437989" lon="13.722666"><ele>40.25</ele></trkpt>
   <trkpt lat="52.438228" lon="13.722389"><ele>40.25</ele></trkpt>
   <trkpt lat="52.438385" lon="13.722207"><ele>40</ele></trkpt>
   <trkpt lat="52.438929" lon="13.721629"><ele>40.25</ele></trkpt>
   <trkpt lat="52.439473" lon="13.721106"><ele>40</ele></trkpt>
   <trkpt lat="52.440018" lon="13.720635"><ele>40</ele></trkpt>
   <trkpt lat="52.440488" lon="13.720271"><ele>40</ele></trkpt>
   <trkpt lat="52.440586" lon="13.720195"><ele>40</ele></trkpt>
   <trkpt lat="52.441449" lon="13.719603"><ele>40</ele></trkpt>
   <trkpt lat="52.44265" lon="13.71877"><ele>40.5</ele></trkpt>
   <trkpt lat="52.442902" lon="13.718581"><ele>40</ele></trkpt>
   <trkpt lat="52.443152" lon="13.718379"><ele>40</ele></trkpt>
   <trkpt lat="52.44364" lon="13.717947"><ele>40</ele></trkpt>
   <trkpt lat="52.443966" lon="13.717631"><ele>39.5</ele></trkpt>
   <trkpt lat="52.444459" lon="13.717107"><ele>39.5</ele></trkpt>
   <trkpt lat="52.444896" lon="13.716603"><ele>39.5</ele></trkpt>
   <trkpt lat="52.445301" lon="13.716094"><ele>39.5</ele></trkpt>
   <trkpt lat="52.445881" lon="13.715307"><ele>39</ele></trkpt>
   <trkpt lat="52.446175" lon="13.71486"><ele>39.25</ele></trkpt>
   <trkpt lat="52.446632" lon="13.714112"><ele>39.75</ele></trkpt>
   <trkpt lat="52.446861" lon="13.713712"><ele>40</ele></trkpt>
   <trkpt lat="52.447169" lon="13.71314"><ele>39.25</ele></trkpt>
   <trkpt lat="52.447462" lon="13.712559"><ele>40</ele></trkpt>
   <trkpt lat="52.447745" lon="13.711958"><ele>39</ele></trkpt>
   <trkpt lat="52.448252" lon="13.710778"><ele>39</ele></trkpt>
   <trkpt lat="52.448497" lon="13.710116"><ele>38.75</ele></trkpt>
   <trkpt lat="52.448661" lon="13.709645"><ele>38.75</ele></trkpt>
   <trkpt lat="52.448953" lon="13.708761"><ele>39</ele></trkpt>
   <trkpt lat="52.449218" lon="13.707851"><ele>38.75</ele></trkpt>
   <trkpt lat="52.449379" lon="13.707237"><ele>38.5</ele></trkpt>
   <trkpt lat="52.449537" lon="13.706601"><ele>38.5</ele></trkpt>
   <trkpt lat="52.449704" lon="13.705839"><ele>38.75</ele></trkpt>
   <trkpt lat="52.449897" lon="13.70481"><ele>38.5</ele></trkpt>
   <trkpt lat="52.450063" lon="13.703739"><ele>39</ele></trkpt>
   <trkpt lat="52.45022" lon="13.702464"><ele>39</ele></trkpt>
   <trkpt lat="52.450248" lon="13.702194"><ele>38.75</ele></trkpt>
   <trkpt lat="52.45102" lon="13.694641"><ele>39.5</ele></trkpt>
   <trkpt lat="52.451056" lon="13.694273"><ele>39.25</ele></trkpt>
   <trkpt lat="52.451075" lon="13.694093"><ele>39</ele></trkpt>
   <trkpt lat="52.451325" lon="13.691627"><ele>39.5</ele></trkpt>
   <trkpt lat="52.451345" lon="13.69144"><ele>39.5</ele></trkpt>
   <trkpt lat="52.451401" lon="13.690885"><ele>41.75</ele></trkpt>
   <trkpt lat="52.451494" lon="13.689975"><ele>41.25</ele></trkpt>
   <trkpt lat="52.451773" lon="13.687395"><ele>40</ele></trkpt>
   <trkpt lat="52.452025" lon="13.684946"><ele>39.5</ele></trkpt>
   <trkpt lat="52.452073" lon="13.684468"><ele>39</ele></trkpt>
   <trkpt lat="52.452131" lon="13.683891"><ele>39.25</ele></trkpt>
   <trkpt lat="52.452656" lon="13.678704"><ele>38</ele></trkpt>
   <trkpt lat="52.452658" lon="13.678684"><ele>38</ele></trkpt>
   <trkpt lat="52.453199" lon="13.673267"><ele>38</ele></trkpt>
   <trkpt lat="52.453219" lon="13.673075"><ele>38</ele></trkpt>
   <trkpt lat="52.453604" lon="13.669244"><ele>37.75</ele></trkpt>
   <trkpt lat="52.454674" lon="13.658744"><ele>38</ele></trkpt>
   <trkpt lat="52.454804" lon="13.657466"><ele>38</ele></trkpt>
   <trkpt lat="52.454932" lon="13.656203"><ele>38</ele></trkpt>
   <trkpt lat="52.455775" lon="13.647913"><ele>37</ele></trkpt>
   <trkpt lat="52.456122" lon="13.644468"><ele>37</ele></trkpt>
   <trkpt lat="52.456347" lon="13.642148"><ele>37</ele></trkpt>
   <trkpt lat="52.456466" lon="13.640775"><ele>36.75</ele></trkpt>
   <trkpt lat="52.456584" lon="13.639258"><ele>37</ele></trkpt>
   <trkpt lat="52.456685" lon="13.637754"><ele>37</ele></trkpt>
   <trkpt lat="52.456827" lon="13.635127"><ele>37</ele></trkpt>
   <trkpt lat="52.45688" lon="13.633908"><ele>37.75</ele></trkpt>
   <trkpt lat="52.457037" lon="13.629921"><ele>39</ele></trkpt>
   <trkpt lat="52.457103" lon="13.627973"><ele>38.5</ele></trkpt>
   <trkpt lat="52.457147" lon="13.626657"><ele>39</ele></trkpt>
   <trkpt lat="52.457181" lon="13.6256"><ele>38.75</ele></trkpt>
   <trkpt lat="52.457188" lon="13.625373"><ele>39.75</ele></trkpt>
   <trkpt lat="52.457243" lon="13.623558"><ele>40.75</ele></trkpt>
   <trkpt lat="52.457253" lon="13.623154"><ele>40.25</ele></trkpt>
   <trkpt lat="52.457328" lon="13.620632"><ele>39</ele></trkpt>
   <trkpt lat="52.457416" lon="13.61737"><ele>38.5</ele></trkpt>
   <trkpt lat="52.457495" lon="13.61438"><ele>38</ele></trkpt>
   <trkpt lat="52.457504" lon="13.614013"><ele>37.75</ele></trkpt>
   <trkpt lat="52.457558" lon="13.611818"><ele>35.25</ele></trkpt>
   <trkpt lat="52.457562" lon="13.611618"><ele>33.75</ele></trkpt>
   <trkpt lat="52.457567" lon="13.611406"><ele>37</ele></trkpt>
   <trkpt lat="52.457593" lon="13.610317"><ele>36.5</ele></trkpt>
   <trkpt lat="52.457617" lon="13.609258"><ele>36.75</ele></trkpt>
   <trkpt lat="52.457624" lon="13.609"><ele>37</ele></trkpt>
   <trkpt lat="52.457625" lon="13.608924"><ele>37</ele></trkpt>
   <trkpt lat="52.457635" lon="13.608472"><ele>37</ele></trkpt>
   <trkpt lat="52.457796" lon="13.603381"><ele>36</ele></trkpt>
   <trkpt lat="52.457852" lon="13.601579"><ele>36.75</ele></trkpt>
   <trkpt lat="52.45787" lon="13.600988"><ele>36.5</ele></trkpt>
   <trkpt lat="52.457874" lon="13.600881"><ele>36.5</ele></trkpt>
   <trkpt lat="52.457876" lon="13.600775"><ele>36.5</ele></trkpt>
   <trkpt lat="52.457884" lon="13.60054"><ele>36.5</ele></trkpt>
   <trkpt lat="52.457994" lon="13.596772"><ele>37</ele></trkpt>
   <trkpt lat="52.458039" lon="13.595239"><ele>37</ele></trkpt>
   <trkpt lat="52.458052" lon="13.594801"><ele>37</ele></trkpt>
   <trkpt lat="52.458178" lon="13.590533"><ele>38</ele></trkpt>
   <trkpt lat="52.458289" lon="13.586812"><ele>39</ele></trkpt>
   <trkpt lat="52.458331" lon="13.585378"><ele>39</ele></trkpt>
   <trkpt lat="52.458344" lon="13.584919"><ele>39</ele></trkpt>
   <trkpt lat="52.458345" lon="13.58488"><ele>39</ele></trkpt>
   <trkpt lat="52.458391" lon="13.583368"><ele>39</ele></trkpt>
   <trkpt lat="52.458419" lon="13.582515"><ele>39.25</ele></trkpt>
   <trkpt lat="52.458483" lon="13.581315"><ele>38.75</ele></trkpt>
   <trkpt lat="52.458546" lon="13.580547"><ele>39</ele></trkpt>
   <trkpt lat="52.458645" lon="13.579667"><ele>37.75</ele></trkpt>
   <trkpt lat="52.458654" lon="13.579592"><ele>36.75</ele></trkpt>
   <trkpt lat="52.458695" lon="13.57929"><ele>36.25</ele></trkpt>
   <trkpt lat="52.458702" lon="13.57924"><ele>36.75</ele></trkpt>
   <trkpt lat="52.458831" lon="13.578429"><ele>38.25</ele></trkpt>
   <trkpt lat="52.458958" lon="13.577742"><ele>38</ele></trkpt>
   <trkpt lat="52.459055" lon="13.577268"><ele>35.5</ele></trkpt>
   <trkpt lat="52.459229" lon="13.576479"><ele>34.75</ele></trkpt>
   <trkpt lat="52.459275" lon="13.576305"><ele>34.25</ele></trkpt>
   <trkpt lat="52.459409" lon="13.57578"><ele>38.5</ele></trkpt>
   <trkpt lat="52.45955" lon="13.57526"><ele>37.75</ele></trkpt>
   <trkpt lat="52.459729" lon="13.574637"><ele>38.75</ele></trkpt>
   <trkpt lat="52.460196" lon="13.573218"><ele>37.75</ele></trkpt>
   <trkpt lat="52.460265" lon="13.573018"><ele>37.5</ele></trkpt>
   <trkpt lat="52.46033" lon="13.572832"><ele>36.75</ele></trkpt>
   <trkpt lat="52.460431" lon="13.572558"><ele>37</ele></trkpt>
   <trkpt lat="52.460466" lon="13.572462"><ele>37</ele></trkpt>
   <trkpt lat="52.460469" lon="13.572454"><ele>37</ele></trkpt>
   <trkpt lat="52.460693" lon="13.571868"><ele>37.75</ele></trkpt>
   <trkpt lat="52.460933" lon="13.571241"><ele>37.75</ele></trkpt>
   <trkpt lat="52.461075" lon="13.57085"><ele>37.75</ele></trkpt>
   <trkpt lat="52.461224" lon="13.570455"><ele>37.5</ele></trkpt>
   <trkpt lat="52.461355" lon="13.570142"><ele>37.75</ele></trkpt>
   <trkpt lat="52.461489" lon="13.569845"><ele>36.75</ele></trkpt>
   <trkpt lat="52.461595" lon="13.569602"><ele>36.5</ele></trkpt>
   <trkpt lat="52.461845" lon="13.568987"><ele>36.25</ele></trkpt>
   <trkpt lat="52.461991" lon="13.56866"><ele>36.75</ele></trkpt>
   <trkpt lat="52.462032" lon="13.568575"><ele>36.75</ele></trkpt>
   <trkpt lat="52.462058" lon="13.568522"><ele>36.75</ele></trkpt>
   <trkpt lat="52.462724" lon="13.567129"><ele>35.75</ele></trkpt>
   <trkpt lat="52.462885" lon="13.566772"><ele>36</ele></trkpt>
   <trkpt lat="52.463691" lon="13.56499"><ele>35.5</ele></trkpt>
   <trkpt lat="52.464098" lon="13.564052"><ele>35.75</ele></trkpt>
   <trkpt lat="52.464111" lon="13.564021"><ele>35.75</ele></trkpt>
   <trkpt lat="52.466254" lon="13.559147"><ele>35</ele></trkpt>
   <trkpt lat="52.467567" lon="13.556237"><ele>35.75</ele></trkpt>
   <trkpt lat="52.468626" lon="13.553824"><ele>35.75</ele></trkpt>
   <trkpt lat="52.469322" lon="13.552228"><ele>36</ele></trkpt>
   <trkpt lat="52.469992" lon="13.55069"><ele>36</ele></trkpt>
   <trkpt lat="52.470007" lon="13.550659"><ele>36</ele></trkpt>
   <trkpt lat="52.470874" lon="13.548751"><ele>36.25</ele></trkpt>
   <trkpt lat="52.471818" lon="13.546541"><ele>36.5</ele></trkpt>
   <trkpt lat="52.472152" lon="13.545877"><ele>37.25</ele></trkpt>
   <trkpt lat="52.472392" lon="13.545354"><ele>37</ele></trkpt>
   <trkpt lat="52.472403" lon="13.545328"><ele>37</ele></trkpt>
   <trkpt lat="52.472864" lon="13.544179"><ele>37</ele></trkpt>
   <trkpt lat="52.472876" lon="13.544154"><ele>37</ele></trkpt>
   <trkpt lat="52.473395" lon="13.543075"><ele>37.25</ele></trkpt>
   <trkpt lat="52.473416" lon="13.543026"><ele>37</ele></trkpt>
   <trkpt lat="52.473546" lon="13.542725"><ele>37.75</ele></trkpt>
   <trkpt lat="52.47466" lon="13.540199"><ele>37.75</ele></trkpt>
   <trkpt lat="52.474751" lon="13.53999"><ele>38.5</ele></trkpt>
   <trkpt lat="52.474757" lon="13.539978"><ele>38.5</ele></trkpt>
   <trkpt lat="52.475346" lon="13.538623"><ele>38.25</ele></trkpt>
   <trkpt lat="52.47568" lon="13.537859"><ele>37.5</ele></trkpt>
   <trkpt lat="52.476165" lon="13.536775"><ele>37</ele></trkpt>
   <trkpt lat="52.476216" lon="13.536661"><ele>36.25</ele></trkpt>
   <trkpt lat="52.476822" lon="13.535266"><ele>39.25</ele></trkpt>
   <trkpt lat="52.478702" lon="13.531002"><ele>39.25</ele></trkpt>
   <trkpt lat="52.479067" lon="13.530193"><ele>39.25</ele></trkpt>
   <trkpt lat="52.479555" lon="13.529085"><ele>39.5</ele></trkpt>
   <trkpt lat="52.479748" lon="13.528649"><ele>39.75</ele></trkpt>
   <trkpt lat="52.47987" lon="13.52837"><ele>39.75</ele></trkpt>
   <trkpt lat="52.480485" lon="13.526972"><ele>39.5</ele></trkpt>
   <trkpt lat="52.481066" lon="13.525628"><ele>39</ele></trkpt>
   <trkpt lat="52.481073" lon="13.525613"><ele>39</ele></trkpt>
   <trkpt lat="52.481377" lon="13.524922"><ele>39</ele></trkpt>
   <trkpt lat="52.481508" lon="13.524626"><ele>39</ele></trkpt>
   <trkpt lat="52.481713" lon="13.524161"><ele>39.5</ele></trkpt>
   <trkpt lat="52.481738" lon="13.524106"><ele>39</ele></trkpt>
   <trkpt lat="52.481925" lon="13.523665"><ele>38.75</ele></trkpt>
   <trkpt lat="52.482088" lon="13.523211"><ele>37.75</ele></trkpt>
   <trkpt lat="52.482266" lon="13.52276"><ele>37.75</ele></trkpt>
   <trkpt lat="52.48285" lon="13.521418"><ele>37.75</ele></trkpt>
   <trkpt lat="52.483051" lon="13.52096"><ele>37.75</ele></trkpt>
   <trkpt lat="52.483224" lon="13.52054"><ele>37</ele></trkpt>
   <trkpt lat="52.483359" lon="13.520168"><ele>37</ele></trkpt>
   <trkpt lat="52.483539" lon="13.519724"><ele>36.5</ele></trkpt>
   <trkpt lat="52.483807" lon="13.519116"><ele>36.5</ele></trkpt>
   <trkpt lat="52.483966" lon="13.518753"><ele>36.25</ele></trkpt>
   <trkpt lat="52.483977" lon="13.518728"><ele>36.25</ele></trkpt>
   <trkpt lat="52.484284" lon="13.518016"><ele>36</ele></trkpt>
   <trkpt lat="52.484483" lon="13.517522"><ele>36</ele></trkpt>
   <trkpt lat="52.484756" lon="13.51681"><ele>35.75</ele></trkpt>
   <trkpt lat="52.484972" lon="13.516283"><ele>36</ele></trkpt>
   <trkpt lat="52.485164" lon="13.515846"><ele>36</ele></trkpt>
   <trkpt lat="52.485213" lon="13.515734"><ele>36</ele></trkpt>
   <trkpt lat="52.485239" lon="13.515677"><ele>36</ele></trkpt>
   <trkpt lat="52.485256" lon="13.515639"><ele>36</ele></trkpt>
   <trkpt lat="52.485508" lon="13.515063"><ele>35.25</ele></trkpt>
   <trkpt lat="52.485676" lon="13.514703"><ele>36</ele></trkpt>
   <trkpt lat="52.486064" lon="13.513967"><ele>36</ele></trkpt>
   <trkpt lat="52.486452" lon="13.5131"><ele>36</ele></trkpt>
   <trkpt lat="52.48653" lon="13.51292"><ele>36.5</ele></trkpt>
   <trkpt lat="52.486802" lon="13.512312"><ele>35.75</ele></trkpt>
   <trkpt lat="52.487238" lon="13.51132"><ele>35.25</ele></trkpt>
   <trkpt lat="52.487349" lon="13.511067"><ele>35.75</ele></trkpt>
   <trkpt lat="52.488262" lon="13.508997"><ele>35.25</ele></trkpt>
   <trkpt lat="52.488283" lon="13.508948"><ele>35.25</ele></trkpt>
   <trkpt lat="52.488309" lon="13.508891"><ele>35</ele></trkpt>
   <trkpt lat="52.488353" lon="13.508791"><ele>35</ele></trkpt>
   <trkpt lat="52.488412" lon="13.508657"><ele>35.25</ele></trkpt>
   <trkpt lat="52.488848" lon="13.507668"><ele>35.5</ele></trkpt>
   <trkpt lat="52.489337" lon="13.506557"><ele>35.75</ele></trkpt>
   <trkpt lat="52.492057" lon="13.500369"><ele>35</ele></trkpt>
   <trkpt lat="52.492989" lon="13.498244"><ele>35</ele></trkpt>
   <trkpt lat="52.49311" lon="13.497968"><ele>35.25</ele></trkpt>
   <trkpt lat="52.49316" lon="13.497855"><ele>35.5</ele></trkpt>
   <trkpt lat="52.493203" lon="13.497756"><ele>35.25</ele></trkpt>
   <trkpt lat="52.493252" lon="13.49765"><ele>35.25</ele></trkpt>
   <trkpt lat="52.494577" lon="13.494622"><ele>36.75</ele></trkpt>
   <trkpt lat="52.494623" lon="13.494514"><ele>36.25</ele></trkpt>
   <trkpt lat="52.495691" lon="13.492029"><ele>37</ele></trkpt>
   <trkpt lat="52.495871" lon="13.491579"><ele>37.5</ele></trkpt>
   <trkpt lat="52.495978" lon="13.491285"><ele>37</ele></trkpt>
   <trkpt lat="52.496116" lon="13.490867"><ele>38.5</ele></trkpt>
   <trkpt lat="52.496122" lon="13.490845"><ele>38.75</ele></trkpt>
   <trkpt lat="52.496308" lon="13.490239"><ele>38.75</ele></trkpt>
   <trkpt lat="52.496731" lon="13.488805"><ele>37.75</ele></trkpt>
   <trkpt lat="52.496857" lon="13.488394"><ele>36.75</ele></trkpt>
   <trkpt lat="52.497009" lon="13.487925"><ele>39.75</ele></trkpt>
   <trkpt lat="52.497053" lon="13.487809"><ele>39.5</ele></trkpt>
   <trkpt lat="52.497098" lon="13.487695"><ele>39.5</ele></trkpt>
   <trkpt lat="52.497178" lon="13.487498"><ele>40.75</ele></trkpt>
   <trkpt lat="52.497351" lon="13.487129"><ele>39.5</ele></trkpt>
   <trkpt lat="52.497597" lon="13.486688"><ele>40</ele></trkpt>
   <trkpt lat="52.497919" lon="13.486202"><ele>40</ele></trkpt>
   <trkpt lat="52.498201" lon="13.485864"><ele>40.5</ele></trkpt>
   <trkpt lat="52.498354" lon="13.485704"><ele>40.75</ele></trkpt>
   <trkpt lat="52.498466" lon="13.485596"><ele>39.25</ele></trkpt>
   <trkpt lat="52.499256" lon="13.484867"><ele>37.75</ele></trkpt>
   <trkpt lat="52.499626" lon="13.484612"><ele>39.25</ele></trkpt>
   <trkpt lat="52.499751" lon="13.484539"><ele>39.75</ele></trkpt>
   <trkpt lat="52.499775" lon="13.484525"><ele>40</ele></trkpt>
   <trkpt lat="52.499985" lon="13.48441"><ele>40.25</ele></trkpt>
   <trkpt lat="52.500205" lon="13.484285"><ele>39</ele></trkpt>
   <trkpt lat="52.500646" lon="13.484067"><ele>37.75</ele></trkpt>
   <trkpt lat="52.500972" lon="13.483929"><ele>37.5</ele></trkpt>
   <trkpt lat="52.502075" lon="13.483489"><ele>37.75</ele></trkpt>
   <trkpt lat="52.502229" lon="13.483432"><ele>37.25</ele></trkpt>
   <trkpt lat="52.50252" lon="13.483314"><ele>41.25</ele></trkpt>
   <trkpt lat="52.502536" lon="13.483308"><ele>41</ele></trkpt>
   <trkpt lat="52.502949" lon="13.48313"><ele>37.25</ele></trkpt>
   <trkpt lat="52.503501" lon="13.482906"><ele>38</ele></trkpt>
   <trkpt lat="52.5042" lon="13.482622"><ele>38.75</ele></trkpt>
   <trkpt lat="52.504442" lon="13.482501"><ele>40.75</ele></trkpt>
   <trkpt lat="52.504662" lon="13.482358"><ele>38.75</ele></trkpt>
   <trkpt lat="52.504776" lon="13.482268"><ele>39.25</ele></trkpt>
   <trkpt lat="52.504885" lon="13.482176"><ele>39</ele></trkpt>
   <trkpt lat="52.505093" lon="13.48198"><ele>38.75</ele></trkpt>
   <trkpt lat="52.505291" lon="13.481768"><ele>38.75</ele></trkpt>
   <trkpt lat="52.505391" lon="13.481646"><ele>38.5</ele></trkpt>
   <trkpt lat="52.505579" lon="13.48139"><ele>40.75</ele></trkpt>
   <trkpt lat="52.505745" lon="13.481123"><ele>39.75</ele></trkpt>
   <trkpt lat="52.505842" lon="13.480945"><ele>40.25</ele></trkpt>
   <trkpt lat="52.506011" lon="13.480608"><ele>39.25</ele></trkpt>
   <trkpt lat="52.506025" lon="13.48058"><ele>39.5</ele></trkpt>
   <trkpt lat="52.506285" lon="13.480053"><ele>39.5</ele></trkpt>
   <trkpt lat="52.506468" lon="13.479679"><ele>40.5</ele></trkpt>
   <trkpt lat="52.506561" lon="13.47949"><ele>40.25</ele></trkpt>
   <trkpt lat="52.50691" lon="13.478772"><ele>38.5</ele></trkpt>
   <trkpt lat="52.506929" lon="13.478732"><ele>38.25</ele></trkpt>
   <trkpt lat="52.507158" lon="13.478267"><ele>39.25</ele></trkpt>
   <trkpt lat="52.50718" lon="13.478224"><ele>39.25</ele></trkpt>
   <trkpt lat="52.507328" lon="13.477952"><ele>38</ele></trkpt>
   <trkpt lat="52.507513" lon="13.477661"><ele>39</ele></trkpt>
   <trkpt lat="52.507664" lon="13.477455"><ele>38.5</ele></trkpt>
   <trkpt lat="52.507758" lon="13.47734"><ele>39.25</ele></trkpt>
   <trkpt lat="52.507764" lon="13.477333"><ele>39.25</ele></trkpt>
   <trkpt lat="52.507965" lon="13.477113"><ele>39</ele></trkpt>
   <trkpt lat="52.508133" lon="13.476957"><ele>39.5</ele></trkpt>
   <trkpt lat="52.508356" lon="13.476773"><ele>37.25</ele></trkpt>
   <trkpt lat="52.50851" lon="13.476661"><ele>39</ele></trkpt>
   <trkpt lat="52.508633" lon="13.476581"><ele>39.5</ele></trkpt>
   <trkpt lat="52.508759" lon="13.476514"><ele>38.5</ele></trkpt>
   <trkpt lat="52.508884" lon="13.476458"><ele>39</ele></trkpt>
   <trkpt lat="52.509175" lon="13.476362"><ele>40.25</ele></trkpt>
   <trkpt lat="52.50936" lon="13.476318"><ele>37.5</ele></trkpt>
   <trkpt lat="52.509644" lon="13.476243"><ele>38.5</ele></trkpt>
   <trkpt lat="52.5097" lon="13.476229"><ele>39.25</ele></trkpt>
   <trkpt lat="52.510958" lon="13.475921"><ele>41.25</ele></trkpt>
   <trkpt lat="52.511311" lon="13.475835"><ele>42</ele></trkpt>
   <trkpt lat="52.511825" lon="13.475708"><ele>39.75</ele></trkpt>
   <trkpt lat="52.511895" lon="13.475692"><ele>39</ele></trkpt>
   <trkpt lat="52.5123" lon="13.475593"><ele>39.5</ele></trkpt>
   <trkpt lat="52.512572" lon="13.475526"><ele>42.25</ele></trkpt>
   <trkpt lat="52.512986" lon="13.475423"><ele>41.25</ele></trkpt>
   <trkpt lat="52.513429" lon="13.475333"><ele>38.5</ele></trkpt>
   <trkpt lat="52.513869" lon="13.475236"><ele>41.5</ele></trkpt>
   <trkpt lat="52.51418" lon="13.475164"><ele>42.75</ele></trkpt>
   <trkpt lat="52.514331" lon="13.475117"><ele>43</ele></trkpt>
   <trkpt lat="52.514478" lon="13.475066"><ele>42.75</ele></trkpt>
   <trkpt lat="52.514651" lon="13.474992"><ele>43</ele></trkpt>
   <trkpt lat="52.514823" lon="13.474912"><ele>43</ele></trkpt>
   <trkpt lat="52.515748" lon="13.474397"><ele>43</ele></trkpt>
   <trkpt lat="52.515788" lon="13.474374"><ele>43</ele></trkpt>
   <trkpt lat="52.516567" lon="13.473935"><ele>43.25</ele></trkpt>
   <trkpt lat="52.516572" lon="13.473932"><ele>43.25</ele></trkpt>
   <trkpt lat="52.519039" lon="13.472542"><ele>43.75</ele></trkpt>
   <trkpt lat="52.519259" lon="13.47241"><ele>43.75</ele></trkpt>
   <trkpt lat="52.519469" lon="13.472269"><ele>43.75</ele></trkpt>
   <trkpt lat="52.520642" lon="13.471362"><ele>44</ele></trkpt>
   <trkpt lat="52.521145" lon="13.470961"><ele>43.5</ele></trkpt>
   <trkpt lat="52.521381" lon="13.470769"><ele>43.25</ele></trkpt>
   <trkpt lat="52.521605" lon="13.470542"><ele>43.25</ele></trkpt>
   <trkpt lat="52.521613" lon="13.470533"><ele>43.25</ele></trkpt>
   <trkpt lat="52.521861" lon="13.47027"><ele>43.5</ele></trkpt>
   <trkpt lat="52.522057" lon="13.470032"><ele>44.5</ele></trkpt>
   <trkpt lat="52.522247" lon="13.46978"><ele>44</ele></trkpt>
   <trkpt lat="52.522522" lon="13.469364"><ele>44.25</ele></trkpt>
   <trkpt lat="52.522663" lon="13.469128"><ele>44.5</ele></trkpt>
   <trkpt lat="52.522777" lon="13.468918"><ele>44</ele></trkpt>
   <trkpt lat="52.522965" lon="13.468535"><ele>44.75</ele></trkpt>
   <trkpt lat="52.523139" lon="13.468137"><ele>45.25</ele></trkpt>
   <trkpt lat="52.523255" lon="13.467838"><ele>44.75</ele></trkpt>
   <trkpt lat="52.523363" lon="13.467533"><ele>44.25</ele></trkpt>
   <trkpt lat="52.523458" lon="13.467234"><ele>45.5</ele></trkpt>
   <trkpt lat="52.523585" lon="13.466772"><ele>44.25</ele></trkpt>
   <trkpt lat="52.523592" lon="13.466745"><ele>44.25</ele></trkpt>
   <trkpt lat="52.523868" lon="13.465641"><ele>44.25</ele></trkpt>
   <trkpt lat="52.523999" lon="13.464994"><ele>48</ele></trkpt>
   <trkpt lat="52.524002" lon="13.464977"><ele>48</ele></trkpt>
   <trkpt lat="52.524009" lon="13.464941"><ele>48</ele></trkpt>
   <trkpt lat="52.524058" lon="13.464641"><ele>47.5</ele></trkpt>
   <trkpt lat="52.524139" lon="13.464052"><ele>45.25</ele></trkpt>
   <trkpt lat="52.52432" lon="13.462616"><ele>48.5</ele></trkpt>
   <trkpt lat="52.524374" lon="13.462259"><ele>47.5</ele></trkpt>
   <trkpt lat="52.524419" lon="13.462014"><ele>45.75</ele></trkpt>
   <trkpt lat="52.524485" lon="13.461683"><ele>45.5</ele></trkpt>
   <trkpt lat="52.524567" lon="13.461333"><ele>47.75</ele></trkpt>
   <trkpt lat="52.524571" lon="13.461318"><ele>47.75</ele></trkpt>
   <trkpt lat="52.524718" lon="13.460785"><ele>44.25</ele></trkpt>
   <trkpt lat="52.52483" lon="13.460437"><ele>47.5</ele></trkpt>
   <trkpt lat="52.524925" lon="13.460167"><ele>47</ele></trkpt>
   <trkpt lat="52.525033" lon="13.459887"><ele>46</ele></trkpt>
   <trkpt lat="52.525137" lon="13.459639"><ele>47.5</ele></trkpt>
   <trkpt lat="52.525294" lon="13.459297"><ele>45.5</ele></trkpt>
   <trkpt lat="52.525468" lon="13.458959"><ele>46.75</ele></trkpt>
   <trkpt lat="52.525591" lon="13.458739"><ele>46.25</ele></trkpt>
   <trkpt lat="52.525861" lon="13.45831"><ele>46.25</ele></trkpt>
   <trkpt lat="52.52605" lon="13.458049"><ele>46</ele></trkpt>
   <trkpt lat="52.526357" lon="13.457667"><ele>46.5</ele></trkpt>
   <trkpt lat="52.52675" lon="13.457253"><ele>46.5</ele></trkpt>
   <trkpt lat="52.527174" lon="13.456834"><ele>46.5</ele></trkpt>
   <trkpt lat="52.527661" lon="13.456337"><ele>46.75</ele></trkpt>
   <trkpt lat="52.527672" lon="13.456325"><ele>46.75</ele></trkpt>
   <trkpt lat="52.528127" lon="13.45586"><ele>46</ele></trkpt>
   <trkpt lat="52.530299" lon="13.453686"><ele>47</ele></trkpt>
   <trkpt lat="52.533471" lon="13.450513"><ele>48</ele></trkpt>
   <trkpt lat="52.535042" lon="13.448943"><ele>49</ele></trkpt>
   <trkpt lat="52.535213" lon="13.448772"><ele>49</ele></trkpt>
   <trkpt lat="52.535818" lon="13.448171"><ele>49</ele></trkpt>
   <trkpt lat="52.535961" lon="13.448032"><ele>49</ele></trkpt>
   <trkpt lat="52.536295" lon="13.447669"><ele>49</ele></trkpt>
   <trkpt lat="52.536428" lon="13.447491"><ele>49</ele></trkpt>
   <trkpt lat="52.536558" lon="13.447292"><ele>49</ele></trkpt>
   <trkpt lat="52.536677" lon="13.447084"><ele>49</ele></trkpt>
   <trkpt lat="52.53681" lon="13.44682"><ele>49</ele></trkpt>
   <trkpt lat="52.537023" lon="13.446368"><ele>49</ele></trkpt>
   <trkpt lat="52.537203" lon="13.445986"><ele>49</ele></trkpt>
   <trkpt lat="52.537377" lon="13.445593"><ele>49</ele></trkpt>
   <trkpt lat="52.537568" lon="13.445079"><ele>48.75</ele></trkpt>
   <trkpt lat="52.538936" lon="13.441398"><ele>48.75</ele></trkpt>
   <trkpt lat="52.539057" lon="13.441095"><ele>48.75</ele></trkpt>
   <trkpt lat="52.539323" lon="13.440497"><ele>49</ele></trkpt>
   <trkpt lat="52.540288" lon="13.4384"><ele>48</ele></trkpt>
   <trkpt lat="52.540296" lon="13.43838"><ele>47.75</ele></trkpt>
   <trkpt lat="52.540306" lon="13.438361"><ele>47.5</ele></trkpt>
   <trkpt lat="52.540626" lon="13.437667"><ele>46</ele></trkpt>
   <trkpt lat="52.540862" lon="13.437148"><ele>48.75</ele></trkpt>
   <trkpt lat="52.541128" lon="13.436521"><ele>48.75</ele></trkpt>
   <trkpt lat="52.541447" lon="13.435702"><ele>48.5</ele></trkpt>
   <trkpt lat="52.541589" lon="13.435322"><ele>49</ele></trkpt>
   <trkpt lat="52.541942" lon="13.434373"><ele>49</ele></trkpt>
   <trkpt lat="52.542048" lon="13.434085"><ele>48.5</ele></trkpt>
   <trkpt lat="52.542067" lon="13.434035"><ele>48.75</ele></trkpt>
   <trkpt lat="52.542069" lon="13.434028"><ele>48.75</ele></trkpt>
   <trkpt lat="52.542092" lon="13.433967"><ele>48.75</ele></trkpt>
   <trkpt lat="52.542117" lon="13.4339"><ele>48.75</ele></trkpt>
   <trkpt lat="52.542238" lon="13.433571"><ele>48.75</ele></trkpt>
   <trkpt lat="52.54241" lon="13.433078"><ele>48.75</ele></trkpt>
   <trkpt lat="52.542578" lon="13.432517"><ele>48.5</ele></trkpt>
   <trkpt lat="52.542694" lon="13.432076"><ele>48.25</ele></trkpt>
   <trkpt lat="52.543036" lon="13.430746"><ele>48</ele></trkpt>
   <trkpt lat="52.543047" lon="13.430705"><ele>48</ele></trkpt>
   <trkpt lat="52.543229" lon="13.430033"><ele>48.5</ele></trkpt>
   <trkpt lat="52.543344" lon="13.42965"><ele>48</ele></trkpt>
   <trkpt lat="52.543469" lon="13.429264"><ele>48.5</ele></trkpt>
   <trkpt lat="52.543779" lon="13.428356"><ele>48</ele></trkpt>
   <trkpt lat="52.543784" lon="13.428341"><ele>48</ele></trkpt>
   <trkpt lat="52.543948" lon="13.427882"><ele>47.5</ele></trkpt>
   <trkpt lat="52.544427" lon="13.426495"><ele>46.75</ele></trkpt>
   <trkpt lat="52.544613" lon="13.426"><ele>47.75</ele></trkpt>
   <trkpt lat="52.544617" lon="13.425989"><ele>47.75</ele></trkpt>
   <trkpt lat="52.544667" lon="13.425862"><ele>47</ele></trkpt>
   <trkpt lat="52.544765" lon="13.425616"><ele>47.25</ele></trkpt>
   <trkpt lat="52.544946" lon="13.425242"><ele>47</ele></trkpt>
   <trkpt lat="52.545221" lon="13.424718"><ele>47.25</ele></trkpt>
   <trkpt lat="52.547191" lon="13.421134"><ele>45.5</ele></trkpt>
   <trkpt lat="52.547304" lon="13.420907"><ele>47</ele></trkpt>
   <trkpt lat="52.54749" lon="13.420488"><ele>45.75</ele></trkpt>
   <trkpt lat="52.547497" lon="13.420472"><ele>45.75</ele></trkpt>
   <trkpt lat="52.547567" lon="13.420293"><ele>47.75</ele></trkpt>
   <trkpt lat="52.547583" lon="13.420252"><ele>48</ele></trkpt>
   <trkpt lat="52.547955" lon="13.419171"><ele>47</ele></trkpt>
   <trkpt lat="52.548498" lon="13.417531"><ele>47.25</ele></trkpt>
   <trkpt lat="52.548502" lon="13.417518"><ele>47.25</ele></trkpt>
   <trkpt lat="52.548724" lon="13.416856"><ele>47.25</ele></trkpt>
   <trkpt lat="52.548926" lon="13.416215"><ele>48</ele></trkpt>
   <trkpt lat="52.549083" lon="13.415596"><ele>49</ele></trkpt>
   <trkpt lat="52.549175" lon="13.415185"><ele>49.5</ele></trkpt>
   <trkpt lat="52.5493" lon="13.414355"><ele>47.25</ele></trkpt>
   <trkpt lat="52.549338" lon="13.413978"><ele>46.25</ele></trkpt>
   <trkpt lat="52.549386" lon="13.413339"><ele>44.75</ele></trkpt>
   <trkpt lat="52.549406" lon="13.413005"><ele>44.75</ele></trkpt>
   <trkpt lat="52.54948" lon="13.411826"><ele>45.5</ele></trkpt>
   <trkpt lat="52.549592" lon="13.409992"><ele>45</ele></trkpt>
   <trkpt lat="52.549602" lon="13.40938"><ele>45.25</ele></trkpt>
   <trkpt lat="52.549599" lon="13.408774"><ele>45.75</ele></trkpt>
   <trkpt lat="52.549565" lon="13.407867"><ele>45.5</ele></trkpt>
   <trkpt lat="52.549535" lon="13.407323"><ele>46</ele></trkpt>
   <trkpt lat="52.549517" lon="13.406951"><ele>45.75</ele></trkpt>
   <trkpt lat="52.549474" lon="13.405494"><ele>43.5</ele></trkpt>
   <trkpt lat="52.54947" lon="13.405425"><ele>43.5</ele></trkpt>
   <trkpt lat="52.549464" lon="13.405334"><ele>43.25</ele></trkpt>
   <trkpt lat="52.549382" lon="13.403633"><ele>44.25</ele></trkpt>
   <trkpt lat="52.549318" lon="13.402582"><ele>48</ele></trkpt>
   <trkpt lat="52.54929" lon="13.401595"><ele>43.75</ele></trkpt>
   <trkpt lat="52.549283" lon="13.401023"><ele>43.25</ele></trkpt>
   <trkpt lat="52.549276" lon="13.3999"><ele>42</ele></trkpt>
   <trkpt lat="52.549304" lon="13.398574"><ele>41.25</ele></trkpt>
   <trkpt lat="52.549298" lon="13.398008"><ele>41.75</ele></trkpt>
   <trkpt lat="52.549285" lon="13.397705"><ele>41.5</ele></trkpt>
   <trkpt lat="52.549239" lon="13.397145"><ele>41.5</ele></trkpt>
   <trkpt lat="52.549073" lon="13.395983"><ele>41.25</ele></trkpt>
   <trkpt lat="52.54893" lon="13.39513"><ele>41.25</ele></trkpt>
   <trkpt lat="52.548901" lon="13.394881"><ele>41.5</ele></trkpt>
   <trkpt lat="52.548858" lon="13.394372"><ele>42</ele></trkpt>
   <trkpt lat="52.548831" lon="13.393814"><ele>42</ele></trkpt>
   <trkpt lat="52.548826" lon="13.393344"><ele>42</ele></trkpt>
   <trkpt lat="52.548831" lon="13.392825"><ele>42.5</ele></trkpt>
   <trkpt lat="52.548812" lon="13.392299"><ele>42</ele></trkpt>
   <trkpt lat="52.548804" lon="13.392154"><ele>42</ele></trkpt>
   <trkpt lat="52.548718" lon="13.390526"><ele>42</ele></trkpt>
   <trkpt lat="52.548659" lon="13.389437"><ele>42</ele></trkpt>
   <trkpt lat="52.548627" lon="13.388922"><ele>42</ele></trkpt>
   <trkpt lat="52.548582" lon="13.388255"><ele>42</ele></trkpt>
   <trkpt lat="52.548542" lon="13.38774"><ele>42</ele></trkpt>
   <trkpt lat="52.548523" lon="13.387383"><ele>42</ele></trkpt>
   <trkpt lat="52.548509" lon="13.387075"><ele>42</ele></trkpt>
   <trkpt lat="52.548452" lon="13.385995"><ele>41.75</ele></trkpt>
   <trkpt lat="52.548446" lon="13.385868"><ele>42</ele></trkpt>
   <trkpt lat="52.548423" lon="13.385422"><ele>42.5</ele></trkpt>
   <trkpt lat="52.548416" lon="13.38529"><ele>42.5</ele></trkpt>
   <trkpt lat="52.548355" lon="13.384074"><ele>43.25</ele></trkpt>
   <trkpt lat="52.54833" lon="13.383613"><ele>42.75</ele></trkpt>
   <trkpt lat="52.548515" lon="13.385905"><ele>41.5</ele></trkpt>
   <trkpt lat="52.548541" lon="13.386153"><ele>40.5</ele></trkpt>
   <trkpt lat="52.548621" lon="13.38685"><ele>41.5</ele></trkpt>
   <trkpt lat="52.548713" lon="13.387528"><ele>41.25</ele></trkpt>
   <trkpt lat="52.54876" lon="13.387952"><ele>41.25</ele></trkpt>
   <trkpt lat="52.548835" lon="13.388619"><ele>41.5</ele></trkpt>
   <trkpt lat="52.548842" lon="13.388736"><ele>41.5</ele></trkpt>
   <trkpt lat="52.548851" lon="13.388862"><ele>41.5</ele></trkpt>
   <trkpt lat="52.548855" lon="13.388936"><ele>41.5</ele></trkpt>
   <trkpt lat="52.548869" lon="13.389409"><ele>41.5</ele></trkpt>
   <trkpt lat="52.54887" lon="13.389449"><ele>41.5</ele></trkpt>
   <trkpt lat="52.5489" lon="13.39012"><ele>41.75</ele></trkpt>
  </trkseg>
 </trk>
</gpx>