<?xml version="1.0" encoding="UTF-8"?>
<!-- track-length = 405368 filtered ascend = 931 plain-ascend = 88 cost=405368 energy=5.0kwh time=9h 29s -->
<gpx 
 xmlns="http://www.topografix.com/GPX/1/1" 
 xmlns:xsi="http://www.w3.org/2001/XMLSchema-instance" 
 xsi:schemaLocation="http://www.topografix.com/GPX/1/1 http://www.topografix.com/GPX/1/1/gpx.xsd" 
 version="1.1" 
 creator="BRouter-Web 99.71.0">
 <trk>
  <name>London-Louvain</name>
  <link href="https://brouter.damsy.net/latest/#map=8/50.980/2.543/standard&amp;lonlats=-0.134883,51.529225;4.6134,50.668124&amp;profile=rail">
   <text>BRouter-Web</text>
  </link>
  <trkseg>
   <trkpt lat="51.529243" lon="-0.134848"><ele>22.5</ele></trkpt>
   <trkpt lat="51.529273" lon="-0.134888"><ele>22.75</ele></trkpt>
   <trkpt lat="51.529645" lon="-0.135427"><ele>21.75</ele></trkpt>
   <trkpt lat="51.529912" lon="-0.135874"><ele>20.25</ele></trkpt>
   <trkpt lat="51.529939" lon="-0.13592"><ele>20</ele></trkpt>
   <trkpt lat="51.530102" lon="-0.136208"><ele>20</ele></trkpt>
   <trkpt lat="51.530329" lon="-0.136659"><ele>20</ele></trkpt>
   <trkpt lat="51.530469" lon="-0.136918"><ele>20</ele></trkpt>
   <trkpt lat="51.530689" lon="-0.137345"><ele>19</ele></trkpt>
   <trkpt lat="51.530842" lon="-0.137644"><ele>19</ele></trkpt>
   <trkpt lat="51.531" lon="-0.137953"><ele>19</ele></trkpt>
   <trkpt lat="51.531242" lon="-0.138425"><ele>20.25</ele></trkpt>
   <trkpt lat="51.531397" lon="-0.138757"><ele>19</ele></trkpt>
   <trkpt lat="51.531623" lon="-0.139284"><ele>20.75</ele></trkpt>
   <trkpt lat="51.531869" lon="-0.139888"><ele>21.5</ele></trkpt>
   <trkpt lat="51.532192" lon="-0.140554"><ele>21.75</ele></trkpt>
   <trkpt lat="51.532357" lon="-0.140861"><ele>22</ele></trkpt>
   <trkpt lat="51.532528" lon="-0.141146"><ele>22</ele></trkpt>
   <trkpt lat="51.532715" lon="-0.141432"><ele>23</ele></trkpt>
   <trkpt lat="51.532895" lon="-0.141689"><ele>23</ele></trkpt>
   <trkpt lat="51.533073" lon="-0.14193"><ele>23.75</ele></trkpt>
   <trkpt lat="51.533425" lon="-0.142363"><ele>24.25</ele></trkpt>
   <trkpt lat="51.533674" lon="-0.142651"><ele>24.25</ele></trkpt>
   <trkpt lat="51.533679" lon="-0.142656"><ele>24.25</ele></trkpt>
   <trkpt lat="51.53383" lon="-0.142827"><ele>24.25</ele></trkpt>
   <trkpt lat="51.534212" lon="-0.143248"><ele>24.5</ele></trkpt>
   <trkpt lat="51.534401" lon="-0.143436"><ele>24.75</ele></trkpt>
   <trkpt lat="51.534542" lon="-0.143607"><ele>24.75</ele></trkpt>
   <trkpt lat="51.534884" lon="-0.143985"><ele>25.5</ele></trkpt>
   <trkpt lat="51.535568" lon="-0.144733"><ele>26.75</ele></trkpt>
   <trkpt lat="51.536295" lon="-0.14553"><ele>31</ele></trkpt>
   <trkpt lat="51.537382" lon="-0.146734"><ele>30.75</ele></trkpt>
   <trkpt lat="51.538595" lon="-0.148064"><ele>30.75</ele></trkpt>
   <trkpt lat="51.539936" lon="-0.149536"><ele>31.75</ele></trkpt>
   <trkpt lat="51.540131" lon="-0.149749"><ele>31.75</ele></trkpt>
   <trkpt lat="51.540174" lon="-0.149796"><ele>32.5</ele></trkpt>
   <trkpt lat="51.540179" lon="-0.1498"><ele>32.5</ele></trkpt>
   <trkpt lat="51.540397" lon="-0.150034"><ele>33.75</ele></trkpt>
   <trkpt lat="51.540889" lon="-0.150585"><ele>33.5</ele></trkpt>
   <trkpt lat="51.541122" lon="-0.150876"><ele>33.75</ele></trkpt>
   <trkpt lat="51.541431" lon="-0.151313"><ele>33</ele></trkpt>
   <trkpt lat="51.541573" lon="-0.151543"><ele>33</ele></trkpt>
   <trkpt lat="51.541697" lon="-0.151757"><ele>33</ele></trkpt>
   <trkpt lat="51.541912" lon="-0.152159"><ele>33</ele></trkpt>
   <trkpt lat="51.54205" lon="-0.152443"><ele>33</ele></trkpt>
   <trkpt lat="51.542148" lon="-0.152636"><ele>33</ele></trkpt>
   <trkpt lat="51.542296" lon="-0.152962"><ele>33</ele></trkpt>
   <trkpt lat="51.542546" lon="-0.153609"><ele>33</ele></trkpt>
   <trkpt lat="51.542722" lon="-0.154186"><ele>32.75</ele></trkpt>
   <trkpt lat="51.542809" lon="-0.154522"><ele>32</ele></trkpt>
   <trkpt lat="51.542878" lon="-0.154825"><ele>32.5</ele></trkpt>
   <trkpt lat="51.542934" lon="-0.155103"><ele>33.25</ele></trkpt>
   <trkpt lat="51.543008" lon="-0.155538"><ele>33</ele></trkpt>
   <trkpt lat="51.54305" lon="-0.155854"><ele>31</ele></trkpt>
   <trkpt lat="51.543076" lon="-0.156109"><ele>30</ele></trkpt>
   <trkpt lat="51.543116" lon="-0.156728"><ele>30.25</ele></trkpt>
   <trkpt lat="51.543125" lon="-0.156957"><ele>30.5</ele></trkpt>
   <trkpt lat="51.543133" lon="-0.157251"><ele>30.5</ele></trkpt>
   <trkpt lat="51.543158" lon="-0.157853"><ele>30.75</ele></trkpt>
   <trkpt lat="51.543184" lon="-0.158542"><ele>32.5</ele></trkpt>
   <trkpt lat="51.543195" lon="-0.159008"><ele>32.5</ele></trkpt>
   <trkpt lat="51.543189" lon="-0.159264"><ele>32.5</ele></trkpt>
   <trkpt lat="51.543156" lon="-0.160007"><ele>32.25</ele></trkpt>
   <trkpt lat="51.543108" lon="-0.160734"><ele>32.5</ele></trkpt>
   <trkpt lat="51.543098" lon="-0.160978"><ele>32.5</ele></trkpt>
   <trkpt lat="51.543153" lon="-0.16052"><ele>32.75</ele></trkpt>
   <trkpt lat="51.543225" lon="-0.160164"><ele>33</ele></trkpt>
   <trkpt lat="51.543346" lon="-0.159643"><ele>33</ele></trkpt>
   <trkpt lat="51.543469" lon="-0.159029"><ele>33.5</ele></trkpt>
   <trkpt lat="51.543536" lon="-0.158564"><ele>33.5</ele></trkpt>
   <trkpt lat="51.543578" lon="-0.15809"><ele>31</ele></trkpt>
   <trkpt lat="51.543577" lon="-0.157551"><ele>30</ele></trkpt>
   <trkpt lat="51.543559" lon="-0.157165"><ele>31</ele></trkpt>
   <trkpt lat="51.543498" lon="-0.156719"><ele>33.25</ele></trkpt>
   <trkpt lat="51.543446" lon="-0.15648"><ele>33</ele></trkpt>
   <trkpt lat="51.543346" lon="-0.156134"><ele>32</ele></trkpt>
   <trkpt lat="51.543269" lon="-0.155838"><ele>32.5</ele></trkpt>
   <trkpt lat="51.543219" lon="-0.155597"><ele>33</ele></trkpt>
   <trkpt lat="51.543176" lon="-0.155215"><ele>33.25</ele></trkpt>
   <trkpt lat="51.543162" lon="-0.155014"><ele>34</ele></trkpt>
   <trkpt lat="51.543153" lon="-0.154746"><ele>34.25</ele></trkpt>
   <trkpt lat="51.54316" lon="-0.154452"><ele>33.75</ele></trkpt>
   <trkpt lat="51.543161" lon="-0.154193"><ele>33</ele></trkpt>
   <trkpt lat="51.543151" lon="-0.153872"><ele>32.25</ele></trkpt>
   <trkpt lat="51.543124" lon="-0.153436"><ele>33</ele></trkpt>
   <trkpt lat="51.543088" lon="-0.152989"><ele>33</ele></trkpt>
   <trkpt lat="51.543041" lon="-0.152629"><ele>33</ele></trkpt>
   <trkpt lat="51.542945" lon="-0.152099"><ele>32.5</ele></trkpt>
   <trkpt lat="51.542882" lon="-0.151504"><ele>32.75</ele></trkpt>
   <trkpt lat="51.54283" lon="-0.151075"><ele>32.5</ele></trkpt>
   <trkpt lat="51.542768" lon="-0.150665"><ele>31.75</ele></trkpt>
   <trkpt lat="51.542733" lon="-0.150502"><ele>30.75</ele></trkpt>
   <trkpt lat="51.542677" lon="-0.150238"><ele>30.25</ele></trkpt>
   <trkpt lat="51.542619" lon="-0.15"><ele>30.75</ele></trkpt>
   <trkpt lat="51.542569" lon="-0.149805"><ele>31</ele></trkpt>
   <trkpt lat="51.54251" lon="-0.149609"><ele>30.75</ele></trkpt>
   <trkpt lat="51.542406" lon="-0.149246"><ele>30.5</ele></trkpt>
   <trkpt lat="51.542081" lon="-0.148177"><ele>30</ele></trkpt>
   <trkpt lat="51.541981" lon="-0.147826"><ele>29.75</ele></trkpt>
   <trkpt lat="51.541898" lon="-0.147468"><ele>29.5</ele></trkpt>
   <trkpt lat="51.541863" lon="-0.147289"><ele>29.25</ele></trkpt>
   <trkpt lat="51.541839" lon="-0.147115"><ele>29.25</ele></trkpt>
   <trkpt lat="51.541811" lon="-0.146816"><ele>29</ele></trkpt>
   <trkpt lat="51.541801" lon="-0.146398"><ele>28.75</ele></trkpt>
   <trkpt lat="51.541811" lon="-0.146057"><ele>28.75</ele></trkpt>
   <trkpt lat="51.541854" lon="-0.145457"><ele>28.25</ele></trkpt>
   <trkpt lat="51.541884" lon="-0.145184"><ele>28.25</ele></trkpt>
   <trkpt lat="51.541971" lon="-0.144513"><ele>27.75</ele></trkpt>
   <trkpt lat="51.542028" lon="-0.143936"><ele>27.5</ele></trkpt>
   <trkpt lat="51.542077" lon="-0.143211"><ele>27</ele></trkpt>
   <trkpt lat="51.542101" lon="-0.142548"><ele>26.75</ele></trkpt>
   <trkpt lat="51.542081" lon="-0.142165"><ele>26.5</ele></trkpt>
   <trkpt lat="51.542077" lon="-0.141962"><ele>26.5</ele></trkpt>
   <trkpt lat="51.542074" lon="-0.141776"><ele>26.25</ele></trkpt>
   <trkpt lat="51.542073" lon="-0.141688"><ele>26.25</ele></trkpt>
   <trkpt lat="51.54207" lon="-0.141432"><ele>26</ele></trkpt>
   <trkpt lat="51.542072" lon="-0.14104"><ele>26</ele></trkpt>
   <trkpt lat="51.542066" lon="-0.140651"><ele>26</ele></trkpt>
   <trkpt lat="51.542064" lon="-0.140626"><ele>26</ele></trkpt>
   <trkpt lat="51.542054" lon="-0.140464"><ele>25.75</ele></trkpt>
   <trkpt lat="51.542029" lon="-0.140128"><ele>25.5</ele></trkpt>
   <trkpt lat="51.541988" lon="-0.139698"><ele>27</ele></trkpt>
   <trkpt lat="51.541894" lon="-0.13889"><ele>27.75</ele></trkpt>
   <trkpt lat="51.541858" lon="-0.138578"><ele>28</ele></trkpt>
   <trkpt lat="51.541804" lon="-0.138166"><ele>28.5</ele></trkpt>
   <trkpt lat="51.541784" lon="-0.138022"><ele>28.5</ele></trkpt>
   <trkpt lat="51.541648" lon="-0.137223"><ele>29.5</ele></trkpt>
   <trkpt lat="51.541393" lon="-0.135216"><ele>32</ele></trkpt>
   <trkpt lat="51.541383" lon="-0.135136"><ele>32</ele></trkpt>
   <trkpt lat="51.541255" lon="-0.134302"><ele>32.5</ele></trkpt>
   <trkpt lat="51.541216" lon="-0.133893"><ele>32.5</ele></trkpt>
   <trkpt lat="51.54118" lon="-0.133433"><ele>33.25</ele></trkpt>
   <trkpt lat="51.541166" lon="-0.133202"><ele>33.25</ele></trkpt>
   <trkpt lat="51.541125" lon="-0.132558"><ele>33.75</ele></trkpt>
   <trkpt lat="51.541045" lon="-0.131896"><ele>33</ele></trkpt>
   <trkpt lat="51.540972" lon="-0.131458"><ele>32.75</ele></trkpt>
   <trkpt lat="51.540915" lon="-0.131188"><ele>32.5</ele></trkpt>
   <trkpt lat="51.540883" lon="-0.131079"><ele>32.25</ele></trkpt>
   <trkpt lat="51.540784" lon="-0.130752"><ele>32</ele></trkpt>
   <trkpt lat="51.540718" lon="-0.130574"><ele>32</ele></trkpt>
   <trkpt lat="51.540617" lon="-0.130334"><ele>31.75</ele></trkpt>
   <trkpt lat="51.540545" lon="-0.130192"><ele>31.5</ele></trkpt>
   <trkpt lat="51.540484" lon="-0.130089"><ele>31.25</ele></trkpt>
   <trkpt lat="51.540388" lon="-0.129941"><ele>31.5</ele></trkpt>
   <trkpt lat="51.540207" lon="-0.129579"><ele>31.5</ele></trkpt>
   <trkpt lat="51.539991" lon="-0.129072"><ele>31.5</ele></trkpt>
   <trkpt lat="51.539893" lon="-0.12879"><ele>31.5</ele></trkpt>
   <trkpt lat="51.539801" lon="-0.128464"><ele>31.5</ele></trkpt>
   <trkpt lat="51.539739" lon="-0.128186"><ele>31.5</ele></trkpt>
   <trkpt lat="51.539698" lon="-0.127928"><ele>31.5</ele></trkpt>
   <trkpt lat="51.539663" lon="-0.127633"><ele>31.5</ele></trkpt>
   <trkpt lat="51.539644" lon="-0.127291"><ele>31.5</ele></trkpt>
   <trkpt lat="51.53964" lon="-0.127122"><ele>31.5</ele></trkpt>
   <trkpt lat="51.539644" lon="-0.126883"><ele>31.5</ele></trkpt>
   <trkpt lat="51.53967" lon="-0.126529"><ele>31.75</ele></trkpt>
   <trkpt lat="51.539699" lon="-0.126298"><ele>31.75</ele></trkpt>
   <trkpt lat="51.539742" lon="-0.126055"><ele>32.25</ele></trkpt>
   <trkpt lat="51.539811" lon="-0.125767"><ele>30.75</ele></trkpt>
   <trkpt lat="51.539911" lon="-0.125435"><ele>30.5</ele></trkpt>
   <trkpt lat="51.539992" lon="-0.125218"><ele>30</ele></trkpt>
   <trkpt lat="51.540025" lon="-0.125134"><ele>29.75</ele></trkpt>
   <trkpt lat="51.540117" lon="-0.124892"><ele>29.25</ele></trkpt>
   <trkpt lat="51.540204" lon="-0.124697"><ele>29</ele></trkpt>
   <trkpt lat="51.540628" lon="-0.123731"><ele>29</ele></trkpt>
   <trkpt lat="51.540771" lon="-0.123429"><ele>28</ele></trkpt>
   <trkpt lat="51.540884" lon="-0.123173"><ele>29.25</ele></trkpt>
   <trkpt lat="51.541002" lon="-0.122892"><ele>30.75</ele></trkpt>
   <trkpt lat="51.541237" lon="-0.122357"><ele>33.75</ele></trkpt>
   <trkpt lat="51.541349" lon="-0.122102"><ele>35.25</ele></trkpt>
   <trkpt lat="51.541429" lon="-0.121881"><ele>35</ele></trkpt>
   <trkpt lat="51.541475" lon="-0.121755"><ele>35</ele></trkpt>
   <trkpt lat="51.541619" lon="-0.121279"><ele>34.75</ele></trkpt>
   <trkpt lat="51.541672" lon="-0.121076"><ele>34.75</ele></trkpt>
   <trkpt lat="51.541921" lon="-0.120129"><ele>34.5</ele></trkpt>
   <trkpt lat="51.542616" lon="-0.117392"><ele>33.5</ele></trkpt>
   <trkpt lat="51.543014" lon="-0.115887"><ele>32.75</ele></trkpt>
   <trkpt lat="51.543017" lon="-0.115875"><ele>32.75</ele></trkpt>
   <trkpt lat="51.544138" lon="-0.111636"><ele>31.25</ele></trkpt>
   <trkpt lat="51.545082" lon="-0.107806"><ele>30</ele></trkpt>
   <trkpt lat="51.546292" lon="-0.102935"><ele>28.25</ele></trkpt>
   <trkpt lat="51.546348" lon="-0.10271"><ele>28</ele></trkpt>
   <trkpt lat="51.546464" lon="-0.102244"><ele>27.75</ele></trkpt>
   <trkpt lat="51.546898" lon="-0.100494"><ele>27.25</ele></trkpt>
   <trkpt lat="51.547309" lon="-0.098666"><ele>26.5</ele></trkpt>
   <trkpt lat="51.547677" lon="-0.097152"><ele>26</ele></trkpt>
   <trkpt lat="51.547855" lon="-0.096393"><ele>25.75</ele></trkpt>
   <trkpt lat="51.548042" lon="-0.095507"><ele>25.5</ele></trkpt>
   <trkpt lat="51.548266" lon="-0.094339"><ele>25</ele></trkpt>
   <trkpt lat="51.548384" lon="-0.093637"><ele>24.75</ele></trkpt>
   <trkpt lat="51.548487" lon="-0.092947"><ele>24.5</ele></trkpt>
   <trkpt lat="51.548602" lon="-0.091988"><ele>24.25</ele></trkpt>
   <trkpt lat="51.5487" lon="-0.091278"><ele>24</ele></trkpt>
   <trkpt lat="51.548756" lon="-0.090579"><ele>23.75</ele></trkpt>
   <trkpt lat="51.548798" lon="-0.089866"><ele>23.5</ele></trkpt>
   <trkpt lat="51.548831" lon="-0.089123"><ele>23.25</ele></trkpt>
   <trkpt lat="51.54885" lon="-0.08839"><ele>23</ele></trkpt>
   <trkpt lat="51.548857" lon="-0.087642"><ele>22.75</ele></trkpt>
   <trkpt lat="51.54885" lon="-0.08691"><ele>22.5</ele></trkpt>
   <trkpt lat="51.548823" lon="-0.086162"><ele>22.25</ele></trkpt>
   <trkpt lat="51.54879" lon="-0.085453"><ele>22</ele></trkpt>
   <trkpt lat="51.548693" lon="-0.083988"><ele>21.5</ele></trkpt>
   <trkpt lat="51.547877" lon="-0.074092"><ele>18.25</ele></trkpt>
   <trkpt lat="51.547057" lon="-0.064188"><ele>14.75</ele></trkpt>
   <trkpt lat="51.546943" lon="-0.062726"><ele>14.25</ele></trkpt>
   <trkpt lat="51.546848" lon="-0.06128"><ele>13.75</ele></trkpt>
   <trkpt lat="51.546776" lon="-0.059795"><ele>13.25</ele></trkpt>
   <trkpt lat="51.546747" lon="-0.059195"><ele>13</ele></trkpt>
   <trkpt lat="51.546695" lon="-0.056986"><ele>12.25</ele></trkpt>
   <trkpt lat="51.546678" lon="-0.04531"><ele>8.5</ele></trkpt>
   <trkpt lat="51.546675" lon="-0.043127"><ele>7.75</ele></trkpt>
   <trkpt lat="51.546642" lon="-0.039097"><ele>6.25</ele></trkpt>
   <trkpt lat="51.546559" lon="-0.037039"><ele>5.5</ele></trkpt>
   <trkpt lat="51.546428" lon="-0.034901"><ele>4.75</ele></trkpt>
   <trkpt lat="51.546214" lon="-0.032677"><ele>4</ele></trkpt>
   <trkpt lat="51.54599" lon="-0.03105"><ele>3.5</ele></trkpt>
   <trkpt lat="51.54588" lon="-0.030255"><ele>3.25</ele></trkpt>
   <trkpt lat="51.545502" lon="-0.027734"><ele>2.5</ele></trkpt>
   <trkpt lat="51.545188" lon="-0.025351"><ele>1.5</ele></trkpt>
   <trkpt lat="51.545144" lon="-0.025016"><ele>1.5</ele></trkpt>
   <trkpt lat="51.544903" lon="-0.022295"><ele>0.5</ele></trkpt>
   <trkpt lat="51.544784" lon="-0.019378"><ele>-0.25</ele></trkpt>
   <trkpt lat="51.544756" lon="-0.016901"><ele>-1</ele></trkpt>
   <trkpt lat="51.544751" lon="-0.016415"><ele>-1.25</ele></trkpt>
   <trkpt lat="51.544747" lon="-0.016072"><ele>-1.25</ele></trkpt>
   <trkpt lat="51.544744" lon="-0.015753"><ele>-1.5</ele></trkpt>
   <trkpt lat="51.544741" lon="-0.015468"><ele>-1.5</ele></trkpt>
   <trkpt lat="51.544744" lon="-0.014428"><ele>-2</ele></trkpt>
   <trkpt lat="51.544752" lon="-0.013905"><ele>-2</ele></trkpt>
   <trkpt lat="51.54475" lon="-0.013096"><ele>-2.5</ele></trkpt>
   <trkpt lat="51.54474" lon="-0.011937"><ele>-3.25</ele></trkpt>
   <trkpt lat="51.544734" lon="-0.011441"><ele>-3.75</ele></trkpt>
   <trkpt lat="51.544733" lon="-0.011326"><ele>-3.75</ele></trkpt>
   <trkpt lat="51.544726" lon="-0.010795"><ele>-4.25</ele></trkpt>
   <trkpt lat="51.544711" lon="-0.009063"><ele>-5.5</ele></trkpt>
   <trkpt lat="51.544701" lon="-0.008061"><ele>-6.25</ele></trkpt>
   <trkpt lat="51.544693" lon="-0.007166"><ele>-6.75</ele></trkpt>
   <trkpt lat="51.544692" lon="-0.007135"><ele>-6.75</ele></trkpt>
   <trkpt lat="51.544687" lon="-0.006797"><ele>-7</ele></trkpt>
   <trkpt lat="51.544679" lon="-0.006223"><ele>-7.5</ele></trkpt>
   <trkpt lat="51.544687" lon="-0.005745"><ele>-7.75</ele></trkpt>
   <trkpt lat="51.544741" lon="-0.004092"><ele>-8</ele></trkpt>
   <trkpt lat="51.544746" lon="-0.003791"><ele>-8.25</ele></trkpt>
   <trkpt lat="51.544728" lon="-0.003327"><ele>-9.5</ele></trkpt>
   <trkpt lat="51.544715" lon="-0.003021"><ele>-9.5</ele></trkpt>
   <trkpt lat="51.544607" lon="-0.000616"><ele>-5.25</ele></trkpt>
   <trkpt lat="51.544607" lon="-0.000311"><ele>-5</ele></trkpt>
   <trkpt lat="51.54452" lon="0.004647"><ele>-4.75</ele></trkpt>
   <trkpt lat="51.544681" lon="0.008219"><ele>-4.75</ele></trkpt>
   <trkpt lat="51.544936" lon="0.010855"><ele>-4.5</ele></trkpt>
   <trkpt lat="51.545295" lon="0.013527"><ele>-4.5</ele></trkpt>
   <trkpt lat="51.54581" lon="0.016495"><ele>-4.25</ele></trkpt>
   <trkpt lat="51.54636" lon="0.019452"><ele>-4.25</ele></trkpt>
   <trkpt lat="51.546743" lon="0.021848"><ele>-4</ele></trkpt>
   <trkpt lat="51.546935" lon="0.023247"><ele>-4</ele></trkpt>
   <trkpt lat="51.547096" lon="0.024743"><ele>-3.75</ele></trkpt>
   <trkpt lat="51.547278" lon="0.026971"><ele>-3.75</ele></trkpt>
   <trkpt lat="51.547408" lon="0.029269"><ele>-3.75</ele></trkpt>
   <trkpt lat="51.547626" lon="0.032969"><ele>-3.5</ele></trkpt>
   <trkpt lat="51.547925" lon="0.038279"><ele>-3.25</ele></trkpt>
   <trkpt lat="51.547986" lon="0.039744"><ele>-3</ele></trkpt>
   <trkpt lat="51.548019" lon="0.041615"><ele>-3</ele></trkpt>
   <trkpt lat="51.547988" lon="0.04352"><ele>-3</ele></trkpt>
   <trkpt lat="51.54789" lon="0.046128"><ele>-2.75</ele></trkpt>
   <trkpt lat="51.54767" lon="0.048792"><ele>-2.75</ele></trkpt>
   <trkpt lat="51.547181" lon="0.052501"><ele>-2.5</ele></trkpt>
   <trkpt lat="51.546743" lon="0.055298"><ele>-2.25</ele></trkpt>
   <trkpt lat="51.546287" lon="0.05799"><ele>-2.25</ele></trkpt>
   <trkpt lat="51.545507" lon="0.062078"><ele>-2</ele></trkpt>
   <trkpt lat="51.544772" lon="0.065984"><ele>-1.75</ele></trkpt>
   <trkpt lat="51.544037" lon="0.069044"><ele>-1.75</ele></trkpt>
   <trkpt lat="51.543588" lon="0.070753"><ele>-1.5</ele></trkpt>
   <trkpt lat="51.543185" lon="0.072076"><ele>-1.5</ele></trkpt>
   <trkpt lat="51.542971" lon="0.072743"><ele>-1.5</ele></trkpt>
   <trkpt lat="51.542719" lon="0.073473"><ele>-1.5</ele></trkpt>
   <trkpt lat="51.542235" lon="0.07478"><ele>-1.25</ele></trkpt>
   <trkpt lat="51.542003" lon="0.075381"><ele>-1.25</ele></trkpt>
   <trkpt lat="51.541544" lon="0.076473"><ele>-1.25</ele></trkpt>
   <trkpt lat="51.541258" lon="0.077113"><ele>-1.25</ele></trkpt>
   <trkpt lat="51.540759" lon="0.078141"><ele>-1.25</ele></trkpt>
   <trkpt lat="51.540102" lon="0.079432"><ele>-1</ele></trkpt>
   <trkpt lat="51.536934" lon="0.085368"><ele>-0.75</ele></trkpt>
   <trkpt lat="51.536723" lon="0.085713"><ele>-0.75</ele></trkpt>
   <trkpt lat="51.535764" lon="0.087539"><ele>-0.5</ele></trkpt>
   <trkpt lat="51.534304" lon="0.090922"><ele>-0.25</ele></trkpt>
   <trkpt lat="51.533432" lon="0.093305"><ele>-0.25</ele></trkpt>
   <trkpt lat="51.532817" lon="0.095133"><ele>0</ele></trkpt>
   <trkpt lat="51.531826" lon="0.098639"><ele>0</ele></trkpt>
   <trkpt lat="51.531031" lon="0.10226"><ele>0</ele></trkpt>
   <trkpt lat="51.530467" lon="0.105773"><ele>0.25</ele></trkpt>
   <trkpt lat="51.530019" lon="0.109033"><ele>0.5</ele></trkpt>
   <trkpt lat="51.529521" lon="0.113683"><ele>0.5</ele></trkpt>
   <trkpt lat="51.529229" lon="0.116667"><ele>0.75</ele></trkpt>
   <trkpt lat="51.529073" lon="0.118017"><ele>0.75</ele></trkpt>
   <trkpt lat="51.528824" lon="0.119602"><ele>1</ele></trkpt>
   <trkpt lat="51.528693" lon="0.120394"><ele>1</ele></trkpt>
   <trkpt lat="51.527946" lon="0.124687"><ele>1.25</ele></trkpt>
   <trkpt lat="51.52754" lon="0.12787"><ele>1.25</ele></trkpt>
   <trkpt lat="51.527329" lon="0.130431"><ele>1.5</ele></trkpt>
   <trkpt lat="51.527201" lon="0.132163"><ele>1.5</ele></trkpt>
   <trkpt lat="51.527138" lon="0.133272"><ele>1.5</ele></trkpt>
   <trkpt lat="51.527069" lon="0.134489"><ele>1.75</ele></trkpt>
   <trkpt lat="51.526904" lon="0.137131"><ele>1.75</ele></trkpt>
   <trkpt lat="51.52672" lon="0.139013"><ele>2</ele></trkpt>
   <trkpt lat="51.526523" lon="0.140836"><ele>2</ele></trkpt>
   <trkpt lat="51.525834" lon="0.146904"><ele>1.75</ele></trkpt>
   <trkpt lat="51.525655" lon="0.148475"><ele>1.5</ele></trkpt>
   <trkpt lat="51.525442" lon="0.150521"><ele>1.25</ele></trkpt>
   <trkpt lat="51.525239" lon="0.152588"><ele>1</ele></trkpt>
   <trkpt lat="51.525075" lon="0.154131"><ele>1</ele></trkpt>
   <trkpt lat="51.524922" lon="0.155491"><ele>1</ele></trkpt>
   <trkpt lat="51.524738" lon="0.157092"><ele>1</ele></trkpt>
   <trkpt lat="51.524074" lon="0.162937"><ele>1.75</ele></trkpt>
   <trkpt lat="51.524047" lon="0.163189"><ele>1.75</ele></trkpt>
   <trkpt lat="51.523752" lon="0.165758"><ele>1.25</ele></trkpt>
   <trkpt lat="51.523522" lon="0.167681"><ele>2</ele></trkpt>
   <trkpt lat="51.523372" lon="0.168825"><ele>2.5</ele></trkpt>
   <trkpt lat="51.523213" lon="0.169978"><ele>1.75</ele></trkpt>
   <trkpt lat="51.523125" lon="0.170579"><ele>1.75</ele></trkpt>
   <trkpt lat="51.522855" lon="0.172284"><ele>1.5</ele></trkpt>
   <trkpt lat="51.522615" lon="0.173688"><ele>1.75</ele></trkpt>
   <trkpt lat="51.522334" lon="0.175193"><ele>1.25</ele></trkpt>
   <trkpt lat="51.522143" lon="0.176139"><ele>1.5</ele></trkpt>
   <trkpt lat="51.521927" lon="0.177132"><ele>1.5</ele></trkpt>
   <trkpt lat="51.52171" lon="0.178047"><ele>1.75</ele></trkpt>
   <trkpt lat="51.521578" lon="0.178571"><ele>2</ele></trkpt>
   <trkpt lat="51.521232" lon="0.179799"><ele>2</ele></trkpt>
   <trkpt lat="51.520954" lon="0.180714"><ele>2.5</ele></trkpt>
   <trkpt lat="51.520791" lon="0.181209"><ele>2.75</ele></trkpt>
   <trkpt lat="51.520513" lon="0.182094"><ele>2.75</ele></trkpt>
   <trkpt lat="51.520249" lon="0.182829"><ele>2.75</ele></trkpt>
   <trkpt lat="51.519808" lon="0.183966"><ele>3.25</ele></trkpt>
   <trkpt lat="51.519355" lon="0.185054"><ele>3.5</ele></trkpt>
   <trkpt lat="51.518907" lon="0.186041"><ele>3.75</ele></trkpt>
   <trkpt lat="51.518547" lon="0.186786"><ele>4</ele></trkpt>
   <trkpt lat="51.518256" lon="0.187352"><ele>4</ele></trkpt>
   <trkpt lat="51.517784" lon="0.188235"><ele>4.5</ele></trkpt>
   <trkpt lat="51.517365" lon="0.188961"><ele>4.75</ele></trkpt>
   <trkpt lat="51.517232" lon="0.189148"><ele>4.75</ele></trkpt>
   <trkpt lat="51.516101" lon="0.191003"><ele>2.75</ele></trkpt>
   <trkpt lat="51.514982" lon="0.192815"><ele>2</ele></trkpt>
   <trkpt lat="51.511944" lon="0.197714"><ele>1.75</ele></trkpt>
   <trkpt lat="51.511414" lon="0.198576"><ele>1.75</ele></trkpt>
   <trkpt lat="51.510632" lon="0.199873"><ele>1.5</ele></trkpt>
   <trkpt lat="51.510118" lon="0.20075"><ele>1</ele></trkpt>
   <trkpt lat="51.509471" lon="0.201875"><ele>1</ele></trkpt>
   <trkpt lat="51.50757" lon="0.205254"><ele>1.5</ele></trkpt>
   <trkpt lat="51.505421" lon="0.209083"><ele>1</ele></trkpt>
   <trkpt lat="51.504093" lon="0.211448"><ele>1.75</ele></trkpt>
   <trkpt lat="51.502148" lon="0.214897"><ele>1.25</ele></trkpt>
   <trkpt lat="51.501866" lon="0.215359"><ele>1</ele></trkpt>
   <trkpt lat="51.501164" lon="0.216549"><ele>1.25</ele></trkpt>
   <trkpt lat="51.500292" lon="0.217934"><ele>1.5</ele></trkpt>
   <trkpt lat="51.499832" lon="0.21866"><ele>1.25</ele></trkpt>
   <trkpt lat="51.499373" lon="0.219402"><ele>1.5</ele></trkpt>
   <trkpt lat="51.498624" lon="0.220674"><ele>1.25</ele></trkpt>
   <trkpt lat="51.498292" lon="0.221253"><ele>1.75</ele></trkpt>
   <trkpt lat="51.497953" lon="0.221863"><ele>1.25</ele></trkpt>
   <trkpt lat="51.497728" lon="0.222286"><ele>1</ele></trkpt>
   <trkpt lat="51.4972" lon="0.223303"><ele>1</ele></trkpt>
   <trkpt lat="51.496377" lon="0.224915"><ele>1</ele></trkpt>
   <trkpt lat="51.494955" lon="0.22772"><ele>1</ele></trkpt>
   <trkpt lat="51.49281" lon="0.231989"><ele>1</ele></trkpt>
   <trkpt lat="51.492399" lon="0.232819"><ele>1</ele></trkpt>
   <trkpt lat="51.491863" lon="0.233825"><ele>1</ele></trkpt>
   <trkpt lat="51.491215" lon="0.234979"><ele>1</ele></trkpt>
   <trkpt lat="51.490806" lon="0.235669"><ele>1.25</ele></trkpt>
   <trkpt lat="51.489949" lon="0.237051"><ele>1.25</ele></trkpt>
   <trkpt lat="51.489126" lon="0.238278"><ele>2</ele></trkpt>
   <trkpt lat="51.488829" lon="0.238705"><ele>2</ele></trkpt>
   <trkpt lat="51.488566" lon="0.239071"><ele>3.5</ele></trkpt>
   <trkpt lat="51.488248" lon="0.239503"><ele>5</ele></trkpt>
   <trkpt lat="51.487811" lon="0.240126"><ele>5.25</ele></trkpt>
   <trkpt lat="51.487353" lon="0.240784"><ele>5.5</ele></trkpt>
   <trkpt lat="51.486853" lon="0.241529"><ele>5.5</ele></trkpt>
   <trkpt lat="51.48628" lon="0.242412"><ele>7</ele></trkpt>
   <trkpt lat="51.485774" lon="0.243255"><ele>7</ele></trkpt>
   <trkpt lat="51.484956" lon="0.244691"><ele>7</ele></trkpt>
   <trkpt lat="51.484551" lon="0.245445"><ele>10</ele></trkpt>
   <trkpt lat="51.484008" lon="0.246508"><ele>11.5</ele></trkpt>
   <trkpt lat="51.483498" lon="0.247591"><ele>12.25</ele></trkpt>
   <trkpt lat="51.483012" lon="0.248673"><ele>11.5</ele></trkpt>
   <trkpt lat="51.482425" lon="0.250043"><ele>13</ele></trkpt>
   <trkpt lat="51.48196" lon="0.251168"><ele>12</ele></trkpt>
   <trkpt lat="51.481454" lon="0.252424"><ele>13.75</ele></trkpt>
   <trkpt lat="51.480948" lon="0.253629"><ele>14.75</ele></trkpt>
   <trkpt lat="51.480513" lon="0.2546"><ele>12.5</ele></trkpt>
   <trkpt lat="51.479985" lon="0.255711"><ele>12.5</ele></trkpt>
   <trkpt lat="51.479782" lon="0.256104"><ele>13.5</ele></trkpt>
   <trkpt lat="51.47955" lon="0.256544"><ele>14.25</ele></trkpt>
   <trkpt lat="51.478883" lon="0.257728"><ele>13</ele></trkpt>
   <trkpt lat="51.478663" lon="0.258136"><ele>12.75</ele></trkpt>
   <trkpt lat="51.478278" lon="0.258817"><ele>12</ele></trkpt>
   <trkpt lat="51.476657" lon="0.261551"><ele>9.5</ele></trkpt>
   <trkpt lat="51.474881" lon="0.264465"><ele>6.75</ele></trkpt>
   <trkpt lat="51.474411" lon="0.265189"><ele>6</ele></trkpt>
   <trkpt lat="51.474094" lon="0.265727"><ele>5.5</ele></trkpt>
   <trkpt lat="51.473609" lon="0.2665"><ele>4.75</ele></trkpt>
   <trkpt lat="51.472057" lon="0.269059"><ele>2.25</ele></trkpt>
   <trkpt lat="51.471205" lon="0.270451"><ele>0.75</ele></trkpt>
   <trkpt lat="51.470278" lon="0.271976"><ele>0.75</ele></trkpt>
   <trkpt lat="51.46973" lon="0.272891"><ele>1</ele></trkpt>
   <trkpt lat="51.469524" lon="0.273258"><ele>1</ele></trkpt>
   <trkpt lat="51.469436" lon="0.273416"><ele>1</ele></trkpt>
   <trkpt lat="51.469178" lon="0.273923"><ele>1</ele></trkpt>
   <trkpt lat="51.468324" lon="0.275555"><ele>1</ele></trkpt>
   <trkpt lat="51.467354" lon="0.277615"><ele>1</ele></trkpt>
   <trkpt lat="51.466774" lon="0.279071"><ele>1.25</ele></trkpt>
   <trkpt lat="51.466306" lon="0.280335"><ele>1.25</ele></trkpt>
   <trkpt lat="51.465948" lon="0.281433"><ele>1.25</ele></trkpt>
   <trkpt lat="51.465547" lon="0.282723"><ele>1.25</ele></trkpt>
   <trkpt lat="51.465111" lon="0.284355"><ele>1.5</ele></trkpt>
   <trkpt lat="51.464608" lon="0.2864"><ele>1.5</ele></trkpt>
   <trkpt lat="51.463937" lon="0.289301"><ele>1.75</ele></trkpt>
   <trkpt lat="51.463576" lon="0.290727"><ele>1.75</ele></trkpt>
   <trkpt lat="51.463184" lon="0.292127"><ele>1.75</ele></trkpt>
   <trkpt lat="51.462835" lon="0.293271"><ele>1.75</ele></trkpt>
   <trkpt lat="51.462459" lon="0.294389"><ele>2</ele></trkpt>
   <trkpt lat="51.461464" lon="0.297149"><ele>2</ele></trkpt>
   <trkpt lat="51.460805" lon="0.298691"><ele>2.25</ele></trkpt>
   <trkpt lat="51.4604" lon="0.299592"><ele>2.25</ele></trkpt>
   <trkpt lat="51.459521" lon="0.301332"><ele>2.25</ele></trkpt>
   <trkpt lat="51.458402" lon="0.303319"><ele>2.5</ele></trkpt>
   <trkpt lat="51.457106" lon="0.305421"><ele>2.5</ele></trkpt>
   <trkpt lat="51.45605" lon="0.306988"><ele>2.75</ele></trkpt>
   <trkpt lat="51.454758" lon="0.308662"><ele>2.75</ele></trkpt>
   <trkpt lat="51.454314" lon="0.309257"><ele>2.75</ele></trkpt>
   <trkpt lat="51.453568" lon="0.310255"><ele>3</ele></trkpt>
   <trkpt lat="51.453382" lon="0.310495"><ele>3</ele></trkpt>
   <trkpt lat="51.452308" lon="0.311843"><ele>3.5</ele></trkpt>
   <trkpt lat="51.45154" lon="0.312815"><ele>4</ele></trkpt>
   <trkpt lat="51.45076" lon="0.313765"><ele>4.25</ele></trkpt>
   <trkpt lat="51.450054" lon="0.314602"><ele>4.5</ele></trkpt>
   <trkpt lat="51.449684" lon="0.314996"><ele>5</ele></trkpt>
   <trkpt lat="51.449308" lon="0.315366"><ele>5.75</ele></trkpt>
   <trkpt lat="51.448614" lon="0.316087"><ele>7.5</ele></trkpt>
   <trkpt lat="51.448254" lon="0.316431"><ele>6.25</ele></trkpt>
   <trkpt lat="51.447579" lon="0.317056"><ele>6</ele></trkpt>
   <trkpt lat="51.446505" lon="0.317987"><ele>5.25</ele></trkpt>
   <trkpt lat="51.444906" lon="0.319207"><ele>4.25</ele></trkpt>
   <trkpt lat="51.444221" lon="0.319672"><ele>4.25</ele></trkpt>
   <trkpt lat="51.443872" lon="0.319897"><ele>4.25</ele></trkpt>
   <trkpt lat="51.443476" lon="0.320142"><ele>5.75</ele></trkpt>
   <trkpt lat="51.443109" lon="0.320357"><ele>5</ele></trkpt>
   <trkpt lat="51.442706" lon="0.320587"><ele>5.25</ele></trkpt>
   <trkpt lat="51.442035" lon="0.320956"><ele>5.5</ele></trkpt>
   <trkpt lat="51.441477" lon="0.321233"><ele>5.25</ele></trkpt>
   <trkpt lat="51.440944" lon="0.321484"><ele>5</ele></trkpt>
   <trkpt lat="51.439953" lon="0.321901"><ele>5.25</ele></trkpt>
   <trkpt lat="51.439504" lon="0.322059"><ele>5.25</ele></trkpt>
   <trkpt lat="51.439362" lon="0.322101"><ele>5.5</ele></trkpt>
   <trkpt lat="51.437825" lon="0.32274"><ele>6.25</ele></trkpt>
   <trkpt lat="51.437554" lon="0.322853"><ele>6.5</ele></trkpt>
   <trkpt lat="51.435963" lon="0.323509"><ele>6</ele></trkpt>
   <trkpt lat="51.435507" lon="0.323674"><ele>5.25</ele></trkpt>
   <trkpt lat="51.435192" lon="0.323815"><ele>4.5</ele></trkpt>
   <trkpt lat="51.434956" lon="0.323911"><ele>5.75</ele></trkpt>
   <trkpt lat="51.433105" lon="0.324613"><ele>7.75</ele></trkpt>
   <trkpt lat="51.432594" lon="0.324848"><ele>9</ele></trkpt>
   <trkpt lat="51.432082" lon="0.325096"><ele>9.25</ele></trkpt>
   <trkpt lat="51.431594" lon="0.325354"><ele>8.5</ele></trkpt>
   <trkpt lat="51.431111" lon="0.325638"><ele>8</ele></trkpt>
   <trkpt lat="51.430102" lon="0.326281"><ele>7.5</ele></trkpt>
   <trkpt lat="51.429713" lon="0.326557"><ele>5.5</ele></trkpt>
   <trkpt lat="51.429327" lon="0.326844"><ele>5.5</ele></trkpt>
   <trkpt lat="51.428744" lon="0.327314"><ele>6.75</ele></trkpt>
   <trkpt lat="51.427943" lon="0.327961"><ele>8.75</ele></trkpt>
   <trkpt lat="51.426428" lon="0.329523"><ele>12.75</ele></trkpt>
   <trkpt lat="51.425777" lon="0.330248"><ele>12.75</ele></trkpt>
   <trkpt lat="51.42513" lon="0.331059"><ele>16.5</ele></trkpt>
   <trkpt lat="51.424881" lon="0.331404"><ele>15</ele></trkpt>
   <trkpt lat="51.424581" lon="0.331779"><ele>10</ele></trkpt>
   <trkpt lat="51.424265" lon="0.332225"><ele>9.5</ele></trkpt>
   <trkpt lat="51.42365" lon="0.333137"><ele>11.75</ele></trkpt>
   <trkpt lat="51.423262" lon="0.33375"><ele>13</ele></trkpt>
   <trkpt lat="51.422883" lon="0.334376"><ele>14.5</ele></trkpt>
   <trkpt lat="51.422285" lon="0.335461"><ele>22</ele></trkpt>
   <trkpt lat="51.4218" lon="0.336403"><ele>22.75</ele></trkpt>
   <trkpt lat="51.421396" lon="0.337215"><ele>17.25</ele></trkpt>
   <trkpt lat="51.421216" lon="0.337595"><ele>19.5</ele></trkpt>
   <trkpt lat="51.421043" lon="0.337981"><ele>18.5</ele></trkpt>
   <trkpt lat="51.420704" lon="0.338774"><ele>20.5</ele></trkpt>
   <trkpt lat="51.420414" lon="0.339478"><ele>21</ele></trkpt>
   <trkpt lat="51.420134" lon="0.340201"><ele>21.25</ele></trkpt>
   <trkpt lat="51.419741" lon="0.341291"><ele>22.5</ele></trkpt>
   <trkpt lat="51.419369" lon="0.342414"><ele>24.5</ele></trkpt>
   <trkpt lat="51.419086" lon="0.343324"><ele>26</ele></trkpt>
   <trkpt lat="51.418805" lon="0.344246"><ele>26.5</ele></trkpt>
   <trkpt lat="51.417978" lon="0.347019"><ele>33</ele></trkpt>
   <trkpt lat="51.417322" lon="0.349223"><ele>38.25</ele></trkpt>
   <trkpt lat="51.415079" lon="0.356724"><ele>45.75</ele></trkpt>
   <trkpt lat="51.414684" lon="0.358067"><ele>47.25</ele></trkpt>
   <trkpt lat="51.414317" lon="0.359288"><ele>48.5</ele></trkpt>
   <trkpt lat="51.413593" lon="0.361682"><ele>55</ele></trkpt>
   <trkpt lat="51.410989" lon="0.370419"><ele>65</ele></trkpt>
   <trkpt lat="51.40955" lon="0.37521"><ele>66</ele></trkpt>
   <trkpt lat="51.408115" lon="0.380017"><ele>67.75</ele></trkpt>
   <trkpt lat="51.407491" lon="0.382105"><ele>68</ele></trkpt>
   <trkpt lat="51.406422" lon="0.385831"><ele>69</ele></trkpt>
   <trkpt lat="51.405926" lon="0.387484"><ele>73.75</ele></trkpt>
   <trkpt lat="51.404367" lon="0.392688"><ele>75.25</ele></trkpt>
   <trkpt lat="51.404129" lon="0.393504"><ele>77.25</ele></trkpt>
   <trkpt lat="51.403788" lon="0.394703"><ele>79</ele></trkpt>
   <trkpt lat="51.40325" lon="0.396737"><ele>84.25</ele></trkpt>
   <trkpt lat="51.402782" lon="0.398671"><ele>87</ele></trkpt>
   <trkpt lat="51.402464" lon="0.400108"><ele>90</ele></trkpt>
   <trkpt lat="51.402179" lon="0.401496"><ele>93</ele></trkpt>
   <trkpt lat="51.402003" lon="0.402422"><ele>94.25</ele></trkpt>
   <trkpt lat="51.401793" lon="0.403582"><ele>97.75</ele></trkpt>
   <trkpt lat="51.401587" lon="0.404773"><ele>104.25</ele></trkpt>
   <trkpt lat="51.401542" lon="0.405059"><ele>105.5</ele></trkpt>
   <trkpt lat="51.401366" lon="0.406224"><ele>100.75</ele></trkpt>
   <trkpt lat="51.401203" lon="0.407385"><ele>103</ele></trkpt>
   <trkpt lat="51.401091" lon="0.408219"><ele>103</ele></trkpt>
   <trkpt lat="51.400978" lon="0.409154"><ele>104.75</ele></trkpt>
   <trkpt lat="51.40081" lon="0.410687"><ele>104.25</ele></trkpt>
   <trkpt lat="51.400689" lon="0.411937"><ele>112.75</ele></trkpt>
   <trkpt lat="51.400502" lon="0.41436"><ele>112.75</ele></trkpt>
   <trkpt lat="51.400389" lon="0.416407"><ele>114.5</ele></trkpt>
   <trkpt lat="51.400357" lon="0.417194"><ele>111.25</ele></trkpt>
   <trkpt lat="51.400231" lon="0.420928"><ele>101.75</ele></trkpt>
   <trkpt lat="51.400173" lon="0.422059"><ele>98.5</ele></trkpt>
   <trkpt lat="51.400143" lon="0.422882"><ele>97.25</ele></trkpt>
   <trkpt lat="51.400084" lon="0.423949"><ele>96</ele></trkpt>
   <trkpt lat="51.400009" lon="0.425128"><ele>95.25</ele></trkpt>
   <trkpt lat="51.39997" lon="0.425648"><ele>93.25</ele></trkpt>
   <trkpt lat="51.39985" lon="0.427012"><ele>90.5</ele></trkpt>
   <trkpt lat="51.399772" lon="0.427803"><ele>90</ele></trkpt>
   <trkpt lat="51.399625" lon="0.429133"><ele>89.25</ele></trkpt>
   <trkpt lat="51.399517" lon="0.430007"><ele>86.5</ele></trkpt>
   <trkpt lat="51.399362" lon="0.431154"><ele>85.25</ele></trkpt>
   <trkpt lat="51.399215" lon="0.432155"><ele>82.5</ele></trkpt>
   <trkpt lat="51.398991" lon="0.433543"><ele>77.75</ele></trkpt>
   <trkpt lat="51.398834" lon="0.434442"><ele>80.25</ele></trkpt>
   <trkpt lat="51.398578" lon="0.435801"><ele>78.25</ele></trkpt>
   <trkpt lat="51.398284" lon="0.437231"><ele>76.75</ele></trkpt>
   <trkpt lat="51.398157" lon="0.437815"><ele>77</ele></trkpt>
   <trkpt lat="51.397731" lon="0.439653"><ele>78.25</ele></trkpt>
   <trkpt lat="51.39756" lon="0.440331"><ele>77</ele></trkpt>
   <trkpt lat="51.397122" lon="0.441958"><ele>81</ele></trkpt>
   <trkpt lat="51.396938" lon="0.442604"><ele>79.5</ele></trkpt>
   <trkpt lat="51.396566" lon="0.44386"><ele>83.25</ele></trkpt>
   <trkpt lat="51.396272" lon="0.444798"><ele>83.75</ele></trkpt>
   <trkpt lat="51.395871" lon="0.446011"><ele>84.75</ele></trkpt>
   <trkpt lat="51.395466" lon="0.447176"><ele>87.25</ele></trkpt>
   <trkpt lat="51.394903" lon="0.448703"><ele>88.5</ele></trkpt>
   <trkpt lat="51.394468" lon="0.4498"><ele>87.25</ele></trkpt>
   <trkpt lat="51.3939" lon="0.451169"><ele>86</ele></trkpt>
   <trkpt lat="51.393668" lon="0.451703"><ele>86</ele></trkpt>
   <trkpt lat="51.392961" lon="0.453252"><ele>86</ele></trkpt>
   <trkpt lat="51.392325" lon="0.454566"><ele>84.5</ele></trkpt>
   <trkpt lat="51.391721" lon="0.455758"><ele>82.25</ele></trkpt>
   <trkpt lat="51.391598" lon="0.455982"><ele>82.25</ele></trkpt>
   <trkpt lat="51.390874" lon="0.457297"><ele>79</ele></trkpt>
   <trkpt lat="51.390648" lon="0.457692"><ele>79</ele></trkpt>
   <trkpt lat="51.389966" lon="0.458842"><ele>75.75</ele></trkpt>
   <trkpt lat="51.389148" lon="0.460147"><ele>71.5</ele></trkpt>
   <trkpt lat="51.388501" lon="0.461113"><ele>69</ele></trkpt>
   <trkpt lat="51.388031" lon="0.461782"><ele>66.5</ele></trkpt>
   <trkpt lat="51.387932" lon="0.461923"><ele>66.5</ele></trkpt>
   <trkpt lat="51.387189" lon="0.462953"><ele>63.75</ele></trkpt>
   <trkpt lat="51.386396" lon="0.463977"><ele>60.25</ele></trkpt>
   <trkpt lat="51.385941" lon="0.464536"><ele>59.75</ele></trkpt>
   <trkpt lat="51.385106" lon="0.465525"><ele>55.5</ele></trkpt>
   <trkpt lat="51.384491" lon="0.466216"><ele>51.5</ele></trkpt>
   <trkpt lat="51.384136" lon="0.466587"><ele>48.25</ele></trkpt>
   <trkpt lat="51.383196" lon="0.467555"><ele>44.25</ele></trkpt>
   <trkpt lat="51.382656" lon="0.468098"><ele>47.5</ele></trkpt>
   <trkpt lat="51.381854" lon="0.468875"><ele>44.25</ele></trkpt>
   <trkpt lat="51.381574" lon="0.469127"><ele>45.25</ele></trkpt>
   <trkpt lat="51.380553" lon="0.470085"><ele>38.75</ele></trkpt>
   <trkpt lat="51.380372" lon="0.470251"><ele>38.25</ele></trkpt>
   <trkpt lat="51.379981" lon="0.47061"><ele>37.75</ele></trkpt>
   <trkpt lat="51.379473" lon="0.471069"><ele>37.5</ele></trkpt>
   <trkpt lat="51.378733" lon="0.471773"><ele>36.75</ele></trkpt>
   <trkpt lat="51.37686" lon="0.473518"><ele>35.25</ele></trkpt>
   <trkpt lat="51.376265" lon="0.474063"><ele>34.75</ele></trkpt>
   <trkpt lat="51.375449" lon="0.474847"><ele>34</ele></trkpt>
   <trkpt lat="51.374743" lon="0.475508"><ele>33.5</ele></trkpt>
   <trkpt lat="51.371304" lon="0.478787"><ele>30.75</ele></trkpt>
   <trkpt lat="51.370285" lon="0.479747"><ele>30</ele></trkpt>
   <trkpt lat="51.369496" lon="0.48048"><ele>30</ele></trkpt>
   <trkpt lat="51.360661" lon="0.488771"><ele>42.75</ele></trkpt>
   <trkpt lat="51.359102" lon="0.490232"><ele>47.75</ele></trkpt>
   <trkpt lat="51.356418" lon="0.492754"><ele>55.75</ele></trkpt>
   <trkpt lat="51.355118" lon="0.493958"><ele>60.75</ele></trkpt>
   <trkpt lat="51.354219" lon="0.494752"><ele>63.75</ele></trkpt>
   <trkpt lat="51.353408" lon="0.495451"><ele>66</ele></trkpt>
   <trkpt lat="51.352834" lon="0.495919"><ele>68</ele></trkpt>
   <trkpt lat="51.352214" lon="0.496399"><ele>69</ele></trkpt>
   <trkpt lat="51.351127" lon="0.497205"><ele>73</ele></trkpt>
   <trkpt lat="51.350308" lon="0.497775"><ele>75</ele></trkpt>
   <trkpt lat="51.34926" lon="0.49846"><ele>79</ele></trkpt>
   <trkpt lat="51.348474" lon="0.498941"><ele>80.5</ele></trkpt>
   <trkpt lat="51.347691" lon="0.499391"><ele>83.75</ele></trkpt>
   <trkpt lat="51.346861" lon="0.499853"><ele>87.25</ele></trkpt>
   <trkpt lat="51.34634" lon="0.500121"><ele>87.75</ele></trkpt>
   <trkpt lat="51.345175" lon="0.500689"><ele>90.5</ele></trkpt>
   <trkpt lat="51.34488" lon="0.500816"><ele>90.25</ele></trkpt>
   <trkpt lat="51.343302" lon="0.501419"><ele>89.25</ele></trkpt>
   <trkpt lat="51.341826" lon="0.501927"><ele>88.25</ele></trkpt>
   <trkpt lat="51.339939" lon="0.502504"><ele>87</ele></trkpt>
   <trkpt lat="51.338063" lon="0.502883"><ele>86</ele></trkpt>
   <trkpt lat="51.336214" lon="0.503224"><ele>84.75</ele></trkpt>
   <trkpt lat="51.334352" lon="0.503601"><ele>83.5</ele></trkpt>
   <trkpt lat="51.332572" lon="0.504035"><ele>82.5</ele></trkpt>
   <trkpt lat="51.330798" lon="0.504517"><ele>81.25</ele></trkpt>
   <trkpt lat="51.328555" lon="0.505252"><ele>80</ele></trkpt>
   <trkpt lat="51.326265" lon="0.506156"><ele>78.5</ele></trkpt>
   <trkpt lat="51.323825" lon="0.507309"><ele>76.75</ele></trkpt>
   <trkpt lat="51.322409" lon="0.50803"><ele>76</ele></trkpt>
   <trkpt lat="51.320985" lon="0.508815"><ele>75</ele></trkpt>
   <trkpt lat="51.319589" lon="0.509683"><ele>74</ele></trkpt>
   <trkpt lat="51.318196" lon="0.510643"><ele>73.25</ele></trkpt>
   <trkpt lat="51.316717" lon="0.511761"><ele>72.25</ele></trkpt>
   <trkpt lat="51.3165" lon="0.511926"><ele>72.25</ele></trkpt>
   <trkpt lat="51.315067" lon="0.513111"><ele>69.75</ele></trkpt>
   <trkpt lat="51.314131" lon="0.513951"><ele>67.75</ele></trkpt>
   <trkpt lat="51.313365" lon="0.514665"><ele>66.25</ele></trkpt>
   <trkpt lat="51.312575" lon="0.515446"><ele>65.75</ele></trkpt>
   <trkpt lat="51.311925" lon="0.516111"><ele>64.25</ele></trkpt>
   <trkpt lat="51.311224" lon="0.516864"><ele>65.75</ele></trkpt>
   <trkpt lat="51.310443" lon="0.517732"><ele>63</ele></trkpt>
   <trkpt lat="51.309872" lon="0.518398"><ele>63.25</ele></trkpt>
   <trkpt lat="51.309161" lon="0.519248"><ele>58.25</ele></trkpt>
   <trkpt lat="51.308412" lon="0.520194"><ele>57.5</ele></trkpt>
   <trkpt lat="51.307545" lon="0.521335"><ele>53.75</ele></trkpt>
   <trkpt lat="51.306705" lon="0.522512"><ele>51.25</ele></trkpt>
   <trkpt lat="51.305788" lon="0.523842"><ele>48.25</ele></trkpt>
   <trkpt lat="51.305024" lon="0.525001"><ele>46</ele></trkpt>
   <trkpt lat="51.304288" lon="0.526153"><ele>44.5</ele></trkpt>
   <trkpt lat="51.303824" lon="0.526909"><ele>44</ele></trkpt>
   <trkpt lat="51.303216" lon="0.527942"><ele>42</ele></trkpt>
   <trkpt lat="51.302362" lon="0.529419"><ele>43</ele></trkpt>
   <trkpt lat="51.301397" lon="0.531184"><ele>42</ele></trkpt>
   <trkpt lat="51.30067" lon="0.532591"><ele>42</ele></trkpt>
   <trkpt lat="51.299826" lon="0.534319"><ele>41.75</ele></trkpt>
   <trkpt lat="51.298861" lon="0.536372"><ele>41.25</ele></trkpt>
   <trkpt lat="51.298116" lon="0.538103"><ele>41.25</ele></trkpt>
   <trkpt lat="51.297609" lon="0.539356"><ele>41.25</ele></trkpt>
   <trkpt lat="51.297253" lon="0.540256"><ele>41</ele></trkpt>
   <trkpt lat="51.296838" lon="0.541357"><ele>42.75</ele></trkpt>
   <trkpt lat="51.296525" lon="0.542229"><ele>43</ele></trkpt>
   <trkpt lat="51.296165" lon="0.543271"><ele>44.5</ele></trkpt>
   <trkpt lat="51.295749" lon="0.544517"><ele>47.5</ele></trkpt>
   <trkpt lat="51.29532" lon="0.545837"><ele>48.5</ele></trkpt>
   <trkpt lat="51.293272" lon="0.552403"><ele>60.75</ele></trkpt>
   <trkpt lat="51.292892" lon="0.553599"><ele>62.75</ele></trkpt>
   <trkpt lat="51.292457" lon="0.555005"><ele>67</ele></trkpt>
   <trkpt lat="51.290538" lon="0.561114"><ele>76.25</ele></trkpt>
   <trkpt lat="51.290099" lon="0.562539"><ele>76.75</ele></trkpt>
   <trkpt lat="51.287957" lon="0.569381"><ele>74.5</ele></trkpt>
   <trkpt lat="51.287232" lon="0.571677"><ele>75</ele></trkpt>
   <trkpt lat="51.286561" lon="0.573699"><ele>78.75</ele></trkpt>
   <trkpt lat="51.286245" lon="0.574582"><ele>78.75</ele></trkpt>
   <trkpt lat="51.285935" lon="0.57542"><ele>78</ele></trkpt>
   <trkpt lat="51.285339" lon="0.576975"><ele>77</ele></trkpt>
   <trkpt lat="51.285028" lon="0.577748"><ele>77</ele></trkpt>
   <trkpt lat="51.284684" lon="0.578569"><ele>76.75</ele></trkpt>
   <trkpt lat="51.284099" lon="0.579924"><ele>77.25</ele></trkpt>
   <trkpt lat="51.28371" lon="0.580772"><ele>77.5</ele></trkpt>
   <trkpt lat="51.283183" lon="0.581888"><ele>73.5</ele></trkpt>
   <trkpt lat="51.283019" lon="0.582228"><ele>70.25</ele></trkpt>
   <trkpt lat="51.28273" lon="0.582807"><ele>75</ele></trkpt>
   <trkpt lat="51.282047" lon="0.584132"><ele>72.75</ele></trkpt>
   <trkpt lat="51.281214" lon="0.585657"><ele>71</ele></trkpt>
   <trkpt lat="51.279484" lon="0.58864"><ele>64.5</ele></trkpt>
   <trkpt lat="51.277496" lon="0.592008"><ele>57.75</ele></trkpt>
   <trkpt lat="51.277387" lon="0.592201"><ele>55.5</ele></trkpt>
   <trkpt lat="51.276785" lon="0.593246"><ele>61.25</ele></trkpt>
   <trkpt lat="51.276161" lon="0.594303"><ele>62.25</ele></trkpt>
   <trkpt lat="51.275596" lon="0.595274"><ele>63.5</ele></trkpt>
   <trkpt lat="51.274594" lon="0.597038"><ele>65</ele></trkpt>
   <trkpt lat="51.273857" lon="0.598358"><ele>64.75</ele></trkpt>
   <trkpt lat="51.273358" lon="0.599277"><ele>64.5</ele></trkpt>
   <trkpt lat="51.271833" lon="0.602006"><ele>67.75</ele></trkpt>
   <trkpt lat="51.270853" lon="0.603779"><ele>66.5</ele></trkpt>
   <trkpt lat="51.270767" lon="0.603931"><ele>65.75</ele></trkpt>
   <trkpt lat="51.269298" lon="0.606567"><ele>65.5</ele></trkpt>
   <trkpt lat="51.268564" lon="0.607906"><ele>67</ele></trkpt>
   <trkpt lat="51.267064" lon="0.610595"><ele>61.75</ele></trkpt>
   <trkpt lat="51.265097" lon="0.614152"><ele>58.5</ele></trkpt>
   <trkpt lat="51.26369" lon="0.616706"><ele>54.25</ele></trkpt>
   <trkpt lat="51.263114" lon="0.617798"><ele>52</ele></trkpt>
   <trkpt lat="51.262488" lon="0.619009"><ele>49</ele></trkpt>
   <trkpt lat="51.261743" lon="0.620507"><ele>49.5</ele></trkpt>
   <trkpt lat="51.261309" lon="0.621432"><ele>56</ele></trkpt>
   <trkpt lat="51.25937" lon="0.625567"><ele>63.5</ele></trkpt>
   <trkpt lat="51.259094" lon="0.626201"><ele>55</ele></trkpt>
   <trkpt lat="51.25848" lon="0.627565"><ele>58.75</ele></trkpt>
   <trkpt lat="51.257534" lon="0.629581"><ele>61.75</ele></trkpt>
   <trkpt lat="51.257162" lon="0.630326"><ele>63.25</ele></trkpt>
   <trkpt lat="51.256615" lon="0.631393"><ele>65</ele></trkpt>
   <trkpt lat="51.255844" lon="0.63281"><ele>67.25</ele></trkpt>
   <trkpt lat="51.255407" lon="0.633585"><ele>69.75</ele></trkpt>
   <trkpt lat="51.255062" lon="0.634178"><ele>69</ele></trkpt>
   <trkpt lat="51.254297" lon="0.635448"><ele>72.75</ele></trkpt>
   <trkpt lat="51.253076" lon="0.637435"><ele>76</ele></trkpt>
   <trkpt lat="51.252339" lon="0.638654"><ele>79.5</ele></trkpt>
   <trkpt lat="51.252125" lon="0.639011"><ele>79.5</ele></trkpt>
   <trkpt lat="51.251655" lon="0.639832"><ele>80.75</ele></trkpt>
   <trkpt lat="51.251203" lon="0.640642"><ele>82.25</ele></trkpt>
   <trkpt lat="51.250706" lon="0.641566"><ele>82.5</ele></trkpt>
   <trkpt lat="51.250309" lon="0.642316"><ele>81.25</ele></trkpt>
   <trkpt lat="51.2499" lon="0.643132"><ele>79.5</ele></trkpt>
   <trkpt lat="51.24945" lon="0.644045"><ele>80.25</ele></trkpt>
   <trkpt lat="51.24895" lon="0.645124"><ele>78.25</ele></trkpt>
   <trkpt lat="51.248472" lon="0.646165"><ele>81</ele></trkpt>
   <trkpt lat="51.247964" lon="0.647346"><ele>80.5</ele></trkpt>
   <trkpt lat="51.247678" lon="0.648031"><ele>79.75</ele></trkpt>
   <trkpt lat="51.247187" lon="0.649258"><ele>78</ele></trkpt>
   <trkpt lat="51.246896" lon="0.650021"><ele>77</ele></trkpt>
   <trkpt lat="51.24644" lon="0.65127"><ele>74.75</ele></trkpt>
   <trkpt lat="51.246387" lon="0.651418"><ele>74</ele></trkpt>
   <trkpt lat="51.246039" lon="0.65239"><ele>75.25</ele></trkpt>
   <trkpt lat="51.245656" lon="0.653522"><ele>75.25</ele></trkpt>
   <trkpt lat="51.24544" lon="0.654184"><ele>75</ele></trkpt>
   <trkpt lat="51.245122" lon="0.65519"><ele>75.25</ele></trkpt>
   <trkpt lat="51.244766" lon="0.656351"><ele>74</ele></trkpt>
   <trkpt lat="51.242694" lon="0.663231"><ele>75.25</ele></trkpt>
   <trkpt lat="51.242108" lon="0.665166"><ele>77.25</ele></trkpt>
   <trkpt lat="51.241162" lon="0.668275"><ele>76.75</ele></trkpt>
   <trkpt lat="51.240839" lon="0.66928"><ele>77.5</ele></trkpt>
   <trkpt lat="51.240578" lon="0.67007"><ele>78.5</ele></trkpt>
   <trkpt lat="51.240325" lon="0.670799"><ele>79.75</ele></trkpt>
   <trkpt lat="51.239649" lon="0.672679"><ele>82.25</ele></trkpt>
   <trkpt lat="51.239339" lon="0.673476"><ele>83.25</ele></trkpt>
   <trkpt lat="51.238931" lon="0.674493"><ele>83.75</ele></trkpt>
   <trkpt lat="51.238536" lon="0.675449"><ele>85</ele></trkpt>
   <trkpt lat="51.23807" lon="0.67653"><ele>85.5</ele></trkpt>
   <trkpt lat="51.237497" lon="0.677794"><ele>87</ele></trkpt>
   <trkpt lat="51.237274" lon="0.678257"><ele>85.75</ele></trkpt>
   <trkpt lat="51.237209" lon="0.678392"><ele>85</ele></trkpt>
   <trkpt lat="51.236535" lon="0.679835"><ele>89.5</ele></trkpt>
   <trkpt lat="51.235844" lon="0.681254"><ele>89.75</ele></trkpt>
   <trkpt lat="51.235199" lon="0.682608"><ele>92.25</ele></trkpt>
   <trkpt lat="51.234875" lon="0.683308"><ele>93</ele></trkpt>
   <trkpt lat="51.234526" lon="0.684088"><ele>94</ele></trkpt>
   <trkpt lat="51.234184" lon="0.684889"><ele>94.25</ele></trkpt>
   <trkpt lat="51.233849" lon="0.685703"><ele>94</ele></trkpt>
   <trkpt lat="51.233169" lon="0.687403"><ele>95.25</ele></trkpt>
   <trkpt lat="51.23293" lon="0.688035"><ele>95.25</ele></trkpt>
   <trkpt lat="51.232664" lon="0.68875"><ele>95</ele></trkpt>
   <trkpt lat="51.232235" lon="0.689957"><ele>98</ele></trkpt>
   <trkpt lat="51.231802" lon="0.691238"><ele>101.5</ele></trkpt>
   <trkpt lat="51.23142" lon="0.692425"><ele>100.5</ele></trkpt>
   <trkpt lat="51.230789" lon="0.694535"><ele>100.5</ele></trkpt>
   <trkpt lat="51.229995" lon="0.697288"><ele>104.25</ele></trkpt>
   <trkpt lat="51.229288" lon="0.699659"><ele>115.25</ele></trkpt>
   <trkpt lat="51.228578" lon="0.701811"><ele>116.25</ele></trkpt>
   <trkpt lat="51.228269" lon="0.702712"><ele>110</ele></trkpt>
   <trkpt lat="51.228043" lon="0.703348"><ele>108.25</ele></trkpt>
   <trkpt lat="51.227529" lon="0.704752"><ele>108.75</ele></trkpt>
   <trkpt lat="51.2271" lon="0.705845"><ele>111.25</ele></trkpt>
   <trkpt lat="51.226564" lon="0.70717"><ele>108.5</ele></trkpt>
   <trkpt lat="51.226013" lon="0.708461"><ele>107.25</ele></trkpt>
   <trkpt lat="51.225431" lon="0.709767"><ele>106</ele></trkpt>
   <trkpt lat="51.225027" lon="0.710642"><ele>103</ele></trkpt>
   <trkpt lat="51.224664" lon="0.711404"><ele>102.25</ele></trkpt>
   <trkpt lat="51.224197" lon="0.712345"><ele>100.25</ele></trkpt>
   <trkpt lat="51.22362" lon="0.713476"><ele>98</ele></trkpt>
   <trkpt lat="51.222467" lon="0.715667"><ele>96.5</ele></trkpt>
   <trkpt lat="51.22179" lon="0.716936"><ele>95</ele></trkpt>
   <trkpt lat="51.220722" lon="0.718953"><ele>91.5</ele></trkpt>
   <trkpt lat="51.218398" lon="0.72334"><ele>88</ele></trkpt>
   <trkpt lat="51.217738" lon="0.724588"><ele>87.5</ele></trkpt>
   <trkpt lat="51.216987" lon="0.726068"><ele>86.75</ele></trkpt>
   <trkpt lat="51.216704" lon="0.726647"><ele>86.5</ele></trkpt>
   <trkpt lat="51.216182" lon="0.727743"><ele>86.25</ele></trkpt>
   <trkpt lat="51.215606" lon="0.729013"><ele>85.75</ele></trkpt>
   <trkpt lat="51.21527" lon="0.729778"><ele>85.25</ele></trkpt>
   <trkpt lat="51.214439" lon="0.731741"><ele>85</ele></trkpt>
   <trkpt lat="51.213585" lon="0.733782"><ele>83</ele></trkpt>
   <trkpt lat="51.209573" lon="0.743349"><ele>79.75</ele></trkpt>
   <trkpt lat="51.209128" lon="0.744432"><ele>80</ele></trkpt>
   <trkpt lat="51.206462" lon="0.750788"><ele>78.25</ele></trkpt>
   <trkpt lat="51.205303" lon="0.753551"><ele>77</ele></trkpt>
   <trkpt lat="51.202234" lon="0.760885"><ele>74.75</ele></trkpt>
   <trkpt lat="51.200811" lon="0.764261"><ele>73.5</ele></trkpt>
   <trkpt lat="51.200574" lon="0.764845"><ele>73.25</ele></trkpt>
   <trkpt lat="51.198805" lon="0.769048"><ele>75.25</ele></trkpt>
   <trkpt lat="51.198397" lon="0.770033"><ele>75.25</ele></trkpt>
   <trkpt lat="51.197881" lon="0.7713"><ele>75</ele></trkpt>
   <trkpt lat="51.197279" lon="0.772916"><ele>77</ele></trkpt>
   <trkpt lat="51.196718" lon="0.774536"><ele>78.75</ele></trkpt>
   <trkpt lat="51.196519" lon="0.775152"><ele>79.75</ele></trkpt>
   <trkpt lat="51.196276" lon="0.775948"><ele>80.25</ele></trkpt>
   <trkpt lat="51.196026" lon="0.776808"><ele>80.75</ele></trkpt>
   <trkpt lat="51.195825" lon="0.777531"><ele>81</ele></trkpt>
   <trkpt lat="51.195545" lon="0.778601"><ele>81</ele></trkpt>
   <trkpt lat="51.195256" lon="0.77981"><ele>83.25</ele></trkpt>
   <trkpt lat="51.195008" lon="0.780895"><ele>83.25</ele></trkpt>
   <trkpt lat="51.194791" lon="0.781923"><ele>85.5</ele></trkpt>
   <trkpt lat="51.194616" lon="0.782816"><ele>85.75</ele></trkpt>
   <trkpt lat="51.194474" lon="0.783603"><ele>82.75</ele></trkpt>
   <trkpt lat="51.194279" lon="0.784767"><ele>81.5</ele></trkpt>
   <trkpt lat="51.194087" lon="0.786127"><ele>80.5</ele></trkpt>
   <trkpt lat="51.194004" lon="0.786764"><ele>76.5</ele></trkpt>
   <trkpt lat="51.193951" lon="0.787207"><ele>78</ele></trkpt>
   <trkpt lat="51.193815" lon="0.788368"><ele>77.75</ele></trkpt>
   <trkpt lat="51.193749" lon="0.78905"><ele>77.75</ele></trkpt>
   <trkpt lat="51.19369" lon="0.789701"><ele>76.5</ele></trkpt>
   <trkpt lat="51.193563" lon="0.791446"><ele>74.25</ele></trkpt>
   <trkpt lat="51.193531" lon="0.791973"><ele>73</ele></trkpt>
   <trkpt lat="51.193461" lon="0.793356"><ele>74.25</ele></trkpt>
   <trkpt lat="51.193311" lon="0.796754"><ele>75</ele></trkpt>
   <trkpt lat="51.193234" lon="0.79822"><ele>77.75</ele></trkpt>
   <trkpt lat="51.193207" lon="0.79859"><ele>76.25</ele></trkpt>
   <trkpt lat="51.193175" lon="0.799039"><ele>75.25</ele></trkpt>
   <trkpt lat="51.19302" lon="0.800848"><ele>80.5</ele></trkpt>
   <trkpt lat="51.192827" lon="0.8025"><ele>81.5</ele></trkpt>
   <trkpt lat="51.192681" lon="0.803569"><ele>74.75</ele></trkpt>
   <trkpt lat="51.192573" lon="0.804307"><ele>73.25</ele></trkpt>
   <trkpt lat="51.192454" lon="0.805053"><ele>72.25</ele></trkpt>
   <trkpt lat="51.192287" lon="0.806029"><ele>71.5</ele></trkpt>
   <trkpt lat="51.19208" lon="0.807104"><ele>70.75</ele></trkpt>
   <trkpt lat="51.191931" lon="0.807831"><ele>70.75</ele></trkpt>
   <trkpt lat="51.191776" lon="0.808556"><ele>71</ele></trkpt>
   <trkpt lat="51.191466" lon="0.80987"><ele>72.5</ele></trkpt>
   <trkpt lat="51.191211" lon="0.81087"><ele>72.5</ele></trkpt>
   <trkpt lat="51.190977" lon="0.811733"><ele>72.5</ele></trkpt>
   <trkpt lat="51.190725" lon="0.812622"><ele>73.75</ele></trkpt>
   <trkpt lat="51.190238" lon="0.814157"><ele>75.5</ele></trkpt>
   <trkpt lat="51.189815" lon="0.815403"><ele>77.25</ele></trkpt>
   <trkpt lat="51.189414" lon="0.8165"><ele>77.25</ele></trkpt>
   <trkpt lat="51.188927" lon="0.817753"><ele>78.5</ele></trkpt>
   <trkpt lat="51.188623" lon="0.818483"><ele>79.25</ele></trkpt>
   <trkpt lat="51.188434" lon="0.818921"><ele>79.5</ele></trkpt>
   <trkpt lat="51.188212" lon="0.819412"><ele>80.25</ele></trkpt>
   <trkpt lat="51.187578" lon="0.820774"><ele>80.25</ele></trkpt>
   <trkpt lat="51.187113" lon="0.821699"><ele>80</ele></trkpt>
   <trkpt lat="51.186818" lon="0.822258"><ele>78.5</ele></trkpt>
   <trkpt lat="51.186387" lon="0.823048"><ele>78</ele></trkpt>
   <trkpt lat="51.18603" lon="0.823681"><ele>77.5</ele></trkpt>
   <trkpt lat="51.185645" lon="0.824332"><ele>76.75</ele></trkpt>
   <trkpt lat="51.185265" lon="0.824943"><ele>76</ele></trkpt>
   <trkpt lat="51.184559" lon="0.826021"><ele>75.25</ele></trkpt>
   <trkpt lat="51.184125" lon="0.826652"><ele>74</ele></trkpt>
   <trkpt lat="51.18355" lon="0.827452"><ele>72</ele></trkpt>
   <trkpt lat="51.183005" lon="0.828151"><ele>71.25</ele></trkpt>
   <trkpt lat="51.182554" lon="0.828713"><ele>70.25</ele></trkpt>
   <trkpt lat="51.182267" lon="0.829058"><ele>69.5</ele></trkpt>
   <trkpt lat="51.181483" lon="0.829963"><ele>68</ele></trkpt>
   <trkpt lat="51.181009" lon="0.830484"><ele>67.75</ele></trkpt>
   <trkpt lat="51.180563" lon="0.830938"><ele>68</ele></trkpt>
   <trkpt lat="51.180068" lon="0.831425"><ele>67.25</ele></trkpt>
   <trkpt lat="51.179688" lon="0.831799"><ele>66.75</ele></trkpt>
   <trkpt lat="51.178978" lon="0.832435"><ele>65.75</ele></trkpt>
   <trkpt lat="51.178593" lon="0.832765"><ele>65</ele></trkpt>
   <trkpt lat="51.178181" lon="0.833115"><ele>65.25</ele></trkpt>
   <trkpt lat="51.177664" lon="0.83352"><ele>64.5</ele></trkpt>
   <trkpt lat="51.177324" lon="0.833775"><ele>63.75</ele></trkpt>
   <trkpt lat="51.176851" lon="0.834122"><ele>62.75</ele></trkpt>
   <trkpt lat="51.176314" lon="0.834501"><ele>61.5</ele></trkpt>
   <trkpt lat="51.175753" lon="0.834868"><ele>60</ele></trkpt>
   <trkpt lat="51.175105" lon="0.835269"><ele>60.25</ele></trkpt>
   <trkpt lat="51.174386" lon="0.835697"><ele>58.5</ele></trkpt>
   <trkpt lat="51.171795" lon="0.837159"><ele>56.75</ele></trkpt>
   <trkpt lat="51.171107" lon="0.83756"><ele>57</ele></trkpt>
   <trkpt lat="51.170535" lon="0.837875"><ele>56.25</ele></trkpt>
   <trkpt lat="51.169971" lon="0.838205"><ele>56.25</ele></trkpt>
   <trkpt lat="51.167999" lon="0.839308"><ele>59.25</ele></trkpt>
   <trkpt lat="51.166776" lon="0.840027"><ele>63.5</ele></trkpt>
   <trkpt lat="51.166227" lon="0.840369"><ele>66.5</ele></trkpt>
   <trkpt lat="51.165368" lon="0.840941"><ele>66.25</ele></trkpt>
   <trkpt lat="51.164899" lon="0.841283"><ele>66.75</ele></trkpt>
   <trkpt lat="51.164319" lon="0.841721"><ele>68.5</ele></trkpt>
   <trkpt lat="51.163741" lon="0.842176"><ele>68</ele></trkpt>
   <trkpt lat="51.163645" lon="0.842254"><ele>68.75</ele></trkpt>
   <trkpt lat="51.163044" lon="0.842768"><ele>69.75</ele></trkpt>
   <trkpt lat="51.162269" lon="0.843467"><ele>70</ele></trkpt>
   <trkpt lat="51.161874" lon="0.843841"><ele>70</ele></trkpt>
   <trkpt lat="51.161075" lon="0.844643"><ele>68.5</ele></trkpt>
   <trkpt lat="51.16057" lon="0.845181"><ele>66.75</ele></trkpt>
   <trkpt lat="51.159998" lon="0.845822"><ele>65</ele></trkpt>
   <trkpt lat="51.159272" lon="0.84668"><ele>63.25</ele></trkpt>
   <trkpt lat="51.158732" lon="0.847357"><ele>61.5</ele></trkpt>
   <trkpt lat="51.158082" lon="0.848223"><ele>58.5</ele></trkpt>
   <trkpt lat="51.157376" lon="0.84922"><ele>57</ele></trkpt>
   <trkpt lat="51.156723" lon="0.850203"><ele>55</ele></trkpt>
   <trkpt lat="51.155958" lon="0.85139"><ele>51.75</ele></trkpt>
   <trkpt lat="51.154728" lon="0.85334"><ele>47</ele></trkpt>
   <trkpt lat="51.15362" lon="0.855232"><ele>43</ele></trkpt>
   <trkpt lat="51.153182" lon="0.855967"><ele>43</ele></trkpt>
   <trkpt lat="51.152517" lon="0.856986"><ele>43</ele></trkpt>
   <trkpt lat="51.150925" lon="0.859541"><ele>43</ele></trkpt>
   <trkpt lat="51.149922" lon="0.861247"><ele>43</ele></trkpt>
   <trkpt lat="51.14962" lon="0.861792"><ele>43.25</ele></trkpt>
   <trkpt lat="51.148534" lon="0.863786"><ele>43.25</ele></trkpt>
   <trkpt lat="51.148291" lon="0.864226"><ele>43.25</ele></trkpt>
   <trkpt lat="51.147661" lon="0.865384"><ele>43.5</ele></trkpt>
   <trkpt lat="51.147423" lon="0.865859"><ele>43</ele></trkpt>
   <trkpt lat="51.14706" lon="0.866646"><ele>42.75</ele></trkpt>
   <trkpt lat="51.146697" lon="0.867513"><ele>41.5</ele></trkpt>
   <trkpt lat="51.146517" lon="0.867969"><ele>40.25</ele></trkpt>
   <trkpt lat="51.146508" lon="0.867991"><ele>40.25</ele></trkpt>
   <trkpt lat="51.1463" lon="0.868523"><ele>40.5</ele></trkpt>
   <trkpt lat="51.146276" lon="0.868586"><ele>40.25</ele></trkpt>
   <trkpt lat="51.145993" lon="0.86928"><ele>40.25</ele></trkpt>
   <trkpt lat="51.145707" lon="0.869915"><ele>41</ele></trkpt>
   <trkpt lat="51.145542" lon="0.870297"><ele>41</ele></trkpt>
   <trkpt lat="51.145513" lon="0.87037"><ele>41</ele></trkpt>
   <trkpt lat="51.14538" lon="0.870701"><ele>40.5</ele></trkpt>
   <trkpt lat="51.14534" lon="0.870802"><ele>40.5</ele></trkpt>
   <trkpt lat="51.145239" lon="0.871057"><ele>41</ele></trkpt>
   <trkpt lat="51.144938" lon="0.871926"><ele>41</ele></trkpt>
   <trkpt lat="51.144894" lon="0.872038"><ele>40.5</ele></trkpt>
   <trkpt lat="51.144703" lon="0.872526"><ele>40.75</ele></trkpt>
   <trkpt lat="51.144377" lon="0.873338"><ele>39.75</ele></trkpt>
   <trkpt lat="51.144154" lon="0.873887"><ele>40</ele></trkpt>
   <trkpt lat="51.144001" lon="0.874211"><ele>39.5</ele></trkpt>
   <trkpt lat="51.143471" lon="0.875256"><ele>40</ele></trkpt>
   <trkpt lat="51.143163" lon="0.875881"><ele>40.25</ele></trkpt>
   <trkpt lat="51.142729" lon="0.876717"><ele>39.25</ele></trkpt>
   <trkpt lat="51.142303" lon="0.877497"><ele>38.75</ele></trkpt>
   <trkpt lat="51.141984" lon="0.878059"><ele>40</ele></trkpt>
   <trkpt lat="51.141672" lon="0.878598"><ele>39.75</ele></trkpt>
   <trkpt lat="51.141081" lon="0.879737"><ele>40</ele></trkpt>
   <trkpt lat="51.140995" lon="0.879907"><ele>40</ele></trkpt>
   <trkpt lat="51.140651" lon="0.880586"><ele>40</ele></trkpt>
   <trkpt lat="51.14047" lon="0.880943"><ele>40</ele></trkpt>
   <trkpt lat="51.140377" lon="0.881128"><ele>40</ele></trkpt>
   <trkpt lat="51.140223" lon="0.881435"><ele>40</ele></trkpt>
   <trkpt lat="51.140174" lon="0.881531"><ele>40</ele></trkpt>
   <trkpt lat="51.140045" lon="0.881787"><ele>40</ele></trkpt>
   <trkpt lat="51.139553" lon="0.882667"><ele>40</ele></trkpt>
   <trkpt lat="51.139116" lon="0.883526"><ele>40</ele></trkpt>
   <trkpt lat="51.138778" lon="0.884246"><ele>40</ele></trkpt>
   <trkpt lat="51.13828" lon="0.88534"><ele>40</ele></trkpt>
   <trkpt lat="51.137815" lon="0.886357"><ele>40</ele></trkpt>
   <trkpt lat="51.137578" lon="0.88685"><ele>40</ele></trkpt>
   <trkpt lat="51.137277" lon="0.887446"><ele>39.75</ele></trkpt>
   <trkpt lat="51.136996" lon="0.887976"><ele>40</ele></trkpt>
   <trkpt lat="51.136694" lon="0.888582"><ele>40</ele></trkpt>
   <trkpt lat="51.136408" lon="0.889134"><ele>40</ele></trkpt>
   <trkpt lat="51.134887" lon="0.892135"><ele>41</ele></trkpt>
   <trkpt lat="51.134556" lon="0.892773"><ele>41</ele></trkpt>
   <trkpt lat="51.133652" lon="0.894563"><ele>41.25</ele></trkpt>
   <trkpt lat="51.132403" lon="0.897007"><ele>42.25</ele></trkpt>
   <trkpt lat="51.131001" lon="0.899872"><ele>43.5</ele></trkpt>
   <trkpt lat="51.13071" lon="0.90049"><ele>44</ele></trkpt>
   <trkpt lat="51.128637" lon="0.904565"><ele>45.5</ele></trkpt>
   <trkpt lat="51.127881" lon="0.906007"><ele>46.5</ele></trkpt>
   <trkpt lat="51.127113" lon="0.907451"><ele>46.25</ele></trkpt>
   <trkpt lat="51.126357" lon="0.908899"><ele>47</ele></trkpt>
   <trkpt lat="51.124515" lon="0.912505"><ele>49.25</ele></trkpt>
   <trkpt lat="51.122672" lon="0.916153"><ele>49.5</ele></trkpt>
   <trkpt lat="51.121344" lon="0.918755"><ele>47.5</ele></trkpt>
   <trkpt lat="51.121233" lon="0.918981"><ele>47.25</ele></trkpt>
   <trkpt lat="51.118694" lon="0.923962"><ele>48.75</ele></trkpt>
   <trkpt lat="51.116877" lon="0.927543"><ele>48.75</ele></trkpt>
   <trkpt lat="51.116531" lon="0.928204"><ele>53.25</ele></trkpt>
   <trkpt lat="51.115634" lon="0.929997"><ele>53.25</ele></trkpt>
   <trkpt lat="51.114951" lon="0.931379"><ele>50</ele></trkpt>
   <trkpt lat="51.114277" lon="0.9328"><ele>51.25</ele></trkpt>
   <trkpt lat="51.113622" lon="0.934261"><ele>52</ele></trkpt>
   <trkpt lat="51.113231" lon="0.935173"><ele>53</ele></trkpt>
   <trkpt lat="51.112594" lon="0.936732"><ele>53.5</ele></trkpt>
   <trkpt lat="51.11242" lon="0.937173"><ele>52.25</ele></trkpt>
   <trkpt lat="51.112306" lon="0.937474"><ele>52</ele></trkpt>
   <trkpt lat="51.111887" lon="0.938576"><ele>53.5</ele></trkpt>
   <trkpt lat="51.111484" lon="0.939703"><ele>53.75</ele></trkpt>
   <trkpt lat="51.11109" lon="0.940838"><ele>53.75</ele></trkpt>
   <trkpt lat="51.110701" lon="0.942001"><ele>54.5</ele></trkpt>
   <trkpt lat="51.110417" lon="0.9429"><ele>55.25</ele></trkpt>
   <trkpt lat="51.110136" lon="0.943822"><ele>56</ele></trkpt>
   <trkpt lat="51.1096" lon="0.945667"><ele>55.75</ele></trkpt>
   <trkpt lat="51.109095" lon="0.947572"><ele>56</ele></trkpt>
   <trkpt lat="51.108855" lon="0.948523"><ele>56</ele></trkpt>
   <trkpt lat="51.108623" lon="0.949495"><ele>56</ele></trkpt>
   <trkpt lat="51.108416" lon="0.950394"><ele>56.5</ele></trkpt>
   <trkpt lat="51.108029" lon="0.952242"><ele>55</ele></trkpt>
   <trkpt lat="51.107665" lon="0.954105"><ele>54.5</ele></trkpt>
   <trkpt lat="51.107496" lon="0.955055"><ele>54.75</ele></trkpt>
   <trkpt lat="51.107339" lon="0.956017"><ele>53.5</ele></trkpt>
   <trkpt lat="51.107118" lon="0.957396"><ele>52.25</ele></trkpt>
   <trkpt lat="51.106295" lon="0.963093"><ele>52.5</ele></trkpt>
   <trkpt lat="51.10566" lon="0.967551"><ele>53.25</ele></trkpt>
   <trkpt lat="51.105121" lon="0.971382"><ele>53.25</ele></trkpt>
   <trkpt lat="51.105066" lon="0.971745"><ele>52.25</ele></trkpt>
   <trkpt lat="51.101631" lon="0.99585"><ele>63</ele></trkpt>
   <trkpt lat="51.099947" lon="1.00767"><ele>64.5</ele></trkpt>
   <trkpt lat="51.099886" lon="1.008111"><ele>63</ele></trkpt>
   <trkpt lat="51.098945" lon="1.014618"><ele>66.25</ele></trkpt>
   <trkpt lat="51.098434" lon="1.017816"><ele>68.25</ele></trkpt>
   <trkpt lat="51.096855" lon="1.027476"><ele>71.25</ele></trkpt>
   <trkpt lat="51.094921" lon="1.039293"><ele>74</ele></trkpt>
   <trkpt lat="51.09367" lon="1.046955"><ele>75.25</ele></trkpt>
   <trkpt lat="51.093047" lon="1.050669"><ele>75.5</ele></trkpt>
   <trkpt lat="51.092192" lon="1.055908"><ele>77.5</ele></trkpt>
   <trkpt lat="51.091996" lon="1.057149"><ele>77.75</ele></trkpt>
   <trkpt lat="51.091956" lon="1.057366"><ele>74.5</ele></trkpt>
   <trkpt lat="51.091741" lon="1.058691"><ele>74.25</ele></trkpt>
   <trkpt lat="51.091503" lon="1.060312"><ele>74</ele></trkpt>
   <trkpt lat="51.0913" lon="1.061953"><ele>75.25</ele></trkpt>
   <trkpt lat="51.091218" lon="1.062773"><ele>78</ele></trkpt>
   <trkpt lat="51.09113" lon="1.063758"><ele>78.75</ele></trkpt>
   <trkpt lat="51.091102" lon="1.064134"><ele>78.25</ele></trkpt>
   <trkpt lat="51.091018" lon="1.06596"><ele>79.5</ele></trkpt>
   <trkpt lat="51.090986" lon="1.066888"><ele>79.25</ele></trkpt>
   <trkpt lat="51.090963" lon="1.06812"><ele>80.75</ele></trkpt>
   <trkpt lat="51.09095" lon="1.070373"><ele>81.25</ele></trkpt>
   <trkpt lat="51.090944" lon="1.070802"><ele>82</ele></trkpt>
   <trkpt lat="51.090955" lon="1.071561"><ele>83.25</ele></trkpt>
   <trkpt lat="51.091012" lon="1.073143"><ele>86.25</ele></trkpt>
   <trkpt lat="51.091044" lon="1.075104"><ele>89.25</ele></trkpt>
   <trkpt lat="51.091125" lon="1.081381"><ele>82.25</ele></trkpt>
   <trkpt lat="51.091158" lon="1.082669"><ele>80.75</ele></trkpt>
   <trkpt lat="51.09122" lon="1.083918"><ele>79.25</ele></trkpt>
   <trkpt lat="51.091357" lon="1.085994"><ele>74</ele></trkpt>
   <trkpt lat="51.091548" lon="1.08816"><ele>71.25</ele></trkpt>
   <trkpt lat="51.091559" lon="1.088288"><ele>70.75</ele></trkpt>
   <trkpt lat="51.091565" lon="1.088549"><ele>70.25</ele></trkpt>
   <trkpt lat="51.09156" lon="1.088801"><ele>69.5</ele></trkpt>
   <trkpt lat="51.091531" lon="1.089075"><ele>69</ele></trkpt>
   <trkpt lat="51.091474" lon="1.089383"><ele>68</ele></trkpt>
   <trkpt lat="51.09141" lon="1.089681"><ele>67.25</ele></trkpt>
   <trkpt lat="51.091366" lon="1.089965"><ele>67</ele></trkpt>
   <trkpt lat="51.091358" lon="1.090068"><ele>67</ele></trkpt>
   <trkpt lat="51.091346" lon="1.090236"><ele>67</ele></trkpt>
   <trkpt lat="51.091345" lon="1.090566"><ele>67</ele></trkpt>
   <trkpt lat="51.091371" lon="1.090942"><ele>66.5</ele></trkpt>
   <trkpt lat="51.091409" lon="1.091179"><ele>66</ele></trkpt>
   <trkpt lat="51.091467" lon="1.091579"><ele>66.25</ele></trkpt>
   <trkpt lat="51.091525" lon="1.091981"><ele>66</ele></trkpt>
   <trkpt lat="51.091541" lon="1.092056"><ele>66</ele></trkpt>
   <trkpt lat="51.091585" lon="1.092361"><ele>66</ele></trkpt>
   <trkpt lat="51.091609" lon="1.092573"><ele>66</ele></trkpt>
   <trkpt lat="51.09164" lon="1.092974"><ele>66</ele></trkpt>
   <trkpt lat="51.091679" lon="1.094274"><ele>65</ele></trkpt>
   <trkpt lat="51.092043" lon="1.105814"><ele>64</ele></trkpt>
   <trkpt lat="51.09204" lon="1.106596"><ele>64.25</ele></trkpt>
   <trkpt lat="51.092029" lon="1.107002"><ele>65</ele></trkpt>
   <trkpt lat="51.092024" lon="1.107318"><ele>65</ele></trkpt>
   <trkpt lat="51.092009" lon="1.107705"><ele>64.5</ele></trkpt>
   <trkpt lat="51.09198" lon="1.108392"><ele>63.5</ele></trkpt>
   <trkpt lat="51.091964" lon="1.109376"><ele>64.75</ele></trkpt>
   <trkpt lat="51.09194" lon="1.110508"><ele>65</ele></trkpt>
   <trkpt lat="51.091939" lon="1.110793"><ele>65</ele></trkpt>
   <trkpt lat="51.091955" lon="1.111657"><ele>64.75</ele></trkpt>
   <trkpt lat="51.092037" lon="1.112933"><ele>64.5</ele></trkpt>
   <trkpt lat="51.092103" lon="1.113913"><ele>64.5</ele></trkpt>
   <trkpt lat="51.092134" lon="1.114551"><ele>64.5</ele></trkpt>
   <trkpt lat="51.092173" lon="1.115081"><ele>64.5</ele></trkpt>
   <trkpt lat="51.092223" lon="1.11561"><ele>64.25</ele></trkpt>
   <trkpt lat="51.092285" lon="1.116195"><ele>64.5</ele></trkpt>
   <trkpt lat="51.092423" lon="1.117356"><ele>64</ele></trkpt>
   <trkpt lat="51.092568" lon="1.118483"><ele>66.75</ele></trkpt>
   <trkpt lat="51.09281" lon="1.120221"><ele>66.75</ele></trkpt>
   <trkpt lat="51.092898" lon="1.120766"><ele>66</ele></trkpt>
   <trkpt lat="51.093164" lon="1.122529"><ele>62.75</ele></trkpt>
   <trkpt lat="51.093208" lon="1.122823"><ele>60.25</ele></trkpt>
   <trkpt lat="51.093501" lon="1.124754"><ele>63.5</ele></trkpt>
   <trkpt lat="51.093679" lon="1.125851"><ele>63.75</ele></trkpt>
   <trkpt lat="51.094341" lon="1.130168"><ele>60.25</ele></trkpt>
   <trkpt lat="51.094469" lon="1.131024"><ele>60.25</ele></trkpt>
   <trkpt lat="51.094775" lon="1.133243"><ele>59</ele></trkpt>
   <trkpt lat="51.094853" lon="1.13389"><ele>58.75</ele></trkpt>
   <trkpt lat="51.095376" lon="1.139002"><ele>58</ele></trkpt>
   <trkpt lat="51.095556" lon="1.140864"><ele>58</ele></trkpt>
   <trkpt lat="51.095716" lon="1.142442"><ele>59</ele></trkpt>
   <trkpt lat="51.095997" lon="1.145308"><ele>60</ele></trkpt>
   <trkpt lat="51.096277" lon="1.148028"><ele>60.25</ele></trkpt>
   <trkpt lat="51.096358" lon="1.148762"><ele>60.75</ele></trkpt>
   <trkpt lat="51.096494" lon="1.150011"><ele>60.75</ele></trkpt>
   <trkpt lat="51.09661" lon="1.151131"><ele>61</ele></trkpt>
   <trkpt lat="51.096824" lon="1.153079"><ele>61.5</ele></trkpt>
   <trkpt lat="51.096966" lon="1.154398"><ele>60</ele></trkpt>
   <trkpt lat="51.096979" lon="1.15453"><ele>60.25</ele></trkpt>
   <trkpt lat="51.097046" lon="1.155218"><ele>59.5</ele></trkpt>
   <trkpt lat="51.097085" lon="1.155802"><ele>65.75</ele></trkpt>
   <trkpt lat="51.097104" lon="1.156637"><ele>75</ele></trkpt>
   <trkpt lat="51.097135" lon="1.157354"><ele>82.75</ele></trkpt>
   <trkpt lat="51.097182" lon="1.157959"><ele>89.5</ele></trkpt>
   <trkpt lat="51.097528" lon="1.161164"><ele>89</ele></trkpt>
   <trkpt lat="51.098095" lon="1.166424"><ele>88.25</ele></trkpt>
   <trkpt lat="51.098444" lon="1.16973"><ele>88</ele></trkpt>
   <trkpt lat="51.099417" lon="1.178028"><ele>87</ele></trkpt>
   <trkpt lat="51.099871" lon="1.181327"><ele>86.5</ele></trkpt>
   <trkpt lat="51.100367" lon="1.184121"><ele>86.25</ele></trkpt>
   <trkpt lat="51.101052" lon="1.187447"><ele>85.75</ele></trkpt>
   <trkpt lat="51.101448" lon="1.189174"><ele>85.5</ele></trkpt>
   <trkpt lat="51.102235" lon="1.192287"><ele>85.25</ele></trkpt>
   <trkpt lat="51.104628" lon="1.201466"><ele>84</ele></trkpt>
   <trkpt lat="51.109432" lon="1.219865"><ele>81.5</ele></trkpt>
   <trkpt lat="51.109929" lon="1.221909"><ele>81.25</ele></trkpt>
   <trkpt lat="51.110331" lon="1.223763"><ele>81</ele></trkpt>
   <trkpt lat="51.110686" lon="1.225434"><ele>81</ele></trkpt>
   <trkpt lat="51.111009" lon="1.227121"><ele>80.75</ele></trkpt>
   <trkpt lat="51.111415" lon="1.229505"><ele>80.5</ele></trkpt>
   <trkpt lat="51.111835" lon="1.232101"><ele>80</ele></trkpt>
   <trkpt lat="51.112371" lon="1.236197"><ele>79.5</ele></trkpt>
   <trkpt lat="51.112792" lon="1.240419"><ele>79</ele></trkpt>
   <trkpt lat="51.112931" lon="1.24235"><ele>78.75</ele></trkpt>
   <trkpt lat="51.113124" lon="1.245956"><ele>78.5</ele></trkpt>
   <trkpt lat="51.113194" lon="1.247794"><ele>78.25</ele></trkpt>
   <trkpt lat="51.113229" lon="1.249987"><ele>78</ele></trkpt>
   <trkpt lat="51.113226" lon="1.252719"><ele>77.5</ele></trkpt>
   <trkpt lat="51.113149" lon="1.256043"><ele>77.25</ele></trkpt>
   <trkpt lat="51.112996" lon="1.259328"><ele>76.75</ele></trkpt>
   <trkpt lat="51.112746" lon="1.262842"><ele>76.5</ele></trkpt>
   <trkpt lat="51.112392" lon="1.266283"><ele>76</ele></trkpt>
   <trkpt lat="51.112091" lon="1.268774"><ele>75.75</ele></trkpt>
   <trkpt lat="51.111743" lon="1.271232"><ele>75.25</ele></trkpt>
   <trkpt lat="51.111352" lon="1.273648"><ele>75</ele></trkpt>
   <trkpt lat="51.110905" lon="1.276073"><ele>74.75</ele></trkpt>
   <trkpt lat="51.110295" lon="1.279086"><ele>74.5</ele></trkpt>
   <trkpt lat="51.109746" lon="1.281734"><ele>74</ele></trkpt>
   <trkpt lat="51.107889" lon="1.290474"><ele>73</ele></trkpt>
   <trkpt lat="51.106609" lon="1.296393"><ele>72.25</ele></trkpt>
   <trkpt lat="51.106261" lon="1.297857"><ele>72</ele></trkpt>
   <trkpt lat="51.106012" lon="1.298867"><ele>72</ele></trkpt>
   <trkpt lat="51.105301" lon="1.301508"><ele>71.5</ele></trkpt>
   <trkpt lat="51.104505" lon="1.30424"><ele>71.25</ele></trkpt>
   <trkpt lat="51.103581" lon="1.307108"><ele>70.75</ele></trkpt>
   <trkpt lat="51.102977" lon="1.308866"><ele>70.5</ele></trkpt>
   <trkpt lat="51.100421" lon="1.316374"><ele>69.5</ele></trkpt>
   <trkpt lat="51.096769" lon="1.327056"><ele>68</ele></trkpt>
   <trkpt lat="51.080572" lon="1.374583"><ele>61.75</ele></trkpt>
   <trkpt lat="51.079877" lon="1.376569"><ele>61.5</ele></trkpt>
   <trkpt lat="51.078423" lon="1.381049"><ele>60.75</ele></trkpt>
   <trkpt lat="51.078141" lon="1.382005"><ele>60.75</ele></trkpt>
   <trkpt lat="51.077901" lon="1.382832"><ele>60.5</ele></trkpt>
   <trkpt lat="51.077826" lon="1.383052"><ele>60.5</ele></trkpt>
   <trkpt lat="51.073624" lon="1.395845"><ele>58.75</ele></trkpt>
   <trkpt lat="51.071534" lon="1.40188"><ele>58</ele></trkpt>
   <trkpt lat="51.070532" lon="1.404509"><ele>57.5</ele></trkpt>
   <trkpt lat="51.069551" lon="1.406899"><ele>57.25</ele></trkpt>
   <trkpt lat="51.068443" lon="1.409394"><ele>57</ele></trkpt>
   <trkpt lat="51.067238" lon="1.411936"><ele>56.5</ele></trkpt>
   <trkpt lat="51.065978" lon="1.41437"><ele>56.25</ele></trkpt>
   <trkpt lat="51.064708" lon="1.416661"><ele>55.75</ele></trkpt>
   <trkpt lat="51.061571" lon="1.422012"><ele>55</ele></trkpt>
   <trkpt lat="51.049048" lon="1.443336"><ele>51.5</ele></trkpt>
   <trkpt lat="51.037624" lon="1.460412"><ele>48.5</ele></trkpt>
   <trkpt lat="51.02695" lon="1.475211"><ele>45.75</ele></trkpt>
   <trkpt lat="51.021978" lon="1.482614"><ele>44.5</ele></trkpt>
   <trkpt lat="51.020401" lon="1.485763"><ele>44</ele></trkpt>
   <trkpt lat="51.015014" lon="1.496263"><ele>42.25</ele></trkpt>
   <trkpt lat="51.014716" lon="1.496983"><ele>42.25</ele></trkpt>
   <trkpt lat="51.009972" lon="1.50843"><ele>40.75</ele></trkpt>
   <trkpt lat="51.008455" lon="1.512227"><ele>40</ele></trkpt>
   <trkpt lat="51.008056" lon="1.51345"><ele>40</ele></trkpt>
   <trkpt lat="51.005344" lon="1.523063"><ele>38.75</ele></trkpt>
   <trkpt lat="51.004247" lon="1.527156"><ele>38.25</ele></trkpt>
   <trkpt lat="51.003281" lon="1.530569"><ele>37.75</ele></trkpt>
   <trkpt lat="51.002451" lon="1.533416"><ele>37.25</ele></trkpt>
   <trkpt lat="50.999787" lon="1.54369"><ele>36</ele></trkpt>
   <trkpt lat="50.991285" lon="1.575437"><ele>31.75</ele></trkpt>
   <trkpt lat="50.990511" lon="1.579213"><ele>31.5</ele></trkpt>
   <trkpt lat="50.989865" lon="1.583505"><ele>30.75</ele></trkpt>
   <trkpt lat="50.988099" lon="1.598624"><ele>29</ele></trkpt>
   <trkpt lat="50.987298" lon="1.60361"><ele>28.5</ele></trkpt>
   <trkpt lat="50.986563" lon="1.607744"><ele>28</ele></trkpt>
   <trkpt lat="50.986457" lon="1.608242"><ele>27.75</ele></trkpt>
   <trkpt lat="50.986108" lon="1.609596"><ele>27.75</ele></trkpt>
   <trkpt lat="50.985786" lon="1.610846"><ele>27.5</ele></trkpt>
   <trkpt lat="50.985671" lon="1.611377"><ele>27.5</ele></trkpt>
   <trkpt lat="50.985576" lon="1.611865"><ele>27.25</ele></trkpt>
   <trkpt lat="50.985392" lon="1.612725"><ele>27.25</ele></trkpt>
   <trkpt lat="50.984288" lon="1.617188"><ele>26.75</ele></trkpt>
   <trkpt lat="50.982908" lon="1.623127"><ele>26</ele></trkpt>
   <trkpt lat="50.981979" lon="1.626489"><ele>25.5</ele></trkpt>
   <trkpt lat="50.97508" lon="1.645925"><ele>22.75</ele></trkpt>
   <trkpt lat="50.973842" lon="1.650028"><ele>22.25</ele></trkpt>
   <trkpt lat="50.973279" lon="1.651989"><ele>22</ele></trkpt>
   <trkpt lat="50.9728" lon="1.653993"><ele>21.75</ele></trkpt>
   <trkpt lat="50.972108" lon="1.657284"><ele>21.25</ele></trkpt>
   <trkpt lat="50.971722" lon="1.658971"><ele>21.25</ele></trkpt>
   <trkpt lat="50.971365" lon="1.66035"><ele>21</ele></trkpt>
   <trkpt lat="50.970217" lon="1.664152"><ele>20.5</ele></trkpt>
   <trkpt lat="50.969461" lon="1.666341"><ele>20.25</ele></trkpt>
   <trkpt lat="50.966165" lon="1.674963"><ele>19</ele></trkpt>
   <trkpt lat="50.965575" lon="1.67665"><ele>18.75</ele></trkpt>
   <trkpt lat="50.965049" lon="1.678301"><ele>18.5</ele></trkpt>
   <trkpt lat="50.963033" lon="1.685245"><ele>17.5</ele></trkpt>
   <trkpt lat="50.962468" lon="1.686911"><ele>17.25</ele></trkpt>
   <trkpt lat="50.961986" lon="1.68828"><ele>17.25</ele></trkpt>
   <trkpt lat="50.960767" lon="1.691381"><ele>16.75</ele></trkpt>
   <trkpt lat="50.960282" lon="1.692815"><ele>16.5</ele></trkpt>
   <trkpt lat="50.959706" lon="1.694984"><ele>16.25</ele></trkpt>
   <trkpt lat="50.959485" lon="1.695847"><ele>16.25</ele></trkpt>
   <trkpt lat="50.959129" lon="1.69742"><ele>16</ele></trkpt>
   <trkpt lat="50.958804" lon="1.699112"><ele>15.75</ele></trkpt>
   <trkpt lat="50.956067" lon="1.712723"><ele>14</ele></trkpt>
   <trkpt lat="50.955715" lon="1.714345"><ele>13.75</ele></trkpt>
   <trkpt lat="50.955276" lon="1.715963"><ele>13.5</ele></trkpt>
   <trkpt lat="50.95478" lon="1.717528"><ele>13.5</ele></trkpt>
   <trkpt lat="50.954009" lon="1.719375"><ele>13</ele></trkpt>
   <trkpt lat="50.951694" lon="1.725147"><ele>12.25</ele></trkpt>
   <trkpt lat="50.95101" lon="1.7267"><ele>12</ele></trkpt>
   <trkpt lat="50.950146" lon="1.728404"><ele>11.75</ele></trkpt>
   <trkpt lat="50.948425" lon="1.731309"><ele>11.25</ele></trkpt>
   <trkpt lat="50.944218" lon="1.737528"><ele>10.25</ele></trkpt>
   <trkpt lat="50.939919" lon="1.74312"><ele>9.25</ele></trkpt>
   <trkpt lat="50.937413" lon="1.746469"><ele>8.5</ele></trkpt>
   <trkpt lat="50.936164" lon="1.748111"><ele>8.25</ele></trkpt>
   <trkpt lat="50.93504" lon="1.749789"><ele>8</ele></trkpt>
   <trkpt lat="50.934158" lon="1.751209"><ele>7.75</ele></trkpt>
   <trkpt lat="50.933205" lon="1.753079"><ele>7.5</ele></trkpt>
   <trkpt lat="50.932007" lon="1.755627"><ele>7</ele></trkpt>
   <trkpt lat="50.930648" lon="1.758801"><ele>6.5</ele></trkpt>
   <trkpt lat="50.929182" lon="1.762524"><ele>6</ele></trkpt>
   <trkpt lat="50.922728" lon="1.78037"><ele>3.5</ele></trkpt>
   <trkpt lat="50.922175" lon="1.781921"><ele>3.75</ele></trkpt>
   <trkpt lat="50.922081" lon="1.782203"><ele>4</ele></trkpt>
   <trkpt lat="50.92179" lon="1.783181"><ele>4.5</ele></trkpt>
   <trkpt lat="50.921676" lon="1.783528"><ele>4</ele></trkpt>
   <trkpt lat="50.921558" lon="1.783861"><ele>4</ele></trkpt>
   <trkpt lat="50.921368" lon="1.784402"><ele>5</ele></trkpt>
   <trkpt lat="50.921217" lon="1.784812"><ele>4</ele></trkpt>
   <trkpt lat="50.92074" lon="1.785958"><ele>4.25</ele></trkpt>
   <trkpt lat="50.920565" lon="1.786413"><ele>4.75</ele></trkpt>
   <trkpt lat="50.920209" lon="1.787416"><ele>4.5</ele></trkpt>
   <trkpt lat="50.919608" lon="1.789102"><ele>4</ele></trkpt>
   <trkpt lat="50.919352" lon="1.789786"><ele>5</ele></trkpt>
   <trkpt lat="50.919111" lon="1.790394"><ele>5.25</ele></trkpt>
   <trkpt lat="50.918891" lon="1.790913"><ele>5.25</ele></trkpt>
   <trkpt lat="50.91856" lon="1.791643"><ele>5.5</ele></trkpt>
   <trkpt lat="50.918332" lon="1.792114"><ele>6.5</ele></trkpt>
   <trkpt lat="50.916304" lon="1.796178"><ele>11.5</ele></trkpt>
   <trkpt lat="50.915909" lon="1.796964"><ele>11.5</ele></trkpt>
   <trkpt lat="50.915733" lon="1.797321"><ele>10.25</ele></trkpt>
   <trkpt lat="50.915519" lon="1.797748"><ele>8.25</ele></trkpt>
   <trkpt lat="50.915184" lon="1.798425"><ele>13.25</ele></trkpt>
   <trkpt lat="50.915124" lon="1.79854"><ele>13</ele></trkpt>
   <trkpt lat="50.914623" lon="1.799505"><ele>14.25</ele></trkpt>
   <trkpt lat="50.914274" lon="1.800136"><ele>14.5</ele></trkpt>
   <trkpt lat="50.913654" lon="1.801215"><ele>15.5</ele></trkpt>
   <trkpt lat="50.913397" lon="1.801641"><ele>16.5</ele></trkpt>
   <trkpt lat="50.913112" lon="1.802084"><ele>16.75</ele></trkpt>
   <trkpt lat="50.912691" lon="1.802683"><ele>16</ele></trkpt>
   <trkpt lat="50.912525" lon="1.802908"><ele>17.25</ele></trkpt>
   <trkpt lat="50.912334" lon="1.803151"><ele>16.25</ele></trkpt>
   <trkpt lat="50.912249" lon="1.803264"><ele>16.5</ele></trkpt>
   <trkpt lat="50.911915" lon="1.803677"><ele>18.5</ele></trkpt>
   <trkpt lat="50.9115" lon="1.804163"><ele>19.5</ele></trkpt>
   <trkpt lat="50.911044" lon="1.804667"><ele>19.5</ele></trkpt>
   <trkpt lat="50.910601" lon="1.805132"><ele>19</ele></trkpt>
   <trkpt lat="50.910186" lon="1.805536"><ele>19</ele></trkpt>
   <trkpt lat="50.90972" lon="1.805965"><ele>18.5</ele></trkpt>
   <trkpt lat="50.909079" lon="1.806503"><ele>18</ele></trkpt>
   <trkpt lat="50.908483" lon="1.806956"><ele>19.25</ele></trkpt>
   <trkpt lat="50.907785" lon="1.807442"><ele>20.5</ele></trkpt>
   <trkpt lat="50.90702" lon="1.807952"><ele>18.25</ele></trkpt>
   <trkpt lat="50.906928" lon="1.808015"><ele>18.75</ele></trkpt>
   <trkpt lat="50.906209" lon="1.808494"><ele>23</ele></trkpt>
   <trkpt lat="50.905763" lon="1.80879"><ele>24</ele></trkpt>
   <trkpt lat="50.90415" lon="1.809961"><ele>28</ele></trkpt>
   <trkpt lat="50.901963" lon="1.811434"><ele>29.25</ele></trkpt>
   <trkpt lat="50.900915" lon="1.812137"><ele>29.5</ele></trkpt>
   <trkpt lat="50.899196" lon="1.813278"><ele>28</ele></trkpt>
   <trkpt lat="50.898012" lon="1.814003"><ele>30.5</ele></trkpt>
   <trkpt lat="50.897419" lon="1.814372"><ele>31.75</ele></trkpt>
   <trkpt lat="50.896119" lon="1.81524"><ele>34</ele></trkpt>
   <trkpt lat="50.895868" lon="1.815414"><ele>33.25</ele></trkpt>
   <trkpt lat="50.89465" lon="1.816219"><ele>35.25</ele></trkpt>
   <trkpt lat="50.893851" lon="1.816731"><ele>35.75</ele></trkpt>
   <trkpt lat="50.893235" lon="1.817097"><ele>34.5</ele></trkpt>
   <trkpt lat="50.89283" lon="1.817325"><ele>34.25</ele></trkpt>
   <trkpt lat="50.892445" lon="1.817529"><ele>33.5</ele></trkpt>
   <trkpt lat="50.891987" lon="1.817757"><ele>32.75</ele></trkpt>
   <trkpt lat="50.891403" lon="1.818029"><ele>32.5</ele></trkpt>
   <trkpt lat="50.890657" lon="1.818351"><ele>31.25</ele></trkpt>
   <trkpt lat="50.888866" lon="1.81905"><ele>28.5</ele></trkpt>
   <trkpt lat="50.887193" lon="1.819704"><ele>30</ele></trkpt>
   <trkpt lat="50.880637" lon="1.822259"><ele>22.75</ele></trkpt>
   <trkpt lat="50.879842" lon="1.822577"><ele>22.5</ele></trkpt>
   <trkpt lat="50.878731" lon="1.823051"><ele>22.25</ele></trkpt>
   <trkpt lat="50.877762" lon="1.823525"><ele>21.5</ele></trkpt>
   <trkpt lat="50.877373" lon="1.823733"><ele>20.75</ele></trkpt>
   <trkpt lat="50.876686" lon="1.824123"><ele>21.5</ele></trkpt>
   <trkpt lat="50.875911" lon="1.824601"><ele>23.5</ele></trkpt>
   <trkpt lat="50.875444" lon="1.824908"><ele>24</ele></trkpt>
   <trkpt lat="50.874889" lon="1.825297"><ele>24.25</ele></trkpt>
   <trkpt lat="50.874551" lon="1.825541"><ele>24.25</ele></trkpt>
   <trkpt lat="50.873762" lon="1.826139"><ele>22</ele></trkpt>
   <trkpt lat="50.873169" lon="1.826622"><ele>20.75</ele></trkpt>
   <trkpt lat="50.872666" lon="1.827054"><ele>21.75</ele></trkpt>
   <trkpt lat="50.871596" lon="1.828006"><ele>25.25</ele></trkpt>
   <trkpt lat="50.870789" lon="1.828712"><ele>27.75</ele></trkpt>
   <trkpt lat="50.867814" lon="1.831335"><ele>36.25</ele></trkpt>
   <trkpt lat="50.867151" lon="1.83193"><ele>37.25</ele></trkpt>
   <trkpt lat="50.866159" lon="1.832798"><ele>40</ele></trkpt>
   <trkpt lat="50.864888" lon="1.833937"><ele>42.5</ele></trkpt>
   <trkpt lat="50.864158" lon="1.834617"><ele>44</ele></trkpt>
   <trkpt lat="50.863556" lon="1.835206"><ele>44.75</ele></trkpt>
   <trkpt lat="50.86289" lon="1.835887"><ele>45.5</ele></trkpt>
   <trkpt lat="50.862519" lon="1.836287"><ele>42.5</ele></trkpt>
   <trkpt lat="50.862437" lon="1.836376"><ele>42.5</ele></trkpt>
   <trkpt lat="50.862064" lon="1.836783"><ele>44.75</ele></trkpt>
   <trkpt lat="50.861594" lon="1.837315"><ele>44.5</ele></trkpt>
   <trkpt lat="50.860838" lon="1.838209"><ele>46.25</ele></trkpt>
   <trkpt lat="50.860527" lon="1.838589"><ele>47.75</ele></trkpt>
   <trkpt lat="50.860074" lon="1.839161"><ele>48</ele></trkpt>
   <trkpt lat="50.859481" lon="1.839941"><ele>48.5</ele></trkpt>
   <trkpt lat="50.858913" lon="1.840722"><ele>49</ele></trkpt>
   <trkpt lat="50.858119" lon="1.841869"><ele>48.75</ele></trkpt>
   <trkpt lat="50.857423" lon="1.84293"><ele>49</ele></trkpt>
   <trkpt lat="50.856724" lon="1.844058"><ele>51.5</ele></trkpt>
   <trkpt lat="50.856215" lon="1.844916"><ele>53.75</ele></trkpt>
   <trkpt lat="50.855656" lon="1.845903"><ele>54.5</ele></trkpt>
   <trkpt lat="50.855365" lon="1.846438"><ele>54</ele></trkpt>
   <trkpt lat="50.854892" lon="1.847336"><ele>54.25</ele></trkpt>
   <trkpt lat="50.854545" lon="1.84802"><ele>54.75</ele></trkpt>
   <trkpt lat="50.854184" lon="1.848751"><ele>53.5</ele></trkpt>
   <trkpt lat="50.853884" lon="1.849381"><ele>54.25</ele></trkpt>
   <trkpt lat="50.853482" lon="1.850259"><ele>55.25</ele></trkpt>
   <trkpt lat="50.853138" lon="1.851037"><ele>53.5</ele></trkpt>
   <trkpt lat="50.852544" lon="1.852448"><ele>53.5</ele></trkpt>
   <trkpt lat="50.852091" lon="1.853578"><ele>53.25</ele></trkpt>
   <trkpt lat="50.851023" lon="1.856332"><ele>59.5</ele></trkpt>
   <trkpt lat="50.841908" lon="1.879986"><ele>58.5</ele></trkpt>
   <trkpt lat="50.841382" lon="1.881353"><ele>57.75</ele></trkpt>
   <trkpt lat="50.84136" lon="1.881408"><ele>57.25</ele></trkpt>
   <trkpt lat="50.840517" lon="1.88363"><ele>56.75</ele></trkpt>
   <trkpt lat="50.840101" lon="1.884751"><ele>57.25</ele></trkpt>
   <trkpt lat="50.839477" lon="1.886487"><ele>57.75</ele></trkpt>
   <trkpt lat="50.839213" lon="1.887238"><ele>57</ele></trkpt>
   <trkpt lat="50.837315" lon="1.892759"><ele>56.75</ele></trkpt>
   <trkpt lat="50.832805" lon="1.905933"><ele>49.5</ele></trkpt>
   <trkpt lat="50.832766" lon="1.906044"><ele>50</ele></trkpt>
   <trkpt lat="50.832289" lon="1.907433"><ele>53.75</ele></trkpt>
   <trkpt lat="50.831475" lon="1.909819"><ele>55</ele></trkpt>
   <trkpt lat="50.830959" lon="1.911365"><ele>55.5</ele></trkpt>
   <trkpt lat="50.830406" lon="1.913106"><ele>57.25</ele></trkpt>
   <trkpt lat="50.830059" lon="1.914254"><ele>57.5</ele></trkpt>
   <trkpt lat="50.829724" lon="1.915405"><ele>56.75</ele></trkpt>
   <trkpt lat="50.829342" lon="1.916776"><ele>54.25</ele></trkpt>
   <trkpt lat="50.829143" lon="1.917516"><ele>57</ele></trkpt>
   <trkpt lat="50.828607" lon="1.91961"><ele>58.5</ele></trkpt>
   <trkpt lat="50.828396" lon="1.920477"><ele>59</ele></trkpt>
   <trkpt lat="50.827476" lon="1.924368"><ele>60</ele></trkpt>
   <trkpt lat="50.827268" lon="1.925255"><ele>59.5</ele></trkpt>
   <trkpt lat="50.82517" lon="1.934163"><ele>56</ele></trkpt>
   <trkpt lat="50.822923" lon="1.943712"><ele>63.5</ele></trkpt>
   <trkpt lat="50.822453" lon="1.945709"><ele>64.75</ele></trkpt>
   <trkpt lat="50.821956" lon="1.947883"><ele>66.25</ele></trkpt>
   <trkpt lat="50.821607" lon="1.949501"><ele>65</ele></trkpt>
   <trkpt lat="50.821393" lon="1.950555"><ele>66.75</ele></trkpt>
   <trkpt lat="50.821379" lon="1.950625"><ele>66.5</ele></trkpt>
   <trkpt lat="50.821017" lon="1.952511"><ele>66.75</ele></trkpt>
   <trkpt lat="50.820687" lon="1.954372"><ele>66.75</ele></trkpt>
   <trkpt lat="50.820324" lon="1.956635"><ele>67.75</ele></trkpt>
   <trkpt lat="50.820005" lon="1.958883"><ele>67</ele></trkpt>
   <trkpt lat="50.81991" lon="1.959617"><ele>66.25</ele></trkpt>
   <trkpt lat="50.819719" lon="1.961183"><ele>64.75</ele></trkpt>
   <trkpt lat="50.819629" lon="1.961989"><ele>63.25</ele></trkpt>
   <trkpt lat="50.819428" lon="1.963941"><ele>63.25</ele></trkpt>
   <trkpt lat="50.819313" lon="1.965162"><ele>66.25</ele></trkpt>
   <trkpt lat="50.819175" lon="1.966859"><ele>63.75</ele></trkpt>
   <trkpt lat="50.819049" lon="1.968763"><ele>63.25</ele></trkpt>
   <trkpt lat="50.818954" lon="1.97048"><ele>61</ele></trkpt>
   <trkpt lat="50.818921" lon="1.971209"><ele>60.25</ele></trkpt>
   <trkpt lat="50.818873" lon="1.97244"><ele>59.25</ele></trkpt>
   <trkpt lat="50.818837" lon="1.973636"><ele>58.5</ele></trkpt>
   <trkpt lat="50.818802" lon="1.975574"><ele>57</ele></trkpt>
   <trkpt lat="50.818795" lon="1.976548"><ele>54.5</ele></trkpt>
   <trkpt lat="50.818798" lon="1.978109"><ele>52.75</ele></trkpt>
   <trkpt lat="50.818809" lon="1.979252"><ele>52.75</ele></trkpt>
   <trkpt lat="50.81886" lon="1.982377"><ele>57.5</ele></trkpt>
   <trkpt lat="50.819023" lon="1.990879"><ele>60.5</ele></trkpt>
   <trkpt lat="50.819129" lon="1.99609"><ele>58.75</ele></trkpt>
   <trkpt lat="50.819208" lon="2.000412"><ele>64.25</ele></trkpt>
   <trkpt lat="50.819295" lon="2.004753"><ele>61.5</ele></trkpt>
   <trkpt lat="50.819374" lon="2.009425"><ele>59.5</ele></trkpt>
   <trkpt lat="50.819491" lon="2.015521"><ele>58.25</ele></trkpt>
   <trkpt lat="50.819562" lon="2.018664"><ele>59</ele></trkpt>
   <trkpt lat="50.819611" lon="2.020285"><ele>54.5</ele></trkpt>
   <trkpt lat="50.819614" lon="2.020339"><ele>54.5</ele></trkpt>
   <trkpt lat="50.819683" lon="2.021864"><ele>56</ele></trkpt>
   <trkpt lat="50.819796" lon="2.02377"><ele>58</ele></trkpt>
   <trkpt lat="50.819892" lon="2.025148"><ele>55.25</ele></trkpt>
   <trkpt lat="50.819978" lon="2.026227"><ele>55.5</ele></trkpt>
   <trkpt lat="50.82009" lon="2.027491"><ele>56.75</ele></trkpt>
   <trkpt lat="50.820237" lon="2.028963"><ele>53.75</ele></trkpt>
   <trkpt lat="50.820354" lon="2.030043"><ele>55.75</ele></trkpt>
   <trkpt lat="50.820527" lon="2.031498"><ele>53</ele></trkpt>
   <trkpt lat="50.820749" lon="2.0332"><ele>53.75</ele></trkpt>
   <trkpt lat="50.82088" lon="2.034127"><ele>52.5</ele></trkpt>
   <trkpt lat="50.821213" lon="2.036279"><ele>53</ele></trkpt>
   <trkpt lat="50.821516" lon="2.038068"><ele>52.75</ele></trkpt>
   <trkpt lat="50.821791" lon="2.039562"><ele>51.75</ele></trkpt>
   <trkpt lat="50.821961" lon="2.040442"><ele>51</ele></trkpt>
   <trkpt lat="50.822393" lon="2.04253"><ele>49.5</ele></trkpt>
   <trkpt lat="50.822687" lon="2.043861"><ele>47.5</ele></trkpt>
   <trkpt lat="50.822901" lon="2.044784"><ele>46.25</ele></trkpt>
   <trkpt lat="50.8233" lon="2.046431"><ele>44.75</ele></trkpt>
   <trkpt lat="50.823573" lon="2.047495"><ele>44.75</ele></trkpt>
   <trkpt lat="50.8238" lon="2.04835"><ele>43.5</ele></trkpt>
   <trkpt lat="50.82428" lon="2.05009"><ele>40</ele></trkpt>
   <trkpt lat="50.824518" lon="2.050906"><ele>38.75</ele></trkpt>
   <trkpt lat="50.824891" lon="2.052149"><ele>37.5</ele></trkpt>
   <trkpt lat="50.82548" lon="2.054017"><ele>35</ele></trkpt>
   <trkpt lat="50.825731" lon="2.054785"><ele>34.5</ele></trkpt>
   <trkpt lat="50.826337" lon="2.056547"><ele>32.75</ele></trkpt>
   <trkpt lat="50.826571" lon="2.057206"><ele>32.75</ele></trkpt>
   <trkpt lat="50.827169" lon="2.058823"><ele>30</ele></trkpt>
   <trkpt lat="50.827866" lon="2.060613"><ele>29.5</ele></trkpt>
   <trkpt lat="50.828263" lon="2.061585"><ele>28.5</ele></trkpt>
   <trkpt lat="50.828626" lon="2.062452"><ele>27.25</ele></trkpt>
   <trkpt lat="50.829074" lon="2.06349"><ele>28.25</ele></trkpt>
   <trkpt lat="50.829459" lon="2.064361"><ele>26</ele></trkpt>
   <trkpt lat="50.829889" lon="2.065307"><ele>26.5</ele></trkpt>
   <trkpt lat="50.830524" lon="2.066657"><ele>25</ele></trkpt>
   <trkpt lat="50.834768" lon="2.075451"><ele>19.25</ele></trkpt>
   <trkpt lat="50.835211" lon="2.076389"><ele>18</ele></trkpt>
   <trkpt lat="50.835926" lon="2.077941"><ele>16.5</ele></trkpt>
   <trkpt lat="50.83655" lon="2.079365"><ele>18.25</ele></trkpt>
   <trkpt lat="50.836947" lon="2.080296"><ele>15.75</ele></trkpt>
   <trkpt lat="50.837602" lon="2.081906"><ele>15.25</ele></trkpt>
   <trkpt lat="50.838054" lon="2.083061"><ele>15.75</ele></trkpt>
   <trkpt lat="50.838614" lon="2.084555"><ele>14.75</ele></trkpt>
   <trkpt lat="50.838953" lon="2.085492"><ele>14.75</ele></trkpt>
   <trkpt lat="50.839374" lon="2.086697"><ele>13.75</ele></trkpt>
   <trkpt lat="50.839924" lon="2.088351"><ele>12.75</ele></trkpt>
   <trkpt lat="50.840347" lon="2.089684"><ele>10.75</ele></trkpt>
   <trkpt lat="50.840384" lon="2.089804"><ele>10.5</ele></trkpt>
   <trkpt lat="50.840874" lon="2.09142"><ele>12.75</ele></trkpt>
   <trkpt lat="50.841035" lon="2.091983"><ele>10.5</ele></trkpt>
   <trkpt lat="50.841062" lon="2.092076"><ele>11.25</ele></trkpt>
   <trkpt lat="50.841205" lon="2.092576"><ele>10</ele></trkpt>
   <trkpt lat="50.841216" lon="2.092617"><ele>9.5</ele></trkpt>
   <trkpt lat="50.8414" lon="2.093282"><ele>7.75</ele></trkpt>
   <trkpt lat="50.841448" lon="2.093456"><ele>8.25</ele></trkpt>
   <trkpt lat="50.841776" lon="2.094679"><ele>6.25</ele></trkpt>
   <trkpt lat="50.841815" lon="2.094826"><ele>6.5</ele></trkpt>
   <trkpt lat="50.842001" lon="2.095548"><ele>9.25</ele></trkpt>
   <trkpt lat="50.842341" lon="2.096927"><ele>6.5</ele></trkpt>
   <trkpt lat="50.842555" lon="2.097831"><ele>8</ele></trkpt>
   <trkpt lat="50.842789" lon="2.098856"><ele>7.75</ele></trkpt>
   <trkpt lat="50.843004" lon="2.099836"><ele>7.25</ele></trkpt>
   <trkpt lat="50.843145" lon="2.100495"><ele>7</ele></trkpt>
   <trkpt lat="50.843403" lon="2.101775"><ele>10.25</ele></trkpt>
   <trkpt lat="50.843703" lon="2.103336"><ele>11</ele></trkpt>
   <trkpt lat="50.843827" lon="2.104022"><ele>11.75</ele></trkpt>
   <trkpt lat="50.843955" lon="2.10474"><ele>11</ele></trkpt>
   <trkpt lat="50.844106" lon="2.105635"><ele>13</ele></trkpt>
   <trkpt lat="50.844307" lon="2.106886"><ele>15</ele></trkpt>
   <trkpt lat="50.844473" lon="2.107982"><ele>13.75</ele></trkpt>
   <trkpt lat="50.844652" lon="2.109252"><ele>16</ele></trkpt>
   <trkpt lat="50.844827" lon="2.110585"><ele>16.5</ele></trkpt>
   <trkpt lat="50.844971" lon="2.11177"><ele>16.75</ele></trkpt>
   <trkpt lat="50.845156" lon="2.113452"><ele>20.25</ele></trkpt>
   <trkpt lat="50.84531" lon="2.115031"><ele>18</ele></trkpt>
   <trkpt lat="50.845396" lon="2.11602"><ele>19.5</ele></trkpt>
   <trkpt lat="50.84551" lon="2.117483"><ele>20</ele></trkpt>
   <trkpt lat="50.845608" lon="2.118945"><ele>18.5</ele></trkpt>
   <trkpt lat="50.845682" lon="2.120249"><ele>20.75</ele></trkpt>
   <trkpt lat="50.845762" lon="2.121975"><ele>22.25</ele></trkpt>
   <trkpt lat="50.845799" lon="2.123109"><ele>21.75</ele></trkpt>
   <trkpt lat="50.84582" lon="2.123831"><ele>22</ele></trkpt>
   <trkpt lat="50.845853" lon="2.125622"><ele>22.25</ele></trkpt>
   <trkpt lat="50.84586" lon="2.126277"><ele>23.25</ele></trkpt>
   <trkpt lat="50.845859" lon="2.128073"><ele>24</ele></trkpt>
   <trkpt lat="50.845849" lon="2.129138"><ele>23.75</ele></trkpt>
   <trkpt lat="50.845832" lon="2.130091"><ele>24</ele></trkpt>
   <trkpt lat="50.845773" lon="2.132114"><ele>25.75</ele></trkpt>
   <trkpt lat="50.845734" lon="2.133071"><ele>27.25</ele></trkpt>
   <trkpt lat="50.845627" lon="2.135113"><ele>30.25</ele></trkpt>
   <trkpt lat="50.845561" lon="2.136156"><ele>32</ele></trkpt>
   <trkpt lat="50.845335" lon="2.139392"><ele>35.75</ele></trkpt>
   <trkpt lat="50.843947" lon="2.158315"><ele>40</ele></trkpt>
   <trkpt lat="50.843635" lon="2.162531"><ele>31.25</ele></trkpt>
   <trkpt lat="50.84348" lon="2.165138"><ele>31.75</ele></trkpt>
   <trkpt lat="50.84342" lon="2.166385"><ele>26</ele></trkpt>
   <trkpt lat="50.843352" lon="2.168326"><ele>24.5</ele></trkpt>
   <trkpt lat="50.843332" lon="2.169185"><ele>24</ele></trkpt>
   <trkpt lat="50.843302" lon="2.171147"><ele>24.5</ele></trkpt>
   <trkpt lat="50.843303" lon="2.172883"><ele>24.5</ele></trkpt>
   <trkpt lat="50.84331" lon="2.17374"><ele>24.25</ele></trkpt>
   <trkpt lat="50.84333" lon="2.174929"><ele>23</ele></trkpt>
   <trkpt lat="50.843365" lon="2.176314"><ele>21.75</ele></trkpt>
   <trkpt lat="50.843434" lon="2.178148"><ele>18</ele></trkpt>
   <trkpt lat="50.843588" lon="2.181707"><ele>20.25</ele></trkpt>
   <trkpt lat="50.843608" lon="2.182162"><ele>20</ele></trkpt>
   <trkpt lat="50.843743" lon="2.186159"><ele>20.5</ele></trkpt>
   <trkpt lat="50.84381" lon="2.187642"><ele>19</ele></trkpt>
   <trkpt lat="50.84407" lon="2.193701"><ele>9</ele></trkpt>
   <trkpt lat="50.84409" lon="2.194104"><ele>11.25</ele></trkpt>
   <trkpt lat="50.844236" lon="2.197687"><ele>10.5</ele></trkpt>
   <trkpt lat="50.8443" lon="2.199639"><ele>8.75</ele></trkpt>
   <trkpt lat="50.844337" lon="2.201155"><ele>9.5</ele></trkpt>
   <trkpt lat="50.844379" lon="2.203764"><ele>10.75</ele></trkpt>
   <trkpt lat="50.844392" lon="2.205426"><ele>11.75</ele></trkpt>
   <trkpt lat="50.844395" lon="2.206912"><ele>12.5</ele></trkpt>
   <trkpt lat="50.844371" lon="2.210626"><ele>14.25</ele></trkpt>
   <trkpt lat="50.844327" lon="2.215033"><ele>16.5</ele></trkpt>
   <trkpt lat="50.844213" lon="2.22616"><ele>22.5</ele></trkpt>
   <trkpt lat="50.844195" lon="2.22707"><ele>23</ele></trkpt>
   <trkpt lat="50.844159" lon="2.229163"><ele>23</ele></trkpt>
   <trkpt lat="50.84412" lon="2.230715"><ele>25.5</ele></trkpt>
   <trkpt lat="50.844056" lon="2.232458"><ele>23.75</ele></trkpt>
   <trkpt lat="50.844028" lon="2.233058"><ele>25.5</ele></trkpt>
   <trkpt lat="50.843923" lon="2.234884"><ele>31.25</ele></trkpt>
   <trkpt lat="50.843837" lon="2.236206"><ele>33.25</ele></trkpt>
   <trkpt lat="50.843755" lon="2.237262"><ele>36.5</ele></trkpt>
   <trkpt lat="50.843666" lon="2.238301"><ele>35.5</ele></trkpt>
   <trkpt lat="50.843507" lon="2.239985"><ele>38</ele></trkpt>
   <trkpt lat="50.843376" lon="2.241267"><ele>38.25</ele></trkpt>
   <trkpt lat="50.84264" lon="2.248219"><ele>37.25</ele></trkpt>
   <trkpt lat="50.841817" lon="2.255976"><ele>34.75</ele></trkpt>
   <trkpt lat="50.841586" lon="2.258061"><ele>32.75</ele></trkpt>
   <trkpt lat="50.841578" lon="2.258125"><ele>32.25</ele></trkpt>
   <trkpt lat="50.841355" lon="2.259875"><ele>33</ele></trkpt>
   <trkpt lat="50.841223" lon="2.260848"><ele>32.75</ele></trkpt>
   <trkpt lat="50.841101" lon="2.261702"><ele>32</ele></trkpt>
   <trkpt lat="50.840902" lon="2.263016"><ele>32.25</ele></trkpt>
   <trkpt lat="50.840713" lon="2.264191"><ele>32.25</ele></trkpt>
   <trkpt lat="50.840435" lon="2.265814"><ele>31.5</ele></trkpt>
   <trkpt lat="50.840192" lon="2.267145"><ele>30.25</ele></trkpt>
   <trkpt lat="50.840064" lon="2.267813"><ele>29.5</ele></trkpt>
   <trkpt lat="50.83973" lon="2.269465"><ele>30.75</ele></trkpt>
   <trkpt lat="50.839384" lon="2.271062"><ele>29.75</ele></trkpt>
   <trkpt lat="50.83902" lon="2.272671"><ele>29</ele></trkpt>
   <trkpt lat="50.838831" lon="2.273451"><ele>30.25</ele></trkpt>
   <trkpt lat="50.838416" lon="2.275109"><ele>31</ele></trkpt>
   <trkpt lat="50.838129" lon="2.276202"><ele>32</ele></trkpt>
   <trkpt lat="50.837786" lon="2.277459"><ele>32</ele></trkpt>
   <trkpt lat="50.837398" lon="2.278822"><ele>33.25</ele></trkpt>
   <trkpt lat="50.837162" lon="2.279622"><ele>33.25</ele></trkpt>
   <trkpt lat="50.836771" lon="2.280902"><ele>34.5</ele></trkpt>
   <trkpt lat="50.836282" lon="2.282423"><ele>34.75</ele></trkpt>
   <trkpt lat="50.835858" lon="2.283692"><ele>34</ele></trkpt>
   <trkpt lat="50.835566" lon="2.284555"><ele>33</ele></trkpt>
   <trkpt lat="50.835259" lon="2.285418"><ele>33</ele></trkpt>
   <trkpt lat="50.834928" lon="2.286328"><ele>32.75</ele></trkpt>
   <trkpt lat="50.834403" lon="2.28772"><ele>32.75</ele></trkpt>
   <trkpt lat="50.834108" lon="2.288477"><ele>32.75</ele></trkpt>
   <trkpt lat="50.833443" lon="2.290127"><ele>32</ele></trkpt>
   <trkpt lat="50.83277" lon="2.291718"><ele>31.75</ele></trkpt>
   <trkpt lat="50.832199" lon="2.293014"><ele>30.5</ele></trkpt>
   <trkpt lat="50.831745" lon="2.294012"><ele>29.75</ele></trkpt>
   <trkpt lat="50.828064" lon="2.301887"><ele>32.25</ele></trkpt>
   <trkpt lat="50.827948" lon="2.302133"><ele>30.25</ele></trkpt>
   <trkpt lat="50.826625" lon="2.304963"><ele>32.5</ele></trkpt>
   <trkpt lat="50.826067" lon="2.306183"><ele>32.75</ele></trkpt>
   <trkpt lat="50.82519" lon="2.308174"><ele>31.75</ele></trkpt>
   <trkpt lat="50.825094" lon="2.308397"><ele>31.75</ele></trkpt>
   <trkpt lat="50.824681" lon="2.309379"><ele>33.25</ele></trkpt>
   <trkpt lat="50.824255" lon="2.310414"><ele>31.25</ele></trkpt>
   <trkpt lat="50.823473" lon="2.312388"><ele>30</ele></trkpt>
   <trkpt lat="50.818663" lon="2.324825"><ele>28.25</ele></trkpt>
   <trkpt lat="50.818633" lon="2.324903"><ele>29</ele></trkpt>
   <trkpt lat="50.817094" lon="2.328881"><ele>27.5</ele></trkpt>
   <trkpt lat="50.816956" lon="2.329231"><ele>26.25</ele></trkpt>
   <trkpt lat="50.813192" lon="2.33896"><ele>30</ele></trkpt>
   <trkpt lat="50.811667" lon="2.342902"><ele>33.25</ele></trkpt>
   <trkpt lat="50.809912" lon="2.347435"><ele>34.75</ele></trkpt>
   <trkpt lat="50.809495" lon="2.348533"><ele>35.25</ele></trkpt>
   <trkpt lat="50.808752" lon="2.350538"><ele>36</ele></trkpt>
   <trkpt lat="50.808005" lon="2.352615"><ele>37.5</ele></trkpt>
   <trkpt lat="50.807613" lon="2.353725"><ele>38.5</ele></trkpt>
   <trkpt lat="50.80215" lon="2.36947"><ele>38.5</ele></trkpt>
   <trkpt lat="50.80126" lon="2.372077"><ele>38</ele></trkpt>
   <trkpt lat="50.800492" lon="2.374423"><ele>36.5</ele></trkpt>
   <trkpt lat="50.799884" lon="2.37636"><ele>35</ele></trkpt>
   <trkpt lat="50.799488" lon="2.377667"><ele>35.25</ele></trkpt>
   <trkpt lat="50.799035" lon="2.379204"><ele>35.25</ele></trkpt>
   <trkpt lat="50.798398" lon="2.38145"><ele>36</ele></trkpt>
   <trkpt lat="50.798062" lon="2.382669"><ele>36</ele></trkpt>
   <trkpt lat="50.792179" lon="2.404558"><ele>28.5</ele></trkpt>
   <trkpt lat="50.792159" lon="2.404635"><ele>28.25</ele></trkpt>
   <trkpt lat="50.791815" lon="2.405916"><ele>28.5</ele></trkpt>
   <trkpt lat="50.787263" lon="2.422831"><ele>40.5</ele></trkpt>
   <trkpt lat="50.786377" lon="2.426147"><ele>40</ele></trkpt>
   <trkpt lat="50.786117" lon="2.427092"><ele>40</ele></trkpt>
   <trkpt lat="50.784452" lon="2.433288"><ele>39</ele></trkpt>
   <trkpt lat="50.783976" lon="2.435117"><ele>39.25</ele></trkpt>
   <trkpt lat="50.783665" lon="2.436377"><ele>38</ele></trkpt>
   <trkpt lat="50.783405" lon="2.437476"><ele>38</ele></trkpt>
   <trkpt lat="50.783123" lon="2.43871"><ele>37.25</ele></trkpt>
   <trkpt lat="50.782897" lon="2.43975"><ele>36.5</ele></trkpt>
   <trkpt lat="50.782489" lon="2.441742"><ele>35</ele></trkpt>
   <trkpt lat="50.782201" lon="2.443241"><ele>33.75</ele></trkpt>
   <trkpt lat="50.781959" lon="2.444591"><ele>33.75</ele></trkpt>
   <trkpt lat="50.781648" lon="2.446452"><ele>34.5</ele></trkpt>
   <trkpt lat="50.781526" lon="2.447238"><ele>34</ele></trkpt>
   <trkpt lat="50.781296" lon="2.448804"><ele>33.75</ele></trkpt>
   <trkpt lat="50.781072" lon="2.450401"><ele>34.5</ele></trkpt>
   <trkpt lat="50.78098" lon="2.451077"><ele>33.75</ele></trkpt>
   <trkpt lat="50.780275" lon="2.456217"><ele>34.5</ele></trkpt>
   <trkpt lat="50.780179" lon="2.456917"><ele>34</ele></trkpt>
   <trkpt lat="50.779769" lon="2.459754"><ele>36.25</ele></trkpt>
   <trkpt lat="50.779553" lon="2.461106"><ele>35</ele></trkpt>
   <trkpt lat="50.779254" lon="2.462834"><ele>35</ele></trkpt>
   <trkpt lat="50.779021" lon="2.464101"><ele>36</ele></trkpt>
   <trkpt lat="50.778672" lon="2.465869"><ele>36</ele></trkpt>
   <trkpt lat="50.778493" lon="2.466733"><ele>36</ele></trkpt>
   <trkpt lat="50.778127" lon="2.468417"><ele>36.75</ele></trkpt>
   <trkpt lat="50.777763" lon="2.469985"><ele>38.75</ele></trkpt>
   <trkpt lat="50.777472" lon="2.471175"><ele>39</ele></trkpt>
   <trkpt lat="50.777278" lon="2.471939"><ele>38.25</ele></trkpt>
   <trkpt lat="50.776821" lon="2.47367"><ele>39</ele></trkpt>
   <trkpt lat="50.776219" lon="2.475878"><ele>37.5</ele></trkpt>
   <trkpt lat="50.776104" lon="2.476305"><ele>39.25</ele></trkpt>
   <trkpt lat="50.775456" lon="2.478689"><ele>35.75</ele></trkpt>
   <trkpt lat="50.775405" lon="2.478881"><ele>36.5</ele></trkpt>
   <trkpt lat="50.775117" lon="2.479932"><ele>38.5</ele></trkpt>
   <trkpt lat="50.775098" lon="2.480003"><ele>38.5</ele></trkpt>
   <trkpt lat="50.76975" lon="2.4996"><ele>38.75</ele></trkpt>
   <trkpt lat="50.768812" lon="2.503051"><ele>39</ele></trkpt>
   <trkpt lat="50.768446" lon="2.504393"><ele>38.5</ele></trkpt>
   <trkpt lat="50.767068" lon="2.509445"><ele>39.5</ele></trkpt>
   <trkpt lat="50.765011" lon="2.516962"><ele>40</ele></trkpt>
   <trkpt lat="50.764653" lon="2.518283"><ele>40.25</ele></trkpt>
   <trkpt lat="50.764336" lon="2.519501"><ele>40.5</ele></trkpt>
   <trkpt lat="50.76411" lon="2.520401"><ele>41.5</ele></trkpt>
   <trkpt lat="50.763845" lon="2.521407"><ele>41</ele></trkpt>
   <trkpt lat="50.762078" lon="2.527888"><ele>37.75</ele></trkpt>
   <trkpt lat="50.761572" lon="2.529808"><ele>35.75</ele></trkpt>
   <trkpt lat="50.761187" lon="2.531367"><ele>35</ele></trkpt>
   <trkpt lat="50.760816" lon="2.532941"><ele>32.75</ele></trkpt>
   <trkpt lat="50.760626" lon="2.533792"><ele>32.25</ele></trkpt>
   <trkpt lat="50.760189" lon="2.535855"><ele>32</ele></trkpt>
   <trkpt lat="50.759841" lon="2.537625"><ele>31.75</ele></trkpt>
   <trkpt lat="50.759571" lon="2.539114"><ele>31.25</ele></trkpt>
   <trkpt lat="50.759297" lon="2.540689"><ele>32</ele></trkpt>
   <trkpt lat="50.758143" lon="2.547538"><ele>31.25</ele></trkpt>
   <trkpt lat="50.757952" lon="2.548642"><ele>33</ele></trkpt>
   <trkpt lat="50.757614" lon="2.550501"><ele>35.25</ele></trkpt>
   <trkpt lat="50.757445" lon="2.551387"><ele>35.25</ele></trkpt>
   <trkpt lat="50.757196" lon="2.552623"><ele>35.25</ele></trkpt>
   <trkpt lat="50.756877" lon="2.554126"><ele>35.25</ele></trkpt>
   <trkpt lat="50.756529" lon="2.55568"><ele>36.5</ele></trkpt>
   <trkpt lat="50.756201" lon="2.557058"><ele>35.75</ele></trkpt>
   <trkpt lat="50.755903" lon="2.558248"><ele>35</ele></trkpt>
   <trkpt lat="50.755667" lon="2.559165"><ele>34.25</ele></trkpt>
   <trkpt lat="50.755241" lon="2.560739"><ele>34.5</ele></trkpt>
   <trkpt lat="50.754879" lon="2.562022"><ele>33.25</ele></trkpt>
   <trkpt lat="50.754596" lon="2.562984"><ele>33.25</ele></trkpt>
   <trkpt lat="50.754323" lon="2.56389"><ele>33.25</ele></trkpt>
   <trkpt lat="50.754063" lon="2.564727"><ele>33.5</ele></trkpt>
   <trkpt lat="50.753717" lon="2.565805"><ele>34.5</ele></trkpt>
   <trkpt lat="50.753445" lon="2.566624"><ele>33.75</ele></trkpt>
   <trkpt lat="50.753264" lon="2.567164"><ele>33</ele></trkpt>
   <trkpt lat="50.752799" lon="2.568504"><ele>33.75</ele></trkpt>
   <trkpt lat="50.752471" lon="2.569415"><ele>33.5</ele></trkpt>
   <trkpt lat="50.752217" lon="2.5701"><ele>30.5</ele></trkpt>
   <trkpt lat="50.75209" lon="2.570444"><ele>31</ele></trkpt>
   <trkpt lat="50.751601" lon="2.571724"><ele>31.75</ele></trkpt>
   <trkpt lat="50.751196" lon="2.572742"><ele>31.5</ele></trkpt>
   <trkpt lat="50.750907" lon="2.573454"><ele>30.75</ele></trkpt>
   <trkpt lat="50.750323" lon="2.57484"><ele>30.25</ele></trkpt>
   <trkpt lat="50.750294" lon="2.574907"><ele>31</ele></trkpt>
   <trkpt lat="50.749644" lon="2.576405"><ele>29</ele></trkpt>
   <trkpt lat="50.749264" lon="2.577271"><ele>29.25</ele></trkpt>
   <trkpt lat="50.749205" lon="2.577402"><ele>29.5</ele></trkpt>
   <trkpt lat="50.747822" lon="2.580553"><ele>30.5</ele></trkpt>
   <trkpt lat="50.747531" lon="2.581203"><ele>30.25</ele></trkpt>
   <trkpt lat="50.746705" lon="2.583106"><ele>30.5</ele></trkpt>
   <trkpt lat="50.74609" lon="2.58456"><ele>30.75</ele></trkpt>
   <trkpt lat="50.745453" lon="2.586136"><ele>30.75</ele></trkpt>
   <trkpt lat="50.744827" lon="2.58777"><ele>30.75</ele></trkpt>
   <trkpt lat="50.744552" lon="2.588509"><ele>30</ele></trkpt>
   <trkpt lat="50.743966" lon="2.590145"><ele>31</ele></trkpt>
   <trkpt lat="50.743625" lon="2.591133"><ele>31.75</ele></trkpt>
   <trkpt lat="50.743331" lon="2.592012"><ele>33.25</ele></trkpt>
   <trkpt lat="50.743024" lon="2.592955"><ele>32.75</ele></trkpt>
   <trkpt lat="50.742601" lon="2.594308"><ele>32.5</ele></trkpt>
   <trkpt lat="50.742117" lon="2.595917"><ele>33</ele></trkpt>
   <trkpt lat="50.741672" lon="2.597483"><ele>34</ele></trkpt>
   <trkpt lat="50.741334" lon="2.598731"><ele>35</ele></trkpt>
   <trkpt lat="50.74106" lon="2.599782"><ele>36</ele></trkpt>
   <trkpt lat="50.740753" lon="2.601004"><ele>36.75</ele></trkpt>
   <trkpt lat="50.740528" lon="2.601935"><ele>37</ele></trkpt>
   <trkpt lat="50.740346" lon="2.602722"><ele>37</ele></trkpt>
   <trkpt lat="50.74008" lon="2.603901"><ele>38.25</ele></trkpt>
   <trkpt lat="50.739762" lon="2.605389"><ele>38.25</ele></trkpt>
   <trkpt lat="50.73964" lon="2.605988"><ele>39</ele></trkpt>
   <trkpt lat="50.739374" lon="2.607331"><ele>39</ele></trkpt>
   <trkpt lat="50.739236" lon="2.608069"><ele>39</ele></trkpt>
   <trkpt lat="50.738977" lon="2.609507"><ele>38.5</ele></trkpt>
   <trkpt lat="50.738807" lon="2.610505"><ele>39.25</ele></trkpt>
   <trkpt lat="50.738565" lon="2.612016"><ele>39.25</ele></trkpt>
   <trkpt lat="50.738371" lon="2.613277"><ele>41.25</ele></trkpt>
   <trkpt lat="50.737456" lon="2.619329"><ele>45.25</ele></trkpt>
   <trkpt lat="50.737347" lon="2.62002"><ele>45.75</ele></trkpt>
   <trkpt lat="50.737165" lon="2.621139"><ele>46.75</ele></trkpt>
   <trkpt lat="50.736906" lon="2.622655"><ele>47.5</ele></trkpt>
   <trkpt lat="50.736716" lon="2.623691"><ele>48</ele></trkpt>
   <trkpt lat="50.736404" lon="2.625307"><ele>49.75</ele></trkpt>
   <trkpt lat="50.735997" lon="2.627262"><ele>49.5</ele></trkpt>
   <trkpt lat="50.735685" lon="2.628662"><ele>50.25</ele></trkpt>
   <trkpt lat="50.735539" lon="2.629292"><ele>50.75</ele></trkpt>
   <trkpt lat="50.735243" lon="2.630514"><ele>52.5</ele></trkpt>
   <trkpt lat="50.734879" lon="2.631948"><ele>54.5</ele></trkpt>
   <trkpt lat="50.734599" lon="2.633012"><ele>55.25</ele></trkpt>
   <trkpt lat="50.734355" lon="2.633903"><ele>55.25</ele></trkpt>
   <trkpt lat="50.733978" lon="2.635219"><ele>53.75</ele></trkpt>
   <trkpt lat="50.733646" lon="2.636338"><ele>52.75</ele></trkpt>
   <trkpt lat="50.733159" lon="2.637899"><ele>52.5</ele></trkpt>
   <trkpt lat="50.732739" lon="2.639188"><ele>49.75</ele></trkpt>
   <trkpt lat="50.732404" lon="2.640185"><ele>48.5</ele></trkpt>
   <trkpt lat="50.731919" lon="2.641561"><ele>46.25</ele></trkpt>
   <trkpt lat="50.731647" lon="2.642309"><ele>45</ele></trkpt>
   <trkpt lat="50.730887" lon="2.64437"><ele>43.75</ele></trkpt>
   <trkpt lat="50.726308" lon="2.656677"><ele>37.25</ele></trkpt>
   <trkpt lat="50.722057" lon="2.668099"><ele>29.5</ele></trkpt>
   <trkpt lat="50.717888" lon="2.679285"><ele>24.25</ele></trkpt>
   <trkpt lat="50.717831" lon="2.679433"><ele>24.5</ele></trkpt>
   <trkpt lat="50.714788" lon="2.687607"><ele>27.5</ele></trkpt>
   <trkpt lat="50.71344" lon="2.69122"><ele>24.5</ele></trkpt>
   <trkpt lat="50.7128" lon="2.692953"><ele>26.25</ele></trkpt>
   <trkpt lat="50.712442" lon="2.693936"><ele>26</ele></trkpt>
   <trkpt lat="50.711785" lon="2.69583"><ele>23</ele></trkpt>
   <trkpt lat="50.711537" lon="2.696558"><ele>23.25</ele></trkpt>
   <trkpt lat="50.711144" lon="2.697757"><ele>27.5</ele></trkpt>
   <trkpt lat="50.710612" lon="2.699451"><ele>25.25</ele></trkpt>
   <trkpt lat="50.710313" lon="2.700433"><ele>24</ele></trkpt>
   <trkpt lat="50.709999" lon="2.701502"><ele>23</ele></trkpt>
   <trkpt lat="50.709745" lon="2.702383"><ele>21.75</ele></trkpt>
   <trkpt lat="50.709339" lon="2.703849"><ele>19.75</ele></trkpt>
   <trkpt lat="50.708925" lon="2.705414"><ele>19.25</ele></trkpt>
   <trkpt lat="50.708539" lon="2.706943"><ele>20.5</ele></trkpt>
   <trkpt lat="50.708248" lon="2.708146"><ele>20.25</ele></trkpt>
   <trkpt lat="50.707886" lon="2.709709"><ele>20.5</ele></trkpt>
   <trkpt lat="50.707534" lon="2.711301"><ele>20.75</ele></trkpt>
   <trkpt lat="50.707139" lon="2.713192"><ele>20</ele></trkpt>
   <trkpt lat="50.705809" lon="2.719734"><ele>19.75</ele></trkpt>
   <trkpt lat="50.704177" lon="2.727766"><ele>20.75</ele></trkpt>
   <trkpt lat="50.703606" lon="2.730532"><ele>20.75</ele></trkpt>
   <trkpt lat="50.703243" lon="2.732205"><ele>19</ele></trkpt>
   <trkpt lat="50.702964" lon="2.733431"><ele>19.5</ele></trkpt>
   <trkpt lat="50.702514" lon="2.735281"><ele>21.75</ele></trkpt>
   <trkpt lat="50.70203" lon="2.737154"><ele>20</ele></trkpt>
   <trkpt lat="50.701785" lon="2.738053"><ele>20</ele></trkpt>
   <trkpt lat="50.701509" lon="2.739034"><ele>19.75</ele></trkpt>
   <trkpt lat="50.701187" lon="2.740145"><ele>20</ele></trkpt>
   <trkpt lat="50.700955" lon="2.74092"><ele>20.5</ele></trkpt>
   <trkpt lat="50.70042" lon="2.742638"><ele>20</ele></trkpt>
   <trkpt lat="50.699986" lon="2.74396"><ele>21</ele></trkpt>
   <trkpt lat="50.699472" lon="2.745463"><ele>20.75</ele></trkpt>
   <trkpt lat="50.699175" lon="2.746308"><ele>21</ele></trkpt>
   <trkpt lat="50.698899" lon="2.747064"><ele>21</ele></trkpt>
   <trkpt lat="50.698642" lon="2.747758"><ele>21</ele></trkpt>
   <trkpt lat="50.698266" lon="2.748745"><ele>20.5</ele></trkpt>
   <trkpt lat="50.69765" lon="2.750298"><ele>19.75</ele></trkpt>
   <trkpt lat="50.697294" lon="2.751174"><ele>19.75</ele></trkpt>
   <trkpt lat="50.696805" lon="2.752345"><ele>20.5</ele></trkpt>
   <trkpt lat="50.694761" lon="2.757188"><ele>20.5</ele></trkpt>
   <trkpt lat="50.694108" lon="2.758749"><ele>19.75</ele></trkpt>
   <trkpt lat="50.693293" lon="2.760761"><ele>19.25</ele></trkpt>
   <trkpt lat="50.692938" lon="2.761667"><ele>19</ele></trkpt>
   <trkpt lat="50.692239" lon="2.763527"><ele>19.75</ele></trkpt>
   <trkpt lat="50.691724" lon="2.764957"><ele>20.25</ele></trkpt>
   <trkpt lat="50.691177" lon="2.76654"><ele>19</ele></trkpt>
   <trkpt lat="50.690514" lon="2.76855"><ele>19</ele></trkpt>
   <trkpt lat="50.690501" lon="2.768591"><ele>19</ele></trkpt>
   <trkpt lat="50.690081" lon="2.769924"><ele>19.25</ele></trkpt>
   <trkpt lat="50.689586" lon="2.771567"><ele>18.5</ele></trkpt>
   <trkpt lat="50.689267" lon="2.772667"><ele>19</ele></trkpt>
   <trkpt lat="50.68898" lon="2.773691"><ele>19.25</ele></trkpt>
   <trkpt lat="50.688581" lon="2.775154"><ele>18</ele></trkpt>
   <trkpt lat="50.688524" lon="2.775374"><ele>17.25</ele></trkpt>
   <trkpt lat="50.688094" lon="2.777035"><ele>20</ele></trkpt>
   <trkpt lat="50.687709" lon="2.778592"><ele>19</ele></trkpt>
   <trkpt lat="50.68715" lon="2.780892"><ele>18.5</ele></trkpt>
   <trkpt lat="50.686777" lon="2.782417"><ele>19</ele></trkpt>
   <trkpt lat="50.684216" lon="2.792904"><ele>19</ele></trkpt>
   <trkpt lat="50.683738" lon="2.794798"><ele>17.75</ele></trkpt>
   <trkpt lat="50.683227" lon="2.796741"><ele>18</ele></trkpt>
   <trkpt lat="50.682643" lon="2.798868"><ele>17.75</ele></trkpt>
   <trkpt lat="50.682036" lon="2.800976"><ele>18.5</ele></trkpt>
   <trkpt lat="50.681736" lon="2.801989"><ele>18.5</ele></trkpt>
   <trkpt lat="50.681031" lon="2.804289"><ele>19.25</ele></trkpt>
   <trkpt lat="50.680482" lon="2.806009"><ele>19.75</ele></trkpt>
   <trkpt lat="50.680316" lon="2.806503"><ele>19.75</ele></trkpt>
   <trkpt lat="50.680216" lon="2.806814"><ele>18.5</ele></trkpt>
   <trkpt lat="50.679871" lon="2.80785"><ele>18.5</ele></trkpt>
   <trkpt lat="50.679151" lon="2.809945"><ele>20.5</ele></trkpt>
   <trkpt lat="50.678348" lon="2.812187"><ele>18.75</ele></trkpt>
   <trkpt lat="50.678138" lon="2.812753"><ele>19</ele></trkpt>
   <trkpt lat="50.677761" lon="2.813765"><ele>21</ele></trkpt>
   <trkpt lat="50.677279" lon="2.815031"><ele>20.75</ele></trkpt>
   <trkpt lat="50.676869" lon="2.816086"><ele>20.5</ele></trkpt>
   <trkpt lat="50.676385" lon="2.817299"><ele>23.25</ele></trkpt>
   <trkpt lat="50.675825" lon="2.818672"><ele>23</ele></trkpt>
   <trkpt lat="50.675287" lon="2.819979"><ele>20.5</ele></trkpt>
   <trkpt lat="50.674248" lon="2.82248"><ele>23.75</ele></trkpt>
   <trkpt lat="50.674095" lon="2.82286"><ele>23.5</ele></trkpt>
   <trkpt lat="50.672811" lon="2.825959"><ele>22.75</ele></trkpt>
   <trkpt lat="50.672656" lon="2.826342"><ele>21</ele></trkpt>
   <trkpt lat="50.670807" lon="2.830806"><ele>24.75</ele></trkpt>
   <trkpt lat="50.668754" lon="2.835765"><ele>21.25</ele></trkpt>
   <trkpt lat="50.6686" lon="2.836135"><ele>24.5</ele></trkpt>
   <trkpt lat="50.667879" lon="2.837895"><ele>23</ele></trkpt>
   <trkpt lat="50.667345" lon="2.839225"><ele>23.5</ele></trkpt>
   <trkpt lat="50.666346" lon="2.841833"><ele>24</ele></trkpt>
   <trkpt lat="50.665375" lon="2.844484"><ele>21</ele></trkpt>
   <trkpt lat="50.66525" lon="2.844845"><ele>21.5</ele></trkpt>
   <trkpt lat="50.664815" lon="2.846082"><ele>21.5</ele></trkpt>
   <trkpt lat="50.664801" lon="2.846122"><ele>21.75</ele></trkpt>
   <trkpt lat="50.664134" lon="2.848081"><ele>22.25</ele></trkpt>
   <trkpt lat="50.660315" lon="2.859484"><ele>23</ele></trkpt>
   <trkpt lat="50.660231" lon="2.859729"><ele>21</ele></trkpt>
   <trkpt lat="50.658211" lon="2.865754"><ele>19.25</ele></trkpt>
   <trkpt lat="50.657629" lon="2.86746"><ele>19.75</ele></trkpt>
   <trkpt lat="50.65676" lon="2.869918"><ele>20.25</ele></trkpt>
   <trkpt lat="50.656359" lon="2.871023"><ele>20</ele></trkpt>
   <trkpt lat="50.655908" lon="2.872228"><ele>21.5</ele></trkpt>
   <trkpt lat="50.655379" lon="2.873609"><ele>19.5</ele></trkpt>
   <trkpt lat="50.654887" lon="2.874862"><ele>19.5</ele></trkpt>
   <trkpt lat="50.65437" lon="2.87614"><ele>19.5</ele></trkpt>
   <trkpt lat="50.6535" lon="2.878256"><ele>20.25</ele></trkpt>
   <trkpt lat="50.652358" lon="2.88098"><ele>21.25</ele></trkpt>
   <trkpt lat="50.652087" lon="2.881629"><ele>22</ele></trkpt>
   <trkpt lat="50.648822" lon="2.889429"><ele>20</ele></trkpt>
   <trkpt lat="50.648424" lon="2.890407"><ele>20.25</ele></trkpt>
   <trkpt lat="50.647987" lon="2.891523"><ele>19.75</ele></trkpt>
   <trkpt lat="50.647635" lon="2.892475"><ele>19.75</ele></trkpt>
   <trkpt lat="50.647319" lon="2.893379"><ele>20.25</ele></trkpt>
   <trkpt lat="50.646962" lon="2.894463"><ele>20.75</ele></trkpt>
   <trkpt lat="50.64671" lon="2.895273"><ele>20.75</ele></trkpt>
   <trkpt lat="50.646484" lon="2.896039"><ele>20.25</ele></trkpt>
   <trkpt lat="50.646268" lon="2.896803"><ele>20</ele></trkpt>
   <trkpt lat="50.646059" lon="2.897585"><ele>20.25</ele></trkpt>
   <trkpt lat="50.645877" lon="2.898302"><ele>20.5</ele></trkpt>
   <trkpt lat="50.645601" lon="2.899464"><ele>20.75</ele></trkpt>
   <trkpt lat="50.645371" lon="2.900518"><ele>20</ele></trkpt>
   <trkpt lat="50.645054" lon="2.902109"><ele>21.25</ele></trkpt>
   <trkpt lat="50.644763" lon="2.903812"><ele>20.75</ele></trkpt>
   <trkpt lat="50.644601" lon="2.904896"><ele>20</ele></trkpt>
   <trkpt lat="50.644417" lon="2.906308"><ele>20.5</ele></trkpt>
   <trkpt lat="50.644336" lon="2.907023"><ele>20.25</ele></trkpt>
   <trkpt lat="50.644232" lon="2.90802"><ele>21.75</ele></trkpt>
   <trkpt lat="50.644094" lon="2.909686"><ele>20.25</ele></trkpt>
   <trkpt lat="50.644018" lon="2.910904"><ele>20.75</ele></trkpt>
   <trkpt lat="50.643953" lon="2.912391"><ele>20.75</ele></trkpt>
   <trkpt lat="50.643922" lon="2.913694"><ele>21.75</ele></trkpt>
   <trkpt lat="50.643916" lon="2.914376"><ele>21.75</ele></trkpt>
   <trkpt lat="50.643922" lon="2.915772"><ele>21.75</ele></trkpt>
   <trkpt lat="50.643923" lon="2.915816"><ele>21.75</ele></trkpt>
   <trkpt lat="50.643957" lon="2.917174"><ele>21.25</ele></trkpt>
   <trkpt lat="50.644027" lon="2.918744"><ele>21.25</ele></trkpt>
   <trkpt lat="50.644085" lon="2.919644"><ele>20.5</ele></trkpt>
   <trkpt lat="50.644146" lon="2.920446"><ele>21.25</ele></trkpt>
   <trkpt lat="50.644233" lon="2.921472"><ele>21.5</ele></trkpt>
   <trkpt lat="50.644435" lon="2.923284"><ele>22.5</ele></trkpt>
   <trkpt lat="50.644522" lon="2.923963"><ele>22</ele></trkpt>
   <trkpt lat="50.644661" lon="2.92497"><ele>22.25</ele></trkpt>
   <trkpt lat="50.645214" lon="2.928548"><ele>21.5</ele></trkpt>
   <trkpt lat="50.645361" lon="2.929505"><ele>21.75</ele></trkpt>
   <trkpt lat="50.645467" lon="2.930185"><ele>24.25</ele></trkpt>
   <trkpt lat="50.645474" lon="2.930229"><ele>24.5</ele></trkpt>
   <trkpt lat="50.645896" lon="2.932931"><ele>26</ele></trkpt>
   <trkpt lat="50.645989" lon="2.933557"><ele>22.25</ele></trkpt>
   <trkpt lat="50.646016" lon="2.933725"><ele>22.75</ele></trkpt>
   <trkpt lat="50.646401" lon="2.9362"><ele>25.75</ele></trkpt>
   <trkpt lat="50.646627" lon="2.937583"><ele>25.25</ele></trkpt>
   <trkpt lat="50.646789" lon="2.938525"><ele>25.75</ele></trkpt>
   <trkpt lat="50.646907" lon="2.93916"><ele>27.75</ele></trkpt>
   <trkpt lat="50.647087" lon="2.940077"><ele>31.5</ele></trkpt>
   <trkpt lat="50.647414" lon="2.941592"><ele>31.75</ele></trkpt>
   <trkpt lat="50.647593" lon="2.942348"><ele>31.5</ele></trkpt>
   <trkpt lat="50.647812" lon="2.943224"><ele>31</ele></trkpt>
   <trkpt lat="50.648193" lon="2.944634"><ele>32.5</ele></trkpt>
   <trkpt lat="50.64851" lon="2.945721"><ele>32.75</ele></trkpt>
   <trkpt lat="50.648892" lon="2.946933"><ele>31</ele></trkpt>
   <trkpt lat="50.649096" lon="2.947543"><ele>32.5</ele></trkpt>
   <trkpt lat="50.649348" lon="2.948272"><ele>33.75</ele></trkpt>
   <trkpt lat="50.649745" lon="2.949358"><ele>33.25</ele></trkpt>
   <trkpt lat="50.650097" lon="2.950266"><ele>35.25</ele></trkpt>
   <trkpt lat="50.65042" lon="2.951056"><ele>36.25</ele></trkpt>
   <trkpt lat="50.650693" lon="2.951699"><ele>37.25</ele></trkpt>
   <trkpt lat="50.651188" lon="2.952812"><ele>36.5</ele></trkpt>
   <trkpt lat="50.651211" lon="2.952864"><ele>36.5</ele></trkpt>
   <trkpt lat="50.65212" lon="2.954816"><ele>38.25</ele></trkpt>
   <trkpt lat="50.652608" lon="2.955847"><ele>38.75</ele></trkpt>
   <trkpt lat="50.653121" lon="2.956962"><ele>39.25</ele></trkpt>
   <trkpt lat="50.653556" lon="2.957947"><ele>39.5</ele></trkpt>
   <trkpt lat="50.653942" lon="2.95887"><ele>40</ele></trkpt>
   <trkpt lat="50.654374" lon="2.959968"><ele>40</ele></trkpt>
   <trkpt lat="50.654654" lon="2.960712"><ele>40.5</ele></trkpt>
   <trkpt lat="50.65485" lon="2.96126"><ele>40.25</ele></trkpt>
   <trkpt lat="50.655261" lon="2.962466"><ele>39.75</ele></trkpt>
   <trkpt lat="50.655442" lon="2.963022"><ele>39.25</ele></trkpt>
   <trkpt lat="50.655637" lon="2.963644"><ele>39.25</ele></trkpt>
   <trkpt lat="50.656025" lon="2.964969"><ele>38</ele></trkpt>
   <trkpt lat="50.656215" lon="2.965663"><ele>37.75</ele></trkpt>
   <trkpt lat="50.656405" lon="2.966388"><ele>37.75</ele></trkpt>
   <trkpt lat="50.656576" lon="2.967069"><ele>36.5</ele></trkpt>
   <trkpt lat="50.656773" lon="2.967906"><ele>36</ele></trkpt>
   <trkpt lat="50.65696" lon="2.968751"><ele>36.75</ele></trkpt>
   <trkpt lat="50.657215" lon="2.969978"><ele>36.75</ele></trkpt>
   <trkpt lat="50.657394" lon="2.97094"><ele>34.5</ele></trkpt>
   <trkpt lat="50.657568" lon="2.971947"><ele>35.5</ele></trkpt>
   <trkpt lat="50.657717" lon="2.972904"><ele>35.25</ele></trkpt>
   <trkpt lat="50.657814" lon="2.973568"><ele>36.25</ele></trkpt>
   <trkpt lat="50.657953" lon="2.974633"><ele>34.5</ele></trkpt>
   <trkpt lat="50.658086" lon="2.975773"><ele>35</ele></trkpt>
   <trkpt lat="50.65814" lon="2.97628"><ele>33.75</ele></trkpt>
   <trkpt lat="50.658556" lon="2.980399"><ele>32.75</ele></trkpt>
   <trkpt lat="50.658658" lon="2.981259"><ele>32.75</ele></trkpt>
   <trkpt lat="50.658736" lon="2.981856"><ele>30.75</ele></trkpt>
   <trkpt lat="50.658806" lon="2.98233"><ele>31.25</ele></trkpt>
   <trkpt lat="50.658948" lon="2.983217"><ele>30.75</ele></trkpt>
   <trkpt lat="50.659112" lon="2.984109"><ele>31</ele></trkpt>
   <trkpt lat="50.659257" lon="2.984818"><ele>30.5</ele></trkpt>
   <trkpt lat="50.659447" lon="2.985664"><ele>30</ele></trkpt>
   <trkpt lat="50.65957" lon="2.986172"><ele>29.5</ele></trkpt>
   <trkpt lat="50.659823" lon="2.987129"><ele>29.25</ele></trkpt>
   <trkpt lat="50.65993" lon="2.987505"><ele>29.75</ele></trkpt>
   <trkpt lat="50.660205" lon="2.988412"><ele>29.25</ele></trkpt>
   <trkpt lat="50.660338" lon="2.988825"><ele>28.25</ele></trkpt>
   <trkpt lat="50.660511" lon="2.989339"><ele>28.75</ele></trkpt>
   <trkpt lat="50.660765" lon="2.990055"><ele>28.5</ele></trkpt>
   <trkpt lat="50.661633" lon="2.99237"><ele>27.25</ele></trkpt>
   <trkpt lat="50.662047" lon="2.993497"><ele>26.75</ele></trkpt>
   <trkpt lat="50.662224" lon="2.994007"><ele>27</ele></trkpt>
   <trkpt lat="50.66236" lon="2.994421"><ele>26.5</ele></trkpt>
   <trkpt lat="50.662602" lon="2.995214"><ele>27.5</ele></trkpt>
   <trkpt lat="50.662854" lon="2.996134"><ele>29.25</ele></trkpt>
   <trkpt lat="50.663059" lon="2.996995"><ele>30</ele></trkpt>
   <trkpt lat="50.663249" lon="2.997911"><ele>29.5</ele></trkpt>
   <trkpt lat="50.663394" lon="2.998728"><ele>31.5</ele></trkpt>
   <trkpt lat="50.663448" lon="2.999068"><ele>30</ele></trkpt>
   <trkpt lat="50.663579" lon="3.000028"><ele>34.25</ele></trkpt>
   <trkpt lat="50.663669" lon="3.00085"><ele>34.25</ele></trkpt>
   <trkpt lat="50.663734" lon="3.001638"><ele>33.5</ele></trkpt>
   <trkpt lat="50.663759" lon="3.001954"><ele>33.25</ele></trkpt>
   <trkpt lat="50.663797" lon="3.002808"><ele>32.25</ele></trkpt>
   <trkpt lat="50.66381" lon="3.003172"><ele>32.5</ele></trkpt>
   <trkpt lat="50.663818" lon="3.00367"><ele>33.25</ele></trkpt>
   <trkpt lat="50.663819" lon="3.004141"><ele>32.75</ele></trkpt>
   <trkpt lat="50.663806" lon="3.00499"><ele>31.75</ele></trkpt>
   <trkpt lat="50.663783" lon="3.005595"><ele>30.5</ele></trkpt>
   <trkpt lat="50.663744" lon="3.006298"><ele>30</ele></trkpt>
   <trkpt lat="50.663706" lon="3.006809"><ele>30.25</ele></trkpt>
   <trkpt lat="50.663627" lon="3.007613"><ele>31.5</ele></trkpt>
   <trkpt lat="50.663502" lon="3.008626"><ele>27.75</ele></trkpt>
   <trkpt lat="50.663449" lon="3.008986"><ele>28</ele></trkpt>
   <trkpt lat="50.663267" lon="3.010049"><ele>27.5</ele></trkpt>
   <trkpt lat="50.663137" lon="3.010711"><ele>28.5</ele></trkpt>
   <trkpt lat="50.663001" lon="3.01134"><ele>26.25</ele></trkpt>
   <trkpt lat="50.662572" lon="3.013206"><ele>25.75</ele></trkpt>
   <trkpt lat="50.662187" lon="3.014729"><ele>24.75</ele></trkpt>
   <trkpt lat="50.661963" lon="3.015654"><ele>25</ele></trkpt>
   <trkpt lat="50.661925" lon="3.015825"><ele>25</ele></trkpt>
   <trkpt lat="50.661758" lon="3.016497"><ele>25</ele></trkpt>
   <trkpt lat="50.661622" lon="3.016988"><ele>24.75</ele></trkpt>
   <trkpt lat="50.661599" lon="3.017068"><ele>24.75</ele></trkpt>
   <trkpt lat="50.661379" lon="3.017817"><ele>24.75</ele></trkpt>
   <trkpt lat="50.66119" lon="3.018514"><ele>24.5</ele></trkpt>
   <trkpt lat="50.661113" lon="3.018825"><ele>25</ele></trkpt>
   <trkpt lat="50.66102" lon="3.019207"><ele>24</ele></trkpt>
   <trkpt lat="50.660771" lon="3.020172"><ele>22.75</ele></trkpt>
   <trkpt lat="50.660736" lon="3.020305"><ele>22.75</ele></trkpt>
   <trkpt lat="50.660673" lon="3.02052"><ele>22.5</ele></trkpt>
   <trkpt lat="50.66064" lon="3.020634"><ele>22.5</ele></trkpt>
   <trkpt lat="50.6605" lon="3.021036"><ele>23.75</ele></trkpt>
   <trkpt lat="50.660289" lon="3.021777"><ele>24</ele></trkpt>
   <trkpt lat="50.659949" lon="3.022932"><ele>24</ele></trkpt>
   <trkpt lat="50.659511" lon="3.024396"><ele>23</ele></trkpt>
   <trkpt lat="50.65797" lon="3.029543"><ele>22</ele></trkpt>
   <trkpt lat="50.657912" lon="3.029737"><ele>22</ele></trkpt>
   <trkpt lat="50.657766" lon="3.030248"><ele>22</ele></trkpt>
   <trkpt lat="50.657605" lon="3.030864"><ele>22</ele></trkpt>
   <trkpt lat="50.657462" lon="3.031358"><ele>22.75</ele></trkpt>
   <trkpt lat="50.657402" lon="3.031566"><ele>23.75</ele></trkpt>
   <trkpt lat="50.657203" lon="3.032274"><ele>22</ele></trkpt>
   <trkpt lat="50.656883" lon="3.033498"><ele>21.5</ele></trkpt>
   <trkpt lat="50.656698" lon="3.034208"><ele>21.75</ele></trkpt>
   <trkpt lat="50.656541" lon="3.034756"><ele>21.75</ele></trkpt>
   <trkpt lat="50.655323" lon="3.038811"><ele>20</ele></trkpt>
   <trkpt lat="50.655187" lon="3.039255"><ele>19.25</ele></trkpt>
   <trkpt lat="50.654768" lon="3.040558"><ele>22.25</ele></trkpt>
   <trkpt lat="50.654374" lon="3.041717"><ele>22</ele></trkpt>
   <trkpt lat="50.654323" lon="3.041876"><ele>21.25</ele></trkpt>
   <trkpt lat="50.653679" lon="3.043894"><ele>17.75</ele></trkpt>
   <trkpt lat="50.653233" lon="3.045189"><ele>19.5</ele></trkpt>
   <trkpt lat="50.652669" lon="3.047007"><ele>19</ele></trkpt>
   <trkpt lat="50.652545" lon="3.047469"><ele>18.25</ele></trkpt>
   <trkpt lat="50.652349" lon="3.04825"><ele>19.25</ele></trkpt>
   <trkpt lat="50.652167" lon="3.049061"><ele>19.75</ele></trkpt>
   <trkpt lat="50.652024" lon="3.049784"><ele>21.25</ele></trkpt>
   <trkpt lat="50.65188" lon="3.050622"><ele>21.25</ele></trkpt>
   <trkpt lat="50.651766" lon="3.051422"><ele>21.25</ele></trkpt>
   <trkpt lat="50.65169" lon="3.052025"><ele>21.25</ele></trkpt>
   <trkpt lat="50.651624" lon="3.052618"><ele>21.25</ele></trkpt>
   <trkpt lat="50.651391" lon="3.054869"><ele>21.25</ele></trkpt>
   <trkpt lat="50.651279" lon="3.055858"><ele>21.25</ele></trkpt>
   <trkpt lat="50.651179" lon="3.056591"><ele>21.25</ele></trkpt>
   <trkpt lat="50.65103" lon="3.057514"><ele>21.25</ele></trkpt>
   <trkpt lat="50.650924" lon="3.058073"><ele>21.25</ele></trkpt>
   <trkpt lat="50.650801" lon="3.058674"><ele>21.25</ele></trkpt>
   <trkpt lat="50.650631" lon="3.059421"><ele>21.25</ele></trkpt>
   <trkpt lat="50.650521" lon="3.059854"><ele>21</ele></trkpt>
   <trkpt lat="50.650378" lon="3.060389"><ele>20.75</ele></trkpt>
   <trkpt lat="50.650221" lon="3.060936"><ele>20.5</ele></trkpt>
   <trkpt lat="50.649677" lon="3.062632"><ele>20.25</ele></trkpt>
   <trkpt lat="50.649105" lon="3.064036"><ele>20.25</ele></trkpt>
   <trkpt lat="50.648347" lon="3.065572"><ele>20</ele></trkpt>
   <trkpt lat="50.647532" lon="3.066946"><ele>19.75</ele></trkpt>
   <trkpt lat="50.64695" lon="3.067783"><ele>19.75</ele></trkpt>
   <trkpt lat="50.645711" lon="3.069307"><ele>19.5</ele></trkpt>
   <trkpt lat="50.644107" lon="3.070911"><ele>19</ele></trkpt>
   <trkpt lat="50.64246" lon="3.072494"><ele>18.75</ele></trkpt>
   <trkpt lat="50.641953" lon="3.072931"><ele>18.75</ele></trkpt>
   <trkpt lat="50.639286" lon="3.075495"><ele>18.25</ele></trkpt>
   <trkpt lat="50.637833" lon="3.076893"><ele>18</ele></trkpt>
   <trkpt lat="50.637553" lon="3.077184"><ele>18</ele></trkpt>
   <trkpt lat="50.637183" lon="3.077535"><ele>17.75</ele></trkpt>
   <trkpt lat="50.635629" lon="3.079013"><ele>17.5</ele></trkpt>
   <trkpt lat="50.635094" lon="3.079518"><ele>17.5</ele></trkpt>
   <trkpt lat="50.633879" lon="3.080593"><ele>17.25</ele></trkpt>
   <trkpt lat="50.633489" lon="3.080963"><ele>17.25</ele></trkpt>
   <trkpt lat="50.633386" lon="3.081055"><ele>17.25</ele></trkpt>
   <trkpt lat="50.633167" lon="3.08126"><ele>19.25</ele></trkpt>
   <trkpt lat="50.632918" lon="3.081483"><ele>20</ele></trkpt>
   <trkpt lat="50.632559" lon="3.081808"><ele>20.5</ele></trkpt>
   <trkpt lat="50.632196" lon="3.082117"><ele>20.75</ele></trkpt>
   <trkpt lat="50.631347" lon="3.082773"><ele>20.25</ele></trkpt>
   <trkpt lat="50.630824" lon="3.08315"><ele>23.5</ele></trkpt>
   <trkpt lat="50.630423" lon="3.083445"><ele>24.5</ele></trkpt>
   <trkpt lat="50.630251" lon="3.08356"><ele>23</ele></trkpt>
   <trkpt lat="50.630019" lon="3.083716"><ele>23</ele></trkpt>
   <trkpt lat="50.629239" lon="3.084188"><ele>24</ele></trkpt>
   <trkpt lat="50.628916" lon="3.084394"><ele>24</ele></trkpt>
   <trkpt lat="50.6285" lon="3.084671"><ele>24.25</ele></trkpt>
   <trkpt lat="50.628263" lon="3.084856"><ele>24.25</ele></trkpt>
   <trkpt lat="50.628091" lon="3.085004"><ele>24</ele></trkpt>
   <trkpt lat="50.626898" lon="3.086063"><ele>25</ele></trkpt>
   <trkpt lat="50.626685" lon="3.086249"><ele>24.75</ele></trkpt>
   <trkpt lat="50.626585" lon="3.086342"><ele>25</ele></trkpt>
   <trkpt lat="50.625943" lon="3.086907"><ele>25</ele></trkpt>
   <trkpt lat="50.625711" lon="3.087122"><ele>25</ele></trkpt>
   <trkpt lat="50.62554" lon="3.087292"><ele>25</ele></trkpt>
   <trkpt lat="50.625359" lon="3.087496"><ele>25</ele></trkpt>
   <trkpt lat="50.624963" lon="3.087983"><ele>25</ele></trkpt>
   <trkpt lat="50.62485" lon="3.088115"><ele>25</ele></trkpt>
   <trkpt lat="50.624472" lon="3.088545"><ele>25.75</ele></trkpt>
   <trkpt lat="50.624237" lon="3.088778"><ele>25.5</ele></trkpt>
   <trkpt lat="50.623837" lon="3.089141"><ele>26</ele></trkpt>
   <trkpt lat="50.623621" lon="3.089315"><ele>25.75</ele></trkpt>
   <trkpt lat="50.62335" lon="3.08952"><ele>25.75</ele></trkpt>
   <trkpt lat="50.623091" lon="3.089721"><ele>26</ele></trkpt>
   <trkpt lat="50.622752" lon="3.090016"><ele>26</ele></trkpt>
   <trkpt lat="50.62233" lon="3.090454"><ele>27</ele></trkpt>
   <trkpt lat="50.622135" lon="3.090681"><ele>26.5</ele></trkpt>
   <trkpt lat="50.621938" lon="3.090914"><ele>26.25</ele></trkpt>
   <trkpt lat="50.621701" lon="3.091214"><ele>26.75</ele></trkpt>
   <trkpt lat="50.6215" lon="3.091502"><ele>26.75</ele></trkpt>
   <trkpt lat="50.621391" lon="3.091677"><ele>27.75</ele></trkpt>
   <trkpt lat="50.621198" lon="3.092025"><ele>27</ele></trkpt>
   <trkpt lat="50.621024" lon="3.092403"><ele>26.25</ele></trkpt>
   <trkpt lat="50.620949" lon="3.09259"><ele>27</ele></trkpt>
   <trkpt lat="50.620856" lon="3.092861"><ele>29.75</ele></trkpt>
   <trkpt lat="50.620748" lon="3.093205"><ele>28.5</ele></trkpt>
   <trkpt lat="50.620674" lon="3.09347"><ele>27.75</ele></trkpt>
   <trkpt lat="50.620578" lon="3.093858"><ele>29.75</ele></trkpt>
   <trkpt lat="50.620537" lon="3.094046"><ele>29.75</ele></trkpt>
   <trkpt lat="50.620462" lon="3.094433"><ele>30.25</ele></trkpt>
   <trkpt lat="50.620382" lon="3.094939"><ele>30</ele></trkpt>
   <trkpt lat="50.620325" lon="3.095435"><ele>30</ele></trkpt>
   <trkpt lat="50.620293" lon="3.095866"><ele>30</ele></trkpt>
   <trkpt lat="50.620278" lon="3.096251"><ele>30</ele></trkpt>
   <trkpt lat="50.620278" lon="3.096618"><ele>30</ele></trkpt>
   <trkpt lat="50.620284" lon="3.096839"><ele>30</ele></trkpt>
   <trkpt lat="50.620309" lon="3.097285"><ele>31.75</ele></trkpt>
   <trkpt lat="50.620356" lon="3.097759"><ele>30.75</ele></trkpt>
   <trkpt lat="50.620459" lon="3.098534"><ele>30.75</ele></trkpt>
   <trkpt lat="50.62053" lon="3.099041"><ele>31</ele></trkpt>
   <trkpt lat="50.62067" lon="3.100121"><ele>31</ele></trkpt>
   <trkpt lat="50.620729" lon="3.100739"><ele>31.75</ele></trkpt>
   <trkpt lat="50.620758" lon="3.101133"><ele>31.5</ele></trkpt>
   <trkpt lat="50.620875" lon="3.103072"><ele>32</ele></trkpt>
   <trkpt lat="50.620923" lon="3.103704"><ele>32</ele></trkpt>
   <trkpt lat="50.620948" lon="3.103957"><ele>32</ele></trkpt>
   <trkpt lat="50.621034" lon="3.10467"><ele>32.25</ele></trkpt>
   <trkpt lat="50.62151" lon="3.108135"><ele>33</ele></trkpt>
   <trkpt lat="50.621611" lon="3.108823"><ele>32.5</ele></trkpt>
   <trkpt lat="50.621737" lon="3.109544"><ele>33.25</ele></trkpt>
   <trkpt lat="50.622269" lon="3.112194"><ele>32.75</ele></trkpt>
   <trkpt lat="50.622352" lon="3.11264"><ele>32.5</ele></trkpt>
   <trkpt lat="50.622495" lon="3.113472"><ele>33</ele></trkpt>
   <trkpt lat="50.62253" lon="3.113692"><ele>32.75</ele></trkpt>
   <trkpt lat="50.622701" lon="3.114879"><ele>32.75</ele></trkpt>
   <trkpt lat="50.622777" lon="3.115436"><ele>32.75</ele></trkpt>
   <trkpt lat="50.623377" lon="3.119813"><ele>28.25</ele></trkpt>
   <trkpt lat="50.623444" lon="3.120307"><ele>29.25</ele></trkpt>
   <trkpt lat="50.623583" lon="3.121336"><ele>32.75</ele></trkpt>
   <trkpt lat="50.623808" lon="3.122989"><ele>33.75</ele></trkpt>
   <trkpt lat="50.623873" lon="3.123511"><ele>33.25</ele></trkpt>
   <trkpt lat="50.623941" lon="3.12415"><ele>32.5</ele></trkpt>
   <trkpt lat="50.624014" lon="3.125056"><ele>34.25</ele></trkpt>
   <trkpt lat="50.624057" lon="3.125796"><ele>31.75</ele></trkpt>
   <trkpt lat="50.624083" lon="3.126506"><ele>32.25</ele></trkpt>
   <trkpt lat="50.624093" lon="3.127257"><ele>32</ele></trkpt>
   <trkpt lat="50.624089" lon="3.127796"><ele>31</ele></trkpt>
   <trkpt lat="50.624078" lon="3.12825"><ele>31</ele></trkpt>
   <trkpt lat="50.624052" lon="3.128958"><ele>30.5</ele></trkpt>
   <trkpt lat="50.624013" lon="3.129621"><ele>31.25</ele></trkpt>
   <trkpt lat="50.623382" lon="3.13906"><ele>28.75</ele></trkpt>
   <trkpt lat="50.622899" lon="3.146305"><ele>29</ele></trkpt>
   <trkpt lat="50.622854" lon="3.146956"><ele>29.5</ele></trkpt>
   <trkpt lat="50.62269" lon="3.1494"><ele>30.25</ele></trkpt>
   <trkpt lat="50.622594" lon="3.150839"><ele>27.5</ele></trkpt>
   <trkpt lat="50.622581" lon="3.151037"><ele>28.75</ele></trkpt>
   <trkpt lat="50.622197" lon="3.156763"><ele>31</ele></trkpt>
   <trkpt lat="50.622038" lon="3.159112"><ele>31.25</ele></trkpt>
   <trkpt lat="50.621988" lon="3.159858"><ele>31</ele></trkpt>
   <trkpt lat="50.621986" lon="3.159884"><ele>31</ele></trkpt>
   <trkpt lat="50.621915" lon="3.160908"><ele>30.75</ele></trkpt>
   <trkpt lat="50.6218" lon="3.162408"><ele>30</ele></trkpt>
   <trkpt lat="50.621752" lon="3.163103"><ele>30</ele></trkpt>
   <trkpt lat="50.621724" lon="3.163537"><ele>29.75</ele></trkpt>
   <trkpt lat="50.621542" lon="3.166461"><ele>30.25</ele></trkpt>
   <trkpt lat="50.62149" lon="3.16746"><ele>30</ele></trkpt>
   <trkpt lat="50.621465" lon="3.168013"><ele>30</ele></trkpt>
   <trkpt lat="50.621406" lon="3.169938"><ele>28.75</ele></trkpt>
   <trkpt lat="50.621364" lon="3.171037"><ele>28</ele></trkpt>
   <trkpt lat="50.620941" lon="3.180867"><ele>26</ele></trkpt>
   <trkpt lat="50.620937" lon="3.180985"><ele>26</ele></trkpt>
   <trkpt lat="50.620642" lon="3.18781"><ele>25</ele></trkpt>
   <trkpt lat="50.620314" lon="3.195343"><ele>25</ele></trkpt>
   <trkpt lat="50.620301" lon="3.195677"><ele>25</ele></trkpt>
   <trkpt lat="50.620243" lon="3.197019"><ele>24.25</ele></trkpt>
   <trkpt lat="50.620239" lon="3.197117"><ele>24.5</ele></trkpt>
   <trkpt lat="50.620234" lon="3.197211"><ele>24.75</ele></trkpt>
   <trkpt lat="50.619503" lon="3.214036"><ele>24.75</ele></trkpt>
   <trkpt lat="50.619246" lon="3.219983"><ele>25.5</ele></trkpt>
   <trkpt lat="50.61879" lon="3.230426"><ele>26.25</ele></trkpt>
   <trkpt lat="50.618657" lon="3.233498"><ele>27.75</ele></trkpt>
   <trkpt lat="50.618655" lon="3.233567"><ele>27.75</ele></trkpt>
   <trkpt lat="50.618608" lon="3.234738"><ele>28</ele></trkpt>
   <trkpt lat="50.617989" lon="3.250516"><ele>32</ele></trkpt>
   <trkpt lat="50.617932" lon="3.251951"><ele>34</ele></trkpt>
   <trkpt lat="50.617467" lon="3.26377"><ele>30</ele></trkpt>
   <trkpt lat="50.617312" lon="3.267652"><ele>29</ele></trkpt>
   <trkpt lat="50.617286" lon="3.268372"><ele>29.75</ele></trkpt>
   <trkpt lat="50.617274" lon="3.268626"><ele>29.75</ele></trkpt>
   <trkpt lat="50.617083" lon="3.273455"><ele>30.5</ele></trkpt>
   <trkpt lat="50.617059" lon="3.274217"><ele>30.75</ele></trkpt>
   <trkpt lat="50.617049" lon="3.274992"><ele>30.75</ele></trkpt>
   <trkpt lat="50.61705" lon="3.275747"><ele>30.5</ele></trkpt>
   <trkpt lat="50.617059" lon="3.276483"><ele>30.5</ele></trkpt>
   <trkpt lat="50.617084" lon="3.277188"><ele>30.75</ele></trkpt>
   <trkpt lat="50.61712" lon="3.277881"><ele>31</ele></trkpt>
   <trkpt lat="50.61717" lon="3.278648"><ele>31</ele></trkpt>
   <trkpt lat="50.617233" lon="3.279392"><ele>31.75</ele></trkpt>
   <trkpt lat="50.617308" lon="3.280144"><ele>32</ele></trkpt>
   <trkpt lat="50.617394" lon="3.280912"><ele>32</ele></trkpt>
   <trkpt lat="50.61749" lon="3.281648"><ele>32</ele></trkpt>
   <trkpt lat="50.617604" lon="3.282408"><ele>32</ele></trkpt>
   <trkpt lat="50.617728" lon="3.283134"><ele>31.75</ele></trkpt>
   <trkpt lat="50.617844" lon="3.283749"><ele>31.25</ele></trkpt>
   <trkpt lat="50.618156" lon="3.285225"><ele>31</ele></trkpt>
   <trkpt lat="50.621414" lon="3.300036"><ele>33</ele></trkpt>
   <trkpt lat="50.622285" lon="3.304"><ele>33</ele></trkpt>
   <trkpt lat="50.623901" lon="3.31142"><ele>34</ele></trkpt>
   <trkpt lat="50.624508" lon="3.314132"><ele>34.25</ele></trkpt>
   <trkpt lat="50.625266" lon="3.317598"><ele>31.25</ele></trkpt>
   <trkpt lat="50.627791" lon="3.329108"><ele>30</ele></trkpt>
   <trkpt lat="50.627921" lon="3.329703"><ele>31.25</ele></trkpt>
   <trkpt lat="50.629341" lon="3.336189"><ele>23.5</ele></trkpt>
   <trkpt lat="50.630151" lon="3.339888"><ele>19</ele></trkpt>
   <trkpt lat="50.630175" lon="3.339994"><ele>19</ele></trkpt>
   <trkpt lat="50.631071" lon="3.3441"><ele>19</ele></trkpt>
   <trkpt lat="50.631272" lon="3.345067"><ele>15.75</ele></trkpt>
   <trkpt lat="50.63137" lon="3.345663"><ele>19.5</ele></trkpt>
   <trkpt lat="50.631444" lon="3.346224"><ele>18.75</ele></trkpt>
   <trkpt lat="50.631498" lon="3.346811"><ele>16.5</ele></trkpt>
   <trkpt lat="50.631529" lon="3.347407"><ele>16.75</ele></trkpt>
   <trkpt lat="50.631537" lon="3.348005"><ele>17.75</ele></trkpt>
   <trkpt lat="50.631523" lon="3.348602"><ele>18</ele></trkpt>
   <trkpt lat="50.631485" lon="3.3492"><ele>18.5</ele></trkpt>
   <trkpt lat="50.631427" lon="3.349779"><ele>18.75</ele></trkpt>
   <trkpt lat="50.631344" lon="3.350365"><ele>18.75</ele></trkpt>
   <trkpt lat="50.631238" lon="3.350943"><ele>18</ele></trkpt>
   <trkpt lat="50.631113" lon="3.351498"><ele>18.75</ele></trkpt>
   <trkpt lat="50.630966" lon="3.352045"><ele>18.25</ele></trkpt>
   <trkpt lat="50.630797" lon="3.352589"><ele>18.75</ele></trkpt>
   <trkpt lat="50.630608" lon="3.353106"><ele>18.75</ele></trkpt>
   <trkpt lat="50.630307" lon="3.35383"><ele>19</ele></trkpt>
   <trkpt lat="50.630014" lon="3.354456"><ele>19</ele></trkpt>
   <trkpt lat="50.629904" lon="3.354679"><ele>19</ele></trkpt>
   <trkpt lat="50.62971" lon="3.355091"><ele>19</ele></trkpt>
   <trkpt lat="50.629343" lon="3.355915"><ele>19</ele></trkpt>
   <trkpt lat="50.62914" lon="3.356345"><ele>19</ele></trkpt>
   <trkpt lat="50.628742" lon="3.357138"><ele>19.5</ele></trkpt>
   <trkpt lat="50.62773" lon="3.359187"><ele>22.5</ele></trkpt>
   <trkpt lat="50.627544" lon="3.359565"><ele>23</ele></trkpt>
   <trkpt lat="50.627441" lon="3.359774"><ele>23.5</ele></trkpt>
   <trkpt lat="50.627405" lon="3.359846"><ele>23.5</ele></trkpt>
   <trkpt lat="50.627322" lon="3.360013"><ele>21.5</ele></trkpt>
   <trkpt lat="50.626588" lon="3.361499"><ele>19.25</ele></trkpt>
   <trkpt lat="50.624566" lon="3.36559"><ele>20</ele></trkpt>
   <trkpt lat="50.623166" lon="3.368424"><ele>17.75</ele></trkpt>
   <trkpt lat="50.622691" lon="3.369384"><ele>17.5</ele></trkpt>
   <trkpt lat="50.621875" lon="3.371037"><ele>17.25</ele></trkpt>
   <trkpt lat="50.621815" lon="3.371154"><ele>17</ele></trkpt>
   <trkpt lat="50.620595" lon="3.373625"><ele>20.25</ele></trkpt>
   <trkpt lat="50.620242" lon="3.37433"><ele>19</ele></trkpt>
   <trkpt lat="50.619882" lon="3.375026"><ele>18.25</ele></trkpt>
   <trkpt lat="50.619514" lon="3.375702"><ele>19.5</ele></trkpt>
   <trkpt lat="50.618627" lon="3.377253"><ele>21.25</ele></trkpt>
   <trkpt lat="50.618382" lon="3.377695"><ele>21</ele></trkpt>
   <trkpt lat="50.618158" lon="3.378147"><ele>20</ele></trkpt>
   <trkpt lat="50.617941" lon="3.378637"><ele>19.5</ele></trkpt>
   <trkpt lat="50.617878" lon="3.378793"><ele>19.5</ele></trkpt>
   <trkpt lat="50.617743" lon="3.379133"><ele>19.75</ele></trkpt>
   <trkpt lat="50.617594" lon="3.379552"><ele>20.25</ele></trkpt>
   <trkpt lat="50.617494" lon="3.379864"><ele>20.5</ele></trkpt>
   <trkpt lat="50.617294" lon="3.380561"><ele>20.5</ele></trkpt>
   <trkpt lat="50.617147" lon="3.381102"><ele>20.25</ele></trkpt>
   <trkpt lat="50.61567" lon="3.386641"><ele>21.5</ele></trkpt>
   <trkpt lat="50.614995" lon="3.389175"><ele>21.75</ele></trkpt>
   <trkpt lat="50.614936" lon="3.3894"><ele>21.75</ele></trkpt>
   <trkpt lat="50.614818" lon="3.389849"><ele>23</ele></trkpt>
   <trkpt lat="50.614597" lon="3.390839"><ele>22</ele></trkpt>
   <trkpt lat="50.61446" lon="3.391344"><ele>22</ele></trkpt>
   <trkpt lat="50.614017" lon="3.393015"><ele>22</ele></trkpt>
   <trkpt lat="50.613867" lon="3.393604"><ele>22</ele></trkpt>
   <trkpt lat="50.613734" lon="3.394313"><ele>21.5</ele></trkpt>
   <trkpt lat="50.613651" lon="3.394672"><ele>21</ele></trkpt>
   <trkpt lat="50.613418" lon="3.395558"><ele>21.5</ele></trkpt>
   <trkpt lat="50.613364" lon="3.395763"><ele>21.75</ele></trkpt>
   <trkpt lat="50.613083" lon="3.396819"><ele>21</ele></trkpt>
   <trkpt lat="50.613059" lon="3.396909"><ele>21</ele></trkpt>
   <trkpt lat="50.612924" lon="3.397408"><ele>21</ele></trkpt>
   <trkpt lat="50.612739" lon="3.398093"><ele>21.5</ele></trkpt>
   <trkpt lat="50.612554" lon="3.398784"><ele>21</ele></trkpt>
   <trkpt lat="50.612364" lon="3.399483"><ele>21</ele></trkpt>
   <trkpt lat="50.612129" lon="3.400345"><ele>21</ele></trkpt>
   <trkpt lat="50.611297" lon="3.403401"><ele>20</ele></trkpt>
   <trkpt lat="50.610874" lon="3.404955"><ele>20</ele></trkpt>
   <trkpt lat="50.610576" lon="3.406056"><ele>19.75</ele></trkpt>
   <trkpt lat="50.610513" lon="3.40631"><ele>20</ele></trkpt>
   <trkpt lat="50.61045" lon="3.406563"><ele>20</ele></trkpt>
   <trkpt lat="50.610351" lon="3.407032"><ele>20</ele></trkpt>
   <trkpt lat="50.610272" lon="3.407506"><ele>20</ele></trkpt>
   <trkpt lat="50.610214" lon="3.407989"><ele>19.75</ele></trkpt>
   <trkpt lat="50.610174" lon="3.408476"><ele>18.75</ele></trkpt>
   <trkpt lat="50.610154" lon="3.408966"><ele>18.5</ele></trkpt>
   <trkpt lat="50.610156" lon="3.409462"><ele>18.75</ele></trkpt>
   <trkpt lat="50.610175" lon="3.409948"><ele>18.5</ele></trkpt>
   <trkpt lat="50.610218" lon="3.410441"><ele>19</ele></trkpt>
   <trkpt lat="50.610279" lon="3.41092"><ele>19</ele></trkpt>
   <trkpt lat="50.610359" lon="3.411402"><ele>19</ele></trkpt>
   <trkpt lat="50.610621" lon="3.412693"><ele>17.75</ele></trkpt>
   <trkpt lat="50.610646" lon="3.412815"><ele>17.5</ele></trkpt>
   <trkpt lat="50.610722" lon="3.41318"><ele>18.25</ele></trkpt>
   <trkpt lat="50.612083" lon="3.419725"><ele>20</ele></trkpt>
   <trkpt lat="50.615852" lon="3.437901"><ele>25</ele></trkpt>
   <trkpt lat="50.616199" lon="3.43956"><ele>25.25</ele></trkpt>
   <trkpt lat="50.616348" lon="3.440327"><ele>25.25</ele></trkpt>
   <trkpt lat="50.616455" lon="3.440997"><ele>25.75</ele></trkpt>
   <trkpt lat="50.616539" lon="3.441687"><ele>26</ele></trkpt>
   <trkpt lat="50.616598" lon="3.442372"><ele>26</ele></trkpt>
   <trkpt lat="50.616638" lon="3.443074"><ele>26</ele></trkpt>
   <trkpt lat="50.61665" lon="3.443743"><ele>26.75</ele></trkpt>
   <trkpt lat="50.61664" lon="3.444441"><ele>27</ele></trkpt>
   <trkpt lat="50.616601" lon="3.44514"><ele>27</ele></trkpt>
   <trkpt lat="50.616546" lon="3.445823"><ele>26.25</ele></trkpt>
   <trkpt lat="50.616451" lon="3.44661"><ele>27.5</ele></trkpt>
   <trkpt lat="50.616388" lon="3.447068"><ele>28</ele></trkpt>
   <trkpt lat="50.616347" lon="3.447372"><ele>27.5</ele></trkpt>
   <trkpt lat="50.615423" lon="3.454243"><ele>28.5</ele></trkpt>
   <trkpt lat="50.614611" lon="3.460277"><ele>32</ele></trkpt>
   <trkpt lat="50.61427" lon="3.46281"><ele>31.75</ele></trkpt>
   <trkpt lat="50.613402" lon="3.469243"><ele>33.75</ele></trkpt>
   <trkpt lat="50.613292" lon="3.470116"><ele>34.5</ele></trkpt>
   <trkpt lat="50.613213" lon="3.470867"><ele>34.75</ele></trkpt>
   <trkpt lat="50.613148" lon="3.471653"><ele>35</ele></trkpt>
   <trkpt lat="50.613103" lon="3.472442"><ele>35.75</ele></trkpt>
   <trkpt lat="50.613078" lon="3.473226"><ele>35.75</ele></trkpt>
   <trkpt lat="50.613068" lon="3.474008"><ele>35.75</ele></trkpt>
   <trkpt lat="50.61308" lon="3.474804"><ele>36.75</ele></trkpt>
   <trkpt lat="50.61311" lon="3.475595"><ele>36</ele></trkpt>
   <trkpt lat="50.613135" lon="3.476064"><ele>36.75</ele></trkpt>
   <trkpt lat="50.613159" lon="3.476418"><ele>35.5</ele></trkpt>
   <trkpt lat="50.613226" lon="3.477183"><ele>35</ele></trkpt>
   <trkpt lat="50.613312" lon="3.477957"><ele>36.75</ele></trkpt>
   <trkpt lat="50.613416" lon="3.478737"><ele>35</ele></trkpt>
   <trkpt lat="50.61354" lon="3.479493"><ele>34.25</ele></trkpt>
   <trkpt lat="50.613683" lon="3.480259"><ele>35.5</ele></trkpt>
   <trkpt lat="50.613843" lon="3.481021"><ele>36</ele></trkpt>
   <trkpt lat="50.614022" lon="3.481755"><ele>33.5</ele></trkpt>
   <trkpt lat="50.614213" lon="3.482469"><ele>37.5</ele></trkpt>
   <trkpt lat="50.61444" lon="3.483234"><ele>37.75</ele></trkpt>
   <trkpt lat="50.61465" lon="3.483884"><ele>36.25</ele></trkpt>
   <trkpt lat="50.614896" lon="3.484582"><ele>36.75</ele></trkpt>
   <trkpt lat="50.617407" lon="3.491529"><ele>42.5</ele></trkpt>
   <trkpt lat="50.618188" lon="3.493683"><ele>43</ele></trkpt>
   <trkpt lat="50.618619" lon="3.494896"><ele>43.75</ele></trkpt>
   <trkpt lat="50.61882" lon="3.495511"><ele>43.75</ele></trkpt>
   <trkpt lat="50.619005" lon="3.496144"><ele>43</ele></trkpt>
   <trkpt lat="50.619168" lon="3.496788"><ele>44.75</ele></trkpt>
   <trkpt lat="50.61931" lon="3.497442"><ele>43.75</ele></trkpt>
   <trkpt lat="50.619432" lon="3.498113"><ele>44.75</ele></trkpt>
   <trkpt lat="50.619534" lon="3.498788"><ele>44</ele></trkpt>
   <trkpt lat="50.619613" lon="3.499481"><ele>43.75</ele></trkpt>
   <trkpt lat="50.619669" lon="3.500142"><ele>44.25</ele></trkpt>
   <trkpt lat="50.619705" lon="3.500837"><ele>44.75</ele></trkpt>
   <trkpt lat="50.619718" lon="3.501536"><ele>45.25</ele></trkpt>
   <trkpt lat="50.619711" lon="3.502234"><ele>45.75</ele></trkpt>
   <trkpt lat="50.619685" lon="3.502924"><ele>45.75</ele></trkpt>
   <trkpt lat="50.619203" lon="3.511765"><ele>49</ele></trkpt>
   <trkpt lat="50.619145" lon="3.512793"><ele>50</ele></trkpt>
   <trkpt lat="50.619092" lon="3.513582"><ele>51.5</ele></trkpt>
   <trkpt lat="50.619022" lon="3.514363"><ele>52.5</ele></trkpt>
   <trkpt lat="50.618936" lon="3.515125"><ele>51</ele></trkpt>
   <trkpt lat="50.61883" lon="3.515899"><ele>51.75</ele></trkpt>
   <trkpt lat="50.618705" lon="3.516672"><ele>52.25</ele></trkpt>
   <trkpt lat="50.618562" lon="3.517433"><ele>52</ele></trkpt>
   <trkpt lat="50.618401" lon="3.518188"><ele>51.75</ele></trkpt>
   <trkpt lat="50.618225" lon="3.518925"><ele>51.5</ele></trkpt>
   <trkpt lat="50.618029" lon="3.519661"><ele>51.25</ele></trkpt>
   <trkpt lat="50.617856" lon="3.520258"><ele>51.25</ele></trkpt>
   <trkpt lat="50.617587" lon="3.52109"><ele>51.25</ele></trkpt>
   <trkpt lat="50.617344" lon="3.521778"><ele>50</ele></trkpt>
   <trkpt lat="50.617083" lon="3.522457"><ele>49.5</ele></trkpt>
   <trkpt lat="50.616804" lon="3.523121"><ele>48.5</ele></trkpt>
   <trkpt lat="50.616513" lon="3.523767"><ele>48.25</ele></trkpt>
   <trkpt lat="50.616206" lon="3.524395"><ele>49.5</ele></trkpt>
   <trkpt lat="50.615885" lon="3.525005"><ele>51.5</ele></trkpt>
   <trkpt lat="50.615691" lon="3.525349"><ele>49.75</ele></trkpt>
   <trkpt lat="50.615547" lon="3.525601"><ele>52.75</ele></trkpt>
   <trkpt lat="50.61524" lon="3.526098"><ele>53</ele></trkpt>
   <trkpt lat="50.614917" lon="3.526572"><ele>52.75</ele></trkpt>
   <trkpt lat="50.61458" lon="3.527015"><ele>53</ele></trkpt>
   <trkpt lat="50.614227" lon="3.527437"><ele>53.5</ele></trkpt>
   <trkpt lat="50.61386" lon="3.527828"><ele>54.5</ele></trkpt>
   <trkpt lat="50.613513" lon="3.528158"><ele>54.25</ele></trkpt>
   <trkpt lat="50.613129" lon="3.528489"><ele>54.75</ele></trkpt>
   <trkpt lat="50.612914" lon="3.52866"><ele>56</ele></trkpt>
   <trkpt lat="50.612735" lon="3.528794"><ele>55.75</ele></trkpt>
   <trkpt lat="50.612325" lon="3.529077"><ele>56</ele></trkpt>
   <trkpt lat="50.611916" lon="3.529327"><ele>56.5</ele></trkpt>
   <trkpt lat="50.611499" lon="3.529551"><ele>56.5</ele></trkpt>
   <trkpt lat="50.611074" lon="3.529739"><ele>57.75</ele></trkpt>
   <trkpt lat="50.61065" lon="3.529896"><ele>55.25</ele></trkpt>
   <trkpt lat="50.610216" lon="3.530021"><ele>57.25</ele></trkpt>
   <trkpt lat="50.609778" lon="3.530109"><ele>56</ele></trkpt>
   <trkpt lat="50.609341" lon="3.530168"><ele>56.75</ele></trkpt>
   <trkpt lat="50.608903" lon="3.530191"><ele>58.25</ele></trkpt>
   <trkpt lat="50.608453" lon="3.530179"><ele>58.5</ele></trkpt>
   <trkpt lat="50.608016" lon="3.530131"><ele>58.25</ele></trkpt>
   <trkpt lat="50.607577" lon="3.530051"><ele>59.5</ele></trkpt>
   <trkpt lat="50.607148" lon="3.529933"><ele>59.75</ele></trkpt>
   <trkpt lat="50.606715" lon="3.529779"><ele>59.5</ele></trkpt>
   <trkpt lat="50.60629" lon="3.529589"><ele>61</ele></trkpt>
   <trkpt lat="50.605447" lon="3.529171"><ele>60.25</ele></trkpt>
   <trkpt lat="50.605024" lon="3.528984"><ele>61</ele></trkpt>
   <trkpt lat="50.604596" lon="3.528835"><ele>61.25</ele></trkpt>
   <trkpt lat="50.604158" lon="3.528711"><ele>61.25</ele></trkpt>
   <trkpt lat="50.603725" lon="3.528628"><ele>61</ele></trkpt>
   <trkpt lat="50.603283" lon="3.528574"><ele>61</ele></trkpt>
   <trkpt lat="50.602841" lon="3.528556"><ele>61</ele></trkpt>
   <trkpt lat="50.602404" lon="3.528569"><ele>62</ele></trkpt>
   <trkpt lat="50.60196" lon="3.528619"><ele>62</ele></trkpt>
   <trkpt lat="50.601519" lon="3.528706"><ele>62.5</ele></trkpt>
   <trkpt lat="50.601086" lon="3.528821"><ele>63</ele></trkpt>
   <trkpt lat="50.600656" lon="3.528971"><ele>63</ele></trkpt>
   <trkpt lat="50.60023" lon="3.529153"><ele>62.75</ele></trkpt>
   <trkpt lat="50.599811" lon="3.529366"><ele>62.75</ele></trkpt>
   <trkpt lat="50.5994" lon="3.52961"><ele>62.5</ele></trkpt>
   <trkpt lat="50.598995" lon="3.529886"><ele>62.25</ele></trkpt>
   <trkpt lat="50.598599" lon="3.530193"><ele>61.75</ele></trkpt>
   <trkpt lat="50.598212" lon="3.530533"><ele>61.5</ele></trkpt>
   <trkpt lat="50.597841" lon="3.530899"><ele>61</ele></trkpt>
   <trkpt lat="50.597486" lon="3.531284"><ele>60.75</ele></trkpt>
   <trkpt lat="50.597137" lon="3.531708"><ele>60.5</ele></trkpt>
   <trkpt lat="50.596803" lon="3.532157"><ele>60.5</ele></trkpt>
   <trkpt lat="50.596683" lon="3.532329"><ele>60.5</ele></trkpt>
   <trkpt lat="50.596478" lon="3.532636"><ele>59.5</ele></trkpt>
   <trkpt lat="50.596179" lon="3.533129"><ele>59.75</ele></trkpt>
   <trkpt lat="50.595891" lon="3.533653"><ele>59.75</ele></trkpt>
   <trkpt lat="50.595617" lon="3.534197"><ele>59.75</ele></trkpt>
   <trkpt lat="50.595364" lon="3.534758"><ele>59.5</ele></trkpt>
   <trkpt lat="50.595126" lon="3.535342"><ele>59</ele></trkpt>
   <trkpt lat="50.594904" lon="3.535947"><ele>59</ele></trkpt>
   <trkpt lat="50.59471" lon="3.53656"><ele>58.75</ele></trkpt>
   <trkpt lat="50.594529" lon="3.537198"><ele>59</ele></trkpt>
   <trkpt lat="50.594373" lon="3.537832"><ele>58</ele></trkpt>
   <trkpt lat="50.594236" lon="3.538488"><ele>58.25</ele></trkpt>
   <trkpt lat="50.594115" lon="3.539161"><ele>57.75</ele></trkpt>
   <trkpt lat="50.594015" lon="3.539835"><ele>58</ele></trkpt>
   <trkpt lat="50.593721" lon="3.54212"><ele>57.25</ele></trkpt>
   <trkpt lat="50.592625" lon="3.550804"><ele>54.75</ele></trkpt>
   <trkpt lat="50.59148" lon="3.559864"><ele>52.5</ele></trkpt>
   <trkpt lat="50.5914" lon="3.560538"><ele>53</ele></trkpt>
   <trkpt lat="50.591333" lon="3.561118"><ele>52.75</ele></trkpt>
   <trkpt lat="50.591262" lon="3.561897"><ele>53</ele></trkpt>
   <trkpt lat="50.591221" lon="3.562489"><ele>52.75</ele></trkpt>
   <trkpt lat="50.591184" lon="3.5632"><ele>53.75</ele></trkpt>
   <trkpt lat="50.591002" lon="3.567453"><ele>51.5</ele></trkpt>
   <trkpt lat="50.59098" lon="3.5681"><ele>50.75</ele></trkpt>
   <trkpt lat="50.59094" lon="3.569668"><ele>49.75</ele></trkpt>
   <trkpt lat="50.590931" lon="3.571463"><ele>49.25</ele></trkpt>
   <trkpt lat="50.590941" lon="3.572253"><ele>48.75</ele></trkpt>
   <trkpt lat="50.590959" lon="3.573143"><ele>48.5</ele></trkpt>
   <trkpt lat="50.590989" lon="3.574032"><ele>49.25</ele></trkpt>
   <trkpt lat="50.591027" lon="3.574928"><ele>49.25</ele></trkpt>
   <trkpt lat="50.591075" lon="3.575803"><ele>49.75</ele></trkpt>
   <trkpt lat="50.591169" lon="3.577237"><ele>50.5</ele></trkpt>
   <trkpt lat="50.591263" lon="3.578467"><ele>48.25</ele></trkpt>
   <trkpt lat="50.591341" lon="3.579343"><ele>49.75</ele></trkpt>
   <trkpt lat="50.591517" lon="3.581008"><ele>48</ele></trkpt>
   <trkpt lat="50.591604" lon="3.581745"><ele>48</ele></trkpt>
   <trkpt lat="50.591827" lon="3.583402"><ele>47.75</ele></trkpt>
   <trkpt lat="50.591949" lon="3.58422"><ele>49.75</ele></trkpt>
   <trkpt lat="50.592086" lon="3.58508"><ele>47.25</ele></trkpt>
   <trkpt lat="50.592388" lon="3.586802"><ele>47.5</ele></trkpt>
   <trkpt lat="50.592553" lon="3.58765"><ele>49</ele></trkpt>
   <trkpt lat="50.592897" lon="3.589303"><ele>48.75</ele></trkpt>
   <trkpt lat="50.593084" lon="3.590138"><ele>48.75</ele></trkpt>
   <trkpt lat="50.593282" lon="3.59098"><ele>48.25</ele></trkpt>
   <trkpt lat="50.593489" lon="3.591808"><ele>48</ele></trkpt>
   <trkpt lat="50.593703" lon="3.592633"><ele>47.5</ele></trkpt>
   <trkpt lat="50.593924" lon="3.593448"><ele>48.25</ele></trkpt>
   <trkpt lat="50.594147" lon="3.59424"><ele>48</ele></trkpt>
   <trkpt lat="50.596185" lon="3.601356"><ele>48.75</ele></trkpt>
   <trkpt lat="50.596216" lon="3.601466"><ele>48.5</ele></trkpt>
   <trkpt lat="50.598333" lon="3.608875"><ele>47</ele></trkpt>
   <trkpt lat="50.599007" lon="3.611235"><ele>45.75</ele></trkpt>
   <trkpt lat="50.599135" lon="3.611627"><ele>45.75</ele></trkpt>
   <trkpt lat="50.59941" lon="3.612402"><ele>45.5</ele></trkpt>
   <trkpt lat="50.599648" lon="3.613126"><ele>44.5</ele></trkpt>
   <trkpt lat="50.600643" lon="3.616606"><ele>45.25</ele></trkpt>
   <trkpt lat="50.600824" lon="3.617244"><ele>45</ele></trkpt>
   <trkpt lat="50.600896" lon="3.617541"><ele>45.5</ele></trkpt>
   <trkpt lat="50.600942" lon="3.617743"><ele>45.5</ele></trkpt>
   <trkpt lat="50.601098" lon="3.618538"><ele>45</ele></trkpt>
   <trkpt lat="50.601146" lon="3.618729"><ele>44.75</ele></trkpt>
   <trkpt lat="50.601313" lon="3.619316"><ele>45</ele></trkpt>
   <trkpt lat="50.601688" lon="3.620636"><ele>45.5</ele></trkpt>
   <trkpt lat="50.601804" lon="3.621045"><ele>45.75</ele></trkpt>
   <trkpt lat="50.60197" lon="3.621571"><ele>45</ele></trkpt>
   <trkpt lat="50.602151" lon="3.622083"><ele>44.25</ele></trkpt>
   <trkpt lat="50.602361" lon="3.622584"><ele>44</ele></trkpt>
   <trkpt lat="50.60258" lon="3.623044"><ele>45</ele></trkpt>
   <trkpt lat="50.602863" lon="3.623592"><ele>44.75</ele></trkpt>
   <trkpt lat="50.60376" lon="3.625256"><ele>44.25</ele></trkpt>
   <trkpt lat="50.604002" lon="3.625703"><ele>44.5</ele></trkpt>
   <trkpt lat="50.604234" lon="3.626149"><ele>44.75</ele></trkpt>
   <trkpt lat="50.604463" lon="3.626623"><ele>45.75</ele></trkpt>
   <trkpt lat="50.604672" lon="3.627117"><ele>45.5</ele></trkpt>
   <trkpt lat="50.604854" lon="3.627631"><ele>45</ele></trkpt>
   <trkpt lat="50.605017" lon="3.62817"><ele>45.75</ele></trkpt>
   <trkpt lat="50.605158" lon="3.628723"><ele>46</ele></trkpt>
   <trkpt lat="50.605269" lon="3.629288"><ele>46</ele></trkpt>
   <trkpt lat="50.605357" lon="3.629853"><ele>45.75</ele></trkpt>
   <trkpt lat="50.605394" lon="3.630186"><ele>46.25</ele></trkpt>
   <trkpt lat="50.605417" lon="3.630448"><ele>46.75</ele></trkpt>
   <trkpt lat="50.605453" lon="3.631044"><ele>46.25</ele></trkpt>
   <trkpt lat="50.605461" lon="3.631635"><ele>46</ele></trkpt>
   <trkpt lat="50.605445" lon="3.632227"><ele>45.25</ele></trkpt>
   <trkpt lat="50.605403" lon="3.63291"><ele>45.25</ele></trkpt>
   <trkpt lat="50.605092" lon="3.637147"><ele>44.5</ele></trkpt>
   <trkpt lat="50.605046" lon="3.637931"><ele>44.75</ele></trkpt>
   <trkpt lat="50.605026" lon="3.638589"><ele>45.5</ele></trkpt>
   <trkpt lat="50.605028" lon="3.639393"><ele>45.5</ele></trkpt>
   <trkpt lat="50.605047" lon="3.639963"><ele>45.75</ele></trkpt>
   <trkpt lat="50.605089" lon="3.640649"><ele>45.5</ele></trkpt>
   <trkpt lat="50.605154" lon="3.641346"><ele>46.5</ele></trkpt>
   <trkpt lat="50.605239" lon="3.642004"><ele>46.5</ele></trkpt>
   <trkpt lat="50.60533" lon="3.642596"><ele>46.25</ele></trkpt>
   <trkpt lat="50.605477" lon="3.643356"><ele>46.5</ele></trkpt>
   <trkpt lat="50.605619" lon="3.644004"><ele>46</ele></trkpt>
   <trkpt lat="50.605881" lon="3.645063"><ele>46</ele></trkpt>
   <trkpt lat="50.608175" lon="3.65418"><ele>45</ele></trkpt>
   <trkpt lat="50.60948" lon="3.65936"><ele>43.75</ele></trkpt>
   <trkpt lat="50.610398" lon="3.663021"><ele>43.5</ele></trkpt>
   <trkpt lat="50.612056" lon="3.669628"><ele>42.5</ele></trkpt>
   <trkpt lat="50.613044" lon="3.673533"><ele>40.75</ele></trkpt>
   <trkpt lat="50.616648" lon="3.687863"><ele>40.75</ele></trkpt>
   <trkpt lat="50.619095" lon="3.697614"><ele>40.25</ele></trkpt>
   <trkpt lat="50.619214" lon="3.698101"><ele>40.5</ele></trkpt>
   <trkpt lat="50.619387" lon="3.698851"><ele>39.25</ele></trkpt>
   <trkpt lat="50.619533" lon="3.699583"><ele>40.25</ele></trkpt>
   <trkpt lat="50.61967" lon="3.70035"><ele>39.75</ele></trkpt>
   <trkpt lat="50.619785" lon="3.701118"><ele>39.5</ele></trkpt>
   <trkpt lat="50.619883" lon="3.7019"><ele>38.5</ele></trkpt>
   <trkpt lat="50.61996" lon="3.702683"><ele>39.25</ele></trkpt>
   <trkpt lat="50.620019" lon="3.703473"><ele>40.25</ele></trkpt>
   <trkpt lat="50.620055" lon="3.704267"><ele>40</ele></trkpt>
   <trkpt lat="50.620073" lon="3.705062"><ele>40.5</ele></trkpt>
   <trkpt lat="50.620076" lon="3.705659"><ele>40.5</ele></trkpt>
   <trkpt lat="50.620049" lon="3.706637"><ele>40.5</ele></trkpt>
   <trkpt lat="50.620006" lon="3.707434"><ele>40.75</ele></trkpt>
   <trkpt lat="50.619947" lon="3.708221"><ele>40</ele></trkpt>
   <trkpt lat="50.619867" lon="3.70901"><ele>39.5</ele></trkpt>
   <trkpt lat="50.619618" lon="3.711089"><ele>40.25</ele></trkpt>
   <trkpt lat="50.618828" lon="3.717646"><ele>38.25</ele></trkpt>
   <trkpt lat="50.618732" lon="3.718522"><ele>38</ele></trkpt>
   <trkpt lat="50.618649" lon="3.719399"><ele>40</ele></trkpt>
   <trkpt lat="50.618585" lon="3.720284"><ele>39.75</ele></trkpt>
   <trkpt lat="50.618545" lon="3.721036"><ele>40.75</ele></trkpt>
   <trkpt lat="50.618514" lon="3.721961"><ele>39.5</ele></trkpt>
   <trkpt lat="50.618503" lon="3.722855"><ele>39</ele></trkpt>
   <trkpt lat="50.618508" lon="3.723738"><ele>38</ele></trkpt>
   <trkpt lat="50.618531" lon="3.724632"><ele>37.25</ele></trkpt>
   <trkpt lat="50.618574" lon="3.725521"><ele>38.25</ele></trkpt>
   <trkpt lat="50.61863" lon="3.726406"><ele>39.5</ele></trkpt>
   <trkpt lat="50.618754" lon="3.728087"><ele>36.5</ele></trkpt>
   <trkpt lat="50.619263" lon="3.734833"><ele>39.25</ele></trkpt>
   <trkpt lat="50.619891" lon="3.743204"><ele>37.5</ele></trkpt>
   <trkpt lat="50.619967" lon="3.744088"><ele>38.5</ele></trkpt>
   <trkpt lat="50.620046" lon="3.744872"><ele>38.5</ele></trkpt>
   <trkpt lat="50.620132" lon="3.745606"><ele>37.5</ele></trkpt>
   <trkpt lat="50.620241" lon="3.746398"><ele>38.75</ele></trkpt>
   <trkpt lat="50.620357" lon="3.747172"><ele>39.5</ele></trkpt>
   <trkpt lat="50.620867" lon="3.750412"><ele>39</ele></trkpt>
   <trkpt lat="50.62166" lon="3.755444"><ele>36.75</ele></trkpt>
   <trkpt lat="50.621766" lon="3.7561"><ele>35.5</ele></trkpt>
   <trkpt lat="50.621891" lon="3.756781"><ele>36.25</ele></trkpt>
   <trkpt lat="50.621988" lon="3.757237"><ele>36.75</ele></trkpt>
   <trkpt lat="50.622083" lon="3.757639"><ele>35.75</ele></trkpt>
   <trkpt lat="50.622191" lon="3.758072"><ele>35.75</ele></trkpt>
   <trkpt lat="50.622374" lon="3.758689"><ele>35.25</ele></trkpt>
   <trkpt lat="50.622576" lon="3.759312"><ele>34.5</ele></trkpt>
   <trkpt lat="50.622828" lon="3.759989"><ele>35.75</ele></trkpt>
   <trkpt lat="50.623001" lon="3.760399"><ele>34.25</ele></trkpt>
   <trkpt lat="50.623253" lon="3.760956"><ele>33.5</ele></trkpt>
   <trkpt lat="50.62352" lon="3.761497"><ele>35</ele></trkpt>
   <trkpt lat="50.625186" lon="3.764748"><ele>35</ele></trkpt>
   <trkpt lat="50.626288" lon="3.766903"><ele>34.25</ele></trkpt>
   <trkpt lat="50.626553" lon="3.767456"><ele>33</ele></trkpt>
   <trkpt lat="50.626664" lon="3.767712"><ele>35</ele></trkpt>
   <trkpt lat="50.626758" lon="3.767952"><ele>35.25</ele></trkpt>
   <trkpt lat="50.626916" lon="3.768409"><ele>35</ele></trkpt>
   <trkpt lat="50.62698" lon="3.768638"><ele>35.75</ele></trkpt>
   <trkpt lat="50.627046" lon="3.768878"><ele>35.5</ele></trkpt>
   <trkpt lat="50.627145" lon="3.769328"><ele>33.75</ele></trkpt>
   <trkpt lat="50.627212" lon="3.769706"><ele>34.75</ele></trkpt>
   <trkpt lat="50.627265" lon="3.770099"><ele>36</ele></trkpt>
   <trkpt lat="50.627301" lon="3.770512"><ele>36.75</ele></trkpt>
   <trkpt lat="50.627321" lon="3.770922"><ele>36</ele></trkpt>
   <trkpt lat="50.627327" lon="3.771321"><ele>36.25</ele></trkpt>
   <trkpt lat="50.627315" lon="3.771867"><ele>34</ele></trkpt>
   <trkpt lat="50.627302" lon="3.772181"><ele>34.75</ele></trkpt>
   <trkpt lat="50.627277" lon="3.772742"><ele>36</ele></trkpt>
   <trkpt lat="50.627224" lon="3.773159"><ele>35.75</ele></trkpt>
   <trkpt lat="50.627165" lon="3.773619"><ele>36</ele></trkpt>
   <trkpt lat="50.627135" lon="3.773815"><ele>36</ele></trkpt>
   <trkpt lat="50.62705" lon="3.774215"><ele>36</ele></trkpt>
   <trkpt lat="50.626985" lon="3.774524"><ele>36</ele></trkpt>
   <trkpt lat="50.6269" lon="3.774923"><ele>36</ele></trkpt>
   <trkpt lat="50.626818" lon="3.775315"><ele>36</ele></trkpt>
   <trkpt lat="50.626716" lon="3.775816"><ele>36</ele></trkpt>
   <trkpt lat="50.626682" lon="3.776052"><ele>36</ele></trkpt>
   <trkpt lat="50.626665" lon="3.776268"><ele>35.75</ele></trkpt>
   <trkpt lat="50.626488" lon="3.780042"><ele>35.25</ele></trkpt>
   <trkpt lat="50.626468" lon="3.780243"><ele>35.25</ele></trkpt>
   <trkpt lat="50.626401" lon="3.780744"><ele>35.25</ele></trkpt>
   <trkpt lat="50.626341" lon="3.781189"><ele>35</ele></trkpt>
   <trkpt lat="50.626313" lon="3.781391"><ele>35.5</ele></trkpt>
   <trkpt lat="50.626278" lon="3.781583"><ele>35.5</ele></trkpt>
   <trkpt lat="50.626223" lon="3.781831"><ele>35.25</ele></trkpt>
   <trkpt lat="50.626096" lon="3.782418"><ele>35.75</ele></trkpt>
   <trkpt lat="50.626006" lon="3.782813"><ele>35.5</ele></trkpt>
   <trkpt lat="50.625941" lon="3.783124"><ele>36</ele></trkpt>
   <trkpt lat="50.625836" lon="3.783542"><ele>36</ele></trkpt>
   <trkpt lat="50.625769" lon="3.783751"><ele>36</ele></trkpt>
   <trkpt lat="50.625593" lon="3.784442"><ele>35.75</ele></trkpt>
   <trkpt lat="50.625548" lon="3.784588"><ele>36</ele></trkpt>
   <trkpt lat="50.625265" lon="3.785485"><ele>36.5</ele></trkpt>
   <trkpt lat="50.625086" lon="3.786117"><ele>36.25</ele></trkpt>
   <trkpt lat="50.62489" lon="3.786866"><ele>34.25</ele></trkpt>
   <trkpt lat="50.624851" lon="3.787004"><ele>34</ele></trkpt>
   <trkpt lat="50.623121" lon="3.793546"><ele>42.25</ele></trkpt>
   <trkpt lat="50.622917" lon="3.794284"><ele>40.5</ele></trkpt>
   <trkpt lat="50.622704" lon="3.795003"><ele>42</ele></trkpt>
   <trkpt lat="50.622484" lon="3.795692"><ele>44.5</ele></trkpt>
   <trkpt lat="50.621415" lon="3.798916"><ele>46.25</ele></trkpt>
   <trkpt lat="50.621347" lon="3.799122"><ele>44.5</ele></trkpt>
   <trkpt lat="50.620326" lon="3.802202"><ele>45.5</ele></trkpt>
   <trkpt lat="50.619642" lon="3.804319"><ele>43.5</ele></trkpt>
   <trkpt lat="50.619209" lon="3.805748"><ele>45.75</ele></trkpt>
   <trkpt lat="50.618953" lon="3.806618"><ele>44</ele></trkpt>
   <trkpt lat="50.618907" lon="3.806784"><ele>45</ele></trkpt>
   <trkpt lat="50.618291" lon="3.808876"><ele>45.75</ele></trkpt>
   <trkpt lat="50.61806" lon="3.809694"><ele>46.75</ele></trkpt>
   <trkpt lat="50.61784" lon="3.810512"><ele>45.25</ele></trkpt>
   <trkpt lat="50.617666" lon="3.81125"><ele>42.5</ele></trkpt>
   <trkpt lat="50.617522" lon="3.811945"><ele>46.25</ele></trkpt>
   <trkpt lat="50.617395" lon="3.812652"><ele>42.75</ele></trkpt>
   <trkpt lat="50.617278" lon="3.813434"><ele>45.75</ele></trkpt>
   <trkpt lat="50.617193" lon="3.814112"><ele>46.5</ele></trkpt>
   <trkpt lat="50.617126" lon="3.814792"><ele>45.25</ele></trkpt>
   <trkpt lat="50.617074" lon="3.815484"><ele>45.5</ele></trkpt>
   <trkpt lat="50.617037" lon="3.816262"><ele>47</ele></trkpt>
   <trkpt lat="50.617022" lon="3.817061"><ele>48.5</ele></trkpt>
   <trkpt lat="50.617025" lon="3.817848"><ele>49</ele></trkpt>
   <trkpt lat="50.617054" lon="3.818634"><ele>49.5</ele></trkpt>
   <trkpt lat="50.617104" lon="3.819416"><ele>49.25</ele></trkpt>
   <trkpt lat="50.617174" lon="3.820203"><ele>51.5</ele></trkpt>
   <trkpt lat="50.617253" lon="3.820885"><ele>52.5</ele></trkpt>
   <trkpt lat="50.617349" lon="3.821554"><ele>51.5</ele></trkpt>
   <trkpt lat="50.617458" lon="3.822218"><ele>52.75</ele></trkpt>
   <trkpt lat="50.61759" lon="3.82288"><ele>52.5</ele></trkpt>
   <trkpt lat="50.617741" lon="3.823566"><ele>54.25</ele></trkpt>
   <trkpt lat="50.617926" lon="3.824297"><ele>52.25</ele></trkpt>
   <trkpt lat="50.618049" lon="3.824749"><ele>52</ele></trkpt>
   <trkpt lat="50.61809" lon="3.824889"><ele>52.25</ele></trkpt>
   <trkpt lat="50.61834" lon="3.825687"><ele>55.75</ele></trkpt>
   <trkpt lat="50.618581" lon="3.826374"><ele>55.5</ele></trkpt>
   <trkpt lat="50.619094" lon="3.827729"><ele>56.25</ele></trkpt>
   <trkpt lat="50.622644" lon="3.836802"><ele>61.5</ele></trkpt>
   <trkpt lat="50.623601" lon="3.839248"><ele>62</ele></trkpt>
   <trkpt lat="50.626051" lon="3.845516"><ele>62</ele></trkpt>
   <trkpt lat="50.629262" lon="3.853734"><ele>59.5</ele></trkpt>
   <trkpt lat="50.629861" lon="3.855236"><ele>58.75</ele></trkpt>
   <trkpt lat="50.630472" lon="3.856743"><ele>57.75</ele></trkpt>
   <trkpt lat="50.63134" lon="3.858804"><ele>58</ele></trkpt>
   <trkpt lat="50.632198" lon="3.860767"><ele>58.75</ele></trkpt>
   <trkpt lat="50.632932" lon="3.862398"><ele>56.25</ele></trkpt>
   <trkpt lat="50.633017" lon="3.862587"><ele>55.25</ele></trkpt>
   <trkpt lat="50.634015" lon="3.864709"><ele>57.5</ele></trkpt>
   <trkpt lat="50.635793" lon="3.868444"><ele>60</ele></trkpt>
   <trkpt lat="50.637135" lon="3.871289"><ele>60.25</ele></trkpt>
   <trkpt lat="50.637802" lon="3.872739"><ele>58.75</ele></trkpt>
   <trkpt lat="50.638455" lon="3.8742"><ele>58.25</ele></trkpt>
   <trkpt lat="50.639024" lon="3.875508"><ele>56.5</ele></trkpt>
   <trkpt lat="50.639584" lon="3.876828"><ele>55.75</ele></trkpt>
   <trkpt lat="50.640193" lon="3.878292"><ele>55</ele></trkpt>
   <trkpt lat="50.640801" lon="3.8798"><ele>55.25</ele></trkpt>
   <trkpt lat="50.641246" lon="3.880932"><ele>53</ele></trkpt>
   <trkpt lat="50.641309" lon="3.881095"><ele>53</ele></trkpt>
   <trkpt lat="50.642544" lon="3.884373"><ele>58.5</ele></trkpt>
   <trkpt lat="50.647948" lon="3.898975"><ele>61.25</ele></trkpt>
   <trkpt lat="50.648249" lon="3.899781"><ele>58.5</ele></trkpt>
   <trkpt lat="50.648354" lon="3.900071"><ele>60.25</ele></trkpt>
   <trkpt lat="50.652832" lon="3.912178"><ele>58.5</ele></trkpt>
   <trkpt lat="50.653491" lon="3.913949"><ele>56.5</ele></trkpt>
   <trkpt lat="50.653779" lon="3.914697"><ele>56.5</ele></trkpt>
   <trkpt lat="50.654387" lon="3.916196"><ele>53.75</ele></trkpt>
   <trkpt lat="50.654483" lon="3.91642"><ele>55.5</ele></trkpt>
   <trkpt lat="50.655673" lon="3.919237"><ele>53.75</ele></trkpt>
   <trkpt lat="50.655879" lon="3.919826"><ele>54</ele></trkpt>
   <trkpt lat="50.656454" lon="3.921193"><ele>53.5</ele></trkpt>
   <trkpt lat="50.657674" lon="3.924096"><ele>54</ele></trkpt>
   <trkpt lat="50.662764" lon="3.936193"><ele>52.5</ele></trkpt>
   <trkpt lat="50.673953" lon="3.96281"><ele>60</ele></trkpt>
   <trkpt lat="50.674381" lon="3.96378"><ele>60.5</ele></trkpt>
   <trkpt lat="50.674612" lon="3.964262"><ele>60.5</ele></trkpt>
   <trkpt lat="50.674924" lon="3.964881"><ele>66</ele></trkpt>
   <trkpt lat="50.675612" lon="3.966178"><ele>65.75</ele></trkpt>
   <trkpt lat="50.682038" lon="3.978201"><ele>58.5</ele></trkpt>
   <trkpt lat="50.687031" lon="3.987542"><ele>52.5</ele></trkpt>
   <trkpt lat="50.690217" lon="3.993503"><ele>51.25</ele></trkpt>
   <trkpt lat="50.693643" lon="3.999911"><ele>50</ele></trkpt>
   <trkpt lat="50.693983" lon="4.000553"><ele>50.25</ele></trkpt>
   <trkpt lat="50.694237" lon="4.00106"><ele>50</ele></trkpt>
   <trkpt lat="50.694444" lon="4.001507"><ele>49.25</ele></trkpt>
   <trkpt lat="50.694561" lon="4.001783"><ele>49.75</ele></trkpt>
   <trkpt lat="50.694686" lon="4.0021"><ele>49.5</ele></trkpt>
   <trkpt lat="50.694796" lon="4.002401"><ele>49</ele></trkpt>
   <trkpt lat="50.694899" lon="4.002707"><ele>48.75</ele></trkpt>
   <trkpt lat="50.695039" lon="4.003174"><ele>47.75</ele></trkpt>
   <trkpt lat="50.695162" lon="4.003636"><ele>45.75</ele></trkpt>
   <trkpt lat="50.695248" lon="4.004001"><ele>47.75</ele></trkpt>
   <trkpt lat="50.695357" lon="4.004532"><ele>44.75</ele></trkpt>
   <trkpt lat="50.695413" lon="4.004858"><ele>44.25</ele></trkpt>
   <trkpt lat="50.695468" lon="4.005227"><ele>45.5</ele></trkpt>
   <trkpt lat="50.695517" lon="4.005627"><ele>47.25</ele></trkpt>
   <trkpt lat="50.695574" lon="4.00624"><ele>48</ele></trkpt>
   <trkpt lat="50.695601" lon="4.00666"><ele>48.25</ele></trkpt>
   <trkpt lat="50.695619" lon="4.007395"><ele>48.25</ele></trkpt>
   <trkpt lat="50.695617" lon="4.008182"><ele>49</ele></trkpt>
   <trkpt lat="50.695492" lon="4.015319"><ele>43.25</ele></trkpt>
   <trkpt lat="50.69549" lon="4.015503"><ele>45</ele></trkpt>
   <trkpt lat="50.695442" lon="4.018406"><ele>48</ele></trkpt>
   <trkpt lat="50.695442" lon="4.019216"><ele>49</ele></trkpt>
   <trkpt lat="50.69546" lon="4.020016"><ele>49.5</ele></trkpt>
   <trkpt lat="50.695496" lon="4.020796"><ele>50.25</ele></trkpt>
   <trkpt lat="50.69552" lon="4.021163"><ele>50.5</ele></trkpt>
   <trkpt lat="50.695534" lon="4.021354"><ele>50.75</ele></trkpt>
   <trkpt lat="50.695585" lon="4.021933"><ele>51</ele></trkpt>
   <trkpt lat="50.695631" lon="4.022374"><ele>51</ele></trkpt>
   <trkpt lat="50.695726" lon="4.023143"><ele>52.75</ele></trkpt>
   <trkpt lat="50.695783" lon="4.023537"><ele>53</ele></trkpt>
   <trkpt lat="50.695911" lon="4.024306"><ele>54.5</ele></trkpt>
   <trkpt lat="50.695982" lon="4.024693"><ele>54</ele></trkpt>
   <trkpt lat="50.696221" lon="4.025804"><ele>54.25</ele></trkpt>
   <trkpt lat="50.696412" lon="4.026559"><ele>54</ele></trkpt>
   <trkpt lat="50.696511" lon="4.026923"><ele>55.25</ele></trkpt>
   <trkpt lat="50.696715" lon="4.027624"><ele>55.5</ele></trkpt>
   <trkpt lat="50.697645" lon="4.030716"><ele>57.25</ele></trkpt>
   <trkpt lat="50.697844" lon="4.031379"><ele>57.25</ele></trkpt>
   <trkpt lat="50.698013" lon="4.03194"><ele>57</ele></trkpt>
   <trkpt lat="50.698175" lon="4.032511"><ele>58.25</ele></trkpt>
   <trkpt lat="50.698284" lon="4.032927"><ele>58</ele></trkpt>
   <trkpt lat="50.698411" lon="4.033494"><ele>59.5</ele></trkpt>
   <trkpt lat="50.698494" lon="4.033941"><ele>59.75</ele></trkpt>
   <trkpt lat="50.698545" lon="4.034253"><ele>58</ele></trkpt>
   <trkpt lat="50.698624" lon="4.034849"><ele>58.5</ele></trkpt>
   <trkpt lat="50.698715" lon="4.035651"><ele>58.25</ele></trkpt>
   <trkpt lat="50.698949" lon="4.037766"><ele>57</ele></trkpt>
   <trkpt lat="50.699024" lon="4.038516"><ele>55.25</ele></trkpt>
   <trkpt lat="50.699046" lon="4.038831"><ele>56</ele></trkpt>
   <trkpt lat="50.699062" lon="4.039227"><ele>57</ele></trkpt>
   <trkpt lat="50.699063" lon="4.039699"><ele>56.75</ele></trkpt>
   <trkpt lat="50.699043" lon="4.040182"><ele>56.5</ele></trkpt>
   <trkpt lat="50.699002" lon="4.040659"><ele>56.75</ele></trkpt>
   <trkpt lat="50.698955" lon="4.041022"><ele>59</ele></trkpt>
   <trkpt lat="50.698915" lon="4.041281"><ele>60.25</ele></trkpt>
   <trkpt lat="50.698869" lon="4.04152"><ele>60.25</ele></trkpt>
   <trkpt lat="50.698769" lon="4.041979"><ele>57.75</ele></trkpt>
   <trkpt lat="50.698653" lon="4.042442"><ele>58.5</ele></trkpt>
   <trkpt lat="50.698493" lon="4.043019"><ele>57.75</ele></trkpt>
   <trkpt lat="50.698452" lon="4.043155"><ele>57.5</ele></trkpt>
   <trkpt lat="50.69839" lon="4.043355"><ele>59.25</ele></trkpt>
   <trkpt lat="50.698179" lon="4.044065"><ele>60.5</ele></trkpt>
   <trkpt lat="50.698129" lon="4.044232"><ele>61</ele></trkpt>
   <trkpt lat="50.698075" lon="4.044396"><ele>61.75</ele></trkpt>
   <trkpt lat="50.697984" lon="4.044627"><ele>61.25</ele></trkpt>
   <trkpt lat="50.697796" lon="4.045114"><ele>62</ele></trkpt>
   <trkpt lat="50.69764" lon="4.045566"><ele>61.5</ele></trkpt>
   <trkpt lat="50.697272" lon="4.046799"><ele>62</ele></trkpt>
   <trkpt lat="50.696789" lon="4.048419"><ele>62.5</ele></trkpt>
   <trkpt lat="50.69659" lon="4.049121"><ele>62.25</ele></trkpt>
   <trkpt lat="50.696507" lon="4.049464"><ele>62.75</ele></trkpt>
   <trkpt lat="50.696415" lon="4.049914"><ele>62.25</ele></trkpt>
   <trkpt lat="50.696383" lon="4.050052"><ele>62.25</ele></trkpt>
   <trkpt lat="50.696309" lon="4.05032"><ele>63.5</ele></trkpt>
   <trkpt lat="50.696215" lon="4.050632"><ele>63</ele></trkpt>
   <trkpt lat="50.69616" lon="4.050846"><ele>63</ele></trkpt>
   <trkpt lat="50.696057" lon="4.051283"><ele>63.5</ele></trkpt>
   <trkpt lat="50.695925" lon="4.051722"><ele>63</ele></trkpt>
   <trkpt lat="50.695653" lon="4.052622"><ele>63.5</ele></trkpt>
   <trkpt lat="50.69555" lon="4.052987"><ele>63</ele></trkpt>
   <trkpt lat="50.695453" lon="4.053352"><ele>63</ele></trkpt>
   <trkpt lat="50.695387" lon="4.053631"><ele>63</ele></trkpt>
   <trkpt lat="50.695309" lon="4.054017"><ele>63.25</ele></trkpt>
   <trkpt lat="50.695246" lon="4.054386"><ele>63.75</ele></trkpt>
   <trkpt lat="50.695181" lon="4.054873"><ele>63.25</ele></trkpt>
   <trkpt lat="50.695125" lon="4.055536"><ele>62.75</ele></trkpt>
   <trkpt lat="50.69511" lon="4.055952"><ele>63.5</ele></trkpt>
   <trkpt lat="50.695098" lon="4.057333"><ele>60.5</ele></trkpt>
   <trkpt lat="50.695092" lon="4.057567"><ele>60.5</ele></trkpt>
   <trkpt lat="50.695068" lon="4.05815"><ele>62.25</ele></trkpt>
   <trkpt lat="50.695016" lon="4.058791"><ele>64.75</ele></trkpt>
   <trkpt lat="50.694996" lon="4.059014"><ele>63.5</ele></trkpt>
   <trkpt lat="50.69498" lon="4.059193"><ele>62</ele></trkpt>
   <trkpt lat="50.694678" lon="4.062523"><ele>68</ele></trkpt>
   <trkpt lat="50.693927" lon="4.070812"><ele>71</ele></trkpt>
   <trkpt lat="50.693868" lon="4.071509"><ele>71</ele></trkpt>
   <trkpt lat="50.693828" lon="4.072082"><ele>71.5</ele></trkpt>
   <trkpt lat="50.6938" lon="4.07259"><ele>73.75</ele></trkpt>
   <trkpt lat="50.69377" lon="4.073375"><ele>74.5</ele></trkpt>
   <trkpt lat="50.693759" lon="4.074194"><ele>73.25</ele></trkpt>
   <trkpt lat="50.69373" lon="4.081125"><ele>67.5</ele></trkpt>
   <trkpt lat="50.69366" lon="4.098175"><ele>61</ele></trkpt>
   <trkpt lat="50.693663" lon="4.099854"><ele>61</ele></trkpt>
   <trkpt lat="50.693675" lon="4.100655"><ele>61</ele></trkpt>
   <trkpt lat="50.693705" lon="4.101447"><ele>60.5</ele></trkpt>
   <trkpt lat="50.693755" lon="4.102227"><ele>59.5</ele></trkpt>
   <trkpt lat="50.693819" lon="4.10301"><ele>58.5</ele></trkpt>
   <trkpt lat="50.693906" lon="4.103797"><ele>58.75</ele></trkpt>
   <trkpt lat="50.694008" lon="4.104568"><ele>56</ele></trkpt>
   <trkpt lat="50.694131" lon="4.105341"><ele>56</ele></trkpt>
   <trkpt lat="50.694273" lon="4.106097"><ele>54.75</ele></trkpt>
   <trkpt lat="50.694412" lon="4.106755"><ele>55.75</ele></trkpt>
   <trkpt lat="50.694587" lon="4.107507"><ele>54.75</ele></trkpt>
   <trkpt lat="50.694778" lon="4.108233"><ele>57</ele></trkpt>
   <trkpt lat="50.694985" lon="4.108945"><ele>57.25</ele></trkpt>
   <trkpt lat="50.695213" lon="4.10966"><ele>57.25</ele></trkpt>
   <trkpt lat="50.695448" lon="4.11033"><ele>57.75</ele></trkpt>
   <trkpt lat="50.695708" lon="4.111007"><ele>58.25</ele></trkpt>
   <trkpt lat="50.695983" lon="4.111669"><ele>57.75</ele></trkpt>
   <trkpt lat="50.696275" lon="4.11232"><ele>57</ele></trkpt>
   <trkpt lat="50.697655" lon="4.115236"><ele>56.25</ele></trkpt>
   <trkpt lat="50.697914" lon="4.115798"><ele>56.25</ele></trkpt>
   <trkpt lat="50.698163" lon="4.116376"><ele>55</ele></trkpt>
   <trkpt lat="50.698396" lon="4.116975"><ele>55.25</ele></trkpt>
   <trkpt lat="50.698584" lon="4.117486"><ele>54.75</ele></trkpt>
   <trkpt lat="50.698787" lon="4.118103"><ele>54</ele></trkpt>
   <trkpt lat="50.699048" lon="4.118982"><ele>56</ele></trkpt>
   <trkpt lat="50.699302" lon="4.12002"><ele>56</ele></trkpt>
   <trkpt lat="50.699439" lon="4.120675"><ele>55.25</ele></trkpt>
   <trkpt lat="50.699567" lon="4.121352"><ele>55.25</ele></trkpt>
   <trkpt lat="50.699671" lon="4.122022"><ele>55.25</ele></trkpt>
   <trkpt lat="50.699776" lon="4.122803"><ele>55.75</ele></trkpt>
   <trkpt lat="50.699868" lon="4.12358"><ele>56</ele></trkpt>
   <trkpt lat="50.700221" lon="4.126778"><ele>53.75</ele></trkpt>
   <trkpt lat="50.700409" lon="4.128444"><ele>50</ele></trkpt>
   <trkpt lat="50.700513" lon="4.129225"><ele>51.75</ele></trkpt>
   <trkpt lat="50.700634" lon="4.129993"><ele>51.75</ele></trkpt>
   <trkpt lat="50.70077" lon="4.130753"><ele>51.5</ele></trkpt>
   <trkpt lat="50.700925" lon="4.131517"><ele>52.25</ele></trkpt>
   <trkpt lat="50.701096" lon="4.132252"><ele>53</ele></trkpt>
   <trkpt lat="50.701286" lon="4.132981"><ele>52.75</ele></trkpt>
   <trkpt lat="50.701494" lon="4.1337"><ele>52.75</ele></trkpt>
   <trkpt lat="50.701717" lon="4.134417"><ele>52.75</ele></trkpt>
   <trkpt lat="50.701956" lon="4.135106"><ele>52.75</ele></trkpt>
   <trkpt lat="50.702733" lon="4.137037"><ele>51.5</ele></trkpt>
   <trkpt lat="50.705409" lon="4.143167"><ele>52</ele></trkpt>
   <trkpt lat="50.705452" lon="4.143266"><ele>52</ele></trkpt>
   <trkpt lat="50.7063" lon="4.145206"><ele>57</ele></trkpt>
   <trkpt lat="50.707281" lon="4.147465"><ele>57</ele></trkpt>
   <trkpt lat="50.707664" lon="4.148342"><ele>56</ele></trkpt>
   <trkpt lat="50.708915" lon="4.151209"><ele>59.25</ele></trkpt>
   <trkpt lat="50.7105" lon="4.15486"><ele>60</ele></trkpt>
   <trkpt lat="50.711675" lon="4.157553"><ele>59.5</ele></trkpt>
   <trkpt lat="50.713676" lon="4.162136"><ele>62.25</ele></trkpt>
   <trkpt lat="50.71393" lon="4.162705"><ele>62.5</ele></trkpt>
   <trkpt lat="50.714192" lon="4.163265"><ele>63.5</ele></trkpt>
   <trkpt lat="50.714443" lon="4.163767"><ele>63</ele></trkpt>
   <trkpt lat="50.714736" lon="4.164293"><ele>62.75</ele></trkpt>
   <trkpt lat="50.714983" lon="4.164695"><ele>63.75</ele></trkpt>
   <trkpt lat="50.715352" lon="4.165243"><ele>62</ele></trkpt>
   <trkpt lat="50.715687" lon="4.165682"><ele>62</ele></trkpt>
   <trkpt lat="50.716042" lon="4.16611"><ele>62.25</ele></trkpt>
   <trkpt lat="50.716397" lon="4.166518"><ele>62.25</ele></trkpt>
   <trkpt lat="50.716831" lon="4.166997"><ele>62</ele></trkpt>
   <trkpt lat="50.719473" lon="4.169885"><ele>68.5</ele></trkpt>
   <trkpt lat="50.720296" lon="4.170801"><ele>68.5</ele></trkpt>
   <trkpt lat="50.723946" lon="4.174811"><ele>66.5</ele></trkpt>
   <trkpt lat="50.725829" lon="4.176881"><ele>63.75</ele></trkpt>
   <trkpt lat="50.726473" lon="4.177574"><ele>62.5</ele></trkpt>
   <trkpt lat="50.727048" lon="4.178232"><ele>61.5</ele></trkpt>
   <trkpt lat="50.727406" lon="4.178663"><ele>61.75</ele></trkpt>
   <trkpt lat="50.727747" lon="4.179124"><ele>62.5</ele></trkpt>
   <trkpt lat="50.728072" lon="4.17961"><ele>62</ele></trkpt>
   <trkpt lat="50.728357" lon="4.180076"><ele>63.5</ele></trkpt>
   <trkpt lat="50.728609" lon="4.180528"><ele>63</ele></trkpt>
   <trkpt lat="50.728886" lon="4.181082"><ele>62.25</ele></trkpt>
   <trkpt lat="50.729152" lon="4.181664"><ele>63.25</ele></trkpt>
   <trkpt lat="50.72936" lon="4.182166"><ele>63.25</ele></trkpt>
   <trkpt lat="50.72959" lon="4.18278"><ele>62.75</ele></trkpt>
   <trkpt lat="50.729798" lon="4.183417"><ele>62.5</ele></trkpt>
   <trkpt lat="50.729982" lon="4.184059"><ele>61.75</ele></trkpt>
   <trkpt lat="50.730139" lon="4.184682"><ele>63.25</ele></trkpt>
   <trkpt lat="50.730283" lon="4.185307"><ele>60</ele></trkpt>
   <trkpt lat="50.730961" lon="4.188495"><ele>58</ele></trkpt>
   <trkpt lat="50.732653" lon="4.196458"><ele>55</ele></trkpt>
   <trkpt lat="50.732758" lon="4.196994"><ele>55</ele></trkpt>
   <trkpt lat="50.73286" lon="4.197575"><ele>55.5</ele></trkpt>
   <trkpt lat="50.73294" lon="4.198168"><ele>55.25</ele></trkpt>
   <trkpt lat="50.733" lon="4.198765"><ele>55</ele></trkpt>
   <trkpt lat="50.733035" lon="4.199341"><ele>54</ele></trkpt>
   <trkpt lat="50.733052" lon="4.199948"><ele>53.75</ele></trkpt>
   <trkpt lat="50.733046" lon="4.200547"><ele>52.75</ele></trkpt>
   <trkpt lat="50.73302" lon="4.201114"><ele>51.5</ele></trkpt>
   <trkpt lat="50.732972" lon="4.201719"><ele>49.5</ele></trkpt>
   <trkpt lat="50.7329" lon="4.2023"><ele>49.25</ele></trkpt>
   <trkpt lat="50.732803" lon="4.202898"><ele>52</ele></trkpt>
   <trkpt lat="50.732698" lon="4.203438"><ele>50.75</ele></trkpt>
   <trkpt lat="50.73255" lon="4.204104"><ele>51.25</ele></trkpt>
   <trkpt lat="50.730771" lon="4.211927"><ele>46.75</ele></trkpt>
   <trkpt lat="50.728996" lon="4.219686"><ele>48</ele></trkpt>
   <trkpt lat="50.727987" lon="4.22411"><ele>47</ele></trkpt>
   <trkpt lat="50.72754" lon="4.226064"><ele>44</ele></trkpt>
   <trkpt lat="50.727437" lon="4.226539"><ele>45.25</ele></trkpt>
   <trkpt lat="50.727344" lon="4.227016"><ele>45</ele></trkpt>
   <trkpt lat="50.727281" lon="4.227504"><ele>42.75</ele></trkpt>
   <trkpt lat="50.727231" lon="4.227998"><ele>42</ele></trkpt>
   <trkpt lat="50.727203" lon="4.22849"><ele>40</ele></trkpt>
   <trkpt lat="50.727201" lon="4.228991"><ele>40.25</ele></trkpt>
   <trkpt lat="50.727221" lon="4.229445"><ele>41.75</ele></trkpt>
   <trkpt lat="50.727263" lon="4.229938"><ele>41.25</ele></trkpt>
   <trkpt lat="50.727332" lon="4.230399"><ele>39</ele></trkpt>
   <trkpt lat="50.727429" lon="4.230873"><ele>38.25</ele></trkpt>
   <trkpt lat="50.727529" lon="4.231254"><ele>37.25</ele></trkpt>
   <trkpt lat="50.727683" lon="4.23175"><ele>34.5</ele></trkpt>
   <trkpt lat="50.727852" lon="4.232211"><ele>39</ele></trkpt>
   <trkpt lat="50.727957" lon="4.23249"><ele>39</ele></trkpt>
   <trkpt lat="50.728182" lon="4.232992"><ele>39</ele></trkpt>
   <trkpt lat="50.728569" lon="4.233758"><ele>39.25</ele></trkpt>
   <trkpt lat="50.728759" lon="4.234089"><ele>39.5</ele></trkpt>
   <trkpt lat="50.729002" lon="4.234474"><ele>39.75</ele></trkpt>
   <trkpt lat="50.729297" lon="4.234892"><ele>38.5</ele></trkpt>
   <trkpt lat="50.729845" lon="4.235592"><ele>37.5</ele></trkpt>
   <trkpt lat="50.730142" lon="4.235949"><ele>36.75</ele></trkpt>
   <trkpt lat="50.731775" lon="4.237948"><ele>35</ele></trkpt>
   <trkpt lat="50.732482" lon="4.238808"><ele>34.25</ele></trkpt>
   <trkpt lat="50.732762" lon="4.239143"><ele>34</ele></trkpt>
   <trkpt lat="50.733576" lon="4.240131"><ele>33.25</ele></trkpt>
   <trkpt lat="50.733593" lon="4.240152"><ele>33.25</ele></trkpt>
   <trkpt lat="50.733709" lon="4.240293"><ele>33</ele></trkpt>
   <trkpt lat="50.733831" lon="4.240441"><ele>33</ele></trkpt>
   <trkpt lat="50.733851" lon="4.240466"><ele>33</ele></trkpt>
   <trkpt lat="50.733933" lon="4.240565"><ele>33</ele></trkpt>
   <trkpt lat="50.734169" lon="4.240837"><ele>33</ele></trkpt>
   <trkpt lat="50.734301" lon="4.240987"><ele>33</ele></trkpt>
   <trkpt lat="50.734762" lon="4.24151"><ele>33</ele></trkpt>
   <trkpt lat="50.735094" lon="4.241877"><ele>33.75</ele></trkpt>
   <trkpt lat="50.735517" lon="4.242343"><ele>34</ele></trkpt>
   <trkpt lat="50.735851" lon="4.242711"><ele>35</ele></trkpt>
   <trkpt lat="50.736425" lon="4.243343"><ele>35</ele></trkpt>
   <trkpt lat="50.736741" lon="4.243667"><ele>35</ele></trkpt>
   <trkpt lat="50.737065" lon="4.243972"><ele>35.5</ele></trkpt>
   <trkpt lat="50.737544" lon="4.244404"><ele>36</ele></trkpt>
   <trkpt lat="50.737602" lon="4.244457"><ele>35.75</ele></trkpt>
   <trkpt lat="50.739217" lon="4.245913"><ele>35</ele></trkpt>
   <trkpt lat="50.739298" lon="4.245986"><ele>35</ele></trkpt>
   <trkpt lat="50.739825" lon="4.246459"><ele>35</ele></trkpt>
   <trkpt lat="50.740247" lon="4.246862"><ele>35</ele></trkpt>
   <trkpt lat="50.742752" lon="4.249419"><ele>34</ele></trkpt>
   <trkpt lat="50.743116" lon="4.249804"><ele>34</ele></trkpt>
   <trkpt lat="50.743699" lon="4.250442"><ele>34</ele></trkpt>
   <trkpt lat="50.744095" lon="4.250862"><ele>33.75</ele></trkpt>
   <trkpt lat="50.744259" lon="4.251029"><ele>34</ele></trkpt>
   <trkpt lat="50.744851" lon="4.251641"><ele>33.5</ele></trkpt>
   <trkpt lat="50.745598" lon="4.252381"><ele>33</ele></trkpt>
   <trkpt lat="50.746803" lon="4.253529"><ele>34.25</ele></trkpt>
   <trkpt lat="50.748501" lon="4.255253"><ele>35.5</ele></trkpt>
   <trkpt lat="50.748714" lon="4.255474"><ele>35</ele></trkpt>
   <trkpt lat="50.74901" lon="4.255808"><ele>35.25</ele></trkpt>
   <trkpt lat="50.74915" lon="4.25598"><ele>35</ele></trkpt>
   <trkpt lat="50.749284" lon="4.256162"><ele>34</ele></trkpt>
   <trkpt lat="50.749542" lon="4.256546"><ele>33.75</ele></trkpt>
   <trkpt lat="50.749668" lon="4.256755"><ele>32.25</ele></trkpt>
   <trkpt lat="50.749902" lon="4.25719"><ele>33.5</ele></trkpt>
   <trkpt lat="50.75001" lon="4.257412"><ele>36.75</ele></trkpt>
   <trkpt lat="50.750117" lon="4.257652"><ele>34.75</ele></trkpt>
   <trkpt lat="50.750212" lon="4.257883"><ele>35.75</ele></trkpt>
   <trkpt lat="50.750384" lon="4.258351"><ele>34</ele></trkpt>
   <trkpt lat="50.750426" lon="4.258482"><ele>34.5</ele></trkpt>
   <trkpt lat="50.750544" lon="4.258875"><ele>37.5</ele></trkpt>
   <trkpt lat="50.750673" lon="4.259389"><ele>32.75</ele></trkpt>
   <trkpt lat="50.750791" lon="4.259976"><ele>36.25</ele></trkpt>
   <trkpt lat="50.750845" lon="4.260298"><ele>33.75</ele></trkpt>
   <trkpt lat="50.750878" lon="4.260508"><ele>33</ele></trkpt>
   <trkpt lat="50.751599" lon="4.265342"><ele>36.25</ele></trkpt>
   <trkpt lat="50.751824" lon="4.266846"><ele>32.5</ele></trkpt>
   <trkpt lat="50.751933" lon="4.267544"><ele>36.75</ele></trkpt>
   <trkpt lat="50.752042" lon="4.26816"><ele>34.75</ele></trkpt>
   <trkpt lat="50.752177" lon="4.268825"><ele>38</ele></trkpt>
   <trkpt lat="50.752327" lon="4.269479"><ele>34.25</ele></trkpt>
   <trkpt lat="50.752495" lon="4.270127"><ele>39.25</ele></trkpt>
   <trkpt lat="50.752682" lon="4.270761"><ele>36.25</ele></trkpt>
   <trkpt lat="50.752868" lon="4.271336"><ele>36.5</ele></trkpt>
   <trkpt lat="50.75308" lon="4.271936"><ele>40</ele></trkpt>
   <trkpt lat="50.753558" lon="4.273243"><ele>39</ele></trkpt>
   <trkpt lat="50.753989" lon="4.274418"><ele>36</ele></trkpt>
   <trkpt lat="50.754628" lon="4.27617"><ele>39.75</ele></trkpt>
   <trkpt lat="50.754869" lon="4.276842"><ele>39.5</ele></trkpt>
   <trkpt lat="50.754967" lon="4.277135"><ele>42.75</ele></trkpt>
   <trkpt lat="50.755155" lon="4.277736"><ele>41</ele></trkpt>
   <trkpt lat="50.75533" lon="4.278349"><ele>42</ele></trkpt>
   <trkpt lat="50.755491" lon="4.278977"><ele>43.5</ele></trkpt>
   <trkpt lat="50.75564" lon="4.27964"><ele>42.5</ele></trkpt>
   <trkpt lat="50.755708" lon="4.279977"><ele>42.75</ele></trkpt>
   <trkpt lat="50.755829" lon="4.280642"><ele>45.5</ele></trkpt>
   <trkpt lat="50.755938" lon="4.281334"><ele>42.75</ele></trkpt>
   <trkpt lat="50.756104" lon="4.282557"><ele>45</ele></trkpt>
   <trkpt lat="50.756136" lon="4.282791"><ele>44.75</ele></trkpt>
   <trkpt lat="50.756335" lon="4.28426"><ele>48</ele></trkpt>
   <trkpt lat="50.756439" lon="4.284945"><ele>49.5</ele></trkpt>
   <trkpt lat="50.75654" lon="4.285518"><ele>52.75</ele></trkpt>
   <trkpt lat="50.75667" lon="4.286156"><ele>48.25</ele></trkpt>
   <trkpt lat="50.756794" lon="4.286694"><ele>53.5</ele></trkpt>
   <trkpt lat="50.756915" lon="4.287171"><ele>50</ele></trkpt>
   <trkpt lat="50.757156" lon="4.288001"><ele>53</ele></trkpt>
   <trkpt lat="50.757313" lon="4.288504"><ele>52.25</ele></trkpt>
   <trkpt lat="50.757527" lon="4.289112"><ele>50.5</ele></trkpt>
   <trkpt lat="50.757754" lon="4.289712"><ele>50</ele></trkpt>
   <trkpt lat="50.757997" lon="4.29029"><ele>52.5</ele></trkpt>
   <trkpt lat="50.758257" lon="4.290856"><ele>52.5</ele></trkpt>
   <trkpt lat="50.758521" lon="4.291389"><ele>52.75</ele></trkpt>
   <trkpt lat="50.758814" lon="4.291925"><ele>52.25</ele></trkpt>
   <trkpt lat="50.759112" lon="4.292433"><ele>51.25</ele></trkpt>
   <trkpt lat="50.759421" lon="4.292921"><ele>50.25</ele></trkpt>
   <trkpt lat="50.759764" lon="4.293418"><ele>50.75</ele></trkpt>
   <trkpt lat="50.760093" lon="4.293867"><ele>51.5</ele></trkpt>
   <trkpt lat="50.762024" lon="4.296394"><ele>49</ele></trkpt>
   <trkpt lat="50.762466" lon="4.296988"><ele>47</ele></trkpt>
   <trkpt lat="50.762546" lon="4.297104"><ele>46.75</ele></trkpt>
   <trkpt lat="50.762757" lon="4.297406"><ele>49.75</ele></trkpt>
   <trkpt lat="50.763133" lon="4.297979"><ele>48.5</ele></trkpt>
   <trkpt lat="50.763857" lon="4.299112"><ele>50.25</ele></trkpt>
   <trkpt lat="50.764217" lon="4.29966"><ele>49.75</ele></trkpt>
   <trkpt lat="50.764598" lon="4.300203"><ele>49.5</ele></trkpt>
   <trkpt lat="50.764993" lon="4.300712"><ele>51.25</ele></trkpt>
   <trkpt lat="50.765823" lon="4.301702"><ele>49.5</ele></trkpt>
   <trkpt lat="50.765913" lon="4.301809"><ele>49</ele></trkpt>
   <trkpt lat="50.766953" lon="4.303036"><ele>56</ele></trkpt>
   <trkpt lat="50.768166" lon="4.304472"><ele>56.5</ele></trkpt>
   <trkpt lat="50.768563" lon="4.304961"><ele>56.75</ele></trkpt>
   <trkpt lat="50.768947" lon="4.305474"><ele>54.75</ele></trkpt>
   <trkpt lat="50.769063" lon="4.305642"><ele>53.75</ele></trkpt>
   <trkpt lat="50.769124" lon="4.305731"><ele>54.75</ele></trkpt>
   <trkpt lat="50.769265" lon="4.305937"><ele>53.75</ele></trkpt>
   <trkpt lat="50.76959" lon="4.306452"><ele>55</ele></trkpt>
   <trkpt lat="50.769907" lon="4.307"><ele>56.75</ele></trkpt>
   <trkpt lat="50.770083" lon="4.307327"><ele>56.25</ele></trkpt>
   <trkpt lat="50.770121" lon="4.307399"><ele>55.75</ele></trkpt>
   <trkpt lat="50.770221" lon="4.307594"><ele>56.25</ele></trkpt>
   <trkpt lat="50.7705" lon="4.308175"><ele>58.75</ele></trkpt>
   <trkpt lat="50.770777" lon="4.308806"><ele>60.75</ele></trkpt>
   <trkpt lat="50.77102" lon="4.309418"><ele>62.25</ele></trkpt>
   <trkpt lat="50.77126" lon="4.310084"><ele>64</ele></trkpt>
   <trkpt lat="50.771714" lon="4.311481"><ele>62.25</ele></trkpt>
   <trkpt lat="50.773566" lon="4.317285"><ele>62.5</ele></trkpt>
   <trkpt lat="50.774447" lon="4.320073"><ele>62.5</ele></trkpt>
   <trkpt lat="50.775518" lon="4.323678"><ele>63.5</ele></trkpt>
   <trkpt lat="50.775738" lon="4.324389"><ele>63.5</ele></trkpt>
   <trkpt lat="50.775974" lon="4.325107"><ele>61.75</ele></trkpt>
   <trkpt lat="50.776251" lon="4.325874"><ele>59.25</ele></trkpt>
   <trkpt lat="50.776317" lon="4.32605"><ele>61</ele></trkpt>
   <trkpt lat="50.776737" lon="4.327091"><ele>59.75</ele></trkpt>
   <trkpt lat="50.77825" lon="4.330649"><ele>58.25</ele></trkpt>
   <trkpt lat="50.778274" lon="4.330705"><ele>59.25</ele></trkpt>
   <trkpt lat="50.77946" lon="4.333499"><ele>64</ele></trkpt>
   <trkpt lat="50.780162" lon="4.335151"><ele>68.5</ele></trkpt>
   <trkpt lat="50.780416" lon="4.335737"><ele>69.5</ele></trkpt>
   <trkpt lat="50.780676" lon="4.336297"><ele>69.5</ele></trkpt>
   <trkpt lat="50.78096" lon="4.336846"><ele>68</ele></trkpt>
   <trkpt lat="50.781104" lon="4.337104"><ele>67</ele></trkpt>
   <trkpt lat="50.781256" lon="4.337368"><ele>68</ele></trkpt>
   <trkpt lat="50.781415" lon="4.337624"><ele>67</ele></trkpt>
   <trkpt lat="50.781874" lon="4.338314"><ele>66.5</ele></trkpt>
   <trkpt lat="50.782247" lon="4.33885"><ele>67</ele></trkpt>
   <trkpt lat="50.782628" lon="4.339385"><ele>66.5</ele></trkpt>
   <trkpt lat="50.782838" lon="4.339668"><ele>66.5</ele></trkpt>
   <trkpt lat="50.782896" lon="4.339744"><ele>66.75</ele></trkpt>
   <trkpt lat="50.78395" lon="4.341116"><ele>68.75</ele></trkpt>
   <trkpt lat="50.784401" lon="4.341696"><ele>69.25</ele></trkpt>
   <trkpt lat="50.784687" lon="4.342079"><ele>68.5</ele></trkpt>
   <trkpt lat="50.784995" lon="4.342499"><ele>68.75</ele></trkpt>
   <trkpt lat="50.785282" lon="4.342906"><ele>67</ele></trkpt>
   <trkpt lat="50.785935" lon="4.343842"><ele>67.25</ele></trkpt>
   <trkpt lat="50.787078" lon="4.345474"><ele>73</ele></trkpt>
   <trkpt lat="50.787427" lon="4.345903"><ele>72.75</ele></trkpt>
   <trkpt lat="50.788037" lon="4.346791"><ele>72.25</ele></trkpt>
   <trkpt lat="50.78858" lon="4.347622"><ele>72.75</ele></trkpt>
   <trkpt lat="50.788886" lon="4.348128"><ele>72.25</ele></trkpt>
   <trkpt lat="50.789182" lon="4.348649"><ele>72.75</ele></trkpt>
   <trkpt lat="50.78947" lon="4.349182"><ele>72.75</ele></trkpt>
   <trkpt lat="50.789743" lon="4.349724"><ele>72.5</ele></trkpt>
   <trkpt lat="50.790008" lon="4.350281"><ele>71</ele></trkpt>
   <trkpt lat="50.790259" lon="4.350845"><ele>71.5</ele></trkpt>
   <trkpt lat="50.790532" lon="4.351508"><ele>70</ele></trkpt>
   <trkpt lat="50.790788" lon="4.352174"><ele>68.25</ele></trkpt>
   <trkpt lat="50.791182" lon="4.353295"><ele>67</ele></trkpt>
   <trkpt lat="50.791226" lon="4.353429"><ele>66</ele></trkpt>
   <trkpt lat="50.791792" lon="4.355073"><ele>62.5</ele></trkpt>
   <trkpt lat="50.792029" lon="4.355771"><ele>62</ele></trkpt>
   <trkpt lat="50.793875" lon="4.361164"><ele>71.75</ele></trkpt>
   <trkpt lat="50.794683" lon="4.363529"><ele>73.25</ele></trkpt>
   <trkpt lat="50.79487" lon="4.364098"><ele>74.25</ele></trkpt>
   <trkpt lat="50.795053" lon="4.364688"><ele>72.75</ele></trkpt>
   <trkpt lat="50.795212" lon="4.365277"><ele>73.75</ele></trkpt>
   <trkpt lat="50.795353" lon="4.365898"><ele>74</ele></trkpt>
   <trkpt lat="50.795463" lon="4.366507"><ele>73.25</ele></trkpt>
   <trkpt lat="50.795555" lon="4.367151"><ele>72.75</ele></trkpt>
   <trkpt lat="50.795637" lon="4.367921"><ele>74</ele></trkpt>
   <trkpt lat="50.795993" lon="4.372006"><ele>78.5</ele></trkpt>
   <trkpt lat="50.796294" lon="4.3755"><ele>79.25</ele></trkpt>
   <trkpt lat="50.797129" lon="4.385127"><ele>81.25</ele></trkpt>
   <trkpt lat="50.797217" lon="4.385873"><ele>81.5</ele></trkpt>
   <trkpt lat="50.797269" lon="4.386225"><ele>81.5</ele></trkpt>
   <trkpt lat="50.797399" lon="4.386966"><ele>81.75</ele></trkpt>
   <trkpt lat="50.79754" lon="4.387618"><ele>81.75</ele></trkpt>
   <trkpt lat="50.797637" lon="4.387968"><ele>81.75</ele></trkpt>
   <trkpt lat="50.797734" lon="4.388288"><ele>82</ele></trkpt>
   <trkpt lat="50.797845" lon="4.388617"><ele>82</ele></trkpt>
   <trkpt lat="50.797958" lon="4.388907"><ele>82</ele></trkpt>
   <trkpt lat="50.798347" lon="4.389763"><ele>82.25</ele></trkpt>
   <trkpt lat="50.79846" lon="4.389984"><ele>82.25</ele></trkpt>
   <trkpt lat="50.798646" lon="4.390329"><ele>82.5</ele></trkpt>
   <trkpt lat="50.79886" lon="4.390691"><ele>83.25</ele></trkpt>
   <trkpt lat="50.798997" lon="4.390904"><ele>84.5</ele></trkpt>
   <trkpt lat="50.799132" lon="4.391108"><ele>82.5</ele></trkpt>
   <trkpt lat="50.799307" lon="4.391347"><ele>84.25</ele></trkpt>
   <trkpt lat="50.799497" lon="4.391591"><ele>86.25</ele></trkpt>
   <trkpt lat="50.799804" lon="4.391947"><ele>87.25</ele></trkpt>
   <trkpt lat="50.799988" lon="4.392139"><ele>84</ele></trkpt>
   <trkpt lat="50.800164" lon="4.392307"><ele>82.5</ele></trkpt>
   <trkpt lat="50.800374" lon="4.392492"><ele>82.25</ele></trkpt>
   <trkpt lat="50.800479" lon="4.392582"><ele>82.5</ele></trkpt>
   <trkpt lat="50.800796" lon="4.392823"><ele>82</ele></trkpt>
   <trkpt lat="50.801168" lon="4.393072"><ele>83.25</ele></trkpt>
   <trkpt lat="50.802141" lon="4.39368"><ele>84</ele></trkpt>
   <trkpt lat="50.807371" lon="4.396934"><ele>86.25</ele></trkpt>
   <trkpt lat="50.808446" lon="4.397604"><ele>85.5</ele></trkpt>
   <trkpt lat="50.809592" lon="4.398315"><ele>83.75</ele></trkpt>
   <trkpt lat="50.809714" lon="4.398392"><ele>81</ele></trkpt>
   <trkpt lat="50.809857" lon="4.398482"><ele>80</ele></trkpt>
   <trkpt lat="50.809989" lon="4.398561"><ele>81</ele></trkpt>
   <trkpt lat="50.810213" lon="4.398699"><ele>83</ele></trkpt>
   <trkpt lat="50.810328" lon="4.398771"><ele>84</ele></trkpt>
   <trkpt lat="50.810737" lon="4.399026"><ele>84</ele></trkpt>
   <trkpt lat="50.810889" lon="4.399094"><ele>84.5</ele></trkpt>
   <trkpt lat="50.81124" lon="4.399237"><ele>86</ele></trkpt>
   <trkpt lat="50.811367" lon="4.399274"><ele>86.5</ele></trkpt>
   <trkpt lat="50.811642" lon="4.399333"><ele>86.5</ele></trkpt>
   <trkpt lat="50.811954" lon="4.39936"><ele>87.25</ele></trkpt>
   <trkpt lat="50.812187" lon="4.399353"><ele>87.5</ele></trkpt>
   <trkpt lat="50.812466" lon="4.399311"><ele>87</ele></trkpt>
   <trkpt lat="50.812738" lon="4.399239"><ele>86</ele></trkpt>
   <trkpt lat="50.812878" lon="4.399189"><ele>86.5</ele></trkpt>
   <trkpt lat="50.813035" lon="4.399121"><ele>86.25</ele></trkpt>
   <trkpt lat="50.813286" lon="4.398989"><ele>85.75</ele></trkpt>
   <trkpt lat="50.81345" lon="4.398885"><ele>85.5</ele></trkpt>
   <trkpt lat="50.813617" lon="4.398764"><ele>85.25</ele></trkpt>
   <trkpt lat="50.813781" lon="4.398628"><ele>85</ele></trkpt>
   <trkpt lat="50.814434" lon="4.398012"><ele>84</ele></trkpt>
   <trkpt lat="50.815275" lon="4.397207"><ele>84</ele></trkpt>
   <trkpt lat="50.816397" lon="4.396134"><ele>83</ele></trkpt>
   <trkpt lat="50.816594" lon="4.395938"><ele>83.5</ele></trkpt>
   <trkpt lat="50.81679" lon="4.395723"><ele>84.5</ele></trkpt>
   <trkpt lat="50.816405" lon="4.396169"><ele>83.25</ele></trkpt>
   <trkpt lat="50.815662" lon="4.397068"><ele>83.25</ele></trkpt>
   <trkpt lat="50.815386" lon="4.397383"><ele>83.75</ele></trkpt>
   <trkpt lat="50.81512" lon="4.397651"><ele>84</ele></trkpt>
   <trkpt lat="50.814842" lon="4.397896"><ele>83.5</ele></trkpt>
   <trkpt lat="50.814703" lon="4.398006"><ele>83</ele></trkpt>
   <trkpt lat="50.814415" lon="4.398209"><ele>83.25</ele></trkpt>
   <trkpt lat="50.81427" lon="4.398299"><ele>82</ele></trkpt>
   <trkpt lat="50.814124" lon="4.398385"><ele>81.75</ele></trkpt>
   <trkpt lat="50.813812" lon="4.398537"><ele>83</ele></trkpt>
   <trkpt lat="50.813656" lon="4.398604"><ele>81.25</ele></trkpt>
   <trkpt lat="50.813335" lon="4.398712"><ele>84.25</ele></trkpt>
   <trkpt lat="50.813171" lon="4.398757"><ele>83.75</ele></trkpt>
   <trkpt lat="50.812871" lon="4.398817"><ele>83</ele></trkpt>
   <trkpt lat="50.812388" lon="4.398915"><ele>83</ele></trkpt>
   <trkpt lat="50.812031" lon="4.399005"><ele>83.75</ele></trkpt>
   <trkpt lat="50.811693" lon="4.399102"><ele>82.75</ele></trkpt>
   <trkpt lat="50.811141" lon="4.399295"><ele>85</ele></trkpt>
   <trkpt lat="50.81085" lon="4.399408"><ele>82.25</ele></trkpt>
   <trkpt lat="50.810401" lon="4.399565"><ele>78</ele></trkpt>
   <trkpt lat="50.810194" lon="4.399627"><ele>78.5</ele></trkpt>
   <trkpt lat="50.809746" lon="4.399784"><ele>82.25</ele></trkpt>
   <trkpt lat="50.809258" lon="4.399973"><ele>82.25</ele></trkpt>
   <trkpt lat="50.808391" lon="4.400289"><ele>81.75</ele></trkpt>
   <trkpt lat="50.806737" lon="4.400841"><ele>80.5</ele></trkpt>
   <trkpt lat="50.805872" lon="4.401163"><ele>79.75</ele></trkpt>
   <trkpt lat="50.804986" lon="4.401529"><ele>80.25</ele></trkpt>
   <trkpt lat="50.80334" lon="4.402252"><ele>83.5</ele></trkpt>
   <trkpt lat="50.80247" lon="4.402611"><ele>84.5</ele></trkpt>
   <trkpt lat="50.80102" lon="4.403185"><ele>86</ele></trkpt>
   <trkpt lat="50.80062" lon="4.403359"><ele>87.25</ele></trkpt>
   <trkpt lat="50.800212" lon="4.403554"><ele>87.75</ele></trkpt>
   <trkpt lat="50.799782" lon="4.403786"><ele>88.5</ele></trkpt>
   <trkpt lat="50.799311" lon="4.404071"><ele>89.25</ele></trkpt>
   <trkpt lat="50.798841" lon="4.404386"><ele>90</ele></trkpt>
   <trkpt lat="50.798302" lon="4.404789"><ele>90.75</ele></trkpt>
   <trkpt lat="50.797887" lon="4.405132"><ele>91.5</ele></trkpt>
   <trkpt lat="50.796838" lon="4.406086"><ele>93.25</ele></trkpt>
   <trkpt lat="50.796597" lon="4.406321"><ele>93.75</ele></trkpt>
   <trkpt lat="50.795061" lon="4.407827"><ele>96.5</ele></trkpt>
   <trkpt lat="50.794986" lon="4.4079"><ele>96.5</ele></trkpt>
   <trkpt lat="50.794885" lon="4.407999"><ele>96</ele></trkpt>
   <trkpt lat="50.79374" lon="4.40911"><ele>92.5</ele></trkpt>
   <trkpt lat="50.792788" lon="4.409968"><ele>89.75</ele></trkpt>
   <trkpt lat="50.792214" lon="4.410491"><ele>89.75</ele></trkpt>
   <trkpt lat="50.791774" lon="4.41091"><ele>88.75</ele></trkpt>
   <trkpt lat="50.787568" lon="4.414996"><ele>93.5</ele></trkpt>
   <trkpt lat="50.785824" lon="4.416687"><ele>95.25</ele></trkpt>
   <trkpt lat="50.785454" lon="4.41706"><ele>97</ele></trkpt>
   <trkpt lat="50.785086" lon="4.417446"><ele>96.75</ele></trkpt>
   <trkpt lat="50.784726" lon="4.417847"><ele>96.75</ele></trkpt>
   <trkpt lat="50.784377" lon="4.418257"><ele>96.75</ele></trkpt>
   <trkpt lat="50.784029" lon="4.418689"><ele>98</ele></trkpt>
   <trkpt lat="50.783741" lon="4.419064"><ele>99.25</ele></trkpt>
   <trkpt lat="50.783407" lon="4.419521"><ele>99.75</ele></trkpt>
   <trkpt lat="50.783079" lon="4.419991"><ele>100.25</ele></trkpt>
   <trkpt lat="50.782765" lon="4.420469"><ele>100.75</ele></trkpt>
   <trkpt lat="50.782457" lon="4.420957"><ele>100.75</ele></trkpt>
   <trkpt lat="50.78009" lon="4.424802"><ele>106</ele></trkpt>
   <trkpt lat="50.779776" lon="4.42531"><ele>105.25</ele></trkpt>
   <trkpt lat="50.777003" lon="4.429812"><ele>104.5</ele></trkpt>
   <trkpt lat="50.77203" lon="4.437881"><ele>105.5</ele></trkpt>
   <trkpt lat="50.769232" lon="4.442335"><ele>99.5</ele></trkpt>
   <trkpt lat="50.768932" lon="4.442825"><ele>99.25</ele></trkpt>
   <trkpt lat="50.768619" lon="4.443361"><ele>94.75</ele></trkpt>
   <trkpt lat="50.768316" lon="4.443903"><ele>95</ele></trkpt>
   <trkpt lat="50.768017" lon="4.444474"><ele>98.75</ele></trkpt>
   <trkpt lat="50.767672" lon="4.445184"><ele>99</ele></trkpt>
   <trkpt lat="50.767493" lon="4.44558"><ele>98.75</ele></trkpt>
   <trkpt lat="50.767261" lon="4.44612"><ele>98.75</ele></trkpt>
   <trkpt lat="50.767005" lon="4.446761"><ele>98</ele></trkpt>
   <trkpt lat="50.766854" lon="4.447161"><ele>98</ele></trkpt>
   <trkpt lat="50.766543" lon="4.448052"><ele>98</ele></trkpt>
   <trkpt lat="50.765989" lon="4.449725"><ele>94.75</ele></trkpt>
   <trkpt lat="50.765528" lon="4.451148"><ele>96.25</ele></trkpt>
   <trkpt lat="50.764897" lon="4.453139"><ele>93.75</ele></trkpt>
   <trkpt lat="50.764514" lon="4.454312"><ele>96.5</ele></trkpt>
   <trkpt lat="50.761705" lon="4.462824"><ele>103</ele></trkpt>
   <trkpt lat="50.761447" lon="4.463605"><ele>103.5</ele></trkpt>
   <trkpt lat="50.760427" lon="4.466695"><ele>99.5</ele></trkpt>
   <trkpt lat="50.759725" lon="4.468822"><ele>101</ele></trkpt>
   <trkpt lat="50.758884" lon="4.471363"><ele>101.75</ele></trkpt>
   <trkpt lat="50.758639" lon="4.472077"><ele>101.5</ele></trkpt>
   <trkpt lat="50.758438" lon="4.472629"><ele>101</ele></trkpt>
   <trkpt lat="50.758187" lon="4.473266"><ele>101.75</ele></trkpt>
   <trkpt lat="50.757936" lon="4.473845"><ele>105.5</ele></trkpt>
   <trkpt lat="50.757676" lon="4.474387"><ele>105</ele></trkpt>
   <trkpt lat="50.757404" lon="4.474909"><ele>104.5</ele></trkpt>
   <trkpt lat="50.75712" lon="4.475415"><ele>104.25</ele></trkpt>
   <trkpt lat="50.75682" lon="4.475905"><ele>104.5</ele></trkpt>
   <trkpt lat="50.756504" lon="4.476381"><ele>103.25</ele></trkpt>
   <trkpt lat="50.75618" lon="4.476831"><ele>102.25</ele></trkpt>
   <trkpt lat="50.755845" lon="4.477259"><ele>98.5</ele></trkpt>
   <trkpt lat="50.755502" lon="4.477672"><ele>99.25</ele></trkpt>
   <trkpt lat="50.755152" lon="4.478072"><ele>101</ele></trkpt>
   <trkpt lat="50.753601" lon="4.47982"><ele>94</ele></trkpt>
   <trkpt lat="50.752741" lon="4.480846"><ele>94</ele></trkpt>
   <trkpt lat="50.752403" lon="4.481227"><ele>91.75</ele></trkpt>
   <trkpt lat="50.749947" lon="4.483985"><ele>89.75</ele></trkpt>
   <trkpt lat="50.74946" lon="4.484532"><ele>88.5</ele></trkpt>
   <trkpt lat="50.749183" lon="4.484828"><ele>88.25</ele></trkpt>
   <trkpt lat="50.748866" lon="4.485144"><ele>87.75</ele></trkpt>
   <trkpt lat="50.748522" lon="4.485515"><ele>86.75</ele></trkpt>
   <trkpt lat="50.742098" lon="4.492716"><ele>83.5</ele></trkpt>
   <trkpt lat="50.741293" lon="4.493674"><ele>80.5</ele></trkpt>
   <trkpt lat="50.740723" lon="4.494336"><ele>78.5</ele></trkpt>
   <trkpt lat="50.739354" lon="4.49595"><ele>76.5</ele></trkpt>
   <trkpt lat="50.738316" lon="4.497144"><ele>78.75</ele></trkpt>
   <trkpt lat="50.737674" lon="4.49786"><ele>79</ele></trkpt>
   <trkpt lat="50.73698" lon="4.498723"><ele>79.25</ele></trkpt>
   <trkpt lat="50.736506" lon="4.499262"><ele>82</ele></trkpt>
   <trkpt lat="50.736125" lon="4.499785"><ele>78.5</ele></trkpt>
   <trkpt lat="50.735362" lon="4.500859"><ele>78.25</ele></trkpt>
   <trkpt lat="50.727646" lon="4.512053"><ele>71.5</ele></trkpt>
   <trkpt lat="50.726557" lon="4.51363"><ele>70.5</ele></trkpt>
   <trkpt lat="50.72647" lon="4.513757"><ele>70.5</ele></trkpt>
   <trkpt lat="50.725527" lon="4.515122"><ele>70.5</ele></trkpt>
   <trkpt lat="50.725081" lon="4.515767"><ele>73.5</ele></trkpt>
   <trkpt lat="50.724292" lon="4.516893"><ele>70.5</ele></trkpt>
   <trkpt lat="50.724066" lon="4.517241"><ele>66</ele></trkpt>
   <trkpt lat="50.721073" lon="4.521579"><ele>72.5</ele></trkpt>
   <trkpt lat="50.720349" lon="4.522558"><ele>73.75</ele></trkpt>
   <trkpt lat="50.719682" lon="4.523401"><ele>76.25</ele></trkpt>
   <trkpt lat="50.719322" lon="4.523835"><ele>75</ele></trkpt>
   <trkpt lat="50.717247" lon="4.52631"><ele>77.5</ele></trkpt>
   <trkpt lat="50.717143" lon="4.526439"><ele>77.5</ele></trkpt>
   <trkpt lat="50.716352" lon="4.527379"><ele>78</ele></trkpt>
   <trkpt lat="50.715043" lon="4.528911"><ele>82.5</ele></trkpt>
   <trkpt lat="50.714369" lon="4.529719"><ele>84.5</ele></trkpt>
   <trkpt lat="50.713616" lon="4.530638"><ele>86.75</ele></trkpt>
   <trkpt lat="50.712991" lon="4.531385"><ele>88.5</ele></trkpt>
   <trkpt lat="50.712881" lon="4.531517"><ele>89</ele></trkpt>
   <trkpt lat="50.70923" lon="4.535868"><ele>89</ele></trkpt>
   <trkpt lat="50.705234" lon="4.540628"><ele>96</ele></trkpt>
   <trkpt lat="50.704821" lon="4.541111"><ele>96.75</ele></trkpt>
   <trkpt lat="50.704436" lon="4.541541"><ele>99</ele></trkpt>
   <trkpt lat="50.703822" lon="4.542178"><ele>99</ele></trkpt>
   <trkpt lat="50.703316" lon="4.542661"><ele>98.5</ele></trkpt>
   <trkpt lat="50.702935" lon="4.543001"><ele>98.25</ele></trkpt>
   <trkpt lat="50.702558" lon="4.54332"><ele>98.25</ele></trkpt>
   <trkpt lat="50.702156" lon="4.543639"><ele>97</ele></trkpt>
   <trkpt lat="50.701694" lon="4.543984"><ele>95.25</ele></trkpt>
   <trkpt lat="50.699187" lon="4.545729"><ele>88.75</ele></trkpt>
   <trkpt lat="50.698428" lon="4.546273"><ele>86.5</ele></trkpt>
   <trkpt lat="50.69761" lon="4.546826"><ele>84</ele></trkpt>
   <trkpt lat="50.696854" lon="4.54735"><ele>82.5</ele></trkpt>
   <trkpt lat="50.693578" lon="4.549626"><ele>81.25</ele></trkpt>
   <trkpt lat="50.693162" lon="4.549925"><ele>80.75</ele></trkpt>
   <trkpt lat="50.692783" lon="4.550216"><ele>80.75</ele></trkpt>
   <trkpt lat="50.692376" lon="4.550556"><ele>81.25</ele></trkpt>
   <trkpt lat="50.692013" lon="4.550879"><ele>80.5</ele></trkpt>
   <trkpt lat="50.691626" lon="4.551253"><ele>79.5</ele></trkpt>
   <trkpt lat="50.691259" lon="4.551628"><ele>78.75</ele></trkpt>
   <trkpt lat="50.689834" lon="4.553135"><ele>77.25</ele></trkpt>
   <trkpt lat="50.688441" lon="4.554607"><ele>79</ele></trkpt>
   <trkpt lat="50.686945" lon="4.556188"><ele>85.5</ele></trkpt>
   <trkpt lat="50.684969" lon="4.558275"><ele>84.75</ele></trkpt>
   <trkpt lat="50.684509" lon="4.558763"><ele>78</ele></trkpt>
   <trkpt lat="50.683583" lon="4.559744"><ele>73.5</ele></trkpt>
   <trkpt lat="50.682541" lon="4.560845"><ele>65</ele></trkpt>
   <trkpt lat="50.68184" lon="4.561591"><ele>69</ele></trkpt>
   <trkpt lat="50.681659" lon="4.561793"><ele>69.75</ele></trkpt>
   <trkpt lat="50.681433" lon="4.562071"><ele>69.75</ele></trkpt>
   <trkpt lat="50.681244" lon="4.562285"><ele>69.25</ele></trkpt>
   <trkpt lat="50.680986" lon="4.562557"><ele>69</ele></trkpt>
   <trkpt lat="50.679766" lon="4.563846"><ele>69</ele></trkpt>
   <trkpt lat="50.679307" lon="4.564309"><ele>68</ele></trkpt>
   <trkpt lat="50.67866" lon="4.56493"><ele>67.75</ele></trkpt>
   <trkpt lat="50.678075" lon="4.565465"><ele>67</ele></trkpt>
   <trkpt lat="50.677125" lon="4.566302"><ele>67</ele></trkpt>
   <trkpt lat="50.676856" lon="4.566541"><ele>67</ele></trkpt>
   <trkpt lat="50.675948" lon="4.567339"><ele>67</ele></trkpt>
   <trkpt lat="50.675569" lon="4.567661"><ele>67</ele></trkpt>
   <trkpt lat="50.675174" lon="4.567973"><ele>67</ele></trkpt>
   <trkpt lat="50.674782" lon="4.568253"><ele>67</ele></trkpt>
   <trkpt lat="50.674341" lon="4.568538"><ele>67</ele></trkpt>
   <trkpt lat="50.674029" lon="4.568715"><ele>67</ele></trkpt>
   <trkpt lat="50.673608" lon="4.568928"><ele>67</ele></trkpt>
   <trkpt lat="50.672985" lon="4.569205"><ele>67</ele></trkpt>
   <trkpt lat="50.67236" lon="4.569468"><ele>66.75</ele></trkpt>
   <trkpt lat="50.671976" lon="4.569606"><ele>66.75</ele></trkpt>
   <trkpt lat="50.671643" lon="4.569719"><ele>66.75</ele></trkpt>
   <trkpt lat="50.670463" lon="4.570111"><ele>61</ele></trkpt>
   <trkpt lat="50.668918" lon="4.570631"><ele>58.5</ele></trkpt>
   <trkpt lat="50.668379" lon="4.570828"><ele>58</ele></trkpt>
   <trkpt lat="50.668142" lon="4.57093"><ele>58.5</ele></trkpt>
   <trkpt lat="50.667518" lon="4.57124"><ele>57.5</ele></trkpt>
   <trkpt lat="50.667282" lon="4.571337"><ele>59.25</ele></trkpt>
   <trkpt lat="50.665295" lon="4.572076"><ele>61.75</ele></trkpt>
   <trkpt lat="50.665069" lon="4.572159"><ele>64.5</ele></trkpt>
   <trkpt lat="50.664367" lon="4.572457"><ele>66</ele></trkpt>
   <trkpt lat="50.663979" lon="4.572648"><ele>65.25</ele></trkpt>
   <trkpt lat="50.663398" lon="4.572974"><ele>65</ele></trkpt>
   <trkpt lat="50.662731" lon="4.573399"><ele>66</ele></trkpt>
   <trkpt lat="50.662243" lon="4.573735"><ele>66</ele></trkpt>
   <trkpt lat="50.661644" lon="4.574178"><ele>74</ele></trkpt>
   <trkpt lat="50.661164" lon="4.574554"><ele>81.5</ele></trkpt>
   <trkpt lat="50.659487" lon="4.576131"><ele>81.5</ele></trkpt>
   <trkpt lat="50.659174" lon="4.576455"><ele>79</ele></trkpt>
   <trkpt lat="50.658903" lon="4.57675"><ele>77.75</ele></trkpt>
   <trkpt lat="50.65837" lon="4.57737"><ele>77.5</ele></trkpt>
   <trkpt lat="50.658111" lon="4.577691"><ele>77.75</ele></trkpt>
   <trkpt lat="50.657833" lon="4.578058"><ele>79.5</ele></trkpt>
   <trkpt lat="50.657622" lon="4.578354"><ele>78.25</ele></trkpt>
   <trkpt lat="50.657437" lon="4.578625"><ele>79.5</ele></trkpt>
   <trkpt lat="50.657178" lon="4.579024"><ele>75.75</ele></trkpt>
   <trkpt lat="50.657091" lon="4.579162"><ele>73.75</ele></trkpt>
   <trkpt lat="50.656921" lon="4.579444"><ele>83.75</ele></trkpt>
   <trkpt lat="50.656576" lon="4.580044"><ele>84.25</ele></trkpt>
   <trkpt lat="50.65618" lon="4.580754"><ele>84.25</ele></trkpt>
   <trkpt lat="50.654273" lon="4.584176"><ele>92.25</ele></trkpt>
   <trkpt lat="50.652752" lon="4.586925"><ele>95</ele></trkpt>
   <trkpt lat="50.652485" lon="4.587458"><ele>96</ele></trkpt>
   <trkpt lat="50.652374" lon="4.587701"><ele>96</ele></trkpt>
   <trkpt lat="50.652113" lon="4.588327"><ele>96</ele></trkpt>
   <trkpt lat="50.651891" lon="4.588922"><ele>97.75</ele></trkpt>
   <trkpt lat="50.65168" lon="4.589548"><ele>100.75</ele></trkpt>
   <trkpt lat="50.651498" lon="4.59015"><ele>105.25</ele></trkpt>
   <trkpt lat="50.651323" lon="4.590792"><ele>105.5</ele></trkpt>
   <trkpt lat="50.651148" lon="4.591524"><ele>106.25</ele></trkpt>
   <trkpt lat="50.650992" lon="4.592283"><ele>108.5</ele></trkpt>
   <trkpt lat="50.650875" lon="4.592952"><ele>107.25</ele></trkpt>
   <trkpt lat="50.650763" lon="4.593725"><ele>109.25</ele></trkpt>
   <trkpt lat="50.650675" lon="4.594506"><ele>111.75</ele></trkpt>
   <trkpt lat="50.650615" lon="4.595301"><ele>112.25</ele></trkpt>
   <trkpt lat="50.65058" lon="4.596096"><ele>113</ele></trkpt>
   <trkpt lat="50.650571" lon="4.596525"><ele>111</ele></trkpt>
   <trkpt lat="50.650569" lon="4.596773"><ele>110.75</ele></trkpt>
   <trkpt lat="50.650582" lon="4.597677"><ele>113.75</ele></trkpt>
   <trkpt lat="50.65062" lon="4.598464"><ele>114</ele></trkpt>
   <trkpt lat="50.650673" lon="4.599149"><ele>115</ele></trkpt>
   <trkpt lat="50.650745" lon="4.599835"><ele>117</ele></trkpt>
   <trkpt lat="50.650848" lon="4.600607"><ele>116</ele></trkpt>
   <trkpt lat="50.650971" lon="4.601374"><ele>117</ele></trkpt>
   <trkpt lat="50.651113" lon="4.602108"><ele>116.5</ele></trkpt>
   <trkpt lat="50.651595" lon="4.604286"><ele>115.25</ele></trkpt>
   <trkpt lat="50.65166" lon="4.604579"><ele>115.75</ele></trkpt>
   <trkpt lat="50.65248" lon="4.608289"><ele>116.75</ele></trkpt>
   <trkpt lat="50.652631" lon="4.608926"><ele>115.75</ele></trkpt>
   <trkpt lat="50.652807" lon="4.609563"><ele>116.75</ele></trkpt>
   <trkpt lat="50.653009" lon="4.610175"><ele>117.5</ele></trkpt>
   <trkpt lat="50.653239" lon="4.610771"><ele>115.5</ele></trkpt>
   <trkpt lat="50.653482" lon="4.611319"><ele>115.75</ele></trkpt>
   <trkpt lat="50.653756" lon="4.611862"><ele>115.5</ele></trkpt>
   <trkpt lat="50.654055" lon="4.61238"><ele>116.75</ele></trkpt>
   <trkpt lat="50.654363" lon="4.61285"><ele>117.75</ele></trkpt>
   <trkpt lat="50.654699" lon="4.613297"><ele>117.5</ele></trkpt>
   <trkpt lat="50.655024" lon="4.613677"><ele>117.5</ele></trkpt>
   <trkpt lat="50.655397" lon="4.61406"><ele>117.5</ele></trkpt>
   <trkpt lat="50.655778" lon="4.614396"><ele>117.75</ele></trkpt>
   <trkpt lat="50.656175" lon="4.614693"><ele>117.25</ele></trkpt>
   <trkpt lat="50.656522" lon="4.614917"><ele>118.25</ele></trkpt>
   <trkpt lat="50.656876" lon="4.615107"><ele>118.5</ele></trkpt>
   <trkpt lat="50.657368" lon="4.615312"><ele>118</ele></trkpt>
   <trkpt lat="50.657722" lon="4.615423"><ele>117.75</ele></trkpt>
   <trkpt lat="50.658124" lon="4.615514"><ele>117.25</ele></trkpt>
   <trkpt lat="50.658351" lon="4.615546"><ele>117</ele></trkpt>
   <trkpt lat="50.6586" lon="4.615568"><ele>117</ele></trkpt>
   <trkpt lat="50.658991" lon="4.615575"><ele>116.5</ele></trkpt>
   <trkpt lat="50.659388" lon="4.615548"><ele>116.25</ele></trkpt>
   <trkpt lat="50.659703" lon="4.615494"><ele>116</ele></trkpt>
   <trkpt lat="50.660007" lon="4.615425"><ele>115.75</ele></trkpt>
   <trkpt lat="50.66029" lon="4.615348"><ele>115.5</ele></trkpt>
   <trkpt lat="50.665143" lon="4.61398"><ele>111.5</ele></trkpt>
   <trkpt lat="50.665637" lon="4.613841"><ele>111.5</ele></trkpt>
   <trkpt lat="50.66594" lon="4.613764"><ele>112.75</ele></trkpt>
   <trkpt lat="50.666107" lon="4.613731"><ele>112</ele></trkpt>
   <trkpt lat="50.666429" lon="4.613705"><ele>112.25</ele></trkpt>
   <trkpt lat="50.666739" lon="4.61372"><ele>112</ele></trkpt>
   <trkpt lat="50.666887" lon="4.613746"><ele>112</ele></trkpt>
   <trkpt lat="50.667195" lon="4.613823"><ele>110.75</ele></trkpt>
   <trkpt lat="50.667348" lon="4.613879"><ele>110.5</ele></trkpt>
   <trkpt lat="50.667652" lon="4.614022"><ele>111.5</ele></trkpt>
   <trkpt lat="50.6678" lon="4.61411"><ele>110.75</ele></trkpt>
   <trkpt lat="50.667907" lon="4.614183"><ele>110.5</ele></trkpt>
  </trkseg>
 </trk>
</gpx>