<?xml version="1.0" encoding="UTF-8"?>
<!-- track-length = 773992 filtered ascend = 3167 plain-ascend = 143 cost=773992 energy=9.5kwh time=17h 12m  -->
<gpx 
 xmlns="http://www.topografix.com/GPX/1/1" 
 xmlns:xsi="http://www.w3.org/2001/XMLSchema-instance" 
 xsi:schemaLocation="http://www.topografix.com/GPX/1/1 http://www.topografix.com/GPX/1/1/gpx.xsd" 
 version="1.1" 
 creator="BRouter-Web 99.71.0">
 <trk>
  <name>Trieste-Prague</name>
  <link href="https://brouter.damsy.net/latest/#map=6/48.284/12.843/standard&amp;lonlats=13.719665,45.704872;13.241615,46.055756;14.291024,48.289108;14.435735,50.081909&amp;profile=rail">
   <text>BRouter-Web</text>
  </link>
  <trkseg>
   <trkpt lat="45.704881" lon="13.71968"><ele>68.5</ele></trkpt>
   <trkpt lat="45.704944" lon="13.7196"><ele>68.5</ele></trkpt>
   <trkpt lat="45.70552" lon="13.71887"><ele>71.25</ele></trkpt>
   <trkpt lat="45.705675" lon="13.718704"><ele>73.75</ele></trkpt>
   <trkpt lat="45.705897" lon="13.718493"><ele>76</ele></trkpt>
   <trkpt lat="45.706147" lon="13.718301"><ele>75</ele></trkpt>
   <trkpt lat="45.706354" lon="13.718171"><ele>78</ele></trkpt>
   <trkpt lat="45.706682" lon="13.718011"><ele>68.5</ele></trkpt>
   <trkpt lat="45.707386" lon="13.71772"><ele>67.75</ele></trkpt>
   <trkpt lat="45.708805" lon="13.717136"><ele>77.75</ele></trkpt>
   <trkpt lat="45.709041" lon="13.717023"><ele>78.5</ele></trkpt>
   <trkpt lat="45.709318" lon="13.716855"><ele>77.5</ele></trkpt>
   <trkpt lat="45.709576" lon="13.716659"><ele>76.5</ele></trkpt>
   <trkpt lat="45.709706" lon="13.716545"><ele>76</ele></trkpt>
   <trkpt lat="45.709933" lon="13.716313"><ele>75.25</ele></trkpt>
   <trkpt lat="45.710148" lon="13.716045"><ele>75.25</ele></trkpt>
   <trkpt lat="45.710287" lon="13.715846"><ele>77.25</ele></trkpt>
   <trkpt lat="45.710426" lon="13.715638"><ele>76.75</ele></trkpt>
   <trkpt lat="45.710621" lon="13.715322"><ele>79</ele></trkpt>
   <trkpt lat="45.710952" lon="13.714779"><ele>79</ele></trkpt>
   <trkpt lat="45.711263" lon="13.714267"><ele>79</ele></trkpt>
   <trkpt lat="45.711685" lon="13.713522"><ele>79</ele></trkpt>
   <trkpt lat="45.712573" lon="13.711764"><ele>80.25</ele></trkpt>
   <trkpt lat="45.713254" lon="13.710415"><ele>79.75</ele></trkpt>
   <trkpt lat="45.713283" lon="13.710359"><ele>80</ele></trkpt>
   <trkpt lat="45.713436" lon="13.710049"><ele>80.75</ele></trkpt>
   <trkpt lat="45.713761" lon="13.709436"><ele>79</ele></trkpt>
   <trkpt lat="45.713901" lon="13.709194"><ele>81.25</ele></trkpt>
   <trkpt lat="45.714102" lon="13.708869"><ele>79</ele></trkpt>
   <trkpt lat="45.714428" lon="13.7084"><ele>80.75</ele></trkpt>
   <trkpt lat="45.714737" lon="13.707999"><ele>81</ele></trkpt>
   <trkpt lat="45.715127" lon="13.70752"><ele>81</ele></trkpt>
   <trkpt lat="45.715476" lon="13.707089"><ele>82.5</ele></trkpt>
   <trkpt lat="45.715996" lon="13.706463"><ele>84</ele></trkpt>
   <trkpt lat="45.716283" lon="13.706083"><ele>85</ele></trkpt>
   <trkpt lat="45.716447" lon="13.705849"><ele>85.5</ele></trkpt>
   <trkpt lat="45.716649" lon="13.705535"><ele>86</ele></trkpt>
   <trkpt lat="45.717716" lon="13.703819"><ele>86.25</ele></trkpt>
   <trkpt lat="45.717989" lon="13.703412"><ele>87</ele></trkpt>
   <trkpt lat="45.718142" lon="13.703209"><ele>88</ele></trkpt>
   <trkpt lat="45.718369" lon="13.702934"><ele>86.75</ele></trkpt>
   <trkpt lat="45.718904" lon="13.702325"><ele>83.5</ele></trkpt>
   <trkpt lat="45.720162" lon="13.700889"><ele>89.25</ele></trkpt>
   <trkpt lat="45.720351" lon="13.700662"><ele>89.5</ele></trkpt>
   <trkpt lat="45.72056" lon="13.700382"><ele>90</ele></trkpt>
   <trkpt lat="45.720681" lon="13.700195"><ele>90.75</ele></trkpt>
   <trkpt lat="45.72081" lon="13.699967"><ele>90.5</ele></trkpt>
   <trkpt lat="45.72099" lon="13.699609"><ele>90</ele></trkpt>
   <trkpt lat="45.721316" lon="13.698922"><ele>92.5</ele></trkpt>
   <trkpt lat="45.721539" lon="13.698527"><ele>92.25</ele></trkpt>
   <trkpt lat="45.721725" lon="13.698232"><ele>90.75</ele></trkpt>
   <trkpt lat="45.721879" lon="13.698022"><ele>91.25</ele></trkpt>
   <trkpt lat="45.722087" lon="13.697756"><ele>92.5</ele></trkpt>
   <trkpt lat="45.72243" lon="13.697353"><ele>94</ele></trkpt>
   <trkpt lat="45.72273" lon="13.697063"><ele>93.25</ele></trkpt>
   <trkpt lat="45.723099" lon="13.696764"><ele>90.5</ele></trkpt>
   <trkpt lat="45.72411" lon="13.696004"><ele>95.75</ele></trkpt>
   <trkpt lat="45.725181" lon="13.695199"><ele>95</ele></trkpt>
   <trkpt lat="45.725323" lon="13.695092"><ele>95</ele></trkpt>
   <trkpt lat="45.725507" lon="13.694949"><ele>97</ele></trkpt>
   <trkpt lat="45.725775" lon="13.694718"><ele>97.5</ele></trkpt>
   <trkpt lat="45.725989" lon="13.694512"><ele>98.25</ele></trkpt>
   <trkpt lat="45.72622" lon="13.694263"><ele>99.75</ele></trkpt>
   <trkpt lat="45.728207" lon="13.691885"><ele>98.5</ele></trkpt>
   <trkpt lat="45.728472" lon="13.691566"><ele>102.25</ele></trkpt>
   <trkpt lat="45.730846" lon="13.688708"><ele>107</ele></trkpt>
   <trkpt lat="45.731452" lon="13.687987"><ele>103</ele></trkpt>
   <trkpt lat="45.731736" lon="13.68763"><ele>107.75</ele></trkpt>
   <trkpt lat="45.731836" lon="13.687494"><ele>108</ele></trkpt>
   <trkpt lat="45.732111" lon="13.687087"><ele>109.75</ele></trkpt>
   <trkpt lat="45.7343" lon="13.683708"><ele>112</ele></trkpt>
   <trkpt lat="45.734509" lon="13.683401"><ele>113</ele></trkpt>
   <trkpt lat="45.734734" lon="13.683088"><ele>113.75</ele></trkpt>
   <trkpt lat="45.737352" lon="13.679719"><ele>117.5</ele></trkpt>
   <trkpt lat="45.737975" lon="13.678914"><ele>119.75</ele></trkpt>
   <trkpt lat="45.739449" lon="13.677011"><ele>120.25</ele></trkpt>
   <trkpt lat="45.739683" lon="13.676684"><ele>120.5</ele></trkpt>
   <trkpt lat="45.739923" lon="13.676317"><ele>120</ele></trkpt>
   <trkpt lat="45.740669" lon="13.675133"><ele>125</ele></trkpt>
   <trkpt lat="45.740895" lon="13.674786"><ele>124.5</ele></trkpt>
   <trkpt lat="45.741152" lon="13.674367"><ele>123.5</ele></trkpt>
   <trkpt lat="45.74136" lon="13.673993"><ele>123.75</ele></trkpt>
   <trkpt lat="45.741597" lon="13.673491"><ele>123</ele></trkpt>
   <trkpt lat="45.742681" lon="13.671014"><ele>130.75</ele></trkpt>
   <trkpt lat="45.743669" lon="13.668776"><ele>130.5</ele></trkpt>
   <trkpt lat="45.743955" lon="13.668104"><ele>131.5</ele></trkpt>
   <trkpt lat="45.744146" lon="13.667584"><ele>130.25</ele></trkpt>
   <trkpt lat="45.744327" lon="13.666984"><ele>133</ele></trkpt>
   <trkpt lat="45.74442" lon="13.666652"><ele>131.25</ele></trkpt>
   <trkpt lat="45.744547" lon="13.666255"><ele>134.5</ele></trkpt>
   <trkpt lat="45.744725" lon="13.665762"><ele>132.5</ele></trkpt>
   <trkpt lat="45.744823" lon="13.665525"><ele>137</ele></trkpt>
   <trkpt lat="45.745122" lon="13.664888"><ele>136</ele></trkpt>
   <trkpt lat="45.745449" lon="13.664289"><ele>134.5</ele></trkpt>
   <trkpt lat="45.745551" lon="13.664116"><ele>132</ele></trkpt>
   <trkpt lat="45.745784" lon="13.663768"><ele>130.75</ele></trkpt>
   <trkpt lat="45.74608" lon="13.66339"><ele>130.75</ele></trkpt>
   <trkpt lat="45.746188" lon="13.663256"><ele>132.75</ele></trkpt>
   <trkpt lat="45.746322" lon="13.663096"><ele>133.5</ele></trkpt>
   <trkpt lat="45.746401" lon="13.663014"><ele>137.25</ele></trkpt>
   <trkpt lat="45.746581" lon="13.662842"><ele>139.75</ele></trkpt>
   <trkpt lat="45.746898" lon="13.662561"><ele>139.75</ele></trkpt>
   <trkpt lat="45.747027" lon="13.662435"><ele>139.75</ele></trkpt>
   <trkpt lat="45.747297" lon="13.662214"><ele>140.75</ele></trkpt>
   <trkpt lat="45.74783" lon="13.66183"><ele>130.75</ele></trkpt>
   <trkpt lat="45.748139" lon="13.661653"><ele>135.75</ele></trkpt>
   <trkpt lat="45.748341" lon="13.661516"><ele>133.75</ele></trkpt>
   <trkpt lat="45.748802" lon="13.661148"><ele>133.5</ele></trkpt>
   <trkpt lat="45.749081" lon="13.660913"><ele>133.5</ele></trkpt>
   <trkpt lat="45.749298" lon="13.660736"><ele>136.25</ele></trkpt>
   <trkpt lat="45.7498" lon="13.660331"><ele>143.75</ele></trkpt>
   <trkpt lat="45.751911" lon="13.65859"><ele>136.75</ele></trkpt>
   <trkpt lat="45.752286" lon="13.658259"><ele>136</ele></trkpt>
   <trkpt lat="45.752555" lon="13.657964"><ele>136.5</ele></trkpt>
   <trkpt lat="45.752834" lon="13.657643"><ele>136</ele></trkpt>
   <trkpt lat="45.752937" lon="13.657511"><ele>136</ele></trkpt>
   <trkpt lat="45.753173" lon="13.65721"><ele>136.25</ele></trkpt>
   <trkpt lat="45.753377" lon="13.656945"><ele>135.25</ele></trkpt>
   <trkpt lat="45.75363" lon="13.656614"><ele>135</ele></trkpt>
   <trkpt lat="45.754104" lon="13.655978"><ele>134.75</ele></trkpt>
   <trkpt lat="45.754182" lon="13.655873"><ele>134</ele></trkpt>
   <trkpt lat="45.755819" lon="13.653696"><ele>132.75</ele></trkpt>
   <trkpt lat="45.756531" lon="13.652744"><ele>130.75</ele></trkpt>
   <trkpt lat="45.756877" lon="13.652295"><ele>130</ele></trkpt>
   <trkpt lat="45.757153" lon="13.651971"><ele>129.75</ele></trkpt>
   <trkpt lat="45.757466" lon="13.651658"><ele>130.25</ele></trkpt>
   <trkpt lat="45.757609" lon="13.651535"><ele>124.5</ele></trkpt>
   <trkpt lat="45.757779" lon="13.6514"><ele>129.75</ele></trkpt>
   <trkpt lat="45.758129" lon="13.65117"><ele>129.5</ele></trkpt>
   <trkpt lat="45.758759" lon="13.650847"><ele>129.5</ele></trkpt>
   <trkpt lat="45.759008" lon="13.650734"><ele>128.25</ele></trkpt>
   <trkpt lat="45.759545" lon="13.650525"><ele>128.25</ele></trkpt>
   <trkpt lat="45.759724" lon="13.650468"><ele>127.5</ele></trkpt>
   <trkpt lat="45.760092" lon="13.650397"><ele>126.75</ele></trkpt>
   <trkpt lat="45.760456" lon="13.650369"><ele>126.75</ele></trkpt>
   <trkpt lat="45.760601" lon="13.650371"><ele>126.5</ele></trkpt>
   <trkpt lat="45.760789" lon="13.650388"><ele>126</ele></trkpt>
   <trkpt lat="45.761061" lon="13.650435"><ele>125</ele></trkpt>
   <trkpt lat="45.761419" lon="13.650535"><ele>126.25</ele></trkpt>
   <trkpt lat="45.761703" lon="13.650647"><ele>124</ele></trkpt>
   <trkpt lat="45.761949" lon="13.650767"><ele>124.5</ele></trkpt>
   <trkpt lat="45.76214" lon="13.650872"><ele>123.5</ele></trkpt>
   <trkpt lat="45.762592" lon="13.651131"><ele>123.5</ele></trkpt>
   <trkpt lat="45.762803" lon="13.651205"><ele>122</ele></trkpt>
   <trkpt lat="45.765118" lon="13.652545"><ele>118.5</ele></trkpt>
   <trkpt lat="45.765665" lon="13.652862"><ele>118.25</ele></trkpt>
   <trkpt lat="45.765922" lon="13.653003"><ele>119.75</ele></trkpt>
   <trkpt lat="45.766121" lon="13.653099"><ele>118.75</ele></trkpt>
   <trkpt lat="45.766401" lon="13.653209"><ele>119.5</ele></trkpt>
   <trkpt lat="45.766594" lon="13.653272"><ele>121.25</ele></trkpt>
   <trkpt lat="45.76687" lon="13.653337"><ele>121.75</ele></trkpt>
   <trkpt lat="45.767097" lon="13.653371"><ele>121.25</ele></trkpt>
   <trkpt lat="45.76733" lon="13.653387"><ele>121</ele></trkpt>
   <trkpt lat="45.767617" lon="13.653385"><ele>121.25</ele></trkpt>
   <trkpt lat="45.767904" lon="13.65336"><ele>123</ele></trkpt>
   <trkpt lat="45.768062" lon="13.653331"><ele>123.75</ele></trkpt>
   <trkpt lat="45.768299" lon="13.653276"><ele>123.75</ele></trkpt>
   <trkpt lat="45.768521" lon="13.653205"><ele>128</ele></trkpt>
   <trkpt lat="45.768772" lon="13.653108"><ele>128.25</ele></trkpt>
   <trkpt lat="45.769" lon="13.652998"><ele>125.75</ele></trkpt>
   <trkpt lat="45.769222" lon="13.652872"><ele>125.25</ele></trkpt>
   <trkpt lat="45.769517" lon="13.652674"><ele>120.5</ele></trkpt>
   <trkpt lat="45.76978" lon="13.65246"><ele>118.5</ele></trkpt>
   <trkpt lat="45.769984" lon="13.652272"><ele>118</ele></trkpt>
   <trkpt lat="45.770244" lon="13.651997"><ele>116.5</ele></trkpt>
   <trkpt lat="45.770501" lon="13.651686"><ele>115.5</ele></trkpt>
   <trkpt lat="45.774113" lon="13.646836"><ele>116.75</ele></trkpt>
   <trkpt lat="45.77485" lon="13.645842"><ele>112.75</ele></trkpt>
   <trkpt lat="45.776399" lon="13.643751"><ele>106.75</ele></trkpt>
   <trkpt lat="45.776632" lon="13.643394"><ele>107</ele></trkpt>
   <trkpt lat="45.776783" lon="13.643131"><ele>105.25</ele></trkpt>
   <trkpt lat="45.776884" lon="13.64294"><ele>106</ele></trkpt>
   <trkpt lat="45.777078" lon="13.642526"><ele>104.5</ele></trkpt>
   <trkpt lat="45.777217" lon="13.642174"><ele>106.5</ele></trkpt>
   <trkpt lat="45.777358" lon="13.641753"><ele>102.75</ele></trkpt>
   <trkpt lat="45.777477" lon="13.641355"><ele>104.5</ele></trkpt>
   <trkpt lat="45.77756" lon="13.641017"><ele>103.75</ele></trkpt>
   <trkpt lat="45.777593" lon="13.640852"><ele>103</ele></trkpt>
   <trkpt lat="45.777639" lon="13.640557"><ele>102.25</ele></trkpt>
   <trkpt lat="45.777688" lon="13.64017"><ele>102.75</ele></trkpt>
   <trkpt lat="45.77772" lon="13.639793"><ele>103.5</ele></trkpt>
   <trkpt lat="45.777736" lon="13.639487"><ele>103.5</ele></trkpt>
   <trkpt lat="45.777742" lon="13.639158"><ele>103.5</ele></trkpt>
   <trkpt lat="45.777734" lon="13.638735"><ele>103.75</ele></trkpt>
   <trkpt lat="45.777716" lon="13.638465"><ele>103.75</ele></trkpt>
   <trkpt lat="45.777664" lon="13.63799"><ele>103.25</ele></trkpt>
   <trkpt lat="45.777622" lon="13.637703"><ele>103.25</ele></trkpt>
   <trkpt lat="45.777545" lon="13.637274"><ele>101.75</ele></trkpt>
   <trkpt lat="45.777233" lon="13.635685"><ele>102</ele></trkpt>
   <trkpt lat="45.777077" lon="13.634941"><ele>101.75</ele></trkpt>
   <trkpt lat="45.776301" lon="13.630959"><ele>94</ele></trkpt>
   <trkpt lat="45.776258" lon="13.630693"><ele>94.25</ele></trkpt>
   <trkpt lat="45.776218" lon="13.630395"><ele>95.25</ele></trkpt>
   <trkpt lat="45.776182" lon="13.629929"><ele>97</ele></trkpt>
   <trkpt lat="45.776166" lon="13.629566"><ele>97.75</ele></trkpt>
   <trkpt lat="45.776167" lon="13.62911"><ele>98.25</ele></trkpt>
   <trkpt lat="45.776195" lon="13.628599"><ele>98.75</ele></trkpt>
   <trkpt lat="45.776249" lon="13.628118"><ele>100.5</ele></trkpt>
   <trkpt lat="45.776284" lon="13.627868"><ele>101.25</ele></trkpt>
   <trkpt lat="45.776328" lon="13.627629"><ele>100</ele></trkpt>
   <trkpt lat="45.776412" lon="13.627248"><ele>97</ele></trkpt>
   <trkpt lat="45.77654" lon="13.626781"><ele>99.25</ele></trkpt>
   <trkpt lat="45.7767" lon="13.626313"><ele>96</ele></trkpt>
   <trkpt lat="45.776927" lon="13.625756"><ele>94.25</ele></trkpt>
   <trkpt lat="45.77724" lon="13.62504"><ele>91.25</ele></trkpt>
   <trkpt lat="45.777359" lon="13.624747"><ele>90</ele></trkpt>
   <trkpt lat="45.77745" lon="13.62451"><ele>90</ele></trkpt>
   <trkpt lat="45.777594" lon="13.624059"><ele>82.75</ele></trkpt>
   <trkpt lat="45.777618" lon="13.623984"><ele>81</ele></trkpt>
   <trkpt lat="45.777697" lon="13.623669"><ele>83</ele></trkpt>
   <trkpt lat="45.777775" lon="13.623316"><ele>89.75</ele></trkpt>
   <trkpt lat="45.777825" lon="13.623027"><ele>90.75</ele></trkpt>
   <trkpt lat="45.77789" lon="13.622445"><ele>93.5</ele></trkpt>
   <trkpt lat="45.778085" lon="13.619182"><ele>89.5</ele></trkpt>
   <trkpt lat="45.778159" lon="13.617652"><ele>85.25</ele></trkpt>
   <trkpt lat="45.778169" lon="13.617017"><ele>83.5</ele></trkpt>
   <trkpt lat="45.778132" lon="13.616419"><ele>85.25</ele></trkpt>
   <trkpt lat="45.77809" lon="13.615997"><ele>85.5</ele></trkpt>
   <trkpt lat="45.777927" lon="13.615057"><ele>82</ele></trkpt>
   <trkpt lat="45.77767" lon="13.613607"><ele>81</ele></trkpt>
   <trkpt lat="45.777615" lon="13.613268"><ele>81.25</ele></trkpt>
   <trkpt lat="45.777554" lon="13.612728"><ele>82</ele></trkpt>
   <trkpt lat="45.777529" lon="13.612306"><ele>82.5</ele></trkpt>
   <trkpt lat="45.777527" lon="13.612105"><ele>82.5</ele></trkpt>
   <trkpt lat="45.777528" lon="13.611863"><ele>82.5</ele></trkpt>
   <trkpt lat="45.777546" lon="13.611291"><ele>82.5</ele></trkpt>
   <trkpt lat="45.777568" lon="13.611019"><ele>83.25</ele></trkpt>
   <trkpt lat="45.777658" lon="13.610443"><ele>82.75</ele></trkpt>
   <trkpt lat="45.777753" lon="13.609974"><ele>81.25</ele></trkpt>
   <trkpt lat="45.777818" lon="13.609718"><ele>79.75</ele></trkpt>
   <trkpt lat="45.777904" lon="13.609413"><ele>77.25</ele></trkpt>
   <trkpt lat="45.778978" lon="13.6061"><ele>77.25</ele></trkpt>
   <trkpt lat="45.779155" lon="13.605586"><ele>76</ele></trkpt>
   <trkpt lat="45.779287" lon="13.605241"><ele>77.75</ele></trkpt>
   <trkpt lat="45.779372" lon="13.605043"><ele>77</ele></trkpt>
   <trkpt lat="45.779485" lon="13.60481"><ele>74.25</ele></trkpt>
   <trkpt lat="45.779601" lon="13.604587"><ele>71</ele></trkpt>
   <trkpt lat="45.779815" lon="13.604215"><ele>70.25</ele></trkpt>
   <trkpt lat="45.780923" lon="13.602406"><ele>72.5</ele></trkpt>
   <trkpt lat="45.781302" lon="13.601871"><ele>70.75</ele></trkpt>
   <trkpt lat="45.781576" lon="13.601553"><ele>72.25</ele></trkpt>
   <trkpt lat="45.781953" lon="13.601176"><ele>74.25</ele></trkpt>
   <trkpt lat="45.784745" lon="13.598529"><ele>69</ele></trkpt>
   <trkpt lat="45.785011" lon="13.598283"><ele>69</ele></trkpt>
   <trkpt lat="45.785162" lon="13.598157"><ele>71.25</ele></trkpt>
   <trkpt lat="45.785339" lon="13.598016"><ele>69.75</ele></trkpt>
   <trkpt lat="45.785529" lon="13.597882"><ele>69.25</ele></trkpt>
   <trkpt lat="45.785725" lon="13.597761"><ele>67.25</ele></trkpt>
   <trkpt lat="45.786001" lon="13.597616"><ele>65.75</ele></trkpt>
   <trkpt lat="45.786297" lon="13.597493"><ele>64</ele></trkpt>
   <trkpt lat="45.786669" lon="13.597388"><ele>63</ele></trkpt>
   <trkpt lat="45.786965" lon="13.597336"><ele>61.25</ele></trkpt>
   <trkpt lat="45.787164" lon="13.597316"><ele>60.75</ele></trkpt>
   <trkpt lat="45.787645" lon="13.597305"><ele>58.25</ele></trkpt>
   <trkpt lat="45.788276" lon="13.597316"><ele>59.25</ele></trkpt>
   <trkpt lat="45.788528" lon="13.59731"><ele>59</ele></trkpt>
   <trkpt lat="45.788748" lon="13.59729"><ele>59</ele></trkpt>
   <trkpt lat="45.788953" lon="13.59726"><ele>59.5</ele></trkpt>
   <trkpt lat="45.78915" lon="13.597217"><ele>59.75</ele></trkpt>
   <trkpt lat="45.789359" lon="13.59716"><ele>59.5</ele></trkpt>
   <trkpt lat="45.789756" lon="13.597004"><ele>59.5</ele></trkpt>
   <trkpt lat="45.789929" lon="13.596916"><ele>58.5</ele></trkpt>
   <trkpt lat="45.790303" lon="13.596692"><ele>57</ele></trkpt>
   <trkpt lat="45.790741" lon="13.596387"><ele>55.5</ele></trkpt>
   <trkpt lat="45.791902" lon="13.595564"><ele>58</ele></trkpt>
   <trkpt lat="45.792262" lon="13.595302"><ele>57.25</ele></trkpt>
   <trkpt lat="45.792528" lon="13.595094"><ele>56.75</ele></trkpt>
   <trkpt lat="45.792791" lon="13.594857"><ele>56</ele></trkpt>
   <trkpt lat="45.792957" lon="13.594688"><ele>54.75</ele></trkpt>
   <trkpt lat="45.793119" lon="13.594506"><ele>53.5</ele></trkpt>
   <trkpt lat="45.793276" lon="13.594309"><ele>52</ele></trkpt>
   <trkpt lat="45.793429" lon="13.594099"><ele>48.75</ele></trkpt>
   <trkpt lat="45.793573" lon="13.593884"><ele>50.25</ele></trkpt>
   <trkpt lat="45.793705" lon="13.593667"><ele>45.25</ele></trkpt>
   <trkpt lat="45.79383" lon="13.593441"><ele>47.25</ele></trkpt>
   <trkpt lat="45.793948" lon="13.593209"><ele>47</ele></trkpt>
   <trkpt lat="45.794539" lon="13.591911"><ele>52.75</ele></trkpt>
   <trkpt lat="45.794774" lon="13.591427"><ele>55.75</ele></trkpt>
   <trkpt lat="45.794899" lon="13.591199"><ele>57.75</ele></trkpt>
   <trkpt lat="45.79503" lon="13.59098"><ele>59.25</ele></trkpt>
   <trkpt lat="45.795171" lon="13.590772"><ele>58.5</ele></trkpt>
   <trkpt lat="45.795344" lon="13.590543"><ele>57.75</ele></trkpt>
   <trkpt lat="45.795524" lon="13.590327"><ele>57</ele></trkpt>
   <trkpt lat="45.795708" lon="13.590121"><ele>56.5</ele></trkpt>
   <trkpt lat="45.795898" lon="13.589924"><ele>55.75</ele></trkpt>
   <trkpt lat="45.796066" lon="13.589763"><ele>55</ele></trkpt>
   <trkpt lat="45.796187" lon="13.589663"><ele>55.25</ele></trkpt>
   <trkpt lat="45.796457" lon="13.589472"><ele>53.75</ele></trkpt>
   <trkpt lat="45.796746" lon="13.589298"><ele>50.25</ele></trkpt>
   <trkpt lat="45.797012" lon="13.589159"><ele>46</ele></trkpt>
   <trkpt lat="45.799115" lon="13.588117"><ele>46.25</ele></trkpt>
   <trkpt lat="45.799417" lon="13.587969"><ele>48.25</ele></trkpt>
   <trkpt lat="45.799894" lon="13.587737"><ele>57.5</ele></trkpt>
   <trkpt lat="45.800568" lon="13.587405"><ele>52</ele></trkpt>
   <trkpt lat="45.801034" lon="13.587166"><ele>42</ele></trkpt>
   <trkpt lat="45.801363" lon="13.586987"><ele>34.75</ele></trkpt>
   <trkpt lat="45.801547" lon="13.586872"><ele>35.75</ele></trkpt>
   <trkpt lat="45.801719" lon="13.586748"><ele>37.75</ele></trkpt>
   <trkpt lat="45.8019" lon="13.586604"><ele>40.5</ele></trkpt>
   <trkpt lat="45.802149" lon="13.586372"><ele>41.25</ele></trkpt>
   <trkpt lat="45.802402" lon="13.586091"><ele>41.25</ele></trkpt>
   <trkpt lat="45.802539" lon="13.585921"><ele>41.25</ele></trkpt>
   <trkpt lat="45.802667" lon="13.585745"><ele>40.75</ele></trkpt>
   <trkpt lat="45.802791" lon="13.585554"><ele>40.25</ele></trkpt>
   <trkpt lat="45.802922" lon="13.585335"><ele>40.75</ele></trkpt>
   <trkpt lat="45.803102" lon="13.584993"><ele>40.5</ele></trkpt>
   <trkpt lat="45.80326" lon="13.584641"><ele>35.75</ele></trkpt>
   <trkpt lat="45.803324" lon="13.584481"><ele>32.75</ele></trkpt>
   <trkpt lat="45.803445" lon="13.58414"><ele>28.25</ele></trkpt>
   <trkpt lat="45.80354" lon="13.583828"><ele>33</ele></trkpt>
   <trkpt lat="45.803626" lon="13.583501"><ele>36</ele></trkpt>
   <trkpt lat="45.803693" lon="13.583167"><ele>36.5</ele></trkpt>
   <trkpt lat="45.803737" lon="13.582899"><ele>36.25</ele></trkpt>
   <trkpt lat="45.803775" lon="13.582602"><ele>35.75</ele></trkpt>
   <trkpt lat="45.803792" lon="13.582383"><ele>35</ele></trkpt>
   <trkpt lat="45.803826" lon="13.581892"><ele>33.25</ele></trkpt>
   <trkpt lat="45.803828" lon="13.581666"><ele>31.75</ele></trkpt>
   <trkpt lat="45.803815" lon="13.581253"><ele>29.75</ele></trkpt>
   <trkpt lat="45.803774" lon="13.580798"><ele>26.75</ele></trkpt>
   <trkpt lat="45.80372" lon="13.58037"><ele>26.75</ele></trkpt>
   <trkpt lat="45.803606" lon="13.579782"><ele>27</ele></trkpt>
   <trkpt lat="45.803357" lon="13.578655"><ele>27.25</ele></trkpt>
   <trkpt lat="45.803228" lon="13.578151"><ele>27.5</ele></trkpt>
   <trkpt lat="45.803131" lon="13.577816"><ele>27.75</ele></trkpt>
   <trkpt lat="45.802933" lon="13.577142"><ele>27.75</ele></trkpt>
   <trkpt lat="45.802791" lon="13.576593"><ele>30.75</ele></trkpt>
   <trkpt lat="45.802712" lon="13.576204"><ele>27.5</ele></trkpt>
   <trkpt lat="45.80265" lon="13.575814"><ele>25.25</ele></trkpt>
   <trkpt lat="45.802622" lon="13.575578"><ele>24.75</ele></trkpt>
   <trkpt lat="45.8026" lon="13.575322"><ele>25</ele></trkpt>
   <trkpt lat="45.802584" lon="13.574986"><ele>25.5</ele></trkpt>
   <trkpt lat="45.802579" lon="13.574814"><ele>25.75</ele></trkpt>
   <trkpt lat="45.802583" lon="13.57442"><ele>26</ele></trkpt>
   <trkpt lat="45.802603" lon="13.574084"><ele>26</ele></trkpt>
   <trkpt lat="45.802649" lon="13.57359"><ele>26.5</ele></trkpt>
   <trkpt lat="45.802678" lon="13.573339"><ele>27.5</ele></trkpt>
   <trkpt lat="45.802831" lon="13.572028"><ele>27.75</ele></trkpt>
   <trkpt lat="45.802868" lon="13.571634"><ele>26.5</ele></trkpt>
   <trkpt lat="45.802895" lon="13.571186"><ele>24.75</ele></trkpt>
   <trkpt lat="45.802902" lon="13.570909"><ele>24.75</ele></trkpt>
   <trkpt lat="45.802903" lon="13.570712"><ele>25</ele></trkpt>
   <trkpt lat="45.802895" lon="13.570447"><ele>25.25</ele></trkpt>
   <trkpt lat="45.802883" lon="13.570186"><ele>25.75</ele></trkpt>
   <trkpt lat="45.802854" lon="13.569866"><ele>26.5</ele></trkpt>
   <trkpt lat="45.802818" lon="13.569569"><ele>27.25</ele></trkpt>
   <trkpt lat="45.80274" lon="13.56909"><ele>28</ele></trkpt>
   <trkpt lat="45.802514" lon="13.567877"><ele>27.25</ele></trkpt>
   <trkpt lat="45.802463" lon="13.567557"><ele>28.25</ele></trkpt>
   <trkpt lat="45.802418" lon="13.567222"><ele>27.75</ele></trkpt>
   <trkpt lat="45.802401" lon="13.567048"><ele>27.5</ele></trkpt>
   <trkpt lat="45.80237" lon="13.566563"><ele>26</ele></trkpt>
   <trkpt lat="45.802365" lon="13.566341"><ele>25.5</ele></trkpt>
   <trkpt lat="45.802367" lon="13.566078"><ele>25</ele></trkpt>
   <trkpt lat="45.802385" lon="13.565644"><ele>24.5</ele></trkpt>
   <trkpt lat="45.80244" lon="13.565072"><ele>23.75</ele></trkpt>
   <trkpt lat="45.8029" lon="13.561884"><ele>24.25</ele></trkpt>
   <trkpt lat="45.803314" lon="13.559044"><ele>23.5</ele></trkpt>
   <trkpt lat="45.803402" lon="13.558471"><ele>23.75</ele></trkpt>
   <trkpt lat="45.803475" lon="13.558077"><ele>24</ele></trkpt>
   <trkpt lat="45.803599" lon="13.557549"><ele>23</ele></trkpt>
   <trkpt lat="45.803723" lon="13.557135"><ele>25.25</ele></trkpt>
   <trkpt lat="45.803876" lon="13.556708"><ele>23.25</ele></trkpt>
   <trkpt lat="45.803979" lon="13.55646"><ele>23.5</ele></trkpt>
   <trkpt lat="45.804091" lon="13.556204"><ele>22.5</ele></trkpt>
   <trkpt lat="45.804533" lon="13.555255"><ele>22.75</ele></trkpt>
   <trkpt lat="45.804601" lon="13.55511"><ele>22.25</ele></trkpt>
   <trkpt lat="45.804741" lon="13.554807"><ele>22.75</ele></trkpt>
   <trkpt lat="45.804833" lon="13.554609"><ele>22</ele></trkpt>
   <trkpt lat="45.804909" lon="13.554427"><ele>21</ele></trkpt>
   <trkpt lat="45.805062" lon="13.554022"><ele>19.75</ele></trkpt>
   <trkpt lat="45.805283" lon="13.553517"><ele>22.25</ele></trkpt>
   <trkpt lat="45.805389" lon="13.553206"><ele>21.25</ele></trkpt>
   <trkpt lat="45.805512" lon="13.552822"><ele>21.5</ele></trkpt>
   <trkpt lat="45.805555" lon="13.552675"><ele>21.25</ele></trkpt>
   <trkpt lat="45.805652" lon="13.552243"><ele>20.25</ele></trkpt>
   <trkpt lat="45.805716" lon="13.551958"><ele>20.75</ele></trkpt>
   <trkpt lat="45.805996" lon="13.550557"><ele>23</ele></trkpt>
   <trkpt lat="45.806867" lon="13.546113"><ele>22.5</ele></trkpt>
   <trkpt lat="45.806986" lon="13.54572"><ele>22.75</ele></trkpt>
   <trkpt lat="45.807168" lon="13.545087"><ele>22.5</ele></trkpt>
   <trkpt lat="45.80727" lon="13.544762"><ele>23</ele></trkpt>
   <trkpt lat="45.807612" lon="13.543041"><ele>23</ele></trkpt>
   <trkpt lat="45.807834" lon="13.541927"><ele>23</ele></trkpt>
   <trkpt lat="45.807921" lon="13.541578"><ele>23</ele></trkpt>
   <trkpt lat="45.807984" lon="13.541355"><ele>22.75</ele></trkpt>
   <trkpt lat="45.808108" lon="13.540978"><ele>23</ele></trkpt>
   <trkpt lat="45.808236" lon="13.540628"><ele>22.25</ele></trkpt>
   <trkpt lat="45.808955" lon="13.538775"><ele>20</ele></trkpt>
   <trkpt lat="45.809152" lon="13.538276"><ele>19</ele></trkpt>
   <trkpt lat="45.810124" lon="13.535789"><ele>25</ele></trkpt>
   <trkpt lat="45.81024" lon="13.535505"><ele>23</ele></trkpt>
   <trkpt lat="45.810429" lon="13.535102"><ele>24.5</ele></trkpt>
   <trkpt lat="45.810616" lon="13.534745"><ele>24.5</ele></trkpt>
   <trkpt lat="45.810737" lon="13.534543"><ele>23.75</ele></trkpt>
   <trkpt lat="45.811114" lon="13.533986"><ele>21.25</ele></trkpt>
   <trkpt lat="45.811522" lon="13.533411"><ele>18.5</ele></trkpt>
   <trkpt lat="45.81176" lon="13.53305"><ele>16.75</ele></trkpt>
   <trkpt lat="45.811881" lon="13.532849"><ele>17.75</ele></trkpt>
   <trkpt lat="45.812006" lon="13.532615"><ele>16.75</ele></trkpt>
   <trkpt lat="45.812175" lon="13.532272"><ele>17.5</ele></trkpt>
   <trkpt lat="45.812367" lon="13.531801"><ele>18</ele></trkpt>
   <trkpt lat="45.812523" lon="13.531333"><ele>19.5</ele></trkpt>
   <trkpt lat="45.812618" lon="13.530991"><ele>21.75</ele></trkpt>
   <trkpt lat="45.812898" lon="13.529844"><ele>24</ele></trkpt>
   <trkpt lat="45.812998" lon="13.529499"><ele>21</ele></trkpt>
   <trkpt lat="45.81332" lon="13.528444"><ele>18</ele></trkpt>
   <trkpt lat="45.814013" lon="13.526221"><ele>16</ele></trkpt>
   <trkpt lat="45.814419" lon="13.524928"><ele>15</ele></trkpt>
   <trkpt lat="45.814491" lon="13.524723"><ele>14.5</ele></trkpt>
   <trkpt lat="45.814639" lon="13.524338"><ele>15.75</ele></trkpt>
   <trkpt lat="45.814776" lon="13.52403"><ele>16.5</ele></trkpt>
   <trkpt lat="45.81493" lon="13.523717"><ele>16.5</ele></trkpt>
   <trkpt lat="45.815066" lon="13.523484"><ele>16.5</ele></trkpt>
   <trkpt lat="45.815203" lon="13.523265"><ele>16.25</ele></trkpt>
   <trkpt lat="45.815341" lon="13.52306"><ele>15.25</ele></trkpt>
   <trkpt lat="45.81549" lon="13.522865"><ele>15</ele></trkpt>
   <trkpt lat="45.815666" lon="13.522653"><ele>14.25</ele></trkpt>
   <trkpt lat="45.81583" lon="13.522472"><ele>14.5</ele></trkpt>
   <trkpt lat="45.816092" lon="13.522212"><ele>13.5</ele></trkpt>
   <trkpt lat="45.816334" lon="13.521992"><ele>12.75</ele></trkpt>
   <trkpt lat="45.816733" lon="13.521657"><ele>12.5</ele></trkpt>
   <trkpt lat="45.817195" lon="13.521234"><ele>12.5</ele></trkpt>
   <trkpt lat="45.817393" lon="13.521031"><ele>12.5</ele></trkpt>
   <trkpt lat="45.817641" lon="13.520742"><ele>12</ele></trkpt>
   <trkpt lat="45.817897" lon="13.520394"><ele>11.75</ele></trkpt>
   <trkpt lat="45.818142" lon="13.52001"><ele>12.5</ele></trkpt>
   <trkpt lat="45.818326" lon="13.519665"><ele>11.75</ele></trkpt>
   <trkpt lat="45.818502" lon="13.519294"><ele>11.5</ele></trkpt>
   <trkpt lat="45.818616" lon="13.519006"><ele>11</ele></trkpt>
   <trkpt lat="45.818729" lon="13.518672"><ele>10.25</ele></trkpt>
   <trkpt lat="45.818826" lon="13.51834"><ele>9.5</ele></trkpt>
   <trkpt lat="45.818929" lon="13.517901"><ele>8.25</ele></trkpt>
   <trkpt lat="45.819019" lon="13.517378"><ele>8</ele></trkpt>
   <trkpt lat="45.819046" lon="13.517156"><ele>8.5</ele></trkpt>
   <trkpt lat="45.819081" lon="13.516713"><ele>8.75</ele></trkpt>
   <trkpt lat="45.819094" lon="13.516252"><ele>8.5</ele></trkpt>
   <trkpt lat="45.819085" lon="13.515788"><ele>8.5</ele></trkpt>
   <trkpt lat="45.818996" lon="13.514144"><ele>9.5</ele></trkpt>
   <trkpt lat="45.818982" lon="13.513943"><ele>9.25</ele></trkpt>
   <trkpt lat="45.81857" lon="13.506831"><ele>9.5</ele></trkpt>
   <trkpt lat="45.818483" lon="13.505445"><ele>11.5</ele></trkpt>
   <trkpt lat="45.818488" lon="13.504798"><ele>11</ele></trkpt>
   <trkpt lat="45.818469" lon="13.504483"><ele>8.5</ele></trkpt>
   <trkpt lat="45.818418" lon="13.503618"><ele>8.5</ele></trkpt>
   <trkpt lat="45.818416" lon="13.503503"><ele>8.75</ele></trkpt>
   <trkpt lat="45.818397" lon="13.503196"><ele>9</ele></trkpt>
   <trkpt lat="45.818283" lon="13.501301"><ele>9</ele></trkpt>
   <trkpt lat="45.817984" lon="13.496167"><ele>8.5</ele></trkpt>
   <trkpt lat="45.817536" lon="13.488498"><ele>8.75</ele></trkpt>
   <trkpt lat="45.817366" lon="13.485584"><ele>8</ele></trkpt>
   <trkpt lat="45.816859" lon="13.476951"><ele>8.75</ele></trkpt>
   <trkpt lat="45.815712" lon="13.457276"><ele>8</ele></trkpt>
   <trkpt lat="45.815638" lon="13.45537"><ele>8.5</ele></trkpt>
   <trkpt lat="45.815578" lon="13.454168"><ele>8.75</ele></trkpt>
   <trkpt lat="45.815553" lon="13.452606"><ele>9</ele></trkpt>
   <trkpt lat="45.815574" lon="13.451814"><ele>9.25</ele></trkpt>
   <trkpt lat="45.81559" lon="13.450258"><ele>9.75</ele></trkpt>
   <trkpt lat="45.815568" lon="13.449496"><ele>9.75</ele></trkpt>
   <trkpt lat="45.815503" lon="13.448726"><ele>9.75</ele></trkpt>
   <trkpt lat="45.815396" lon="13.44779"><ele>9.5</ele></trkpt>
   <trkpt lat="45.815194" lon="13.446701"><ele>9</ele></trkpt>
   <trkpt lat="45.814973" lon="13.445849"><ele>8.75</ele></trkpt>
   <trkpt lat="45.81471" lon="13.445038"><ele>8</ele></trkpt>
   <trkpt lat="45.814582" lon="13.444694"><ele>8.75</ele></trkpt>
   <trkpt lat="45.814404" lon="13.444255"><ele>9</ele></trkpt>
   <trkpt lat="45.814201" lon="13.443782"><ele>8.75</ele></trkpt>
   <trkpt lat="45.812936" lon="13.440885"><ele>8</ele></trkpt>
   <trkpt lat="45.811605" lon="13.437862"><ele>8</ele></trkpt>
   <trkpt lat="45.811061" lon="13.436606"><ele>8.75</ele></trkpt>
   <trkpt lat="45.810696" lon="13.435676"><ele>7.25</ele></trkpt>
   <trkpt lat="45.810517" lon="13.435141"><ele>8.25</ele></trkpt>
   <trkpt lat="45.810422" lon="13.434836"><ele>7.75</ele></trkpt>
   <trkpt lat="45.810278" lon="13.434322"><ele>9.5</ele></trkpt>
   <trkpt lat="45.810194" lon="13.433998"><ele>7.75</ele></trkpt>
   <trkpt lat="45.810072" lon="13.433468"><ele>8.5</ele></trkpt>
   <trkpt lat="45.810049" lon="13.433361"><ele>8.5</ele></trkpt>
   <trkpt lat="45.810003" lon="13.433148"><ele>8.75</ele></trkpt>
   <trkpt lat="45.809864" lon="13.432365"><ele>9.25</ele></trkpt>
   <trkpt lat="45.80982" lon="13.432043"><ele>9.25</ele></trkpt>
   <trkpt lat="45.809801" lon="13.431902"><ele>9</ele></trkpt>
   <trkpt lat="45.809672" lon="13.430961"><ele>7.75</ele></trkpt>
   <trkpt lat="45.809082" lon="13.426312"><ele>6.75</ele></trkpt>
   <trkpt lat="45.808842" lon="13.424463"><ele>9.75</ele></trkpt>
   <trkpt lat="45.808794" lon="13.424005"><ele>9</ele></trkpt>
   <trkpt lat="45.808788" lon="13.423943"><ele>9</ele></trkpt>
   <trkpt lat="45.808762" lon="13.423722"><ele>9</ele></trkpt>
   <trkpt lat="45.80872" lon="13.42319"><ele>9</ele></trkpt>
   <trkpt lat="45.808684" lon="13.422436"><ele>8.75</ele></trkpt>
   <trkpt lat="45.808677" lon="13.421889"><ele>8.75</ele></trkpt>
   <trkpt lat="45.808687" lon="13.421287"><ele>8.5</ele></trkpt>
   <trkpt lat="45.808696" lon="13.42102"><ele>8.5</ele></trkpt>
   <trkpt lat="45.808737" lon="13.420335"><ele>8.5</ele></trkpt>
   <trkpt lat="45.808812" lon="13.419573"><ele>8</ele></trkpt>
   <trkpt lat="45.808847" lon="13.419288"><ele>8</ele></trkpt>
   <trkpt lat="45.808929" lon="13.418717"><ele>8.25</ele></trkpt>
   <trkpt lat="45.809018" lon="13.418209"><ele>8</ele></trkpt>
   <trkpt lat="45.809424" lon="13.416006"><ele>7.75</ele></trkpt>
   <trkpt lat="45.809994" lon="13.412945"><ele>7.75</ele></trkpt>
   <trkpt lat="45.810569" lon="13.409845"><ele>7.5</ele></trkpt>
   <trkpt lat="45.810595" lon="13.409705"><ele>7.75</ele></trkpt>
   <trkpt lat="45.811226" lon="13.406307"><ele>7.25</ele></trkpt>
   <trkpt lat="45.811955" lon="13.402395"><ele>6.75</ele></trkpt>
   <trkpt lat="45.81199" lon="13.402204"><ele>6.75</ele></trkpt>
   <trkpt lat="45.812476" lon="13.399599"><ele>6.75</ele></trkpt>
   <trkpt lat="45.81252" lon="13.399361"><ele>6.5</ele></trkpt>
   <trkpt lat="45.813238" lon="13.395486"><ele>7.75</ele></trkpt>
   <trkpt lat="45.813718" lon="13.392946"><ele>8</ele></trkpt>
   <trkpt lat="45.814522" lon="13.388584"><ele>7</ele></trkpt>
   <trkpt lat="45.816351" lon="13.378731"><ele>6.25</ele></trkpt>
   <trkpt lat="45.816377" lon="13.378593"><ele>5.75</ele></trkpt>
   <trkpt lat="45.816886" lon="13.375851"><ele>5</ele></trkpt>
   <trkpt lat="45.816904" lon="13.375756"><ele>5</ele></trkpt>
   <trkpt lat="45.817021" lon="13.375125"><ele>5.5</ele></trkpt>
   <trkpt lat="45.817204" lon="13.374156"><ele>5</ele></trkpt>
   <trkpt lat="45.817228" lon="13.374028"><ele>5</ele></trkpt>
   <trkpt lat="45.817315" lon="13.373568"><ele>5.5</ele></trkpt>
   <trkpt lat="45.817657" lon="13.371934"><ele>4.25</ele></trkpt>
   <trkpt lat="45.81803" lon="13.37019"><ele>4.75</ele></trkpt>
   <trkpt lat="45.818049" lon="13.370098"><ele>4.75</ele></trkpt>
   <trkpt lat="45.81864" lon="13.367345"><ele>4.75</ele></trkpt>
   <trkpt lat="45.818663" lon="13.367239"><ele>4.75</ele></trkpt>
   <trkpt lat="45.819314" lon="13.364177"><ele>5.75</ele></trkpt>
   <trkpt lat="45.821185" lon="13.355427"><ele>5</ele></trkpt>
   <trkpt lat="45.821553" lon="13.353527"><ele>5</ele></trkpt>
   <trkpt lat="45.821707" lon="13.352774"><ele>5</ele></trkpt>
   <trkpt lat="45.821837" lon="13.352183"><ele>5</ele></trkpt>
   <trkpt lat="45.821946" lon="13.351519"><ele>6.25</ele></trkpt>
   <trkpt lat="45.821985" lon="13.351348"><ele>5.75</ele></trkpt>
   <trkpt lat="45.822112" lon="13.350806"><ele>5</ele></trkpt>
   <trkpt lat="45.822506" lon="13.349058"><ele>5</ele></trkpt>
   <trkpt lat="45.82313" lon="13.346456"><ele>5</ele></trkpt>
   <trkpt lat="45.82383" lon="13.343178"><ele>5</ele></trkpt>
   <trkpt lat="45.824248" lon="13.341221"><ele>5.25</ele></trkpt>
   <trkpt lat="45.824456" lon="13.340111"><ele>5.25</ele></trkpt>
   <trkpt lat="45.824531" lon="13.339703"><ele>5.25</ele></trkpt>
   <trkpt lat="45.824839" lon="13.338198"><ele>5.5</ele></trkpt>
   <trkpt lat="45.825074" lon="13.337235"><ele>5.5</ele></trkpt>
   <trkpt lat="45.825367" lon="13.335857"><ele>5.5</ele></trkpt>
   <trkpt lat="45.825427" lon="13.335555"><ele>5.5</ele></trkpt>
   <trkpt lat="45.825666" lon="13.334579"><ele>5.75</ele></trkpt>
   <trkpt lat="45.825911" lon="13.333436"><ele>5.75</ele></trkpt>
   <trkpt lat="45.826152" lon="13.332461"><ele>6</ele></trkpt>
   <trkpt lat="45.826322" lon="13.331612"><ele>6</ele></trkpt>
   <trkpt lat="45.826414" lon="13.331193"><ele>6</ele></trkpt>
   <trkpt lat="45.82649" lon="13.330885"><ele>6</ele></trkpt>
   <trkpt lat="45.826592" lon="13.330519"><ele>6</ele></trkpt>
   <trkpt lat="45.826752" lon="13.330063"><ele>6</ele></trkpt>
   <trkpt lat="45.826844" lon="13.329835"><ele>6</ele></trkpt>
   <trkpt lat="45.827053" lon="13.329407"><ele>6.25</ele></trkpt>
   <trkpt lat="45.827149" lon="13.329233"><ele>6.25</ele></trkpt>
   <trkpt lat="45.82728" lon="13.329022"><ele>6.25</ele></trkpt>
   <trkpt lat="45.827386" lon="13.328862"><ele>6.25</ele></trkpt>
   <trkpt lat="45.82757" lon="13.328618"><ele>6.25</ele></trkpt>
   <trkpt lat="45.827769" lon="13.328395"><ele>6.25</ele></trkpt>
   <trkpt lat="45.827993" lon="13.328164"><ele>6.25</ele></trkpt>
   <trkpt lat="45.828182" lon="13.327999"><ele>6.25</ele></trkpt>
   <trkpt lat="45.828368" lon="13.32785"><ele>6.25</ele></trkpt>
   <trkpt lat="45.828546" lon="13.327729"><ele>6.25</ele></trkpt>
   <trkpt lat="45.828704" lon="13.327642"><ele>6.5</ele></trkpt>
   <trkpt lat="45.828913" lon="13.32754"><ele>7.75</ele></trkpt>
   <trkpt lat="45.82915" lon="13.327447"><ele>6.5</ele></trkpt>
   <trkpt lat="45.829361" lon="13.327378"><ele>6.25</ele></trkpt>
   <trkpt lat="45.829585" lon="13.327317"><ele>7.25</ele></trkpt>
   <trkpt lat="45.835333" lon="13.325965"><ele>4.75</ele></trkpt>
   <trkpt lat="45.835636" lon="13.325888"><ele>4.75</ele></trkpt>
   <trkpt lat="45.835905" lon="13.325813"><ele>4.75</ele></trkpt>
   <trkpt lat="45.836416" lon="13.325648"><ele>4.5</ele></trkpt>
   <trkpt lat="45.838836" lon="13.324797"><ele>4.5</ele></trkpt>
   <trkpt lat="45.838975" lon="13.324744"><ele>4.75</ele></trkpt>
   <trkpt lat="45.839617" lon="13.324451"><ele>4.75</ele></trkpt>
   <trkpt lat="45.841438" lon="13.323806"><ele>5.25</ele></trkpt>
   <trkpt lat="45.841927" lon="13.323469"><ele>6</ele></trkpt>
   <trkpt lat="45.84211" lon="13.32337"><ele>6</ele></trkpt>
   <trkpt lat="45.842587" lon="13.3232"><ele>6</ele></trkpt>
   <trkpt lat="45.842776" lon="13.323075"><ele>6</ele></trkpt>
   <trkpt lat="45.843066" lon="13.32297"><ele>6</ele></trkpt>
   <trkpt lat="45.843279" lon="13.322893"><ele>6</ele></trkpt>
   <trkpt lat="45.843617" lon="13.322705"><ele>6</ele></trkpt>
   <trkpt lat="45.849588" lon="13.320573"><ele>7</ele></trkpt>
   <trkpt lat="45.849722" lon="13.320519"><ele>7</ele></trkpt>
   <trkpt lat="45.849861" lon="13.320447"><ele>7</ele></trkpt>
   <trkpt lat="45.850028" lon="13.32034"><ele>7</ele></trkpt>
   <trkpt lat="45.850204" lon="13.320203"><ele>7</ele></trkpt>
   <trkpt lat="45.850496" lon="13.319986"><ele>7</ele></trkpt>
   <trkpt lat="45.850844" lon="13.319799"><ele>7</ele></trkpt>
   <trkpt lat="45.851594" lon="13.319389"><ele>7.75</ele></trkpt>
   <trkpt lat="45.851752" lon="13.319304"><ele>7.75</ele></trkpt>
   <trkpt lat="45.852121" lon="13.319166"><ele>8</ele></trkpt>
   <trkpt lat="45.852352" lon="13.319086"><ele>8</ele></trkpt>
   <trkpt lat="45.852887" lon="13.318894"><ele>8</ele></trkpt>
   <trkpt lat="45.853175" lon="13.318754"><ele>8</ele></trkpt>
   <trkpt lat="45.853641" lon="13.318476"><ele>8</ele></trkpt>
   <trkpt lat="45.853882" lon="13.318269"><ele>8.5</ele></trkpt>
   <trkpt lat="45.854419" lon="13.317869"><ele>8.75</ele></trkpt>
   <trkpt lat="45.856291" lon="13.316263"><ele>9</ele></trkpt>
   <trkpt lat="45.857027" lon="13.31569"><ele>8.5</ele></trkpt>
   <trkpt lat="45.85719" lon="13.315582"><ele>8.75</ele></trkpt>
   <trkpt lat="45.857537" lon="13.315373"><ele>8.75</ele></trkpt>
   <trkpt lat="45.857885" lon="13.315197"><ele>9</ele></trkpt>
   <trkpt lat="45.858261" lon="13.315041"><ele>9</ele></trkpt>
   <trkpt lat="45.858639" lon="13.314924"><ele>9</ele></trkpt>
   <trkpt lat="45.863258" lon="13.31382"><ele>10</ele></trkpt>
   <trkpt lat="45.867429" lon="13.312874"><ele>12</ele></trkpt>
   <trkpt lat="45.867519" lon="13.31285"><ele>12</ele></trkpt>
   <trkpt lat="45.867881" lon="13.312759"><ele>12</ele></trkpt>
   <trkpt lat="45.869973" lon="13.312184"><ele>13</ele></trkpt>
   <trkpt lat="45.870538" lon="13.311951"><ele>13.75</ele></trkpt>
   <trkpt lat="45.871425" lon="13.311584"><ele>13.5</ele></trkpt>
   <trkpt lat="45.872514" lon="13.310972"><ele>14</ele></trkpt>
   <trkpt lat="45.872941" lon="13.310732"><ele>14</ele></trkpt>
   <trkpt lat="45.873955" lon="13.310087"><ele>14</ele></trkpt>
   <trkpt lat="45.875038" lon="13.309416"><ele>14.75</ele></trkpt>
   <trkpt lat="45.875828" lon="13.308931"><ele>15</ele></trkpt>
   <trkpt lat="45.876395" lon="13.308596"><ele>15</ele></trkpt>
   <trkpt lat="45.876754" lon="13.308416"><ele>15</ele></trkpt>
   <trkpt lat="45.877114" lon="13.308262"><ele>15.25</ele></trkpt>
   <trkpt lat="45.877293" lon="13.308176"><ele>15</ele></trkpt>
   <trkpt lat="45.878315" lon="13.307807"><ele>15.75</ele></trkpt>
   <trkpt lat="45.88015" lon="13.307206"><ele>16</ele></trkpt>
   <trkpt lat="45.88718" lon="13.304793"><ele>19</ele></trkpt>
   <trkpt lat="45.89003" lon="13.303841"><ele>20</ele></trkpt>
   <trkpt lat="45.890421" lon="13.303696"><ele>20</ele></trkpt>
   <trkpt lat="45.891171" lon="13.303385"><ele>20</ele></trkpt>
   <trkpt lat="45.891668" lon="13.303161"><ele>20</ele></trkpt>
   <trkpt lat="45.893694" lon="13.302102"><ele>24.25</ele></trkpt>
   <trkpt lat="45.893954" lon="13.301961"><ele>26.25</ele></trkpt>
   <trkpt lat="45.8961" lon="13.300821"><ele>21.75</ele></trkpt>
   <trkpt lat="45.896829" lon="13.300435"><ele>22</ele></trkpt>
   <trkpt lat="45.899652" lon="13.298906"><ele>23</ele></trkpt>
   <trkpt lat="45.900099" lon="13.298663"><ele>23.75</ele></trkpt>
   <trkpt lat="45.90083" lon="13.298285"><ele>24</ele></trkpt>
   <trkpt lat="45.901487" lon="13.297936"><ele>23.75</ele></trkpt>
   <trkpt lat="45.901872" lon="13.297746"><ele>24.5</ele></trkpt>
   <trkpt lat="45.902274" lon="13.297539"><ele>25.5</ele></trkpt>
   <trkpt lat="45.90262" lon="13.297403"><ele>26</ele></trkpt>
   <trkpt lat="45.902966" lon="13.297298"><ele>26.25</ele></trkpt>
   <trkpt lat="45.904227" lon="13.297013"><ele>27.5</ele></trkpt>
   <trkpt lat="45.90659" lon="13.296514"><ele>28</ele></trkpt>
   <trkpt lat="45.906719" lon="13.296487"><ele>28</ele></trkpt>
   <trkpt lat="45.911168" lon="13.295536"><ele>29</ele></trkpt>
   <trkpt lat="45.911577" lon="13.295453"><ele>29.25</ele></trkpt>
   <trkpt lat="45.912131" lon="13.295336"><ele>30</ele></trkpt>
   <trkpt lat="45.912211" lon="13.295319"><ele>30</ele></trkpt>
   <trkpt lat="45.915761" lon="13.294569"><ele>30.75</ele></trkpt>
   <trkpt lat="45.917747" lon="13.29413"><ele>31.75</ele></trkpt>
   <trkpt lat="45.918116" lon="13.294026"><ele>31.5</ele></trkpt>
   <trkpt lat="45.918765" lon="13.29379"><ele>32</ele></trkpt>
   <trkpt lat="45.919428" lon="13.293514"><ele>32.5</ele></trkpt>
   <trkpt lat="45.920006" lon="13.293276"><ele>32.75</ele></trkpt>
   <trkpt lat="45.920129" lon="13.293224"><ele>32.75</ele></trkpt>
   <trkpt lat="45.922546" lon="13.292209"><ele>33.75</ele></trkpt>
   <trkpt lat="45.927034" lon="13.29034"><ele>35</ele></trkpt>
   <trkpt lat="45.928872" lon="13.289553"><ele>36</ele></trkpt>
   <trkpt lat="45.93122" lon="13.288597"><ele>37</ele></trkpt>
   <trkpt lat="45.932335" lon="13.28812"><ele>37</ele></trkpt>
   <trkpt lat="45.93273" lon="13.287935"><ele>37.25</ele></trkpt>
   <trkpt lat="45.932983" lon="13.287801"><ele>37</ele></trkpt>
   <trkpt lat="45.933201" lon="13.287676"><ele>37.25</ele></trkpt>
   <trkpt lat="45.936759" lon="13.285473"><ele>39</ele></trkpt>
   <trkpt lat="45.943038" lon="13.281575"><ele>41.75</ele></trkpt>
   <trkpt lat="45.953641" lon="13.27499"><ele>47</ele></trkpt>
   <trkpt lat="45.953762" lon="13.274914"><ele>47</ele></trkpt>
   <trkpt lat="45.956316" lon="13.273332"><ele>48</ele></trkpt>
   <trkpt lat="45.956361" lon="13.273301"><ele>48</ele></trkpt>
   <trkpt lat="45.962676" lon="13.269381"><ele>51</ele></trkpt>
   <trkpt lat="45.968543" lon="13.265739"><ele>53.75</ele></trkpt>
   <trkpt lat="45.971496" lon="13.263906"><ele>55.25</ele></trkpt>
   <trkpt lat="45.972213" lon="13.26346"><ele>56</ele></trkpt>
   <trkpt lat="45.972517" lon="13.263211"><ele>56</ele></trkpt>
   <trkpt lat="45.972702" lon="13.263093"><ele>56.5</ele></trkpt>
   <trkpt lat="45.974431" lon="13.26202"><ele>56.5</ele></trkpt>
   <trkpt lat="45.974687" lon="13.261858"><ele>57</ele></trkpt>
   <trkpt lat="45.975594" lon="13.26131"><ele>57</ele></trkpt>
   <trkpt lat="45.975896" lon="13.261182"><ele>56.75</ele></trkpt>
   <trkpt lat="45.978729" lon="13.259428"><ele>59</ele></trkpt>
   <trkpt lat="45.979091" lon="13.259218"><ele>59.75</ele></trkpt>
   <trkpt lat="45.97964" lon="13.25892"><ele>60</ele></trkpt>
   <trkpt lat="45.979915" lon="13.258778"><ele>60.25</ele></trkpt>
   <trkpt lat="45.98025" lon="13.258623"><ele>60.75</ele></trkpt>
   <trkpt lat="45.991199" lon="13.254124"><ele>67.75</ele></trkpt>
   <trkpt lat="45.996165" lon="13.252127"><ele>70</ele></trkpt>
   <trkpt lat="45.996575" lon="13.251915"><ele>70.75</ele></trkpt>
   <trkpt lat="46.000299" lon="13.250388"><ele>73</ele></trkpt>
   <trkpt lat="46.000384" lon="13.250354"><ele>73</ele></trkpt>
   <trkpt lat="46.000419" lon="13.250342"><ele>73</ele></trkpt>
   <trkpt lat="46.00209" lon="13.24965"><ele>73.5</ele></trkpt>
   <trkpt lat="46.006437" lon="13.247855"><ele>75</ele></trkpt>
   <trkpt lat="46.027523" lon="13.239172"><ele>88</ele></trkpt>
   <trkpt lat="46.029806" lon="13.23823"><ele>88.75</ele></trkpt>
   <trkpt lat="46.038816" lon="13.234501"><ele>94.75</ele></trkpt>
   <trkpt lat="46.04057" lon="13.233748"><ele>94.75</ele></trkpt>
   <trkpt lat="46.042534" lon="13.23294"><ele>96</ele></trkpt>
   <trkpt lat="46.047801" lon="13.230763"><ele>99.75</ele></trkpt>
   <trkpt lat="46.048434" lon="13.230501"><ele>100.5</ele></trkpt>
   <trkpt lat="46.049149" lon="13.230226"><ele>101.75</ele></trkpt>
   <trkpt lat="46.049292" lon="13.230173"><ele>102</ele></trkpt>
   <trkpt lat="46.049649" lon="13.230081"><ele>102</ele></trkpt>
   <trkpt lat="46.049831" lon="13.230049"><ele>102</ele></trkpt>
   <trkpt lat="46.050123" lon="13.230014"><ele>102.25</ele></trkpt>
   <trkpt lat="46.050424" lon="13.230021"><ele>102.75</ele></trkpt>
   <trkpt lat="46.050695" lon="13.230061"><ele>103</ele></trkpt>
   <trkpt lat="46.051088" lon="13.23016"><ele>102.5</ele></trkpt>
   <trkpt lat="46.051446" lon="13.230313"><ele>102.75</ele></trkpt>
   <trkpt lat="46.051762" lon="13.230532"><ele>103.5</ele></trkpt>
   <trkpt lat="46.051966" lon="13.230686"><ele>104.25</ele></trkpt>
   <trkpt lat="46.052187" lon="13.230909"><ele>104.75</ele></trkpt>
   <trkpt lat="46.052337" lon="13.231087"><ele>104.75</ele></trkpt>
   <trkpt lat="46.052506" lon="13.231337"><ele>105.25</ele></trkpt>
   <trkpt lat="46.052623" lon="13.231535"><ele>105</ele></trkpt>
   <trkpt lat="46.052701" lon="13.231695"><ele>105</ele></trkpt>
   <trkpt lat="46.052775" lon="13.231837"><ele>105.25</ele></trkpt>
   <trkpt lat="46.05284" lon="13.231979"><ele>105.25</ele></trkpt>
   <trkpt lat="46.052896" lon="13.232113"><ele>105.5</ele></trkpt>
   <trkpt lat="46.052939" lon="13.232239"><ele>105.5</ele></trkpt>
   <trkpt lat="46.053014" lon="13.232502"><ele>106.25</ele></trkpt>
   <trkpt lat="46.053135" lon="13.232972"><ele>105</ele></trkpt>
   <trkpt lat="46.053466" lon="13.234299"><ele>105.5</ele></trkpt>
   <trkpt lat="46.053549" lon="13.234586"><ele>106.5</ele></trkpt>
   <trkpt lat="46.053723" lon="13.23512"><ele>106</ele></trkpt>
   <trkpt lat="46.053776" lon="13.235276"><ele>106</ele></trkpt>
   <trkpt lat="46.053835" lon="13.23542"><ele>106.5</ele></trkpt>
   <trkpt lat="46.053934" lon="13.235624"><ele>106.75</ele></trkpt>
   <trkpt lat="46.054108" lon="13.235941"><ele>106.5</ele></trkpt>
   <trkpt lat="46.054285" lon="13.236267"><ele>106.5</ele></trkpt>
   <trkpt lat="46.054592" lon="13.237019"><ele>105.75</ele></trkpt>
   <trkpt lat="46.054675" lon="13.237255"><ele>106.25</ele></trkpt>
   <trkpt lat="46.054793" lon="13.23765"><ele>107</ele></trkpt>
   <trkpt lat="46.054946" lon="13.23827"><ele>106.75</ele></trkpt>
   <trkpt lat="46.055281" lon="13.239633"><ele>107</ele></trkpt>
   <trkpt lat="46.055745" lon="13.241578"><ele>107</ele></trkpt>
   <trkpt lat="46.055754" lon="13.241614"><ele>107</ele></trkpt>
   <trkpt lat="46.055999" lon="13.242615"><ele>107</ele></trkpt>
   <trkpt lat="46.056428" lon="13.244326"><ele>106.75</ele></trkpt>
   <trkpt lat="46.056677" lon="13.245283"><ele>106.75</ele></trkpt>
   <trkpt lat="46.056864" lon="13.245999"><ele>107</ele></trkpt>
   <trkpt lat="46.056939" lon="13.246259"><ele>106.75</ele></trkpt>
   <trkpt lat="46.057065" lon="13.246641"><ele>107</ele></trkpt>
   <trkpt lat="46.057179" lon="13.246934"><ele>107</ele></trkpt>
   <trkpt lat="46.057346" lon="13.247305"><ele>107</ele></trkpt>
   <trkpt lat="46.05752" lon="13.247653"><ele>107</ele></trkpt>
   <trkpt lat="46.057696" lon="13.247981"><ele>107</ele></trkpt>
   <trkpt lat="46.05796" lon="13.24843"><ele>107</ele></trkpt>
   <trkpt lat="46.05818" lon="13.248781"><ele>107</ele></trkpt>
   <trkpt lat="46.058308" lon="13.248963"><ele>107</ele></trkpt>
   <trkpt lat="46.058442" lon="13.249141"><ele>107</ele></trkpt>
   <trkpt lat="46.058712" lon="13.249449"><ele>107.25</ele></trkpt>
   <trkpt lat="46.059006" lon="13.249726"><ele>107</ele></trkpt>
   <trkpt lat="46.059287" lon="13.249939"><ele>107</ele></trkpt>
   <trkpt lat="46.059432" lon="13.250034"><ele>107</ele></trkpt>
   <trkpt lat="46.059611" lon="13.250138"><ele>107.5</ele></trkpt>
   <trkpt lat="46.059916" lon="13.250279"><ele>107.25</ele></trkpt>
   <trkpt lat="46.060061" lon="13.250336"><ele>107</ele></trkpt>
   <trkpt lat="46.060338" lon="13.250419"><ele>108</ele></trkpt>
   <trkpt lat="46.060464" lon="13.250451"><ele>108</ele></trkpt>
   <trkpt lat="46.060629" lon="13.250479"><ele>108</ele></trkpt>
   <trkpt lat="46.060946" lon="13.250512"><ele>108</ele></trkpt>
   <trkpt lat="46.061097" lon="13.250516"><ele>108</ele></trkpt>
   <trkpt lat="46.061292" lon="13.250512"><ele>108</ele></trkpt>
   <trkpt lat="46.061762" lon="13.250466"><ele>108.25</ele></trkpt>
   <trkpt lat="46.062155" lon="13.250446"><ele>108</ele></trkpt>
   <trkpt lat="46.062329" lon="13.250427"><ele>108</ele></trkpt>
   <trkpt lat="46.062864" lon="13.250344"><ele>108</ele></trkpt>
   <trkpt lat="46.06348" lon="13.25025"><ele>109</ele></trkpt>
   <trkpt lat="46.065846" lon="13.249885"><ele>110</ele></trkpt>
   <trkpt lat="46.066322" lon="13.249813"><ele>110</ele></trkpt>
   <trkpt lat="46.069768" lon="13.249285"><ele>111</ele></trkpt>
   <trkpt lat="46.06981" lon="13.24928"><ele>111</ele></trkpt>
   <trkpt lat="46.070112" lon="13.249231"><ele>111</ele></trkpt>
   <trkpt lat="46.071852" lon="13.248967"><ele>112</ele></trkpt>
   <trkpt lat="46.072292" lon="13.248911"><ele>112</ele></trkpt>
   <trkpt lat="46.072741" lon="13.248867"><ele>112.75</ele></trkpt>
   <trkpt lat="46.075721" lon="13.248651"><ele>114.75</ele></trkpt>
   <trkpt lat="46.075808" lon="13.248646"><ele>114.75</ele></trkpt>
   <trkpt lat="46.076377" lon="13.248607"><ele>114.75</ele></trkpt>
   <trkpt lat="46.077408" lon="13.248535"><ele>115.75</ele></trkpt>
   <trkpt lat="46.07744" lon="13.248532"><ele>115.75</ele></trkpt>
   <trkpt lat="46.08026" lon="13.248333"><ele>116.75</ele></trkpt>
   <trkpt lat="46.080326" lon="13.248328"><ele>116.75</ele></trkpt>
   <trkpt lat="46.085855" lon="13.247941"><ele>118</ele></trkpt>
   <trkpt lat="46.086097" lon="13.247924"><ele>118.25</ele></trkpt>
   <trkpt lat="46.087385" lon="13.247832"><ele>120.25</ele></trkpt>
   <trkpt lat="46.088976" lon="13.247721"><ele>121</ele></trkpt>
   <trkpt lat="46.089181" lon="13.247706"><ele>121.25</ele></trkpt>
   <trkpt lat="46.089347" lon="13.247703"><ele>121.5</ele></trkpt>
   <trkpt lat="46.089896" lon="13.247709"><ele>122</ele></trkpt>
   <trkpt lat="46.090096" lon="13.247695"><ele>122</ele></trkpt>
   <trkpt lat="46.092916" lon="13.247496"><ele>124</ele></trkpt>
   <trkpt lat="46.093855" lon="13.24743"><ele>124</ele></trkpt>
   <trkpt lat="46.099146" lon="13.247057"><ele>127</ele></trkpt>
   <trkpt lat="46.099634" lon="13.247026"><ele>127</ele></trkpt>
   <trkpt lat="46.100347" lon="13.246919"><ele>128</ele></trkpt>
   <trkpt lat="46.101034" lon="13.246871"><ele>128</ele></trkpt>
   <trkpt lat="46.101248" lon="13.246867"><ele>128</ele></trkpt>
   <trkpt lat="46.101531" lon="13.246878"><ele>128</ele></trkpt>
   <trkpt lat="46.101756" lon="13.246872"><ele>128</ele></trkpt>
   <trkpt lat="46.106179" lon="13.246551"><ele>131</ele></trkpt>
   <trkpt lat="46.119886" lon="13.245592"><ele>137.25</ele></trkpt>
   <trkpt lat="46.120055" lon="13.24558"><ele>136.75</ele></trkpt>
   <trkpt lat="46.126157" lon="13.245145"><ele>142.75</ele></trkpt>
   <trkpt lat="46.127868" lon="13.245012"><ele>146.75</ele></trkpt>
   <trkpt lat="46.128909" lon="13.244893"><ele>144</ele></trkpt>
   <trkpt lat="46.129636" lon="13.24478"><ele>147.5</ele></trkpt>
   <trkpt lat="46.130671" lon="13.244586"><ele>147.75</ele></trkpt>
   <trkpt lat="46.140417" lon="13.242355"><ele>154.75</ele></trkpt>
   <trkpt lat="46.1405" lon="13.242336"><ele>155</ele></trkpt>
   <trkpt lat="46.143669" lon="13.241606"><ele>159.75</ele></trkpt>
   <trkpt lat="46.144665" lon="13.241354"><ele>160.25</ele></trkpt>
   <trkpt lat="46.14552" lon="13.241112"><ele>161.75</ele></trkpt>
   <trkpt lat="46.146431" lon="13.240804"><ele>162.75</ele></trkpt>
   <trkpt lat="46.14791" lon="13.240259"><ele>163.75</ele></trkpt>
   <trkpt lat="46.148067" lon="13.240197"><ele>163.5</ele></trkpt>
   <trkpt lat="46.148867" lon="13.23985"><ele>164.5</ele></trkpt>
   <trkpt lat="46.151595" lon="13.238549"><ele>167</ele></trkpt>
   <trkpt lat="46.151719" lon="13.23849"><ele>166.5</ele></trkpt>
   <trkpt lat="46.154097" lon="13.237352"><ele>169.75</ele></trkpt>
   <trkpt lat="46.156265" lon="13.236314"><ele>172</ele></trkpt>
   <trkpt lat="46.157132" lon="13.2359"><ele>173.5</ele></trkpt>
   <trkpt lat="46.157473" lon="13.235727"><ele>173.25</ele></trkpt>
   <trkpt lat="46.159187" lon="13.234918"><ele>176.25</ele></trkpt>
   <trkpt lat="46.16119" lon="13.23396"><ele>178</ele></trkpt>
   <trkpt lat="46.1626" lon="13.233283"><ele>180</ele></trkpt>
   <trkpt lat="46.163078" lon="13.233045"><ele>180</ele></trkpt>
   <trkpt lat="46.164066" lon="13.232522"><ele>181.5</ele></trkpt>
   <trkpt lat="46.164563" lon="13.232241"><ele>182</ele></trkpt>
   <trkpt lat="46.16552" lon="13.231662"><ele>183</ele></trkpt>
   <trkpt lat="46.165993" lon="13.231359"><ele>184</ele></trkpt>
   <trkpt lat="46.166889" lon="13.230752"><ele>185.5</ele></trkpt>
   <trkpt lat="46.16773" lon="13.230149"><ele>187</ele></trkpt>
   <trkpt lat="46.168173" lon="13.229808"><ele>186.75</ele></trkpt>
   <trkpt lat="46.169013" lon="13.229139"><ele>188.5</ele></trkpt>
   <trkpt lat="46.169386" lon="13.228825"><ele>187.5</ele></trkpt>
   <trkpt lat="46.1702" lon="13.228111"><ele>190.5</ele></trkpt>
   <trkpt lat="46.170628" lon="13.227719"><ele>191</ele></trkpt>
   <trkpt lat="46.170959" lon="13.227412"><ele>192.75</ele></trkpt>
   <trkpt lat="46.171338" lon="13.227046"><ele>192.75</ele></trkpt>
   <trkpt lat="46.171561" lon="13.226808"><ele>197</ele></trkpt>
   <trkpt lat="46.176785" lon="13.220668"><ele>203</ele></trkpt>
   <trkpt lat="46.179017" lon="13.217826"><ele>201.5</ele></trkpt>
   <trkpt lat="46.180611" lon="13.215795"><ele>201.5</ele></trkpt>
   <trkpt lat="46.18136" lon="13.214861"><ele>206.75</ele></trkpt>
   <trkpt lat="46.182077" lon="13.214012"><ele>208.75</ele></trkpt>
   <trkpt lat="46.182434" lon="13.213607"><ele>207</ele></trkpt>
   <trkpt lat="46.183218" lon="13.212754"><ele>207.5</ele></trkpt>
   <trkpt lat="46.183622" lon="13.21233"><ele>207</ele></trkpt>
   <trkpt lat="46.184026" lon="13.211919"><ele>206.75</ele></trkpt>
   <trkpt lat="46.184843" lon="13.211126"><ele>206.5</ele></trkpt>
   <trkpt lat="46.185677" lon="13.210362"><ele>205</ele></trkpt>
   <trkpt lat="46.186063" lon="13.210025"><ele>204</ele></trkpt>
   <trkpt lat="46.186438" lon="13.209705"><ele>203.75</ele></trkpt>
   <trkpt lat="46.187176" lon="13.209099"><ele>203.25</ele></trkpt>
   <trkpt lat="46.188079" lon="13.208341"><ele>202.75</ele></trkpt>
   <trkpt lat="46.188594" lon="13.207965"><ele>202.5</ele></trkpt>
   <trkpt lat="46.189589" lon="13.207352"><ele>202</ele></trkpt>
   <trkpt lat="46.190522" lon="13.20676"><ele>202</ele></trkpt>
   <trkpt lat="46.191003" lon="13.206473"><ele>201</ele></trkpt>
   <trkpt lat="46.192824" lon="13.205426"><ele>199</ele></trkpt>
   <trkpt lat="46.193431" lon="13.205092"><ele>200.25</ele></trkpt>
   <trkpt lat="46.20308" lon="13.199628"><ele>205</ele></trkpt>
   <trkpt lat="46.203267" lon="13.199523"><ele>205</ele></trkpt>
   <trkpt lat="46.204868" lon="13.198616"><ele>206.5</ele></trkpt>
   <trkpt lat="46.20522" lon="13.198445"><ele>206.5</ele></trkpt>
   <trkpt lat="46.205531" lon="13.198306"><ele>206.75</ele></trkpt>
   <trkpt lat="46.205721" lon="13.198213"><ele>206.75</ele></trkpt>
   <trkpt lat="46.207407" lon="13.197378"><ele>207</ele></trkpt>
   <trkpt lat="46.208086" lon="13.197031"><ele>207</ele></trkpt>
   <trkpt lat="46.209439" lon="13.196269"><ele>207.5</ele></trkpt>
   <trkpt lat="46.21063" lon="13.195592"><ele>207.75</ele></trkpt>
   <trkpt lat="46.21145" lon="13.195081"><ele>207</ele></trkpt>
   <trkpt lat="46.212228" lon="13.194633"><ele>207</ele></trkpt>
   <trkpt lat="46.212387" lon="13.194528"><ele>207</ele></trkpt>
   <trkpt lat="46.212883" lon="13.194186"><ele>207</ele></trkpt>
   <trkpt lat="46.213025" lon="13.194099"><ele>207</ele></trkpt>
   <trkpt lat="46.213209" lon="13.193994"><ele>207.5</ele></trkpt>
   <trkpt lat="46.214414" lon="13.193313"><ele>205.75</ele></trkpt>
   <trkpt lat="46.214485" lon="13.193273"><ele>205.75</ele></trkpt>
   <trkpt lat="46.214732" lon="13.193131"><ele>205.75</ele></trkpt>
   <trkpt lat="46.215439" lon="13.192734"><ele>205</ele></trkpt>
   <trkpt lat="46.216299" lon="13.192236"><ele>205</ele></trkpt>
   <trkpt lat="46.216733" lon="13.191972"><ele>205.75</ele></trkpt>
   <trkpt lat="46.217148" lon="13.191703"><ele>204.5</ele></trkpt>
   <trkpt lat="46.21757" lon="13.191401"><ele>204.5</ele></trkpt>
   <trkpt lat="46.217994" lon="13.191081"><ele>204</ele></trkpt>
   <trkpt lat="46.218428" lon="13.190735"><ele>204</ele></trkpt>
   <trkpt lat="46.218855" lon="13.190365"><ele>202.75</ele></trkpt>
   <trkpt lat="46.2193" lon="13.189952"><ele>202.25</ele></trkpt>
   <trkpt lat="46.219741" lon="13.189519"><ele>202.25</ele></trkpt>
   <trkpt lat="46.22038" lon="13.188836"><ele>201</ele></trkpt>
   <trkpt lat="46.220795" lon="13.188356"><ele>201</ele></trkpt>
   <trkpt lat="46.221194" lon="13.187861"><ele>200</ele></trkpt>
   <trkpt lat="46.221389" lon="13.187608"><ele>199.75</ele></trkpt>
   <trkpt lat="46.221771" lon="13.187088"><ele>199.5</ele></trkpt>
   <trkpt lat="46.222135" lon="13.186565"><ele>199</ele></trkpt>
   <trkpt lat="46.222504" lon="13.186003"><ele>198.75</ele></trkpt>
   <trkpt lat="46.222854" lon="13.185443"><ele>198.25</ele></trkpt>
   <trkpt lat="46.225957" lon="13.180402"><ele>194.25</ele></trkpt>
   <trkpt lat="46.226291" lon="13.179841"><ele>194.5</ele></trkpt>
   <trkpt lat="46.226613" lon="13.179277"><ele>195.75</ele></trkpt>
   <trkpt lat="46.226783" lon="13.178964"><ele>194.5</ele></trkpt>
   <trkpt lat="46.227089" lon="13.178361"><ele>194</ele></trkpt>
   <trkpt lat="46.227229" lon="13.178071"><ele>194.75</ele></trkpt>
   <trkpt lat="46.227371" lon="13.177766"><ele>194</ele></trkpt>
   <trkpt lat="46.227641" lon="13.177148"><ele>193.5</ele></trkpt>
   <trkpt lat="46.227985" lon="13.176292"><ele>192.25</ele></trkpt>
   <trkpt lat="46.228251" lon="13.175546"><ele>192</ele></trkpt>
   <trkpt lat="46.228461" lon="13.174921"><ele>190.75</ele></trkpt>
   <trkpt lat="46.228566" lon="13.174578"><ele>191.5</ele></trkpt>
   <trkpt lat="46.228761" lon="13.173885"><ele>191</ele></trkpt>
   <trkpt lat="46.22894" lon="13.173186"><ele>191</ele></trkpt>
   <trkpt lat="46.229025" lon="13.172828"><ele>190.75</ele></trkpt>
   <trkpt lat="46.229338" lon="13.171382"><ele>189.5</ele></trkpt>
   <trkpt lat="46.231269" lon="13.161996"><ele>187</ele></trkpt>
   <trkpt lat="46.232966" lon="13.153763"><ele>185.75</ele></trkpt>
   <trkpt lat="46.233191" lon="13.152744"><ele>186.5</ele></trkpt>
   <trkpt lat="46.233358" lon="13.152058"><ele>183.75</ele></trkpt>
   <trkpt lat="46.233542" lon="13.151382"><ele>183.5</ele></trkpt>
   <trkpt lat="46.233743" lon="13.150716"><ele>184</ele></trkpt>
   <trkpt lat="46.233962" lon="13.150062"><ele>183.75</ele></trkpt>
   <trkpt lat="46.234196" lon="13.149413"><ele>182.5</ele></trkpt>
   <trkpt lat="46.234445" lon="13.148786"><ele>183</ele></trkpt>
   <trkpt lat="46.23471" lon="13.148165"><ele>183.25</ele></trkpt>
   <trkpt lat="46.235136" lon="13.147258"><ele>182.5</ele></trkpt>
   <trkpt lat="46.235442" lon="13.146675"><ele>182.25</ele></trkpt>
   <trkpt lat="46.235763" lon="13.146102"><ele>182</ele></trkpt>
   <trkpt lat="46.236101" lon="13.14554"><ele>182.75</ele></trkpt>
   <trkpt lat="46.236452" lon="13.145001"><ele>181.75</ele></trkpt>
   <trkpt lat="46.236816" lon="13.14448"><ele>181.25</ele></trkpt>
   <trkpt lat="46.237197" lon="13.143978"><ele>181.5</ele></trkpt>
   <trkpt lat="46.237683" lon="13.143382"><ele>182</ele></trkpt>
   <trkpt lat="46.23781" lon="13.143237"><ele>181.5</ele></trkpt>
   <trkpt lat="46.238396" lon="13.142604"><ele>181.25</ele></trkpt>
   <trkpt lat="46.238821" lon="13.142184"><ele>181.75</ele></trkpt>
   <trkpt lat="46.23926" lon="13.141771"><ele>180.75</ele></trkpt>
   <trkpt lat="46.242684" lon="13.138727"><ele>179</ele></trkpt>
   <trkpt lat="46.243313" lon="13.138164"><ele>179.5</ele></trkpt>
   <trkpt lat="46.246626" lon="13.135222"><ele>181.25</ele></trkpt>
   <trkpt lat="46.246705" lon="13.135152"><ele>181</ele></trkpt>
   <trkpt lat="46.249138" lon="13.13298"><ele>184.5</ele></trkpt>
   <trkpt lat="46.250001" lon="13.132226"><ele>185.75</ele></trkpt>
   <trkpt lat="46.250435" lon="13.13187"><ele>184.75</ele></trkpt>
   <trkpt lat="46.250649" lon="13.131704"><ele>185.25</ele></trkpt>
   <trkpt lat="46.251094" lon="13.131384"><ele>187.5</ele></trkpt>
   <trkpt lat="46.251324" lon="13.131227"><ele>185.75</ele></trkpt>
   <trkpt lat="46.251784" lon="13.130936"><ele>186</ele></trkpt>
   <trkpt lat="46.252268" lon="13.130661"><ele>187</ele></trkpt>
   <trkpt lat="46.253014" lon="13.130285"><ele>186.75</ele></trkpt>
   <trkpt lat="46.253523" lon="13.130064"><ele>187.75</ele></trkpt>
   <trkpt lat="46.254038" lon="13.129875"><ele>187.75</ele></trkpt>
   <trkpt lat="46.254634" lon="13.129696"><ele>188.5</ele></trkpt>
   <trkpt lat="46.255051" lon="13.12959"><ele>189</ele></trkpt>
   <trkpt lat="46.255466" lon="13.129503"><ele>189.75</ele></trkpt>
   <trkpt lat="46.25594" lon="13.129433"><ele>189.75</ele></trkpt>
   <trkpt lat="46.256406" lon="13.129383"><ele>188.75</ele></trkpt>
   <trkpt lat="46.257271" lon="13.129333"><ele>186.5</ele></trkpt>
   <trkpt lat="46.257488" lon="13.129331"><ele>184.5</ele></trkpt>
   <trkpt lat="46.25855" lon="13.129328"><ele>185.5</ele></trkpt>
   <trkpt lat="46.26068" lon="13.129373"><ele>187.25</ele></trkpt>
   <trkpt lat="46.263942" lon="13.129507"><ele>190.25</ele></trkpt>
   <trkpt lat="46.265269" lon="13.129571"><ele>191.25</ele></trkpt>
   <trkpt lat="46.26598" lon="13.12955"><ele>192</ele></trkpt>
   <trkpt lat="46.266182" lon="13.129562"><ele>192.25</ele></trkpt>
   <trkpt lat="46.266927" lon="13.129599"><ele>193</ele></trkpt>
   <trkpt lat="46.267165" lon="13.129597"><ele>193</ele></trkpt>
   <trkpt lat="46.267638" lon="13.129556"><ele>193.5</ele></trkpt>
   <trkpt lat="46.267883" lon="13.129536"><ele>193.75</ele></trkpt>
   <trkpt lat="46.267986" lon="13.129525"><ele>194</ele></trkpt>
   <trkpt lat="46.268566" lon="13.12948"><ele>194</ele></trkpt>
   <trkpt lat="46.269081" lon="13.129487"><ele>193.25</ele></trkpt>
   <trkpt lat="46.269382" lon="13.129486"><ele>192.5</ele></trkpt>
   <trkpt lat="46.269513" lon="13.129478"><ele>192.25</ele></trkpt>
   <trkpt lat="46.269831" lon="13.129435"><ele>192</ele></trkpt>
   <trkpt lat="46.27101" lon="13.129251"><ele>191.5</ele></trkpt>
   <trkpt lat="46.271368" lon="13.129173"><ele>193.5</ele></trkpt>
   <trkpt lat="46.271702" lon="13.129089"><ele>193.5</ele></trkpt>
   <trkpt lat="46.272091" lon="13.128978"><ele>193.5</ele></trkpt>
   <trkpt lat="46.272453" lon="13.128858"><ele>193.5</ele></trkpt>
   <trkpt lat="46.272682" lon="13.128777"><ele>193.5</ele></trkpt>
   <trkpt lat="46.273172" lon="13.128578"><ele>193.75</ele></trkpt>
   <trkpt lat="46.273422" lon="13.128469"><ele>193.75</ele></trkpt>
   <trkpt lat="46.274354" lon="13.128006"><ele>194</ele></trkpt>
   <trkpt lat="46.274819" lon="13.127772"><ele>194.5</ele></trkpt>
   <trkpt lat="46.276163" lon="13.127097"><ele>196.5</ele></trkpt>
   <trkpt lat="46.276991" lon="13.126691"><ele>196.25</ele></trkpt>
   <trkpt lat="46.278027" lon="13.126191"><ele>196</ele></trkpt>
   <trkpt lat="46.278524" lon="13.125902"><ele>196</ele></trkpt>
   <trkpt lat="46.278568" lon="13.125884"><ele>196</ele></trkpt>
   <trkpt lat="46.278691" lon="13.125831"><ele>196</ele></trkpt>
   <trkpt lat="46.278899" lon="13.125741"><ele>197.5</ele></trkpt>
   <trkpt lat="46.279185" lon="13.125617"><ele>199</ele></trkpt>
   <trkpt lat="46.279545" lon="13.125464"><ele>200</ele></trkpt>
   <trkpt lat="46.279907" lon="13.125298"><ele>199.75</ele></trkpt>
   <trkpt lat="46.28382" lon="13.123421"><ele>200.75</ele></trkpt>
   <trkpt lat="46.285132" lon="13.122784"><ele>200.75</ele></trkpt>
   <trkpt lat="46.285296" lon="13.122736"><ele>201</ele></trkpt>
   <trkpt lat="46.285523" lon="13.122639"><ele>201</ele></trkpt>
   <trkpt lat="46.285651" lon="13.122574"><ele>200.75</ele></trkpt>
   <trkpt lat="46.285817" lon="13.122497"><ele>201</ele></trkpt>
   <trkpt lat="46.286376" lon="13.122287"><ele>200.75</ele></trkpt>
   <trkpt lat="46.286541" lon="13.122208"><ele>201.5</ele></trkpt>
   <trkpt lat="46.287025" lon="13.12196"><ele>201.75</ele></trkpt>
   <trkpt lat="46.287199" lon="13.121869"><ele>202</ele></trkpt>
   <trkpt lat="46.287217" lon="13.12186"><ele>202</ele></trkpt>
   <trkpt lat="46.287344" lon="13.1218"><ele>202.5</ele></trkpt>
   <trkpt lat="46.287709" lon="13.121651"><ele>202.5</ele></trkpt>
   <trkpt lat="46.287903" lon="13.121563"><ele>202.25</ele></trkpt>
   <trkpt lat="46.288568" lon="13.121227"><ele>202.5</ele></trkpt>
   <trkpt lat="46.289288" lon="13.120884"><ele>203.5</ele></trkpt>
   <trkpt lat="46.289807" lon="13.120665"><ele>203.5</ele></trkpt>
   <trkpt lat="46.290069" lon="13.120563"><ele>204.75</ele></trkpt>
   <trkpt lat="46.290582" lon="13.120399"><ele>204.5</ele></trkpt>
   <trkpt lat="46.290834" lon="13.120329"><ele>205.5</ele></trkpt>
   <trkpt lat="46.291368" lon="13.120205"><ele>204.75</ele></trkpt>
   <trkpt lat="46.291885" lon="13.120107"><ele>205.75</ele></trkpt>
   <trkpt lat="46.292128" lon="13.120073"><ele>206.25</ele></trkpt>
   <trkpt lat="46.292305" lon="13.120048"><ele>206.75</ele></trkpt>
   <trkpt lat="46.292955" lon="13.119993"><ele>208.75</ele></trkpt>
   <trkpt lat="46.29321" lon="13.119985"><ele>208.75</ele></trkpt>
   <trkpt lat="46.293467" lon="13.119983"><ele>208.75</ele></trkpt>
   <trkpt lat="46.293982" lon="13.119996"><ele>209.75</ele></trkpt>
   <trkpt lat="46.294495" lon="13.120037"><ele>209.25</ele></trkpt>
   <trkpt lat="46.294994" lon="13.120102"><ele>208.75</ele></trkpt>
   <trkpt lat="46.295223" lon="13.12014"><ele>208.25</ele></trkpt>
   <trkpt lat="46.295686" lon="13.120229"><ele>208.75</ele></trkpt>
   <trkpt lat="46.296143" lon="13.120327"><ele>210.75</ele></trkpt>
   <trkpt lat="46.297521" lon="13.120834"><ele>217.75</ele></trkpt>
   <trkpt lat="46.297945" lon="13.121014"><ele>220</ele></trkpt>
   <trkpt lat="46.298243" lon="13.121155"><ele>220</ele></trkpt>
   <trkpt lat="46.298424" lon="13.121259"><ele>218.75</ele></trkpt>
   <trkpt lat="46.298752" lon="13.121442"><ele>214.75</ele></trkpt>
   <trkpt lat="46.299131" lon="13.121666"><ele>214.75</ele></trkpt>
   <trkpt lat="46.299367" lon="13.121802"><ele>213.5</ele></trkpt>
   <trkpt lat="46.300138" lon="13.122282"><ele>216.5</ele></trkpt>
   <trkpt lat="46.300617" lon="13.122566"><ele>216.5</ele></trkpt>
   <trkpt lat="46.301077" lon="13.122829"><ele>217.25</ele></trkpt>
   <trkpt lat="46.301504" lon="13.123048"><ele>217.25</ele></trkpt>
   <trkpt lat="46.301544" lon="13.123069"><ele>217.25</ele></trkpt>
   <trkpt lat="46.301891" lon="13.123238"><ele>217.75</ele></trkpt>
   <trkpt lat="46.302568" lon="13.123531"><ele>219</ele></trkpt>
   <trkpt lat="46.303333" lon="13.123829"><ele>220.5</ele></trkpt>
   <trkpt lat="46.303806" lon="13.123998"><ele>221.5</ele></trkpt>
   <trkpt lat="46.304317" lon="13.124195"><ele>222.25</ele></trkpt>
   <trkpt lat="46.304813" lon="13.124367"><ele>223.25</ele></trkpt>
   <trkpt lat="46.305817" lon="13.124686"><ele>225.25</ele></trkpt>
   <trkpt lat="46.30593" lon="13.124717"><ele>225.25</ele></trkpt>
   <trkpt lat="46.306256" lon="13.124818"><ele>223.75</ele></trkpt>
   <trkpt lat="46.306368" lon="13.124854"><ele>223.5</ele></trkpt>
   <trkpt lat="46.306762" lon="13.12499"><ele>223.5</ele></trkpt>
   <trkpt lat="46.30729" lon="13.125191"><ele>223.5</ele></trkpt>
   <trkpt lat="46.308069" lon="13.125475"><ele>223.5</ele></trkpt>
   <trkpt lat="46.308859" lon="13.12571"><ele>223.25</ele></trkpt>
   <trkpt lat="46.309389" lon="13.125852"><ele>223.25</ele></trkpt>
   <trkpt lat="46.310987" lon="13.126229"><ele>223</ele></trkpt>
   <trkpt lat="46.311519" lon="13.126369"><ele>223</ele></trkpt>
   <trkpt lat="46.312051" lon="13.126525"><ele>222.75</ele></trkpt>
   <trkpt lat="46.312578" lon="13.126696"><ele>222.75</ele></trkpt>
   <trkpt lat="46.313105" lon="13.126873"><ele>222.75</ele></trkpt>
   <trkpt lat="46.313627" lon="13.127063"><ele>222.75</ele></trkpt>
   <trkpt lat="46.314146" lon="13.127272"><ele>222.5</ele></trkpt>
   <trkpt lat="46.314664" lon="13.127495"><ele>222.5</ele></trkpt>
   <trkpt lat="46.315177" lon="13.127732"><ele>222.5</ele></trkpt>
   <trkpt lat="46.315731" lon="13.128015"><ele>222.25</ele></trkpt>
   <trkpt lat="46.317175" lon="13.12876"><ele>222.5</ele></trkpt>
   <trkpt lat="46.31768" lon="13.129002"><ele>222.25</ele></trkpt>
   <trkpt lat="46.318179" lon="13.129224"><ele>222.5</ele></trkpt>
   <trkpt lat="46.318662" lon="13.129423"><ele>222.75</ele></trkpt>
   <trkpt lat="46.319606" lon="13.129775"><ele>222.5</ele></trkpt>
   <trkpt lat="46.320503" lon="13.130069"><ele>222</ele></trkpt>
   <trkpt lat="46.322925" lon="13.130842"><ele>224.25</ele></trkpt>
   <trkpt lat="46.323873" lon="13.131158"><ele>224.5</ele></trkpt>
   <trkpt lat="46.324342" lon="13.131339"><ele>225</ele></trkpt>
   <trkpt lat="46.324817" lon="13.131542"><ele>225</ele></trkpt>
   <trkpt lat="46.325286" lon="13.131756"><ele>224.75</ele></trkpt>
   <trkpt lat="46.32576" lon="13.131994"><ele>224.75</ele></trkpt>
   <trkpt lat="46.326249" lon="13.132259"><ele>226</ele></trkpt>
   <trkpt lat="46.326741" lon="13.132542"><ele>226.5</ele></trkpt>
   <trkpt lat="46.331952" lon="13.135636"><ele>230.25</ele></trkpt>
   <trkpt lat="46.333946" lon="13.136822"><ele>230</ele></trkpt>
   <trkpt lat="46.334066" lon="13.136892"><ele>230.75</ele></trkpt>
   <trkpt lat="46.335181" lon="13.137552"><ele>232.5</ele></trkpt>
   <trkpt lat="46.335671" lon="13.137827"><ele>232.5</ele></trkpt>
   <trkpt lat="46.335893" lon="13.137942"><ele>231.5</ele></trkpt>
   <trkpt lat="46.336508" lon="13.138242"><ele>231</ele></trkpt>
   <trkpt lat="46.336878" lon="13.1384"><ele>233.5</ele></trkpt>
   <trkpt lat="46.337352" lon="13.138581"><ele>234</ele></trkpt>
   <trkpt lat="46.337832" lon="13.138737"><ele>232.5</ele></trkpt>
   <trkpt lat="46.338285" lon="13.138865"><ele>233.25</ele></trkpt>
   <trkpt lat="46.338862" lon="13.138995"><ele>234</ele></trkpt>
   <trkpt lat="46.339138" lon="13.139045"><ele>234.5</ele></trkpt>
   <trkpt lat="46.339472" lon="13.139093"><ele>235.25</ele></trkpt>
   <trkpt lat="46.339907" lon="13.139138"><ele>235.25</ele></trkpt>
   <trkpt lat="46.340407" lon="13.139173"><ele>235.75</ele></trkpt>
   <trkpt lat="46.342087" lon="13.139206"><ele>236.5</ele></trkpt>
   <trkpt lat="46.342568" lon="13.139223"><ele>236.25</ele></trkpt>
   <trkpt lat="46.343075" lon="13.139256"><ele>236.5</ele></trkpt>
   <trkpt lat="46.343566" lon="13.139306"><ele>236</ele></trkpt>
   <trkpt lat="46.344065" lon="13.139389"><ele>237</ele></trkpt>
   <trkpt lat="46.344584" lon="13.139494"><ele>237.25</ele></trkpt>
   <trkpt lat="46.34564" lon="13.139729"><ele>238</ele></trkpt>
   <trkpt lat="46.346392" lon="13.139883"><ele>236.75</ele></trkpt>
   <trkpt lat="46.34662" lon="13.139921"><ele>236.75</ele></trkpt>
   <trkpt lat="46.346982" lon="13.139974"><ele>237</ele></trkpt>
   <trkpt lat="46.347226" lon="13.139998"><ele>237.25</ele></trkpt>
   <trkpt lat="46.347495" lon="13.140022"><ele>237.5</ele></trkpt>
   <trkpt lat="46.348034" lon="13.14005"><ele>238</ele></trkpt>
   <trkpt lat="46.34858" lon="13.140044"><ele>238.5</ele></trkpt>
   <trkpt lat="46.349121" lon="13.140013"><ele>238.75</ele></trkpt>
   <trkpt lat="46.34966" lon="13.139948"><ele>239.25</ele></trkpt>
   <trkpt lat="46.350197" lon="13.139857"><ele>239.75</ele></trkpt>
   <trkpt lat="46.350734" lon="13.139737"><ele>240.25</ele></trkpt>
   <trkpt lat="46.351002" lon="13.139663"><ele>240.25</ele></trkpt>
   <trkpt lat="46.351338" lon="13.139557"><ele>240.75</ele></trkpt>
   <trkpt lat="46.351806" lon="13.139401"><ele>240.75</ele></trkpt>
   <trkpt lat="46.352265" lon="13.139223"><ele>242</ele></trkpt>
   <trkpt lat="46.352488" lon="13.139125"><ele>242.5</ele></trkpt>
   <trkpt lat="46.353113" lon="13.138819"><ele>241.5</ele></trkpt>
   <trkpt lat="46.353764" lon="13.138457"><ele>240.25</ele></trkpt>
   <trkpt lat="46.354829" lon="13.137835"><ele>242</ele></trkpt>
   <trkpt lat="46.355316" lon="13.137561"><ele>242.5</ele></trkpt>
   <trkpt lat="46.356322" lon="13.137031"><ele>242</ele></trkpt>
   <trkpt lat="46.35732" lon="13.13655"><ele>242</ele></trkpt>
   <trkpt lat="46.359306" lon="13.135618"><ele>245.25</ele></trkpt>
   <trkpt lat="46.361209" lon="13.134704"><ele>247.5</ele></trkpt>
   <trkpt lat="46.36265" lon="13.134036"><ele>247.5</ele></trkpt>
   <trkpt lat="46.362838" lon="13.13395"><ele>248.5</ele></trkpt>
   <trkpt lat="46.363912" lon="13.133454"><ele>251.5</ele></trkpt>
   <trkpt lat="46.364529" lon="13.13318"><ele>251.5</ele></trkpt>
   <trkpt lat="46.364758" lon="13.133083"><ele>252.25</ele></trkpt>
   <trkpt lat="46.365429" lon="13.132841"><ele>252.5</ele></trkpt>
   <trkpt lat="46.36565" lon="13.132777"><ele>252.75</ele></trkpt>
   <trkpt lat="46.36614" lon="13.132655"><ele>252.75</ele></trkpt>
   <trkpt lat="46.366942" lon="13.132484"><ele>253.75</ele></trkpt>
   <trkpt lat="46.367153" lon="13.132447"><ele>254</ele></trkpt>
   <trkpt lat="46.367378" lon="13.132419"><ele>254.25</ele></trkpt>
   <trkpt lat="46.367732" lon="13.132395"><ele>252.5</ele></trkpt>
   <trkpt lat="46.367922" lon="13.132366"><ele>252.75</ele></trkpt>
   <trkpt lat="46.367976" lon="13.132355"><ele>253</ele></trkpt>
   <trkpt lat="46.36817" lon="13.132318"><ele>254.25</ele></trkpt>
   <trkpt lat="46.368874" lon="13.132223"><ele>256.75</ele></trkpt>
   <trkpt lat="46.369513" lon="13.132181"><ele>257</ele></trkpt>
   <trkpt lat="46.369749" lon="13.132176"><ele>257</ele></trkpt>
   <trkpt lat="46.370227" lon="13.132191"><ele>257.75</ele></trkpt>
   <trkpt lat="46.370549" lon="13.132217"><ele>258</ele></trkpt>
   <trkpt lat="46.370787" lon="13.132247"><ele>257.5</ele></trkpt>
   <trkpt lat="46.371196" lon="13.132309"><ele>257.75</ele></trkpt>
   <trkpt lat="46.371582" lon="13.132385"><ele>258</ele></trkpt>
   <trkpt lat="46.372317" lon="13.132569"><ele>258.5</ele></trkpt>
   <trkpt lat="46.373594" lon="13.132915"><ele>258.5</ele></trkpt>
   <trkpt lat="46.375413" lon="13.133406"><ele>258.25</ele></trkpt>
   <trkpt lat="46.376105" lon="13.133578"><ele>258.25</ele></trkpt>
   <trkpt lat="46.376332" lon="13.13362"><ele>259.5</ele></trkpt>
   <trkpt lat="46.376602" lon="13.133654"><ele>260.25</ele></trkpt>
   <trkpt lat="46.376889" lon="13.133702"><ele>260.5</ele></trkpt>
   <trkpt lat="46.377865" lon="13.133948"><ele>262</ele></trkpt>
   <trkpt lat="46.378525" lon="13.134132"><ele>263.75</ele></trkpt>
   <trkpt lat="46.378783" lon="13.134202"><ele>264.5</ele></trkpt>
   <trkpt lat="46.379568" lon="13.134415"><ele>264.75</ele></trkpt>
   <trkpt lat="46.380246" lon="13.134593"><ele>264.5</ele></trkpt>
   <trkpt lat="46.380628" lon="13.134694"><ele>264.5</ele></trkpt>
   <trkpt lat="46.382216" lon="13.135127"><ele>267.5</ele></trkpt>
   <trkpt lat="46.3906" lon="13.137386"><ele>283.5</ele></trkpt>
   <trkpt lat="46.3909" lon="13.137469"><ele>284</ele></trkpt>
   <trkpt lat="46.391232" lon="13.137577"><ele>284.75</ele></trkpt>
   <trkpt lat="46.391386" lon="13.137632"><ele>285</ele></trkpt>
   <trkpt lat="46.391952" lon="13.137845"><ele>286</ele></trkpt>
   <trkpt lat="46.392479" lon="13.138083"><ele>286.75</ele></trkpt>
   <trkpt lat="46.39303" lon="13.138393"><ele>288</ele></trkpt>
   <trkpt lat="46.393594" lon="13.138747"><ele>289</ele></trkpt>
   <trkpt lat="46.394139" lon="13.139145"><ele>290</ele></trkpt>
   <trkpt lat="46.394681" lon="13.139584"><ele>291</ele></trkpt>
   <trkpt lat="46.395289" lon="13.140123"><ele>292.25</ele></trkpt>
   <trkpt lat="46.396181" lon="13.141018"><ele>294.25</ele></trkpt>
   <trkpt lat="46.396828" lon="13.141702"><ele>295.5</ele></trkpt>
   <trkpt lat="46.39747" lon="13.142445"><ele>297</ele></trkpt>
   <trkpt lat="46.398261" lon="13.143442"><ele>298.75</ele></trkpt>
   <trkpt lat="46.398976" lon="13.144457"><ele>300.5</ele></trkpt>
   <trkpt lat="46.39962" lon="13.145447"><ele>302.25</ele></trkpt>
   <trkpt lat="46.400239" lon="13.146551"><ele>303.75</ele></trkpt>
   <trkpt lat="46.400706" lon="13.147576"><ele>305.25</ele></trkpt>
   <trkpt lat="46.401096" lon="13.148563"><ele>306.75</ele></trkpt>
   <trkpt lat="46.401356" lon="13.14933"><ele>307.75</ele></trkpt>
   <trkpt lat="46.402694" lon="13.153564"><ele>313.25</ele></trkpt>
   <trkpt lat="46.416523" lon="13.197696"><ele>371.25</ele></trkpt>
   <trkpt lat="46.417605" lon="13.201188"><ele>375.25</ele></trkpt>
   <trkpt lat="46.417803" lon="13.201834"><ele>376</ele></trkpt>
   <trkpt lat="46.417846" lon="13.201976"><ele>376</ele></trkpt>
   <trkpt lat="46.418038" lon="13.202506"><ele>376.75</ele></trkpt>
   <trkpt lat="46.435439" lon="13.262379"><ele>445.5</ele></trkpt>
   <trkpt lat="46.436678" lon="13.266674"><ele>450.5</ele></trkpt>
   <trkpt lat="46.438503" lon="13.272868"><ele>457.5</ele></trkpt>
   <trkpt lat="46.440094" lon="13.277333"><ele>463</ele></trkpt>
   <trkpt lat="46.44154" lon="13.28049"><ele>467</ele></trkpt>
   <trkpt lat="46.442834" lon="13.283031"><ele>470.25</ele></trkpt>
   <trkpt lat="46.44423" lon="13.285373"><ele>473.5</ele></trkpt>
   <trkpt lat="46.445539" lon="13.287237"><ele>476.25</ele></trkpt>
   <trkpt lat="46.447177" lon="13.289061"><ele>479.5</ele></trkpt>
   <trkpt lat="46.449486" lon="13.291011"><ele>483.5</ele></trkpt>
   <trkpt lat="46.451643" lon="13.292438"><ele>487.25</ele></trkpt>
   <trkpt lat="46.452518" lon="13.292903"><ele>488.75</ele></trkpt>
   <trkpt lat="46.453714" lon="13.293333"><ele>490.5</ele></trkpt>
   <trkpt lat="46.455438" lon="13.293621"><ele>493.25</ele></trkpt>
   <trkpt lat="46.456798" lon="13.293665"><ele>495.25</ele></trkpt>
   <trkpt lat="46.458051" lon="13.293557"><ele>497.25</ele></trkpt>
   <trkpt lat="46.459327" lon="13.293354"><ele>499.25</ele></trkpt>
   <trkpt lat="46.461215" lon="13.292973"><ele>502.25</ele></trkpt>
   <trkpt lat="46.462202" lon="13.292786"><ele>503.75</ele></trkpt>
   <trkpt lat="46.471143" lon="13.291459"><ele>517.75</ele></trkpt>
   <trkpt lat="46.472306" lon="13.291391"><ele>519.5</ele></trkpt>
   <trkpt lat="46.475036" lon="13.291316"><ele>523.75</ele></trkpt>
   <trkpt lat="46.476747" lon="13.291334"><ele>526.5</ele></trkpt>
   <trkpt lat="46.478402" lon="13.291442"><ele>529</ele></trkpt>
   <trkpt lat="46.479701" lon="13.291572"><ele>531.25</ele></trkpt>
   <trkpt lat="46.480192" lon="13.291635"><ele>532</ele></trkpt>
   <trkpt lat="46.482305" lon="13.292029"><ele>535.25</ele></trkpt>
   <trkpt lat="46.486441" lon="13.292984"><ele>541.75</ele></trkpt>
   <trkpt lat="46.488168" lon="13.293475"><ele>544.5</ele></trkpt>
   <trkpt lat="46.489754" lon="13.294041"><ele>547.25</ele></trkpt>
   <trkpt lat="46.491806" lon="13.295065"><ele>550.5</ele></trkpt>
   <trkpt lat="46.494311" lon="13.2966"><ele>554.75</ele></trkpt>
   <trkpt lat="46.495168" lon="13.297151"><ele>556.25</ele></trkpt>
   <trkpt lat="46.49783" lon="13.298968"><ele>561</ele></trkpt>
   <trkpt lat="46.498487" lon="13.299432"><ele>561</ele></trkpt>
   <trkpt lat="46.498723" lon="13.2996"><ele>560.25</ele></trkpt>
   <trkpt lat="46.498796" lon="13.299652"><ele>560.5</ele></trkpt>
   <trkpt lat="46.498917" lon="13.299738"><ele>560.75</ele></trkpt>
   <trkpt lat="46.499058" lon="13.299843"><ele>559.5</ele></trkpt>
   <trkpt lat="46.499371" lon="13.300104"><ele>558.5</ele></trkpt>
   <trkpt lat="46.499539" lon="13.30023"><ele>557.5</ele></trkpt>
   <trkpt lat="46.50026" lon="13.30073"><ele>559.25</ele></trkpt>
   <trkpt lat="46.500674" lon="13.30099"><ele>559.25</ele></trkpt>
   <trkpt lat="46.502695" lon="13.302212"><ele>562.75</ele></trkpt>
   <trkpt lat="46.504736" lon="13.303449"><ele>563</ele></trkpt>
   <trkpt lat="46.505052" lon="13.303655"><ele>563.5</ele></trkpt>
   <trkpt lat="46.505212" lon="13.303771"><ele>563.5</ele></trkpt>
   <trkpt lat="46.505506" lon="13.304018"><ele>563.75</ele></trkpt>
   <trkpt lat="46.505905" lon="13.304417"><ele>562</ele></trkpt>
   <trkpt lat="46.506146" lon="13.304673"><ele>561.75</ele></trkpt>
   <trkpt lat="46.506399" lon="13.304956"><ele>561.75</ele></trkpt>
   <trkpt lat="46.506649" lon="13.30525"><ele>561.75</ele></trkpt>
   <trkpt lat="46.506894" lon="13.305565"><ele>561.75</ele></trkpt>
   <trkpt lat="46.507011" lon="13.305734"><ele>562.25</ele></trkpt>
   <trkpt lat="46.507345" lon="13.306276"><ele>567.75</ele></trkpt>
   <trkpt lat="46.50753" lon="13.306633"><ele>570</ele></trkpt>
   <trkpt lat="46.507679" lon="13.306974"><ele>567.25</ele></trkpt>
   <trkpt lat="46.507816" lon="13.307334"><ele>567</ele></trkpt>
   <trkpt lat="46.507903" lon="13.307599"><ele>566</ele></trkpt>
   <trkpt lat="46.507994" lon="13.307902"><ele>565.25</ele></trkpt>
   <trkpt lat="46.508092" lon="13.308287"><ele>563</ele></trkpt>
   <trkpt lat="46.508163" lon="13.308632"><ele>563.25</ele></trkpt>
   <trkpt lat="46.508201" lon="13.308853"><ele>564</ele></trkpt>
   <trkpt lat="46.508234" lon="13.30908"><ele>565</ele></trkpt>
   <trkpt lat="46.508293" lon="13.309637"><ele>566.25</ele></trkpt>
   <trkpt lat="46.508492" lon="13.311812"><ele>565.25</ele></trkpt>
   <trkpt lat="46.508606" lon="13.312973"><ele>566.75</ele></trkpt>
   <trkpt lat="46.508789" lon="13.314908"><ele>566.75</ele></trkpt>
   <trkpt lat="46.508877" lon="13.315717"><ele>568</ele></trkpt>
   <trkpt lat="46.509056" lon="13.31709"><ele>568</ele></trkpt>
   <trkpt lat="46.509168" lon="13.317888"><ele>568</ele></trkpt>
   <trkpt lat="46.509359" lon="13.319377"><ele>568.25</ele></trkpt>
   <trkpt lat="46.509493" lon="13.320374"><ele>568.75</ele></trkpt>
   <trkpt lat="46.509642" lon="13.321356"><ele>570.5</ele></trkpt>
   <trkpt lat="46.509817" lon="13.322256"><ele>573</ele></trkpt>
   <trkpt lat="46.509917" lon="13.3227"><ele>572.25</ele></trkpt>
   <trkpt lat="46.510068" lon="13.323314"><ele>573.75</ele></trkpt>
   <trkpt lat="46.510342" lon="13.324269"><ele>578</ele></trkpt>
   <trkpt lat="46.510369" lon="13.324378"><ele>581.25</ele></trkpt>
   <trkpt lat="46.510572" lon="13.325179"><ele>582</ele></trkpt>
   <trkpt lat="46.510723" lon="13.325976"><ele>579.75</ele></trkpt>
   <trkpt lat="46.51108" lon="13.327359"><ele>578.5</ele></trkpt>
   <trkpt lat="46.511918" lon="13.330689"><ele>581.5</ele></trkpt>
   <trkpt lat="46.512084" lon="13.331293"><ele>584</ele></trkpt>
   <trkpt lat="46.512288" lon="13.331974"><ele>584.75</ele></trkpt>
   <trkpt lat="46.512501" lon="13.332575"><ele>585.5</ele></trkpt>
   <trkpt lat="46.513064" lon="13.334071"><ele>587.75</ele></trkpt>
   <trkpt lat="46.513432" lon="13.334886"><ele>588.75</ele></trkpt>
   <trkpt lat="46.513856" lon="13.335681"><ele>590</ele></trkpt>
   <trkpt lat="46.514793" lon="13.337253"><ele>592.5</ele></trkpt>
   <trkpt lat="46.515752" lon="13.338762"><ele>595</ele></trkpt>
   <trkpt lat="46.518698" lon="13.342957"><ele>602</ele></trkpt>
   <trkpt lat="46.519539" lon="13.344179"><ele>604.25</ele></trkpt>
   <trkpt lat="46.51995" lon="13.344795"><ele>605.25</ele></trkpt>
   <trkpt lat="46.521135" lon="13.346986"><ele>608.5</ele></trkpt>
   <trkpt lat="46.521481" lon="13.347668"><ele>609.5</ele></trkpt>
   <trkpt lat="46.521982" lon="13.348938"><ele>611.25</ele></trkpt>
   <trkpt lat="46.522283" lon="13.349733"><ele>612.5</ele></trkpt>
   <trkpt lat="46.522552" lon="13.350557"><ele>613.5</ele></trkpt>
   <trkpt lat="46.522775" lon="13.351296"><ele>614.5</ele></trkpt>
   <trkpt lat="46.523004" lon="13.352189"><ele>615.75</ele></trkpt>
   <trkpt lat="46.523188" lon="13.352988"><ele>616.75</ele></trkpt>
   <trkpt lat="46.523309" lon="13.353572"><ele>617.5</ele></trkpt>
   <trkpt lat="46.523402" lon="13.35418"><ele>618.25</ele></trkpt>
   <trkpt lat="46.523513" lon="13.355121"><ele>619.25</ele></trkpt>
   <trkpt lat="46.523572" lon="13.356156"><ele>620.5</ele></trkpt>
   <trkpt lat="46.523573" lon="13.357051"><ele>621.5</ele></trkpt>
   <trkpt lat="46.523502" lon="13.359008"><ele>624</ele></trkpt>
   <trkpt lat="46.523456" lon="13.359822"><ele>625</ele></trkpt>
   <trkpt lat="46.523393" lon="13.360607"><ele>626</ele></trkpt>
   <trkpt lat="46.523283" lon="13.361406"><ele>626.75</ele></trkpt>
   <trkpt lat="46.523176" lon="13.362084"><ele>627.75</ele></trkpt>
   <trkpt lat="46.523052" lon="13.362762"><ele>628.5</ele></trkpt>
   <trkpt lat="46.522892" lon="13.363584"><ele>629.5</ele></trkpt>
   <trkpt lat="46.522719" lon="13.364335"><ele>630.5</ele></trkpt>
   <trkpt lat="46.522516" lon="13.365091"><ele>631.5</ele></trkpt>
   <trkpt lat="46.522317" lon="13.365697"><ele>632.25</ele></trkpt>
   <trkpt lat="46.5221" lon="13.366281"><ele>633</ele></trkpt>
   <trkpt lat="46.521877" lon="13.366844"><ele>633.75</ele></trkpt>
   <trkpt lat="46.521628" lon="13.367426"><ele>634.75</ele></trkpt>
   <trkpt lat="46.521264" lon="13.368188"><ele>635.75</ele></trkpt>
   <trkpt lat="46.520328" lon="13.370011"><ele>638.5</ele></trkpt>
   <trkpt lat="46.519241" lon="13.371951"><ele>641.5</ele></trkpt>
   <trkpt lat="46.51883" lon="13.37261"><ele>642.5</ele></trkpt>
   <trkpt lat="46.517135" lon="13.375078"><ele>646.75</ele></trkpt>
   <trkpt lat="46.513262" lon="13.380999"><ele>656.5</ele></trkpt>
   <trkpt lat="46.507865" lon="13.389808"><ele>670.75</ele></trkpt>
   <trkpt lat="46.507629" lon="13.390276"><ele>671.25</ele></trkpt>
   <trkpt lat="46.507398" lon="13.390752"><ele>672</ele></trkpt>
   <trkpt lat="46.507031" lon="13.39162"><ele>673.25</ele></trkpt>
   <trkpt lat="46.50691" lon="13.391931"><ele>673.75</ele></trkpt>
   <trkpt lat="46.506795" lon="13.392267"><ele>674.25</ele></trkpt>
   <trkpt lat="46.506578" lon="13.392968"><ele>675</ele></trkpt>
   <trkpt lat="46.506473" lon="13.393445"><ele>675.75</ele></trkpt>
   <trkpt lat="46.506392" lon="13.393943"><ele>676.25</ele></trkpt>
   <trkpt lat="46.506303" lon="13.394696"><ele>677.25</ele></trkpt>
   <trkpt lat="46.506232" lon="13.395463"><ele>678.25</ele></trkpt>
   <trkpt lat="46.506172" lon="13.396543"><ele>679</ele></trkpt>
   <trkpt lat="46.50594" lon="13.402372"><ele>684.25</ele></trkpt>
   <trkpt lat="46.505966" lon="13.403668"><ele>685.5</ele></trkpt>
   <trkpt lat="46.506036" lon="13.404998"><ele>686.75</ele></trkpt>
   <trkpt lat="46.506183" lon="13.406475"><ele>688</ele></trkpt>
   <trkpt lat="46.50634" lon="13.407699"><ele>689.25</ele></trkpt>
   <trkpt lat="46.506845" lon="13.410429"><ele>691.75</ele></trkpt>
   <trkpt lat="46.507188" lon="13.411583"><ele>692.75</ele></trkpt>
   <trkpt lat="46.507553" lon="13.412734"><ele>694</ele></trkpt>
   <trkpt lat="46.507962" lon="13.413707"><ele>695</ele></trkpt>
   <trkpt lat="46.509007" lon="13.416136"><ele>697.5</ele></trkpt>
   <trkpt lat="46.509289" lon="13.416731"><ele>698.25</ele></trkpt>
   <trkpt lat="46.509626" lon="13.417281"><ele>698.75</ele></trkpt>
   <trkpt lat="46.518077" lon="13.430302"><ele>714.75</ele></trkpt>
   <trkpt lat="46.519451" lon="13.432381"><ele>717.5</ele></trkpt>
   <trkpt lat="46.52227" lon="13.436621"><ele>722.75</ele></trkpt>
   <trkpt lat="46.522973" lon="13.437696"><ele>724</ele></trkpt>
   <trkpt lat="46.523724" lon="13.439003"><ele>725.5</ele></trkpt>
   <trkpt lat="46.5242" lon="13.440085"><ele>726.75</ele></trkpt>
   <trkpt lat="46.524514" lon="13.44104"><ele>727.75</ele></trkpt>
   <trkpt lat="46.524826" lon="13.442068"><ele>728.75</ele></trkpt>
   <trkpt lat="46.525092" lon="13.443109"><ele>729.75</ele></trkpt>
   <trkpt lat="46.525247" lon="13.443935"><ele>730.5</ele></trkpt>
   <trkpt lat="46.525385" lon="13.444788"><ele>731.25</ele></trkpt>
   <trkpt lat="46.525493" lon="13.445777"><ele>732</ele></trkpt>
   <trkpt lat="46.525589" lon="13.44677"><ele>733</ele></trkpt>
   <trkpt lat="46.525634" lon="13.44779"><ele>734</ele></trkpt>
   <trkpt lat="46.525648" lon="13.448584"><ele>734.75</ele></trkpt>
   <trkpt lat="46.525635" lon="13.449219"><ele>735.25</ele></trkpt>
   <trkpt lat="46.525614" lon="13.449853"><ele>735.75</ele></trkpt>
   <trkpt lat="46.525578" lon="13.450442"><ele>736.25</ele></trkpt>
   <trkpt lat="46.525527" lon="13.451025"><ele>736.75</ele></trkpt>
   <trkpt lat="46.525435" lon="13.451708"><ele>737.5</ele></trkpt>
   <trkpt lat="46.525311" lon="13.45251"><ele>738.25</ele></trkpt>
   <trkpt lat="46.525171" lon="13.453256"><ele>738.75</ele></trkpt>
   <trkpt lat="46.524978" lon="13.454115"><ele>739.75</ele></trkpt>
   <trkpt lat="46.524837" lon="13.454596"><ele>740.25</ele></trkpt>
   <trkpt lat="46.524701" lon="13.455034"><ele>740.5</ele></trkpt>
   <trkpt lat="46.524434" lon="13.455873"><ele>741.5</ele></trkpt>
   <trkpt lat="46.524251" lon="13.456426"><ele>742</ele></trkpt>
   <trkpt lat="46.524077" lon="13.456887"><ele>742.5</ele></trkpt>
   <trkpt lat="46.523782" lon="13.457573"><ele>743.25</ele></trkpt>
   <trkpt lat="46.523355" lon="13.458379"><ele>744</ele></trkpt>
   <trkpt lat="46.520816" lon="13.462859"><ele>749.25</ele></trkpt>
   <trkpt lat="46.517195" lon="13.469375"><ele>756.75</ele></trkpt>
   <trkpt lat="46.512981" lon="13.476917"><ele>765.5</ele></trkpt>
   <trkpt lat="46.509778" lon="13.482495"><ele>772</ele></trkpt>
   <trkpt lat="46.509456" lon="13.483041"><ele>772.5</ele></trkpt>
   <trkpt lat="46.50823" lon="13.485254"><ele>774</ele></trkpt>
   <trkpt lat="46.50769" lon="13.486242"><ele>774.75</ele></trkpt>
   <trkpt lat="46.506906" lon="13.487632"><ele>775.75</ele></trkpt>
   <trkpt lat="46.506362" lon="13.488612"><ele>775.75</ele></trkpt>
   <trkpt lat="46.50488" lon="13.491263"><ele>779</ele></trkpt>
   <trkpt lat="46.504845" lon="13.491323"><ele>779.5</ele></trkpt>
   <trkpt lat="46.504748" lon="13.49152"><ele>781</ele></trkpt>
   <trkpt lat="46.504634" lon="13.491786"><ele>783.25</ele></trkpt>
   <trkpt lat="46.504514" lon="13.492036"><ele>782.5</ele></trkpt>
   <trkpt lat="46.504306" lon="13.492398"><ele>782.5</ele></trkpt>
   <trkpt lat="46.503896" lon="13.493114"><ele>782.5</ele></trkpt>
   <trkpt lat="46.503278" lon="13.494219"><ele>782.5</ele></trkpt>
   <trkpt lat="46.502799" lon="13.495055"><ele>783</ele></trkpt>
   <trkpt lat="46.502286" lon="13.495927"><ele>783</ele></trkpt>
   <trkpt lat="46.50178" lon="13.496764"><ele>782.75</ele></trkpt>
   <trkpt lat="46.500895" lon="13.49816"><ele>783</ele></trkpt>
   <trkpt lat="46.499863" lon="13.499694"><ele>783</ele></trkpt>
   <trkpt lat="46.499486" lon="13.500241"><ele>783</ele></trkpt>
   <trkpt lat="46.499195" lon="13.500665"><ele>783</ele></trkpt>
   <trkpt lat="46.49911" lon="13.500802"><ele>784.5</ele></trkpt>
   <trkpt lat="46.499025" lon="13.500946"><ele>784.25</ele></trkpt>
   <trkpt lat="46.499016" lon="13.50096"><ele>784.25</ele></trkpt>
   <trkpt lat="46.498328" lon="13.502049"><ele>783.5</ele></trkpt>
   <trkpt lat="46.495491" lon="13.506934"><ele>780.25</ele></trkpt>
   <trkpt lat="46.494443" lon="13.508806"><ele>779</ele></trkpt>
   <trkpt lat="46.49368" lon="13.510407"><ele>778</ele></trkpt>
   <trkpt lat="46.493094" lon="13.51211"><ele>777</ele></trkpt>
   <trkpt lat="46.492613" lon="13.513637"><ele>776.25</ele></trkpt>
   <trkpt lat="46.492187" lon="13.515037"><ele>775.5</ele></trkpt>
   <trkpt lat="46.491926" lon="13.516058"><ele>774.75</ele></trkpt>
   <trkpt lat="46.491727" lon="13.517012"><ele>774.25</ele></trkpt>
   <trkpt lat="46.491576" lon="13.51798"><ele>773.75</ele></trkpt>
   <trkpt lat="46.491492" lon="13.518826"><ele>773.5</ele></trkpt>
   <trkpt lat="46.491419" lon="13.51997"><ele>772.75</ele></trkpt>
   <trkpt lat="46.49138" lon="13.521594"><ele>772</ele></trkpt>
   <trkpt lat="46.491207" lon="13.539125"><ele>763</ele></trkpt>
   <trkpt lat="46.491231" lon="13.540372"><ele>762.5</ele></trkpt>
   <trkpt lat="46.491472" lon="13.546626"><ele>759.25</ele></trkpt>
   <trkpt lat="46.491727" lon="13.557524"><ele>753.5</ele></trkpt>
   <trkpt lat="46.49183" lon="13.561599"><ele>751.5</ele></trkpt>
   <trkpt lat="46.491875" lon="13.562871"><ele>751</ele></trkpt>
   <trkpt lat="46.49206" lon="13.565276"><ele>749.75</ele></trkpt>
   <trkpt lat="46.493089" lon="13.572242"><ele>746</ele></trkpt>
   <trkpt lat="46.493321" lon="13.573681"><ele>745.25</ele></trkpt>
   <trkpt lat="46.496218" lon="13.586474"><ele>738.5</ele></trkpt>
   <trkpt lat="46.4966" lon="13.588144"><ele>738.5</ele></trkpt>
   <trkpt lat="46.497091" lon="13.590238"><ele>738.75</ele></trkpt>
   <trkpt lat="46.497398" lon="13.591333"><ele>739</ele></trkpt>
   <trkpt lat="46.497756" lon="13.592472"><ele>739.25</ele></trkpt>
   <trkpt lat="46.498553" lon="13.594734"><ele>739.75</ele></trkpt>
   <trkpt lat="46.499109" lon="13.596281"><ele>740</ele></trkpt>
   <trkpt lat="46.499501" lon="13.597119"><ele>740</ele></trkpt>
   <trkpt lat="46.500013" lon="13.597976"><ele>740.25</ele></trkpt>
   <trkpt lat="46.502192" lon="13.600941"><ele>741</ele></trkpt>
   <trkpt lat="46.502295" lon="13.601082"><ele>741</ele></trkpt>
   <trkpt lat="46.502324" lon="13.601121"><ele>741</ele></trkpt>
   <trkpt lat="46.502395" lon="13.60122"><ele>741.25</ele></trkpt>
   <trkpt lat="46.502542" lon="13.601424"><ele>741.25</ele></trkpt>
   <trkpt lat="46.502804" lon="13.601789"><ele>739</ele></trkpt>
   <trkpt lat="46.506271" lon="13.607055"><ele>743</ele></trkpt>
   <trkpt lat="46.506414" lon="13.607276"><ele>743</ele></trkpt>
   <trkpt lat="46.506628" lon="13.6076"><ele>743</ele></trkpt>
   <trkpt lat="46.50695" lon="13.608083"><ele>743</ele></trkpt>
   <trkpt lat="46.506972" lon="13.608115"><ele>743</ele></trkpt>
   <trkpt lat="46.508276" lon="13.610095"><ele>743.5</ele></trkpt>
   <trkpt lat="46.509427" lon="13.611836"><ele>743.25</ele></trkpt>
   <trkpt lat="46.509596" lon="13.612095"><ele>743</ele></trkpt>
   <trkpt lat="46.510006" lon="13.612713"><ele>742.75</ele></trkpt>
   <trkpt lat="46.510056" lon="13.612786"><ele>742.75</ele></trkpt>
   <trkpt lat="46.510333" lon="13.61321"><ele>742.5</ele></trkpt>
   <trkpt lat="46.511639" lon="13.615195"><ele>741.5</ele></trkpt>
   <trkpt lat="46.511838" lon="13.615486"><ele>741.5</ele></trkpt>
   <trkpt lat="46.512347" lon="13.616263"><ele>742</ele></trkpt>
   <trkpt lat="46.513259" lon="13.617652"><ele>739</ele></trkpt>
   <trkpt lat="46.513795" lon="13.618513"><ele>737.25</ele></trkpt>
   <trkpt lat="46.514819" lon="13.620047"><ele>734</ele></trkpt>
   <trkpt lat="46.514947" lon="13.620259"><ele>733.75</ele></trkpt>
   <trkpt lat="46.515105" lon="13.620529"><ele>733.25</ele></trkpt>
   <trkpt lat="46.515521" lon="13.621291"><ele>731.75</ele></trkpt>
   <trkpt lat="46.515703" lon="13.62171"><ele>731</ele></trkpt>
   <trkpt lat="46.515863" lon="13.622134"><ele>730.25</ele></trkpt>
   <trkpt lat="46.515993" lon="13.622608"><ele>729.5</ele></trkpt>
   <trkpt lat="46.516066" lon="13.623042"><ele>728.75</ele></trkpt>
   <trkpt lat="46.516116" lon="13.62344"><ele>728.25</ele></trkpt>
   <trkpt lat="46.516144" lon="13.62382"><ele>727.75</ele></trkpt>
   <trkpt lat="46.516167" lon="13.624227"><ele>727</ele></trkpt>
   <trkpt lat="46.516188" lon="13.625086"><ele>725.75</ele></trkpt>
   <trkpt lat="46.51617" lon="13.62561"><ele>725</ele></trkpt>
   <trkpt lat="46.516141" lon="13.62613"><ele>724.25</ele></trkpt>
   <trkpt lat="46.51609" lon="13.626621"><ele>723.5</ele></trkpt>
   <trkpt lat="46.516026" lon="13.627104"><ele>722.75</ele></trkpt>
   <trkpt lat="46.515915" lon="13.62762"><ele>722</ele></trkpt>
   <trkpt lat="46.51578" lon="13.628132"><ele>721</ele></trkpt>
   <trkpt lat="46.515561" lon="13.628833"><ele>720</ele></trkpt>
   <trkpt lat="46.515334" lon="13.629534"><ele>718.75</ele></trkpt>
   <trkpt lat="46.514691" lon="13.631304"><ele>715.75</ele></trkpt>
   <trkpt lat="46.514217" lon="13.632508"><ele>713.75</ele></trkpt>
   <trkpt lat="46.51402" lon="13.633114"><ele>712.75</ele></trkpt>
   <trkpt lat="46.513805" lon="13.633909"><ele>711.5</ele></trkpt>
   <trkpt lat="46.513711" lon="13.634367"><ele>710.75</ele></trkpt>
   <trkpt lat="46.513634" lon="13.63486"><ele>710</ele></trkpt>
   <trkpt lat="46.513592" lon="13.635383"><ele>709.25</ele></trkpt>
   <trkpt lat="46.513591" lon="13.635803"><ele>708.5</ele></trkpt>
   <trkpt lat="46.513609" lon="13.636369"><ele>707.75</ele></trkpt>
   <trkpt lat="46.513646" lon="13.636934"><ele>707</ele></trkpt>
   <trkpt lat="46.513725" lon="13.637529"><ele>706</ele></trkpt>
   <trkpt lat="46.513824" lon="13.638094"><ele>705.25</ele></trkpt>
   <trkpt lat="46.513895" lon="13.638421"><ele>704.75</ele></trkpt>
   <trkpt lat="46.513982" lon="13.638729"><ele>704.25</ele></trkpt>
   <trkpt lat="46.514141" lon="13.639184"><ele>703.25</ele></trkpt>
   <trkpt lat="46.514285" lon="13.639554"><ele>702.75</ele></trkpt>
   <trkpt lat="46.514452" lon="13.639927"><ele>702</ele></trkpt>
   <trkpt lat="46.514659" lon="13.640323"><ele>701.25</ele></trkpt>
   <trkpt lat="46.514784" lon="13.64054"><ele>701</ele></trkpt>
   <trkpt lat="46.51495" lon="13.640806"><ele>700.25</ele></trkpt>
   <trkpt lat="46.51512" lon="13.641062"><ele>699.75</ele></trkpt>
   <trkpt lat="46.515482" lon="13.641495"><ele>698.75</ele></trkpt>
   <trkpt lat="46.515682" lon="13.641684"><ele>698.25</ele></trkpt>
   <trkpt lat="46.515909" lon="13.641878"><ele>697.75</ele></trkpt>
   <trkpt lat="46.516115" lon="13.642038"><ele>697.25</ele></trkpt>
   <trkpt lat="46.516346" lon="13.642177"><ele>696.75</ele></trkpt>
   <trkpt lat="46.51666" lon="13.642344"><ele>696</ele></trkpt>
   <trkpt lat="46.516921" lon="13.642459"><ele>695.25</ele></trkpt>
   <trkpt lat="46.517188" lon="13.642563"><ele>694.75</ele></trkpt>
   <trkpt lat="46.517537" lon="13.642665"><ele>694</ele></trkpt>
   <trkpt lat="46.517964" lon="13.642746"><ele>693</ele></trkpt>
   <trkpt lat="46.518281" lon="13.642769"><ele>692.25</ele></trkpt>
   <trkpt lat="46.518612" lon="13.642737"><ele>691.75</ele></trkpt>
   <trkpt lat="46.518889" lon="13.642672"><ele>691</ele></trkpt>
   <trkpt lat="46.519174" lon="13.64258"><ele>690.5</ele></trkpt>
   <trkpt lat="46.519514" lon="13.642424"><ele>689.75</ele></trkpt>
   <trkpt lat="46.519863" lon="13.642197"><ele>688.75</ele></trkpt>
   <trkpt lat="46.52008" lon="13.642025"><ele>688.25</ele></trkpt>
   <trkpt lat="46.520744" lon="13.641349"><ele>686.5</ele></trkpt>
   <trkpt lat="46.521207" lon="13.64082"><ele>685.25</ele></trkpt>
   <trkpt lat="46.522484" lon="13.639059"><ele>681.5</ele></trkpt>
   <trkpt lat="46.523022" lon="13.638445"><ele>680</ele></trkpt>
   <trkpt lat="46.523486" lon="13.63803"><ele>678.75</ele></trkpt>
   <trkpt lat="46.524092" lon="13.637614"><ele>677.25</ele></trkpt>
   <trkpt lat="46.524699" lon="13.637249"><ele>676</ele></trkpt>
   <trkpt lat="46.525046" lon="13.637063"><ele>675</ele></trkpt>
   <trkpt lat="46.525523" lon="13.636842"><ele>674</ele></trkpt>
   <trkpt lat="46.525623" lon="13.636809"><ele>673.75</ele></trkpt>
   <trkpt lat="46.525692" lon="13.636786"><ele>673.5</ele></trkpt>
   <trkpt lat="46.525834" lon="13.636744"><ele>673.75</ele></trkpt>
   <trkpt lat="46.526069" lon="13.636694"><ele>673</ele></trkpt>
   <trkpt lat="46.526206" lon="13.636673"><ele>672.75</ele></trkpt>
   <trkpt lat="46.526502" lon="13.63665"><ele>672.25</ele></trkpt>
   <trkpt lat="46.526661" lon="13.636649"><ele>671.75</ele></trkpt>
   <trkpt lat="46.526996" lon="13.636677"><ele>671</ele></trkpt>
   <trkpt lat="46.527351" lon="13.636746"><ele>670.25</ele></trkpt>
   <trkpt lat="46.527526" lon="13.636803"><ele>670</ele></trkpt>
   <trkpt lat="46.527878" lon="13.636941"><ele>669</ele></trkpt>
   <trkpt lat="46.528216" lon="13.637108"><ele>668.25</ele></trkpt>
   <trkpt lat="46.528401" lon="13.637219"><ele>667.75</ele></trkpt>
   <trkpt lat="46.528721" lon="13.637448"><ele>667</ele></trkpt>
   <trkpt lat="46.529044" lon="13.637715"><ele>666.25</ele></trkpt>
   <trkpt lat="46.52937" lon="13.63801"><ele>665.5</ele></trkpt>
   <trkpt lat="46.52977" lon="13.638395"><ele>664.5</ele></trkpt>
   <trkpt lat="46.530375" lon="13.638969"><ele>664.5</ele></trkpt>
   <trkpt lat="46.530693" lon="13.639244"><ele>663.5</ele></trkpt>
   <trkpt lat="46.530857" lon="13.639371"><ele>663.25</ele></trkpt>
   <trkpt lat="46.53101" lon="13.639478"><ele>661.5</ele></trkpt>
   <trkpt lat="46.531342" lon="13.63968"><ele>660.5</ele></trkpt>
   <trkpt lat="46.531518" lon="13.639772"><ele>659.25</ele></trkpt>
   <trkpt lat="46.531857" lon="13.639919"><ele>658</ele></trkpt>
   <trkpt lat="46.532031" lon="13.639981"><ele>657.75</ele></trkpt>
   <trkpt lat="46.532379" lon="13.640075"><ele>653.25</ele></trkpt>
   <trkpt lat="46.532747" lon="13.640133"><ele>651.25</ele></trkpt>
   <trkpt lat="46.532939" lon="13.640152"><ele>651.75</ele></trkpt>
   <trkpt lat="46.533704" lon="13.640206"><ele>655</ele></trkpt>
   <trkpt lat="46.534039" lon="13.640258"><ele>654.75</ele></trkpt>
   <trkpt lat="46.534241" lon="13.640301"><ele>654.5</ele></trkpt>
   <trkpt lat="46.534407" lon="13.640344"><ele>653.5</ele></trkpt>
   <trkpt lat="46.534687" lon="13.640447"><ele>652.5</ele></trkpt>
   <trkpt lat="46.534848" lon="13.640526"><ele>652.25</ele></trkpt>
   <trkpt lat="46.535112" lon="13.640667"><ele>651.75</ele></trkpt>
   <trkpt lat="46.535162" lon="13.640695"><ele>651.5</ele></trkpt>
   <trkpt lat="46.53533" lon="13.640805"><ele>651.25</ele></trkpt>
   <trkpt lat="46.535677" lon="13.641067"><ele>650.25</ele></trkpt>
   <trkpt lat="46.535818" lon="13.641192"><ele>650</ele></trkpt>
   <trkpt lat="46.53607" lon="13.641446"><ele>649</ele></trkpt>
   <trkpt lat="46.536255" lon="13.641651"><ele>648.75</ele></trkpt>
   <trkpt lat="46.536573" lon="13.642066"><ele>647.75</ele></trkpt>
   <trkpt lat="46.536857" lon="13.642506"><ele>647.25</ele></trkpt>
   <trkpt lat="46.537032" lon="13.642829"><ele>647.5</ele></trkpt>
   <trkpt lat="46.537201" lon="13.643173"><ele>647.5</ele></trkpt>
   <trkpt lat="46.537656" lon="13.644167"><ele>655.75</ele></trkpt>
   <trkpt lat="46.537946" lon="13.644725"><ele>652.75</ele></trkpt>
   <trkpt lat="46.538144" lon="13.645066"><ele>650</ele></trkpt>
   <trkpt lat="46.538301" lon="13.645323"><ele>647.5</ele></trkpt>
   <trkpt lat="46.538483" lon="13.645596"><ele>647.75</ele></trkpt>
   <trkpt lat="46.539017" lon="13.646371"><ele>644.5</ele></trkpt>
   <trkpt lat="46.539158" lon="13.646573"><ele>644.75</ele></trkpt>
   <trkpt lat="46.541144" lon="13.649438"><ele>646</ele></trkpt>
   <trkpt lat="46.541492" lon="13.649956"><ele>646</ele></trkpt>
   <trkpt lat="46.541685" lon="13.650268"><ele>646</ele></trkpt>
   <trkpt lat="46.541855" lon="13.650558"><ele>645.75</ele></trkpt>
   <trkpt lat="46.542259" lon="13.651324"><ele>645.5</ele></trkpt>
   <trkpt lat="46.542414" lon="13.651644"><ele>645.75</ele></trkpt>
   <trkpt lat="46.542855" lon="13.652531"><ele>644</ele></trkpt>
   <trkpt lat="46.543068" lon="13.652964"><ele>643</ele></trkpt>
   <trkpt lat="46.543093" lon="13.653014"><ele>643</ele></trkpt>
   <trkpt lat="46.543323" lon="13.653493"><ele>642.25</ele></trkpt>
   <trkpt lat="46.543509" lon="13.65385"><ele>642.5</ele></trkpt>
   <trkpt lat="46.543612" lon="13.65404"><ele>641.25</ele></trkpt>
   <trkpt lat="46.543837" lon="13.654413"><ele>640.5</ele></trkpt>
   <trkpt lat="46.543984" lon="13.654628"><ele>640</ele></trkpt>
   <trkpt lat="46.544233" lon="13.654958"><ele>639</ele></trkpt>
   <trkpt lat="46.544565" lon="13.655328"><ele>640.25</ele></trkpt>
   <trkpt lat="46.54494" lon="13.655708"><ele>644.5</ele></trkpt>
   <trkpt lat="46.545358" lon="13.656173"><ele>644</ele></trkpt>
   <trkpt lat="46.545694" lon="13.656587"><ele>637</ele></trkpt>
   <trkpt lat="46.545926" lon="13.656912"><ele>635.5</ele></trkpt>
   <trkpt lat="46.54604" lon="13.657092"><ele>635.5</ele></trkpt>
   <trkpt lat="46.546249" lon="13.657466"><ele>633.5</ele></trkpt>
   <trkpt lat="46.546467" lon="13.657918"><ele>632.5</ele></trkpt>
   <trkpt lat="46.54654" lon="13.658094"><ele>632.5</ele></trkpt>
   <trkpt lat="46.54669" lon="13.658486"><ele>630.5</ele></trkpt>
   <trkpt lat="46.546791" lon="13.658792"><ele>630</ele></trkpt>
   <trkpt lat="46.547014" lon="13.659529"><ele>628.5</ele></trkpt>
   <trkpt lat="46.547086" lon="13.659776"><ele>627.25</ele></trkpt>
   <trkpt lat="46.548078" lon="13.663154"><ele>622.75</ele></trkpt>
   <trkpt lat="46.548283" lon="13.663804"><ele>620</ele></trkpt>
   <trkpt lat="46.548396" lon="13.664113"><ele>621</ele></trkpt>
   <trkpt lat="46.548504" lon="13.664379"><ele>619.25</ele></trkpt>
   <trkpt lat="46.54862" lon="13.66464"><ele>620</ele></trkpt>
   <trkpt lat="46.548723" lon="13.66485"><ele>620.5</ele></trkpt>
   <trkpt lat="46.548834" lon="13.665057"><ele>619.75</ele></trkpt>
   <trkpt lat="46.549095" lon="13.665485"><ele>618</ele></trkpt>
   <trkpt lat="46.549403" lon="13.66591"><ele>616.25</ele></trkpt>
   <trkpt lat="46.550174" lon="13.666864"><ele>613</ele></trkpt>
   <trkpt lat="46.550347" lon="13.667091"><ele>612.5</ele></trkpt>
   <trkpt lat="46.550515" lon="13.667329"><ele>612</ele></trkpt>
   <trkpt lat="46.550661" lon="13.667556"><ele>611.5</ele></trkpt>
   <trkpt lat="46.550802" lon="13.667797"><ele>611.25</ele></trkpt>
   <trkpt lat="46.55093" lon="13.668037"><ele>609.5</ele></trkpt>
   <trkpt lat="46.551054" lon="13.668289"><ele>609.5</ele></trkpt>
   <trkpt lat="46.551113" lon="13.668423"><ele>608.5</ele></trkpt>
   <trkpt lat="46.551276" lon="13.668827"><ele>607</ele></trkpt>
   <trkpt lat="46.551435" lon="13.669309"><ele>608.75</ele></trkpt>
   <trkpt lat="46.551508" lon="13.669567"><ele>607</ele></trkpt>
   <trkpt lat="46.551574" lon="13.669831"><ele>606.5</ele></trkpt>
   <trkpt lat="46.551681" lon="13.670366"><ele>607.5</ele></trkpt>
   <trkpt lat="46.551747" lon="13.670847"><ele>605.25</ele></trkpt>
   <trkpt lat="46.551776" lon="13.671131"><ele>604.75</ele></trkpt>
   <trkpt lat="46.551795" lon="13.671414"><ele>604.25</ele></trkpt>
   <trkpt lat="46.551806" lon="13.671708"><ele>603.75</ele></trkpt>
   <trkpt lat="46.551809" lon="13.672001"><ele>602.75</ele></trkpt>
   <trkpt lat="46.551801" lon="13.672287"><ele>602.5</ele></trkpt>
   <trkpt lat="46.551785" lon="13.672574"><ele>602.5</ele></trkpt>
   <trkpt lat="46.551759" lon="13.672871"><ele>602</ele></trkpt>
   <trkpt lat="46.551726" lon="13.673169"><ele>602.5</ele></trkpt>
   <trkpt lat="46.551682" lon="13.67345"><ele>602.5</ele></trkpt>
   <trkpt lat="46.551569" lon="13.674043"><ele>600.5</ele></trkpt>
   <trkpt lat="46.551286" lon="13.67527"><ele>598.75</ele></trkpt>
   <trkpt lat="46.550833" lon="13.677187"><ele>596.75</ele></trkpt>
   <trkpt lat="46.550588" lon="13.678256"><ele>594.75</ele></trkpt>
   <trkpt lat="46.550518" lon="13.67859"><ele>593.5</ele></trkpt>
   <trkpt lat="46.550403" lon="13.679211"><ele>592.5</ele></trkpt>
   <trkpt lat="46.550345" lon="13.679593"><ele>593.5</ele></trkpt>
   <trkpt lat="46.550295" lon="13.679984"><ele>593.25</ele></trkpt>
   <trkpt lat="46.549876" lon="13.683907"><ele>586.5</ele></trkpt>
   <trkpt lat="46.549845" lon="13.684238"><ele>586.5</ele></trkpt>
   <trkpt lat="46.549822" lon="13.684574"><ele>585.75</ele></trkpt>
   <trkpt lat="46.549808" lon="13.684907"><ele>585.5</ele></trkpt>
   <trkpt lat="46.549805" lon="13.685245"><ele>584.5</ele></trkpt>
   <trkpt lat="46.549811" lon="13.685578"><ele>583.25</ele></trkpt>
   <trkpt lat="46.549828" lon="13.685915"><ele>582</ele></trkpt>
   <trkpt lat="46.549851" lon="13.686238"><ele>581.25</ele></trkpt>
   <trkpt lat="46.549885" lon="13.686558"><ele>581</ele></trkpt>
   <trkpt lat="46.549931" lon="13.686889"><ele>581</ele></trkpt>
   <trkpt lat="46.549985" lon="13.687215"><ele>581.5</ele></trkpt>
   <trkpt lat="46.55005" lon="13.687527"><ele>581.75</ele></trkpt>
   <trkpt lat="46.550123" lon="13.687839"><ele>583</ele></trkpt>
   <trkpt lat="46.550311" lon="13.68851"><ele>579.5</ele></trkpt>
   <trkpt lat="46.550736" lon="13.689823"><ele>574.5</ele></trkpt>
   <trkpt lat="46.550832" lon="13.690137"><ele>573.25</ele></trkpt>
   <trkpt lat="46.550958" lon="13.690595"><ele>570.5</ele></trkpt>
   <trkpt lat="46.551103" lon="13.691188"><ele>569.5</ele></trkpt>
   <trkpt lat="46.551344" lon="13.692135"><ele>568</ele></trkpt>
   <trkpt lat="46.551479" lon="13.69269"><ele>567</ele></trkpt>
   <trkpt lat="46.551601" lon="13.693273"><ele>566.25</ele></trkpt>
   <trkpt lat="46.551757" lon="13.694246"><ele>566.25</ele></trkpt>
   <trkpt lat="46.551814" lon="13.694705"><ele>563.25</ele></trkpt>
   <trkpt lat="46.551881" lon="13.695463"><ele>564</ele></trkpt>
   <trkpt lat="46.551904" lon="13.695862"><ele>564.75</ele></trkpt>
   <trkpt lat="46.55192" lon="13.696317"><ele>565.25</ele></trkpt>
   <trkpt lat="46.551926" lon="13.696903"><ele>565.25</ele></trkpt>
   <trkpt lat="46.551907" lon="13.697713"><ele>563.75</ele></trkpt>
   <trkpt lat="46.551844" lon="13.699344"><ele>564</ele></trkpt>
   <trkpt lat="46.55184" lon="13.699457"><ele>563.75</ele></trkpt>
   <trkpt lat="46.551828" lon="13.699799"><ele>563.25</ele></trkpt>
   <trkpt lat="46.551804" lon="13.700412"><ele>565</ele></trkpt>
   <trkpt lat="46.551784" lon="13.700956"><ele>566.75</ele></trkpt>
   <trkpt lat="46.551773" lon="13.701262"><ele>567</ele></trkpt>
   <trkpt lat="46.551771" lon="13.701299"><ele>567</ele></trkpt>
   <trkpt lat="46.551752" lon="13.70185"><ele>567</ele></trkpt>
   <trkpt lat="46.551745" lon="13.702212"><ele>567</ele></trkpt>
   <trkpt lat="46.551751" lon="13.702613"><ele>567.5</ele></trkpt>
   <trkpt lat="46.551757" lon="13.702763"><ele>567.5</ele></trkpt>
   <trkpt lat="46.551799" lon="13.703203"><ele>567</ele></trkpt>
   <trkpt lat="46.551831" lon="13.703548"><ele>567</ele></trkpt>
   <trkpt lat="46.551858" lon="13.703905"><ele>567</ele></trkpt>
   <trkpt lat="46.551888" lon="13.704257"><ele>567</ele></trkpt>
   <trkpt lat="46.551918" lon="13.704609"><ele>567</ele></trkpt>
   <trkpt lat="46.551957" lon="13.705139"><ele>567</ele></trkpt>
   <trkpt lat="46.551961" lon="13.705356"><ele>567</ele></trkpt>
   <trkpt lat="46.551817" lon="13.709538"><ele>570.5</ele></trkpt>
   <trkpt lat="46.551893" lon="13.710979"><ele>567.75</ele></trkpt>
   <trkpt lat="46.551924" lon="13.711414"><ele>567</ele></trkpt>
   <trkpt lat="46.55196" lon="13.711713"><ele>567</ele></trkpt>
   <trkpt lat="46.552013" lon="13.711995"><ele>567</ele></trkpt>
   <trkpt lat="46.552369" lon="13.713649"><ele>567</ele></trkpt>
   <trkpt lat="46.552417" lon="13.713926"><ele>567</ele></trkpt>
   <trkpt lat="46.55245" lon="13.714184"><ele>567</ele></trkpt>
   <trkpt lat="46.552487" lon="13.714472"><ele>567</ele></trkpt>
   <trkpt lat="46.552535" lon="13.714769"><ele>567</ele></trkpt>
   <trkpt lat="46.552572" lon="13.714943"><ele>567</ele></trkpt>
   <trkpt lat="46.552606" lon="13.71515"><ele>566.75</ele></trkpt>
   <trkpt lat="46.552628" lon="13.715394"><ele>566.5</ele></trkpt>
   <trkpt lat="46.552652" lon="13.715771"><ele>566.25</ele></trkpt>
   <trkpt lat="46.552685" lon="13.716252"><ele>567</ele></trkpt>
   <trkpt lat="46.55272" lon="13.716615"><ele>566.75</ele></trkpt>
   <trkpt lat="46.552745" lon="13.716922"><ele>566.75</ele></trkpt>
   <trkpt lat="46.552773" lon="13.717419"><ele>566.75</ele></trkpt>
   <trkpt lat="46.552796" lon="13.717668"><ele>567.25</ele></trkpt>
   <trkpt lat="46.552808" lon="13.717776"><ele>567.5</ele></trkpt>
   <trkpt lat="46.552831" lon="13.718096"><ele>568</ele></trkpt>
   <trkpt lat="46.55284" lon="13.71867"><ele>568.75</ele></trkpt>
   <trkpt lat="46.552845" lon="13.718766"><ele>568.75</ele></trkpt>
   <trkpt lat="46.55285" lon="13.718867"><ele>569</ele></trkpt>
   <trkpt lat="46.552868" lon="13.719239"><ele>568.5</ele></trkpt>
   <trkpt lat="46.552874" lon="13.719606"><ele>568</ele></trkpt>
   <trkpt lat="46.552872" lon="13.719876"><ele>567.75</ele></trkpt>
   <trkpt lat="46.552822" lon="13.722083"><ele>567.25</ele></trkpt>
   <trkpt lat="46.552821" lon="13.722121"><ele>567.25</ele></trkpt>
   <trkpt lat="46.552818" lon="13.722279"><ele>567.25</ele></trkpt>
   <trkpt lat="46.55275" lon="13.724882"><ele>566.5</ele></trkpt>
   <trkpt lat="46.552719" lon="13.725497"><ele>565.5</ele></trkpt>
   <trkpt lat="46.552659" lon="13.726252"><ele>565</ele></trkpt>
   <trkpt lat="46.552623" lon="13.726619"><ele>564.75</ele></trkpt>
   <trkpt lat="46.552524" lon="13.727382"><ele>565.25</ele></trkpt>
   <trkpt lat="46.552359" lon="13.728543"><ele>565.75</ele></trkpt>
   <trkpt lat="46.55227" lon="13.729222"><ele>566.75</ele></trkpt>
   <trkpt lat="46.552206" lon="13.729851"><ele>565.25</ele></trkpt>
   <trkpt lat="46.552178" lon="13.730196"><ele>565.5</ele></trkpt>
   <trkpt lat="46.552153" lon="13.730548"><ele>564.5</ele></trkpt>
   <trkpt lat="46.55213" lon="13.731047"><ele>564</ele></trkpt>
   <trkpt lat="46.552121" lon="13.73133"><ele>564.75</ele></trkpt>
   <trkpt lat="46.552116" lon="13.732042"><ele>564.75</ele></trkpt>
   <trkpt lat="46.55213" lon="13.732796"><ele>564.25</ele></trkpt>
   <trkpt lat="46.552145" lon="13.73318"><ele>564</ele></trkpt>
   <trkpt lat="46.552199" lon="13.733959"><ele>564.75</ele></trkpt>
   <trkpt lat="46.552465" lon="13.737344"><ele>564.25</ele></trkpt>
   <trkpt lat="46.552494" lon="13.737786"><ele>563.75</ele></trkpt>
   <trkpt lat="46.552522" lon="13.738512"><ele>564.25</ele></trkpt>
   <trkpt lat="46.552531" lon="13.739307"><ele>564.25</ele></trkpt>
   <trkpt lat="46.552516" lon="13.740055"><ele>563.75</ele></trkpt>
   <trkpt lat="46.55249" lon="13.740592"><ele>563</ele></trkpt>
   <trkpt lat="46.55248" lon="13.74077"><ele>563</ele></trkpt>
   <trkpt lat="46.552395" lon="13.741964"><ele>560</ele></trkpt>
   <trkpt lat="46.552274" lon="13.743284"><ele>559.25</ele></trkpt>
   <trkpt lat="46.552202" lon="13.743985"><ele>557.5</ele></trkpt>
   <trkpt lat="46.552029" lon="13.745419"><ele>555.75</ele></trkpt>
   <trkpt lat="46.551551" lon="13.749398"><ele>551</ele></trkpt>
   <trkpt lat="46.551469" lon="13.750109"><ele>550</ele></trkpt>
   <trkpt lat="46.551408" lon="13.750645"><ele>548.75</ele></trkpt>
   <trkpt lat="46.551317" lon="13.751616"><ele>547.25</ele></trkpt>
   <trkpt lat="46.551228" lon="13.75278"><ele>545.75</ele></trkpt>
   <trkpt lat="46.551197" lon="13.753177"><ele>545</ele></trkpt>
   <trkpt lat="46.551154" lon="13.753705"><ele>544.75</ele></trkpt>
   <trkpt lat="46.551125" lon="13.75453"><ele>543.75</ele></trkpt>
   <trkpt lat="46.551121" lon="13.754858"><ele>543.5</ele></trkpt>
   <trkpt lat="46.551125" lon="13.755253"><ele>543</ele></trkpt>
   <trkpt lat="46.551142" lon="13.755943"><ele>542.25</ele></trkpt>
   <trkpt lat="46.551173" lon="13.756546"><ele>542</ele></trkpt>
   <trkpt lat="46.551244" lon="13.757436"><ele>542.75</ele></trkpt>
   <trkpt lat="46.551282" lon="13.757769"><ele>542</ele></trkpt>
   <trkpt lat="46.551357" lon="13.75833"><ele>539.5</ele></trkpt>
   <trkpt lat="46.551451" lon="13.758907"><ele>541.5</ele></trkpt>
   <trkpt lat="46.551524" lon="13.759314"><ele>541</ele></trkpt>
   <trkpt lat="46.5516" lon="13.759694"><ele>539</ele></trkpt>
   <trkpt lat="46.551769" lon="13.760441"><ele>537.25</ele></trkpt>
   <trkpt lat="46.551967" lon="13.761195"><ele>534.5</ele></trkpt>
   <trkpt lat="46.552444" lon="13.762914"><ele>530.75</ele></trkpt>
   <trkpt lat="46.554248" lon="13.769383"><ele>525.25</ele></trkpt>
   <trkpt lat="46.554355" lon="13.769795"><ele>525.5</ele></trkpt>
   <trkpt lat="46.554426" lon="13.770102"><ele>523.5</ele></trkpt>
   <trkpt lat="46.554549" lon="13.770685"><ele>524.75</ele></trkpt>
   <trkpt lat="46.554612" lon="13.771042"><ele>523.25</ele></trkpt>
   <trkpt lat="46.554693" lon="13.77158"><ele>521.75</ele></trkpt>
   <trkpt lat="46.554776" lon="13.772292"><ele>520.75</ele></trkpt>
   <trkpt lat="46.554809" lon="13.772686"><ele>520</ele></trkpt>
   <trkpt lat="46.554827" lon="13.773001"><ele>519</ele></trkpt>
   <trkpt lat="46.554867" lon="13.774112"><ele>516.5</ele></trkpt>
   <trkpt lat="46.554872" lon="13.774311"><ele>516.5</ele></trkpt>
   <trkpt lat="46.554897" lon="13.775313"><ele>517</ele></trkpt>
   <trkpt lat="46.554936" lon="13.776994"><ele>517.25</ele></trkpt>
   <trkpt lat="46.555007" lon="13.779605"><ele>515.75</ele></trkpt>
   <trkpt lat="46.555021" lon="13.779941"><ele>515.75</ele></trkpt>
   <trkpt lat="46.555064" lon="13.780561"><ele>515</ele></trkpt>
   <trkpt lat="46.555139" lon="13.781235"><ele>515.75</ele></trkpt>
   <trkpt lat="46.555228" lon="13.781807"><ele>514.5</ele></trkpt>
   <trkpt lat="46.555286" lon="13.782115"><ele>514.75</ele></trkpt>
   <trkpt lat="46.555354" lon="13.782434"><ele>513.75</ele></trkpt>
   <trkpt lat="46.555433" lon="13.782772"><ele>513.25</ele></trkpt>
   <trkpt lat="46.555521" lon="13.783107"><ele>514</ele></trkpt>
   <trkpt lat="46.555718" lon="13.783763"><ele>513</ele></trkpt>
   <trkpt lat="46.555946" lon="13.784395"><ele>513.75</ele></trkpt>
   <trkpt lat="46.556198" lon="13.785003"><ele>514</ele></trkpt>
   <trkpt lat="46.557443" lon="13.787865"><ele>513.5</ele></trkpt>
   <trkpt lat="46.55745" lon="13.787881"><ele>513.5</ele></trkpt>
   <trkpt lat="46.558338" lon="13.789887"><ele>514.75</ele></trkpt>
   <trkpt lat="46.558951" lon="13.79129"><ele>513.25</ele></trkpt>
   <trkpt lat="46.559331" lon="13.79212"><ele>511.25</ele></trkpt>
   <trkpt lat="46.559431" lon="13.79233"><ele>512</ele></trkpt>
   <trkpt lat="46.55965" lon="13.792768"><ele>512</ele></trkpt>
   <trkpt lat="46.56015" lon="13.793704"><ele>513</ele></trkpt>
   <trkpt lat="46.56074" lon="13.794715"><ele>514.75</ele></trkpt>
   <trkpt lat="46.560742" lon="13.794718"><ele>514.75</ele></trkpt>
   <trkpt lat="46.560745" lon="13.794722"><ele>514.75</ele></trkpt>
   <trkpt lat="46.561183" lon="13.795471"><ele>517.25</ele></trkpt>
   <trkpt lat="46.561287" lon="13.795651"><ele>517.25</ele></trkpt>
   <trkpt lat="46.561624" lon="13.796264"><ele>517.25</ele></trkpt>
   <trkpt lat="46.561774" lon="13.796566"><ele>516.75</ele></trkpt>
   <trkpt lat="46.561906" lon="13.796856"><ele>516.75</ele></trkpt>
   <trkpt lat="46.56203" lon="13.797164"><ele>515.5</ele></trkpt>
   <trkpt lat="46.562176" lon="13.79755"><ele>515.5</ele></trkpt>
   <trkpt lat="46.562342" lon="13.798041"><ele>513.25</ele></trkpt>
   <trkpt lat="46.562431" lon="13.798343"><ele>514.25</ele></trkpt>
   <trkpt lat="46.562506" lon="13.79863"><ele>515.75</ele></trkpt>
   <trkpt lat="46.562584" lon="13.798962"><ele>513</ele></trkpt>
   <trkpt lat="46.562709" lon="13.799643"><ele>513.25</ele></trkpt>
   <trkpt lat="46.562762" lon="13.799986"><ele>513.75</ele></trkpt>
   <trkpt lat="46.562807" lon="13.800325"><ele>513.5</ele></trkpt>
   <trkpt lat="46.562843" lon="13.800717"><ele>512.5</ele></trkpt>
   <trkpt lat="46.562859" lon="13.800913"><ele>511.75</ele></trkpt>
   <trkpt lat="46.562894" lon="13.801634"><ele>509.5</ele></trkpt>
   <trkpt lat="46.562899" lon="13.801748"><ele>509.5</ele></trkpt>
   <trkpt lat="46.562927" lon="13.802186"><ele>510</ele></trkpt>
   <trkpt lat="46.562962" lon="13.802585"><ele>507.25</ele></trkpt>
   <trkpt lat="46.562983" lon="13.802991"><ele>510</ele></trkpt>
   <trkpt lat="46.562984" lon="13.803047"><ele>510</ele></trkpt>
   <trkpt lat="46.562987" lon="13.803482"><ele>509.75</ele></trkpt>
   <trkpt lat="46.562972" lon="13.803994"><ele>509.5</ele></trkpt>
   <trkpt lat="46.562979" lon="13.804294"><ele>509.5</ele></trkpt>
   <trkpt lat="46.562983" lon="13.804445"><ele>509.5</ele></trkpt>
   <trkpt lat="46.562987" lon="13.804689"><ele>509.75</ele></trkpt>
   <trkpt lat="46.562975" lon="13.805267"><ele>508.25</ele></trkpt>
   <trkpt lat="46.562979" lon="13.805712"><ele>508</ele></trkpt>
   <trkpt lat="46.562983" lon="13.805864"><ele>508</ele></trkpt>
   <trkpt lat="46.56302" lon="13.807073"><ele>507.5</ele></trkpt>
   <trkpt lat="46.563111" lon="13.810023"><ele>507</ele></trkpt>
   <trkpt lat="46.563117" lon="13.811027"><ele>507</ele></trkpt>
   <trkpt lat="46.563126" lon="13.811815"><ele>507</ele></trkpt>
   <trkpt lat="46.563171" lon="13.813345"><ele>506.75</ele></trkpt>
   <trkpt lat="46.56323" lon="13.815106"><ele>506</ele></trkpt>
   <trkpt lat="46.563302" lon="13.816337"><ele>505.75</ele></trkpt>
   <trkpt lat="46.563347" lon="13.817749"><ele>505</ele></trkpt>
   <trkpt lat="46.563419" lon="13.818886"><ele>503.25</ele></trkpt>
   <trkpt lat="46.563436" lon="13.819429"><ele>503</ele></trkpt>
   <trkpt lat="46.563437" lon="13.819482"><ele>502.75</ele></trkpt>
   <trkpt lat="46.563454" lon="13.820027"><ele>503</ele></trkpt>
   <trkpt lat="46.563483" lon="13.821004"><ele>503</ele></trkpt>
   <trkpt lat="46.563494" lon="13.821351"><ele>503</ele></trkpt>
   <trkpt lat="46.563501" lon="13.821558"><ele>503.25</ele></trkpt>
   <trkpt lat="46.563567" lon="13.823704"><ele>503.5</ele></trkpt>
   <trkpt lat="46.563593" lon="13.824598"><ele>503.75</ele></trkpt>
   <trkpt lat="46.563705" lon="13.8282"><ele>502.5</ele></trkpt>
   <trkpt lat="46.563715" lon="13.828561"><ele>502.5</ele></trkpt>
   <trkpt lat="46.563723" lon="13.829238"><ele>502.5</ele></trkpt>
   <trkpt lat="46.563723" lon="13.829568"><ele>502.5</ele></trkpt>
   <trkpt lat="46.563702" lon="13.830223"><ele>503</ele></trkpt>
   <trkpt lat="46.56367" lon="13.830911"><ele>503.5</ele></trkpt>
   <trkpt lat="46.563629" lon="13.831594"><ele>503.75</ele></trkpt>
   <trkpt lat="46.563605" lon="13.832238"><ele>504</ele></trkpt>
   <trkpt lat="46.563606" lon="13.832833"><ele>504</ele></trkpt>
   <trkpt lat="46.563621" lon="13.833133"><ele>504</ele></trkpt>
   <trkpt lat="46.56368" lon="13.833729"><ele>504</ele></trkpt>
   <trkpt lat="46.563721" lon="13.834027"><ele>504.75</ele></trkpt>
   <trkpt lat="46.563771" lon="13.834306"><ele>505</ele></trkpt>
   <trkpt lat="46.563828" lon="13.834578"><ele>504.5</ele></trkpt>
   <trkpt lat="46.563903" lon="13.83488"><ele>504</ele></trkpt>
   <trkpt lat="46.56399" lon="13.835183"><ele>504.75</ele></trkpt>
   <trkpt lat="46.564068" lon="13.835424"><ele>505.5</ele></trkpt>
   <trkpt lat="46.564156" lon="13.83567"><ele>504.5</ele></trkpt>
   <trkpt lat="46.564334" lon="13.836099"><ele>505</ele></trkpt>
   <trkpt lat="46.564528" lon="13.8365"><ele>504.5</ele></trkpt>
   <trkpt lat="46.564535" lon="13.836513"><ele>504.5</ele></trkpt>
   <trkpt lat="46.564723" lon="13.836843"><ele>504</ele></trkpt>
   <trkpt lat="46.564882" lon="13.837104"><ele>504.25</ele></trkpt>
   <trkpt lat="46.565071" lon="13.837394"><ele>504.25</ele></trkpt>
   <trkpt lat="46.565269" lon="13.837681"><ele>504.25</ele></trkpt>
   <trkpt lat="46.565469" lon="13.837953"><ele>504</ele></trkpt>
   <trkpt lat="46.56567" lon="13.838213"><ele>504.25</ele></trkpt>
   <trkpt lat="46.565883" lon="13.838469"><ele>504.75</ele></trkpt>
   <trkpt lat="46.5661" lon="13.838715"><ele>505</ele></trkpt>
   <trkpt lat="46.566323" lon="13.83895"><ele>505</ele></trkpt>
   <trkpt lat="46.566551" lon="13.839178"><ele>505</ele></trkpt>
   <trkpt lat="46.56677" lon="13.839382"><ele>504.5</ele></trkpt>
   <trkpt lat="46.566991" lon="13.839575"><ele>504.25</ele></trkpt>
   <trkpt lat="46.567191" lon="13.83973"><ele>504</ele></trkpt>
   <trkpt lat="46.567396" lon="13.83987"><ele>504</ele></trkpt>
   <trkpt lat="46.567574" lon="13.839978"><ele>503.25</ele></trkpt>
   <trkpt lat="46.567928" lon="13.840156"><ele>502.75</ele></trkpt>
   <trkpt lat="46.568293" lon="13.84029"><ele>503</ele></trkpt>
   <trkpt lat="46.568487" lon="13.840343"><ele>504.5</ele></trkpt>
   <trkpt lat="46.568683" lon="13.840383"><ele>505</ele></trkpt>
   <trkpt lat="46.568874" lon="13.84041"><ele>504</ele></trkpt>
   <trkpt lat="46.569079" lon="13.840428"><ele>504</ele></trkpt>
   <trkpt lat="46.569493" lon="13.840419"><ele>503.75</ele></trkpt>
   <trkpt lat="46.5697" lon="13.840396"><ele>504</ele></trkpt>
   <trkpt lat="46.569916" lon="13.84036"><ele>503.25</ele></trkpt>
   <trkpt lat="46.57027" lon="13.840285"><ele>502.75</ele></trkpt>
   <trkpt lat="46.571242" lon="13.840058"><ele>501.25</ele></trkpt>
   <trkpt lat="46.571789" lon="13.839921"><ele>503.5</ele></trkpt>
   <trkpt lat="46.572207" lon="13.839771"><ele>504</ele></trkpt>
   <trkpt lat="46.57259" lon="13.839588"><ele>504.75</ele></trkpt>
   <trkpt lat="46.57296" lon="13.839366"><ele>505</ele></trkpt>
   <trkpt lat="46.573249" lon="13.839159"><ele>504.5</ele></trkpt>
   <trkpt lat="46.57353" lon="13.838928"><ele>504.5</ele></trkpt>
   <trkpt lat="46.573843" lon="13.838629"><ele>504</ele></trkpt>
   <trkpt lat="46.574108" lon="13.838348"><ele>503.5</ele></trkpt>
   <trkpt lat="46.574509" lon="13.837833"><ele>501.25</ele></trkpt>
   <trkpt lat="46.575027" lon="13.83708"><ele>500.5</ele></trkpt>
   <trkpt lat="46.575388" lon="13.836551"><ele>500.25</ele></trkpt>
   <trkpt lat="46.575484" lon="13.836415"><ele>501</ele></trkpt>
   <trkpt lat="46.575724" lon="13.836084"><ele>500.25</ele></trkpt>
   <trkpt lat="46.575912" lon="13.835849"><ele>500.25</ele></trkpt>
   <trkpt lat="46.576228" lon="13.83549"><ele>499.25</ele></trkpt>
   <trkpt lat="46.576597" lon="13.835108"><ele>499.25</ele></trkpt>
   <trkpt lat="46.576748" lon="13.834946"><ele>499.5</ele></trkpt>
   <trkpt lat="46.577106" lon="13.834567"><ele>499</ele></trkpt>
   <trkpt lat="46.577529" lon="13.83416"><ele>499.5</ele></trkpt>
   <trkpt lat="46.57776" lon="13.83395"><ele>499</ele></trkpt>
   <trkpt lat="46.57821" lon="13.833569"><ele>498.5</ele></trkpt>
   <trkpt lat="46.57864" lon="13.833193"><ele>498.75</ele></trkpt>
   <trkpt lat="46.579067" lon="13.832788"><ele>498</ele></trkpt>
   <trkpt lat="46.582322" lon="13.829432"><ele>497.25</ele></trkpt>
   <trkpt lat="46.58279" lon="13.828962"><ele>498</ele></trkpt>
   <trkpt lat="46.583131" lon="13.828642"><ele>497.5</ele></trkpt>
   <trkpt lat="46.583245" lon="13.828547"><ele>497.25</ele></trkpt>
   <trkpt lat="46.583592" lon="13.828292"><ele>497</ele></trkpt>
   <trkpt lat="46.583843" lon="13.82813"><ele>497.5</ele></trkpt>
   <trkpt lat="46.584225" lon="13.827952"><ele>497.75</ele></trkpt>
   <trkpt lat="46.584532" lon="13.827843"><ele>498.25</ele></trkpt>
   <trkpt lat="46.584838" lon="13.827767"><ele>498</ele></trkpt>
   <trkpt lat="46.585186" lon="13.827715"><ele>498</ele></trkpt>
   <trkpt lat="46.585425" lon="13.827703"><ele>497.75</ele></trkpt>
   <trkpt lat="46.58557" lon="13.827705"><ele>497.5</ele></trkpt>
   <trkpt lat="46.585876" lon="13.827732"><ele>497.25</ele></trkpt>
   <trkpt lat="46.58603" lon="13.827756"><ele>497.5</ele></trkpt>
   <trkpt lat="46.586073" lon="13.827763"><ele>497.75</ele></trkpt>
   <trkpt lat="46.586439" lon="13.827859"><ele>497.75</ele></trkpt>
   <trkpt lat="46.58679" lon="13.827983"><ele>497.5</ele></trkpt>
   <trkpt lat="46.586851" lon="13.828006"><ele>497.25</ele></trkpt>
   <trkpt lat="46.587255" lon="13.828163"><ele>497</ele></trkpt>
   <trkpt lat="46.587833" lon="13.8284"><ele>496.75</ele></trkpt>
   <trkpt lat="46.588283" lon="13.828587"><ele>497</ele></trkpt>
   <trkpt lat="46.588663" lon="13.828743"><ele>497</ele></trkpt>
   <trkpt lat="46.588712" lon="13.828763"><ele>497</ele></trkpt>
   <trkpt lat="46.588831" lon="13.828812"><ele>497</ele></trkpt>
   <trkpt lat="46.590518" lon="13.829502"><ele>497</ele></trkpt>
   <trkpt lat="46.591645" lon="13.829933"><ele>497</ele></trkpt>
   <trkpt lat="46.592748" lon="13.830342"><ele>497</ele></trkpt>
   <trkpt lat="46.593444" lon="13.830625"><ele>496.75</ele></trkpt>
   <trkpt lat="46.594057" lon="13.830886"><ele>496.75</ele></trkpt>
   <trkpt lat="46.594419" lon="13.831056"><ele>496.75</ele></trkpt>
   <trkpt lat="46.594634" lon="13.831169"><ele>496.75</ele></trkpt>
   <trkpt lat="46.595072" lon="13.831427"><ele>496.75</ele></trkpt>
   <trkpt lat="46.595535" lon="13.831728"><ele>496.25</ele></trkpt>
   <trkpt lat="46.595744" lon="13.831879"><ele>495.75</ele></trkpt>
   <trkpt lat="46.596103" lon="13.832156"><ele>496</ele></trkpt>
   <trkpt lat="46.596341" lon="13.832351"><ele>496.25</ele></trkpt>
   <trkpt lat="46.596726" lon="13.832692"><ele>495.75</ele></trkpt>
   <trkpt lat="46.597127" lon="13.83308"><ele>495.75</ele></trkpt>
   <trkpt lat="46.597505" lon="13.83348"><ele>496.25</ele></trkpt>
   <trkpt lat="46.597787" lon="13.833802"><ele>496.25</ele></trkpt>
   <trkpt lat="46.598272" lon="13.83439"><ele>497.5</ele></trkpt>
   <trkpt lat="46.598783" lon="13.835006"><ele>497.25</ele></trkpt>
   <trkpt lat="46.599456" lon="13.835816"><ele>499</ele></trkpt>
   <trkpt lat="46.599474" lon="13.835838"><ele>499</ele></trkpt>
   <trkpt lat="46.599728" lon="13.836103"><ele>500</ele></trkpt>
   <trkpt lat="46.599932" lon="13.836289"><ele>501.25</ele></trkpt>
   <trkpt lat="46.600178" lon="13.836476"><ele>501.75</ele></trkpt>
   <trkpt lat="46.600645" lon="13.83679"><ele>500.75</ele></trkpt>
   <trkpt lat="46.600928" lon="13.836969"><ele>501</ele></trkpt>
   <trkpt lat="46.60094" lon="13.836977"><ele>501</ele></trkpt>
   <trkpt lat="46.60095" lon="13.836983"><ele>501</ele></trkpt>
   <trkpt lat="46.601925" lon="13.837595"><ele>501</ele></trkpt>
   <trkpt lat="46.601961" lon="13.837617"><ele>501</ele></trkpt>
   <trkpt lat="46.603008" lon="13.83826"><ele>501</ele></trkpt>
   <trkpt lat="46.603293" lon="13.838418"><ele>501</ele></trkpt>
   <trkpt lat="46.603519" lon="13.838527"><ele>501</ele></trkpt>
   <trkpt lat="46.603849" lon="13.83867"><ele>501</ele></trkpt>
   <trkpt lat="46.604324" lon="13.838846"><ele>501.25</ele></trkpt>
   <trkpt lat="46.60469" lon="13.838969"><ele>501.25</ele></trkpt>
   <trkpt lat="46.607259" lon="13.839842"><ele>502</ele></trkpt>
   <trkpt lat="46.60827" lon="13.840186"><ele>502</ele></trkpt>
   <trkpt lat="46.608589" lon="13.840293"><ele>502</ele></trkpt>
   <trkpt lat="46.609458" lon="13.84065"><ele>501.75</ele></trkpt>
   <trkpt lat="46.609709" lon="13.840743"><ele>501.75</ele></trkpt>
   <trkpt lat="46.610372" lon="13.840979"><ele>501.75</ele></trkpt>
   <trkpt lat="46.610583" lon="13.841054"><ele>501.25</ele></trkpt>
   <trkpt lat="46.610597" lon="13.841059"><ele>501.25</ele></trkpt>
   <trkpt lat="46.611107" lon="13.84124"><ele>502.75</ele></trkpt>
   <trkpt lat="46.611156" lon="13.841257"><ele>502.75</ele></trkpt>
   <trkpt lat="46.611196" lon="13.841272"><ele>502.75</ele></trkpt>
   <trkpt lat="46.612057" lon="13.841575"><ele>503</ele></trkpt>
   <trkpt lat="46.612184" lon="13.841617"><ele>502</ele></trkpt>
   <trkpt lat="46.6124" lon="13.841673"><ele>501.5</ele></trkpt>
   <trkpt lat="46.612516" lon="13.841698"><ele>502.25</ele></trkpt>
   <trkpt lat="46.612761" lon="13.841727"><ele>503</ele></trkpt>
   <trkpt lat="46.612787" lon="13.841727"><ele>503</ele></trkpt>
   <trkpt lat="46.613025" lon="13.841719"><ele>502.75</ele></trkpt>
   <trkpt lat="46.613173" lon="13.841699"><ele>502.25</ele></trkpt>
   <trkpt lat="46.613271" lon="13.841677"><ele>501.25</ele></trkpt>
   <trkpt lat="46.613488" lon="13.841612"><ele>502</ele></trkpt>
   <trkpt lat="46.613934" lon="13.84144"><ele>503</ele></trkpt>
   <trkpt lat="46.614131" lon="13.841373"><ele>501.5</ele></trkpt>
   <trkpt lat="46.61426" lon="13.841339"><ele>502.25</ele></trkpt>
   <trkpt lat="46.614355" lon="13.841316"><ele>503</ele></trkpt>
   <trkpt lat="46.614451" lon="13.841304"><ele>503.5</ele></trkpt>
   <trkpt lat="46.614717" lon="13.841292"><ele>503.25</ele></trkpt>
   <trkpt lat="46.614852" lon="13.841298"><ele>503.25</ele></trkpt>
   <trkpt lat="46.615119" lon="13.841345"><ele>502</ele></trkpt>
   <trkpt lat="46.615255" lon="13.841383"><ele>501.75</ele></trkpt>
   <trkpt lat="46.615785" lon="13.841541"><ele>501</ele></trkpt>
   <trkpt lat="46.616539" lon="13.841784"><ele>500</ele></trkpt>
   <trkpt lat="46.616626" lon="13.841812"><ele>500</ele></trkpt>
   <trkpt lat="46.616665" lon="13.841821"><ele>500</ele></trkpt>
   <trkpt lat="46.616835" lon="13.84186"><ele>500</ele></trkpt>
   <trkpt lat="46.61697" lon="13.841876"><ele>500.5</ele></trkpt>
   <trkpt lat="46.61715" lon="13.84188"><ele>501.5</ele></trkpt>
   <trkpt lat="46.617379" lon="13.841847"><ele>502</ele></trkpt>
   <trkpt lat="46.617534" lon="13.841796"><ele>502.25</ele></trkpt>
   <trkpt lat="46.617661" lon="13.841744"><ele>502.5</ele></trkpt>
   <trkpt lat="46.617786" lon="13.841682"><ele>501.75</ele></trkpt>
   <trkpt lat="46.617897" lon="13.841619"><ele>501.25</ele></trkpt>
   <trkpt lat="46.618103" lon="13.841479"><ele>500.5</ele></trkpt>
   <trkpt lat="46.618151" lon="13.84144"><ele>500.5</ele></trkpt>
   <trkpt lat="46.618321" lon="13.841282"><ele>501.5</ele></trkpt>
   <trkpt lat="46.618429" lon="13.841166"><ele>501.75</ele></trkpt>
   <trkpt lat="46.618548" lon="13.841021"><ele>502.5</ele></trkpt>
   <trkpt lat="46.618693" lon="13.840811"><ele>502.75</ele></trkpt>
   <trkpt lat="46.618864" lon="13.840496"><ele>502.75</ele></trkpt>
   <trkpt lat="46.61901" lon="13.840151"><ele>503</ele></trkpt>
   <trkpt lat="46.61913" lon="13.839771"><ele>502.25</ele></trkpt>
   <trkpt lat="46.619224" lon="13.839348"><ele>502.75</ele></trkpt>
   <trkpt lat="46.619409" lon="13.838173"><ele>503</ele></trkpt>
   <trkpt lat="46.619486" lon="13.83779"><ele>501</ele></trkpt>
   <trkpt lat="46.619561" lon="13.83753"><ele>501.25</ele></trkpt>
   <trkpt lat="46.61964" lon="13.837305"><ele>499.75</ele></trkpt>
   <trkpt lat="46.619767" lon="13.836978"><ele>498</ele></trkpt>
   <trkpt lat="46.619953" lon="13.836612"><ele>497.75</ele></trkpt>
   <trkpt lat="46.620148" lon="13.836298"><ele>498</ele></trkpt>
   <trkpt lat="46.62034" lon="13.836051"><ele>497.75</ele></trkpt>
   <trkpt lat="46.620614" lon="13.835772"><ele>497</ele></trkpt>
   <trkpt lat="46.620768" lon="13.835644"><ele>497</ele></trkpt>
   <trkpt lat="46.620928" lon="13.835527"><ele>496.5</ele></trkpt>
   <trkpt lat="46.62105" lon="13.835454"><ele>496</ele></trkpt>
   <trkpt lat="46.621334" lon="13.835316"><ele>496</ele></trkpt>
   <trkpt lat="46.621641" lon="13.835229"><ele>495.75</ele></trkpt>
   <trkpt lat="46.621892" lon="13.835191"><ele>495.75</ele></trkpt>
   <trkpt lat="46.62219" lon="13.835173"><ele>495.5</ele></trkpt>
   <trkpt lat="46.624473" lon="13.835192"><ele>498</ele></trkpt>
   <trkpt lat="46.625888" lon="13.835202"><ele>495</ele></trkpt>
   <trkpt lat="46.626111" lon="13.835196"><ele>495</ele></trkpt>
   <trkpt lat="46.626546" lon="13.835144"><ele>496.25</ele></trkpt>
   <trkpt lat="46.626809" lon="13.835088"><ele>496.5</ele></trkpt>
   <trkpt lat="46.627094" lon="13.835014"><ele>495.5</ele></trkpt>
   <trkpt lat="46.627943" lon="13.834765"><ele>495.5</ele></trkpt>
   <trkpt lat="46.628095" lon="13.83471"><ele>494.25</ele></trkpt>
   <trkpt lat="46.628325" lon="13.834618"><ele>495.75</ele></trkpt>
   <trkpt lat="46.628519" lon="13.834527"><ele>495.75</ele></trkpt>
   <trkpt lat="46.628811" lon="13.83437"><ele>494.75</ele></trkpt>
   <trkpt lat="46.628989" lon="13.834261"><ele>495.75</ele></trkpt>
   <trkpt lat="46.629166" lon="13.834144"><ele>494.75</ele></trkpt>
   <trkpt lat="46.629481" lon="13.833907"><ele>495.5</ele></trkpt>
   <trkpt lat="46.629744" lon="13.833733"><ele>495.25</ele></trkpt>
   <trkpt lat="46.62985" lon="13.833669"><ele>495.25</ele></trkpt>
   <trkpt lat="46.630698" lon="13.833116"><ele>495.25</ele></trkpt>
   <trkpt lat="46.631002" lon="13.832927"><ele>495</ele></trkpt>
   <trkpt lat="46.631073" lon="13.832883"><ele>495</ele></trkpt>
   <trkpt lat="46.631112" lon="13.83286"><ele>495</ele></trkpt>
   <trkpt lat="46.632546" lon="13.831997"><ele>494.75</ele></trkpt>
   <trkpt lat="46.632833" lon="13.831807"><ele>494.25</ele></trkpt>
   <trkpt lat="46.633001" lon="13.831684"><ele>494.5</ele></trkpt>
   <trkpt lat="46.633128" lon="13.831579"><ele>494.75</ele></trkpt>
   <trkpt lat="46.63332" lon="13.831411"><ele>495</ele></trkpt>
   <trkpt lat="46.633456" lon="13.831279"><ele>495.25</ele></trkpt>
   <trkpt lat="46.633675" lon="13.831047"><ele>495.25</ele></trkpt>
   <trkpt lat="46.633852" lon="13.830845"><ele>494.75</ele></trkpt>
   <trkpt lat="46.633985" lon="13.830672"><ele>494.75</ele></trkpt>
   <trkpt lat="46.634286" lon="13.830232"><ele>495</ele></trkpt>
   <trkpt lat="46.634439" lon="13.829972"><ele>494.5</ele></trkpt>
   <trkpt lat="46.63464" lon="13.829602"><ele>494.75</ele></trkpt>
   <trkpt lat="46.634739" lon="13.829391"><ele>494.5</ele></trkpt>
   <trkpt lat="46.634835" lon="13.829172"><ele>494.25</ele></trkpt>
   <trkpt lat="46.634931" lon="13.828932"><ele>495</ele></trkpt>
   <trkpt lat="46.635035" lon="13.828641"><ele>494.75</ele></trkpt>
   <trkpt lat="46.63512" lon="13.828387"><ele>494</ele></trkpt>
   <trkpt lat="46.635192" lon="13.82814"><ele>494.5</ele></trkpt>
   <trkpt lat="46.635264" lon="13.827861"><ele>495</ele></trkpt>
   <trkpt lat="46.635329" lon="13.827573"><ele>493.5</ele></trkpt>
   <trkpt lat="46.635435" lon="13.827"><ele>495.5</ele></trkpt>
   <trkpt lat="46.636236" lon="13.82166"><ele>497.25</ele></trkpt>
   <trkpt lat="46.636358" lon="13.820969"><ele>497.75</ele></trkpt>
   <trkpt lat="46.636418" lon="13.820694"><ele>497.75</ele></trkpt>
   <trkpt lat="46.636563" lon="13.820167"><ele>498.25</ele></trkpt>
   <trkpt lat="46.636759" lon="13.819616"><ele>498.25</ele></trkpt>
   <trkpt lat="46.636876" lon="13.819323"><ele>498.5</ele></trkpt>
   <trkpt lat="46.637324" lon="13.818264"><ele>498.25</ele></trkpt>
   <trkpt lat="46.638435" lon="13.815637"><ele>500.75</ele></trkpt>
   <trkpt lat="46.638675" lon="13.815042"><ele>500.75</ele></trkpt>
   <trkpt lat="46.638832" lon="13.81457"><ele>501</ele></trkpt>
   <trkpt lat="46.638899" lon="13.814323"><ele>500.75</ele></trkpt>
   <trkpt lat="46.638957" lon="13.814077"><ele>501.25</ele></trkpt>
   <trkpt lat="46.639068" lon="13.813521"><ele>501</ele></trkpt>
   <trkpt lat="46.639332" lon="13.812067"><ele>500.5</ele></trkpt>
   <trkpt lat="46.639451" lon="13.811464"><ele>501.25</ele></trkpt>
   <trkpt lat="46.639508" lon="13.811219"><ele>501.25</ele></trkpt>
   <trkpt lat="46.639571" lon="13.810981"><ele>501.5</ele></trkpt>
   <trkpt lat="46.639649" lon="13.810731"><ele>501.25</ele></trkpt>
   <trkpt lat="46.63973" lon="13.8105"><ele>501.75</ele></trkpt>
   <trkpt lat="46.639819" lon="13.810272"><ele>501.5</ele></trkpt>
   <trkpt lat="46.639916" lon="13.81005"><ele>501.25</ele></trkpt>
   <trkpt lat="46.640014" lon="13.809845"><ele>502.5</ele></trkpt>
   <trkpt lat="46.640109" lon="13.809664"><ele>502</ele></trkpt>
   <trkpt lat="46.640156" lon="13.809574"><ele>502</ele></trkpt>
   <trkpt lat="46.641109" lon="13.807826"><ele>502.75</ele></trkpt>
   <trkpt lat="46.641398" lon="13.807256"><ele>503</ele></trkpt>
   <trkpt lat="46.641735" lon="13.806678"><ele>503</ele></trkpt>
   <trkpt lat="46.642001" lon="13.806192"><ele>503</ele></trkpt>
   <trkpt lat="46.642437" lon="13.805395"><ele>502.25</ele></trkpt>
   <trkpt lat="46.64394" lon="13.80264"><ele>501.5</ele></trkpt>
   <trkpt lat="46.644329" lon="13.801952"><ele>500</ele></trkpt>
   <trkpt lat="46.64441" lon="13.80181"><ele>501</ele></trkpt>
   <trkpt lat="46.644544" lon="13.801588"><ele>502.75</ele></trkpt>
   <trkpt lat="46.644683" lon="13.801376"><ele>502</ele></trkpt>
   <trkpt lat="46.64495" lon="13.80101"><ele>502</ele></trkpt>
   <trkpt lat="46.645098" lon="13.800831"><ele>503.25</ele></trkpt>
   <trkpt lat="46.645252" lon="13.800659"><ele>502.5</ele></trkpt>
   <trkpt lat="46.645523" lon="13.800394"><ele>502.5</ele></trkpt>
   <trkpt lat="46.645688" lon="13.800251"><ele>502</ele></trkpt>
   <trkpt lat="46.645858" lon="13.800119"><ele>502</ele></trkpt>
   <trkpt lat="46.64604" lon="13.79999"><ele>501.5</ele></trkpt>
   <trkpt lat="46.646228" lon="13.799872"><ele>501.25</ele></trkpt>
   <trkpt lat="46.646437" lon="13.799755"><ele>502.25</ele></trkpt>
   <trkpt lat="46.646906" lon="13.799529"><ele>501.25</ele></trkpt>
   <trkpt lat="46.647682" lon="13.799189"><ele>500.5</ele></trkpt>
   <trkpt lat="46.647913" lon="13.79908"><ele>500.25</ele></trkpt>
   <trkpt lat="46.648143" lon="13.798963"><ele>499.75</ele></trkpt>
   <trkpt lat="46.648528" lon="13.798732"><ele>499.75</ele></trkpt>
   <trkpt lat="46.648719" lon="13.798595"><ele>499.75</ele></trkpt>
   <trkpt lat="46.648901" lon="13.798448"><ele>499.75</ele></trkpt>
   <trkpt lat="46.649075" lon="13.798293"><ele>500</ele></trkpt>
   <trkpt lat="46.649246" lon="13.798126"><ele>499.5</ele></trkpt>
   <trkpt lat="46.649585" lon="13.797755"><ele>499.25</ele></trkpt>
   <trkpt lat="46.649969" lon="13.797271"><ele>499.25</ele></trkpt>
   <trkpt lat="46.65022" lon="13.796918"><ele>498.75</ele></trkpt>
   <trkpt lat="46.650378" lon="13.796673"><ele>499.25</ele></trkpt>
   <trkpt lat="46.650655" lon="13.796206"><ele>499.25</ele></trkpt>
   <trkpt lat="46.650775" lon="13.795972"><ele>499</ele></trkpt>
   <trkpt lat="46.650884" lon="13.79574"><ele>499</ele></trkpt>
   <trkpt lat="46.650993" lon="13.795483"><ele>498</ele></trkpt>
   <trkpt lat="46.651087" lon="13.795232"><ele>498.5</ele></trkpt>
   <trkpt lat="46.651174" lon="13.794972"><ele>498.25</ele></trkpt>
   <trkpt lat="46.65125" lon="13.794713"><ele>497.5</ele></trkpt>
   <trkpt lat="46.651321" lon="13.794438"><ele>498.25</ele></trkpt>
   <trkpt lat="46.651429" lon="13.7939"><ele>498</ele></trkpt>
   <trkpt lat="46.651481" lon="13.793535"><ele>497.5</ele></trkpt>
   <trkpt lat="46.651503" lon="13.793332"><ele>497.5</ele></trkpt>
   <trkpt lat="46.651525" lon="13.793047"><ele>497.75</ele></trkpt>
   <trkpt lat="46.651539" lon="13.792759"><ele>497.5</ele></trkpt>
   <trkpt lat="46.651537" lon="13.792178"><ele>498</ele></trkpt>
   <trkpt lat="46.65151" lon="13.791603"><ele>498.25</ele></trkpt>
   <trkpt lat="46.651431" lon="13.790525"><ele>499</ele></trkpt>
   <trkpt lat="46.651397" lon="13.789876"><ele>499.25</ele></trkpt>
   <trkpt lat="46.651392" lon="13.789573"><ele>500</ele></trkpt>
   <trkpt lat="46.651395" lon="13.78928"><ele>500</ele></trkpt>
   <trkpt lat="46.651408" lon="13.788993"><ele>500</ele></trkpt>
   <trkpt lat="46.651428" lon="13.788737"><ele>499.25</ele></trkpt>
   <trkpt lat="46.651458" lon="13.788457"><ele>499</ele></trkpt>
   <trkpt lat="46.651496" lon="13.78819"><ele>498.25</ele></trkpt>
   <trkpt lat="46.651542" lon="13.787927"><ele>497.75</ele></trkpt>
   <trkpt lat="46.651601" lon="13.787647"><ele>498</ele></trkpt>
   <trkpt lat="46.651669" lon="13.787373"><ele>498.5</ele></trkpt>
   <trkpt lat="46.651841" lon="13.786784"><ele>497.5</ele></trkpt>
   <trkpt lat="46.652251" lon="13.785582"><ele>498</ele></trkpt>
   <trkpt lat="46.652431" lon="13.785009"><ele>498</ele></trkpt>
   <trkpt lat="46.652501" lon="13.78476"><ele>499</ele></trkpt>
   <trkpt lat="46.652564" lon="13.784504"><ele>499</ele></trkpt>
   <trkpt lat="46.652665" lon="13.784013"><ele>497.75</ele></trkpt>
   <trkpt lat="46.652725" lon="13.783649"><ele>498.25</ele></trkpt>
   <trkpt lat="46.652774" lon="13.783282"><ele>498.75</ele></trkpt>
   <trkpt lat="46.652833" lon="13.782698"><ele>498.75</ele></trkpt>
   <trkpt lat="46.652853" lon="13.7824"><ele>498.5</ele></trkpt>
   <trkpt lat="46.652873" lon="13.781798"><ele>498</ele></trkpt>
   <trkpt lat="46.652867" lon="13.781193"><ele>498.75</ele></trkpt>
   <trkpt lat="46.652833" lon="13.780575"><ele>499.25</ele></trkpt>
   <trkpt lat="46.652805" lon="13.780274"><ele>499.25</ele></trkpt>
   <trkpt lat="46.652771" lon="13.779966"><ele>499.75</ele></trkpt>
   <trkpt lat="46.65273" lon="13.779665"><ele>499.75</ele></trkpt>
   <trkpt lat="46.652644" lon="13.779157"><ele>499.75</ele></trkpt>
   <trkpt lat="46.652559" lon="13.778739"><ele>499.5</ele></trkpt>
   <trkpt lat="46.652486" lon="13.778431"><ele>499.5</ele></trkpt>
   <trkpt lat="46.65232" lon="13.777827"><ele>499.75</ele></trkpt>
   <trkpt lat="46.652116" lon="13.777144"><ele>499.75</ele></trkpt>
   <trkpt lat="46.651987" lon="13.776719"><ele>500.5</ele></trkpt>
   <trkpt lat="46.651974" lon="13.776674"><ele>500.25</ele></trkpt>
   <trkpt lat="46.65177" lon="13.775998"><ele>503.5</ele></trkpt>
   <trkpt lat="46.651675" lon="13.775648"><ele>501</ele></trkpt>
   <trkpt lat="46.651619" lon="13.775413"><ele>500.5</ele></trkpt>
   <trkpt lat="46.65157" lon="13.775169"><ele>502.25</ele></trkpt>
   <trkpt lat="46.651532" lon="13.774915"><ele>504.5</ele></trkpt>
   <trkpt lat="46.651502" lon="13.77465"><ele>505.25</ele></trkpt>
   <trkpt lat="46.651483" lon="13.774321"><ele>503.5</ele></trkpt>
   <trkpt lat="46.651482" lon="13.774297"><ele>503.5</ele></trkpt>
   <trkpt lat="46.651485" lon="13.774022"><ele>502.75</ele></trkpt>
   <trkpt lat="46.651492" lon="13.773913"><ele>502.5</ele></trkpt>
   <trkpt lat="46.651512" lon="13.773701"><ele>502</ele></trkpt>
   <trkpt lat="46.651592" lon="13.773081"><ele>500.5</ele></trkpt>
   <trkpt lat="46.651606" lon="13.772984"><ele>500.25</ele></trkpt>
   <trkpt lat="46.651661" lon="13.772713"><ele>499.75</ele></trkpt>
   <trkpt lat="46.651712" lon="13.772507"><ele>500.25</ele></trkpt>
   <trkpt lat="46.65181" lon="13.77221"><ele>500.25</ele></trkpt>
   <trkpt lat="46.651911" lon="13.771941"><ele>499.75</ele></trkpt>
   <trkpt lat="46.652052" lon="13.771621"><ele>499.5</ele></trkpt>
   <trkpt lat="46.652363" lon="13.771047"><ele>499.5</ele></trkpt>
   <trkpt lat="46.652482" lon="13.770854"><ele>499.75</ele></trkpt>
   <trkpt lat="46.652613" lon="13.770672"><ele>499.25</ele></trkpt>
   <trkpt lat="46.652738" lon="13.770511"><ele>499</ele></trkpt>
   <trkpt lat="46.652963" lon="13.770258"><ele>499.75</ele></trkpt>
   <trkpt lat="46.65325" lon="13.769968"><ele>499.75</ele></trkpt>
   <trkpt lat="46.655761" lon="13.767543"><ele>500</ele></trkpt>
   <trkpt lat="46.656255" lon="13.767071"><ele>500</ele></trkpt>
   <trkpt lat="46.656489" lon="13.766868"><ele>500.25</ele></trkpt>
   <trkpt lat="46.656785" lon="13.766626"><ele>500.25</ele></trkpt>
   <trkpt lat="46.657165" lon="13.766311"><ele>500.25</ele></trkpt>
   <trkpt lat="46.65739" lon="13.766152"><ele>500</ele></trkpt>
   <trkpt lat="46.657694" lon="13.765973"><ele>500.25</ele></trkpt>
   <trkpt lat="46.657794" lon="13.765925"><ele>500.5</ele></trkpt>
   <trkpt lat="46.658025" lon="13.765847"><ele>500.75</ele></trkpt>
   <trkpt lat="46.658085" lon="13.765832"><ele>500.75</ele></trkpt>
   <trkpt lat="46.658095" lon="13.765829"><ele>500.75</ele></trkpt>
   <trkpt lat="46.658614" lon="13.76571"><ele>499.5</ele></trkpt>
   <trkpt lat="46.658793" lon="13.765692"><ele>499</ele></trkpt>
   <trkpt lat="46.658966" lon="13.765689"><ele>499.25</ele></trkpt>
   <trkpt lat="46.659122" lon="13.765693"><ele>499.75</ele></trkpt>
   <trkpt lat="46.65997" lon="13.765749"><ele>500.75</ele></trkpt>
   <trkpt lat="46.660035" lon="13.765753"><ele>500.5</ele></trkpt>
   <trkpt lat="46.660358" lon="13.765755"><ele>500.5</ele></trkpt>
   <trkpt lat="46.660454" lon="13.765751"><ele>500.5</ele></trkpt>
   <trkpt lat="46.660613" lon="13.765734"><ele>500.75</ele></trkpt>
   <trkpt lat="46.660917" lon="13.765659"><ele>500.5</ele></trkpt>
   <trkpt lat="46.661032" lon="13.765615"><ele>500.25</ele></trkpt>
   <trkpt lat="46.661207" lon="13.765533"><ele>500.5</ele></trkpt>
   <trkpt lat="46.661358" lon="13.765447"><ele>500</ele></trkpt>
   <trkpt lat="46.661583" lon="13.765286"><ele>500.25</ele></trkpt>
   <trkpt lat="46.66178" lon="13.765111"><ele>499.75</ele></trkpt>
   <trkpt lat="46.661905" lon="13.764979"><ele>500.5</ele></trkpt>
   <trkpt lat="46.662025" lon="13.764837"><ele>500</ele></trkpt>
   <trkpt lat="46.662175" lon="13.764633"><ele>499.75</ele></trkpt>
   <trkpt lat="46.662295" lon="13.764441"><ele>500.75</ele></trkpt>
   <trkpt lat="46.66244" lon="13.764171"><ele>500.25</ele></trkpt>
   <trkpt lat="46.662525" lon="13.763981"><ele>500.75</ele></trkpt>
   <trkpt lat="46.662604" lon="13.763782"><ele>499.75</ele></trkpt>
   <trkpt lat="46.662673" lon="13.763576"><ele>499.5</ele></trkpt>
   <trkpt lat="46.662734" lon="13.763361"><ele>500.5</ele></trkpt>
   <trkpt lat="46.662786" lon="13.763147"><ele>501</ele></trkpt>
   <trkpt lat="46.662829" lon="13.762918"><ele>500</ele></trkpt>
   <trkpt lat="46.662862" lon="13.762692"><ele>499.25</ele></trkpt>
   <trkpt lat="46.662886" lon="13.762464"><ele>499.25</ele></trkpt>
   <trkpt lat="46.662917" lon="13.762009"><ele>500.5</ele></trkpt>
   <trkpt lat="46.662936" lon="13.761553"><ele>500.5</ele></trkpt>
   <trkpt lat="46.662996" lon="13.760085"><ele>501.25</ele></trkpt>
   <trkpt lat="46.66304" lon="13.75898"><ele>500.75</ele></trkpt>
   <trkpt lat="46.663084" lon="13.758421"><ele>500.75</ele></trkpt>
   <trkpt lat="46.663117" lon="13.758151"><ele>500.25</ele></trkpt>
   <trkpt lat="46.66316" lon="13.757883"><ele>500.25</ele></trkpt>
   <trkpt lat="46.663215" lon="13.75762"><ele>501</ele></trkpt>
   <trkpt lat="46.663278" lon="13.757364"><ele>501</ele></trkpt>
   <trkpt lat="46.663351" lon="13.757115"><ele>500.25</ele></trkpt>
   <trkpt lat="46.663432" lon="13.756872"><ele>499.5</ele></trkpt>
   <trkpt lat="46.663522" lon="13.756638"><ele>499.5</ele></trkpt>
   <trkpt lat="46.663622" lon="13.756412"><ele>500.75</ele></trkpt>
   <trkpt lat="46.663727" lon="13.756195"><ele>499.5</ele></trkpt>
   <trkpt lat="46.663842" lon="13.755988"><ele>500</ele></trkpt>
   <trkpt lat="46.663964" lon="13.755789"><ele>500.5</ele></trkpt>
   <trkpt lat="46.66419" lon="13.755474"><ele>500.25</ele></trkpt>
   <trkpt lat="46.664451" lon="13.755169"><ele>500.5</ele></trkpt>
   <trkpt lat="46.664681" lon="13.754937"><ele>500.75</ele></trkpt>
   <trkpt lat="46.664874" lon="13.754746"><ele>501</ele></trkpt>
   <trkpt lat="46.666064" lon="13.753585"><ele>501.5</ele></trkpt>
   <trkpt lat="46.666475" lon="13.753185"><ele>501</ele></trkpt>
   <trkpt lat="46.666782" lon="13.752886"><ele>500.75</ele></trkpt>
   <trkpt lat="46.669145" lon="13.750577"><ele>501.5</ele></trkpt>
   <trkpt lat="46.669509" lon="13.750191"><ele>501.5</ele></trkpt>
   <trkpt lat="46.669688" lon="13.749978"><ele>501.5</ele></trkpt>
   <trkpt lat="46.66983" lon="13.749796"><ele>501.5</ele></trkpt>
   <trkpt lat="46.669968" lon="13.749605"><ele>501.75</ele></trkpt>
   <trkpt lat="46.670127" lon="13.74937"><ele>501.75</ele></trkpt>
   <trkpt lat="46.670278" lon="13.749123"><ele>502</ele></trkpt>
   <trkpt lat="46.670422" lon="13.748867"><ele>501.75</ele></trkpt>
   <trkpt lat="46.67056" lon="13.748602"><ele>502</ele></trkpt>
   <trkpt lat="46.6707" lon="13.748303"><ele>502.75</ele></trkpt>
   <trkpt lat="46.670852" lon="13.747946"><ele>503</ele></trkpt>
   <trkpt lat="46.670871" lon="13.7479"><ele>503.5</ele></trkpt>
   <trkpt lat="46.670902" lon="13.747827"><ele>504</ele></trkpt>
   <trkpt lat="46.671075" lon="13.747384"><ele>501.75</ele></trkpt>
   <trkpt lat="46.671309" lon="13.74673"><ele>501</ele></trkpt>
   <trkpt lat="46.671417" lon="13.746406"><ele>501.75</ele></trkpt>
   <trkpt lat="46.671699" lon="13.745494"><ele>501.25</ele></trkpt>
   <trkpt lat="46.671745" lon="13.745341"><ele>500.25</ele></trkpt>
   <trkpt lat="46.673197" lon="13.740569"><ele>500</ele></trkpt>
   <trkpt lat="46.673242" lon="13.740422"><ele>500.5</ele></trkpt>
   <trkpt lat="46.674838" lon="13.735168"><ele>501.75</ele></trkpt>
   <trkpt lat="46.674987" lon="13.734676"><ele>502.5</ele></trkpt>
   <trkpt lat="46.675835" lon="13.731886"><ele>502.75</ele></trkpt>
   <trkpt lat="46.678622" lon="13.722724"><ele>504.75</ele></trkpt>
   <trkpt lat="46.678812" lon="13.722101"><ele>505.25</ele></trkpt>
   <trkpt lat="46.679033" lon="13.721375"><ele>505</ele></trkpt>
   <trkpt lat="46.679484" lon="13.719898"><ele>506</ele></trkpt>
   <trkpt lat="46.679854" lon="13.718694"><ele>504.75</ele></trkpt>
   <trkpt lat="46.679955" lon="13.718388"><ele>504.5</ele></trkpt>
   <trkpt lat="46.680154" lon="13.717832"><ele>503</ele></trkpt>
   <trkpt lat="46.680342" lon="13.717376"><ele>503.25</ele></trkpt>
   <trkpt lat="46.680443" lon="13.717148"><ele>503</ele></trkpt>
   <trkpt lat="46.680689" lon="13.716646"><ele>503.75</ele></trkpt>
   <trkpt lat="46.680834" lon="13.716381"><ele>504.75</ele></trkpt>
   <trkpt lat="46.680979" lon="13.716129"><ele>504</ele></trkpt>
   <trkpt lat="46.681135" lon="13.715878"><ele>505</ele></trkpt>
   <trkpt lat="46.681358" lon="13.715546"><ele>504.75</ele></trkpt>
   <trkpt lat="46.681748" lon="13.715022"><ele>504.25</ele></trkpt>
   <trkpt lat="46.682136" lon="13.714538"><ele>504.5</ele></trkpt>
   <trkpt lat="46.685536" lon="13.710373"><ele>504.75</ele></trkpt>
   <trkpt lat="46.686075" lon="13.709713"><ele>505.5</ele></trkpt>
   <trkpt lat="46.687978" lon="13.707382"><ele>505.25</ele></trkpt>
   <trkpt lat="46.69063" lon="13.704137"><ele>508</ele></trkpt>
   <trkpt lat="46.691024" lon="13.703687"><ele>507.5</ele></trkpt>
   <trkpt lat="46.691233" lon="13.703467"><ele>508</ele></trkpt>
   <trkpt lat="46.691632" lon="13.703084"><ele>508.5</ele></trkpt>
   <trkpt lat="46.692055" lon="13.702721"><ele>508</ele></trkpt>
   <trkpt lat="46.693153" lon="13.701875"><ele>506.75</ele></trkpt>
   <trkpt lat="46.693581" lon="13.701519"><ele>506.25</ele></trkpt>
   <trkpt lat="46.693789" lon="13.701331"><ele>506.5</ele></trkpt>
   <trkpt lat="46.694117" lon="13.701007"><ele>506.75</ele></trkpt>
   <trkpt lat="46.694496" lon="13.700595"><ele>507.25</ele></trkpt>
   <trkpt lat="46.694894" lon="13.700104"><ele>507.25</ele></trkpt>
   <trkpt lat="46.695263" lon="13.699587"><ele>507.25</ele></trkpt>
   <trkpt lat="46.695432" lon="13.699327"><ele>507.25</ele></trkpt>
   <trkpt lat="46.6956" lon="13.699061"><ele>507.5</ele></trkpt>
   <trkpt lat="46.695933" lon="13.698476"><ele>508</ele></trkpt>
   <trkpt lat="46.696079" lon="13.698195"><ele>508</ele></trkpt>
   <trkpt lat="46.696248" lon="13.697843"><ele>507.25</ele></trkpt>
   <trkpt lat="46.696336" lon="13.697652"><ele>507.5</ele></trkpt>
   <trkpt lat="46.696486" lon="13.697306"><ele>507</ele></trkpt>
   <trkpt lat="46.696734" lon="13.696675"><ele>507.25</ele></trkpt>
   <trkpt lat="46.696916" lon="13.696149"><ele>508.5</ele></trkpt>
   <trkpt lat="46.697116" lon="13.695484"><ele>507.5</ele></trkpt>
   <trkpt lat="46.697289" lon="13.694811"><ele>508</ele></trkpt>
   <trkpt lat="46.697366" lon="13.694459"><ele>507.5</ele></trkpt>
   <trkpt lat="46.697436" lon="13.694109"><ele>508.5</ele></trkpt>
   <trkpt lat="46.69754" lon="13.693493"><ele>508</ele></trkpt>
   <trkpt lat="46.697606" lon="13.693025"><ele>507.5</ele></trkpt>
   <trkpt lat="46.697649" lon="13.69265"><ele>507.5</ele></trkpt>
   <trkpt lat="46.697683" lon="13.692287"><ele>508</ele></trkpt>
   <trkpt lat="46.697826" lon="13.690423"><ele>508</ele></trkpt>
   <trkpt lat="46.697854" lon="13.690114"><ele>508.25</ele></trkpt>
   <trkpt lat="46.697931" lon="13.689457"><ele>508</ele></trkpt>
   <trkpt lat="46.697981" lon="13.689106"><ele>508.5</ele></trkpt>
   <trkpt lat="46.698031" lon="13.688808"><ele>509.5</ele></trkpt>
   <trkpt lat="46.698105" lon="13.688412"><ele>509</ele></trkpt>
   <trkpt lat="46.698178" lon="13.68806"><ele>508.25</ele></trkpt>
   <trkpt lat="46.698258" lon="13.687712"><ele>508.5</ele></trkpt>
   <trkpt lat="46.698349" lon="13.687351"><ele>509</ele></trkpt>
   <trkpt lat="46.698447" lon="13.686998"><ele>509</ele></trkpt>
   <trkpt lat="46.698548" lon="13.686662"><ele>509</ele></trkpt>
   <trkpt lat="46.698764" lon="13.686021"><ele>509.5</ele></trkpt>
   <trkpt lat="46.698879" lon="13.685715"><ele>509.5</ele></trkpt>
   <trkpt lat="46.699007" lon="13.685393"><ele>509.75</ele></trkpt>
   <trkpt lat="46.699279" lon="13.684778"><ele>509.75</ele></trkpt>
   <trkpt lat="46.699418" lon="13.68449"><ele>509.25</ele></trkpt>
   <trkpt lat="46.699676" lon="13.683998"><ele>510</ele></trkpt>
   <trkpt lat="46.699987" lon="13.683464"><ele>509.75</ele></trkpt>
   <trkpt lat="46.700325" lon="13.682946"><ele>510</ele></trkpt>
   <trkpt lat="46.70051" lon="13.682685"><ele>509.75</ele></trkpt>
   <trkpt lat="46.701034" lon="13.681997"><ele>510</ele></trkpt>
   <trkpt lat="46.705303" lon="13.676523"><ele>509.5</ele></trkpt>
   <trkpt lat="46.705872" lon="13.675792"><ele>510.5</ele></trkpt>
   <trkpt lat="46.706415" lon="13.675095"><ele>510.75</ele></trkpt>
   <trkpt lat="46.706429" lon="13.675077"><ele>511</ele></trkpt>
   <trkpt lat="46.706763" lon="13.674646"><ele>510.75</ele></trkpt>
   <trkpt lat="46.707069" lon="13.674268"><ele>511</ele></trkpt>
   <trkpt lat="46.707622" lon="13.673545"><ele>511</ele></trkpt>
   <trkpt lat="46.707824" lon="13.673286"><ele>511</ele></trkpt>
   <trkpt lat="46.70888" lon="13.671936"><ele>511.75</ele></trkpt>
   <trkpt lat="46.709256" lon="13.67145"><ele>512</ele></trkpt>
   <trkpt lat="46.709656" lon="13.670934"><ele>511.5</ele></trkpt>
   <trkpt lat="46.713094" lon="13.666522"><ele>511.5</ele></trkpt>
   <trkpt lat="46.713446" lon="13.666035"><ele>511.5</ele></trkpt>
   <trkpt lat="46.713832" lon="13.665453"><ele>511.5</ele></trkpt>
   <trkpt lat="46.714119" lon="13.664977"><ele>511.5</ele></trkpt>
   <trkpt lat="46.714377" lon="13.664515"><ele>511.75</ele></trkpt>
   <trkpt lat="46.714607" lon="13.664071"><ele>511.5</ele></trkpt>
   <trkpt lat="46.714896" lon="13.663462"><ele>511.5</ele></trkpt>
   <trkpt lat="46.714912" lon="13.663426"><ele>511.5</ele></trkpt>
   <trkpt lat="46.715112" lon="13.662965"><ele>511.5</ele></trkpt>
   <trkpt lat="46.715415" lon="13.662195"><ele>511.75</ele></trkpt>
   <trkpt lat="46.71564" lon="13.661614"><ele>513</ele></trkpt>
   <trkpt lat="46.715895" lon="13.660995"><ele>512.5</ele></trkpt>
   <trkpt lat="46.716167" lon="13.660379"><ele>512.5</ele></trkpt>
   <trkpt lat="46.716962" lon="13.658618"><ele>512.5</ele></trkpt>
   <trkpt lat="46.717083" lon="13.658355"><ele>512.25</ele></trkpt>
   <trkpt lat="46.717267" lon="13.657978"><ele>512.5</ele></trkpt>
   <trkpt lat="46.717551" lon="13.657432"><ele>512.5</ele></trkpt>
   <trkpt lat="46.718876" lon="13.654976"><ele>511.5</ele></trkpt>
   <trkpt lat="46.719565" lon="13.653713"><ele>512.5</ele></trkpt>
   <trkpt lat="46.719907" lon="13.6531"><ele>512</ele></trkpt>
   <trkpt lat="46.720407" lon="13.652229"><ele>512.25</ele></trkpt>
   <trkpt lat="46.721429" lon="13.650483"><ele>512</ele></trkpt>
   <trkpt lat="46.721598" lon="13.650179"><ele>511.75</ele></trkpt>
   <trkpt lat="46.721753" lon="13.649872"><ele>512</ele></trkpt>
   <trkpt lat="46.721905" lon="13.64956"><ele>511.75</ele></trkpt>
   <trkpt lat="46.722173" lon="13.64896"><ele>511.5</ele></trkpt>
   <trkpt lat="46.722427" lon="13.648316"><ele>511.75</ele></trkpt>
   <trkpt lat="46.722645" lon="13.647728"><ele>511.75</ele></trkpt>
   <trkpt lat="46.722701" lon="13.647578"><ele>511.5</ele></trkpt>
   <trkpt lat="46.722985" lon="13.646841"><ele>511.75</ele></trkpt>
   <trkpt lat="46.723214" lon="13.646295"><ele>511</ele></trkpt>
   <trkpt lat="46.723369" lon="13.645961"><ele>511.75</ele></trkpt>
   <trkpt lat="46.723582" lon="13.645527"><ele>511.75</ele></trkpt>
   <trkpt lat="46.723757" lon="13.645196"><ele>511.75</ele></trkpt>
   <trkpt lat="46.725289" lon="13.642412"><ele>513</ele></trkpt>
   <trkpt lat="46.725737" lon="13.641595"><ele>512</ele></trkpt>
   <trkpt lat="46.7271" lon="13.639115"><ele>511</ele></trkpt>
   <trkpt lat="46.727572" lon="13.638256"><ele>511.25</ele></trkpt>
   <trkpt lat="46.729225" lon="13.635253"><ele>512.5</ele></trkpt>
   <trkpt lat="46.730644" lon="13.632658"><ele>512</ele></trkpt>
   <trkpt lat="46.731967" lon="13.630162"><ele>513</ele></trkpt>
   <trkpt lat="46.732645" lon="13.628912"><ele>513.25</ele></trkpt>
   <trkpt lat="46.733391" lon="13.627555"><ele>512.75</ele></trkpt>
   <trkpt lat="46.733688" lon="13.627014"><ele>512.75</ele></trkpt>
   <trkpt lat="46.736377" lon="13.622114"><ele>513.75</ele></trkpt>
   <trkpt lat="46.736926" lon="13.621128"><ele>513.75</ele></trkpt>
   <trkpt lat="46.737297" lon="13.620501"><ele>514</ele></trkpt>
   <trkpt lat="46.737582" lon="13.620061"><ele>514.25</ele></trkpt>
   <trkpt lat="46.737871" lon="13.619653"><ele>514</ele></trkpt>
   <trkpt lat="46.738028" lon="13.619449"><ele>514.5</ele></trkpt>
   <trkpt lat="46.738365" lon="13.619041"><ele>514</ele></trkpt>
   <trkpt lat="46.738549" lon="13.618835"><ele>514.25</ele></trkpt>
   <trkpt lat="46.738966" lon="13.618394"><ele>514.25</ele></trkpt>
   <trkpt lat="46.73934" lon="13.618024"><ele>514.5</ele></trkpt>
   <trkpt lat="46.739729" lon="13.617658"><ele>514.5</ele></trkpt>
   <trkpt lat="46.740494" lon="13.61698"><ele>515</ele></trkpt>
   <trkpt lat="46.740659" lon="13.616839"><ele>514.25</ele></trkpt>
   <trkpt lat="46.740691" lon="13.616813"><ele>514.25</ele></trkpt>
   <trkpt lat="46.74075" lon="13.616761"><ele>514</ele></trkpt>
   <trkpt lat="46.742284" lon="13.615446"><ele>514.25</ele></trkpt>
   <trkpt lat="46.743084" lon="13.614743"><ele>514.75</ele></trkpt>
   <trkpt lat="46.743531" lon="13.614323"><ele>514.25</ele></trkpt>
   <trkpt lat="46.74392" lon="13.613945"><ele>514.75</ele></trkpt>
   <trkpt lat="46.744355" lon="13.613501"><ele>514.25</ele></trkpt>
   <trkpt lat="46.744979" lon="13.612831"><ele>514.5</ele></trkpt>
   <trkpt lat="46.745588" lon="13.612134"><ele>515.5</ele></trkpt>
   <trkpt lat="46.745947" lon="13.611699"><ele>514.75</ele></trkpt>
   <trkpt lat="46.746289" lon="13.611274"><ele>514.5</ele></trkpt>
   <trkpt lat="46.746806" lon="13.610601"><ele>515</ele></trkpt>
   <trkpt lat="46.747143" lon="13.610138"><ele>514.75</ele></trkpt>
   <trkpt lat="46.747475" lon="13.609665"><ele>515.5</ele></trkpt>
   <trkpt lat="46.747804" lon="13.609184"><ele>515.75</ele></trkpt>
   <trkpt lat="46.748263" lon="13.60848"><ele>515.75</ele></trkpt>
   <trkpt lat="46.748313" lon="13.608401"><ele>515.75</ele></trkpt>
   <trkpt lat="46.748861" lon="13.6075"><ele>515.75</ele></trkpt>
   <trkpt lat="46.749215" lon="13.606887"><ele>515.5</ele></trkpt>
   <trkpt lat="46.749557" lon="13.606271"><ele>514.75</ele></trkpt>
   <trkpt lat="46.749892" lon="13.605637"><ele>515.25</ele></trkpt>
   <trkpt lat="46.75006" lon="13.605306"><ele>515.75</ele></trkpt>
   <trkpt lat="46.750502" lon="13.604404"><ele>516</ele></trkpt>
   <trkpt lat="46.750663" lon="13.604055"><ele>515.75</ele></trkpt>
   <trkpt lat="46.750931" lon="13.603469"><ele>515.25</ele></trkpt>
   <trkpt lat="46.75121" lon="13.602817"><ele>515</ele></trkpt>
   <trkpt lat="46.751756" lon="13.601466"><ele>515.5</ele></trkpt>
   <trkpt lat="46.751784" lon="13.601396"><ele>515.25</ele></trkpt>
   <trkpt lat="46.751807" lon="13.601339"><ele>515.5</ele></trkpt>
   <trkpt lat="46.752307" lon="13.6001"><ele>516</ele></trkpt>
   <trkpt lat="46.752324" lon="13.600058"><ele>515.75</ele></trkpt>
   <trkpt lat="46.753679" lon="13.596693"><ele>516</ele></trkpt>
   <trkpt lat="46.755317" lon="13.592628"><ele>516.25</ele></trkpt>
   <trkpt lat="46.756911" lon="13.588667"><ele>517.5</ele></trkpt>
   <trkpt lat="46.757085" lon="13.588237"><ele>516.75</ele></trkpt>
   <trkpt lat="46.757709" lon="13.586687"><ele>517.5</ele></trkpt>
   <trkpt lat="46.757955" lon="13.586076"><ele>518</ele></trkpt>
   <trkpt lat="46.757977" lon="13.586021"><ele>518</ele></trkpt>
   <trkpt lat="46.758144" lon="13.585637"><ele>518</ele></trkpt>
   <trkpt lat="46.758309" lon="13.585294"><ele>518</ele></trkpt>
   <trkpt lat="46.758442" lon="13.584989"><ele>518.5</ele></trkpt>
   <trkpt lat="46.758538" lon="13.584754"><ele>518.75</ele></trkpt>
   <trkpt lat="46.758599" lon="13.584601"><ele>519</ele></trkpt>
   <trkpt lat="46.759164" lon="13.583198"><ele>519.5</ele></trkpt>
   <trkpt lat="46.761868" lon="13.576481"><ele>519.5</ele></trkpt>
   <trkpt lat="46.76245" lon="13.57503"><ele>519.75</ele></trkpt>
   <trkpt lat="46.762498" lon="13.574913"><ele>519.75</ele></trkpt>
   <trkpt lat="46.76295" lon="13.573794"><ele>519.75</ele></trkpt>
   <trkpt lat="46.763597" lon="13.572188"><ele>519.75</ele></trkpt>
   <trkpt lat="46.765" lon="13.5687"><ele>520.5</ele></trkpt>
   <trkpt lat="46.767535" lon="13.562398"><ele>521.5</ele></trkpt>
   <trkpt lat="46.770057" lon="13.55612"><ele>522</ele></trkpt>
   <trkpt lat="46.770759" lon="13.554376"><ele>521.25</ele></trkpt>
   <trkpt lat="46.770814" lon="13.554237"><ele>522.25</ele></trkpt>
   <trkpt lat="46.771189" lon="13.553307"><ele>522.75</ele></trkpt>
   <trkpt lat="46.774855" lon="13.544189"><ele>526.5</ele></trkpt>
   <trkpt lat="46.779851" lon="13.531759"><ele>531.25</ele></trkpt>
   <trkpt lat="46.780002" lon="13.531384"><ele>532.75</ele></trkpt>
   <trkpt lat="46.780117" lon="13.531097"><ele>530.25</ele></trkpt>
   <trkpt lat="46.780271" lon="13.530713"><ele>532.25</ele></trkpt>
   <trkpt lat="46.780313" lon="13.530608"><ele>532.5</ele></trkpt>
   <trkpt lat="46.782334" lon="13.525574"><ele>534.75</ele></trkpt>
   <trkpt lat="46.785924" lon="13.516633"><ele>539.25</ele></trkpt>
   <trkpt lat="46.787122" lon="13.51365"><ele>541</ele></trkpt>
   <trkpt lat="46.789093" lon="13.508741"><ele>543.5</ele></trkpt>
   <trkpt lat="46.789632" lon="13.507399"><ele>544.5</ele></trkpt>
   <trkpt lat="46.791824" lon="13.501929"><ele>546</ele></trkpt>
   <trkpt lat="46.791838" lon="13.50189"><ele>546</ele></trkpt>
   <trkpt lat="46.791966" lon="13.501528"><ele>546</ele></trkpt>
   <trkpt lat="46.792051" lon="13.501255"><ele>545.5</ele></trkpt>
   <trkpt lat="46.792123" lon="13.500976"><ele>545.75</ele></trkpt>
   <trkpt lat="46.792181" lon="13.500708"><ele>546.25</ele></trkpt>
   <trkpt lat="46.792241" lon="13.500345"><ele>543.75</ele></trkpt>
   <trkpt lat="46.792274" lon="13.500057"><ele>545</ele></trkpt>
   <trkpt lat="46.792287" lon="13.499911"><ele>545.5</ele></trkpt>
   <trkpt lat="46.792297" lon="13.499733"><ele>545.25</ele></trkpt>
   <trkpt lat="46.792302" lon="13.499213"><ele>544.5</ele></trkpt>
   <trkpt lat="46.792281" lon="13.498644"><ele>545.25</ele></trkpt>
   <trkpt lat="46.792265" lon="13.498305"><ele>544.5</ele></trkpt>
   <trkpt lat="46.792229" lon="13.497595"><ele>541.5</ele></trkpt>
   <trkpt lat="46.792224" lon="13.497522"><ele>541</ele></trkpt>
   <trkpt lat="46.792211" lon="13.497269"><ele>545</ele></trkpt>
   <trkpt lat="46.792188" lon="13.496787"><ele>545</ele></trkpt>
   <trkpt lat="46.79207" lon="13.494156"><ele>546.75</ele></trkpt>
   <trkpt lat="46.792063" lon="13.493987"><ele>547</ele></trkpt>
   <trkpt lat="46.792045" lon="13.493607"><ele>547</ele></trkpt>
   <trkpt lat="46.792033" lon="13.493306"><ele>546.75</ele></trkpt>
   <trkpt lat="46.792031" lon="13.493242"><ele>546.75</ele></trkpt>
   <trkpt lat="46.792024" lon="13.493006"><ele>546.75</ele></trkpt>
   <trkpt lat="46.792025" lon="13.492571"><ele>546.25</ele></trkpt>
   <trkpt lat="46.792044" lon="13.492254"><ele>546.25</ele></trkpt>
   <trkpt lat="46.792066" lon="13.492049"><ele>546.25</ele></trkpt>
   <trkpt lat="46.792126" lon="13.491674"><ele>546.5</ele></trkpt>
   <trkpt lat="46.792178" lon="13.491442"><ele>545.25</ele></trkpt>
   <trkpt lat="46.792183" lon="13.49142"><ele>545</ele></trkpt>
   <trkpt lat="46.79232" lon="13.49097"><ele>545.25</ele></trkpt>
   <trkpt lat="46.792423" lon="13.490705"><ele>545.25</ele></trkpt>
   <trkpt lat="46.792517" lon="13.490495"><ele>545</ele></trkpt>
   <trkpt lat="46.792691" lon="13.490159"><ele>544.5</ele></trkpt>
   <trkpt lat="46.792811" lon="13.489961"><ele>543.25</ele></trkpt>
   <trkpt lat="46.792971" lon="13.489724"><ele>542.75</ele></trkpt>
   <trkpt lat="46.793209" lon="13.48942"><ele>544</ele></trkpt>
   <trkpt lat="46.793401" lon="13.489216"><ele>544</ele></trkpt>
   <trkpt lat="46.793584" lon="13.489047"><ele>544</ele></trkpt>
   <trkpt lat="46.793596" lon="13.489036"><ele>544</ele></trkpt>
   <trkpt lat="46.793808" lon="13.488874"><ele>544</ele></trkpt>
   <trkpt lat="46.794038" lon="13.488732"><ele>544</ele></trkpt>
   <trkpt lat="46.79434" lon="13.488583"><ele>544</ele></trkpt>
   <trkpt lat="46.794516" lon="13.488508"><ele>544</ele></trkpt>
   <trkpt lat="46.794783" lon="13.48838"><ele>544</ele></trkpt>
   <trkpt lat="46.794921" lon="13.488302"><ele>544</ele></trkpt>
   <trkpt lat="46.795796" lon="13.487751"><ele>543.75</ele></trkpt>
   <trkpt lat="46.796055" lon="13.487586"><ele>543.25</ele></trkpt>
   <trkpt lat="46.796064" lon="13.487579"><ele>543.25</ele></trkpt>
   <trkpt lat="46.796837" lon="13.487088"><ele>543</ele></trkpt>
   <trkpt lat="46.798306" lon="13.486149"><ele>543</ele></trkpt>
   <trkpt lat="46.798325" lon="13.486136"><ele>543</ele></trkpt>
   <trkpt lat="46.798545" lon="13.485983"><ele>543</ele></trkpt>
   <trkpt lat="46.798972" lon="13.485634"><ele>542.75</ele></trkpt>
   <trkpt lat="46.799091" lon="13.485548"><ele>543</ele></trkpt>
   <trkpt lat="46.799303" lon="13.485391"><ele>542.5</ele></trkpt>
   <trkpt lat="46.799505" lon="13.485256"><ele>542</ele></trkpt>
   <trkpt lat="46.799934" lon="13.485002"><ele>542</ele></trkpt>
   <trkpt lat="46.800033" lon="13.484934"><ele>542</ele></trkpt>
   <trkpt lat="46.800312" lon="13.484718"><ele>541.5</ele></trkpt>
   <trkpt lat="46.800444" lon="13.484627"><ele>539.75</ele></trkpt>
   <trkpt lat="46.800493" lon="13.484599"><ele>539.25</ele></trkpt>
   <trkpt lat="46.800643" lon="13.48451"><ele>539.5</ele></trkpt>
   <trkpt lat="46.800713" lon="13.484467"><ele>540.5</ele></trkpt>
   <trkpt lat="46.800807" lon="13.48441"><ele>541.25</ele></trkpt>
   <trkpt lat="46.800831" lon="13.484396"><ele>541.25</ele></trkpt>
   <trkpt lat="46.801271" lon="13.484133"><ele>541.5</ele></trkpt>
   <trkpt lat="46.802198" lon="13.483578"><ele>540.5</ele></trkpt>
   <trkpt lat="46.802732" lon="13.483241"><ele>539.75</ele></trkpt>
   <trkpt lat="46.803061" lon="13.483004"><ele>540</ele></trkpt>
   <trkpt lat="46.803472" lon="13.482672"><ele>538.5</ele></trkpt>
   <trkpt lat="46.80385" lon="13.482325"><ele>538.5</ele></trkpt>
   <trkpt lat="46.804008" lon="13.482168"><ele>538.25</ele></trkpt>
   <trkpt lat="46.804346" lon="13.481805"><ele>538.5</ele></trkpt>
   <trkpt lat="46.804732" lon="13.481341"><ele>539.25</ele></trkpt>
   <trkpt lat="46.804916" lon="13.481099"><ele>538.25</ele></trkpt>
   <trkpt lat="46.805261" lon="13.480607"><ele>538.5</ele></trkpt>
   <trkpt lat="46.805426" lon="13.480349"><ele>538</ele></trkpt>
   <trkpt lat="46.805588" lon="13.480083"><ele>538</ele></trkpt>
   <trkpt lat="46.805903" lon="13.479514"><ele>537</ele></trkpt>
   <trkpt lat="46.805938" lon="13.479449"><ele>537</ele></trkpt>
   <trkpt lat="46.806202" lon="13.478904"><ele>538</ele></trkpt>
   <trkpt lat="46.806437" lon="13.478363"><ele>538.75</ele></trkpt>
   <trkpt lat="46.806569" lon="13.478028"><ele>537.5</ele></trkpt>
   <trkpt lat="46.806826" lon="13.47732"><ele>538</ele></trkpt>
   <trkpt lat="46.808703" lon="13.471979"><ele>539.5</ele></trkpt>
   <trkpt lat="46.808861" lon="13.471557"><ele>539.75</ele></trkpt>
   <trkpt lat="46.80909" lon="13.471025"><ele>539.25</ele></trkpt>
   <trkpt lat="46.809217" lon="13.470775"><ele>539.75</ele></trkpt>
   <trkpt lat="46.809344" lon="13.470543"><ele>539.75</ele></trkpt>
   <trkpt lat="46.809526" lon="13.47025"><ele>539.75</ele></trkpt>
   <trkpt lat="46.809782" lon="13.469886"><ele>540.5</ele></trkpt>
   <trkpt lat="46.810192" lon="13.469381"><ele>540.75</ele></trkpt>
   <trkpt lat="46.810996" lon="13.468421"><ele>541.25</ele></trkpt>
   <trkpt lat="46.811162" lon="13.468208"><ele>540.5</ele></trkpt>
   <trkpt lat="46.811331" lon="13.467973"><ele>539.5</ele></trkpt>
   <trkpt lat="46.811486" lon="13.467743"><ele>541.5</ele></trkpt>
   <trkpt lat="46.811638" lon="13.467497"><ele>540.5</ele></trkpt>
   <trkpt lat="46.811781" lon="13.467247"><ele>540</ele></trkpt>
   <trkpt lat="46.811918" lon="13.466987"><ele>541</ele></trkpt>
   <trkpt lat="46.81203" lon="13.466757"><ele>541</ele></trkpt>
   <trkpt lat="46.812268" lon="13.466194"><ele>539.75</ele></trkpt>
   <trkpt lat="46.812329" lon="13.466034"><ele>539.5</ele></trkpt>
   <trkpt lat="46.81245" lon="13.465693"><ele>540.25</ele></trkpt>
   <trkpt lat="46.812634" lon="13.465077"><ele>540.25</ele></trkpt>
   <trkpt lat="46.812751" lon="13.464605"><ele>540.25</ele></trkpt>
   <trkpt lat="46.812769" lon="13.464534"><ele>540.5</ele></trkpt>
   <trkpt lat="46.813569" lon="13.46106"><ele>540.75</ele></trkpt>
   <trkpt lat="46.813751" lon="13.460342"><ele>539.75</ele></trkpt>
   <trkpt lat="46.813841" lon="13.460032"><ele>540.5</ele></trkpt>
   <trkpt lat="46.813939" lon="13.459713"><ele>540.5</ele></trkpt>
   <trkpt lat="46.814034" lon="13.459429"><ele>540</ele></trkpt>
   <trkpt lat="46.814174" lon="13.459038"><ele>541.5</ele></trkpt>
   <trkpt lat="46.814372" lon="13.458519"><ele>540.25</ele></trkpt>
   <trkpt lat="46.816833" lon="13.4521"><ele>542</ele></trkpt>
   <trkpt lat="46.817116" lon="13.451369"><ele>541.75</ele></trkpt>
   <trkpt lat="46.817404" lon="13.450671"><ele>541.5</ele></trkpt>
   <trkpt lat="46.817711" lon="13.449984"><ele>541.25</ele></trkpt>
   <trkpt lat="46.818037" lon="13.449299"><ele>542</ele></trkpt>
   <trkpt lat="46.818381" lon="13.448606"><ele>544.5</ele></trkpt>
   <trkpt lat="46.818553" lon="13.448282"><ele>543</ele></trkpt>
   <trkpt lat="46.819172" lon="13.447159"><ele>542.75</ele></trkpt>
   <trkpt lat="46.819316" lon="13.446879"><ele>542.75</ele></trkpt>
   <trkpt lat="46.819552" lon="13.446375"><ele>544</ele></trkpt>
   <trkpt lat="46.819703" lon="13.446016"><ele>542.5</ele></trkpt>
   <trkpt lat="46.819846" lon="13.445646"><ele>545</ele></trkpt>
   <trkpt lat="46.821306" lon="13.441519"><ele>543.5</ele></trkpt>
   <trkpt lat="46.821563" lon="13.440835"><ele>543</ele></trkpt>
   <trkpt lat="46.821718" lon="13.44046"><ele>545</ele></trkpt>
   <trkpt lat="46.822599" lon="13.438477"><ele>544.5</ele></trkpt>
   <trkpt lat="46.822868" lon="13.437804"><ele>545.25</ele></trkpt>
   <trkpt lat="46.823358" lon="13.436425"><ele>545</ele></trkpt>
   <trkpt lat="46.8236" lon="13.435718"><ele>544.5</ele></trkpt>
   <trkpt lat="46.824388" lon="13.433169"><ele>544.5</ele></trkpt>
   <trkpt lat="46.824784" lon="13.431806"><ele>544.25</ele></trkpt>
   <trkpt lat="46.826053" lon="13.427384"><ele>545.5</ele></trkpt>
   <trkpt lat="46.826373" lon="13.426264"><ele>546.25</ele></trkpt>
   <trkpt lat="46.826379" lon="13.426241"><ele>546.25</ele></trkpt>
   <trkpt lat="46.826583" lon="13.425527"><ele>546.25</ele></trkpt>
   <trkpt lat="46.826684" lon="13.425154"><ele>547</ele></trkpt>
   <trkpt lat="46.826827" lon="13.424569"><ele>547.5</ele></trkpt>
   <trkpt lat="46.82695" lon="13.424001"><ele>546.75</ele></trkpt>
   <trkpt lat="46.82701" lon="13.423694"><ele>546</ele></trkpt>
   <trkpt lat="46.827084" lon="13.423279"><ele>546</ele></trkpt>
   <trkpt lat="46.827174" lon="13.422698"><ele>547</ele></trkpt>
   <trkpt lat="46.82732" lon="13.421519"><ele>546.75</ele></trkpt>
   <trkpt lat="46.827493" lon="13.42007"><ele>548.5</ele></trkpt>
   <trkpt lat="46.827581" lon="13.419412"><ele>548.5</ele></trkpt>
   <trkpt lat="46.827718" lon="13.418504"><ele>549</ele></trkpt>
   <trkpt lat="46.827763" lon="13.418144"><ele>549.5</ele></trkpt>
   <trkpt lat="46.827834" lon="13.41754"><ele>550</ele></trkpt>
   <trkpt lat="46.827897" lon="13.417061"><ele>549.75</ele></trkpt>
   <trkpt lat="46.827915" lon="13.416932"><ele>549.25</ele></trkpt>
   <trkpt lat="46.827915" lon="13.416927"><ele>549.25</ele></trkpt>
   <trkpt lat="46.827928" lon="13.41684"><ele>549.5</ele></trkpt>
   <trkpt lat="46.827999" lon="13.416406"><ele>549.75</ele></trkpt>
   <trkpt lat="46.828058" lon="13.416096"><ele>551</ele></trkpt>
   <trkpt lat="46.828123" lon="13.415802"><ele>551.75</ele></trkpt>
   <trkpt lat="46.828273" lon="13.415231"><ele>551.5</ele></trkpt>
   <trkpt lat="46.828421" lon="13.414768"><ele>550.5</ele></trkpt>
   <trkpt lat="46.828521" lon="13.414488"><ele>550.75</ele></trkpt>
   <trkpt lat="46.828587" lon="13.414316"><ele>553</ele></trkpt>
   <trkpt lat="46.8288" lon="13.413818"><ele>552.25</ele></trkpt>
   <trkpt lat="46.828924" lon="13.413557"><ele>553.5</ele></trkpt>
   <trkpt lat="46.829057" lon="13.413302"><ele>553</ele></trkpt>
   <trkpt lat="46.829197" lon="13.413052"><ele>554.25</ele></trkpt>
   <trkpt lat="46.829351" lon="13.4128"><ele>553.25</ele></trkpt>
   <trkpt lat="46.82951" lon="13.412557"><ele>553.75</ele></trkpt>
   <trkpt lat="46.829669" lon="13.412334"><ele>553.75</ele></trkpt>
   <trkpt lat="46.830011" lon="13.411902"><ele>555.5</ele></trkpt>
   <trkpt lat="46.830195" lon="13.411698"><ele>555.25</ele></trkpt>
   <trkpt lat="46.830465" lon="13.411422"><ele>555.75</ele></trkpt>
   <trkpt lat="46.830656" lon="13.411247"><ele>555.5</ele></trkpt>
   <trkpt lat="46.831041" lon="13.410925"><ele>556.75</ele></trkpt>
   <trkpt lat="46.831658" lon="13.410432"><ele>557.75</ele></trkpt>
   <trkpt lat="46.832041" lon="13.410114"><ele>558.5</ele></trkpt>
   <trkpt lat="46.832226" lon="13.409948"><ele>559.25</ele></trkpt>
   <trkpt lat="46.832461" lon="13.409721"><ele>559.25</ele></trkpt>
   <trkpt lat="46.832509" lon="13.409673"><ele>559.25</ele></trkpt>
   <trkpt lat="46.832781" lon="13.40937"><ele>559.75</ele></trkpt>
   <trkpt lat="46.832924" lon="13.409198"><ele>560.25</ele></trkpt>
   <trkpt lat="46.833091" lon="13.408982"><ele>560.75</ele></trkpt>
   <trkpt lat="46.833379" lon="13.408568"><ele>560.75</ele></trkpt>
   <trkpt lat="46.833573" lon="13.408252"><ele>560</ele></trkpt>
   <trkpt lat="46.833693" lon="13.40804"><ele>560.5</ele></trkpt>
   <trkpt lat="46.833818" lon="13.407808"><ele>560</ele></trkpt>
   <trkpt lat="46.834013" lon="13.40742"><ele>560.25</ele></trkpt>
   <trkpt lat="46.834164" lon="13.407097"><ele>560.75</ele></trkpt>
   <trkpt lat="46.834529" lon="13.406332"><ele>560</ele></trkpt>
   <trkpt lat="46.834678" lon="13.405972"><ele>560.75</ele></trkpt>
   <trkpt lat="46.834851" lon="13.405499"><ele>559.75</ele></trkpt>
   <trkpt lat="46.835187" lon="13.404592"><ele>561.75</ele></trkpt>
   <trkpt lat="46.836487" lon="13.401114"><ele>564.25</ele></trkpt>
   <trkpt lat="46.836769" lon="13.400392"><ele>565</ele></trkpt>
   <trkpt lat="46.837043" lon="13.399736"><ele>566.25</ele></trkpt>
   <trkpt lat="46.837176" lon="13.399434"><ele>565.5</ele></trkpt>
   <trkpt lat="46.837334" lon="13.399085"><ele>565</ele></trkpt>
   <trkpt lat="46.837571" lon="13.398584"><ele>569.75</ele></trkpt>
   <trkpt lat="46.837785" lon="13.398141"><ele>570.5</ele></trkpt>
   <trkpt lat="46.838108" lon="13.397395"><ele>571.5</ele></trkpt>
   <trkpt lat="46.838246" lon="13.397109"><ele>572</ele></trkpt>
   <trkpt lat="46.83871" lon="13.396169"><ele>573.75</ele></trkpt>
   <trkpt lat="46.838825" lon="13.395938"><ele>574.5</ele></trkpt>
   <trkpt lat="46.83899" lon="13.395598"><ele>574</ele></trkpt>
   <trkpt lat="46.839415" lon="13.394656"><ele>577.5</ele></trkpt>
   <trkpt lat="46.839583" lon="13.39431"><ele>575.75</ele></trkpt>
   <trkpt lat="46.83964" lon="13.394195"><ele>577</ele></trkpt>
   <trkpt lat="46.839902" lon="13.393669"><ele>577.25</ele></trkpt>
   <trkpt lat="46.840196" lon="13.393041"><ele>580.5</ele></trkpt>
   <trkpt lat="46.840319" lon="13.39275"><ele>584</ele></trkpt>
   <trkpt lat="46.840442" lon="13.392447"><ele>584.25</ele></trkpt>
   <trkpt lat="46.840651" lon="13.391883"><ele>586.5</ele></trkpt>
   <trkpt lat="46.840749" lon="13.39159"><ele>587.25</ele></trkpt>
   <trkpt lat="46.840937" lon="13.390977"><ele>588.25</ele></trkpt>
   <trkpt lat="46.841126" lon="13.390268"><ele>588</ele></trkpt>
   <trkpt lat="46.841245" lon="13.389792"><ele>583.5</ele></trkpt>
   <trkpt lat="46.841453" lon="13.389019"><ele>589.25</ele></trkpt>
   <trkpt lat="46.841532" lon="13.388751"><ele>587.75</ele></trkpt>
   <trkpt lat="46.841709" lon="13.388206"><ele>592</ele></trkpt>
   <trkpt lat="46.841987" lon="13.387466"><ele>594.5</ele></trkpt>
   <trkpt lat="46.842267" lon="13.386819"><ele>597.75</ele></trkpt>
   <trkpt lat="46.842417" lon="13.386503"><ele>596.25</ele></trkpt>
   <trkpt lat="46.842576" lon="13.386185"><ele>596.75</ele></trkpt>
   <trkpt lat="46.84274" lon="13.385882"><ele>597.75</ele></trkpt>
   <trkpt lat="46.843397" lon="13.384727"><ele>600.75</ele></trkpt>
   <trkpt lat="46.843707" lon="13.384144"><ele>600.75</ele></trkpt>
   <trkpt lat="46.843852" lon="13.38384"><ele>602.25</ele></trkpt>
   <trkpt lat="46.843988" lon="13.383534"><ele>601</ele></trkpt>
   <trkpt lat="46.844137" lon="13.383172"><ele>601.25</ele></trkpt>
   <trkpt lat="46.84421" lon="13.38298"><ele>602</ele></trkpt>
   <trkpt lat="46.844343" lon="13.382607"><ele>604.75</ele></trkpt>
   <trkpt lat="46.844439" lon="13.382312"><ele>606.75</ele></trkpt>
   <trkpt lat="46.844532" lon="13.382001"><ele>605</ele></trkpt>
   <trkpt lat="46.844654" lon="13.381561"><ele>605.5</ele></trkpt>
   <trkpt lat="46.844727" lon="13.381284"><ele>608.25</ele></trkpt>
   <trkpt lat="46.84498" lon="13.3803"><ele>611.5</ele></trkpt>
   <trkpt lat="46.845076" lon="13.379947"><ele>613</ele></trkpt>
   <trkpt lat="46.845284" lon="13.379271"><ele>614</ele></trkpt>
   <trkpt lat="46.845524" lon="13.378618"><ele>614.5</ele></trkpt>
   <trkpt lat="46.845933" lon="13.377623"><ele>615.5</ele></trkpt>
   <trkpt lat="46.846042" lon="13.377359"><ele>616.5</ele></trkpt>
   <trkpt lat="46.84671" lon="13.375767"><ele>622</ele></trkpt>
   <trkpt lat="46.847009" lon="13.375082"><ele>622.25</ele></trkpt>
   <trkpt lat="46.847191" lon="13.374689"><ele>623.25</ele></trkpt>
   <trkpt lat="46.84787" lon="13.373301"><ele>626.25</ele></trkpt>
   <trkpt lat="46.848146" lon="13.372737"><ele>630</ele></trkpt>
   <trkpt lat="46.848502" lon="13.372013"><ele>631.25</ele></trkpt>
   <trkpt lat="46.84866" lon="13.371702"><ele>632.25</ele></trkpt>
   <trkpt lat="46.848825" lon="13.3714"><ele>631.5</ele></trkpt>
   <trkpt lat="46.84899" lon="13.371112"><ele>630.25</ele></trkpt>
   <trkpt lat="46.849685" lon="13.36998"><ele>635.5</ele></trkpt>
   <trkpt lat="46.850304" lon="13.368893"><ele>638.5</ele></trkpt>
   <trkpt lat="46.851478" lon="13.366815"><ele>639.5</ele></trkpt>
   <trkpt lat="46.851995" lon="13.36589"><ele>639.75</ele></trkpt>
   <trkpt lat="46.85213" lon="13.365633"><ele>639.75</ele></trkpt>
   <trkpt lat="46.852313" lon="13.365267"><ele>639</ele></trkpt>
   <trkpt lat="46.85254" lon="13.364771"><ele>639.5</ele></trkpt>
   <trkpt lat="46.853085" lon="13.363484"><ele>639.25</ele></trkpt>
   <trkpt lat="46.853165" lon="13.363292"><ele>638.5</ele></trkpt>
   <trkpt lat="46.853457" lon="13.362604"><ele>636.5</ele></trkpt>
   <trkpt lat="46.853553" lon="13.362382"><ele>636.25</ele></trkpt>
   <trkpt lat="46.853787" lon="13.361827"><ele>641</ele></trkpt>
   <trkpt lat="46.853912" lon="13.361547"><ele>643.5</ele></trkpt>
   <trkpt lat="46.854166" lon="13.361027"><ele>645.75</ele></trkpt>
   <trkpt lat="46.854366" lon="13.360658"><ele>646.5</ele></trkpt>
   <trkpt lat="46.854613" lon="13.360249"><ele>646.25</ele></trkpt>
   <trkpt lat="46.855364" lon="13.359114"><ele>650.25</ele></trkpt>
   <trkpt lat="46.855677" lon="13.358609"><ele>652</ele></trkpt>
   <trkpt lat="46.857251" lon="13.355886"><ele>660.25</ele></trkpt>
   <trkpt lat="46.857863" lon="13.354813"><ele>658.5</ele></trkpt>
   <trkpt lat="46.858287" lon="13.354153"><ele>663</ele></trkpt>
   <trkpt lat="46.858649" lon="13.353634"><ele>661.25</ele></trkpt>
   <trkpt lat="46.858839" lon="13.35338"><ele>665.25</ele></trkpt>
   <trkpt lat="46.859772" lon="13.352182"><ele>663.75</ele></trkpt>
   <trkpt lat="46.860107" lon="13.351792"><ele>671.25</ele></trkpt>
   <trkpt lat="46.860285" lon="13.351598"><ele>672.5</ele></trkpt>
   <trkpt lat="46.860656" lon="13.351229"><ele>674</ele></trkpt>
   <trkpt lat="46.861479" lon="13.350494"><ele>674.75</ele></trkpt>
   <trkpt lat="46.861868" lon="13.350127"><ele>675.75</ele></trkpt>
   <trkpt lat="46.862047" lon="13.349945"><ele>677</ele></trkpt>
   <trkpt lat="46.862213" lon="13.349758"><ele>678.5</ele></trkpt>
   <trkpt lat="46.862424" lon="13.349505"><ele>676</ele></trkpt>
   <trkpt lat="46.862558" lon="13.349333"><ele>677.5</ele></trkpt>
   <trkpt lat="46.862715" lon="13.349112"><ele>679.25</ele></trkpt>
   <trkpt lat="46.862873" lon="13.348872"><ele>679.75</ele></trkpt>
   <trkpt lat="46.863027" lon="13.348622"><ele>682.25</ele></trkpt>
   <trkpt lat="46.863175" lon="13.348359"><ele>681.75</ele></trkpt>
   <trkpt lat="46.863314" lon="13.348089"><ele>683.5</ele></trkpt>
   <trkpt lat="46.863568" lon="13.347532"><ele>687</ele></trkpt>
   <trkpt lat="46.863688" lon="13.347247"><ele>688.75</ele></trkpt>
   <trkpt lat="46.863949" lon="13.346543"><ele>689</ele></trkpt>
   <trkpt lat="46.864154" lon="13.345967"><ele>689.25</ele></trkpt>
   <trkpt lat="46.864336" lon="13.34548"><ele>691.75</ele></trkpt>
   <trkpt lat="46.864443" lon="13.345208"><ele>691.25</ele></trkpt>
   <trkpt lat="46.86462" lon="13.344796"><ele>693.5</ele></trkpt>
   <trkpt lat="46.864827" lon="13.344377"><ele>694.5</ele></trkpt>
   <trkpt lat="46.864973" lon="13.344108"><ele>694.25</ele></trkpt>
   <trkpt lat="46.865126" lon="13.343848"><ele>695.25</ele></trkpt>
   <trkpt lat="46.865286" lon="13.3436"><ele>695</ele></trkpt>
   <trkpt lat="46.865455" lon="13.343355"><ele>696</ele></trkpt>
   <trkpt lat="46.865639" lon="13.343108"><ele>696.5</ele></trkpt>
   <trkpt lat="46.865831" lon="13.342873"><ele>696.75</ele></trkpt>
   <trkpt lat="46.866061" lon="13.342609"><ele>697.25</ele></trkpt>
   <trkpt lat="46.866965" lon="13.341621"><ele>701</ele></trkpt>
   <trkpt lat="46.867173" lon="13.341377"><ele>700.5</ele></trkpt>
   <trkpt lat="46.867338" lon="13.341163"><ele>700.5</ele></trkpt>
   <trkpt lat="46.8675" lon="13.340943"><ele>702.25</ele></trkpt>
   <trkpt lat="46.867763" lon="13.340541"><ele>704.25</ele></trkpt>
   <trkpt lat="46.867909" lon="13.340295"><ele>702</ele></trkpt>
   <trkpt lat="46.868117" lon="13.339906"><ele>704</ele></trkpt>
   <trkpt lat="46.868264" lon="13.3396"><ele>704.25</ele></trkpt>
   <trkpt lat="46.868447" lon="13.339175"><ele>705</ele></trkpt>
   <trkpt lat="46.868569" lon="13.338858"><ele>707.25</ele></trkpt>
   <trkpt lat="46.868737" lon="13.338396"><ele>708.75</ele></trkpt>
   <trkpt lat="46.869024" lon="13.337564"><ele>712.25</ele></trkpt>
   <trkpt lat="46.869214" lon="13.337039"><ele>713</ele></trkpt>
   <trkpt lat="46.86934" lon="13.336724"><ele>712</ele></trkpt>
   <trkpt lat="46.869461" lon="13.336442"><ele>714.5</ele></trkpt>
   <trkpt lat="46.869591" lon="13.336164"><ele>713.5</ele></trkpt>
   <trkpt lat="46.869723" lon="13.335903"><ele>715.25</ele></trkpt>
   <trkpt lat="46.869866" lon="13.335642"><ele>715.25</ele></trkpt>
   <trkpt lat="46.870009" lon="13.3354"><ele>716</ele></trkpt>
   <trkpt lat="46.87032" lon="13.334921"><ele>717.25</ele></trkpt>
   <trkpt lat="46.871227" lon="13.333625"><ele>718.5</ele></trkpt>
   <trkpt lat="46.871762" lon="13.332836"><ele>724</ele></trkpt>
   <trkpt lat="46.871917" lon="13.33259"><ele>725.75</ele></trkpt>
   <trkpt lat="46.872105" lon="13.332269"><ele>726.25</ele></trkpt>
   <trkpt lat="46.872219" lon="13.33206"><ele>721.5</ele></trkpt>
   <trkpt lat="46.872513" lon="13.331476"><ele>729.25</ele></trkpt>
   <trkpt lat="46.872974" lon="13.330433"><ele>729.75</ele></trkpt>
   <trkpt lat="46.87329" lon="13.329764"><ele>730</ele></trkpt>
   <trkpt lat="46.873563" lon="13.329253"><ele>728.75</ele></trkpt>
   <trkpt lat="46.873838" lon="13.328767"><ele>732.5</ele></trkpt>
   <trkpt lat="46.873856" lon="13.328736"><ele>733.25</ele></trkpt>
   <trkpt lat="46.874916" lon="13.326904"><ele>736.25</ele></trkpt>
   <trkpt lat="46.875078" lon="13.326641"><ele>733.25</ele></trkpt>
   <trkpt lat="46.87542" lon="13.326131"><ele>743</ele></trkpt>
   <trkpt lat="46.875514" lon="13.326"><ele>742.5</ele></trkpt>
   <trkpt lat="46.87562" lon="13.325851"><ele>739.5</ele></trkpt>
   <trkpt lat="46.876307" lon="13.324902"><ele>741.75</ele></trkpt>
   <trkpt lat="46.876798" lon="13.324213"><ele>747</ele></trkpt>
   <trkpt lat="46.877067" lon="13.323815"><ele>744.25</ele></trkpt>
   <trkpt lat="46.877452" lon="13.323231"><ele>746.25</ele></trkpt>
   <trkpt lat="46.877757" lon="13.32275"><ele>747.75</ele></trkpt>
   <trkpt lat="46.878065" lon="13.322238"><ele>747.75</ele></trkpt>
   <trkpt lat="46.878319" lon="13.32179"><ele>747.75</ele></trkpt>
   <trkpt lat="46.878626" lon="13.321177"><ele>747.25</ele></trkpt>
   <trkpt lat="46.878872" lon="13.32063"><ele>746.25</ele></trkpt>
   <trkpt lat="46.878989" lon="13.320347"><ele>745.75</ele></trkpt>
   <trkpt lat="46.879499" lon="13.319038"><ele>745.25</ele></trkpt>
   <trkpt lat="46.879606" lon="13.318785"><ele>744</ele></trkpt>
   <trkpt lat="46.879745" lon="13.318475"><ele>745.25</ele></trkpt>
   <trkpt lat="46.880012" lon="13.317916"><ele>744.75</ele></trkpt>
   <trkpt lat="46.88029" lon="13.317325"><ele>744</ele></trkpt>
   <trkpt lat="46.880514" lon="13.316794"><ele>741.75</ele></trkpt>
   <trkpt lat="46.880612" lon="13.316534"><ele>741.25</ele></trkpt>
   <trkpt lat="46.880716" lon="13.316232"><ele>746.5</ele></trkpt>
   <trkpt lat="46.88081" lon="13.315929"><ele>750</ele></trkpt>
   <trkpt lat="46.881112" lon="13.314858"><ele>751.25</ele></trkpt>
   <trkpt lat="46.881333" lon="13.314048"><ele>751.25</ele></trkpt>
   <trkpt lat="46.881458" lon="13.313605"><ele>756.75</ele></trkpt>
   <trkpt lat="46.881464" lon="13.313581"><ele>756.75</ele></trkpt>
   <trkpt lat="46.88157" lon="13.313226"><ele>755.5</ele></trkpt>
   <trkpt lat="46.881733" lon="13.312751"><ele>756.75</ele></trkpt>
   <trkpt lat="46.881802" lon="13.312518"><ele>763.25</ele></trkpt>
   <trkpt lat="46.881828" lon="13.312428"><ele>763.5</ele></trkpt>
   <trkpt lat="46.881869" lon="13.31229"><ele>763.5</ele></trkpt>
   <trkpt lat="46.882076" lon="13.311634"><ele>762.25</ele></trkpt>
   <trkpt lat="46.882421" lon="13.310633"><ele>766.25</ele></trkpt>
   <trkpt lat="46.88265" lon="13.309893"><ele>768.25</ele></trkpt>
   <trkpt lat="46.8828" lon="13.30933"><ele>769.5</ele></trkpt>
   <trkpt lat="46.882885" lon="13.308975"><ele>770.75</ele></trkpt>
   <trkpt lat="46.882961" lon="13.308617"><ele>770.5</ele></trkpt>
   <trkpt lat="46.883179" lon="13.307473"><ele>775.5</ele></trkpt>
   <trkpt lat="46.883258" lon="13.307096"><ele>772.75</ele></trkpt>
   <trkpt lat="46.883339" lon="13.30674"><ele>774.75</ele></trkpt>
   <trkpt lat="46.883427" lon="13.30639"><ele>776.5</ele></trkpt>
   <trkpt lat="46.88362" lon="13.305702"><ele>777.25</ele></trkpt>
   <trkpt lat="46.884024" lon="13.304318"><ele>780.75</ele></trkpt>
   <trkpt lat="46.884206" lon="13.303729"><ele>782.25</ele></trkpt>
   <trkpt lat="46.884314" lon="13.303405"><ele>781.75</ele></trkpt>
   <trkpt lat="46.884433" lon="13.303082"><ele>781.75</ele></trkpt>
   <trkpt lat="46.884543" lon="13.302813"><ele>783.25</ele></trkpt>
   <trkpt lat="46.884781" lon="13.302301"><ele>785</ele></trkpt>
   <trkpt lat="46.884908" lon="13.302058"><ele>785.75</ele></trkpt>
   <trkpt lat="46.885047" lon="13.301813"><ele>786.5</ele></trkpt>
   <trkpt lat="46.885351" lon="13.301328"><ele>788.5</ele></trkpt>
   <trkpt lat="46.885937" lon="13.300481"><ele>791</ele></trkpt>
   <trkpt lat="46.88752" lon="13.298229"><ele>798</ele></trkpt>
   <trkpt lat="46.88789" lon="13.297667"><ele>799.5</ele></trkpt>
   <trkpt lat="46.888025" lon="13.297439"><ele>800.25</ele></trkpt>
   <trkpt lat="46.888165" lon="13.29718"><ele>801</ele></trkpt>
   <trkpt lat="46.88824" lon="13.297027"><ele>801.25</ele></trkpt>
   <trkpt lat="46.888372" lon="13.29673"><ele>801.5</ele></trkpt>
   <trkpt lat="46.888473" lon="13.29648"><ele>801.25</ele></trkpt>
   <trkpt lat="46.888734" lon="13.295774"><ele>804.75</ele></trkpt>
   <trkpt lat="46.888758" lon="13.295708"><ele>804.5</ele></trkpt>
   <trkpt lat="46.889112" lon="13.294719"><ele>805.25</ele></trkpt>
   <trkpt lat="46.889218" lon="13.294406"><ele>807.75</ele></trkpt>
   <trkpt lat="46.889403" lon="13.293816"><ele>807.75</ele></trkpt>
   <trkpt lat="46.889483" lon="13.293541"><ele>809.25</ele></trkpt>
   <trkpt lat="46.889613" lon="13.293054"><ele>805</ele></trkpt>
   <trkpt lat="46.889627" lon="13.293001"><ele>804.75</ele></trkpt>
   <trkpt lat="46.889683" lon="13.292784"><ele>805.5</ele></trkpt>
   <trkpt lat="46.890072" lon="13.291231"><ele>815.5</ele></trkpt>
   <trkpt lat="46.890158" lon="13.290903"><ele>815.25</ele></trkpt>
   <trkpt lat="46.890366" lon="13.29017"><ele>817.75</ele></trkpt>
   <trkpt lat="46.891396" lon="13.28691"><ele>823.25</ele></trkpt>
   <trkpt lat="46.891589" lon="13.2863"><ele>822.25</ele></trkpt>
   <trkpt lat="46.891861" lon="13.285442"><ele>822.5</ele></trkpt>
   <trkpt lat="46.892091" lon="13.284745"><ele>825.25</ele></trkpt>
   <trkpt lat="46.892496" lon="13.283632"><ele>830.75</ele></trkpt>
   <trkpt lat="46.892914" lon="13.282609"><ele>833.25</ele></trkpt>
   <trkpt lat="46.893362" lon="13.281594"><ele>835.75</ele></trkpt>
   <trkpt lat="46.893754" lon="13.280726"><ele>838</ele></trkpt>
   <trkpt lat="46.894013" lon="13.280212"><ele>838.25</ele></trkpt>
   <trkpt lat="46.894139" lon="13.279985"><ele>838.25</ele></trkpt>
   <trkpt lat="46.894473" lon="13.279442"><ele>841.5</ele></trkpt>
   <trkpt lat="46.894646" lon="13.279186"><ele>841.5</ele></trkpt>
   <trkpt lat="46.895047" lon="13.278643"><ele>843.25</ele></trkpt>
   <trkpt lat="46.895227" lon="13.278412"><ele>841</ele></trkpt>
   <trkpt lat="46.895457" lon="13.278101"><ele>841.5</ele></trkpt>
   <trkpt lat="46.895757" lon="13.277656"><ele>843.5</ele></trkpt>
   <trkpt lat="46.895921" lon="13.277387"><ele>845</ele></trkpt>
   <trkpt lat="46.896168" lon="13.276946"><ele>847.25</ele></trkpt>
   <trkpt lat="46.896774" lon="13.27578"><ele>848.75</ele></trkpt>
   <trkpt lat="46.897066" lon="13.275283"><ele>851</ele></trkpt>
   <trkpt lat="46.897235" lon="13.275025"><ele>850.5</ele></trkpt>
   <trkpt lat="46.89741" lon="13.274774"><ele>850</ele></trkpt>
   <trkpt lat="46.89759" lon="13.274531"><ele>850.5</ele></trkpt>
   <trkpt lat="46.89797" lon="13.27407"><ele>853.25</ele></trkpt>
   <trkpt lat="46.898169" lon="13.273852"><ele>852.75</ele></trkpt>
   <trkpt lat="46.89885" lon="13.273164"><ele>856.75</ele></trkpt>
   <trkpt lat="46.900259" lon="13.271744"><ele>860.25</ele></trkpt>
   <trkpt lat="46.90055" lon="13.271454"><ele>863.5</ele></trkpt>
   <trkpt lat="46.900646" lon="13.271359"><ele>863.5</ele></trkpt>
   <trkpt lat="46.900845" lon="13.271167"><ele>863.75</ele></trkpt>
   <trkpt lat="46.901049" lon="13.270987"><ele>864</ele></trkpt>
   <trkpt lat="46.901357" lon="13.270726"><ele>864</ele></trkpt>
   <trkpt lat="46.901609" lon="13.270525"><ele>868.5</ele></trkpt>
   <trkpt lat="46.90412" lon="13.26851"><ele>876.5</ele></trkpt>
   <trkpt lat="46.90421" lon="13.268438"><ele>877</ele></trkpt>
   <trkpt lat="46.904291" lon="13.268372"><ele>877.25</ele></trkpt>
   <trkpt lat="46.904601" lon="13.268119"><ele>878.25</ele></trkpt>
   <trkpt lat="46.904891" lon="13.267861"><ele>879.25</ele></trkpt>
   <trkpt lat="46.905071" lon="13.267681"><ele>879.25</ele></trkpt>
   <trkpt lat="46.905247" lon="13.267484"><ele>877.5</ele></trkpt>
   <trkpt lat="46.905414" lon="13.267278"><ele>877</ele></trkpt>
   <trkpt lat="46.905579" lon="13.26706"><ele>878.5</ele></trkpt>
   <trkpt lat="46.905911" lon="13.266579"><ele>879.75</ele></trkpt>
   <trkpt lat="46.905965" lon="13.2665"><ele>878.25</ele></trkpt>
   <trkpt lat="46.906653" lon="13.265477"><ele>884.25</ele></trkpt>
   <trkpt lat="46.906769" lon="13.265303"><ele>888</ele></trkpt>
   <trkpt lat="46.907122" lon="13.264775"><ele>888.25</ele></trkpt>
   <trkpt lat="46.907408" lon="13.264341"><ele>888.5</ele></trkpt>
   <trkpt lat="46.907557" lon="13.264101"><ele>888.5</ele></trkpt>
   <trkpt lat="46.907674" lon="13.263895"><ele>888.75</ele></trkpt>
   <trkpt lat="46.9077" lon="13.26385"><ele>888.75</ele></trkpt>
   <trkpt lat="46.90795" lon="13.263391"><ele>889</ele></trkpt>
   <trkpt lat="46.908103" lon="13.263108"><ele>889.25</ele></trkpt>
   <trkpt lat="46.908245" lon="13.26286"><ele>889.25</ele></trkpt>
   <trkpt lat="46.908387" lon="13.26259"><ele>892.75</ele></trkpt>
   <trkpt lat="46.908663" lon="13.262001"><ele>892.75</ele></trkpt>
   <trkpt lat="46.908829" lon="13.261669"><ele>894.5</ele></trkpt>
   <trkpt lat="46.909115" lon="13.261141"><ele>894.25</ele></trkpt>
   <trkpt lat="46.90923" lon="13.260952"><ele>895.75</ele></trkpt>
   <trkpt lat="46.909467" lon="13.260569"><ele>892.25</ele></trkpt>
   <trkpt lat="46.909665" lon="13.260274"><ele>890.75</ele></trkpt>
   <trkpt lat="46.909872" lon="13.25999"><ele>896</ele></trkpt>
   <trkpt lat="46.910059" lon="13.259745"><ele>900.5</ele></trkpt>
   <trkpt lat="46.910251" lon="13.259512"><ele>899.25</ele></trkpt>
   <trkpt lat="46.910659" lon="13.259048"><ele>899.5</ele></trkpt>
   <trkpt lat="46.910884" lon="13.258812"><ele>898.5</ele></trkpt>
   <trkpt lat="46.911116" lon="13.258585"><ele>898.5</ele></trkpt>
   <trkpt lat="46.913016" lon="13.256853"><ele>900</ele></trkpt>
   <trkpt lat="46.913129" lon="13.256745"><ele>901</ele></trkpt>
   <trkpt lat="46.913288" lon="13.256582"><ele>900.25</ele></trkpt>
   <trkpt lat="46.913582" lon="13.256246"><ele>901.25</ele></trkpt>
   <trkpt lat="46.913733" lon="13.256089"><ele>901.75</ele></trkpt>
   <trkpt lat="46.914122" lon="13.255699"><ele>903.25</ele></trkpt>
   <trkpt lat="46.914169" lon="13.255652"><ele>903.5</ele></trkpt>
   <trkpt lat="46.91487" lon="13.254955"><ele>907.75</ele></trkpt>
   <trkpt lat="46.914962" lon="13.254873"><ele>908</ele></trkpt>
   <trkpt lat="46.915329" lon="13.254546"><ele>909</ele></trkpt>
   <trkpt lat="46.917222" lon="13.252934"><ele>914.25</ele></trkpt>
   <trkpt lat="46.91776" lon="13.252469"><ele>916</ele></trkpt>
   <trkpt lat="46.918005" lon="13.252248"><ele>916.75</ele></trkpt>
   <trkpt lat="46.918223" lon="13.252032"><ele>916.75</ele></trkpt>
   <trkpt lat="46.918477" lon="13.251744"><ele>918.25</ele></trkpt>
   <trkpt lat="46.91861" lon="13.251576"><ele>917.25</ele></trkpt>
   <trkpt lat="46.918815" lon="13.251271"><ele>918.5</ele></trkpt>
   <trkpt lat="46.918979" lon="13.251002"><ele>921.5</ele></trkpt>
   <trkpt lat="46.919086" lon="13.250803"><ele>922.75</ele></trkpt>
   <trkpt lat="46.91931" lon="13.250331"><ele>927.5</ele></trkpt>
   <trkpt lat="46.919417" lon="13.250066"><ele>926.25</ele></trkpt>
   <trkpt lat="46.919876" lon="13.248892"><ele>922.25</ele></trkpt>
   <trkpt lat="46.920145" lon="13.248296"><ele>927.75</ele></trkpt>
   <trkpt lat="46.920269" lon="13.248038"><ele>927.75</ele></trkpt>
   <trkpt lat="46.920395" lon="13.247784"><ele>929.5</ele></trkpt>
   <trkpt lat="46.920542" lon="13.247512"><ele>930.25</ele></trkpt>
   <trkpt lat="46.920855" lon="13.246979"><ele>933.75</ele></trkpt>
   <trkpt lat="46.921073" lon="13.246636"><ele>933.5</ele></trkpt>
   <trkpt lat="46.922667" lon="13.243985"><ele>944.5</ele></trkpt>
   <trkpt lat="46.923249" lon="13.243009"><ele>945.75</ele></trkpt>
   <trkpt lat="46.92331" lon="13.242898"><ele>946</ele></trkpt>
   <trkpt lat="46.925149" lon="13.239552"><ele>955.75</ele></trkpt>
   <trkpt lat="46.925434" lon="13.239015"><ele>957.25</ele></trkpt>
   <trkpt lat="46.925589" lon="13.238692"><ele>958.25</ele></trkpt>
   <trkpt lat="46.925721" lon="13.238383"><ele>958.25</ele></trkpt>
   <trkpt lat="46.925831" lon="13.238094"><ele>957.5</ele></trkpt>
   <trkpt lat="46.925924" lon="13.237818"><ele>963.5</ele></trkpt>
   <trkpt lat="46.926044" lon="13.237416"><ele>962.75</ele></trkpt>
   <trkpt lat="46.926132" lon="13.23706"><ele>960.25</ele></trkpt>
   <trkpt lat="46.926461" lon="13.235543"><ele>963.75</ele></trkpt>
   <trkpt lat="46.926593" lon="13.23505"><ele>962.75</ele></trkpt>
   <trkpt lat="46.926673" lon="13.234797"><ele>964.5</ele></trkpt>
   <trkpt lat="46.926857" lon="13.234297"><ele>966.75</ele></trkpt>
   <trkpt lat="46.92696" lon="13.234047"><ele>967.25</ele></trkpt>
   <trkpt lat="46.927202" lon="13.233511"><ele>967</ele></trkpt>
   <trkpt lat="46.927431" lon="13.233056"><ele>967.75</ele></trkpt>
   <trkpt lat="46.927872" lon="13.232208"><ele>970.75</ele></trkpt>
   <trkpt lat="46.928016" lon="13.231946"><ele>968</ele></trkpt>
   <trkpt lat="46.928252" lon="13.231542"><ele>961</ele></trkpt>
   <trkpt lat="46.928589" lon="13.230986"><ele>955.75</ele></trkpt>
   <trkpt lat="46.929349" lon="13.229734"><ele>975.25</ele></trkpt>
   <trkpt lat="46.929724" lon="13.22908"><ele>977.5</ele></trkpt>
   <trkpt lat="46.929757" lon="13.229019"><ele>978.5</ele></trkpt>
   <trkpt lat="46.930125" lon="13.228312"><ele>980.75</ele></trkpt>
   <trkpt lat="46.930333" lon="13.227874"><ele>982</ele></trkpt>
   <trkpt lat="46.930829" lon="13.226747"><ele>985.5</ele></trkpt>
   <trkpt lat="46.931307" lon="13.225618"><ele>988.75</ele></trkpt>
   <trkpt lat="46.931487" lon="13.225153"><ele>990.25</ele></trkpt>
   <trkpt lat="46.931655" lon="13.224706"><ele>990.25</ele></trkpt>
   <trkpt lat="46.931794" lon="13.224321"><ele>990</ele></trkpt>
   <trkpt lat="46.931972" lon="13.223753"><ele>994.75</ele></trkpt>
   <trkpt lat="46.932182" lon="13.223002"><ele>995.5</ele></trkpt>
   <trkpt lat="46.932564" lon="13.221605"><ele>999</ele></trkpt>
   <trkpt lat="46.93268" lon="13.22122"><ele>997.75</ele></trkpt>
   <trkpt lat="46.932794" lon="13.220876"><ele>1000.75</ele></trkpt>
   <trkpt lat="46.932906" lon="13.220578"><ele>998.25</ele></trkpt>
   <trkpt lat="46.933024" lon="13.220292"><ele>996</ele></trkpt>
   <trkpt lat="46.933189" lon="13.219917"><ele>1003.75</ele></trkpt>
   <trkpt lat="46.93342" lon="13.21944"><ele>999</ele></trkpt>
   <trkpt lat="46.933677" lon="13.218939"><ele>1003</ele></trkpt>
   <trkpt lat="46.934074" lon="13.218163"><ele>1005.25</ele></trkpt>
   <trkpt lat="46.934213" lon="13.217879"><ele>1005.5</ele></trkpt>
   <trkpt lat="46.93479" lon="13.216625"><ele>1007.75</ele></trkpt>
   <trkpt lat="46.934944" lon="13.216306"><ele>1010</ele></trkpt>
   <trkpt lat="46.935452" lon="13.215325"><ele>1007.5</ele></trkpt>
   <trkpt lat="46.93577" lon="13.214732"><ele>1006.5</ele></trkpt>
   <trkpt lat="46.935808" lon="13.214661"><ele>1007.25</ele></trkpt>
   <trkpt lat="46.935979" lon="13.21435"><ele>1009.75</ele></trkpt>
   <trkpt lat="46.936327" lon="13.213751"><ele>1012.75</ele></trkpt>
   <trkpt lat="46.936507" lon="13.213459"><ele>1013.5</ele></trkpt>
   <trkpt lat="46.936785" lon="13.213033"><ele>1016.5</ele></trkpt>
   <trkpt lat="46.936947" lon="13.212802"><ele>1018.75</ele></trkpt>
   <trkpt lat="46.937138" lon="13.212548"><ele>1022.25</ele></trkpt>
   <trkpt lat="46.937325" lon="13.21232"><ele>1022.5</ele></trkpt>
   <trkpt lat="46.937736" lon="13.211887"><ele>1023.25</ele></trkpt>
   <trkpt lat="46.938155" lon="13.211479"><ele>1024</ele></trkpt>
   <trkpt lat="46.938607" lon="13.211167"><ele>1025</ele></trkpt>
   <trkpt lat="46.939064" lon="13.21088"><ele>1025.75</ele></trkpt>
   <trkpt lat="46.939413" lon="13.210731"><ele>1026.25</ele></trkpt>
   <trkpt lat="46.939765" lon="13.210603"><ele>1026.75</ele></trkpt>
   <trkpt lat="46.940087" lon="13.210516"><ele>1027.25</ele></trkpt>
   <trkpt lat="46.940402" lon="13.21046"><ele>1027.75</ele></trkpt>
   <trkpt lat="46.940759" lon="13.210428"><ele>1028.5</ele></trkpt>
   <trkpt lat="46.941119" lon="13.210417"><ele>1029</ele></trkpt>
   <trkpt lat="46.941502" lon="13.210453"><ele>1029.75</ele></trkpt>
   <trkpt lat="46.941882" lon="13.21051"><ele>1030.25</ele></trkpt>
   <trkpt lat="46.9422" lon="13.210608"><ele>1030.75</ele></trkpt>
   <trkpt lat="46.942511" lon="13.210721"><ele>1031.25</ele></trkpt>
   <trkpt lat="46.942766" lon="13.210843"><ele>1031.75</ele></trkpt>
   <trkpt lat="46.943012" lon="13.210983"><ele>1032</ele></trkpt>
   <trkpt lat="46.943174" lon="13.21108"><ele>1032.25</ele></trkpt>
   <trkpt lat="46.944021" lon="13.2116"><ele>1032.5</ele></trkpt>
   <trkpt lat="46.944117" lon="13.211661"><ele>1032.75</ele></trkpt>
   <trkpt lat="46.945094" lon="13.212261"><ele>1036</ele></trkpt>
   <trkpt lat="46.946904" lon="13.213375"><ele>1042</ele></trkpt>
   <trkpt lat="46.947396" lon="13.213669"><ele>1043.5</ele></trkpt>
   <trkpt lat="46.947809" lon="13.213889"><ele>1045</ele></trkpt>
   <trkpt lat="46.948655" lon="13.214203"><ele>1047.75</ele></trkpt>
   <trkpt lat="46.949083" lon="13.214304"><ele>1049</ele></trkpt>
   <trkpt lat="46.949545" lon="13.214398"><ele>1050.5</ele></trkpt>
   <trkpt lat="46.949792" lon="13.214419"><ele>1051.25</ele></trkpt>
   <trkpt lat="46.950161" lon="13.214434"><ele>1052.25</ele></trkpt>
   <trkpt lat="46.95248" lon="13.214434"><ele>1059.5</ele></trkpt>
   <trkpt lat="46.95284" lon="13.214432"><ele>1060.5</ele></trkpt>
   <trkpt lat="46.953132" lon="13.214426"><ele>1061.5</ele></trkpt>
   <trkpt lat="46.953841" lon="13.214377"><ele>1063.75</ele></trkpt>
   <trkpt lat="46.954206" lon="13.214368"><ele>1064.75</ele></trkpt>
   <trkpt lat="46.958052" lon="13.214358"><ele>1076.5</ele></trkpt>
   <trkpt lat="46.960348" lon="13.214353"><ele>1083.75</ele></trkpt>
   <trkpt lat="46.961184" lon="13.21432"><ele>1086.25</ele></trkpt>
   <trkpt lat="46.961659" lon="13.214256"><ele>1087.75</ele></trkpt>
   <trkpt lat="46.96213" lon="13.214166"><ele>1089.25</ele></trkpt>
   <trkpt lat="46.962558" lon="13.214053"><ele>1090.5</ele></trkpt>
   <trkpt lat="46.962947" lon="13.213918"><ele>1091.75</ele></trkpt>
   <trkpt lat="46.96348" lon="13.213672"><ele>1093.5</ele></trkpt>
   <trkpt lat="46.964003" lon="13.213387"><ele>1095</ele></trkpt>
   <trkpt lat="46.96454" lon="13.213037"><ele>1097</ele></trkpt>
   <trkpt lat="46.965056" lon="13.212671"><ele>1098.75</ele></trkpt>
   <trkpt lat="46.965422" lon="13.212335"><ele>1100</ele></trkpt>
   <trkpt lat="46.965811" lon="13.211949"><ele>1101.5</ele></trkpt>
   <trkpt lat="46.966291" lon="13.21142"><ele>1103.25</ele></trkpt>
   <trkpt lat="46.966714" lon="13.210923"><ele>1105</ele></trkpt>
   <trkpt lat="46.967024" lon="13.210462"><ele>1106.25</ele></trkpt>
   <trkpt lat="46.967329" lon="13.209981"><ele>1107.75</ele></trkpt>
   <trkpt lat="46.967831" lon="13.209072"><ele>1110.25</ele></trkpt>
   <trkpt lat="46.968132" lon="13.208469"><ele>1111.75</ele></trkpt>
   <trkpt lat="46.968414" lon="13.207853"><ele>1113.25</ele></trkpt>
   <trkpt lat="46.96869" lon="13.207086"><ele>1115</ele></trkpt>
   <trkpt lat="46.968919" lon="13.206354"><ele>1116.75</ele></trkpt>
   <trkpt lat="46.96909" lon="13.205727"><ele>1118.25</ele></trkpt>
   <trkpt lat="46.969226" lon="13.205144"><ele>1119.5</ele></trkpt>
   <trkpt lat="46.969381" lon="13.204264"><ele>1121.25</ele></trkpt>
   <trkpt lat="46.969475" lon="13.203669"><ele>1122.75</ele></trkpt>
   <trkpt lat="46.969792" lon="13.201528"><ele>1127.25</ele></trkpt>
   <trkpt lat="46.970208" lon="13.198717"><ele>1133.25</ele></trkpt>
   <trkpt lat="46.970293" lon="13.198186"><ele>1134.5</ele></trkpt>
   <trkpt lat="46.970385" lon="13.1977"><ele>1135.5</ele></trkpt>
   <trkpt lat="46.970554" lon="13.196983"><ele>1137</ele></trkpt>
   <trkpt lat="46.97083" lon="13.196037"><ele>1139.25</ele></trkpt>
   <trkpt lat="46.970977" lon="13.19565"><ele>1140.25</ele></trkpt>
   <trkpt lat="46.971065" lon="13.195423"><ele>1140.75</ele></trkpt>
   <trkpt lat="46.971437" lon="13.194566"><ele>1143</ele></trkpt>
   <trkpt lat="46.971612" lon="13.194217"><ele>1143.75</ele></trkpt>
   <trkpt lat="46.971807" lon="13.193863"><ele>1144.75</ele></trkpt>
   <trkpt lat="46.972791" lon="13.192155"><ele>1149.5</ele></trkpt>
   <trkpt lat="46.972985" lon="13.191811"><ele>1150.5</ele></trkpt>
   <trkpt lat="46.973128" lon="13.191536"><ele>1151.25</ele></trkpt>
   <trkpt lat="46.973366" lon="13.191057"><ele>1152.25</ele></trkpt>
   <trkpt lat="46.973631" lon="13.190424"><ele>1154</ele></trkpt>
   <trkpt lat="46.973819" lon="13.189836"><ele>1155.25</ele></trkpt>
   <trkpt lat="46.973975" lon="13.189294"><ele>1156.5</ele></trkpt>
   <trkpt lat="46.974114" lon="13.188711"><ele>1157.75</ele></trkpt>
   <trkpt lat="46.974195" lon="13.188274"><ele>1158.75</ele></trkpt>
   <trkpt lat="46.974294" lon="13.187616"><ele>1160.25</ele></trkpt>
   <trkpt lat="46.974347" lon="13.187173"><ele>1161</ele></trkpt>
   <trkpt lat="46.974596" lon="13.184832"><ele>1166</ele></trkpt>
   <trkpt lat="46.974654" lon="13.184382"><ele>1167</ele></trkpt>
   <trkpt lat="46.974716" lon="13.183981"><ele>1168</ele></trkpt>
   <trkpt lat="46.974847" lon="13.18334"><ele>1169.25</ele></trkpt>
   <trkpt lat="46.974922" lon="13.183031"><ele>1170</ele></trkpt>
   <trkpt lat="46.975005" lon="13.182721"><ele>1170.75</ele></trkpt>
   <trkpt lat="46.975087" lon="13.182459"><ele>1171.25</ele></trkpt>
   <trkpt lat="46.97527" lon="13.18194"><ele>1172.5</ele></trkpt>
   <trkpt lat="46.975368" lon="13.181682"><ele>1173.25</ele></trkpt>
   <trkpt lat="46.975536" lon="13.181289"><ele>1173.25</ele></trkpt>
   <trkpt lat="46.975687" lon="13.180976"><ele>1175.75</ele></trkpt>
   <trkpt lat="46.975964" lon="13.180464"><ele>1175.5</ele></trkpt>
   <trkpt lat="46.976096" lon="13.180249"><ele>1174.25</ele></trkpt>
   <trkpt lat="46.976336" lon="13.179889"><ele>1175.5</ele></trkpt>
   <trkpt lat="46.976595" lon="13.179549"><ele>1176</ele></trkpt>
   <trkpt lat="46.976736" lon="13.179375"><ele>1176.25</ele></trkpt>
   <trkpt lat="46.976758" lon="13.179347"><ele>1176.25</ele></trkpt>
   <trkpt lat="46.9769" lon="13.1792"><ele>1176</ele></trkpt>
   <trkpt lat="46.977091" lon="13.17902"><ele>1174.75</ele></trkpt>
   <trkpt lat="46.977262" lon="13.178879"><ele>1174</ele></trkpt>
   <trkpt lat="46.977486" lon="13.178693"><ele>1178</ele></trkpt>
   <trkpt lat="46.977636" lon="13.178569"><ele>1178.25</ele></trkpt>
   <trkpt lat="46.977981" lon="13.178317"><ele>1178.5</ele></trkpt>
   <trkpt lat="46.978267" lon="13.178136"><ele>1179</ele></trkpt>
   <trkpt lat="46.978298" lon="13.178117"><ele>1179</ele></trkpt>
   <trkpt lat="46.97864" lon="13.177923"><ele>1179.25</ele></trkpt>
   <trkpt lat="46.978899" lon="13.177792"><ele>1179</ele></trkpt>
   <trkpt lat="46.979141" lon="13.177692"><ele>1179.75</ele></trkpt>
   <trkpt lat="46.979354" lon="13.177597"><ele>1180</ele></trkpt>
   <trkpt lat="46.979824" lon="13.17734"><ele>1180</ele></trkpt>
   <trkpt lat="46.981829" lon="13.176243"><ele>1180</ele></trkpt>
   <trkpt lat="46.982527" lon="13.175857"><ele>1181</ele></trkpt>
   <trkpt lat="46.983284" lon="13.175387"><ele>1182.75</ele></trkpt>
   <trkpt lat="46.983529" lon="13.175248"><ele>1181.5</ele></trkpt>
   <trkpt lat="46.983994" lon="13.175003"><ele>1181.25</ele></trkpt>
   <trkpt lat="46.984262" lon="13.17489"><ele>1182</ele></trkpt>
   <trkpt lat="46.984588" lon="13.174785"><ele>1182.75</ele></trkpt>
   <trkpt lat="46.985009" lon="13.174689"><ele>1183</ele></trkpt>
   <trkpt lat="46.985752" lon="13.174545"><ele>1184.5</ele></trkpt>
   <trkpt lat="46.986233" lon="13.174448"><ele>1185</ele></trkpt>
   <trkpt lat="46.98663" lon="13.174349"><ele>1185.25</ele></trkpt>
   <trkpt lat="46.986966" lon="13.17425"><ele>1186.25</ele></trkpt>
   <trkpt lat="46.987156" lon="13.174203"><ele>1187.25</ele></trkpt>
   <trkpt lat="46.987187" lon="13.174197"><ele>1187.25</ele></trkpt>
   <trkpt lat="46.987242" lon="13.174186"><ele>1187.25</ele></trkpt>
   <trkpt lat="46.987266" lon="13.174181"><ele>1187.25</ele></trkpt>
   <trkpt lat="46.987484" lon="13.174129"><ele>1186.5</ele></trkpt>
   <trkpt lat="46.987761" lon="13.174044"><ele>1187.75</ele></trkpt>
   <trkpt lat="46.988114" lon="13.173948"><ele>1189.25</ele></trkpt>
   <trkpt lat="46.988155" lon="13.173938"><ele>1189.25</ele></trkpt>
   <trkpt lat="46.988156" lon="13.173938"><ele>1189.25</ele></trkpt>
   <trkpt lat="46.988306" lon="13.173898"><ele>1189</ele></trkpt>
   <trkpt lat="46.988584" lon="13.173805"><ele>1187.5</ele></trkpt>
   <trkpt lat="46.988756" lon="13.173734"><ele>1188.5</ele></trkpt>
   <trkpt lat="46.988931" lon="13.17365"><ele>1189.5</ele></trkpt>
   <trkpt lat="46.989026" lon="13.173602"><ele>1189.25</ele></trkpt>
   <trkpt lat="46.989256" lon="13.173466"><ele>1187.5</ele></trkpt>
   <trkpt lat="46.989261" lon="13.173463"><ele>1187.5</ele></trkpt>
   <trkpt lat="46.989308" lon="13.173432"><ele>1187.5</ele></trkpt>
   <trkpt lat="46.989478" lon="13.173317"><ele>1189.25</ele></trkpt>
   <trkpt lat="46.989576" lon="13.173244"><ele>1188</ele></trkpt>
   <trkpt lat="46.989592" lon="13.17323"><ele>1187.75</ele></trkpt>
   <trkpt lat="46.989839" lon="13.173024"><ele>1188.5</ele></trkpt>
   <trkpt lat="46.989965" lon="13.17292"><ele>1188.5</ele></trkpt>
   <trkpt lat="46.990135" lon="13.172779"><ele>1191.25</ele></trkpt>
   <trkpt lat="46.990154" lon="13.172764"><ele>1191.5</ele></trkpt>
   <trkpt lat="46.990363" lon="13.172601"><ele>1193.25</ele></trkpt>
   <trkpt lat="46.990541" lon="13.172478"><ele>1192.75</ele></trkpt>
   <trkpt lat="46.990899" lon="13.172268"><ele>1194.25</ele></trkpt>
   <trkpt lat="46.991045" lon="13.172198"><ele>1193.75</ele></trkpt>
   <trkpt lat="46.991423" lon="13.172048"><ele>1193.75</ele></trkpt>
   <trkpt lat="46.991774" lon="13.171948"><ele>1195.25</ele></trkpt>
   <trkpt lat="46.992169" lon="13.171868"><ele>1194.75</ele></trkpt>
   <trkpt lat="46.99247" lon="13.171846"><ele>1194.5</ele></trkpt>
   <trkpt lat="46.992627" lon="13.171846"><ele>1194.5</ele></trkpt>
   <trkpt lat="46.992978" lon="13.171868"><ele>1195</ele></trkpt>
   <trkpt lat="46.993005" lon="13.17187"><ele>1195</ele></trkpt>
   <trkpt lat="46.993052" lon="13.171875"><ele>1195.25</ele></trkpt>
   <trkpt lat="46.99319" lon="13.171889"><ele>1195.75</ele></trkpt>
   <trkpt lat="46.993426" lon="13.171915"><ele>1197.25</ele></trkpt>
   <trkpt lat="46.993454" lon="13.171917"><ele>1197.25</ele></trkpt>
   <trkpt lat="46.993476" lon="13.171919"><ele>1197.25</ele></trkpt>
   <trkpt lat="46.994596" lon="13.172037"><ele>1196.75</ele></trkpt>
   <trkpt lat="46.994947" lon="13.172094"><ele>1198</ele></trkpt>
   <trkpt lat="46.995379" lon="13.172218"><ele>1200</ele></trkpt>
   <trkpt lat="46.995873" lon="13.172392"><ele>1199.75</ele></trkpt>
   <trkpt lat="46.996265" lon="13.172577"><ele>1201</ele></trkpt>
   <trkpt lat="46.996738" lon="13.17284"><ele>1202.5</ele></trkpt>
   <trkpt lat="46.997675" lon="13.173458"><ele>1204.5</ele></trkpt>
   <trkpt lat="46.998424" lon="13.173949"><ele>1206</ele></trkpt>
   <trkpt lat="46.999096" lon="13.174388"><ele>1207.75</ele></trkpt>
   <trkpt lat="46.999365" lon="13.174546"><ele>1208</ele></trkpt>
   <trkpt lat="46.999389" lon="13.174558"><ele>1207.75</ele></trkpt>
   <trkpt lat="46.999451" lon="13.17459"><ele>1207.5</ele></trkpt>
   <trkpt lat="46.999669" lon="13.174687"><ele>1209</ele></trkpt>
   <trkpt lat="46.999735" lon="13.174712"><ele>1209.5</ele></trkpt>
   <trkpt lat="46.999752" lon="13.174718"><ele>1209.5</ele></trkpt>
   <trkpt lat="46.999912" lon="13.174765"><ele>1208.75</ele></trkpt>
   <trkpt lat="47.000074" lon="13.17481"><ele>1208.75</ele></trkpt>
   <trkpt lat="47.000223" lon="13.174835"><ele>1209</ele></trkpt>
   <trkpt lat="47.000403" lon="13.174861"><ele>1209.25</ele></trkpt>
   <trkpt lat="47.000559" lon="13.174867"><ele>1209.5</ele></trkpt>
   <trkpt lat="47.000868" lon="13.174848"><ele>1210.25</ele></trkpt>
   <trkpt lat="47.00117" lon="13.174794"><ele>1211.5</ele></trkpt>
   <trkpt lat="47.001324" lon="13.174754"><ele>1212.5</ele></trkpt>
   <trkpt lat="47.001462" lon="13.174708"><ele>1213</ele></trkpt>
   <trkpt lat="47.001595" lon="13.174648"><ele>1212.75</ele></trkpt>
   <trkpt lat="47.001959" lon="13.174475"><ele>1213.75</ele></trkpt>
   <trkpt lat="47.002221" lon="13.174337"><ele>1215.75</ele></trkpt>
   <trkpt lat="47.002502" lon="13.17419"><ele>1217.75</ele></trkpt>
   <trkpt lat="47.002514" lon="13.174183"><ele>1218</ele></trkpt>
   <trkpt lat="47.003913" lon="13.173449"><ele>1218</ele></trkpt>
   <trkpt lat="47.003949" lon="13.173431"><ele>1218</ele></trkpt>
   <trkpt lat="47.004084" lon="13.17336"><ele>1218</ele></trkpt>
   <trkpt lat="47.004334" lon="13.173228"><ele>1218.5</ele></trkpt>
   <trkpt lat="47.004388" lon="13.1732"><ele>1218.75</ele></trkpt>
   <trkpt lat="47.004636" lon="13.17307"><ele>1218.75</ele></trkpt>
   <trkpt lat="47.005124" lon="13.172814"><ele>1219</ele></trkpt>
   <trkpt lat="47.005161" lon="13.172794"><ele>1219</ele></trkpt>
   <trkpt lat="47.005309" lon="13.172717"><ele>1221</ele></trkpt>
   <trkpt lat="47.005367" lon="13.172687"><ele>1220.75</ele></trkpt>
   <trkpt lat="47.00542" lon="13.172658"><ele>1220.75</ele></trkpt>
   <trkpt lat="47.00806" lon="13.171273"><ele>1219.25</ele></trkpt>
   <trkpt lat="47.0141" lon="13.168103"><ele>1216</ele></trkpt>
   <trkpt lat="47.014122" lon="13.168092"><ele>1215.75</ele></trkpt>
   <trkpt lat="47.015804" lon="13.167209"><ele>1215</ele></trkpt>
   <trkpt lat="47.01665" lon="13.166765"><ele>1214.5</ele></trkpt>
   <trkpt lat="47.025123" lon="13.162318"><ele>1209.75</ele></trkpt>
   <trkpt lat="47.026811" lon="13.161432"><ele>1208.75</ele></trkpt>
   <trkpt lat="47.028512" lon="13.160539"><ele>1207.75</ele></trkpt>
   <trkpt lat="47.037063" lon="13.15605"><ele>1202.75</ele></trkpt>
   <trkpt lat="47.037096" lon="13.156033"><ele>1202.75</ele></trkpt>
   <trkpt lat="47.047271" lon="13.150691"><ele>1197</ele></trkpt>
   <trkpt lat="47.048973" lon="13.149797"><ele>1196</ele></trkpt>
   <trkpt lat="47.05236" lon="13.148018"><ele>1194.25</ele></trkpt>
   <trkpt lat="47.057427" lon="13.145357"><ele>1191.25</ele></trkpt>
   <trkpt lat="47.062499" lon="13.142692"><ele>1188.5</ele></trkpt>
   <trkpt lat="47.063351" lon="13.142245"><ele>1188</ele></trkpt>
   <trkpt lat="47.06419" lon="13.141804"><ele>1187.5</ele></trkpt>
   <trkpt lat="47.073482" lon="13.136922"><ele>1182.25</ele></trkpt>
   <trkpt lat="47.073511" lon="13.136906"><ele>1182.25</ele></trkpt>
   <trkpt lat="47.074443" lon="13.136416"><ele>1181.75</ele></trkpt>
   <trkpt lat="47.076025" lon="13.135586"><ele>1180.75</ele></trkpt>
   <trkpt lat="47.076231" lon="13.135478"><ele>1180.5</ele></trkpt>
   <trkpt lat="47.076296" lon="13.135444"><ele>1180.75</ele></trkpt>
   <trkpt lat="47.076325" lon="13.135428"><ele>1179.25</ele></trkpt>
   <trkpt lat="47.076813" lon="13.135182"><ele>1175.75</ele></trkpt>
   <trkpt lat="47.076939" lon="13.135113"><ele>1174.5</ele></trkpt>
   <trkpt lat="47.077096" lon="13.135009"><ele>1174</ele></trkpt>
   <trkpt lat="47.077164" lon="13.13496"><ele>1174.25</ele></trkpt>
   <trkpt lat="47.07731" lon="13.134845"><ele>1175</ele></trkpt>
   <trkpt lat="47.077443" lon="13.134725"><ele>1174</ele></trkpt>
   <trkpt lat="47.077619" lon="13.134539"><ele>1175.25</ele></trkpt>
   <trkpt lat="47.077888" lon="13.134272"><ele>1175.5</ele></trkpt>
   <trkpt lat="47.07803" lon="13.13413"><ele>1174.5</ele></trkpt>
   <trkpt lat="47.078057" lon="13.1341"><ele>1174.5</ele></trkpt>
   <trkpt lat="47.078297" lon="13.133844"><ele>1174.25</ele></trkpt>
   <trkpt lat="47.078564" lon="13.133522"><ele>1172.75</ele></trkpt>
   <trkpt lat="47.078609" lon="13.133463"><ele>1172.5</ele></trkpt>
   <trkpt lat="47.078793" lon="13.133226"><ele>1172.75</ele></trkpt>
   <trkpt lat="47.078989" lon="13.132948"><ele>1172.25</ele></trkpt>
   <trkpt lat="47.079138" lon="13.132725"><ele>1172</ele></trkpt>
   <trkpt lat="47.079254" lon="13.132536"><ele>1172</ele></trkpt>
   <trkpt lat="47.079743" lon="13.131708"><ele>1172</ele></trkpt>
   <trkpt lat="47.080127" lon="13.131052"><ele>1171.25</ele></trkpt>
   <trkpt lat="47.080424" lon="13.130578"><ele>1171</ele></trkpt>
   <trkpt lat="47.081731" lon="13.128487"><ele>1170.5</ele></trkpt>
   <trkpt lat="47.082248" lon="13.127666"><ele>1170</ele></trkpt>
   <trkpt lat="47.082502" lon="13.127258"><ele>1169.75</ele></trkpt>
   <trkpt lat="47.082734" lon="13.126898"><ele>1171.75</ele></trkpt>
   <trkpt lat="47.083007" lon="13.126527"><ele>1169.5</ele></trkpt>
   <trkpt lat="47.083041" lon="13.126478"><ele>1168.75</ele></trkpt>
   <trkpt lat="47.083124" lon="13.126368"><ele>1167</ele></trkpt>
   <trkpt lat="47.083514" lon="13.125802"><ele>1165</ele></trkpt>
   <trkpt lat="47.083792" lon="13.125385"><ele>1163.5</ele></trkpt>
   <trkpt lat="47.084085" lon="13.125007"><ele>1162.25</ele></trkpt>
   <trkpt lat="47.084312" lon="13.124687"><ele>1161.25</ele></trkpt>
   <trkpt lat="47.084338" lon="13.124648"><ele>1161</ele></trkpt>
   <trkpt lat="47.084464" lon="13.124457"><ele>1160.5</ele></trkpt>
   <trkpt lat="47.084567" lon="13.124286"><ele>1160</ele></trkpt>
   <trkpt lat="47.084718" lon="13.124024"><ele>1160</ele></trkpt>
   <trkpt lat="47.084816" lon="13.12383"><ele>1160</ele></trkpt>
   <trkpt lat="47.085027" lon="13.123421"><ele>1160</ele></trkpt>
   <trkpt lat="47.085206" lon="13.123119"><ele>1158.25</ele></trkpt>
   <trkpt lat="47.085335" lon="13.122932"><ele>1158.25</ele></trkpt>
   <trkpt lat="47.085463" lon="13.122773"><ele>1158</ele></trkpt>
   <trkpt lat="47.085595" lon="13.12262"><ele>1158.25</ele></trkpt>
   <trkpt lat="47.085737" lon="13.122489"><ele>1157.5</ele></trkpt>
   <trkpt lat="47.085883" lon="13.122363"><ele>1157</ele></trkpt>
   <trkpt lat="47.086031" lon="13.122254"><ele>1156.5</ele></trkpt>
   <trkpt lat="47.086185" lon="13.122157"><ele>1156.5</ele></trkpt>
   <trkpt lat="47.086342" lon="13.122076"><ele>1157</ele></trkpt>
   <trkpt lat="47.086502" lon="13.122007"><ele>1156.25</ele></trkpt>
   <trkpt lat="47.086666" lon="13.121956"><ele>1155.25</ele></trkpt>
   <trkpt lat="47.086832" lon="13.121916"><ele>1155</ele></trkpt>
   <trkpt lat="47.087019" lon="13.121892"><ele>1155.25</ele></trkpt>
   <trkpt lat="47.08742" lon="13.121889"><ele>1152.25</ele></trkpt>
   <trkpt lat="47.088098" lon="13.121954"><ele>1149.75</ele></trkpt>
   <trkpt lat="47.088151" lon="13.121958"><ele>1149.75</ele></trkpt>
   <trkpt lat="47.089931" lon="13.122105"><ele>1151.25</ele></trkpt>
   <trkpt lat="47.090985" lon="13.122198"><ele>1142</ele></trkpt>
   <trkpt lat="47.091394" lon="13.122266"><ele>1141.25</ele></trkpt>
   <trkpt lat="47.09157" lon="13.122317"><ele>1140.25</ele></trkpt>
   <trkpt lat="47.091746" lon="13.122382"><ele>1139.5</ele></trkpt>
   <trkpt lat="47.091925" lon="13.122467"><ele>1139.25</ele></trkpt>
   <trkpt lat="47.092103" lon="13.122568"><ele>1142.25</ele></trkpt>
   <trkpt lat="47.093388" lon="13.12335"><ele>1135.5</ele></trkpt>
   <trkpt lat="47.093665" lon="13.123531"><ele>1133.75</ele></trkpt>
   <trkpt lat="47.093861" lon="13.12367"><ele>1132</ele></trkpt>
   <trkpt lat="47.094015" lon="13.123793"><ele>1130.25</ele></trkpt>
   <trkpt lat="47.094438" lon="13.124175"><ele>1130.25</ele></trkpt>
   <trkpt lat="47.094834" lon="13.124502"><ele>1129.5</ele></trkpt>
   <trkpt lat="47.095133" lon="13.124702"><ele>1128.75</ele></trkpt>
   <trkpt lat="47.095728" lon="13.124986"><ele>1128</ele></trkpt>
   <trkpt lat="47.095929" lon="13.125092"><ele>1128</ele></trkpt>
   <trkpt lat="47.096108" lon="13.125198"><ele>1126.75</ele></trkpt>
   <trkpt lat="47.096249" lon="13.125299"><ele>1126.5</ele></trkpt>
   <trkpt lat="47.096733" lon="13.125694"><ele>1124.25</ele></trkpt>
   <trkpt lat="47.097431" lon="13.126287"><ele>1123.25</ele></trkpt>
   <trkpt lat="47.097617" lon="13.126425"><ele>1122.75</ele></trkpt>
   <trkpt lat="47.09963" lon="13.127838"><ele>1116.5</ele></trkpt>
   <trkpt lat="47.100137" lon="13.128212"><ele>1113.5</ele></trkpt>
   <trkpt lat="47.100382" lon="13.128422"><ele>1113.25</ele></trkpt>
   <trkpt lat="47.100773" lon="13.128814"><ele>1113.5</ele></trkpt>
   <trkpt lat="47.101429" lon="13.129494"><ele>1107.5</ele></trkpt>
   <trkpt lat="47.101996" lon="13.130107"><ele>1105</ele></trkpt>
   <trkpt lat="47.103629" lon="13.131844"><ele>1104</ele></trkpt>
   <trkpt lat="47.103787" lon="13.132038"><ele>1103.25</ele></trkpt>
   <trkpt lat="47.103921" lon="13.132231"><ele>1102</ele></trkpt>
   <trkpt lat="47.104018" lon="13.132402"><ele>1101</ele></trkpt>
   <trkpt lat="47.10424" lon="13.132869"><ele>1100.5</ele></trkpt>
   <trkpt lat="47.104555" lon="13.133651"><ele>1099</ele></trkpt>
   <trkpt lat="47.104648" lon="13.133848"><ele>1097.25</ele></trkpt>
   <trkpt lat="47.104728" lon="13.133997"><ele>1097.75</ele></trkpt>
   <trkpt lat="47.104836" lon="13.134177"><ele>1098.75</ele></trkpt>
   <trkpt lat="47.104899" lon="13.134271"><ele>1097</ele></trkpt>
   <trkpt lat="47.105079" lon="13.1345"><ele>1092</ele></trkpt>
   <trkpt lat="47.105233" lon="13.134663"><ele>1091.75</ele></trkpt>
   <trkpt lat="47.105342" lon="13.13476"><ele>1092</ele></trkpt>
   <trkpt lat="47.105537" lon="13.134908"><ele>1091</ele></trkpt>
   <trkpt lat="47.105748" lon="13.135029"><ele>1090.75</ele></trkpt>
   <trkpt lat="47.105901" lon="13.135095"><ele>1090.25</ele></trkpt>
   <trkpt lat="47.106035" lon="13.135138"><ele>1090.25</ele></trkpt>
   <trkpt lat="47.106176" lon="13.135172"><ele>1090</ele></trkpt>
   <trkpt lat="47.106327" lon="13.135193"><ele>1090</ele></trkpt>
   <trkpt lat="47.106478" lon="13.1352"><ele>1089.75</ele></trkpt>
   <trkpt lat="47.106624" lon="13.135189"><ele>1089</ele></trkpt>
   <trkpt lat="47.106774" lon="13.135166"><ele>1088</ele></trkpt>
   <trkpt lat="47.107064" lon="13.135076"><ele>1086.75</ele></trkpt>
   <trkpt lat="47.107201" lon="13.135013"><ele>1086.75</ele></trkpt>
   <trkpt lat="47.107339" lon="13.134933"><ele>1084.75</ele></trkpt>
   <trkpt lat="47.107496" lon="13.134825"><ele>1082.75</ele></trkpt>
   <trkpt lat="47.107743" lon="13.134612"><ele>1081.75</ele></trkpt>
   <trkpt lat="47.108011" lon="13.134366"><ele>1082.25</ele></trkpt>
   <trkpt lat="47.108362" lon="13.134033"><ele>1080.75</ele></trkpt>
   <trkpt lat="47.108441" lon="13.133958"><ele>1081.25</ele></trkpt>
   <trkpt lat="47.108726" lon="13.133687"><ele>1083.75</ele></trkpt>
   <trkpt lat="47.108755" lon="13.133659"><ele>1084</ele></trkpt>
   <trkpt lat="47.108948" lon="13.133492"><ele>1084</ele></trkpt>
   <trkpt lat="47.109226" lon="13.133279"><ele>1084</ele></trkpt>
   <trkpt lat="47.109489" lon="13.13305"><ele>1084</ele></trkpt>
   <trkpt lat="47.109815" lon="13.132765"><ele>1084</ele></trkpt>
   <trkpt lat="47.110075" lon="13.132574"><ele>1084</ele></trkpt>
   <trkpt lat="47.110258" lon="13.132468"><ele>1083.75</ele></trkpt>
   <trkpt lat="47.110445" lon="13.132375"><ele>1084</ele></trkpt>
   <trkpt lat="47.110727" lon="13.132265"><ele>1084</ele></trkpt>
   <trkpt lat="47.110919" lon="13.132209"><ele>1083.75</ele></trkpt>
   <trkpt lat="47.111113" lon="13.132168"><ele>1083.75</ele></trkpt>
   <trkpt lat="47.112795" lon="13.131874"><ele>1082.75</ele></trkpt>
   <trkpt lat="47.112999" lon="13.131828"><ele>1081.25</ele></trkpt>
   <trkpt lat="47.113425" lon="13.131706"><ele>1082.25</ele></trkpt>
   <trkpt lat="47.113804" lon="13.131641"><ele>1082</ele></trkpt>
   <trkpt lat="47.114007" lon="13.131625"><ele>1081.5</ele></trkpt>
   <trkpt lat="47.114211" lon="13.131633"><ele>1081</ele></trkpt>
   <trkpt lat="47.114413" lon="13.13167"><ele>1080</ele></trkpt>
   <trkpt lat="47.114653" lon="13.131751"><ele>1076.5</ele></trkpt>
   <trkpt lat="47.114843" lon="13.131842"><ele>1074.75</ele></trkpt>
   <trkpt lat="47.114998" lon="13.131917"><ele>1076</ele></trkpt>
   <trkpt lat="47.115234" lon="13.132017"><ele>1075</ele></trkpt>
   <trkpt lat="47.115445" lon="13.132128"><ele>1074</ele></trkpt>
   <trkpt lat="47.115734" lon="13.1323"><ele>1076.25</ele></trkpt>
   <trkpt lat="47.115887" lon="13.132383"><ele>1078</ele></trkpt>
   <trkpt lat="47.116132" lon="13.132496"><ele>1076.25</ele></trkpt>
   <trkpt lat="47.116362" lon="13.132563"><ele>1076.5</ele></trkpt>
   <trkpt lat="47.116581" lon="13.132599"><ele>1075.5</ele></trkpt>
   <trkpt lat="47.116825" lon="13.132605"><ele>1074</ele></trkpt>
   <trkpt lat="47.116921" lon="13.132599"><ele>1073.75</ele></trkpt>
   <trkpt lat="47.117126" lon="13.132564"><ele>1074.25</ele></trkpt>
   <trkpt lat="47.117451" lon="13.132475"><ele>1070.5</ele></trkpt>
   <trkpt lat="47.117515" lon="13.132454"><ele>1069.5</ele></trkpt>
   <trkpt lat="47.117614" lon="13.132418"><ele>1069</ele></trkpt>
   <trkpt lat="47.117674" lon="13.132395"><ele>1069</ele></trkpt>
   <trkpt lat="47.117734" lon="13.132373"><ele>1069</ele></trkpt>
   <trkpt lat="47.117994" lon="13.132276"><ele>1068.5</ele></trkpt>
   <trkpt lat="47.118283" lon="13.132186"><ele>1069</ele></trkpt>
   <trkpt lat="47.118809" lon="13.132054"><ele>1068.5</ele></trkpt>
   <trkpt lat="47.118927" lon="13.132026"><ele>1066.5</ele></trkpt>
   <trkpt lat="47.119238" lon="13.131944"><ele>1065.75</ele></trkpt>
   <trkpt lat="47.119415" lon="13.131882"><ele>1066.5</ele></trkpt>
   <trkpt lat="47.119671" lon="13.131758"><ele>1064</ele></trkpt>
   <trkpt lat="47.119938" lon="13.131581"><ele>1063.5</ele></trkpt>
   <trkpt lat="47.120559" lon="13.131108"><ele>1061.75</ele></trkpt>
   <trkpt lat="47.120753" lon="13.130982"><ele>1056.5</ele></trkpt>
   <trkpt lat="47.120926" lon="13.130885"><ele>1056.75</ele></trkpt>
   <trkpt lat="47.121014" lon="13.130841"><ele>1058.5</ele></trkpt>
   <trkpt lat="47.121076" lon="13.130812"><ele>1059.5</ele></trkpt>
   <trkpt lat="47.121094" lon="13.130804"><ele>1059.75</ele></trkpt>
   <trkpt lat="47.121692" lon="13.130549"><ele>1059</ele></trkpt>
   <trkpt lat="47.121751" lon="13.130526"><ele>1059.25</ele></trkpt>
   <trkpt lat="47.122615" lon="13.13016"><ele>1052</ele></trkpt>
   <trkpt lat="47.122903" lon="13.13006"><ele>1053.25</ele></trkpt>
   <trkpt lat="47.123044" lon="13.13002"><ele>1053.75</ele></trkpt>
   <trkpt lat="47.123222" lon="13.129987"><ele>1053.25</ele></trkpt>
   <trkpt lat="47.123404" lon="13.129968"><ele>1051.75</ele></trkpt>
   <trkpt lat="47.123787" lon="13.129962"><ele>1051</ele></trkpt>
   <trkpt lat="47.124227" lon="13.129977"><ele>1047.75</ele></trkpt>
   <trkpt lat="47.124283" lon="13.129976"><ele>1047.25</ele></trkpt>
   <trkpt lat="47.124604" lon="13.129946"><ele>1048.5</ele></trkpt>
   <trkpt lat="47.124942" lon="13.129888"><ele>1048</ele></trkpt>
   <trkpt lat="47.125943" lon="13.129697"><ele>1045</ele></trkpt>
   <trkpt lat="47.126201" lon="13.129628"><ele>1045.25</ele></trkpt>
   <trkpt lat="47.126387" lon="13.129563"><ele>1044</ele></trkpt>
   <trkpt lat="47.126574" lon="13.12948"><ele>1044.75</ele></trkpt>
   <trkpt lat="47.126763" lon="13.129382"><ele>1044.5</ele></trkpt>
   <trkpt lat="47.12695" lon="13.129272"><ele>1042</ele></trkpt>
   <trkpt lat="47.127825" lon="13.128723"><ele>1039.5</ele></trkpt>
   <trkpt lat="47.128017" lon="13.128586"><ele>1039.5</ele></trkpt>
   <trkpt lat="47.128515" lon="13.128198"><ele>1035.25</ele></trkpt>
   <trkpt lat="47.128574" lon="13.128151"><ele>1034.5</ele></trkpt>
   <trkpt lat="47.129084" lon="13.127736"><ele>1034.75</ele></trkpt>
   <trkpt lat="47.129162" lon="13.127677"><ele>1034.75</ele></trkpt>
   <trkpt lat="47.129491" lon="13.127457"><ele>1034.5</ele></trkpt>
   <trkpt lat="47.129839" lon="13.127253"><ele>1032.25</ele></trkpt>
   <trkpt lat="47.13023" lon="13.12702"><ele>1031.75</ele></trkpt>
   <trkpt lat="47.13089" lon="13.126632"><ele>1029.5</ele></trkpt>
   <trkpt lat="47.131017" lon="13.126545"><ele>1027.5</ele></trkpt>
   <trkpt lat="47.131181" lon="13.126437"><ele>1027.75</ele></trkpt>
   <trkpt lat="47.131615" lon="13.126093"><ele>1028.25</ele></trkpt>
   <trkpt lat="47.132051" lon="13.125727"><ele>1026.5</ele></trkpt>
   <trkpt lat="47.132477" lon="13.125411"><ele>1026.5</ele></trkpt>
   <trkpt lat="47.132739" lon="13.125247"><ele>1025.25</ele></trkpt>
   <trkpt lat="47.13369" lon="13.124673"><ele>1021.5</ele></trkpt>
   <trkpt lat="47.133895" lon="13.124534"><ele>1021.5</ele></trkpt>
   <trkpt lat="47.134158" lon="13.124338"><ele>1022.25</ele></trkpt>
   <trkpt lat="47.134543" lon="13.12401"><ele>1018.5</ele></trkpt>
   <trkpt lat="47.135274" lon="13.123309"><ele>1016</ele></trkpt>
   <trkpt lat="47.135897" lon="13.122691"><ele>1012.25</ele></trkpt>
   <trkpt lat="47.136087" lon="13.122493"><ele>1013.25</ele></trkpt>
   <trkpt lat="47.136434" lon="13.122083"><ele>1010.5</ele></trkpt>
   <trkpt lat="47.136768" lon="13.121639"><ele>1009.75</ele></trkpt>
   <trkpt lat="47.137085" lon="13.121171"><ele>1009.5</ele></trkpt>
   <trkpt lat="47.137236" lon="13.120928"><ele>1007.5</ele></trkpt>
   <trkpt lat="47.137532" lon="13.120397"><ele>1007.25</ele></trkpt>
   <trkpt lat="47.137673" lon="13.120114"><ele>1008.5</ele></trkpt>
   <trkpt lat="47.137912" lon="13.119619"><ele>1005</ele></trkpt>
   <trkpt lat="47.138122" lon="13.119185"><ele>997.25</ele></trkpt>
   <trkpt lat="47.138561" lon="13.118286"><ele>1002.25</ele></trkpt>
   <trkpt lat="47.138785" lon="13.117838"><ele>992.75</ele></trkpt>
   <trkpt lat="47.139026" lon="13.117422"><ele>1001.5</ele></trkpt>
   <trkpt lat="47.139363" lon="13.116883"><ele>1000</ele></trkpt>
   <trkpt lat="47.140126" lon="13.115753"><ele>994.75</ele></trkpt>
   <trkpt lat="47.140496" lon="13.11521"><ele>993.75</ele></trkpt>
   <trkpt lat="47.141185" lon="13.114235"><ele>987.25</ele></trkpt>
   <trkpt lat="47.141544" lon="13.113745"><ele>990.25</ele></trkpt>
   <trkpt lat="47.14173" lon="13.113473"><ele>993.25</ele></trkpt>
   <trkpt lat="47.141914" lon="13.113195"><ele>989.75</ele></trkpt>
   <trkpt lat="47.142276" lon="13.112614"><ele>986.25</ele></trkpt>
   <trkpt lat="47.142708" lon="13.111952"><ele>984.75</ele></trkpt>
   <trkpt lat="47.142836" lon="13.111766"><ele>982.5</ele></trkpt>
   <trkpt lat="47.143022" lon="13.111502"><ele>982.25</ele></trkpt>
   <trkpt lat="47.143283" lon="13.111126"><ele>983.75</ele></trkpt>
   <trkpt lat="47.143483" lon="13.110821"><ele>983.75</ele></trkpt>
   <trkpt lat="47.143813" lon="13.110247"><ele>980.75</ele></trkpt>
   <trkpt lat="47.143919" lon="13.110047"><ele>978.25</ele></trkpt>
   <trkpt lat="47.14413" lon="13.109604"><ele>978.5</ele></trkpt>
   <trkpt lat="47.14435" lon="13.109086"><ele>977.25</ele></trkpt>
   <trkpt lat="47.144474" lon="13.108761"><ele>978.25</ele></trkpt>
   <trkpt lat="47.1448" lon="13.107853"><ele>979</ele></trkpt>
   <trkpt lat="47.145145" lon="13.106922"><ele>978.75</ele></trkpt>
   <trkpt lat="47.145367" lon="13.106389"><ele>976.5</ele></trkpt>
   <trkpt lat="47.14547" lon="13.106166"><ele>977.25</ele></trkpt>
   <trkpt lat="47.1457" lon="13.105715"><ele>975</ele></trkpt>
   <trkpt lat="47.145965" lon="13.105257"><ele>974.25</ele></trkpt>
   <trkpt lat="47.146151" lon="13.104968"><ele>974.25</ele></trkpt>
   <trkpt lat="47.146249" lon="13.104826"><ele>973.75</ele></trkpt>
   <trkpt lat="47.146309" lon="13.10474"><ele>974.75</ele></trkpt>
   <trkpt lat="47.146638" lon="13.104312"><ele>976</ele></trkpt>
   <trkpt lat="47.146886" lon="13.104029"><ele>976</ele></trkpt>
   <trkpt lat="47.14727" lon="13.103642"><ele>977</ele></trkpt>
   <trkpt lat="47.147529" lon="13.103415"><ele>976.25</ele></trkpt>
   <trkpt lat="47.147697" lon="13.103285"><ele>976.75</ele></trkpt>
   <trkpt lat="47.147928" lon="13.103125"><ele>976.5</ele></trkpt>
   <trkpt lat="47.148294" lon="13.102887"><ele>976.25</ele></trkpt>
   <trkpt lat="47.148571" lon="13.102691"><ele>976</ele></trkpt>
   <trkpt lat="47.149108" lon="13.102304"><ele>975.75</ele></trkpt>
   <trkpt lat="47.149241" lon="13.102219"><ele>975.75</ele></trkpt>
   <trkpt lat="47.14938" lon="13.102143"><ele>981.5</ele></trkpt>
   <trkpt lat="47.149521" lon="13.102081"><ele>983</ele></trkpt>
   <trkpt lat="47.149665" lon="13.102031"><ele>983</ele></trkpt>
   <trkpt lat="47.149981" lon="13.101962"><ele>981.75</ele></trkpt>
   <trkpt lat="47.150134" lon="13.101948"><ele>980.75</ele></trkpt>
   <trkpt lat="47.150267" lon="13.101947"><ele>980</ele></trkpt>
   <trkpt lat="47.150403" lon="13.101955"><ele>978.5</ele></trkpt>
   <trkpt lat="47.150565" lon="13.101977"><ele>976.5</ele></trkpt>
   <trkpt lat="47.151319" lon="13.102155"><ele>971</ele></trkpt>
   <trkpt lat="47.151615" lon="13.102199"><ele>969.25</ele></trkpt>
   <trkpt lat="47.151871" lon="13.102201"><ele>968.25</ele></trkpt>
   <trkpt lat="47.152109" lon="13.102171"><ele>966.75</ele></trkpt>
   <trkpt lat="47.153459" lon="13.101815"><ele>962.25</ele></trkpt>
   <trkpt lat="47.15371" lon="13.101742"><ele>961.75</ele></trkpt>
   <trkpt lat="47.153961" lon="13.101666"><ele>962.25</ele></trkpt>
   <trkpt lat="47.154145" lon="13.101597"><ele>962.5</ele></trkpt>
   <trkpt lat="47.154328" lon="13.101517"><ele>961.5</ele></trkpt>
   <trkpt lat="47.154502" lon="13.101417"><ele>959.75</ele></trkpt>
   <trkpt lat="47.154673" lon="13.101301"><ele>958.75</ele></trkpt>
   <trkpt lat="47.154843" lon="13.10117"><ele>957.75</ele></trkpt>
   <trkpt lat="47.155007" lon="13.101025"><ele>957.25</ele></trkpt>
   <trkpt lat="47.155215" lon="13.100813"><ele>957.5</ele></trkpt>
   <trkpt lat="47.155589" lon="13.100398"><ele>955.75</ele></trkpt>
   <trkpt lat="47.155789" lon="13.100174"><ele>953</ele></trkpt>
   <trkpt lat="47.155864" lon="13.10009"><ele>951.5</ele></trkpt>
   <trkpt lat="47.156089" lon="13.099837"><ele>952</ele></trkpt>
   <trkpt lat="47.156321" lon="13.099593"><ele>952.25</ele></trkpt>
   <trkpt lat="47.156527" lon="13.099391"><ele>951.25</ele></trkpt>
   <trkpt lat="47.156951" lon="13.099032"><ele>953.25</ele></trkpt>
   <trkpt lat="47.157212" lon="13.098815"><ele>953.75</ele></trkpt>
   <trkpt lat="47.1574" lon="13.098636"><ele>953</ele></trkpt>
   <trkpt lat="47.157582" lon="13.098445"><ele>953</ele></trkpt>
   <trkpt lat="47.157734" lon="13.098261"><ele>953</ele></trkpt>
   <trkpt lat="47.15788" lon="13.09807"><ele>953.25</ele></trkpt>
   <trkpt lat="47.158115" lon="13.097741"><ele>944</ele></trkpt>
   <trkpt lat="47.158474" lon="13.097271"><ele>936.75</ele></trkpt>
   <trkpt lat="47.158536" lon="13.0972"><ele>939.25</ele></trkpt>
   <trkpt lat="47.158697" lon="13.09704"><ele>941.5</ele></trkpt>
   <trkpt lat="47.158867" lon="13.096898"><ele>945.25</ele></trkpt>
   <trkpt lat="47.158991" lon="13.096808"><ele>946.5</ele></trkpt>
   <trkpt lat="47.159131" lon="13.096725"><ele>945.25</ele></trkpt>
   <trkpt lat="47.159281" lon="13.096654"><ele>946.5</ele></trkpt>
   <trkpt lat="47.159417" lon="13.096604"><ele>949</ele></trkpt>
   <trkpt lat="47.159609" lon="13.096558"><ele>948.5</ele></trkpt>
   <trkpt lat="47.159804" lon="13.096529"><ele>947.25</ele></trkpt>
   <trkpt lat="47.160018" lon="13.096532"><ele>946</ele></trkpt>
   <trkpt lat="47.160273" lon="13.09657"><ele>944.5</ele></trkpt>
   <trkpt lat="47.160734" lon="13.096677"><ele>942</ele></trkpt>
   <trkpt lat="47.160968" lon="13.096717"><ele>940.5</ele></trkpt>
   <trkpt lat="47.161129" lon="13.096724"><ele>940.75</ele></trkpt>
   <trkpt lat="47.161276" lon="13.096717"><ele>938.75</ele></trkpt>
   <trkpt lat="47.161488" lon="13.096689"><ele>937</ele></trkpt>
   <trkpt lat="47.161622" lon="13.096653"><ele>937.5</ele></trkpt>
   <trkpt lat="47.161897" lon="13.096545"><ele>940</ele></trkpt>
   <trkpt lat="47.162351" lon="13.096341"><ele>934.25</ele></trkpt>
   <trkpt lat="47.162587" lon="13.096258"><ele>933.25</ele></trkpt>
   <trkpt lat="47.162854" lon="13.096205"><ele>932.5</ele></trkpt>
   <trkpt lat="47.163101" lon="13.096188"><ele>931.75</ele></trkpt>
   <trkpt lat="47.163598" lon="13.096164"><ele>931.75</ele></trkpt>
   <trkpt lat="47.163843" lon="13.096132"><ele>932</ele></trkpt>
   <trkpt lat="47.164206" lon="13.096044"><ele>931.75</ele></trkpt>
   <trkpt lat="47.165529" lon="13.095599"><ele>926.75</ele></trkpt>
   <trkpt lat="47.16588" lon="13.09546"><ele>927.25</ele></trkpt>
   <trkpt lat="47.166418" lon="13.095181"><ele>925.25</ele></trkpt>
   <trkpt lat="47.166848" lon="13.094961"><ele>924.25</ele></trkpt>
   <trkpt lat="47.167036" lon="13.094883"><ele>922</ele></trkpt>
   <trkpt lat="47.167215" lon="13.094826"><ele>918.5</ele></trkpt>
   <trkpt lat="47.16724" lon="13.09482"><ele>918.5</ele></trkpt>
   <trkpt lat="47.167515" lon="13.094784"><ele>918.75</ele></trkpt>
   <trkpt lat="47.167994" lon="13.094771"><ele>919.25</ele></trkpt>
   <trkpt lat="47.168057" lon="13.09477"><ele>919.25</ele></trkpt>
   <trkpt lat="47.169009" lon="13.094768"><ele>916.25</ele></trkpt>
   <trkpt lat="47.169394" lon="13.094795"><ele>915.25</ele></trkpt>
   <trkpt lat="47.16953" lon="13.094818"><ele>914.75</ele></trkpt>
   <trkpt lat="47.169857" lon="13.094894"><ele>913.75</ele></trkpt>
   <trkpt lat="47.169873" lon="13.094898"><ele>913.75</ele></trkpt>
   <trkpt lat="47.169985" lon="13.09493"><ele>913.5</ele></trkpt>
   <trkpt lat="47.170326" lon="13.095028"><ele>913.5</ele></trkpt>
   <trkpt lat="47.171058" lon="13.095274"><ele>912.75</ele></trkpt>
   <trkpt lat="47.171332" lon="13.095356"><ele>910.25</ele></trkpt>
   <trkpt lat="47.171651" lon="13.095429"><ele>911</ele></trkpt>
   <trkpt lat="47.171855" lon="13.095462"><ele>912.5</ele></trkpt>
   <trkpt lat="47.172155" lon="13.09549"><ele>913.25</ele></trkpt>
   <trkpt lat="47.172519" lon="13.095489"><ele>914.25</ele></trkpt>
   <trkpt lat="47.172725" lon="13.095478"><ele>913.25</ele></trkpt>
   <trkpt lat="47.173098" lon="13.095419"><ele>910.25</ele></trkpt>
   <trkpt lat="47.173344" lon="13.095359"><ele>906.5</ele></trkpt>
   <trkpt lat="47.173707" lon="13.095241"><ele>907</ele></trkpt>
   <trkpt lat="47.174007" lon="13.095111"><ele>905</ele></trkpt>
   <trkpt lat="47.174275" lon="13.094971"><ele>907.5</ele></trkpt>
   <trkpt lat="47.174537" lon="13.0948"><ele>907</ele></trkpt>
   <trkpt lat="47.174825" lon="13.094575"><ele>906.75</ele></trkpt>
   <trkpt lat="47.175009" lon="13.094408"><ele>904.5</ele></trkpt>
   <trkpt lat="47.175187" lon="13.094223"><ele>905.25</ele></trkpt>
   <trkpt lat="47.175358" lon="13.094029"><ele>904.75</ele></trkpt>
   <trkpt lat="47.175522" lon="13.093817"><ele>904</ele></trkpt>
   <trkpt lat="47.175675" lon="13.0936"><ele>903.25</ele></trkpt>
   <trkpt lat="47.175825" lon="13.093367"><ele>902.25</ele></trkpt>
   <trkpt lat="47.176486" lon="13.092244"><ele>895.25</ele></trkpt>
   <trkpt lat="47.176642" lon="13.092006"><ele>896.5</ele></trkpt>
   <trkpt lat="47.176857" lon="13.091707"><ele>894</ele></trkpt>
   <trkpt lat="47.177054" lon="13.09147"><ele>892.5</ele></trkpt>
   <trkpt lat="47.177333" lon="13.091181"><ele>892</ele></trkpt>
   <trkpt lat="47.177569" lon="13.090975"><ele>891.75</ele></trkpt>
   <trkpt lat="47.177702" lon="13.090875"><ele>892.75</ele></trkpt>
   <trkpt lat="47.177928" lon="13.09072"><ele>893</ele></trkpt>
   <trkpt lat="47.17812" lon="13.090608"><ele>892.5</ele></trkpt>
   <trkpt lat="47.178413" lon="13.09046"><ele>892.75</ele></trkpt>
   <trkpt lat="47.178662" lon="13.090346"><ele>891.25</ele></trkpt>
   <trkpt lat="47.179631" lon="13.089911"><ele>885.75</ele></trkpt>
   <trkpt lat="47.179773" lon="13.089845"><ele>884.75</ele></trkpt>
   <trkpt lat="47.180278" lon="13.089618"><ele>883</ele></trkpt>
   <trkpt lat="47.180555" lon="13.089494"><ele>883.5</ele></trkpt>
   <trkpt lat="47.180736" lon="13.089414"><ele>882.25</ele></trkpt>
   <trkpt lat="47.180877" lon="13.089353"><ele>881</ele></trkpt>
   <trkpt lat="47.181132" lon="13.089253"><ele>881.75</ele></trkpt>
   <trkpt lat="47.181403" lon="13.089168"><ele>883.75</ele></trkpt>
   <trkpt lat="47.181693" lon="13.08911"><ele>880.5</ele></trkpt>
   <trkpt lat="47.181992" lon="13.089076"><ele>879.5</ele></trkpt>
   <trkpt lat="47.182392" lon="13.089077"><ele>879.25</ele></trkpt>
   <trkpt lat="47.183645" lon="13.08917"><ele>876.5</ele></trkpt>
   <trkpt lat="47.183917" lon="13.089191"><ele>874.75</ele></trkpt>
   <trkpt lat="47.184901" lon="13.089274"><ele>870.75</ele></trkpt>
   <trkpt lat="47.185166" lon="13.089312"><ele>870.25</ele></trkpt>
   <trkpt lat="47.185425" lon="13.089365"><ele>871</ele></trkpt>
   <trkpt lat="47.185688" lon="13.089431"><ele>871</ele></trkpt>
   <trkpt lat="47.185945" lon="13.089512"><ele>871</ele></trkpt>
   <trkpt lat="47.186206" lon="13.089606"><ele>871.75</ele></trkpt>
   <trkpt lat="47.187467" lon="13.09016"><ele>863.75</ele></trkpt>
   <trkpt lat="47.187832" lon="13.090335"><ele>862</ele></trkpt>
   <trkpt lat="47.188067" lon="13.090466"><ele>862.5</ele></trkpt>
   <trkpt lat="47.188241" lon="13.09058"><ele>862.75</ele></trkpt>
   <trkpt lat="47.188424" lon="13.090715"><ele>861.5</ele></trkpt>
   <trkpt lat="47.188593" lon="13.090855"><ele>861.5</ele></trkpt>
   <trkpt lat="47.188924" lon="13.09117"><ele>860.5</ele></trkpt>
   <trkpt lat="47.189801" lon="13.092098"><ele>857</ele></trkpt>
   <trkpt lat="47.190616" lon="13.092971"><ele>852.25</ele></trkpt>
   <trkpt lat="47.190892" lon="13.093303"><ele>853</ele></trkpt>
   <trkpt lat="47.191078" lon="13.093558"><ele>853</ele></trkpt>
   <trkpt lat="47.1912" lon="13.093744"><ele>852.75</ele></trkpt>
   <trkpt lat="47.191334" lon="13.093969"><ele>850.5</ele></trkpt>
   <trkpt lat="47.191459" lon="13.094204"><ele>850.25</ele></trkpt>
   <trkpt lat="47.191572" lon="13.094433"><ele>849</ele></trkpt>
   <trkpt lat="47.191679" lon="13.094673"><ele>849.75</ele></trkpt>
   <trkpt lat="47.192445" lon="13.096579"><ele>844.75</ele></trkpt>
   <trkpt lat="47.192551" lon="13.096833"><ele>845.25</ele></trkpt>
   <trkpt lat="47.192662" lon="13.097074"><ele>844.25</ele></trkpt>
   <trkpt lat="47.192719" lon="13.097181"><ele>844.25</ele></trkpt>
   <trkpt lat="47.193084" lon="13.097793"><ele>843.5</ele></trkpt>
   <trkpt lat="47.19311" lon="13.097836"><ele>843.75</ele></trkpt>
   <trkpt lat="47.193324" lon="13.098161"><ele>843.25</ele></trkpt>
   <trkpt lat="47.193531" lon="13.098442"><ele>844.25</ele></trkpt>
   <trkpt lat="47.19382" lon="13.09878"><ele>843</ele></trkpt>
   <trkpt lat="47.193996" lon="13.098959"><ele>842.25</ele></trkpt>
   <trkpt lat="47.194518" lon="13.099487"><ele>841</ele></trkpt>
   <trkpt lat="47.194778" lon="13.099763"><ele>840</ele></trkpt>
   <trkpt lat="47.195419" lon="13.100481"><ele>841</ele></trkpt>
   <trkpt lat="47.197236" lon="13.102482"><ele>839.5</ele></trkpt>
   <trkpt lat="47.197636" lon="13.10292"><ele>840.5</ele></trkpt>
   <trkpt lat="47.197815" lon="13.103106"><ele>839.5</ele></trkpt>
   <trkpt lat="47.197965" lon="13.10325"><ele>840</ele></trkpt>
   <trkpt lat="47.198275" lon="13.103515"><ele>840.5</ele></trkpt>
   <trkpt lat="47.19857" lon="13.103722"><ele>840.5</ele></trkpt>
   <trkpt lat="47.198774" lon="13.103846"><ele>839.25</ele></trkpt>
   <trkpt lat="47.198966" lon="13.103946"><ele>839.25</ele></trkpt>
   <trkpt lat="47.199164" lon="13.104035"><ele>841.25</ele></trkpt>
   <trkpt lat="47.199457" lon="13.10414"><ele>837.75</ele></trkpt>
   <trkpt lat="47.199665" lon="13.104197"><ele>836</ele></trkpt>
   <trkpt lat="47.200629" lon="13.104397"><ele>834.25</ele></trkpt>
   <trkpt lat="47.201107" lon="13.10453"><ele>833.25</ele></trkpt>
   <trkpt lat="47.201191" lon="13.104558"><ele>833.75</ele></trkpt>
   <trkpt lat="47.201571" lon="13.104697"><ele>835</ele></trkpt>
   <trkpt lat="47.201893" lon="13.104836"><ele>833</ele></trkpt>
   <trkpt lat="47.20223" lon="13.104998"><ele>833</ele></trkpt>
   <trkpt lat="47.202701" lon="13.105245"><ele>833.75</ele></trkpt>
   <trkpt lat="47.202942" lon="13.105359"><ele>833.25</ele></trkpt>
   <trkpt lat="47.203254" lon="13.105492"><ele>834</ele></trkpt>
   <trkpt lat="47.203559" lon="13.105605"><ele>831.25</ele></trkpt>
   <trkpt lat="47.2039" lon="13.105712"><ele>831</ele></trkpt>
   <trkpt lat="47.203962" lon="13.10573"><ele>831</ele></trkpt>
   <trkpt lat="47.204493" lon="13.10588"><ele>831</ele></trkpt>
   <trkpt lat="47.206006" lon="13.106306"><ele>830.5</ele></trkpt>
   <trkpt lat="47.20657" lon="13.106452"><ele>830.25</ele></trkpt>
   <trkpt lat="47.206834" lon="13.106512"><ele>830</ele></trkpt>
   <trkpt lat="47.207554" lon="13.106657"><ele>830.75</ele></trkpt>
   <trkpt lat="47.20828" lon="13.106767"><ele>829.75</ele></trkpt>
   <trkpt lat="47.208834" lon="13.106831"><ele>829</ele></trkpt>
   <trkpt lat="47.209389" lon="13.106876"><ele>830.75</ele></trkpt>
   <trkpt lat="47.209943" lon="13.106903"><ele>829.5</ele></trkpt>
   <trkpt lat="47.21281" lon="13.106957"><ele>828.75</ele></trkpt>
   <trkpt lat="47.214523" lon="13.106988"><ele>828.5</ele></trkpt>
   <trkpt lat="47.214569" lon="13.106989"><ele>828.5</ele></trkpt>
   <trkpt lat="47.215281" lon="13.107017"><ele>828.25</ele></trkpt>
   <trkpt lat="47.215535" lon="13.107041"><ele>827.5</ele></trkpt>
   <trkpt lat="47.216051" lon="13.107124"><ele>828.5</ele></trkpt>
   <trkpt lat="47.216688" lon="13.107279"><ele>829</ele></trkpt>
   <trkpt lat="47.216898" lon="13.107335"><ele>827.5</ele></trkpt>
   <trkpt lat="47.217335" lon="13.107444"><ele>829.5</ele></trkpt>
   <trkpt lat="47.217597" lon="13.107498"><ele>829</ele></trkpt>
   <trkpt lat="47.218031" lon="13.10756"><ele>827.25</ele></trkpt>
   <trkpt lat="47.218378" lon="13.107591"><ele>827.25</ele></trkpt>
   <trkpt lat="47.218647" lon="13.107601"><ele>827.5</ele></trkpt>
   <trkpt lat="47.219085" lon="13.107589"><ele>827.5</ele></trkpt>
   <trkpt lat="47.219127" lon="13.107586"><ele>827.5</ele></trkpt>
   <trkpt lat="47.21953" lon="13.107553"><ele>827.25</ele></trkpt>
   <trkpt lat="47.220053" lon="13.107496"><ele>826.75</ele></trkpt>
   <trkpt lat="47.220113" lon="13.10749"><ele>826.75</ele></trkpt>
   <trkpt lat="47.222869" lon="13.107189"><ele>824.5</ele></trkpt>
   <trkpt lat="47.224465" lon="13.107016"><ele>823.75</ele></trkpt>
   <trkpt lat="47.227223" lon="13.106716"><ele>823.5</ele></trkpt>
   <trkpt lat="47.227301" lon="13.106707"><ele>823.5</ele></trkpt>
   <trkpt lat="47.228874" lon="13.106537"><ele>823</ele></trkpt>
   <trkpt lat="47.229745" lon="13.106441"><ele>822.5</ele></trkpt>
   <trkpt lat="47.230058" lon="13.106399"><ele>823.75</ele></trkpt>
   <trkpt lat="47.230618" lon="13.10629"><ele>823.25</ele></trkpt>
   <trkpt lat="47.231017" lon="13.106183"><ele>823.25</ele></trkpt>
   <trkpt lat="47.231369" lon="13.106065"><ele>823.5</ele></trkpt>
   <trkpt lat="47.231614" lon="13.105973"><ele>822.5</ele></trkpt>
   <trkpt lat="47.231911" lon="13.105846"><ele>823.5</ele></trkpt>
   <trkpt lat="47.232387" lon="13.10562"><ele>822.25</ele></trkpt>
   <trkpt lat="47.232743" lon="13.105429"><ele>822.25</ele></trkpt>
   <trkpt lat="47.232922" lon="13.105327"><ele>822.5</ele></trkpt>
   <trkpt lat="47.233641" lon="13.104898"><ele>823</ele></trkpt>
   <trkpt lat="47.233946" lon="13.10472"><ele>822.75</ele></trkpt>
   <trkpt lat="47.234218" lon="13.104575"><ele>822.5</ele></trkpt>
   <trkpt lat="47.234683" lon="13.104356"><ele>822.5</ele></trkpt>
   <trkpt lat="47.235119" lon="13.104178"><ele>823</ele></trkpt>
   <trkpt lat="47.239624" lon="13.102647"><ele>821.75</ele></trkpt>
   <trkpt lat="47.240044" lon="13.102496"><ele>821.75</ele></trkpt>
   <trkpt lat="47.240415" lon="13.102348"><ele>822</ele></trkpt>
   <trkpt lat="47.240557" lon="13.102288"><ele>821.75</ele></trkpt>
   <trkpt lat="47.241166" lon="13.10206"><ele>820.5</ele></trkpt>
   <trkpt lat="47.241396" lon="13.101949"><ele>821.75</ele></trkpt>
   <trkpt lat="47.241433" lon="13.101929"><ele>821.5</ele></trkpt>
   <trkpt lat="47.241466" lon="13.10191"><ele>821.25</ele></trkpt>
   <trkpt lat="47.241473" lon="13.101906"><ele>821</ele></trkpt>
   <trkpt lat="47.24191" lon="13.101655"><ele>821</ele></trkpt>
   <trkpt lat="47.242306" lon="13.101402"><ele>820.75</ele></trkpt>
   <trkpt lat="47.242819" lon="13.101042"><ele>822</ele></trkpt>
   <trkpt lat="47.243463" lon="13.100586"><ele>821.25</ele></trkpt>
   <trkpt lat="47.243974" lon="13.100271"><ele>820.5</ele></trkpt>
   <trkpt lat="47.244225" lon="13.100137"><ele>820</ele></trkpt>
   <trkpt lat="47.244495" lon="13.100008"><ele>819.25</ele></trkpt>
   <trkpt lat="47.244978" lon="13.099804"><ele>819.25</ele></trkpt>
   <trkpt lat="47.2451" lon="13.09976"><ele>819.5</ele></trkpt>
   <trkpt lat="47.245175" lon="13.099735"><ele>819.75</ele></trkpt>
   <trkpt lat="47.245764" lon="13.099573"><ele>819.5</ele></trkpt>
   <trkpt lat="47.246006" lon="13.099518"><ele>819.25</ele></trkpt>
   <trkpt lat="47.24625" lon="13.099475"><ele>819.5</ele></trkpt>
   <trkpt lat="47.246798" lon="13.099404"><ele>819</ele></trkpt>
   <trkpt lat="47.247384" lon="13.09936"><ele>818.5</ele></trkpt>
   <trkpt lat="47.247952" lon="13.099297"><ele>818</ele></trkpt>
   <trkpt lat="47.248482" lon="13.099188"><ele>818.75</ele></trkpt>
   <trkpt lat="47.249031" lon="13.099029"><ele>818</ele></trkpt>
   <trkpt lat="47.249485" lon="13.098847"><ele>818</ele></trkpt>
   <trkpt lat="47.249918" lon="13.098643"><ele>817.75</ele></trkpt>
   <trkpt lat="47.249964" lon="13.098619"><ele>817.75</ele></trkpt>
   <trkpt lat="47.250195" lon="13.098496"><ele>818</ele></trkpt>
   <trkpt lat="47.250463" lon="13.098339"><ele>817.75</ele></trkpt>
   <trkpt lat="47.250954" lon="13.098008"><ele>817.5</ele></trkpt>
   <trkpt lat="47.251198" lon="13.097824"><ele>817.5</ele></trkpt>
   <trkpt lat="47.251442" lon="13.097624"><ele>817.5</ele></trkpt>
   <trkpt lat="47.251675" lon="13.097421"><ele>817.5</ele></trkpt>
   <trkpt lat="47.251904" lon="13.097208"><ele>817.75</ele></trkpt>
   <trkpt lat="47.252127" lon="13.096988"><ele>817.25</ele></trkpt>
   <trkpt lat="47.252349" lon="13.096753"><ele>817</ele></trkpt>
   <trkpt lat="47.252757" lon="13.09628"><ele>817.25</ele></trkpt>
   <trkpt lat="47.253231" lon="13.095691"><ele>816.25</ele></trkpt>
   <trkpt lat="47.253975" lon="13.094766"><ele>816</ele></trkpt>
   <trkpt lat="47.254647" lon="13.093964"><ele>817</ele></trkpt>
   <trkpt lat="47.254963" lon="13.093605"><ele>817.75</ele></trkpt>
   <trkpt lat="47.255098" lon="13.093457"><ele>817</ele></trkpt>
   <trkpt lat="47.256361" lon="13.092085"><ele>815</ele></trkpt>
   <trkpt lat="47.256894" lon="13.091505"><ele>816</ele></trkpt>
   <trkpt lat="47.257271" lon="13.091104"><ele>817.25</ele></trkpt>
   <trkpt lat="47.258015" lon="13.090291"><ele>816.5</ele></trkpt>
   <trkpt lat="47.258717" lon="13.089506"><ele>815.5</ele></trkpt>
   <trkpt lat="47.259079" lon="13.089096"><ele>815.25</ele></trkpt>
   <trkpt lat="47.260812" lon="13.087132"><ele>816.25</ele></trkpt>
   <trkpt lat="47.261192" lon="13.086668"><ele>816</ele></trkpt>
   <trkpt lat="47.262146" lon="13.085467"><ele>815.75</ele></trkpt>
   <trkpt lat="47.262331" lon="13.085227"><ele>816</ele></trkpt>
   <trkpt lat="47.262669" lon="13.084763"><ele>815</ele></trkpt>
   <trkpt lat="47.263581" lon="13.083416"><ele>814.25</ele></trkpt>
   <trkpt lat="47.26377" lon="13.083157"><ele>813.5</ele></trkpt>
   <trkpt lat="47.264039" lon="13.082811"><ele>813.25</ele></trkpt>
   <trkpt lat="47.264094" lon="13.082743"><ele>813.25</ele></trkpt>
   <trkpt lat="47.264432" lon="13.082354"><ele>813.75</ele></trkpt>
   <trkpt lat="47.264782" lon="13.081988"><ele>813.75</ele></trkpt>
   <trkpt lat="47.265232" lon="13.081568"><ele>813.75</ele></trkpt>
   <trkpt lat="47.265528" lon="13.081322"><ele>813</ele></trkpt>
   <trkpt lat="47.265586" lon="13.081276"><ele>813.5</ele></trkpt>
   <trkpt lat="47.265795" lon="13.081117"><ele>812.75</ele></trkpt>
   <trkpt lat="47.266009" lon="13.080968"><ele>814.5</ele></trkpt>
   <trkpt lat="47.266162" lon="13.080873"><ele>814.25</ele></trkpt>
   <trkpt lat="47.266411" lon="13.08074"><ele>814.25</ele></trkpt>
   <trkpt lat="47.266614" lon="13.080652"><ele>813.75</ele></trkpt>
   <trkpt lat="47.266839" lon="13.080573"><ele>812.25</ele></trkpt>
   <trkpt lat="47.267192" lon="13.080489"><ele>812.5</ele></trkpt>
   <trkpt lat="47.267523" lon="13.080445"><ele>812.25</ele></trkpt>
   <trkpt lat="47.268456" lon="13.080368"><ele>811.25</ele></trkpt>
   <trkpt lat="47.268702" lon="13.080325"><ele>810.75</ele></trkpt>
   <trkpt lat="47.268899" lon="13.080277"><ele>810</ele></trkpt>
   <trkpt lat="47.269099" lon="13.080209"><ele>810.5</ele></trkpt>
   <trkpt lat="47.2693" lon="13.080129"><ele>811</ele></trkpt>
   <trkpt lat="47.269492" lon="13.080032"><ele>810.75</ele></trkpt>
   <trkpt lat="47.269695" lon="13.079917"><ele>810.25</ele></trkpt>
   <trkpt lat="47.269966" lon="13.079731"><ele>809.75</ele></trkpt>
   <trkpt lat="47.270237" lon="13.079508"><ele>809</ele></trkpt>
   <trkpt lat="47.270521" lon="13.079232"><ele>809</ele></trkpt>
   <trkpt lat="47.271396" lon="13.078246"><ele>808.75</ele></trkpt>
   <trkpt lat="47.271653" lon="13.077978"><ele>812.5</ele></trkpt>
   <trkpt lat="47.271971" lon="13.077685"><ele>810.5</ele></trkpt>
   <trkpt lat="47.272237" lon="13.077478"><ele>809.5</ele></trkpt>
   <trkpt lat="47.272513" lon="13.07729"><ele>811</ele></trkpt>
   <trkpt lat="47.272813" lon="13.077103"><ele>811.5</ele></trkpt>
   <trkpt lat="47.27426" lon="13.076234"><ele>807</ele></trkpt>
   <trkpt lat="47.274563" lon="13.076065"><ele>805.5</ele></trkpt>
   <trkpt lat="47.274769" lon="13.075961"><ele>807.75</ele></trkpt>
   <trkpt lat="47.274975" lon="13.075865"><ele>806.5</ele></trkpt>
   <trkpt lat="47.27524" lon="13.075764"><ele>807.25</ele></trkpt>
   <trkpt lat="47.275526" lon="13.075678"><ele>804.5</ele></trkpt>
   <trkpt lat="47.275808" lon="13.07562"><ele>802.5</ele></trkpt>
   <trkpt lat="47.276209" lon="13.075582"><ele>801</ele></trkpt>
   <trkpt lat="47.276499" lon="13.075586"><ele>800</ele></trkpt>
   <trkpt lat="47.276517" lon="13.075587"><ele>800</ele></trkpt>
   <trkpt lat="47.276564" lon="13.07559"><ele>799.75</ele></trkpt>
   <trkpt lat="47.276868" lon="13.07563"><ele>799.25</ele></trkpt>
   <trkpt lat="47.277173" lon="13.07569"><ele>798</ele></trkpt>
   <trkpt lat="47.278109" lon="13.075903"><ele>796.5</ele></trkpt>
   <trkpt lat="47.278407" lon="13.07598"><ele>796</ele></trkpt>
   <trkpt lat="47.278827" lon="13.076101"><ele>796.75</ele></trkpt>
   <trkpt lat="47.279201" lon="13.076187"><ele>796.25</ele></trkpt>
   <trkpt lat="47.279434" lon="13.076219"><ele>796.75</ele></trkpt>
   <trkpt lat="47.279725" lon="13.076241"><ele>796.25</ele></trkpt>
   <trkpt lat="47.279932" lon="13.076243"><ele>796.25</ele></trkpt>
   <trkpt lat="47.280139" lon="13.076232"><ele>795.5</ele></trkpt>
   <trkpt lat="47.280462" lon="13.076191"><ele>791.25</ele></trkpt>
   <trkpt lat="47.280833" lon="13.076107"><ele>792</ele></trkpt>
   <trkpt lat="47.281066" lon="13.076042"><ele>791.5</ele></trkpt>
   <trkpt lat="47.281302" lon="13.075968"><ele>790.75</ele></trkpt>
   <trkpt lat="47.284183" lon="13.074925"><ele>784.5</ele></trkpt>
   <trkpt lat="47.287589" lon="13.073691"><ele>777.25</ele></trkpt>
   <trkpt lat="47.288006" lon="13.07354"><ele>776</ele></trkpt>
   <trkpt lat="47.290887" lon="13.072531"><ele>769.25</ele></trkpt>
   <trkpt lat="47.292057" lon="13.072082"><ele>766.5</ele></trkpt>
   <trkpt lat="47.292908" lon="13.071771"><ele>764.25</ele></trkpt>
   <trkpt lat="47.293167" lon="13.071697"><ele>763.75</ele></trkpt>
   <trkpt lat="47.293436" lon="13.071667"><ele>763</ele></trkpt>
   <trkpt lat="47.293705" lon="13.07165"><ele>762.5</ele></trkpt>
   <trkpt lat="47.293927" lon="13.07169"><ele>762</ele></trkpt>
   <trkpt lat="47.294148" lon="13.071744"><ele>761.5</ele></trkpt>
   <trkpt lat="47.294482" lon="13.071916"><ele>760.75</ele></trkpt>
   <trkpt lat="47.294738" lon="13.072121"><ele>760.75</ele></trkpt>
   <trkpt lat="47.29487" lon="13.072243"><ele>759</ele></trkpt>
   <trkpt lat="47.295026" lon="13.072399"><ele>757.25</ele></trkpt>
   <trkpt lat="47.295093" lon="13.072479"><ele>756.75</ele></trkpt>
   <trkpt lat="47.295279" lon="13.072712"><ele>755.5</ele></trkpt>
   <trkpt lat="47.2954" lon="13.072885"><ele>756.75</ele></trkpt>
   <trkpt lat="47.295515" lon="13.073071"><ele>755.75</ele></trkpt>
   <trkpt lat="47.295618" lon="13.073259"><ele>753.5</ele></trkpt>
   <trkpt lat="47.295716" lon="13.073455"><ele>753</ele></trkpt>
   <trkpt lat="47.295897" lon="13.073874"><ele>751</ele></trkpt>
   <trkpt lat="47.296009" lon="13.074174"><ele>751</ele></trkpt>
   <trkpt lat="47.296118" lon="13.074494"><ele>751.5</ele></trkpt>
   <trkpt lat="47.296209" lon="13.074798"><ele>749</ele></trkpt>
   <trkpt lat="47.296293" lon="13.075111"><ele>751.5</ele></trkpt>
   <trkpt lat="47.296353" lon="13.075363"><ele>752.25</ele></trkpt>
   <trkpt lat="47.296429" lon="13.075736"><ele>749.75</ele></trkpt>
   <trkpt lat="47.296524" lon="13.076298"><ele>754</ele></trkpt>
   <trkpt lat="47.296561" lon="13.076592"><ele>752.75</ele></trkpt>
   <trkpt lat="47.296592" lon="13.076923"><ele>750</ele></trkpt>
   <trkpt lat="47.296615" lon="13.077258"><ele>747</ele></trkpt>
   <trkpt lat="47.296627" lon="13.077583"><ele>746.25</ele></trkpt>
   <trkpt lat="47.296628" lon="13.078298"><ele>745.25</ele></trkpt>
   <trkpt lat="47.296594" lon="13.079306"><ele>744.25</ele></trkpt>
   <trkpt lat="47.296577" lon="13.079806"><ele>742.5</ele></trkpt>
   <trkpt lat="47.296569" lon="13.080365"><ele>738.5</ele></trkpt>
   <trkpt lat="47.296579" lon="13.0809"><ele>738.5</ele></trkpt>
   <trkpt lat="47.296602" lon="13.081372"><ele>737</ele></trkpt>
   <trkpt lat="47.296659" lon="13.082149"><ele>735.75</ele></trkpt>
   <trkpt lat="47.296767" lon="13.083214"><ele>735.5</ele></trkpt>
   <trkpt lat="47.297021" lon="13.085521"><ele>726.75</ele></trkpt>
   <trkpt lat="47.297057" lon="13.085803"><ele>726.5</ele></trkpt>
   <trkpt lat="47.29713" lon="13.086297"><ele>726.25</ele></trkpt>
   <trkpt lat="47.297192" lon="13.086698"><ele>726</ele></trkpt>
   <trkpt lat="47.297214" lon="13.086846"><ele>726</ele></trkpt>
   <trkpt lat="47.29745" lon="13.088426"><ele>724.75</ele></trkpt>
   <trkpt lat="47.297752" lon="13.090723"><ele>722</ele></trkpt>
   <trkpt lat="47.297829" lon="13.091255"><ele>720.5</ele></trkpt>
   <trkpt lat="47.29795" lon="13.091965"><ele>719</ele></trkpt>
   <trkpt lat="47.298049" lon="13.092428"><ele>721.5</ele></trkpt>
   <trkpt lat="47.298138" lon="13.092793"><ele>718.5</ele></trkpt>
   <trkpt lat="47.2982" lon="13.093021"><ele>719</ele></trkpt>
   <trkpt lat="47.298307" lon="13.093393"><ele>721.5</ele></trkpt>
   <trkpt lat="47.298753" lon="13.094828"><ele>718.25</ele></trkpt>
   <trkpt lat="47.298839" lon="13.095136"><ele>720.5</ele></trkpt>
   <trkpt lat="47.298955" lon="13.095595"><ele>719.25</ele></trkpt>
   <trkpt lat="47.299057" lon="13.096077"><ele>719.5</ele></trkpt>
   <trkpt lat="47.299153" lon="13.096612"><ele>720</ele></trkpt>
   <trkpt lat="47.299185" lon="13.096827"><ele>719.25</ele></trkpt>
   <trkpt lat="47.299249" lon="13.097336"><ele>718.5</ele></trkpt>
   <trkpt lat="47.299298" lon="13.097857"><ele>717.5</ele></trkpt>
   <trkpt lat="47.299314" lon="13.098069"><ele>717.25</ele></trkpt>
   <trkpt lat="47.299376" lon="13.098888"><ele>715.25</ele></trkpt>
   <trkpt lat="47.299547" lon="13.101204"><ele>710.25</ele></trkpt>
   <trkpt lat="47.29955" lon="13.101244"><ele>710</ele></trkpt>
   <trkpt lat="47.299569" lon="13.101471"><ele>709.75</ele></trkpt>
   <trkpt lat="47.29963" lon="13.102073"><ele>709.75</ele></trkpt>
   <trkpt lat="47.299685" lon="13.102491"><ele>709</ele></trkpt>
   <trkpt lat="47.299733" lon="13.102792"><ele>708</ele></trkpt>
   <trkpt lat="47.299816" lon="13.103249"><ele>709.25</ele></trkpt>
   <trkpt lat="47.299867" lon="13.103479"><ele>708.75</ele></trkpt>
   <trkpt lat="47.299947" lon="13.103828"><ele>708</ele></trkpt>
   <trkpt lat="47.300123" lon="13.104514"><ele>706.5</ele></trkpt>
   <trkpt lat="47.30029" lon="13.105101"><ele>705</ele></trkpt>
   <trkpt lat="47.300469" lon="13.105679"><ele>703.75</ele></trkpt>
   <trkpt lat="47.300829" lon="13.106779"><ele>701.25</ele></trkpt>
   <trkpt lat="47.300954" lon="13.107203"><ele>700.5</ele></trkpt>
   <trkpt lat="47.301052" lon="13.107556"><ele>700.5</ele></trkpt>
   <trkpt lat="47.301253" lon="13.108353"><ele>695.75</ele></trkpt>
   <trkpt lat="47.301381" lon="13.108855"><ele>693</ele></trkpt>
   <trkpt lat="47.301537" lon="13.109427"><ele>689.75</ele></trkpt>
   <trkpt lat="47.301787" lon="13.110296"><ele>689.75</ele></trkpt>
   <trkpt lat="47.301845" lon="13.110498"><ele>690</ele></trkpt>
   <trkpt lat="47.302286" lon="13.112025"><ele>687.25</ele></trkpt>
   <trkpt lat="47.302465" lon="13.11262"><ele>686.5</ele></trkpt>
   <trkpt lat="47.302587" lon="13.11299"><ele>684</ele></trkpt>
   <trkpt lat="47.302771" lon="13.113476"><ele>683.75</ele></trkpt>
   <trkpt lat="47.302827" lon="13.113617"><ele>681.5</ele></trkpt>
   <trkpt lat="47.302943" lon="13.113871"><ele>680.5</ele></trkpt>
   <trkpt lat="47.30307" lon="13.114141"><ele>680.75</ele></trkpt>
   <trkpt lat="47.303204" lon="13.114405"><ele>681.5</ele></trkpt>
   <trkpt lat="47.303324" lon="13.114621"><ele>680.75</ele></trkpt>
   <trkpt lat="47.303618" lon="13.115085"><ele>678.75</ele></trkpt>
   <trkpt lat="47.303859" lon="13.115438"><ele>675.75</ele></trkpt>
   <trkpt lat="47.30398" lon="13.115606"><ele>676.25</ele></trkpt>
   <trkpt lat="47.304174" lon="13.115875"><ele>675.5</ele></trkpt>
   <trkpt lat="47.30454" lon="13.116378"><ele>674</ele></trkpt>
   <trkpt lat="47.304897" lon="13.116897"><ele>672.75</ele></trkpt>
   <trkpt lat="47.305069" lon="13.117172"><ele>672</ele></trkpt>
   <trkpt lat="47.305236" lon="13.117455"><ele>671.5</ele></trkpt>
   <trkpt lat="47.305396" lon="13.117748"><ele>670.75</ele></trkpt>
   <trkpt lat="47.305548" lon="13.118048"><ele>670</ele></trkpt>
   <trkpt lat="47.305694" lon="13.118358"><ele>669.5</ele></trkpt>
   <trkpt lat="47.305833" lon="13.118676"><ele>668.75</ele></trkpt>
   <trkpt lat="47.305964" lon="13.119001"><ele>668</ele></trkpt>
   <trkpt lat="47.306087" lon="13.119332"><ele>667.25</ele></trkpt>
   <trkpt lat="47.306202" lon="13.119669"><ele>666.75</ele></trkpt>
   <trkpt lat="47.30631" lon="13.120012"><ele>666</ele></trkpt>
   <trkpt lat="47.306513" lon="13.120707"><ele>664.75</ele></trkpt>
   <trkpt lat="47.308155" lon="13.126494"><ele>653.5</ele></trkpt>
   <trkpt lat="47.308179" lon="13.126577"><ele>653.25</ele></trkpt>
   <trkpt lat="47.308273" lon="13.126894"><ele>652</ele></trkpt>
   <trkpt lat="47.308367" lon="13.127191"><ele>651</ele></trkpt>
   <trkpt lat="47.308471" lon="13.127493"><ele>650</ele></trkpt>
   <trkpt lat="47.308608" lon="13.127851"><ele>648.75</ele></trkpt>
   <trkpt lat="47.308724" lon="13.128123"><ele>648</ele></trkpt>
   <trkpt lat="47.308799" lon="13.128283"><ele>648</ele></trkpt>
   <trkpt lat="47.309004" lon="13.128646"><ele>644.5</ele></trkpt>
   <trkpt lat="47.309107" lon="13.12882"><ele>644.25</ele></trkpt>
   <trkpt lat="47.309292" lon="13.129088"><ele>642.5</ele></trkpt>
   <trkpt lat="47.309392" lon="13.129216"><ele>642</ele></trkpt>
   <trkpt lat="47.309584" lon="13.129444"><ele>638.75</ele></trkpt>
   <trkpt lat="47.309839" lon="13.12971"><ele>640.5</ele></trkpt>
   <trkpt lat="47.310041" lon="13.129894"><ele>639.5</ele></trkpt>
   <trkpt lat="47.310205" lon="13.130024"><ele>639.75</ele></trkpt>
   <trkpt lat="47.310376" lon="13.130145"><ele>638.5</ele></trkpt>
   <trkpt lat="47.310645" lon="13.130308"><ele>639.25</ele></trkpt>
   <trkpt lat="47.310824" lon="13.130411"><ele>638.5</ele></trkpt>
   <trkpt lat="47.311195" lon="13.130592"><ele>637.5</ele></trkpt>
   <trkpt lat="47.311481" lon="13.13073"><ele>636.75</ele></trkpt>
   <trkpt lat="47.311763" lon="13.13088"><ele>636</ele></trkpt>
   <trkpt lat="47.31204" lon="13.131054"><ele>635.25</ele></trkpt>
   <trkpt lat="47.312174" lon="13.131151"><ele>635</ele></trkpt>
   <trkpt lat="47.312435" lon="13.131366"><ele>634.25</ele></trkpt>
   <trkpt lat="47.312685" lon="13.13161"><ele>633.5</ele></trkpt>
   <trkpt lat="47.312804" lon="13.13174"><ele>633.25</ele></trkpt>
   <trkpt lat="47.313034" lon="13.132024"><ele>632.5</ele></trkpt>
   <trkpt lat="47.31325" lon="13.132332"><ele>631.75</ele></trkpt>
   <trkpt lat="47.313338" lon="13.132469"><ele>632</ele></trkpt>
   <trkpt lat="47.313519" lon="13.132791"><ele>634.25</ele></trkpt>
   <trkpt lat="47.31369" lon="13.133133"><ele>631</ele></trkpt>
   <trkpt lat="47.313874" lon="13.133591"><ele>628.5</ele></trkpt>
   <trkpt lat="47.313911" lon="13.133689"><ele>628.25</ele></trkpt>
   <trkpt lat="47.31406" lon="13.134162"><ele>629.75</ele></trkpt>
   <trkpt lat="47.31416" lon="13.134541"><ele>626.25</ele></trkpt>
   <trkpt lat="47.314232" lon="13.134863"><ele>625</ele></trkpt>
   <trkpt lat="47.314279" lon="13.135139"><ele>626.25</ele></trkpt>
   <trkpt lat="47.314321" lon="13.135443"><ele>627</ele></trkpt>
   <trkpt lat="47.314362" lon="13.135861"><ele>625</ele></trkpt>
   <trkpt lat="47.314379" lon="13.1362"><ele>622.5</ele></trkpt>
   <trkpt lat="47.314383" lon="13.136398"><ele>621.25</ele></trkpt>
   <trkpt lat="47.314378" lon="13.136854"><ele>620.25</ele></trkpt>
   <trkpt lat="47.314338" lon="13.137941"><ele>619.75</ele></trkpt>
   <trkpt lat="47.314333" lon="13.138414"><ele>618</ele></trkpt>
   <trkpt lat="47.314346" lon="13.138922"><ele>616.75</ele></trkpt>
   <trkpt lat="47.314387" lon="13.139502"><ele>616</ele></trkpt>
   <trkpt lat="47.314412" lon="13.139761"><ele>616</ele></trkpt>
   <trkpt lat="47.314452" lon="13.140045"><ele>613.5</ele></trkpt>
   <trkpt lat="47.314496" lon="13.14033"><ele>612</ele></trkpt>
   <trkpt lat="47.314552" lon="13.14063"><ele>613.5</ele></trkpt>
   <trkpt lat="47.314615" lon="13.140931"><ele>614</ele></trkpt>
   <trkpt lat="47.314681" lon="13.141202"><ele>613.25</ele></trkpt>
   <trkpt lat="47.314753" lon="13.141475"><ele>610.75</ele></trkpt>
   <trkpt lat="47.314864" lon="13.14183"><ele>606.25</ele></trkpt>
   <trkpt lat="47.314925" lon="13.142017"><ele>605</ele></trkpt>
   <trkpt lat="47.315178" lon="13.142711"><ele>605.5</ele></trkpt>
   <trkpt lat="47.315342" lon="13.14314"><ele>605</ele></trkpt>
   <trkpt lat="47.315488" lon="13.143486"><ele>606.75</ele></trkpt>
   <trkpt lat="47.31579" lon="13.144125"><ele>603.5</ele></trkpt>
   <trkpt lat="47.315952" lon="13.144447"><ele>603.25</ele></trkpt>
   <trkpt lat="47.315971" lon="13.144485"><ele>602.75</ele></trkpt>
   <trkpt lat="47.316198" lon="13.144941"><ele>599.75</ele></trkpt>
   <trkpt lat="47.316371" lon="13.145257"><ele>601.5</ele></trkpt>
   <trkpt lat="47.316392" lon="13.145291"><ele>601.75</ele></trkpt>
   <trkpt lat="47.316584" lon="13.145594"><ele>598</ele></trkpt>
   <trkpt lat="47.316858" lon="13.145974"><ele>596.75</ele></trkpt>
   <trkpt lat="47.317489" lon="13.146765"><ele>595.75</ele></trkpt>
   <trkpt lat="47.317515" lon="13.146798"><ele>595.75</ele></trkpt>
   <trkpt lat="47.317531" lon="13.146817"><ele>595.75</ele></trkpt>
   <trkpt lat="47.317679" lon="13.14701"><ele>594.75</ele></trkpt>
   <trkpt lat="47.317804" lon="13.147192"><ele>595.5</ele></trkpt>
   <trkpt lat="47.317973" lon="13.147491"><ele>593.5</ele></trkpt>
   <trkpt lat="47.318046" lon="13.147633"><ele>594.25</ele></trkpt>
   <trkpt lat="47.318112" lon="13.147784"><ele>594.5</ele></trkpt>
   <trkpt lat="47.318224" lon="13.148068"><ele>593</ele></trkpt>
   <trkpt lat="47.318305" lon="13.148317"><ele>593.75</ele></trkpt>
   <trkpt lat="47.318401" lon="13.14872"><ele>593</ele></trkpt>
   <trkpt lat="47.318456" lon="13.149041"><ele>593</ele></trkpt>
   <trkpt lat="47.318463" lon="13.149089"><ele>593</ele></trkpt>
   <trkpt lat="47.318472" lon="13.149153"><ele>593</ele></trkpt>
   <trkpt lat="47.318557" lon="13.149964"><ele>592.75</ele></trkpt>
   <trkpt lat="47.318594" lon="13.150628"><ele>592.25</ele></trkpt>
   <trkpt lat="47.318613" lon="13.150832"><ele>592</ele></trkpt>
   <trkpt lat="47.318627" lon="13.151079"><ele>591</ele></trkpt>
   <trkpt lat="47.318633" lon="13.151499"><ele>591</ele></trkpt>
   <trkpt lat="47.318632" lon="13.151612"><ele>591</ele></trkpt>
   <trkpt lat="47.318632" lon="13.151638"><ele>591</ele></trkpt>
   <trkpt lat="47.318641" lon="13.152078"><ele>591.5</ele></trkpt>
   <trkpt lat="47.31866" lon="13.152497"><ele>591.75</ele></trkpt>
   <trkpt lat="47.318666" lon="13.152855"><ele>591.5</ele></trkpt>
   <trkpt lat="47.318659" lon="13.153567"><ele>591</ele></trkpt>
   <trkpt lat="47.318652" lon="13.154763"><ele>591</ele></trkpt>
   <trkpt lat="47.318645" lon="13.155611"><ele>590.75</ele></trkpt>
   <trkpt lat="47.318644" lon="13.155842"><ele>590.75</ele></trkpt>
   <trkpt lat="47.318636" lon="13.157526"><ele>589.5</ele></trkpt>
   <trkpt lat="47.318645" lon="13.157803"><ele>589.5</ele></trkpt>
   <trkpt lat="47.318658" lon="13.158002"><ele>589.25</ele></trkpt>
   <trkpt lat="47.318697" lon="13.158429"><ele>588.75</ele></trkpt>
   <trkpt lat="47.3188" lon="13.159111"><ele>589</ele></trkpt>
   <trkpt lat="47.318869" lon="13.159589"><ele>589.5</ele></trkpt>
   <trkpt lat="47.318918" lon="13.159822"><ele>589.5</ele></trkpt>
   <trkpt lat="47.318987" lon="13.160081"><ele>588.5</ele></trkpt>
   <trkpt lat="47.319119" lon="13.160476"><ele>588.75</ele></trkpt>
   <trkpt lat="47.31919" lon="13.160661"><ele>588.75</ele></trkpt>
   <trkpt lat="47.31921" lon="13.160713"><ele>588.5</ele></trkpt>
   <trkpt lat="47.319218" lon="13.160734"><ele>588.5</ele></trkpt>
   <trkpt lat="47.319326" lon="13.160986"><ele>587.5</ele></trkpt>
   <trkpt lat="47.319384" lon="13.161104"><ele>587.5</ele></trkpt>
   <trkpt lat="47.319437" lon="13.161205"><ele>588</ele></trkpt>
   <trkpt lat="47.31958" lon="13.16144"><ele>587.5</ele></trkpt>
   <trkpt lat="47.319751" lon="13.161674"><ele>588.25</ele></trkpt>
   <trkpt lat="47.319878" lon="13.161816"><ele>587</ele></trkpt>
   <trkpt lat="47.32003" lon="13.161962"><ele>587.25</ele></trkpt>
   <trkpt lat="47.320154" lon="13.162063"><ele>586.5</ele></trkpt>
   <trkpt lat="47.320285" lon="13.162157"><ele>587.25</ele></trkpt>
   <trkpt lat="47.320432" lon="13.162244"><ele>587.25</ele></trkpt>
   <trkpt lat="47.320712" lon="13.162376"><ele>587</ele></trkpt>
   <trkpt lat="47.321242" lon="13.162587"><ele>587</ele></trkpt>
   <trkpt lat="47.321623" lon="13.162775"><ele>586.25</ele></trkpt>
   <trkpt lat="47.321718" lon="13.162834"><ele>587.25</ele></trkpt>
   <trkpt lat="47.321826" lon="13.162915"><ele>587.75</ele></trkpt>
   <trkpt lat="47.322016" lon="13.163076"><ele>587</ele></trkpt>
   <trkpt lat="47.322126" lon="13.163187"><ele>588.25</ele></trkpt>
   <trkpt lat="47.322225" lon="13.163298"><ele>586.5</ele></trkpt>
   <trkpt lat="47.322322" lon="13.163425"><ele>587.75</ele></trkpt>
   <trkpt lat="47.322459" lon="13.16364"><ele>587.5</ele></trkpt>
   <trkpt lat="47.322464" lon="13.163648"><ele>587.25</ele></trkpt>
   <trkpt lat="47.322623" lon="13.163896"><ele>586.25</ele></trkpt>
   <trkpt lat="47.323089" lon="13.164703"><ele>586.25</ele></trkpt>
   <trkpt lat="47.323171" lon="13.164847"><ele>584.25</ele></trkpt>
   <trkpt lat="47.32348" lon="13.16539"><ele>584.25</ele></trkpt>
   <trkpt lat="47.323613" lon="13.165655"><ele>585.75</ele></trkpt>
   <trkpt lat="47.323649" lon="13.165733"><ele>585.75</ele></trkpt>
   <trkpt lat="47.323709" lon="13.16587"><ele>585.5</ele></trkpt>
   <trkpt lat="47.323811" lon="13.166141"><ele>585.5</ele></trkpt>
   <trkpt lat="47.323914" lon="13.166478"><ele>587.25</ele></trkpt>
   <trkpt lat="47.323992" lon="13.166819"><ele>587</ele></trkpt>
   <trkpt lat="47.324022" lon="13.166993"><ele>586.25</ele></trkpt>
   <trkpt lat="47.324065" lon="13.167318"><ele>586.75</ele></trkpt>
   <trkpt lat="47.32408" lon="13.167497"><ele>587.25</ele></trkpt>
   <trkpt lat="47.32409" lon="13.167824"><ele>587.75</ele></trkpt>
   <trkpt lat="47.32409" lon="13.167992"><ele>587.75</ele></trkpt>
   <trkpt lat="47.324075" lon="13.168356"><ele>588.25</ele></trkpt>
   <trkpt lat="47.324037" lon="13.168695"><ele>588</ele></trkpt>
   <trkpt lat="47.323965" lon="13.169096"><ele>588</ele></trkpt>
   <trkpt lat="47.323885" lon="13.169412"><ele>587.75</ele></trkpt>
   <trkpt lat="47.32376" lon="13.169809"><ele>588.25</ele></trkpt>
   <trkpt lat="47.323311" lon="13.171019"><ele>587.5</ele></trkpt>
   <trkpt lat="47.32319" lon="13.17139"><ele>589.25</ele></trkpt>
   <trkpt lat="47.323128" lon="13.171611"><ele>588</ele></trkpt>
   <trkpt lat="47.323075" lon="13.171838"><ele>587.75</ele></trkpt>
   <trkpt lat="47.323028" lon="13.172087"><ele>587.75</ele></trkpt>
   <trkpt lat="47.322996" lon="13.172315"><ele>587.5</ele></trkpt>
   <trkpt lat="47.322973" lon="13.17255"><ele>587.25</ele></trkpt>
   <trkpt lat="47.32296" lon="13.172773"><ele>587.25</ele></trkpt>
   <trkpt lat="47.322956" lon="13.172997"><ele>587.75</ele></trkpt>
   <trkpt lat="47.322966" lon="13.173365"><ele>587.75</ele></trkpt>
   <trkpt lat="47.322979" lon="13.173544"><ele>587.25</ele></trkpt>
   <trkpt lat="47.323009" lon="13.173786"><ele>587</ele></trkpt>
   <trkpt lat="47.323047" lon="13.174025"><ele>587</ele></trkpt>
   <trkpt lat="47.323097" lon="13.174266"><ele>587.5</ele></trkpt>
   <trkpt lat="47.323157" lon="13.174502"><ele>588</ele></trkpt>
   <trkpt lat="47.323225" lon="13.174721"><ele>588</ele></trkpt>
   <trkpt lat="47.323304" lon="13.17494"><ele>586.5</ele></trkpt>
   <trkpt lat="47.323381" lon="13.175127"><ele>587.25</ele></trkpt>
   <trkpt lat="47.323469" lon="13.175314"><ele>588</ele></trkpt>
   <trkpt lat="47.323568" lon="13.175502"><ele>586.75</ele></trkpt>
   <trkpt lat="47.323674" lon="13.175679"><ele>586.5</ele></trkpt>
   <trkpt lat="47.323784" lon="13.175841"><ele>586</ele></trkpt>
   <trkpt lat="47.3239" lon="13.175996"><ele>585.5</ele></trkpt>
   <trkpt lat="47.324155" lon="13.176277"><ele>585</ele></trkpt>
   <trkpt lat="47.324462" lon="13.176565"><ele>585.5</ele></trkpt>
   <trkpt lat="47.324493" lon="13.176592"><ele>585.5</ele></trkpt>
   <trkpt lat="47.325819" lon="13.17776"><ele>582.75</ele></trkpt>
   <trkpt lat="47.325835" lon="13.177774"><ele>583</ele></trkpt>
   <trkpt lat="47.326212" lon="13.17811"><ele>581.75</ele></trkpt>
   <trkpt lat="47.326426" lon="13.178311"><ele>582</ele></trkpt>
   <trkpt lat="47.326611" lon="13.178499"><ele>581</ele></trkpt>
   <trkpt lat="47.326861" lon="13.178783"><ele>580.5</ele></trkpt>
   <trkpt lat="47.327005" lon="13.178969"><ele>580.5</ele></trkpt>
   <trkpt lat="47.327143" lon="13.17917"><ele>580</ele></trkpt>
   <trkpt lat="47.327268" lon="13.179361"><ele>580.5</ele></trkpt>
   <trkpt lat="47.327392" lon="13.179573"><ele>579.75</ele></trkpt>
   <trkpt lat="47.327605" lon="13.179992"><ele>579</ele></trkpt>
   <trkpt lat="47.327693" lon="13.180185"><ele>579.5</ele></trkpt>
   <trkpt lat="47.327777" lon="13.180395"><ele>579.5</ele></trkpt>
   <trkpt lat="47.327867" lon="13.180636"><ele>579</ele></trkpt>
   <trkpt lat="47.327949" lon="13.180882"><ele>578.5</ele></trkpt>
   <trkpt lat="47.328026" lon="13.181144"><ele>578.75</ele></trkpt>
   <trkpt lat="47.328094" lon="13.181413"><ele>579.25</ele></trkpt>
   <trkpt lat="47.328219" lon="13.181991"><ele>577.75</ele></trkpt>
   <trkpt lat="47.328473" lon="13.183334"><ele>577</ele></trkpt>
   <trkpt lat="47.328538" lon="13.183627"><ele>577</ele></trkpt>
   <trkpt lat="47.328612" lon="13.183915"><ele>578</ele></trkpt>
   <trkpt lat="47.328695" lon="13.184198"><ele>578</ele></trkpt>
   <trkpt lat="47.328787" lon="13.18447"><ele>577.25</ele></trkpt>
   <trkpt lat="47.328882" lon="13.18472"><ele>577.75</ele></trkpt>
   <trkpt lat="47.329001" lon="13.184996"><ele>577.75</ele></trkpt>
   <trkpt lat="47.329152" lon="13.185304"><ele>577.75</ele></trkpt>
   <trkpt lat="47.329327" lon="13.185619"><ele>577.25</ele></trkpt>
   <trkpt lat="47.32958" lon="13.186001"><ele>577.5</ele></trkpt>
   <trkpt lat="47.329736" lon="13.186207"><ele>577.5</ele></trkpt>
   <trkpt lat="47.329888" lon="13.186388"><ele>577.5</ele></trkpt>
   <trkpt lat="47.330058" lon="13.18657"><ele>577.25</ele></trkpt>
   <trkpt lat="47.330229" lon="13.186736"><ele>577.5</ele></trkpt>
   <trkpt lat="47.33054" lon="13.18701"><ele>576.75</ele></trkpt>
   <trkpt lat="47.330666" lon="13.187115"><ele>576.75</ele></trkpt>
   <trkpt lat="47.33178" lon="13.188027"><ele>576</ele></trkpt>
   <trkpt lat="47.331875" lon="13.188107"><ele>575.5</ele></trkpt>
   <trkpt lat="47.333206" lon="13.189199"><ele>574</ele></trkpt>
   <trkpt lat="47.333881" lon="13.189746"><ele>574.5</ele></trkpt>
   <trkpt lat="47.334207" lon="13.189985"><ele>575</ele></trkpt>
   <trkpt lat="47.334376" lon="13.190093"><ele>575.5</ele></trkpt>
   <trkpt lat="47.334549" lon="13.190187"><ele>575.25</ele></trkpt>
   <trkpt lat="47.334765" lon="13.190287"><ele>575</ele></trkpt>
   <trkpt lat="47.335092" lon="13.190396"><ele>575.5</ele></trkpt>
   <trkpt lat="47.335346" lon="13.190454"><ele>575</ele></trkpt>
   <trkpt lat="47.335822" lon="13.190524"><ele>575</ele></trkpt>
   <trkpt lat="47.338122" lon="13.190774"><ele>573</ele></trkpt>
   <trkpt lat="47.338366" lon="13.190804"><ele>573</ele></trkpt>
   <trkpt lat="47.338611" lon="13.190846"><ele>572.75</ele></trkpt>
   <trkpt lat="47.338805" lon="13.190893"><ele>572.75</ele></trkpt>
   <trkpt lat="47.339152" lon="13.191011"><ele>572.25</ele></trkpt>
   <trkpt lat="47.3395" lon="13.191176"><ele>571.5</ele></trkpt>
   <trkpt lat="47.339606" lon="13.191234"><ele>571.25</ele></trkpt>
   <trkpt lat="47.339832" lon="13.19138"><ele>571</ele></trkpt>
   <trkpt lat="47.33987" lon="13.191407"><ele>571</ele></trkpt>
   <trkpt lat="47.340187" lon="13.191642"><ele>571</ele></trkpt>
   <trkpt lat="47.34071" lon="13.192065"><ele>570.5</ele></trkpt>
   <trkpt lat="47.340734" lon="13.192084"><ele>570.25</ele></trkpt>
   <trkpt lat="47.341516" lon="13.192714"><ele>569.25</ele></trkpt>
   <trkpt lat="47.342224" lon="13.193287"><ele>570.5</ele></trkpt>
   <trkpt lat="47.342269" lon="13.193323"><ele>570.5</ele></trkpt>
   <trkpt lat="47.34267" lon="13.193646"><ele>569</ele></trkpt>
   <trkpt lat="47.343096" lon="13.193965"><ele>568.75</ele></trkpt>
   <trkpt lat="47.343229" lon="13.194054"><ele>569.25</ele></trkpt>
   <trkpt lat="47.34337" lon="13.194136"><ele>570</ele></trkpt>
   <trkpt lat="47.343661" lon="13.194281"><ele>568.75</ele></trkpt>
   <trkpt lat="47.343881" lon="13.194368"><ele>566.75</ele></trkpt>
   <trkpt lat="47.34408" lon="13.19443"><ele>568</ele></trkpt>
   <trkpt lat="47.34437" lon="13.194491"><ele>566.5</ele></trkpt>
   <trkpt lat="47.344678" lon="13.194529"><ele>567.5</ele></trkpt>
   <trkpt lat="47.344706" lon="13.194532"><ele>567.75</ele></trkpt>
   <trkpt lat="47.34497" lon="13.194564"><ele>568.5</ele></trkpt>
   <trkpt lat="47.345483" lon="13.194662"><ele>568.25</ele></trkpt>
   <trkpt lat="47.345721" lon="13.194689"><ele>568</ele></trkpt>
   <trkpt lat="47.345794" lon="13.194695"><ele>568</ele></trkpt>
   <trkpt lat="47.34653" lon="13.194754"><ele>567</ele></trkpt>
   <trkpt lat="47.346978" lon="13.194795"><ele>567</ele></trkpt>
   <trkpt lat="47.348385" lon="13.194951"><ele>567</ele></trkpt>
   <trkpt lat="47.349177" lon="13.195043"><ele>567</ele></trkpt>
   <trkpt lat="47.349726" lon="13.195111"><ele>567.25</ele></trkpt>
   <trkpt lat="47.350238" lon="13.195159"><ele>566.5</ele></trkpt>
   <trkpt lat="47.351607" lon="13.195317"><ele>566.75</ele></trkpt>
   <trkpt lat="47.351799" lon="13.195351"><ele>566.5</ele></trkpt>
   <trkpt lat="47.351989" lon="13.195397"><ele>566.5</ele></trkpt>
   <trkpt lat="47.352321" lon="13.19551"><ele>566.25</ele></trkpt>
   <trkpt lat="47.352521" lon="13.195598"><ele>566.75</ele></trkpt>
   <trkpt lat="47.352733" lon="13.195714"><ele>566.25</ele></trkpt>
   <trkpt lat="47.35307" lon="13.195936"><ele>564.25</ele></trkpt>
   <trkpt lat="47.353189" lon="13.196023"><ele>564.25</ele></trkpt>
   <trkpt lat="47.353279" lon="13.196092"><ele>565.25</ele></trkpt>
   <trkpt lat="47.353744" lon="13.196432"><ele>564.75</ele></trkpt>
   <trkpt lat="47.353908" lon="13.196571"><ele>564.5</ele></trkpt>
   <trkpt lat="47.354038" lon="13.196697"><ele>564.25</ele></trkpt>
   <trkpt lat="47.354106" lon="13.19677"><ele>564.25</ele></trkpt>
   <trkpt lat="47.354153" lon="13.196821"><ele>564.5</ele></trkpt>
   <trkpt lat="47.354367" lon="13.197084"><ele>564.5</ele></trkpt>
   <trkpt lat="47.354521" lon="13.197298"><ele>564.5</ele></trkpt>
   <trkpt lat="47.354665" lon="13.197522"><ele>563.75</ele></trkpt>
   <trkpt lat="47.354897" lon="13.197945"><ele>564.25</ele></trkpt>
   <trkpt lat="47.355138" lon="13.198452"><ele>563.75</ele></trkpt>
   <trkpt lat="47.355163" lon="13.198507"><ele>563.5</ele></trkpt>
   <trkpt lat="47.355531" lon="13.199329"><ele>563.75</ele></trkpt>
   <trkpt lat="47.355709" lon="13.199706"><ele>563</ele></trkpt>
   <trkpt lat="47.35581" lon="13.19991"><ele>563.5</ele></trkpt>
   <trkpt lat="47.355969" lon="13.200198"><ele>561.75</ele></trkpt>
   <trkpt lat="47.356097" lon="13.200409"><ele>561.75</ele></trkpt>
   <trkpt lat="47.35623" lon="13.200612"><ele>561.5</ele></trkpt>
   <trkpt lat="47.356325" lon="13.200748"><ele>561.25</ele></trkpt>
   <trkpt lat="47.356402" lon="13.200845"><ele>561.25</ele></trkpt>
   <trkpt lat="47.3565" lon="13.200969"><ele>561.25</ele></trkpt>
   <trkpt lat="47.356632" lon="13.201123"><ele>562.5</ele></trkpt>
   <trkpt lat="47.356745" lon="13.201252"><ele>561.75</ele></trkpt>
   <trkpt lat="47.356888" lon="13.201394"><ele>562.5</ele></trkpt>
   <trkpt lat="47.357239" lon="13.201699"><ele>562.5</ele></trkpt>
   <trkpt lat="47.357397" lon="13.201815"><ele>562.5</ele></trkpt>
   <trkpt lat="47.357524" lon="13.201902"><ele>563.25</ele></trkpt>
   <trkpt lat="47.357638" lon="13.201976"><ele>563.25</ele></trkpt>
   <trkpt lat="47.357914" lon="13.202129"><ele>562.75</ele></trkpt>
   <trkpt lat="47.358395" lon="13.202365"><ele>562.25</ele></trkpt>
   <trkpt lat="47.3595" lon="13.202889"><ele>561</ele></trkpt>
   <trkpt lat="47.361139" lon="13.203668"><ele>559.75</ele></trkpt>
   <trkpt lat="47.363234" lon="13.20466"><ele>559</ele></trkpt>
   <trkpt lat="47.36327" lon="13.204677"><ele>559</ele></trkpt>
   <trkpt lat="47.364829" lon="13.205415"><ele>558.5</ele></trkpt>
   <trkpt lat="47.365082" lon="13.205536"><ele>558</ele></trkpt>
   <trkpt lat="47.365143" lon="13.205566"><ele>558</ele></trkpt>
   <trkpt lat="47.365291" lon="13.205635"><ele>558</ele></trkpt>
   <trkpt lat="47.365328" lon="13.205653"><ele>558</ele></trkpt>
   <trkpt lat="47.365889" lon="13.205917"><ele>557.75</ele></trkpt>
   <trkpt lat="47.366025" lon="13.205981"><ele>557.5</ele></trkpt>
   <trkpt lat="47.366446" lon="13.206181"><ele>557.75</ele></trkpt>
   <trkpt lat="47.366872" lon="13.206375"><ele>557.5</ele></trkpt>
   <trkpt lat="47.367137" lon="13.206474"><ele>557</ele></trkpt>
   <trkpt lat="47.367319" lon="13.20653"><ele>556.75</ele></trkpt>
   <trkpt lat="47.367762" lon="13.206633"><ele>556.75</ele></trkpt>
   <trkpt lat="47.36834" lon="13.206748"><ele>556.25</ele></trkpt>
   <trkpt lat="47.369986" lon="13.207072"><ele>555.25</ele></trkpt>
   <trkpt lat="47.371592" lon="13.207385"><ele>555.5</ele></trkpt>
   <trkpt lat="47.372512" lon="13.207565"><ele>555</ele></trkpt>
   <trkpt lat="47.373837" lon="13.207825"><ele>555</ele></trkpt>
   <trkpt lat="47.374299" lon="13.207919"><ele>554.25</ele></trkpt>
   <trkpt lat="47.37454" lon="13.207985"><ele>554.25</ele></trkpt>
   <trkpt lat="47.374781" lon="13.208065"><ele>554.75</ele></trkpt>
   <trkpt lat="47.374988" lon="13.208144"><ele>554.25</ele></trkpt>
   <trkpt lat="47.375175" lon="13.208232"><ele>554.75</ele></trkpt>
   <trkpt lat="47.375334" lon="13.208314"><ele>554.75</ele></trkpt>
   <trkpt lat="47.375432" lon="13.208367"><ele>554.25</ele></trkpt>
   <trkpt lat="47.375669" lon="13.208515"><ele>554.25</ele></trkpt>
   <trkpt lat="47.376001" lon="13.208751"><ele>554.5</ele></trkpt>
   <trkpt lat="47.376253" lon="13.208962"><ele>554.25</ele></trkpt>
   <trkpt lat="47.376352" lon="13.20905"><ele>554</ele></trkpt>
   <trkpt lat="47.376721" lon="13.209425"><ele>553.75</ele></trkpt>
   <trkpt lat="47.376947" lon="13.20969"><ele>553.75</ele></trkpt>
   <trkpt lat="47.377145" lon="13.209947"><ele>554</ele></trkpt>
   <trkpt lat="47.377355" lon="13.210239"><ele>554</ele></trkpt>
   <trkpt lat="47.377734" lon="13.210754"><ele>553.75</ele></trkpt>
   <trkpt lat="47.37807" lon="13.211171"><ele>553.75</ele></trkpt>
   <trkpt lat="47.378225" lon="13.211338"><ele>553.5</ele></trkpt>
   <trkpt lat="47.378519" lon="13.211612"><ele>553.75</ele></trkpt>
   <trkpt lat="47.378689" lon="13.211742"><ele>553.75</ele></trkpt>
   <trkpt lat="47.378839" lon="13.211845"><ele>553.5</ele></trkpt>
   <trkpt lat="47.379107" lon="13.212"><ele>553.75</ele></trkpt>
   <trkpt lat="47.379292" lon="13.212089"><ele>553.25</ele></trkpt>
   <trkpt lat="47.379503" lon="13.212166"><ele>553.75</ele></trkpt>
   <trkpt lat="47.379715" lon="13.212228"><ele>553.75</ele></trkpt>
   <trkpt lat="47.379919" lon="13.212268"><ele>554</ele></trkpt>
   <trkpt lat="47.380079" lon="13.212287"><ele>554</ele></trkpt>
   <trkpt lat="47.380252" lon="13.212296"><ele>554</ele></trkpt>
   <trkpt lat="47.380479" lon="13.212288"><ele>553.5</ele></trkpt>
   <trkpt lat="47.380624" lon="13.212273"><ele>553.25</ele></trkpt>
   <trkpt lat="47.380886" lon="13.212224"><ele>552.75</ele></trkpt>
   <trkpt lat="47.381075" lon="13.21217"><ele>552.75</ele></trkpt>
   <trkpt lat="47.381271" lon="13.212097"><ele>552.5</ele></trkpt>
   <trkpt lat="47.381483" lon="13.212002"><ele>552.75</ele></trkpt>
   <trkpt lat="47.381674" lon="13.211905"><ele>552.75</ele></trkpt>
   <trkpt lat="47.381734" lon="13.211874"><ele>552.75</ele></trkpt>
   <trkpt lat="47.38176" lon="13.21186"><ele>552.75</ele></trkpt>
   <trkpt lat="47.382165" lon="13.211639"><ele>553</ele></trkpt>
   <trkpt lat="47.382621" lon="13.211382"><ele>553</ele></trkpt>
   <trkpt lat="47.382831" lon="13.211274"><ele>553</ele></trkpt>
   <trkpt lat="47.382995" lon="13.211196"><ele>552.75</ele></trkpt>
   <trkpt lat="47.383173" lon="13.21113"><ele>552.75</ele></trkpt>
   <trkpt lat="47.383344" lon="13.211075"><ele>553</ele></trkpt>
   <trkpt lat="47.383492" lon="13.211041"><ele>552.5</ele></trkpt>
   <trkpt lat="47.38368" lon="13.21101"><ele>552</ele></trkpt>
   <trkpt lat="47.383888" lon="13.210985"><ele>551.75</ele></trkpt>
   <trkpt lat="47.384214" lon="13.210963"><ele>551.25</ele></trkpt>
   <trkpt lat="47.3843" lon="13.210961"><ele>551</ele></trkpt>
   <trkpt lat="47.384625" lon="13.210963"><ele>550.75</ele></trkpt>
   <trkpt lat="47.384926" lon="13.210987"><ele>551.75</ele></trkpt>
   <trkpt lat="47.385104" lon="13.211015"><ele>552.5</ele></trkpt>
   <trkpt lat="47.385284" lon="13.211055"><ele>553.25</ele></trkpt>
   <trkpt lat="47.385525" lon="13.211131"><ele>552.5</ele></trkpt>
   <trkpt lat="47.385621" lon="13.21117"><ele>552.25</ele></trkpt>
   <trkpt lat="47.385663" lon="13.211186"><ele>552.25</ele></trkpt>
   <trkpt lat="47.386008" lon="13.211363"><ele>553</ele></trkpt>
   <trkpt lat="47.386148" lon="13.211447"><ele>552</ele></trkpt>
   <trkpt lat="47.386293" lon="13.211552"><ele>552.25</ele></trkpt>
   <trkpt lat="47.386581" lon="13.2118"><ele>552.25</ele></trkpt>
   <trkpt lat="47.386857" lon="13.212094"><ele>553</ele></trkpt>
   <trkpt lat="47.387511" lon="13.21291"><ele>553</ele></trkpt>
   <trkpt lat="47.387784" lon="13.213208"><ele>553</ele></trkpt>
   <trkpt lat="47.387993" lon="13.213391"><ele>552.25</ele></trkpt>
   <trkpt lat="47.388139" lon="13.213505"><ele>552</ele></trkpt>
   <trkpt lat="47.388293" lon="13.213611"><ele>552.5</ele></trkpt>
   <trkpt lat="47.388447" lon="13.213704"><ele>552</ele></trkpt>
   <trkpt lat="47.388799" lon="13.213881"><ele>552</ele></trkpt>
   <trkpt lat="47.38958" lon="13.214209"><ele>551.25</ele></trkpt>
   <trkpt lat="47.389863" lon="13.214354"><ele>550.25</ele></trkpt>
   <trkpt lat="47.390126" lon="13.214516"><ele>550</ele></trkpt>
   <trkpt lat="47.390334" lon="13.214663"><ele>551</ele></trkpt>
   <trkpt lat="47.390581" lon="13.214862"><ele>550.25</ele></trkpt>
   <trkpt lat="47.39135" lon="13.21556"><ele>549.75</ele></trkpt>
   <trkpt lat="47.391714" lon="13.215852"><ele>549.75</ele></trkpt>
   <trkpt lat="47.391918" lon="13.215991"><ele>549.75</ele></trkpt>
   <trkpt lat="47.392115" lon="13.216113"><ele>549.75</ele></trkpt>
   <trkpt lat="47.392602" lon="13.216384"><ele>549.5</ele></trkpt>
   <trkpt lat="47.392924" lon="13.216572"><ele>549.25</ele></trkpt>
   <trkpt lat="47.393104" lon="13.216692"><ele>549.75</ele></trkpt>
   <trkpt lat="47.393253" lon="13.216804"><ele>549.5</ele></trkpt>
   <trkpt lat="47.393457" lon="13.216982"><ele>549.75</ele></trkpt>
   <trkpt lat="47.393622" lon="13.217144"><ele>550</ele></trkpt>
   <trkpt lat="47.393773" lon="13.21731"><ele>550.25</ele></trkpt>
   <trkpt lat="47.393935" lon="13.217511"><ele>550</ele></trkpt>
   <trkpt lat="47.394073" lon="13.217705"><ele>549.75</ele></trkpt>
   <trkpt lat="47.394215" lon="13.21792"><ele>549.75</ele></trkpt>
   <trkpt lat="47.394456" lon="13.218365"><ele>549.75</ele></trkpt>
   <trkpt lat="47.394564" lon="13.218596"><ele>549.75</ele></trkpt>
   <trkpt lat="47.394663" lon="13.218834"><ele>549.75</ele></trkpt>
   <trkpt lat="47.394748" lon="13.219067"><ele>550</ele></trkpt>
   <trkpt lat="47.394825" lon="13.219307"><ele>550</ele></trkpt>
   <trkpt lat="47.394895" lon="13.219555"><ele>549.75</ele></trkpt>
   <trkpt lat="47.394957" lon="13.219809"><ele>549.5</ele></trkpt>
   <trkpt lat="47.395011" lon="13.220076"><ele>550</ele></trkpt>
   <trkpt lat="47.395057" lon="13.220341"><ele>550</ele></trkpt>
   <trkpt lat="47.395183" lon="13.221286"><ele>549.75</ele></trkpt>
   <trkpt lat="47.395212" lon="13.221519"><ele>549.75</ele></trkpt>
   <trkpt lat="47.395227" lon="13.221624"><ele>549.75</ele></trkpt>
   <trkpt lat="47.395275" lon="13.221963"><ele>549.75</ele></trkpt>
   <trkpt lat="47.395345" lon="13.222322"><ele>550</ele></trkpt>
   <trkpt lat="47.395441" lon="13.222689"><ele>550</ele></trkpt>
   <trkpt lat="47.3955" lon="13.222868"><ele>549.75</ele></trkpt>
   <trkpt lat="47.395571" lon="13.223055"><ele>549.75</ele></trkpt>
   <trkpt lat="47.395652" lon="13.223245"><ele>549.5</ele></trkpt>
   <trkpt lat="47.395774" lon="13.223496"><ele>548.5</ele></trkpt>
   <trkpt lat="47.395794" lon="13.223533"><ele>548.25</ele></trkpt>
   <trkpt lat="47.395934" lon="13.223773"><ele>548.5</ele></trkpt>
   <trkpt lat="47.396149" lon="13.224075"><ele>548.75</ele></trkpt>
   <trkpt lat="47.396285" lon="13.224236"><ele>548.25</ele></trkpt>
   <trkpt lat="47.39646" lon="13.224414"><ele>548.5</ele></trkpt>
   <trkpt lat="47.396687" lon="13.224602"><ele>548.5</ele></trkpt>
   <trkpt lat="47.396798" lon="13.224681"><ele>548.75</ele></trkpt>
   <trkpt lat="47.396994" lon="13.224797"><ele>548.5</ele></trkpt>
   <trkpt lat="47.397161" lon="13.224876"><ele>548.5</ele></trkpt>
   <trkpt lat="47.397322" lon="13.224936"><ele>548.75</ele></trkpt>
   <trkpt lat="47.397558" lon="13.224994"><ele>548.75</ele></trkpt>
   <trkpt lat="47.397563" lon="13.224995"><ele>548.75</ele></trkpt>
   <trkpt lat="47.397674" lon="13.225014"><ele>548.75</ele></trkpt>
   <trkpt lat="47.39783" lon="13.225025"><ele>548.5</ele></trkpt>
   <trkpt lat="47.39803" lon="13.225027"><ele>548</ele></trkpt>
   <trkpt lat="47.398694" lon="13.224984"><ele>548.5</ele></trkpt>
   <trkpt lat="47.39874" lon="13.224981"><ele>548.5</ele></trkpt>
   <trkpt lat="47.40064" lon="13.224851"><ele>547</ele></trkpt>
   <trkpt lat="47.400817" lon="13.224826"><ele>547</ele></trkpt>
   <trkpt lat="47.401025" lon="13.224776"><ele>547</ele></trkpt>
   <trkpt lat="47.401132" lon="13.224745"><ele>547</ele></trkpt>
   <trkpt lat="47.401414" lon="13.224635"><ele>547</ele></trkpt>
   <trkpt lat="47.4016" lon="13.224544"><ele>547</ele></trkpt>
   <trkpt lat="47.401863" lon="13.224384"><ele>546.25</ele></trkpt>
   <trkpt lat="47.402104" lon="13.224208"><ele>546</ele></trkpt>
   <trkpt lat="47.402279" lon="13.224052"><ele>546.5</ele></trkpt>
   <trkpt lat="47.402586" lon="13.223729"><ele>546.25</ele></trkpt>
   <trkpt lat="47.403162" lon="13.222988"><ele>546.25</ele></trkpt>
   <trkpt lat="47.40345" lon="13.22261"><ele>546.5</ele></trkpt>
   <trkpt lat="47.403652" lon="13.222346"><ele>546</ele></trkpt>
   <trkpt lat="47.403799" lon="13.222155"><ele>546</ele></trkpt>
   <trkpt lat="47.403838" lon="13.222102"><ele>546</ele></trkpt>
   <trkpt lat="47.404161" lon="13.2217"><ele>546</ele></trkpt>
   <trkpt lat="47.404574" lon="13.221211"><ele>546.25</ele></trkpt>
   <trkpt lat="47.404866" lon="13.22084"><ele>546.25</ele></trkpt>
   <trkpt lat="47.404897" lon="13.2208"><ele>546.25</ele></trkpt>
   <trkpt lat="47.404973" lon="13.220696"><ele>546</ele></trkpt>
   <trkpt lat="47.405291" lon="13.220284"><ele>545.75</ele></trkpt>
   <trkpt lat="47.405429" lon="13.220121"><ele>545.75</ele></trkpt>
   <trkpt lat="47.405666" lon="13.219874"><ele>545.75</ele></trkpt>
   <trkpt lat="47.405738" lon="13.219786"><ele>545.75</ele></trkpt>
   <trkpt lat="47.405774" lon="13.219738"><ele>545.75</ele></trkpt>
   <trkpt lat="47.405807" lon="13.219695"><ele>545.75</ele></trkpt>
   <trkpt lat="47.405983" lon="13.219486"><ele>545.5</ele></trkpt>
   <trkpt lat="47.406123" lon="13.219348"><ele>545.75</ele></trkpt>
   <trkpt lat="47.406478" lon="13.218988"><ele>545.75</ele></trkpt>
   <trkpt lat="47.406615" lon="13.218859"><ele>546</ele></trkpt>
   <trkpt lat="47.406689" lon="13.218797"><ele>545.75</ele></trkpt>
   <trkpt lat="47.406842" lon="13.218679"><ele>545.5</ele></trkpt>
   <trkpt lat="47.40701" lon="13.218565"><ele>545.75</ele></trkpt>
   <trkpt lat="47.407135" lon="13.218496"><ele>545.5</ele></trkpt>
   <trkpt lat="47.407436" lon="13.218359"><ele>545.75</ele></trkpt>
   <trkpt lat="47.407619" lon="13.218302"><ele>546</ele></trkpt>
   <trkpt lat="47.407796" lon="13.218258"><ele>545.75</ele></trkpt>
   <trkpt lat="47.408212" lon="13.218211"><ele>544.75</ele></trkpt>
   <trkpt lat="47.40902" lon="13.218168"><ele>544.75</ele></trkpt>
   <trkpt lat="47.409348" lon="13.218166"><ele>545</ele></trkpt>
   <trkpt lat="47.409532" lon="13.218182"><ele>545</ele></trkpt>
   <trkpt lat="47.40971" lon="13.218218"><ele>545</ele></trkpt>
   <trkpt lat="47.409894" lon="13.218271"><ele>545</ele></trkpt>
   <trkpt lat="47.410166" lon="13.21837"><ele>545</ele></trkpt>
   <trkpt lat="47.410458" lon="13.218492"><ele>544.5</ele></trkpt>
   <trkpt lat="47.411982" lon="13.219143"><ele>544</ele></trkpt>
   <trkpt lat="47.412169" lon="13.219209"><ele>544</ele></trkpt>
   <trkpt lat="47.412518" lon="13.219307"><ele>544</ele></trkpt>
   <trkpt lat="47.412754" lon="13.219405"><ele>544</ele></trkpt>
   <trkpt lat="47.412992" lon="13.219475"><ele>543</ele></trkpt>
   <trkpt lat="47.413219" lon="13.219507"><ele>543.25</ele></trkpt>
   <trkpt lat="47.413416" lon="13.219555"><ele>543.5</ele></trkpt>
   <trkpt lat="47.413505" lon="13.219581"><ele>543.5</ele></trkpt>
   <trkpt lat="47.413734" lon="13.219637"><ele>543.25</ele></trkpt>
   <trkpt lat="47.41411" lon="13.2197"><ele>543</ele></trkpt>
   <trkpt lat="47.414363" lon="13.219762"><ele>543.5</ele></trkpt>
   <trkpt lat="47.414382" lon="13.219767"><ele>543.5</ele></trkpt>
   <trkpt lat="47.414614" lon="13.219838"><ele>543.5</ele></trkpt>
   <trkpt lat="47.414822" lon="13.219888"><ele>543.25</ele></trkpt>
   <trkpt lat="47.41515" lon="13.219947"><ele>543</ele></trkpt>
   <trkpt lat="47.415315" lon="13.219967"><ele>543</ele></trkpt>
   <trkpt lat="47.415532" lon="13.219975"><ele>543</ele></trkpt>
   <trkpt lat="47.416028" lon="13.219984"><ele>544</ele></trkpt>
   <trkpt lat="47.41757" lon="13.219905"><ele>543.25</ele></trkpt>
   <trkpt lat="47.417633" lon="13.219901"><ele>543.25</ele></trkpt>
   <trkpt lat="47.417857" lon="13.219888"><ele>543.25</ele></trkpt>
   <trkpt lat="47.419872" lon="13.219775"><ele>543.25</ele></trkpt>
   <trkpt lat="47.42059" lon="13.219732"><ele>543.75</ele></trkpt>
   <trkpt lat="47.420666" lon="13.219728"><ele>543.75</ele></trkpt>
   <trkpt lat="47.421891" lon="13.219657"><ele>542.25</ele></trkpt>
   <trkpt lat="47.421913" lon="13.219655"><ele>542.25</ele></trkpt>
   <trkpt lat="47.42218" lon="13.219656"><ele>542.5</ele></trkpt>
   <trkpt lat="47.422523" lon="13.219679"><ele>542.5</ele></trkpt>
   <trkpt lat="47.422777" lon="13.219685"><ele>542.5</ele></trkpt>
   <trkpt lat="47.422947" lon="13.21969"><ele>542.25</ele></trkpt>
   <trkpt lat="47.423219" lon="13.219712"><ele>542</ele></trkpt>
   <trkpt lat="47.423249" lon="13.219716"><ele>542</ele></trkpt>
   <trkpt lat="47.423465" lon="13.219752"><ele>542</ele></trkpt>
   <trkpt lat="47.423846" lon="13.219847"><ele>540.5</ele></trkpt>
   <trkpt lat="47.424237" lon="13.219965"><ele>541.5</ele></trkpt>
   <trkpt lat="47.424669" lon="13.22011"><ele>540.5</ele></trkpt>
   <trkpt lat="47.42496" lon="13.220239"><ele>541.25</ele></trkpt>
   <trkpt lat="47.425027" lon="13.220272"><ele>541.5</ele></trkpt>
   <trkpt lat="47.425099" lon="13.220308"><ele>541</ele></trkpt>
   <trkpt lat="47.425472" lon="13.220491"><ele>541</ele></trkpt>
   <trkpt lat="47.425677" lon="13.220589"><ele>540.5</ele></trkpt>
   <trkpt lat="47.425912" lon="13.22069"><ele>540</ele></trkpt>
   <trkpt lat="47.426095" lon="13.220753"><ele>539.5</ele></trkpt>
   <trkpt lat="47.426436" lon="13.220843"><ele>539</ele></trkpt>
   <trkpt lat="47.426493" lon="13.220854"><ele>539</ele></trkpt>
   <trkpt lat="47.426532" lon="13.220863"><ele>539.5</ele></trkpt>
   <trkpt lat="47.426583" lon="13.220868"><ele>540</ele></trkpt>
   <trkpt lat="47.426657" lon="13.220883"><ele>540.5</ele></trkpt>
   <trkpt lat="47.426822" lon="13.220907"><ele>540.25</ele></trkpt>
   <trkpt lat="47.427011" lon="13.220922"><ele>539.25</ele></trkpt>
   <trkpt lat="47.427193" lon="13.220926"><ele>537.25</ele></trkpt>
   <trkpt lat="47.427291" lon="13.220922"><ele>537.5</ele></trkpt>
   <trkpt lat="47.427594" lon="13.220899"><ele>539.75</ele></trkpt>
   <trkpt lat="47.427749" lon="13.220879"><ele>539.75</ele></trkpt>
   <trkpt lat="47.42817" lon="13.220777"><ele>540</ele></trkpt>
   <trkpt lat="47.428398" lon="13.220703"><ele>539.5</ele></trkpt>
   <trkpt lat="47.428541" lon="13.22064"><ele>539.25</ele></trkpt>
   <trkpt lat="47.428668" lon="13.220587"><ele>539.75</ele></trkpt>
   <trkpt lat="47.428905" lon="13.220466"><ele>539.25</ele></trkpt>
   <trkpt lat="47.42919" lon="13.220294"><ele>539.75</ele></trkpt>
   <trkpt lat="47.429352" lon="13.220182"><ele>538.75</ele></trkpt>
   <trkpt lat="47.42972" lon="13.219881"><ele>539</ele></trkpt>
   <trkpt lat="47.429911" lon="13.219708"><ele>538.5</ele></trkpt>
   <trkpt lat="47.430088" lon="13.219529"><ele>538.25</ele></trkpt>
   <trkpt lat="47.430323" lon="13.219261"><ele>538.75</ele></trkpt>
   <trkpt lat="47.430484" lon="13.219053"><ele>539</ele></trkpt>
   <trkpt lat="47.430672" lon="13.218788"><ele>538.75</ele></trkpt>
   <trkpt lat="47.43083" lon="13.218544"><ele>539.5</ele></trkpt>
   <trkpt lat="47.430982" lon="13.218288"><ele>538.5</ele></trkpt>
   <trkpt lat="47.431194" lon="13.217906"><ele>538.5</ele></trkpt>
   <trkpt lat="47.431406" lon="13.21749"><ele>540.5</ele></trkpt>
   <trkpt lat="47.43178" lon="13.216726"><ele>538.25</ele></trkpt>
   <trkpt lat="47.431804" lon="13.216677"><ele>538.25</ele></trkpt>
   <trkpt lat="47.431817" lon="13.216651"><ele>538.5</ele></trkpt>
   <trkpt lat="47.432056" lon="13.216168"><ele>537.5</ele></trkpt>
   <trkpt lat="47.4321" lon="13.216078"><ele>537.5</ele></trkpt>
   <trkpt lat="47.432147" lon="13.215982"><ele>538.5</ele></trkpt>
   <trkpt lat="47.432675" lon="13.214922"><ele>538</ele></trkpt>
   <trkpt lat="47.432822" lon="13.214639"><ele>539.25</ele></trkpt>
   <trkpt lat="47.432995" lon="13.214333"><ele>539.25</ele></trkpt>
   <trkpt lat="47.433154" lon="13.214074"><ele>539</ele></trkpt>
   <trkpt lat="47.433306" lon="13.213842"><ele>540</ele></trkpt>
   <trkpt lat="47.433477" lon="13.213606"><ele>539</ele></trkpt>
   <trkpt lat="47.43367" lon="13.213361"><ele>539.5</ele></trkpt>
   <trkpt lat="47.433861" lon="13.213141"><ele>540.5</ele></trkpt>
   <trkpt lat="47.434122" lon="13.212865"><ele>540.5</ele></trkpt>
   <trkpt lat="47.434383" lon="13.212629"><ele>540.5</ele></trkpt>
   <trkpt lat="47.434661" lon="13.212408"><ele>540.75</ele></trkpt>
   <trkpt lat="47.434851" lon="13.212272"><ele>540.75</ele></trkpt>
   <trkpt lat="47.435232" lon="13.212041"><ele>541</ele></trkpt>
   <trkpt lat="47.435452" lon="13.211928"><ele>541</ele></trkpt>
   <trkpt lat="47.435658" lon="13.211837"><ele>541.25</ele></trkpt>
   <trkpt lat="47.435872" lon="13.211756"><ele>541.25</ele></trkpt>
   <trkpt lat="47.436083" lon="13.211688"><ele>541.25</ele></trkpt>
   <trkpt lat="47.436528" lon="13.211592"><ele>541.5</ele></trkpt>
   <trkpt lat="47.436799" lon="13.211557"><ele>541.75</ele></trkpt>
   <trkpt lat="47.436836" lon="13.211554"><ele>541.75</ele></trkpt>
   <trkpt lat="47.436869" lon="13.211552"><ele>540</ele></trkpt>
   <trkpt lat="47.437326" lon="13.211554"><ele>537.5</ele></trkpt>
   <trkpt lat="47.437406" lon="13.211558"><ele>538.5</ele></trkpt>
   <trkpt lat="47.437548" lon="13.211571"><ele>539.5</ele></trkpt>
   <trkpt lat="47.437812" lon="13.211612"><ele>539.5</ele></trkpt>
   <trkpt lat="47.438222" lon="13.211714"><ele>538.5</ele></trkpt>
   <trkpt lat="47.438442" lon="13.21179"><ele>537.5</ele></trkpt>
   <trkpt lat="47.438582" lon="13.211843"><ele>537.5</ele></trkpt>
   <trkpt lat="47.438946" lon="13.212008"><ele>538</ele></trkpt>
   <trkpt lat="47.440112" lon="13.212629"><ele>536.75</ele></trkpt>
   <trkpt lat="47.440536" lon="13.212825"><ele>537</ele></trkpt>
   <trkpt lat="47.44101" lon="13.213003"><ele>536.75</ele></trkpt>
   <trkpt lat="47.441313" lon="13.213095"><ele>536.25</ele></trkpt>
   <trkpt lat="47.441668" lon="13.213188"><ele>536</ele></trkpt>
   <trkpt lat="47.44196" lon="13.213244"><ele>536.25</ele></trkpt>
   <trkpt lat="47.442236" lon="13.213286"><ele>536</ele></trkpt>
   <trkpt lat="47.442518" lon="13.213315"><ele>535</ele></trkpt>
   <trkpt lat="47.442833" lon="13.213335"><ele>535</ele></trkpt>
   <trkpt lat="47.44423" lon="13.213384"><ele>534</ele></trkpt>
   <trkpt lat="47.445056" lon="13.213419"><ele>534.5</ele></trkpt>
   <trkpt lat="47.448803" lon="13.213543"><ele>531.25</ele></trkpt>
   <trkpt lat="47.449414" lon="13.21355"><ele>531.25</ele></trkpt>
   <trkpt lat="47.44963" lon="13.213537"><ele>531</ele></trkpt>
   <trkpt lat="47.449912" lon="13.213507"><ele>530.5</ele></trkpt>
   <trkpt lat="47.450212" lon="13.213451"><ele>531</ele></trkpt>
   <trkpt lat="47.450451" lon="13.213386"><ele>531.5</ele></trkpt>
   <trkpt lat="47.45068" lon="13.213309"><ele>531</ele></trkpt>
   <trkpt lat="47.450972" lon="13.213187"><ele>530.5</ele></trkpt>
   <trkpt lat="47.451213" lon="13.213063"><ele>531</ele></trkpt>
   <trkpt lat="47.45146" lon="13.212921"><ele>530.25</ele></trkpt>
   <trkpt lat="47.451755" lon="13.212727"><ele>530.5</ele></trkpt>
   <trkpt lat="47.452068" lon="13.21248"><ele>530.75</ele></trkpt>
   <trkpt lat="47.452336" lon="13.212244"><ele>530.25</ele></trkpt>
   <trkpt lat="47.452514" lon="13.212061"><ele>530.25</ele></trkpt>
   <trkpt lat="47.452748" lon="13.211801"><ele>530.5</ele></trkpt>
   <trkpt lat="47.452901" lon="13.211613"><ele>530</ele></trkpt>
   <trkpt lat="47.453215" lon="13.211184"><ele>529.5</ele></trkpt>
   <trkpt lat="47.453431" lon="13.210838"><ele>530</ele></trkpt>
   <trkpt lat="47.453622" lon="13.2105"><ele>530.5</ele></trkpt>
   <trkpt lat="47.453791" lon="13.210162"><ele>529.75</ele></trkpt>
   <trkpt lat="47.453962" lon="13.20978"><ele>531.5</ele></trkpt>
   <trkpt lat="47.45411" lon="13.209403"><ele>530.5</ele></trkpt>
   <trkpt lat="47.454243" lon="13.209024"><ele>530</ele></trkpt>
   <trkpt lat="47.454275" lon="13.208918"><ele>529.25</ele></trkpt>
   <trkpt lat="47.454411" lon="13.208459"><ele>529.75</ele></trkpt>
   <trkpt lat="47.455041" lon="13.206077"><ele>529.75</ele></trkpt>
   <trkpt lat="47.455156" lon="13.205684"><ele>529.5</ele></trkpt>
   <trkpt lat="47.45528" lon="13.20531"><ele>530</ele></trkpt>
   <trkpt lat="47.455409" lon="13.204962"><ele>530.25</ele></trkpt>
   <trkpt lat="47.455543" lon="13.204637"><ele>529.5</ele></trkpt>
   <trkpt lat="47.455691" lon="13.204317"><ele>529.5</ele></trkpt>
   <trkpt lat="47.455887" lon="13.203944"><ele>529.25</ele></trkpt>
   <trkpt lat="47.456142" lon="13.203501"><ele>530</ele></trkpt>
   <trkpt lat="47.456357" lon="13.203185"><ele>530</ele></trkpt>
   <trkpt lat="47.45661" lon="13.202852"><ele>529</ele></trkpt>
   <trkpt lat="47.456825" lon="13.202595"><ele>529</ele></trkpt>
   <trkpt lat="47.457097" lon="13.202308"><ele>529.5</ele></trkpt>
   <trkpt lat="47.457304" lon="13.202114"><ele>529.5</ele></trkpt>
   <trkpt lat="47.457556" lon="13.201901"><ele>529</ele></trkpt>
   <trkpt lat="47.457956" lon="13.201618"><ele>529</ele></trkpt>
   <trkpt lat="47.458477" lon="13.201306"><ele>528.75</ele></trkpt>
   <trkpt lat="47.459619" lon="13.200659"><ele>528.75</ele></trkpt>
   <trkpt lat="47.460993" lon="13.19989"><ele>528.25</ele></trkpt>
   <trkpt lat="47.461032" lon="13.199868"><ele>528.25</ele></trkpt>
   <trkpt lat="47.46135" lon="13.199713"><ele>528.75</ele></trkpt>
   <trkpt lat="47.461612" lon="13.199602"><ele>528.25</ele></trkpt>
   <trkpt lat="47.461647" lon="13.199587"><ele>528.25</ele></trkpt>
   <trkpt lat="47.461675" lon="13.199577"><ele>528.25</ele></trkpt>
   <trkpt lat="47.461685" lon="13.199573"><ele>528.25</ele></trkpt>
   <trkpt lat="47.461806" lon="13.199529"><ele>528.25</ele></trkpt>
   <trkpt lat="47.461943" lon="13.199497"><ele>528</ele></trkpt>
   <trkpt lat="47.462169" lon="13.199455"><ele>528</ele></trkpt>
   <trkpt lat="47.4623" lon="13.199441"><ele>527.75</ele></trkpt>
   <trkpt lat="47.462664" lon="13.19944"><ele>527.75</ele></trkpt>
   <trkpt lat="47.462875" lon="13.199464"><ele>528</ele></trkpt>
   <trkpt lat="47.463059" lon="13.199502"><ele>528</ele></trkpt>
   <trkpt lat="47.463249" lon="13.199558"><ele>527.25</ele></trkpt>
   <trkpt lat="47.463424" lon="13.199621"><ele>527</ele></trkpt>
   <trkpt lat="47.463713" lon="13.199734"><ele>527.5</ele></trkpt>
   <trkpt lat="47.463998" lon="13.19986"><ele>527.25</ele></trkpt>
   <trkpt lat="47.464379" lon="13.200028"><ele>528</ele></trkpt>
   <trkpt lat="47.464574" lon="13.200102"><ele>527.25</ele></trkpt>
   <trkpt lat="47.464895" lon="13.200209"><ele>527.25</ele></trkpt>
   <trkpt lat="47.465039" lon="13.200245"><ele>527.5</ele></trkpt>
   <trkpt lat="47.465323" lon="13.200285"><ele>528</ele></trkpt>
   <trkpt lat="47.465511" lon="13.200293"><ele>528</ele></trkpt>
   <trkpt lat="47.465653" lon="13.200286"><ele>528</ele></trkpt>
   <trkpt lat="47.465746" lon="13.200278"><ele>528</ele></trkpt>
   <trkpt lat="47.465777" lon="13.200275"><ele>527.75</ele></trkpt>
   <trkpt lat="47.46605" lon="13.200237"><ele>527.5</ele></trkpt>
   <trkpt lat="47.466324" lon="13.200187"><ele>527.25</ele></trkpt>
   <trkpt lat="47.466462" lon="13.200145"><ele>527.75</ele></trkpt>
   <trkpt lat="47.466628" lon="13.200073"><ele>528.5</ele></trkpt>
   <trkpt lat="47.46666" lon="13.200055"><ele>528.5</ele></trkpt>
   <trkpt lat="47.466706" lon="13.200029"><ele>528.75</ele></trkpt>
   <trkpt lat="47.466852" lon="13.19994"><ele>528.5</ele></trkpt>
   <trkpt lat="47.467143" lon="13.199734"><ele>528.5</ele></trkpt>
   <trkpt lat="47.467326" lon="13.199573"><ele>529.5</ele></trkpt>
   <trkpt lat="47.467503" lon="13.199395"><ele>529.5</ele></trkpt>
   <trkpt lat="47.467653" lon="13.199226"><ele>530.5</ele></trkpt>
   <trkpt lat="47.467809" lon="13.199025"><ele>529.5</ele></trkpt>
   <trkpt lat="47.467994" lon="13.198763"><ele>530.75</ele></trkpt>
   <trkpt lat="47.468232" lon="13.198383"><ele>530</ele></trkpt>
   <trkpt lat="47.468746" lon="13.197483"><ele>527</ele></trkpt>
   <trkpt lat="47.468751" lon="13.197476"><ele>527</ele></trkpt>
   <trkpt lat="47.468804" lon="13.197384"><ele>526.75</ele></trkpt>
   <trkpt lat="47.468931" lon="13.197181"><ele>526</ele></trkpt>
   <trkpt lat="47.469003" lon="13.197078"><ele>526</ele></trkpt>
   <trkpt lat="47.469335" lon="13.196668"><ele>526</ele></trkpt>
   <trkpt lat="47.469538" lon="13.196435"><ele>525.75</ele></trkpt>
   <trkpt lat="47.469664" lon="13.196305"><ele>525.75</ele></trkpt>
   <trkpt lat="47.469892" lon="13.19609"><ele>525</ele></trkpt>
   <trkpt lat="47.470067" lon="13.195941"><ele>525</ele></trkpt>
   <trkpt lat="47.470223" lon="13.19583"><ele>525</ele></trkpt>
   <trkpt lat="47.470493" lon="13.195668"><ele>525.25</ele></trkpt>
   <trkpt lat="47.470764" lon="13.195534"><ele>525</ele></trkpt>
   <trkpt lat="47.470995" lon="13.195449"><ele>524.75</ele></trkpt>
   <trkpt lat="47.471123" lon="13.195408"><ele>524.25</ele></trkpt>
   <trkpt lat="47.471358" lon="13.195357"><ele>524.5</ele></trkpt>
   <trkpt lat="47.471564" lon="13.195332"><ele>524.25</ele></trkpt>
   <trkpt lat="47.471777" lon="13.195319"><ele>524</ele></trkpt>
   <trkpt lat="47.472093" lon="13.195322"><ele>524</ele></trkpt>
   <trkpt lat="47.472413" lon="13.195335"><ele>524</ele></trkpt>
   <trkpt lat="47.474667" lon="13.195484"><ele>524</ele></trkpt>
   <trkpt lat="47.474855" lon="13.195492"><ele>524</ele></trkpt>
   <trkpt lat="47.475039" lon="13.195488"><ele>523.75</ele></trkpt>
   <trkpt lat="47.475214" lon="13.195473"><ele>523.25</ele></trkpt>
   <trkpt lat="47.475396" lon="13.195439"><ele>523.25</ele></trkpt>
   <trkpt lat="47.475598" lon="13.195386"><ele>523.5</ele></trkpt>
   <trkpt lat="47.475747" lon="13.195334"><ele>523.5</ele></trkpt>
   <trkpt lat="47.476165" lon="13.195155"><ele>526</ele></trkpt>
   <trkpt lat="47.476496" lon="13.194957"><ele>525.75</ele></trkpt>
   <trkpt lat="47.477014" lon="13.194595"><ele>526.25</ele></trkpt>
   <trkpt lat="47.477536" lon="13.194196"><ele>527.25</ele></trkpt>
   <trkpt lat="47.477727" lon="13.194043"><ele>527</ele></trkpt>
   <trkpt lat="47.478396" lon="13.19351"><ele>522</ele></trkpt>
   <trkpt lat="47.478667" lon="13.193319"><ele>522.75</ele></trkpt>
   <trkpt lat="47.478935" lon="13.193155"><ele>522.75</ele></trkpt>
   <trkpt lat="47.478954" lon="13.193144"><ele>522.75</ele></trkpt>
   <trkpt lat="47.479296" lon="13.192949"><ele>522.25</ele></trkpt>
   <trkpt lat="47.479346" lon="13.19292"><ele>522.25</ele></trkpt>
   <trkpt lat="47.479403" lon="13.192889"><ele>522.5</ele></trkpt>
   <trkpt lat="47.479998" lon="13.192563"><ele>522.75</ele></trkpt>
   <trkpt lat="47.480203" lon="13.192464"><ele>523.25</ele></trkpt>
   <trkpt lat="47.480421" lon="13.192383"><ele>523</ele></trkpt>
   <trkpt lat="47.480597" lon="13.192334"><ele>523</ele></trkpt>
   <trkpt lat="47.480823" lon="13.192287"><ele>523.5</ele></trkpt>
   <trkpt lat="47.480978" lon="13.192267"><ele>523.75</ele></trkpt>
   <trkpt lat="47.481151" lon="13.192258"><ele>523.75</ele></trkpt>
   <trkpt lat="47.481462" lon="13.192271"><ele>524.25</ele></trkpt>
   <trkpt lat="47.481987" lon="13.192342"><ele>527.25</ele></trkpt>
   <trkpt lat="47.482019" lon="13.192346"><ele>527</ele></trkpt>
   <trkpt lat="47.482351" lon="13.1924"><ele>524.5</ele></trkpt>
   <trkpt lat="47.482487" lon="13.192421"><ele>523.5</ele></trkpt>
   <trkpt lat="47.482727" lon="13.192441"><ele>523.75</ele></trkpt>
   <trkpt lat="47.482886" lon="13.192443"><ele>523.75</ele></trkpt>
   <trkpt lat="47.483098" lon="13.192425"><ele>523</ele></trkpt>
   <trkpt lat="47.483287" lon="13.192383"><ele>522.75</ele></trkpt>
   <trkpt lat="47.483428" lon="13.192338"><ele>522.5</ele></trkpt>
   <trkpt lat="47.483644" lon="13.192247"><ele>523.25</ele></trkpt>
   <trkpt lat="47.483838" lon="13.192142"><ele>522.25</ele></trkpt>
   <trkpt lat="47.484003" lon="13.192032"><ele>522.5</ele></trkpt>
   <trkpt lat="47.484164" lon="13.191905"><ele>523.25</ele></trkpt>
   <trkpt lat="47.4843" lon="13.191777"><ele>522.5</ele></trkpt>
   <trkpt lat="47.484534" lon="13.191522"><ele>521.75</ele></trkpt>
   <trkpt lat="47.484635" lon="13.191395"><ele>522.25</ele></trkpt>
   <trkpt lat="47.484801" lon="13.191144"><ele>522.25</ele></trkpt>
   <trkpt lat="47.484943" lon="13.190893"><ele>522.5</ele></trkpt>
   <trkpt lat="47.485058" lon="13.190652"><ele>523</ele></trkpt>
   <trkpt lat="47.485217" lon="13.19024"><ele>522</ele></trkpt>
   <trkpt lat="47.485347" lon="13.18982"><ele>523.75</ele></trkpt>
   <trkpt lat="47.485596" lon="13.188951"><ele>524.5</ele></trkpt>
   <trkpt lat="47.485701" lon="13.188635"><ele>527.5</ele></trkpt>
   <trkpt lat="47.485824" lon="13.188314"><ele>522.25</ele></trkpt>
   <trkpt lat="47.485923" lon="13.188097"><ele>525.75</ele></trkpt>
   <trkpt lat="47.486024" lon="13.187901"><ele>525.75</ele></trkpt>
   <trkpt lat="47.486152" lon="13.187695"><ele>524</ele></trkpt>
   <trkpt lat="47.486263" lon="13.187531"><ele>525.25</ele></trkpt>
   <trkpt lat="47.486541" lon="13.187185"><ele>524.5</ele></trkpt>
   <trkpt lat="47.486895" lon="13.186789"><ele>520.5</ele></trkpt>
   <trkpt lat="47.487144" lon="13.186513"><ele>518.25</ele></trkpt>
   <trkpt lat="47.487244" lon="13.18639"><ele>517.5</ele></trkpt>
   <trkpt lat="47.487439" lon="13.186134"><ele>519.5</ele></trkpt>
   <trkpt lat="47.487574" lon="13.185927"><ele>519</ele></trkpt>
   <trkpt lat="47.487739" lon="13.185655"><ele>519.75</ele></trkpt>
   <trkpt lat="47.488231" lon="13.184787"><ele>523.75</ele></trkpt>
   <trkpt lat="47.48877" lon="13.183826"><ele>519.25</ele></trkpt>
   <trkpt lat="47.488955" lon="13.183476"><ele>519</ele></trkpt>
   <trkpt lat="47.489173" lon="13.183013"><ele>518.75</ele></trkpt>
   <trkpt lat="47.489232" lon="13.182872"><ele>519.5</ele></trkpt>
   <trkpt lat="47.489389" lon="13.182478"><ele>519.25</ele></trkpt>
   <trkpt lat="47.490033" lon="13.18065"><ele>518.25</ele></trkpt>
   <trkpt lat="47.490129" lon="13.180402"><ele>519</ele></trkpt>
   <trkpt lat="47.490264" lon="13.18011"><ele>519.75</ele></trkpt>
   <trkpt lat="47.490425" lon="13.179825"><ele>520</ele></trkpt>
   <trkpt lat="47.490604" lon="13.179561"><ele>521.25</ele></trkpt>
   <trkpt lat="47.490781" lon="13.179338"><ele>521.5</ele></trkpt>
   <trkpt lat="47.491008" lon="13.179106"><ele>522</ele></trkpt>
   <trkpt lat="47.491176" lon="13.178967"><ele>522</ele></trkpt>
   <trkpt lat="47.491351" lon="13.178845"><ele>520</ele></trkpt>
   <trkpt lat="47.491526" lon="13.178743"><ele>521</ele></trkpt>
   <trkpt lat="47.491808" lon="13.178616"><ele>519.5</ele></trkpt>
   <trkpt lat="47.491916" lon="13.178581"><ele>519.25</ele></trkpt>
   <trkpt lat="47.492086" lon="13.17854"><ele>518.5</ele></trkpt>
   <trkpt lat="47.492237" lon="13.178519"><ele>518.25</ele></trkpt>
   <trkpt lat="47.492432" lon="13.178508"><ele>517.75</ele></trkpt>
   <trkpt lat="47.492584" lon="13.178514"><ele>517.5</ele></trkpt>
   <trkpt lat="47.492755" lon="13.178534"><ele>517.5</ele></trkpt>
   <trkpt lat="47.49301" lon="13.178597"><ele>518.5</ele></trkpt>
   <trkpt lat="47.493408" lon="13.178731"><ele>516.75</ele></trkpt>
   <trkpt lat="47.493457" lon="13.178749"><ele>516.75</ele></trkpt>
   <trkpt lat="47.493498" lon="13.178763"><ele>516.5</ele></trkpt>
   <trkpt lat="47.493623" lon="13.178809"><ele>517</ele></trkpt>
   <trkpt lat="47.493841" lon="13.178867"><ele>519</ele></trkpt>
   <trkpt lat="47.494097" lon="13.178901"><ele>520</ele></trkpt>
   <trkpt lat="47.494316" lon="13.178906"><ele>520.25</ele></trkpt>
   <trkpt lat="47.49466" lon="13.178886"><ele>519.75</ele></trkpt>
   <trkpt lat="47.49481" lon="13.178871"><ele>519.75</ele></trkpt>
   <trkpt lat="47.494963" lon="13.178852"><ele>519.75</ele></trkpt>
   <trkpt lat="47.494985" lon="13.178848"><ele>519.75</ele></trkpt>
   <trkpt lat="47.495242" lon="13.178805"><ele>519.5</ele></trkpt>
   <trkpt lat="47.495375" lon="13.178772"><ele>519.75</ele></trkpt>
   <trkpt lat="47.495743" lon="13.17865"><ele>520.25</ele></trkpt>
   <trkpt lat="47.495866" lon="13.178603"><ele>519.75</ele></trkpt>
   <trkpt lat="47.495913" lon="13.178585"><ele>519.5</ele></trkpt>
   <trkpt lat="47.495963" lon="13.178566"><ele>519.25</ele></trkpt>
   <trkpt lat="47.496599" lon="13.178327"><ele>519.5</ele></trkpt>
   <trkpt lat="47.497422" lon="13.178015"><ele>519.75</ele></trkpt>
   <trkpt lat="47.497688" lon="13.177919"><ele>520.5</ele></trkpt>
   <trkpt lat="47.497918" lon="13.17785"><ele>520.25</ele></trkpt>
   <trkpt lat="47.498339" lon="13.177747"><ele>519.75</ele></trkpt>
   <trkpt lat="47.498743" lon="13.177686"><ele>519</ele></trkpt>
   <trkpt lat="47.499987" lon="13.17755"><ele>519.75</ele></trkpt>
   <trkpt lat="47.500255" lon="13.177521"><ele>519.5</ele></trkpt>
   <trkpt lat="47.50054" lon="13.177477"><ele>518.75</ele></trkpt>
   <trkpt lat="47.501019" lon="13.177385"><ele>519.25</ele></trkpt>
   <trkpt lat="47.501224" lon="13.177334"><ele>519.25</ele></trkpt>
   <trkpt lat="47.50149" lon="13.177254"><ele>519</ele></trkpt>
   <trkpt lat="47.501818" lon="13.177137"><ele>517.5</ele></trkpt>
   <trkpt lat="47.502141" lon="13.176995"><ele>517.5</ele></trkpt>
   <trkpt lat="47.502831" lon="13.176616"><ele>517.5</ele></trkpt>
   <trkpt lat="47.503113" lon="13.176419"><ele>517.25</ele></trkpt>
   <trkpt lat="47.503418" lon="13.176184"><ele>516.5</ele></trkpt>
   <trkpt lat="47.503809" lon="13.175837"><ele>517.5</ele></trkpt>
   <trkpt lat="47.504104" lon="13.175553"><ele>517.75</ele></trkpt>
   <trkpt lat="47.504548" lon="13.175097"><ele>516.5</ele></trkpt>
   <trkpt lat="47.504918" lon="13.17469"><ele>517.25</ele></trkpt>
   <trkpt lat="47.505017" lon="13.174577"><ele>517</ele></trkpt>
   <trkpt lat="47.505235" lon="13.174342"><ele>517.5</ele></trkpt>
   <trkpt lat="47.505611" lon="13.173922"><ele>518.5</ele></trkpt>
   <trkpt lat="47.506122" lon="13.173372"><ele>518.75</ele></trkpt>
   <trkpt lat="47.506494" lon="13.17296"><ele>519.5</ele></trkpt>
   <trkpt lat="47.506563" lon="13.172884"><ele>519.5</ele></trkpt>
   <trkpt lat="47.507327" lon="13.17205"><ele>521.5</ele></trkpt>
   <trkpt lat="47.507567" lon="13.171822"><ele>520.5</ele></trkpt>
   <trkpt lat="47.507756" lon="13.171669"><ele>518.25</ele></trkpt>
   <trkpt lat="47.50798" lon="13.171528"><ele>520</ele></trkpt>
   <trkpt lat="47.508152" lon="13.171438"><ele>519.5</ele></trkpt>
   <trkpt lat="47.508328" lon="13.17137"><ele>518.75</ele></trkpt>
   <trkpt lat="47.508523" lon="13.171312"><ele>518.5</ele></trkpt>
   <trkpt lat="47.508769" lon="13.17127"><ele>518.5</ele></trkpt>
   <trkpt lat="47.509203" lon="13.171245"><ele>516.25</ele></trkpt>
   <trkpt lat="47.50952" lon="13.17124"><ele>515.75</ele></trkpt>
   <trkpt lat="47.509842" lon="13.171216"><ele>515.25</ele></trkpt>
   <trkpt lat="47.510051" lon="13.171184"><ele>516.5</ele></trkpt>
   <trkpt lat="47.510289" lon="13.171112"><ele>517</ele></trkpt>
   <trkpt lat="47.510422" lon="13.171062"><ele>516.5</ele></trkpt>
   <trkpt lat="47.510544" lon="13.171005"><ele>516</ele></trkpt>
   <trkpt lat="47.510794" lon="13.170849"><ele>516.5</ele></trkpt>
   <trkpt lat="47.510916" lon="13.170759"><ele>515.75</ele></trkpt>
   <trkpt lat="47.511239" lon="13.170476"><ele>515.25</ele></trkpt>
   <trkpt lat="47.511472" lon="13.170234"><ele>515</ele></trkpt>
   <trkpt lat="47.512029" lon="13.169605"><ele>516.75</ele></trkpt>
   <trkpt lat="47.512338" lon="13.16923"><ele>514.5</ele></trkpt>
   <trkpt lat="47.512548" lon="13.168969"><ele>514</ele></trkpt>
   <trkpt lat="47.512582" lon="13.168929"><ele>514.5</ele></trkpt>
   <trkpt lat="47.512777" lon="13.168698"><ele>514.5</ele></trkpt>
   <trkpt lat="47.512971" lon="13.16849"><ele>515</ele></trkpt>
   <trkpt lat="47.513163" lon="13.168309"><ele>514.75</ele></trkpt>
   <trkpt lat="47.513357" lon="13.168154"><ele>514.25</ele></trkpt>
   <trkpt lat="47.513545" lon="13.168021"><ele>513.75</ele></trkpt>
   <trkpt lat="47.51385" lon="13.167829"><ele>514.75</ele></trkpt>
   <trkpt lat="47.514553" lon="13.167408"><ele>512.75</ele></trkpt>
   <trkpt lat="47.514693" lon="13.167325"><ele>512.75</ele></trkpt>
   <trkpt lat="47.514906" lon="13.167214"><ele>512.5</ele></trkpt>
   <trkpt lat="47.515088" lon="13.16713"><ele>512</ele></trkpt>
   <trkpt lat="47.515329" lon="13.167039"><ele>511.5</ele></trkpt>
   <trkpt lat="47.515546" lon="13.166978"><ele>508</ele></trkpt>
   <trkpt lat="47.515653" lon="13.166955"><ele>509.75</ele></trkpt>
   <trkpt lat="47.51593" lon="13.166917"><ele>512.5</ele></trkpt>
   <trkpt lat="47.51611" lon="13.166909"><ele>512.25</ele></trkpt>
   <trkpt lat="47.516346" lon="13.166919"><ele>512.75</ele></trkpt>
   <trkpt lat="47.516605" lon="13.166965"><ele>513.25</ele></trkpt>
   <trkpt lat="47.516936" lon="13.167048"><ele>514.5</ele></trkpt>
   <trkpt lat="47.518032" lon="13.167365"><ele>510.25</ele></trkpt>
   <trkpt lat="47.51823" lon="13.167402"><ele>509.25</ele></trkpt>
   <trkpt lat="47.518572" lon="13.167435"><ele>508.25</ele></trkpt>
   <trkpt lat="47.519428" lon="13.167439"><ele>508</ele></trkpt>
   <trkpt lat="47.519905" lon="13.16747"><ele>509</ele></trkpt>
   <trkpt lat="47.520239" lon="13.16748"><ele>508.5</ele></trkpt>
   <trkpt lat="47.520517" lon="13.167509"><ele>509.25</ele></trkpt>
   <trkpt lat="47.52085" lon="13.167523"><ele>509.75</ele></trkpt>
   <trkpt lat="47.52116" lon="13.167514"><ele>509.25</ele></trkpt>
   <trkpt lat="47.521413" lon="13.167476"><ele>509.25</ele></trkpt>
   <trkpt lat="47.521479" lon="13.167464"><ele>509</ele></trkpt>
   <trkpt lat="47.521637" lon="13.167424"><ele>508.5</ele></trkpt>
   <trkpt lat="47.521839" lon="13.167354"><ele>510</ele></trkpt>
   <trkpt lat="47.522005" lon="13.167285"><ele>510.25</ele></trkpt>
   <trkpt lat="47.522234" lon="13.167157"><ele>509.75</ele></trkpt>
   <trkpt lat="47.522505" lon="13.167014"><ele>510.25</ele></trkpt>
   <trkpt lat="47.523661" lon="13.16637"><ele>509</ele></trkpt>
   <trkpt lat="47.523882" lon="13.16626"><ele>509</ele></trkpt>
   <trkpt lat="47.524028" lon="13.166198"><ele>509</ele></trkpt>
   <trkpt lat="47.52424" lon="13.166125"><ele>509</ele></trkpt>
   <trkpt lat="47.524487" lon="13.166064"><ele>509</ele></trkpt>
   <trkpt lat="47.524723" lon="13.166029"><ele>509</ele></trkpt>
   <trkpt lat="47.524969" lon="13.16602"><ele>509</ele></trkpt>
   <trkpt lat="47.525097" lon="13.166024"><ele>509</ele></trkpt>
   <trkpt lat="47.525314" lon="13.166049"><ele>509</ele></trkpt>
   <trkpt lat="47.52553" lon="13.166092"><ele>509</ele></trkpt>
   <trkpt lat="47.525746" lon="13.166154"><ele>508.75</ele></trkpt>
   <trkpt lat="47.526246" lon="13.166347"><ele>509.5</ele></trkpt>
   <trkpt lat="47.526501" lon="13.166437"><ele>509.5</ele></trkpt>
   <trkpt lat="47.526576" lon="13.166469"><ele>509.75</ele></trkpt>
   <trkpt lat="47.526775" lon="13.166591"><ele>509.75</ele></trkpt>
   <trkpt lat="47.527096" lon="13.166752"><ele>509.5</ele></trkpt>
   <trkpt lat="47.527373" lon="13.166842"><ele>510</ele></trkpt>
   <trkpt lat="47.527626" lon="13.166893"><ele>509.75</ele></trkpt>
   <trkpt lat="47.527872" lon="13.166909"><ele>508.75</ele></trkpt>
   <trkpt lat="47.528087" lon="13.166897"><ele>508</ele></trkpt>
   <trkpt lat="47.528258" lon="13.166872"><ele>508.75</ele></trkpt>
   <trkpt lat="47.528411" lon="13.166829"><ele>508.5</ele></trkpt>
   <trkpt lat="47.528546" lon="13.166779"><ele>507.25</ele></trkpt>
   <trkpt lat="47.528587" lon="13.166764"><ele>507</ele></trkpt>
   <trkpt lat="47.528698" lon="13.166717"><ele>507.25</ele></trkpt>
   <trkpt lat="47.528865" lon="13.166638"><ele>508</ele></trkpt>
   <trkpt lat="47.529603" lon="13.166244"><ele>507.5</ele></trkpt>
   <trkpt lat="47.529896" lon="13.166085"><ele>507</ele></trkpt>
   <trkpt lat="47.530251" lon="13.165899"><ele>508</ele></trkpt>
   <trkpt lat="47.530524" lon="13.165788"><ele>509</ele></trkpt>
   <trkpt lat="47.530736" lon="13.165732"><ele>509</ele></trkpt>
   <trkpt lat="47.53094" lon="13.165696"><ele>509</ele></trkpt>
   <trkpt lat="47.531055" lon="13.16569"><ele>508.75</ele></trkpt>
   <trkpt lat="47.531275" lon="13.165689"><ele>509.25</ele></trkpt>
   <trkpt lat="47.531419" lon="13.165704"><ele>509.5</ele></trkpt>
   <trkpt lat="47.531615" lon="13.165751"><ele>510.75</ele></trkpt>
   <trkpt lat="47.531948" lon="13.165868"><ele>508.5</ele></trkpt>
   <trkpt lat="47.532096" lon="13.165945"><ele>510</ele></trkpt>
   <trkpt lat="47.532234" lon="13.166028"><ele>510.5</ele></trkpt>
   <trkpt lat="47.5325" lon="13.166216"><ele>510</ele></trkpt>
   <trkpt lat="47.532932" lon="13.166553"><ele>507.5</ele></trkpt>
   <trkpt lat="47.533086" lon="13.166665"><ele>507.5</ele></trkpt>
   <trkpt lat="47.533191" lon="13.166732"><ele>508</ele></trkpt>
   <trkpt lat="47.533362" lon="13.166821"><ele>507.75</ele></trkpt>
   <trkpt lat="47.533569" lon="13.166912"><ele>507.25</ele></trkpt>
   <trkpt lat="47.533669" lon="13.166952"><ele>508</ele></trkpt>
   <trkpt lat="47.533812" lon="13.166995"><ele>508.5</ele></trkpt>
   <trkpt lat="47.53395" lon="13.167022"><ele>508.25</ele></trkpt>
   <trkpt lat="47.534124" lon="13.167047"><ele>508</ele></trkpt>
   <trkpt lat="47.534868" lon="13.167101"><ele>509.25</ele></trkpt>
   <trkpt lat="47.535101" lon="13.167141"><ele>509.25</ele></trkpt>
   <trkpt lat="47.535387" lon="13.167229"><ele>508.5</ele></trkpt>
   <trkpt lat="47.535586" lon="13.167316"><ele>506</ele></trkpt>
   <trkpt lat="47.535639" lon="13.167347"><ele>505.25</ele></trkpt>
   <trkpt lat="47.535676" lon="13.167369"><ele>504.75</ele></trkpt>
   <trkpt lat="47.535856" lon="13.167483"><ele>506.25</ele></trkpt>
   <trkpt lat="47.535967" lon="13.16756"><ele>507</ele></trkpt>
   <trkpt lat="47.536093" lon="13.167666"><ele>507.75</ele></trkpt>
   <trkpt lat="47.536696" lon="13.168215"><ele>509</ele></trkpt>
   <trkpt lat="47.536916" lon="13.168397"><ele>509.25</ele></trkpt>
   <trkpt lat="47.537769" lon="13.169061"><ele>508.25</ele></trkpt>
   <trkpt lat="47.538356" lon="13.169523"><ele>507.25</ele></trkpt>
   <trkpt lat="47.538479" lon="13.169624"><ele>506</ele></trkpt>
   <trkpt lat="47.538601" lon="13.169717"><ele>504</ele></trkpt>
   <trkpt lat="47.538721" lon="13.169812"><ele>503</ele></trkpt>
   <trkpt lat="47.539076" lon="13.170076"><ele>505.5</ele></trkpt>
   <trkpt lat="47.539344" lon="13.170255"><ele>506</ele></trkpt>
   <trkpt lat="47.539782" lon="13.170488"><ele>504</ele></trkpt>
   <trkpt lat="47.540975" lon="13.171075"><ele>502.75</ele></trkpt>
   <trkpt lat="47.541233" lon="13.171185"><ele>502.75</ele></trkpt>
   <trkpt lat="47.541513" lon="13.171278"><ele>502.5</ele></trkpt>
   <trkpt lat="47.54166" lon="13.171307"><ele>502.75</ele></trkpt>
   <trkpt lat="47.541825" lon="13.171328"><ele>502.75</ele></trkpt>
   <trkpt lat="47.541985" lon="13.171332"><ele>502.75</ele></trkpt>
   <trkpt lat="47.54211" lon="13.171327"><ele>502.75</ele></trkpt>
   <trkpt lat="47.542294" lon="13.171299"><ele>502.5</ele></trkpt>
   <trkpt lat="47.542676" lon="13.171195"><ele>503.25</ele></trkpt>
   <trkpt lat="47.543977" lon="13.170714"><ele>502.25</ele></trkpt>
   <trkpt lat="47.545586" lon="13.170129"><ele>502.25</ele></trkpt>
   <trkpt lat="47.545789" lon="13.170065"><ele>501.5</ele></trkpt>
   <trkpt lat="47.546179" lon="13.169995"><ele>500.75</ele></trkpt>
   <trkpt lat="47.546422" lon="13.169972"><ele>500.75</ele></trkpt>
   <trkpt lat="47.546785" lon="13.169959"><ele>500.5</ele></trkpt>
   <trkpt lat="47.547134" lon="13.169944"><ele>500.5</ele></trkpt>
   <trkpt lat="47.547638" lon="13.169911"><ele>501</ele></trkpt>
   <trkpt lat="47.54861" lon="13.169872"><ele>501</ele></trkpt>
   <trkpt lat="47.548907" lon="13.169878"><ele>499.25</ele></trkpt>
   <trkpt lat="47.549169" lon="13.169902"><ele>498.25</ele></trkpt>
   <trkpt lat="47.550649" lon="13.170162"><ele>497</ele></trkpt>
   <trkpt lat="47.550787" lon="13.170181"><ele>497</ele></trkpt>
   <trkpt lat="47.551132" lon="13.170204"><ele>497.5</ele></trkpt>
   <trkpt lat="47.551197" lon="13.170206"><ele>497.75</ele></trkpt>
   <trkpt lat="47.551371" lon="13.17019"><ele>497.5</ele></trkpt>
   <trkpt lat="47.551532" lon="13.170157"><ele>498.25</ele></trkpt>
   <trkpt lat="47.551677" lon="13.17012"><ele>498.75</ele></trkpt>
   <trkpt lat="47.551931" lon="13.170026"><ele>499.75</ele></trkpt>
   <trkpt lat="47.552129" lon="13.169919"><ele>500</ele></trkpt>
   <trkpt lat="47.552355" lon="13.169774"><ele>499.5</ele></trkpt>
   <trkpt lat="47.552726" lon="13.169506"><ele>499.75</ele></trkpt>
   <trkpt lat="47.553135" lon="13.169177"><ele>499.25</ele></trkpt>
   <trkpt lat="47.553383" lon="13.168948"><ele>499.75</ele></trkpt>
   <trkpt lat="47.55365" lon="13.168673"><ele>499.25</ele></trkpt>
   <trkpt lat="47.553858" lon="13.168433"><ele>498.5</ele></trkpt>
   <trkpt lat="47.554056" lon="13.168187"><ele>498.25</ele></trkpt>
   <trkpt lat="47.554176" lon="13.168019"><ele>497.5</ele></trkpt>
   <trkpt lat="47.554408" lon="13.167689"><ele>497.25</ele></trkpt>
   <trkpt lat="47.554646" lon="13.167322"><ele>497.75</ele></trkpt>
   <trkpt lat="47.554866" lon="13.167008"><ele>498.5</ele></trkpt>
   <trkpt lat="47.55512" lon="13.166696"><ele>498.5</ele></trkpt>
   <trkpt lat="47.555352" lon="13.166468"><ele>499.25</ele></trkpt>
   <trkpt lat="47.555585" lon="13.166293"><ele>499.25</ele></trkpt>
   <trkpt lat="47.555743" lon="13.166198"><ele>499.5</ele></trkpt>
   <trkpt lat="47.555934" lon="13.166101"><ele>498.25</ele></trkpt>
   <trkpt lat="47.556232" lon="13.165996"><ele>499.75</ele></trkpt>
   <trkpt lat="47.556454" lon="13.165951"><ele>499.5</ele></trkpt>
   <trkpt lat="47.556709" lon="13.165933"><ele>499.5</ele></trkpt>
   <trkpt lat="47.556879" lon="13.165942"><ele>500</ele></trkpt>
   <trkpt lat="47.557028" lon="13.165961"><ele>500.5</ele></trkpt>
   <trkpt lat="47.557819" lon="13.166144"><ele>498</ele></trkpt>
   <trkpt lat="47.558208" lon="13.16622"><ele>496.25</ele></trkpt>
   <trkpt lat="47.558431" lon="13.166236"><ele>495.75</ele></trkpt>
   <trkpt lat="47.558659" lon="13.166233"><ele>496</ele></trkpt>
   <trkpt lat="47.559525" lon="13.16617"><ele>496.25</ele></trkpt>
   <trkpt lat="47.559812" lon="13.166161"><ele>496.5</ele></trkpt>
   <trkpt lat="47.560092" lon="13.16617"><ele>496</ele></trkpt>
   <trkpt lat="47.560355" lon="13.166207"><ele>495.5</ele></trkpt>
   <trkpt lat="47.560623" lon="13.166258"><ele>495.5</ele></trkpt>
   <trkpt lat="47.560922" lon="13.166302"><ele>494.25</ele></trkpt>
   <trkpt lat="47.561252" lon="13.166334"><ele>493.75</ele></trkpt>
   <trkpt lat="47.561409" lon="13.166363"><ele>494.25</ele></trkpt>
   <trkpt lat="47.561546" lon="13.166394"><ele>494</ele></trkpt>
   <trkpt lat="47.561836" lon="13.166474"><ele>493.75</ele></trkpt>
   <trkpt lat="47.561969" lon="13.166526"><ele>493.25</ele></trkpt>
   <trkpt lat="47.562234" lon="13.166653"><ele>493.5</ele></trkpt>
   <trkpt lat="47.562423" lon="13.166765"><ele>493</ele></trkpt>
   <trkpt lat="47.562689" lon="13.166945"><ele>493.5</ele></trkpt>
   <trkpt lat="47.56317" lon="13.16726"><ele>492.5</ele></trkpt>
   <trkpt lat="47.563399" lon="13.167422"><ele>493</ele></trkpt>
   <trkpt lat="47.563648" lon="13.167628"><ele>493.5</ele></trkpt>
   <trkpt lat="47.56379" lon="13.16777"><ele>494</ele></trkpt>
   <trkpt lat="47.563932" lon="13.167938"><ele>494.75</ele></trkpt>
   <trkpt lat="47.56408" lon="13.168139"><ele>494.25</ele></trkpt>
   <trkpt lat="47.564213" lon="13.168359"><ele>494.25</ele></trkpt>
   <trkpt lat="47.564313" lon="13.168551"><ele>494</ele></trkpt>
   <trkpt lat="47.56443" lon="13.1688"><ele>492.75</ele></trkpt>
   <trkpt lat="47.564531" lon="13.169062"><ele>493.25</ele></trkpt>
   <trkpt lat="47.564681" lon="13.169537"><ele>493</ele></trkpt>
   <trkpt lat="47.56493" lon="13.170431"><ele>494.25</ele></trkpt>
   <trkpt lat="47.565045" lon="13.17091"><ele>493</ele></trkpt>
   <trkpt lat="47.565093" lon="13.171177"><ele>492</ele></trkpt>
   <trkpt lat="47.565125" lon="13.171396"><ele>492.25</ele></trkpt>
   <trkpt lat="47.565253" lon="13.172712"><ele>493.5</ele></trkpt>
   <trkpt lat="47.565297" lon="13.172991"><ele>493.25</ele></trkpt>
   <trkpt lat="47.565335" lon="13.173211"><ele>492.75</ele></trkpt>
   <trkpt lat="47.565557" lon="13.174217"><ele>493.75</ele></trkpt>
   <trkpt lat="47.565609" lon="13.174492"><ele>492.75</ele></trkpt>
   <trkpt lat="47.565647" lon="13.174744"><ele>492</ele></trkpt>
   <trkpt lat="47.565681" lon="13.175012"><ele>492.25</ele></trkpt>
   <trkpt lat="47.565784" lon="13.176137"><ele>492</ele></trkpt>
   <trkpt lat="47.565834" lon="13.176525"><ele>492.25</ele></trkpt>
   <trkpt lat="47.565904" lon="13.176985"><ele>492.25</ele></trkpt>
   <trkpt lat="47.566125" lon="13.178318"><ele>492.5</ele></trkpt>
   <trkpt lat="47.56622" lon="13.178758"><ele>492</ele></trkpt>
   <trkpt lat="47.566357" lon="13.17928"><ele>493</ele></trkpt>
   <trkpt lat="47.566449" lon="13.179564"><ele>492.75</ele></trkpt>
   <trkpt lat="47.566615" lon="13.180012"><ele>493.5</ele></trkpt>
   <trkpt lat="47.566784" lon="13.180388"><ele>493.25</ele></trkpt>
   <trkpt lat="47.566814" lon="13.18045"><ele>493.5</ele></trkpt>
   <trkpt lat="47.566848" lon="13.180516"><ele>494</ele></trkpt>
   <trkpt lat="47.567072" lon="13.180903"><ele>491.75</ele></trkpt>
   <trkpt lat="47.567174" lon="13.181057"><ele>492</ele></trkpt>
   <trkpt lat="47.567319" lon="13.181228"><ele>490</ele></trkpt>
   <trkpt lat="47.567796" lon="13.181797"><ele>490</ele></trkpt>
   <trkpt lat="47.567973" lon="13.181971"><ele>492.75</ele></trkpt>
   <trkpt lat="47.568101" lon="13.18208"><ele>492.5</ele></trkpt>
   <trkpt lat="47.568451" lon="13.182303"><ele>492.25</ele></trkpt>
   <trkpt lat="47.568984" lon="13.182556"><ele>491.75</ele></trkpt>
   <trkpt lat="47.56958" lon="13.18268"><ele>491</ele></trkpt>
   <trkpt lat="47.570181" lon="13.182657"><ele>490.5</ele></trkpt>
   <trkpt lat="47.570669" lon="13.182523"><ele>490</ele></trkpt>
   <trkpt lat="47.571215" lon="13.182248"><ele>489.5</ele></trkpt>
   <trkpt lat="47.575495" lon="13.179814"><ele>485.25</ele></trkpt>
   <trkpt lat="47.575911" lon="13.179624"><ele>485</ele></trkpt>
   <trkpt lat="47.57623" lon="13.179539"><ele>484.75</ele></trkpt>
   <trkpt lat="47.576522" lon="13.179424"><ele>484.75</ele></trkpt>
   <trkpt lat="47.576696" lon="13.179369"><ele>484.5</ele></trkpt>
   <trkpt lat="47.576916" lon="13.179315"><ele>484</ele></trkpt>
   <trkpt lat="47.577058" lon="13.179293"><ele>483.5</ele></trkpt>
   <trkpt lat="47.57728" lon="13.17927"><ele>483.25</ele></trkpt>
   <trkpt lat="47.577782" lon="13.179256"><ele>482.5</ele></trkpt>
   <trkpt lat="47.578207" lon="13.179239"><ele>480.25</ele></trkpt>
   <trkpt lat="47.578428" lon="13.179224"><ele>479.75</ele></trkpt>
   <trkpt lat="47.578464" lon="13.179223"><ele>480</ele></trkpt>
   <trkpt lat="47.579016" lon="13.179201"><ele>481.25</ele></trkpt>
   <trkpt lat="47.579377" lon="13.179181"><ele>480.75</ele></trkpt>
   <trkpt lat="47.579792" lon="13.17917"><ele>480</ele></trkpt>
   <trkpt lat="47.580413" lon="13.179136"><ele>479</ele></trkpt>
   <trkpt lat="47.580723" lon="13.179129"><ele>478.5</ele></trkpt>
   <trkpt lat="47.580865" lon="13.179122"><ele>478.75</ele></trkpt>
   <trkpt lat="47.580919" lon="13.179121"><ele>478.75</ele></trkpt>
   <trkpt lat="47.581413" lon="13.17909"><ele>478</ele></trkpt>
   <trkpt lat="47.581878" lon="13.179058"><ele>477.5</ele></trkpt>
   <trkpt lat="47.582355" lon="13.179004"><ele>477.5</ele></trkpt>
   <trkpt lat="47.582666" lon="13.178958"><ele>478.25</ele></trkpt>
   <trkpt lat="47.582855" lon="13.178919"><ele>479</ele></trkpt>
   <trkpt lat="47.582963" lon="13.178895"><ele>479.5</ele></trkpt>
   <trkpt lat="47.583076" lon="13.178869"><ele>479.5</ele></trkpt>
   <trkpt lat="47.583131" lon="13.178853"><ele>479</ele></trkpt>
   <trkpt lat="47.583463" lon="13.178756"><ele>477.25</ele></trkpt>
   <trkpt lat="47.583541" lon="13.178733"><ele>477.25</ele></trkpt>
   <trkpt lat="47.583685" lon="13.178685"><ele>477.5</ele></trkpt>
   <trkpt lat="47.583744" lon="13.178663"><ele>477.75</ele></trkpt>
   <trkpt lat="47.584001" lon="13.178578"><ele>475.75</ele></trkpt>
   <trkpt lat="47.584726" lon="13.178249"><ele>475</ele></trkpt>
   <trkpt lat="47.584993" lon="13.178108"><ele>477.5</ele></trkpt>
   <trkpt lat="47.585348" lon="13.177899"><ele>476.75</ele></trkpt>
   <trkpt lat="47.585664" lon="13.177698"><ele>476.75</ele></trkpt>
   <trkpt lat="47.58618" lon="13.17732"><ele>476.75</ele></trkpt>
   <trkpt lat="47.58654" lon="13.177028"><ele>475.75</ele></trkpt>
   <trkpt lat="47.586608" lon="13.176969"><ele>476.25</ele></trkpt>
   <trkpt lat="47.586822" lon="13.176778"><ele>476</ele></trkpt>
   <trkpt lat="47.587354" lon="13.176252"><ele>476</ele></trkpt>
   <trkpt lat="47.587741" lon="13.175826"><ele>475.75</ele></trkpt>
   <trkpt lat="47.588338" lon="13.175082"><ele>474.75</ele></trkpt>
   <trkpt lat="47.588984" lon="13.174195"><ele>474</ele></trkpt>
   <trkpt lat="47.589597" lon="13.173333"><ele>475.75</ele></trkpt>
   <trkpt lat="47.591247" lon="13.170982"><ele>474.5</ele></trkpt>
   <trkpt lat="47.592523" lon="13.169166"><ele>471.5</ele></trkpt>
   <trkpt lat="47.592579" lon="13.169086"><ele>470.25</ele></trkpt>
   <trkpt lat="47.592679" lon="13.168945"><ele>470.25</ele></trkpt>
   <trkpt lat="47.592806" lon="13.16877"><ele>470.5</ele></trkpt>
   <trkpt lat="47.59285" lon="13.168711"><ele>469.75</ele></trkpt>
   <trkpt lat="47.593083" lon="13.168404"><ele>470.25</ele></trkpt>
   <trkpt lat="47.593324" lon="13.16811"><ele>470.25</ele></trkpt>
   <trkpt lat="47.593575" lon="13.167835"><ele>470.25</ele></trkpt>
   <trkpt lat="47.593705" lon="13.167705"><ele>469.75</ele></trkpt>
   <trkpt lat="47.593837" lon="13.167579"><ele>470</ele></trkpt>
   <trkpt lat="47.594111" lon="13.167342"><ele>469</ele></trkpt>
   <trkpt lat="47.594395" lon="13.167125"><ele>469</ele></trkpt>
   <trkpt lat="47.594686" lon="13.166932"><ele>469.75</ele></trkpt>
   <trkpt lat="47.594982" lon="13.166761"><ele>468.5</ele></trkpt>
   <trkpt lat="47.595284" lon="13.166606"><ele>468.75</ele></trkpt>
   <trkpt lat="47.595907" lon="13.166314"><ele>468.5</ele></trkpt>
   <trkpt lat="47.596701" lon="13.165949"><ele>468.25</ele></trkpt>
   <trkpt lat="47.596854" lon="13.165878"><ele>468.5</ele></trkpt>
   <trkpt lat="47.59689" lon="13.165865"><ele>468.5</ele></trkpt>
   <trkpt lat="47.597238" lon="13.165724"><ele>468</ele></trkpt>
   <trkpt lat="47.597341" lon="13.16569"><ele>468</ele></trkpt>
   <trkpt lat="47.597523" lon="13.165628"><ele>468.5</ele></trkpt>
   <trkpt lat="47.597747" lon="13.165538"><ele>468.75</ele></trkpt>
   <trkpt lat="47.597858" lon="13.165488"><ele>468.5</ele></trkpt>
   <trkpt lat="47.598702" lon="13.165106"><ele>468</ele></trkpt>
   <trkpt lat="47.598877" lon="13.165017"><ele>468</ele></trkpt>
   <trkpt lat="47.600088" lon="13.164454"><ele>468.5</ele></trkpt>
   <trkpt lat="47.600814" lon="13.164132"><ele>468</ele></trkpt>
   <trkpt lat="47.602464" lon="13.163373"><ele>468</ele></trkpt>
   <trkpt lat="47.60421" lon="13.162566"><ele>467.75</ele></trkpt>
   <trkpt lat="47.605251" lon="13.16209"><ele>467</ele></trkpt>
   <trkpt lat="47.60564" lon="13.161904"><ele>467.25</ele></trkpt>
   <trkpt lat="47.606136" lon="13.161647"><ele>467.5</ele></trkpt>
   <trkpt lat="47.606308" lon="13.161543"><ele>466.75</ele></trkpt>
   <trkpt lat="47.606741" lon="13.161263"><ele>466.5</ele></trkpt>
   <trkpt lat="47.60716" lon="13.160956"><ele>466.75</ele></trkpt>
   <trkpt lat="47.607531" lon="13.160644"><ele>467</ele></trkpt>
   <trkpt lat="47.607856" lon="13.160339"><ele>466</ele></trkpt>
   <trkpt lat="47.608199" lon="13.159989"><ele>465.75</ele></trkpt>
   <trkpt lat="47.608546" lon="13.159599"><ele>465.75</ele></trkpt>
   <trkpt lat="47.608948" lon="13.159132"><ele>465.75</ele></trkpt>
   <trkpt lat="47.611099" lon="13.156607"><ele>465</ele></trkpt>
   <trkpt lat="47.611131" lon="13.156568"><ele>465</ele></trkpt>
   <trkpt lat="47.611704" lon="13.155892"><ele>464.5</ele></trkpt>
   <trkpt lat="47.61229" lon="13.1552"><ele>464.5</ele></trkpt>
   <trkpt lat="47.61271" lon="13.154707"><ele>464</ele></trkpt>
   <trkpt lat="47.614078" lon="13.1531"><ele>463.75</ele></trkpt>
   <trkpt lat="47.614231" lon="13.152929"><ele>464</ele></trkpt>
   <trkpt lat="47.615309" lon="13.151652"><ele>463.75</ele></trkpt>
   <trkpt lat="47.616382" lon="13.150398"><ele>463.5</ele></trkpt>
   <trkpt lat="47.616885" lon="13.149851"><ele>463.5</ele></trkpt>
   <trkpt lat="47.617319" lon="13.149416"><ele>463.25</ele></trkpt>
   <trkpt lat="47.619611" lon="13.147188"><ele>462.25</ele></trkpt>
   <trkpt lat="47.620216" lon="13.146604"><ele>461.75</ele></trkpt>
   <trkpt lat="47.620346" lon="13.146478"><ele>462.25</ele></trkpt>
   <trkpt lat="47.620367" lon="13.146458"><ele>462.25</ele></trkpt>
   <trkpt lat="47.620423" lon="13.146403"><ele>462.5</ele></trkpt>
   <trkpt lat="47.620857" lon="13.14598"><ele>464.25</ele></trkpt>
   <trkpt lat="47.621583" lon="13.145278"><ele>464.25</ele></trkpt>
   <trkpt lat="47.623624" lon="13.143297"><ele>463.25</ele></trkpt>
   <trkpt lat="47.624208" lon="13.142743"><ele>463.25</ele></trkpt>
   <trkpt lat="47.624405" lon="13.142565"><ele>463.25</ele></trkpt>
   <trkpt lat="47.624821" lon="13.142226"><ele>461.5</ele></trkpt>
   <trkpt lat="47.625199" lon="13.141952"><ele>461.75</ele></trkpt>
   <trkpt lat="47.625481" lon="13.141765"><ele>460</ele></trkpt>
   <trkpt lat="47.625728" lon="13.141618"><ele>460</ele></trkpt>
   <trkpt lat="47.625899" lon="13.141522"><ele>461</ele></trkpt>
   <trkpt lat="47.626355" lon="13.141293"><ele>461</ele></trkpt>
   <trkpt lat="47.626488" lon="13.141232"><ele>460.75</ele></trkpt>
   <trkpt lat="47.626977" lon="13.141037"><ele>460.75</ele></trkpt>
   <trkpt lat="47.62757" lon="13.140812"><ele>460.75</ele></trkpt>
   <trkpt lat="47.628892" lon="13.140305"><ele>460.75</ele></trkpt>
   <trkpt lat="47.629995" lon="13.139883"><ele>460</ele></trkpt>
   <trkpt lat="47.630869" lon="13.139552"><ele>460</ele></trkpt>
   <trkpt lat="47.632051" lon="13.139129"><ele>460</ele></trkpt>
   <trkpt lat="47.633381" lon="13.138651"><ele>459.5</ele></trkpt>
   <trkpt lat="47.634423" lon="13.138254"><ele>458.75</ele></trkpt>
   <trkpt lat="47.634814" lon="13.138102"><ele>458.75</ele></trkpt>
   <trkpt lat="47.635444" lon="13.137863"><ele>458.5</ele></trkpt>
   <trkpt lat="47.636229" lon="13.137546"><ele>458.5</ele></trkpt>
   <trkpt lat="47.636882" lon="13.137223"><ele>458.75</ele></trkpt>
   <trkpt lat="47.637098" lon="13.137098"><ele>458.25</ele></trkpt>
   <trkpt lat="47.637361" lon="13.136947"><ele>458.75</ele></trkpt>
   <trkpt lat="47.637798" lon="13.13667"><ele>458.75</ele></trkpt>
   <trkpt lat="47.638149" lon="13.136422"><ele>458.5</ele></trkpt>
   <trkpt lat="47.638544" lon="13.136125"><ele>457.75</ele></trkpt>
   <trkpt lat="47.638915" lon="13.135818"><ele>458.75</ele></trkpt>
   <trkpt lat="47.641067" lon="13.133949"><ele>457</ele></trkpt>
   <trkpt lat="47.641193" lon="13.133833"><ele>457.25</ele></trkpt>
   <trkpt lat="47.642726" lon="13.132515"><ele>459</ele></trkpt>
   <trkpt lat="47.643091" lon="13.132202"><ele>459</ele></trkpt>
   <trkpt lat="47.643579" lon="13.131851"><ele>459.5</ele></trkpt>
   <trkpt lat="47.6439" lon="13.131632"><ele>458.75</ele></trkpt>
   <trkpt lat="47.644286" lon="13.131391"><ele>458.5</ele></trkpt>
   <trkpt lat="47.644977" lon="13.131014"><ele>458</ele></trkpt>
   <trkpt lat="47.645427" lon="13.130803"><ele>458.25</ele></trkpt>
   <trkpt lat="47.645669" lon="13.130703"><ele>458.25</ele></trkpt>
   <trkpt lat="47.646513" lon="13.130374"><ele>458.25</ele></trkpt>
   <trkpt lat="47.647785" lon="13.129882"><ele>457.75</ele></trkpt>
   <trkpt lat="47.647865" lon="13.129848"><ele>458</ele></trkpt>
   <trkpt lat="47.64819" lon="13.129712"><ele>458.75</ele></trkpt>
   <trkpt lat="47.648843" lon="13.129412"><ele>458.5</ele></trkpt>
   <trkpt lat="47.649109" lon="13.129306"><ele>457.25</ele></trkpt>
   <trkpt lat="47.649754" lon="13.129048"><ele>457.75</ele></trkpt>
   <trkpt lat="47.650007" lon="13.128955"><ele>457.5</ele></trkpt>
   <trkpt lat="47.650122" lon="13.128908"><ele>458.5</ele></trkpt>
   <trkpt lat="47.650151" lon="13.128897"><ele>459</ele></trkpt>
   <trkpt lat="47.650251" lon="13.128858"><ele>459.25</ele></trkpt>
   <trkpt lat="47.650993" lon="13.128555"><ele>459.5</ele></trkpt>
   <trkpt lat="47.651549" lon="13.128306"><ele>460.5</ele></trkpt>
   <trkpt lat="47.651628" lon="13.12827"><ele>460.25</ele></trkpt>
   <trkpt lat="47.651781" lon="13.128195"><ele>459.5</ele></trkpt>
   <trkpt lat="47.652276" lon="13.127942"><ele>460</ele></trkpt>
   <trkpt lat="47.652564" lon="13.127782"><ele>460.75</ele></trkpt>
   <trkpt lat="47.652612" lon="13.127754"><ele>460.25</ele></trkpt>
   <trkpt lat="47.65312" lon="13.127459"><ele>459.75</ele></trkpt>
   <trkpt lat="47.653287" lon="13.127362"><ele>457.75</ele></trkpt>
   <trkpt lat="47.653465" lon="13.12726"><ele>459</ele></trkpt>
   <trkpt lat="47.654078" lon="13.1269"><ele>460</ele></trkpt>
   <trkpt lat="47.654087" lon="13.126894"><ele>460</ele></trkpt>
   <trkpt lat="47.655041" lon="13.126334"><ele>460.25</ele></trkpt>
   <trkpt lat="47.655131" lon="13.126281"><ele>458.25</ele></trkpt>
   <trkpt lat="47.655473" lon="13.12608"><ele>459.75</ele></trkpt>
   <trkpt lat="47.656542" lon="13.125463"><ele>462.5</ele></trkpt>
   <trkpt lat="47.657992" lon="13.124619"><ele>462.75</ele></trkpt>
   <trkpt lat="47.658047" lon="13.124585"><ele>462.5</ele></trkpt>
   <trkpt lat="47.65853" lon="13.124308"><ele>463.25</ele></trkpt>
   <trkpt lat="47.658999" lon="13.124056"><ele>463</ele></trkpt>
   <trkpt lat="47.659217" lon="13.123954"><ele>462.75</ele></trkpt>
   <trkpt lat="47.659657" lon="13.123771"><ele>462.5</ele></trkpt>
   <trkpt lat="47.659885" lon="13.123696"><ele>462.25</ele></trkpt>
   <trkpt lat="47.659894" lon="13.123692"><ele>462.25</ele></trkpt>
   <trkpt lat="47.660201" lon="13.123599"><ele>461.25</ele></trkpt>
   <trkpt lat="47.660409" lon="13.123553"><ele>461</ele></trkpt>
   <trkpt lat="47.660693" lon="13.123501"><ele>460.75</ele></trkpt>
   <trkpt lat="47.660869" lon="13.12348"><ele>460.5</ele></trkpt>
   <trkpt lat="47.661132" lon="13.123458"><ele>461</ele></trkpt>
   <trkpt lat="47.661391" lon="13.12345"><ele>460.75</ele></trkpt>
   <trkpt lat="47.661668" lon="13.123457"><ele>460.75</ele></trkpt>
   <trkpt lat="47.661923" lon="13.123477"><ele>460.5</ele></trkpt>
   <trkpt lat="47.661934" lon="13.123478"><ele>460.5</ele></trkpt>
   <trkpt lat="47.662285" lon="13.123528"><ele>460.25</ele></trkpt>
   <trkpt lat="47.662373" lon="13.123544"><ele>460</ele></trkpt>
   <trkpt lat="47.662861" lon="13.12366"><ele>461.25</ele></trkpt>
   <trkpt lat="47.663181" lon="13.123762"><ele>460.75</ele></trkpt>
   <trkpt lat="47.663349" lon="13.123816"><ele>460</ele></trkpt>
   <trkpt lat="47.663871" lon="13.123996"><ele>459.25</ele></trkpt>
   <trkpt lat="47.663985" lon="13.124035"><ele>459.25</ele></trkpt>
   <trkpt lat="47.664614" lon="13.124243"><ele>458.5</ele></trkpt>
   <trkpt lat="47.664816" lon="13.124304"><ele>457.75</ele></trkpt>
   <trkpt lat="47.665075" lon="13.12438"><ele>457.75</ele></trkpt>
   <trkpt lat="47.665343" lon="13.124444"><ele>458</ele></trkpt>
   <trkpt lat="47.665725" lon="13.124518"><ele>457.5</ele></trkpt>
   <trkpt lat="47.666237" lon="13.124562"><ele>456.25</ele></trkpt>
   <trkpt lat="47.666752" lon="13.12455"><ele>456.5</ele></trkpt>
   <trkpt lat="47.667161" lon="13.124507"><ele>456</ele></trkpt>
   <trkpt lat="47.667394" lon="13.124467"><ele>456.5</ele></trkpt>
   <trkpt lat="47.667653" lon="13.124407"><ele>456.25</ele></trkpt>
   <trkpt lat="47.668123" lon="13.124263"><ele>454.5</ele></trkpt>
   <trkpt lat="47.668545" lon="13.124091"><ele>455.25</ele></trkpt>
   <trkpt lat="47.66897" lon="13.123876"><ele>454.75</ele></trkpt>
   <trkpt lat="47.669334" lon="13.123656"><ele>454</ele></trkpt>
   <trkpt lat="47.669663" lon="13.123428"><ele>451.75</ele></trkpt>
   <trkpt lat="47.669793" lon="13.123333"><ele>451.5</ele></trkpt>
   <trkpt lat="47.670132" lon="13.123046"><ele>452.75</ele></trkpt>
   <trkpt lat="47.670309" lon="13.122882"><ele>452.75</ele></trkpt>
   <trkpt lat="47.67053" lon="13.122666"><ele>452.75</ele></trkpt>
   <trkpt lat="47.670683" lon="13.122503"><ele>452.5</ele></trkpt>
   <trkpt lat="47.670871" lon="13.122294"><ele>452.5</ele></trkpt>
   <trkpt lat="47.671013" lon="13.122122"><ele>452.25</ele></trkpt>
   <trkpt lat="47.671097" lon="13.122016"><ele>452.5</ele></trkpt>
   <trkpt lat="47.671269" lon="13.121793"><ele>452</ele></trkpt>
   <trkpt lat="47.671449" lon="13.121543"><ele>452</ele></trkpt>
   <trkpt lat="47.671699" lon="13.121165"><ele>451.75</ele></trkpt>
   <trkpt lat="47.671709" lon="13.121149"><ele>451.5</ele></trkpt>
   <trkpt lat="47.672017" lon="13.12063"><ele>451.75</ele></trkpt>
   <trkpt lat="47.672302" lon="13.120112"><ele>451.25</ele></trkpt>
   <trkpt lat="47.672583" lon="13.119578"><ele>451</ele></trkpt>
   <trkpt lat="47.672879" lon="13.119025"><ele>450.75</ele></trkpt>
   <trkpt lat="47.673108" lon="13.118612"><ele>450.75</ele></trkpt>
   <trkpt lat="47.673552" lon="13.117858"><ele>450.75</ele></trkpt>
   <trkpt lat="47.673897" lon="13.117308"><ele>449.25</ele></trkpt>
   <trkpt lat="47.674242" lon="13.116786"><ele>449.75</ele></trkpt>
   <trkpt lat="47.675193" lon="13.115354"><ele>449.5</ele></trkpt>
   <trkpt lat="47.67534" lon="13.115131"><ele>449.25</ele></trkpt>
   <trkpt lat="47.675791" lon="13.11445"><ele>449.75</ele></trkpt>
   <trkpt lat="47.676217" lon="13.113804"><ele>449</ele></trkpt>
   <trkpt lat="47.676405" lon="13.11352"><ele>449</ele></trkpt>
   <trkpt lat="47.676795" lon="13.112917"><ele>449</ele></trkpt>
   <trkpt lat="47.677187" lon="13.112277"><ele>448.75</ele></trkpt>
   <trkpt lat="47.677599" lon="13.111541"><ele>448</ele></trkpt>
   <trkpt lat="47.677735" lon="13.111288"><ele>448</ele></trkpt>
   <trkpt lat="47.677809" lon="13.111156"><ele>447.75</ele></trkpt>
   <trkpt lat="47.678565" lon="13.109769"><ele>447.5</ele></trkpt>
   <trkpt lat="47.678599" lon="13.109707"><ele>448</ele></trkpt>
   <trkpt lat="47.678842" lon="13.109289"><ele>447</ele></trkpt>
   <trkpt lat="47.679004" lon="13.109038"><ele>447</ele></trkpt>
   <trkpt lat="47.67917" lon="13.108749"><ele>446.75</ele></trkpt>
   <trkpt lat="47.679426" lon="13.108282"><ele>446.75</ele></trkpt>
   <trkpt lat="47.67962" lon="13.107947"><ele>446.5</ele></trkpt>
   <trkpt lat="47.679899" lon="13.107522"><ele>446.25</ele></trkpt>
   <trkpt lat="47.680136" lon="13.107124"><ele>446.5</ele></trkpt>
   <trkpt lat="47.680474" lon="13.106606"><ele>446</ele></trkpt>
   <trkpt lat="47.680522" lon="13.106536"><ele>446</ele></trkpt>
   <trkpt lat="47.682559" lon="13.103618"><ele>445.75</ele></trkpt>
   <trkpt lat="47.682858" lon="13.103184"><ele>445.25</ele></trkpt>
   <trkpt lat="47.683247" lon="13.102585"><ele>445</ele></trkpt>
   <trkpt lat="47.683748" lon="13.101735"><ele>445.75</ele></trkpt>
   <trkpt lat="47.684112" lon="13.101143"><ele>445.75</ele></trkpt>
   <trkpt lat="47.684398" lon="13.100735"><ele>445.25</ele></trkpt>
   <trkpt lat="47.684678" lon="13.100351"><ele>445</ele></trkpt>
   <trkpt lat="47.685101" lon="13.099812"><ele>445.5</ele></trkpt>
   <trkpt lat="47.685379" lon="13.099466"><ele>445</ele></trkpt>
   <trkpt lat="47.685436" lon="13.099395"><ele>445</ele></trkpt>
   <trkpt lat="47.68597" lon="13.098716"><ele>445.5</ele></trkpt>
   <trkpt lat="47.686145" lon="13.098472"><ele>445.75</ele></trkpt>
   <trkpt lat="47.686488" lon="13.097963"><ele>445.5</ele></trkpt>
   <trkpt lat="47.686708" lon="13.097668"><ele>444</ele></trkpt>
   <trkpt lat="47.686761" lon="13.097605"><ele>443.25</ele></trkpt>
   <trkpt lat="47.687072" lon="13.097224"><ele>442.75</ele></trkpt>
   <trkpt lat="47.68739" lon="13.096833"><ele>445.25</ele></trkpt>
   <trkpt lat="47.687432" lon="13.096784"><ele>445.5</ele></trkpt>
   <trkpt lat="47.687491" lon="13.096713"><ele>445.75</ele></trkpt>
   <trkpt lat="47.687627" lon="13.096546"><ele>445.5</ele></trkpt>
   <trkpt lat="47.687938" lon="13.096188"><ele>445.25</ele></trkpt>
   <trkpt lat="47.687947" lon="13.096177"><ele>445.25</ele></trkpt>
   <trkpt lat="47.688204" lon="13.095896"><ele>445</ele></trkpt>
   <trkpt lat="47.688406" lon="13.095688"><ele>445.25</ele></trkpt>
   <trkpt lat="47.688782" lon="13.095343"><ele>445.75</ele></trkpt>
   <trkpt lat="47.689039" lon="13.095135"><ele>445.75</ele></trkpt>
   <trkpt lat="47.68926" lon="13.09497"><ele>446</ele></trkpt>
   <trkpt lat="47.689586" lon="13.09476"><ele>446.25</ele></trkpt>
   <trkpt lat="47.689753" lon="13.094663"><ele>445.75</ele></trkpt>
   <trkpt lat="47.689813" lon="13.094626"><ele>445.25</ele></trkpt>
   <trkpt lat="47.689946" lon="13.094552"><ele>444.25</ele></trkpt>
   <trkpt lat="47.690143" lon="13.094461"><ele>445</ele></trkpt>
   <trkpt lat="47.690473" lon="13.094319"><ele>445.75</ele></trkpt>
   <trkpt lat="47.690743" lon="13.094231"><ele>445.75</ele></trkpt>
   <trkpt lat="47.691153" lon="13.094128"><ele>446</ele></trkpt>
   <trkpt lat="47.691621" lon="13.094034"><ele>446.25</ele></trkpt>
   <trkpt lat="47.691887" lon="13.094007"><ele>446.25</ele></trkpt>
   <trkpt lat="47.694396" lon="13.093754"><ele>446.75</ele></trkpt>
   <trkpt lat="47.699024" lon="13.093306"><ele>444.75</ele></trkpt>
   <trkpt lat="47.69952" lon="13.093256"><ele>444</ele></trkpt>
   <trkpt lat="47.699692" lon="13.093234"><ele>442.75</ele></trkpt>
   <trkpt lat="47.699791" lon="13.09323"><ele>443.25</ele></trkpt>
   <trkpt lat="47.700002" lon="13.093205"><ele>444.75</ele></trkpt>
   <trkpt lat="47.70002" lon="13.093204"><ele>444.75</ele></trkpt>
   <trkpt lat="47.700848" lon="13.09312"><ele>444.75</ele></trkpt>
   <trkpt lat="47.701171" lon="13.093095"><ele>444.5</ele></trkpt>
   <trkpt lat="47.701935" lon="13.093015"><ele>443.5</ele></trkpt>
   <trkpt lat="47.702059" lon="13.093003"><ele>443.25</ele></trkpt>
   <trkpt lat="47.702927" lon="13.09292"><ele>442.5</ele></trkpt>
   <trkpt lat="47.704549" lon="13.092756"><ele>442</ele></trkpt>
   <trkpt lat="47.70463" lon="13.092748"><ele>442</ele></trkpt>
   <trkpt lat="47.706227" lon="13.092595"><ele>440.75</ele></trkpt>
   <trkpt lat="47.707084" lon="13.092511"><ele>441</ele></trkpt>
   <trkpt lat="47.707801" lon="13.092469"><ele>440.75</ele></trkpt>
   <trkpt lat="47.708754" lon="13.092424"><ele>441</ele></trkpt>
   <trkpt lat="47.709036" lon="13.092402"><ele>440.5</ele></trkpt>
   <trkpt lat="47.709254" lon="13.092378"><ele>440.25</ele></trkpt>
   <trkpt lat="47.709624" lon="13.092321"><ele>440.5</ele></trkpt>
   <trkpt lat="47.709673" lon="13.092312"><ele>440.5</ele></trkpt>
   <trkpt lat="47.709748" lon="13.092298"><ele>440.5</ele></trkpt>
   <trkpt lat="47.709758" lon="13.092296"><ele>440.5</ele></trkpt>
   <trkpt lat="47.710111" lon="13.09221"><ele>440.75</ele></trkpt>
   <trkpt lat="47.710254" lon="13.092167"><ele>440.75</ele></trkpt>
   <trkpt lat="47.710346" lon="13.092139"><ele>440.75</ele></trkpt>
   <trkpt lat="47.710637" lon="13.092038"><ele>440</ele></trkpt>
   <trkpt lat="47.710937" lon="13.091919"><ele>439.75</ele></trkpt>
   <trkpt lat="47.711183" lon="13.091808"><ele>439.5</ele></trkpt>
   <trkpt lat="47.711448" lon="13.091673"><ele>439.25</ele></trkpt>
   <trkpt lat="47.7116" lon="13.091592"><ele>437.5</ele></trkpt>
   <trkpt lat="47.711644" lon="13.091566"><ele>437.25</ele></trkpt>
   <trkpt lat="47.711963" lon="13.091374"><ele>439.75</ele></trkpt>
   <trkpt lat="47.71238" lon="13.091093"><ele>440.25</ele></trkpt>
   <trkpt lat="47.712914" lon="13.090694"><ele>440</ele></trkpt>
   <trkpt lat="47.712983" lon="13.090642"><ele>440</ele></trkpt>
   <trkpt lat="47.713805" lon="13.090033"><ele>440.25</ele></trkpt>
   <trkpt lat="47.714186" lon="13.089781"><ele>439.75</ele></trkpt>
   <trkpt lat="47.71445" lon="13.089619"><ele>439.25</ele></trkpt>
   <trkpt lat="47.714592" lon="13.089541"><ele>438.75</ele></trkpt>
   <trkpt lat="47.714625" lon="13.089523"><ele>438.75</ele></trkpt>
   <trkpt lat="47.714763" lon="13.089451"><ele>439</ele></trkpt>
   <trkpt lat="47.714807" lon="13.08943"><ele>439</ele></trkpt>
   <trkpt lat="47.715174" lon="13.089258"><ele>439.5</ele></trkpt>
   <trkpt lat="47.715398" lon="13.089165"><ele>439.75</ele></trkpt>
   <trkpt lat="47.715808" lon="13.089023"><ele>439</ele></trkpt>
   <trkpt lat="47.716229" lon="13.088911"><ele>439.75</ele></trkpt>
   <trkpt lat="47.716608" lon="13.088834"><ele>438.75</ele></trkpt>
   <trkpt lat="47.716979" lon="13.088788"><ele>437.75</ele></trkpt>
   <trkpt lat="47.717037" lon="13.088781"><ele>437.25</ele></trkpt>
   <trkpt lat="47.717103" lon="13.088775"><ele>436.75</ele></trkpt>
   <trkpt lat="47.717204" lon="13.08877"><ele>436</ele></trkpt>
   <trkpt lat="47.717342" lon="13.088761"><ele>437</ele></trkpt>
   <trkpt lat="47.717491" lon="13.08876"><ele>438.25</ele></trkpt>
   <trkpt lat="47.71782" lon="13.08876"><ele>438</ele></trkpt>
   <trkpt lat="47.718032" lon="13.088772"><ele>438</ele></trkpt>
   <trkpt lat="47.718072" lon="13.088775"><ele>437.75</ele></trkpt>
   <trkpt lat="47.718231" lon="13.088788"><ele>437.75</ele></trkpt>
   <trkpt lat="47.718611" lon="13.08882"><ele>437.5</ele></trkpt>
   <trkpt lat="47.719148" lon="13.088872"><ele>439.5</ele></trkpt>
   <trkpt lat="47.719499" lon="13.088893"><ele>439.75</ele></trkpt>
   <trkpt lat="47.719692" lon="13.088895"><ele>439.75</ele></trkpt>
   <trkpt lat="47.720224" lon="13.088889"><ele>439.75</ele></trkpt>
   <trkpt lat="47.720482" lon="13.088878"><ele>439.75</ele></trkpt>
   <trkpt lat="47.720753" lon="13.088851"><ele>439.5</ele></trkpt>
   <trkpt lat="47.72121" lon="13.08879"><ele>439.75</ele></trkpt>
   <trkpt lat="47.721792" lon="13.088679"><ele>441.75</ele></trkpt>
   <trkpt lat="47.721889" lon="13.088657"><ele>441.5</ele></trkpt>
   <trkpt lat="47.722285" lon="13.088579"><ele>440.75</ele></trkpt>
   <trkpt lat="47.723173" lon="13.088393"><ele>442.25</ele></trkpt>
   <trkpt lat="47.723468" lon="13.088335"><ele>441</ele></trkpt>
   <trkpt lat="47.724114" lon="13.088196"><ele>443</ele></trkpt>
   <trkpt lat="47.72415" lon="13.08819"><ele>443</ele></trkpt>
   <trkpt lat="47.725144" lon="13.087996"><ele>440.75</ele></trkpt>
   <trkpt lat="47.725547" lon="13.087917"><ele>439.5</ele></trkpt>
   <trkpt lat="47.725803" lon="13.087871"><ele>439.25</ele></trkpt>
   <trkpt lat="47.726044" lon="13.087836"><ele>438.75</ele></trkpt>
   <trkpt lat="47.726063" lon="13.087835"><ele>438.75</ele></trkpt>
   <trkpt lat="47.726707" lon="13.087777"><ele>438.75</ele></trkpt>
   <trkpt lat="47.726906" lon="13.087773"><ele>438</ele></trkpt>
   <trkpt lat="47.727448" lon="13.087778"><ele>437.75</ele></trkpt>
   <trkpt lat="47.728581" lon="13.087842"><ele>437.25</ele></trkpt>
   <trkpt lat="47.730157" lon="13.087932"><ele>437</ele></trkpt>
   <trkpt lat="47.730877" lon="13.087971"><ele>438.25</ele></trkpt>
   <trkpt lat="47.731411" lon="13.088001"><ele>437.5</ele></trkpt>
   <trkpt lat="47.731645" lon="13.088023"><ele>437.5</ele></trkpt>
   <trkpt lat="47.732575" lon="13.088067"><ele>439</ele></trkpt>
   <trkpt lat="47.733507" lon="13.08812"><ele>439.25</ele></trkpt>
   <trkpt lat="47.734043" lon="13.088158"><ele>439.25</ele></trkpt>
   <trkpt lat="47.734254" lon="13.08817"><ele>439</ele></trkpt>
   <trkpt lat="47.73449" lon="13.088181"><ele>438.25</ele></trkpt>
   <trkpt lat="47.735005" lon="13.088203"><ele>438</ele></trkpt>
   <trkpt lat="47.735481" lon="13.088204"><ele>437.5</ele></trkpt>
   <trkpt lat="47.735802" lon="13.088185"><ele>437.25</ele></trkpt>
   <trkpt lat="47.736012" lon="13.088163"><ele>438</ele></trkpt>
   <trkpt lat="47.73645" lon="13.088083"><ele>438.75</ele></trkpt>
   <trkpt lat="47.736654" lon="13.088032"><ele>438.25</ele></trkpt>
   <trkpt lat="47.736942" lon="13.087945"><ele>437</ele></trkpt>
   <trkpt lat="47.737378" lon="13.087778"><ele>438.25</ele></trkpt>
   <trkpt lat="47.737811" lon="13.087568"><ele>437.25</ele></trkpt>
   <trkpt lat="47.738001" lon="13.087461"><ele>437.25</ele></trkpt>
   <trkpt lat="47.738467" lon="13.087162"><ele>436.25</ele></trkpt>
   <trkpt lat="47.73884" lon="13.0869"><ele>435.5</ele></trkpt>
   <trkpt lat="47.739069" lon="13.086739"><ele>435</ele></trkpt>
   <trkpt lat="47.739152" lon="13.08668"><ele>437.25</ele></trkpt>
   <trkpt lat="47.739167" lon="13.08667"><ele>437.75</ele></trkpt>
   <trkpt lat="47.739178" lon="13.086662"><ele>437.5</ele></trkpt>
   <trkpt lat="47.73966" lon="13.086324"><ele>437.75</ele></trkpt>
   <trkpt lat="47.739911" lon="13.086163"><ele>437.75</ele></trkpt>
   <trkpt lat="47.740172" lon="13.086007"><ele>437.5</ele></trkpt>
   <trkpt lat="47.740404" lon="13.085885"><ele>438.25</ele></trkpt>
   <trkpt lat="47.740593" lon="13.085795"><ele>438</ele></trkpt>
   <trkpt lat="47.74073" lon="13.085733"><ele>438</ele></trkpt>
   <trkpt lat="47.741012" lon="13.085626"><ele>438.25</ele></trkpt>
   <trkpt lat="47.741314" lon="13.085524"><ele>438.25</ele></trkpt>
   <trkpt lat="47.74211" lon="13.085317"><ele>438.25</ele></trkpt>
   <trkpt lat="47.742684" lon="13.085183"><ele>439</ele></trkpt>
   <trkpt lat="47.743262" lon="13.085036"><ele>438</ele></trkpt>
   <trkpt lat="47.743797" lon="13.084865"><ele>437.75</ele></trkpt>
   <trkpt lat="47.744338" lon="13.084676"><ele>438.5</ele></trkpt>
   <trkpt lat="47.745161" lon="13.084381"><ele>435.5</ele></trkpt>
   <trkpt lat="47.745546" lon="13.084258"><ele>435</ele></trkpt>
   <trkpt lat="47.745865" lon="13.08418"><ele>434.75</ele></trkpt>
   <trkpt lat="47.746095" lon="13.084126"><ele>433.75</ele></trkpt>
   <trkpt lat="47.746176" lon="13.084111"><ele>433.75</ele></trkpt>
   <trkpt lat="47.746312" lon="13.084089"><ele>434.75</ele></trkpt>
   <trkpt lat="47.746454" lon="13.084068"><ele>435</ele></trkpt>
   <trkpt lat="47.746907" lon="13.084023"><ele>434.5</ele></trkpt>
   <trkpt lat="47.74743" lon="13.084009"><ele>434.5</ele></trkpt>
   <trkpt lat="47.747676" lon="13.084015"><ele>434</ele></trkpt>
   <trkpt lat="47.747868" lon="13.084027"><ele>433.5</ele></trkpt>
   <trkpt lat="47.747882" lon="13.084028"><ele>433.5</ele></trkpt>
   <trkpt lat="47.748003" lon="13.084035"><ele>433</ele></trkpt>
   <trkpt lat="47.748361" lon="13.084088"><ele>433.25</ele></trkpt>
   <trkpt lat="47.748883" lon="13.084161"><ele>432.75</ele></trkpt>
   <trkpt lat="47.749386" lon="13.084242"><ele>432.25</ele></trkpt>
   <trkpt lat="47.749847" lon="13.084302"><ele>431.5</ele></trkpt>
   <trkpt lat="47.750006" lon="13.084317"><ele>431.25</ele></trkpt>
   <trkpt lat="47.750147" lon="13.084328"><ele>429.5</ele></trkpt>
   <trkpt lat="47.750343" lon="13.084339"><ele>428.5</ele></trkpt>
   <trkpt lat="47.750361" lon="13.084339"><ele>428.75</ele></trkpt>
   <trkpt lat="47.750691" lon="13.08434"><ele>430.5</ele></trkpt>
   <trkpt lat="47.75092" lon="13.084336"><ele>430.25</ele></trkpt>
   <trkpt lat="47.751447" lon="13.084289"><ele>430.25</ele></trkpt>
   <trkpt lat="47.751454" lon="13.084288"><ele>430.25</ele></trkpt>
   <trkpt lat="47.75168" lon="13.084255"><ele>430</ele></trkpt>
   <trkpt lat="47.751987" lon="13.084199"><ele>430.75</ele></trkpt>
   <trkpt lat="47.752475" lon="13.084078"><ele>429.5</ele></trkpt>
   <trkpt lat="47.75276" lon="13.083991"><ele>430.5</ele></trkpt>
   <trkpt lat="47.753336" lon="13.083773"><ele>430.5</ele></trkpt>
   <trkpt lat="47.753587" lon="13.083662"><ele>430</ele></trkpt>
   <trkpt lat="47.753711" lon="13.083603"><ele>429.75</ele></trkpt>
   <trkpt lat="47.753782" lon="13.083568"><ele>429.75</ele></trkpt>
   <trkpt lat="47.7538" lon="13.083558"><ele>429.5</ele></trkpt>
   <trkpt lat="47.75424" lon="13.083319"><ele>430.25</ele></trkpt>
   <trkpt lat="47.754707" lon="13.083039"><ele>430.75</ele></trkpt>
   <trkpt lat="47.755538" lon="13.082514"><ele>429.75</ele></trkpt>
   <trkpt lat="47.755701" lon="13.082411"><ele>428.75</ele></trkpt>
   <trkpt lat="47.756147" lon="13.08213"><ele>429</ele></trkpt>
   <trkpt lat="47.75667" lon="13.081801"><ele>428</ele></trkpt>
   <trkpt lat="47.756681" lon="13.081794"><ele>428</ele></trkpt>
   <trkpt lat="47.757536" lon="13.081264"><ele>427.5</ele></trkpt>
   <trkpt lat="47.757735" lon="13.081157"><ele>429.25</ele></trkpt>
   <trkpt lat="47.758085" lon="13.080994"><ele>428.75</ele></trkpt>
   <trkpt lat="47.758271" lon="13.080914"><ele>429.25</ele></trkpt>
   <trkpt lat="47.758547" lon="13.080816"><ele>429.75</ele></trkpt>
   <trkpt lat="47.758762" lon="13.080753"><ele>430.5</ele></trkpt>
   <trkpt lat="47.759214" lon="13.08066"><ele>430</ele></trkpt>
   <trkpt lat="47.75998" lon="13.080534"><ele>428.75</ele></trkpt>
   <trkpt lat="47.760016" lon="13.080528"><ele>428.5</ele></trkpt>
   <trkpt lat="47.76005" lon="13.080522"><ele>428.25</ele></trkpt>
   <trkpt lat="47.760086" lon="13.080516"><ele>427.75</ele></trkpt>
   <trkpt lat="47.760315" lon="13.08048"><ele>426.25</ele></trkpt>
   <trkpt lat="47.760385" lon="13.080469"><ele>426.75</ele></trkpt>
   <trkpt lat="47.760897" lon="13.080388"><ele>428</ele></trkpt>
   <trkpt lat="47.761732" lon="13.080255"><ele>429.25</ele></trkpt>
   <trkpt lat="47.761824" lon="13.08024"><ele>428.5</ele></trkpt>
   <trkpt lat="47.762132" lon="13.080193"><ele>428</ele></trkpt>
   <trkpt lat="47.762362" lon="13.080154"><ele>427.5</ele></trkpt>
   <trkpt lat="47.762378" lon="13.080152"><ele>427.5</ele></trkpt>
   <trkpt lat="47.762799" lon="13.080058"><ele>428.5</ele></trkpt>
   <trkpt lat="47.763043" lon="13.079984"><ele>427.75</ele></trkpt>
   <trkpt lat="47.763407" lon="13.079841"><ele>428</ele></trkpt>
   <trkpt lat="47.763625" lon="13.079737"><ele>428.75</ele></trkpt>
   <trkpt lat="47.763651" lon="13.079724"><ele>428.75</ele></trkpt>
   <trkpt lat="47.763754" lon="13.07967"><ele>428.25</ele></trkpt>
   <trkpt lat="47.764179" lon="13.079424"><ele>428.75</ele></trkpt>
   <trkpt lat="47.764388" lon="13.079297"><ele>428.25</ele></trkpt>
   <trkpt lat="47.764989" lon="13.07893"><ele>428.5</ele></trkpt>
   <trkpt lat="47.765779" lon="13.078456"><ele>427</ele></trkpt>
   <trkpt lat="47.765901" lon="13.078389"><ele>427.25</ele></trkpt>
   <trkpt lat="47.766184" lon="13.078242"><ele>428.5</ele></trkpt>
   <trkpt lat="47.766376" lon="13.078154"><ele>429</ele></trkpt>
   <trkpt lat="47.766648" lon="13.078053"><ele>429.75</ele></trkpt>
   <trkpt lat="47.766951" lon="13.077966"><ele>430.25</ele></trkpt>
   <trkpt lat="47.767138" lon="13.07793"><ele>428.5</ele></trkpt>
   <trkpt lat="47.767354" lon="13.077905"><ele>428.75</ele></trkpt>
   <trkpt lat="47.767677" lon="13.077899"><ele>430</ele></trkpt>
   <trkpt lat="47.767928" lon="13.077918"><ele>429.75</ele></trkpt>
   <trkpt lat="47.768339" lon="13.077988"><ele>431</ele></trkpt>
   <trkpt lat="47.768683" lon="13.078081"><ele>431.25</ele></trkpt>
   <trkpt lat="47.768708" lon="13.078089"><ele>431.25</ele></trkpt>
   <trkpt lat="47.769383" lon="13.078298"><ele>432</ele></trkpt>
   <trkpt lat="47.769952" lon="13.078478"><ele>432.25</ele></trkpt>
   <trkpt lat="47.770472" lon="13.078642"><ele>432</ele></trkpt>
   <trkpt lat="47.771572" lon="13.078992"><ele>431.75</ele></trkpt>
   <trkpt lat="47.771934" lon="13.079103"><ele>432</ele></trkpt>
   <trkpt lat="47.772104" lon="13.079155"><ele>431.25</ele></trkpt>
   <trkpt lat="47.772449" lon="13.079264"><ele>431.5</ele></trkpt>
   <trkpt lat="47.774427" lon="13.079888"><ele>430</ele></trkpt>
   <trkpt lat="47.775355" lon="13.080178"><ele>429</ele></trkpt>
   <trkpt lat="47.777099" lon="13.080728"><ele>428.25</ele></trkpt>
   <trkpt lat="47.777639" lon="13.080896"><ele>426.75</ele></trkpt>
   <trkpt lat="47.777751" lon="13.08093"><ele>425.75</ele></trkpt>
   <trkpt lat="47.778102" lon="13.081037"><ele>427.25</ele></trkpt>
   <trkpt lat="47.779033" lon="13.081337"><ele>425</ele></trkpt>
   <trkpt lat="47.779048" lon="13.081342"><ele>425</ele></trkpt>
   <trkpt lat="47.779544" lon="13.081498"><ele>425.5</ele></trkpt>
   <trkpt lat="47.779579" lon="13.081509"><ele>425.25</ele></trkpt>
   <trkpt lat="47.780079" lon="13.081672"><ele>426.75</ele></trkpt>
   <trkpt lat="47.78048" lon="13.0818"><ele>425</ele></trkpt>
   <trkpt lat="47.78071" lon="13.081862"><ele>425.25</ele></trkpt>
   <trkpt lat="47.781189" lon="13.081963"><ele>426.75</ele></trkpt>
   <trkpt lat="47.781362" lon="13.082013"><ele>426.75</ele></trkpt>
   <trkpt lat="47.781445" lon="13.082038"><ele>426</ele></trkpt>
   <trkpt lat="47.781592" lon="13.082085"><ele>424.5</ele></trkpt>
   <trkpt lat="47.781998" lon="13.082213"><ele>427</ele></trkpt>
   <trkpt lat="47.782053" lon="13.082231"><ele>427</ele></trkpt>
   <trkpt lat="47.78228" lon="13.082305"><ele>427</ele></trkpt>
   <trkpt lat="47.782883" lon="13.082487"><ele>426.75</ele></trkpt>
   <trkpt lat="47.783229" lon="13.082571"><ele>427</ele></trkpt>
   <trkpt lat="47.78342" lon="13.082604"><ele>426.75</ele></trkpt>
   <trkpt lat="47.783482" lon="13.082612"><ele>426.5</ele></trkpt>
   <trkpt lat="47.783556" lon="13.082619"><ele>426.5</ele></trkpt>
   <trkpt lat="47.783752" lon="13.08263"><ele>426.5</ele></trkpt>
   <trkpt lat="47.783912" lon="13.082626"><ele>427</ele></trkpt>
   <trkpt lat="47.784212" lon="13.08259"><ele>427</ele></trkpt>
   <trkpt lat="47.784348" lon="13.082563"><ele>427</ele></trkpt>
   <trkpt lat="47.784726" lon="13.082441"><ele>427</ele></trkpt>
   <trkpt lat="47.784889" lon="13.082368"><ele>427</ele></trkpt>
   <trkpt lat="47.785167" lon="13.082214"><ele>427</ele></trkpt>
   <trkpt lat="47.785208" lon="13.082189"><ele>427</ele></trkpt>
   <trkpt lat="47.785423" lon="13.082025"><ele>427</ele></trkpt>
   <trkpt lat="47.785546" lon="13.081915"><ele>427</ele></trkpt>
   <trkpt lat="47.786143" lon="13.08129"><ele>426.5</ele></trkpt>
   <trkpt lat="47.787134" lon="13.080224"><ele>427</ele></trkpt>
   <trkpt lat="47.787959" lon="13.079323"><ele>426.75</ele></trkpt>
   <trkpt lat="47.788541" lon="13.07867"><ele>427</ele></trkpt>
   <trkpt lat="47.790188" lon="13.076818"><ele>426.25</ele></trkpt>
   <trkpt lat="47.790518" lon="13.076493"><ele>426.75</ele></trkpt>
   <trkpt lat="47.790651" lon="13.076381"><ele>426.75</ele></trkpt>
   <trkpt lat="47.791085" lon="13.076034"><ele>426.5</ele></trkpt>
   <trkpt lat="47.791566" lon="13.075702"><ele>426.25</ele></trkpt>
   <trkpt lat="47.791714" lon="13.075585"><ele>426.5</ele></trkpt>
   <trkpt lat="47.79191" lon="13.075427"><ele>426</ele></trkpt>
   <trkpt lat="47.792139" lon="13.075244"><ele>425.75</ele></trkpt>
   <trkpt lat="47.792346" lon="13.075095"><ele>426</ele></trkpt>
   <trkpt lat="47.792703" lon="13.074882"><ele>424.25</ele></trkpt>
   <trkpt lat="47.792858" lon="13.074814"><ele>424.5</ele></trkpt>
   <trkpt lat="47.79305" lon="13.074737"><ele>426.75</ele></trkpt>
   <trkpt lat="47.793314" lon="13.074648"><ele>426.25</ele></trkpt>
   <trkpt lat="47.793379" lon="13.074632"><ele>426.25</ele></trkpt>
   <trkpt lat="47.793541" lon="13.074589"><ele>426</ele></trkpt>
   <trkpt lat="47.793865" lon="13.074507"><ele>425.75</ele></trkpt>
   <trkpt lat="47.794014" lon="13.074472"><ele>426.25</ele></trkpt>
   <trkpt lat="47.795707" lon="13.074043"><ele>425.75</ele></trkpt>
   <trkpt lat="47.796045" lon="13.073957"><ele>425.5</ele></trkpt>
   <trkpt lat="47.796879" lon="13.073745"><ele>426.25</ele></trkpt>
   <trkpt lat="47.797539" lon="13.07358"><ele>428</ele></trkpt>
   <trkpt lat="47.798115" lon="13.073425"><ele>428</ele></trkpt>
   <trkpt lat="47.798482" lon="13.073314"><ele>428.5</ele></trkpt>
   <trkpt lat="47.798929" lon="13.073151"><ele>429</ele></trkpt>
   <trkpt lat="47.799191" lon="13.07304"><ele>429</ele></trkpt>
   <trkpt lat="47.799726" lon="13.072769"><ele>428.75</ele></trkpt>
   <trkpt lat="47.799846" lon="13.072705"><ele>428.25</ele></trkpt>
   <trkpt lat="47.799971" lon="13.072632"><ele>428</ele></trkpt>
   <trkpt lat="47.800271" lon="13.072458"><ele>429.75</ele></trkpt>
   <trkpt lat="47.800572" lon="13.072274"><ele>429.75</ele></trkpt>
   <trkpt lat="47.800589" lon="13.072265"><ele>429.75</ele></trkpt>
   <trkpt lat="47.801817" lon="13.071542"><ele>430</ele></trkpt>
   <trkpt lat="47.802246" lon="13.071272"><ele>430.5</ele></trkpt>
   <trkpt lat="47.802587" lon="13.071069"><ele>430.5</ele></trkpt>
   <trkpt lat="47.80267" lon="13.071027"><ele>430.25</ele></trkpt>
   <trkpt lat="47.802961" lon="13.070903"><ele>430.25</ele></trkpt>
   <trkpt lat="47.802973" lon="13.070897"><ele>430.25</ele></trkpt>
   <trkpt lat="47.803273" lon="13.07078"><ele>430.75</ele></trkpt>
   <trkpt lat="47.803518" lon="13.070672"><ele>430.5</ele></trkpt>
   <trkpt lat="47.803541" lon="13.070659"><ele>430.5</ele></trkpt>
   <trkpt lat="47.803775" lon="13.070522"><ele>430.75</ele></trkpt>
   <trkpt lat="47.803889" lon="13.070453"><ele>430.5</ele></trkpt>
   <trkpt lat="47.804225" lon="13.070246"><ele>430.75</ele></trkpt>
   <trkpt lat="47.804778" lon="13.069909"><ele>430.5</ele></trkpt>
   <trkpt lat="47.807411" lon="13.068309"><ele>430</ele></trkpt>
   <trkpt lat="47.809015" lon="13.067352"><ele>430</ele></trkpt>
   <trkpt lat="47.809352" lon="13.067176"><ele>430.25</ele></trkpt>
   <trkpt lat="47.810086" lon="13.066838"><ele>430.25</ele></trkpt>
   <trkpt lat="47.810692" lon="13.066565"><ele>430</ele></trkpt>
   <trkpt lat="47.810841" lon="13.066494"><ele>430</ele></trkpt>
   <trkpt lat="47.811284" lon="13.066304"><ele>430.25</ele></trkpt>
   <trkpt lat="47.811345" lon="13.06627"><ele>430</ele></trkpt>
   <trkpt lat="47.811857" lon="13.065979"><ele>430</ele></trkpt>
   <trkpt lat="47.812026" lon="13.065895"><ele>430</ele></trkpt>
   <trkpt lat="47.812059" lon="13.065879"><ele>430.25</ele></trkpt>
   <trkpt lat="47.81218" lon="13.065822"><ele>430.75</ele></trkpt>
   <trkpt lat="47.81241" lon="13.065718"><ele>430.5</ele></trkpt>
   <trkpt lat="47.812799" lon="13.065582"><ele>431</ele></trkpt>
   <trkpt lat="47.813082" lon="13.06545"><ele>430.5</ele></trkpt>
   <trkpt lat="47.81324" lon="13.065382"><ele>430</ele></trkpt>
   <trkpt lat="47.813575" lon="13.065257"><ele>430</ele></trkpt>
   <trkpt lat="47.81376" lon="13.065167"><ele>430</ele></trkpt>
   <trkpt lat="47.813781" lon="13.065155"><ele>430</ele></trkpt>
   <trkpt lat="47.81382" lon="13.065129"><ele>430</ele></trkpt>
   <trkpt lat="47.814047" lon="13.065023"><ele>430</ele></trkpt>
   <trkpt lat="47.814277" lon="13.06495"><ele>430</ele></trkpt>
   <trkpt lat="47.81467" lon="13.064864"><ele>430</ele></trkpt>
   <trkpt lat="47.814779" lon="13.06483"><ele>430</ele></trkpt>
   <trkpt lat="47.814956" lon="13.064755"><ele>430</ele></trkpt>
   <trkpt lat="47.815134" lon="13.064662"><ele>430</ele></trkpt>
   <trkpt lat="47.818467" lon="13.062699"><ele>430</ele></trkpt>
   <trkpt lat="47.819547" lon="13.062055"><ele>429.75</ele></trkpt>
   <trkpt lat="47.819776" lon="13.061927"><ele>430</ele></trkpt>
   <trkpt lat="47.819968" lon="13.061838"><ele>430</ele></trkpt>
   <trkpt lat="47.82011" lon="13.061787"><ele>430</ele></trkpt>
   <trkpt lat="47.82047" lon="13.061684"><ele>430.5</ele></trkpt>
   <trkpt lat="47.820706" lon="13.061601"><ele>431</ele></trkpt>
   <trkpt lat="47.820934" lon="13.061478"><ele>431</ele></trkpt>
   <trkpt lat="47.821005" lon="13.061434"><ele>431</ele></trkpt>
   <trkpt lat="47.821102" lon="13.061369"><ele>431</ele></trkpt>
   <trkpt lat="47.821261" lon="13.061266"><ele>431</ele></trkpt>
   <trkpt lat="47.821341" lon="13.061216"><ele>431</ele></trkpt>
   <trkpt lat="47.821433" lon="13.061174"><ele>430.75</ele></trkpt>
   <trkpt lat="47.82161" lon="13.06111"><ele>431</ele></trkpt>
   <trkpt lat="47.821799" lon="13.061006"><ele>430.5</ele></trkpt>
   <trkpt lat="47.821828" lon="13.060988"><ele>430.5</ele></trkpt>
   <trkpt lat="47.821981" lon="13.060889"><ele>430.5</ele></trkpt>
   <trkpt lat="47.82232" lon="13.060657"><ele>430.25</ele></trkpt>
   <trkpt lat="47.822365" lon="13.06063"><ele>430</ele></trkpt>
   <trkpt lat="47.822515" lon="13.060544"><ele>429</ele></trkpt>
   <trkpt lat="47.82272" lon="13.060429"><ele>430</ele></trkpt>
   <trkpt lat="47.823009" lon="13.060304"><ele>431.5</ele></trkpt>
   <trkpt lat="47.823316" lon="13.060211"><ele>431</ele></trkpt>
   <trkpt lat="47.823602" lon="13.060153"><ele>430.5</ele></trkpt>
   <trkpt lat="47.823812" lon="13.060134"><ele>431.75</ele></trkpt>
   <trkpt lat="47.82392" lon="13.060127"><ele>432.25</ele></trkpt>
   <trkpt lat="47.824183" lon="13.060137"><ele>431.75</ele></trkpt>
   <trkpt lat="47.824192" lon="13.060139"><ele>431.75</ele></trkpt>
   <trkpt lat="47.824204" lon="13.06014"><ele>431.75</ele></trkpt>
   <trkpt lat="47.824221" lon="13.060143"><ele>431.75</ele></trkpt>
   <trkpt lat="47.824762" lon="13.060188"><ele>431.75</ele></trkpt>
   <trkpt lat="47.825777" lon="13.060286"><ele>429</ele></trkpt>
   <trkpt lat="47.825834" lon="13.060292"><ele>427.75</ele></trkpt>
   <trkpt lat="47.826005" lon="13.060309"><ele>431.25</ele></trkpt>
   <trkpt lat="47.82609" lon="13.060317"><ele>433</ele></trkpt>
   <trkpt lat="47.826144" lon="13.060322"><ele>433.5</ele></trkpt>
   <trkpt lat="47.827706" lon="13.060469"><ele>432.25</ele></trkpt>
   <trkpt lat="47.827811" lon="13.060482"><ele>432</ele></trkpt>
   <trkpt lat="47.82916" lon="13.060614"><ele>439.25</ele></trkpt>
   <trkpt lat="47.829434" lon="13.060652"><ele>438.25</ele></trkpt>
   <trkpt lat="47.829571" lon="13.06068"><ele>438.5</ele></trkpt>
   <trkpt lat="47.829865" lon="13.060776"><ele>439</ele></trkpt>
   <trkpt lat="47.829969" lon="13.060821"><ele>439.75</ele></trkpt>
   <trkpt lat="47.830074" lon="13.060871"><ele>441</ele></trkpt>
   <trkpt lat="47.830275" lon="13.060987"><ele>441.5</ele></trkpt>
   <trkpt lat="47.830508" lon="13.061146"><ele>442</ele></trkpt>
   <trkpt lat="47.830642" lon="13.061259"><ele>442.75</ele></trkpt>
   <trkpt lat="47.830776" lon="13.061379"><ele>441.75</ele></trkpt>
   <trkpt lat="47.830902" lon="13.061516"><ele>442.25</ele></trkpt>
   <trkpt lat="47.831048" lon="13.061683"><ele>442.75</ele></trkpt>
   <trkpt lat="47.831189" lon="13.061863"><ele>443.25</ele></trkpt>
   <trkpt lat="47.831411" lon="13.062191"><ele>442.75</ele></trkpt>
   <trkpt lat="47.831605" lon="13.062496"><ele>444</ele></trkpt>
   <trkpt lat="47.831817" lon="13.062835"><ele>444.25</ele></trkpt>
   <trkpt lat="47.832014" lon="13.063196"><ele>443.5</ele></trkpt>
   <trkpt lat="47.832515" lon="13.064176"><ele>443.75</ele></trkpt>
   <trkpt lat="47.832784" lon="13.064659"><ele>444.25</ele></trkpt>
   <trkpt lat="47.832937" lon="13.064914"><ele>444</ele></trkpt>
   <trkpt lat="47.833107" lon="13.065158"><ele>443.75</ele></trkpt>
   <trkpt lat="47.833231" lon="13.065319"><ele>444.75</ele></trkpt>
   <trkpt lat="47.833476" lon="13.065589"><ele>444.25</ele></trkpt>
   <trkpt lat="47.833735" lon="13.065821"><ele>445.25</ele></trkpt>
   <trkpt lat="47.833901" lon="13.065945"><ele>445.25</ele></trkpt>
   <trkpt lat="47.83408" lon="13.066059"><ele>445.5</ele></trkpt>
   <trkpt lat="47.834403" lon="13.066218"><ele>445.75</ele></trkpt>
   <trkpt lat="47.834567" lon="13.066281"><ele>446</ele></trkpt>
   <trkpt lat="47.834771" lon="13.066343"><ele>446.25</ele></trkpt>
   <trkpt lat="47.834949" lon="13.06638"><ele>446.75</ele></trkpt>
   <trkpt lat="47.835263" lon="13.066414"><ele>447</ele></trkpt>
   <trkpt lat="47.835482" lon="13.066408"><ele>447.5</ele></trkpt>
   <trkpt lat="47.83569" lon="13.066382"><ele>447.75</ele></trkpt>
   <trkpt lat="47.835902" lon="13.066337"><ele>447</ele></trkpt>
   <trkpt lat="47.836147" lon="13.066263"><ele>445.75</ele></trkpt>
   <trkpt lat="47.836291" lon="13.06622"><ele>445.75</ele></trkpt>
   <trkpt lat="47.837637" lon="13.065738"><ele>449.25</ele></trkpt>
   <trkpt lat="47.838302" lon="13.065504"><ele>451</ele></trkpt>
   <trkpt lat="47.839206" lon="13.065185"><ele>452.75</ele></trkpt>
   <trkpt lat="47.839446" lon="13.065092"><ele>453.25</ele></trkpt>
   <trkpt lat="47.839681" lon="13.064994"><ele>452.75</ele></trkpt>
   <trkpt lat="47.839871" lon="13.064893"><ele>452.75</ele></trkpt>
   <trkpt lat="47.839975" lon="13.064837"><ele>452.25</ele></trkpt>
   <trkpt lat="47.840394" lon="13.064547"><ele>452.25</ele></trkpt>
   <trkpt lat="47.840808" lon="13.064167"><ele>453.25</ele></trkpt>
   <trkpt lat="47.841005" lon="13.06395"><ele>452.5</ele></trkpt>
   <trkpt lat="47.841206" lon="13.063703"><ele>452.25</ele></trkpt>
   <trkpt lat="47.84136" lon="13.063488"><ele>453.25</ele></trkpt>
   <trkpt lat="47.841501" lon="13.063276"><ele>452.5</ele></trkpt>
   <trkpt lat="47.841618" lon="13.063073"><ele>454.25</ele></trkpt>
   <trkpt lat="47.841807" lon="13.062727"><ele>454.75</ele></trkpt>
   <trkpt lat="47.842075" lon="13.062185"><ele>455.5</ele></trkpt>
   <trkpt lat="47.842275" lon="13.06179"><ele>456.75</ele></trkpt>
   <trkpt lat="47.84273" lon="13.060964"><ele>457.5</ele></trkpt>
   <trkpt lat="47.842911" lon="13.060616"><ele>457.75</ele></trkpt>
   <trkpt lat="47.843115" lon="13.06023"><ele>459.5</ele></trkpt>
   <trkpt lat="47.843454" lon="13.059638"><ele>460.25</ele></trkpt>
   <trkpt lat="47.843623" lon="13.059369"><ele>459.25</ele></trkpt>
   <trkpt lat="47.843849" lon="13.059022"><ele>460</ele></trkpt>
   <trkpt lat="47.844131" lon="13.058619"><ele>459.5</ele></trkpt>
   <trkpt lat="47.844493" lon="13.058156"><ele>461.25</ele></trkpt>
   <trkpt lat="47.844885" lon="13.057707"><ele>460</ele></trkpt>
   <trkpt lat="47.845192" lon="13.057377"><ele>459.75</ele></trkpt>
   <trkpt lat="47.845332" lon="13.057243"><ele>461</ele></trkpt>
   <trkpt lat="47.845842" lon="13.056772"><ele>462.25</ele></trkpt>
   <trkpt lat="47.846153" lon="13.056535"><ele>461.25</ele></trkpt>
   <trkpt lat="47.846277" lon="13.056451"><ele>462</ele></trkpt>
   <trkpt lat="47.846497" lon="13.056323"><ele>461.75</ele></trkpt>
   <trkpt lat="47.846706" lon="13.056224"><ele>462.75</ele></trkpt>
   <trkpt lat="47.846969" lon="13.056126"><ele>464</ele></trkpt>
   <trkpt lat="47.847239" lon="13.056063"><ele>464</ele></trkpt>
   <trkpt lat="47.847353" lon="13.056051"><ele>464</ele></trkpt>
   <trkpt lat="47.847529" lon="13.056034"><ele>463.75</ele></trkpt>
   <trkpt lat="47.847856" lon="13.056041"><ele>465</ele></trkpt>
   <trkpt lat="47.848153" lon="13.056091"><ele>465.75</ele></trkpt>
   <trkpt lat="47.848568" lon="13.056226"><ele>466.75</ele></trkpt>
   <trkpt lat="47.848742" lon="13.05631"><ele>467.25</ele></trkpt>
   <trkpt lat="47.848892" lon="13.056394"><ele>466</ele></trkpt>
   <trkpt lat="47.849149" lon="13.05657"><ele>467.25</ele></trkpt>
   <trkpt lat="47.849394" lon="13.05677"><ele>468</ele></trkpt>
   <trkpt lat="47.84959" lon="13.056962"><ele>467.75</ele></trkpt>
   <trkpt lat="47.849779" lon="13.057181"><ele>467.75</ele></trkpt>
   <trkpt lat="47.849961" lon="13.05742"><ele>468.5</ele></trkpt>
   <trkpt lat="47.85016" lon="13.057722"><ele>470.5</ele></trkpt>
   <trkpt lat="47.850492" lon="13.058274"><ele>469.25</ele></trkpt>
   <trkpt lat="47.851356" lon="13.059772"><ele>467.75</ele></trkpt>
   <trkpt lat="47.851426" lon="13.059894"><ele>467</ele></trkpt>
   <trkpt lat="47.852623" lon="13.061991"><ele>469.75</ele></trkpt>
   <trkpt lat="47.852854" lon="13.062428"><ele>471</ele></trkpt>
   <trkpt lat="47.853087" lon="13.062966"><ele>473</ele></trkpt>
   <trkpt lat="47.853183" lon="13.063235"><ele>475.75</ele></trkpt>
   <trkpt lat="47.853292" lon="13.06359"><ele>475.25</ele></trkpt>
   <trkpt lat="47.853391" lon="13.064014"><ele>476</ele></trkpt>
   <trkpt lat="47.853458" lon="13.064411"><ele>478</ele></trkpt>
   <trkpt lat="47.853508" lon="13.064812"><ele>478</ele></trkpt>
   <trkpt lat="47.853532" lon="13.065124"><ele>477.25</ele></trkpt>
   <trkpt lat="47.853538" lon="13.065436"><ele>477.25</ele></trkpt>
   <trkpt lat="47.853531" lon="13.065823"><ele>478.25</ele></trkpt>
   <trkpt lat="47.853502" lon="13.066229"><ele>478.75</ele></trkpt>
   <trkpt lat="47.853457" lon="13.066603"><ele>479.25</ele></trkpt>
   <trkpt lat="47.853368" lon="13.067116"><ele>477.25</ele></trkpt>
   <trkpt lat="47.852994" lon="13.068925"><ele>480.25</ele></trkpt>
   <trkpt lat="47.852933" lon="13.069272"><ele>481.5</ele></trkpt>
   <trkpt lat="47.852851" lon="13.069876"><ele>479.25</ele></trkpt>
   <trkpt lat="47.852821" lon="13.070241"><ele>477.75</ele></trkpt>
   <trkpt lat="47.85281" lon="13.070585"><ele>478.5</ele></trkpt>
   <trkpt lat="47.852814" lon="13.070897"><ele>478.5</ele></trkpt>
   <trkpt lat="47.852825" lon="13.071189"><ele>478.25</ele></trkpt>
   <trkpt lat="47.852854" lon="13.071532"><ele>479</ele></trkpt>
   <trkpt lat="47.852898" lon="13.071865"><ele>478.75</ele></trkpt>
   <trkpt lat="47.852965" lon="13.072251"><ele>478.5</ele></trkpt>
   <trkpt lat="47.853038" lon="13.072581"><ele>480.25</ele></trkpt>
   <trkpt lat="47.853126" lon="13.072892"><ele>478</ele></trkpt>
   <trkpt lat="47.853174" lon="13.073043"><ele>477.5</ele></trkpt>
   <trkpt lat="47.853331" lon="13.073484"><ele>481.25</ele></trkpt>
   <trkpt lat="47.853511" lon="13.073882"><ele>483.25</ele></trkpt>
   <trkpt lat="47.853742" lon="13.074299"><ele>486.5</ele></trkpt>
   <trkpt lat="47.853952" lon="13.074634"><ele>485.25</ele></trkpt>
   <trkpt lat="47.854046" lon="13.074768"><ele>485.5</ele></trkpt>
   <trkpt lat="47.854357" lon="13.075199"><ele>485.75</ele></trkpt>
   <trkpt lat="47.85523" lon="13.076357"><ele>485</ele></trkpt>
   <trkpt lat="47.855488" lon="13.076711"><ele>485</ele></trkpt>
   <trkpt lat="47.855739" lon="13.077083"><ele>486</ele></trkpt>
   <trkpt lat="47.855892" lon="13.077327"><ele>485</ele></trkpt>
   <trkpt lat="47.856029" lon="13.077587"><ele>485.5</ele></trkpt>
   <trkpt lat="47.856205" lon="13.077963"><ele>485.5</ele></trkpt>
   <trkpt lat="47.856323" lon="13.07827"><ele>486.5</ele></trkpt>
   <trkpt lat="47.856383" lon="13.078444"><ele>486</ele></trkpt>
   <trkpt lat="47.856538" lon="13.078999"><ele>487</ele></trkpt>
   <trkpt lat="47.85662" lon="13.079375"><ele>487.75</ele></trkpt>
   <trkpt lat="47.856681" lon="13.079708"><ele>486.5</ele></trkpt>
   <trkpt lat="47.856924" lon="13.081258"><ele>489.75</ele></trkpt>
   <trkpt lat="47.856952" lon="13.081489"><ele>488.25</ele></trkpt>
   <trkpt lat="47.856997" lon="13.081948"><ele>487.5</ele></trkpt>
   <trkpt lat="47.85701" lon="13.082165"><ele>487.5</ele></trkpt>
   <trkpt lat="47.85702" lon="13.082426"><ele>487.75</ele></trkpt>
   <trkpt lat="47.857022" lon="13.082694"><ele>487.5</ele></trkpt>
   <trkpt lat="47.857017" lon="13.082918"><ele>487.75</ele></trkpt>
   <trkpt lat="47.856977" lon="13.083679"><ele>488.5</ele></trkpt>
   <trkpt lat="47.856961" lon="13.084128"><ele>490.5</ele></trkpt>
   <trkpt lat="47.856959" lon="13.084602"><ele>490.5</ele></trkpt>
   <trkpt lat="47.856944" lon="13.084964"><ele>491</ele></trkpt>
   <trkpt lat="47.856904" lon="13.085778"><ele>492</ele></trkpt>
   <trkpt lat="47.85691" lon="13.08644"><ele>491.5</ele></trkpt>
   <trkpt lat="47.856944" lon="13.086997"><ele>492</ele></trkpt>
   <trkpt lat="47.856988" lon="13.087432"><ele>491</ele></trkpt>
   <trkpt lat="47.857068" lon="13.088005"><ele>492</ele></trkpt>
   <trkpt lat="47.857121" lon="13.088292"><ele>492.5</ele></trkpt>
   <trkpt lat="47.857146" lon="13.088418"><ele>492.75</ele></trkpt>
   <trkpt lat="47.857205" lon="13.088692"><ele>493</ele></trkpt>
   <trkpt lat="47.857369" lon="13.089377"><ele>489.75</ele></trkpt>
   <trkpt lat="47.857444" lon="13.089732"><ele>492.25</ele></trkpt>
   <trkpt lat="47.857629" lon="13.090492"><ele>490.75</ele></trkpt>
   <trkpt lat="47.857771" lon="13.090965"><ele>493.25</ele></trkpt>
   <trkpt lat="47.857925" lon="13.091437"><ele>492</ele></trkpt>
   <trkpt lat="47.85813" lon="13.091978"><ele>492.75</ele></trkpt>
   <trkpt lat="47.858356" lon="13.092499"><ele>493.5</ele></trkpt>
   <trkpt lat="47.858576" lon="13.092961"><ele>493.25</ele></trkpt>
   <trkpt lat="47.858789" lon="13.093348"><ele>493.25</ele></trkpt>
   <trkpt lat="47.859029" lon="13.093722"><ele>493.25</ele></trkpt>
   <trkpt lat="47.85928" lon="13.094058"><ele>493.25</ele></trkpt>
   <trkpt lat="47.859538" lon="13.094346"><ele>493.25</ele></trkpt>
   <trkpt lat="47.859704" lon="13.094512"><ele>493.5</ele></trkpt>
   <trkpt lat="47.860006" lon="13.09477"><ele>494</ele></trkpt>
   <trkpt lat="47.860244" lon="13.094942"><ele>494</ele></trkpt>
   <trkpt lat="47.860461" lon="13.095074"><ele>494</ele></trkpt>
   <trkpt lat="47.860624" lon="13.095161"><ele>493.75</ele></trkpt>
   <trkpt lat="47.860871" lon="13.095271"><ele>494.75</ele></trkpt>
   <trkpt lat="47.861135" lon="13.095363"><ele>494</ele></trkpt>
   <trkpt lat="47.861278" lon="13.095404"><ele>494</ele></trkpt>
   <trkpt lat="47.861578" lon="13.095481"><ele>494.25</ele></trkpt>
   <trkpt lat="47.861908" lon="13.09557"><ele>495</ele></trkpt>
   <trkpt lat="47.862327" lon="13.095709"><ele>494.5</ele></trkpt>
   <trkpt lat="47.862589" lon="13.095776"><ele>494.5</ele></trkpt>
   <trkpt lat="47.862977" lon="13.095858"><ele>495.75</ele></trkpt>
   <trkpt lat="47.863486" lon="13.09599"><ele>494.5</ele></trkpt>
   <trkpt lat="47.863732" lon="13.096074"><ele>495.75</ele></trkpt>
   <trkpt lat="47.863938" lon="13.096172"><ele>496.75</ele></trkpt>
   <trkpt lat="47.864135" lon="13.096279"><ele>496.5</ele></trkpt>
   <trkpt lat="47.864326" lon="13.096403"><ele>497.5</ele></trkpt>
   <trkpt lat="47.864489" lon="13.096525"><ele>497.5</ele></trkpt>
   <trkpt lat="47.864672" lon="13.096685"><ele>497.5</ele></trkpt>
   <trkpt lat="47.864839" lon="13.096846"><ele>498.75</ele></trkpt>
   <trkpt lat="47.864899" lon="13.096913"><ele>498.75</ele></trkpt>
   <trkpt lat="47.865186" lon="13.097262"><ele>499</ele></trkpt>
   <trkpt lat="47.865381" lon="13.097548"><ele>499</ele></trkpt>
   <trkpt lat="47.865488" lon="13.097726"><ele>499.25</ele></trkpt>
   <trkpt lat="47.865688" lon="13.098103"><ele>496.75</ele></trkpt>
   <trkpt lat="47.865778" lon="13.098301"><ele>497.25</ele></trkpt>
   <trkpt lat="47.865914" lon="13.098658"><ele>494.5</ele></trkpt>
   <trkpt lat="47.866039" lon="13.099051"><ele>494.5</ele></trkpt>
   <trkpt lat="47.86615" lon="13.099502"><ele>496.5</ele></trkpt>
   <trkpt lat="47.86621" lon="13.099842"><ele>493.75</ele></trkpt>
   <trkpt lat="47.866255" lon="13.100194"><ele>494</ele></trkpt>
   <trkpt lat="47.866293" lon="13.100636"><ele>496.5</ele></trkpt>
   <trkpt lat="47.866298" lon="13.10083"><ele>497.25</ele></trkpt>
   <trkpt lat="47.866298" lon="13.101397"><ele>499</ele></trkpt>
   <trkpt lat="47.866281" lon="13.102"><ele>493</ele></trkpt>
   <trkpt lat="47.866257" lon="13.102712"><ele>492.25</ele></trkpt>
   <trkpt lat="47.866215" lon="13.103869"><ele>506</ele></trkpt>
   <trkpt lat="47.866205" lon="13.104456"><ele>501.5</ele></trkpt>
   <trkpt lat="47.866216" lon="13.105035"><ele>494.5</ele></trkpt>
   <trkpt lat="47.866226" lon="13.105234"><ele>493.75</ele></trkpt>
   <trkpt lat="47.866267" lon="13.10577"><ele>498.75</ele></trkpt>
   <trkpt lat="47.866325" lon="13.106285"><ele>502</ele></trkpt>
   <trkpt lat="47.866361" lon="13.106522"><ele>501.75</ele></trkpt>
   <trkpt lat="47.866403" lon="13.106794"><ele>501.75</ele></trkpt>
   <trkpt lat="47.866489" lon="13.107303"><ele>504.25</ele></trkpt>
   <trkpt lat="47.866629" lon="13.107914"><ele>504.75</ele></trkpt>
   <trkpt lat="47.866794" lon="13.108488"><ele>502.25</ele></trkpt>
   <trkpt lat="47.86692" lon="13.108856"><ele>503</ele></trkpt>
   <trkpt lat="47.866998" lon="13.109053"><ele>500.25</ele></trkpt>
   <trkpt lat="47.867024" lon="13.109119"><ele>500.25</ele></trkpt>
   <trkpt lat="47.86714" lon="13.109382"><ele>501</ele></trkpt>
   <trkpt lat="47.867262" lon="13.109623"><ele>501.75</ele></trkpt>
   <trkpt lat="47.867371" lon="13.109814"><ele>501.75</ele></trkpt>
   <trkpt lat="47.867457" lon="13.109958"><ele>502.75</ele></trkpt>
   <trkpt lat="47.867666" lon="13.110268"><ele>505.5</ele></trkpt>
   <trkpt lat="47.867833" lon="13.110477"><ele>506.5</ele></trkpt>
   <trkpt lat="47.868011" lon="13.110673"><ele>506.75</ele></trkpt>
   <trkpt lat="47.868186" lon="13.11085"><ele>505.75</ele></trkpt>
   <trkpt lat="47.868265" lon="13.11092"><ele>505.75</ele></trkpt>
   <trkpt lat="47.868372" lon="13.111011"><ele>506.25</ele></trkpt>
   <trkpt lat="47.868711" lon="13.111257"><ele>505.5</ele></trkpt>
   <trkpt lat="47.869282" lon="13.111582"><ele>501.75</ele></trkpt>
   <trkpt lat="47.869428" lon="13.111659"><ele>503.5</ele></trkpt>
   <trkpt lat="47.869613" lon="13.111759"><ele>503.75</ele></trkpt>
   <trkpt lat="47.869871" lon="13.111902"><ele>505.75</ele></trkpt>
   <trkpt lat="47.869989" lon="13.111968"><ele>506.5</ele></trkpt>
   <trkpt lat="47.870194" lon="13.112085"><ele>507.75</ele></trkpt>
   <trkpt lat="47.870404" lon="13.112219"><ele>506.75</ele></trkpt>
   <trkpt lat="47.870676" lon="13.112435"><ele>508</ele></trkpt>
   <trkpt lat="47.870829" lon="13.112577"><ele>507.75</ele></trkpt>
   <trkpt lat="47.871079" lon="13.112845"><ele>509.25</ele></trkpt>
   <trkpt lat="47.871304" lon="13.113139"><ele>510.5</ele></trkpt>
   <trkpt lat="47.871422" lon="13.113322"><ele>508.25</ele></trkpt>
   <trkpt lat="47.871652" lon="13.113719"><ele>509</ele></trkpt>
   <trkpt lat="47.871813" lon="13.11403"><ele>506.5</ele></trkpt>
   <trkpt lat="47.871847" lon="13.114095"><ele>506.75</ele></trkpt>
   <trkpt lat="47.87243" lon="13.115271"><ele>507</ele></trkpt>
   <trkpt lat="47.872555" lon="13.115518"><ele>507</ele></trkpt>
   <trkpt lat="47.872725" lon="13.115832"><ele>508.25</ele></trkpt>
   <trkpt lat="47.872857" lon="13.116064"><ele>507.25</ele></trkpt>
   <trkpt lat="47.873014" lon="13.11631"><ele>508.75</ele></trkpt>
   <trkpt lat="47.873173" lon="13.116547"><ele>507.75</ele></trkpt>
   <trkpt lat="47.873463" lon="13.116933"><ele>508</ele></trkpt>
   <trkpt lat="47.87376" lon="13.117275"><ele>507.5</ele></trkpt>
   <trkpt lat="47.873918" lon="13.117441"><ele>507</ele></trkpt>
   <trkpt lat="47.874074" lon="13.117591"><ele>507</ele></trkpt>
   <trkpt lat="47.874144" lon="13.117654"><ele>507</ele></trkpt>
   <trkpt lat="47.874346" lon="13.117825"><ele>507.75</ele></trkpt>
   <trkpt lat="47.874587" lon="13.118009"><ele>508.5</ele></trkpt>
   <trkpt lat="47.874863" lon="13.118198"><ele>508</ele></trkpt>
   <trkpt lat="47.875147" lon="13.118362"><ele>509</ele></trkpt>
   <trkpt lat="47.875306" lon="13.118442"><ele>507.5</ele></trkpt>
   <trkpt lat="47.875448" lon="13.118506"><ele>507.25</ele></trkpt>
   <trkpt lat="47.875783" lon="13.118638"><ele>508.75</ele></trkpt>
   <trkpt lat="47.876124" lon="13.118738"><ele>507.5</ele></trkpt>
   <trkpt lat="47.876532" lon="13.118815"><ele>508.75</ele></trkpt>
   <trkpt lat="47.876933" lon="13.118848"><ele>509.75</ele></trkpt>
   <trkpt lat="47.877655" lon="13.118814"><ele>513</ele></trkpt>
   <trkpt lat="47.878954" lon="13.11867"><ele>511.75</ele></trkpt>
   <trkpt lat="47.879088" lon="13.118657"><ele>512.5</ele></trkpt>
   <trkpt lat="47.87915" lon="13.118653"><ele>512.75</ele></trkpt>
   <trkpt lat="47.8797" lon="13.118595"><ele>512.75</ele></trkpt>
   <trkpt lat="47.881207" lon="13.118438"><ele>512.5</ele></trkpt>
   <trkpt lat="47.881602" lon="13.118418"><ele>513.75</ele></trkpt>
   <trkpt lat="47.881814" lon="13.118415"><ele>514</ele></trkpt>
   <trkpt lat="47.882066" lon="13.118424"><ele>514</ele></trkpt>
   <trkpt lat="47.882313" lon="13.118435"><ele>513.5</ele></trkpt>
   <trkpt lat="47.882593" lon="13.118459"><ele>513</ele></trkpt>
   <trkpt lat="47.883032" lon="13.118526"><ele>514</ele></trkpt>
   <trkpt lat="47.885926" lon="13.119059"><ele>511.5</ele></trkpt>
   <trkpt lat="47.886033" lon="13.119079"><ele>512.25</ele></trkpt>
   <trkpt lat="47.886337" lon="13.119135"><ele>513.75</ele></trkpt>
   <trkpt lat="47.886474" lon="13.119161"><ele>514</ele></trkpt>
   <trkpt lat="47.886732" lon="13.119213"><ele>513.75</ele></trkpt>
   <trkpt lat="47.887361" lon="13.119368"><ele>513.75</ele></trkpt>
   <trkpt lat="47.887782" lon="13.119458"><ele>513.75</ele></trkpt>
   <trkpt lat="47.88946" lon="13.119769"><ele>514.75</ele></trkpt>
   <trkpt lat="47.890984" lon="13.120051"><ele>514.5</ele></trkpt>
   <trkpt lat="47.892002" lon="13.12024"><ele>514</ele></trkpt>
   <trkpt lat="47.892466" lon="13.120326"><ele>513.75</ele></trkpt>
   <trkpt lat="47.892731" lon="13.120385"><ele>514.25</ele></trkpt>
   <trkpt lat="47.893164" lon="13.120506"><ele>514.5</ele></trkpt>
   <trkpt lat="47.893398" lon="13.120591"><ele>514</ele></trkpt>
   <trkpt lat="47.893793" lon="13.120768"><ele>514</ele></trkpt>
   <trkpt lat="47.894163" lon="13.120975"><ele>513.25</ele></trkpt>
   <trkpt lat="47.894267" lon="13.121038"><ele>513.25</ele></trkpt>
   <trkpt lat="47.894623" lon="13.121291"><ele>513.5</ele></trkpt>
   <trkpt lat="47.894943" lon="13.121558"><ele>512.75</ele></trkpt>
   <trkpt lat="47.895083" lon="13.121691"><ele>512.5</ele></trkpt>
   <trkpt lat="47.895176" lon="13.121778"><ele>512.25</ele></trkpt>
   <trkpt lat="47.895455" lon="13.122073"><ele>512.25</ele></trkpt>
   <trkpt lat="47.895704" lon="13.122366"><ele>512.5</ele></trkpt>
   <trkpt lat="47.895877" lon="13.122594"><ele>513</ele></trkpt>
   <trkpt lat="47.896197" lon="13.123065"><ele>511.5</ele></trkpt>
   <trkpt lat="47.896291" lon="13.123217"><ele>512</ele></trkpt>
   <trkpt lat="47.896559" lon="13.12369"><ele>512.75</ele></trkpt>
   <trkpt lat="47.896684" lon="13.123938"><ele>513.25</ele></trkpt>
   <trkpt lat="47.897124" lon="13.124891"><ele>512.25</ele></trkpt>
   <trkpt lat="47.897166" lon="13.124981"><ele>513</ele></trkpt>
   <trkpt lat="47.897188" lon="13.12503"><ele>513.25</ele></trkpt>
   <trkpt lat="47.897644" lon="13.126041"><ele>513.25</ele></trkpt>
   <trkpt lat="47.898082" lon="13.127023"><ele>513.25</ele></trkpt>
   <trkpt lat="47.900357" lon="13.132315"><ele>514.75</ele></trkpt>
   <trkpt lat="47.900532" lon="13.132701"><ele>513.75</ele></trkpt>
   <trkpt lat="47.900974" lon="13.133658"><ele>514.25</ele></trkpt>
   <trkpt lat="47.901051" lon="13.133825"><ele>514</ele></trkpt>
   <trkpt lat="47.901169" lon="13.134083"><ele>513.75</ele></trkpt>
   <trkpt lat="47.90134" lon="13.134426"><ele>513.5</ele></trkpt>
   <trkpt lat="47.901858" lon="13.135392"><ele>513</ele></trkpt>
   <trkpt lat="47.901876" lon="13.135425"><ele>513</ele></trkpt>
   <trkpt lat="47.902" lon="13.135642"><ele>513.5</ele></trkpt>
   <trkpt lat="47.902384" lon="13.136261"><ele>513</ele></trkpt>
   <trkpt lat="47.902964" lon="13.137118"><ele>514.25</ele></trkpt>
   <trkpt lat="47.903112" lon="13.137331"><ele>513.75</ele></trkpt>
   <trkpt lat="47.903326" lon="13.137621"><ele>514</ele></trkpt>
   <trkpt lat="47.903382" lon="13.137694"><ele>513.75</ele></trkpt>
   <trkpt lat="47.903652" lon="13.138054"><ele>514.25</ele></trkpt>
   <trkpt lat="47.903826" lon="13.138273"><ele>513.25</ele></trkpt>
   <trkpt lat="47.904165" lon="13.138699"><ele>514.5</ele></trkpt>
   <trkpt lat="47.90491" lon="13.139623"><ele>515.75</ele></trkpt>
   <trkpt lat="47.904919" lon="13.139633"><ele>515.75</ele></trkpt>
   <trkpt lat="47.904955" lon="13.139679"><ele>515.25</ele></trkpt>
   <trkpt lat="47.905459" lon="13.140304"><ele>515</ele></trkpt>
   <trkpt lat="47.905809" lon="13.140696"><ele>515.75</ele></trkpt>
   <trkpt lat="47.905988" lon="13.140868"><ele>515.75</ele></trkpt>
   <trkpt lat="47.906176" lon="13.141029"><ele>515.75</ele></trkpt>
   <trkpt lat="47.906505" lon="13.14127"><ele>515.5</ele></trkpt>
   <trkpt lat="47.906841" lon="13.141466"><ele>514.75</ele></trkpt>
   <trkpt lat="47.907161" lon="13.141606"><ele>515.25</ele></trkpt>
   <trkpt lat="47.907483" lon="13.141709"><ele>514.5</ele></trkpt>
   <trkpt lat="47.907823" lon="13.141789"><ele>515.25</ele></trkpt>
   <trkpt lat="47.908748" lon="13.141968"><ele>514.5</ele></trkpt>
   <trkpt lat="47.909114" lon="13.14206"><ele>513.25</ele></trkpt>
   <trkpt lat="47.909493" lon="13.142199"><ele>514.5</ele></trkpt>
   <trkpt lat="47.909807" lon="13.142358"><ele>514.5</ele></trkpt>
   <trkpt lat="47.909988" lon="13.142474"><ele>514.75</ele></trkpt>
   <trkpt lat="47.910153" lon="13.14259"><ele>514</ele></trkpt>
   <trkpt lat="47.910321" lon="13.142722"><ele>514.5</ele></trkpt>
   <trkpt lat="47.910474" lon="13.142851"><ele>514.75</ele></trkpt>
   <trkpt lat="47.910633" lon="13.142999"><ele>514.75</ele></trkpt>
   <trkpt lat="47.910901" lon="13.143298"><ele>514.5</ele></trkpt>
   <trkpt lat="47.911022" lon="13.143448"><ele>514.5</ele></trkpt>
   <trkpt lat="47.911279" lon="13.143812"><ele>514.5</ele></trkpt>
   <trkpt lat="47.911525" lon="13.144224"><ele>514.5</ele></trkpt>
   <trkpt lat="47.911814" lon="13.14477"><ele>513.25</ele></trkpt>
   <trkpt lat="47.911877" lon="13.144894"><ele>514</ele></trkpt>
   <trkpt lat="47.912603" lon="13.146318"><ele>516.5</ele></trkpt>
   <trkpt lat="47.912954" lon="13.147005"><ele>516.75</ele></trkpt>
   <trkpt lat="47.913048" lon="13.14719"><ele>516</ele></trkpt>
   <trkpt lat="47.913128" lon="13.147346"><ele>517.5</ele></trkpt>
   <trkpt lat="47.913718" lon="13.148504"><ele>516.5</ele></trkpt>
   <trkpt lat="47.914059" lon="13.149196"><ele>516</ele></trkpt>
   <trkpt lat="47.914206" lon="13.149536"><ele>515.75</ele></trkpt>
   <trkpt lat="47.914339" lon="13.149882"><ele>514.5</ele></trkpt>
   <trkpt lat="47.914422" lon="13.150124"><ele>515</ele></trkpt>
   <trkpt lat="47.914492" lon="13.150365"><ele>515.25</ele></trkpt>
   <trkpt lat="47.914555" lon="13.150592"><ele>513.75</ele></trkpt>
   <trkpt lat="47.914612" lon="13.150827"><ele>512.5</ele></trkpt>
   <trkpt lat="47.914715" lon="13.151354"><ele>515.5</ele></trkpt>
   <trkpt lat="47.914763" lon="13.15166"><ele>516.25</ele></trkpt>
   <trkpt lat="47.914803" lon="13.15197"><ele>515.5</ele></trkpt>
   <trkpt lat="47.91502" lon="13.153858"><ele>517.5</ele></trkpt>
   <trkpt lat="47.915061" lon="13.154171"><ele>518.25</ele></trkpt>
   <trkpt lat="47.915149" lon="13.154693"><ele>518.75</ele></trkpt>
   <trkpt lat="47.91527" lon="13.155212"><ele>516.75</ele></trkpt>
   <trkpt lat="47.915341" lon="13.155459"><ele>518</ele></trkpt>
   <trkpt lat="47.915427" lon="13.155726"><ele>517.75</ele></trkpt>
   <trkpt lat="47.91562" lon="13.156227"><ele>518.25</ele></trkpt>
   <trkpt lat="47.915826" lon="13.15667"><ele>516.75</ele></trkpt>
   <trkpt lat="47.915944" lon="13.156885"><ele>516.75</ele></trkpt>
   <trkpt lat="47.916151" lon="13.157229"><ele>517.5</ele></trkpt>
   <trkpt lat="47.916264" lon="13.157401"><ele>516.25</ele></trkpt>
   <trkpt lat="47.916519" lon="13.157743"><ele>516.75</ele></trkpt>
   <trkpt lat="47.916795" lon="13.158061"><ele>518.25</ele></trkpt>
   <trkpt lat="47.917115" lon="13.158365"><ele>519</ele></trkpt>
   <trkpt lat="47.917284" lon="13.158501"><ele>518.75</ele></trkpt>
   <trkpt lat="47.917481" lon="13.158643"><ele>517</ele></trkpt>
   <trkpt lat="47.917685" lon="13.158769"><ele>519.5</ele></trkpt>
   <trkpt lat="47.917911" lon="13.158884"><ele>518</ele></trkpt>
   <trkpt lat="47.918324" lon="13.159044"><ele>519.75</ele></trkpt>
   <trkpt lat="47.918696" lon="13.159148"><ele>517.75</ele></trkpt>
   <trkpt lat="47.919185" lon="13.159264"><ele>518.25</ele></trkpt>
   <trkpt lat="47.919351" lon="13.159302"><ele>517.5</ele></trkpt>
   <trkpt lat="47.919386" lon="13.15931"><ele>517.25</ele></trkpt>
   <trkpt lat="47.919761" lon="13.159396"><ele>516.25</ele></trkpt>
   <trkpt lat="47.920233" lon="13.159503"><ele>513</ele></trkpt>
   <trkpt lat="47.920382" lon="13.159537"><ele>513</ele></trkpt>
   <trkpt lat="47.921877" lon="13.159879"><ele>514.75</ele></trkpt>
   <trkpt lat="47.922302" lon="13.159991"><ele>516.75</ele></trkpt>
   <trkpt lat="47.922472" lon="13.160046"><ele>516.75</ele></trkpt>
   <trkpt lat="47.922718" lon="13.160139"><ele>515.5</ele></trkpt>
   <trkpt lat="47.923049" lon="13.1603"><ele>516.75</ele></trkpt>
   <trkpt lat="47.923201" lon="13.160386"><ele>516</ele></trkpt>
   <trkpt lat="47.923556" lon="13.160619"><ele>514</ele></trkpt>
   <trkpt lat="47.923698" lon="13.160726"><ele>514.5</ele></trkpt>
   <trkpt lat="47.923896" lon="13.160894"><ele>517.25</ele></trkpt>
   <trkpt lat="47.924093" lon="13.161078"><ele>517</ele></trkpt>
   <trkpt lat="47.924277" lon="13.161261"><ele>516.75</ele></trkpt>
   <trkpt lat="47.924673" lon="13.161699"><ele>516.5</ele></trkpt>
   <trkpt lat="47.924714" lon="13.161744"><ele>516.5</ele></trkpt>
   <trkpt lat="47.927461" lon="13.164905"><ele>520.5</ele></trkpt>
   <trkpt lat="47.927911" lon="13.165423"><ele>521.25</ele></trkpt>
   <trkpt lat="47.93099" lon="13.168958"><ele>519.75</ele></trkpt>
   <trkpt lat="47.931877" lon="13.169979"><ele>517.25</ele></trkpt>
   <trkpt lat="47.931988" lon="13.170113"><ele>518</ele></trkpt>
   <trkpt lat="47.932068" lon="13.170208"><ele>519.25</ele></trkpt>
   <trkpt lat="47.932443" lon="13.170663"><ele>520.75</ele></trkpt>
   <trkpt lat="47.932783" lon="13.171098"><ele>522</ele></trkpt>
   <trkpt lat="47.933101" lon="13.171478"><ele>522.75</ele></trkpt>
   <trkpt lat="47.933264" lon="13.171664"><ele>522.5</ele></trkpt>
   <trkpt lat="47.934531" lon="13.173121"><ele>519.75</ele></trkpt>
   <trkpt lat="47.934633" lon="13.17324"><ele>519.5</ele></trkpt>
   <trkpt lat="47.935256" lon="13.17395"><ele>524.75</ele></trkpt>
   <trkpt lat="47.935441" lon="13.17416"><ele>525.5</ele></trkpt>
   <trkpt lat="47.935704" lon="13.174442"><ele>526.25</ele></trkpt>
   <trkpt lat="47.93606" lon="13.174803"><ele>526.75</ele></trkpt>
   <trkpt lat="47.9364" lon="13.175129"><ele>526.75</ele></trkpt>
   <trkpt lat="47.936695" lon="13.175389"><ele>526.75</ele></trkpt>
   <trkpt lat="47.936994" lon="13.175639"><ele>525.5</ele></trkpt>
   <trkpt lat="47.937229" lon="13.175823"><ele>525.75</ele></trkpt>
   <trkpt lat="47.937374" lon="13.175937"><ele>526.75</ele></trkpt>
   <trkpt lat="47.937665" lon="13.176149"><ele>526.75</ele></trkpt>
   <trkpt lat="47.937959" lon="13.17635"><ele>527.5</ele></trkpt>
   <trkpt lat="47.938331" lon="13.17659"><ele>526.5</ele></trkpt>
   <trkpt lat="47.938712" lon="13.176814"><ele>526.5</ele></trkpt>
   <trkpt lat="47.939165" lon="13.177057"><ele>527.25</ele></trkpt>
   <trkpt lat="47.939382" lon="13.177165"><ele>527</ele></trkpt>
   <trkpt lat="47.940058" lon="13.17746"><ele>526.5</ele></trkpt>
   <trkpt lat="47.940506" lon="13.177626"><ele>526.5</ele></trkpt>
   <trkpt lat="47.940809" lon="13.177726"><ele>527.5</ele></trkpt>
   <trkpt lat="47.941158" lon="13.177824"><ele>527.75</ele></trkpt>
   <trkpt lat="47.941513" lon="13.177914"><ele>526.25</ele></trkpt>
   <trkpt lat="47.942096" lon="13.178027"><ele>528</ele></trkpt>
   <trkpt lat="47.942567" lon="13.178106"><ele>529.25</ele></trkpt>
   <trkpt lat="47.942605" lon="13.178112"><ele>529.25</ele></trkpt>
   <trkpt lat="47.942891" lon="13.17816"><ele>530</ele></trkpt>
   <trkpt lat="47.943108" lon="13.178206"><ele>530.25</ele></trkpt>
   <trkpt lat="47.943312" lon="13.178256"><ele>530</ele></trkpt>
   <trkpt lat="47.943577" lon="13.178338"><ele>530</ele></trkpt>
   <trkpt lat="47.943922" lon="13.178475"><ele>531.25</ele></trkpt>
   <trkpt lat="47.944131" lon="13.178583"><ele>531</ele></trkpt>
   <trkpt lat="47.94433" lon="13.178695"><ele>531.25</ele></trkpt>
   <trkpt lat="47.944516" lon="13.178811"><ele>530.75</ele></trkpt>
   <trkpt lat="47.944697" lon="13.178941"><ele>530.5</ele></trkpt>
   <trkpt lat="47.944874" lon="13.179077"><ele>530.5</ele></trkpt>
   <trkpt lat="47.945048" lon="13.179226"><ele>530.75</ele></trkpt>
   <trkpt lat="47.94521" lon="13.179378"><ele>530.75</ele></trkpt>
   <trkpt lat="47.945365" lon="13.179537"><ele>530.75</ele></trkpt>
   <trkpt lat="47.94556" lon="13.179764"><ele>531.25</ele></trkpt>
   <trkpt lat="47.945644" lon="13.179863"><ele>531.5</ele></trkpt>
   <trkpt lat="47.945827" lon="13.180088"><ele>531.5</ele></trkpt>
   <trkpt lat="47.945999" lon="13.180334"><ele>531.25</ele></trkpt>
   <trkpt lat="47.946148" lon="13.180558"><ele>530.5</ele></trkpt>
   <trkpt lat="47.94641" lon="13.181009"><ele>529</ele></trkpt>
   <trkpt lat="47.946514" lon="13.181213"><ele>529</ele></trkpt>
   <trkpt lat="47.94666" lon="13.181511"><ele>531.25</ele></trkpt>
   <trkpt lat="47.946791" lon="13.181821"><ele>532.5</ele></trkpt>
   <trkpt lat="47.946907" lon="13.182123"><ele>532.75</ele></trkpt>
   <trkpt lat="47.947008" lon="13.182424"><ele>532.5</ele></trkpt>
   <trkpt lat="47.947101" lon="13.182732"><ele>531.25</ele></trkpt>
   <trkpt lat="47.947185" lon="13.183051"><ele>532.25</ele></trkpt>
   <trkpt lat="47.947257" lon="13.18336"><ele>531.75</ele></trkpt>
   <trkpt lat="47.947361" lon="13.183879"><ele>531.25</ele></trkpt>
   <trkpt lat="47.947441" lon="13.184336"><ele>532.25</ele></trkpt>
   <trkpt lat="47.947686" lon="13.185864"><ele>534.25</ele></trkpt>
   <trkpt lat="47.947696" lon="13.185926"><ele>534.25</ele></trkpt>
   <trkpt lat="47.948056" lon="13.188163"><ele>535</ele></trkpt>
   <trkpt lat="47.948885" lon="13.193356"><ele>535.75</ele></trkpt>
   <trkpt lat="47.949094" lon="13.194731"><ele>537</ele></trkpt>
   <trkpt lat="47.949219" lon="13.195646"><ele>538.75</ele></trkpt>
   <trkpt lat="47.949297" lon="13.196269"><ele>538</ele></trkpt>
   <trkpt lat="47.949375" lon="13.196958"><ele>536.5</ele></trkpt>
   <trkpt lat="47.949386" lon="13.197066"><ele>536.5</ele></trkpt>
   <trkpt lat="47.949483" lon="13.19804"><ele>536.5</ele></trkpt>
   <trkpt lat="47.950033" lon="13.204153"><ele>538.75</ele></trkpt>
   <trkpt lat="47.950403" lon="13.20831"><ele>539.75</ele></trkpt>
   <trkpt lat="47.950624" lon="13.210781"><ele>545.25</ele></trkpt>
   <trkpt lat="47.950975" lon="13.214702"><ele>548.75</ele></trkpt>
   <trkpt lat="47.951026" lon="13.215277"><ele>546.75</ele></trkpt>
   <trkpt lat="47.951044" lon="13.215476"><ele>546</ele></trkpt>
   <trkpt lat="47.951049" lon="13.215535"><ele>546</ele></trkpt>
   <trkpt lat="47.951096" lon="13.216016"><ele>545.25</ele></trkpt>
   <trkpt lat="47.95126" lon="13.217446"><ele>548.25</ele></trkpt>
   <trkpt lat="47.951269" lon="13.217544"><ele>548.25</ele></trkpt>
   <trkpt lat="47.951273" lon="13.217597"><ele>548.5</ele></trkpt>
   <trkpt lat="47.951312" lon="13.218088"><ele>548.5</ele></trkpt>
   <trkpt lat="47.951354" lon="13.218516"><ele>545</ele></trkpt>
   <trkpt lat="47.951394" lon="13.218917"><ele>545</ele></trkpt>
   <trkpt lat="47.951481" lon="13.219559"><ele>546.75</ele></trkpt>
   <trkpt lat="47.951595" lon="13.220134"><ele>545.5</ele></trkpt>
   <trkpt lat="47.951658" lon="13.220392"><ele>545</ele></trkpt>
   <trkpt lat="47.95173" lon="13.220646"><ele>545.5</ele></trkpt>
   <trkpt lat="47.951817" lon="13.220922"><ele>545</ele></trkpt>
   <trkpt lat="47.951908" lon="13.221177"><ele>544.75</ele></trkpt>
   <trkpt lat="47.952044" lon="13.221512"><ele>545.25</ele></trkpt>
   <trkpt lat="47.952142" lon="13.22173"><ele>544.5</ele></trkpt>
   <trkpt lat="47.952252" lon="13.221953"><ele>545</ele></trkpt>
   <trkpt lat="47.952373" lon="13.22219"><ele>545</ele></trkpt>
   <trkpt lat="47.952537" lon="13.222466"><ele>545</ele></trkpt>
   <trkpt lat="47.952737" lon="13.22277"><ele>544</ele></trkpt>
   <trkpt lat="47.952885" lon="13.222966"><ele>544.75</ele></trkpt>
   <trkpt lat="47.953039" lon="13.223152"><ele>544.5</ele></trkpt>
   <trkpt lat="47.953358" lon="13.223505"><ele>544.75</ele></trkpt>
   <trkpt lat="47.953788" lon="13.223934"><ele>544.5</ele></trkpt>
   <trkpt lat="47.954314" lon="13.224437"><ele>544</ele></trkpt>
   <trkpt lat="47.95507" lon="13.225029"><ele>543.75</ele></trkpt>
   <trkpt lat="47.955503" lon="13.225398"><ele>543</ele></trkpt>
   <trkpt lat="47.955607" lon="13.225498"><ele>543.25</ele></trkpt>
   <trkpt lat="47.95591" lon="13.225786"><ele>543</ele></trkpt>
   <trkpt lat="47.95678" lon="13.22669"><ele>543.25</ele></trkpt>
   <trkpt lat="47.956803" lon="13.226712"><ele>543.25</ele></trkpt>
   <trkpt lat="47.957813" lon="13.22774"><ele>542.5</ele></trkpt>
   <trkpt lat="47.958192" lon="13.228126"><ele>541.75</ele></trkpt>
   <trkpt lat="47.95951" lon="13.229405"><ele>542</ele></trkpt>
   <trkpt lat="47.960833" lon="13.230759"><ele>541</ele></trkpt>
   <trkpt lat="47.961499" lon="13.231418"><ele>539.75</ele></trkpt>
   <trkpt lat="47.961608" lon="13.231527"><ele>539.5</ele></trkpt>
   <trkpt lat="47.962281" lon="13.232245"><ele>543</ele></trkpt>
   <trkpt lat="47.962583" lon="13.232592"><ele>542</ele></trkpt>
   <trkpt lat="47.962945" lon="13.233034"><ele>542</ele></trkpt>
   <trkpt lat="47.963178" lon="13.233334"><ele>541.75</ele></trkpt>
   <trkpt lat="47.96341" lon="13.233649"><ele>542.25</ele></trkpt>
   <trkpt lat="47.963835" lon="13.23426"><ele>540.75</ele></trkpt>
   <trkpt lat="47.964097" lon="13.234662"><ele>540.5</ele></trkpt>
   <trkpt lat="47.96492" lon="13.23601"><ele>538</ele></trkpt>
   <trkpt lat="47.964941" lon="13.236041"><ele>538</ele></trkpt>
   <trkpt lat="47.965027" lon="13.236183"><ele>538.75</ele></trkpt>
   <trkpt lat="47.965096" lon="13.236296"><ele>539.75</ele></trkpt>
   <trkpt lat="47.965196" lon="13.236457"><ele>540.75</ele></trkpt>
   <trkpt lat="47.965246" lon="13.236546"><ele>541</ele></trkpt>
   <trkpt lat="47.966154" lon="13.238037"><ele>542.75</ele></trkpt>
   <trkpt lat="47.966174" lon="13.23807"><ele>542.75</ele></trkpt>
   <trkpt lat="47.966766" lon="13.239046"><ele>542.5</ele></trkpt>
   <trkpt lat="47.96726" lon="13.23986"><ele>542.75</ele></trkpt>
   <trkpt lat="47.967396" lon="13.24008"><ele>542.25</ele></trkpt>
   <trkpt lat="47.967641" lon="13.24049"><ele>541.75</ele></trkpt>
   <trkpt lat="47.96777" lon="13.240708"><ele>542</ele></trkpt>
   <trkpt lat="47.968221" lon="13.241447"><ele>542</ele></trkpt>
   <trkpt lat="47.970067" lon="13.244499"><ele>542</ele></trkpt>
   <trkpt lat="47.970276" lon="13.244838"><ele>541.75</ele></trkpt>
   <trkpt lat="47.970471" lon="13.245196"><ele>542</ele></trkpt>
   <trkpt lat="47.970593" lon="13.245434"><ele>541.75</ele></trkpt>
   <trkpt lat="47.970802" lon="13.245803"><ele>541.75</ele></trkpt>
   <trkpt lat="47.970821" lon="13.245834"><ele>541.75</ele></trkpt>
   <trkpt lat="47.970906" lon="13.245976"><ele>540.75</ele></trkpt>
   <trkpt lat="47.971381" lon="13.246756"><ele>541.5</ele></trkpt>
   <trkpt lat="47.971888" lon="13.247594"><ele>539.5</ele></trkpt>
   <trkpt lat="47.971937" lon="13.247675"><ele>540.75</ele></trkpt>
   <trkpt lat="47.972276" lon="13.248233"><ele>539.75</ele></trkpt>
   <trkpt lat="47.972548" lon="13.248686"><ele>540</ele></trkpt>
   <trkpt lat="47.972585" lon="13.248748"><ele>539.25</ele></trkpt>
   <trkpt lat="47.972634" lon="13.248828"><ele>538.75</ele></trkpt>
   <trkpt lat="47.972875" lon="13.249225"><ele>539.25</ele></trkpt>
   <trkpt lat="47.972909" lon="13.249287"><ele>539</ele></trkpt>
   <trkpt lat="47.973082" lon="13.249595"><ele>539.75</ele></trkpt>
   <trkpt lat="47.973212" lon="13.249843"><ele>538.5</ele></trkpt>
   <trkpt lat="47.973442" lon="13.250318"><ele>538.5</ele></trkpt>
   <trkpt lat="47.973627" lon="13.250743"><ele>540.75</ele></trkpt>
   <trkpt lat="47.973726" lon="13.250989"><ele>537.75</ele></trkpt>
   <trkpt lat="47.97391" lon="13.25151"><ele>539</ele></trkpt>
   <trkpt lat="47.974001" lon="13.25179"><ele>538.75</ele></trkpt>
   <trkpt lat="47.974096" lon="13.252118"><ele>539.25</ele></trkpt>
   <trkpt lat="47.974184" lon="13.252453"><ele>541.5</ele></trkpt>
   <trkpt lat="47.974273" lon="13.252837"><ele>538.75</ele></trkpt>
   <trkpt lat="47.974399" lon="13.253465"><ele>541</ele></trkpt>
   <trkpt lat="47.974452" lon="13.253795"><ele>542.5</ele></trkpt>
   <trkpt lat="47.974503" lon="13.254132"><ele>544.75</ele></trkpt>
   <trkpt lat="47.974543" lon="13.25447"><ele>547</ele></trkpt>
   <trkpt lat="47.974582" lon="13.254937"><ele>550.75</ele></trkpt>
   <trkpt lat="47.974612" lon="13.255487"><ele>551</ele></trkpt>
   <trkpt lat="47.974617" lon="13.256025"><ele>551.75</ele></trkpt>
   <trkpt lat="47.974614" lon="13.256371"><ele>552</ele></trkpt>
   <trkpt lat="47.974598" lon="13.256838"><ele>551.5</ele></trkpt>
   <trkpt lat="47.974563" lon="13.257332"><ele>548.75</ele></trkpt>
   <trkpt lat="47.974558" lon="13.257397"><ele>548</ele></trkpt>
   <trkpt lat="47.974509" lon="13.25784"><ele>545.5</ele></trkpt>
   <trkpt lat="47.974443" lon="13.25824"><ele>543.25</ele></trkpt>
   <trkpt lat="47.974397" lon="13.258468"><ele>545.25</ele></trkpt>
   <trkpt lat="47.97433" lon="13.258792"><ele>547</ele></trkpt>
   <trkpt lat="47.974291" lon="13.258944"><ele>546.5</ele></trkpt>
   <trkpt lat="47.97423" lon="13.259173"><ele>544.25</ele></trkpt>
   <trkpt lat="47.974116" lon="13.259548"><ele>543.75</ele></trkpt>
   <trkpt lat="47.973876" lon="13.260287"><ele>542.25</ele></trkpt>
   <trkpt lat="47.973551" lon="13.261267"><ele>542</ele></trkpt>
   <trkpt lat="47.973396" lon="13.261678"><ele>540.5</ele></trkpt>
   <trkpt lat="47.973321" lon="13.26186"><ele>539</ele></trkpt>
   <trkpt lat="47.973244" lon="13.262038"><ele>538.75</ele></trkpt>
   <trkpt lat="47.973184" lon="13.262171"><ele>540.5</ele></trkpt>
   <trkpt lat="47.973163" lon="13.262217"><ele>541</ele></trkpt>
   <trkpt lat="47.972667" lon="13.263251"><ele>542</ele></trkpt>
   <trkpt lat="47.972148" lon="13.264332"><ele>542.5</ele></trkpt>
   <trkpt lat="47.972113" lon="13.264405"><ele>542.5</ele></trkpt>
   <trkpt lat="47.97046" lon="13.267837"><ele>542.25</ele></trkpt>
   <trkpt lat="47.970296" lon="13.268177"><ele>542.25</ele></trkpt>
   <trkpt lat="47.970278" lon="13.268209"><ele>542.25</ele></trkpt>
   <trkpt lat="47.970151" lon="13.268474"><ele>540.25</ele></trkpt>
   <trkpt lat="47.970079" lon="13.268623"><ele>541</ele></trkpt>
   <trkpt lat="47.970074" lon="13.268634"><ele>541.25</ele></trkpt>
   <trkpt lat="47.970009" lon="13.268764"><ele>542.25</ele></trkpt>
   <trkpt lat="47.969632" lon="13.269541"><ele>541.5</ele></trkpt>
   <trkpt lat="47.969505" lon="13.269814"><ele>542</ele></trkpt>
   <trkpt lat="47.96884" lon="13.271265"><ele>543.25</ele></trkpt>
   <trkpt lat="47.968493" lon="13.272011"><ele>542.5</ele></trkpt>
   <trkpt lat="47.968141" lon="13.272746"><ele>543.25</ele></trkpt>
   <trkpt lat="47.968091" lon="13.272849"><ele>543.75</ele></trkpt>
   <trkpt lat="47.968046" lon="13.272943"><ele>544.5</ele></trkpt>
   <trkpt lat="47.966615" lon="13.275917"><ele>553</ele></trkpt>
   <trkpt lat="47.96587" lon="13.277466"><ele>548</ele></trkpt>
   <trkpt lat="47.965799" lon="13.277612"><ele>548</ele></trkpt>
   <trkpt lat="47.964125" lon="13.281092"><ele>555.25</ele></trkpt>
   <trkpt lat="47.962281" lon="13.284922"><ele>554.75</ele></trkpt>
   <trkpt lat="47.961892" lon="13.285727"><ele>555</ele></trkpt>
   <trkpt lat="47.961653" lon="13.28624"><ele>556.5</ele></trkpt>
   <trkpt lat="47.961479" lon="13.286628"><ele>555</ele></trkpt>
   <trkpt lat="47.961434" lon="13.28674"><ele>556</ele></trkpt>
   <trkpt lat="47.961151" lon="13.287435"><ele>557.5</ele></trkpt>
   <trkpt lat="47.961009" lon="13.287803"><ele>559</ele></trkpt>
   <trkpt lat="47.960675" lon="13.288773"><ele>560.75</ele></trkpt>
   <trkpt lat="47.960459" lon="13.289476"><ele>561.25</ele></trkpt>
   <trkpt lat="47.960324" lon="13.289961"><ele>559.75</ele></trkpt>
   <trkpt lat="47.960162" lon="13.290587"><ele>560.75</ele></trkpt>
   <trkpt lat="47.959368" lon="13.293824"><ele>567</ele></trkpt>
   <trkpt lat="47.958831" lon="13.296013"><ele>567.25</ele></trkpt>
   <trkpt lat="47.958812" lon="13.296093"><ele>567.5</ele></trkpt>
   <trkpt lat="47.958642" lon="13.296834"><ele>566.25</ele></trkpt>
   <trkpt lat="47.958603" lon="13.297041"><ele>566.75</ele></trkpt>
   <trkpt lat="47.958534" lon="13.297491"><ele>566</ele></trkpt>
   <trkpt lat="47.958507" lon="13.297727"><ele>564</ele></trkpt>
   <trkpt lat="47.958486" lon="13.297987"><ele>562.5</ele></trkpt>
   <trkpt lat="47.958472" lon="13.298238"><ele>562</ele></trkpt>
   <trkpt lat="47.958463" lon="13.298601"><ele>561</ele></trkpt>
   <trkpt lat="47.958471" lon="13.299011"><ele>559.5</ele></trkpt>
   <trkpt lat="47.958487" lon="13.299329"><ele>561.5</ele></trkpt>
   <trkpt lat="47.958549" lon="13.299908"><ele>563.75</ele></trkpt>
   <trkpt lat="47.958594" lon="13.300201"><ele>567.25</ele></trkpt>
   <trkpt lat="47.958651" lon="13.300514"><ele>567.5</ele></trkpt>
   <trkpt lat="47.95872" lon="13.300812"><ele>567.25</ele></trkpt>
   <trkpt lat="47.958754" lon="13.300949"><ele>567</ele></trkpt>
   <trkpt lat="47.958803" lon="13.301132"><ele>567.75</ele></trkpt>
   <trkpt lat="47.958916" lon="13.301498"><ele>570.75</ele></trkpt>
   <trkpt lat="47.958987" lon="13.301704"><ele>570.5</ele></trkpt>
   <trkpt lat="47.959074" lon="13.301925"><ele>570.75</ele></trkpt>
   <trkpt lat="47.959169" lon="13.30215"><ele>570.75</ele></trkpt>
   <trkpt lat="47.959275" lon="13.302375"><ele>571.25</ele></trkpt>
   <trkpt lat="47.959389" lon="13.302598"><ele>571.5</ele></trkpt>
   <trkpt lat="47.959505" lon="13.302809"><ele>571.25</ele></trkpt>
   <trkpt lat="47.959699" lon="13.303122"><ele>572.75</ele></trkpt>
   <trkpt lat="47.959923" lon="13.303432"><ele>572.75</ele></trkpt>
   <trkpt lat="47.960079" lon="13.303621"><ele>572.75</ele></trkpt>
   <trkpt lat="47.960242" lon="13.303803"><ele>573.5</ele></trkpt>
   <trkpt lat="47.960363" lon="13.303928"><ele>573.5</ele></trkpt>
   <trkpt lat="47.960564" lon="13.304115"><ele>573.25</ele></trkpt>
   <trkpt lat="47.960737" lon="13.304258"><ele>574.75</ele></trkpt>
   <trkpt lat="47.960925" lon="13.304396"><ele>574</ele></trkpt>
   <trkpt lat="47.961289" lon="13.304618"><ele>574.25</ele></trkpt>
   <trkpt lat="47.961444" lon="13.304699"><ele>574</ele></trkpt>
   <trkpt lat="47.962268" lon="13.305097"><ele>575.5</ele></trkpt>
   <trkpt lat="47.96228" lon="13.305103"><ele>575.5</ele></trkpt>
   <trkpt lat="47.962325" lon="13.305125"><ele>575.25</ele></trkpt>
   <trkpt lat="47.965772" lon="13.306788"><ele>576.25</ele></trkpt>
   <trkpt lat="47.966255" lon="13.307041"><ele>576.5</ele></trkpt>
   <trkpt lat="47.96682" lon="13.307393"><ele>577.5</ele></trkpt>
   <trkpt lat="47.967027" lon="13.307535"><ele>579.25</ele></trkpt>
   <trkpt lat="47.967589" lon="13.307966"><ele>581.5</ele></trkpt>
   <trkpt lat="47.968163" lon="13.308472"><ele>583.5</ele></trkpt>
   <trkpt lat="47.968718" lon="13.309044"><ele>585</ele></trkpt>
   <trkpt lat="47.969085" lon="13.309465"><ele>584.25</ele></trkpt>
   <trkpt lat="47.969371" lon="13.309826"><ele>585.25</ele></trkpt>
   <trkpt lat="47.96956" lon="13.310071"><ele>585</ele></trkpt>
   <trkpt lat="47.970348" lon="13.311146"><ele>583</ele></trkpt>
   <trkpt lat="47.970379" lon="13.311188"><ele>582.75</ele></trkpt>
   <trkpt lat="47.970902" lon="13.3119"><ele>583.25</ele></trkpt>
   <trkpt lat="47.972181" lon="13.313629"><ele>585.75</ele></trkpt>
   <trkpt lat="47.97252" lon="13.314048"><ele>586</ele></trkpt>
   <trkpt lat="47.972876" lon="13.314453"><ele>587.25</ele></trkpt>
   <trkpt lat="47.973195" lon="13.314784"><ele>587.25</ele></trkpt>
   <trkpt lat="47.973628" lon="13.315189"><ele>587.5</ele></trkpt>
   <trkpt lat="47.974053" lon="13.315553"><ele>587.75</ele></trkpt>
   <trkpt lat="47.974462" lon="13.315854"><ele>587.5</ele></trkpt>
   <trkpt lat="47.974573" lon="13.315934"><ele>586.75</ele></trkpt>
   <trkpt lat="47.975031" lon="13.316232"><ele>589.75</ele></trkpt>
   <trkpt lat="47.975256" lon="13.316364"><ele>590</ele></trkpt>
   <trkpt lat="47.975458" lon="13.316474"><ele>591.25</ele></trkpt>
   <trkpt lat="47.975906" lon="13.316698"><ele>591.25</ele></trkpt>
   <trkpt lat="47.976211" lon="13.316829"><ele>591.75</ele></trkpt>
   <trkpt lat="47.976776" lon="13.317024"><ele>591.25</ele></trkpt>
   <trkpt lat="47.977236" lon="13.317153"><ele>590.75</ele></trkpt>
   <trkpt lat="47.977661" lon="13.317246"><ele>593</ele></trkpt>
   <trkpt lat="47.978543" lon="13.317428"><ele>593.25</ele></trkpt>
   <trkpt lat="47.979487" lon="13.317625"><ele>594.25</ele></trkpt>
   <trkpt lat="47.979559" lon="13.317641"><ele>594.5</ele></trkpt>
   <trkpt lat="47.9799" lon="13.317716"><ele>594.75</ele></trkpt>
   <trkpt lat="47.980151" lon="13.317781"><ele>595.75</ele></trkpt>
   <trkpt lat="47.980393" lon="13.317865"><ele>594.5</ele></trkpt>
   <trkpt lat="47.980561" lon="13.317932"><ele>594.5</ele></trkpt>
   <trkpt lat="47.980727" lon="13.318012"><ele>595.25</ele></trkpt>
   <trkpt lat="47.980924" lon="13.318119"><ele>595.75</ele></trkpt>
   <trkpt lat="47.981122" lon="13.318241"><ele>595.5</ele></trkpt>
   <trkpt lat="47.981463" lon="13.318504"><ele>596.75</ele></trkpt>
   <trkpt lat="47.981646" lon="13.318672"><ele>597.75</ele></trkpt>
   <trkpt lat="47.981706" lon="13.318731"><ele>598</ele></trkpt>
   <trkpt lat="47.981874" lon="13.31892"><ele>598.75</ele></trkpt>
   <trkpt lat="47.981967" lon="13.319038"><ele>598.75</ele></trkpt>
   <trkpt lat="47.982329" lon="13.319585"><ele>599.25</ele></trkpt>
   <trkpt lat="47.98245" lon="13.319777"><ele>599</ele></trkpt>
   <trkpt lat="47.982602" lon="13.320072"><ele>599.5</ele></trkpt>
   <trkpt lat="47.982734" lon="13.320379"><ele>599.5</ele></trkpt>
   <trkpt lat="47.98292" lon="13.320874"><ele>599.5</ele></trkpt>
   <trkpt lat="47.982985" lon="13.321064"><ele>599.5</ele></trkpt>
   <trkpt lat="47.983098" lon="13.3214"><ele>599.25</ele></trkpt>
   <trkpt lat="47.985402" lon="13.328919"><ele>605.5</ele></trkpt>
   <trkpt lat="47.985564" lon="13.329384"><ele>601</ele></trkpt>
   <trkpt lat="47.985859" lon="13.330124"><ele>601</ele></trkpt>
   <trkpt lat="47.985937" lon="13.330345"><ele>604</ele></trkpt>
   <trkpt lat="47.986002" lon="13.330529"><ele>605.25</ele></trkpt>
   <trkpt lat="47.986167" lon="13.33101"><ele>603</ele></trkpt>
   <trkpt lat="47.986437" lon="13.331716"><ele>599.5</ele></trkpt>
   <trkpt lat="47.986803" lon="13.332588"><ele>598.5</ele></trkpt>
   <trkpt lat="47.986912" lon="13.332835"><ele>597.5</ele></trkpt>
   <trkpt lat="47.987987" lon="13.335264"><ele>596.25</ele></trkpt>
   <trkpt lat="47.988701" lon="13.336887"><ele>592</ele></trkpt>
   <trkpt lat="47.988758" lon="13.337016"><ele>592.25</ele></trkpt>
   <trkpt lat="47.991327" lon="13.342807"><ele>588</ele></trkpt>
   <trkpt lat="47.99135" lon="13.342862"><ele>588</ele></trkpt>
   <trkpt lat="47.991607" lon="13.343475"><ele>586.75</ele></trkpt>
   <trkpt lat="47.991747" lon="13.343869"><ele>585</ele></trkpt>
   <trkpt lat="47.991892" lon="13.344366"><ele>586.75</ele></trkpt>
   <trkpt lat="47.991957" lon="13.344638"><ele>586.75</ele></trkpt>
   <trkpt lat="47.992013" lon="13.344925"><ele>585.75</ele></trkpt>
   <trkpt lat="47.992067" lon="13.345273"><ele>586</ele></trkpt>
   <trkpt lat="47.992101" lon="13.345542"><ele>586.25</ele></trkpt>
   <trkpt lat="47.992123" lon="13.345805"><ele>586.25</ele></trkpt>
   <trkpt lat="47.99214" lon="13.346289"><ele>585.5</ele></trkpt>
   <trkpt lat="47.992139" lon="13.346568"><ele>585.25</ele></trkpt>
   <trkpt lat="47.992127" lon="13.346854"><ele>585</ele></trkpt>
   <trkpt lat="47.992107" lon="13.34714"><ele>585</ele></trkpt>
   <trkpt lat="47.992079" lon="13.347414"><ele>584.75</ele></trkpt>
   <trkpt lat="47.992043" lon="13.347673"><ele>584.75</ele></trkpt>
   <trkpt lat="47.991996" lon="13.347949"><ele>584.75</ele></trkpt>
   <trkpt lat="47.99195" lon="13.348168"><ele>584.5</ele></trkpt>
   <trkpt lat="47.991854" lon="13.348564"><ele>584</ele></trkpt>
   <trkpt lat="47.991806" lon="13.34873"><ele>583.75</ele></trkpt>
   <trkpt lat="47.991765" lon="13.348858"><ele>584.25</ele></trkpt>
   <trkpt lat="47.991734" lon="13.348958"><ele>584.25</ele></trkpt>
   <trkpt lat="47.991594" lon="13.349335"><ele>584.25</ele></trkpt>
   <trkpt lat="47.991481" lon="13.3496"><ele>584</ele></trkpt>
   <trkpt lat="47.991361" lon="13.349846"><ele>583.25</ele></trkpt>
   <trkpt lat="47.991251" lon="13.350054"><ele>584</ele></trkpt>
   <trkpt lat="47.99107" lon="13.35035"><ele>583.5</ele></trkpt>
   <trkpt lat="47.990967" lon="13.350504"><ele>583.25</ele></trkpt>
   <trkpt lat="47.990593" lon="13.35099"><ele>581.75</ele></trkpt>
   <trkpt lat="47.990269" lon="13.351316"><ele>581</ele></trkpt>
   <trkpt lat="47.988875" lon="13.352648"><ele>578</ele></trkpt>
   <trkpt lat="47.988474" lon="13.353044"><ele>578.5</ele></trkpt>
   <trkpt lat="47.988159" lon="13.353383"><ele>579.25</ele></trkpt>
   <trkpt lat="47.987731" lon="13.353931"><ele>578</ele></trkpt>
   <trkpt lat="47.987486" lon="13.354287"><ele>576.5</ele></trkpt>
   <trkpt lat="47.987273" lon="13.354625"><ele>576.25</ele></trkpt>
   <trkpt lat="47.987078" lon="13.354962"><ele>576</ele></trkpt>
   <trkpt lat="47.986538" lon="13.355995"><ele>575.75</ele></trkpt>
   <trkpt lat="47.986373" lon="13.356313"><ele>571</ele></trkpt>
   <trkpt lat="47.986324" lon="13.356407"><ele>570.25</ele></trkpt>
   <trkpt lat="47.985615" lon="13.357778"><ele>573.75</ele></trkpt>
   <trkpt lat="47.985554" lon="13.357894"><ele>574</ele></trkpt>
   <trkpt lat="47.982986" lon="13.362864"><ele>571.25</ele></trkpt>
   <trkpt lat="47.981657" lon="13.365437"><ele>567</ele></trkpt>
   <trkpt lat="47.981442" lon="13.365868"><ele>567.5</ele></trkpt>
   <trkpt lat="47.981127" lon="13.366544"><ele>565.5</ele></trkpt>
   <trkpt lat="47.980868" lon="13.367069"><ele>565</ele></trkpt>
   <trkpt lat="47.980824" lon="13.367155"><ele>564.75</ele></trkpt>
   <trkpt lat="47.980747" lon="13.367304"><ele>563.75</ele></trkpt>
   <trkpt lat="47.980499" lon="13.367784"><ele>561.5</ele></trkpt>
   <trkpt lat="47.980461" lon="13.367856"><ele>561.25</ele></trkpt>
   <trkpt lat="47.979589" lon="13.369545"><ele>562.75</ele></trkpt>
   <trkpt lat="47.979383" lon="13.369974"><ele>561.75</ele></trkpt>
   <trkpt lat="47.979165" lon="13.370499"><ele>561.75</ele></trkpt>
   <trkpt lat="47.979052" lon="13.370827"><ele>561</ele></trkpt>
   <trkpt lat="47.978945" lon="13.371188"><ele>560.5</ele></trkpt>
   <trkpt lat="47.978881" lon="13.371438"><ele>560.5</ele></trkpt>
   <trkpt lat="47.978814" lon="13.371754"><ele>558.5</ele></trkpt>
   <trkpt lat="47.978757" lon="13.372071"><ele>557</ele></trkpt>
   <trkpt lat="47.978708" lon="13.372443"><ele>557.5</ele></trkpt>
   <trkpt lat="47.978688" lon="13.372622"><ele>557.75</ele></trkpt>
   <trkpt lat="47.978658" lon="13.37299"><ele>558.25</ele></trkpt>
   <trkpt lat="47.978646" lon="13.373285"><ele>558.5</ele></trkpt>
   <trkpt lat="47.978645" lon="13.373628"><ele>558.25</ele></trkpt>
   <trkpt lat="47.978652" lon="13.373906"><ele>558</ele></trkpt>
   <trkpt lat="47.978664" lon="13.374118"><ele>556.5</ele></trkpt>
   <trkpt lat="47.978696" lon="13.374505"><ele>554.5</ele></trkpt>
   <trkpt lat="47.978736" lon="13.374838"><ele>553.25</ele></trkpt>
   <trkpt lat="47.978827" lon="13.375356"><ele>555</ele></trkpt>
   <trkpt lat="47.978875" lon="13.375591"><ele>556.75</ele></trkpt>
   <trkpt lat="47.97895" lon="13.375891"><ele>555.75</ele></trkpt>
   <trkpt lat="47.979032" lon="13.376177"><ele>554.25</ele></trkpt>
   <trkpt lat="47.979116" lon="13.376431"><ele>556</ele></trkpt>
   <trkpt lat="47.97922" lon="13.376717"><ele>555.5</ele></trkpt>
   <trkpt lat="47.97933" lon="13.376977"><ele>556</ele></trkpt>
   <trkpt lat="47.979463" lon="13.377269"><ele>556.5</ele></trkpt>
   <trkpt lat="47.979727" lon="13.37775"><ele>555.75</ele></trkpt>
   <trkpt lat="47.979896" lon="13.378008"><ele>555.75</ele></trkpt>
   <trkpt lat="47.980045" lon="13.378215"><ele>555.5</ele></trkpt>
   <trkpt lat="47.980189" lon="13.3784"><ele>556</ele></trkpt>
   <trkpt lat="47.980503" lon="13.37875"><ele>555.75</ele></trkpt>
   <trkpt lat="47.980777" lon="13.379017"><ele>556</ele></trkpt>
   <trkpt lat="47.980989" lon="13.379203"><ele>555</ele></trkpt>
   <trkpt lat="47.983122" lon="13.381083"><ele>552</ele></trkpt>
   <trkpt lat="47.983378" lon="13.381317"><ele>551.5</ele></trkpt>
   <trkpt lat="47.983767" lon="13.381711"><ele>551.75</ele></trkpt>
   <trkpt lat="47.983972" lon="13.381935"><ele>551.5</ele></trkpt>
   <trkpt lat="47.984219" lon="13.382225"><ele>551.5</ele></trkpt>
   <trkpt lat="47.984669" lon="13.38281"><ele>550</ele></trkpt>
   <trkpt lat="47.985082" lon="13.383438"><ele>550.25</ele></trkpt>
   <trkpt lat="47.985214" lon="13.383652"><ele>550.25</ele></trkpt>
   <trkpt lat="47.985458" lon="13.384086"><ele>551</ele></trkpt>
   <trkpt lat="47.985776" lon="13.384718"><ele>549.5</ele></trkpt>
   <trkpt lat="47.986055" lon="13.385358"><ele>548.75</ele></trkpt>
   <trkpt lat="47.986245" lon="13.385834"><ele>548.25</ele></trkpt>
   <trkpt lat="47.986373" lon="13.386192"><ele>546.5</ele></trkpt>
   <trkpt lat="47.986489" lon="13.386541"><ele>546.25</ele></trkpt>
   <trkpt lat="47.986675" lon="13.387163"><ele>545.5</ele></trkpt>
   <trkpt lat="47.986786" lon="13.38759"><ele>544.5</ele></trkpt>
   <trkpt lat="47.986813" lon="13.387696"><ele>544.5</ele></trkpt>
   <trkpt lat="47.987641" lon="13.390978"><ele>537.5</ele></trkpt>
   <trkpt lat="47.987688" lon="13.391172"><ele>537.25</ele></trkpt>
   <trkpt lat="47.987767" lon="13.391518"><ele>541</ele></trkpt>
   <trkpt lat="47.987857" lon="13.391971"><ele>538.75</ele></trkpt>
   <trkpt lat="47.987921" lon="13.392406"><ele>537</ele></trkpt>
   <trkpt lat="47.987971" lon="13.392843"><ele>538.75</ele></trkpt>
   <trkpt lat="47.988002" lon="13.393278"><ele>540.5</ele></trkpt>
   <trkpt lat="47.988015" lon="13.393714"><ele>542.25</ele></trkpt>
   <trkpt lat="47.98801" lon="13.394134"><ele>542.25</ele></trkpt>
   <trkpt lat="47.987991" lon="13.394584"><ele>542</ele></trkpt>
   <trkpt lat="47.987955" lon="13.395026"><ele>542.25</ele></trkpt>
   <trkpt lat="47.987905" lon="13.395419"><ele>542.25</ele></trkpt>
   <trkpt lat="47.987848" lon="13.395796"><ele>540.75</ele></trkpt>
   <trkpt lat="47.987727" lon="13.3964"><ele>540.75</ele></trkpt>
   <trkpt lat="47.987615" lon="13.396839"><ele>541.25</ele></trkpt>
   <trkpt lat="47.987462" lon="13.397334"><ele>540</ele></trkpt>
   <trkpt lat="47.98733" lon="13.397694"><ele>541</ele></trkpt>
   <trkpt lat="47.987195" lon="13.398026"><ele>538.5</ele></trkpt>
   <trkpt lat="47.987062" lon="13.398313"><ele>539.5</ele></trkpt>
   <trkpt lat="47.986932" lon="13.398573"><ele>537</ele></trkpt>
   <trkpt lat="47.986742" lon="13.398905"><ele>538.25</ele></trkpt>
   <trkpt lat="47.986561" lon="13.399189"><ele>537.25</ele></trkpt>
   <trkpt lat="47.98637" lon="13.399462"><ele>536.25</ele></trkpt>
   <trkpt lat="47.986184" lon="13.399714"><ele>536.5</ele></trkpt>
   <trkpt lat="47.98592" lon="13.400027"><ele>535.75</ele></trkpt>
   <trkpt lat="47.985579" lon="13.400372"><ele>534.75</ele></trkpt>
   <trkpt lat="47.984971" lon="13.400934"><ele>534.25</ele></trkpt>
   <trkpt lat="47.98492" lon="13.400982"><ele>534.5</ele></trkpt>
   <trkpt lat="47.984666" lon="13.401216"><ele>534.5</ele></trkpt>
   <trkpt lat="47.984298" lon="13.401573"><ele>534</ele></trkpt>
   <trkpt lat="47.98388" lon="13.402042"><ele>531.25</ele></trkpt>
   <trkpt lat="47.983527" lon="13.402532"><ele>531.25</ele></trkpt>
   <trkpt lat="47.983206" lon="13.403071"><ele>530</ele></trkpt>
   <trkpt lat="47.98291" lon="13.403681"><ele>529.25</ele></trkpt>
   <trkpt lat="47.982651" lon="13.404339"><ele>527</ele></trkpt>
   <trkpt lat="47.982139" lon="13.405717"><ele>525.5</ele></trkpt>
   <trkpt lat="47.981975" lon="13.406161"><ele>526.75</ele></trkpt>
   <trkpt lat="47.981913" lon="13.40633"><ele>526.75</ele></trkpt>
   <trkpt lat="47.980267" lon="13.41078"><ele>524.25</ele></trkpt>
   <trkpt lat="47.979818" lon="13.412037"><ele>520.75</ele></trkpt>
   <trkpt lat="47.979771" lon="13.412182"><ele>521.75</ele></trkpt>
   <trkpt lat="47.97966" lon="13.412547"><ele>521.5</ele></trkpt>
   <trkpt lat="47.979577" lon="13.41287"><ele>520.25</ele></trkpt>
   <trkpt lat="47.979463" lon="13.413356"><ele>522.25</ele></trkpt>
   <trkpt lat="47.979341" lon="13.414062"><ele>519.75</ele></trkpt>
   <trkpt lat="47.979259" lon="13.414806"><ele>519.75</ele></trkpt>
   <trkpt lat="47.979227" lon="13.415505"><ele>520</ele></trkpt>
   <trkpt lat="47.979223" lon="13.415609"><ele>520</ele></trkpt>
   <trkpt lat="47.979215" lon="13.416121"><ele>519.5</ele></trkpt>
   <trkpt lat="47.979215" lon="13.41628"><ele>519.5</ele></trkpt>
   <trkpt lat="47.979241" lon="13.417027"><ele>518.5</ele></trkpt>
   <trkpt lat="47.979283" lon="13.417748"><ele>516.75</ele></trkpt>
   <trkpt lat="47.979304" lon="13.418008"><ele>516.75</ele></trkpt>
   <trkpt lat="47.97934" lon="13.418308"><ele>516.5</ele></trkpt>
   <trkpt lat="47.979354" lon="13.418412"><ele>516.75</ele></trkpt>
   <trkpt lat="47.979404" lon="13.418784"><ele>517.75</ele></trkpt>
   <trkpt lat="47.979474" lon="13.41922"><ele>517.5</ele></trkpt>
   <trkpt lat="47.979502" lon="13.419371"><ele>517</ele></trkpt>
   <trkpt lat="47.979537" lon="13.419564"><ele>516.5</ele></trkpt>
   <trkpt lat="47.979592" lon="13.419855"><ele>515.25</ele></trkpt>
   <trkpt lat="47.979722" lon="13.420417"><ele>516.75</ele></trkpt>
   <trkpt lat="47.979886" lon="13.421045"><ele>515</ele></trkpt>
   <trkpt lat="47.979905" lon="13.421112"><ele>515</ele></trkpt>
   <trkpt lat="47.9802" lon="13.422326"><ele>514.5</ele></trkpt>
   <trkpt lat="47.980224" lon="13.422415"><ele>514.25</ele></trkpt>
   <trkpt lat="47.980245" lon="13.422486"><ele>514</ele></trkpt>
   <trkpt lat="47.980257" lon="13.422532"><ele>514</ele></trkpt>
   <trkpt lat="47.980273" lon="13.422586"><ele>514.25</ele></trkpt>
   <trkpt lat="47.980459" lon="13.42325"><ele>514.5</ele></trkpt>
   <trkpt lat="47.980884" lon="13.424761"><ele>513.75</ele></trkpt>
   <trkpt lat="47.983516" lon="13.43414"><ele>511</ele></trkpt>
   <trkpt lat="47.983871" lon="13.435409"><ele>509.75</ele></trkpt>
   <trkpt lat="47.983883" lon="13.435454"><ele>509.75</ele></trkpt>
   <trkpt lat="47.983941" lon="13.435667"><ele>508.5</ele></trkpt>
   <trkpt lat="47.983956" lon="13.43572"><ele>508</ele></trkpt>
   <trkpt lat="47.984026" lon="13.435988"><ele>507.25</ele></trkpt>
   <trkpt lat="47.984129" lon="13.436362"><ele>509.5</ele></trkpt>
   <trkpt lat="47.984438" lon="13.437419"><ele>509.75</ele></trkpt>
   <trkpt lat="47.984551" lon="13.437837"><ele>507.75</ele></trkpt>
   <trkpt lat="47.984568" lon="13.437902"><ele>507.75</ele></trkpt>
   <trkpt lat="47.984621" lon="13.438113"><ele>508.5</ele></trkpt>
   <trkpt lat="47.984744" lon="13.438622"><ele>509.5</ele></trkpt>
   <trkpt lat="47.984979" lon="13.439694"><ele>509.75</ele></trkpt>
   <trkpt lat="47.985057" lon="13.440013"><ele>508.5</ele></trkpt>
   <trkpt lat="47.98507" lon="13.440064"><ele>508.5</ele></trkpt>
   <trkpt lat="47.985274" lon="13.440918"><ele>509.25</ele></trkpt>
   <trkpt lat="47.98547" lon="13.441775"><ele>510.25</ele></trkpt>
   <trkpt lat="47.985892" lon="13.443697"><ele>507</ele></trkpt>
   <trkpt lat="47.986023" lon="13.444332"><ele>510.25</ele></trkpt>
   <trkpt lat="47.986621" lon="13.44732"><ele>505.75</ele></trkpt>
   <trkpt lat="47.986649" lon="13.447462"><ele>506.5</ele></trkpt>
   <trkpt lat="47.987317" lon="13.450839"><ele>508.75</ele></trkpt>
   <trkpt lat="47.987597" lon="13.452252"><ele>509.25</ele></trkpt>
   <trkpt lat="47.987719" lon="13.452856"><ele>505.5</ele></trkpt>
   <trkpt lat="47.987891" lon="13.453617"><ele>504.25</ele></trkpt>
   <trkpt lat="47.988022" lon="13.454044"><ele>506.5</ele></trkpt>
   <trkpt lat="47.988123" lon="13.454321"><ele>506.75</ele></trkpt>
   <trkpt lat="47.988331" lon="13.454815"><ele>505.25</ele></trkpt>
   <trkpt lat="47.988445" lon="13.455037"><ele>505.75</ele></trkpt>
   <trkpt lat="47.988677" lon="13.455439"><ele>505.75</ele></trkpt>
   <trkpt lat="47.988831" lon="13.455667"><ele>504</ele></trkpt>
   <trkpt lat="47.988975" lon="13.455857"><ele>503.5</ele></trkpt>
   <trkpt lat="47.989164" lon="13.45607"><ele>505.25</ele></trkpt>
   <trkpt lat="47.989472" lon="13.456392"><ele>505.5</ele></trkpt>
   <trkpt lat="47.990341" lon="13.45721"><ele>505.5</ele></trkpt>
   <trkpt lat="47.990382" lon="13.45725"><ele>506.25</ele></trkpt>
   <trkpt lat="47.990869" lon="13.457723"><ele>504.75</ele></trkpt>
   <trkpt lat="47.990921" lon="13.457776"><ele>505</ele></trkpt>
   <trkpt lat="47.993078" lon="13.45992"><ele>501.75</ele></trkpt>
   <trkpt lat="47.993452" lon="13.460337"><ele>502.75</ele></trkpt>
   <trkpt lat="47.993794" lon="13.460799"><ele>504</ele></trkpt>
   <trkpt lat="47.994025" lon="13.461175"><ele>500.5</ele></trkpt>
   <trkpt lat="47.994207" lon="13.46151"><ele>499.25</ele></trkpt>
   <trkpt lat="47.994388" lon="13.461876"><ele>499</ele></trkpt>
   <trkpt lat="47.994541" lon="13.462232"><ele>496.5</ele></trkpt>
   <trkpt lat="47.994752" lon="13.4628"><ele>498.25</ele></trkpt>
   <trkpt lat="47.994932" lon="13.463399"><ele>497.5</ele></trkpt>
   <trkpt lat="47.995069" lon="13.463998"><ele>496</ele></trkpt>
   <trkpt lat="47.995173" lon="13.464589"><ele>497.25</ele></trkpt>
   <trkpt lat="47.995239" lon="13.46517"><ele>499</ele></trkpt>
   <trkpt lat="47.995278" lon="13.465773"><ele>497.75</ele></trkpt>
   <trkpt lat="47.995325" lon="13.466576"><ele>497.75</ele></trkpt>
   <trkpt lat="47.995759" lon="13.474013"><ele>493.75</ele></trkpt>
   <trkpt lat="47.995852" lon="13.475602"><ele>493.75</ele></trkpt>
   <trkpt lat="47.995923" lon="13.476822"><ele>492.25</ele></trkpt>
   <trkpt lat="47.996018" lon="13.478398"><ele>491.5</ele></trkpt>
   <trkpt lat="47.996034" lon="13.478693"><ele>491.25</ele></trkpt>
   <trkpt lat="47.99608" lon="13.479334"><ele>492</ele></trkpt>
   <trkpt lat="47.996173" lon="13.480364"><ele>491.75</ele></trkpt>
   <trkpt lat="47.996192" lon="13.480689"><ele>491.5</ele></trkpt>
   <trkpt lat="47.996196" lon="13.480742"><ele>491.25</ele></trkpt>
   <trkpt lat="47.996268" lon="13.481869"><ele>491.25</ele></trkpt>
   <trkpt lat="47.99635" lon="13.482667"><ele>491.25</ele></trkpt>
   <trkpt lat="47.996388" lon="13.482971"><ele>491</ele></trkpt>
   <trkpt lat="47.996517" lon="13.483818"><ele>489.75</ele></trkpt>
   <trkpt lat="47.996627" lon="13.484397"><ele>490</ele></trkpt>
   <trkpt lat="47.996716" lon="13.484818"><ele>489.5</ele></trkpt>
   <trkpt lat="47.99673" lon="13.484883"><ele>489.5</ele></trkpt>
   <trkpt lat="47.996776" lon="13.485066"><ele>489.5</ele></trkpt>
   <trkpt lat="47.996977" lon="13.485774"><ele>489.5</ele></trkpt>
   <trkpt lat="47.99703" lon="13.485981"><ele>489</ele></trkpt>
   <trkpt lat="47.997075" lon="13.486169"><ele>489.25</ele></trkpt>
   <trkpt lat="47.997202" lon="13.486715"><ele>489</ele></trkpt>
   <trkpt lat="47.99734" lon="13.48727"><ele>489</ele></trkpt>
   <trkpt lat="47.997444" lon="13.487653"><ele>489</ele></trkpt>
   <trkpt lat="47.997625" lon="13.488246"><ele>489</ele></trkpt>
   <trkpt lat="47.997721" lon="13.488533"><ele>489</ele></trkpt>
   <trkpt lat="47.997895" lon="13.489011"><ele>489</ele></trkpt>
   <trkpt lat="47.998017" lon="13.489328"><ele>489</ele></trkpt>
   <trkpt lat="47.998269" lon="13.489898"><ele>489</ele></trkpt>
   <trkpt lat="47.998582" lon="13.490534"><ele>488.75</ele></trkpt>
   <trkpt lat="47.998878" lon="13.491074"><ele>488.75</ele></trkpt>
   <trkpt lat="47.999424" lon="13.492026"><ele>487.25</ele></trkpt>
   <trkpt lat="47.999662" lon="13.492409"><ele>487</ele></trkpt>
   <trkpt lat="48.000364" lon="13.493447"><ele>487</ele></trkpt>
   <trkpt lat="48.000602" lon="13.493798"><ele>486.5</ele></trkpt>
   <trkpt lat="48.000799" lon="13.49407"><ele>486.25</ele></trkpt>
   <trkpt lat="48.001165" lon="13.494525"><ele>486.25</ele></trkpt>
   <trkpt lat="48.001197" lon="13.494557"><ele>486</ele></trkpt>
   <trkpt lat="48.001399" lon="13.494784"><ele>485.75</ele></trkpt>
   <trkpt lat="48.001521" lon="13.494919"><ele>485.75</ele></trkpt>
   <trkpt lat="48.001852" lon="13.495319"><ele>486</ele></trkpt>
   <trkpt lat="48.002086" lon="13.495565"><ele>486</ele></trkpt>
   <trkpt lat="48.002235" lon="13.495707"><ele>485.75</ele></trkpt>
   <trkpt lat="48.002551" lon="13.49599"><ele>484.75</ele></trkpt>
   <trkpt lat="48.002874" lon="13.496263"><ele>485.5</ele></trkpt>
   <trkpt lat="48.00318" lon="13.4965"><ele>484.75</ele></trkpt>
   <trkpt lat="48.003288" lon="13.496582"><ele>484.5</ele></trkpt>
   <trkpt lat="48.003525" lon="13.496753"><ele>484.75</ele></trkpt>
   <trkpt lat="48.003797" lon="13.496937"><ele>484.75</ele></trkpt>
   <trkpt lat="48.004081" lon="13.497115"><ele>483</ele></trkpt>
   <trkpt lat="48.004262" lon="13.49722"><ele>483</ele></trkpt>
   <trkpt lat="48.004428" lon="13.497316"><ele>483.75</ele></trkpt>
   <trkpt lat="48.00477" lon="13.497497"><ele>483.75</ele></trkpt>
   <trkpt lat="48.005145" lon="13.497676"><ele>483</ele></trkpt>
   <trkpt lat="48.005537" lon="13.497848"><ele>483.25</ele></trkpt>
   <trkpt lat="48.006089" lon="13.498053"><ele>484.5</ele></trkpt>
   <trkpt lat="48.006395" lon="13.498155"><ele>482.75</ele></trkpt>
   <trkpt lat="48.006658" lon="13.49823"><ele>481.25</ele></trkpt>
   <trkpt lat="48.007015" lon="13.498322"><ele>481.75</ele></trkpt>
   <trkpt lat="48.00747" lon="13.498418"><ele>483</ele></trkpt>
   <trkpt lat="48.008032" lon="13.498498"><ele>481.75</ele></trkpt>
   <trkpt lat="48.008319" lon="13.498525"><ele>481.5</ele></trkpt>
   <trkpt lat="48.008981" lon="13.498557"><ele>482.5</ele></trkpt>
   <trkpt lat="48.010077" lon="13.49859"><ele>482.5</ele></trkpt>
   <trkpt lat="48.010245" lon="13.498594"><ele>482</ele></trkpt>
   <trkpt lat="48.014215" lon="13.498705"><ele>479.75</ele></trkpt>
   <trkpt lat="48.014281" lon="13.498707"><ele>479.75</ele></trkpt>
   <trkpt lat="48.017762" lon="13.498807"><ele>477</ele></trkpt>
   <trkpt lat="48.019598" lon="13.498862"><ele>477.75</ele></trkpt>
   <trkpt lat="48.019926" lon="13.498881"><ele>477.75</ele></trkpt>
   <trkpt lat="48.020401" lon="13.498929"><ele>477.5</ele></trkpt>
   <trkpt lat="48.020791" lon="13.499002"><ele>476.75</ele></trkpt>
   <trkpt lat="48.021195" lon="13.499108"><ele>476.75</ele></trkpt>
   <trkpt lat="48.021593" lon="13.499248"><ele>476.5</ele></trkpt>
   <trkpt lat="48.021979" lon="13.499418"><ele>477</ele></trkpt>
   <trkpt lat="48.022419" lon="13.499657"><ele>476.5</ele></trkpt>
   <trkpt lat="48.022661" lon="13.499811"><ele>475.75</ele></trkpt>
   <trkpt lat="48.022897" lon="13.499973"><ele>475.25</ele></trkpt>
   <trkpt lat="48.023332" lon="13.50032"><ele>476.5</ele></trkpt>
   <trkpt lat="48.023561" lon="13.500527"><ele>475.5</ele></trkpt>
   <trkpt lat="48.023912" lon="13.500878"><ele>475.5</ele></trkpt>
   <trkpt lat="48.024139" lon="13.50113"><ele>475.5</ele></trkpt>
   <trkpt lat="48.024302" lon="13.501325"><ele>475.25</ele></trkpt>
   <trkpt lat="48.024602" lon="13.50171"><ele>475.5</ele></trkpt>
   <trkpt lat="48.024947" lon="13.502219"><ele>475.75</ele></trkpt>
   <trkpt lat="48.02515" lon="13.502548"><ele>475</ele></trkpt>
   <trkpt lat="48.025309" lon="13.50283"><ele>475.5</ele></trkpt>
   <trkpt lat="48.025451" lon="13.5031"><ele>473.5</ele></trkpt>
   <trkpt lat="48.025636" lon="13.503475"><ele>472.75</ele></trkpt>
   <trkpt lat="48.025913" lon="13.504118"><ele>474</ele></trkpt>
   <trkpt lat="48.026095" lon="13.504604"><ele>474.75</ele></trkpt>
   <trkpt lat="48.026252" lon="13.505098"><ele>474</ele></trkpt>
   <trkpt lat="48.026396" lon="13.5056"><ele>474.75</ele></trkpt>
   <trkpt lat="48.026505" lon="13.506042"><ele>474.75</ele></trkpt>
   <trkpt lat="48.02665" lon="13.506753"><ele>474.75</ele></trkpt>
   <trkpt lat="48.026745" lon="13.507371"><ele>474</ele></trkpt>
   <trkpt lat="48.026781" lon="13.50766"><ele>474</ele></trkpt>
   <trkpt lat="48.026813" lon="13.507961"><ele>474</ele></trkpt>
   <trkpt lat="48.026821" lon="13.508111"><ele>473.75</ele></trkpt>
   <trkpt lat="48.026825" lon="13.508174"><ele>473.75</ele></trkpt>
   <trkpt lat="48.026861" lon="13.508781"><ele>473.75</ele></trkpt>
   <trkpt lat="48.026867" lon="13.509073"><ele>473.5</ele></trkpt>
   <trkpt lat="48.026875" lon="13.509395"><ele>473.5</ele></trkpt>
   <trkpt lat="48.026863" lon="13.509941"><ele>473</ele></trkpt>
   <trkpt lat="48.026823" lon="13.510674"><ele>473</ele></trkpt>
   <trkpt lat="48.026804" lon="13.510917"><ele>473</ele></trkpt>
   <trkpt lat="48.026751" lon="13.51153"><ele>473</ele></trkpt>
   <trkpt lat="48.026745" lon="13.511599"><ele>472.75</ele></trkpt>
   <trkpt lat="48.026684" lon="13.512114"><ele>473</ele></trkpt>
   <trkpt lat="48.026531" lon="13.513237"><ele>472</ele></trkpt>
   <trkpt lat="48.026465" lon="13.513656"><ele>471.75</ele></trkpt>
   <trkpt lat="48.025608" lon="13.518639"><ele>470.75</ele></trkpt>
   <trkpt lat="48.025122" lon="13.521297"><ele>469.75</ele></trkpt>
   <trkpt lat="48.024917" lon="13.522429"><ele>469.5</ele></trkpt>
   <trkpt lat="48.02486" lon="13.522739"><ele>468.5</ele></trkpt>
   <trkpt lat="48.024657" lon="13.523925"><ele>469.25</ele></trkpt>
   <trkpt lat="48.024445" lon="13.525144"><ele>468.75</ele></trkpt>
   <trkpt lat="48.024021" lon="13.527612"><ele>466</ele></trkpt>
   <trkpt lat="48.023966" lon="13.527933"><ele>466.75</ele></trkpt>
   <trkpt lat="48.023642" lon="13.529816"><ele>466.75</ele></trkpt>
   <trkpt lat="48.023631" lon="13.529879"><ele>466.75</ele></trkpt>
   <trkpt lat="48.023622" lon="13.529935"><ele>466.75</ele></trkpt>
   <trkpt lat="48.022789" lon="13.53476"><ele>465.75</ele></trkpt>
   <trkpt lat="48.022195" lon="13.53821"><ele>465.75</ele></trkpt>
   <trkpt lat="48.021757" lon="13.540722"><ele>461</ele></trkpt>
   <trkpt lat="48.02161" lon="13.541574"><ele>462.5</ele></trkpt>
   <trkpt lat="48.020925" lon="13.545541"><ele>461.5</ele></trkpt>
   <trkpt lat="48.020195" lon="13.549759"><ele>461.5</ele></trkpt>
   <trkpt lat="48.019631" lon="13.553024"><ele>460</ele></trkpt>
   <trkpt lat="48.018652" lon="13.558697"><ele>458.25</ele></trkpt>
   <trkpt lat="48.018092" lon="13.561945"><ele>457.75</ele></trkpt>
   <trkpt lat="48.017861" lon="13.563245"><ele>456.75</ele></trkpt>
   <trkpt lat="48.017775" lon="13.563687"><ele>457.75</ele></trkpt>
   <trkpt lat="48.017676" lon="13.564177"><ele>456.5</ele></trkpt>
   <trkpt lat="48.017516" lon="13.564896"><ele>457.5</ele></trkpt>
   <trkpt lat="48.017346" lon="13.565616"><ele>455</ele></trkpt>
   <trkpt lat="48.017047" lon="13.566745"><ele>455.25</ele></trkpt>
   <trkpt lat="48.016846" lon="13.567449"><ele>455.5</ele></trkpt>
   <trkpt lat="48.016691" lon="13.567949"><ele>454.25</ele></trkpt>
   <trkpt lat="48.016596" lon="13.568246"><ele>454.75</ele></trkpt>
   <trkpt lat="48.01618" lon="13.569466"><ele>454.75</ele></trkpt>
   <trkpt lat="48.016022" lon="13.569896"><ele>455.25</ele></trkpt>
   <trkpt lat="48.015825" lon="13.570405"><ele>455.25</ele></trkpt>
   <trkpt lat="48.015412" lon="13.571424"><ele>454.5</ele></trkpt>
   <trkpt lat="48.014998" lon="13.572343"><ele>455</ele></trkpt>
   <trkpt lat="48.014569" lon="13.573245"><ele>454.5</ele></trkpt>
   <trkpt lat="48.012617" lon="13.577287"><ele>452.5</ele></trkpt>
   <trkpt lat="48.012222" lon="13.578169"><ele>454</ele></trkpt>
   <trkpt lat="48.01184" lon="13.579105"><ele>453.5</ele></trkpt>
   <trkpt lat="48.011512" lon="13.579974"><ele>453</ele></trkpt>
   <trkpt lat="48.011344" lon="13.58046"><ele>453</ele></trkpt>
   <trkpt lat="48.011048" lon="13.581374"><ele>450</ele></trkpt>
   <trkpt lat="48.010995" lon="13.581551"><ele>451.25</ele></trkpt>
   <trkpt lat="48.010821" lon="13.582155"><ele>452.75</ele></trkpt>
   <trkpt lat="48.010614" lon="13.582934"><ele>452.25</ele></trkpt>
   <trkpt lat="48.010451" lon="13.58361"><ele>452.25</ele></trkpt>
   <trkpt lat="48.010206" lon="13.584744"><ele>451.5</ele></trkpt>
   <trkpt lat="48.009667" lon="13.587403"><ele>451</ele></trkpt>
   <trkpt lat="48.009653" lon="13.587479"><ele>451</ele></trkpt>
   <trkpt lat="48.009602" lon="13.587752"><ele>450.25</ele></trkpt>
   <trkpt lat="48.009518" lon="13.588311"><ele>450.5</ele></trkpt>
   <trkpt lat="48.009452" lon="13.588696"><ele>450.75</ele></trkpt>
   <trkpt lat="48.009433" lon="13.588789"><ele>450.75</ele></trkpt>
   <trkpt lat="48.009415" lon="13.588881"><ele>450.75</ele></trkpt>
   <trkpt lat="48.00937" lon="13.589125"><ele>450.5</ele></trkpt>
   <trkpt lat="48.009251" lon="13.589887"><ele>450.75</ele></trkpt>
   <trkpt lat="48.00918" lon="13.590268"><ele>451</ele></trkpt>
   <trkpt lat="48.0091" lon="13.590658"><ele>450</ele></trkpt>
   <trkpt lat="48.009028" lon="13.591021"><ele>450</ele></trkpt>
   <trkpt lat="48.007488" lon="13.598627"><ele>449.75</ele></trkpt>
   <trkpt lat="48.0074" lon="13.599076"><ele>449</ele></trkpt>
   <trkpt lat="48.007303" lon="13.599528"><ele>449</ele></trkpt>
   <trkpt lat="48.007189" lon="13.599966"><ele>448.75</ele></trkpt>
   <trkpt lat="48.007109" lon="13.600289"><ele>447</ele></trkpt>
   <trkpt lat="48.007053" lon="13.600544"><ele>447.5</ele></trkpt>
   <trkpt lat="48.007046" lon="13.600575"><ele>447.5</ele></trkpt>
   <trkpt lat="48.006911" lon="13.601245"><ele>447.5</ele></trkpt>
   <trkpt lat="48.006845" lon="13.601572"><ele>446</ele></trkpt>
   <trkpt lat="48.006822" lon="13.601684"><ele>446</ele></trkpt>
   <trkpt lat="48.006778" lon="13.601893"><ele>446.25</ele></trkpt>
   <trkpt lat="48.006625" lon="13.602487"><ele>448.25</ele></trkpt>
   <trkpt lat="48.00653" lon="13.602906"><ele>446</ele></trkpt>
   <trkpt lat="48.006523" lon="13.602941"><ele>445.75</ele></trkpt>
   <trkpt lat="48.006405" lon="13.60352"><ele>447.25</ele></trkpt>
   <trkpt lat="48.006263" lon="13.604225"><ele>445.5</ele></trkpt>
   <trkpt lat="48.006142" lon="13.604823"><ele>447.75</ele></trkpt>
   <trkpt lat="48.005731" lon="13.606865"><ele>445</ele></trkpt>
   <trkpt lat="48.005672" lon="13.607162"><ele>445</ele></trkpt>
   <trkpt lat="48.005319" lon="13.608911"><ele>447.25</ele></trkpt>
   <trkpt lat="48.005282" lon="13.609096"><ele>447</ele></trkpt>
   <trkpt lat="48.0047" lon="13.611995"><ele>448.25</ele></trkpt>
   <trkpt lat="48.004508" lon="13.613083"><ele>448.25</ele></trkpt>
   <trkpt lat="48.004418" lon="13.613686"><ele>448.25</ele></trkpt>
   <trkpt lat="48.004344" lon="13.614296"><ele>448.5</ele></trkpt>
   <trkpt lat="48.004298" lon="13.614753"><ele>450.75</ele></trkpt>
   <trkpt lat="48.004259" lon="13.615215"><ele>450.5</ele></trkpt>
   <trkpt lat="48.004225" lon="13.615834"><ele>448</ele></trkpt>
   <trkpt lat="48.004203" lon="13.616524"><ele>447.5</ele></trkpt>
   <trkpt lat="48.004204" lon="13.617239"><ele>447.25</ele></trkpt>
   <trkpt lat="48.004221" lon="13.617924"><ele>446.25</ele></trkpt>
   <trkpt lat="48.004257" lon="13.618564"><ele>446.5</ele></trkpt>
   <trkpt lat="48.004316" lon="13.619249"><ele>447.25</ele></trkpt>
   <trkpt lat="48.004385" lon="13.61987"><ele>446.5</ele></trkpt>
   <trkpt lat="48.004469" lon="13.620489"><ele>445.25</ele></trkpt>
   <trkpt lat="48.004638" lon="13.62146"><ele>446</ele></trkpt>
   <trkpt lat="48.004855" lon="13.622469"><ele>445</ele></trkpt>
   <trkpt lat="48.005035" lon="13.623236"><ele>444</ele></trkpt>
   <trkpt lat="48.005285" lon="13.624253"><ele>442.25</ele></trkpt>
   <trkpt lat="48.005482" lon="13.625056"><ele>441.75</ele></trkpt>
   <trkpt lat="48.006234" lon="13.628132"><ele>441.75</ele></trkpt>
   <trkpt lat="48.006277" lon="13.628299"><ele>442</ele></trkpt>
   <trkpt lat="48.007966" lon="13.635157"><ele>437.5</ele></trkpt>
   <trkpt lat="48.008434" lon="13.637059"><ele>436.5</ele></trkpt>
   <trkpt lat="48.008459" lon="13.637156"><ele>436.75</ele></trkpt>
   <trkpt lat="48.008611" lon="13.637765"><ele>436.75</ele></trkpt>
   <trkpt lat="48.011169" lon="13.648182"><ele>429</ele></trkpt>
   <trkpt lat="48.011431" lon="13.649243"><ele>428.5</ele></trkpt>
   <trkpt lat="48.011514" lon="13.649568"><ele>428.5</ele></trkpt>
   <trkpt lat="48.011806" lon="13.650789"><ele>429.5</ele></trkpt>
   <trkpt lat="48.011875" lon="13.651119"><ele>430.75</ele></trkpt>
   <trkpt lat="48.011948" lon="13.651483"><ele>432.5</ele></trkpt>
   <trkpt lat="48.01207" lon="13.652248"><ele>430.5</ele></trkpt>
   <trkpt lat="48.012138" lon="13.652828"><ele>431.25</ele></trkpt>
   <trkpt lat="48.012192" lon="13.653548"><ele>433</ele></trkpt>
   <trkpt lat="48.012201" lon="13.653733"><ele>433.5</ele></trkpt>
   <trkpt lat="48.012211" lon="13.654358"><ele>433.75</ele></trkpt>
   <trkpt lat="48.012197" lon="13.65521"><ele>433.75</ele></trkpt>
   <trkpt lat="48.012158" lon="13.655745"><ele>433.5</ele></trkpt>
   <trkpt lat="48.012131" lon="13.656028"><ele>435.25</ele></trkpt>
   <trkpt lat="48.012105" lon="13.656279"><ele>436.25</ele></trkpt>
   <trkpt lat="48.012056" lon="13.656662"><ele>436.25</ele></trkpt>
   <trkpt lat="48.011986" lon="13.657103"><ele>434.75</ele></trkpt>
   <trkpt lat="48.011905" lon="13.657541"><ele>434.5</ele></trkpt>
   <trkpt lat="48.011813" lon="13.65798"><ele>436.75</ele></trkpt>
   <trkpt lat="48.011621" lon="13.65878"><ele>434.25</ele></trkpt>
   <trkpt lat="48.011515" lon="13.659182"><ele>435.25</ele></trkpt>
   <trkpt lat="48.01151" lon="13.6592"><ele>435.25</ele></trkpt>
   <trkpt lat="48.011494" lon="13.659258"><ele>435</ele></trkpt>
   <trkpt lat="48.011374" lon="13.659719"><ele>433.75</ele></trkpt>
   <trkpt lat="48.01127" lon="13.660154"><ele>436</ele></trkpt>
   <trkpt lat="48.011178" lon="13.660476"><ele>435.5</ele></trkpt>
   <trkpt lat="48.010988" lon="13.661061"><ele>435.5</ele></trkpt>
   <trkpt lat="48.01097" lon="13.661117"><ele>435.5</ele></trkpt>
   <trkpt lat="48.01088" lon="13.661429"><ele>435.25</ele></trkpt>
   <trkpt lat="48.010753" lon="13.661966"><ele>435</ele></trkpt>
   <trkpt lat="48.010751" lon="13.661976"><ele>435</ele></trkpt>
   <trkpt lat="48.010702" lon="13.662169"><ele>435.25</ele></trkpt>
   <trkpt lat="48.01069" lon="13.66222"><ele>435.25</ele></trkpt>
   <trkpt lat="48.010619" lon="13.662494"><ele>435.25</ele></trkpt>
   <trkpt lat="48.010416" lon="13.663122"><ele>435</ele></trkpt>
   <trkpt lat="48.010183" lon="13.663843"><ele>434.25</ele></trkpt>
   <trkpt lat="48.008073" lon="13.670357"><ele>435</ele></trkpt>
   <trkpt lat="48.007892" lon="13.670904"><ele>435.25</ele></trkpt>
   <trkpt lat="48.007783" lon="13.671195"><ele>435</ele></trkpt>
   <trkpt lat="48.007773" lon="13.671217"><ele>434.75</ele></trkpt>
   <trkpt lat="48.007696" lon="13.671399"><ele>435</ele></trkpt>
   <trkpt lat="48.007483" lon="13.671914"><ele>434.75</ele></trkpt>
   <trkpt lat="48.007345" lon="13.672311"><ele>434</ele></trkpt>
   <trkpt lat="48.007267" lon="13.672547"><ele>434.75</ele></trkpt>
   <trkpt lat="48.006974" lon="13.673455"><ele>435</ele></trkpt>
   <trkpt lat="48.00688" lon="13.673743"><ele>434.5</ele></trkpt>
   <trkpt lat="48.006858" lon="13.673815"><ele>434.5</ele></trkpt>
   <trkpt lat="48.006846" lon="13.673855"><ele>434.5</ele></trkpt>
   <trkpt lat="48.006761" lon="13.674134"><ele>435.5</ele></trkpt>
   <trkpt lat="48.006649" lon="13.674549"><ele>434.75</ele></trkpt>
   <trkpt lat="48.006595" lon="13.674782"><ele>435.5</ele></trkpt>
   <trkpt lat="48.006533" lon="13.675132"><ele>437</ele></trkpt>
   <trkpt lat="48.00648" lon="13.675486"><ele>437.25</ele></trkpt>
   <trkpt lat="48.006442" lon="13.675903"><ele>435.75</ele></trkpt>
   <trkpt lat="48.006426" lon="13.676189"><ele>434.75</ele></trkpt>
   <trkpt lat="48.00642" lon="13.676623"><ele>434.75</ele></trkpt>
   <trkpt lat="48.006437" lon="13.677047"><ele>435.75</ele></trkpt>
   <trkpt lat="48.006456" lon="13.677289"><ele>436.75</ele></trkpt>
   <trkpt lat="48.006504" lon="13.677689"><ele>437</ele></trkpt>
   <trkpt lat="48.006545" lon="13.67796"><ele>437.25</ele></trkpt>
   <trkpt lat="48.006623" lon="13.678371"><ele>435</ele></trkpt>
   <trkpt lat="48.006635" lon="13.678427"><ele>434.75</ele></trkpt>
   <trkpt lat="48.006714" lon="13.678799"><ele>435.25</ele></trkpt>
   <trkpt lat="48.006747" lon="13.678944"><ele>436</ele></trkpt>
   <trkpt lat="48.007193" lon="13.680967"><ele>433</ele></trkpt>
   <trkpt lat="48.007204" lon="13.681015"><ele>433</ele></trkpt>
   <trkpt lat="48.007276" lon="13.681348"><ele>433.25</ele></trkpt>
   <trkpt lat="48.007738" lon="13.683421"><ele>432</ele></trkpt>
   <trkpt lat="48.008052" lon="13.684889"><ele>430.5</ele></trkpt>
   <trkpt lat="48.008123" lon="13.685246"><ele>429.75</ele></trkpt>
   <trkpt lat="48.00821" lon="13.685767"><ele>429.75</ele></trkpt>
   <trkpt lat="48.008314" lon="13.686524"><ele>429.5</ele></trkpt>
   <trkpt lat="48.008365" lon="13.68706"><ele>429.25</ele></trkpt>
   <trkpt lat="48.008402" lon="13.68757"><ele>429.25</ele></trkpt>
   <trkpt lat="48.008423" lon="13.688029"><ele>428.25</ele></trkpt>
   <trkpt lat="48.008434" lon="13.6887"><ele>428.25</ele></trkpt>
   <trkpt lat="48.008423" lon="13.689433"><ele>428.25</ele></trkpt>
   <trkpt lat="48.00839" lon="13.689907"><ele>428</ele></trkpt>
   <trkpt lat="48.008336" lon="13.690572"><ele>427.75</ele></trkpt>
   <trkpt lat="48.008271" lon="13.691147"><ele>427</ele></trkpt>
   <trkpt lat="48.00775" lon="13.695132"><ele>426.75</ele></trkpt>
   <trkpt lat="48.007542" lon="13.696724"><ele>425.25</ele></trkpt>
   <trkpt lat="48.007512" lon="13.696953"><ele>424.75</ele></trkpt>
   <trkpt lat="48.007129" lon="13.699878"><ele>423</ele></trkpt>
   <trkpt lat="48.007068" lon="13.700352"><ele>422.5</ele></trkpt>
   <trkpt lat="48.006849" lon="13.702002"><ele>422</ele></trkpt>
   <trkpt lat="48.006831" lon="13.702138"><ele>421.75</ele></trkpt>
   <trkpt lat="48.006689" lon="13.703211"><ele>422.75</ele></trkpt>
   <trkpt lat="48.006571" lon="13.704193"><ele>421</ele></trkpt>
   <trkpt lat="48.006499" lon="13.705057"><ele>420.5</ele></trkpt>
   <trkpt lat="48.006472" lon="13.705515"><ele>420.5</ele></trkpt>
   <trkpt lat="48.006457" lon="13.70593"><ele>421</ele></trkpt>
   <trkpt lat="48.006449" lon="13.706488"><ele>420.75</ele></trkpt>
   <trkpt lat="48.006453" lon="13.70695"><ele>420.75</ele></trkpt>
   <trkpt lat="48.006468" lon="13.707434"><ele>420.25</ele></trkpt>
   <trkpt lat="48.006493" lon="13.707911"><ele>419.75</ele></trkpt>
   <trkpt lat="48.006561" lon="13.708773"><ele>418.5</ele></trkpt>
   <trkpt lat="48.006627" lon="13.709385"><ele>419.5</ele></trkpt>
   <trkpt lat="48.006693" lon="13.709857"><ele>419.75</ele></trkpt>
   <trkpt lat="48.007029" lon="13.711957"><ele>418.25</ele></trkpt>
   <trkpt lat="48.007141" lon="13.712659"><ele>419</ele></trkpt>
   <trkpt lat="48.007154" lon="13.712737"><ele>419</ele></trkpt>
   <trkpt lat="48.007231" lon="13.713223"><ele>418.75</ele></trkpt>
   <trkpt lat="48.007362" lon="13.713976"><ele>418.5</ele></trkpt>
   <trkpt lat="48.007398" lon="13.714135"><ele>418.5</ele></trkpt>
   <trkpt lat="48.007437" lon="13.714303"><ele>418.25</ele></trkpt>
   <trkpt lat="48.007515" lon="13.714577"><ele>418.25</ele></trkpt>
   <trkpt lat="48.007601" lon="13.714829"><ele>419.25</ele></trkpt>
   <trkpt lat="48.007702" lon="13.715073"><ele>418.75</ele></trkpt>
   <trkpt lat="48.007813" lon="13.715309"><ele>417.5</ele></trkpt>
   <trkpt lat="48.007867" lon="13.715414"><ele>418.75</ele></trkpt>
   <trkpt lat="48.008062" lon="13.71575"><ele>417</ele></trkpt>
   <trkpt lat="48.008104" lon="13.715818"><ele>417</ele></trkpt>
   <trkpt lat="48.008282" lon="13.716082"><ele>417</ele></trkpt>
   <trkpt lat="48.008386" lon="13.716214"><ele>417</ele></trkpt>
   <trkpt lat="48.00856" lon="13.716415"><ele>417</ele></trkpt>
   <trkpt lat="48.008775" lon="13.716616"><ele>416.25</ele></trkpt>
   <trkpt lat="48.009079" lon="13.716845"><ele>416</ele></trkpt>
   <trkpt lat="48.009247" lon="13.717001"><ele>416</ele></trkpt>
   <trkpt lat="48.009339" lon="13.717096"><ele>416</ele></trkpt>
   <trkpt lat="48.009442" lon="13.717219"><ele>416</ele></trkpt>
   <trkpt lat="48.00974" lon="13.717605"><ele>416</ele></trkpt>
   <trkpt lat="48.01002" lon="13.717888"><ele>416</ele></trkpt>
   <trkpt lat="48.010523" lon="13.718361"><ele>416</ele></trkpt>
   <trkpt lat="48.010714" lon="13.718549"><ele>416</ele></trkpt>
   <trkpt lat="48.01095" lon="13.718798"><ele>415</ele></trkpt>
   <trkpt lat="48.011169" lon="13.719015"><ele>414.75</ele></trkpt>
   <trkpt lat="48.012585" lon="13.720343"><ele>414.75</ele></trkpt>
   <trkpt lat="48.012627" lon="13.720382"><ele>414.75</ele></trkpt>
   <trkpt lat="48.012767" lon="13.720514"><ele>414</ele></trkpt>
   <trkpt lat="48.013435" lon="13.721158"><ele>414.75</ele></trkpt>
   <trkpt lat="48.013821" lon="13.721565"><ele>414</ele></trkpt>
   <trkpt lat="48.014446" lon="13.722244"><ele>414</ele></trkpt>
   <trkpt lat="48.014895" lon="13.722729"><ele>414</ele></trkpt>
   <trkpt lat="48.015137" lon="13.723043"><ele>414</ele></trkpt>
   <trkpt lat="48.015347" lon="13.723277"><ele>414</ele></trkpt>
   <trkpt lat="48.015488" lon="13.723407"><ele>414</ele></trkpt>
   <trkpt lat="48.015896" lon="13.723799"><ele>414</ele></trkpt>
   <trkpt lat="48.016508" lon="13.724438"><ele>413.5</ele></trkpt>
   <trkpt lat="48.01678" lon="13.7247"><ele>413</ele></trkpt>
   <trkpt lat="48.016814" lon="13.724734"><ele>413</ele></trkpt>
   <trkpt lat="48.017131" lon="13.725034"><ele>413</ele></trkpt>
   <trkpt lat="48.017173" lon="13.725073"><ele>413</ele></trkpt>
   <trkpt lat="48.0174" lon="13.725291"><ele>413</ele></trkpt>
   <trkpt lat="48.01792" lon="13.725836"><ele>413</ele></trkpt>
   <trkpt lat="48.018287" lon="13.726197"><ele>412.5</ele></trkpt>
   <trkpt lat="48.018331" lon="13.726237"><ele>412.5</ele></trkpt>
   <trkpt lat="48.019648" lon="13.727472"><ele>411.75</ele></trkpt>
   <trkpt lat="48.01983" lon="13.727642"><ele>412</ele></trkpt>
   <trkpt lat="48.019863" lon="13.727674"><ele>412</ele></trkpt>
   <trkpt lat="48.020542" lon="13.728314"><ele>411</ele></trkpt>
   <trkpt lat="48.020619" lon="13.728387"><ele>411</ele></trkpt>
   <trkpt lat="48.020698" lon="13.728461"><ele>411</ele></trkpt>
   <trkpt lat="48.020978" lon="13.728725"><ele>410.75</ele></trkpt>
   <trkpt lat="48.021019" lon="13.728765"><ele>410.75</ele></trkpt>
   <trkpt lat="48.022605" lon="13.73026"><ele>410.5</ele></trkpt>
   <trkpt lat="48.025324" lon="13.732821"><ele>407.75</ele></trkpt>
   <trkpt lat="48.028992" lon="13.73628"><ele>405.5</ele></trkpt>
   <trkpt lat="48.03239" lon="13.739489"><ele>402.5</ele></trkpt>
   <trkpt lat="48.032676" lon="13.739754"><ele>402</ele></trkpt>
   <trkpt lat="48.034256" lon="13.741241"><ele>402.5</ele></trkpt>
   <trkpt lat="48.034519" lon="13.741488"><ele>402</ele></trkpt>
   <trkpt lat="48.035223" lon="13.74215"><ele>402</ele></trkpt>
   <trkpt lat="48.036012" lon="13.74291"><ele>400</ele></trkpt>
   <trkpt lat="48.03629" lon="13.74317"><ele>398.75</ele></trkpt>
   <trkpt lat="48.037199" lon="13.74404"><ele>400.25</ele></trkpt>
   <trkpt lat="48.037644" lon="13.744488"><ele>400</ele></trkpt>
   <trkpt lat="48.038124" lon="13.744989"><ele>400</ele></trkpt>
   <trkpt lat="48.038582" lon="13.745493"><ele>400</ele></trkpt>
   <trkpt lat="48.039037" lon="13.746008"><ele>400</ele></trkpt>
   <trkpt lat="48.039634" lon="13.746724"><ele>398.5</ele></trkpt>
   <trkpt lat="48.040076" lon="13.747286"><ele>399</ele></trkpt>
   <trkpt lat="48.040783" lon="13.74823"><ele>398.75</ele></trkpt>
   <trkpt lat="48.041279" lon="13.748938"><ele>398</ele></trkpt>
   <trkpt lat="48.04177" lon="13.749667"><ele>397.5</ele></trkpt>
   <trkpt lat="48.043335" lon="13.752107"><ele>396.25</ele></trkpt>
   <trkpt lat="48.043739" lon="13.752747"><ele>396.5</ele></trkpt>
   <trkpt lat="48.045283" lon="13.755142"><ele>395.25</ele></trkpt>
   <trkpt lat="48.046189" lon="13.756484"><ele>393.25</ele></trkpt>
   <trkpt lat="48.046344" lon="13.756711"><ele>393.75</ele></trkpt>
   <trkpt lat="48.046698" lon="13.757242"><ele>394.5</ele></trkpt>
   <trkpt lat="48.047486" lon="13.758402"><ele>394</ele></trkpt>
   <trkpt lat="48.047956" lon="13.759089"><ele>393.5</ele></trkpt>
   <trkpt lat="48.047982" lon="13.759127"><ele>393.75</ele></trkpt>
   <trkpt lat="48.04825" lon="13.75951"><ele>393.5</ele></trkpt>
   <trkpt lat="48.048709" lon="13.760119"><ele>393.5</ele></trkpt>
   <trkpt lat="48.048968" lon="13.760489"><ele>393</ele></trkpt>
   <trkpt lat="48.049028" lon="13.760575"><ele>393</ele></trkpt>
   <trkpt lat="48.049239" lon="13.760893"><ele>393.5</ele></trkpt>
   <trkpt lat="48.049779" lon="13.761761"><ele>392.5</ele></trkpt>
   <trkpt lat="48.049955" lon="13.762026"><ele>392.75</ele></trkpt>
   <trkpt lat="48.050163" lon="13.762335"><ele>392.75</ele></trkpt>
   <trkpt lat="48.050534" lon="13.762906"><ele>392.75</ele></trkpt>
   <trkpt lat="48.05092" lon="13.76354"><ele>392.25</ele></trkpt>
   <trkpt lat="48.050987" lon="13.763641"><ele>392.5</ele></trkpt>
   <trkpt lat="48.051531" lon="13.764451"><ele>392.5</ele></trkpt>
   <trkpt lat="48.05347" lon="13.767322"><ele>392.25</ele></trkpt>
   <trkpt lat="48.054906" lon="13.769475"><ele>391.75</ele></trkpt>
   <trkpt lat="48.055296" lon="13.769987"><ele>391.75</ele></trkpt>
   <trkpt lat="48.055529" lon="13.770309"><ele>386.5</ele></trkpt>
   <trkpt lat="48.055611" lon="13.770432"><ele>388</ele></trkpt>
   <trkpt lat="48.056016" lon="13.771041"><ele>388</ele></trkpt>
   <trkpt lat="48.056082" lon="13.771144"><ele>388.25</ele></trkpt>
   <trkpt lat="48.056851" lon="13.7723"><ele>388.75</ele></trkpt>
   <trkpt lat="48.05737" lon="13.773082"><ele>388.75</ele></trkpt>
   <trkpt lat="48.057421" lon="13.773157"><ele>388</ele></trkpt>
   <trkpt lat="48.057967" lon="13.773979"><ele>390</ele></trkpt>
   <trkpt lat="48.058596" lon="13.774926"><ele>389</ele></trkpt>
   <trkpt lat="48.058754" lon="13.775165"><ele>389.5</ele></trkpt>
   <trkpt lat="48.058906" lon="13.775397"><ele>390.5</ele></trkpt>
   <trkpt lat="48.060308" lon="13.777528"><ele>390.75</ele></trkpt>
   <trkpt lat="48.060674" lon="13.778094"><ele>389.25</ele></trkpt>
   <trkpt lat="48.060785" lon="13.778275"><ele>391.5</ele></trkpt>
   <trkpt lat="48.062191" lon="13.780567"><ele>391.25</ele></trkpt>
   <trkpt lat="48.062591" lon="13.781234"><ele>391.75</ele></trkpt>
   <trkpt lat="48.063774" lon="13.783172"><ele>393.25</ele></trkpt>
   <trkpt lat="48.064211" lon="13.783873"><ele>394</ele></trkpt>
   <trkpt lat="48.06453" lon="13.784373"><ele>394.5</ele></trkpt>
   <trkpt lat="48.064953" lon="13.785006"><ele>395</ele></trkpt>
   <trkpt lat="48.065801" lon="13.786227"><ele>396</ele></trkpt>
   <trkpt lat="48.066169" lon="13.786733"><ele>396.5</ele></trkpt>
   <trkpt lat="48.066593" lon="13.787301"><ele>397</ele></trkpt>
   <trkpt lat="48.067053" lon="13.787878"><ele>397.75</ele></trkpt>
   <trkpt lat="48.067552" lon="13.788515"><ele>397.75</ele></trkpt>
   <trkpt lat="48.068207" lon="13.789297"><ele>397.75</ele></trkpt>
   <trkpt lat="48.068699" lon="13.789868"><ele>398</ele></trkpt>
   <trkpt lat="48.069334" lon="13.790572"><ele>396.25</ele></trkpt>
   <trkpt lat="48.070084" lon="13.79137"><ele>396</ele></trkpt>
   <trkpt lat="48.07075" lon="13.792056"><ele>395.75</ele></trkpt>
   <trkpt lat="48.071212" lon="13.79253"><ele>395</ele></trkpt>
   <trkpt lat="48.0723" lon="13.79364"><ele>394.25</ele></trkpt>
   <trkpt lat="48.073682" lon="13.79505"><ele>395</ele></trkpt>
   <trkpt lat="48.074695" lon="13.796107"><ele>394</ele></trkpt>
   <trkpt lat="48.075393" lon="13.796863"><ele>393.75</ele></trkpt>
   <trkpt lat="48.076078" lon="13.797637"><ele>393.5</ele></trkpt>
   <trkpt lat="48.077024" lon="13.798752"><ele>394</ele></trkpt>
   <trkpt lat="48.077942" lon="13.7999"><ele>394</ele></trkpt>
   <trkpt lat="48.078733" lon="13.800936"><ele>393.25</ele></trkpt>
   <trkpt lat="48.080314" lon="13.803106"><ele>390.5</ele></trkpt>
   <trkpt lat="48.08049" lon="13.803345"><ele>390.5</ele></trkpt>
   <trkpt lat="48.080851" lon="13.803843"><ele>391.25</ele></trkpt>
   <trkpt lat="48.082532" lon="13.806158"><ele>390.5</ele></trkpt>
   <trkpt lat="48.082596" lon="13.806246"><ele>391.25</ele></trkpt>
   <trkpt lat="48.082619" lon="13.806276"><ele>391.25</ele></trkpt>
   <trkpt lat="48.082676" lon="13.806355"><ele>390.75</ele></trkpt>
   <trkpt lat="48.084567" lon="13.808954"><ele>389</ele></trkpt>
   <trkpt lat="48.084891" lon="13.809395"><ele>389</ele></trkpt>
   <trkpt lat="48.085101" lon="13.809688"><ele>387</ele></trkpt>
   <trkpt lat="48.086663" lon="13.811829"><ele>382.75</ele></trkpt>
   <trkpt lat="48.086731" lon="13.811926"><ele>382.5</ele></trkpt>
   <trkpt lat="48.088177" lon="13.813987"><ele>383.25</ele></trkpt>
   <trkpt lat="48.088305" lon="13.814179"><ele>385.25</ele></trkpt>
   <trkpt lat="48.089037" lon="13.815328"><ele>383.25</ele></trkpt>
   <trkpt lat="48.089697" lon="13.816427"><ele>383.5</ele></trkpt>
   <trkpt lat="48.090038" lon="13.81704"><ele>382.75</ele></trkpt>
   <trkpt lat="48.090434" lon="13.817793"><ele>382</ele></trkpt>
   <trkpt lat="48.090788" lon="13.818492"><ele>382.5</ele></trkpt>
   <trkpt lat="48.09098" lon="13.818886"><ele>382</ele></trkpt>
   <trkpt lat="48.09135" lon="13.8197"><ele>382.5</ele></trkpt>
   <trkpt lat="48.091872" lon="13.820869"><ele>380.75</ele></trkpt>
   <trkpt lat="48.092339" lon="13.822035"><ele>379.75</ele></trkpt>
   <trkpt lat="48.092879" lon="13.823491"><ele>379</ele></trkpt>
   <trkpt lat="48.093104" lon="13.824149"><ele>379.75</ele></trkpt>
   <trkpt lat="48.09355" lon="13.82558"><ele>378.75</ele></trkpt>
   <trkpt lat="48.093941" lon="13.82695"><ele>377.5</ele></trkpt>
   <trkpt lat="48.094204" lon="13.827966"><ele>377.75</ele></trkpt>
   <trkpt lat="48.094288" lon="13.828323"><ele>374.75</ele></trkpt>
   <trkpt lat="48.094367" lon="13.828641"><ele>377.75</ele></trkpt>
   <trkpt lat="48.094612" lon="13.829775"><ele>376.5</ele></trkpt>
   <trkpt lat="48.094767" lon="13.830521"><ele>377</ele></trkpt>
   <trkpt lat="48.094845" lon="13.83096"><ele>375.25</ele></trkpt>
   <trkpt lat="48.094846" lon="13.830966"><ele>375.25</ele></trkpt>
   <trkpt lat="48.095011" lon="13.83186"><ele>378</ele></trkpt>
   <trkpt lat="48.095208" lon="13.833122"><ele>376.5</ele></trkpt>
   <trkpt lat="48.095338" lon="13.834118"><ele>376.5</ele></trkpt>
   <trkpt lat="48.09547" lon="13.835252"><ele>376.5</ele></trkpt>
   <trkpt lat="48.095591" lon="13.836567"><ele>375.25</ele></trkpt>
   <trkpt lat="48.095657" lon="13.83746"><ele>374</ele></trkpt>
   <trkpt lat="48.095692" lon="13.838023"><ele>374</ele></trkpt>
   <trkpt lat="48.095747" lon="13.839255"><ele>373.5</ele></trkpt>
   <trkpt lat="48.095765" lon="13.83993"><ele>373.75</ele></trkpt>
   <trkpt lat="48.095777" lon="13.841396"><ele>373.5</ele></trkpt>
   <trkpt lat="48.095764" lon="13.842355"><ele>373</ele></trkpt>
   <trkpt lat="48.095744" lon="13.843147"><ele>372.25</ele></trkpt>
   <trkpt lat="48.095716" lon="13.84394"><ele>371</ele></trkpt>
   <trkpt lat="48.095613" lon="13.846145"><ele>369.25</ele></trkpt>
   <trkpt lat="48.095594" lon="13.846493"><ele>369.5</ele></trkpt>
   <trkpt lat="48.095551" lon="13.847343"><ele>371.75</ele></trkpt>
   <trkpt lat="48.095286" lon="13.85264"><ele>370</ele></trkpt>
   <trkpt lat="48.095125" lon="13.855814"><ele>370.5</ele></trkpt>
   <trkpt lat="48.094993" lon="13.858434"><ele>367.75</ele></trkpt>
   <trkpt lat="48.09499" lon="13.858485"><ele>367.75</ele></trkpt>
   <trkpt lat="48.094888" lon="13.860545"><ele>367.25</ele></trkpt>
   <trkpt lat="48.094878" lon="13.860752"><ele>366</ele></trkpt>
   <trkpt lat="48.094855" lon="13.861265"><ele>362.5</ele></trkpt>
   <trkpt lat="48.094842" lon="13.862138"><ele>362</ele></trkpt>
   <trkpt lat="48.094818" lon="13.862759"><ele>362.25</ele></trkpt>
   <trkpt lat="48.094811" lon="13.862918"><ele>362.5</ele></trkpt>
   <trkpt lat="48.094663" lon="13.865879"><ele>362</ele></trkpt>
   <trkpt lat="48.094501" lon="13.86916"><ele>363.75</ele></trkpt>
   <trkpt lat="48.094429" lon="13.870671"><ele>362</ele></trkpt>
   <trkpt lat="48.094393" lon="13.871723"><ele>359.25</ele></trkpt>
   <trkpt lat="48.094384" lon="13.872029"><ele>360.75</ele></trkpt>
   <trkpt lat="48.094368" lon="13.873297"><ele>369</ele></trkpt>
   <trkpt lat="48.09437" lon="13.873495"><ele>368.75</ele></trkpt>
   <trkpt lat="48.094392" lon="13.87451"><ele>368.75</ele></trkpt>
   <trkpt lat="48.094409" lon="13.875291"><ele>368.75</ele></trkpt>
   <trkpt lat="48.094444" lon="13.876056"><ele>368.5</ele></trkpt>
   <trkpt lat="48.094463" lon="13.876469"><ele>368.5</ele></trkpt>
   <trkpt lat="48.094525" lon="13.877492"><ele>368.5</ele></trkpt>
   <trkpt lat="48.094534" lon="13.877647"><ele>368.5</ele></trkpt>
   <trkpt lat="48.094627" lon="13.878714"><ele>368.25</ele></trkpt>
   <trkpt lat="48.094867" lon="13.880852"><ele>368</ele></trkpt>
   <trkpt lat="48.095047" lon="13.882079"><ele>368</ele></trkpt>
   <trkpt lat="48.095097" lon="13.882367"><ele>368</ele></trkpt>
   <trkpt lat="48.095246" lon="13.883232"><ele>367.75</ele></trkpt>
   <trkpt lat="48.095406" lon="13.884086"><ele>367.75</ele></trkpt>
   <trkpt lat="48.095883" lon="13.886216"><ele>367.5</ele></trkpt>
   <trkpt lat="48.096218" lon="13.887507"><ele>367.25</ele></trkpt>
   <trkpt lat="48.096409" lon="13.888191"><ele>367.25</ele></trkpt>
   <trkpt lat="48.096605" lon="13.888843"><ele>367.25</ele></trkpt>
   <trkpt lat="48.097211" lon="13.890699"><ele>367</ele></trkpt>
   <trkpt lat="48.097461" lon="13.891419"><ele>367</ele></trkpt>
   <trkpt lat="48.09775" lon="13.892185"><ele>367</ele></trkpt>
   <trkpt lat="48.098581" lon="13.894151"><ele>364.25</ele></trkpt>
   <trkpt lat="48.098695" lon="13.894415"><ele>363.5</ele></trkpt>
   <trkpt lat="48.098956" lon="13.894999"><ele>365.75</ele></trkpt>
   <trkpt lat="48.099233" lon="13.895571"><ele>365.75</ele></trkpt>
   <trkpt lat="48.099515" lon="13.896135"><ele>365.5</ele></trkpt>
   <trkpt lat="48.100021" lon="13.897095"><ele>364.75</ele></trkpt>
   <trkpt lat="48.100287" lon="13.897573"><ele>364.75</ele></trkpt>
   <trkpt lat="48.100834" lon="13.898511"><ele>364.5</ele></trkpt>
   <trkpt lat="48.101479" lon="13.899544"><ele>364</ele></trkpt>
   <trkpt lat="48.101949" lon="13.900261"><ele>364</ele></trkpt>
   <trkpt lat="48.103211" lon="13.902147"><ele>363.5</ele></trkpt>
   <trkpt lat="48.103308" lon="13.902292"><ele>363.5</ele></trkpt>
   <trkpt lat="48.10378" lon="13.902994"><ele>363</ele></trkpt>
   <trkpt lat="48.105002" lon="13.904808"><ele>362</ele></trkpt>
   <trkpt lat="48.105282" lon="13.905226"><ele>361.25</ele></trkpt>
   <trkpt lat="48.10537" lon="13.905357"><ele>361</ele></trkpt>
   <trkpt lat="48.105457" lon="13.905487"><ele>361.25</ele></trkpt>
   <trkpt lat="48.107684" lon="13.908782"><ele>361</ele></trkpt>
   <trkpt lat="48.113093" lon="13.916868"><ele>358</ele></trkpt>
   <trkpt lat="48.115124" lon="13.919881"><ele>356.25</ele></trkpt>
   <trkpt lat="48.115327" lon="13.920183"><ele>356.75</ele></trkpt>
   <trkpt lat="48.115954" lon="13.921118"><ele>356.5</ele></trkpt>
   <trkpt lat="48.116199" lon="13.921482"><ele>354.75</ele></trkpt>
   <trkpt lat="48.116325" lon="13.92167"><ele>355.25</ele></trkpt>
   <trkpt lat="48.116433" lon="13.92183"><ele>356</ele></trkpt>
   <trkpt lat="48.120057" lon="13.927227"><ele>353.75</ele></trkpt>
   <trkpt lat="48.122972" lon="13.931553"><ele>351.5</ele></trkpt>
   <trkpt lat="48.124484" lon="13.933796"><ele>350.75</ele></trkpt>
   <trkpt lat="48.126833" lon="13.937319"><ele>347.5</ele></trkpt>
   <trkpt lat="48.126962" lon="13.937512"><ele>347</ele></trkpt>
   <trkpt lat="48.127067" lon="13.93767"><ele>348.75</ele></trkpt>
   <trkpt lat="48.127732" lon="13.938671"><ele>348.75</ele></trkpt>
   <trkpt lat="48.128203" lon="13.939379"><ele>348.5</ele></trkpt>
   <trkpt lat="48.128218" lon="13.939401"><ele>348.5</ele></trkpt>
   <trkpt lat="48.128448" lon="13.93976"><ele>347.75</ele></trkpt>
   <trkpt lat="48.128838" lon="13.940411"><ele>347.75</ele></trkpt>
   <trkpt lat="48.129119" lon="13.940849"><ele>348.75</ele></trkpt>
   <trkpt lat="48.129174" lon="13.940934"><ele>348.5</ele></trkpt>
   <trkpt lat="48.129956" lon="13.942118"><ele>347.75</ele></trkpt>
   <trkpt lat="48.130472" lon="13.942893"><ele>347.25</ele></trkpt>
   <trkpt lat="48.13058" lon="13.943059"><ele>347.75</ele></trkpt>
   <trkpt lat="48.130957" lon="13.943631"><ele>347</ele></trkpt>
   <trkpt lat="48.13351" lon="13.947494"><ele>346</ele></trkpt>
   <trkpt lat="48.135355" lon="13.950222"><ele>345</ele></trkpt>
   <trkpt lat="48.135524" lon="13.950472"><ele>345</ele></trkpt>
   <trkpt lat="48.135615" lon="13.950602"><ele>344.75</ele></trkpt>
   <trkpt lat="48.136118" lon="13.951348"><ele>345</ele></trkpt>
   <trkpt lat="48.136256" lon="13.951547"><ele>344.5</ele></trkpt>
   <trkpt lat="48.13758" lon="13.95349"><ele>344</ele></trkpt>
   <trkpt lat="48.1376" lon="13.953518"><ele>344</ele></trkpt>
   <trkpt lat="48.137819" lon="13.95384"><ele>343.25</ele></trkpt>
   <trkpt lat="48.138153" lon="13.954328"><ele>344</ele></trkpt>
   <trkpt lat="48.138332" lon="13.954592"><ele>343.25</ele></trkpt>
   <trkpt lat="48.138935" lon="13.955474"><ele>342.75</ele></trkpt>
   <trkpt lat="48.144785" lon="13.964184"><ele>338.5</ele></trkpt>
   <trkpt lat="48.145064" lon="13.964626"><ele>338.5</ele></trkpt>
   <trkpt lat="48.145189" lon="13.964824"><ele>337</ele></trkpt>
   <trkpt lat="48.145376" lon="13.965119"><ele>336</ele></trkpt>
   <trkpt lat="48.145748" lon="13.965717"><ele>338</ele></trkpt>
   <trkpt lat="48.145974" lon="13.966087"><ele>337.75</ele></trkpt>
   <trkpt lat="48.14617" lon="13.966425"><ele>337.75</ele></trkpt>
   <trkpt lat="48.14636" lon="13.966753"><ele>337.25</ele></trkpt>
   <trkpt lat="48.147174" lon="13.968273"><ele>337</ele></trkpt>
   <trkpt lat="48.147985" lon="13.969903"><ele>336</ele></trkpt>
   <trkpt lat="48.148807" lon="13.971679"><ele>335</ele></trkpt>
   <trkpt lat="48.149281" lon="13.972837"><ele>335</ele></trkpt>
   <trkpt lat="48.149807" lon="13.974179"><ele>334</ele></trkpt>
   <trkpt lat="48.150163" lon="13.975146"><ele>333.5</ele></trkpt>
   <trkpt lat="48.150515" lon="13.976154"><ele>333</ele></trkpt>
   <trkpt lat="48.15136" lon="13.978871"><ele>332</ele></trkpt>
   <trkpt lat="48.151853" lon="13.980487"><ele>331.25</ele></trkpt>
   <trkpt lat="48.151911" lon="13.980677"><ele>328.25</ele></trkpt>
   <trkpt lat="48.152175" lon="13.981564"><ele>327.25</ele></trkpt>
   <trkpt lat="48.152756" lon="13.983463"><ele>329.75</ele></trkpt>
   <trkpt lat="48.153435" lon="13.985685"><ele>326.5</ele></trkpt>
   <trkpt lat="48.153466" lon="13.985785"><ele>325.75</ele></trkpt>
   <trkpt lat="48.153559" lon="13.986104"><ele>327.75</ele></trkpt>
   <trkpt lat="48.1536" lon="13.986236"><ele>328.25</ele></trkpt>
   <trkpt lat="48.154295" lon="13.988511"><ele>324.5</ele></trkpt>
   <trkpt lat="48.15542" lon="13.992249"><ele>323</ele></trkpt>
   <trkpt lat="48.156595" lon="13.996152"><ele>322.75</ele></trkpt>
   <trkpt lat="48.156699" lon="13.996494"><ele>320.75</ele></trkpt>
   <trkpt lat="48.157214" lon="13.998187"><ele>323.25</ele></trkpt>
   <trkpt lat="48.15751" lon="13.999158"><ele>322.75</ele></trkpt>
   <trkpt lat="48.158187" lon="14.001381"><ele>320</ele></trkpt>
   <trkpt lat="48.158328" lon="14.001859"><ele>321.5</ele></trkpt>
   <trkpt lat="48.16159" lon="14.012615"><ele>319</ele></trkpt>
   <trkpt lat="48.161949" lon="14.013815"><ele>318.75</ele></trkpt>
   <trkpt lat="48.162387" lon="14.015247"><ele>318.5</ele></trkpt>
   <trkpt lat="48.162476" lon="14.015537"><ele>318</ele></trkpt>
   <trkpt lat="48.16256" lon="14.015821"><ele>316.5</ele></trkpt>
   <trkpt lat="48.162879" lon="14.016878"><ele>318</ele></trkpt>
   <trkpt lat="48.163013" lon="14.01732"><ele>317.75</ele></trkpt>
   <trkpt lat="48.163092" lon="14.017583"><ele>318</ele></trkpt>
   <trkpt lat="48.163104" lon="14.017623"><ele>318</ele></trkpt>
   <trkpt lat="48.16314" lon="14.017736"><ele>318</ele></trkpt>
   <trkpt lat="48.16325" lon="14.018071"><ele>317.5</ele></trkpt>
   <trkpt lat="48.163355" lon="14.018357"><ele>317.75</ele></trkpt>
   <trkpt lat="48.163493" lon="14.018766"><ele>317.5</ele></trkpt>
   <trkpt lat="48.163544" lon="14.018937"><ele>317.75</ele></trkpt>
   <trkpt lat="48.163926" lon="14.020211"><ele>317.75</ele></trkpt>
   <trkpt lat="48.163944" lon="14.020269"><ele>317.75</ele></trkpt>
   <trkpt lat="48.1641" lon="14.020779"><ele>317</ele></trkpt>
   <trkpt lat="48.164208" lon="14.021114"><ele>317</ele></trkpt>
   <trkpt lat="48.164406" lon="14.021638"><ele>317</ele></trkpt>
   <trkpt lat="48.164573" lon="14.022085"><ele>317</ele></trkpt>
   <trkpt lat="48.164664" lon="14.022339"><ele>317</ele></trkpt>
   <trkpt lat="48.164964" lon="14.023157"><ele>317</ele></trkpt>
   <trkpt lat="48.165111" lon="14.023638"><ele>317</ele></trkpt>
   <trkpt lat="48.165199" lon="14.024048"><ele>317</ele></trkpt>
   <trkpt lat="48.165325" lon="14.024514"><ele>317</ele></trkpt>
   <trkpt lat="48.165397" lon="14.024752"><ele>317</ele></trkpt>
   <trkpt lat="48.165938" lon="14.026565"><ele>317</ele></trkpt>
   <trkpt lat="48.16691" lon="14.029752"><ele>317</ele></trkpt>
   <trkpt lat="48.166931" lon="14.02982"><ele>317</ele></trkpt>
   <trkpt lat="48.167033" lon="14.030144"><ele>317</ele></trkpt>
   <trkpt lat="48.167138" lon="14.030445"><ele>317</ele></trkpt>
   <trkpt lat="48.167207" lon="14.030703"><ele>317</ele></trkpt>
   <trkpt lat="48.167301" lon="14.03113"><ele>316.5</ele></trkpt>
   <trkpt lat="48.167315" lon="14.031202"><ele>316.75</ele></trkpt>
   <trkpt lat="48.167375" lon="14.031444"><ele>317</ele></trkpt>
   <trkpt lat="48.167593" lon="14.032169"><ele>316.5</ele></trkpt>
   <trkpt lat="48.167736" lon="14.032653"><ele>316</ele></trkpt>
   <trkpt lat="48.167774" lon="14.032775"><ele>316</ele></trkpt>
   <trkpt lat="48.167969" lon="14.033411"><ele>316</ele></trkpt>
   <trkpt lat="48.168094" lon="14.033817"><ele>316</ele></trkpt>
   <trkpt lat="48.168206" lon="14.034177"><ele>316</ele></trkpt>
   <trkpt lat="48.168357" lon="14.034683"><ele>316</ele></trkpt>
   <trkpt lat="48.168429" lon="14.034935"><ele>316</ele></trkpt>
   <trkpt lat="48.168604" lon="14.03551"><ele>315.5</ele></trkpt>
   <trkpt lat="48.168698" lon="14.035802"><ele>315.5</ele></trkpt>
   <trkpt lat="48.168739" lon="14.035942"><ele>315.5</ele></trkpt>
   <trkpt lat="48.168844" lon="14.036242"><ele>315.5</ele></trkpt>
   <trkpt lat="48.168981" lon="14.036573"><ele>316</ele></trkpt>
   <trkpt lat="48.169218" lon="14.037151"><ele>315.75</ele></trkpt>
   <trkpt lat="48.169385" lon="14.037554"><ele>316</ele></trkpt>
   <trkpt lat="48.169504" lon="14.03779"><ele>315.75</ele></trkpt>
   <trkpt lat="48.16952" lon="14.037821"><ele>315.5</ele></trkpt>
   <trkpt lat="48.16982" lon="14.038396"><ele>315</ele></trkpt>
   <trkpt lat="48.169826" lon="14.03841"><ele>315</ele></trkpt>
   <trkpt lat="48.170119" lon="14.038971"><ele>315.25</ele></trkpt>
   <trkpt lat="48.170397" lon="14.039538"><ele>315</ele></trkpt>
   <trkpt lat="48.171025" lon="14.040754"><ele>314.25</ele></trkpt>
   <trkpt lat="48.171354" lon="14.041397"><ele>314</ele></trkpt>
   <trkpt lat="48.17138" lon="14.041447"><ele>314</ele></trkpt>
   <trkpt lat="48.171382" lon="14.041452"><ele>314</ele></trkpt>
   <trkpt lat="48.171409" lon="14.041504"><ele>314</ele></trkpt>
   <trkpt lat="48.171807" lon="14.042275"><ele>314</ele></trkpt>
   <trkpt lat="48.17206" lon="14.042764"><ele>313.75</ele></trkpt>
   <trkpt lat="48.172189" lon="14.042983"><ele>314</ele></trkpt>
   <trkpt lat="48.172208" lon="14.043013"><ele>314</ele></trkpt>
   <trkpt lat="48.172316" lon="14.043202"><ele>314</ele></trkpt>
   <trkpt lat="48.172434" lon="14.043433"><ele>314</ele></trkpt>
   <trkpt lat="48.172747" lon="14.044034"><ele>314</ele></trkpt>
   <trkpt lat="48.176161" lon="14.050647"><ele>313.5</ele></trkpt>
   <trkpt lat="48.176547" lon="14.051405"><ele>313.5</ele></trkpt>
   <trkpt lat="48.176847" lon="14.051969"><ele>313.5</ele></trkpt>
   <trkpt lat="48.177085" lon="14.052365"><ele>313.5</ele></trkpt>
   <trkpt lat="48.177253" lon="14.052677"><ele>313.25</ele></trkpt>
   <trkpt lat="48.17757" lon="14.053282"><ele>313.5</ele></trkpt>
   <trkpt lat="48.178301" lon="14.054713"><ele>313</ele></trkpt>
   <trkpt lat="48.178357" lon="14.054833"><ele>312.5</ele></trkpt>
   <trkpt lat="48.178524" lon="14.055238"><ele>312.75</ele></trkpt>
   <trkpt lat="48.178635" lon="14.055469"><ele>312.25</ele></trkpt>
   <trkpt lat="48.179005" lon="14.056184"><ele>312</ele></trkpt>
   <trkpt lat="48.179055" lon="14.056281"><ele>312</ele></trkpt>
   <trkpt lat="48.179323" lon="14.056786"><ele>312</ele></trkpt>
   <trkpt lat="48.179497" lon="14.057064"><ele>312</ele></trkpt>
   <trkpt lat="48.179605" lon="14.057246"><ele>312</ele></trkpt>
   <trkpt lat="48.180001" lon="14.058014"><ele>312</ele></trkpt>
   <trkpt lat="48.184172" lon="14.066096"><ele>311</ele></trkpt>
   <trkpt lat="48.184345" lon="14.066395"><ele>311</ele></trkpt>
   <trkpt lat="48.184499" lon="14.066629"><ele>311</ele></trkpt>
   <trkpt lat="48.184786" lon="14.067093"><ele>311</ele></trkpt>
   <trkpt lat="48.184878" lon="14.067271"><ele>311</ele></trkpt>
   <trkpt lat="48.185026" lon="14.067559"><ele>311</ele></trkpt>
   <trkpt lat="48.185262" lon="14.068016"><ele>311</ele></trkpt>
   <trkpt lat="48.185475" lon="14.068454"><ele>311.25</ele></trkpt>
   <trkpt lat="48.185489" lon="14.068488"><ele>311.25</ele></trkpt>
   <trkpt lat="48.185492" lon="14.068496"><ele>311.25</ele></trkpt>
   <trkpt lat="48.185756" lon="14.069139"><ele>311.75</ele></trkpt>
   <trkpt lat="48.185977" lon="14.069594"><ele>312</ele></trkpt>
   <trkpt lat="48.186293" lon="14.070214"><ele>311.5</ele></trkpt>
   <trkpt lat="48.186308" lon="14.070245"><ele>311.5</ele></trkpt>
   <trkpt lat="48.186763" lon="14.071125"><ele>311.75</ele></trkpt>
   <trkpt lat="48.186994" lon="14.071579"><ele>311.75</ele></trkpt>
   <trkpt lat="48.1876" lon="14.072754"><ele>312</ele></trkpt>
   <trkpt lat="48.187901" lon="14.073338"><ele>311.75</ele></trkpt>
   <trkpt lat="48.188221" lon="14.073959"><ele>311.75</ele></trkpt>
   <trkpt lat="48.188232" lon="14.07398"><ele>311.75</ele></trkpt>
   <trkpt lat="48.188514" lon="14.074528"><ele>311</ele></trkpt>
   <trkpt lat="48.188718" lon="14.074924"><ele>311</ele></trkpt>
   <trkpt lat="48.188824" lon="14.075131"><ele>311.25</ele></trkpt>
   <trkpt lat="48.188902" lon="14.075283"><ele>311.75</ele></trkpt>
   <trkpt lat="48.189086" lon="14.075622"><ele>310.5</ele></trkpt>
   <trkpt lat="48.189282" lon="14.07596"><ele>310.5</ele></trkpt>
   <trkpt lat="48.189441" lon="14.076233"><ele>310.75</ele></trkpt>
   <trkpt lat="48.189628" lon="14.076574"><ele>309.25</ele></trkpt>
   <trkpt lat="48.189645" lon="14.076605"><ele>309.25</ele></trkpt>
   <trkpt lat="48.18981" lon="14.076921"><ele>308.25</ele></trkpt>
   <trkpt lat="48.190304" lon="14.07786"><ele>309.75</ele></trkpt>
   <trkpt lat="48.190344" lon="14.077937"><ele>310.25</ele></trkpt>
   <trkpt lat="48.190899" lon="14.07899"><ele>310.25</ele></trkpt>
   <trkpt lat="48.191028" lon="14.079222"><ele>309.75</ele></trkpt>
   <trkpt lat="48.191315" lon="14.079697"><ele>309.75</ele></trkpt>
   <trkpt lat="48.192084" lon="14.080864"><ele>308.5</ele></trkpt>
   <trkpt lat="48.192274" lon="14.081177"><ele>308.25</ele></trkpt>
   <trkpt lat="48.192456" lon="14.081499"><ele>309.25</ele></trkpt>
   <trkpt lat="48.192716" lon="14.082"><ele>308.5</ele></trkpt>
   <trkpt lat="48.192964" lon="14.082523"><ele>309.25</ele></trkpt>
   <trkpt lat="48.193194" lon="14.083059"><ele>308.5</ele></trkpt>
   <trkpt lat="48.193513" lon="14.083868"><ele>308.25</ele></trkpt>
   <trkpt lat="48.193549" lon="14.08396"><ele>308</ele></trkpt>
   <trkpt lat="48.193658" lon="14.084237"><ele>308</ele></trkpt>
   <trkpt lat="48.193663" lon="14.084251"><ele>308</ele></trkpt>
   <trkpt lat="48.194218" lon="14.085667"><ele>307.75</ele></trkpt>
   <trkpt lat="48.194631" lon="14.086704"><ele>307.25</ele></trkpt>
   <trkpt lat="48.194725" lon="14.08692"><ele>307</ele></trkpt>
   <trkpt lat="48.194919" lon="14.087335"><ele>307.5</ele></trkpt>
   <trkpt lat="48.196398" lon="14.090216"><ele>307</ele></trkpt>
   <trkpt lat="48.196678" lon="14.090782"><ele>305.25</ele></trkpt>
   <trkpt lat="48.197214" lon="14.091825"><ele>307.25</ele></trkpt>
   <trkpt lat="48.198547" lon="14.094451"><ele>307</ele></trkpt>
   <trkpt lat="48.199174" lon="14.095685"><ele>306.75</ele></trkpt>
   <trkpt lat="48.199196" lon="14.095727"><ele>306.75</ele></trkpt>
   <trkpt lat="48.200204" lon="14.097708"><ele>307</ele></trkpt>
   <trkpt lat="48.200225" lon="14.09775"><ele>307</ele></trkpt>
   <trkpt lat="48.200442" lon="14.098208"><ele>307</ele></trkpt>
   <trkpt lat="48.20065" lon="14.098703"><ele>307</ele></trkpt>
   <trkpt lat="48.20083" lon="14.099077"><ele>306.75</ele></trkpt>
   <trkpt lat="48.200901" lon="14.099214"><ele>307</ele></trkpt>
   <trkpt lat="48.201882" lon="14.101096"><ele>307</ele></trkpt>
   <trkpt lat="48.203063" lon="14.103336"><ele>305.75</ele></trkpt>
   <trkpt lat="48.203697" lon="14.104546"><ele>305</ele></trkpt>
   <trkpt lat="48.20394" lon="14.105029"><ele>305.25</ele></trkpt>
   <trkpt lat="48.204262" lon="14.105719"><ele>303.5</ele></trkpt>
   <trkpt lat="48.2045" lon="14.106199"><ele>306.5</ele></trkpt>
   <trkpt lat="48.20461" lon="14.106413"><ele>306.5</ele></trkpt>
   <trkpt lat="48.205365" lon="14.107881"><ele>307.25</ele></trkpt>
   <trkpt lat="48.20601" lon="14.109137"><ele>307</ele></trkpt>
   <trkpt lat="48.206356" lon="14.109808"><ele>306.75</ele></trkpt>
   <trkpt lat="48.206382" lon="14.109859"><ele>306.5</ele></trkpt>
   <trkpt lat="48.206471" lon="14.110032"><ele>306.75</ele></trkpt>
   <trkpt lat="48.20699" lon="14.111042"><ele>306.25</ele></trkpt>
   <trkpt lat="48.207248" lon="14.111544"><ele>306</ele></trkpt>
   <trkpt lat="48.207275" lon="14.111597"><ele>306</ele></trkpt>
   <trkpt lat="48.209249" lon="14.115436"><ele>303.5</ele></trkpt>
   <trkpt lat="48.212021" lon="14.12083"><ele>302</ele></trkpt>
   <trkpt lat="48.212119" lon="14.121025"><ele>302.75</ele></trkpt>
   <trkpt lat="48.213049" lon="14.122831"><ele>304.75</ele></trkpt>
   <trkpt lat="48.213965" lon="14.12462"><ele>305</ele></trkpt>
   <trkpt lat="48.215265" lon="14.127145"><ele>304</ele></trkpt>
   <trkpt lat="48.215654" lon="14.127902"><ele>305</ele></trkpt>
   <trkpt lat="48.215866" lon="14.12831"><ele>303.5</ele></trkpt>
   <trkpt lat="48.216042" lon="14.128653"><ele>303.25</ele></trkpt>
   <trkpt lat="48.221402" lon="14.139095"><ele>302.75</ele></trkpt>
   <trkpt lat="48.221968" lon="14.140195"><ele>300</ele></trkpt>
   <trkpt lat="48.222041" lon="14.140339"><ele>299.5</ele></trkpt>
   <trkpt lat="48.222687" lon="14.141597"><ele>302</ele></trkpt>
   <trkpt lat="48.223372" lon="14.142933"><ele>303</ele></trkpt>
   <trkpt lat="48.227384" lon="14.150742"><ele>300.5</ele></trkpt>
   <trkpt lat="48.22757" lon="14.151105"><ele>301.25</ele></trkpt>
   <trkpt lat="48.227757" lon="14.151469"><ele>303</ele></trkpt>
   <trkpt lat="48.229181" lon="14.154245"><ele>301.75</ele></trkpt>
   <trkpt lat="48.229523" lon="14.154911"><ele>301</ele></trkpt>
   <trkpt lat="48.233186" lon="14.162049"><ele>299.5</ele></trkpt>
   <trkpt lat="48.233802" lon="14.163251"><ele>295.75</ele></trkpt>
   <trkpt lat="48.234022" lon="14.163679"><ele>296.75</ele></trkpt>
   <trkpt lat="48.235792" lon="14.167126"><ele>298.5</ele></trkpt>
   <trkpt lat="48.239218" lon="14.173806"><ele>296.75</ele></trkpt>
   <trkpt lat="48.239582" lon="14.174512"><ele>296.75</ele></trkpt>
   <trkpt lat="48.240024" lon="14.175375"><ele>296.75</ele></trkpt>
   <trkpt lat="48.240046" lon="14.175419"><ele>296.75</ele></trkpt>
   <trkpt lat="48.240371" lon="14.176028"><ele>296.5</ele></trkpt>
   <trkpt lat="48.240675" lon="14.176564"><ele>295.75</ele></trkpt>
   <trkpt lat="48.240883" lon="14.176955"><ele>296</ele></trkpt>
   <trkpt lat="48.241414" lon="14.177981"><ele>296.25</ele></trkpt>
   <trkpt lat="48.242132" lon="14.179359"><ele>295.25</ele></trkpt>
   <trkpt lat="48.242326" lon="14.179706"><ele>296</ele></trkpt>
   <trkpt lat="48.242481" lon="14.179957"><ele>296.5</ele></trkpt>
   <trkpt lat="48.242653" lon="14.180256"><ele>296.25</ele></trkpt>
   <trkpt lat="48.242855" lon="14.180641"><ele>296.5</ele></trkpt>
   <trkpt lat="48.243384" lon="14.181651"><ele>296.75</ele></trkpt>
   <trkpt lat="48.245449" lon="14.185637"><ele>296</ele></trkpt>
   <trkpt lat="48.246098" lon="14.186901"><ele>296</ele></trkpt>
   <trkpt lat="48.24736" lon="14.189377"><ele>295.75</ele></trkpt>
   <trkpt lat="48.247872" lon="14.190398"><ele>296</ele></trkpt>
   <trkpt lat="48.248092" lon="14.190855"><ele>296</ele></trkpt>
   <trkpt lat="48.248452" lon="14.191651"><ele>295.25</ele></trkpt>
   <trkpt lat="48.248665" lon="14.192082"><ele>296</ele></trkpt>
   <trkpt lat="48.248955" lon="14.192654"><ele>295</ele></trkpt>
   <trkpt lat="48.249001" lon="14.192746"><ele>294.5</ele></trkpt>
   <trkpt lat="48.249463" lon="14.193659"><ele>293.75</ele></trkpt>
   <trkpt lat="48.250005" lon="14.194725"><ele>295</ele></trkpt>
   <trkpt lat="48.250435" lon="14.195569"><ele>295</ele></trkpt>
   <trkpt lat="48.252353" lon="14.1993"><ele>294</ele></trkpt>
   <trkpt lat="48.252546" lon="14.199677"><ele>294</ele></trkpt>
   <trkpt lat="48.256288" lon="14.206992"><ele>292.75</ele></trkpt>
   <trkpt lat="48.257186" lon="14.208758"><ele>293</ele></trkpt>
   <trkpt lat="48.258576" lon="14.211472"><ele>291.75</ele></trkpt>
   <trkpt lat="48.259564" lon="14.213388"><ele>290.25</ele></trkpt>
   <trkpt lat="48.262493" lon="14.219117"><ele>289</ele></trkpt>
   <trkpt lat="48.263179" lon="14.220457"><ele>288.5</ele></trkpt>
   <trkpt lat="48.265758" lon="14.225491"><ele>286.25</ele></trkpt>
   <trkpt lat="48.266141" lon="14.226238"><ele>286.75</ele></trkpt>
   <trkpt lat="48.267754" lon="14.22939"><ele>286</ele></trkpt>
   <trkpt lat="48.267894" lon="14.229664"><ele>283</ele></trkpt>
   <trkpt lat="48.267948" lon="14.229769"><ele>281.75</ele></trkpt>
   <trkpt lat="48.268127" lon="14.230114"><ele>281.5</ele></trkpt>
   <trkpt lat="48.268214" lon="14.230285"><ele>283.25</ele></trkpt>
   <trkpt lat="48.270461" lon="14.234683"><ele>280.75</ele></trkpt>
   <trkpt lat="48.270772" lon="14.235292"><ele>280.75</ele></trkpt>
   <trkpt lat="48.271035" lon="14.235848"><ele>280</ele></trkpt>
   <trkpt lat="48.271356" lon="14.23657"><ele>280.5</ele></trkpt>
   <trkpt lat="48.271649" lon="14.237274"><ele>281</ele></trkpt>
   <trkpt lat="48.271918" lon="14.237978"><ele>281.25</ele></trkpt>
   <trkpt lat="48.272146" lon="14.238625"><ele>282.5</ele></trkpt>
   <trkpt lat="48.272346" lon="14.239231"><ele>281.75</ele></trkpt>
   <trkpt lat="48.272531" lon="14.239831"><ele>280.75</ele></trkpt>
   <trkpt lat="48.272708" lon="14.240447"><ele>281.25</ele></trkpt>
   <trkpt lat="48.272956" lon="14.24139"><ele>280.5</ele></trkpt>
   <trkpt lat="48.273147" lon="14.2422"><ele>279.25</ele></trkpt>
   <trkpt lat="48.273281" lon="14.242811"><ele>279</ele></trkpt>
   <trkpt lat="48.27331" lon="14.242945"><ele>280</ele></trkpt>
   <trkpt lat="48.273425" lon="14.24357"><ele>278</ele></trkpt>
   <trkpt lat="48.273555" lon="14.244331"><ele>278.5</ele></trkpt>
   <trkpt lat="48.27368" lon="14.245187"><ele>276.5</ele></trkpt>
   <trkpt lat="48.273732" lon="14.245579"><ele>276</ele></trkpt>
   <trkpt lat="48.273765" lon="14.245825"><ele>276.5</ele></trkpt>
   <trkpt lat="48.273833" lon="14.246462"><ele>276.75</ele></trkpt>
   <trkpt lat="48.27389" lon="14.24709"><ele>278.75</ele></trkpt>
   <trkpt lat="48.273981" lon="14.248361"><ele>276</ele></trkpt>
   <trkpt lat="48.274017" lon="14.249281"><ele>275.25</ele></trkpt>
   <trkpt lat="48.274023" lon="14.249478"><ele>275</ele></trkpt>
   <trkpt lat="48.274042" lon="14.252072"><ele>276.75</ele></trkpt>
   <trkpt lat="48.274054" lon="14.253858"><ele>276.5</ele></trkpt>
   <trkpt lat="48.274057" lon="14.254423"><ele>277.75</ele></trkpt>
   <trkpt lat="48.274069" lon="14.256909"><ele>279.25</ele></trkpt>
   <trkpt lat="48.274076" lon="14.258161"><ele>278.5</ele></trkpt>
   <trkpt lat="48.274085" lon="14.259238"><ele>278</ele></trkpt>
   <trkpt lat="48.274104" lon="14.263135"><ele>272.5</ele></trkpt>
   <trkpt lat="48.274107" lon="14.263813"><ele>272.25</ele></trkpt>
   <trkpt lat="48.274117" lon="14.265509"><ele>272.25</ele></trkpt>
   <trkpt lat="48.274118" lon="14.265567"><ele>272.25</ele></trkpt>
   <trkpt lat="48.274125" lon="14.266205"><ele>273.5</ele></trkpt>
   <trkpt lat="48.274139" lon="14.266643"><ele>273</ele></trkpt>
   <trkpt lat="48.274156" lon="14.267039"><ele>273</ele></trkpt>
   <trkpt lat="48.274189" lon="14.267495"><ele>272.5</ele></trkpt>
   <trkpt lat="48.274247" lon="14.268095"><ele>274.25</ele></trkpt>
   <trkpt lat="48.274338" lon="14.268755"><ele>272.5</ele></trkpt>
   <trkpt lat="48.274395" lon="14.269118"><ele>271.5</ele></trkpt>
   <trkpt lat="48.274478" lon="14.26956"><ele>272</ele></trkpt>
   <trkpt lat="48.274566" lon="14.269969"><ele>272.25</ele></trkpt>
   <trkpt lat="48.274666" lon="14.270385"><ele>270.75</ele></trkpt>
   <trkpt lat="48.274709" lon="14.270545"><ele>270.75</ele></trkpt>
   <trkpt lat="48.274757" lon="14.270729"><ele>270.75</ele></trkpt>
   <trkpt lat="48.274767" lon="14.270764"><ele>270.75</ele></trkpt>
   <trkpt lat="48.274822" lon="14.270959"><ele>269.75</ele></trkpt>
   <trkpt lat="48.27491" lon="14.271255"><ele>269.5</ele></trkpt>
   <trkpt lat="48.275104" lon="14.271834"><ele>269.25</ele></trkpt>
   <trkpt lat="48.275207" lon="14.272118"><ele>269.5</ele></trkpt>
   <trkpt lat="48.275415" lon="14.272643"><ele>270</ele></trkpt>
   <trkpt lat="48.275678" lon="14.273197"><ele>270.25</ele></trkpt>
   <trkpt lat="48.275803" lon="14.273432"><ele>270.25</ele></trkpt>
   <trkpt lat="48.275913" lon="14.273622"><ele>270</ele></trkpt>
   <trkpt lat="48.276059" lon="14.273864"><ele>269.5</ele></trkpt>
   <trkpt lat="48.276449" lon="14.274471"><ele>268.25</ele></trkpt>
   <trkpt lat="48.276731" lon="14.274888"><ele>268.5</ele></trkpt>
   <trkpt lat="48.277232" lon="14.275627"><ele>268.75</ele></trkpt>
   <trkpt lat="48.277402" lon="14.275889"><ele>267</ele></trkpt>
   <trkpt lat="48.278154" lon="14.277092"><ele>269.75</ele></trkpt>
   <trkpt lat="48.279706" lon="14.279615"><ele>267</ele></trkpt>
   <trkpt lat="48.27981" lon="14.279786"><ele>266.75</ele></trkpt>
   <trkpt lat="48.279902" lon="14.279949"><ele>266.25</ele></trkpt>
   <trkpt lat="48.280253" lon="14.280604"><ele>266.5</ele></trkpt>
   <trkpt lat="48.280563" lon="14.281128"><ele>266</ele></trkpt>
   <trkpt lat="48.28077" lon="14.281484"><ele>265.75</ele></trkpt>
   <trkpt lat="48.281125" lon="14.282093"><ele>266</ele></trkpt>
   <trkpt lat="48.281844" lon="14.28334"><ele>264.75</ele></trkpt>
   <trkpt lat="48.282006" lon="14.283621"><ele>265</ele></trkpt>
   <trkpt lat="48.282413" lon="14.284343"><ele>265.25</ele></trkpt>
   <trkpt lat="48.282627" lon="14.284727"><ele>265</ele></trkpt>
   <trkpt lat="48.28263" lon="14.284732"><ele>265</ele></trkpt>
   <trkpt lat="48.282875" lon="14.285167"><ele>265</ele></trkpt>
   <trkpt lat="48.283085" lon="14.285491"><ele>265</ele></trkpt>
   <trkpt lat="48.283304" lon="14.285784"><ele>265</ele></trkpt>
   <trkpt lat="48.283589" lon="14.286113"><ele>265</ele></trkpt>
   <trkpt lat="48.283942" lon="14.286455"><ele>265</ele></trkpt>
   <trkpt lat="48.284287" lon="14.286767"><ele>263.5</ele></trkpt>
   <trkpt lat="48.285067" lon="14.287437"><ele>263.25</ele></trkpt>
   <trkpt lat="48.285543" lon="14.287867"><ele>264</ele></trkpt>
   <trkpt lat="48.285897" lon="14.288192"><ele>264</ele></trkpt>
   <trkpt lat="48.286276" lon="14.288541"><ele>264</ele></trkpt>
   <trkpt lat="48.286776" lon="14.288998"><ele>264</ele></trkpt>
   <trkpt lat="48.287179" lon="14.289349"><ele>264</ele></trkpt>
   <trkpt lat="48.289106" lon="14.291026"><ele>263</ele></trkpt>
   <trkpt lat="48.28926" lon="14.291161"><ele>263</ele></trkpt>
   <trkpt lat="48.289295" lon="14.291192"><ele>263</ele></trkpt>
   <trkpt lat="48.290177" lon="14.29196"><ele>263</ele></trkpt>
   <trkpt lat="48.291144" lon="14.292798"><ele>263.75</ele></trkpt>
   <trkpt lat="48.291397" lon="14.292993"><ele>263</ele></trkpt>
   <trkpt lat="48.291689" lon="14.293193"><ele>263</ele></trkpt>
   <trkpt lat="48.292412" lon="14.293615"><ele>263</ele></trkpt>
   <trkpt lat="48.292797" lon="14.293846"><ele>263</ele></trkpt>
   <trkpt lat="48.293053" lon="14.294017"><ele>263.75</ele></trkpt>
   <trkpt lat="48.293268" lon="14.294177"><ele>263.75</ele></trkpt>
   <trkpt lat="48.293661" lon="14.294514"><ele>260.25</ele></trkpt>
   <trkpt lat="48.293758" lon="14.294602"><ele>261.75</ele></trkpt>
   <trkpt lat="48.293958" lon="14.294819"><ele>262</ele></trkpt>
   <trkpt lat="48.294283" lon="14.295235"><ele>260.25</ele></trkpt>
   <trkpt lat="48.294368" lon="14.295336"><ele>260.25</ele></trkpt>
   <trkpt lat="48.294675" lon="14.295742"><ele>260</ele></trkpt>
   <trkpt lat="48.294733" lon="14.295827"><ele>260</ele></trkpt>
   <trkpt lat="48.294926" lon="14.296142"><ele>259.75</ele></trkpt>
   <trkpt lat="48.295203" lon="14.29671"><ele>262.25</ele></trkpt>
   <trkpt lat="48.295254" lon="14.296817"><ele>262.75</ele></trkpt>
   <trkpt lat="48.295314" lon="14.296939"><ele>263.5</ele></trkpt>
   <trkpt lat="48.295359" lon="14.297032"><ele>263.75</ele></trkpt>
   <trkpt lat="48.295526" lon="14.297405"><ele>264</ele></trkpt>
   <trkpt lat="48.295698" lon="14.297838"><ele>264.25</ele></trkpt>
   <trkpt lat="48.295921" lon="14.298498"><ele>264.25</ele></trkpt>
   <trkpt lat="48.296087" lon="14.29905"><ele>261</ele></trkpt>
   <trkpt lat="48.29609" lon="14.299058"><ele>261</ele></trkpt>
   <trkpt lat="48.296105" lon="14.299113"><ele>261.5</ele></trkpt>
   <trkpt lat="48.296119" lon="14.299161"><ele>262</ele></trkpt>
   <trkpt lat="48.296168" lon="14.29932"><ele>263.75</ele></trkpt>
   <trkpt lat="48.296383" lon="14.300002"><ele>263.75</ele></trkpt>
   <trkpt lat="48.296442" lon="14.30023"><ele>263</ele></trkpt>
   <trkpt lat="48.296501" lon="14.300516"><ele>263</ele></trkpt>
   <trkpt lat="48.296525" lon="14.300663"><ele>263</ele></trkpt>
   <trkpt lat="48.296538" lon="14.300754"><ele>263.25</ele></trkpt>
   <trkpt lat="48.296648" lon="14.301563"><ele>262.75</ele></trkpt>
   <trkpt lat="48.296674" lon="14.302042"><ele>262.75</ele></trkpt>
   <trkpt lat="48.296672" lon="14.302282"><ele>262.75</ele></trkpt>
   <trkpt lat="48.296643" lon="14.302839"><ele>262.5</ele></trkpt>
   <trkpt lat="48.296605" lon="14.30322"><ele>262</ele></trkpt>
   <trkpt lat="48.29658" lon="14.303411"><ele>262</ele></trkpt>
   <trkpt lat="48.296518" lon="14.30379"><ele>261.75</ele></trkpt>
   <trkpt lat="48.296419" lon="14.304244"><ele>261</ele></trkpt>
   <trkpt lat="48.296378" lon="14.3044"><ele>261.75</ele></trkpt>
   <trkpt lat="48.296313" lon="14.30464"><ele>261</ele></trkpt>
   <trkpt lat="48.296129" lon="14.305261"><ele>260.75</ele></trkpt>
   <trkpt lat="48.296124" lon="14.305276"><ele>260.75</ele></trkpt>
   <trkpt lat="48.295908" lon="14.305925"><ele>260.5</ele></trkpt>
   <trkpt lat="48.295809" lon="14.306178"><ele>260.75</ele></trkpt>
   <trkpt lat="48.295633" lon="14.306591"><ele>260.5</ele></trkpt>
   <trkpt lat="48.295543" lon="14.306782"><ele>260.75</ele></trkpt>
   <trkpt lat="48.295378" lon="14.307104"><ele>260.75</ele></trkpt>
   <trkpt lat="48.295211" lon="14.307398"><ele>260.25</ele></trkpt>
   <trkpt lat="48.295047" lon="14.307664"><ele>260.25</ele></trkpt>
   <trkpt lat="48.294867" lon="14.307928"><ele>260.25</ele></trkpt>
   <trkpt lat="48.294451" lon="14.308508"><ele>259.75</ele></trkpt>
   <trkpt lat="48.293171" lon="14.310293"><ele>259.75</ele></trkpt>
   <trkpt lat="48.2925" lon="14.311224"><ele>260.5</ele></trkpt>
   <trkpt lat="48.29231" lon="14.311467"><ele>260.25</ele></trkpt>
   <trkpt lat="48.292173" lon="14.311626"><ele>260.25</ele></trkpt>
   <trkpt lat="48.29198" lon="14.311825"><ele>260.25</ele></trkpt>
   <trkpt lat="48.291862" lon="14.311938"><ele>260.25</ele></trkpt>
   <trkpt lat="48.291735" lon="14.312046"><ele>260.75</ele></trkpt>
   <trkpt lat="48.291537" lon="14.312191"><ele>260.75</ele></trkpt>
   <trkpt lat="48.291328" lon="14.31233"><ele>260</ele></trkpt>
   <trkpt lat="48.290821" lon="14.312593"><ele>260.5</ele></trkpt>
   <trkpt lat="48.29046" lon="14.312736"><ele>260.25</ele></trkpt>
   <trkpt lat="48.2895" lon="14.313063"><ele>260.5</ele></trkpt>
   <trkpt lat="48.289324" lon="14.313129"><ele>260</ele></trkpt>
   <trkpt lat="48.289101" lon="14.313233"><ele>260</ele></trkpt>
   <trkpt lat="48.288905" lon="14.313352"><ele>260.5</ele></trkpt>
   <trkpt lat="48.28871" lon="14.313492"><ele>260</ele></trkpt>
   <trkpt lat="48.288534" lon="14.313647"><ele>259.5</ele></trkpt>
   <trkpt lat="48.288412" lon="14.313773"><ele>259</ele></trkpt>
   <trkpt lat="48.288262" lon="14.313947"><ele>259.5</ele></trkpt>
   <trkpt lat="48.28813" lon="14.314121"><ele>259.5</ele></trkpt>
   <trkpt lat="48.287988" lon="14.314339"><ele>257.25</ele></trkpt>
   <trkpt lat="48.287883" lon="14.314529"><ele>256</ele></trkpt>
   <trkpt lat="48.287722" lon="14.314871"><ele>256</ele></trkpt>
   <trkpt lat="48.287679" lon="14.314979"><ele>257.25</ele></trkpt>
   <trkpt lat="48.287573" lon="14.315273"><ele>255.75</ele></trkpt>
   <trkpt lat="48.287532" lon="14.315411"><ele>257.25</ele></trkpt>
   <trkpt lat="48.287472" lon="14.315643"><ele>259</ele></trkpt>
   <trkpt lat="48.287375" lon="14.316101"><ele>257</ele></trkpt>
   <trkpt lat="48.287318" lon="14.316417"><ele>257.25</ele></trkpt>
   <trkpt lat="48.287314" lon="14.316437"><ele>257.5</ele></trkpt>
   <trkpt lat="48.2873" lon="14.316517"><ele>257.75</ele></trkpt>
   <trkpt lat="48.287236" lon="14.316827"><ele>258.75</ele></trkpt>
   <trkpt lat="48.287112" lon="14.317333"><ele>258</ele></trkpt>
   <trkpt lat="48.287054" lon="14.317625"><ele>258</ele></trkpt>
   <trkpt lat="48.286947" lon="14.318185"><ele>257.75</ele></trkpt>
   <trkpt lat="48.286885" lon="14.318719"><ele>257.25</ele></trkpt>
   <trkpt lat="48.286858" lon="14.318882"><ele>256.5</ele></trkpt>
   <trkpt lat="48.286839" lon="14.318982"><ele>256.75</ele></trkpt>
   <trkpt lat="48.28683" lon="14.319029"><ele>257</ele></trkpt>
   <trkpt lat="48.286663" lon="14.319903"><ele>253</ele></trkpt>
   <trkpt lat="48.286654" lon="14.319949"><ele>252</ele></trkpt>
   <trkpt lat="48.286615" lon="14.320155"><ele>253.75</ele></trkpt>
   <trkpt lat="48.28661" lon="14.320182"><ele>254.25</ele></trkpt>
   <trkpt lat="48.286463" lon="14.320946"><ele>258.25</ele></trkpt>
   <trkpt lat="48.286224" lon="14.3222"><ele>259.25</ele></trkpt>
   <trkpt lat="48.286079" lon="14.322954"><ele>256</ele></trkpt>
   <trkpt lat="48.285938" lon="14.323696"><ele>255.75</ele></trkpt>
   <trkpt lat="48.285105" lon="14.32807"><ele>255</ele></trkpt>
   <trkpt lat="48.28503" lon="14.328548"><ele>255</ele></trkpt>
   <trkpt lat="48.284941" lon="14.329259"><ele>255.75</ele></trkpt>
   <trkpt lat="48.284885" lon="14.329911"><ele>255</ele></trkpt>
   <trkpt lat="48.284853" lon="14.330512"><ele>255</ele></trkpt>
   <trkpt lat="48.28485" lon="14.330597"><ele>255</ele></trkpt>
   <trkpt lat="48.284841" lon="14.330994"><ele>255</ele></trkpt>
   <trkpt lat="48.284841" lon="14.331392"><ele>255.25</ele></trkpt>
   <trkpt lat="48.28485" lon="14.331844"><ele>255.25</ele></trkpt>
   <trkpt lat="48.284872" lon="14.332336"><ele>255.5</ele></trkpt>
   <trkpt lat="48.284898" lon="14.332711"><ele>255.5</ele></trkpt>
   <trkpt lat="48.284925" lon="14.333044"><ele>255.5</ele></trkpt>
   <trkpt lat="48.285" lon="14.333713"><ele>256</ele></trkpt>
   <trkpt lat="48.285095" lon="14.334372"><ele>256</ele></trkpt>
   <trkpt lat="48.286061" lon="14.340355"><ele>258.25</ele></trkpt>
   <trkpt lat="48.286113" lon="14.340675"><ele>256.75</ele></trkpt>
   <trkpt lat="48.287093" lon="14.346746"><ele>253</ele></trkpt>
   <trkpt lat="48.287109" lon="14.346848"><ele>253.75</ele></trkpt>
   <trkpt lat="48.287155" lon="14.347195"><ele>256</ele></trkpt>
   <trkpt lat="48.287181" lon="14.347469"><ele>257.5</ele></trkpt>
   <trkpt lat="48.287192" lon="14.347682"><ele>258</ele></trkpt>
   <trkpt lat="48.287196" lon="14.347942"><ele>258</ele></trkpt>
   <trkpt lat="48.287192" lon="14.348079"><ele>257.75</ele></trkpt>
   <trkpt lat="48.28718" lon="14.348394"><ele>256.25</ele></trkpt>
   <trkpt lat="48.287161" lon="14.348605"><ele>256.25</ele></trkpt>
   <trkpt lat="48.287104" lon="14.348984"><ele>256.5</ele></trkpt>
   <trkpt lat="48.28707" lon="14.349164"><ele>256.75</ele></trkpt>
   <trkpt lat="48.287025" lon="14.349341"><ele>257</ele></trkpt>
   <trkpt lat="48.287" lon="14.349442"><ele>257</ele></trkpt>
   <trkpt lat="48.286924" lon="14.349692"><ele>260.25</ele></trkpt>
   <trkpt lat="48.286835" lon="14.349959"><ele>265.75</ele></trkpt>
   <trkpt lat="48.286506" lon="14.35088"><ele>266.25</ele></trkpt>
   <trkpt lat="48.286355" lon="14.351285"><ele>261.5</ele></trkpt>
   <trkpt lat="48.2862" lon="14.351662"><ele>259.25</ele></trkpt>
   <trkpt lat="48.286107" lon="14.351871"><ele>256</ele></trkpt>
   <trkpt lat="48.285805" lon="14.352498"><ele>256.5</ele></trkpt>
   <trkpt lat="48.285662" lon="14.352812"><ele>258.25</ele></trkpt>
   <trkpt lat="48.285556" lon="14.353066"><ele>257</ele></trkpt>
   <trkpt lat="48.285459" lon="14.353333"><ele>257</ele></trkpt>
   <trkpt lat="48.285345" lon="14.353704"><ele>256.5</ele></trkpt>
   <trkpt lat="48.285284" lon="14.353966"><ele>256.5</ele></trkpt>
   <trkpt lat="48.285222" lon="14.354315"><ele>256</ele></trkpt>
   <trkpt lat="48.285175" lon="14.354627"><ele>255.5</ele></trkpt>
   <trkpt lat="48.285138" lon="14.354949"><ele>254.75</ele></trkpt>
   <trkpt lat="48.285039" lon="14.355922"><ele>253.5</ele></trkpt>
   <trkpt lat="48.285021" lon="14.356094"><ele>254</ele></trkpt>
   <trkpt lat="48.28497" lon="14.356999"><ele>254.5</ele></trkpt>
   <trkpt lat="48.284894" lon="14.357825"><ele>253.75</ele></trkpt>
   <trkpt lat="48.284877" lon="14.35804"><ele>254.5</ele></trkpt>
   <trkpt lat="48.284824" lon="14.359053"><ele>254.25</ele></trkpt>
   <trkpt lat="48.284638" lon="14.361179"><ele>254.25</ele></trkpt>
   <trkpt lat="48.284573" lon="14.361919"><ele>254.25</ele></trkpt>
   <trkpt lat="48.284464" lon="14.363121"><ele>254</ele></trkpt>
   <trkpt lat="48.284339" lon="14.364127"><ele>254</ele></trkpt>
   <trkpt lat="48.284262" lon="14.364925"><ele>253.5</ele></trkpt>
   <trkpt lat="48.284243" lon="14.365094"><ele>253.5</ele></trkpt>
   <trkpt lat="48.284133" lon="14.365884"><ele>253.25</ele></trkpt>
   <trkpt lat="48.284103" lon="14.366213"><ele>251.75</ele></trkpt>
   <trkpt lat="48.284084" lon="14.366412"><ele>250.25</ele></trkpt>
   <trkpt lat="48.28408" lon="14.366465"><ele>250.25</ele></trkpt>
   <trkpt lat="48.284015" lon="14.367129"><ele>251</ele></trkpt>
   <trkpt lat="48.283961" lon="14.367581"><ele>250.75</ele></trkpt>
   <trkpt lat="48.283864" lon="14.368218"><ele>253</ele></trkpt>
   <trkpt lat="48.283801" lon="14.368577"><ele>251.75</ele></trkpt>
   <trkpt lat="48.283706" lon="14.369049"><ele>251.25</ele></trkpt>
   <trkpt lat="48.283622" lon="14.369418"><ele>252.75</ele></trkpt>
   <trkpt lat="48.283595" lon="14.36953"><ele>252.5</ele></trkpt>
   <trkpt lat="48.283465" lon="14.370025"><ele>251</ele></trkpt>
   <trkpt lat="48.283286" lon="14.370618"><ele>251.25</ele></trkpt>
   <trkpt lat="48.283132" lon="14.371075"><ele>250.25</ele></trkpt>
   <trkpt lat="48.282935" lon="14.371595"><ele>250.5</ele></trkpt>
   <trkpt lat="48.282669" lon="14.372224"><ele>250.25</ele></trkpt>
   <trkpt lat="48.282061" lon="14.373543"><ele>250.25</ele></trkpt>
   <trkpt lat="48.281637" lon="14.374518"><ele>251</ele></trkpt>
   <trkpt lat="48.281343" lon="14.375279"><ele>250</ele></trkpt>
   <trkpt lat="48.281196" lon="14.375686"><ele>249.75</ele></trkpt>
   <trkpt lat="48.281023" lon="14.376195"><ele>250.5</ele></trkpt>
   <trkpt lat="48.280753" lon="14.377051"><ele>250.25</ele></trkpt>
   <trkpt lat="48.280559" lon="14.377747"><ele>250.75</ele></trkpt>
   <trkpt lat="48.280469" lon="14.378107"><ele>249.75</ele></trkpt>
   <trkpt lat="48.280382" lon="14.378505"><ele>250.5</ele></trkpt>
   <trkpt lat="48.280314" lon="14.378858"><ele>251.25</ele></trkpt>
   <trkpt lat="48.280269" lon="14.379146"><ele>251.75</ele></trkpt>
   <trkpt lat="48.280222" lon="14.379497"><ele>251.5</ele></trkpt>
   <trkpt lat="48.280183" lon="14.379869"><ele>252.75</ele></trkpt>
   <trkpt lat="48.280154" lon="14.38024"><ele>253.25</ele></trkpt>
   <trkpt lat="48.280134" lon="14.380701"><ele>253.75</ele></trkpt>
   <trkpt lat="48.280128" lon="14.381038"><ele>253.75</ele></trkpt>
   <trkpt lat="48.280131" lon="14.381385"><ele>253.25</ele></trkpt>
   <trkpt lat="48.280144" lon="14.381754"><ele>252.75</ele></trkpt>
   <trkpt lat="48.280175" lon="14.38233"><ele>252.75</ele></trkpt>
   <trkpt lat="48.280244" lon="14.383448"><ele>251.75</ele></trkpt>
   <trkpt lat="48.280267" lon="14.38382"><ele>251.75</ele></trkpt>
   <trkpt lat="48.2803" lon="14.384354"><ele>251</ele></trkpt>
   <trkpt lat="48.280317" lon="14.384751"><ele>251.25</ele></trkpt>
   <trkpt lat="48.280319" lon="14.385083"><ele>251.25</ele></trkpt>
   <trkpt lat="48.280309" lon="14.385419"><ele>251</ele></trkpt>
   <trkpt lat="48.28029" lon="14.385747"><ele>251</ele></trkpt>
   <trkpt lat="48.280256" lon="14.38606"><ele>250</ele></trkpt>
   <trkpt lat="48.280204" lon="14.386436"><ele>250</ele></trkpt>
   <trkpt lat="48.280135" lon="14.386812"><ele>249.5</ele></trkpt>
   <trkpt lat="48.279892" lon="14.387785"><ele>250</ele></trkpt>
   <trkpt lat="48.279771" lon="14.388238"><ele>250.25</ele></trkpt>
   <trkpt lat="48.279762" lon="14.38827"><ele>250.5</ele></trkpt>
   <trkpt lat="48.279575" lon="14.388963"><ele>250.25</ele></trkpt>
   <trkpt lat="48.279557" lon="14.389031"><ele>250.25</ele></trkpt>
   <trkpt lat="48.278735" lon="14.392115"><ele>249</ele></trkpt>
   <trkpt lat="48.278503" lon="14.392984"><ele>249.5</ele></trkpt>
   <trkpt lat="48.278348" lon="14.393567"><ele>250.75</ele></trkpt>
   <trkpt lat="48.278199" lon="14.394126"><ele>250.5</ele></trkpt>
   <trkpt lat="48.277868" lon="14.39537"><ele>249.5</ele></trkpt>
   <trkpt lat="48.277687" lon="14.396041"><ele>249.5</ele></trkpt>
   <trkpt lat="48.277559" lon="14.396466"><ele>249.5</ele></trkpt>
   <trkpt lat="48.277401" lon="14.396945"><ele>249.75</ele></trkpt>
   <trkpt lat="48.277252" lon="14.397355"><ele>250</ele></trkpt>
   <trkpt lat="48.277054" lon="14.397851"><ele>249.75</ele></trkpt>
   <trkpt lat="48.276819" lon="14.398378"><ele>249.75</ele></trkpt>
   <trkpt lat="48.276709" lon="14.398607"><ele>250.25</ele></trkpt>
   <trkpt lat="48.276511" lon="14.398992"><ele>249.5</ele></trkpt>
   <trkpt lat="48.276228" lon="14.399495"><ele>249.75</ele></trkpt>
   <trkpt lat="48.276028" lon="14.39982"><ele>250.5</ele></trkpt>
   <trkpt lat="48.275819" lon="14.400138"><ele>250.25</ele></trkpt>
   <trkpt lat="48.275668" lon="14.400356"><ele>250</ele></trkpt>
   <trkpt lat="48.275394" lon="14.400725"><ele>250.5</ele></trkpt>
   <trkpt lat="48.274556" lon="14.401805"><ele>249.25</ele></trkpt>
   <trkpt lat="48.273105" lon="14.403677"><ele>249</ele></trkpt>
   <trkpt lat="48.272895" lon="14.403946"><ele>248.75</ele></trkpt>
   <trkpt lat="48.272672" lon="14.404233"><ele>249.25</ele></trkpt>
   <trkpt lat="48.272532" lon="14.404414"><ele>250.25</ele></trkpt>
   <trkpt lat="48.272158" lon="14.404896"><ele>248.5</ele></trkpt>
   <trkpt lat="48.271691" lon="14.405496"><ele>250.5</ele></trkpt>
   <trkpt lat="48.27131" lon="14.405936"><ele>249.25</ele></trkpt>
   <trkpt lat="48.271219" lon="14.406019"><ele>249</ele></trkpt>
   <trkpt lat="48.270897" lon="14.406296"><ele>248.75</ele></trkpt>
   <trkpt lat="48.270571" lon="14.406508"><ele>249</ele></trkpt>
   <trkpt lat="48.270375" lon="14.406614"><ele>249.5</ele></trkpt>
   <trkpt lat="48.270185" lon="14.4067"><ele>249.75</ele></trkpt>
   <trkpt lat="48.270028" lon="14.406759"><ele>248.75</ele></trkpt>
   <trkpt lat="48.269682" lon="14.406844"><ele>248</ele></trkpt>
   <trkpt lat="48.26954" lon="14.406865"><ele>248.5</ele></trkpt>
   <trkpt lat="48.269348" lon="14.406877"><ele>249</ele></trkpt>
   <trkpt lat="48.269092" lon="14.406872"><ele>248.5</ele></trkpt>
   <trkpt lat="48.269003" lon="14.406865"><ele>248.5</ele></trkpt>
   <trkpt lat="48.268954" lon="14.406858"><ele>248.5</ele></trkpt>
   <trkpt lat="48.268753" lon="14.406827"><ele>248.5</ele></trkpt>
   <trkpt lat="48.268561" lon="14.406782"><ele>249.25</ele></trkpt>
   <trkpt lat="48.26821" lon="14.406649"><ele>251.5</ele></trkpt>
   <trkpt lat="48.26803" lon="14.406559"><ele>251.25</ele></trkpt>
   <trkpt lat="48.267847" lon="14.406452"><ele>252.25</ele></trkpt>
   <trkpt lat="48.267671" lon="14.406332"><ele>252</ele></trkpt>
   <trkpt lat="48.267472" lon="14.406174"><ele>252.75</ele></trkpt>
   <trkpt lat="48.267366" lon="14.406087"><ele>253</ele></trkpt>
   <trkpt lat="48.267096" lon="14.405836"><ele>253.75</ele></trkpt>
   <trkpt lat="48.266889" lon="14.40564"><ele>253.75</ele></trkpt>
   <trkpt lat="48.266709" lon="14.405484"><ele>252.5</ele></trkpt>
   <trkpt lat="48.266463" lon="14.405297"><ele>252.25</ele></trkpt>
   <trkpt lat="48.266346" lon="14.405223"><ele>252.25</ele></trkpt>
   <trkpt lat="48.266075" lon="14.40509"><ele>253</ele></trkpt>
   <trkpt lat="48.26592" lon="14.405036"><ele>253.75</ele></trkpt>
   <trkpt lat="48.265761" lon="14.404995"><ele>253.75</ele></trkpt>
   <trkpt lat="48.265431" lon="14.40496"><ele>253</ele></trkpt>
   <trkpt lat="48.265255" lon="14.404965"><ele>253.25</ele></trkpt>
   <trkpt lat="48.265105" lon="14.404983"><ele>254.25</ele></trkpt>
   <trkpt lat="48.264938" lon="14.405022"><ele>255.75</ele></trkpt>
   <trkpt lat="48.264769" lon="14.405082"><ele>258</ele></trkpt>
   <trkpt lat="48.264616" lon="14.405151"><ele>259.75</ele></trkpt>
   <trkpt lat="48.264332" lon="14.405322"><ele>260.25</ele></trkpt>
   <trkpt lat="48.264188" lon="14.405436"><ele>260</ele></trkpt>
   <trkpt lat="48.264028" lon="14.40558"><ele>258.25</ele></trkpt>
   <trkpt lat="48.263763" lon="14.405836"><ele>256.25</ele></trkpt>
   <trkpt lat="48.263502" lon="14.406105"><ele>255.25</ele></trkpt>
   <trkpt lat="48.263335" lon="14.406261"><ele>254.5</ele></trkpt>
   <trkpt lat="48.263172" lon="14.406395"><ele>253.5</ele></trkpt>
   <trkpt lat="48.263013" lon="14.406508"><ele>251.5</ele></trkpt>
   <trkpt lat="48.262844" lon="14.406606"><ele>251.75</ele></trkpt>
   <trkpt lat="48.262689" lon="14.40668"><ele>252.75</ele></trkpt>
   <trkpt lat="48.262376" lon="14.406792"><ele>251</ele></trkpt>
   <trkpt lat="48.26189" lon="14.406916"><ele>252.25</ele></trkpt>
   <trkpt lat="48.261663" lon="14.406984"><ele>252.25</ele></trkpt>
   <trkpt lat="48.26133" lon="14.407115"><ele>250.25</ele></trkpt>
   <trkpt lat="48.261232" lon="14.407169"><ele>250.75</ele></trkpt>
   <trkpt lat="48.261115" lon="14.407237"><ele>251.75</ele></trkpt>
   <trkpt lat="48.261005" lon="14.407315"><ele>250.25</ele></trkpt>
   <trkpt lat="48.260989" lon="14.407329"><ele>250.25</ele></trkpt>
   <trkpt lat="48.260851" lon="14.407444"><ele>251</ele></trkpt>
   <trkpt lat="48.260685" lon="14.407607"><ele>251</ele></trkpt>
   <trkpt lat="48.260565" lon="14.407738"><ele>253</ele></trkpt>
   <trkpt lat="48.260402" lon="14.407953"><ele>253</ele></trkpt>
   <trkpt lat="48.260268" lon="14.408152"><ele>255.5</ele></trkpt>
   <trkpt lat="48.260157" lon="14.408355"><ele>257</ele></trkpt>
   <trkpt lat="48.260061" lon="14.408553"><ele>257.5</ele></trkpt>
   <trkpt lat="48.259955" lon="14.408798"><ele>257.75</ele></trkpt>
   <trkpt lat="48.259865" lon="14.409051"><ele>259.75</ele></trkpt>
   <trkpt lat="48.259791" lon="14.409306"><ele>259</ele></trkpt>
   <trkpt lat="48.259732" lon="14.409537"><ele>256</ele></trkpt>
   <trkpt lat="48.259684" lon="14.409788"><ele>255.75</ele></trkpt>
   <trkpt lat="48.259644" lon="14.410065"><ele>258.25</ele></trkpt>
   <trkpt lat="48.259617" lon="14.410366"><ele>259.25</ele></trkpt>
   <trkpt lat="48.259605" lon="14.410694"><ele>259.75</ele></trkpt>
   <trkpt lat="48.259611" lon="14.411001"><ele>258</ele></trkpt>
   <trkpt lat="48.259641" lon="14.411386"><ele>256</ele></trkpt>
   <trkpt lat="48.259677" lon="14.411662"><ele>254.5</ele></trkpt>
   <trkpt lat="48.259731" lon="14.411947"><ele>254</ele></trkpt>
   <trkpt lat="48.259838" lon="14.41239"><ele>253</ele></trkpt>
   <trkpt lat="48.260271" lon="14.413846"><ele>252.5</ele></trkpt>
   <trkpt lat="48.260396" lon="14.414319"><ele>250.5</ele></trkpt>
   <trkpt lat="48.260462" lon="14.414628"><ele>250.75</ele></trkpt>
   <trkpt lat="48.260552" lon="14.415123"><ele>251.75</ele></trkpt>
   <trkpt lat="48.260603" lon="14.415499"><ele>250.25</ele></trkpt>
   <trkpt lat="48.260641" lon="14.415886"><ele>249.75</ele></trkpt>
   <trkpt lat="48.260667" lon="14.41623"><ele>249.75</ele></trkpt>
   <trkpt lat="48.260681" lon="14.416616"><ele>249.75</ele></trkpt>
   <trkpt lat="48.260682" lon="14.416841"><ele>249.25</ele></trkpt>
   <trkpt lat="48.260682" lon="14.416956"><ele>248.75</ele></trkpt>
   <trkpt lat="48.26068" lon="14.417084"><ele>249.75</ele></trkpt>
   <trkpt lat="48.26068" lon="14.417148"><ele>250.25</ele></trkpt>
   <trkpt lat="48.260642" lon="14.417788"><ele>250.75</ele></trkpt>
   <trkpt lat="48.260601" lon="14.418202"><ele>251.75</ele></trkpt>
   <trkpt lat="48.260536" lon="14.418665"><ele>251.75</ele></trkpt>
   <trkpt lat="48.260452" lon="14.419123"><ele>251.5</ele></trkpt>
   <trkpt lat="48.260345" lon="14.419591"><ele>252</ele></trkpt>
   <trkpt lat="48.260242" lon="14.419964"><ele>254</ele></trkpt>
   <trkpt lat="48.260153" lon="14.420244"><ele>257.5</ele></trkpt>
   <trkpt lat="48.260116" lon="14.420361"><ele>257.25</ele></trkpt>
   <trkpt lat="48.259938" lon="14.420841"><ele>253</ele></trkpt>
   <trkpt lat="48.259777" lon="14.421217"><ele>253</ele></trkpt>
   <trkpt lat="48.259457" lon="14.421914"><ele>253.5</ele></trkpt>
   <trkpt lat="48.259313" lon="14.422252"><ele>253.25</ele></trkpt>
   <trkpt lat="48.259136" lon="14.422693"><ele>257.75</ele></trkpt>
   <trkpt lat="48.259087" lon="14.422837"><ele>259</ele></trkpt>
   <trkpt lat="48.259003" lon="14.423136"><ele>261</ele></trkpt>
   <trkpt lat="48.258904" lon="14.423636"><ele>258</ele></trkpt>
   <trkpt lat="48.258855" lon="14.423997"><ele>259.25</ele></trkpt>
   <trkpt lat="48.258831" lon="14.424335"><ele>261.75</ele></trkpt>
   <trkpt lat="48.258828" lon="14.424617"><ele>259</ele></trkpt>
   <trkpt lat="48.258833" lon="14.42489"><ele>255.5</ele></trkpt>
   <trkpt lat="48.258863" lon="14.425223"><ele>254.5</ele></trkpt>
   <trkpt lat="48.258934" lon="14.425699"><ele>255.25</ele></trkpt>
   <trkpt lat="48.259053" lon="14.426251"><ele>257.75</ele></trkpt>
   <trkpt lat="48.259164" lon="14.426639"><ele>256</ele></trkpt>
   <trkpt lat="48.259276" lon="14.42694"><ele>257</ele></trkpt>
   <trkpt lat="48.259396" lon="14.427228"><ele>254.25</ele></trkpt>
   <trkpt lat="48.259479" lon="14.427402"><ele>254.75</ele></trkpt>
   <trkpt lat="48.259745" lon="14.427863"><ele>255.75</ele></trkpt>
   <trkpt lat="48.260005" lon="14.428243"><ele>255.5</ele></trkpt>
   <trkpt lat="48.260255" lon="14.428534"><ele>255.5</ele></trkpt>
   <trkpt lat="48.260556" lon="14.428849"><ele>255.5</ele></trkpt>
   <trkpt lat="48.260669" lon="14.428962"><ele>255.5</ele></trkpt>
   <trkpt lat="48.260966" lon="14.429261"><ele>256</ele></trkpt>
   <trkpt lat="48.261185" lon="14.429481"><ele>255.5</ele></trkpt>
   <trkpt lat="48.261333" lon="14.429636"><ele>254.5</ele></trkpt>
   <trkpt lat="48.26142" lon="14.429742"><ele>254.25</ele></trkpt>
   <trkpt lat="48.261717" lon="14.430136"><ele>256.25</ele></trkpt>
   <trkpt lat="48.261996" lon="14.430568"><ele>256.5</ele></trkpt>
   <trkpt lat="48.262374" lon="14.431215"><ele>256.25</ele></trkpt>
   <trkpt lat="48.262944" lon="14.432193"><ele>253.5</ele></trkpt>
   <trkpt lat="48.263063" lon="14.432397"><ele>253.75</ele></trkpt>
   <trkpt lat="48.263386" lon="14.432948"><ele>252</ele></trkpt>
   <trkpt lat="48.263564" lon="14.43327"><ele>252.75</ele></trkpt>
   <trkpt lat="48.263817" lon="14.433824"><ele>251.25</ele></trkpt>
   <trkpt lat="48.263954" lon="14.434139"><ele>251.25</ele></trkpt>
   <trkpt lat="48.264068" lon="14.434483"><ele>250</ele></trkpt>
   <trkpt lat="48.264116" lon="14.434649"><ele>251.5</ele></trkpt>
   <trkpt lat="48.264164" lon="14.434815"><ele>252.75</ele></trkpt>
   <trkpt lat="48.264269" lon="14.435188"><ele>252.25</ele></trkpt>
   <trkpt lat="48.264336" lon="14.435481"><ele>252.5</ele></trkpt>
   <trkpt lat="48.264446" lon="14.436071"><ele>253.75</ele></trkpt>
   <trkpt lat="48.264611" lon="14.437044"><ele>254.25</ele></trkpt>
   <trkpt lat="48.264809" lon="14.438209"><ele>254.25</ele></trkpt>
   <trkpt lat="48.264936" lon="14.438891"><ele>253.75</ele></trkpt>
   <trkpt lat="48.26505" lon="14.439502"><ele>254.25</ele></trkpt>
   <trkpt lat="48.265258" lon="14.440731"><ele>254</ele></trkpt>
   <trkpt lat="48.265574" lon="14.442553"><ele>254</ele></trkpt>
   <trkpt lat="48.265646" lon="14.44302"><ele>254.25</ele></trkpt>
   <trkpt lat="48.265756" lon="14.443921"><ele>253.5</ele></trkpt>
   <trkpt lat="48.265844" lon="14.444588"><ele>254</ele></trkpt>
   <trkpt lat="48.265851" lon="14.444631"><ele>254</ele></trkpt>
   <trkpt lat="48.265884" lon="14.44483"><ele>254.5</ele></trkpt>
   <trkpt lat="48.266014" lon="14.445541"><ele>253.5</ele></trkpt>
   <trkpt lat="48.266123" lon="14.446021"><ele>253.5</ele></trkpt>
   <trkpt lat="48.2663" lon="14.44654"><ele>253.75</ele></trkpt>
   <trkpt lat="48.266475" lon="14.446937"><ele>253.5</ele></trkpt>
   <trkpt lat="48.26664" lon="14.447248"><ele>253.5</ele></trkpt>
   <trkpt lat="48.266801" lon="14.447527"><ele>251.75</ele></trkpt>
   <trkpt lat="48.267023" lon="14.447841"><ele>252</ele></trkpt>
   <trkpt lat="48.267213" lon="14.448076"><ele>252</ele></trkpt>
   <trkpt lat="48.267402" lon="14.44827"><ele>249.75</ele></trkpt>
   <trkpt lat="48.267574" lon="14.448428"><ele>248.5</ele></trkpt>
   <trkpt lat="48.268162" lon="14.448907"><ele>250</ele></trkpt>
   <trkpt lat="48.268478" lon="14.449164"><ele>247.25</ele></trkpt>
   <trkpt lat="48.268753" lon="14.449382"><ele>248</ele></trkpt>
   <trkpt lat="48.269498" lon="14.44999"><ele>250.5</ele></trkpt>
   <trkpt lat="48.269836" lon="14.450256"><ele>250.75</ele></trkpt>
   <trkpt lat="48.270147" lon="14.450482"><ele>251.5</ele></trkpt>
   <trkpt lat="48.270459" lon="14.450679"><ele>251.75</ele></trkpt>
   <trkpt lat="48.270764" lon="14.450836"><ele>253</ele></trkpt>
   <trkpt lat="48.27116" lon="14.450992"><ele>252.5</ele></trkpt>
   <trkpt lat="48.271383" lon="14.451054"><ele>250</ele></trkpt>
   <trkpt lat="48.271536" lon="14.451084"><ele>251.25</ele></trkpt>
   <trkpt lat="48.271647" lon="14.451104"><ele>252.5</ele></trkpt>
   <trkpt lat="48.271981" lon="14.451143"><ele>253</ele></trkpt>
   <trkpt lat="48.272154" lon="14.451149"><ele>253</ele></trkpt>
   <trkpt lat="48.272445" lon="14.451107"><ele>250.5</ele></trkpt>
   <trkpt lat="48.272598" lon="14.451062"><ele>251.75</ele></trkpt>
   <trkpt lat="48.272722" lon="14.45102"><ele>254</ele></trkpt>
   <trkpt lat="48.272864" lon="14.450959"><ele>255.25</ele></trkpt>
   <trkpt lat="48.273121" lon="14.450816"><ele>255</ele></trkpt>
   <trkpt lat="48.273336" lon="14.450644"><ele>256.25</ele></trkpt>
   <trkpt lat="48.27353" lon="14.450456"><ele>256.5</ele></trkpt>
   <trkpt lat="48.273681" lon="14.450282"><ele>257.75</ele></trkpt>
   <trkpt lat="48.273902" lon="14.44996"><ele>257</ele></trkpt>
   <trkpt lat="48.273923" lon="14.449929"><ele>257.25</ele></trkpt>
   <trkpt lat="48.274325" lon="14.449316"><ele>257.25</ele></trkpt>
   <trkpt lat="48.274552" lon="14.449029"><ele>254.75</ele></trkpt>
   <trkpt lat="48.274771" lon="14.448787"><ele>254.75</ele></trkpt>
   <trkpt lat="48.274982" lon="14.448614"><ele>255.75</ele></trkpt>
   <trkpt lat="48.27523" lon="14.448476"><ele>253.5</ele></trkpt>
   <trkpt lat="48.275412" lon="14.44839"><ele>253.25</ele></trkpt>
   <trkpt lat="48.275497" lon="14.448363"><ele>253</ele></trkpt>
   <trkpt lat="48.275544" lon="14.448349"><ele>252.75</ele></trkpt>
   <trkpt lat="48.275666" lon="14.448312"><ele>254</ele></trkpt>
   <trkpt lat="48.275714" lon="14.448297"><ele>254.25</ele></trkpt>
   <trkpt lat="48.275858" lon="14.448252"><ele>254.5</ele></trkpt>
   <trkpt lat="48.27616" lon="14.448179"><ele>253.5</ele></trkpt>
   <trkpt lat="48.277191" lon="14.44798"><ele>255.25</ele></trkpt>
   <trkpt lat="48.278311" lon="14.447741"><ele>259</ele></trkpt>
   <trkpt lat="48.278618" lon="14.447687"><ele>258.25</ele></trkpt>
   <trkpt lat="48.27886" lon="14.447691"><ele>259.25</ele></trkpt>
   <trkpt lat="48.279068" lon="14.447705"><ele>261.25</ele></trkpt>
   <trkpt lat="48.279307" lon="14.447759"><ele>263</ele></trkpt>
   <trkpt lat="48.27951" lon="14.44783"><ele>265</ele></trkpt>
   <trkpt lat="48.279747" lon="14.447941"><ele>267.75</ele></trkpt>
   <trkpt lat="48.279952" lon="14.448084"><ele>266.25</ele></trkpt>
   <trkpt lat="48.28015" lon="14.448244"><ele>265.75</ele></trkpt>
   <trkpt lat="48.280354" lon="14.44844"><ele>267.5</ele></trkpt>
   <trkpt lat="48.280502" lon="14.448621"><ele>267.5</ele></trkpt>
   <trkpt lat="48.280648" lon="14.448843"><ele>270</ele></trkpt>
   <trkpt lat="48.280817" lon="14.449133"><ele>267</ele></trkpt>
   <trkpt lat="48.280963" lon="14.449427"><ele>271.5</ele></trkpt>
   <trkpt lat="48.281099" lon="14.449805"><ele>267.75</ele></trkpt>
   <trkpt lat="48.281204" lon="14.450133"><ele>263.5</ele></trkpt>
   <trkpt lat="48.281306" lon="14.450644"><ele>264.75</ele></trkpt>
   <trkpt lat="48.281396" lon="14.451188"><ele>265.75</ele></trkpt>
   <trkpt lat="48.281473" lon="14.451582"><ele>265</ele></trkpt>
   <trkpt lat="48.281554" lon="14.45192"><ele>268</ele></trkpt>
   <trkpt lat="48.281822" lon="14.452778"><ele>266.25</ele></trkpt>
   <trkpt lat="48.281888" lon="14.452994"><ele>266.75</ele></trkpt>
   <trkpt lat="48.281957" lon="14.453292"><ele>266.5</ele></trkpt>
   <trkpt lat="48.282" lon="14.453549"><ele>267</ele></trkpt>
   <trkpt lat="48.28204" lon="14.453855"><ele>271.5</ele></trkpt>
   <trkpt lat="48.282059" lon="14.454276"><ele>280.75</ele></trkpt>
   <trkpt lat="48.28206" lon="14.454621"><ele>282.25</ele></trkpt>
   <trkpt lat="48.282026" lon="14.454997"><ele>275</ele></trkpt>
   <trkpt lat="48.281968" lon="14.455383"><ele>270.25</ele></trkpt>
   <trkpt lat="48.281869" lon="14.455821"><ele>266.5</ele></trkpt>
   <trkpt lat="48.281653" lon="14.456613"><ele>267.25</ele></trkpt>
   <trkpt lat="48.281568" lon="14.456977"><ele>266.25</ele></trkpt>
   <trkpt lat="48.281513" lon="14.457361"><ele>266.25</ele></trkpt>
   <trkpt lat="48.281481" lon="14.45772"><ele>267</ele></trkpt>
   <trkpt lat="48.281473" lon="14.45807"><ele>267</ele></trkpt>
   <trkpt lat="48.281479" lon="14.458413"><ele>267.25</ele></trkpt>
   <trkpt lat="48.281514" lon="14.458725"><ele>267.25</ele></trkpt>
   <trkpt lat="48.281576" lon="14.459101"><ele>268.5</ele></trkpt>
   <trkpt lat="48.281656" lon="14.45945"><ele>270.75</ele></trkpt>
   <trkpt lat="48.281744" lon="14.459727"><ele>269.5</ele></trkpt>
   <trkpt lat="48.281874" lon="14.460074"><ele>270</ele></trkpt>
   <trkpt lat="48.281998" lon="14.460337"><ele>271.25</ele></trkpt>
   <trkpt lat="48.282204" lon="14.460689"><ele>272.75</ele></trkpt>
   <trkpt lat="48.282249" lon="14.460752"><ele>273.25</ele></trkpt>
   <trkpt lat="48.282422" lon="14.460993"><ele>274.25</ele></trkpt>
   <trkpt lat="48.282636" lon="14.461223"><ele>275.75</ele></trkpt>
   <trkpt lat="48.282901" lon="14.461459"><ele>277.5</ele></trkpt>
   <trkpt lat="48.28349" lon="14.46178"><ele>277.75</ele></trkpt>
   <trkpt lat="48.284019" lon="14.462022"><ele>276.75</ele></trkpt>
   <trkpt lat="48.284292" lon="14.462185"><ele>276</ele></trkpt>
   <trkpt lat="48.284518" lon="14.46236"><ele>275.5</ele></trkpt>
   <trkpt lat="48.284741" lon="14.46257"><ele>275.25</ele></trkpt>
   <trkpt lat="48.284987" lon="14.462868"><ele>274.75</ele></trkpt>
   <trkpt lat="48.28516" lon="14.46314"><ele>274.25</ele></trkpt>
   <trkpt lat="48.285445" lon="14.463666"><ele>276</ele></trkpt>
   <trkpt lat="48.285855" lon="14.46446"><ele>280</ele></trkpt>
   <trkpt lat="48.286181" lon="14.464946"><ele>277.5</ele></trkpt>
   <trkpt lat="48.286701" lon="14.465539"><ele>277</ele></trkpt>
   <trkpt lat="48.286927" lon="14.465835"><ele>278.25</ele></trkpt>
   <trkpt lat="48.286978" lon="14.465916"><ele>279.25</ele></trkpt>
   <trkpt lat="48.287099" lon="14.466111"><ele>282</ele></trkpt>
   <trkpt lat="48.287213" lon="14.466337"><ele>281.75</ele></trkpt>
   <trkpt lat="48.287366" lon="14.466688"><ele>281.25</ele></trkpt>
   <trkpt lat="48.287493" lon="14.467142"><ele>277.75</ele></trkpt>
   <trkpt lat="48.287602" lon="14.467677"><ele>279</ele></trkpt>
   <trkpt lat="48.28762" lon="14.467832"><ele>279.25</ele></trkpt>
   <trkpt lat="48.287657" lon="14.468136"><ele>280.5</ele></trkpt>
   <trkpt lat="48.287672" lon="14.46855"><ele>280</ele></trkpt>
   <trkpt lat="48.287661" lon="14.468893"><ele>279</ele></trkpt>
   <trkpt lat="48.287609" lon="14.469393"><ele>286.5</ele></trkpt>
   <trkpt lat="48.287489" lon="14.470146"><ele>283.5</ele></trkpt>
   <trkpt lat="48.28736" lon="14.47095"><ele>287</ele></trkpt>
   <trkpt lat="48.287299" lon="14.471407"><ele>282.75</ele></trkpt>
   <trkpt lat="48.287272" lon="14.471706"><ele>281.25</ele></trkpt>
   <trkpt lat="48.287254" lon="14.472083"><ele>282</ele></trkpt>
   <trkpt lat="48.28725" lon="14.472329"><ele>282.25</ele></trkpt>
   <trkpt lat="48.287269" lon="14.47268"><ele>281.75</ele></trkpt>
   <trkpt lat="48.28731" lon="14.473091"><ele>280.25</ele></trkpt>
   <trkpt lat="48.287355" lon="14.473458"><ele>280.25</ele></trkpt>
   <trkpt lat="48.287404" lon="14.473758"><ele>280.5</ele></trkpt>
   <trkpt lat="48.287472" lon="14.474099"><ele>281</ele></trkpt>
   <trkpt lat="48.287588" lon="14.474548"><ele>283</ele></trkpt>
   <trkpt lat="48.287623" lon="14.474674"><ele>283.25</ele></trkpt>
   <trkpt lat="48.287841" lon="14.475482"><ele>284.25</ele></trkpt>
   <trkpt lat="48.289241" lon="14.48064"><ele>285.5</ele></trkpt>
   <trkpt lat="48.289376" lon="14.481139"><ele>286</ele></trkpt>
   <trkpt lat="48.289441" lon="14.481412"><ele>285.75</ele></trkpt>
   <trkpt lat="48.289581" lon="14.482052"><ele>283.5</ele></trkpt>
   <trkpt lat="48.289645" lon="14.48227"><ele>282.5</ele></trkpt>
   <trkpt lat="48.289688" lon="14.482403"><ele>284.5</ele></trkpt>
   <trkpt lat="48.289715" lon="14.482478"><ele>286.25</ele></trkpt>
   <trkpt lat="48.289772" lon="14.482637"><ele>285.25</ele></trkpt>
   <trkpt lat="48.289877" lon="14.482892"><ele>284.5</ele></trkpt>
   <trkpt lat="48.29003" lon="14.48321"><ele>286</ele></trkpt>
   <trkpt lat="48.290223" lon="14.48355"><ele>286.25</ele></trkpt>
   <trkpt lat="48.29047" lon="14.483908"><ele>286.25</ele></trkpt>
   <trkpt lat="48.290638" lon="14.484114"><ele>285.75</ele></trkpt>
   <trkpt lat="48.290893" lon="14.484381"><ele>286</ele></trkpt>
   <trkpt lat="48.291156" lon="14.484609"><ele>286.5</ele></trkpt>
   <trkpt lat="48.291267" lon="14.484692"><ele>287.5</ele></trkpt>
   <trkpt lat="48.291457" lon="14.484816"><ele>288.25</ele></trkpt>
   <trkpt lat="48.291777" lon="14.484983"><ele>289.25</ele></trkpt>
   <trkpt lat="48.291983" lon="14.485064"><ele>290</ele></trkpt>
   <trkpt lat="48.292215" lon="14.485137"><ele>290.25</ele></trkpt>
   <trkpt lat="48.292772" lon="14.485292"><ele>291</ele></trkpt>
   <trkpt lat="48.292912" lon="14.485329"><ele>292.25</ele></trkpt>
   <trkpt lat="48.297404" lon="14.486553"><ele>295</ele></trkpt>
   <trkpt lat="48.297458" lon="14.486568"><ele>294.75</ele></trkpt>
   <trkpt lat="48.297578" lon="14.486597"><ele>295.5</ele></trkpt>
   <trkpt lat="48.297613" lon="14.486607"><ele>296</ele></trkpt>
   <trkpt lat="48.298723" lon="14.486923"><ele>299</ele></trkpt>
   <trkpt lat="48.299076" lon="14.487067"><ele>299.5</ele></trkpt>
   <trkpt lat="48.299377" lon="14.487236"><ele>300.75</ele></trkpt>
   <trkpt lat="48.299528" lon="14.487345"><ele>300.75</ele></trkpt>
   <trkpt lat="48.299674" lon="14.48745"><ele>301.25</ele></trkpt>
   <trkpt lat="48.29988" lon="14.487642"><ele>300.75</ele></trkpt>
   <trkpt lat="48.300138" lon="14.487924"><ele>301.5</ele></trkpt>
   <trkpt lat="48.301127" lon="14.489185"><ele>304</ele></trkpt>
   <trkpt lat="48.302483" lon="14.490914"><ele>308.25</ele></trkpt>
   <trkpt lat="48.302889" lon="14.491345"><ele>309.5</ele></trkpt>
   <trkpt lat="48.303158" lon="14.491566"><ele>310.5</ele></trkpt>
   <trkpt lat="48.303425" lon="14.491749"><ele>311</ele></trkpt>
   <trkpt lat="48.303681" lon="14.491883"><ele>310.5</ele></trkpt>
   <trkpt lat="48.303959" lon="14.492003"><ele>310.5</ele></trkpt>
   <trkpt lat="48.304231" lon="14.492077"><ele>311.75</ele></trkpt>
   <trkpt lat="48.30451" lon="14.49214"><ele>311</ele></trkpt>
   <trkpt lat="48.304791" lon="14.492141"><ele>310.75</ele></trkpt>
   <trkpt lat="48.304893" lon="14.49213"><ele>310.75</ele></trkpt>
   <trkpt lat="48.305179" lon="14.492098"><ele>309.5</ele></trkpt>
   <trkpt lat="48.305451" lon="14.492027"><ele>308.25</ele></trkpt>
   <trkpt lat="48.305574" lon="14.491978"><ele>308.25</ele></trkpt>
   <trkpt lat="48.305697" lon="14.491928"><ele>307.75</ele></trkpt>
   <trkpt lat="48.305743" lon="14.491903"><ele>307</ele></trkpt>
   <trkpt lat="48.305932" lon="14.491797"><ele>306</ele></trkpt>
   <trkpt lat="48.30618" lon="14.491642"><ele>308.5</ele></trkpt>
   <trkpt lat="48.306408" lon="14.491451"><ele>308.75</ele></trkpt>
   <trkpt lat="48.306607" lon="14.491251"><ele>307.75</ele></trkpt>
   <trkpt lat="48.306899" lon="14.490902"><ele>309.75</ele></trkpt>
   <trkpt lat="48.307062" lon="14.490681"><ele>309.5</ele></trkpt>
   <trkpt lat="48.307583" lon="14.489807"><ele>312.75</ele></trkpt>
   <trkpt lat="48.307614" lon="14.489755"><ele>312.75</ele></trkpt>
   <trkpt lat="48.307889" lon="14.489295"><ele>313.75</ele></trkpt>
   <trkpt lat="48.308109" lon="14.488965"><ele>314</ele></trkpt>
   <trkpt lat="48.308287" lon="14.488743"><ele>314.25</ele></trkpt>
   <trkpt lat="48.308508" lon="14.488529"><ele>314.5</ele></trkpt>
   <trkpt lat="48.308785" lon="14.48832"><ele>315.5</ele></trkpt>
   <trkpt lat="48.309078" lon="14.488161"><ele>315.5</ele></trkpt>
   <trkpt lat="48.309317" lon="14.488075"><ele>316</ele></trkpt>
   <trkpt lat="48.309553" lon="14.488017"><ele>315.5</ele></trkpt>
   <trkpt lat="48.309759" lon="14.487997"><ele>316.5</ele></trkpt>
   <trkpt lat="48.310036" lon="14.488023"><ele>317.75</ele></trkpt>
   <trkpt lat="48.310295" lon="14.488073"><ele>319.25</ele></trkpt>
   <trkpt lat="48.310533" lon="14.488171"><ele>321.75</ele></trkpt>
   <trkpt lat="48.310757" lon="14.488293"><ele>320.25</ele></trkpt>
   <trkpt lat="48.311051" lon="14.488501"><ele>321.25</ele></trkpt>
   <trkpt lat="48.311337" lon="14.488803"><ele>320.5</ele></trkpt>
   <trkpt lat="48.311567" lon="14.489102"><ele>320</ele></trkpt>
   <trkpt lat="48.311704" lon="14.489301"><ele>319.5</ele></trkpt>
   <trkpt lat="48.311806" lon="14.489499"><ele>319.5</ele></trkpt>
   <trkpt lat="48.311942" lon="14.489796"><ele>320.25</ele></trkpt>
   <trkpt lat="48.312036" lon="14.490024"><ele>321</ele></trkpt>
   <trkpt lat="48.312113" lon="14.490254"><ele>321.75</ele></trkpt>
   <trkpt lat="48.312209" lon="14.490605"><ele>322</ele></trkpt>
   <trkpt lat="48.312474" lon="14.491849"><ele>323.5</ele></trkpt>
   <trkpt lat="48.312602" lon="14.4924"><ele>324.75</ele></trkpt>
   <trkpt lat="48.312779" lon="14.492966"><ele>322.75</ele></trkpt>
   <trkpt lat="48.312843" lon="14.493121"><ele>320.5</ele></trkpt>
   <trkpt lat="48.312971" lon="14.493436"><ele>319.25</ele></trkpt>
   <trkpt lat="48.313269" lon="14.494001"><ele>319.75</ele></trkpt>
   <trkpt lat="48.313504" lon="14.494323"><ele>324</ele></trkpt>
   <trkpt lat="48.314043" lon="14.494937"><ele>324.5</ele></trkpt>
   <trkpt lat="48.314319" lon="14.495149"><ele>323.75</ele></trkpt>
   <trkpt lat="48.314562" lon="14.495296"><ele>326.75</ele></trkpt>
   <trkpt lat="48.315389" lon="14.495734"><ele>332.75</ele></trkpt>
   <trkpt lat="48.31558" lon="14.495813"><ele>329.5</ele></trkpt>
   <trkpt lat="48.315773" lon="14.495873"><ele>330.5</ele></trkpt>
   <trkpt lat="48.315962" lon="14.495904"><ele>332</ele></trkpt>
   <trkpt lat="48.316323" lon="14.495942"><ele>333.75</ele></trkpt>
   <trkpt lat="48.316511" lon="14.495933"><ele>334.25</ele></trkpt>
   <trkpt lat="48.316573" lon="14.49593"><ele>334.25</ele></trkpt>
   <trkpt lat="48.316845" lon="14.495881"><ele>332</ele></trkpt>
   <trkpt lat="48.317061" lon="14.495819"><ele>330.25</ele></trkpt>
   <trkpt lat="48.317243" lon="14.495742"><ele>328.5</ele></trkpt>
   <trkpt lat="48.317474" lon="14.495627"><ele>328.25</ele></trkpt>
   <trkpt lat="48.317946" lon="14.4953"><ele>329.25</ele></trkpt>
   <trkpt lat="48.318779" lon="14.494572"><ele>335</ele></trkpt>
   <trkpt lat="48.319225" lon="14.494164"><ele>335.25</ele></trkpt>
   <trkpt lat="48.319373" lon="14.494048"><ele>335.5</ele></trkpt>
   <trkpt lat="48.319538" lon="14.49394"><ele>335.25</ele></trkpt>
   <trkpt lat="48.319831" lon="14.493778"><ele>334.5</ele></trkpt>
   <trkpt lat="48.320097" lon="14.493684"><ele>335.25</ele></trkpt>
   <trkpt lat="48.320481" lon="14.493605"><ele>335.5</ele></trkpt>
   <trkpt lat="48.320789" lon="14.493596"><ele>336.75</ele></trkpt>
   <trkpt lat="48.32108" lon="14.493617"><ele>337</ele></trkpt>
   <trkpt lat="48.321374" lon="14.493677"><ele>336.25</ele></trkpt>
   <trkpt lat="48.321633" lon="14.49376"><ele>335.5</ele></trkpt>
   <trkpt lat="48.321867" lon="14.493857"><ele>335.75</ele></trkpt>
   <trkpt lat="48.322276" lon="14.494054"><ele>335.75</ele></trkpt>
   <trkpt lat="48.322749" lon="14.494322"><ele>336</ele></trkpt>
   <trkpt lat="48.323062" lon="14.494521"><ele>336.25</ele></trkpt>
   <trkpt lat="48.323235" lon="14.494656"><ele>335.75</ele></trkpt>
   <trkpt lat="48.323405" lon="14.49479"><ele>335.5</ele></trkpt>
   <trkpt lat="48.323661" lon="14.495057"><ele>337</ele></trkpt>
   <trkpt lat="48.323859" lon="14.495321"><ele>337.5</ele></trkpt>
   <trkpt lat="48.324041" lon="14.495618"><ele>338</ele></trkpt>
   <trkpt lat="48.324201" lon="14.495934"><ele>339.75</ele></trkpt>
   <trkpt lat="48.324337" lon="14.496277"><ele>339.5</ele></trkpt>
   <trkpt lat="48.324389" lon="14.496462"><ele>339.75</ele></trkpt>
   <trkpt lat="48.324465" lon="14.496731"><ele>340.25</ele></trkpt>
   <trkpt lat="48.324555" lon="14.497164"><ele>339.5</ele></trkpt>
   <trkpt lat="48.324583" lon="14.497387"><ele>339.75</ele></trkpt>
   <trkpt lat="48.324614" lon="14.497645"><ele>339.75</ele></trkpt>
   <trkpt lat="48.324628" lon="14.498049"><ele>340.25</ele></trkpt>
   <trkpt lat="48.324616" lon="14.498481"><ele>339.5</ele></trkpt>
   <trkpt lat="48.324565" lon="14.498921"><ele>339.75</ele></trkpt>
   <trkpt lat="48.324466" lon="14.49941"><ele>342.25</ele></trkpt>
   <trkpt lat="48.32435" lon="14.499802"><ele>341</ele></trkpt>
   <trkpt lat="48.324196" lon="14.500199"><ele>342.25</ele></trkpt>
   <trkpt lat="48.324086" lon="14.500435"><ele>341.25</ele></trkpt>
   <trkpt lat="48.323974" lon="14.500628"><ele>341</ele></trkpt>
   <trkpt lat="48.323832" lon="14.500851"><ele>343</ele></trkpt>
   <trkpt lat="48.323674" lon="14.501058"><ele>340.75</ele></trkpt>
   <trkpt lat="48.32355" lon="14.50121"><ele>341.5</ele></trkpt>
   <trkpt lat="48.323513" lon="14.501241"><ele>342</ele></trkpt>
   <trkpt lat="48.32205" lon="14.502904"><ele>350</ele></trkpt>
   <trkpt lat="48.321996" lon="14.502966"><ele>349.75</ele></trkpt>
   <trkpt lat="48.321925" lon="14.503047"><ele>349.25</ele></trkpt>
   <trkpt lat="48.321231" lon="14.50384"><ele>352.5</ele></trkpt>
   <trkpt lat="48.320973" lon="14.504195"><ele>352.25</ele></trkpt>
   <trkpt lat="48.320773" lon="14.504515"><ele>352.25</ele></trkpt>
   <trkpt lat="48.320595" lon="14.504841"><ele>352.5</ele></trkpt>
   <trkpt lat="48.320432" lon="14.505217"><ele>353.75</ele></trkpt>
   <trkpt lat="48.320301" lon="14.505556"><ele>352.75</ele></trkpt>
   <trkpt lat="48.320175" lon="14.505978"><ele>354</ele></trkpt>
   <trkpt lat="48.320059" lon="14.506542"><ele>353.75</ele></trkpt>
   <trkpt lat="48.319971" lon="14.507101"><ele>354.25</ele></trkpt>
   <trkpt lat="48.319934" lon="14.507568"><ele>354.5</ele></trkpt>
   <trkpt lat="48.319932" lon="14.508069"><ele>351.75</ele></trkpt>
   <trkpt lat="48.319949" lon="14.508577"><ele>354.75</ele></trkpt>
   <trkpt lat="48.320009" lon="14.509014"><ele>355.25</ele></trkpt>
   <trkpt lat="48.320142" lon="14.509691"><ele>355.5</ele></trkpt>
   <trkpt lat="48.320297" lon="14.510257"><ele>355.25</ele></trkpt>
   <trkpt lat="48.320574" lon="14.510902"><ele>355.5</ele></trkpt>
   <trkpt lat="48.320846" lon="14.511375"><ele>356.75</ele></trkpt>
   <trkpt lat="48.321303" lon="14.511963"><ele>357.25</ele></trkpt>
   <trkpt lat="48.321586" lon="14.512242"><ele>358.75</ele></trkpt>
   <trkpt lat="48.321814" lon="14.512434"><ele>359.75</ele></trkpt>
   <trkpt lat="48.321973" lon="14.512546"><ele>360.25</ele></trkpt>
   <trkpt lat="48.322137" lon="14.512648"><ele>361</ele></trkpt>
   <trkpt lat="48.322541" lon="14.512836"><ele>362</ele></trkpt>
   <trkpt lat="48.322907" lon="14.512965"><ele>363.25</ele></trkpt>
   <trkpt lat="48.323681" lon="14.513128"><ele>364</ele></trkpt>
   <trkpt lat="48.323972" lon="14.513232"><ele>365.25</ele></trkpt>
   <trkpt lat="48.324238" lon="14.513339"><ele>363.5</ele></trkpt>
   <trkpt lat="48.324468" lon="14.513495"><ele>365.25</ele></trkpt>
   <trkpt lat="48.324868" lon="14.513799"><ele>364.5</ele></trkpt>
   <trkpt lat="48.325323" lon="14.514251"><ele>363.5</ele></trkpt>
   <trkpt lat="48.32577" lon="14.514662"><ele>363.75</ele></trkpt>
   <trkpt lat="48.326052" lon="14.514879"><ele>362.5</ele></trkpt>
   <trkpt lat="48.32632" lon="14.515039"><ele>362.5</ele></trkpt>
   <trkpt lat="48.326608" lon="14.515157"><ele>362.25</ele></trkpt>
   <trkpt lat="48.326817" lon="14.515212"><ele>362.75</ele></trkpt>
   <trkpt lat="48.32713" lon="14.515244"><ele>364</ele></trkpt>
   <trkpt lat="48.327448" lon="14.515217"><ele>364.25</ele></trkpt>
   <trkpt lat="48.32772" lon="14.515145"><ele>364.25</ele></trkpt>
   <trkpt lat="48.32797" lon="14.515033"><ele>366</ele></trkpt>
   <trkpt lat="48.32823" lon="14.514887"><ele>366.75</ele></trkpt>
   <trkpt lat="48.328373" lon="14.514775"><ele>367</ele></trkpt>
   <trkpt lat="48.328638" lon="14.514531"><ele>367.25</ele></trkpt>
   <trkpt lat="48.328746" lon="14.51441"><ele>367.25</ele></trkpt>
   <trkpt lat="48.328965" lon="14.514122"><ele>368</ele></trkpt>
   <trkpt lat="48.329089" lon="14.513929"><ele>368</ele></trkpt>
   <trkpt lat="48.329277" lon="14.513569"><ele>368</ele></trkpt>
   <trkpt lat="48.329447" lon="14.513145"><ele>369</ele></trkpt>
   <trkpt lat="48.329511" lon="14.512948"><ele>368.25</ele></trkpt>
   <trkpt lat="48.329574" lon="14.512721"><ele>367</ele></trkpt>
   <trkpt lat="48.329622" lon="14.512519"><ele>366.75</ele></trkpt>
   <trkpt lat="48.329665" lon="14.512293"><ele>368.25</ele></trkpt>
   <trkpt lat="48.329697" lon="14.512081"><ele>369.25</ele></trkpt>
   <trkpt lat="48.329768" lon="14.511442"><ele>366.75</ele></trkpt>
   <trkpt lat="48.329783" lon="14.511276"><ele>367.25</ele></trkpt>
   <trkpt lat="48.329784" lon="14.511264"><ele>367.5</ele></trkpt>
   <trkpt lat="48.329786" lon="14.511239"><ele>367.75</ele></trkpt>
   <trkpt lat="48.329789" lon="14.511206"><ele>368</ele></trkpt>
   <trkpt lat="48.329806" lon="14.510976"><ele>368.5</ele></trkpt>
   <trkpt lat="48.329843" lon="14.510251"><ele>366</ele></trkpt>
   <trkpt lat="48.329878" lon="14.509774"><ele>368.25</ele></trkpt>
   <trkpt lat="48.330721" lon="14.500427"><ele>369.75</ele></trkpt>
   <trkpt lat="48.330731" lon="14.500323"><ele>369</ele></trkpt>
   <trkpt lat="48.330778" lon="14.499946"><ele>371.75</ele></trkpt>
   <trkpt lat="48.330811" lon="14.499742"><ele>373.25</ele></trkpt>
   <trkpt lat="48.330879" lon="14.499407"><ele>373.75</ele></trkpt>
   <trkpt lat="48.330952" lon="14.499112"><ele>373.25</ele></trkpt>
   <trkpt lat="48.331051" lon="14.498793"><ele>373.5</ele></trkpt>
   <trkpt lat="48.33112" lon="14.498593"><ele>374.75</ele></trkpt>
   <trkpt lat="48.3312" lon="14.498382"><ele>374.25</ele></trkpt>
   <trkpt lat="48.331356" lon="14.49804"><ele>374.75</ele></trkpt>
   <trkpt lat="48.331464" lon="14.497838"><ele>376.25</ele></trkpt>
   <trkpt lat="48.331701" lon="14.497486"><ele>376</ele></trkpt>
   <trkpt lat="48.331819" lon="14.497337"><ele>376</ele></trkpt>
   <trkpt lat="48.331941" lon="14.4972"><ele>376</ele></trkpt>
   <trkpt lat="48.332085" lon="14.49706"><ele>376</ele></trkpt>
   <trkpt lat="48.33222" lon="14.496944"><ele>375.75</ele></trkpt>
   <trkpt lat="48.332303" lon="14.496888"><ele>376</ele></trkpt>
   <trkpt lat="48.332425" lon="14.496805"><ele>376</ele></trkpt>
   <trkpt lat="48.332607" lon="14.496704"><ele>376.75</ele></trkpt>
   <trkpt lat="48.332651" lon="14.496684"><ele>377</ele></trkpt>
   <trkpt lat="48.332804" lon="14.496615"><ele>377.5</ele></trkpt>
   <trkpt lat="48.333064" lon="14.49654"><ele>377.5</ele></trkpt>
   <trkpt lat="48.333282" lon="14.496509"><ele>377.75</ele></trkpt>
   <trkpt lat="48.333534" lon="14.496511"><ele>379</ele></trkpt>
   <trkpt lat="48.333745" lon="14.496551"><ele>380</ele></trkpt>
   <trkpt lat="48.333828" lon="14.496566"><ele>380.25</ele></trkpt>
   <trkpt lat="48.334133" lon="14.496666"><ele>379</ele></trkpt>
   <trkpt lat="48.334327" lon="14.496763"><ele>382.25</ele></trkpt>
   <trkpt lat="48.334571" lon="14.496936"><ele>382</ele></trkpt>
   <trkpt lat="48.334806" lon="14.497139"><ele>382.5</ele></trkpt>
   <trkpt lat="48.335004" lon="14.49737"><ele>381.5</ele></trkpt>
   <trkpt lat="48.335043" lon="14.497416"><ele>381.25</ele></trkpt>
   <trkpt lat="48.335227" lon="14.497672"><ele>380.25</ele></trkpt>
   <trkpt lat="48.33541" lon="14.497984"><ele>378.75</ele></trkpt>
   <trkpt lat="48.335539" lon="14.498259"><ele>378.75</ele></trkpt>
   <trkpt lat="48.335622" lon="14.498464"><ele>377.75</ele></trkpt>
   <trkpt lat="48.335693" lon="14.498667"><ele>377</ele></trkpt>
   <trkpt lat="48.335753" lon="14.498865"><ele>377.75</ele></trkpt>
   <trkpt lat="48.335808" lon="14.499085"><ele>378.5</ele></trkpt>
   <trkpt lat="48.335852" lon="14.499291"><ele>378.25</ele></trkpt>
   <trkpt lat="48.335916" lon="14.499687"><ele>377</ele></trkpt>
   <trkpt lat="48.335947" lon="14.500135"><ele>375.75</ele></trkpt>
   <trkpt lat="48.335947" lon="14.500386"><ele>375.75</ele></trkpt>
   <trkpt lat="48.335939" lon="14.500637"><ele>376</ele></trkpt>
   <trkpt lat="48.335828" lon="14.501968"><ele>379.75</ele></trkpt>
   <trkpt lat="48.335806" lon="14.502425"><ele>378.75</ele></trkpt>
   <trkpt lat="48.335821" lon="14.502952"><ele>379.75</ele></trkpt>
   <trkpt lat="48.335869" lon="14.503431"><ele>378.5</ele></trkpt>
   <trkpt lat="48.335941" lon="14.503816"><ele>376.25</ele></trkpt>
   <trkpt lat="48.336037" lon="14.504167"><ele>377.5</ele></trkpt>
   <trkpt lat="48.336166" lon="14.504526"><ele>378</ele></trkpt>
   <trkpt lat="48.336338" lon="14.504922"><ele>378.25</ele></trkpt>
   <trkpt lat="48.336512" lon="14.505223"><ele>377.25</ele></trkpt>
   <trkpt lat="48.336713" lon="14.505507"><ele>378.75</ele></trkpt>
   <trkpt lat="48.336908" lon="14.505724"><ele>379.25</ele></trkpt>
   <trkpt lat="48.337092" lon="14.505896"><ele>380.5</ele></trkpt>
   <trkpt lat="48.337456" lon="14.50615"><ele>382.75</ele></trkpt>
   <trkpt lat="48.337565" lon="14.506206"><ele>383.5</ele></trkpt>
   <trkpt lat="48.337882" lon="14.506346"><ele>384.75</ele></trkpt>
   <trkpt lat="48.338346" lon="14.506452"><ele>385.5</ele></trkpt>
   <trkpt lat="48.338542" lon="14.506494"><ele>386.5</ele></trkpt>
   <trkpt lat="48.3388" lon="14.506513"><ele>386.75</ele></trkpt>
   <trkpt lat="48.339351" lon="14.506494"><ele>386.75</ele></trkpt>
   <trkpt lat="48.339586" lon="14.506447"><ele>385.75</ele></trkpt>
   <trkpt lat="48.339987" lon="14.506341"><ele>384.75</ele></trkpt>
   <trkpt lat="48.340304" lon="14.506225"><ele>382</ele></trkpt>
   <trkpt lat="48.340451" lon="14.506155"><ele>384</ele></trkpt>
   <trkpt lat="48.340788" lon="14.505981"><ele>384</ele></trkpt>
   <trkpt lat="48.341347" lon="14.505629"><ele>386.5</ele></trkpt>
   <trkpt lat="48.341541" lon="14.505496"><ele>387</ele></trkpt>
   <trkpt lat="48.341832" lon="14.505284"><ele>387</ele></trkpt>
   <trkpt lat="48.342049" lon="14.505089"><ele>386</ele></trkpt>
   <trkpt lat="48.342341" lon="14.504799"><ele>383.25</ele></trkpt>
   <trkpt lat="48.342619" lon="14.504424"><ele>384.25</ele></trkpt>
   <trkpt lat="48.342725" lon="14.504257"><ele>385.75</ele></trkpt>
   <trkpt lat="48.342795" lon="14.504146"><ele>387.5</ele></trkpt>
   <trkpt lat="48.342864" lon="14.504027"><ele>386</ele></trkpt>
   <trkpt lat="48.342953" lon="14.503861"><ele>385.75</ele></trkpt>
   <trkpt lat="48.34304" lon="14.503674"><ele>387.5</ele></trkpt>
   <trkpt lat="48.343168" lon="14.503368"><ele>387.75</ele></trkpt>
   <trkpt lat="48.344091" lon="14.500823"><ele>389.5</ele></trkpt>
   <trkpt lat="48.34434" lon="14.500127"><ele>390.5</ele></trkpt>
   <trkpt lat="48.344487" lon="14.499763"><ele>393</ele></trkpt>
   <trkpt lat="48.344641" lon="14.499456"><ele>393.25</ele></trkpt>
   <trkpt lat="48.344854" lon="14.499101"><ele>396.5</ele></trkpt>
   <trkpt lat="48.345009" lon="14.49888"><ele>394</ele></trkpt>
   <trkpt lat="48.345229" lon="14.498607"><ele>394.5</ele></trkpt>
   <trkpt lat="48.345457" lon="14.498364"><ele>395</ele></trkpt>
   <trkpt lat="48.34566" lon="14.498197"><ele>395</ele></trkpt>
   <trkpt lat="48.345761" lon="14.498115"><ele>395</ele></trkpt>
   <trkpt lat="48.346012" lon="14.49795"><ele>394.5</ele></trkpt>
   <trkpt lat="48.346316" lon="14.497786"><ele>394.75</ele></trkpt>
   <trkpt lat="48.348106" lon="14.49708"><ele>394.75</ele></trkpt>
   <trkpt lat="48.348416" lon="14.496978"><ele>396.5</ele></trkpt>
   <trkpt lat="48.348653" lon="14.496923"><ele>397</ele></trkpt>
   <trkpt lat="48.348907" lon="14.496896"><ele>398.25</ele></trkpt>
   <trkpt lat="48.34915" lon="14.496904"><ele>398</ele></trkpt>
   <trkpt lat="48.349406" lon="14.496947"><ele>397</ele></trkpt>
   <trkpt lat="48.349639" lon="14.497015"><ele>397.75</ele></trkpt>
   <trkpt lat="48.349878" lon="14.497116"><ele>398.5</ele></trkpt>
   <trkpt lat="48.350159" lon="14.497278"><ele>399.75</ele></trkpt>
   <trkpt lat="48.350505" lon="14.497565"><ele>400.5</ele></trkpt>
   <trkpt lat="48.350761" lon="14.497838"><ele>401</ele></trkpt>
   <trkpt lat="48.350975" lon="14.498111"><ele>401.75</ele></trkpt>
   <trkpt lat="48.351258" lon="14.498602"><ele>400</ele></trkpt>
   <trkpt lat="48.351483" lon="14.499095"><ele>397.25</ele></trkpt>
   <trkpt lat="48.351665" lon="14.499615"><ele>400.75</ele></trkpt>
   <trkpt lat="48.352056" lon="14.500774"><ele>402.5</ele></trkpt>
   <trkpt lat="48.352149" lon="14.501021"><ele>402.25</ele></trkpt>
   <trkpt lat="48.352378" lon="14.50155"><ele>398.25</ele></trkpt>
   <trkpt lat="48.352559" lon="14.501871"><ele>401.5</ele></trkpt>
   <trkpt lat="48.352706" lon="14.502109"><ele>404.5</ele></trkpt>
   <trkpt lat="48.352937" lon="14.502409"><ele>406.75</ele></trkpt>
   <trkpt lat="48.353102" lon="14.502613"><ele>406.5</ele></trkpt>
   <trkpt lat="48.353235" lon="14.502764"><ele>406.25</ele></trkpt>
   <trkpt lat="48.354938" lon="14.504642"><ele>406.5</ele></trkpt>
   <trkpt lat="48.355004" lon="14.504715"><ele>406.75</ele></trkpt>
   <trkpt lat="48.35538" lon="14.505145"><ele>405</ele></trkpt>
   <trkpt lat="48.355576" lon="14.505418"><ele>404.25</ele></trkpt>
   <trkpt lat="48.355765" lon="14.505739"><ele>405.5</ele></trkpt>
   <trkpt lat="48.355882" lon="14.505989"><ele>408.75</ele></trkpt>
   <trkpt lat="48.356042" lon="14.506431"><ele>412.25</ele></trkpt>
   <trkpt lat="48.356118" lon="14.50668"><ele>409</ele></trkpt>
   <trkpt lat="48.3562" lon="14.507055"><ele>410.5</ele></trkpt>
   <trkpt lat="48.356252" lon="14.507418"><ele>409.5</ele></trkpt>
   <trkpt lat="48.356272" lon="14.507663"><ele>408.75</ele></trkpt>
   <trkpt lat="48.356282" lon="14.507934"><ele>408.25</ele></trkpt>
   <trkpt lat="48.356229" lon="14.50999"><ele>407</ele></trkpt>
   <trkpt lat="48.35621" lon="14.510632"><ele>409.75</ele></trkpt>
   <trkpt lat="48.35618" lon="14.511285"><ele>413</ele></trkpt>
   <trkpt lat="48.356119" lon="14.511812"><ele>414.25</ele></trkpt>
   <trkpt lat="48.356066" lon="14.512104"><ele>416</ele></trkpt>
   <trkpt lat="48.355996" lon="14.512421"><ele>417.75</ele></trkpt>
   <trkpt lat="48.355884" lon="14.512811"><ele>415</ele></trkpt>
   <trkpt lat="48.355798" lon="14.513051"><ele>414.75</ele></trkpt>
   <trkpt lat="48.355754" lon="14.513177"><ele>416.25</ele></trkpt>
   <trkpt lat="48.355699" lon="14.513331"><ele>417.25</ele></trkpt>
   <trkpt lat="48.355598" lon="14.513666"><ele>415.75</ele></trkpt>
   <trkpt lat="48.355506" lon="14.514001"><ele>413.5</ele></trkpt>
   <trkpt lat="48.3554" lon="14.514429"><ele>411.5</ele></trkpt>
   <trkpt lat="48.355351" lon="14.514656"><ele>411.75</ele></trkpt>
   <trkpt lat="48.355309" lon="14.514919"><ele>413.25</ele></trkpt>
   <trkpt lat="48.355277" lon="14.515216"><ele>415</ele></trkpt>
   <trkpt lat="48.355258" lon="14.515567"><ele>414.25</ele></trkpt>
   <trkpt lat="48.355222" lon="14.516532"><ele>415.75</ele></trkpt>
   <trkpt lat="48.35522" lon="14.516824"><ele>416</ele></trkpt>
   <trkpt lat="48.355245" lon="14.517445"><ele>416.5</ele></trkpt>
   <trkpt lat="48.355259" lon="14.517729"><ele>417</ele></trkpt>
   <trkpt lat="48.355309" lon="14.518155"><ele>415.75</ele></trkpt>
   <trkpt lat="48.35552" lon="14.519422"><ele>414.25</ele></trkpt>
   <trkpt lat="48.355564" lon="14.519686"><ele>413.75</ele></trkpt>
   <trkpt lat="48.356054" lon="14.522616"><ele>418.5</ele></trkpt>
   <trkpt lat="48.356298" lon="14.524048"><ele>418.5</ele></trkpt>
   <trkpt lat="48.356338" lon="14.524321"><ele>416.75</ele></trkpt>
   <trkpt lat="48.35645" lon="14.525611"><ele>419.75</ele></trkpt>
   <trkpt lat="48.35651" lon="14.526019"><ele>419.5</ele></trkpt>
   <trkpt lat="48.356547" lon="14.526268"><ele>419.25</ele></trkpt>
   <trkpt lat="48.356643" lon="14.526758"><ele>409</ele></trkpt>
   <trkpt lat="48.356842" lon="14.527637"><ele>411.75</ele></trkpt>
   <trkpt lat="48.356965" lon="14.528119"><ele>424.25</ele></trkpt>
   <trkpt lat="48.357045" lon="14.528354"><ele>429.25</ele></trkpt>
   <trkpt lat="48.357331" lon="14.528946"><ele>425</ele></trkpt>
   <trkpt lat="48.35748" lon="14.529228"><ele>423</ele></trkpt>
   <trkpt lat="48.357659" lon="14.529547"><ele>423.75</ele></trkpt>
   <trkpt lat="48.357989" lon="14.530322"><ele>424.25</ele></trkpt>
   <trkpt lat="48.358078" lon="14.530601"><ele>423</ele></trkpt>
   <trkpt lat="48.358157" lon="14.530876"><ele>423.5</ele></trkpt>
   <trkpt lat="48.35823" lon="14.531174"><ele>424</ele></trkpt>
   <trkpt lat="48.358288" lon="14.531501"><ele>423.5</ele></trkpt>
   <trkpt lat="48.35831" lon="14.531669"><ele>424</ele></trkpt>
   <trkpt lat="48.358341" lon="14.531905"><ele>424</ele></trkpt>
   <trkpt lat="48.358366" lon="14.532188"><ele>424</ele></trkpt>
   <trkpt lat="48.358418" lon="14.533343"><ele>424.25</ele></trkpt>
   <trkpt lat="48.358459" lon="14.533823"><ele>424.25</ele></trkpt>
   <trkpt lat="48.358534" lon="14.534277"><ele>425.25</ele></trkpt>
   <trkpt lat="48.358677" lon="14.534868"><ele>426.5</ele></trkpt>
   <trkpt lat="48.3588" lon="14.535257"><ele>427.25</ele></trkpt>
   <trkpt lat="48.358987" lon="14.535716"><ele>428.75</ele></trkpt>
   <trkpt lat="48.359188" lon="14.536102"><ele>428.25</ele></trkpt>
   <trkpt lat="48.359417" lon="14.536488"><ele>430</ele></trkpt>
   <trkpt lat="48.359637" lon="14.536776"><ele>430</ele></trkpt>
   <trkpt lat="48.359836" lon="14.537018"><ele>429.5</ele></trkpt>
   <trkpt lat="48.360224" lon="14.537367"><ele>431.25</ele></trkpt>
   <trkpt lat="48.360403" lon="14.5375"><ele>430.75</ele></trkpt>
   <trkpt lat="48.360638" lon="14.537628"><ele>430.75</ele></trkpt>
   <trkpt lat="48.360837" lon="14.537716"><ele>430.5</ele></trkpt>
   <trkpt lat="48.361086" lon="14.53781"><ele>428.75</ele></trkpt>
   <trkpt lat="48.361347" lon="14.537866"><ele>427.75</ele></trkpt>
   <trkpt lat="48.361552" lon="14.537896"><ele>428.5</ele></trkpt>
   <trkpt lat="48.361681" lon="14.537903"><ele>429</ele></trkpt>
   <trkpt lat="48.362019" lon="14.537916"><ele>429.25</ele></trkpt>
   <trkpt lat="48.362178" lon="14.537921"><ele>430</ele></trkpt>
   <trkpt lat="48.362809" lon="14.53794"><ele>432.5</ele></trkpt>
   <trkpt lat="48.363162" lon="14.537985"><ele>433.25</ele></trkpt>
   <trkpt lat="48.363534" lon="14.538085"><ele>434.75</ele></trkpt>
   <trkpt lat="48.363915" lon="14.53821"><ele>436.25</ele></trkpt>
   <trkpt lat="48.364128" lon="14.538301"><ele>435.75</ele></trkpt>
   <trkpt lat="48.364488" lon="14.53849"><ele>435.75</ele></trkpt>
   <trkpt lat="48.364717" lon="14.538656"><ele>435.75</ele></trkpt>
   <trkpt lat="48.364789" lon="14.538726"><ele>434.75</ele></trkpt>
   <trkpt lat="48.365004" lon="14.538936"><ele>435.25</ele></trkpt>
   <trkpt lat="48.365302" lon="14.539255"><ele>435.25</ele></trkpt>
   <trkpt lat="48.365352" lon="14.539309"><ele>434.5</ele></trkpt>
   <trkpt lat="48.365393" lon="14.539351"><ele>434.25</ele></trkpt>
   <trkpt lat="48.365547" lon="14.539513"><ele>434.25</ele></trkpt>
   <trkpt lat="48.36569" lon="14.539661"><ele>433.25</ele></trkpt>
   <trkpt lat="48.365729" lon="14.5397"><ele>434</ele></trkpt>
   <trkpt lat="48.366026" lon="14.539999"><ele>436.25</ele></trkpt>
   <trkpt lat="48.366254" lon="14.540199"><ele>437.75</ele></trkpt>
   <trkpt lat="48.366511" lon="14.540403"><ele>439</ele></trkpt>
   <trkpt lat="48.366803" lon="14.540575"><ele>439.75</ele></trkpt>
   <trkpt lat="48.367126" lon="14.540717"><ele>440</ele></trkpt>
   <trkpt lat="48.367383" lon="14.540781"><ele>440.5</ele></trkpt>
   <trkpt lat="48.367674" lon="14.540829"><ele>441.5</ele></trkpt>
   <trkpt lat="48.368002" lon="14.54084"><ele>442.75</ele></trkpt>
   <trkpt lat="48.3691" lon="14.54079"><ele>447.5</ele></trkpt>
   <trkpt lat="48.36923" lon="14.540784"><ele>450.25</ele></trkpt>
   <trkpt lat="48.369538" lon="14.54077"><ele>454.25</ele></trkpt>
   <trkpt lat="48.370543" lon="14.540712"><ele>446</ele></trkpt>
   <trkpt lat="48.372296" lon="14.540644"><ele>442.25</ele></trkpt>
   <trkpt lat="48.372608" lon="14.540621"><ele>440</ele></trkpt>
   <trkpt lat="48.372885" lon="14.54056"><ele>439.5</ele></trkpt>
   <trkpt lat="48.373292" lon="14.540453"><ele>439.25</ele></trkpt>
   <trkpt lat="48.374319" lon="14.540146"><ele>439.75</ele></trkpt>
   <trkpt lat="48.374875" lon="14.539996"><ele>438.75</ele></trkpt>
   <trkpt lat="48.375245" lon="14.539948"><ele>438.25</ele></trkpt>
   <trkpt lat="48.375628" lon="14.539949"><ele>437</ele></trkpt>
   <trkpt lat="48.377794" lon="14.540346"><ele>435.5</ele></trkpt>
   <trkpt lat="48.378302" lon="14.540439"><ele>435.75</ele></trkpt>
   <trkpt lat="48.378633" lon="14.54053"><ele>436.75</ele></trkpt>
   <trkpt lat="48.379521" lon="14.540897"><ele>434.5</ele></trkpt>
   <trkpt lat="48.379609" lon="14.540931"><ele>433.5</ele></trkpt>
   <trkpt lat="48.379779" lon="14.540985"><ele>431.75</ele></trkpt>
   <trkpt lat="48.380004" lon="14.541043"><ele>431.5</ele></trkpt>
   <trkpt lat="48.380231" lon="14.541071"><ele>432</ele></trkpt>
   <trkpt lat="48.380448" lon="14.541066"><ele>430.5</ele></trkpt>
   <trkpt lat="48.380551" lon="14.541055"><ele>429.75</ele></trkpt>
   <trkpt lat="48.380855" lon="14.540987"><ele>429.5</ele></trkpt>
   <trkpt lat="48.381164" lon="14.540841"><ele>431.75</ele></trkpt>
   <trkpt lat="48.381417" lon="14.540678"><ele>430.75</ele></trkpt>
   <trkpt lat="48.3817" lon="14.540428"><ele>431.75</ele></trkpt>
   <trkpt lat="48.382393" lon="14.5397"><ele>436</ele></trkpt>
   <trkpt lat="48.382601" lon="14.539518"><ele>436.5</ele></trkpt>
   <trkpt lat="48.382883" lon="14.539322"><ele>436.75</ele></trkpt>
   <trkpt lat="48.383182" lon="14.539181"><ele>432.5</ele></trkpt>
   <trkpt lat="48.383405" lon="14.53912"><ele>429.5</ele></trkpt>
   <trkpt lat="48.383706" lon="14.539079"><ele>427.25</ele></trkpt>
   <trkpt lat="48.383972" lon="14.539088"><ele>427.25</ele></trkpt>
   <trkpt lat="48.384101" lon="14.539106"><ele>427</ele></trkpt>
   <trkpt lat="48.386945" lon="14.539501"><ele>429</ele></trkpt>
   <trkpt lat="48.387044" lon="14.539526"><ele>429.5</ele></trkpt>
   <trkpt lat="48.387284" lon="14.539587"><ele>430.25</ele></trkpt>
   <trkpt lat="48.387524" lon="14.539699"><ele>430</ele></trkpt>
   <trkpt lat="48.387811" lon="14.539861"><ele>431.75</ele></trkpt>
   <trkpt lat="48.388094" lon="14.540043"><ele>430.25</ele></trkpt>
   <trkpt lat="48.388239" lon="14.540169"><ele>429.75</ele></trkpt>
   <trkpt lat="48.388332" lon="14.540248"><ele>430.5</ele></trkpt>
   <trkpt lat="48.388448" lon="14.540368"><ele>429.25</ele></trkpt>
   <trkpt lat="48.388657" lon="14.54061"><ele>430.25</ele></trkpt>
   <trkpt lat="48.388827" lon="14.540835"><ele>430.75</ele></trkpt>
   <trkpt lat="48.389248" lon="14.541485"><ele>431.25</ele></trkpt>
   <trkpt lat="48.389312" lon="14.541593"><ele>430.75</ele></trkpt>
   <trkpt lat="48.39028" lon="14.54323"><ele>434.5</ele></trkpt>
   <trkpt lat="48.391166" lon="14.544731"><ele>432.75</ele></trkpt>
   <trkpt lat="48.391524" lon="14.545267"><ele>431.75</ele></trkpt>
   <trkpt lat="48.391621" lon="14.545382"><ele>431.5</ele></trkpt>
   <trkpt lat="48.391822" lon="14.545622"><ele>430.75</ele></trkpt>
   <trkpt lat="48.391964" lon="14.545753"><ele>431.25</ele></trkpt>
   <trkpt lat="48.392068" lon="14.54585"><ele>431.75</ele></trkpt>
   <trkpt lat="48.392312" lon="14.546006"><ele>430.75</ele></trkpt>
   <trkpt lat="48.392566" lon="14.546128"><ele>432.5</ele></trkpt>
   <trkpt lat="48.39285" lon="14.546226"><ele>431.25</ele></trkpt>
   <trkpt lat="48.39309" lon="14.546259"><ele>432</ele></trkpt>
   <trkpt lat="48.393327" lon="14.546268"><ele>432</ele></trkpt>
   <trkpt lat="48.393635" lon="14.546213"><ele>432.75</ele></trkpt>
   <trkpt lat="48.393758" lon="14.546183"><ele>434</ele></trkpt>
   <trkpt lat="48.39414" lon="14.546018"><ele>433.25</ele></trkpt>
   <trkpt lat="48.394941" lon="14.545547"><ele>436</ele></trkpt>
   <trkpt lat="48.395217" lon="14.545408"><ele>436.25</ele></trkpt>
   <trkpt lat="48.395474" lon="14.545316"><ele>437.5</ele></trkpt>
   <trkpt lat="48.395725" lon="14.545257"><ele>438.25</ele></trkpt>
   <trkpt lat="48.395984" lon="14.545228"><ele>439.5</ele></trkpt>
   <trkpt lat="48.396204" lon="14.545233"><ele>441.25</ele></trkpt>
   <trkpt lat="48.396506" lon="14.545261"><ele>442.25</ele></trkpt>
   <trkpt lat="48.396856" lon="14.545345"><ele>443.5</ele></trkpt>
   <trkpt lat="48.39725" lon="14.545511"><ele>442</ele></trkpt>
   <trkpt lat="48.397763" lon="14.545682"><ele>439.25</ele></trkpt>
   <trkpt lat="48.398022" lon="14.545735"><ele>436.75</ele></trkpt>
   <trkpt lat="48.398079" lon="14.545746"><ele>436.25</ele></trkpt>
   <trkpt lat="48.39822" lon="14.545751"><ele>436.25</ele></trkpt>
   <trkpt lat="48.398272" lon="14.545749"><ele>436.25</ele></trkpt>
   <trkpt lat="48.398296" lon="14.545748"><ele>436.25</ele></trkpt>
   <trkpt lat="48.398446" lon="14.545741"><ele>436</ele></trkpt>
   <trkpt lat="48.398817" lon="14.545649"><ele>436.25</ele></trkpt>
   <trkpt lat="48.398974" lon="14.545577"><ele>437.75</ele></trkpt>
   <trkpt lat="48.399268" lon="14.545399"><ele>437.5</ele></trkpt>
   <trkpt lat="48.399593" lon="14.545139"><ele>439</ele></trkpt>
   <trkpt lat="48.400574" lon="14.544146"><ele>438.75</ele></trkpt>
   <trkpt lat="48.400771" lon="14.543979"><ele>438.5</ele></trkpt>
   <trkpt lat="48.401051" lon="14.543776"><ele>438</ele></trkpt>
   <trkpt lat="48.401415" lon="14.54357"><ele>439.5</ele></trkpt>
   <trkpt lat="48.401977" lon="14.543388"><ele>441.5</ele></trkpt>
   <trkpt lat="48.402234" lon="14.543367"><ele>442.25</ele></trkpt>
   <trkpt lat="48.403084" lon="14.543456"><ele>439.5</ele></trkpt>
   <trkpt lat="48.403207" lon="14.543469"><ele>438.5</ele></trkpt>
   <trkpt lat="48.403654" lon="14.543529"><ele>438.5</ele></trkpt>
   <trkpt lat="48.403923" lon="14.543528"><ele>439</ele></trkpt>
   <trkpt lat="48.404197" lon="14.543505"><ele>438.25</ele></trkpt>
   <trkpt lat="48.404484" lon="14.543427"><ele>439.5</ele></trkpt>
   <trkpt lat="48.404761" lon="14.543334"><ele>441.75</ele></trkpt>
   <trkpt lat="48.405075" lon="14.543166"><ele>441.5</ele></trkpt>
   <trkpt lat="48.40539" lon="14.542935"><ele>443</ele></trkpt>
   <trkpt lat="48.405715" lon="14.54264"><ele>445</ele></trkpt>
   <trkpt lat="48.406455" lon="14.541721"><ele>445.75</ele></trkpt>
   <trkpt lat="48.407288" lon="14.540584"><ele>447.75</ele></trkpt>
   <trkpt lat="48.407478" lon="14.540298"><ele>447.75</ele></trkpt>
   <trkpt lat="48.4081" lon="14.539203"><ele>445.75</ele></trkpt>
   <trkpt lat="48.408525" lon="14.538456"><ele>444</ele></trkpt>
   <trkpt lat="48.408743" lon="14.53809"><ele>444</ele></trkpt>
   <trkpt lat="48.408954" lon="14.537789"><ele>445.75</ele></trkpt>
   <trkpt lat="48.409144" lon="14.537564"><ele>446.25</ele></trkpt>
   <trkpt lat="48.409288" lon="14.537419"><ele>445.75</ele></trkpt>
   <trkpt lat="48.409505" lon="14.537252"><ele>447.5</ele></trkpt>
   <trkpt lat="48.409734" lon="14.537114"><ele>446.25</ele></trkpt>
   <trkpt lat="48.409957" lon="14.537012"><ele>447.25</ele></trkpt>
   <trkpt lat="48.4102" lon="14.536945"><ele>449.5</ele></trkpt>
   <trkpt lat="48.410456" lon="14.536923"><ele>449.25</ele></trkpt>
   <trkpt lat="48.410752" lon="14.536938"><ele>451</ele></trkpt>
   <trkpt lat="48.411013" lon="14.536985"><ele>454.5</ele></trkpt>
   <trkpt lat="48.411251" lon="14.537067"><ele>457.5</ele></trkpt>
   <trkpt lat="48.411515" lon="14.537199"><ele>455.75</ele></trkpt>
   <trkpt lat="48.411837" lon="14.537409"><ele>456.25</ele></trkpt>
   <trkpt lat="48.412043" lon="14.537602"><ele>454.75</ele></trkpt>
   <trkpt lat="48.412231" lon="14.537813"><ele>452</ele></trkpt>
   <trkpt lat="48.412497" lon="14.538239"><ele>451</ele></trkpt>
   <trkpt lat="48.41277" lon="14.53881"><ele>451.75</ele></trkpt>
   <trkpt lat="48.413123" lon="14.53945"><ele>452</ele></trkpt>
   <trkpt lat="48.413281" lon="14.539713"><ele>453.75</ele></trkpt>
   <trkpt lat="48.413469" lon="14.53994"><ele>453.75</ele></trkpt>
   <trkpt lat="48.414199" lon="14.540716"><ele>455.25</ele></trkpt>
   <trkpt lat="48.414373" lon="14.54095"><ele>457</ele></trkpt>
   <trkpt lat="48.41451" lon="14.541186"><ele>460.25</ele></trkpt>
   <trkpt lat="48.414714" lon="14.541632"><ele>460</ele></trkpt>
   <trkpt lat="48.414865" lon="14.54209"><ele>459.5</ele></trkpt>
   <trkpt lat="48.414964" lon="14.542502"><ele>457</ele></trkpt>
   <trkpt lat="48.415065" lon="14.542987"><ele>459.5</ele></trkpt>
   <trkpt lat="48.415208" lon="14.543845"><ele>467.75</ele></trkpt>
   <trkpt lat="48.415331" lon="14.545045"><ele>462.5</ele></trkpt>
   <trkpt lat="48.4154" lon="14.545446"><ele>462</ele></trkpt>
   <trkpt lat="48.415463" lon="14.545736"><ele>461</ele></trkpt>
   <trkpt lat="48.415574" lon="14.546078"><ele>460.25</ele></trkpt>
   <trkpt lat="48.415706" lon="14.546405"><ele>459</ele></trkpt>
   <trkpt lat="48.415867" lon="14.546728"><ele>460.5</ele></trkpt>
   <trkpt lat="48.416014" lon="14.546964"><ele>460</ele></trkpt>
   <trkpt lat="48.41607" lon="14.547053"><ele>459.5</ele></trkpt>
   <trkpt lat="48.416171" lon="14.547189"><ele>458.75</ele></trkpt>
   <trkpt lat="48.416208" lon="14.547231"><ele>458.5</ele></trkpt>
   <trkpt lat="48.416379" lon="14.547429"><ele>460.75</ele></trkpt>
   <trkpt lat="48.416601" lon="14.547629"><ele>462</ele></trkpt>
   <trkpt lat="48.416805" lon="14.547789"><ele>464.5</ele></trkpt>
   <trkpt lat="48.417243" lon="14.548011"><ele>466.75</ele></trkpt>
   <trkpt lat="48.417449" lon="14.548077"><ele>466.5</ele></trkpt>
   <trkpt lat="48.417874" lon="14.548124"><ele>467</ele></trkpt>
   <trkpt lat="48.418222" lon="14.548089"><ele>465</ele></trkpt>
   <trkpt lat="48.418636" lon="14.547977"><ele>462</ele></trkpt>
   <trkpt lat="48.418737" lon="14.547947"><ele>461.5</ele></trkpt>
   <trkpt lat="48.419362" lon="14.547757"><ele>461.75</ele></trkpt>
   <trkpt lat="48.419471" lon="14.547726"><ele>461.25</ele></trkpt>
   <trkpt lat="48.419847" lon="14.547614"><ele>460</ele></trkpt>
   <trkpt lat="48.41991" lon="14.547594"><ele>460.25</ele></trkpt>
   <trkpt lat="48.421565" lon="14.547103"><ele>460</ele></trkpt>
   <trkpt lat="48.422928" lon="14.546699"><ele>461.75</ele></trkpt>
   <trkpt lat="48.423221" lon="14.546605"><ele>462</ele></trkpt>
   <trkpt lat="48.42344" lon="14.546522"><ele>462.25</ele></trkpt>
   <trkpt lat="48.423833" lon="14.546328"><ele>462.25</ele></trkpt>
   <trkpt lat="48.424018" lon="14.54622"><ele>462</ele></trkpt>
   <trkpt lat="48.424172" lon="14.54612"><ele>462.75</ele></trkpt>
   <trkpt lat="48.424445" lon="14.54592"><ele>461.5</ele></trkpt>
   <trkpt lat="48.424851" lon="14.545631"><ele>461</ele></trkpt>
   <trkpt lat="48.425062" lon="14.545481"><ele>461.25</ele></trkpt>
   <trkpt lat="48.426764" lon="14.544271"><ele>460.75</ele></trkpt>
   <trkpt lat="48.430309" lon="14.541754"><ele>461.5</ele></trkpt>
   <trkpt lat="48.430745" lon="14.541444"><ele>462.25</ele></trkpt>
   <trkpt lat="48.431456" lon="14.540939"><ele>462</ele></trkpt>
   <trkpt lat="48.431723" lon="14.54075"><ele>462.5</ele></trkpt>
   <trkpt lat="48.43179" lon="14.540702"><ele>462.5</ele></trkpt>
   <trkpt lat="48.432726" lon="14.540039"><ele>463.75</ele></trkpt>
   <trkpt lat="48.432935" lon="14.539915"><ele>464.25</ele></trkpt>
   <trkpt lat="48.433285" lon="14.539724"><ele>464</ele></trkpt>
   <trkpt lat="48.433686" lon="14.539534"><ele>464.75</ele></trkpt>
   <trkpt lat="48.43392" lon="14.53943"><ele>464</ele></trkpt>
   <trkpt lat="48.434257" lon="14.539329"><ele>464.5</ele></trkpt>
   <trkpt lat="48.43494" lon="14.539134"><ele>464.75</ele></trkpt>
   <trkpt lat="48.435138" lon="14.539065"><ele>464.5</ele></trkpt>
   <trkpt lat="48.435308" lon="14.538995"><ele>464.5</ele></trkpt>
   <trkpt lat="48.436618" lon="14.538398"><ele>465</ele></trkpt>
   <trkpt lat="48.437128" lon="14.538164"><ele>465.25</ele></trkpt>
   <trkpt lat="48.43733" lon="14.538064"><ele>465</ele></trkpt>
   <trkpt lat="48.437657" lon="14.537873"><ele>465.5</ele></trkpt>
   <trkpt lat="48.43788" lon="14.537756"><ele>465.75</ele></trkpt>
   <trkpt lat="48.438266" lon="14.537584"><ele>465.75</ele></trkpt>
   <trkpt lat="48.438776" lon="14.537373"><ele>465.75</ele></trkpt>
   <trkpt lat="48.439338" lon="14.537132"><ele>465.75</ele></trkpt>
   <trkpt lat="48.439606" lon="14.536973"><ele>466</ele></trkpt>
   <trkpt lat="48.439743" lon="14.536902"><ele>466</ele></trkpt>
   <trkpt lat="48.439853" lon="14.536855"><ele>466.25</ele></trkpt>
   <trkpt lat="48.440011" lon="14.536791"><ele>467</ele></trkpt>
   <trkpt lat="48.440305" lon="14.536662"><ele>467</ele></trkpt>
   <trkpt lat="48.440687" lon="14.536444"><ele>467</ele></trkpt>
   <trkpt lat="48.440803" lon="14.536396"><ele>467</ele></trkpt>
   <trkpt lat="48.440813" lon="14.536391"><ele>467</ele></trkpt>
   <trkpt lat="48.442246" lon="14.535775"><ele>470.75</ele></trkpt>
   <trkpt lat="48.442594" lon="14.535615"><ele>471.25</ele></trkpt>
   <trkpt lat="48.444194" lon="14.534882"><ele>471.5</ele></trkpt>
   <trkpt lat="48.445902" lon="14.534101"><ele>469.75</ele></trkpt>
   <trkpt lat="48.445974" lon="14.534068"><ele>469.75</ele></trkpt>
   <trkpt lat="48.449319" lon="14.532543"><ele>468.25</ele></trkpt>
   <trkpt lat="48.449857" lon="14.532262"><ele>468.75</ele></trkpt>
   <trkpt lat="48.45024" lon="14.532023"><ele>468.5</ele></trkpt>
   <trkpt lat="48.450774" lon="14.531639"><ele>469.5</ele></trkpt>
   <trkpt lat="48.450911" lon="14.531539"><ele>469</ele></trkpt>
   <trkpt lat="48.452254" lon="14.530568"><ele>470.75</ele></trkpt>
   <trkpt lat="48.456458" lon="14.527526"><ele>472.5</ele></trkpt>
   <trkpt lat="48.458411" lon="14.52611"><ele>477.75</ele></trkpt>
   <trkpt lat="48.458463" lon="14.526072"><ele>478</ele></trkpt>
   <trkpt lat="48.458866" lon="14.525793"><ele>477.75</ele></trkpt>
   <trkpt lat="48.459185" lon="14.52552"><ele>478</ele></trkpt>
   <trkpt lat="48.459476" lon="14.525212"><ele>479</ele></trkpt>
   <trkpt lat="48.459753" lon="14.524863"><ele>479</ele></trkpt>
   <trkpt lat="48.459988" lon="14.524483"><ele>478.75</ele></trkpt>
   <trkpt lat="48.460144" lon="14.524179"><ele>477</ele></trkpt>
   <trkpt lat="48.460252" lon="14.523932"><ele>479</ele></trkpt>
   <trkpt lat="48.460394" lon="14.523572"><ele>476.75</ele></trkpt>
   <trkpt lat="48.460547" lon="14.52308"><ele>479.5</ele></trkpt>
   <trkpt lat="48.460609" lon="14.522828"><ele>478.5</ele></trkpt>
   <trkpt lat="48.460847" lon="14.521718"><ele>483</ele></trkpt>
   <trkpt lat="48.461194" lon="14.52006"><ele>475.5</ele></trkpt>
   <trkpt lat="48.461273" lon="14.519689"><ele>476.5</ele></trkpt>
   <trkpt lat="48.461284" lon="14.519643"><ele>477.25</ele></trkpt>
   <trkpt lat="48.461857" lon="14.517"><ele>485</ele></trkpt>
   <trkpt lat="48.461991" lon="14.516234"><ele>486.25</ele></trkpt>
   <trkpt lat="48.462032" lon="14.515846"><ele>485</ele></trkpt>
   <trkpt lat="48.462059" lon="14.515444"><ele>485.25</ele></trkpt>
   <trkpt lat="48.462061" lon="14.515068"><ele>487.25</ele></trkpt>
   <trkpt lat="48.462044" lon="14.5147"><ele>491.25</ele></trkpt>
   <trkpt lat="48.462021" lon="14.514401"><ele>494</ele></trkpt>
   <trkpt lat="48.461971" lon="14.514018"><ele>493.25</ele></trkpt>
   <trkpt lat="48.461915" lon="14.513725"><ele>495.25</ele></trkpt>
   <trkpt lat="48.461836" lon="14.513392"><ele>499.5</ele></trkpt>
   <trkpt lat="48.461732" lon="14.513033"><ele>495.75</ele></trkpt>
   <trkpt lat="48.461618" lon="14.512699"><ele>493.5</ele></trkpt>
   <trkpt lat="48.461473" lon="14.51234"><ele>494</ele></trkpt>
   <trkpt lat="48.461291" lon="14.511973"><ele>494.25</ele></trkpt>
   <trkpt lat="48.461243" lon="14.511896"><ele>494.25</ele></trkpt>
   <trkpt lat="48.461052" lon="14.511588"><ele>492.25</ele></trkpt>
   <trkpt lat="48.460261" lon="14.510436"><ele>493.25</ele></trkpt>
   <trkpt lat="48.459984" lon="14.509924"><ele>493.25</ele></trkpt>
   <trkpt lat="48.459922" lon="14.509785"><ele>492.5</ele></trkpt>
   <trkpt lat="48.45978" lon="14.509429"><ele>494.5</ele></trkpt>
   <trkpt lat="48.459713" lon="14.50924"><ele>495.75</ele></trkpt>
   <trkpt lat="48.459674" lon="14.509131"><ele>496.5</ele></trkpt>
   <trkpt lat="48.45957" lon="14.508768"><ele>497.25</ele></trkpt>
   <trkpt lat="48.459491" lon="14.508418"><ele>497</ele></trkpt>
   <trkpt lat="48.459416" lon="14.507993"><ele>498</ele></trkpt>
   <trkpt lat="48.459376" lon="14.507612"><ele>500</ele></trkpt>
   <trkpt lat="48.459348" lon="14.507155"><ele>499</ele></trkpt>
   <trkpt lat="48.459352" lon="14.506599"><ele>497.5</ele></trkpt>
   <trkpt lat="48.459401" lon="14.505939"><ele>498.5</ele></trkpt>
   <trkpt lat="48.459441" lon="14.505496"><ele>498</ele></trkpt>
   <trkpt lat="48.459456" lon="14.505332"><ele>498.5</ele></trkpt>
   <trkpt lat="48.45956" lon="14.50429"><ele>497.5</ele></trkpt>
   <trkpt lat="48.45958" lon="14.504087"><ele>498.25</ele></trkpt>
   <trkpt lat="48.459911" lon="14.500642"><ele>507.5</ele></trkpt>
   <trkpt lat="48.45993" lon="14.500435"><ele>506.5</ele></trkpt>
   <trkpt lat="48.459972" lon="14.500105"><ele>505.5</ele></trkpt>
   <trkpt lat="48.460044" lon="14.499655"><ele>506.75</ele></trkpt>
   <trkpt lat="48.460099" lon="14.499404"><ele>508.25</ele></trkpt>
   <trkpt lat="48.460215" lon="14.498963"><ele>506.5</ele></trkpt>
   <trkpt lat="48.460336" lon="14.498602"><ele>505.75</ele></trkpt>
   <trkpt lat="48.46047" lon="14.498278"><ele>506.25</ele></trkpt>
   <trkpt lat="48.460751" lon="14.49772"><ele>507.25</ele></trkpt>
   <trkpt lat="48.460941" lon="14.497439"><ele>506.25</ele></trkpt>
   <trkpt lat="48.461171" lon="14.497121"><ele>506.25</ele></trkpt>
   <trkpt lat="48.461353" lon="14.496915"><ele>506.75</ele></trkpt>
   <trkpt lat="48.461561" lon="14.496711"><ele>507</ele></trkpt>
   <trkpt lat="48.46163" lon="14.496647"><ele>507.5</ele></trkpt>
   <trkpt lat="48.461828" lon="14.496507"><ele>507</ele></trkpt>
   <trkpt lat="48.46192" lon="14.49645"><ele>507.25</ele></trkpt>
   <trkpt lat="48.462199" lon="14.496278"><ele>506</ele></trkpt>
   <trkpt lat="48.462283" lon="14.496238"><ele>506.25</ele></trkpt>
   <trkpt lat="48.462504" lon="14.49615"><ele>508.5</ele></trkpt>
   <trkpt lat="48.462736" lon="14.49608"><ele>509.75</ele></trkpt>
   <trkpt lat="48.462868" lon="14.496049"><ele>510.5</ele></trkpt>
   <trkpt lat="48.463005" lon="14.496029"><ele>511</ele></trkpt>
   <trkpt lat="48.463128" lon="14.496019"><ele>511.5</ele></trkpt>
   <trkpt lat="48.463472" lon="14.496017"><ele>512.25</ele></trkpt>
   <trkpt lat="48.463755" lon="14.496061"><ele>512</ele></trkpt>
   <trkpt lat="48.46402" lon="14.496139"><ele>511.75</ele></trkpt>
   <trkpt lat="48.464405" lon="14.4963"><ele>511.25</ele></trkpt>
   <trkpt lat="48.464824" lon="14.496551"><ele>511</ele></trkpt>
   <trkpt lat="48.465309" lon="14.496856"><ele>511.25</ele></trkpt>
   <trkpt lat="48.465329" lon="14.496869"><ele>511.25</ele></trkpt>
   <trkpt lat="48.465586" lon="14.497031"><ele>511.25</ele></trkpt>
   <trkpt lat="48.465743" lon="14.497133"><ele>511.25</ele></trkpt>
   <trkpt lat="48.466649" lon="14.497708"><ele>515</ele></trkpt>
   <trkpt lat="48.46702" lon="14.497925"><ele>514.5</ele></trkpt>
   <trkpt lat="48.46728" lon="14.498058"><ele>516</ele></trkpt>
   <trkpt lat="48.46751" lon="14.498156"><ele>516</ele></trkpt>
   <trkpt lat="48.467759" lon="14.498233"><ele>516.75</ele></trkpt>
   <trkpt lat="48.468053" lon="14.498288"><ele>517.75</ele></trkpt>
   <trkpt lat="48.468336" lon="14.498301"><ele>518</ele></trkpt>
   <trkpt lat="48.468584" lon="14.498284"><ele>517.75</ele></trkpt>
   <trkpt lat="48.468805" lon="14.498236"><ele>517.5</ele></trkpt>
   <trkpt lat="48.46904" lon="14.498172"><ele>517.75</ele></trkpt>
   <trkpt lat="48.469242" lon="14.498094"><ele>518.25</ele></trkpt>
   <trkpt lat="48.469553" lon="14.497934"><ele>518.5</ele></trkpt>
   <trkpt lat="48.46984" lon="14.497742"><ele>518.25</ele></trkpt>
   <trkpt lat="48.469976" lon="14.497645"><ele>518.25</ele></trkpt>
   <trkpt lat="48.470478" lon="14.497283"><ele>520.75</ele></trkpt>
   <trkpt lat="48.470645" lon="14.497162"><ele>521.25</ele></trkpt>
   <trkpt lat="48.473642" lon="14.495002"><ele>525</ele></trkpt>
   <trkpt lat="48.473883" lon="14.494796"><ele>525.75</ele></trkpt>
   <trkpt lat="48.474151" lon="14.494527"><ele>526.75</ele></trkpt>
   <trkpt lat="48.475164" lon="14.493406"><ele>525</ele></trkpt>
   <trkpt lat="48.475268" lon="14.493287"><ele>525.5</ele></trkpt>
   <trkpt lat="48.477488" lon="14.49086"><ele>532.5</ele></trkpt>
   <trkpt lat="48.477596" lon="14.490741"><ele>531.75</ele></trkpt>
   <trkpt lat="48.480188" lon="14.487907"><ele>540</ele></trkpt>
   <trkpt lat="48.480422" lon="14.487689"><ele>540.5</ele></trkpt>
   <trkpt lat="48.480701" lon="14.487473"><ele>540.75</ele></trkpt>
   <trkpt lat="48.481001" lon="14.487292"><ele>541</ele></trkpt>
   <trkpt lat="48.48125" lon="14.487184"><ele>541.25</ele></trkpt>
   <trkpt lat="48.481532" lon="14.487095"><ele>543.75</ele></trkpt>
   <trkpt lat="48.481825" lon="14.487046"><ele>544.25</ele></trkpt>
   <trkpt lat="48.482078" lon="14.487043"><ele>545</ele></trkpt>
   <trkpt lat="48.48235" lon="14.487063"><ele>545</ele></trkpt>
   <trkpt lat="48.4827" lon="14.487134"><ele>544.5</ele></trkpt>
   <trkpt lat="48.483228" lon="14.487357"><ele>545.5</ele></trkpt>
   <trkpt lat="48.483553" lon="14.487529"><ele>543.75</ele></trkpt>
   <trkpt lat="48.487144" lon="14.489666"><ele>547.25</ele></trkpt>
   <trkpt lat="48.487197" lon="14.489698"><ele>547.75</ele></trkpt>
   <trkpt lat="48.488346" lon="14.490389"><ele>546.75</ele></trkpt>
   <trkpt lat="48.488463" lon="14.49046"><ele>548</ele></trkpt>
   <trkpt lat="48.488888" lon="14.490734"><ele>550.75</ele></trkpt>
   <trkpt lat="48.490201" lon="14.491496"><ele>555</ele></trkpt>
   <trkpt lat="48.490444" lon="14.491627"><ele>555.25</ele></trkpt>
   <trkpt lat="48.490666" lon="14.491732"><ele>555.5</ele></trkpt>
   <trkpt lat="48.490945" lon="14.491848"><ele>556.5</ele></trkpt>
   <trkpt lat="48.491164" lon="14.491906"><ele>555.75</ele></trkpt>
   <trkpt lat="48.491376" lon="14.491932"><ele>555.25</ele></trkpt>
   <trkpt lat="48.491617" lon="14.491947"><ele>555</ele></trkpt>
   <trkpt lat="48.491849" lon="14.491935"><ele>555.75</ele></trkpt>
   <trkpt lat="48.491944" lon="14.491921"><ele>556.75</ele></trkpt>
   <trkpt lat="48.492129" lon="14.491887"><ele>558</ele></trkpt>
   <trkpt lat="48.492338" lon="14.491838"><ele>558.75</ele></trkpt>
   <trkpt lat="48.49256" lon="14.491757"><ele>557.75</ele></trkpt>
   <trkpt lat="48.492817" lon="14.491624"><ele>558</ele></trkpt>
   <trkpt lat="48.493017" lon="14.491506"><ele>559.25</ele></trkpt>
   <trkpt lat="48.49322" lon="14.491349"><ele>559.25</ele></trkpt>
   <trkpt lat="48.493476" lon="14.491128"><ele>558.75</ele></trkpt>
   <trkpt lat="48.493645" lon="14.490953"><ele>559.5</ele></trkpt>
   <trkpt lat="48.493781" lon="14.490793"><ele>560.25</ele></trkpt>
   <trkpt lat="48.493938" lon="14.490592"><ele>559.75</ele></trkpt>
   <trkpt lat="48.494074" lon="14.490391"><ele>560</ele></trkpt>
   <trkpt lat="48.494192" lon="14.490206"><ele>559.75</ele></trkpt>
   <trkpt lat="48.494311" lon="14.489994"><ele>560.25</ele></trkpt>
   <trkpt lat="48.494417" lon="14.489784"><ele>559.25</ele></trkpt>
   <trkpt lat="48.494597" lon="14.489355"><ele>560.5</ele></trkpt>
   <trkpt lat="48.494694" lon="14.489076"><ele>559.25</ele></trkpt>
   <trkpt lat="48.494761" lon="14.48886"><ele>559</ele></trkpt>
   <trkpt lat="48.494881" lon="14.488356"><ele>559.75</ele></trkpt>
   <trkpt lat="48.494983" lon="14.487767"><ele>559</ele></trkpt>
   <trkpt lat="48.49502" lon="14.487501"><ele>558.75</ele></trkpt>
   <trkpt lat="48.495034" lon="14.487359"><ele>558.75</ele></trkpt>
   <trkpt lat="48.495055" lon="14.487159"><ele>558.75</ele></trkpt>
   <trkpt lat="48.495063" lon="14.486879"><ele>558.75</ele></trkpt>
   <trkpt lat="48.495062" lon="14.486635"><ele>558.75</ele></trkpt>
   <trkpt lat="48.495059" lon="14.486498"><ele>558.75</ele></trkpt>
   <trkpt lat="48.495075" lon="14.485672"><ele>558.5</ele></trkpt>
   <trkpt lat="48.495311" lon="14.477876"><ele>560</ele></trkpt>
   <trkpt lat="48.495333" lon="14.47723"><ele>560</ele></trkpt>
   <trkpt lat="48.495345" lon="14.476721"><ele>560</ele></trkpt>
   <trkpt lat="48.49536" lon="14.476382"><ele>557</ele></trkpt>
   <trkpt lat="48.495416" lon="14.475686"><ele>560.5</ele></trkpt>
   <trkpt lat="48.495435" lon="14.475295"><ele>563</ele></trkpt>
   <trkpt lat="48.495465" lon="14.474835"><ele>564.25</ele></trkpt>
   <trkpt lat="48.495508" lon="14.474455"><ele>564</ele></trkpt>
   <trkpt lat="48.495573" lon="14.474071"><ele>562.75</ele></trkpt>
   <trkpt lat="48.495638" lon="14.473755"><ele>565.25</ele></trkpt>
   <trkpt lat="48.495725" lon="14.473451"><ele>566.75</ele></trkpt>
   <trkpt lat="48.49587" lon="14.473043"><ele>564.75</ele></trkpt>
   <trkpt lat="48.496001" lon="14.472719"><ele>567.75</ele></trkpt>
   <trkpt lat="48.496228" lon="14.472196"><ele>568.25</ele></trkpt>
   <trkpt lat="48.497083" lon="14.470272"><ele>563</ele></trkpt>
   <trkpt lat="48.497339" lon="14.469695"><ele>563.5</ele></trkpt>
   <trkpt lat="48.497555" lon="14.469203"><ele>564.75</ele></trkpt>
   <trkpt lat="48.498467" lon="14.467145"><ele>567</ele></trkpt>
   <trkpt lat="48.498545" lon="14.466972"><ele>569.25</ele></trkpt>
   <trkpt lat="48.498785" lon="14.466443"><ele>569.5</ele></trkpt>
   <trkpt lat="48.499074" lon="14.4659"><ele>570.25</ele></trkpt>
   <trkpt lat="48.500739" lon="14.463126"><ele>575</ele></trkpt>
   <trkpt lat="48.500982" lon="14.462723"><ele>576</ele></trkpt>
   <trkpt lat="48.501159" lon="14.462431"><ele>575.75</ele></trkpt>
   <trkpt lat="48.502092" lon="14.460897"><ele>576</ele></trkpt>
   <trkpt lat="48.502354" lon="14.460495"><ele>575.25</ele></trkpt>
   <trkpt lat="48.502551" lon="14.460245"><ele>574.5</ele></trkpt>
   <trkpt lat="48.502842" lon="14.459935"><ele>574.25</ele></trkpt>
   <trkpt lat="48.503084" lon="14.459731"><ele>575.25</ele></trkpt>
   <trkpt lat="48.503362" lon="14.459531"><ele>574.25</ele></trkpt>
   <trkpt lat="48.503572" lon="14.4594"><ele>574.75</ele></trkpt>
   <trkpt lat="48.503861" lon="14.459273"><ele>574.25</ele></trkpt>
   <trkpt lat="48.504101" lon="14.459207"><ele>575.75</ele></trkpt>
   <trkpt lat="48.504371" lon="14.459159"><ele>576</ele></trkpt>
   <trkpt lat="48.504674" lon="14.459129"><ele>575.5</ele></trkpt>
   <trkpt lat="48.50496" lon="14.459156"><ele>576.5</ele></trkpt>
   <trkpt lat="48.505212" lon="14.459195"><ele>576</ele></trkpt>
   <trkpt lat="48.505511" lon="14.4593"><ele>573.75</ele></trkpt>
   <trkpt lat="48.505739" lon="14.4594"><ele>575.5</ele></trkpt>
   <trkpt lat="48.505961" lon="14.459523"><ele>575.5</ele></trkpt>
   <trkpt lat="48.506222" lon="14.45971"><ele>577.5</ele></trkpt>
   <trkpt lat="48.506457" lon="14.459902"><ele>577.5</ele></trkpt>
   <trkpt lat="48.506685" lon="14.460134"><ele>579.5</ele></trkpt>
   <trkpt lat="48.506842" lon="14.460324"><ele>581</ele></trkpt>
   <trkpt lat="48.507137" lon="14.460724"><ele>585.25</ele></trkpt>
   <trkpt lat="48.507329" lon="14.461089"><ele>589</ele></trkpt>
   <trkpt lat="48.507504" lon="14.461443"><ele>584.25</ele></trkpt>
   <trkpt lat="48.508259" lon="14.463185"><ele>589.25</ele></trkpt>
   <trkpt lat="48.508651" lon="14.464064"><ele>582</ele></trkpt>
   <trkpt lat="48.508807" lon="14.464371"><ele>583.5</ele></trkpt>
   <trkpt lat="48.508986" lon="14.464701"><ele>588.5</ele></trkpt>
   <trkpt lat="48.509193" lon="14.465038"><ele>586.25</ele></trkpt>
   <trkpt lat="48.509465" lon="14.465368"><ele>585.75</ele></trkpt>
   <trkpt lat="48.509939" lon="14.465805"><ele>584.75</ele></trkpt>
   <trkpt lat="48.510237" lon="14.466001"><ele>584.5</ele></trkpt>
   <trkpt lat="48.510493" lon="14.466135"><ele>585.75</ele></trkpt>
   <trkpt lat="48.510817" lon="14.466264"><ele>585.5</ele></trkpt>
   <trkpt lat="48.511157" lon="14.466338"><ele>588</ele></trkpt>
   <trkpt lat="48.511415" lon="14.466361"><ele>588.25</ele></trkpt>
   <trkpt lat="48.511686" lon="14.46636"><ele>586.5</ele></trkpt>
   <trkpt lat="48.512018" lon="14.466314"><ele>588.25</ele></trkpt>
   <trkpt lat="48.512209" lon="14.466264"><ele>588.25</ele></trkpt>
   <trkpt lat="48.512304" lon="14.466239"><ele>588.25</ele></trkpt>
   <trkpt lat="48.512628" lon="14.466102"><ele>589.5</ele></trkpt>
   <trkpt lat="48.512913" lon="14.46594"><ele>588.5</ele></trkpt>
   <trkpt lat="48.513159" lon="14.465766"><ele>588.5</ele></trkpt>
   <trkpt lat="48.513409" lon="14.465545"><ele>589.25</ele></trkpt>
   <trkpt lat="48.513652" lon="14.465283"><ele>590.25</ele></trkpt>
   <trkpt lat="48.513899" lon="14.464945"><ele>591.5</ele></trkpt>
   <trkpt lat="48.514156" lon="14.464503"><ele>591.75</ele></trkpt>
   <trkpt lat="48.514356" lon="14.464102"><ele>590</ele></trkpt>
   <trkpt lat="48.515467" lon="14.461551"><ele>595.5</ele></trkpt>
   <trkpt lat="48.515615" lon="14.461247"><ele>594.75</ele></trkpt>
   <trkpt lat="48.515789" lon="14.460918"><ele>595.25</ele></trkpt>
   <trkpt lat="48.515946" lon="14.460643"><ele>596</ele></trkpt>
   <trkpt lat="48.516304" lon="14.460124"><ele>600</ele></trkpt>
   <trkpt lat="48.516642" lon="14.459718"><ele>599.5</ele></trkpt>
   <trkpt lat="48.516977" lon="14.459374"><ele>600.75</ele></trkpt>
   <trkpt lat="48.517211" lon="14.459181"><ele>599.25</ele></trkpt>
   <trkpt lat="48.517525" lon="14.458953"><ele>597.75</ele></trkpt>
   <trkpt lat="48.517982" lon="14.458682"><ele>598.75</ele></trkpt>
   <trkpt lat="48.518356" lon="14.458466"><ele>600.75</ele></trkpt>
   <trkpt lat="48.518522" lon="14.45837"><ele>600.5</ele></trkpt>
   <trkpt lat="48.518658" lon="14.458291"><ele>600.25</ele></trkpt>
   <trkpt lat="48.520574" lon="14.45717"><ele>603</ele></trkpt>
   <trkpt lat="48.52065" lon="14.457126"><ele>602.25</ele></trkpt>
   <trkpt lat="48.520689" lon="14.457103"><ele>602</ele></trkpt>
   <trkpt lat="48.521659" lon="14.456539"><ele>603.75</ele></trkpt>
   <trkpt lat="48.522463" lon="14.45606"><ele>606.75</ele></trkpt>
   <trkpt lat="48.522731" lon="14.455899"><ele>608</ele></trkpt>
   <trkpt lat="48.522936" lon="14.455756"><ele>608.75</ele></trkpt>
   <trkpt lat="48.523089" lon="14.455628"><ele>608.75</ele></trkpt>
   <trkpt lat="48.523313" lon="14.455407"><ele>609.25</ele></trkpt>
   <trkpt lat="48.523515" lon="14.455187"><ele>609</ele></trkpt>
   <trkpt lat="48.524324" lon="14.454245"><ele>610.75</ele></trkpt>
   <trkpt lat="48.524583" lon="14.45396"><ele>613</ele></trkpt>
   <trkpt lat="48.524926" lon="14.45363"><ele>612.5</ele></trkpt>
   <trkpt lat="48.525044" lon="14.453537"><ele>611</ele></trkpt>
   <trkpt lat="48.525226" lon="14.453407"><ele>610.75</ele></trkpt>
   <trkpt lat="48.525477" lon="14.453253"><ele>610.5</ele></trkpt>
   <trkpt lat="48.526293" lon="14.452883"><ele>615.25</ele></trkpt>
   <trkpt lat="48.527269" lon="14.452495"><ele>615</ele></trkpt>
   <trkpt lat="48.529522" lon="14.451568"><ele>616.5</ele></trkpt>
   <trkpt lat="48.529907" lon="14.45143"><ele>617.25</ele></trkpt>
   <trkpt lat="48.530229" lon="14.451354"><ele>617.25</ele></trkpt>
   <trkpt lat="48.530612" lon="14.451293"><ele>618.5</ele></trkpt>
   <trkpt lat="48.531123" lon="14.451263"><ele>619.25</ele></trkpt>
   <trkpt lat="48.531466" lon="14.451222"><ele>618.5</ele></trkpt>
   <trkpt lat="48.531931" lon="14.451195"><ele>617.75</ele></trkpt>
   <trkpt lat="48.532186" lon="14.451145"><ele>619.25</ele></trkpt>
   <trkpt lat="48.532478" lon="14.451062"><ele>622.25</ele></trkpt>
   <trkpt lat="48.532695" lon="14.450977"><ele>624</ele></trkpt>
   <trkpt lat="48.532921" lon="14.450849"><ele>623.5</ele></trkpt>
   <trkpt lat="48.533141" lon="14.450697"><ele>625.75</ele></trkpt>
   <trkpt lat="48.533674" lon="14.450258"><ele>625.25</ele></trkpt>
   <trkpt lat="48.534487" lon="14.4495"><ele>624</ele></trkpt>
   <trkpt lat="48.534727" lon="14.449321"><ele>621.75</ele></trkpt>
   <trkpt lat="48.534941" lon="14.449188"><ele>623</ele></trkpt>
   <trkpt lat="48.535224" lon="14.449043"><ele>621.5</ele></trkpt>
   <trkpt lat="48.535438" lon="14.448974"><ele>622</ele></trkpt>
   <trkpt lat="48.535745" lon="14.448923"><ele>624.5</ele></trkpt>
   <trkpt lat="48.53598" lon="14.448917"><ele>625</ele></trkpt>
   <trkpt lat="48.536239" lon="14.448937"><ele>624.75</ele></trkpt>
   <trkpt lat="48.537583" lon="14.449175"><ele>629</ele></trkpt>
   <trkpt lat="48.537891" lon="14.449206"><ele>629</ele></trkpt>
   <trkpt lat="48.538189" lon="14.449215"><ele>628.5</ele></trkpt>
   <trkpt lat="48.538512" lon="14.449173"><ele>629.75</ele></trkpt>
   <trkpt lat="48.538609" lon="14.449164"><ele>629.75</ele></trkpt>
   <trkpt lat="48.539511" lon="14.44899"><ele>629.5</ele></trkpt>
   <trkpt lat="48.539716" lon="14.448926"><ele>632</ele></trkpt>
   <trkpt lat="48.539845" lon="14.448886"><ele>633</ele></trkpt>
   <trkpt lat="48.540221" lon="14.448755"><ele>634.75</ele></trkpt>
   <trkpt lat="48.540754" lon="14.448555"><ele>634.75</ele></trkpt>
   <trkpt lat="48.54114" lon="14.448386"><ele>634.5</ele></trkpt>
   <trkpt lat="48.542229" lon="14.447825"><ele>634</ele></trkpt>
   <trkpt lat="48.543681" lon="14.447051"><ele>637</ele></trkpt>
   <trkpt lat="48.544236" lon="14.446727"><ele>637.75</ele></trkpt>
   <trkpt lat="48.544638" lon="14.446443"><ele>639.75</ele></trkpt>
   <trkpt lat="48.544902" lon="14.446196"><ele>640.5</ele></trkpt>
   <trkpt lat="48.545164" lon="14.445912"><ele>639.5</ele></trkpt>
   <trkpt lat="48.545441" lon="14.445554"><ele>638.75</ele></trkpt>
   <trkpt lat="48.545708" lon="14.445128"><ele>639.5</ele></trkpt>
   <trkpt lat="48.545952" lon="14.444667"><ele>641.25</ele></trkpt>
   <trkpt lat="48.546149" lon="14.444229"><ele>643.25</ele></trkpt>
   <trkpt lat="48.546285" lon="14.443903"><ele>645.5</ele></trkpt>
   <trkpt lat="48.546751" lon="14.442629"><ele>641.75</ele></trkpt>
   <trkpt lat="48.546807" lon="14.442479"><ele>642.25</ele></trkpt>
   <trkpt lat="48.546979" lon="14.44203"><ele>644.25</ele></trkpt>
   <trkpt lat="48.547139" lon="14.441678"><ele>643.5</ele></trkpt>
   <trkpt lat="48.547289" lon="14.441374"><ele>643.75</ele></trkpt>
   <trkpt lat="48.547464" lon="14.441085"><ele>645.25</ele></trkpt>
   <trkpt lat="48.547622" lon="14.440861"><ele>645</ele></trkpt>
   <trkpt lat="48.547873" lon="14.440561"><ele>646.25</ele></trkpt>
   <trkpt lat="48.548699" lon="14.439617"><ele>649.5</ele></trkpt>
   <trkpt lat="48.54877" lon="14.439536"><ele>650</ele></trkpt>
   <trkpt lat="48.548792" lon="14.439511"><ele>650</ele></trkpt>
   <trkpt lat="48.549793" lon="14.438388"><ele>654.25</ele></trkpt>
   <trkpt lat="48.550067" lon="14.438139"><ele>655</ele></trkpt>
   <trkpt lat="48.550321" lon="14.437945"><ele>654.75</ele></trkpt>
   <trkpt lat="48.550558" lon="14.437795"><ele>652.25</ele></trkpt>
   <trkpt lat="48.550812" lon="14.437647"><ele>655.75</ele></trkpt>
   <trkpt lat="48.551126" lon="14.437517"><ele>653.25</ele></trkpt>
   <trkpt lat="48.551409" lon="14.437435"><ele>655.5</ele></trkpt>
   <trkpt lat="48.551673" lon="14.43738"><ele>656.25</ele></trkpt>
   <trkpt lat="48.551928" lon="14.437352"><ele>655.5</ele></trkpt>
   <trkpt lat="48.552174" lon="14.437359"><ele>655</ele></trkpt>
   <trkpt lat="48.552587" lon="14.437408"><ele>653.75</ele></trkpt>
   <trkpt lat="48.552947" lon="14.437489"><ele>653.25</ele></trkpt>
   <trkpt lat="48.553071" lon="14.437539"><ele>653</ele></trkpt>
   <trkpt lat="48.553301" lon="14.437634"><ele>654.25</ele></trkpt>
   <trkpt lat="48.553649" lon="14.437826"><ele>655</ele></trkpt>
   <trkpt lat="48.55394" lon="14.43803"><ele>656.25</ele></trkpt>
   <trkpt lat="48.554225" lon="14.438271"><ele>657.5</ele></trkpt>
   <trkpt lat="48.554439" lon="14.438487"><ele>658.25</ele></trkpt>
   <trkpt lat="48.554687" lon="14.438767"><ele>659.5</ele></trkpt>
   <trkpt lat="48.554913" lon="14.439075"><ele>659.25</ele></trkpt>
   <trkpt lat="48.555066" lon="14.439315"><ele>660</ele></trkpt>
   <trkpt lat="48.555257" lon="14.439648"><ele>660.25</ele></trkpt>
   <trkpt lat="48.55543" lon="14.439977"><ele>661.75</ele></trkpt>
   <trkpt lat="48.555577" lon="14.440305"><ele>661</ele></trkpt>
   <trkpt lat="48.555691" lon="14.440585"><ele>662.25</ele></trkpt>
   <trkpt lat="48.555771" lon="14.440806"><ele>661.25</ele></trkpt>
   <trkpt lat="48.555782" lon="14.440839"><ele>661</ele></trkpt>
   <trkpt lat="48.55591" lon="14.441246"><ele>661.5</ele></trkpt>
   <trkpt lat="48.556032" lon="14.441708"><ele>661</ele></trkpt>
   <trkpt lat="48.556172" lon="14.44239"><ele>660.5</ele></trkpt>
   <trkpt lat="48.556174" lon="14.442399"><ele>660.5</ele></trkpt>
   <trkpt lat="48.556176" lon="14.442408"><ele>660.5</ele></trkpt>
   <trkpt lat="48.556272" lon="14.442823"><ele>660.5</ele></trkpt>
   <trkpt lat="48.556394" lon="14.443234"><ele>662</ele></trkpt>
   <trkpt lat="48.55649" lon="14.443603"><ele>662</ele></trkpt>
   <trkpt lat="48.556592" lon="14.444115"><ele>661.75</ele></trkpt>
   <trkpt lat="48.556866" lon="14.445528"><ele>663</ele></trkpt>
   <trkpt lat="48.557008" lon="14.446359"><ele>663</ele></trkpt>
   <trkpt lat="48.557101" lon="14.446937"><ele>663</ele></trkpt>
   <trkpt lat="48.557321" lon="14.448403"><ele>663</ele></trkpt>
   <trkpt lat="48.55777" lon="14.451357"><ele>664</ele></trkpt>
   <trkpt lat="48.557888" lon="14.452149"><ele>664.25</ele></trkpt>
   <trkpt lat="48.557936" lon="14.452488"><ele>664</ele></trkpt>
   <trkpt lat="48.557968" lon="14.452798"><ele>664</ele></trkpt>
   <trkpt lat="48.558006" lon="14.453298"><ele>665</ele></trkpt>
   <trkpt lat="48.558041" lon="14.453659"><ele>665</ele></trkpt>
   <trkpt lat="48.558096" lon="14.45402"><ele>665.75</ele></trkpt>
   <trkpt lat="48.558164" lon="14.454347"><ele>666.75</ele></trkpt>
   <trkpt lat="48.558242" lon="14.454666"><ele>666.75</ele></trkpt>
   <trkpt lat="48.558258" lon="14.454726"><ele>666.5</ele></trkpt>
   <trkpt lat="48.558383" lon="14.455138"><ele>666.25</ele></trkpt>
   <trkpt lat="48.558496" lon="14.455443"><ele>667.25</ele></trkpt>
   <trkpt lat="48.558645" lon="14.455803"><ele>667.25</ele></trkpt>
   <trkpt lat="48.558761" lon="14.456053"><ele>667.25</ele></trkpt>
   <trkpt lat="48.558864" lon="14.456252"><ele>667.25</ele></trkpt>
   <trkpt lat="48.559063" lon="14.456592"><ele>667</ele></trkpt>
   <trkpt lat="48.559178" lon="14.45677"><ele>666.5</ele></trkpt>
   <trkpt lat="48.559418" lon="14.457096"><ele>665.75</ele></trkpt>
   <trkpt lat="48.559692" lon="14.457396"><ele>666.5</ele></trkpt>
   <trkpt lat="48.559874" lon="14.457571"><ele>666.5</ele></trkpt>
   <trkpt lat="48.55999" lon="14.457679"><ele>666.5</ele></trkpt>
   <trkpt lat="48.560164" lon="14.457824"><ele>667</ele></trkpt>
   <trkpt lat="48.560416" lon="14.458007"><ele>667.75</ele></trkpt>
   <trkpt lat="48.560717" lon="14.458191"><ele>667.25</ele></trkpt>
   <trkpt lat="48.561041" lon="14.458343"><ele>668.25</ele></trkpt>
   <trkpt lat="48.561388" lon="14.458452"><ele>667.25</ele></trkpt>
   <trkpt lat="48.561767" lon="14.458528"><ele>668</ele></trkpt>
   <trkpt lat="48.56202" lon="14.458552"><ele>668</ele></trkpt>
   <trkpt lat="48.562273" lon="14.45854"><ele>668.75</ele></trkpt>
   <trkpt lat="48.562422" lon="14.458546"><ele>669.25</ele></trkpt>
   <trkpt lat="48.562494" lon="14.458534"><ele>669.5</ele></trkpt>
   <trkpt lat="48.56267" lon="14.458506"><ele>669.75</ele></trkpt>
   <trkpt lat="48.563101" lon="14.45838"><ele>670.75</ele></trkpt>
   <trkpt lat="48.563474" lon="14.45822"><ele>671.5</ele></trkpt>
   <trkpt lat="48.563704" lon="14.458099"><ele>672</ele></trkpt>
   <trkpt lat="48.563871" lon="14.457984"><ele>672</ele></trkpt>
   <trkpt lat="48.564152" lon="14.457783"><ele>672</ele></trkpt>
   <trkpt lat="48.565519" lon="14.456609"><ele>672.5</ele></trkpt>
   <trkpt lat="48.568982" lon="14.453636"><ele>675.25</ele></trkpt>
   <trkpt lat="48.572519" lon="14.450596"><ele>674</ele></trkpt>
   <trkpt lat="48.572915" lon="14.450244"><ele>673.25</ele></trkpt>
   <trkpt lat="48.573164" lon="14.449974"><ele>673.75</ele></trkpt>
   <trkpt lat="48.573445" lon="14.449649"><ele>674.75</ele></trkpt>
   <trkpt lat="48.573617" lon="14.449434"><ele>675.75</ele></trkpt>
   <trkpt lat="48.574078" lon="14.448786"><ele>674.75</ele></trkpt>
   <trkpt lat="48.574538" lon="14.448094"><ele>673.75</ele></trkpt>
   <trkpt lat="48.576303" lon="14.445439"><ele>676.25</ele></trkpt>
   <trkpt lat="48.576344" lon="14.445378"><ele>676.25</ele></trkpt>
   <trkpt lat="48.576395" lon="14.445301"><ele>676</ele></trkpt>
   <trkpt lat="48.57664" lon="14.444934"><ele>673.5</ele></trkpt>
   <trkpt lat="48.57676" lon="14.444754"><ele>673.25</ele></trkpt>
   <trkpt lat="48.578778" lon="14.44173"><ele>674</ele></trkpt>
   <trkpt lat="48.579128" lon="14.441125"><ele>675.25</ele></trkpt>
   <trkpt lat="48.579402" lon="14.440597"><ele>675.5</ele></trkpt>
   <trkpt lat="48.580868" lon="14.437638"><ele>673</ele></trkpt>
   <trkpt lat="48.580954" lon="14.437463"><ele>672</ele></trkpt>
   <trkpt lat="48.581319" lon="14.436727"><ele>673.75</ele></trkpt>
   <trkpt lat="48.581505" lon="14.43638"><ele>673</ele></trkpt>
   <trkpt lat="48.581728" lon="14.436039"><ele>674.25</ele></trkpt>
   <trkpt lat="48.581926" lon="14.435768"><ele>674</ele></trkpt>
   <trkpt lat="48.582125" lon="14.435576"><ele>674</ele></trkpt>
   <trkpt lat="48.582319" lon="14.435407"><ele>673.75</ele></trkpt>
   <trkpt lat="48.58255" lon="14.435252"><ele>674.5</ele></trkpt>
   <trkpt lat="48.582776" lon="14.435138"><ele>674.25</ele></trkpt>
   <trkpt lat="48.583045" lon="14.435054"><ele>676</ele></trkpt>
   <trkpt lat="48.583283" lon="14.435015"><ele>676</ele></trkpt>
   <trkpt lat="48.583509" lon="14.435004"><ele>676.5</ele></trkpt>
   <trkpt lat="48.583694" lon="14.435022"><ele>677</ele></trkpt>
   <trkpt lat="48.584121" lon="14.435138"><ele>679.75</ele></trkpt>
   <trkpt lat="48.584309" lon="14.43523"><ele>678</ele></trkpt>
   <trkpt lat="48.584517" lon="14.435358"><ele>679.5</ele></trkpt>
   <trkpt lat="48.58468" lon="14.435485"><ele>678.75</ele></trkpt>
   <trkpt lat="48.584891" lon="14.435677"><ele>678.5</ele></trkpt>
   <trkpt lat="48.585374" lon="14.436188"><ele>673.5</ele></trkpt>
   <trkpt lat="48.585478" lon="14.436303"><ele>673.25</ele></trkpt>
   <trkpt lat="48.585843" lon="14.436696"><ele>674</ele></trkpt>
   <trkpt lat="48.585985" lon="14.436836"><ele>671.25</ele></trkpt>
   <trkpt lat="48.586349" lon="14.437133"><ele>669.25</ele></trkpt>
   <trkpt lat="48.586482" lon="14.437213"><ele>670.75</ele></trkpt>
   <trkpt lat="48.586532" lon="14.437239"><ele>672</ele></trkpt>
   <trkpt lat="48.586715" lon="14.437334"><ele>674</ele></trkpt>
   <trkpt lat="48.586923" lon="14.437416"><ele>675.75</ele></trkpt>
   <trkpt lat="48.587191" lon="14.437493"><ele>676.75</ele></trkpt>
   <trkpt lat="48.587407" lon="14.437519"><ele>676.5</ele></trkpt>
   <trkpt lat="48.587711" lon="14.437524"><ele>676</ele></trkpt>
   <trkpt lat="48.587948" lon="14.437497"><ele>675.25</ele></trkpt>
   <trkpt lat="48.588235" lon="14.437428"><ele>673.5</ele></trkpt>
   <trkpt lat="48.588483" lon="14.437328"><ele>674.25</ele></trkpt>
   <trkpt lat="48.588721" lon="14.437198"><ele>676</ele></trkpt>
   <trkpt lat="48.588971" lon="14.43705"><ele>676.75</ele></trkpt>
   <trkpt lat="48.59117" lon="14.435595"><ele>678</ele></trkpt>
   <trkpt lat="48.591581" lon="14.435322"><ele>677.75</ele></trkpt>
   <trkpt lat="48.591823" lon="14.435161"><ele>677.25</ele></trkpt>
   <trkpt lat="48.592098" lon="14.434952"><ele>676.75</ele></trkpt>
   <trkpt lat="48.592387" lon="14.434675"><ele>675.5</ele></trkpt>
   <trkpt lat="48.592498" lon="14.434556"><ele>674.75</ele></trkpt>
   <trkpt lat="48.592703" lon="14.434303"><ele>672.5</ele></trkpt>
   <trkpt lat="48.592898" lon="14.434007"><ele>670</ele></trkpt>
   <trkpt lat="48.593077" lon="14.433714"><ele>672.5</ele></trkpt>
   <trkpt lat="48.593109" lon="14.43365"><ele>672.25</ele></trkpt>
   <trkpt lat="48.593218" lon="14.43343"><ele>672.5</ele></trkpt>
   <trkpt lat="48.593309" lon="14.433227"><ele>675.5</ele></trkpt>
   <trkpt lat="48.59338" lon="14.433039"><ele>676.25</ele></trkpt>
   <trkpt lat="48.59355" lon="14.432525"><ele>677</ele></trkpt>
   <trkpt lat="48.593836" lon="14.431536"><ele>677.25</ele></trkpt>
   <trkpt lat="48.594141" lon="14.430477"><ele>675.5</ele></trkpt>
   <trkpt lat="48.594233" lon="14.430181"><ele>674.75</ele></trkpt>
   <trkpt lat="48.594391" lon="14.429764"><ele>674.5</ele></trkpt>
   <trkpt lat="48.594484" lon="14.42955"><ele>673.25</ele></trkpt>
   <trkpt lat="48.594679" lon="14.429164"><ele>675</ele></trkpt>
   <trkpt lat="48.594918" lon="14.428785"><ele>673.25</ele></trkpt>
   <trkpt lat="48.595027" lon="14.428634"><ele>674.25</ele></trkpt>
   <trkpt lat="48.595167" lon="14.42846"><ele>674.75</ele></trkpt>
   <trkpt lat="48.595288" lon="14.428321"><ele>675.75</ele></trkpt>
   <trkpt lat="48.595445" lon="14.428163"><ele>675.75</ele></trkpt>
   <trkpt lat="48.595661" lon="14.42797"><ele>676.75</ele></trkpt>
   <trkpt lat="48.595871" lon="14.427817"><ele>677.25</ele></trkpt>
   <trkpt lat="48.596085" lon="14.427688"><ele>677.25</ele></trkpt>
   <trkpt lat="48.596312" lon="14.427572"><ele>677.75</ele></trkpt>
   <trkpt lat="48.596648" lon="14.427443"><ele>676.5</ele></trkpt>
   <trkpt lat="48.597393" lon="14.427202"><ele>675.5</ele></trkpt>
   <trkpt lat="48.597669" lon="14.427108"><ele>674</ele></trkpt>
   <trkpt lat="48.597829" lon="14.427042"><ele>674</ele></trkpt>
   <trkpt lat="48.597841" lon="14.427036"><ele>674</ele></trkpt>
   <trkpt lat="48.597952" lon="14.426984"><ele>674</ele></trkpt>
   <trkpt lat="48.597976" lon="14.426973"><ele>674</ele></trkpt>
   <trkpt lat="48.598449" lon="14.426712"><ele>674</ele></trkpt>
   <trkpt lat="48.598594" lon="14.42661"><ele>674.5</ele></trkpt>
   <trkpt lat="48.598722" lon="14.426512"><ele>673.75</ele></trkpt>
   <trkpt lat="48.598897" lon="14.426356"><ele>675.25</ele></trkpt>
   <trkpt lat="48.599091" lon="14.426149"><ele>674.75</ele></trkpt>
   <trkpt lat="48.599125" lon="14.426111"><ele>675</ele></trkpt>
   <trkpt lat="48.599258" lon="14.425943"><ele>674.25</ele></trkpt>
   <trkpt lat="48.599423" lon="14.425707"><ele>675</ele></trkpt>
   <trkpt lat="48.599882" lon="14.425015"><ele>675.5</ele></trkpt>
   <trkpt lat="48.603734" lon="14.41921"><ele>676</ele></trkpt>
   <trkpt lat="48.604043" lon="14.418741"><ele>676</ele></trkpt>
   <trkpt lat="48.604174" lon="14.418515"><ele>676</ele></trkpt>
   <trkpt lat="48.604305" lon="14.418272"><ele>675.75</ele></trkpt>
   <trkpt lat="48.604438" lon="14.418048"><ele>675.75</ele></trkpt>
   <trkpt lat="48.604727" lon="14.417617"><ele>676</ele></trkpt>
   <trkpt lat="48.604754" lon="14.417577"><ele>676</ele></trkpt>
   <trkpt lat="48.604956" lon="14.417274"><ele>676</ele></trkpt>
   <trkpt lat="48.605164" lon="14.416993"><ele>676.75</ele></trkpt>
   <trkpt lat="48.605243" lon="14.416898"><ele>676.5</ele></trkpt>
   <trkpt lat="48.605431" lon="14.416703"><ele>678</ele></trkpt>
   <trkpt lat="48.605546" lon="14.416599"><ele>677.75</ele></trkpt>
   <trkpt lat="48.60576" lon="14.416427"><ele>677.5</ele></trkpt>
   <trkpt lat="48.606017" lon="14.416274"><ele>677.25</ele></trkpt>
   <trkpt lat="48.606233" lon="14.416175"><ele>677</ele></trkpt>
   <trkpt lat="48.606469" lon="14.4161"><ele>676</ele></trkpt>
   <trkpt lat="48.606713" lon="14.416056"><ele>676.25</ele></trkpt>
   <trkpt lat="48.606927" lon="14.416042"><ele>676.5</ele></trkpt>
   <trkpt lat="48.607134" lon="14.416052"><ele>676.25</ele></trkpt>
   <trkpt lat="48.607254" lon="14.416068"><ele>676</ele></trkpt>
   <trkpt lat="48.607483" lon="14.416123"><ele>677</ele></trkpt>
   <trkpt lat="48.608087" lon="14.416346"><ele>675.5</ele></trkpt>
   <trkpt lat="48.608338" lon="14.416409"><ele>677</ele></trkpt>
   <trkpt lat="48.608491" lon="14.416432"><ele>677.5</ele></trkpt>
   <trkpt lat="48.608664" lon="14.416443"><ele>677.75</ele></trkpt>
   <trkpt lat="48.60902" lon="14.416433"><ele>677.5</ele></trkpt>
   <trkpt lat="48.609071" lon="14.416427"><ele>677.25</ele></trkpt>
   <trkpt lat="48.609312" lon="14.416387"><ele>676.75</ele></trkpt>
   <trkpt lat="48.609547" lon="14.41631"><ele>676</ele></trkpt>
   <trkpt lat="48.609794" lon="14.416191"><ele>675.5</ele></trkpt>
   <trkpt lat="48.609979" lon="14.416075"><ele>675.5</ele></trkpt>
   <trkpt lat="48.610214" lon="14.415891"><ele>674.25</ele></trkpt>
   <trkpt lat="48.610376" lon="14.415739"><ele>674</ele></trkpt>
   <trkpt lat="48.610557" lon="14.415538"><ele>676.75</ele></trkpt>
   <trkpt lat="48.610802" lon="14.415216"><ele>675.75</ele></trkpt>
   <trkpt lat="48.61111" lon="14.414784"><ele>677.25</ele></trkpt>
   <trkpt lat="48.611621" lon="14.414069"><ele>678.5</ele></trkpt>
   <trkpt lat="48.611849" lon="14.413772"><ele>680</ele></trkpt>
   <trkpt lat="48.612042" lon="14.413558"><ele>680</ele></trkpt>
   <trkpt lat="48.612239" lon="14.413361"><ele>679.25</ele></trkpt>
   <trkpt lat="48.612567" lon="14.41308"><ele>679.25</ele></trkpt>
   <trkpt lat="48.612801" lon="14.412914"><ele>680</ele></trkpt>
   <trkpt lat="48.613031" lon="14.412775"><ele>676.5</ele></trkpt>
   <trkpt lat="48.613371" lon="14.41261"><ele>677.75</ele></trkpt>
   <trkpt lat="48.613654" lon="14.412511"><ele>674.75</ele></trkpt>
   <trkpt lat="48.613888" lon="14.41245"><ele>673.75</ele></trkpt>
   <trkpt lat="48.614019" lon="14.412428"><ele>674</ele></trkpt>
   <trkpt lat="48.61414" lon="14.412409"><ele>674.25</ele></trkpt>
   <trkpt lat="48.614346" lon="14.412394"><ele>674.5</ele></trkpt>
   <trkpt lat="48.614502" lon="14.412386"><ele>674.5</ele></trkpt>
   <trkpt lat="48.614683" lon="14.412393"><ele>673.75</ele></trkpt>
   <trkpt lat="48.615" lon="14.412432"><ele>671.75</ele></trkpt>
   <trkpt lat="48.615149" lon="14.412464"><ele>671.5</ele></trkpt>
   <trkpt lat="48.616517" lon="14.412861"><ele>669.5</ele></trkpt>
   <trkpt lat="48.616909" lon="14.412976"><ele>672.25</ele></trkpt>
   <trkpt lat="48.618241" lon="14.413361"><ele>669.5</ele></trkpt>
   <trkpt lat="48.61852" lon="14.413404"><ele>667.5</ele></trkpt>
   <trkpt lat="48.618895" lon="14.413409"><ele>667</ele></trkpt>
   <trkpt lat="48.619159" lon="14.413375"><ele>667</ele></trkpt>
   <trkpt lat="48.619507" lon="14.413277"><ele>669</ele></trkpt>
   <trkpt lat="48.620757" lon="14.412792"><ele>667.75</ele></trkpt>
   <trkpt lat="48.620818" lon="14.412773"><ele>667.75</ele></trkpt>
   <trkpt lat="48.621074" lon="14.412699"><ele>667.75</ele></trkpt>
   <trkpt lat="48.62118" lon="14.412679"><ele>668</ele></trkpt>
   <trkpt lat="48.621407" lon="14.41266"><ele>668.5</ele></trkpt>
   <trkpt lat="48.621556" lon="14.412663"><ele>668.75</ele></trkpt>
   <trkpt lat="48.62166" lon="14.412673"><ele>668.75</ele></trkpt>
   <trkpt lat="48.621892" lon="14.412722"><ele>669</ele></trkpt>
   <trkpt lat="48.622006" lon="14.41276"><ele>669</ele></trkpt>
   <trkpt lat="48.622203" lon="14.412843"><ele>671</ele></trkpt>
   <trkpt lat="48.622335" lon="14.412912"><ele>671.25</ele></trkpt>
   <trkpt lat="48.622457" lon="14.412991"><ele>669.25</ele></trkpt>
   <trkpt lat="48.622706" lon="14.413182"><ele>669.25</ele></trkpt>
   <trkpt lat="48.622844" lon="14.413303"><ele>667.25</ele></trkpt>
   <trkpt lat="48.624052" lon="14.414442"><ele>661.75</ele></trkpt>
   <trkpt lat="48.62415" lon="14.414537"><ele>661.75</ele></trkpt>
   <trkpt lat="48.624629" lon="14.414999"><ele>662.75</ele></trkpt>
   <trkpt lat="48.624894" lon="14.41531"><ele>663.5</ele></trkpt>
   <trkpt lat="48.624984" lon="14.415438"><ele>664</ele></trkpt>
   <trkpt lat="48.625066" lon="14.415564"><ele>664.25</ele></trkpt>
   <trkpt lat="48.625198" lon="14.415791"><ele>664.75</ele></trkpt>
   <trkpt lat="48.625297" lon="14.415988"><ele>665.25</ele></trkpt>
   <trkpt lat="48.625426" lon="14.416291"><ele>666.25</ele></trkpt>
   <trkpt lat="48.625496" lon="14.416485"><ele>665.5</ele></trkpt>
   <trkpt lat="48.625609" lon="14.416882"><ele>664.25</ele></trkpt>
   <trkpt lat="48.625688" lon="14.417271"><ele>664.5</ele></trkpt>
   <trkpt lat="48.625719" lon="14.417488"><ele>664</ele></trkpt>
   <trkpt lat="48.625754" lon="14.417856"><ele>663.75</ele></trkpt>
   <trkpt lat="48.625763" lon="14.41823"><ele>664.25</ele></trkpt>
   <trkpt lat="48.625758" lon="14.418455"><ele>663.75</ele></trkpt>
   <trkpt lat="48.625726" lon="14.41891"><ele>663</ele></trkpt>
   <trkpt lat="48.625557" lon="14.420318"><ele>662.75</ele></trkpt>
   <trkpt lat="48.625514" lon="14.420789"><ele>663.5</ele></trkpt>
   <trkpt lat="48.625506" lon="14.421025"><ele>663.75</ele></trkpt>
   <trkpt lat="48.625507" lon="14.421223"><ele>663.75</ele></trkpt>
   <trkpt lat="48.625531" lon="14.421643"><ele>663.25</ele></trkpt>
   <trkpt lat="48.625552" lon="14.421837"><ele>662.25</ele></trkpt>
   <trkpt lat="48.625607" lon="14.422169"><ele>663</ele></trkpt>
   <trkpt lat="48.625666" lon="14.422424"><ele>665</ele></trkpt>
   <trkpt lat="48.625735" lon="14.422669"><ele>664.5</ele></trkpt>
   <trkpt lat="48.625807" lon="14.422884"><ele>662.5</ele></trkpt>
   <trkpt lat="48.625886" lon="14.423087"><ele>662.25</ele></trkpt>
   <trkpt lat="48.625978" lon="14.42329"><ele>663.5</ele></trkpt>
   <trkpt lat="48.626085" lon="14.423493"><ele>662</ele></trkpt>
   <trkpt lat="48.626207" lon="14.423694"><ele>660.25</ele></trkpt>
   <trkpt lat="48.626323" lon="14.423866"><ele>659.5</ele></trkpt>
   <trkpt lat="48.626424" lon="14.423996"><ele>656.75</ele></trkpt>
   <trkpt lat="48.626641" lon="14.424236"><ele>656.25</ele></trkpt>
   <trkpt lat="48.626776" lon="14.424363"><ele>655</ele></trkpt>
   <trkpt lat="48.626819" lon="14.424399"><ele>655.5</ele></trkpt>
   <trkpt lat="48.62692" lon="14.424478"><ele>657</ele></trkpt>
   <trkpt lat="48.627121" lon="14.424611"><ele>655.25</ele></trkpt>
   <trkpt lat="48.627316" lon="14.424713"><ele>658.25</ele></trkpt>
   <trkpt lat="48.627556" lon="14.424803"><ele>656.5</ele></trkpt>
   <trkpt lat="48.62768" lon="14.424833"><ele>656</ele></trkpt>
   <trkpt lat="48.627955" lon="14.424875"><ele>658</ele></trkpt>
   <trkpt lat="48.628257" lon="14.424864"><ele>661.5</ele></trkpt>
   <trkpt lat="48.628426" lon="14.424836"><ele>662.5</ele></trkpt>
   <trkpt lat="48.62843" lon="14.424835"><ele>662.5</ele></trkpt>
   <trkpt lat="48.628685" lon="14.424762"><ele>662.25</ele></trkpt>
   <trkpt lat="48.629043" lon="14.424602"><ele>663.5</ele></trkpt>
   <trkpt lat="48.630657" lon="14.423793"><ele>661</ele></trkpt>
   <trkpt lat="48.630704" lon="14.423769"><ele>661</ele></trkpt>
   <trkpt lat="48.631021" lon="14.423615"><ele>661.25</ele></trkpt>
   <trkpt lat="48.631418" lon="14.423407"><ele>660.75</ele></trkpt>
   <trkpt lat="48.631575" lon="14.423317"><ele>661</ele></trkpt>
   <trkpt lat="48.631762" lon="14.423196"><ele>661</ele></trkpt>
   <trkpt lat="48.632041" lon="14.422992"><ele>661.5</ele></trkpt>
   <trkpt lat="48.63228" lon="14.4228"><ele>661.5</ele></trkpt>
   <trkpt lat="48.632452" lon="14.422634"><ele>661.75</ele></trkpt>
   <trkpt lat="48.632658" lon="14.422416"><ele>662.5</ele></trkpt>
   <trkpt lat="48.632773" lon="14.422283"><ele>662.25</ele></trkpt>
   <trkpt lat="48.633004" lon="14.421995"><ele>662.75</ele></trkpt>
   <trkpt lat="48.633398" lon="14.421433"><ele>662</ele></trkpt>
   <trkpt lat="48.633999" lon="14.420546"><ele>659.5</ele></trkpt>
   <trkpt lat="48.634022" lon="14.420514"><ele>659.5</ele></trkpt>
   <trkpt lat="48.63413" lon="14.420367"><ele>660.75</ele></trkpt>
   <trkpt lat="48.634313" lon="14.420143"><ele>662.25</ele></trkpt>
   <trkpt lat="48.634504" lon="14.419948"><ele>664.25</ele></trkpt>
   <trkpt lat="48.634606" lon="14.419859"><ele>665.25</ele></trkpt>
   <trkpt lat="48.634809" lon="14.419707"><ele>666.5</ele></trkpt>
   <trkpt lat="48.635035" lon="14.41958"><ele>668</ele></trkpt>
   <trkpt lat="48.635234" lon="14.419495"><ele>667.75</ele></trkpt>
   <trkpt lat="48.635361" lon="14.419453"><ele>666.5</ele></trkpt>
   <trkpt lat="48.635485" lon="14.419423"><ele>665.5</ele></trkpt>
   <trkpt lat="48.635623" lon="14.419402"><ele>665.25</ele></trkpt>
   <trkpt lat="48.635787" lon="14.419391"><ele>665</ele></trkpt>
   <trkpt lat="48.635925" lon="14.419392"><ele>664.5</ele></trkpt>
   <trkpt lat="48.636058" lon="14.419407"><ele>664.25</ele></trkpt>
   <trkpt lat="48.636173" lon="14.419424"><ele>664.25</ele></trkpt>
   <trkpt lat="48.636461" lon="14.419515"><ele>663.75</ele></trkpt>
   <trkpt lat="48.636609" lon="14.419577"><ele>663.25</ele></trkpt>
   <trkpt lat="48.636783" lon="14.419673"><ele>663.75</ele></trkpt>
   <trkpt lat="48.637055" lon="14.41987"><ele>663.5</ele></trkpt>
   <trkpt lat="48.637229" lon="14.420033"><ele>665.75</ele></trkpt>
   <trkpt lat="48.637284" lon="14.420091"><ele>664.5</ele></trkpt>
   <trkpt lat="48.637383" lon="14.420194"><ele>664</ele></trkpt>
   <trkpt lat="48.637497" lon="14.42034"><ele>665</ele></trkpt>
   <trkpt lat="48.63769" lon="14.420621"><ele>663</ele></trkpt>
   <trkpt lat="48.637811" lon="14.420823"><ele>664</ele></trkpt>
   <trkpt lat="48.637859" lon="14.420906"><ele>662.75</ele></trkpt>
   <trkpt lat="48.639659" lon="14.424164"><ele>667.25</ele></trkpt>
   <trkpt lat="48.63989" lon="14.424622"><ele>667.5</ele></trkpt>
   <trkpt lat="48.640008" lon="14.424887"><ele>667.5</ele></trkpt>
   <trkpt lat="48.640087" lon="14.425092"><ele>667.5</ele></trkpt>
   <trkpt lat="48.640223" lon="14.425514"><ele>668.25</ele></trkpt>
   <trkpt lat="48.640332" lon="14.425972"><ele>668</ele></trkpt>
   <trkpt lat="48.640372" lon="14.426197"><ele>669</ele></trkpt>
   <trkpt lat="48.640423" lon="14.426584"><ele>670.5</ele></trkpt>
   <trkpt lat="48.64045" lon="14.426931"><ele>670.75</ele></trkpt>
   <trkpt lat="48.64046" lon="14.427151"><ele>670.75</ele></trkpt>
   <trkpt lat="48.640458" lon="14.427422"><ele>671</ele></trkpt>
   <trkpt lat="48.640433" lon="14.427858"><ele>672</ele></trkpt>
   <trkpt lat="48.640409" lon="14.428095"><ele>672</ele></trkpt>
   <trkpt lat="48.640374" lon="14.428341"><ele>671.75</ele></trkpt>
   <trkpt lat="48.640335" lon="14.428557"><ele>670.25</ele></trkpt>
   <trkpt lat="48.640236" lon="14.42899"><ele>670.75</ele></trkpt>
   <trkpt lat="48.640156" lon="14.429244"><ele>673.25</ele></trkpt>
   <trkpt lat="48.640073" lon="14.429493"><ele>672.75</ele></trkpt>
   <trkpt lat="48.639746" lon="14.430393"><ele>671</ele></trkpt>
   <trkpt lat="48.639612" lon="14.430842"><ele>669.75</ele></trkpt>
   <trkpt lat="48.639521" lon="14.43127"><ele>669</ele></trkpt>
   <trkpt lat="48.639494" lon="14.431446"><ele>668.25</ele></trkpt>
   <trkpt lat="48.639472" lon="14.431624"><ele>668.75</ele></trkpt>
   <trkpt lat="48.639447" lon="14.431987"><ele>669.75</ele></trkpt>
   <trkpt lat="48.639443" lon="14.432091"><ele>669.75</ele></trkpt>
   <trkpt lat="48.639441" lon="14.432322"><ele>669.75</ele></trkpt>
   <trkpt lat="48.639467" lon="14.432787"><ele>668.5</ele></trkpt>
   <trkpt lat="48.639525" lon="14.433216"><ele>666.25</ele></trkpt>
   <trkpt lat="48.639617" lon="14.43364"><ele>665.5</ele></trkpt>
   <trkpt lat="48.639677" lon="14.433862"><ele>668.75</ele></trkpt>
   <trkpt lat="48.639743" lon="14.434055"><ele>668.75</ele></trkpt>
   <trkpt lat="48.639898" lon="14.434443"><ele>666.5</ele></trkpt>
   <trkpt lat="48.64008" lon="14.434799"><ele>667</ele></trkpt>
   <trkpt lat="48.640188" lon="14.434968"><ele>666.5</ele></trkpt>
   <trkpt lat="48.640293" lon="14.435122"><ele>667.25</ele></trkpt>
   <trkpt lat="48.640408" lon="14.435271"><ele>666.25</ele></trkpt>
   <trkpt lat="48.640523" lon="14.435401"><ele>667</ele></trkpt>
   <trkpt lat="48.640655" lon="14.435535"><ele>668</ele></trkpt>
   <trkpt lat="48.640779" lon="14.435643"><ele>667.25</ele></trkpt>
   <trkpt lat="48.641034" lon="14.435825"><ele>669.25</ele></trkpt>
   <trkpt lat="48.641229" lon="14.435931"><ele>667.5</ele></trkpt>
   <trkpt lat="48.641267" lon="14.43595"><ele>667.25</ele></trkpt>
   <trkpt lat="48.64144" lon="14.436023"><ele>668.25</ele></trkpt>
   <trkpt lat="48.64158" lon="14.436065"><ele>669.5</ele></trkpt>
   <trkpt lat="48.641877" lon="14.436116"><ele>670.75</ele></trkpt>
   <trkpt lat="48.642017" lon="14.436123"><ele>670.75</ele></trkpt>
   <trkpt lat="48.642168" lon="14.436115"><ele>670.75</ele></trkpt>
   <trkpt lat="48.642459" lon="14.436064"><ele>670.75</ele></trkpt>
   <trkpt lat="48.642725" lon="14.43597"><ele>668.75</ele></trkpt>
   <trkpt lat="48.642848" lon="14.435912"><ele>669.75</ele></trkpt>
   <trkpt lat="48.642978" lon="14.435838"><ele>671</ele></trkpt>
   <trkpt lat="48.643202" lon="14.435687"><ele>672</ele></trkpt>
   <trkpt lat="48.64345" lon="14.435489"><ele>673</ele></trkpt>
   <trkpt lat="48.644344" lon="14.434722"><ele>674</ele></trkpt>
   <trkpt lat="48.644358" lon="14.43471"><ele>674</ele></trkpt>
   <trkpt lat="48.644667" lon="14.434449"><ele>673.25</ele></trkpt>
   <trkpt lat="48.644817" lon="14.434331"><ele>674.75</ele></trkpt>
   <trkpt lat="48.645172" lon="14.434091"><ele>674</ele></trkpt>
   <trkpt lat="48.645346" lon="14.433949"><ele>673.5</ele></trkpt>
   <trkpt lat="48.645355" lon="14.433941"><ele>673.5</ele></trkpt>
   <trkpt lat="48.645973" lon="14.433412"><ele>674.25</ele></trkpt>
   <trkpt lat="48.646293" lon="14.433155"><ele>674</ele></trkpt>
   <trkpt lat="48.646419" lon="14.433065"><ele>673.75</ele></trkpt>
   <trkpt lat="48.646686" lon="14.432902"><ele>673</ele></trkpt>
   <trkpt lat="48.646934" lon="14.432783"><ele>673.75</ele></trkpt>
   <trkpt lat="48.647015" lon="14.432747"><ele>673.5</ele></trkpt>
   <trkpt lat="48.647085" lon="14.432719"><ele>673.5</ele></trkpt>
   <trkpt lat="48.647182" lon="14.432681"><ele>673.75</ele></trkpt>
   <trkpt lat="48.647861" lon="14.432442"><ele>673.75</ele></trkpt>
   <trkpt lat="48.649492" lon="14.431868"><ele>674.75</ele></trkpt>
   <trkpt lat="48.649526" lon="14.431858"><ele>674.75</ele></trkpt>
   <trkpt lat="48.650531" lon="14.431506"><ele>675</ele></trkpt>
   <trkpt lat="48.650962" lon="14.431354"><ele>675</ele></trkpt>
   <trkpt lat="48.651134" lon="14.431283"><ele>675</ele></trkpt>
   <trkpt lat="48.651281" lon="14.431214"><ele>675</ele></trkpt>
   <trkpt lat="48.651491" lon="14.431134"><ele>675</ele></trkpt>
   <trkpt lat="48.651836" lon="14.431029"><ele>675.5</ele></trkpt>
   <trkpt lat="48.651882" lon="14.431016"><ele>675.75</ele></trkpt>
   <trkpt lat="48.652205" lon="14.430924"><ele>676</ele></trkpt>
   <trkpt lat="48.652379" lon="14.430886"><ele>675.25</ele></trkpt>
   <trkpt lat="48.652548" lon="14.430869"><ele>674.75</ele></trkpt>
   <trkpt lat="48.652708" lon="14.430864"><ele>674.75</ele></trkpt>
   <trkpt lat="48.65275" lon="14.430865"><ele>674.75</ele></trkpt>
   <trkpt lat="48.653016" lon="14.430896"><ele>674.5</ele></trkpt>
   <trkpt lat="48.653163" lon="14.430927"><ele>675.5</ele></trkpt>
   <trkpt lat="48.653308" lon="14.430973"><ele>676.75</ele></trkpt>
   <trkpt lat="48.653651" lon="14.431114"><ele>676.25</ele></trkpt>
   <trkpt lat="48.654878" lon="14.431673"><ele>677.5</ele></trkpt>
   <trkpt lat="48.65489" lon="14.431678"><ele>677.5</ele></trkpt>
   <trkpt lat="48.655598" lon="14.432002"><ele>678.75</ele></trkpt>
   <trkpt lat="48.656925" lon="14.432613"><ele>678.5</ele></trkpt>
   <trkpt lat="48.657071" lon="14.432689"><ele>678.25</ele></trkpt>
   <trkpt lat="48.657214" lon="14.432775"><ele>678</ele></trkpt>
   <trkpt lat="48.657408" lon="14.432901"><ele>677.5</ele></trkpt>
   <trkpt lat="48.657713" lon="14.433127"><ele>676</ele></trkpt>
   <trkpt lat="48.657997" lon="14.433367"><ele>675.75</ele></trkpt>
   <trkpt lat="48.658375" lon="14.433709"><ele>675.25</ele></trkpt>
   <trkpt lat="48.658415" lon="14.433746"><ele>675</ele></trkpt>
   <trkpt lat="48.659784" lon="14.434977"><ele>678.75</ele></trkpt>
   <trkpt lat="48.660563" lon="14.435676"><ele>679.5</ele></trkpt>
   <trkpt lat="48.660634" lon="14.43574"><ele>679</ele></trkpt>
   <trkpt lat="48.660952" lon="14.436024"><ele>678.25</ele></trkpt>
   <trkpt lat="48.661011" lon="14.436077"><ele>678.5</ele></trkpt>
   <trkpt lat="48.662391" lon="14.437322"><ele>681.5</ele></trkpt>
   <trkpt lat="48.662728" lon="14.437617"><ele>680</ele></trkpt>
   <trkpt lat="48.66285" lon="14.437716"><ele>679</ele></trkpt>
   <trkpt lat="48.662991" lon="14.437817"><ele>678</ele></trkpt>
   <trkpt lat="48.663238" lon="14.437965"><ele>678.25</ele></trkpt>
   <trkpt lat="48.663476" lon="14.438065"><ele>678.25</ele></trkpt>
   <trkpt lat="48.663587" lon="14.4381"><ele>677.5</ele></trkpt>
   <trkpt lat="48.663665" lon="14.438118"><ele>677.25</ele></trkpt>
   <trkpt lat="48.663903" lon="14.438152"><ele>676.5</ele></trkpt>
   <trkpt lat="48.664011" lon="14.438156"><ele>676.25</ele></trkpt>
   <trkpt lat="48.66429" lon="14.438133"><ele>676.5</ele></trkpt>
   <trkpt lat="48.664389" lon="14.438114"><ele>676.5</ele></trkpt>
   <trkpt lat="48.664618" lon="14.438045"><ele>677.5</ele></trkpt>
   <trkpt lat="48.665002" lon="14.437877"><ele>677.75</ele></trkpt>
   <trkpt lat="48.666463" lon="14.437158"><ele>675.5</ele></trkpt>
   <trkpt lat="48.666527" lon="14.437126"><ele>674.75</ele></trkpt>
   <trkpt lat="48.668099" lon="14.436351"><ele>675.75</ele></trkpt>
   <trkpt lat="48.66876" lon="14.436034"><ele>675.5</ele></trkpt>
   <trkpt lat="48.668916" lon="14.435971"><ele>675.25</ele></trkpt>
   <trkpt lat="48.669046" lon="14.43593"><ele>675</ele></trkpt>
   <trkpt lat="48.669221" lon="14.435892"><ele>674.75</ele></trkpt>
   <trkpt lat="48.669365" lon="14.435872"><ele>674.75</ele></trkpt>
   <trkpt lat="48.669544" lon="14.435864"><ele>674.75</ele></trkpt>
   <trkpt lat="48.669675" lon="14.435872"><ele>674.75</ele></trkpt>
   <trkpt lat="48.669907" lon="14.435909"><ele>675.25</ele></trkpt>
   <trkpt lat="48.670156" lon="14.435985"><ele>676.25</ele></trkpt>
   <trkpt lat="48.670467" lon="14.436138"><ele>675.75</ele></trkpt>
   <trkpt lat="48.670594" lon="14.436222"><ele>675.25</ele></trkpt>
   <trkpt lat="48.670824" lon="14.436404"><ele>674.75</ele></trkpt>
   <trkpt lat="48.670947" lon="14.436518"><ele>674.5</ele></trkpt>
   <trkpt lat="48.671051" lon="14.43663"><ele>674.75</ele></trkpt>
   <trkpt lat="48.671268" lon="14.4369"><ele>672.5</ele></trkpt>
   <trkpt lat="48.671468" lon="14.437216"><ele>670.25</ele></trkpt>
   <trkpt lat="48.671549" lon="14.437364"><ele>669.5</ele></trkpt>
   <trkpt lat="48.671636" lon="14.437544"><ele>672</ele></trkpt>
   <trkpt lat="48.671714" lon="14.437725"><ele>670</ele></trkpt>
   <trkpt lat="48.671777" lon="14.437888"><ele>667</ele></trkpt>
   <trkpt lat="48.671853" lon="14.438118"><ele>667.25</ele></trkpt>
   <trkpt lat="48.671914" lon="14.438333"><ele>671.5</ele></trkpt>
   <trkpt lat="48.671966" lon="14.438547"><ele>672.25</ele></trkpt>
   <trkpt lat="48.672012" lon="14.438778"><ele>672.25</ele></trkpt>
   <trkpt lat="48.672038" lon="14.438944"><ele>672.5</ele></trkpt>
   <trkpt lat="48.67208" lon="14.43934"><ele>676.25</ele></trkpt>
   <trkpt lat="48.672098" lon="14.43958"><ele>677.75</ele></trkpt>
   <trkpt lat="48.672143" lon="14.44041"><ele>675.5</ele></trkpt>
   <trkpt lat="48.67217" lon="14.440726"><ele>673.25</ele></trkpt>
   <trkpt lat="48.672218" lon="14.441076"><ele>672.75</ele></trkpt>
   <trkpt lat="48.672263" lon="14.441324"><ele>673</ele></trkpt>
   <trkpt lat="48.672371" lon="14.441787"><ele>671.75</ele></trkpt>
   <trkpt lat="48.67244" lon="14.442012"><ele>671.5</ele></trkpt>
   <trkpt lat="48.672506" lon="14.442202"><ele>672.75</ele></trkpt>
   <trkpt lat="48.672673" lon="14.442612"><ele>669.75</ele></trkpt>
   <trkpt lat="48.672762" lon="14.442797"><ele>670.5</ele></trkpt>
   <trkpt lat="48.672981" lon="14.443179"><ele>671</ele></trkpt>
   <trkpt lat="48.673641" lon="14.44419"><ele>672</ele></trkpt>
   <trkpt lat="48.674602" lon="14.445649"><ele>670.5</ele></trkpt>
   <trkpt lat="48.674729" lon="14.445823"><ele>671</ele></trkpt>
   <trkpt lat="48.674913" lon="14.446052"><ele>670.5</ele></trkpt>
   <trkpt lat="48.674934" lon="14.446075"><ele>670.5</ele></trkpt>
   <trkpt lat="48.675109" lon="14.446267"><ele>669.75</ele></trkpt>
   <trkpt lat="48.67535" lon="14.446474"><ele>670</ele></trkpt>
   <trkpt lat="48.675504" lon="14.446589"><ele>670.25</ele></trkpt>
   <trkpt lat="48.675646" lon="14.446683"><ele>670.25</ele></trkpt>
   <trkpt lat="48.675779" lon="14.446755"><ele>669.25</ele></trkpt>
   <trkpt lat="48.675932" lon="14.446826"><ele>669.25</ele></trkpt>
   <trkpt lat="48.676094" lon="14.446888"><ele>670</ele></trkpt>
   <trkpt lat="48.676237" lon="14.446929"><ele>670.25</ele></trkpt>
   <trkpt lat="48.676398" lon="14.446963"><ele>670.75</ele></trkpt>
   <trkpt lat="48.676641" lon="14.446989"><ele>671.5</ele></trkpt>
   <trkpt lat="48.676888" lon="14.446982"><ele>671.75</ele></trkpt>
   <trkpt lat="48.677033" lon="14.446961"><ele>671.5</ele></trkpt>
   <trkpt lat="48.677197" lon="14.44693"><ele>671.25</ele></trkpt>
   <trkpt lat="48.677483" lon="14.44684"><ele>673.5</ele></trkpt>
   <trkpt lat="48.677643" lon="14.446771"><ele>673.75</ele></trkpt>
   <trkpt lat="48.677809" lon="14.446682"><ele>672.75</ele></trkpt>
   <trkpt lat="48.677976" lon="14.446574"><ele>672.75</ele></trkpt>
   <trkpt lat="48.678332" lon="14.446312"><ele>671.5</ele></trkpt>
   <trkpt lat="48.67846" lon="14.446211"><ele>671</ele></trkpt>
   <trkpt lat="48.678581" lon="14.446118"><ele>670.25</ele></trkpt>
   <trkpt lat="48.680391" lon="14.444706"><ele>668.5</ele></trkpt>
   <trkpt lat="48.680558" lon="14.444575"><ele>669.25</ele></trkpt>
   <trkpt lat="48.680893" lon="14.44432"><ele>670.5</ele></trkpt>
   <trkpt lat="48.681041" lon="14.444229"><ele>671.25</ele></trkpt>
   <trkpt lat="48.681228" lon="14.444127"><ele>671.25</ele></trkpt>
   <trkpt lat="48.681345" lon="14.444076"><ele>670.75</ele></trkpt>
   <trkpt lat="48.681472" lon="14.444035"><ele>670.25</ele></trkpt>
   <trkpt lat="48.681551" lon="14.444014"><ele>669.75</ele></trkpt>
   <trkpt lat="48.681579" lon="14.444008"><ele>669.75</ele></trkpt>
   <trkpt lat="48.681736" lon="14.443976"><ele>668.75</ele></trkpt>
   <trkpt lat="48.682057" lon="14.443952"><ele>666.75</ele></trkpt>
   <trkpt lat="48.682156" lon="14.443952"><ele>666.5</ele></trkpt>
   <trkpt lat="48.68259" lon="14.443944"><ele>668.5</ele></trkpt>
   <trkpt lat="48.682874" lon="14.443909"><ele>669.75</ele></trkpt>
   <trkpt lat="48.68314" lon="14.443828"><ele>670.5</ele></trkpt>
   <trkpt lat="48.683284" lon="14.443765"><ele>670.75</ele></trkpt>
   <trkpt lat="48.683429" lon="14.44369"><ele>670.75</ele></trkpt>
   <trkpt lat="48.683553" lon="14.443613"><ele>670.25</ele></trkpt>
   <trkpt lat="48.683807" lon="14.443418"><ele>670.25</ele></trkpt>
   <trkpt lat="48.68394" lon="14.443291"><ele>670</ele></trkpt>
   <trkpt lat="48.68405" lon="14.44317"><ele>670.25</ele></trkpt>
   <trkpt lat="48.68416" lon="14.443041"><ele>670</ele></trkpt>
   <trkpt lat="48.684266" lon="14.442895"><ele>669.5</ele></trkpt>
   <trkpt lat="48.684373" lon="14.442734"><ele>669.25</ele></trkpt>
   <trkpt lat="48.684462" lon="14.442581"><ele>669.75</ele></trkpt>
   <trkpt lat="48.684555" lon="14.442407"><ele>669.5</ele></trkpt>
   <trkpt lat="48.684638" lon="14.44223"><ele>669.25</ele></trkpt>
   <trkpt lat="48.684793" lon="14.441846"><ele>669</ele></trkpt>
   <trkpt lat="48.684987" lon="14.441293"><ele>669</ele></trkpt>
   <trkpt lat="48.6853" lon="14.440388"><ele>668.5</ele></trkpt>
   <trkpt lat="48.685429" lon="14.439942"><ele>667.5</ele></trkpt>
   <trkpt lat="48.685512" lon="14.439539"><ele>669</ele></trkpt>
   <trkpt lat="48.685559" lon="14.439202"><ele>668.75</ele></trkpt>
   <trkpt lat="48.685578" lon="14.439032"><ele>668.5</ele></trkpt>
   <trkpt lat="48.685594" lon="14.4388"><ele>669</ele></trkpt>
   <trkpt lat="48.685612" lon="14.438271"><ele>670.75</ele></trkpt>
   <trkpt lat="48.685614" lon="14.438197"><ele>670.75</ele></trkpt>
   <trkpt lat="48.685642" lon="14.436431"><ele>670.75</ele></trkpt>
   <trkpt lat="48.685651" lon="14.436165"><ele>670.25</ele></trkpt>
   <trkpt lat="48.68568" lon="14.435731"><ele>670</ele></trkpt>
   <trkpt lat="48.685739" lon="14.435309"><ele>669.25</ele></trkpt>
   <trkpt lat="48.685781" lon="14.435097"><ele>668.75</ele></trkpt>
   <trkpt lat="48.685828" lon="14.434898"><ele>668</ele></trkpt>
   <trkpt lat="48.685945" lon="14.434515"><ele>667.75</ele></trkpt>
   <trkpt lat="48.686023" lon="14.434304"><ele>667.75</ele></trkpt>
   <trkpt lat="48.686098" lon="14.434136"><ele>667.75</ele></trkpt>
   <trkpt lat="48.686294" lon="14.433758"><ele>666.75</ele></trkpt>
   <trkpt lat="48.686475" lon="14.433481"><ele>665.5</ele></trkpt>
   <trkpt lat="48.6867" lon="14.433207"><ele>665</ele></trkpt>
   <trkpt lat="48.686939" lon="14.432977"><ele>666</ele></trkpt>
   <trkpt lat="48.687068" lon="14.432879"><ele>665</ele></trkpt>
   <trkpt lat="48.687199" lon="14.432789"><ele>667.25</ele></trkpt>
   <trkpt lat="48.687342" lon="14.432708"><ele>665.5</ele></trkpt>
   <trkpt lat="48.687469" lon="14.432649"><ele>664.5</ele></trkpt>
   <trkpt lat="48.687612" lon="14.432592"><ele>664.25</ele></trkpt>
   <trkpt lat="48.687892" lon="14.432519"><ele>667</ele></trkpt>
   <trkpt lat="48.688107" lon="14.43248"><ele>667.5</ele></trkpt>
   <trkpt lat="48.688395" lon="14.432447"><ele>666.5</ele></trkpt>
   <trkpt lat="48.688508" lon="14.432433"><ele>666</ele></trkpt>
   <trkpt lat="48.694093" lon="14.431833"><ele>664.75</ele></trkpt>
   <trkpt lat="48.694314" lon="14.431813"><ele>663.75</ele></trkpt>
   <trkpt lat="48.694578" lon="14.431806"><ele>663</ele></trkpt>
   <trkpt lat="48.694853" lon="14.43182"><ele>662.5</ele></trkpt>
   <trkpt lat="48.694988" lon="14.431835"><ele>662.75</ele></trkpt>
   <trkpt lat="48.695111" lon="14.431854"><ele>663</ele></trkpt>
   <trkpt lat="48.695393" lon="14.431917"><ele>664</ele></trkpt>
   <trkpt lat="48.695754" lon="14.432034"><ele>661.5</ele></trkpt>
   <trkpt lat="48.695903" lon="14.432093"><ele>661.25</ele></trkpt>
   <trkpt lat="48.69619" lon="14.432224"><ele>663.25</ele></trkpt>
   <trkpt lat="48.696319" lon="14.432284"><ele>661.75</ele></trkpt>
   <trkpt lat="48.697085" lon="14.432639"><ele>661.75</ele></trkpt>
   <trkpt lat="48.697525" lon="14.432837"><ele>662.5</ele></trkpt>
   <trkpt lat="48.697681" lon="14.432897"><ele>662</ele></trkpt>
   <trkpt lat="48.697843" lon="14.432954"><ele>662.25</ele></trkpt>
   <trkpt lat="48.698127" lon="14.433034"><ele>663.75</ele></trkpt>
   <trkpt lat="48.698508" lon="14.433114"><ele>663.75</ele></trkpt>
   <trkpt lat="48.698653" lon="14.43313"><ele>664</ele></trkpt>
   <trkpt lat="48.698775" lon="14.433146"><ele>664.25</ele></trkpt>
   <trkpt lat="48.699033" lon="14.433162"><ele>664.5</ele></trkpt>
   <trkpt lat="48.699342" lon="14.433162"><ele>665</ele></trkpt>
   <trkpt lat="48.699876" lon="14.433122"><ele>665.25</ele></trkpt>
   <trkpt lat="48.700344" lon="14.433039"><ele>664</ele></trkpt>
   <trkpt lat="48.70068" lon="14.432955"><ele>664.5</ele></trkpt>
   <trkpt lat="48.701007" lon="14.432849"><ele>664.5</ele></trkpt>
   <trkpt lat="48.701162" lon="14.432793"><ele>663.75</ele></trkpt>
   <trkpt lat="48.701459" lon="14.432668"><ele>663.25</ele></trkpt>
   <trkpt lat="48.701621" lon="14.43259"><ele>663</ele></trkpt>
   <trkpt lat="48.701892" lon="14.432442"><ele>662.25</ele></trkpt>
   <trkpt lat="48.702149" lon="14.432273"><ele>662.75</ele></trkpt>
   <trkpt lat="48.702387" lon="14.432091"><ele>662</ele></trkpt>
   <trkpt lat="48.703144" lon="14.431473"><ele>660.5</ele></trkpt>
   <trkpt lat="48.703217" lon="14.431413"><ele>660.75</ele></trkpt>
   <trkpt lat="48.703242" lon="14.431395"><ele>660.75</ele></trkpt>
   <trkpt lat="48.703559" lon="14.431178"><ele>659.5</ele></trkpt>
   <trkpt lat="48.703848" lon="14.431016"><ele>658.5</ele></trkpt>
   <trkpt lat="48.703999" lon="14.430948"><ele>657.5</ele></trkpt>
   <trkpt lat="48.704085" lon="14.430912"><ele>657.75</ele></trkpt>
   <trkpt lat="48.704284" lon="14.430841"><ele>659.25</ele></trkpt>
   <trkpt lat="48.704461" lon="14.430794"><ele>659</ele></trkpt>
   <trkpt lat="48.70461" lon="14.43076"><ele>658</ele></trkpt>
   <trkpt lat="48.704829" lon="14.430727"><ele>657</ele></trkpt>
   <trkpt lat="48.704983" lon="14.430715"><ele>656.75</ele></trkpt>
   <trkpt lat="48.705331" lon="14.430717"><ele>657.75</ele></trkpt>
   <trkpt lat="48.705529" lon="14.430739"><ele>658.75</ele></trkpt>
   <trkpt lat="48.705707" lon="14.430771"><ele>659</ele></trkpt>
   <trkpt lat="48.706006" lon="14.430851"><ele>659.5</ele></trkpt>
   <trkpt lat="48.706308" lon="14.430969"><ele>659.5</ele></trkpt>
   <trkpt lat="48.706444" lon="14.431034"><ele>659</ele></trkpt>
   <trkpt lat="48.706586" lon="14.431108"><ele>658.25</ele></trkpt>
   <trkpt lat="48.706885" lon="14.43129"><ele>657</ele></trkpt>
   <trkpt lat="48.707437" lon="14.431657"><ele>656.25</ele></trkpt>
   <trkpt lat="48.707505" lon="14.431701"><ele>656.25</ele></trkpt>
   <trkpt lat="48.711891" lon="14.434608"><ele>651.5</ele></trkpt>
   <trkpt lat="48.711949" lon="14.434647"><ele>652</ele></trkpt>
   <trkpt lat="48.714713" lon="14.43648"><ele>650.75</ele></trkpt>
   <trkpt lat="48.714951" lon="14.436639"><ele>651.5</ele></trkpt>
   <trkpt lat="48.715543" lon="14.437029"><ele>649.5</ele></trkpt>
   <trkpt lat="48.715918" lon="14.437288"><ele>650</ele></trkpt>
   <trkpt lat="48.716168" lon="14.437486"><ele>649.5</ele></trkpt>
   <trkpt lat="48.716294" lon="14.437602"><ele>648.5</ele></trkpt>
   <trkpt lat="48.71653" lon="14.43784"><ele>647.75</ele></trkpt>
   <trkpt lat="48.716667" lon="14.437998"><ele>648.5</ele></trkpt>
   <trkpt lat="48.716815" lon="14.438188"><ele>646.5</ele></trkpt>
   <trkpt lat="48.716937" lon="14.438356"><ele>648.25</ele></trkpt>
   <trkpt lat="48.717069" lon="14.438558"><ele>645</ele></trkpt>
   <trkpt lat="48.717218" lon="14.438807"><ele>646.5</ele></trkpt>
   <trkpt lat="48.717273" lon="14.438903"><ele>646.25</ele></trkpt>
   <trkpt lat="48.717463" lon="14.439288"><ele>647.5</ele></trkpt>
   <trkpt lat="48.717543" lon="14.439474"><ele>648.25</ele></trkpt>
   <trkpt lat="48.717632" lon="14.439694"><ele>646</ele></trkpt>
   <trkpt lat="48.71774" lon="14.439998"><ele>646.5</ele></trkpt>
   <trkpt lat="48.71777" lon="14.440092"><ele>646.75</ele></trkpt>
   <trkpt lat="48.717865" lon="14.440405"><ele>646.25</ele></trkpt>
   <trkpt lat="48.718507" lon="14.44264"><ele>647.5</ele></trkpt>
   <trkpt lat="48.718584" lon="14.442917"><ele>647.75</ele></trkpt>
   <trkpt lat="48.718726" lon="14.443376"><ele>648.75</ele></trkpt>
   <trkpt lat="48.718824" lon="14.44366"><ele>648.5</ele></trkpt>
   <trkpt lat="48.718898" lon="14.443851"><ele>648</ele></trkpt>
   <trkpt lat="48.719004" lon="14.444088"><ele>649</ele></trkpt>
   <trkpt lat="48.719099" lon="14.444287"><ele>649</ele></trkpt>
   <trkpt lat="48.719212" lon="14.444492"><ele>648.5</ele></trkpt>
   <trkpt lat="48.719341" lon="14.444705"><ele>649.25</ele></trkpt>
   <trkpt lat="48.719485" lon="14.444917"><ele>649.25</ele></trkpt>
   <trkpt lat="48.719638" lon="14.445123"><ele>649.5</ele></trkpt>
   <trkpt lat="48.719799" lon="14.445327"><ele>648.5</ele></trkpt>
   <trkpt lat="48.720151" lon="14.445715"><ele>648.25</ele></trkpt>
   <trkpt lat="48.720335" lon="14.445894"><ele>647.5</ele></trkpt>
   <trkpt lat="48.720454" lon="14.445998"><ele>647.75</ele></trkpt>
   <trkpt lat="48.7206" lon="14.446122"><ele>647.25</ele></trkpt>
   <trkpt lat="48.720809" lon="14.446279"><ele>647.75</ele></trkpt>
   <trkpt lat="48.721098" lon="14.44646"><ele>646.5</ele></trkpt>
   <trkpt lat="48.721269" lon="14.446551"><ele>646.25</ele></trkpt>
   <trkpt lat="48.721452" lon="14.446629"><ele>645.25</ele></trkpt>
   <trkpt lat="48.721668" lon="14.446706"><ele>645</ele></trkpt>
   <trkpt lat="48.721944" lon="14.446785"><ele>646</ele></trkpt>
   <trkpt lat="48.721995" lon="14.446796"><ele>646</ele></trkpt>
   <trkpt lat="48.722023" lon="14.446803"><ele>646</ele></trkpt>
   <trkpt lat="48.722382" lon="14.446875"><ele>645.25</ele></trkpt>
   <trkpt lat="48.722529" lon="14.446895"><ele>645.25</ele></trkpt>
   <trkpt lat="48.722871" lon="14.446956"><ele>644.25</ele></trkpt>
   <trkpt lat="48.723224" lon="14.447049"><ele>645</ele></trkpt>
   <trkpt lat="48.723233" lon="14.447051"><ele>645</ele></trkpt>
   <trkpt lat="48.723904" lon="14.447205"><ele>644</ele></trkpt>
   <trkpt lat="48.725038" lon="14.44745"><ele>643.25</ele></trkpt>
   <trkpt lat="48.727062" lon="14.447892"><ele>642.5</ele></trkpt>
   <trkpt lat="48.727074" lon="14.447894"><ele>642.5</ele></trkpt>
   <trkpt lat="48.727755" lon="14.448041"><ele>642</ele></trkpt>
   <trkpt lat="48.72789" lon="14.448071"><ele>642</ele></trkpt>
   <trkpt lat="48.728012" lon="14.448097"><ele>642</ele></trkpt>
   <trkpt lat="48.729259" lon="14.448373"><ele>639.75</ele></trkpt>
   <trkpt lat="48.729268" lon="14.448375"><ele>639.75</ele></trkpt>
   <trkpt lat="48.729441" lon="14.448426"><ele>639</ele></trkpt>
   <trkpt lat="48.729749" lon="14.448536"><ele>640.25</ele></trkpt>
   <trkpt lat="48.730018" lon="14.448605"><ele>640</ele></trkpt>
   <trkpt lat="48.730033" lon="14.448608"><ele>640</ele></trkpt>
   <trkpt lat="48.730041" lon="14.44861"><ele>640</ele></trkpt>
   <trkpt lat="48.73294" lon="14.449238"><ele>638.5</ele></trkpt>
   <trkpt lat="48.733148" lon="14.449283"><ele>637.5</ele></trkpt>
   <trkpt lat="48.733442" lon="14.449372"><ele>636.25</ele></trkpt>
   <trkpt lat="48.733581" lon="14.449424"><ele>636</ele></trkpt>
   <trkpt lat="48.733802" lon="14.449535"><ele>634.75</ele></trkpt>
   <trkpt lat="48.73393" lon="14.449616"><ele>634.25</ele></trkpt>
   <trkpt lat="48.734068" lon="14.449718"><ele>634.5</ele></trkpt>
   <trkpt lat="48.734244" lon="14.449874"><ele>633.5</ele></trkpt>
   <trkpt lat="48.734358" lon="14.44999"><ele>634</ele></trkpt>
   <trkpt lat="48.734505" lon="14.450161"><ele>632.5</ele></trkpt>
   <trkpt lat="48.734574" lon="14.450251"><ele>632</ele></trkpt>
   <trkpt lat="48.734688" lon="14.450416"><ele>633</ele></trkpt>
   <trkpt lat="48.734755" lon="14.450522"><ele>633.5</ele></trkpt>
   <trkpt lat="48.734876" lon="14.450739"><ele>631.75</ele></trkpt>
   <trkpt lat="48.734989" lon="14.450971"><ele>633</ele></trkpt>
   <trkpt lat="48.735115" lon="14.45127"><ele>631</ele></trkpt>
   <trkpt lat="48.735271" lon="14.451667"><ele>633.75</ele></trkpt>
   <trkpt lat="48.735308" lon="14.451759"><ele>632.25</ele></trkpt>
   <trkpt lat="48.735371" lon="14.451927"><ele>630.75</ele></trkpt>
   <trkpt lat="48.735591" lon="14.452416"><ele>632</ele></trkpt>
   <trkpt lat="48.735687" lon="14.452591"><ele>631.75</ele></trkpt>
   <trkpt lat="48.735878" lon="14.452887"><ele>632.5</ele></trkpt>
   <trkpt lat="48.736062" lon="14.453121"><ele>632.75</ele></trkpt>
   <trkpt lat="48.736233" lon="14.4533"><ele>633</ele></trkpt>
   <trkpt lat="48.736414" lon="14.453459"><ele>633.25</ele></trkpt>
   <trkpt lat="48.736532" lon="14.453546"><ele>633.75</ele></trkpt>
   <trkpt lat="48.73668" lon="14.45364"><ele>634.75</ele></trkpt>
   <trkpt lat="48.736808" lon="14.453709"><ele>634.75</ele></trkpt>
   <trkpt lat="48.736933" lon="14.453765"><ele>635.25</ele></trkpt>
   <trkpt lat="48.737065" lon="14.453813"><ele>635</ele></trkpt>
   <trkpt lat="48.737177" lon="14.453843"><ele>634.75</ele></trkpt>
   <trkpt lat="48.737329" lon="14.453874"><ele>635.25</ele></trkpt>
   <trkpt lat="48.737449" lon="14.453888"><ele>636.25</ele></trkpt>
   <trkpt lat="48.737601" lon="14.453894"><ele>636.5</ele></trkpt>
   <trkpt lat="48.73774" lon="14.453889"><ele>636</ele></trkpt>
   <trkpt lat="48.737999" lon="14.453845"><ele>635.5</ele></trkpt>
   <trkpt lat="48.738198" lon="14.453781"><ele>636.5</ele></trkpt>
   <trkpt lat="48.738304" lon="14.453736"><ele>637.25</ele></trkpt>
   <trkpt lat="48.73851" lon="14.453629"><ele>636.5</ele></trkpt>
   <trkpt lat="48.738656" lon="14.453535"><ele>636.25</ele></trkpt>
   <trkpt lat="48.738867" lon="14.453367"><ele>635.25</ele></trkpt>
   <trkpt lat="48.739072" lon="14.453168"><ele>636</ele></trkpt>
   <trkpt lat="48.739594" lon="14.452617"><ele>635.75</ele></trkpt>
   <trkpt lat="48.739857" lon="14.452381"><ele>634.75</ele></trkpt>
   <trkpt lat="48.74001" lon="14.452271"><ele>633.75</ele></trkpt>
   <trkpt lat="48.740154" lon="14.452184"><ele>633</ele></trkpt>
   <trkpt lat="48.740361" lon="14.452084"><ele>632.5</ele></trkpt>
   <trkpt lat="48.740607" lon="14.452006"><ele>632</ele></trkpt>
   <trkpt lat="48.740744" lon="14.451976"><ele>631.5</ele></trkpt>
   <trkpt lat="48.741024" lon="14.45195"><ele>631</ele></trkpt>
   <trkpt lat="48.741154" lon="14.451956"><ele>630.5</ele></trkpt>
   <trkpt lat="48.741308" lon="14.451974"><ele>629.5</ele></trkpt>
   <trkpt lat="48.741596" lon="14.452051"><ele>627.75</ele></trkpt>
   <trkpt lat="48.741745" lon="14.45211"><ele>628</ele></trkpt>
   <trkpt lat="48.741917" lon="14.452198"><ele>629.25</ele></trkpt>
   <trkpt lat="48.741986" lon="14.45224"><ele>629</ele></trkpt>
   <trkpt lat="48.74219" lon="14.452381"><ele>628.25</ele></trkpt>
   <trkpt lat="48.742413" lon="14.452577"><ele>629.75</ele></trkpt>
   <trkpt lat="48.742583" lon="14.45275"><ele>631</ele></trkpt>
   <trkpt lat="48.742748" lon="14.452935"><ele>631.25</ele></trkpt>
   <trkpt lat="48.743485" lon="14.453779"><ele>632.5</ele></trkpt>
   <trkpt lat="48.743647" lon="14.453942"><ele>631.75</ele></trkpt>
   <trkpt lat="48.743814" lon="14.454093"><ele>632.5</ele></trkpt>
   <trkpt lat="48.743982" lon="14.454231"><ele>632.5</ele></trkpt>
   <trkpt lat="48.744348" lon="14.454469"><ele>631.5</ele></trkpt>
   <trkpt lat="48.744732" lon="14.454657"><ele>630.75</ele></trkpt>
   <trkpt lat="48.744936" lon="14.454738"><ele>630.5</ele></trkpt>
   <trkpt lat="48.745341" lon="14.454855"><ele>631.25</ele></trkpt>
   <trkpt lat="48.745596" lon="14.454898"><ele>630</ele></trkpt>
   <trkpt lat="48.745844" lon="14.454928"><ele>629.75</ele></trkpt>
   <trkpt lat="48.746134" lon="14.454941"><ele>629.5</ele></trkpt>
   <trkpt lat="48.746417" lon="14.454928"><ele>629.25</ele></trkpt>
   <trkpt lat="48.74663" lon="14.454905"><ele>628.75</ele></trkpt>
   <trkpt lat="48.746841" lon="14.454864"><ele>628.25</ele></trkpt>
   <trkpt lat="48.747032" lon="14.454816"><ele>628</ele></trkpt>
   <trkpt lat="48.747216" lon="14.454759"><ele>627.75</ele></trkpt>
   <trkpt lat="48.747549" lon="14.454634"><ele>627</ele></trkpt>
   <trkpt lat="48.747836" lon="14.454493"><ele>626.75</ele></trkpt>
   <trkpt lat="48.747876" lon="14.45447"><ele>626.75</ele></trkpt>
   <trkpt lat="48.748187" lon="14.454287"><ele>626.75</ele></trkpt>
   <trkpt lat="48.748526" lon="14.454037"><ele>626.5</ele></trkpt>
   <trkpt lat="48.748795" lon="14.453808"><ele>626.75</ele></trkpt>
   <trkpt lat="48.74964" lon="14.453017"><ele>627</ele></trkpt>
   <trkpt lat="48.749793" lon="14.452883"><ele>627.5</ele></trkpt>
   <trkpt lat="48.74991" lon="14.452793"><ele>626.75</ele></trkpt>
   <trkpt lat="48.75005" lon="14.452701"><ele>627.25</ele></trkpt>
   <trkpt lat="48.750198" lon="14.452615"><ele>627.75</ele></trkpt>
   <trkpt lat="48.750464" lon="14.452505"><ele>626</ele></trkpt>
   <trkpt lat="48.750738" lon="14.452438"><ele>625.5</ele></trkpt>
   <trkpt lat="48.750958" lon="14.452416"><ele>624.5</ele></trkpt>
   <trkpt lat="48.751071" lon="14.452413"><ele>623.75</ele></trkpt>
   <trkpt lat="48.751206" lon="14.452424"><ele>623.25</ele></trkpt>
   <trkpt lat="48.751423" lon="14.452462"><ele>622.5</ele></trkpt>
   <trkpt lat="48.751681" lon="14.452546"><ele>621.75</ele></trkpt>
   <trkpt lat="48.751877" lon="14.45264"><ele>619.25</ele></trkpt>
   <trkpt lat="48.752013" lon="14.452718"><ele>619.75</ele></trkpt>
   <trkpt lat="48.752148" lon="14.452812"><ele>620</ele></trkpt>
   <trkpt lat="48.752282" lon="14.45292"><ele>620.25</ele></trkpt>
   <trkpt lat="48.752425" lon="14.453053"><ele>621.25</ele></trkpt>
   <trkpt lat="48.752544" lon="14.453178"><ele>621.75</ele></trkpt>
   <trkpt lat="48.752668" lon="14.45333"><ele>622</ele></trkpt>
   <trkpt lat="48.752792" lon="14.453499"><ele>622.5</ele></trkpt>
   <trkpt lat="48.752907" lon="14.453678"><ele>622.75</ele></trkpt>
   <trkpt lat="48.753003" lon="14.453844"><ele>622.75</ele></trkpt>
   <trkpt lat="48.753433" lon="14.454676"><ele>622</ele></trkpt>
   <trkpt lat="48.753541" lon="14.454868"><ele>622</ele></trkpt>
   <trkpt lat="48.753747" lon="14.455189"><ele>620.75</ele></trkpt>
   <trkpt lat="48.753873" lon="14.455352"><ele>619.75</ele></trkpt>
   <trkpt lat="48.753996" lon="14.455493"><ele>619</ele></trkpt>
   <trkpt lat="48.754187" lon="14.455677"><ele>619.25</ele></trkpt>
   <trkpt lat="48.754438" lon="14.455876"><ele>620</ele></trkpt>
   <trkpt lat="48.754619" lon="14.455995"><ele>619</ele></trkpt>
   <trkpt lat="48.754701" lon="14.456044"><ele>620</ele></trkpt>
   <trkpt lat="48.754846" lon="14.456126"><ele>619.75</ele></trkpt>
   <trkpt lat="48.755104" lon="14.456252"><ele>620.25</ele></trkpt>
   <trkpt lat="48.755266" lon="14.456316"><ele>621.75</ele></trkpt>
   <trkpt lat="48.755582" lon="14.456413"><ele>622.25</ele></trkpt>
   <trkpt lat="48.755743" lon="14.456449"><ele>623.5</ele></trkpt>
   <trkpt lat="48.756062" lon="14.456493"><ele>624</ele></trkpt>
   <trkpt lat="48.756221" lon="14.456502"><ele>623.75</ele></trkpt>
   <trkpt lat="48.756479" lon="14.456495"><ele>623.25</ele></trkpt>
   <trkpt lat="48.756635" lon="14.456481"><ele>623</ele></trkpt>
   <trkpt lat="48.75691" lon="14.456437"><ele>622.25</ele></trkpt>
   <trkpt lat="48.757219" lon="14.45635"><ele>621.25</ele></trkpt>
   <trkpt lat="48.757366" lon="14.456298"><ele>621</ele></trkpt>
   <trkpt lat="48.757495" lon="14.456244"><ele>620.5</ele></trkpt>
   <trkpt lat="48.75779" lon="14.456094"><ele>619.75</ele></trkpt>
   <trkpt lat="48.758219" lon="14.455819"><ele>617.75</ele></trkpt>
   <trkpt lat="48.758299" lon="14.455764"><ele>617.5</ele></trkpt>
   <trkpt lat="48.758855" lon="14.455378"><ele>617.5</ele></trkpt>
   <trkpt lat="48.759206" lon="14.455166"><ele>617.25</ele></trkpt>
   <trkpt lat="48.75945" lon="14.455036"><ele>616.75</ele></trkpt>
   <trkpt lat="48.759672" lon="14.454934"><ele>616.75</ele></trkpt>
   <trkpt lat="48.759932" lon="14.454831"><ele>616.25</ele></trkpt>
   <trkpt lat="48.760164" lon="14.454755"><ele>616.75</ele></trkpt>
   <trkpt lat="48.760478" lon="14.454669"><ele>617</ele></trkpt>
   <trkpt lat="48.760939" lon="14.454593"><ele>618.25</ele></trkpt>
   <trkpt lat="48.761368" lon="14.45456"><ele>618.5</ele></trkpt>
   <trkpt lat="48.761852" lon="14.454569"><ele>618.75</ele></trkpt>
   <trkpt lat="48.762449" lon="14.45466"><ele>616.75</ele></trkpt>
   <trkpt lat="48.762793" lon="14.454764"><ele>615.75</ele></trkpt>
   <trkpt lat="48.763076" lon="14.454872"><ele>613.75</ele></trkpt>
   <trkpt lat="48.763332" lon="14.454982"><ele>614.75</ele></trkpt>
   <trkpt lat="48.7636" lon="14.455117"><ele>611.5</ele></trkpt>
   <trkpt lat="48.763841" lon="14.455255"><ele>613.25</ele></trkpt>
   <trkpt lat="48.764087" lon="14.455408"><ele>611.75</ele></trkpt>
   <trkpt lat="48.764345" lon="14.455581"><ele>612.75</ele></trkpt>
   <trkpt lat="48.764672" lon="14.455832"><ele>613.25</ele></trkpt>
   <trkpt lat="48.764884" lon="14.456018"><ele>612.25</ele></trkpt>
   <trkpt lat="48.765142" lon="14.456269"><ele>611.5</ele></trkpt>
   <trkpt lat="48.765504" lon="14.456677"><ele>611.25</ele></trkpt>
   <trkpt lat="48.765676" lon="14.456895"><ele>610.5</ele></trkpt>
   <trkpt lat="48.76585" lon="14.457137"><ele>611.5</ele></trkpt>
   <trkpt lat="48.766092" lon="14.457498"><ele>612.5</ele></trkpt>
   <trkpt lat="48.76635" lon="14.457913"><ele>610</ele></trkpt>
   <trkpt lat="48.766417" lon="14.458028"><ele>610.5</ele></trkpt>
   <trkpt lat="48.766889" lon="14.458864"><ele>611.25</ele></trkpt>
   <trkpt lat="48.767128" lon="14.459248"><ele>613</ele></trkpt>
   <trkpt lat="48.767244" lon="14.459413"><ele>613.25</ele></trkpt>
   <trkpt lat="48.767305" lon="14.459487"><ele>613.75</ele></trkpt>
   <trkpt lat="48.767344" lon="14.459535"><ele>613.75</ele></trkpt>
   <trkpt lat="48.767516" lon="14.459736"><ele>613</ele></trkpt>
   <trkpt lat="48.767791" lon="14.459995"><ele>613</ele></trkpt>
   <trkpt lat="48.767957" lon="14.460128"><ele>614</ele></trkpt>
   <trkpt lat="48.768123" lon="14.460237"><ele>613.75</ele></trkpt>
   <trkpt lat="48.768422" lon="14.460404"><ele>613.5</ele></trkpt>
   <trkpt lat="48.76857" lon="14.460468"><ele>613</ele></trkpt>
   <trkpt lat="48.768833" lon="14.460561"><ele>612</ele></trkpt>
   <trkpt lat="48.769107" lon="14.46063"><ele>612.25</ele></trkpt>
   <trkpt lat="48.769457" lon="14.460669"><ele>613</ele></trkpt>
   <trkpt lat="48.769651" lon="14.460668"><ele>613</ele></trkpt>
   <trkpt lat="48.769929" lon="14.460647"><ele>612.25</ele></trkpt>
   <trkpt lat="48.772217" lon="14.46034"><ele>606.75</ele></trkpt>
   <trkpt lat="48.772607" lon="14.460299"><ele>606.75</ele></trkpt>
   <trkpt lat="48.772797" lon="14.460294"><ele>606.75</ele></trkpt>
   <trkpt lat="48.772884" lon="14.460297"><ele>606.75</ele></trkpt>
   <trkpt lat="48.773186" lon="14.460344"><ele>606.5</ele></trkpt>
   <trkpt lat="48.773343" lon="14.460391"><ele>606.5</ele></trkpt>
   <trkpt lat="48.773489" lon="14.460446"><ele>607</ele></trkpt>
   <trkpt lat="48.773677" lon="14.460538"><ele>607.5</ele></trkpt>
   <trkpt lat="48.773685" lon="14.460543"><ele>607.5</ele></trkpt>
   <trkpt lat="48.773956" lon="14.460719"><ele>606.75</ele></trkpt>
   <trkpt lat="48.774077" lon="14.460818"><ele>606.25</ele></trkpt>
   <trkpt lat="48.774186" lon="14.46092"><ele>606</ele></trkpt>
   <trkpt lat="48.774301" lon="14.461046"><ele>606</ele></trkpt>
   <trkpt lat="48.774355" lon="14.461111"><ele>606</ele></trkpt>
   <trkpt lat="48.774453" lon="14.461238"><ele>605.5</ele></trkpt>
   <trkpt lat="48.774547" lon="14.461375"><ele>605.25</ele></trkpt>
   <trkpt lat="48.77471" lon="14.461654"><ele>605.75</ele></trkpt>
   <trkpt lat="48.774867" lon="14.461997"><ele>606</ele></trkpt>
   <trkpt lat="48.774925" lon="14.462152"><ele>605.75</ele></trkpt>
   <trkpt lat="48.774987" lon="14.46234"><ele>605.75</ele></trkpt>
   <trkpt lat="48.775084" lon="14.462714"><ele>605</ele></trkpt>
   <trkpt lat="48.775134" lon="14.462986"><ele>605.25</ele></trkpt>
   <trkpt lat="48.775162" lon="14.463198"><ele>605.25</ele></trkpt>
   <trkpt lat="48.775176" lon="14.463362"><ele>605.25</ele></trkpt>
   <trkpt lat="48.775188" lon="14.463518"><ele>605.25</ele></trkpt>
   <trkpt lat="48.775197" lon="14.463775"><ele>605</ele></trkpt>
   <trkpt lat="48.775199" lon="14.463866"><ele>605</ele></trkpt>
   <trkpt lat="48.775192" lon="14.46465"><ele>604.25</ele></trkpt>
   <trkpt lat="48.775192" lon="14.464689"><ele>604.25</ele></trkpt>
   <trkpt lat="48.775185" lon="14.465222"><ele>604.25</ele></trkpt>
   <trkpt lat="48.775195" lon="14.465626"><ele>604.25</ele></trkpt>
   <trkpt lat="48.775214" lon="14.465987"><ele>604.25</ele></trkpt>
   <trkpt lat="48.775216" lon="14.466209"><ele>604</ele></trkpt>
   <trkpt lat="48.775215" lon="14.466322"><ele>604</ele></trkpt>
   <trkpt lat="48.775218" lon="14.466528"><ele>604</ele></trkpt>
   <trkpt lat="48.775243" lon="14.466966"><ele>604</ele></trkpt>
   <trkpt lat="48.775246" lon="14.467232"><ele>604</ele></trkpt>
   <trkpt lat="48.775245" lon="14.467278"><ele>604</ele></trkpt>
   <trkpt lat="48.775227" lon="14.468825"><ele>604</ele></trkpt>
   <trkpt lat="48.7752" lon="14.470641"><ele>604.5</ele></trkpt>
   <trkpt lat="48.775198" lon="14.471311"><ele>605</ele></trkpt>
   <trkpt lat="48.77521" lon="14.471832"><ele>604.25</ele></trkpt>
   <trkpt lat="48.775257" lon="14.472359"><ele>603.5</ele></trkpt>
   <trkpt lat="48.775285" lon="14.472596"><ele>604</ele></trkpt>
   <trkpt lat="48.775368" lon="14.473073"><ele>604.5</ele></trkpt>
   <trkpt lat="48.775473" lon="14.473515"><ele>603.75</ele></trkpt>
   <trkpt lat="48.775593" lon="14.473924"><ele>603.75</ele></trkpt>
   <trkpt lat="48.775668" lon="14.474135"><ele>603</ele></trkpt>
   <trkpt lat="48.775745" lon="14.474339"><ele>603</ele></trkpt>
   <trkpt lat="48.775922" lon="14.474744"><ele>602.5</ele></trkpt>
   <trkpt lat="48.775925" lon="14.474752"><ele>602.5</ele></trkpt>
   <trkpt lat="48.775971" lon="14.474854"><ele>602.5</ele></trkpt>
   <trkpt lat="48.776163" lon="14.47528"><ele>602.5</ele></trkpt>
   <trkpt lat="48.776278" lon="14.475502"><ele>601.75</ele></trkpt>
   <trkpt lat="48.776377" lon="14.475678"><ele>601.75</ele></trkpt>
   <trkpt lat="48.776538" lon="14.475938"><ele>601.25</ele></trkpt>
   <trkpt lat="48.776601" lon="14.47603"><ele>601.5</ele></trkpt>
   <trkpt lat="48.776804" lon="14.476282"><ele>601.5</ele></trkpt>
   <trkpt lat="48.776835" lon="14.476319"><ele>601.5</ele></trkpt>
   <trkpt lat="48.77701" lon="14.476504"><ele>602</ele></trkpt>
   <trkpt lat="48.777299" lon="14.476756"><ele>602.25</ele></trkpt>
   <trkpt lat="48.777427" lon="14.476845"><ele>602</ele></trkpt>
   <trkpt lat="48.777571" lon="14.476935"><ele>601.25</ele></trkpt>
   <trkpt lat="48.77771" lon="14.477006"><ele>602</ele></trkpt>
   <trkpt lat="48.777864" lon="14.477068"><ele>603</ele></trkpt>
   <trkpt lat="48.778014" lon="14.477116"><ele>602.75</ele></trkpt>
   <trkpt lat="48.778184" lon="14.477156"><ele>602</ele></trkpt>
   <trkpt lat="48.778321" lon="14.477176"><ele>601.75</ele></trkpt>
   <trkpt lat="48.778472" lon="14.47719"><ele>601.5</ele></trkpt>
   <trkpt lat="48.778656" lon="14.47719"><ele>601.5</ele></trkpt>
   <trkpt lat="48.778829" lon="14.477176"><ele>601.75</ele></trkpt>
   <trkpt lat="48.779071" lon="14.477143"><ele>602.25</ele></trkpt>
   <trkpt lat="48.779337" lon="14.477079"><ele>603.25</ele></trkpt>
   <trkpt lat="48.779521" lon="14.477016"><ele>603</ele></trkpt>
   <trkpt lat="48.779701" lon="14.476943"><ele>600.25</ele></trkpt>
   <trkpt lat="48.780034" lon="14.476759"><ele>602.25</ele></trkpt>
   <trkpt lat="48.780191" lon="14.476658"><ele>601</ele></trkpt>
   <trkpt lat="48.780516" lon="14.476416"><ele>599.5</ele></trkpt>
   <trkpt lat="48.780803" lon="14.476188"><ele>598.25</ele></trkpt>
   <trkpt lat="48.780843" lon="14.476156"><ele>597.75</ele></trkpt>
   <trkpt lat="48.781719" lon="14.475479"><ele>596.75</ele></trkpt>
   <trkpt lat="48.782442" lon="14.474915"><ele>594.5</ele></trkpt>
   <trkpt lat="48.782609" lon="14.474791"><ele>594</ele></trkpt>
   <trkpt lat="48.782702" lon="14.474726"><ele>595.75</ele></trkpt>
   <trkpt lat="48.782981" lon="14.474556"><ele>593.5</ele></trkpt>
   <trkpt lat="48.783131" lon="14.474483"><ele>594.5</ele></trkpt>
   <trkpt lat="48.783276" lon="14.474428"><ele>596.25</ele></trkpt>
   <trkpt lat="48.783441" lon="14.474377"><ele>597</ele></trkpt>
   <trkpt lat="48.783723" lon="14.474331"><ele>597.25</ele></trkpt>
   <trkpt lat="48.783839" lon="14.474323"><ele>597.75</ele></trkpt>
   <trkpt lat="48.784079" lon="14.474325"><ele>597.25</ele></trkpt>
   <trkpt lat="48.786265" lon="14.474528"><ele>592.75</ele></trkpt>
   <trkpt lat="48.786579" lon="14.474534"><ele>593.25</ele></trkpt>
   <trkpt lat="48.786676" lon="14.47453"><ele>593.25</ele></trkpt>
   <trkpt lat="48.786851" lon="14.474507"><ele>593.5</ele></trkpt>
   <trkpt lat="48.786915" lon="14.474493"><ele>593.5</ele></trkpt>
   <trkpt lat="48.787128" lon="14.474432"><ele>593.25</ele></trkpt>
   <trkpt lat="48.787403" lon="14.47431"><ele>593.75</ele></trkpt>
   <trkpt lat="48.78761" lon="14.474183"><ele>594.25</ele></trkpt>
   <trkpt lat="48.787794" lon="14.474043"><ele>594.25</ele></trkpt>
   <trkpt lat="48.787941" lon="14.473907"><ele>593.75</ele></trkpt>
   <trkpt lat="48.788174" lon="14.473645"><ele>593.5</ele></trkpt>
   <trkpt lat="48.788295" lon="14.473485"><ele>593.25</ele></trkpt>
   <trkpt lat="48.788385" lon="14.473348"><ele>593.25</ele></trkpt>
   <trkpt lat="48.788476" lon="14.4732"><ele>592.75</ele></trkpt>
   <trkpt lat="48.788576" lon="14.473009"><ele>593</ele></trkpt>
   <trkpt lat="48.788655" lon="14.472852"><ele>592.5</ele></trkpt>
   <trkpt lat="48.788725" lon="14.472689"><ele>592.5</ele></trkpt>
   <trkpt lat="48.788797" lon="14.472491"><ele>593.25</ele></trkpt>
   <trkpt lat="48.788902" lon="14.472155"><ele>592</ele></trkpt>
   <trkpt lat="48.788968" lon="14.47189"><ele>591.75</ele></trkpt>
   <trkpt lat="48.789003" lon="14.471719"><ele>591</ele></trkpt>
   <trkpt lat="48.789023" lon="14.471586"><ele>591</ele></trkpt>
   <trkpt lat="48.789061" lon="14.471306"><ele>591</ele></trkpt>
   <trkpt lat="48.789087" lon="14.470961"><ele>590.75</ele></trkpt>
   <trkpt lat="48.789093" lon="14.470759"><ele>590.5</ele></trkpt>
   <trkpt lat="48.78909" lon="14.470408"><ele>588.75</ele></trkpt>
   <trkpt lat="48.789066" lon="14.470052"><ele>585.25</ele></trkpt>
   <trkpt lat="48.789046" lon="14.469847"><ele>583</ele></trkpt>
   <trkpt lat="48.789016" lon="14.469551"><ele>582.25</ele></trkpt>
   <trkpt lat="48.788911" lon="14.468626"><ele>587.5</ele></trkpt>
   <trkpt lat="48.788887" lon="14.468409"><ele>588.75</ele></trkpt>
   <trkpt lat="48.788857" lon="14.468016"><ele>590</ele></trkpt>
   <trkpt lat="48.788848" lon="14.467832"><ele>589.75</ele></trkpt>
   <trkpt lat="48.788846" lon="14.467632"><ele>589.5</ele></trkpt>
   <trkpt lat="48.788849" lon="14.467425"><ele>589.25</ele></trkpt>
   <trkpt lat="48.788859" lon="14.46723"><ele>589</ele></trkpt>
   <trkpt lat="48.788875" lon="14.467047"><ele>588.25</ele></trkpt>
   <trkpt lat="48.788908" lon="14.466779"><ele>586</ele></trkpt>
   <trkpt lat="48.788939" lon="14.466578"><ele>583.75</ele></trkpt>
   <trkpt lat="48.789015" lon="14.466232"><ele>583.75</ele></trkpt>
   <trkpt lat="48.789111" lon="14.465893"><ele>587.5</ele></trkpt>
   <trkpt lat="48.789226" lon="14.46557"><ele>588</ele></trkpt>
   <trkpt lat="48.789329" lon="14.465334"><ele>587.5</ele></trkpt>
   <trkpt lat="48.789529" lon="14.464945"><ele>587</ele></trkpt>
   <trkpt lat="48.789682" lon="14.464717"><ele>587.25</ele></trkpt>
   <trkpt lat="48.789894" lon="14.464446"><ele>585.75</ele></trkpt>
   <trkpt lat="48.789998" lon="14.464325"><ele>585.5</ele></trkpt>
   <trkpt lat="48.790213" lon="14.464097"><ele>586.75</ele></trkpt>
   <trkpt lat="48.790325" lon="14.463989"><ele>587.25</ele></trkpt>
   <trkpt lat="48.79041" lon="14.463907"><ele>587.25</ele></trkpt>
   <trkpt lat="48.790518" lon="14.463806"><ele>587.25</ele></trkpt>
   <trkpt lat="48.790827" lon="14.463554"><ele>587</ele></trkpt>
   <trkpt lat="48.791223" lon="14.463255"><ele>584.5</ele></trkpt>
   <trkpt lat="48.792122" lon="14.462605"><ele>587.5</ele></trkpt>
   <trkpt lat="48.792152" lon="14.462583"><ele>587.5</ele></trkpt>
   <trkpt lat="48.793427" lon="14.461662"><ele>584.75</ele></trkpt>
   <trkpt lat="48.793731" lon="14.461454"><ele>583.25</ele></trkpt>
   <trkpt lat="48.793863" lon="14.461369"><ele>584.75</ele></trkpt>
   <trkpt lat="48.794128" lon="14.461221"><ele>584.25</ele></trkpt>
   <trkpt lat="48.794414" lon="14.461085"><ele>584.75</ele></trkpt>
   <trkpt lat="48.794602" lon="14.461008"><ele>581.5</ele></trkpt>
   <trkpt lat="48.794681" lon="14.460976"><ele>580.75</ele></trkpt>
   <trkpt lat="48.795298" lon="14.46074"><ele>585</ele></trkpt>
   <trkpt lat="48.795457" lon="14.460672"><ele>585.5</ele></trkpt>
   <trkpt lat="48.795722" lon="14.460539"><ele>584.5</ele></trkpt>
   <trkpt lat="48.795941" lon="14.460412"><ele>586.25</ele></trkpt>
   <trkpt lat="48.798069" lon="14.459087"><ele>580.75</ele></trkpt>
   <trkpt lat="48.798076" lon="14.459083"><ele>580.75</ele></trkpt>
   <trkpt lat="48.798079" lon="14.459081"><ele>580.75</ele></trkpt>
   <trkpt lat="48.798842" lon="14.458606"><ele>580</ele></trkpt>
   <trkpt lat="48.798929" lon="14.458552"><ele>580</ele></trkpt>
   <trkpt lat="48.798989" lon="14.458514"><ele>579.75</ele></trkpt>
   <trkpt lat="48.799327" lon="14.458296"><ele>579.75</ele></trkpt>
   <trkpt lat="48.799585" lon="14.45811"><ele>582</ele></trkpt>
   <trkpt lat="48.799822" lon="14.457908"><ele>581.5</ele></trkpt>
   <trkpt lat="48.800063" lon="14.457643"><ele>580.25</ele></trkpt>
   <trkpt lat="48.800284" lon="14.457341"><ele>579.75</ele></trkpt>
   <trkpt lat="48.800379" lon="14.457194"><ele>579.75</ele></trkpt>
   <trkpt lat="48.800477" lon="14.457021"><ele>579.75</ele></trkpt>
   <trkpt lat="48.800649" lon="14.456679"><ele>578.75</ele></trkpt>
   <trkpt lat="48.800728" lon="14.456493"><ele>578.75</ele></trkpt>
   <trkpt lat="48.800868" lon="14.456115"><ele>578.25</ele></trkpt>
   <trkpt lat="48.802141" lon="14.452247"><ele>578.5</ele></trkpt>
   <trkpt lat="48.802237" lon="14.451926"><ele>578</ele></trkpt>
   <trkpt lat="48.80233" lon="14.451588"><ele>579.5</ele></trkpt>
   <trkpt lat="48.802417" lon="14.45124"><ele>578.5</ele></trkpt>
   <trkpt lat="48.802493" lon="14.450904"><ele>578</ele></trkpt>
   <trkpt lat="48.802622" lon="14.45022"><ele>576</ele></trkpt>
   <trkpt lat="48.802688" lon="14.449793"><ele>575.25</ele></trkpt>
   <trkpt lat="48.802693" lon="14.44976"><ele>575.25</ele></trkpt>
   <trkpt lat="48.802737" lon="14.449425"><ele>575</ele></trkpt>
   <trkpt lat="48.802756" lon="14.449253"><ele>575.5</ele></trkpt>
   <trkpt lat="48.802874" lon="14.447985"><ele>575</ele></trkpt>
   <trkpt lat="48.803049" lon="14.445952"><ele>574</ele></trkpt>
   <trkpt lat="48.803119" lon="14.445312"><ele>573.75</ele></trkpt>
   <trkpt lat="48.803177" lon="14.444978"><ele>573.5</ele></trkpt>
   <trkpt lat="48.803245" lon="14.444671"><ele>573</ele></trkpt>
   <trkpt lat="48.803347" lon="14.44431"><ele>572.25</ele></trkpt>
   <trkpt lat="48.80347" lon="14.443962"><ele>571.75</ele></trkpt>
   <trkpt lat="48.803605" lon="14.443646"><ele>571</ele></trkpt>
   <trkpt lat="48.803688" lon="14.443475"><ele>570.5</ele></trkpt>
   <trkpt lat="48.803773" lon="14.443311"><ele>570.25</ele></trkpt>
   <trkpt lat="48.803924" lon="14.443057"><ele>569.5</ele></trkpt>
   <trkpt lat="48.804144" lon="14.442748"><ele>569.5</ele></trkpt>
   <trkpt lat="48.804368" lon="14.442478"><ele>568.25</ele></trkpt>
   <trkpt lat="48.804467" lon="14.442375"><ele>567.5</ele></trkpt>
   <trkpt lat="48.80468" lon="14.44218"><ele>568</ele></trkpt>
   <trkpt lat="48.80488" lon="14.442027"><ele>566.75</ele></trkpt>
   <trkpt lat="48.804977" lon="14.441962"><ele>568.25</ele></trkpt>
   <trkpt lat="48.805112" lon="14.441879"><ele>566.75</ele></trkpt>
   <trkpt lat="48.805375" lon="14.441744"><ele>565</ele></trkpt>
   <trkpt lat="48.805663" lon="14.441637"><ele>567.25</ele></trkpt>
   <trkpt lat="48.805803" lon="14.441601"><ele>566.75</ele></trkpt>
   <trkpt lat="48.805915" lon="14.441578"><ele>566</ele></trkpt>
   <trkpt lat="48.806147" lon="14.441555"><ele>564.5</ele></trkpt>
   <trkpt lat="48.806344" lon="14.441556"><ele>564</ele></trkpt>
   <trkpt lat="48.806461" lon="14.441568"><ele>564.25</ele></trkpt>
   <trkpt lat="48.806723" lon="14.441618"><ele>565.5</ele></trkpt>
   <trkpt lat="48.806921" lon="14.441673"><ele>565.75</ele></trkpt>
   <trkpt lat="48.807173" lon="14.441786"><ele>562.5</ele></trkpt>
   <trkpt lat="48.80745" lon="14.441948"><ele>564.5</ele></trkpt>
   <trkpt lat="48.807573" lon="14.442038"><ele>562.5</ele></trkpt>
   <trkpt lat="48.807783" lon="14.442217"><ele>564.75</ele></trkpt>
   <trkpt lat="48.807942" lon="14.442378"><ele>561.5</ele></trkpt>
   <trkpt lat="48.808036" lon="14.442476"><ele>563.25</ele></trkpt>
   <trkpt lat="48.808295" lon="14.442787"><ele>563</ele></trkpt>
   <trkpt lat="48.808598" lon="14.443134"><ele>561.5</ele></trkpt>
   <trkpt lat="48.808785" lon="14.443323"><ele>561.5</ele></trkpt>
   <trkpt lat="48.808984" lon="14.443497"><ele>560.5</ele></trkpt>
   <trkpt lat="48.809194" lon="14.443641"><ele>562</ele></trkpt>
   <trkpt lat="48.809412" lon="14.443755"><ele>560</ele></trkpt>
   <trkpt lat="48.809635" lon="14.443844"><ele>561.25</ele></trkpt>
   <trkpt lat="48.809871" lon="14.443907"><ele>562</ele></trkpt>
   <trkpt lat="48.810007" lon="14.443928"><ele>561.25</ele></trkpt>
   <trkpt lat="48.810271" lon="14.443943"><ele>560.25</ele></trkpt>
   <trkpt lat="48.810401" lon="14.443934"><ele>560.25</ele></trkpt>
   <trkpt lat="48.810841" lon="14.443864"><ele>561.5</ele></trkpt>
   <trkpt lat="48.812189" lon="14.443589"><ele>559.75</ele></trkpt>
   <trkpt lat="48.812327" lon="14.443564"><ele>559.25</ele></trkpt>
   <trkpt lat="48.813373" lon="14.443353"><ele>560</ele></trkpt>
   <trkpt lat="48.814873" lon="14.443049"><ele>559.25</ele></trkpt>
   <trkpt lat="48.814877" lon="14.443048"><ele>559.25</ele></trkpt>
   <trkpt lat="48.815493" lon="14.442924"><ele>556.25</ele></trkpt>
   <trkpt lat="48.815554" lon="14.442912"><ele>555.75</ele></trkpt>
   <trkpt lat="48.815703" lon="14.442881"><ele>556</ele></trkpt>
   <trkpt lat="48.816443" lon="14.442732"><ele>558.5</ele></trkpt>
   <trkpt lat="48.816843" lon="14.442627"><ele>558.75</ele></trkpt>
   <trkpt lat="48.817084" lon="14.442527"><ele>558.75</ele></trkpt>
   <trkpt lat="48.817277" lon="14.442415"><ele>558.25</ele></trkpt>
   <trkpt lat="48.817365" lon="14.442353"><ele>558</ele></trkpt>
   <trkpt lat="48.817543" lon="14.442207"><ele>558.25</ele></trkpt>
   <trkpt lat="48.817732" lon="14.442015"><ele>557.75</ele></trkpt>
   <trkpt lat="48.817835" lon="14.441888"><ele>557.5</ele></trkpt>
   <trkpt lat="48.818007" lon="14.44164"><ele>558.25</ele></trkpt>
   <trkpt lat="48.818092" lon="14.441496"><ele>557.75</ele></trkpt>
   <trkpt lat="48.818189" lon="14.441312"><ele>556.25</ele></trkpt>
   <trkpt lat="48.818312" lon="14.441027"><ele>557.5</ele></trkpt>
   <trkpt lat="48.818355" lon="14.440918"><ele>556.75</ele></trkpt>
   <trkpt lat="48.818458" lon="14.440661"><ele>556.25</ele></trkpt>
   <trkpt lat="48.818529" lon="14.440455"><ele>557.5</ele></trkpt>
   <trkpt lat="48.818539" lon="14.440426"><ele>557.75</ele></trkpt>
   <trkpt lat="48.818547" lon="14.440406"><ele>557.75</ele></trkpt>
   <trkpt lat="48.818717" lon="14.439939"><ele>557.75</ele></trkpt>
   <trkpt lat="48.819012" lon="14.439107"><ele>559</ele></trkpt>
   <trkpt lat="48.81902" lon="14.439088"><ele>559</ele></trkpt>
   <trkpt lat="48.820831" lon="14.434046"><ele>558.75</ele></trkpt>
   <trkpt lat="48.82108" lon="14.433399"><ele>559</ele></trkpt>
   <trkpt lat="48.821085" lon="14.433385"><ele>559</ele></trkpt>
   <trkpt lat="48.821425" lon="14.432491"><ele>559</ele></trkpt>
   <trkpt lat="48.821511" lon="14.432271"><ele>559.75</ele></trkpt>
   <trkpt lat="48.821593" lon="14.432054"><ele>559.5</ele></trkpt>
   <trkpt lat="48.821605" lon="14.432024"><ele>559.5</ele></trkpt>
   <trkpt lat="48.821794" lon="14.43159"><ele>560.5</ele></trkpt>
   <trkpt lat="48.822042" lon="14.43114"><ele>559.75</ele></trkpt>
   <trkpt lat="48.822073" lon="14.431096"><ele>559.75</ele></trkpt>
   <trkpt lat="48.822081" lon="14.431082"><ele>559.75</ele></trkpt>
   <trkpt lat="48.822165" lon="14.430957"><ele>559.5</ele></trkpt>
   <trkpt lat="48.82233" lon="14.430738"><ele>559.25</ele></trkpt>
   <trkpt lat="48.822506" lon="14.430531"><ele>559</ele></trkpt>
   <trkpt lat="48.822616" lon="14.430411"><ele>559.5</ele></trkpt>
   <trkpt lat="48.823027" lon="14.43001"><ele>559</ele></trkpt>
   <trkpt lat="48.823274" lon="14.429789"><ele>559.25</ele></trkpt>
   <trkpt lat="48.823529" lon="14.429586"><ele>559.75</ele></trkpt>
   <trkpt lat="48.82379" lon="14.429401"><ele>559.5</ele></trkpt>
   <trkpt lat="48.824002" lon="14.429268"><ele>559.5</ele></trkpt>
   <trkpt lat="48.824248" lon="14.429134"><ele>559</ele></trkpt>
   <trkpt lat="48.82452" lon="14.429009"><ele>558.75</ele></trkpt>
   <trkpt lat="48.824686" lon="14.428945"><ele>558.25</ele></trkpt>
   <trkpt lat="48.824696" lon="14.428942"><ele>558.25</ele></trkpt>
   <trkpt lat="48.824708" lon="14.428938"><ele>558</ele></trkpt>
   <trkpt lat="48.824862" lon="14.428891"><ele>558</ele></trkpt>
   <trkpt lat="48.825096" lon="14.428836"><ele>557.75</ele></trkpt>
   <trkpt lat="48.825216" lon="14.428817"><ele>557.75</ele></trkpt>
   <trkpt lat="48.825433" lon="14.4288"><ele>557.5</ele></trkpt>
   <trkpt lat="48.825696" lon="14.428803"><ele>557.25</ele></trkpt>
   <trkpt lat="48.825955" lon="14.42883"><ele>556.75</ele></trkpt>
   <trkpt lat="48.826099" lon="14.428857"><ele>556.75</ele></trkpt>
   <trkpt lat="48.826342" lon="14.428912"><ele>557</ele></trkpt>
   <trkpt lat="48.826454" lon="14.428946"><ele>556.75</ele></trkpt>
   <trkpt lat="48.826573" lon="14.428983"><ele>556.5</ele></trkpt>
   <trkpt lat="48.826806" lon="14.429073"><ele>556.25</ele></trkpt>
   <trkpt lat="48.827064" lon="14.429189"><ele>556</ele></trkpt>
   <trkpt lat="48.827189" lon="14.429256"><ele>555.25</ele></trkpt>
   <trkpt lat="48.827595" lon="14.429509"><ele>555.5</ele></trkpt>
   <trkpt lat="48.827944" lon="14.429779"><ele>555.25</ele></trkpt>
   <trkpt lat="48.828214" lon="14.430029"><ele>555</ele></trkpt>
   <trkpt lat="48.828339" lon="14.430157"><ele>555</ele></trkpt>
   <trkpt lat="48.828465" lon="14.430301"><ele>555</ele></trkpt>
   <trkpt lat="48.82859" lon="14.43045"><ele>555</ele></trkpt>
   <trkpt lat="48.828723" lon="14.430629"><ele>554.5</ele></trkpt>
   <trkpt lat="48.828931" lon="14.430934"><ele>554.25</ele></trkpt>
   <trkpt lat="48.829135" lon="14.431286"><ele>553.5</ele></trkpt>
   <trkpt lat="48.829238" lon="14.431486"><ele>553.25</ele></trkpt>
   <trkpt lat="48.829326" lon="14.431675"><ele>553</ele></trkpt>
   <trkpt lat="48.82942" lon="14.431888"><ele>553.5</ele></trkpt>
   <trkpt lat="48.829526" lon="14.432163"><ele>553</ele></trkpt>
   <trkpt lat="48.829547" lon="14.432219"><ele>553</ele></trkpt>
   <trkpt lat="48.829617" lon="14.432417"><ele>552.5</ele></trkpt>
   <trkpt lat="48.829738" lon="14.432829"><ele>553.75</ele></trkpt>
   <trkpt lat="48.829807" lon="14.433102"><ele>552.75</ele></trkpt>
   <trkpt lat="48.82988" lon="14.433434"><ele>552.5</ele></trkpt>
   <trkpt lat="48.829995" lon="14.434121"><ele>552.75</ele></trkpt>
   <trkpt lat="48.830021" lon="14.43429"><ele>552.5</ele></trkpt>
   <trkpt lat="48.83006" lon="14.434569"><ele>551.75</ele></trkpt>
   <trkpt lat="48.830389" lon="14.436778"><ele>549.75</ele></trkpt>
   <trkpt lat="48.830503" lon="14.437539"><ele>550.5</ele></trkpt>
   <trkpt lat="48.830514" lon="14.437612"><ele>550.75</ele></trkpt>
   <trkpt lat="48.830525" lon="14.437679"><ele>550.75</ele></trkpt>
   <trkpt lat="48.831182" lon="14.442087"><ele>548</ele></trkpt>
   <trkpt lat="48.831402" lon="14.443557"><ele>548</ele></trkpt>
   <trkpt lat="48.831571" lon="14.444691"><ele>546.5</ele></trkpt>
   <trkpt lat="48.831579" lon="14.444745"><ele>546.5</ele></trkpt>
   <trkpt lat="48.831643" lon="14.445176"><ele>547.25</ele></trkpt>
   <trkpt lat="48.831746" lon="14.445827"><ele>545</ele></trkpt>
   <trkpt lat="48.831831" lon="14.446249"><ele>544.5</ele></trkpt>
   <trkpt lat="48.831934" lon="14.446658"><ele>546.75</ele></trkpt>
   <trkpt lat="48.831994" lon="14.446857"><ele>543.5</ele></trkpt>
   <trkpt lat="48.832112" lon="14.447202"><ele>541.5</ele></trkpt>
   <trkpt lat="48.832157" lon="14.447322"><ele>542.75</ele></trkpt>
   <trkpt lat="48.832246" lon="14.447536"><ele>545</ele></trkpt>
   <trkpt lat="48.832402" lon="14.447873"><ele>542.25</ele></trkpt>
   <trkpt lat="48.832605" lon="14.448244"><ele>542.25</ele></trkpt>
   <trkpt lat="48.832723" lon="14.448439"><ele>542.25</ele></trkpt>
   <trkpt lat="48.833571" lon="14.449702"><ele>543.5</ele></trkpt>
   <trkpt lat="48.835087" lon="14.45193"><ele>541</ele></trkpt>
   <trkpt lat="48.835243" lon="14.452154"><ele>542.5</ele></trkpt>
   <trkpt lat="48.835522" lon="14.452508"><ele>543.25</ele></trkpt>
   <trkpt lat="48.835675" lon="14.452673"><ele>543.75</ele></trkpt>
   <trkpt lat="48.835804" lon="14.452794"><ele>544.5</ele></trkpt>
   <trkpt lat="48.836014" lon="14.452957"><ele>545</ele></trkpt>
   <trkpt lat="48.836033" lon="14.45297"><ele>545</ele></trkpt>
   <trkpt lat="48.836256" lon="14.453108"><ele>546.25</ele></trkpt>
   <trkpt lat="48.836406" lon="14.453183"><ele>547</ele></trkpt>
   <trkpt lat="48.836583" lon="14.453251"><ele>546.5</ele></trkpt>
   <trkpt lat="48.836869" lon="14.453322"><ele>545</ele></trkpt>
   <trkpt lat="48.837031" lon="14.453348"><ele>546</ele></trkpt>
   <trkpt lat="48.837226" lon="14.453366"><ele>547.75</ele></trkpt>
   <trkpt lat="48.838115" lon="14.45343"><ele>544.5</ele></trkpt>
   <trkpt lat="48.839441" lon="14.453522"><ele>539.25</ele></trkpt>
   <trkpt lat="48.839564" lon="14.453532"><ele>539.75</ele></trkpt>
   <trkpt lat="48.839573" lon="14.453532"><ele>539.75</ele></trkpt>
   <trkpt lat="48.839802" lon="14.453547"><ele>540.5</ele></trkpt>
   <trkpt lat="48.843757" lon="14.453824"><ele>539.75</ele></trkpt>
   <trkpt lat="48.846641" lon="14.45402"><ele>532.25</ele></trkpt>
   <trkpt lat="48.846867" lon="14.454021"><ele>532.75</ele></trkpt>
   <trkpt lat="48.84705" lon="14.454013"><ele>532.5</ele></trkpt>
   <trkpt lat="48.847179" lon="14.453999"><ele>532</ele></trkpt>
   <trkpt lat="48.847374" lon="14.453964"><ele>531.75</ele></trkpt>
   <trkpt lat="48.847568" lon="14.453915"><ele>531.75</ele></trkpt>
   <trkpt lat="48.847723" lon="14.453864"><ele>531.75</ele></trkpt>
   <trkpt lat="48.847866" lon="14.453805"><ele>531.25</ele></trkpt>
   <trkpt lat="48.848106" lon="14.453687"><ele>531</ele></trkpt>
   <trkpt lat="48.848353" lon="14.453534"><ele>531.5</ele></trkpt>
   <trkpt lat="48.848487" lon="14.453435"><ele>530.75</ele></trkpt>
   <trkpt lat="48.848716" lon="14.453239"><ele>530.25</ele></trkpt>
   <trkpt lat="48.848934" lon="14.453023"><ele>530</ele></trkpt>
   <trkpt lat="48.849162" lon="14.452753"><ele>530.75</ele></trkpt>
   <trkpt lat="48.849268" lon="14.452613"><ele>530.25</ele></trkpt>
   <trkpt lat="48.849369" lon="14.452466"><ele>530.5</ele></trkpt>
   <trkpt lat="48.849572" lon="14.452134"><ele>529.75</ele></trkpt>
   <trkpt lat="48.849758" lon="14.451779"><ele>530</ele></trkpt>
   <trkpt lat="48.849823" lon="14.451645"><ele>529.75</ele></trkpt>
   <trkpt lat="48.849939" lon="14.451401"><ele>529.75</ele></trkpt>
   <trkpt lat="48.849956" lon="14.451365"><ele>529.75</ele></trkpt>
   <trkpt lat="48.850151" lon="14.450955"><ele>529.5</ele></trkpt>
   <trkpt lat="48.850327" lon="14.450623"><ele>529.75</ele></trkpt>
   <trkpt lat="48.850409" lon="14.450493"><ele>529.25</ele></trkpt>
   <trkpt lat="48.850514" lon="14.4503"><ele>529</ele></trkpt>
   <trkpt lat="48.850809" lon="14.449688"><ele>528.75</ele></trkpt>
   <trkpt lat="48.850815" lon="14.449674"><ele>528.75</ele></trkpt>
   <trkpt lat="48.851599" lon="14.448025"><ele>528</ele></trkpt>
   <trkpt lat="48.854165" lon="14.44262"><ele>525.25</ele></trkpt>
   <trkpt lat="48.854173" lon="14.442604"><ele>525.25</ele></trkpt>
   <trkpt lat="48.854571" lon="14.441771"><ele>524</ele></trkpt>
   <trkpt lat="48.854669" lon="14.441554"><ele>523.75</ele></trkpt>
   <trkpt lat="48.854874" lon="14.441031"><ele>523.5</ele></trkpt>
   <trkpt lat="48.854982" lon="14.440783"><ele>523.75</ele></trkpt>
   <trkpt lat="48.855005" lon="14.440734"><ele>523.5</ele></trkpt>
   <trkpt lat="48.855042" lon="14.440657"><ele>523.25</ele></trkpt>
   <trkpt lat="48.856274" lon="14.438068"><ele>522.75</ele></trkpt>
   <trkpt lat="48.856427" lon="14.437775"><ele>521.25</ele></trkpt>
   <trkpt lat="48.856616" lon="14.437442"><ele>521.25</ele></trkpt>
   <trkpt lat="48.856798" lon="14.437151"><ele>522.25</ele></trkpt>
   <trkpt lat="48.857017" lon="14.436843"><ele>521.25</ele></trkpt>
   <trkpt lat="48.857351" lon="14.436435"><ele>521.5</ele></trkpt>
   <trkpt lat="48.857665" lon="14.43611"><ele>521.25</ele></trkpt>
   <trkpt lat="48.857791" lon="14.435995"><ele>520.75</ele></trkpt>
   <trkpt lat="48.858046" lon="14.435783"><ele>520</ele></trkpt>
   <trkpt lat="48.858054" lon="14.435778"><ele>520</ele></trkpt>
   <trkpt lat="48.858241" lon="14.43564"><ele>519.5</ele></trkpt>
   <trkpt lat="48.858418" lon="14.435521"><ele>519</ele></trkpt>
   <trkpt lat="48.858696" lon="14.435354"><ele>518.5</ele></trkpt>
   <trkpt lat="48.85871" lon="14.435346"><ele>518.5</ele></trkpt>
   <trkpt lat="48.858996" lon="14.435183"><ele>517.25</ele></trkpt>
   <trkpt lat="48.859687" lon="14.434787"><ele>515</ele></trkpt>
   <trkpt lat="48.859801" lon="14.434723"><ele>515.25</ele></trkpt>
   <trkpt lat="48.860665" lon="14.434228"><ele>517</ele></trkpt>
   <trkpt lat="48.86223" lon="14.433333"><ele>516</ele></trkpt>
   <trkpt lat="48.862755" lon="14.433032"><ele>516</ele></trkpt>
   <trkpt lat="48.863127" lon="14.432803"><ele>514.75</ele></trkpt>
   <trkpt lat="48.863264" lon="14.432705"><ele>514</ele></trkpt>
   <trkpt lat="48.863522" lon="14.432495"><ele>513.5</ele></trkpt>
   <trkpt lat="48.863707" lon="14.432307"><ele>511.75</ele></trkpt>
   <trkpt lat="48.86382" lon="14.432179"><ele>511.25</ele></trkpt>
   <trkpt lat="48.863916" lon="14.432058"><ele>511</ele></trkpt>
   <trkpt lat="48.864102" lon="14.431791"><ele>512.25</ele></trkpt>
   <trkpt lat="48.864263" lon="14.431513"><ele>512.5</ele></trkpt>
   <trkpt lat="48.864354" lon="14.431332"><ele>512.5</ele></trkpt>
   <trkpt lat="48.864493" lon="14.431012"><ele>512.25</ele></trkpt>
   <trkpt lat="48.864556" lon="14.430842"><ele>511.25</ele></trkpt>
   <trkpt lat="48.864666" lon="14.430495"><ele>512</ele></trkpt>
   <trkpt lat="48.864719" lon="14.430299"><ele>512</ele></trkpt>
   <trkpt lat="48.86476" lon="14.430111"><ele>511.25</ele></trkpt>
   <trkpt lat="48.86483" lon="14.429723"><ele>510.25</ele></trkpt>
   <trkpt lat="48.864883" lon="14.429191"><ele>510.5</ele></trkpt>
   <trkpt lat="48.864892" lon="14.428989"><ele>511</ele></trkpt>
   <trkpt lat="48.864893" lon="14.428672"><ele>511</ele></trkpt>
   <trkpt lat="48.864873" lon="14.428276"><ele>510.5</ele></trkpt>
   <trkpt lat="48.864852" lon="14.428048"><ele>510.75</ele></trkpt>
   <trkpt lat="48.864815" lon="14.427741"><ele>511</ele></trkpt>
   <trkpt lat="48.864718" lon="14.427077"><ele>511.25</ele></trkpt>
   <trkpt lat="48.864491" lon="14.425634"><ele>509.75</ele></trkpt>
   <trkpt lat="48.864451" lon="14.425347"><ele>510</ele></trkpt>
   <trkpt lat="48.864417" lon="14.425049"><ele>509.5</ele></trkpt>
   <trkpt lat="48.864399" lon="14.424836"><ele>509</ele></trkpt>
   <trkpt lat="48.86439" lon="14.424638"><ele>508.75</ele></trkpt>
   <trkpt lat="48.864391" lon="14.424248"><ele>508.5</ele></trkpt>
   <trkpt lat="48.864412" lon="14.423894"><ele>508</ele></trkpt>
   <trkpt lat="48.864465" lon="14.423486"><ele>508.25</ele></trkpt>
   <trkpt lat="48.864545" lon="14.423096"><ele>508</ele></trkpt>
   <trkpt lat="48.864602" lon="14.422881"><ele>507.75</ele></trkpt>
   <trkpt lat="48.864728" lon="14.422498"><ele>508</ele></trkpt>
   <trkpt lat="48.864872" lon="14.42216"><ele>508.5</ele></trkpt>
   <trkpt lat="48.86502" lon="14.421874"><ele>508.75</ele></trkpt>
   <trkpt lat="48.865115" lon="14.42172"><ele>509</ele></trkpt>
   <trkpt lat="48.865231" lon="14.421551"><ele>509.75</ele></trkpt>
   <trkpt lat="48.865432" lon="14.421309"><ele>510</ele></trkpt>
   <trkpt lat="48.865543" lon="14.421195"><ele>509.5</ele></trkpt>
   <trkpt lat="48.865685" lon="14.421066"><ele>508.5</ele></trkpt>
   <trkpt lat="48.865906" lon="14.420908"><ele>505.75</ele></trkpt>
   <trkpt lat="48.866019" lon="14.420841"><ele>505.5</ele></trkpt>
   <trkpt lat="48.8663" lon="14.42071"><ele>503.25</ele></trkpt>
   <trkpt lat="48.866515" lon="14.420627"><ele>503.5</ele></trkpt>
   <trkpt lat="48.867833" lon="14.420169"><ele>502.5</ele></trkpt>
   <trkpt lat="48.867847" lon="14.420164"><ele>502.5</ele></trkpt>
   <trkpt lat="48.868319" lon="14.42"><ele>503.75</ele></trkpt>
   <trkpt lat="48.869076" lon="14.419738"><ele>500.25</ele></trkpt>
   <trkpt lat="48.869199" lon="14.419696"><ele>500</ele></trkpt>
   <trkpt lat="48.869409" lon="14.419634"><ele>501.5</ele></trkpt>
   <trkpt lat="48.869594" lon="14.41959"><ele>502.25</ele></trkpt>
   <trkpt lat="48.869698" lon="14.419575"><ele>503</ele></trkpt>
   <trkpt lat="48.869871" lon="14.419559"><ele>504.75</ele></trkpt>
   <trkpt lat="48.870105" lon="14.419568"><ele>506.25</ele></trkpt>
   <trkpt lat="48.870245" lon="14.419585"><ele>506.75</ele></trkpt>
   <trkpt lat="48.870455" lon="14.419636"><ele>507</ele></trkpt>
   <trkpt lat="48.870666" lon="14.419713"><ele>505.75</ele></trkpt>
   <trkpt lat="48.870834" lon="14.419795"><ele>506.25</ele></trkpt>
   <trkpt lat="48.87099" lon="14.419881"><ele>507</ele></trkpt>
   <trkpt lat="48.871193" lon="14.420032"><ele>506</ele></trkpt>
   <trkpt lat="48.871353" lon="14.420169"><ele>506</ele></trkpt>
   <trkpt lat="48.871472" lon="14.420283"><ele>505</ele></trkpt>
   <trkpt lat="48.87161" lon="14.420436"><ele>504.25</ele></trkpt>
   <trkpt lat="48.871807" lon="14.420697"><ele>503.75</ele></trkpt>
   <trkpt lat="48.871924" lon="14.420879"><ele>503</ele></trkpt>
   <trkpt lat="48.87203" lon="14.421061"><ele>502</ele></trkpt>
   <trkpt lat="48.872187" lon="14.421375"><ele>502</ele></trkpt>
   <trkpt lat="48.872352" lon="14.421785"><ele>500.25</ele></trkpt>
   <trkpt lat="48.872467" lon="14.422101"><ele>500.5</ele></trkpt>
   <trkpt lat="48.872902" lon="14.423295"><ele>498</ele></trkpt>
   <trkpt lat="48.872905" lon="14.423303"><ele>498</ele></trkpt>
   <trkpt lat="48.872982" lon="14.423501"><ele>498.5</ele></trkpt>
   <trkpt lat="48.873192" lon="14.423942"><ele>496.5</ele></trkpt>
   <trkpt lat="48.873288" lon="14.424121"><ele>497.75</ele></trkpt>
   <trkpt lat="48.873374" lon="14.424277"><ele>498.25</ele></trkpt>
   <trkpt lat="48.87389" lon="14.425153"><ele>501.5</ele></trkpt>
   <trkpt lat="48.874009" lon="14.425372"><ele>501.75</ele></trkpt>
   <trkpt lat="48.874111" lon="14.425567"><ele>500.5</ele></trkpt>
   <trkpt lat="48.87429" lon="14.425976"><ele>501.25</ele></trkpt>
   <trkpt lat="48.874386" lon="14.426242"><ele>500.25</ele></trkpt>
   <trkpt lat="48.874566" lon="14.426827"><ele>499</ele></trkpt>
   <trkpt lat="48.875358" lon="14.429737"><ele>494.75</ele></trkpt>
   <trkpt lat="48.876013" lon="14.432172"><ele>494</ele></trkpt>
   <trkpt lat="48.876636" lon="14.434466"><ele>494</ele></trkpt>
   <trkpt lat="48.8768" lon="14.435048"><ele>493</ele></trkpt>
   <trkpt lat="48.876877" lon="14.435299"><ele>492.5</ele></trkpt>
   <trkpt lat="48.877031" lon="14.435762"><ele>492.5</ele></trkpt>
   <trkpt lat="48.87715" lon="14.436082"><ele>492.25</ele></trkpt>
   <trkpt lat="48.87733" lon="14.436526"><ele>491.5</ele></trkpt>
   <trkpt lat="48.87736" lon="14.436595"><ele>491.5</ele></trkpt>
   <trkpt lat="48.877527" lon="14.436961"><ele>491.75</ele></trkpt>
   <trkpt lat="48.87774" lon="14.437383"><ele>492</ele></trkpt>
   <trkpt lat="48.877837" lon="14.43756"><ele>492</ele></trkpt>
   <trkpt lat="48.877947" lon="14.437758"><ele>491.75</ele></trkpt>
   <trkpt lat="48.878099" lon="14.438006"><ele>491.75</ele></trkpt>
   <trkpt lat="48.878247" lon="14.438242"><ele>491.75</ele></trkpt>
   <trkpt lat="48.878414" lon="14.438486"><ele>490.75</ele></trkpt>
   <trkpt lat="48.878747" lon="14.438932"><ele>490</ele></trkpt>
   <trkpt lat="48.879114" lon="14.439357"><ele>489.25</ele></trkpt>
   <trkpt lat="48.879296" lon="14.43955"><ele>488.25</ele></trkpt>
   <trkpt lat="48.879675" lon="14.43991"><ele>487.5</ele></trkpt>
   <trkpt lat="48.880062" lon="14.440226"><ele>487.25</ele></trkpt>
   <trkpt lat="48.880364" lon="14.440457"><ele>486.75</ele></trkpt>
   <trkpt lat="48.880748" lon="14.440734"><ele>486.5</ele></trkpt>
   <trkpt lat="48.880795" lon="14.440768"><ele>486.5</ele></trkpt>
   <trkpt lat="48.880877" lon="14.440828"><ele>486.75</ele></trkpt>
   <trkpt lat="48.88271" lon="14.44216"><ele>486.25</ele></trkpt>
   <trkpt lat="48.882857" lon="14.442257"><ele>486.25</ele></trkpt>
   <trkpt lat="48.883154" lon="14.442431"><ele>487</ele></trkpt>
   <trkpt lat="48.883456" lon="14.442569"><ele>486.75</ele></trkpt>
   <trkpt lat="48.88371" lon="14.44265"><ele>485.5</ele></trkpt>
   <trkpt lat="48.88403" lon="14.442716"><ele>484.25</ele></trkpt>
   <trkpt lat="48.884312" lon="14.442738"><ele>484</ele></trkpt>
   <trkpt lat="48.88445" lon="14.442737"><ele>484.5</ele></trkpt>
   <trkpt lat="48.884627" lon="14.442727"><ele>484</ele></trkpt>
   <trkpt lat="48.884876" lon="14.442686"><ele>483.25</ele></trkpt>
   <trkpt lat="48.885122" lon="14.442621"><ele>482.5</ele></trkpt>
   <trkpt lat="48.885286" lon="14.44257"><ele>482.25</ele></trkpt>
   <trkpt lat="48.885898" lon="14.44235"><ele>480.75</ele></trkpt>
   <trkpt lat="48.886285" lon="14.442241"><ele>481.5</ele></trkpt>
   <trkpt lat="48.886422" lon="14.442216"><ele>481.75</ele></trkpt>
   <trkpt lat="48.886647" lon="14.442192"><ele>481.25</ele></trkpt>
   <trkpt lat="48.886893" lon="14.442198"><ele>481.25</ele></trkpt>
   <trkpt lat="48.887153" lon="14.442235"><ele>480.75</ele></trkpt>
   <trkpt lat="48.887273" lon="14.442263"><ele>479.75</ele></trkpt>
   <trkpt lat="48.887506" lon="14.442335"><ele>478.5</ele></trkpt>
   <trkpt lat="48.887639" lon="14.442392"><ele>478.75</ele></trkpt>
   <trkpt lat="48.887767" lon="14.442454"><ele>480.25</ele></trkpt>
   <trkpt lat="48.888009" lon="14.442598"><ele>479.5</ele></trkpt>
   <trkpt lat="48.888262" lon="14.442783"><ele>480.25</ele></trkpt>
   <trkpt lat="48.888398" lon="14.442895"><ele>480.75</ele></trkpt>
   <trkpt lat="48.888952" lon="14.443375"><ele>481.5</ele></trkpt>
   <trkpt lat="48.88909" lon="14.443502"><ele>481.5</ele></trkpt>
   <trkpt lat="48.889328" lon="14.443753"><ele>481.5</ele></trkpt>
   <trkpt lat="48.889429" lon="14.44388"><ele>480</ele></trkpt>
   <trkpt lat="48.889555" lon="14.444055"><ele>481</ele></trkpt>
   <trkpt lat="48.889663" lon="14.444224"><ele>480.25</ele></trkpt>
   <trkpt lat="48.88976" lon="14.444395"><ele>479</ele></trkpt>
   <trkpt lat="48.88985" lon="14.444574"><ele>479.75</ele></trkpt>
   <trkpt lat="48.889929" lon="14.444753"><ele>479.5</ele></trkpt>
   <trkpt lat="48.889999" lon="14.444927"><ele>478.5</ele></trkpt>
   <trkpt lat="48.890142" lon="14.445365"><ele>479.25</ele></trkpt>
   <trkpt lat="48.890182" lon="14.445503"><ele>479</ele></trkpt>
   <trkpt lat="48.890249" lon="14.44574"><ele>478.25</ele></trkpt>
   <trkpt lat="48.89038" lon="14.446206"><ele>479.25</ele></trkpt>
   <trkpt lat="48.890457" lon="14.446455"><ele>478.75</ele></trkpt>
   <trkpt lat="48.89056" lon="14.446735"><ele>478</ele></trkpt>
   <trkpt lat="48.890665" lon="14.447052"><ele>478.5</ele></trkpt>
   <trkpt lat="48.89067" lon="14.447067"><ele>478.5</ele></trkpt>
   <trkpt lat="48.891267" lon="14.449179"><ele>477.25</ele></trkpt>
   <trkpt lat="48.891279" lon="14.449223"><ele>477</ele></trkpt>
   <trkpt lat="48.892236" lon="14.452604"><ele>476.75</ele></trkpt>
   <trkpt lat="48.892398" lon="14.453128"><ele>476.75</ele></trkpt>
   <trkpt lat="48.892461" lon="14.453304"><ele>476.5</ele></trkpt>
   <trkpt lat="48.892534" lon="14.453483"><ele>476.75</ele></trkpt>
   <trkpt lat="48.892626" lon="14.453694"><ele>476.75</ele></trkpt>
   <trkpt lat="48.892714" lon="14.453866"><ele>475.75</ele></trkpt>
   <trkpt lat="48.892825" lon="14.454065"><ele>476.5</ele></trkpt>
   <trkpt lat="48.892929" lon="14.454227"><ele>477</ele></trkpt>
   <trkpt lat="48.893134" lon="14.454503"><ele>476.5</ele></trkpt>
   <trkpt lat="48.89314" lon="14.454511"><ele>476.5</ele></trkpt>
   <trkpt lat="48.893232" lon="14.454628"><ele>476</ele></trkpt>
   <trkpt lat="48.893491" lon="14.454996"><ele>475</ele></trkpt>
   <trkpt lat="48.893622" lon="14.455157"><ele>475</ele></trkpt>
   <trkpt lat="48.893661" lon="14.455203"><ele>475</ele></trkpt>
   <trkpt lat="48.893885" lon="14.455462"><ele>474.25</ele></trkpt>
   <trkpt lat="48.894045" lon="14.45566"><ele>474</ele></trkpt>
   <trkpt lat="48.89412" lon="14.45576"><ele>474</ele></trkpt>
   <trkpt lat="48.8942" lon="14.455873"><ele>473.75</ele></trkpt>
   <trkpt lat="48.894289" lon="14.456015"><ele>473.25</ele></trkpt>
   <trkpt lat="48.894385" lon="14.456182"><ele>472.5</ele></trkpt>
   <trkpt lat="48.894479" lon="14.456367"><ele>472.25</ele></trkpt>
   <trkpt lat="48.894565" lon="14.456558"><ele>471</ele></trkpt>
   <trkpt lat="48.894647" lon="14.456769"><ele>471</ele></trkpt>
   <trkpt lat="48.894722" lon="14.45699"><ele>472.25</ele></trkpt>
   <trkpt lat="48.894787" lon="14.457208"><ele>470</ele></trkpt>
   <trkpt lat="48.894836" lon="14.457399"><ele>469.75</ele></trkpt>
   <trkpt lat="48.894888" lon="14.457654"><ele>470</ele></trkpt>
   <trkpt lat="48.894927" lon="14.457886"><ele>470.25</ele></trkpt>
   <trkpt lat="48.894959" lon="14.458144"><ele>470.75</ele></trkpt>
   <trkpt lat="48.895035" lon="14.458869"><ele>469.25</ele></trkpt>
   <trkpt lat="48.895091" lon="14.459275"><ele>469</ele></trkpt>
   <trkpt lat="48.895133" lon="14.459518"><ele>468.25</ele></trkpt>
   <trkpt lat="48.89518" lon="14.459725"><ele>467.75</ele></trkpt>
   <trkpt lat="48.895237" lon="14.459938"><ele>469.5</ele></trkpt>
   <trkpt lat="48.895303" lon="14.460148"><ele>468.75</ele></trkpt>
   <trkpt lat="48.895358" lon="14.460303"><ele>467.25</ele></trkpt>
   <trkpt lat="48.895502" lon="14.460645"><ele>467.25</ele></trkpt>
   <trkpt lat="48.895568" lon="14.460778"><ele>467.25</ele></trkpt>
   <trkpt lat="48.895676" lon="14.460976"><ele>467</ele></trkpt>
   <trkpt lat="48.895779" lon="14.461143"><ele>468.25</ele></trkpt>
   <trkpt lat="48.895894" lon="14.461308"><ele>469</ele></trkpt>
   <trkpt lat="48.896011" lon="14.461455"><ele>469.25</ele></trkpt>
   <trkpt lat="48.89614" lon="14.461602"><ele>470</ele></trkpt>
   <trkpt lat="48.896419" lon="14.46186"><ele>469.75</ele></trkpt>
   <trkpt lat="48.896553" lon="14.461958"><ele>470</ele></trkpt>
   <trkpt lat="48.896676" lon="14.462036"><ele>471</ele></trkpt>
   <trkpt lat="48.896811" lon="14.46211"><ele>471.25</ele></trkpt>
   <trkpt lat="48.897059" lon="14.462213"><ele>470</ele></trkpt>
   <trkpt lat="48.89728" lon="14.462275"><ele>470.5</ele></trkpt>
   <trkpt lat="48.897392" lon="14.462293"><ele>471</ele></trkpt>
   <trkpt lat="48.89763" lon="14.462304"><ele>471.25</ele></trkpt>
   <trkpt lat="48.897874" lon="14.462278"><ele>470.5</ele></trkpt>
   <trkpt lat="48.898009" lon="14.462247"><ele>469.5</ele></trkpt>
   <trkpt lat="48.898167" lon="14.462196"><ele>469.25</ele></trkpt>
   <trkpt lat="48.898322" lon="14.462133"><ele>470.25</ele></trkpt>
   <trkpt lat="48.898481" lon="14.462049"><ele>469.75</ele></trkpt>
   <trkpt lat="48.898617" lon="14.461961"><ele>468.75</ele></trkpt>
   <trkpt lat="48.898755" lon="14.461857"><ele>468.75</ele></trkpt>
   <trkpt lat="48.898987" lon="14.461651"><ele>468.25</ele></trkpt>
   <trkpt lat="48.899281" lon="14.461304"><ele>467.75</ele></trkpt>
   <trkpt lat="48.89951" lon="14.460977"><ele>466</ele></trkpt>
   <trkpt lat="48.899738" lon="14.460619"><ele>463</ele></trkpt>
   <trkpt lat="48.899819" lon="14.46049"><ele>462.75</ele></trkpt>
   <trkpt lat="48.899825" lon="14.460481"><ele>462.75</ele></trkpt>
   <trkpt lat="48.899901" lon="14.460365"><ele>463.5</ele></trkpt>
   <trkpt lat="48.900085" lon="14.46011"><ele>463</ele></trkpt>
   <trkpt lat="48.900198" lon="14.459973"><ele>463.5</ele></trkpt>
   <trkpt lat="48.900392" lon="14.45977"><ele>463</ele></trkpt>
   <trkpt lat="48.900615" lon="14.45958"><ele>462.5</ele></trkpt>
   <trkpt lat="48.900728" lon="14.459502"><ele>462.75</ele></trkpt>
   <trkpt lat="48.90094" lon="14.459377"><ele>462.5</ele></trkpt>
   <trkpt lat="48.901142" lon="14.45929"><ele>460.75</ele></trkpt>
   <trkpt lat="48.901399" lon="14.459214"><ele>461.25</ele></trkpt>
   <trkpt lat="48.901523" lon="14.459192"><ele>462</ele></trkpt>
   <trkpt lat="48.901745" lon="14.459176"><ele>462.5</ele></trkpt>
   <trkpt lat="48.901983" lon="14.459191"><ele>461.5</ele></trkpt>
   <trkpt lat="48.902234" lon="14.459247"><ele>461</ele></trkpt>
   <trkpt lat="48.902459" lon="14.459326"><ele>462.25</ele></trkpt>
   <trkpt lat="48.902599" lon="14.459393"><ele>463.25</ele></trkpt>
   <trkpt lat="48.90271" lon="14.459459"><ele>463.5</ele></trkpt>
   <trkpt lat="48.902817" lon="14.459525"><ele>464.25</ele></trkpt>
   <trkpt lat="48.902943" lon="14.459619"><ele>464.5</ele></trkpt>
   <trkpt lat="48.90316" lon="14.459807"><ele>463.75</ele></trkpt>
   <trkpt lat="48.903372" lon="14.460018"><ele>463</ele></trkpt>
   <trkpt lat="48.903791" lon="14.460446"><ele>462.75</ele></trkpt>
   <trkpt lat="48.904038" lon="14.460663"><ele>462.75</ele></trkpt>
   <trkpt lat="48.904152" lon="14.460747"><ele>463</ele></trkpt>
   <trkpt lat="48.904251" lon="14.460812"><ele>463</ele></trkpt>
   <trkpt lat="48.904478" lon="14.460937"><ele>463</ele></trkpt>
   <trkpt lat="48.904614" lon="14.460993"><ele>463.5</ele></trkpt>
   <trkpt lat="48.904829" lon="14.461065"><ele>463.25</ele></trkpt>
   <trkpt lat="48.905073" lon="14.461109"><ele>463</ele></trkpt>
   <trkpt lat="48.905322" lon="14.461124"><ele>463</ele></trkpt>
   <trkpt lat="48.905434" lon="14.461119"><ele>463</ele></trkpt>
   <trkpt lat="48.905651" lon="14.461086"><ele>463</ele></trkpt>
   <trkpt lat="48.905888" lon="14.461022"><ele>463.75</ele></trkpt>
   <trkpt lat="48.906007" lon="14.460975"><ele>464.25</ele></trkpt>
   <trkpt lat="48.906234" lon="14.460867"><ele>463</ele></trkpt>
   <trkpt lat="48.90638" lon="14.460777"><ele>462.25</ele></trkpt>
   <trkpt lat="48.90654" lon="14.460662"><ele>463.5</ele></trkpt>
   <trkpt lat="48.906671" lon="14.460552"><ele>461</ele></trkpt>
   <trkpt lat="48.906796" lon="14.460433"><ele>463</ele></trkpt>
   <trkpt lat="48.906936" lon="14.460283"><ele>461</ele></trkpt>
   <trkpt lat="48.907068" lon="14.460121"><ele>462.5</ele></trkpt>
   <trkpt lat="48.90718" lon="14.459965"><ele>460</ele></trkpt>
   <trkpt lat="48.90728" lon="14.459814"><ele>461</ele></trkpt>
   <trkpt lat="48.907383" lon="14.459639"><ele>460.75</ele></trkpt>
   <trkpt lat="48.907481" lon="14.459448"><ele>459</ele></trkpt>
   <trkpt lat="48.907582" lon="14.459224"><ele>459</ele></trkpt>
   <trkpt lat="48.907661" lon="14.459021"><ele>458.25</ele></trkpt>
   <trkpt lat="48.907736" lon="14.458805"><ele>457.5</ele></trkpt>
   <trkpt lat="48.907814" lon="14.458548"><ele>456.75</ele></trkpt>
   <trkpt lat="48.907939" lon="14.458055"><ele>455.5</ele></trkpt>
   <trkpt lat="48.909184" lon="14.452868"><ele>454</ele></trkpt>
   <trkpt lat="48.909226" lon="14.452677"><ele>454.5</ele></trkpt>
   <trkpt lat="48.909301" lon="14.452275"><ele>453.75</ele></trkpt>
   <trkpt lat="48.909362" lon="14.451849"><ele>452.25</ele></trkpt>
   <trkpt lat="48.909385" lon="14.451621"><ele>452.5</ele></trkpt>
   <trkpt lat="48.909404" lon="14.451377"><ele>452.5</ele></trkpt>
   <trkpt lat="48.909414" lon="14.451242"><ele>452.75</ele></trkpt>
   <trkpt lat="48.909421" lon="14.451149"><ele>452.75</ele></trkpt>
   <trkpt lat="48.909537" lon="14.449319"><ele>451.75</ele></trkpt>
   <trkpt lat="48.909574" lon="14.448925"><ele>451</ele></trkpt>
   <trkpt lat="48.909604" lon="14.448694"><ele>450.75</ele></trkpt>
   <trkpt lat="48.909632" lon="14.44851"><ele>451</ele></trkpt>
   <trkpt lat="48.909718" lon="14.448058"><ele>450.75</ele></trkpt>
   <trkpt lat="48.90982" lon="14.447648"><ele>451</ele></trkpt>
   <trkpt lat="48.909956" lon="14.447201"><ele>450.75</ele></trkpt>
   <trkpt lat="48.910092" lon="14.446831"><ele>450.75</ele></trkpt>
   <trkpt lat="48.910179" lon="14.446627"><ele>450.25</ele></trkpt>
   <trkpt lat="48.910273" lon="14.446421"><ele>450</ele></trkpt>
   <trkpt lat="48.91053" lon="14.445932"><ele>449.75</ele></trkpt>
   <trkpt lat="48.912343" lon="14.442824"><ele>444.25</ele></trkpt>
   <trkpt lat="48.912404" lon="14.44272"><ele>444.25</ele></trkpt>
   <trkpt lat="48.912539" lon="14.442487"><ele>444.75</ele></trkpt>
   <trkpt lat="48.912976" lon="14.441737"><ele>444.75</ele></trkpt>
   <trkpt lat="48.913419" lon="14.440978"><ele>444</ele></trkpt>
   <trkpt lat="48.914549" lon="14.439041"><ele>441.5</ele></trkpt>
   <trkpt lat="48.914623" lon="14.438915"><ele>442.25</ele></trkpt>
   <trkpt lat="48.915188" lon="14.437955"><ele>444</ele></trkpt>
   <trkpt lat="48.915421" lon="14.437605"><ele>445</ele></trkpt>
   <trkpt lat="48.915544" lon="14.437442"><ele>444.25</ele></trkpt>
   <trkpt lat="48.915829" lon="14.437118"><ele>445.25</ele></trkpt>
   <trkpt lat="48.916056" lon="14.436907"><ele>444.25</ele></trkpt>
   <trkpt lat="48.916227" lon="14.436765"><ele>444</ele></trkpt>
   <trkpt lat="48.916388" lon="14.436651"><ele>442.75</ele></trkpt>
   <trkpt lat="48.91656" lon="14.436543"><ele>442.75</ele></trkpt>
   <trkpt lat="48.91689" lon="14.436379"><ele>441.75</ele></trkpt>
   <trkpt lat="48.917006" lon="14.436335"><ele>441.75</ele></trkpt>
   <trkpt lat="48.917259" lon="14.436254"><ele>442</ele></trkpt>
   <trkpt lat="48.917529" lon="14.4362"><ele>441.75</ele></trkpt>
   <trkpt lat="48.917825" lon="14.436179"><ele>440.75</ele></trkpt>
   <trkpt lat="48.917962" lon="14.436181"><ele>440.75</ele></trkpt>
   <trkpt lat="48.918252" lon="14.436213"><ele>440</ele></trkpt>
   <trkpt lat="48.918504" lon="14.436267"><ele>439.75</ele></trkpt>
   <trkpt lat="48.9188" lon="14.43637"><ele>440</ele></trkpt>
   <trkpt lat="48.919089" lon="14.436509"><ele>440</ele></trkpt>
   <trkpt lat="48.919338" lon="14.43666"><ele>440</ele></trkpt>
   <trkpt lat="48.919542" lon="14.43681"><ele>439.5</ele></trkpt>
   <trkpt lat="48.919761" lon="14.437"><ele>439</ele></trkpt>
   <trkpt lat="48.919929" lon="14.437166"><ele>438.75</ele></trkpt>
   <trkpt lat="48.920056" lon="14.437304"><ele>438.5</ele></trkpt>
   <trkpt lat="48.920194" lon="14.437471"><ele>438.25</ele></trkpt>
   <trkpt lat="48.920331" lon="14.437656"><ele>437.75</ele></trkpt>
   <trkpt lat="48.920468" lon="14.437856"><ele>436.75</ele></trkpt>
   <trkpt lat="48.920592" lon="14.438061"><ele>437.25</ele></trkpt>
   <trkpt lat="48.920816" lon="14.438483"><ele>437.25</ele></trkpt>
   <trkpt lat="48.921028" lon="14.438995"><ele>437.75</ele></trkpt>
   <trkpt lat="48.921114" lon="14.439246"><ele>437</ele></trkpt>
   <trkpt lat="48.921252" lon="14.439731"><ele>436.75</ele></trkpt>
   <trkpt lat="48.921349" lon="14.440181"><ele>435.75</ele></trkpt>
   <trkpt lat="48.921391" lon="14.44043"><ele>435.5</ele></trkpt>
   <trkpt lat="48.92145" lon="14.440924"><ele>434</ele></trkpt>
   <trkpt lat="48.92149" lon="14.44147"><ele>431.25</ele></trkpt>
   <trkpt lat="48.921496" lon="14.441592"><ele>431</ele></trkpt>
   <trkpt lat="48.921501" lon="14.44168"><ele>431</ele></trkpt>
   <trkpt lat="48.921505" lon="14.44174"><ele>431</ele></trkpt>
   <trkpt lat="48.92152" lon="14.442002"><ele>431.25</ele></trkpt>
   <trkpt lat="48.921541" lon="14.442259"><ele>432</ele></trkpt>
   <trkpt lat="48.921606" lon="14.442804"><ele>432.25</ele></trkpt>
   <trkpt lat="48.92162" lon="14.44298"><ele>432.75</ele></trkpt>
   <trkpt lat="48.921622" lon="14.443004"><ele>432.75</ele></trkpt>
   <trkpt lat="48.921666" lon="14.443719"><ele>434</ele></trkpt>
   <trkpt lat="48.921732" lon="14.444327"><ele>433.75</ele></trkpt>
   <trkpt lat="48.92177" lon="14.444589"><ele>434</ele></trkpt>
   <trkpt lat="48.921893" lon="14.445243"><ele>433.25</ele></trkpt>
   <trkpt lat="48.921967" lon="14.445546"><ele>432.75</ele></trkpt>
   <trkpt lat="48.922069" lon="14.445929"><ele>432.75</ele></trkpt>
   <trkpt lat="48.922188" lon="14.446291"><ele>432.5</ele></trkpt>
   <trkpt lat="48.922367" lon="14.446752"><ele>431.75</ele></trkpt>
   <trkpt lat="48.922519" lon="14.447089"><ele>431.75</ele></trkpt>
   <trkpt lat="48.922679" lon="14.447408"><ele>431.25</ele></trkpt>
   <trkpt lat="48.922875" lon="14.447757"><ele>429.75</ele></trkpt>
   <trkpt lat="48.923144" lon="14.448167"><ele>429.25</ele></trkpt>
   <trkpt lat="48.923307" lon="14.448387"><ele>429.25</ele></trkpt>
   <trkpt lat="48.923585" lon="14.44872"><ele>428.75</ele></trkpt>
   <trkpt lat="48.923816" lon="14.448961"><ele>428.75</ele></trkpt>
   <trkpt lat="48.924211" lon="14.449359"><ele>429.5</ele></trkpt>
   <trkpt lat="48.924312" lon="14.449447"><ele>429.25</ele></trkpt>
   <trkpt lat="48.924522" lon="14.449603"><ele>429.25</ele></trkpt>
   <trkpt lat="48.924786" lon="14.44976"><ele>428.75</ele></trkpt>
   <trkpt lat="48.924872" lon="14.449811"><ele>428.5</ele></trkpt>
   <trkpt lat="48.924998" lon="14.44988"><ele>428.5</ele></trkpt>
   <trkpt lat="48.925481" lon="14.450145"><ele>426.25</ele></trkpt>
   <trkpt lat="48.925659" lon="14.450252"><ele>426.75</ele></trkpt>
   <trkpt lat="48.925855" lon="14.450385"><ele>426.5</ele></trkpt>
   <trkpt lat="48.926118" lon="14.4506"><ele>427</ele></trkpt>
   <trkpt lat="48.926307" lon="14.450782"><ele>427.5</ele></trkpt>
   <trkpt lat="48.926465" lon="14.450955"><ele>428</ele></trkpt>
   <trkpt lat="48.92654" lon="14.451049"><ele>428.25</ele></trkpt>
   <trkpt lat="48.926611" lon="14.451139"><ele>428</ele></trkpt>
   <trkpt lat="48.92676" lon="14.451355"><ele>428.5</ele></trkpt>
   <trkpt lat="48.926848" lon="14.451502"><ele>428.75</ele></trkpt>
   <trkpt lat="48.926943" lon="14.45168"><ele>427</ele></trkpt>
   <trkpt lat="48.927021" lon="14.451847"><ele>429</ele></trkpt>
   <trkpt lat="48.927111" lon="14.452064"><ele>429.5</ele></trkpt>
   <trkpt lat="48.927177" lon="14.452238"><ele>427.75</ele></trkpt>
   <trkpt lat="48.927207" lon="14.452335"><ele>427.25</ele></trkpt>
   <trkpt lat="48.927292" lon="14.452634"><ele>427.5</ele></trkpt>
   <trkpt lat="48.927328" lon="14.452787"><ele>428.25</ele></trkpt>
   <trkpt lat="48.927397" lon="14.453147"><ele>428.75</ele></trkpt>
   <trkpt lat="48.927438" lon="14.453456"><ele>427.5</ele></trkpt>
   <trkpt lat="48.927463" lon="14.453772"><ele>426</ele></trkpt>
   <trkpt lat="48.927472" lon="14.454193"><ele>425.25</ele></trkpt>
   <trkpt lat="48.927468" lon="14.454398"><ele>425.25</ele></trkpt>
   <trkpt lat="48.927443" lon="14.454836"><ele>425</ele></trkpt>
   <trkpt lat="48.927442" lon="14.454849"><ele>425</ele></trkpt>
   <trkpt lat="48.927403" lon="14.455376"><ele>424.5</ele></trkpt>
   <trkpt lat="48.927398" lon="14.455446"><ele>424.5</ele></trkpt>
   <trkpt lat="48.927388" lon="14.455636"><ele>424</ele></trkpt>
   <trkpt lat="48.927388" lon="14.455642"><ele>424</ele></trkpt>
   <trkpt lat="48.927378" lon="14.455839"><ele>423.25</ele></trkpt>
   <trkpt lat="48.92737" lon="14.456223"><ele>422.75</ele></trkpt>
   <trkpt lat="48.92738" lon="14.45663"><ele>422.5</ele></trkpt>
   <trkpt lat="48.92739" lon="14.456818"><ele>422</ele></trkpt>
   <trkpt lat="48.927402" lon="14.457012"><ele>422</ele></trkpt>
   <trkpt lat="48.92744" lon="14.457379"><ele>421.75</ele></trkpt>
   <trkpt lat="48.927506" lon="14.457819"><ele>422</ele></trkpt>
   <trkpt lat="48.927529" lon="14.457951"><ele>422.25</ele></trkpt>
   <trkpt lat="48.927613" lon="14.458356"><ele>422.5</ele></trkpt>
   <trkpt lat="48.927968" lon="14.459872"><ele>421.25</ele></trkpt>
   <trkpt lat="48.928071" lon="14.460345"><ele>421</ele></trkpt>
   <trkpt lat="48.928148" lon="14.460761"><ele>421.25</ele></trkpt>
   <trkpt lat="48.92818" lon="14.460972"><ele>421.25</ele></trkpt>
   <trkpt lat="48.92821" lon="14.461194"><ele>421.25</ele></trkpt>
   <trkpt lat="48.928231" lon="14.461405"><ele>421</ele></trkpt>
   <trkpt lat="48.928281" lon="14.462068"><ele>421</ele></trkpt>
   <trkpt lat="48.928288" lon="14.462499"><ele>420.5</ele></trkpt>
   <trkpt lat="48.928282" lon="14.462818"><ele>420.75</ele></trkpt>
   <trkpt lat="48.928273" lon="14.463092"><ele>421</ele></trkpt>
   <trkpt lat="48.928255" lon="14.463343"><ele>422</ele></trkpt>
   <trkpt lat="48.928205" lon="14.463842"><ele>422.25</ele></trkpt>
   <trkpt lat="48.928147" lon="14.464303"><ele>421</ele></trkpt>
   <trkpt lat="48.928054" lon="14.464983"><ele>419</ele></trkpt>
   <trkpt lat="48.927974" lon="14.465603"><ele>419.5</ele></trkpt>
   <trkpt lat="48.927937" lon="14.465948"><ele>420.5</ele></trkpt>
   <trkpt lat="48.927909" lon="14.466311"><ele>421.5</ele></trkpt>
   <trkpt lat="48.927895" lon="14.466804"><ele>421</ele></trkpt>
   <trkpt lat="48.927908" lon="14.467283"><ele>419.75</ele></trkpt>
   <trkpt lat="48.927922" lon="14.467519"><ele>418.75</ele></trkpt>
   <trkpt lat="48.927943" lon="14.467749"><ele>417.75</ele></trkpt>
   <trkpt lat="48.927995" lon="14.468152"><ele>416.25</ele></trkpt>
   <trkpt lat="48.92805" lon="14.468473"><ele>416</ele></trkpt>
   <trkpt lat="48.928134" lon="14.468874"><ele>414.75</ele></trkpt>
   <trkpt lat="48.928251" lon="14.469306"><ele>413.5</ele></trkpt>
   <trkpt lat="48.928321" lon="14.469526"><ele>413.5</ele></trkpt>
   <trkpt lat="48.928413" lon="14.469786"><ele>412</ele></trkpt>
   <trkpt lat="48.928564" lon="14.470165"><ele>412</ele></trkpt>
   <trkpt lat="48.92875" lon="14.470566"><ele>410</ele></trkpt>
   <trkpt lat="48.928928" lon="14.470906"><ele>411</ele></trkpt>
   <trkpt lat="48.929136" lon="14.471248"><ele>410</ele></trkpt>
   <trkpt lat="48.929321" lon="14.471519"><ele>409</ele></trkpt>
   <trkpt lat="48.929609" lon="14.471883"><ele>409</ele></trkpt>
   <trkpt lat="48.929964" lon="14.472249"><ele>409.75</ele></trkpt>
   <trkpt lat="48.930189" lon="14.472442"><ele>408.5</ele></trkpt>
   <trkpt lat="48.930481" lon="14.472654"><ele>407.25</ele></trkpt>
   <trkpt lat="48.930625" lon="14.472745"><ele>408.75</ele></trkpt>
   <trkpt lat="48.930893" lon="14.472888"><ele>406.75</ele></trkpt>
   <trkpt lat="48.931155" lon="14.472998"><ele>408.25</ele></trkpt>
   <trkpt lat="48.931284" lon="14.473043"><ele>409</ele></trkpt>
   <trkpt lat="48.931418" lon="14.473083"><ele>408</ele></trkpt>
   <trkpt lat="48.931701" lon="14.473146"><ele>405.5</ele></trkpt>
   <trkpt lat="48.931976" lon="14.473178"><ele>405.25</ele></trkpt>
   <trkpt lat="48.932228" lon="14.473187"><ele>404.75</ele></trkpt>
   <trkpt lat="48.932506" lon="14.473184"><ele>404.75</ele></trkpt>
   <trkpt lat="48.937135" lon="14.47303"><ele>401.75</ele></trkpt>
   <trkpt lat="48.937254" lon="14.473024"><ele>401</ele></trkpt>
   <trkpt lat="48.93755" lon="14.473016"><ele>403.25</ele></trkpt>
   <trkpt lat="48.942679" lon="14.472847"><ele>399</ele></trkpt>
   <trkpt lat="48.942941" lon="14.472839"><ele>399</ele></trkpt>
   <trkpt lat="48.943542" lon="14.472819"><ele>399</ele></trkpt>
   <trkpt lat="48.943625" lon="14.472816"><ele>399</ele></trkpt>
   <trkpt lat="48.943972" lon="14.472802"><ele>398.5</ele></trkpt>
   <trkpt lat="48.94409" lon="14.472797"><ele>398.25</ele></trkpt>
   <trkpt lat="48.94712" lon="14.472696"><ele>397.25</ele></trkpt>
   <trkpt lat="48.949357" lon="14.472622"><ele>396.25</ele></trkpt>
   <trkpt lat="48.950001" lon="14.472601"><ele>396.75</ele></trkpt>
   <trkpt lat="48.950038" lon="14.4726"><ele>396.75</ele></trkpt>
   <trkpt lat="48.950072" lon="14.472598"><ele>396.5</ele></trkpt>
   <trkpt lat="48.95082" lon="14.472574"><ele>396</ele></trkpt>
   <trkpt lat="48.951621" lon="14.472545"><ele>395.75</ele></trkpt>
   <trkpt lat="48.951958" lon="14.472538"><ele>395.75</ele></trkpt>
   <trkpt lat="48.953217" lon="14.472494"><ele>395.75</ele></trkpt>
   <trkpt lat="48.953307" lon="14.472491"><ele>395.75</ele></trkpt>
   <trkpt lat="48.954324" lon="14.472458"><ele>395</ele></trkpt>
   <trkpt lat="48.954366" lon="14.472456"><ele>395</ele></trkpt>
   <trkpt lat="48.954406" lon="14.472455"><ele>395</ele></trkpt>
   <trkpt lat="48.954426" lon="14.472454"><ele>395</ele></trkpt>
   <trkpt lat="48.954467" lon="14.472452"><ele>395</ele></trkpt>
   <trkpt lat="48.955937" lon="14.472404"><ele>394.5</ele></trkpt>
   <trkpt lat="48.956139" lon="14.472405"><ele>394.5</ele></trkpt>
   <trkpt lat="48.95643" lon="14.472423"><ele>394</ele></trkpt>
   <trkpt lat="48.956709" lon="14.472474"><ele>394</ele></trkpt>
   <trkpt lat="48.956946" lon="14.472546"><ele>394</ele></trkpt>
   <trkpt lat="48.957138" lon="14.472627"><ele>394</ele></trkpt>
   <trkpt lat="48.957298" lon="14.472706"><ele>394</ele></trkpt>
   <trkpt lat="48.957452" lon="14.472797"><ele>394</ele></trkpt>
   <trkpt lat="48.957642" lon="14.472927"><ele>394</ele></trkpt>
   <trkpt lat="48.957813" lon="14.47306"><ele>394</ele></trkpt>
   <trkpt lat="48.957944" lon="14.473179"><ele>394</ele></trkpt>
   <trkpt lat="48.958113" lon="14.473348"><ele>394</ele></trkpt>
   <trkpt lat="48.958231" lon="14.473483"><ele>394</ele></trkpt>
   <trkpt lat="48.95837" lon="14.473656"><ele>394</ele></trkpt>
   <trkpt lat="48.958501" lon="14.473833"><ele>394</ele></trkpt>
   <trkpt lat="48.958626" lon="14.474026"><ele>394</ele></trkpt>
   <trkpt lat="48.958736" lon="14.474209"><ele>394</ele></trkpt>
   <trkpt lat="48.958853" lon="14.47443"><ele>394</ele></trkpt>
   <trkpt lat="48.958958" lon="14.474651"><ele>393.75</ele></trkpt>
   <trkpt lat="48.95906" lon="14.47489"><ele>393.25</ele></trkpt>
   <trkpt lat="48.959146" lon="14.475121"><ele>393</ele></trkpt>
   <trkpt lat="48.959226" lon="14.475361"><ele>393</ele></trkpt>
   <trkpt lat="48.959298" lon="14.475607"><ele>393</ele></trkpt>
   <trkpt lat="48.959352" lon="14.475821"><ele>393.5</ele></trkpt>
   <trkpt lat="48.959372" lon="14.475898"><ele>393.5</ele></trkpt>
   <trkpt lat="48.959459" lon="14.476349"><ele>392.75</ele></trkpt>
   <trkpt lat="48.959503" lon="14.476642"><ele>392.25</ele></trkpt>
   <trkpt lat="48.959542" lon="14.476951"><ele>392.25</ele></trkpt>
   <trkpt lat="48.959643" lon="14.477871"><ele>388.75</ele></trkpt>
   <trkpt lat="48.95978" lon="14.479132"><ele>389</ele></trkpt>
   <trkpt lat="48.95995" lon="14.480682"><ele>388.75</ele></trkpt>
   <trkpt lat="48.959989" lon="14.481033"><ele>390</ele></trkpt>
   <trkpt lat="48.960078" lon="14.481915"><ele>389</ele></trkpt>
   <trkpt lat="48.960215" lon="14.483173"><ele>389.5</ele></trkpt>
   <trkpt lat="48.960327" lon="14.484211"><ele>390</ele></trkpt>
   <trkpt lat="48.960334" lon="14.484281"><ele>390</ele></trkpt>
   <trkpt lat="48.960342" lon="14.484359"><ele>390</ele></trkpt>
   <trkpt lat="48.960345" lon="14.484379"><ele>390</ele></trkpt>
   <trkpt lat="48.960399" lon="14.484886"><ele>390</ele></trkpt>
   <trkpt lat="48.960778" lon="14.487945"><ele>390.75</ele></trkpt>
   <trkpt lat="48.960851" lon="14.488558"><ele>390.75</ele></trkpt>
   <trkpt lat="48.960862" lon="14.488668"><ele>390.75</ele></trkpt>
   <trkpt lat="48.960884" lon="14.489003"><ele>391</ele></trkpt>
   <trkpt lat="48.960888" lon="14.48907"><ele>391</ele></trkpt>
   <trkpt lat="48.96089" lon="14.489164"><ele>391</ele></trkpt>
   <trkpt lat="48.96089" lon="14.489696"><ele>391</ele></trkpt>
   <trkpt lat="48.960897" lon="14.490075"><ele>391</ele></trkpt>
   <trkpt lat="48.960949" lon="14.490799"><ele>391</ele></trkpt>
   <trkpt lat="48.960976" lon="14.491023"><ele>391</ele></trkpt>
   <trkpt lat="48.961018" lon="14.491247"><ele>391.25</ele></trkpt>
   <trkpt lat="48.96107" lon="14.491488"><ele>392</ele></trkpt>
   <trkpt lat="48.961146" lon="14.491748"><ele>392.25</ele></trkpt>
   <trkpt lat="48.961238" lon="14.491996"><ele>392.5</ele></trkpt>
   <trkpt lat="48.961395" lon="14.492323"><ele>392</ele></trkpt>
   <trkpt lat="48.961502" lon="14.492507"><ele>392</ele></trkpt>
   <trkpt lat="48.961737" lon="14.492832"><ele>391.75</ele></trkpt>
   <trkpt lat="48.961869" lon="14.492964"><ele>391.75</ele></trkpt>
   <trkpt lat="48.962014" lon="14.493095"><ele>391.25</ele></trkpt>
   <trkpt lat="48.962157" lon="14.493194"><ele>391.75</ele></trkpt>
   <trkpt lat="48.962314" lon="14.493289"><ele>391.5</ele></trkpt>
   <trkpt lat="48.962457" lon="14.493353"><ele>391.25</ele></trkpt>
   <trkpt lat="48.96262" lon="14.49341"><ele>391.5</ele></trkpt>
   <trkpt lat="48.9633" lon="14.493623"><ele>391.25</ele></trkpt>
   <trkpt lat="48.963337" lon="14.493634"><ele>391.25</ele></trkpt>
   <trkpt lat="48.964006" lon="14.49384"><ele>391.75</ele></trkpt>
   <trkpt lat="48.96417" lon="14.493879"><ele>391</ele></trkpt>
   <trkpt lat="48.964257" lon="14.493892"><ele>391</ele></trkpt>
   <trkpt lat="48.964366" lon="14.493895"><ele>391</ele></trkpt>
   <trkpt lat="48.964456" lon="14.49389"><ele>391</ele></trkpt>
   <trkpt lat="48.964611" lon="14.49386"><ele>392</ele></trkpt>
   <trkpt lat="48.964679" lon="14.493841"><ele>392.5</ele></trkpt>
   <trkpt lat="48.964949" lon="14.493761"><ele>393</ele></trkpt>
   <trkpt lat="48.965111" lon="14.493714"><ele>392.5</ele></trkpt>
   <trkpt lat="48.965214" lon="14.493673"><ele>391.75</ele></trkpt>
   <trkpt lat="48.965322" lon="14.49362"><ele>391</ele></trkpt>
   <trkpt lat="48.965931" lon="14.493331"><ele>391</ele></trkpt>
   <trkpt lat="48.972324" lon="14.490296"><ele>390</ele></trkpt>
   <trkpt lat="48.973106" lon="14.489924"><ele>390.75</ele></trkpt>
   <trkpt lat="48.973134" lon="14.489911"><ele>390.75</ele></trkpt>
   <trkpt lat="48.973395" lon="14.489784"><ele>391.25</ele></trkpt>
   <trkpt lat="48.975117" lon="14.488964"><ele>392</ele></trkpt>
   <trkpt lat="48.975177" lon="14.488935"><ele>392</ele></trkpt>
   <trkpt lat="48.975401" lon="14.488823"><ele>392</ele></trkpt>
   <trkpt lat="48.975531" lon="14.488747"><ele>392.5</ele></trkpt>
   <trkpt lat="48.975802" lon="14.488563"><ele>392.25</ele></trkpt>
   <trkpt lat="48.97601" lon="14.488396"><ele>392.75</ele></trkpt>
   <trkpt lat="48.976475" lon="14.48795"><ele>393</ele></trkpt>
   <trkpt lat="48.976663" lon="14.487796"><ele>393</ele></trkpt>
   <trkpt lat="48.976764" lon="14.487722"><ele>393</ele></trkpt>
   <trkpt lat="48.977061" lon="14.487532"><ele>392.75</ele></trkpt>
   <trkpt lat="48.977282" lon="14.487405"><ele>391.75</ele></trkpt>
   <trkpt lat="48.977367" lon="14.487357"><ele>392</ele></trkpt>
   <trkpt lat="48.977443" lon="14.487322"><ele>392.25</ele></trkpt>
   <trkpt lat="48.977463" lon="14.487313"><ele>392.5</ele></trkpt>
   <trkpt lat="48.977692" lon="14.487187"><ele>392.5</ele></trkpt>
   <trkpt lat="48.977782" lon="14.487129"><ele>392.25</ele></trkpt>
   <trkpt lat="48.978088" lon="14.486953"><ele>392.75</ele></trkpt>
   <trkpt lat="48.978187" lon="14.486907"><ele>392.5</ele></trkpt>
   <trkpt lat="48.978819" lon="14.486611"><ele>392.25</ele></trkpt>
   <trkpt lat="48.979155" lon="14.486452"><ele>392</ele></trkpt>
   <trkpt lat="48.980478" lon="14.485826"><ele>392.25</ele></trkpt>
   <trkpt lat="48.980739" lon="14.485708"><ele>390.5</ele></trkpt>
   <trkpt lat="48.982053" lon="14.485093"><ele>389.5</ele></trkpt>
   <trkpt lat="48.98235" lon="14.484959"><ele>389.25</ele></trkpt>
   <trkpt lat="48.982939" lon="14.484688"><ele>389.25</ele></trkpt>
   <trkpt lat="48.983073" lon="14.484618"><ele>387.75</ele></trkpt>
   <trkpt lat="48.984473" lon="14.483995"><ele>389.75</ele></trkpt>
   <trkpt lat="48.98526" lon="14.483655"><ele>389.75</ele></trkpt>
   <trkpt lat="48.985951" lon="14.483343"><ele>389.25</ele></trkpt>
   <trkpt lat="48.986399" lon="14.483142"><ele>388.5</ele></trkpt>
   <trkpt lat="48.986471" lon="14.483109"><ele>388.5</ele></trkpt>
   <trkpt lat="48.986692" lon="14.483009"><ele>388</ele></trkpt>
   <trkpt lat="48.986739" lon="14.482988"><ele>387.5</ele></trkpt>
   <trkpt lat="48.986945" lon="14.482884"><ele>387</ele></trkpt>
   <trkpt lat="48.987304" lon="14.482678"><ele>387</ele></trkpt>
   <trkpt lat="48.987476" lon="14.482591"><ele>386.25</ele></trkpt>
   <trkpt lat="48.987579" lon="14.482545"><ele>386.75</ele></trkpt>
   <trkpt lat="48.987777" lon="14.482453"><ele>388</ele></trkpt>
   <trkpt lat="48.987794" lon="14.482446"><ele>388</ele></trkpt>
   <trkpt lat="48.988349" lon="14.482193"><ele>388.5</ele></trkpt>
   <trkpt lat="48.988575" lon="14.482092"><ele>387</ele></trkpt>
   <trkpt lat="48.989284" lon="14.481778"><ele>384.25</ele></trkpt>
   <trkpt lat="48.989715" lon="14.481579"><ele>387.25</ele></trkpt>
   <trkpt lat="48.991115" lon="14.480948"><ele>387.25</ele></trkpt>
   <trkpt lat="48.993546" lon="14.479852"><ele>390.25</ele></trkpt>
   <trkpt lat="48.994489" lon="14.479426"><ele>390.75</ele></trkpt>
   <trkpt lat="48.99519" lon="14.479107"><ele>389</ele></trkpt>
   <trkpt lat="48.99578" lon="14.478844"><ele>389.5</ele></trkpt>
   <trkpt lat="48.996627" lon="14.478503"><ele>389.25</ele></trkpt>
   <trkpt lat="48.998351" lon="14.477841"><ele>389.75</ele></trkpt>
   <trkpt lat="48.999274" lon="14.477484"><ele>389.75</ele></trkpt>
   <trkpt lat="48.999689" lon="14.477336"><ele>389</ele></trkpt>
   <trkpt lat="49.000044" lon="14.47722"><ele>389.75</ele></trkpt>
   <trkpt lat="49.000564" lon="14.4771"><ele>389.5</ele></trkpt>
   <trkpt lat="49.00088" lon="14.477062"><ele>389.25</ele></trkpt>
   <trkpt lat="49.001145" lon="14.477043"><ele>389.25</ele></trkpt>
   <trkpt lat="49.001388" lon="14.477045"><ele>389.25</ele></trkpt>
   <trkpt lat="49.001823" lon="14.477086"><ele>389</ele></trkpt>
   <trkpt lat="49.002246" lon="14.477165"><ele>388.75</ele></trkpt>
   <trkpt lat="49.002608" lon="14.477258"><ele>389</ele></trkpt>
   <trkpt lat="49.003221" lon="14.477437"><ele>389.25</ele></trkpt>
   <trkpt lat="49.003295" lon="14.477458"><ele>389.5</ele></trkpt>
   <trkpt lat="49.003901" lon="14.477632"><ele>389</ele></trkpt>
   <trkpt lat="49.004061" lon="14.477678"><ele>389</ele></trkpt>
   <trkpt lat="49.004687" lon="14.477889"><ele>389</ele></trkpt>
   <trkpt lat="49.005474" lon="14.478185"><ele>389</ele></trkpt>
   <trkpt lat="49.011811" lon="14.480559"><ele>389.5</ele></trkpt>
   <trkpt lat="49.012551" lon="14.480838"><ele>389.75</ele></trkpt>
   <trkpt lat="49.013113" lon="14.481046"><ele>389.75</ele></trkpt>
   <trkpt lat="49.013282" lon="14.481108"><ele>389.75</ele></trkpt>
   <trkpt lat="49.013384" lon="14.481146"><ele>389.5</ele></trkpt>
   <trkpt lat="49.014003" lon="14.481379"><ele>388.75</ele></trkpt>
   <trkpt lat="49.014125" lon="14.481425"><ele>388.75</ele></trkpt>
   <trkpt lat="49.015417" lon="14.48191"><ele>389</ele></trkpt>
   <trkpt lat="49.015521" lon="14.481948"><ele>389.75</ele></trkpt>
   <trkpt lat="49.015964" lon="14.482113"><ele>389</ele></trkpt>
   <trkpt lat="49.017064" lon="14.482514"><ele>391</ele></trkpt>
   <trkpt lat="49.017521" lon="14.482627"><ele>391</ele></trkpt>
   <trkpt lat="49.017907" lon="14.482677"><ele>391</ele></trkpt>
   <trkpt lat="49.018202" lon="14.48268"><ele>391.25</ele></trkpt>
   <trkpt lat="49.018655" lon="14.482634"><ele>392</ele></trkpt>
   <trkpt lat="49.019119" lon="14.482528"><ele>392.75</ele></trkpt>
   <trkpt lat="49.019357" lon="14.482439"><ele>392.75</ele></trkpt>
   <trkpt lat="49.019548" lon="14.48235"><ele>393.25</ele></trkpt>
   <trkpt lat="49.019764" lon="14.482243"><ele>394</ele></trkpt>
   <trkpt lat="49.019958" lon="14.482133"><ele>393.75</ele></trkpt>
   <trkpt lat="49.021219" lon="14.48125"><ele>394</ele></trkpt>
   <trkpt lat="49.021302" lon="14.481192"><ele>394.25</ele></trkpt>
   <trkpt lat="49.021422" lon="14.481107"><ele>394.75</ele></trkpt>
   <trkpt lat="49.022006" lon="14.480695"><ele>394.75</ele></trkpt>
   <trkpt lat="49.023683" lon="14.479509"><ele>395</ele></trkpt>
   <trkpt lat="49.024073" lon="14.479198"><ele>396.5</ele></trkpt>
   <trkpt lat="49.024471" lon="14.478812"><ele>397</ele></trkpt>
   <trkpt lat="49.024615" lon="14.478653"><ele>396.75</ele></trkpt>
   <trkpt lat="49.024771" lon="14.478462"><ele>397</ele></trkpt>
   <trkpt lat="49.024969" lon="14.478203"><ele>397.25</ele></trkpt>
   <trkpt lat="49.025135" lon="14.477958"><ele>396.5</ele></trkpt>
   <trkpt lat="49.025303" lon="14.477693"><ele>398</ele></trkpt>
   <trkpt lat="49.025454" lon="14.47743"><ele>397.25</ele></trkpt>
   <trkpt lat="49.025757" lon="14.476819"><ele>398.5</ele></trkpt>
   <trkpt lat="49.02595" lon="14.476387"><ele>397</ele></trkpt>
   <trkpt lat="49.026061" lon="14.476147"><ele>399.5</ele></trkpt>
   <trkpt lat="49.026469" lon="14.475253"><ele>399</ele></trkpt>
   <trkpt lat="49.027205" lon="14.473609"><ele>402.5</ele></trkpt>
   <trkpt lat="49.02789" lon="14.472133"><ele>402.5</ele></trkpt>
   <trkpt lat="49.028033" lon="14.471871"><ele>403</ele></trkpt>
   <trkpt lat="49.028198" lon="14.471584"><ele>403.5</ele></trkpt>
   <trkpt lat="49.028357" lon="14.47133"><ele>404.75</ele></trkpt>
   <trkpt lat="49.028682" lon="14.470898"><ele>406</ele></trkpt>
   <trkpt lat="49.029496" lon="14.469923"><ele>406.5</ele></trkpt>
   <trkpt lat="49.030017" lon="14.469323"><ele>406.25</ele></trkpt>
   <trkpt lat="49.03033" lon="14.469026"><ele>407</ele></trkpt>
   <trkpt lat="49.030459" lon="14.468914"><ele>407.5</ele></trkpt>
   <trkpt lat="49.030636" lon="14.468779"><ele>408.25</ele></trkpt>
   <trkpt lat="49.030937" lon="14.468594"><ele>408.5</ele></trkpt>
   <trkpt lat="49.031301" lon="14.468416"><ele>408.5</ele></trkpt>
   <trkpt lat="49.031647" lon="14.468283"><ele>404.75</ele></trkpt>
   <trkpt lat="49.031706" lon="14.468262"><ele>405.25</ele></trkpt>
   <trkpt lat="49.033033" lon="14.46784"><ele>412.25</ele></trkpt>
   <trkpt lat="49.033377" lon="14.467676"><ele>407.75</ele></trkpt>
   <trkpt lat="49.033703" lon="14.467505"><ele>407.25</ele></trkpt>
   <trkpt lat="49.033925" lon="14.467369"><ele>410.5</ele></trkpt>
   <trkpt lat="49.034215" lon="14.467165"><ele>412.5</ele></trkpt>
   <trkpt lat="49.034455" lon="14.466969"><ele>413.5</ele></trkpt>
   <trkpt lat="49.034671" lon="14.46676"><ele>413.25</ele></trkpt>
   <trkpt lat="49.034897" lon="14.466519"><ele>414</ele></trkpt>
   <trkpt lat="49.034975" lon="14.466429"><ele>414</ele></trkpt>
   <trkpt lat="49.035102" lon="14.466283"><ele>412.5</ele></trkpt>
   <trkpt lat="49.03598" lon="14.465223"><ele>413.5</ele></trkpt>
   <trkpt lat="49.038948" lon="14.461651"><ele>416.75</ele></trkpt>
   <trkpt lat="49.04022" lon="14.460125"><ele>420.75</ele></trkpt>
   <trkpt lat="49.040488" lon="14.459815"><ele>422</ele></trkpt>
   <trkpt lat="49.04074" lon="14.459537"><ele>423.75</ele></trkpt>
   <trkpt lat="49.041076" lon="14.459261"><ele>423.5</ele></trkpt>
   <trkpt lat="49.041399" lon="14.45903"><ele>425</ele></trkpt>
   <trkpt lat="49.041743" lon="14.458828"><ele>426.5</ele></trkpt>
   <trkpt lat="49.042063" lon="14.458672"><ele>426.25</ele></trkpt>
   <trkpt lat="49.043277" lon="14.458148"><ele>428.75</ele></trkpt>
   <trkpt lat="49.04361" lon="14.457977"><ele>429.75</ele></trkpt>
   <trkpt lat="49.043801" lon="14.457862"><ele>429.5</ele></trkpt>
   <trkpt lat="49.044149" lon="14.457612"><ele>426.25</ele></trkpt>
   <trkpt lat="49.044499" lon="14.457301"><ele>422.5</ele></trkpt>
   <trkpt lat="49.044998" lon="14.45679"><ele>428.25</ele></trkpt>
   <trkpt lat="49.04569" lon="14.456062"><ele>424.5</ele></trkpt>
   <trkpt lat="49.045753" lon="14.455995"><ele>424.25</ele></trkpt>
   <trkpt lat="49.045892" lon="14.455857"><ele>427.5</ele></trkpt>
   <trkpt lat="49.046032" lon="14.455733"><ele>426.75</ele></trkpt>
   <trkpt lat="49.046363" lon="14.455475"><ele>428.75</ele></trkpt>
   <trkpt lat="49.046511" lon="14.455389"><ele>431.75</ele></trkpt>
   <trkpt lat="49.046654" lon="14.455313"><ele>432.75</ele></trkpt>
   <trkpt lat="49.04688" lon="14.455215"><ele>436.25</ele></trkpt>
   <trkpt lat="49.047045" lon="14.455157"><ele>438.25</ele></trkpt>
   <trkpt lat="49.047343" lon="14.455087"><ele>438</ele></trkpt>
   <trkpt lat="49.047484" lon="14.455069"><ele>437.25</ele></trkpt>
   <trkpt lat="49.04765" lon="14.45506"><ele>437</ele></trkpt>
   <trkpt lat="49.047818" lon="14.455059"><ele>437.25</ele></trkpt>
   <trkpt lat="49.048048" lon="14.455079"><ele>438.25</ele></trkpt>
   <trkpt lat="49.048246" lon="14.455118"><ele>440.25</ele></trkpt>
   <trkpt lat="49.048587" lon="14.455227"><ele>438.75</ele></trkpt>
   <trkpt lat="49.048894" lon="14.455376"><ele>439</ele></trkpt>
   <trkpt lat="49.049164" lon="14.455547"><ele>435.25</ele></trkpt>
   <trkpt lat="49.049434" lon="14.455759"><ele>436</ele></trkpt>
   <trkpt lat="49.04969" lon="14.455999"><ele>434.25</ele></trkpt>
   <trkpt lat="49.04986" lon="14.456203"><ele>435.5</ele></trkpt>
   <trkpt lat="49.050001" lon="14.456399"><ele>435</ele></trkpt>
   <trkpt lat="49.050196" lon="14.456691"><ele>436.75</ele></trkpt>
   <trkpt lat="49.050389" lon="14.457029"><ele>437</ele></trkpt>
   <trkpt lat="49.050564" lon="14.457383"><ele>436.5</ele></trkpt>
   <trkpt lat="49.050696" lon="14.457723"><ele>439.5</ele></trkpt>
   <trkpt lat="49.050811" lon="14.458074"><ele>438.75</ele></trkpt>
   <trkpt lat="49.050924" lon="14.458505"><ele>442.25</ele></trkpt>
   <trkpt lat="49.050993" lon="14.458841"><ele>444</ele></trkpt>
   <trkpt lat="49.051057" lon="14.459221"><ele>441.25</ele></trkpt>
   <trkpt lat="49.051092" lon="14.459535"><ele>439.25</ele></trkpt>
   <trkpt lat="49.051115" lon="14.459808"><ele>437.5</ele></trkpt>
   <trkpt lat="49.051131" lon="14.460249"><ele>436</ele></trkpt>
   <trkpt lat="49.051118" lon="14.460629"><ele>435.5</ele></trkpt>
   <trkpt lat="49.051094" lon="14.460981"><ele>435.25</ele></trkpt>
   <trkpt lat="49.051021" lon="14.461588"><ele>431.5</ele></trkpt>
   <trkpt lat="49.051016" lon="14.461627"><ele>431.75</ele></trkpt>
   <trkpt lat="49.050958" lon="14.46207"><ele>432.75</ele></trkpt>
   <trkpt lat="49.050801" lon="14.46294"><ele>437.75</ele></trkpt>
   <trkpt lat="49.050733" lon="14.463465"><ele>437.75</ele></trkpt>
   <trkpt lat="49.050396" lon="14.466021"><ele>439.5</ele></trkpt>
   <trkpt lat="49.050293" lon="14.466864"><ele>438.75</ele></trkpt>
   <trkpt lat="49.049997" lon="14.469138"><ele>440.25</ele></trkpt>
   <trkpt lat="49.049913" lon="14.469776"><ele>444.5</ele></trkpt>
   <trkpt lat="49.049789" lon="14.470547"><ele>445.25</ele></trkpt>
   <trkpt lat="49.049669" lon="14.471058"><ele>443.25</ele></trkpt>
   <trkpt lat="49.049507" lon="14.471593"><ele>443.5</ele></trkpt>
   <trkpt lat="49.049308" lon="14.472127"><ele>442.75</ele></trkpt>
   <trkpt lat="49.049098" lon="14.472597"><ele>442</ele></trkpt>
   <trkpt lat="49.048875" lon="14.473026"><ele>442.5</ele></trkpt>
   <trkpt lat="49.048435" lon="14.473821"><ele>441.5</ele></trkpt>
   <trkpt lat="49.048161" lon="14.474349"><ele>442.75</ele></trkpt>
   <trkpt lat="49.047941" lon="14.474745"><ele>447</ele></trkpt>
   <trkpt lat="49.047653" lon="14.475225"><ele>450.5</ele></trkpt>
   <trkpt lat="49.047637" lon="14.47525"><ele>450.5</ele></trkpt>
   <trkpt lat="49.047127" lon="14.476081"><ele>453.5</ele></trkpt>
   <trkpt lat="49.046857" lon="14.47654"><ele>451</ele></trkpt>
   <trkpt lat="49.046696" lon="14.476846"><ele>449.25</ele></trkpt>
   <trkpt lat="49.04644" lon="14.477422"><ele>447.25</ele></trkpt>
   <trkpt lat="49.046381" lon="14.477564"><ele>446.75</ele></trkpt>
   <trkpt lat="49.046248" lon="14.477928"><ele>444.75</ele></trkpt>
   <trkpt lat="49.046157" lon="14.478239"><ele>445.75</ele></trkpt>
   <trkpt lat="49.046057" lon="14.47863"><ele>443.25</ele></trkpt>
   <trkpt lat="49.045901" lon="14.479474"><ele>447.25</ele></trkpt>
   <trkpt lat="49.045828" lon="14.480006"><ele>450.25</ele></trkpt>
   <trkpt lat="49.045504" lon="14.483168"><ele>453.5</ele></trkpt>
   <trkpt lat="49.045446" lon="14.483971"><ele>450.5</ele></trkpt>
   <trkpt lat="49.045442" lon="14.484374"><ele>447.75</ele></trkpt>
   <trkpt lat="49.045449" lon="14.484698"><ele>445.5</ele></trkpt>
   <trkpt lat="49.045478" lon="14.485145"><ele>446.75</ele></trkpt>
   <trkpt lat="49.045522" lon="14.485587"><ele>450.75</ele></trkpt>
   <trkpt lat="49.045582" lon="14.486002"><ele>454.5</ele></trkpt>
   <trkpt lat="49.045677" lon="14.486438"><ele>458</ele></trkpt>
   <trkpt lat="49.045788" lon="14.486873"><ele>458.75</ele></trkpt>
   <trkpt lat="49.04593" lon="14.487318"><ele>461.75</ele></trkpt>
   <trkpt lat="49.046039" lon="14.487619"><ele>462.25</ele></trkpt>
   <trkpt lat="49.046094" lon="14.487771"><ele>458.75</ele></trkpt>
   <trkpt lat="49.046259" lon="14.488157"><ele>460.75</ele></trkpt>
   <trkpt lat="49.047161" lon="14.490001"><ele>455.25</ele></trkpt>
   <trkpt lat="49.047626" lon="14.49074"><ele>457.5</ele></trkpt>
   <trkpt lat="49.047864" lon="14.491061"><ele>460.5</ele></trkpt>
   <trkpt lat="49.048096" lon="14.491303"><ele>461.25</ele></trkpt>
   <trkpt lat="49.048289" lon="14.491475"><ele>461</ele></trkpt>
   <trkpt lat="49.048532" lon="14.491661"><ele>460</ele></trkpt>
   <trkpt lat="49.04914" lon="14.492045"><ele>455.75</ele></trkpt>
   <trkpt lat="49.05135" lon="14.493327"><ele>461</ele></trkpt>
   <trkpt lat="49.0517" lon="14.493549"><ele>459.5</ele></trkpt>
   <trkpt lat="49.051795" lon="14.493621"><ele>461.25</ele></trkpt>
   <trkpt lat="49.05205" lon="14.493813"><ele>463</ele></trkpt>
   <trkpt lat="49.052451" lon="14.494191"><ele>463</ele></trkpt>
   <trkpt lat="49.053033" lon="14.494765"><ele>464</ele></trkpt>
   <trkpt lat="49.053633" lon="14.495405"><ele>467.75</ele></trkpt>
   <trkpt lat="49.05387" lon="14.495696"><ele>467</ele></trkpt>
   <trkpt lat="49.054077" lon="14.495966"><ele>466.5</ele></trkpt>
   <trkpt lat="49.054301" lon="14.496309"><ele>465.5</ele></trkpt>
   <trkpt lat="49.054493" lon="14.496648"><ele>466.25</ele></trkpt>
   <trkpt lat="49.054636" lon="14.496944"><ele>466.25</ele></trkpt>
   <trkpt lat="49.054814" lon="14.497386"><ele>468</ele></trkpt>
   <trkpt lat="49.054969" lon="14.497802"><ele>467.25</ele></trkpt>
   <trkpt lat="49.055105" lon="14.498272"><ele>467.5</ele></trkpt>
   <trkpt lat="49.05522" lon="14.498785"><ele>468.25</ele></trkpt>
   <trkpt lat="49.055324" lon="14.499309"><ele>468.25</ele></trkpt>
   <trkpt lat="49.055497" lon="14.500583"><ele>470</ele></trkpt>
   <trkpt lat="49.055644" lon="14.501441"><ele>474</ele></trkpt>
   <trkpt lat="49.055789" lon="14.502165"><ele>472.75</ele></trkpt>
   <trkpt lat="49.055906" lon="14.502594"><ele>470.25</ele></trkpt>
   <trkpt lat="49.056052" lon="14.503051"><ele>471</ele></trkpt>
   <trkpt lat="49.056227" lon="14.503455"><ele>467.5</ele></trkpt>
   <trkpt lat="49.05638" lon="14.503763"><ele>469.25</ele></trkpt>
   <trkpt lat="49.056545" lon="14.504022"><ele>466.5</ele></trkpt>
   <trkpt lat="49.056697" lon="14.504226"><ele>469.25</ele></trkpt>
   <trkpt lat="49.056878" lon="14.504457"><ele>468.5</ele></trkpt>
   <trkpt lat="49.057167" lon="14.504752"><ele>469</ele></trkpt>
   <trkpt lat="49.057395" lon="14.504953"><ele>468.75</ele></trkpt>
   <trkpt lat="49.057594" lon="14.505094"><ele>469</ele></trkpt>
   <trkpt lat="49.057718" lon="14.505172"><ele>469</ele></trkpt>
   <trkpt lat="49.057952" lon="14.505297"><ele>471.25</ele></trkpt>
   <trkpt lat="49.058079" lon="14.505356"><ele>471.25</ele></trkpt>
   <trkpt lat="49.058514" lon="14.505494"><ele>474.25</ele></trkpt>
   <trkpt lat="49.0593" lon="14.505671"><ele>479</ele></trkpt>
   <trkpt lat="49.059617" lon="14.505754"><ele>479.75</ele></trkpt>
   <trkpt lat="49.059851" lon="14.505836"><ele>478</ele></trkpt>
   <trkpt lat="49.060049" lon="14.505928"><ele>477.75</ele></trkpt>
   <trkpt lat="49.060211" lon="14.506022"><ele>478</ele></trkpt>
   <trkpt lat="49.060401" lon="14.506154"><ele>477.5</ele></trkpt>
   <trkpt lat="49.060645" lon="14.506352"><ele>478.5</ele></trkpt>
   <trkpt lat="49.060973" lon="14.506679"><ele>479.5</ele></trkpt>
   <trkpt lat="49.061181" lon="14.506927"><ele>480.75</ele></trkpt>
   <trkpt lat="49.061297" lon="14.507088"><ele>481.25</ele></trkpt>
   <trkpt lat="49.061487" lon="14.507387"><ele>482.75</ele></trkpt>
   <trkpt lat="49.061583" lon="14.507563"><ele>482</ele></trkpt>
   <trkpt lat="49.061719" lon="14.507839"><ele>481.5</ele></trkpt>
   <trkpt lat="49.061819" lon="14.508073"><ele>483.25</ele></trkpt>
   <trkpt lat="49.061896" lon="14.508282"><ele>481.25</ele></trkpt>
   <trkpt lat="49.062002" lon="14.508598"><ele>482.75</ele></trkpt>
   <trkpt lat="49.062142" lon="14.509081"><ele>482.25</ele></trkpt>
   <trkpt lat="49.062511" lon="14.510471"><ele>480.75</ele></trkpt>
   <trkpt lat="49.062643" lon="14.510889"><ele>480.75</ele></trkpt>
   <trkpt lat="49.062735" lon="14.511138"><ele>481.25</ele></trkpt>
   <trkpt lat="49.062834" lon="14.511373"><ele>480.5</ele></trkpt>
   <trkpt lat="49.062897" lon="14.511513"><ele>481</ele></trkpt>
   <trkpt lat="49.063042" lon="14.511793"><ele>482.5</ele></trkpt>
   <trkpt lat="49.063205" lon="14.512083"><ele>482.25</ele></trkpt>
   <trkpt lat="49.063518" lon="14.512544"><ele>482</ele></trkpt>
   <trkpt lat="49.063696" lon="14.512758"><ele>480.75</ele></trkpt>
   <trkpt lat="49.063848" lon="14.512922"><ele>481</ele></trkpt>
   <trkpt lat="49.064017" lon="14.513087"><ele>481.25</ele></trkpt>
   <trkpt lat="49.06413" lon="14.513182"><ele>481.25</ele></trkpt>
   <trkpt lat="49.064274" lon="14.513303"><ele>482</ele></trkpt>
   <trkpt lat="49.064536" lon="14.513476"><ele>484.5</ele></trkpt>
   <trkpt lat="49.064715" lon="14.513577"><ele>485.5</ele></trkpt>
   <trkpt lat="49.064904" lon="14.513669"><ele>486</ele></trkpt>
   <trkpt lat="49.065097" lon="14.513745"><ele>487.5</ele></trkpt>
   <trkpt lat="49.065313" lon="14.513811"><ele>489</ele></trkpt>
   <trkpt lat="49.065526" lon="14.513866"><ele>489</ele></trkpt>
   <trkpt lat="49.065728" lon="14.513892"><ele>487</ele></trkpt>
   <trkpt lat="49.065894" lon="14.5139"><ele>486.25</ele></trkpt>
   <trkpt lat="49.066106" lon="14.513896"><ele>486</ele></trkpt>
   <trkpt lat="49.066307" lon="14.513876"><ele>487.25</ele></trkpt>
   <trkpt lat="49.066493" lon="14.513842"><ele>487.25</ele></trkpt>
   <trkpt lat="49.066693" lon="14.513789"><ele>486.25</ele></trkpt>
   <trkpt lat="49.066787" lon="14.513755"><ele>486</ele></trkpt>
   <trkpt lat="49.066948" lon="14.513692"><ele>486.5</ele></trkpt>
   <trkpt lat="49.067194" lon="14.513571"><ele>485.75</ele></trkpt>
   <trkpt lat="49.067333" lon="14.513492"><ele>487</ele></trkpt>
   <trkpt lat="49.067514" lon="14.513372"><ele>488.5</ele></trkpt>
   <trkpt lat="49.067696" lon="14.513237"><ele>490</ele></trkpt>
   <trkpt lat="49.067883" lon="14.513072"><ele>490.5</ele></trkpt>
   <trkpt lat="49.06805" lon="14.512908"><ele>491.25</ele></trkpt>
   <trkpt lat="49.068263" lon="14.512665"><ele>490.75</ele></trkpt>
   <trkpt lat="49.068415" lon="14.512479"><ele>488.5</ele></trkpt>
   <trkpt lat="49.068788" lon="14.51198"><ele>486.25</ele></trkpt>
   <trkpt lat="49.070711" lon="14.509382"><ele>491.5</ele></trkpt>
   <trkpt lat="49.07095" lon="14.509053"><ele>491.25</ele></trkpt>
   <trkpt lat="49.071286" lon="14.508638"><ele>492.5</ele></trkpt>
   <trkpt lat="49.07143" lon="14.508492"><ele>493.5</ele></trkpt>
   <trkpt lat="49.071563" lon="14.508368"><ele>494</ele></trkpt>
   <trkpt lat="49.071734" lon="14.508233"><ele>494.25</ele></trkpt>
   <trkpt lat="49.071921" lon="14.508104"><ele>494.25</ele></trkpt>
   <trkpt lat="49.072287" lon="14.507903"><ele>496.25</ele></trkpt>
   <trkpt lat="49.072692" lon="14.507763"><ele>497</ele></trkpt>
   <trkpt lat="49.07289" lon="14.507721"><ele>498</ele></trkpt>
   <trkpt lat="49.073065" lon="14.507704"><ele>498.25</ele></trkpt>
   <trkpt lat="49.073265" lon="14.507693"><ele>499.25</ele></trkpt>
   <trkpt lat="49.073456" lon="14.5077"><ele>500</ele></trkpt>
   <trkpt lat="49.073639" lon="14.507723"><ele>500.25</ele></trkpt>
   <trkpt lat="49.073827" lon="14.507765"><ele>497.25</ele></trkpt>
   <trkpt lat="49.074007" lon="14.507819"><ele>498.75</ele></trkpt>
   <trkpt lat="49.07417" lon="14.507883"><ele>501.25</ele></trkpt>
   <trkpt lat="49.07431" lon="14.507943"><ele>501.75</ele></trkpt>
   <trkpt lat="49.074454" lon="14.508022"><ele>498.75</ele></trkpt>
   <trkpt lat="49.074656" lon="14.508155"><ele>501.75</ele></trkpt>
   <trkpt lat="49.074814" lon="14.508272"><ele>503.5</ele></trkpt>
   <trkpt lat="49.074972" lon="14.508401"><ele>501.5</ele></trkpt>
   <trkpt lat="49.075249" lon="14.508647"><ele>500.5</ele></trkpt>
   <trkpt lat="49.076268" lon="14.509573"><ele>499</ele></trkpt>
   <trkpt lat="49.076608" lon="14.509906"><ele>498.75</ele></trkpt>
   <trkpt lat="49.076797" lon="14.510118"><ele>495.5</ele></trkpt>
   <trkpt lat="49.076949" lon="14.510312"><ele>499.5</ele></trkpt>
   <trkpt lat="49.077125" lon="14.510556"><ele>499.25</ele></trkpt>
   <trkpt lat="49.077263" lon="14.510771"><ele>500.5</ele></trkpt>
   <trkpt lat="49.077355" lon="14.510931"><ele>500.5</ele></trkpt>
   <trkpt lat="49.077545" lon="14.511288"><ele>502.5</ele></trkpt>
   <trkpt lat="49.07777" lon="14.511787"><ele>502.75</ele></trkpt>
   <trkpt lat="49.077959" lon="14.51231"><ele>506</ele></trkpt>
   <trkpt lat="49.07813" lon="14.512873"><ele>507</ele></trkpt>
   <trkpt lat="49.078263" lon="14.513564"><ele>506.5</ele></trkpt>
   <trkpt lat="49.07834" lon="14.514112"><ele>503.75</ele></trkpt>
   <trkpt lat="49.078391" lon="14.514753"><ele>506.5</ele></trkpt>
   <trkpt lat="49.078398" lon="14.514964"><ele>507</ele></trkpt>
   <trkpt lat="49.078398" lon="14.515456"><ele>507.75</ele></trkpt>
   <trkpt lat="49.078372" lon="14.515907"><ele>506.75</ele></trkpt>
   <trkpt lat="49.078335" lon="14.516293"><ele>505.25</ele></trkpt>
   <trkpt lat="49.07829" lon="14.516637"><ele>505.5</ele></trkpt>
   <trkpt lat="49.078189" lon="14.517184"><ele>505.5</ele></trkpt>
   <trkpt lat="49.078045" lon="14.517753"><ele>506</ele></trkpt>
   <trkpt lat="49.077696" lon="14.518962"><ele>503.75</ele></trkpt>
   <trkpt lat="49.077677" lon="14.519034"><ele>503.25</ele></trkpt>
   <trkpt lat="49.077579" lon="14.519419"><ele>504.25</ele></trkpt>
   <trkpt lat="49.077554" lon="14.519542"><ele>504.5</ele></trkpt>
   <trkpt lat="49.077433" lon="14.520035"><ele>503</ele></trkpt>
   <trkpt lat="49.077423" lon="14.520071"><ele>503</ele></trkpt>
   <trkpt lat="49.077214" lon="14.520802"><ele>505</ele></trkpt>
   <trkpt lat="49.077115" lon="14.521225"><ele>502.25</ele></trkpt>
   <trkpt lat="49.077076" lon="14.521442"><ele>502.75</ele></trkpt>
   <trkpt lat="49.077023" lon="14.521768"><ele>503.5</ele></trkpt>
   <trkpt lat="49.076997" lon="14.522002"><ele>504.25</ele></trkpt>
   <trkpt lat="49.076966" lon="14.522381"><ele>505.25</ele></trkpt>
   <trkpt lat="49.07696" lon="14.522597"><ele>505.25</ele></trkpt>
   <trkpt lat="49.07696" lon="14.522967"><ele>505.5</ele></trkpt>
   <trkpt lat="49.076989" lon="14.523505"><ele>504.5</ele></trkpt>
   <trkpt lat="49.07703" lon="14.523858"><ele>504.25</ele></trkpt>
   <trkpt lat="49.077065" lon="14.524076"><ele>504.25</ele></trkpt>
   <trkpt lat="49.077134" lon="14.524438"><ele>504.25</ele></trkpt>
   <trkpt lat="49.077228" lon="14.52482"><ele>505.75</ele></trkpt>
   <trkpt lat="49.077346" lon="14.525197"><ele>506.5</ele></trkpt>
   <trkpt lat="49.077471" lon="14.525543"><ele>506</ele></trkpt>
   <trkpt lat="49.077762" lon="14.52629"><ele>506</ele></trkpt>
   <trkpt lat="49.078074" lon="14.527076"><ele>506</ele></trkpt>
   <trkpt lat="49.078287" lon="14.527665"><ele>506.25</ele></trkpt>
   <trkpt lat="49.078391" lon="14.527996"><ele>505.25</ele></trkpt>
   <trkpt lat="49.078473" lon="14.528311"><ele>504.75</ele></trkpt>
   <trkpt lat="49.078542" lon="14.528626"><ele>506</ele></trkpt>
   <trkpt lat="49.078602" lon="14.52894"><ele>506</ele></trkpt>
   <trkpt lat="49.078658" lon="14.52932"><ele>505</ele></trkpt>
   <trkpt lat="49.078699" lon="14.529629"><ele>504</ele></trkpt>
   <trkpt lat="49.078736" lon="14.530005"><ele>503.75</ele></trkpt>
   <trkpt lat="49.078752" lon="14.530328"><ele>503.25</ele></trkpt>
   <trkpt lat="49.078758" lon="14.530647"><ele>503.25</ele></trkpt>
   <trkpt lat="49.078756" lon="14.531017"><ele>503.5</ele></trkpt>
   <trkpt lat="49.078686" lon="14.533415"><ele>504.5</ele></trkpt>
   <trkpt lat="49.078662" lon="14.534215"><ele>504</ele></trkpt>
   <trkpt lat="49.078646" lon="14.534439"><ele>504</ele></trkpt>
   <trkpt lat="49.078585" lon="14.535192"><ele>501</ele></trkpt>
   <trkpt lat="49.078585" lon="14.535223"><ele>500.75</ele></trkpt>
   <trkpt lat="49.078584" lon="14.535254"><ele>500.25</ele></trkpt>
   <trkpt lat="49.078578" lon="14.535559"><ele>496.25</ele></trkpt>
   <trkpt lat="49.078536" lon="14.537334"><ele>503.25</ele></trkpt>
   <trkpt lat="49.078541" lon="14.537618"><ele>501.75</ele></trkpt>
   <trkpt lat="49.078558" lon="14.537959"><ele>500.25</ele></trkpt>
   <trkpt lat="49.078589" lon="14.538304"><ele>501.5</ele></trkpt>
   <trkpt lat="49.078626" lon="14.538622"><ele>501.5</ele></trkpt>
   <trkpt lat="49.078711" lon="14.539138"><ele>497.25</ele></trkpt>
   <trkpt lat="49.078791" lon="14.5395"><ele>496</ele></trkpt>
   <trkpt lat="49.078868" lon="14.539783"><ele>499.5</ele></trkpt>
   <trkpt lat="49.078975" lon="14.540142"><ele>496.25</ele></trkpt>
   <trkpt lat="49.079072" lon="14.540427"><ele>495.25</ele></trkpt>
   <trkpt lat="49.079298" lon="14.540975"><ele>496.25</ele></trkpt>
   <trkpt lat="49.079419" lon="14.541223"><ele>498.25</ele></trkpt>
   <trkpt lat="49.079561" lon="14.541492"><ele>497.5</ele></trkpt>
   <trkpt lat="49.079678" lon="14.541691"><ele>499</ele></trkpt>
   <trkpt lat="49.079862" lon="14.541972"><ele>499</ele></trkpt>
   <trkpt lat="49.080024" lon="14.542189"><ele>500.5</ele></trkpt>
   <trkpt lat="49.080186" lon="14.542394"><ele>500.5</ele></trkpt>
   <trkpt lat="49.080573" lon="14.542823"><ele>500.5</ele></trkpt>
   <trkpt lat="49.082118" lon="14.544468"><ele>496</ele></trkpt>
   <trkpt lat="49.082208" lon="14.544562"><ele>496</ele></trkpt>
   <trkpt lat="49.083467" lon="14.545892"><ele>497.25</ele></trkpt>
   <trkpt lat="49.087232" lon="14.54987"><ele>497.25</ele></trkpt>
   <trkpt lat="49.088584" lon="14.551303"><ele>493.25</ele></trkpt>
   <trkpt lat="49.089012" lon="14.551776"><ele>492.75</ele></trkpt>
   <trkpt lat="49.089368" lon="14.552192"><ele>491.5</ele></trkpt>
   <trkpt lat="49.089643" lon="14.552569"><ele>491.25</ele></trkpt>
   <trkpt lat="49.089929" lon="14.553012"><ele>491</ele></trkpt>
   <trkpt lat="49.09016" lon="14.553439"><ele>491</ele></trkpt>
   <trkpt lat="49.090405" lon="14.553974"><ele>490.75</ele></trkpt>
   <trkpt lat="49.090622" lon="14.554553"><ele>489.75</ele></trkpt>
   <trkpt lat="49.090798" lon="14.555123"><ele>489.5</ele></trkpt>
   <trkpt lat="49.09094" lon="14.555714"><ele>488.5</ele></trkpt>
   <trkpt lat="49.091057" lon="14.556352"><ele>487</ele></trkpt>
   <trkpt lat="49.091125" lon="14.556848"><ele>486.75</ele></trkpt>
   <trkpt lat="49.091236" lon="14.557808"><ele>481.75</ele></trkpt>
   <trkpt lat="49.091299" lon="14.558378"><ele>480</ele></trkpt>
   <trkpt lat="49.091501" lon="14.560254"><ele>482</ele></trkpt>
   <trkpt lat="49.091686" lon="14.561904"><ele>483.5</ele></trkpt>
   <trkpt lat="49.091739" lon="14.562277"><ele>484.75</ele></trkpt>
   <trkpt lat="49.091793" lon="14.562607"><ele>485</ele></trkpt>
   <trkpt lat="49.091858" lon="14.562932"><ele>484.5</ele></trkpt>
   <trkpt lat="49.09201" lon="14.563562"><ele>481.5</ele></trkpt>
   <trkpt lat="49.092112" lon="14.563925"><ele>481.25</ele></trkpt>
   <trkpt lat="49.092219" lon="14.564242"><ele>479.75</ele></trkpt>
   <trkpt lat="49.092337" lon="14.564547"><ele>479</ele></trkpt>
   <trkpt lat="49.092482" lon="14.564893"><ele>479.25</ele></trkpt>
   <trkpt lat="49.092634" lon="14.565225"><ele>477</ele></trkpt>
   <trkpt lat="49.093137" lon="14.566224"><ele>475.5</ele></trkpt>
   <trkpt lat="49.093282" lon="14.566509"><ele>475</ele></trkpt>
   <trkpt lat="49.093722" lon="14.567368"><ele>476.25</ele></trkpt>
   <trkpt lat="49.093745" lon="14.567413"><ele>476</ele></trkpt>
   <trkpt lat="49.094037" lon="14.568007"><ele>476</ele></trkpt>
   <trkpt lat="49.094217" lon="14.5684"><ele>476.25</ele></trkpt>
   <trkpt lat="49.094463" lon="14.569003"><ele>476</ele></trkpt>
   <trkpt lat="49.094548" lon="14.569192"><ele>475.25</ele></trkpt>
   <trkpt lat="49.09467" lon="14.569442"><ele>475.5</ele></trkpt>
   <trkpt lat="49.097448" lon="14.574844"><ele>474.25</ele></trkpt>
   <trkpt lat="49.097656" lon="14.575265"><ele>474.5</ele></trkpt>
   <trkpt lat="49.097763" lon="14.575472"><ele>474.25</ele></trkpt>
   <trkpt lat="49.098107" lon="14.576148"><ele>474.25</ele></trkpt>
   <trkpt lat="49.098138" lon="14.576206"><ele>474.25</ele></trkpt>
   <trkpt lat="49.098412" lon="14.576667"><ele>474.5</ele></trkpt>
   <trkpt lat="49.098586" lon="14.576971"><ele>474</ele></trkpt>
   <trkpt lat="49.098617" lon="14.577031"><ele>474.25</ele></trkpt>
   <trkpt lat="49.09864" lon="14.577075"><ele>474.25</ele></trkpt>
   <trkpt lat="49.098803" lon="14.577364"><ele>474.25</ele></trkpt>
   <trkpt lat="49.098911" lon="14.57753"><ele>474</ele></trkpt>
   <trkpt lat="49.099072" lon="14.577812"><ele>474.25</ele></trkpt>
   <trkpt lat="49.099256" lon="14.578173"><ele>474.25</ele></trkpt>
   <trkpt lat="49.099263" lon="14.578186"><ele>474.25</ele></trkpt>
   <trkpt lat="49.099314" lon="14.578286"><ele>474.5</ele></trkpt>
   <trkpt lat="49.099362" lon="14.578376"><ele>474.5</ele></trkpt>
   <trkpt lat="49.099456" lon="14.578576"><ele>474</ele></trkpt>
   <trkpt lat="49.099625" lon="14.57898"><ele>474.25</ele></trkpt>
   <trkpt lat="49.099722" lon="14.579186"><ele>473.75</ele></trkpt>
   <trkpt lat="49.099741" lon="14.579223"><ele>474</ele></trkpt>
   <trkpt lat="49.09996" lon="14.579647"><ele>473.25</ele></trkpt>
   <trkpt lat="49.100245" lon="14.580166"><ele>473.25</ele></trkpt>
   <trkpt lat="49.100553" lon="14.580642"><ele>472.5</ele></trkpt>
   <trkpt lat="49.100703" lon="14.58085"><ele>472.25</ele></trkpt>
   <trkpt lat="49.10088" lon="14.581068"><ele>471.25</ele></trkpt>
   <trkpt lat="49.101047" lon="14.58126"><ele>471.5</ele></trkpt>
   <trkpt lat="49.101211" lon="14.58143"><ele>472</ele></trkpt>
   <trkpt lat="49.101389" lon="14.581602"><ele>471.25</ele></trkpt>
   <trkpt lat="49.101588" lon="14.581771"><ele>471.25</ele></trkpt>
   <trkpt lat="49.101772" lon="14.581916"><ele>471</ele></trkpt>
   <trkpt lat="49.101977" lon="14.582055"><ele>471</ele></trkpt>
   <trkpt lat="49.102206" lon="14.5822"><ele>471</ele></trkpt>
   <trkpt lat="49.10242" lon="14.582323"><ele>471</ele></trkpt>
   <trkpt lat="49.102476" lon="14.582353"><ele>471</ele></trkpt>
   <trkpt lat="49.106802" lon="14.584654"><ele>460.75</ele></trkpt>
   <trkpt lat="49.107086" lon="14.584801"><ele>460.75</ele></trkpt>
   <trkpt lat="49.108827" lon="14.585731"><ele>460.5</ele></trkpt>
   <trkpt lat="49.109645" lon="14.586162"><ele>461.5</ele></trkpt>
   <trkpt lat="49.110104" lon="14.586432"><ele>461.25</ele></trkpt>
   <trkpt lat="49.110532" lon="14.586717"><ele>461.25</ele></trkpt>
   <trkpt lat="49.110769" lon="14.586899"><ele>461.75</ele></trkpt>
   <trkpt lat="49.110996" lon="14.587088"><ele>462.25</ele></trkpt>
   <trkpt lat="49.111213" lon="14.587285"><ele>461.75</ele></trkpt>
   <trkpt lat="49.111645" lon="14.587711"><ele>460.5</ele></trkpt>
   <trkpt lat="49.111854" lon="14.587941"><ele>460.75</ele></trkpt>
   <trkpt lat="49.112051" lon="14.588174"><ele>460.5</ele></trkpt>
   <trkpt lat="49.112481" lon="14.588713"><ele>459</ele></trkpt>
   <trkpt lat="49.11341" lon="14.589919"><ele>457</ele></trkpt>
   <trkpt lat="49.116625" lon="14.594071"><ele>450</ele></trkpt>
   <trkpt lat="49.11679" lon="14.594285"><ele>449.25</ele></trkpt>
   <trkpt lat="49.11853" lon="14.596539"><ele>446.75</ele></trkpt>
   <trkpt lat="49.119394" lon="14.597648"><ele>447</ele></trkpt>
   <trkpt lat="49.123083" lon="14.602425"><ele>447</ele></trkpt>
   <trkpt lat="49.124443" lon="14.604098"><ele>445.25</ele></trkpt>
   <trkpt lat="49.124534" lon="14.604202"><ele>445.25</ele></trkpt>
   <trkpt lat="49.12536" lon="14.605134"><ele>443.5</ele></trkpt>
   <trkpt lat="49.125843" lon="14.605671"><ele>442.5</ele></trkpt>
   <trkpt lat="49.12594" lon="14.605781"><ele>441.5</ele></trkpt>
   <trkpt lat="49.127476" lon="14.607507"><ele>440.25</ele></trkpt>
   <trkpt lat="49.128258" lon="14.608384"><ele>435.75</ele></trkpt>
   <trkpt lat="49.128472" lon="14.608625"><ele>435.75</ele></trkpt>
   <trkpt lat="49.134362" lon="14.615226"><ele>436</ele></trkpt>
   <trkpt lat="49.137142" lon="14.618345"><ele>433</ele></trkpt>
   <trkpt lat="49.137505" lon="14.618753"><ele>432</ele></trkpt>
   <trkpt lat="49.137658" lon="14.61893"><ele>432</ele></trkpt>
   <trkpt lat="49.138944" lon="14.620366"><ele>430.5</ele></trkpt>
   <trkpt lat="49.138991" lon="14.620419"><ele>430.25</ele></trkpt>
   <trkpt lat="49.140444" lon="14.622053"><ele>429.5</ele></trkpt>
   <trkpt lat="49.140467" lon="14.622079"><ele>429.5</ele></trkpt>
   <trkpt lat="49.141068" lon="14.622754"><ele>430.25</ele></trkpt>
   <trkpt lat="49.14158" lon="14.623327"><ele>428.25</ele></trkpt>
   <trkpt lat="49.141609" lon="14.623358"><ele>428.25</ele></trkpt>
   <trkpt lat="49.141709" lon="14.623476"><ele>427.5</ele></trkpt>
   <trkpt lat="49.141784" lon="14.623556"><ele>427.75</ele></trkpt>
   <trkpt lat="49.141997" lon="14.623814"><ele>429.5</ele></trkpt>
   <trkpt lat="49.142346" lon="14.624277"><ele>430</ele></trkpt>
   <trkpt lat="49.142644" lon="14.624671"><ele>430</ele></trkpt>
   <trkpt lat="49.142814" lon="14.62488"><ele>429.75</ele></trkpt>
   <trkpt lat="49.145902" lon="14.62835"><ele>430</ele></trkpt>
   <trkpt lat="49.147451" lon="14.630101"><ele>430.25</ele></trkpt>
   <trkpt lat="49.147657" lon="14.630324"><ele>430.5</ele></trkpt>
   <trkpt lat="49.147937" lon="14.630576"><ele>430.5</ele></trkpt>
   <trkpt lat="49.147987" lon="14.630623"><ele>430.25</ele></trkpt>
   <trkpt lat="49.148634" lon="14.631254"><ele>430</ele></trkpt>
   <trkpt lat="49.149608" lon="14.632351"><ele>430.5</ele></trkpt>
   <trkpt lat="49.149649" lon="14.632397"><ele>430.5</ele></trkpt>
   <trkpt lat="49.14967" lon="14.632419"><ele>430.5</ele></trkpt>
   <trkpt lat="49.149943" lon="14.632711"><ele>430.75</ele></trkpt>
   <trkpt lat="49.150309" lon="14.63307"><ele>430.25</ele></trkpt>
   <trkpt lat="49.150557" lon="14.633336"><ele>430</ele></trkpt>
   <trkpt lat="49.150576" lon="14.633358"><ele>430</ele></trkpt>
   <trkpt lat="49.152008" lon="14.634968"><ele>429.5</ele></trkpt>
   <trkpt lat="49.152385" lon="14.635393"><ele>430.25</ele></trkpt>
   <trkpt lat="49.155383" lon="14.638763"><ele>426.25</ele></trkpt>
   <trkpt lat="49.156021" lon="14.639504"><ele>425</ele></trkpt>
   <trkpt lat="49.156427" lon="14.640006"><ele>425</ele></trkpt>
   <trkpt lat="49.15679" lon="14.64047"><ele>424.5</ele></trkpt>
   <trkpt lat="49.157166" lon="14.640975"><ele>424.25</ele></trkpt>
   <trkpt lat="49.157552" lon="14.641509"><ele>423</ele></trkpt>
   <trkpt lat="49.157906" lon="14.642037"><ele>423.5</ele></trkpt>
   <trkpt lat="49.158271" lon="14.642595"><ele>422.5</ele></trkpt>
   <trkpt lat="49.158629" lon="14.643171"><ele>422.5</ele></trkpt>
   <trkpt lat="49.158983" lon="14.643766"><ele>421.5</ele></trkpt>
   <trkpt lat="49.159398" lon="14.64451"><ele>419</ele></trkpt>
   <trkpt lat="49.159965" lon="14.64559"><ele>420.25</ele></trkpt>
   <trkpt lat="49.160025" lon="14.645711"><ele>420.5</ele></trkpt>
   <trkpt lat="49.160279" lon="14.646218"><ele>420.75</ele></trkpt>
   <trkpt lat="49.16057" lon="14.646833"><ele>420.5</ele></trkpt>
   <trkpt lat="49.160908" lon="14.647576"><ele>419.25</ele></trkpt>
   <trkpt lat="49.161548" lon="14.64919"><ele>417.5</ele></trkpt>
   <trkpt lat="49.161704" lon="14.649586"><ele>418.25</ele></trkpt>
   <trkpt lat="49.162132" lon="14.65081"><ele>418.25</ele></trkpt>
   <trkpt lat="49.162371" lon="14.651532"><ele>418.5</ele></trkpt>
   <trkpt lat="49.164408" lon="14.65766"><ele>420.25</ele></trkpt>
   <trkpt lat="49.164425" lon="14.657712"><ele>420</ele></trkpt>
   <trkpt lat="49.166175" lon="14.662981"><ele>421.75</ele></trkpt>
   <trkpt lat="49.166959" lon="14.66534"><ele>421</ele></trkpt>
   <trkpt lat="49.167012" lon="14.6655"><ele>421</ele></trkpt>
   <trkpt lat="49.167023" lon="14.665534"><ele>421</ele></trkpt>
   <trkpt lat="49.167289" lon="14.666333"><ele>421.5</ele></trkpt>
   <trkpt lat="49.167386" lon="14.666625"><ele>421.75</ele></trkpt>
   <trkpt lat="49.168184" lon="14.669028"><ele>419.75</ele></trkpt>
   <trkpt lat="49.168584" lon="14.670231"><ele>420</ele></trkpt>
   <trkpt lat="49.16861" lon="14.670309"><ele>420</ele></trkpt>
   <trkpt lat="49.170682" lon="14.676555"><ele>417.25</ele></trkpt>
   <trkpt lat="49.17258" lon="14.682266"><ele>417</ele></trkpt>
   <trkpt lat="49.172757" lon="14.682801"><ele>416</ele></trkpt>
   <trkpt lat="49.174044" lon="14.686677"><ele>414.5</ele></trkpt>
   <trkpt lat="49.17502" lon="14.689628"><ele>415</ele></trkpt>
   <trkpt lat="49.176582" lon="14.694338"><ele>416.75</ele></trkpt>
   <trkpt lat="49.176696" lon="14.694682"><ele>414.75</ele></trkpt>
   <trkpt lat="49.17705" lon="14.69575"><ele>415.75</ele></trkpt>
   <trkpt lat="49.177137" lon="14.696028"><ele>414</ele></trkpt>
   <trkpt lat="49.177245" lon="14.696419"><ele>414</ele></trkpt>
   <trkpt lat="49.177417" lon="14.697063"><ele>413.25</ele></trkpt>
   <trkpt lat="49.177492" lon="14.697343"><ele>411.75</ele></trkpt>
   <trkpt lat="49.177599" lon="14.697787"><ele>410</ele></trkpt>
   <trkpt lat="49.177632" lon="14.697929"><ele>410.5</ele></trkpt>
   <trkpt lat="49.177721" lon="14.698306"><ele>412</ele></trkpt>
   <trkpt lat="49.177825" lon="14.698833"><ele>413.25</ele></trkpt>
   <trkpt lat="49.177853" lon="14.698964"><ele>412.25</ele></trkpt>
   <trkpt lat="49.177993" lon="14.699766"><ele>412</ele></trkpt>
   <trkpt lat="49.178086" lon="14.700353"><ele>413</ele></trkpt>
   <trkpt lat="49.178197" lon="14.701265"><ele>408.75</ele></trkpt>
   <trkpt lat="49.178248" lon="14.70174"><ele>410</ele></trkpt>
   <trkpt lat="49.178485" lon="14.70436"><ele>409.5</ele></trkpt>
   <trkpt lat="49.178565" lon="14.705137"><ele>412.5</ele></trkpt>
   <trkpt lat="49.178619" lon="14.705582"><ele>413.25</ele></trkpt>
   <trkpt lat="49.178732" lon="14.70634"><ele>409.75</ele></trkpt>
   <trkpt lat="49.178859" lon="14.707005"><ele>412.75</ele></trkpt>
   <trkpt lat="49.178945" lon="14.707384"><ele>412.25</ele></trkpt>
   <trkpt lat="49.179125" lon="14.708087"><ele>412.5</ele></trkpt>
   <trkpt lat="49.179217" lon="14.708407"><ele>412.75</ele></trkpt>
   <trkpt lat="49.179318" lon="14.708726"><ele>410.75</ele></trkpt>
   <trkpt lat="49.179437" lon="14.709088"><ele>413.25</ele></trkpt>
   <trkpt lat="49.179566" lon="14.709446"><ele>411</ele></trkpt>
   <trkpt lat="49.179693" lon="14.709775"><ele>412.5</ele></trkpt>
   <trkpt lat="49.179831" lon="14.710104"><ele>411.5</ele></trkpt>
   <trkpt lat="49.180154" lon="14.71081"><ele>410.5</ele></trkpt>
   <trkpt lat="49.180365" lon="14.711218"><ele>409.5</ele></trkpt>
   <trkpt lat="49.180638" lon="14.711693"><ele>410.25</ele></trkpt>
   <trkpt lat="49.18092" lon="14.712161"><ele>411</ele></trkpt>
   <trkpt lat="49.181204" lon="14.712608"><ele>411.5</ele></trkpt>
   <trkpt lat="49.181286" lon="14.712726"><ele>411.75</ele></trkpt>
   <trkpt lat="49.181393" lon="14.712881"><ele>412.75</ele></trkpt>
   <trkpt lat="49.181752" lon="14.713362"><ele>413</ele></trkpt>
   <trkpt lat="49.18209" lon="14.713762"><ele>413</ele></trkpt>
   <trkpt lat="49.18243" lon="14.714128"><ele>413.5</ele></trkpt>
   <trkpt lat="49.182798" lon="14.714481"><ele>414</ele></trkpt>
   <trkpt lat="49.182981" lon="14.714641"><ele>414</ele></trkpt>
   <trkpt lat="49.183175" lon="14.714799"><ele>414.25</ele></trkpt>
   <trkpt lat="49.183571" lon="14.715096"><ele>413.75</ele></trkpt>
   <trkpt lat="49.183782" lon="14.715246"><ele>413.5</ele></trkpt>
   <trkpt lat="49.183994" lon="14.715376"><ele>414.25</ele></trkpt>
   <trkpt lat="49.184422" lon="14.715613"><ele>414</ele></trkpt>
   <trkpt lat="49.184834" lon="14.715807"><ele>414</ele></trkpt>
   <trkpt lat="49.185056" lon="14.715892"><ele>414.25</ele></trkpt>
   <trkpt lat="49.185497" lon="14.716039"><ele>415</ele></trkpt>
   <trkpt lat="49.185916" lon="14.716145"><ele>414.25</ele></trkpt>
   <trkpt lat="49.186265" lon="14.716207"><ele>414.75</ele></trkpt>
   <trkpt lat="49.186838" lon="14.716272"><ele>414.25</ele></trkpt>
   <trkpt lat="49.18736" lon="14.716309"><ele>414.25</ele></trkpt>
   <trkpt lat="49.187551" lon="14.716324"><ele>414</ele></trkpt>
   <trkpt lat="49.188834" lon="14.716401"><ele>414</ele></trkpt>
   <trkpt lat="49.189213" lon="14.716425"><ele>414</ele></trkpt>
   <trkpt lat="49.189862" lon="14.716464"><ele>414</ele></trkpt>
   <trkpt lat="49.189941" lon="14.716469"><ele>414</ele></trkpt>
   <trkpt lat="49.190132" lon="14.716469"><ele>414</ele></trkpt>
   <trkpt lat="49.19049" lon="14.716447"><ele>414</ele></trkpt>
   <trkpt lat="49.190638" lon="14.716448"><ele>414</ele></trkpt>
   <trkpt lat="49.190685" lon="14.716451"><ele>414</ele></trkpt>
   <trkpt lat="49.194927" lon="14.716713"><ele>414.75</ele></trkpt>
   <trkpt lat="49.195008" lon="14.71672"><ele>414.75</ele></trkpt>
   <trkpt lat="49.195244" lon="14.716747"><ele>414</ele></trkpt>
   <trkpt lat="49.195466" lon="14.7168"><ele>414.25</ele></trkpt>
   <trkpt lat="49.195712" lon="14.716841"><ele>414.5</ele></trkpt>
   <trkpt lat="49.19579" lon="14.716845"><ele>414.5</ele></trkpt>
   <trkpt lat="49.196061" lon="14.716882"><ele>414.5</ele></trkpt>
   <trkpt lat="49.196536" lon="14.716986"><ele>415</ele></trkpt>
   <trkpt lat="49.196878" lon="14.717026"><ele>414</ele></trkpt>
   <trkpt lat="49.196967" lon="14.717029"><ele>414</ele></trkpt>
   <trkpt lat="49.197035" lon="14.717034"><ele>414</ele></trkpt>
   <trkpt lat="49.197093" lon="14.71704"><ele>414.25</ele></trkpt>
   <trkpt lat="49.197272" lon="14.717058"><ele>414.25</ele></trkpt>
   <trkpt lat="49.197574" lon="14.717114"><ele>414</ele></trkpt>
   <trkpt lat="49.197897" lon="14.717153"><ele>414.5</ele></trkpt>
   <trkpt lat="49.198054" lon="14.717163"><ele>414.5</ele></trkpt>
   <trkpt lat="49.198647" lon="14.717191"><ele>414.5</ele></trkpt>
   <trkpt lat="49.198875" lon="14.71718"><ele>413.75</ele></trkpt>
   <trkpt lat="49.19912" lon="14.717156"><ele>413.5</ele></trkpt>
   <trkpt lat="49.199394" lon="14.717154"><ele>413.5</ele></trkpt>
   <trkpt lat="49.199595" lon="14.717162"><ele>413.5</ele></trkpt>
   <trkpt lat="49.19992" lon="14.717168"><ele>413.5</ele></trkpt>
   <trkpt lat="49.200359" lon="14.717149"><ele>413.75</ele></trkpt>
   <trkpt lat="49.200671" lon="14.717158"><ele>413.5</ele></trkpt>
   <trkpt lat="49.200711" lon="14.717161"><ele>413.5</ele></trkpt>
   <trkpt lat="49.201483" lon="14.717217"><ele>413.75</ele></trkpt>
   <trkpt lat="49.202675" lon="14.717329"><ele>414.25</ele></trkpt>
   <trkpt lat="49.20322" lon="14.71739"><ele>414.25</ele></trkpt>
   <trkpt lat="49.203228" lon="14.717391"><ele>414.25</ele></trkpt>
   <trkpt lat="49.204592" lon="14.717551"><ele>411.5</ele></trkpt>
   <trkpt lat="49.204853" lon="14.717585"><ele>410.75</ele></trkpt>
   <trkpt lat="49.206814" lon="14.717841"><ele>415.5</ele></trkpt>
   <trkpt lat="49.207029" lon="14.717863"><ele>415.75</ele></trkpt>
   <trkpt lat="49.211002" lon="14.718432"><ele>415.5</ele></trkpt>
   <trkpt lat="49.211466" lon="14.718515"><ele>415</ele></trkpt>
   <trkpt lat="49.211949" lon="14.718619"><ele>415</ele></trkpt>
   <trkpt lat="49.212358" lon="14.718722"><ele>414.25</ele></trkpt>
   <trkpt lat="49.212795" lon="14.718866"><ele>414</ele></trkpt>
   <trkpt lat="49.213313" lon="14.719053"><ele>414</ele></trkpt>
   <trkpt lat="49.213566" lon="14.719157"><ele>414.75</ele></trkpt>
   <trkpt lat="49.214321" lon="14.719498"><ele>415.25</ele></trkpt>
   <trkpt lat="49.214939" lon="14.719814"><ele>415.5</ele></trkpt>
   <trkpt lat="49.216872" lon="14.720753"><ele>413.25</ele></trkpt>
   <trkpt lat="49.218364" lon="14.721501"><ele>413</ele></trkpt>
   <trkpt lat="49.2194" lon="14.722002"><ele>411.25</ele></trkpt>
   <trkpt lat="49.221376" lon="14.722977"><ele>411</ele></trkpt>
   <trkpt lat="49.222312" lon="14.72342"><ele>410.25</ele></trkpt>
   <trkpt lat="49.222769" lon="14.723616"><ele>411</ele></trkpt>
   <trkpt lat="49.223025" lon="14.723715"><ele>413.5</ele></trkpt>
   <trkpt lat="49.223269" lon="14.7238"><ele>411.5</ele></trkpt>
   <trkpt lat="49.223875" lon="14.723986"><ele>410.5</ele></trkpt>
   <trkpt lat="49.223924" lon="14.724"><ele>410.75</ele></trkpt>
   <trkpt lat="49.224149" lon="14.724061"><ele>411</ele></trkpt>
   <trkpt lat="49.224702" lon="14.724177"><ele>411.75</ele></trkpt>
   <trkpt lat="49.2248" lon="14.724196"><ele>411.25</ele></trkpt>
   <trkpt lat="49.225147" lon="14.724249"><ele>410</ele></trkpt>
   <trkpt lat="49.225639" lon="14.724298"><ele>409.75</ele></trkpt>
   <trkpt lat="49.226178" lon="14.724333"><ele>409.5</ele></trkpt>
   <trkpt lat="49.227287" lon="14.724371"><ele>409.75</ele></trkpt>
   <trkpt lat="49.227711" lon="14.724383"><ele>409.75</ele></trkpt>
   <trkpt lat="49.228913" lon="14.724391"><ele>409</ele></trkpt>
   <trkpt lat="49.22904" lon="14.724396"><ele>409.25</ele></trkpt>
   <trkpt lat="49.229721" lon="14.724415"><ele>408.75</ele></trkpt>
   <trkpt lat="49.230908" lon="14.724448"><ele>408.75</ele></trkpt>
   <trkpt lat="49.235035" lon="14.724523"><ele>407.5</ele></trkpt>
   <trkpt lat="49.235191" lon="14.724524"><ele>407</ele></trkpt>
   <trkpt lat="49.238833" lon="14.724601"><ele>409.5</ele></trkpt>
   <trkpt lat="49.242167" lon="14.724672"><ele>409.5</ele></trkpt>
   <trkpt lat="49.242248" lon="14.724674"><ele>409.5</ele></trkpt>
   <trkpt lat="49.243109" lon="14.724688"><ele>410.5</ele></trkpt>
   <trkpt lat="49.24363" lon="14.724698"><ele>409.25</ele></trkpt>
   <trkpt lat="49.243757" lon="14.7247"><ele>407.75</ele></trkpt>
   <trkpt lat="49.243983" lon="14.724706"><ele>407.25</ele></trkpt>
   <trkpt lat="49.245673" lon="14.724729"><ele>409.75</ele></trkpt>
   <trkpt lat="49.246664" lon="14.72475"><ele>409</ele></trkpt>
   <trkpt lat="49.247855" lon="14.724783"><ele>409.5</ele></trkpt>
   <trkpt lat="49.247915" lon="14.724786"><ele>409.5</ele></trkpt>
   <trkpt lat="49.247996" lon="14.724789"><ele>409.25</ele></trkpt>
   <trkpt lat="49.248399" lon="14.724813"><ele>409.25</ele></trkpt>
   <trkpt lat="49.249465" lon="14.724909"><ele>410.5</ele></trkpt>
   <trkpt lat="49.249852" lon="14.72496"><ele>410.75</ele></trkpt>
   <trkpt lat="49.25004" lon="14.724984"><ele>410.75</ele></trkpt>
   <trkpt lat="49.250076" lon="14.724989"><ele>410.75</ele></trkpt>
   <trkpt lat="49.250439" lon="14.725017"><ele>411</ele></trkpt>
   <trkpt lat="49.25087" lon="14.725043"><ele>411</ele></trkpt>
   <trkpt lat="49.253104" lon="14.72546"><ele>411</ele></trkpt>
   <trkpt lat="49.255616" lon="14.725907"><ele>411.5</ele></trkpt>
   <trkpt lat="49.256073" lon="14.725995"><ele>411.5</ele></trkpt>
   <trkpt lat="49.256307" lon="14.726038"><ele>411</ele></trkpt>
   <trkpt lat="49.256558" lon="14.726089"><ele>411</ele></trkpt>
   <trkpt lat="49.256823" lon="14.726156"><ele>411</ele></trkpt>
   <trkpt lat="49.257561" lon="14.72641"><ele>411</ele></trkpt>
   <trkpt lat="49.257721" lon="14.726452"><ele>411</ele></trkpt>
   <trkpt lat="49.258091" lon="14.72658"><ele>411</ele></trkpt>
   <trkpt lat="49.258437" lon="14.726738"><ele>411</ele></trkpt>
   <trkpt lat="49.258779" lon="14.726862"><ele>410.25</ele></trkpt>
   <trkpt lat="49.258855" lon="14.726884"><ele>410</ele></trkpt>
   <trkpt lat="49.259069" lon="14.726938"><ele>408.5</ele></trkpt>
   <trkpt lat="49.259461" lon="14.727014"><ele>407</ele></trkpt>
   <trkpt lat="49.259809" lon="14.727119"><ele>406.5</ele></trkpt>
   <trkpt lat="49.259876" lon="14.727143"><ele>406.5</ele></trkpt>
   <trkpt lat="49.260349" lon="14.727322"><ele>406.25</ele></trkpt>
   <trkpt lat="49.260908" lon="14.727556"><ele>407</ele></trkpt>
   <trkpt lat="49.261025" lon="14.727607"><ele>407</ele></trkpt>
   <trkpt lat="49.261639" lon="14.727911"><ele>407</ele></trkpt>
   <trkpt lat="49.261854" lon="14.728028"><ele>407</ele></trkpt>
   <trkpt lat="49.262274" lon="14.728276"><ele>408</ele></trkpt>
   <trkpt lat="49.262699" lon="14.72855"><ele>410.25</ele></trkpt>
   <trkpt lat="49.263242" lon="14.728937"><ele>410</ele></trkpt>
   <trkpt lat="49.263746" lon="14.729319"><ele>409</ele></trkpt>
   <trkpt lat="49.264884" lon="14.730224"><ele>412.25</ele></trkpt>
   <trkpt lat="49.2651" lon="14.730388"><ele>413.25</ele></trkpt>
   <trkpt lat="49.265911" lon="14.731005"><ele>418</ele></trkpt>
   <trkpt lat="49.266489" lon="14.731405"><ele>421.25</ele></trkpt>
   <trkpt lat="49.266954" lon="14.731715"><ele>421.5</ele></trkpt>
   <trkpt lat="49.267271" lon="14.731936"><ele>422</ele></trkpt>
   <trkpt lat="49.267502" lon="14.732086"><ele>422.25</ele></trkpt>
   <trkpt lat="49.267867" lon="14.732308"><ele>422.5</ele></trkpt>
   <trkpt lat="49.268365" lon="14.732594"><ele>423.25</ele></trkpt>
   <trkpt lat="49.269343" lon="14.733115"><ele>424.25</ele></trkpt>
   <trkpt lat="49.270024" lon="14.733448"><ele>425</ele></trkpt>
   <trkpt lat="49.270545" lon="14.733684"><ele>425</ele></trkpt>
   <trkpt lat="49.271092" lon="14.733896"><ele>421</ele></trkpt>
   <trkpt lat="49.271617" lon="14.734084"><ele>418</ele></trkpt>
   <trkpt lat="49.271754" lon="14.734132"><ele>417.25</ele></trkpt>
   <trkpt lat="49.27277" lon="14.734445"><ele>417.75</ele></trkpt>
   <trkpt lat="49.273734" lon="14.734685"><ele>418.25</ele></trkpt>
   <trkpt lat="49.274442" lon="14.734839"><ele>418.75</ele></trkpt>
   <trkpt lat="49.275346" lon="14.73499"><ele>419.25</ele></trkpt>
   <trkpt lat="49.276166" lon="14.735098"><ele>419.5</ele></trkpt>
   <trkpt lat="49.276915" lon="14.735167"><ele>420</ele></trkpt>
   <trkpt lat="49.277767" lon="14.735207"><ele>420.5</ele></trkpt>
   <trkpt lat="49.278575" lon="14.73521"><ele>421</ele></trkpt>
   <trkpt lat="49.279405" lon="14.735177"><ele>421.5</ele></trkpt>
   <trkpt lat="49.280243" lon="14.735119"><ele>421.75</ele></trkpt>
   <trkpt lat="49.28085" lon="14.735047"><ele>422</ele></trkpt>
   <trkpt lat="49.280892" lon="14.735041"><ele>422</ele></trkpt>
   <trkpt lat="49.281147" lon="14.735013"><ele>423</ele></trkpt>
   <trkpt lat="49.281645" lon="14.734926"><ele>427.5</ele></trkpt>
   <trkpt lat="49.282095" lon="14.734846"><ele>430</ele></trkpt>
   <trkpt lat="49.282492" lon="14.734765"><ele>433</ele></trkpt>
   <trkpt lat="49.287017" lon="14.733811"><ele>438.75</ele></trkpt>
   <trkpt lat="49.287754" lon="14.733671"><ele>438.25</ele></trkpt>
   <trkpt lat="49.288468" lon="14.733569"><ele>437</ele></trkpt>
   <trkpt lat="49.289381" lon="14.733497"><ele>436.5</ele></trkpt>
   <trkpt lat="49.290544" lon="14.733463"><ele>434.5</ele></trkpt>
   <trkpt lat="49.291176" lon="14.733491"><ele>433.75</ele></trkpt>
   <trkpt lat="49.291918" lon="14.733556"><ele>432.5</ele></trkpt>
   <trkpt lat="49.292244" lon="14.733596"><ele>432</ele></trkpt>
   <trkpt lat="49.292973" lon="14.733716"><ele>431</ele></trkpt>
   <trkpt lat="49.29327" lon="14.733768"><ele>431</ele></trkpt>
   <trkpt lat="49.293314" lon="14.733778"><ele>431.25</ele></trkpt>
   <trkpt lat="49.294184" lon="14.733979"><ele>435</ele></trkpt>
   <trkpt lat="49.297182" lon="14.734714"><ele>440</ele></trkpt>
   <trkpt lat="49.298018" lon="14.734876"><ele>444.25</ele></trkpt>
   <trkpt lat="49.298586" lon="14.734967"><ele>446</ele></trkpt>
   <trkpt lat="49.299139" lon="14.735037"><ele>447</ele></trkpt>
   <trkpt lat="49.299314" lon="14.735049"><ele>447.5</ele></trkpt>
   <trkpt lat="49.300154" lon="14.735104"><ele>448.5</ele></trkpt>
   <trkpt lat="49.300858" lon="14.735115"><ele>448.75</ele></trkpt>
   <trkpt lat="49.301329" lon="14.735112"><ele>448.5</ele></trkpt>
   <trkpt lat="49.301955" lon="14.735075"><ele>448</ele></trkpt>
   <trkpt lat="49.302488" lon="14.735026"><ele>447</ele></trkpt>
   <trkpt lat="49.303006" lon="14.734965"><ele>447</ele></trkpt>
   <trkpt lat="49.303485" lon="14.73489"><ele>447</ele></trkpt>
   <trkpt lat="49.304098" lon="14.73478"><ele>448.75</ele></trkpt>
   <trkpt lat="49.304995" lon="14.734552"><ele>449.75</ele></trkpt>
   <trkpt lat="49.305477" lon="14.734409"><ele>451</ele></trkpt>
   <trkpt lat="49.306445" lon="14.734074"><ele>449</ele></trkpt>
   <trkpt lat="49.30738" lon="14.733683"><ele>442.75</ele></trkpt>
   <trkpt lat="49.307397" lon="14.733674"><ele>442.5</ele></trkpt>
   <trkpt lat="49.307985" lon="14.733396"><ele>446.25</ele></trkpt>
   <trkpt lat="49.308506" lon="14.733127"><ele>450</ele></trkpt>
   <trkpt lat="49.309098" lon="14.732797"><ele>450.25</ele></trkpt>
   <trkpt lat="49.309621" lon="14.732484"><ele>449.5</ele></trkpt>
   <trkpt lat="49.310459" lon="14.731926"><ele>446.25</ele></trkpt>
   <trkpt lat="49.310908" lon="14.73161"><ele>444.5</ele></trkpt>
   <trkpt lat="49.311538" lon="14.731131"><ele>442</ele></trkpt>
   <trkpt lat="49.312083" lon="14.730684"><ele>439.5</ele></trkpt>
   <trkpt lat="49.312818" lon="14.730043"><ele>439</ele></trkpt>
   <trkpt lat="49.313362" lon="14.729527"><ele>439.25</ele></trkpt>
   <trkpt lat="49.314065" lon="14.728817"><ele>436.75</ele></trkpt>
   <trkpt lat="49.314583" lon="14.728254"><ele>435.25</ele></trkpt>
   <trkpt lat="49.314902" lon="14.727892"><ele>435.5</ele></trkpt>
   <trkpt lat="49.315293" lon="14.72744"><ele>434.25</ele></trkpt>
   <trkpt lat="49.318884" lon="14.723209"><ele>414.25</ele></trkpt>
   <trkpt lat="49.318908" lon="14.723182"><ele>414.25</ele></trkpt>
   <trkpt lat="49.319117" lon="14.722941"><ele>411.25</ele></trkpt>
   <trkpt lat="49.319426" lon="14.72258"><ele>411</ele></trkpt>
   <trkpt lat="49.320212" lon="14.721649"><ele>423.75</ele></trkpt>
   <trkpt lat="49.3206" lon="14.721215"><ele>422.5</ele></trkpt>
   <trkpt lat="49.320975" lon="14.720752"><ele>421.75</ele></trkpt>
   <trkpt lat="49.322165" lon="14.719359"><ele>418.25</ele></trkpt>
   <trkpt lat="49.322574" lon="14.71891"><ele>418.5</ele></trkpt>
   <trkpt lat="49.323006" lon="14.718477"><ele>421</ele></trkpt>
   <trkpt lat="49.323736" lon="14.717817"><ele>421</ele></trkpt>
   <trkpt lat="49.324024" lon="14.717583"><ele>421</ele></trkpt>
   <trkpt lat="49.324661" lon="14.717108"><ele>419.5</ele></trkpt>
   <trkpt lat="49.324926" lon="14.716928"><ele>418.75</ele></trkpt>
   <trkpt lat="49.325319" lon="14.716689"><ele>417</ele></trkpt>
   <trkpt lat="49.325762" lon="14.716435"><ele>415.5</ele></trkpt>
   <trkpt lat="49.326162" lon="14.716234"><ele>412.75</ele></trkpt>
   <trkpt lat="49.326901" lon="14.715899"><ele>410</ele></trkpt>
   <trkpt lat="49.327288" lon="14.715756"><ele>411</ele></trkpt>
   <trkpt lat="49.327934" lon="14.715542"><ele>409</ele></trkpt>
   <trkpt lat="49.327968" lon="14.715531"><ele>409</ele></trkpt>
   <trkpt lat="49.33006" lon="14.714882"><ele>407.25</ele></trkpt>
   <trkpt lat="49.331214" lon="14.714532"><ele>406.75</ele></trkpt>
   <trkpt lat="49.336148" lon="14.71308"><ele>404.5</ele></trkpt>
   <trkpt lat="49.336419" lon="14.713"><ele>403.75</ele></trkpt>
   <trkpt lat="49.336945" lon="14.712848"><ele>403</ele></trkpt>
   <trkpt lat="49.337486" lon="14.71268"><ele>403.75</ele></trkpt>
   <trkpt lat="49.339476" lon="14.712099"><ele>403.75</ele></trkpt>
   <trkpt lat="49.339996" lon="14.711934"><ele>402.75</ele></trkpt>
   <trkpt lat="49.340508" lon="14.711759"><ele>403</ele></trkpt>
   <trkpt lat="49.341031" lon="14.711564"><ele>402.25</ele></trkpt>
   <trkpt lat="49.343506" lon="14.710544"><ele>401.5</ele></trkpt>
   <trkpt lat="49.344101" lon="14.710301"><ele>401</ele></trkpt>
   <trkpt lat="49.345589" lon="14.709689"><ele>399.75</ele></trkpt>
   <trkpt lat="49.346095" lon="14.709481"><ele>399.75</ele></trkpt>
   <trkpt lat="49.346567" lon="14.709299"><ele>400</ele></trkpt>
   <trkpt lat="49.347293" lon="14.70899"><ele>399.25</ele></trkpt>
   <trkpt lat="49.347345" lon="14.708968"><ele>399.25</ele></trkpt>
   <trkpt lat="49.34909" lon="14.708255"><ele>399.25</ele></trkpt>
   <trkpt lat="49.349126" lon="14.708239"><ele>399.5</ele></trkpt>
   <trkpt lat="49.3493" lon="14.708164"><ele>399.5</ele></trkpt>
   <trkpt lat="49.34935" lon="14.708142"><ele>399.75</ele></trkpt>
   <trkpt lat="49.350021" lon="14.707874"><ele>399.25</ele></trkpt>
   <trkpt lat="49.350818" lon="14.707544"><ele>399.75</ele></trkpt>
   <trkpt lat="49.35211" lon="14.707011"><ele>400</ele></trkpt>
   <trkpt lat="49.354177" lon="14.706175"><ele>400.5</ele></trkpt>
   <trkpt lat="49.355503" lon="14.705608"><ele>400</ele></trkpt>
   <trkpt lat="49.356306" lon="14.705228"><ele>399.75</ele></trkpt>
   <trkpt lat="49.356632" lon="14.705051"><ele>400</ele></trkpt>
   <trkpt lat="49.357355" lon="14.704656"><ele>401</ele></trkpt>
   <trkpt lat="49.357401" lon="14.70463"><ele>401</ele></trkpt>
   <trkpt lat="49.357601" lon="14.704514"><ele>400.75</ele></trkpt>
   <trkpt lat="49.358256" lon="14.704113"><ele>401.5</ele></trkpt>
   <trkpt lat="49.358428" lon="14.704"><ele>401.5</ele></trkpt>
   <trkpt lat="49.359289" lon="14.703432"><ele>402.5</ele></trkpt>
   <trkpt lat="49.360124" lon="14.70287"><ele>403.25</ele></trkpt>
   <trkpt lat="49.360169" lon="14.70284"><ele>403.25</ele></trkpt>
   <trkpt lat="49.360355" lon="14.702723"><ele>403</ele></trkpt>
   <trkpt lat="49.361871" lon="14.701694"><ele>403.5</ele></trkpt>
   <trkpt lat="49.361983" lon="14.70162"><ele>403.5</ele></trkpt>
   <trkpt lat="49.362515" lon="14.701263"><ele>403.75</ele></trkpt>
   <trkpt lat="49.362549" lon="14.70124"><ele>403.75</ele></trkpt>
   <trkpt lat="49.367816" lon="14.697703"><ele>409</ele></trkpt>
   <trkpt lat="49.36829" lon="14.697392"><ele>410</ele></trkpt>
   <trkpt lat="49.368792" lon="14.697079"><ele>409.75</ele></trkpt>
   <trkpt lat="49.36936" lon="14.696757"><ele>409.25</ele></trkpt>
   <trkpt lat="49.369815" lon="14.696534"><ele>409.75</ele></trkpt>
   <trkpt lat="49.370328" lon="14.696316"><ele>410.75</ele></trkpt>
   <trkpt lat="49.370842" lon="14.696129"><ele>411.75</ele></trkpt>
   <trkpt lat="49.371303" lon="14.69599"><ele>411.25</ele></trkpt>
   <trkpt lat="49.371834" lon="14.695852"><ele>411.5</ele></trkpt>
   <trkpt lat="49.372102" lon="14.695802"><ele>411.75</ele></trkpt>
   <trkpt lat="49.372616" lon="14.695719"><ele>411.5</ele></trkpt>
   <trkpt lat="49.372894" lon="14.695691"><ele>411.5</ele></trkpt>
   <trkpt lat="49.373425" lon="14.695654"><ele>411.5</ele></trkpt>
   <trkpt lat="49.373947" lon="14.69565"><ele>411.5</ele></trkpt>
   <trkpt lat="49.374488" lon="14.695682"><ele>413.25</ele></trkpt>
   <trkpt lat="49.374978" lon="14.695738"><ele>413</ele></trkpt>
   <trkpt lat="49.375254" lon="14.695783"><ele>413</ele></trkpt>
   <trkpt lat="49.375778" lon="14.695888"><ele>413.75</ele></trkpt>
   <trkpt lat="49.376286" lon="14.696023"><ele>414</ele></trkpt>
   <trkpt lat="49.376531" lon="14.696097"><ele>413</ele></trkpt>
   <trkpt lat="49.377065" lon="14.696288"><ele>414.5</ele></trkpt>
   <trkpt lat="49.37788" lon="14.696614"><ele>413.5</ele></trkpt>
   <trkpt lat="49.381209" lon="14.697998"><ele>413</ele></trkpt>
   <trkpt lat="49.381366" lon="14.698062"><ele>413</ele></trkpt>
   <trkpt lat="49.38185" lon="14.698239"><ele>412.75</ele></trkpt>
   <trkpt lat="49.382091" lon="14.698316"><ele>412.25</ele></trkpt>
   <trkpt lat="49.382524" lon="14.698427"><ele>410</ele></trkpt>
   <trkpt lat="49.382943" lon="14.698493"><ele>412.75</ele></trkpt>
   <trkpt lat="49.383369" lon="14.698527"><ele>413.75</ele></trkpt>
   <trkpt lat="49.38384" lon="14.698505"><ele>414.25</ele></trkpt>
   <trkpt lat="49.38427" lon="14.698451"><ele>414.25</ele></trkpt>
   <trkpt lat="49.384493" lon="14.698404"><ele>413.75</ele></trkpt>
   <trkpt lat="49.384929" lon="14.69829"><ele>413.25</ele></trkpt>
   <trkpt lat="49.385436" lon="14.698118"><ele>405.5</ele></trkpt>
   <trkpt lat="49.385795" lon="14.697989"><ele>409.25</ele></trkpt>
   <trkpt lat="49.388391" lon="14.697041"><ele>417</ele></trkpt>
   <trkpt lat="49.388852" lon="14.696845"><ele>417</ele></trkpt>
   <trkpt lat="49.389278" lon="14.696623"><ele>417.25</ele></trkpt>
   <trkpt lat="49.389483" lon="14.696505"><ele>418</ele></trkpt>
   <trkpt lat="49.389701" lon="14.696368"><ele>416.5</ele></trkpt>
   <trkpt lat="49.389909" lon="14.696222"><ele>418</ele></trkpt>
   <trkpt lat="49.390111" lon="14.696069"><ele>418</ele></trkpt>
   <trkpt lat="49.390527" lon="14.695723"><ele>418.5</ele></trkpt>
   <trkpt lat="49.390878" lon="14.695374"><ele>419</ele></trkpt>
   <trkpt lat="49.391244" lon="14.694995"><ele>419</ele></trkpt>
   <trkpt lat="49.392051" lon="14.694115"><ele>418.25</ele></trkpt>
   <trkpt lat="49.39212" lon="14.69404"><ele>418.25</ele></trkpt>
   <trkpt lat="49.392624" lon="14.693486"><ele>418.75</ele></trkpt>
   <trkpt lat="49.393547" lon="14.692465"><ele>420.5</ele></trkpt>
   <trkpt lat="49.393633" lon="14.69237"><ele>421</ele></trkpt>
   <trkpt lat="49.398121" lon="14.687436"><ele>424.75</ele></trkpt>
   <trkpt lat="49.398452" lon="14.68707"><ele>422.75</ele></trkpt>
   <trkpt lat="49.399025" lon="14.686438"><ele>419.5</ele></trkpt>
   <trkpt lat="49.399055" lon="14.686406"><ele>420.25</ele></trkpt>
   <trkpt lat="49.399612" lon="14.685802"><ele>423.75</ele></trkpt>
   <trkpt lat="49.400678" lon="14.684626"><ele>428.25</ele></trkpt>
   <trkpt lat="49.401041" lon="14.68424"><ele>429</ele></trkpt>
   <trkpt lat="49.401396" lon="14.683898"><ele>429</ele></trkpt>
   <trkpt lat="49.40157" lon="14.683746"><ele>429.5</ele></trkpt>
   <trkpt lat="49.401759" lon="14.683603"><ele>429.75</ele></trkpt>
   <trkpt lat="49.401936" lon="14.683474"><ele>429.75</ele></trkpt>
   <trkpt lat="49.402136" lon="14.683344"><ele>430</ele></trkpt>
   <trkpt lat="49.402511" lon="14.683137"><ele>431</ele></trkpt>
   <trkpt lat="49.40271" lon="14.68305"><ele>430.75</ele></trkpt>
   <trkpt lat="49.402915" lon="14.682972"><ele>431</ele></trkpt>
   <trkpt lat="49.403349" lon="14.682842"><ele>432.25</ele></trkpt>
   <trkpt lat="49.403903" lon="14.682712"><ele>432.5</ele></trkpt>
   <trkpt lat="49.405199" lon="14.682436"><ele>434</ele></trkpt>
   <trkpt lat="49.405684" lon="14.682333"><ele>434.5</ele></trkpt>
   <trkpt lat="49.406668" lon="14.682125"><ele>432.5</ele></trkpt>
   <trkpt lat="49.407293" lon="14.68199"><ele>432.25</ele></trkpt>
   <trkpt lat="49.407693" lon="14.681905"><ele>434</ele></trkpt>
   <trkpt lat="49.407727" lon="14.681897"><ele>434.25</ele></trkpt>
   <trkpt lat="49.407968" lon="14.681857"><ele>434.25</ele></trkpt>
   <trkpt lat="49.408248" lon="14.681833"><ele>435.25</ele></trkpt>
   <trkpt lat="49.408588" lon="14.681782"><ele>436.25</ele></trkpt>
   <trkpt lat="49.408655" lon="14.681768"><ele>436.25</ele></trkpt>
   <trkpt lat="49.408715" lon="14.681754"><ele>436.5</ele></trkpt>
   <trkpt lat="49.408771" lon="14.681741"><ele>436.5</ele></trkpt>
   <trkpt lat="49.408862" lon="14.681722"><ele>436.75</ele></trkpt>
   <trkpt lat="49.409355" lon="14.681619"><ele>437.75</ele></trkpt>
   <trkpt lat="49.409654" lon="14.681547"><ele>438</ele></trkpt>
   <trkpt lat="49.40993" lon="14.681462"><ele>438</ele></trkpt>
   <trkpt lat="49.410059" lon="14.681413"><ele>437.75</ele></trkpt>
   <trkpt lat="49.410265" lon="14.681318"><ele>437.5</ele></trkpt>
   <trkpt lat="49.410561" lon="14.68115"><ele>438</ele></trkpt>
   <trkpt lat="49.410823" lon="14.680962"><ele>438.5</ele></trkpt>
   <trkpt lat="49.410955" lon="14.680852"><ele>439</ele></trkpt>
   <trkpt lat="49.41113" lon="14.680698"><ele>439</ele></trkpt>
   <trkpt lat="49.411258" lon="14.680574"><ele>439</ele></trkpt>
   <trkpt lat="49.411563" lon="14.680233"><ele>439</ele></trkpt>
   <trkpt lat="49.411966" lon="14.679763"><ele>439</ele></trkpt>
   <trkpt lat="49.412026" lon="14.679695"><ele>439</ele></trkpt>
   <trkpt lat="49.412303" lon="14.679368"><ele>438.75</ele></trkpt>
   <trkpt lat="49.412505" lon="14.679156"><ele>438.75</ele></trkpt>
   <trkpt lat="49.412836" lon="14.67884"><ele>439</ele></trkpt>
   <trkpt lat="49.412962" lon="14.678718"><ele>439</ele></trkpt>
   <trkpt lat="49.413351" lon="14.678343"><ele>439</ele></trkpt>
   <trkpt lat="49.413662" lon="14.678042"><ele>439</ele></trkpt>
   <trkpt lat="49.413841" lon="14.677843"><ele>439</ele></trkpt>
   <trkpt lat="49.414273" lon="14.6773"><ele>439</ele></trkpt>
   <trkpt lat="49.414319" lon="14.677242"><ele>439</ele></trkpt>
   <trkpt lat="49.414426" lon="14.677117"><ele>439</ele></trkpt>
   <trkpt lat="49.414653" lon="14.67688"><ele>439</ele></trkpt>
   <trkpt lat="49.41485" lon="14.676656"><ele>439</ele></trkpt>
   <trkpt lat="49.414907" lon="14.676587"><ele>439</ele></trkpt>
   <trkpt lat="49.414962" lon="14.676519"><ele>439</ele></trkpt>
   <trkpt lat="49.415219" lon="14.676237"><ele>439</ele></trkpt>
   <trkpt lat="49.415588" lon="14.675911"><ele>439</ele></trkpt>
   <trkpt lat="49.415864" lon="14.675668"><ele>439.5</ele></trkpt>
   <trkpt lat="49.416015" lon="14.675495"><ele>440</ele></trkpt>
   <trkpt lat="49.41681" lon="14.674499"><ele>440.75</ele></trkpt>
   <trkpt lat="49.417046" lon="14.674215"><ele>441</ele></trkpt>
   <trkpt lat="49.417426" lon="14.673795"><ele>440.75</ele></trkpt>
   <trkpt lat="49.418435" lon="14.672774"><ele>440.25</ele></trkpt>
   <trkpt lat="49.419483" lon="14.671733"><ele>441</ele></trkpt>
   <trkpt lat="49.419673" lon="14.671532"><ele>441</ele></trkpt>
   <trkpt lat="49.419807" lon="14.671404"><ele>441</ele></trkpt>
   <trkpt lat="49.420202" lon="14.671067"><ele>441.5</ele></trkpt>
   <trkpt lat="49.420415" lon="14.670879"><ele>441.5</ele></trkpt>
   <trkpt lat="49.42062" lon="14.670696"><ele>441.75</ele></trkpt>
   <trkpt lat="49.420768" lon="14.670546"><ele>442</ele></trkpt>
   <trkpt lat="49.421065" lon="14.670249"><ele>442</ele></trkpt>
   <trkpt lat="49.421263" lon="14.670075"><ele>442</ele></trkpt>
   <trkpt lat="49.421343" lon="14.670014"><ele>442</ele></trkpt>
   <trkpt lat="49.421639" lon="14.66976"><ele>443</ele></trkpt>
   <trkpt lat="49.421932" lon="14.669507"><ele>443</ele></trkpt>
   <trkpt lat="49.422043" lon="14.669424"><ele>442.75</ele></trkpt>
   <trkpt lat="49.422302" lon="14.669263"><ele>442.5</ele></trkpt>
   <trkpt lat="49.422423" lon="14.669197"><ele>442.75</ele></trkpt>
   <trkpt lat="49.422989" lon="14.668817"><ele>441.25</ele></trkpt>
   <trkpt lat="49.423049" lon="14.668784"><ele>441.25</ele></trkpt>
   <trkpt lat="49.425299" lon="14.667556"><ele>448.25</ele></trkpt>
   <trkpt lat="49.426136" lon="14.667095"><ele>448.75</ele></trkpt>
   <trkpt lat="49.426731" lon="14.666738"><ele>445.75</ele></trkpt>
   <trkpt lat="49.427016" lon="14.66655"><ele>440.75</ele></trkpt>
   <trkpt lat="49.427198" lon="14.666426"><ele>445</ele></trkpt>
   <trkpt lat="49.427224" lon="14.66641"><ele>445.25</ele></trkpt>
   <trkpt lat="49.428157" lon="14.665775"><ele>446</ele></trkpt>
   <trkpt lat="49.428498" lon="14.665581"><ele>446.75</ele></trkpt>
   <trkpt lat="49.428845" lon="14.665425"><ele>448.5</ele></trkpt>
   <trkpt lat="49.428969" lon="14.665384"><ele>449</ele></trkpt>
   <trkpt lat="49.429297" lon="14.665318"><ele>449</ele></trkpt>
   <trkpt lat="49.429483" lon="14.6653"><ele>448.5</ele></trkpt>
   <trkpt lat="49.429808" lon="14.665303"><ele>448.5</ele></trkpt>
   <trkpt lat="49.429974" lon="14.665327"><ele>449.25</ele></trkpt>
   <trkpt lat="49.430134" lon="14.665362"><ele>450.25</ele></trkpt>
   <trkpt lat="49.430279" lon="14.665406"><ele>451.25</ele></trkpt>
   <trkpt lat="49.430434" lon="14.66546"><ele>451</ele></trkpt>
   <trkpt lat="49.430599" lon="14.665533"><ele>450</ele></trkpt>
   <trkpt lat="49.430764" lon="14.665623"><ele>450.5</ele></trkpt>
   <trkpt lat="49.430929" lon="14.665727"><ele>451.5</ele></trkpt>
   <trkpt lat="49.431234" lon="14.665951"><ele>449.75</ele></trkpt>
   <trkpt lat="49.431528" lon="14.666225"><ele>448.75</ele></trkpt>
   <trkpt lat="49.431654" lon="14.666368"><ele>448.75</ele></trkpt>
   <trkpt lat="49.431763" lon="14.6665"><ele>447.75</ele></trkpt>
   <trkpt lat="49.432007" lon="14.666836"><ele>447.5</ele></trkpt>
   <trkpt lat="49.432128" lon="14.66703"><ele>447.5</ele></trkpt>
   <trkpt lat="49.432336" lon="14.667409"><ele>446.5</ele></trkpt>
   <trkpt lat="49.432509" lon="14.667793"><ele>445</ele></trkpt>
   <trkpt lat="49.432602" lon="14.668033"><ele>446.75</ele></trkpt>
   <trkpt lat="49.432678" lon="14.668261"><ele>448</ele></trkpt>
   <trkpt lat="49.432798" lon="14.668692"><ele>450</ele></trkpt>
   <trkpt lat="49.432906" lon="14.66922"><ele>454.5</ele></trkpt>
   <trkpt lat="49.432942" lon="14.66946"><ele>456</ele></trkpt>
   <trkpt lat="49.432975" lon="14.669715"><ele>454.75</ele></trkpt>
   <trkpt lat="49.432995" lon="14.669951"><ele>453.75</ele></trkpt>
   <trkpt lat="49.433009" lon="14.670208"><ele>453.25</ele></trkpt>
   <trkpt lat="49.433014" lon="14.670712"><ele>453</ele></trkpt>
   <trkpt lat="49.432999" lon="14.671028"><ele>453.25</ele></trkpt>
   <trkpt lat="49.432986" lon="14.671233"><ele>453.25</ele></trkpt>
   <trkpt lat="49.432955" lon="14.6715"><ele>453.5</ele></trkpt>
   <trkpt lat="49.432919" lon="14.67179"><ele>453.5</ele></trkpt>
   <trkpt lat="49.432873" lon="14.672093"><ele>452.5</ele></trkpt>
   <trkpt lat="49.432525" lon="14.674034"><ele>452</ele></trkpt>
   <trkpt lat="49.432498" lon="14.674176"><ele>452</ele></trkpt>
   <trkpt lat="49.432483" lon="14.674255"><ele>452</ele></trkpt>
   <trkpt lat="49.432288" lon="14.675335"><ele>450.5</ele></trkpt>
   <trkpt lat="49.431997" lon="14.676947"><ele>451.75</ele></trkpt>
   <trkpt lat="49.431901" lon="14.677564"><ele>452.5</ele></trkpt>
   <trkpt lat="49.431866" lon="14.677847"><ele>452.75</ele></trkpt>
   <trkpt lat="49.431838" lon="14.678142"><ele>452</ele></trkpt>
   <trkpt lat="49.431819" lon="14.678424"><ele>450.75</ele></trkpt>
   <trkpt lat="49.431808" lon="14.678718"><ele>450.5</ele></trkpt>
   <trkpt lat="49.431805" lon="14.679015"><ele>450.25</ele></trkpt>
   <trkpt lat="49.43181" lon="14.679323"><ele>450.75</ele></trkpt>
   <trkpt lat="49.431844" lon="14.679889"><ele>453</ele></trkpt>
   <trkpt lat="49.431874" lon="14.680169"><ele>453.5</ele></trkpt>
   <trkpt lat="49.431914" lon="14.680467"><ele>453.75</ele></trkpt>
   <trkpt lat="49.431959" lon="14.680744"><ele>454.5</ele></trkpt>
   <trkpt lat="49.432015" lon="14.681033"><ele>454.25</ele></trkpt>
   <trkpt lat="49.432074" lon="14.681294"><ele>453.5</ele></trkpt>
   <trkpt lat="49.432143" lon="14.681562"><ele>453.75</ele></trkpt>
   <trkpt lat="49.432223" lon="14.681841"><ele>454.5</ele></trkpt>
   <trkpt lat="49.432404" lon="14.682364"><ele>454.5</ele></trkpt>
   <trkpt lat="49.432517" lon="14.682642"><ele>454.75</ele></trkpt>
   <trkpt lat="49.432631" lon="14.682898"><ele>454.75</ele></trkpt>
   <trkpt lat="49.43274" lon="14.683117"><ele>455</ele></trkpt>
   <trkpt lat="49.432862" lon="14.683342"><ele>454.5</ele></trkpt>
   <trkpt lat="49.433029" lon="14.683624"><ele>455</ele></trkpt>
   <trkpt lat="49.433122" lon="14.683774"><ele>454.75</ele></trkpt>
   <trkpt lat="49.433348" lon="14.684101"><ele>455.5</ele></trkpt>
   <trkpt lat="49.434008" lon="14.685005"><ele>455.5</ele></trkpt>
   <trkpt lat="49.435172" lon="14.686582"><ele>457.5</ele></trkpt>
   <trkpt lat="49.435595" lon="14.687124"><ele>457.5</ele></trkpt>
   <trkpt lat="49.435939" lon="14.687542"><ele>457</ele></trkpt>
   <trkpt lat="49.43633" lon="14.687986"><ele>457.25</ele></trkpt>
   <trkpt lat="49.436725" lon="14.688398"><ele>456.5</ele></trkpt>
   <trkpt lat="49.436897" lon="14.688565"><ele>456.5</ele></trkpt>
   <trkpt lat="49.437088" lon="14.68874"><ele>456.5</ele></trkpt>
   <trkpt lat="49.437281" lon="14.688902"><ele>456.25</ele></trkpt>
   <trkpt lat="49.437707" lon="14.689234"><ele>454.75</ele></trkpt>
   <trkpt lat="49.438151" lon="14.689529"><ele>454.25</ele></trkpt>
   <trkpt lat="49.438368" lon="14.689655"><ele>455.5</ele></trkpt>
   <trkpt lat="49.438746" lon="14.689851"><ele>454.5</ele></trkpt>
   <trkpt lat="49.439023" lon="14.689977"><ele>455.5</ele></trkpt>
   <trkpt lat="49.439094" lon="14.690007"><ele>455.25</ele></trkpt>
   <trkpt lat="49.439245" lon="14.690071"><ele>454.75</ele></trkpt>
   <trkpt lat="49.439558" lon="14.690173"><ele>455.5</ele></trkpt>
   <trkpt lat="49.439749" lon="14.690229"><ele>456</ele></trkpt>
   <trkpt lat="49.440245" lon="14.690347"><ele>456.25</ele></trkpt>
   <trkpt lat="49.44049" lon="14.690386"><ele>457.5</ele></trkpt>
   <trkpt lat="49.440996" lon="14.69044"><ele>458.75</ele></trkpt>
   <trkpt lat="49.441264" lon="14.690453"><ele>459.25</ele></trkpt>
   <trkpt lat="49.442505" lon="14.690491"><ele>463</ele></trkpt>
   <trkpt lat="49.444343" lon="14.690537"><ele>463.75</ele></trkpt>
   <trkpt lat="49.444857" lon="14.690525"><ele>462.5</ele></trkpt>
   <trkpt lat="49.445366" lon="14.690492"><ele>462.75</ele></trkpt>
   <trkpt lat="49.445868" lon="14.690423"><ele>464</ele></trkpt>
   <trkpt lat="49.446379" lon="14.690316"><ele>464</ele></trkpt>
   <trkpt lat="49.446885" lon="14.690174"><ele>465.75</ele></trkpt>
   <trkpt lat="49.44733" lon="14.690019"><ele>466.25</ele></trkpt>
   <trkpt lat="49.447862" lon="14.689785"><ele>467.25</ele></trkpt>
   <trkpt lat="49.448393" lon="14.689512"><ele>468</ele></trkpt>
   <trkpt lat="49.448851" lon="14.689241"><ele>468.75</ele></trkpt>
   <trkpt lat="49.450197" lon="14.688388"><ele>469.75</ele></trkpt>
   <trkpt lat="49.451734" lon="14.687402"><ele>471.75</ele></trkpt>
   <trkpt lat="49.451901" lon="14.687302"><ele>472</ele></trkpt>
   <trkpt lat="49.452314" lon="14.687031"><ele>473.25</ele></trkpt>
   <trkpt lat="49.45477" lon="14.685465"><ele>475.25</ele></trkpt>
   <trkpt lat="49.455429" lon="14.685023"><ele>476</ele></trkpt>
   <trkpt lat="49.45614" lon="14.68448"><ele>477</ele></trkpt>
   <trkpt lat="49.456609" lon="14.684057"><ele>478.25</ele></trkpt>
   <trkpt lat="49.457179" lon="14.683492"><ele>478.25</ele></trkpt>
   <trkpt lat="49.457485" lon="14.683171"><ele>478.75</ele></trkpt>
   <trkpt lat="49.459088" lon="14.681428"><ele>479.75</ele></trkpt>
   <trkpt lat="49.459452" lon="14.681031"><ele>479.5</ele></trkpt>
   <trkpt lat="49.459965" lon="14.680462"><ele>480.5</ele></trkpt>
   <trkpt lat="49.461311" lon="14.678921"><ele>485.25</ele></trkpt>
   <trkpt lat="49.461331" lon="14.678898"><ele>485.5</ele></trkpt>
   <trkpt lat="49.463108" lon="14.676852"><ele>486.75</ele></trkpt>
   <trkpt lat="49.463143" lon="14.676811"><ele>486.75</ele></trkpt>
   <trkpt lat="49.463995" lon="14.675836"><ele>486.75</ele></trkpt>
   <trkpt lat="49.464385" lon="14.675427"><ele>487</ele></trkpt>
   <trkpt lat="49.464573" lon="14.675235"><ele>487.5</ele></trkpt>
   <trkpt lat="49.464772" lon="14.675046"><ele>487.75</ele></trkpt>
   <trkpt lat="49.46517" lon="14.674701"><ele>488.5</ele></trkpt>
   <trkpt lat="49.465586" lon="14.674371"><ele>490.25</ele></trkpt>
   <trkpt lat="49.466126" lon="14.673989"><ele>491.75</ele></trkpt>
   <trkpt lat="49.466323" lon="14.673861"><ele>492</ele></trkpt>
   <trkpt lat="49.466735" lon="14.673614"><ele>493.25</ele></trkpt>
   <trkpt lat="49.467361" lon="14.673256"><ele>493.5</ele></trkpt>
   <trkpt lat="49.467404" lon="14.673232"><ele>493.5</ele></trkpt>
   <trkpt lat="49.467647" lon="14.673078"><ele>494.5</ele></trkpt>
   <trkpt lat="49.468059" lon="14.672789"><ele>495</ele></trkpt>
   <trkpt lat="49.468461" lon="14.672547"><ele>494.5</ele></trkpt>
   <trkpt lat="49.468966" lon="14.67226"><ele>495.25</ele></trkpt>
   <trkpt lat="49.469435" lon="14.671975"><ele>495.75</ele></trkpt>
   <trkpt lat="49.469853" lon="14.671687"><ele>494</ele></trkpt>
   <trkpt lat="49.46998" lon="14.671589"><ele>493.75</ele></trkpt>
   <trkpt lat="49.470097" lon="14.671499"><ele>494</ele></trkpt>
   <trkpt lat="49.470242" lon="14.671388"><ele>496</ele></trkpt>
   <trkpt lat="49.470622" lon="14.671064"><ele>495.5</ele></trkpt>
   <trkpt lat="49.47097" lon="14.670732"><ele>495.75</ele></trkpt>
   <trkpt lat="49.47135" lon="14.670315"><ele>496.75</ele></trkpt>
   <trkpt lat="49.471582" lon="14.670045"><ele>497</ele></trkpt>
   <trkpt lat="49.472638" lon="14.668823"><ele>498.75</ele></trkpt>
   <trkpt lat="49.472967" lon="14.668484"><ele>499</ele></trkpt>
   <trkpt lat="49.473093" lon="14.66837"><ele>499</ele></trkpt>
   <trkpt lat="49.473282" lon="14.668199"><ele>499</ele></trkpt>
   <trkpt lat="49.473551" lon="14.66793"><ele>499</ele></trkpt>
   <trkpt lat="49.473972" lon="14.667442"><ele>498.75</ele></trkpt>
   <trkpt lat="49.474032" lon="14.667372"><ele>498.5</ele></trkpt>
   <trkpt lat="49.474165" lon="14.667226"><ele>499.75</ele></trkpt>
   <trkpt lat="49.474606" lon="14.666771"><ele>497.75</ele></trkpt>
   <trkpt lat="49.474632" lon="14.666739"><ele>498</ele></trkpt>
   <trkpt lat="49.475188" lon="14.666086"><ele>499.75</ele></trkpt>
   <trkpt lat="49.475385" lon="14.665842"><ele>500.75</ele></trkpt>
   <trkpt lat="49.475562" lon="14.665622"><ele>501.25</ele></trkpt>
   <trkpt lat="49.475867" lon="14.665214"><ele>502</ele></trkpt>
   <trkpt lat="49.476226" lon="14.664708"><ele>501.25</ele></trkpt>
   <trkpt lat="49.476314" lon="14.664583"><ele>501.25</ele></trkpt>
   <trkpt lat="49.477027" lon="14.66347"><ele>501.25</ele></trkpt>
   <trkpt lat="49.477413" lon="14.66288"><ele>500.75</ele></trkpt>
   <trkpt lat="49.47779" lon="14.662322"><ele>501.75</ele></trkpt>
   <trkpt lat="49.478189" lon="14.661778"><ele>501</ele></trkpt>
   <trkpt lat="49.478427" lon="14.661477"><ele>501.25</ele></trkpt>
   <trkpt lat="49.478918" lon="14.660899"><ele>502.25</ele></trkpt>
   <trkpt lat="49.479217" lon="14.660568"><ele>503</ele></trkpt>
   <trkpt lat="49.479774" lon="14.660003"><ele>504.25</ele></trkpt>
   <trkpt lat="49.479999" lon="14.659793"><ele>504.75</ele></trkpt>
   <trkpt lat="49.480495" lon="14.65937"><ele>506</ele></trkpt>
   <trkpt lat="49.481065" lon="14.658926"><ele>507</ele></trkpt>
   <trkpt lat="49.481593" lon="14.658569"><ele>508.25</ele></trkpt>
   <trkpt lat="49.481865" lon="14.658398"><ele>508.75</ele></trkpt>
   <trkpt lat="49.482127" lon="14.658242"><ele>509.25</ele></trkpt>
   <trkpt lat="49.482362" lon="14.658117"><ele>509.75</ele></trkpt>
   <trkpt lat="49.482805" lon="14.657886"><ele>510.75</ele></trkpt>
   <trkpt lat="49.483325" lon="14.657664"><ele>511.75</ele></trkpt>
   <trkpt lat="49.483533" lon="14.657588"><ele>512.25</ele></trkpt>
   <trkpt lat="49.483764" lon="14.657498"><ele>512.25</ele></trkpt>
   <trkpt lat="49.48377" lon="14.657496"><ele>512.25</ele></trkpt>
   <trkpt lat="49.483947" lon="14.657427"><ele>510.25</ele></trkpt>
   <trkpt lat="49.48447" lon="14.657262"><ele>512</ele></trkpt>
   <trkpt lat="49.486884" lon="14.656574"><ele>517.75</ele></trkpt>
   <trkpt lat="49.488511" lon="14.656098"><ele>519.5</ele></trkpt>
   <trkpt lat="49.489829" lon="14.655717"><ele>523.75</ele></trkpt>
   <trkpt lat="49.490663" lon="14.655494"><ele>523</ele></trkpt>
   <trkpt lat="49.491413" lon="14.655323"><ele>522.5</ele></trkpt>
   <trkpt lat="49.492135" lon="14.655179"><ele>522.5</ele></trkpt>
   <trkpt lat="49.492661" lon="14.655085"><ele>521.5</ele></trkpt>
   <trkpt lat="49.492668" lon="14.655084"><ele>521.5</ele></trkpt>
   <trkpt lat="49.49311" lon="14.655005"><ele>522.75</ele></trkpt>
   <trkpt lat="49.493787" lon="14.654904"><ele>522</ele></trkpt>
   <trkpt lat="49.494254" lon="14.654846"><ele>520.75</ele></trkpt>
   <trkpt lat="49.49501" lon="14.654781"><ele>522.75</ele></trkpt>
   <trkpt lat="49.495669" lon="14.654748"><ele>525.25</ele></trkpt>
   <trkpt lat="49.496155" lon="14.654739"><ele>526</ele></trkpt>
   <trkpt lat="49.496943" lon="14.654737"><ele>527.25</ele></trkpt>
   <trkpt lat="49.497731" lon="14.654785"><ele>528.5</ele></trkpt>
   <trkpt lat="49.498517" lon="14.654881"><ele>529.75</ele></trkpt>
   <trkpt lat="49.4993" lon="14.655026"><ele>531</ele></trkpt>
   <trkpt lat="49.500078" lon="14.655219"><ele>532.25</ele></trkpt>
   <trkpt lat="49.500485" lon="14.655321"><ele>532.5</ele></trkpt>
   <trkpt lat="49.501216" lon="14.655538"><ele>531.25</ele></trkpt>
   <trkpt lat="49.502089" lon="14.655837"><ele>531.5</ele></trkpt>
   <trkpt lat="49.502654" lon="14.656061"><ele>532.75</ele></trkpt>
   <trkpt lat="49.502817" lon="14.656134"><ele>533.25</ele></trkpt>
   <trkpt lat="49.503236" lon="14.656334"><ele>535</ele></trkpt>
   <trkpt lat="49.503584" lon="14.656512"><ele>536.5</ele></trkpt>
   <trkpt lat="49.503892" lon="14.656693"><ele>535.5</ele></trkpt>
   <trkpt lat="49.504238" lon="14.65691"><ele>536.25</ele></trkpt>
   <trkpt lat="49.504669" lon="14.657205"><ele>536.5</ele></trkpt>
   <trkpt lat="49.50497" lon="14.657432"><ele>536</ele></trkpt>
   <trkpt lat="49.505343" lon="14.657734"><ele>537</ele></trkpt>
   <trkpt lat="49.505729" lon="14.658079"><ele>536.25</ele></trkpt>
   <trkpt lat="49.506291" lon="14.65862"><ele>537</ele></trkpt>
   <trkpt lat="49.506762" lon="14.659116"><ele>537.75</ele></trkpt>
   <trkpt lat="49.506872" lon="14.659241"><ele>538</ele></trkpt>
   <trkpt lat="49.506891" lon="14.659263"><ele>538</ele></trkpt>
   <trkpt lat="49.507506" lon="14.659979"><ele>537.75</ele></trkpt>
   <trkpt lat="49.50754" lon="14.660019"><ele>537.75</ele></trkpt>
   <trkpt lat="49.510908" lon="14.664099"><ele>535.25</ele></trkpt>
   <trkpt lat="49.510939" lon="14.664136"><ele>535</ele></trkpt>
   <trkpt lat="49.511022" lon="14.664237"><ele>534.75</ele></trkpt>
   <trkpt lat="49.51168" lon="14.665009"><ele>537.5</ele></trkpt>
   <trkpt lat="49.511849" lon="14.665186"><ele>536.75</ele></trkpt>
   <trkpt lat="49.512034" lon="14.665397"><ele>537.25</ele></trkpt>
   <trkpt lat="49.512477" lon="14.665855"><ele>538.75</ele></trkpt>
   <trkpt lat="49.512665" lon="14.666035"><ele>538.75</ele></trkpt>
   <trkpt lat="49.513183" lon="14.666503"><ele>540.75</ele></trkpt>
   <trkpt lat="49.513454" lon="14.666725"><ele>541.25</ele></trkpt>
   <trkpt lat="49.514044" lon="14.66717"><ele>543.75</ele></trkpt>
   <trkpt lat="49.514517" lon="14.667485"><ele>543</ele></trkpt>
   <trkpt lat="49.514861" lon="14.66769"><ele>545</ele></trkpt>
   <trkpt lat="49.51566" lon="14.668092"><ele>545</ele></trkpt>
   <trkpt lat="49.516123" lon="14.668306"><ele>544.75</ele></trkpt>
   <trkpt lat="49.51657" lon="14.668471"><ele>546</ele></trkpt>
   <trkpt lat="49.517044" lon="14.66862"><ele>545.75</ele></trkpt>
   <trkpt lat="49.517668" lon="14.668762"><ele>545</ele></trkpt>
   <trkpt lat="49.518011" lon="14.668833"><ele>546.25</ele></trkpt>
   <trkpt lat="49.518473" lon="14.668891"><ele>547.25</ele></trkpt>
   <trkpt lat="49.519229" lon="14.668929"><ele>548</ele></trkpt>
   <trkpt lat="49.519533" lon="14.668922"><ele>549.25</ele></trkpt>
   <trkpt lat="49.519722" lon="14.668918"><ele>549.75</ele></trkpt>
   <trkpt lat="49.520206" lon="14.668873"><ele>550.75</ele></trkpt>
   <trkpt lat="49.520703" lon="14.668803"><ele>552.75</ele></trkpt>
   <trkpt lat="49.521203" lon="14.668701"><ele>554.25</ele></trkpt>
   <trkpt lat="49.521668" lon="14.668579"><ele>557</ele></trkpt>
   <trkpt lat="49.521883" lon="14.668513"><ele>557.75</ele></trkpt>
   <trkpt lat="49.522419" lon="14.668322"><ele>561</ele></trkpt>
   <trkpt lat="49.523004" lon="14.668069"><ele>562</ele></trkpt>
   <trkpt lat="49.52352" lon="14.667809"><ele>561.75</ele></trkpt>
   <trkpt lat="49.523758" lon="14.667679"><ele>562</ele></trkpt>
   <trkpt lat="49.524354" lon="14.667331"><ele>563.25</ele></trkpt>
   <trkpt lat="49.52456" lon="14.667205"><ele>563.75</ele></trkpt>
   <trkpt lat="49.526731" lon="14.665894"><ele>568</ele></trkpt>
   <trkpt lat="49.528591" lon="14.664769"><ele>571.25</ele></trkpt>
   <trkpt lat="49.529367" lon="14.66429"><ele>572</ele></trkpt>
   <trkpt lat="49.530191" lon="14.663782"><ele>571.75</ele></trkpt>
   <trkpt lat="49.530738" lon="14.663403"><ele>568.75</ele></trkpt>
   <trkpt lat="49.531325" lon="14.662938"><ele>566</ele></trkpt>
   <trkpt lat="49.531758" lon="14.662567"><ele>564.75</ele></trkpt>
   <trkpt lat="49.532183" lon="14.662165"><ele>563</ele></trkpt>
   <trkpt lat="49.532588" lon="14.661757"><ele>563.25</ele></trkpt>
   <trkpt lat="49.533021" lon="14.66127"><ele>563</ele></trkpt>
   <trkpt lat="49.533344" lon="14.660889"><ele>563.75</ele></trkpt>
   <trkpt lat="49.533694" lon="14.660441"><ele>563.25</ele></trkpt>
   <trkpt lat="49.533991" lon="14.660034"><ele>563.5</ele></trkpt>
   <trkpt lat="49.534231" lon="14.659688"><ele>565</ele></trkpt>
   <trkpt lat="49.534603" lon="14.659106"><ele>567.75</ele></trkpt>
   <trkpt lat="49.534729" lon="14.658897"><ele>567</ele></trkpt>
   <trkpt lat="49.534854" lon="14.658684"><ele>570</ele></trkpt>
   <trkpt lat="49.535267" lon="14.657918"><ele>567.75</ele></trkpt>
   <trkpt lat="49.535587" lon="14.657254"><ele>567.25</ele></trkpt>
   <trkpt lat="49.535797" lon="14.656791"><ele>567.25</ele></trkpt>
   <trkpt lat="49.536028" lon="14.656237"><ele>568.25</ele></trkpt>
   <trkpt lat="49.536249" lon="14.655668"><ele>568.25</ele></trkpt>
   <trkpt lat="49.536458" lon="14.655072"><ele>567.75</ele></trkpt>
   <trkpt lat="49.536666" lon="14.654421"><ele>567.75</ele></trkpt>
   <trkpt lat="49.536861" lon="14.653772"><ele>568.75</ele></trkpt>
   <trkpt lat="49.537029" lon="14.653156"><ele>571</ele></trkpt>
   <trkpt lat="49.537087" lon="14.652913"><ele>572</ele></trkpt>
   <trkpt lat="49.537179" lon="14.652536"><ele>571.5</ele></trkpt>
   <trkpt lat="49.537314" lon="14.65192"><ele>575.25</ele></trkpt>
   <trkpt lat="49.537406" lon="14.651451"><ele>577.75</ele></trkpt>
   <trkpt lat="49.537543" lon="14.650615"><ele>579.5</ele></trkpt>
   <trkpt lat="49.537626" lon="14.650026"><ele>583.75</ele></trkpt>
   <trkpt lat="49.537686" lon="14.649527"><ele>583.5</ele></trkpt>
   <trkpt lat="49.537773" lon="14.648636"><ele>579</ele></trkpt>
   <trkpt lat="49.537832" lon="14.647851"><ele>581.75</ele></trkpt>
   <trkpt lat="49.537883" lon="14.647045"><ele>583.5</ele></trkpt>
   <trkpt lat="49.538354" lon="14.638907"><ele>578.25</ele></trkpt>
   <trkpt lat="49.538529" lon="14.635922"><ele>584</ele></trkpt>
   <trkpt lat="49.538582" lon="14.635121"><ele>586.5</ele></trkpt>
   <trkpt lat="49.538655" lon="14.634192"><ele>585.75</ele></trkpt>
   <trkpt lat="49.538754" lon="14.63326"><ele>585</ele></trkpt>
   <trkpt lat="49.538824" lon="14.632766"><ele>584.75</ele></trkpt>
   <trkpt lat="49.538978" lon="14.631828"><ele>584</ele></trkpt>
   <trkpt lat="49.539067" lon="14.631354"><ele>583.75</ele></trkpt>
   <trkpt lat="49.53927" lon="14.630408"><ele>583</ele></trkpt>
   <trkpt lat="49.539379" lon="14.629947"><ele>582.75</ele></trkpt>
   <trkpt lat="49.539627" lon="14.629029"><ele>582</ele></trkpt>
   <trkpt lat="49.539765" lon="14.628575"><ele>581.75</ele></trkpt>
   <trkpt lat="49.539958" lon="14.627977"><ele>581.25</ele></trkpt>
   <trkpt lat="49.540162" lon="14.627403"><ele>580.75</ele></trkpt>
   <trkpt lat="49.540324" lon="14.626974"><ele>580.5</ele></trkpt>
   <trkpt lat="49.540671" lon="14.626131"><ele>579.75</ele></trkpt>
   <trkpt lat="49.541218" lon="14.624949"><ele>578.75</ele></trkpt>
   <trkpt lat="49.541374" lon="14.624647"><ele>578.5</ele></trkpt>
   <trkpt lat="49.541601" lon="14.624253"><ele>578.25</ele></trkpt>
   <trkpt lat="49.541784" lon="14.623953"><ele>578</ele></trkpt>
   <trkpt lat="49.541949" lon="14.623675"><ele>578</ele></trkpt>
   <trkpt lat="49.542232" lon="14.623227"><ele>577.25</ele></trkpt>
   <trkpt lat="49.542694" lon="14.622556"><ele>576.75</ele></trkpt>
   <trkpt lat="49.542933" lon="14.622231"><ele>573.75</ele></trkpt>
   <trkpt lat="49.543134" lon="14.621973"><ele>571.75</ele></trkpt>
   <trkpt lat="49.543535" lon="14.621479"><ele>569.25</ele></trkpt>
   <trkpt lat="49.543734" lon="14.621247"><ele>569</ele></trkpt>
   <trkpt lat="49.544065" lon="14.620874"><ele>572.25</ele></trkpt>
   <trkpt lat="49.544431" lon="14.620482"><ele>573.5</ele></trkpt>
   <trkpt lat="49.544905" lon="14.620009"><ele>573</ele></trkpt>
   <trkpt lat="49.545285" lon="14.619661"><ele>572.75</ele></trkpt>
   <trkpt lat="49.545623" lon="14.61937"><ele>573.25</ele></trkpt>
   <trkpt lat="49.546301" lon="14.618859"><ele>571.5</ele></trkpt>
   <trkpt lat="49.546774" lon="14.618546"><ele>571.75</ele></trkpt>
   <trkpt lat="49.547248" lon="14.618267"><ele>570.5</ele></trkpt>
   <trkpt lat="49.547739" lon="14.618012"><ele>569.25</ele></trkpt>
   <trkpt lat="49.547989" lon="14.617895"><ele>568</ele></trkpt>
   <trkpt lat="49.548476" lon="14.617691"><ele>566</ele></trkpt>
   <trkpt lat="49.549261" lon="14.617408"><ele>568</ele></trkpt>
   <trkpt lat="49.549836" lon="14.617216"><ele>568</ele></trkpt>
   <trkpt lat="49.54987" lon="14.617205"><ele>568</ele></trkpt>
   <trkpt lat="49.550106" lon="14.617114"><ele>569.25</ele></trkpt>
   <trkpt lat="49.550488" lon="14.616941"><ele>567.25</ele></trkpt>
   <trkpt lat="49.550734" lon="14.616846"><ele>569</ele></trkpt>
   <trkpt lat="49.550807" lon="14.616821"><ele>569.5</ele></trkpt>
   <trkpt lat="49.551806" lon="14.616494"><ele>567.25</ele></trkpt>
   <trkpt lat="49.552561" lon="14.616242"><ele>566.5</ele></trkpt>
   <trkpt lat="49.558487" lon="14.614282"><ele>561.5</ele></trkpt>
   <trkpt lat="49.559238" lon="14.614034"><ele>555.75</ele></trkpt>
   <trkpt lat="49.559413" lon="14.613974"><ele>556.5</ele></trkpt>
   <trkpt lat="49.560762" lon="14.613529"><ele>564.25</ele></trkpt>
   <trkpt lat="49.560791" lon="14.613519"><ele>564.5</ele></trkpt>
   <trkpt lat="49.561987" lon="14.613125"><ele>564.25</ele></trkpt>
   <trkpt lat="49.563027" lon="14.612778"><ele>556.25</ele></trkpt>
   <trkpt lat="49.563064" lon="14.612768"><ele>555.75</ele></trkpt>
   <trkpt lat="49.565343" lon="14.612014"><ele>543</ele></trkpt>
   <trkpt lat="49.566906" lon="14.611497"><ele>557</ele></trkpt>
   <trkpt lat="49.567723" lon="14.611197"><ele>560.5</ele></trkpt>
   <trkpt lat="49.568206" lon="14.610997"><ele>559.25</ele></trkpt>
   <trkpt lat="49.568527" lon="14.610844"><ele>556.75</ele></trkpt>
   <trkpt lat="49.568976" lon="14.610608"><ele>552.5</ele></trkpt>
   <trkpt lat="49.569465" lon="14.610316"><ele>547.5</ele></trkpt>
   <trkpt lat="49.56996" lon="14.609985"><ele>548.75</ele></trkpt>
   <trkpt lat="49.570422" lon="14.609637"><ele>553</ele></trkpt>
   <trkpt lat="49.570764" lon="14.609353"><ele>555</ele></trkpt>
   <trkpt lat="49.571327" lon="14.608846"><ele>556.25</ele></trkpt>
   <trkpt lat="49.571752" lon="14.608422"><ele>555.25</ele></trkpt>
   <trkpt lat="49.572029" lon="14.608122"><ele>554.75</ele></trkpt>
   <trkpt lat="49.572376" lon="14.607723"><ele>556</ele></trkpt>
   <trkpt lat="49.572867" lon="14.607109"><ele>556.25</ele></trkpt>
   <trkpt lat="49.573288" lon="14.606524"><ele>555.5</ele></trkpt>
   <trkpt lat="49.573433" lon="14.606305"><ele>555.25</ele></trkpt>
   <trkpt lat="49.573677" lon="14.605923"><ele>554.75</ele></trkpt>
   <trkpt lat="49.574261" lon="14.604907"><ele>554</ele></trkpt>
   <trkpt lat="49.574539" lon="14.604397"><ele>553.5</ele></trkpt>
   <trkpt lat="49.57487" lon="14.603728"><ele>553</ele></trkpt>
   <trkpt lat="49.575138" lon="14.603137"><ele>552.5</ele></trkpt>
   <trkpt lat="49.575526" lon="14.602226"><ele>552</ele></trkpt>
   <trkpt lat="49.575935" lon="14.601231"><ele>551.25</ele></trkpt>
   <trkpt lat="49.576809" lon="14.599063"><ele>549.75</ele></trkpt>
   <trkpt lat="49.576921" lon="14.598776"><ele>549.75</ele></trkpt>
   <trkpt lat="49.57716" lon="14.598203"><ele>546.25</ele></trkpt>
   <trkpt lat="49.577409" lon="14.597605"><ele>544.25</ele></trkpt>
   <trkpt lat="49.577652" lon="14.596962"><ele>541.25</ele></trkpt>
   <trkpt lat="49.578097" lon="14.59585"><ele>536.25</ele></trkpt>
   <trkpt lat="49.578488" lon="14.594906"><ele>532.75</ele></trkpt>
   <trkpt lat="49.57879" lon="14.594233"><ele>530.75</ele></trkpt>
   <trkpt lat="49.57911" lon="14.593573"><ele>529.25</ele></trkpt>
   <trkpt lat="49.579437" lon="14.592949"><ele>527</ele></trkpt>
   <trkpt lat="49.579768" lon="14.592369"><ele>527</ele></trkpt>
   <trkpt lat="49.580122" lon="14.591802"><ele>528.75</ele></trkpt>
   <trkpt lat="49.580468" lon="14.591277"><ele>531</ele></trkpt>
   <trkpt lat="49.580861" lon="14.590747"><ele>529.75</ele></trkpt>
   <trkpt lat="49.581244" lon="14.59026"><ele>526</ele></trkpt>
   <trkpt lat="49.581745" lon="14.589691"><ele>523.5</ele></trkpt>
   <trkpt lat="49.582071" lon="14.589337"><ele>522</ele></trkpt>
   <trkpt lat="49.582449" lon="14.588967"><ele>520.25</ele></trkpt>
   <trkpt lat="49.582786" lon="14.588659"><ele>518.5</ele></trkpt>
   <trkpt lat="49.583113" lon="14.588378"><ele>517.25</ele></trkpt>
   <trkpt lat="49.583529" lon="14.588054"><ele>517.25</ele></trkpt>
   <trkpt lat="49.58425" lon="14.587552"><ele>514</ele></trkpt>
   <trkpt lat="49.58476" lon="14.587248"><ele>513.5</ele></trkpt>
   <trkpt lat="49.585269" lon="14.58698"><ele>514.5</ele></trkpt>
   <trkpt lat="49.585781" lon="14.586749"><ele>514.5</ele></trkpt>
   <trkpt lat="49.586289" lon="14.586552"><ele>516.5</ele></trkpt>
   <trkpt lat="49.5868" lon="14.586394"><ele>519.25</ele></trkpt>
   <trkpt lat="49.586956" lon="14.586354"><ele>520</ele></trkpt>
   <trkpt lat="49.58699" lon="14.586345"><ele>520</ele></trkpt>
   <trkpt lat="49.587286" lon="14.586269"><ele>520.75</ele></trkpt>
   <trkpt lat="49.587907" lon="14.586164"><ele>519.25</ele></trkpt>
   <trkpt lat="49.588061" lon="14.586143"><ele>518.5</ele></trkpt>
   <trkpt lat="49.588315" lon="14.586109"><ele>517</ele></trkpt>
   <trkpt lat="49.588842" lon="14.586063"><ele>513.5</ele></trkpt>
   <trkpt lat="49.590702" lon="14.585961"><ele>521.75</ele></trkpt>
   <trkpt lat="49.59252" lon="14.585864"><ele>514</ele></trkpt>
   <trkpt lat="49.593563" lon="14.585779"><ele>515</ele></trkpt>
   <trkpt lat="49.593811" lon="14.58574"><ele>515.75</ele></trkpt>
   <trkpt lat="49.594499" lon="14.585618"><ele>515.75</ele></trkpt>
   <trkpt lat="49.595108" lon="14.585472"><ele>514.75</ele></trkpt>
   <trkpt lat="49.596797" lon="14.584997"><ele>501.5</ele></trkpt>
   <trkpt lat="49.597536" lon="14.584784"><ele>501.75</ele></trkpt>
   <trkpt lat="49.597619" lon="14.584764"><ele>502.5</ele></trkpt>
   <trkpt lat="49.59828" lon="14.584603"><ele>505.5</ele></trkpt>
   <trkpt lat="49.598792" lon="14.584508"><ele>502.75</ele></trkpt>
   <trkpt lat="49.599396" lon="14.584429"><ele>496.5</ele></trkpt>
   <trkpt lat="49.599474" lon="14.584421"><ele>496</ele></trkpt>
   <trkpt lat="49.599765" lon="14.584395"><ele>497.5</ele></trkpt>
   <trkpt lat="49.600259" lon="14.584374"><ele>504.5</ele></trkpt>
   <trkpt lat="49.600834" lon="14.584373"><ele>507.75</ele></trkpt>
   <trkpt lat="49.601204" lon="14.584385"><ele>507</ele></trkpt>
   <trkpt lat="49.602085" lon="14.584465"><ele>505.25</ele></trkpt>
   <trkpt lat="49.602874" lon="14.584588"><ele>498.5</ele></trkpt>
   <trkpt lat="49.603157" lon="14.584648"><ele>497</ele></trkpt>
   <trkpt lat="49.603842" lon="14.584822"><ele>493.75</ele></trkpt>
   <trkpt lat="49.604872" lon="14.585146"><ele>488.75</ele></trkpt>
   <trkpt lat="49.606278" lon="14.585605"><ele>488.75</ele></trkpt>
   <trkpt lat="49.606825" lon="14.585802"><ele>489</ele></trkpt>
   <trkpt lat="49.607173" lon="14.58594"><ele>489</ele></trkpt>
   <trkpt lat="49.607523" lon="14.586095"><ele>489</ele></trkpt>
   <trkpt lat="49.607863" lon="14.586261"><ele>489</ele></trkpt>
   <trkpt lat="49.608144" lon="14.586408"><ele>489</ele></trkpt>
   <trkpt lat="49.608395" lon="14.586551"><ele>489</ele></trkpt>
   <trkpt lat="49.608542" lon="14.586641"><ele>489.25</ele></trkpt>
   <trkpt lat="49.608896" lon="14.586858"><ele>491.25</ele></trkpt>
   <trkpt lat="49.609004" lon="14.586927"><ele>491.75</ele></trkpt>
   <trkpt lat="49.609822" lon="14.587513"><ele>495.25</ele></trkpt>
   <trkpt lat="49.610149" lon="14.587774"><ele>495</ele></trkpt>
   <trkpt lat="49.610483" lon="14.588056"><ele>494.5</ele></trkpt>
   <trkpt lat="49.611074" lon="14.5886"><ele>492</ele></trkpt>
   <trkpt lat="49.61169" lon="14.589192"><ele>487.25</ele></trkpt>
   <trkpt lat="49.615576" lon="14.593026"><ele>480.25</ele></trkpt>
   <trkpt lat="49.618844" lon="14.596255"><ele>500.25</ele></trkpt>
   <trkpt lat="49.619492" lon="14.596888"><ele>497</ele></trkpt>
   <trkpt lat="49.620141" lon="14.597523"><ele>493.5</ele></trkpt>
   <trkpt lat="49.620244" lon="14.597631"><ele>493.5</ele></trkpt>
   <trkpt lat="49.620812" lon="14.598236"><ele>496.75</ele></trkpt>
   <trkpt lat="49.620997" lon="14.598454"><ele>497.5</ele></trkpt>
   <trkpt lat="49.621893" lon="14.599511"><ele>498.25</ele></trkpt>
   <trkpt lat="49.623087" lon="14.600944"><ele>499.25</ele></trkpt>
   <trkpt lat="49.62838" lon="14.607286"><ele>504.25</ele></trkpt>
   <trkpt lat="49.629531" lon="14.608657"><ele>503</ele></trkpt>
   <trkpt lat="49.629845" lon="14.609055"><ele>502.5</ele></trkpt>
   <trkpt lat="49.630075" lon="14.609357"><ele>501.25</ele></trkpt>
   <trkpt lat="49.630255" lon="14.609607"><ele>500.5</ele></trkpt>
   <trkpt lat="49.63059" lon="14.61011"><ele>499</ele></trkpt>
   <trkpt lat="49.630909" lon="14.610627"><ele>496.5</ele></trkpt>
   <trkpt lat="49.6311" lon="14.610958"><ele>494.5</ele></trkpt>
   <trkpt lat="49.631377" lon="14.611465"><ele>493.75</ele></trkpt>
   <trkpt lat="49.63183" lon="14.612364"><ele>492.25</ele></trkpt>
   <trkpt lat="49.632418" lon="14.613559"><ele>490.25</ele></trkpt>
   <trkpt lat="49.632572" lon="14.613862"><ele>491</ele></trkpt>
   <trkpt lat="49.632867" lon="14.614415"><ele>494</ele></trkpt>
   <trkpt lat="49.633176" lon="14.614944"><ele>494.5</ele></trkpt>
   <trkpt lat="49.633356" lon="14.615234"><ele>494</ele></trkpt>
   <trkpt lat="49.633536" lon="14.615509"><ele>494</ele></trkpt>
   <trkpt lat="49.633886" lon="14.616012"><ele>493.25</ele></trkpt>
   <trkpt lat="49.634265" lon="14.616506"><ele>494</ele></trkpt>
   <trkpt lat="49.634466" lon="14.61675"><ele>492.25</ele></trkpt>
   <trkpt lat="49.634875" lon="14.617213"><ele>492</ele></trkpt>
   <trkpt lat="49.635313" lon="14.61766"><ele>493.75</ele></trkpt>
   <trkpt lat="49.635565" lon="14.617898"><ele>495</ele></trkpt>
   <trkpt lat="49.635818" lon="14.618121"><ele>490.75</ele></trkpt>
   <trkpt lat="49.636231" lon="14.618459"><ele>491.5</ele></trkpt>
   <trkpt lat="49.636636" lon="14.618755"><ele>491.25</ele></trkpt>
   <trkpt lat="49.637079" lon="14.619045"><ele>488</ele></trkpt>
   <trkpt lat="49.637434" lon="14.619264"><ele>489.25</ele></trkpt>
   <trkpt lat="49.638291" lon="14.619763"><ele>489</ele></trkpt>
   <trkpt lat="49.639026" lon="14.620174"><ele>489</ele></trkpt>
   <trkpt lat="49.639058" lon="14.620192"><ele>489</ele></trkpt>
   <trkpt lat="49.639824" lon="14.620612"><ele>488</ele></trkpt>
   <trkpt lat="49.641412" lon="14.621477"><ele>487</ele></trkpt>
   <trkpt lat="49.641882" lon="14.621758"><ele>486.25</ele></trkpt>
   <trkpt lat="49.642321" lon="14.622029"><ele>486.75</ele></trkpt>
   <trkpt lat="49.642708" lon="14.622282"><ele>486.25</ele></trkpt>
   <trkpt lat="49.643496" lon="14.622818"><ele>483.75</ele></trkpt>
   <trkpt lat="49.644154" lon="14.623289"><ele>483.5</ele></trkpt>
   <trkpt lat="49.644477" lon="14.623519"><ele>482.5</ele></trkpt>
   <trkpt lat="49.644504" lon="14.623538"><ele>482.75</ele></trkpt>
   <trkpt lat="49.644544" lon="14.623566"><ele>482.75</ele></trkpt>
   <trkpt lat="49.644781" lon="14.623755"><ele>483.25</ele></trkpt>
   <trkpt lat="49.644921" lon="14.623882"><ele>483.5</ele></trkpt>
   <trkpt lat="49.645155" lon="14.624074"><ele>485</ele></trkpt>
   <trkpt lat="49.645216" lon="14.624117"><ele>485</ele></trkpt>
   <trkpt lat="49.645898" lon="14.624603"><ele>487.25</ele></trkpt>
   <trkpt lat="49.646127" lon="14.624754"><ele>486.25</ele></trkpt>
   <trkpt lat="49.646832" lon="14.625174"><ele>484</ele></trkpt>
   <trkpt lat="49.647296" lon="14.625408"><ele>484.5</ele></trkpt>
   <trkpt lat="49.647731" lon="14.625598"><ele>481.5</ele></trkpt>
   <trkpt lat="49.648208" lon="14.625764"><ele>475.75</ele></trkpt>
   <trkpt lat="49.648436" lon="14.625833"><ele>471.75</ele></trkpt>
   <trkpt lat="49.649126" lon="14.626007"><ele>475.5</ele></trkpt>
   <trkpt lat="49.649555" lon="14.626077"><ele>477.75</ele></trkpt>
   <trkpt lat="49.649991" lon="14.626122"><ele>481.75</ele></trkpt>
   <trkpt lat="49.650249" lon="14.626137"><ele>481.25</ele></trkpt>
   <trkpt lat="49.650645" lon="14.626145"><ele>480.5</ele></trkpt>
   <trkpt lat="49.650972" lon="14.626118"><ele>480</ele></trkpt>
   <trkpt lat="49.651479" lon="14.626034"><ele>479.25</ele></trkpt>
   <trkpt lat="49.651942" lon="14.625923"><ele>478.25</ele></trkpt>
   <trkpt lat="49.652708" lon="14.625702"><ele>477</ele></trkpt>
   <trkpt lat="49.653402" lon="14.625457"><ele>475.75</ele></trkpt>
   <trkpt lat="49.653964" lon="14.625204"><ele>475</ele></trkpt>
   <trkpt lat="49.654262" lon="14.625035"><ele>474.25</ele></trkpt>
   <trkpt lat="49.65441" lon="14.624951"><ele>474</ele></trkpt>
   <trkpt lat="49.65536" lon="14.624359"><ele>472.5</ele></trkpt>
   <trkpt lat="49.656188" lon="14.623771"><ele>471.25</ele></trkpt>
   <trkpt lat="49.656999" lon="14.623249"><ele>470.25</ele></trkpt>
   <trkpt lat="49.657481" lon="14.622939"><ele>469.5</ele></trkpt>
   <trkpt lat="49.657828" lon="14.622762"><ele>469</ele></trkpt>
   <trkpt lat="49.658062" lon="14.622673"><ele>468.75</ele></trkpt>
   <trkpt lat="49.659379" lon="14.622335"><ele>467</ele></trkpt>
   <trkpt lat="49.659813" lon="14.622257"><ele>466.5</ele></trkpt>
   <trkpt lat="49.660329" lon="14.62221"><ele>465.75</ele></trkpt>
   <trkpt lat="49.660636" lon="14.622193"><ele>466</ele></trkpt>
   <trkpt lat="49.660899" lon="14.622192"><ele>465</ele></trkpt>
   <trkpt lat="49.661388" lon="14.622212"><ele>463</ele></trkpt>
   <trkpt lat="49.661622" lon="14.622237"><ele>463.75</ele></trkpt>
   <trkpt lat="49.662098" lon="14.622307"><ele>459.5</ele></trkpt>
   <trkpt lat="49.66242" lon="14.622375"><ele>457.5</ele></trkpt>
   <trkpt lat="49.662598" lon="14.622422"><ele>455.75</ele></trkpt>
   <trkpt lat="49.662847" lon="14.622486"><ele>453.5</ele></trkpt>
   <trkpt lat="49.663321" lon="14.622633"><ele>459.25</ele></trkpt>
   <trkpt lat="49.663572" lon="14.622713"><ele>460</ele></trkpt>
   <trkpt lat="49.663611" lon="14.622726"><ele>460</ele></trkpt>
   <trkpt lat="49.663932" lon="14.622816"><ele>460.25</ele></trkpt>
   <trkpt lat="49.664151" lon="14.622867"><ele>460</ele></trkpt>
   <trkpt lat="49.664463" lon="14.622964"><ele>460.25</ele></trkpt>
   <trkpt lat="49.664507" lon="14.622981"><ele>460.25</ele></trkpt>
   <trkpt lat="49.664536" lon="14.622993"><ele>460</ele></trkpt>
   <trkpt lat="49.664849" lon="14.623137"><ele>460</ele></trkpt>
   <trkpt lat="49.66536" lon="14.623405"><ele>459.75</ele></trkpt>
   <trkpt lat="49.665511" lon="14.623473"><ele>459.75</ele></trkpt>
   <trkpt lat="49.666218" lon="14.623807"><ele>459.75</ele></trkpt>
   <trkpt lat="49.667077" lon="14.624237"><ele>460</ele></trkpt>
   <trkpt lat="49.668811" lon="14.625103"><ele>460</ele></trkpt>
   <trkpt lat="49.669469" lon="14.625428"><ele>459.5</ele></trkpt>
   <trkpt lat="49.67059" lon="14.625986"><ele>459</ele></trkpt>
   <trkpt lat="49.671025" lon="14.626186"><ele>459</ele></trkpt>
   <trkpt lat="49.671406" lon="14.626342"><ele>459</ele></trkpt>
   <trkpt lat="49.671802" lon="14.626484"><ele>458.25</ele></trkpt>
   <trkpt lat="49.67223" lon="14.626622"><ele>457.75</ele></trkpt>
   <trkpt lat="49.672667" lon="14.626744"><ele>457</ele></trkpt>
   <trkpt lat="49.672797" lon="14.62678"><ele>456.75</ele></trkpt>
   <trkpt lat="49.672981" lon="14.626832"><ele>455.75</ele></trkpt>
   <trkpt lat="49.67383" lon="14.627063"><ele>453.5</ele></trkpt>
   <trkpt lat="49.67386" lon="14.627071"><ele>453.5</ele></trkpt>
   <trkpt lat="49.673983" lon="14.627103"><ele>453</ele></trkpt>
   <trkpt lat="49.674399" lon="14.627187"><ele>453.25</ele></trkpt>
   <trkpt lat="49.674662" lon="14.627223"><ele>454.75</ele></trkpt>
   <trkpt lat="49.675049" lon="14.627297"><ele>451.5</ele></trkpt>
   <trkpt lat="49.675089" lon="14.627307"><ele>451.5</ele></trkpt>
   <trkpt lat="49.67518" lon="14.627328"><ele>451.5</ele></trkpt>
   <trkpt lat="49.676261" lon="14.627561"><ele>453</ele></trkpt>
   <trkpt lat="49.678966" lon="14.628129"><ele>446.25</ele></trkpt>
   <trkpt lat="49.679809" lon="14.628326"><ele>442</ele></trkpt>
   <trkpt lat="49.680353" lon="14.628476"><ele>438</ele></trkpt>
   <trkpt lat="49.681173" lon="14.628755"><ele>442.75</ele></trkpt>
   <trkpt lat="49.6817" lon="14.628972"><ele>442.5</ele></trkpt>
   <trkpt lat="49.682229" lon="14.629218"><ele>443</ele></trkpt>
   <trkpt lat="49.682948" lon="14.629574"><ele>446</ele></trkpt>
   <trkpt lat="49.683399" lon="14.629794"><ele>445.25</ele></trkpt>
   <trkpt lat="49.685103" lon="14.630648"><ele>443.25</ele></trkpt>
   <trkpt lat="49.688323" lon="14.632263"><ele>439.5</ele></trkpt>
   <trkpt lat="49.689223" lon="14.632784"><ele>438.5</ele></trkpt>
   <trkpt lat="49.690098" lon="14.633379"><ele>437.5</ele></trkpt>
   <trkpt lat="49.690551" lon="14.633703"><ele>437</ele></trkpt>
   <trkpt lat="49.690966" lon="14.63406"><ele>436.25</ele></trkpt>
   <trkpt lat="49.691304" lon="14.63444"><ele>436</ele></trkpt>
   <trkpt lat="49.691995" lon="14.635324"><ele>435</ele></trkpt>
   <trkpt lat="49.692536" lon="14.636014"><ele>435</ele></trkpt>
   <trkpt lat="49.692861" lon="14.636469"><ele>434.5</ele></trkpt>
   <trkpt lat="49.693144" lon="14.636901"><ele>433</ele></trkpt>
   <trkpt lat="49.693402" lon="14.637304"><ele>431.25</ele></trkpt>
   <trkpt lat="49.693761" lon="14.637911"><ele>431.25</ele></trkpt>
   <trkpt lat="49.693947" lon="14.638249"><ele>430.5</ele></trkpt>
   <trkpt lat="49.694287" lon="14.638915"><ele>431</ele></trkpt>
   <trkpt lat="49.694597" lon="14.639569"><ele>429.75</ele></trkpt>
   <trkpt lat="49.694736" lon="14.639888"><ele>428.5</ele></trkpt>
   <trkpt lat="49.695027" lon="14.640595"><ele>428</ele></trkpt>
   <trkpt lat="49.695282" lon="14.641275"><ele>427.25</ele></trkpt>
   <trkpt lat="49.695515" lon="14.641962"><ele>426.75</ele></trkpt>
   <trkpt lat="49.695737" lon="14.64268"><ele>426</ele></trkpt>
   <trkpt lat="49.695955" lon="14.643421"><ele>425.25</ele></trkpt>
   <trkpt lat="49.697394" lon="14.648603"><ele>422</ele></trkpt>
   <trkpt lat="49.697858" lon="14.650271"><ele>417.5</ele></trkpt>
   <trkpt lat="49.69799" lon="14.650758"><ele>416</ele></trkpt>
   <trkpt lat="49.698259" lon="14.651719"><ele>417.25</ele></trkpt>
   <trkpt lat="49.698547" lon="14.652747"><ele>418</ele></trkpt>
   <trkpt lat="49.698756" lon="14.653432"><ele>418</ele></trkpt>
   <trkpt lat="49.699002" lon="14.654181"><ele>418</ele></trkpt>
   <trkpt lat="49.699254" lon="14.654874"><ele>419</ele></trkpt>
   <trkpt lat="49.699395" lon="14.655239"><ele>421</ele></trkpt>
   <trkpt lat="49.699693" lon="14.655938"><ele>421.5</ele></trkpt>
   <trkpt lat="49.700001" lon="14.656583"><ele>421.25</ele></trkpt>
   <trkpt lat="49.700344" lon="14.657229"><ele>418.25</ele></trkpt>
   <trkpt lat="49.7007" lon="14.657845"><ele>416</ele></trkpt>
   <trkpt lat="49.700908" lon="14.658167"><ele>414.25</ele></trkpt>
   <trkpt lat="49.701085" lon="14.658448"><ele>413</ele></trkpt>
   <trkpt lat="49.701262" lon="14.658713"><ele>411.75</ele></trkpt>
   <trkpt lat="49.701639" lon="14.659232"><ele>408.75</ele></trkpt>
   <trkpt lat="49.70205" lon="14.659759"><ele>405.75</ele></trkpt>
   <trkpt lat="49.702457" lon="14.660221"><ele>403.25</ele></trkpt>
   <trkpt lat="49.702862" lon="14.660636"><ele>405.25</ele></trkpt>
   <trkpt lat="49.70325" lon="14.661016"><ele>409.25</ele></trkpt>
   <trkpt lat="49.703332" lon="14.661096"><ele>410</ele></trkpt>
   <trkpt lat="49.703802" lon="14.661501"><ele>409.75</ele></trkpt>
   <trkpt lat="49.70414" lon="14.661787"><ele>409.5</ele></trkpt>
   <trkpt lat="49.704603" lon="14.662091"><ele>409.25</ele></trkpt>
   <trkpt lat="49.705261" lon="14.662465"><ele>409</ele></trkpt>
   <trkpt lat="49.705559" lon="14.662623"><ele>409</ele></trkpt>
   <trkpt lat="49.70616" lon="14.662901"><ele>408.75</ele></trkpt>
   <trkpt lat="49.706469" lon="14.663029"><ele>408.75</ele></trkpt>
   <trkpt lat="49.706806" lon="14.663148"><ele>408.75</ele></trkpt>
   <trkpt lat="49.707159" lon="14.66326"><ele>402.5</ele></trkpt>
   <trkpt lat="49.707423" lon="14.663329"><ele>398</ele></trkpt>
   <trkpt lat="49.707999" lon="14.663455"><ele>401.25</ele></trkpt>
   <trkpt lat="49.708572" lon="14.663536"><ele>407.25</ele></trkpt>
   <trkpt lat="49.709352" lon="14.663592"><ele>408</ele></trkpt>
   <trkpt lat="49.709459" lon="14.663591"><ele>407.5</ele></trkpt>
   <trkpt lat="49.709701" lon="14.663589"><ele>407.75</ele></trkpt>
   <trkpt lat="49.710409" lon="14.663578"><ele>409</ele></trkpt>
   <trkpt lat="49.710752" lon="14.663542"><ele>409.5</ele></trkpt>
   <trkpt lat="49.71109" lon="14.663473"><ele>410</ele></trkpt>
   <trkpt lat="49.711926" lon="14.663258"><ele>411.5</ele></trkpt>
   <trkpt lat="49.712307" lon="14.663146"><ele>411.5</ele></trkpt>
   <trkpt lat="49.712761" lon="14.662977"><ele>409.25</ele></trkpt>
   <trkpt lat="49.713231" lon="14.662779"><ele>407.5</ele></trkpt>
   <trkpt lat="49.713695" lon="14.662557"><ele>405.25</ele></trkpt>
   <trkpt lat="49.714202" lon="14.662279"><ele>403.5</ele></trkpt>
   <trkpt lat="49.714406" lon="14.662147"><ele>395</ele></trkpt>
   <trkpt lat="49.716568" lon="14.66076"><ele>403.75</ele></trkpt>
   <trkpt lat="49.716831" lon="14.6606"><ele>402</ele></trkpt>
   <trkpt lat="49.717064" lon="14.66046"><ele>399.5</ele></trkpt>
   <trkpt lat="49.717295" lon="14.660333"><ele>397.5</ele></trkpt>
   <trkpt lat="49.717813" lon="14.660086"><ele>394.5</ele></trkpt>
   <trkpt lat="49.718071" lon="14.659981"><ele>396.75</ele></trkpt>
   <trkpt lat="49.718601" lon="14.659788"><ele>394.5</ele></trkpt>
   <trkpt lat="49.718846" lon="14.659705"><ele>388.25</ele></trkpt>
   <trkpt lat="49.719113" lon="14.65963"><ele>387.5</ele></trkpt>
   <trkpt lat="49.719398" lon="14.659568"><ele>388</ele></trkpt>
   <trkpt lat="49.719925" lon="14.659476"><ele>390.5</ele></trkpt>
   <trkpt lat="49.720463" lon="14.659417"><ele>389.25</ele></trkpt>
   <trkpt lat="49.720736" lon="14.659407"><ele>389.25</ele></trkpt>
   <trkpt lat="49.721285" lon="14.659405"><ele>388.25</ele></trkpt>
   <trkpt lat="49.721836" lon="14.659443"><ele>388</ele></trkpt>
   <trkpt lat="49.723035" lon="14.659561"><ele>385.25</ele></trkpt>
   <trkpt lat="49.723081" lon="14.659567"><ele>385.25</ele></trkpt>
   <trkpt lat="49.724001" lon="14.659673"><ele>386.5</ele></trkpt>
   <trkpt lat="49.724597" lon="14.659768"><ele>387</ele></trkpt>
   <trkpt lat="49.725096" lon="14.659861"><ele>385</ele></trkpt>
   <trkpt lat="49.72777" lon="14.660401"><ele>378.25</ele></trkpt>
   <trkpt lat="49.728463" lon="14.660545"><ele>378.5</ele></trkpt>
   <trkpt lat="49.728592" lon="14.66057"><ele>377</ele></trkpt>
   <trkpt lat="49.73098" lon="14.661054"><ele>376.5</ele></trkpt>
   <trkpt lat="49.732026" lon="14.661225"><ele>376</ele></trkpt>
   <trkpt lat="49.733538" lon="14.661437"><ele>375</ele></trkpt>
   <trkpt lat="49.734752" lon="14.661606"><ele>373.5</ele></trkpt>
   <trkpt lat="49.736353" lon="14.661838"><ele>371.25</ele></trkpt>
   <trkpt lat="49.736771" lon="14.661891"><ele>371</ele></trkpt>
   <trkpt lat="49.737509" lon="14.662011"><ele>370.75</ele></trkpt>
   <trkpt lat="49.737957" lon="14.662124"><ele>370.25</ele></trkpt>
   <trkpt lat="49.738379" lon="14.662282"><ele>370</ele></trkpt>
   <trkpt lat="49.738778" lon="14.662486"><ele>369.25</ele></trkpt>
   <trkpt lat="49.738954" lon="14.662596"><ele>369</ele></trkpt>
   <trkpt lat="49.739142" lon="14.66272"><ele>368.75</ele></trkpt>
   <trkpt lat="49.739328" lon="14.662857"><ele>368.75</ele></trkpt>
   <trkpt lat="49.73951" lon="14.663006"><ele>369</ele></trkpt>
   <trkpt lat="49.739879" lon="14.663352"><ele>368.75</ele></trkpt>
   <trkpt lat="49.740035" lon="14.663523"><ele>368.75</ele></trkpt>
   <trkpt lat="49.740369" lon="14.663922"><ele>368.25</ele></trkpt>
   <trkpt lat="49.740531" lon="14.66414"><ele>368.5</ele></trkpt>
   <trkpt lat="49.74073" lon="14.664436"><ele>368</ele></trkpt>
   <trkpt lat="49.740855" lon="14.664637"><ele>368.25</ele></trkpt>
   <trkpt lat="49.741106" lon="14.665086"><ele>368.75</ele></trkpt>
   <trkpt lat="49.741377" lon="14.665653"><ele>368.75</ele></trkpt>
   <trkpt lat="49.741511" lon="14.665955"><ele>369</ele></trkpt>
   <trkpt lat="49.743579" lon="14.670837"><ele>368</ele></trkpt>
   <trkpt lat="49.743719" lon="14.671171"><ele>368</ele></trkpt>
   <trkpt lat="49.743722" lon="14.671177"><ele>368</ele></trkpt>
   <trkpt lat="49.743724" lon="14.671183"><ele>368</ele></trkpt>
   <trkpt lat="49.743882" lon="14.671557"><ele>368</ele></trkpt>
   <trkpt lat="49.744046" lon="14.671919"><ele>365.25</ele></trkpt>
   <trkpt lat="49.744577" lon="14.673184"><ele>366.25</ele></trkpt>
   <trkpt lat="49.744726" lon="14.673544"><ele>369</ele></trkpt>
   <trkpt lat="49.745107" lon="14.674457"><ele>369.5</ele></trkpt>
   <trkpt lat="49.745559" lon="14.675527"><ele>371.75</ele></trkpt>
   <trkpt lat="49.745703" lon="14.675845"><ele>371.5</ele></trkpt>
   <trkpt lat="49.745978" lon="14.676385"><ele>372.25</ele></trkpt>
   <trkpt lat="49.746105" lon="14.676603"><ele>372.75</ele></trkpt>
   <trkpt lat="49.74636" lon="14.676995"><ele>373</ele></trkpt>
   <trkpt lat="49.746661" lon="14.677375"><ele>374</ele></trkpt>
   <trkpt lat="49.74697" lon="14.677699"><ele>374</ele></trkpt>
   <trkpt lat="49.747111" lon="14.677825"><ele>374.75</ele></trkpt>
   <trkpt lat="49.747272" lon="14.677962"><ele>375</ele></trkpt>
   <trkpt lat="49.747445" lon="14.678091"><ele>374.25</ele></trkpt>
   <trkpt lat="49.747808" lon="14.678316"><ele>374.5</ele></trkpt>
   <trkpt lat="49.747992" lon="14.678407"><ele>376.25</ele></trkpt>
   <trkpt lat="49.748176" lon="14.678485"><ele>376</ele></trkpt>
   <trkpt lat="49.748536" lon="14.6786"><ele>374.75</ele></trkpt>
   <trkpt lat="49.748755" lon="14.678643"><ele>375.5</ele></trkpt>
   <trkpt lat="49.748924" lon="14.678663"><ele>375.75</ele></trkpt>
   <trkpt lat="49.749279" lon="14.678683"><ele>374.5</ele></trkpt>
   <trkpt lat="49.74948" lon="14.67867"><ele>374</ele></trkpt>
   <trkpt lat="49.749828" lon="14.678614"><ele>373.75</ele></trkpt>
   <trkpt lat="49.750203" lon="14.678499"><ele>373.25</ele></trkpt>
   <trkpt lat="49.750395" lon="14.67842"><ele>372.5</ele></trkpt>
   <trkpt lat="49.750525" lon="14.678354"><ele>372.75</ele></trkpt>
   <trkpt lat="49.750642" lon="14.678291"><ele>372.5</ele></trkpt>
   <trkpt lat="49.750858" lon="14.67817"><ele>372.25</ele></trkpt>
   <trkpt lat="49.750973" lon="14.678087"><ele>372.75</ele></trkpt>
   <trkpt lat="49.751288" lon="14.67784"><ele>373</ele></trkpt>
   <trkpt lat="49.751636" lon="14.677528"><ele>374.5</ele></trkpt>
   <trkpt lat="49.752502" lon="14.676652"><ele>375.75</ele></trkpt>
   <trkpt lat="49.752848" lon="14.676326"><ele>376</ele></trkpt>
   <trkpt lat="49.753125" lon="14.676101"><ele>376</ele></trkpt>
   <trkpt lat="49.753215" lon="14.67603"><ele>375.75</ele></trkpt>
   <trkpt lat="49.753569" lon="14.675809"><ele>376.25</ele></trkpt>
   <trkpt lat="49.753916" lon="14.67564"><ele>376.25</ele></trkpt>
   <trkpt lat="49.754284" lon="14.675516"><ele>377</ele></trkpt>
   <trkpt lat="49.754501" lon="14.675469"><ele>377.75</ele></trkpt>
   <trkpt lat="49.754704" lon="14.675439"><ele>378.25</ele></trkpt>
   <trkpt lat="49.754891" lon="14.675422"><ele>379</ele></trkpt>
   <trkpt lat="49.755055" lon="14.675418"><ele>379.5</ele></trkpt>
   <trkpt lat="49.755265" lon="14.675429"><ele>379.25</ele></trkpt>
   <trkpt lat="49.755585" lon="14.675471"><ele>379</ele></trkpt>
   <trkpt lat="49.755802" lon="14.675528"><ele>378</ele></trkpt>
   <trkpt lat="49.755998" lon="14.675592"><ele>378</ele></trkpt>
   <trkpt lat="49.756172" lon="14.675658"><ele>377.5</ele></trkpt>
   <trkpt lat="49.756366" lon="14.675749"><ele>376.75</ele></trkpt>
   <trkpt lat="49.756704" lon="14.675949"><ele>376.25</ele></trkpt>
   <trkpt lat="49.75689" lon="14.676081"><ele>377.75</ele></trkpt>
   <trkpt lat="49.757061" lon="14.676218"><ele>379</ele></trkpt>
   <trkpt lat="49.757219" lon="14.676357"><ele>379</ele></trkpt>
   <trkpt lat="49.757373" lon="14.676507"><ele>379.5</ele></trkpt>
   <trkpt lat="49.757535" lon="14.676679"><ele>379.25</ele></trkpt>
   <trkpt lat="49.757833" lon="14.677046"><ele>380</ele></trkpt>
   <trkpt lat="49.758112" lon="14.677453"><ele>380.25</ele></trkpt>
   <trkpt lat="49.758362" lon="14.677891"><ele>380.25</ele></trkpt>
   <trkpt lat="49.758596" lon="14.67838"><ele>380</ele></trkpt>
   <trkpt lat="49.758708" lon="14.678635"><ele>381.25</ele></trkpt>
   <trkpt lat="49.758817" lon="14.678933"><ele>380.75</ele></trkpt>
   <trkpt lat="49.758979" lon="14.679382"><ele>381.5</ele></trkpt>
   <trkpt lat="49.761012" lon="14.685329"><ele>389</ele></trkpt>
   <trkpt lat="49.761622" lon="14.687075"><ele>386.25</ele></trkpt>
   <trkpt lat="49.761795" lon="14.687499"><ele>387.25</ele></trkpt>
   <trkpt lat="49.761946" lon="14.687836"><ele>382.5</ele></trkpt>
   <trkpt lat="49.762062" lon="14.688066"><ele>387</ele></trkpt>
   <trkpt lat="49.762295" lon="14.688468"><ele>384.5</ele></trkpt>
   <trkpt lat="49.76241" lon="14.688651"><ele>386</ele></trkpt>
   <trkpt lat="49.762556" lon="14.688859"><ele>383.75</ele></trkpt>
   <trkpt lat="49.762841" lon="14.689206"><ele>382.5</ele></trkpt>
   <trkpt lat="49.76315" lon="14.689532"><ele>383</ele></trkpt>
   <trkpt lat="49.763321" lon="14.689686"><ele>381.75</ele></trkpt>
   <trkpt lat="49.763491" lon="14.689825"><ele>382.5</ele></trkpt>
   <trkpt lat="49.763831" lon="14.690062"><ele>382</ele></trkpt>
   <trkpt lat="49.764164" lon="14.690242"><ele>379.5</ele></trkpt>
   <trkpt lat="49.764342" lon="14.690322"><ele>380.25</ele></trkpt>
   <trkpt lat="49.764525" lon="14.690386"><ele>380.25</ele></trkpt>
   <trkpt lat="49.76473" lon="14.690447"><ele>379.75</ele></trkpt>
   <trkpt lat="49.764914" lon="14.690489"><ele>378.75</ele></trkpt>
   <trkpt lat="49.765308" lon="14.690531"><ele>377.25</ele></trkpt>
   <trkpt lat="49.765479" lon="14.690535"><ele>377</ele></trkpt>
   <trkpt lat="49.765674" lon="14.690525"><ele>377.25</ele></trkpt>
   <trkpt lat="49.765858" lon="14.690507"><ele>377</ele></trkpt>
   <trkpt lat="49.766054" lon="14.690465"><ele>376.25</ele></trkpt>
   <trkpt lat="49.766234" lon="14.690419"><ele>376.25</ele></trkpt>
   <trkpt lat="49.766438" lon="14.690353"><ele>376.75</ele></trkpt>
   <trkpt lat="49.766816" lon="14.690189"><ele>378</ele></trkpt>
   <trkpt lat="49.76703" lon="14.690079"><ele>378.5</ele></trkpt>
   <trkpt lat="49.767241" lon="14.689951"><ele>376</ele></trkpt>
   <trkpt lat="49.767875" lon="14.689568"><ele>376</ele></trkpt>
   <trkpt lat="49.769599" lon="14.688497"><ele>372.25</ele></trkpt>
   <trkpt lat="49.770504" lon="14.687936"><ele>371.5</ele></trkpt>
   <trkpt lat="49.771593" lon="14.687284"><ele>370.75</ele></trkpt>
   <trkpt lat="49.771617" lon="14.687271"><ele>370.75</ele></trkpt>
   <trkpt lat="49.771912" lon="14.687114"><ele>370.5</ele></trkpt>
   <trkpt lat="49.772314" lon="14.686925"><ele>369</ele></trkpt>
   <trkpt lat="49.772637" lon="14.686758"><ele>369.25</ele></trkpt>
   <trkpt lat="49.772709" lon="14.686716"><ele>369</ele></trkpt>
   <trkpt lat="49.773042" lon="14.686523"><ele>369</ele></trkpt>
   <trkpt lat="49.773653" lon="14.686172"><ele>367.75</ele></trkpt>
   <trkpt lat="49.776748" lon="14.684396"><ele>365</ele></trkpt>
   <trkpt lat="49.77982" lon="14.682636"><ele>364</ele></trkpt>
   <trkpt lat="49.780528" lon="14.682239"><ele>364</ele></trkpt>
   <trkpt lat="49.781121" lon="14.68194"><ele>364</ele></trkpt>
   <trkpt lat="49.781192" lon="14.681903"><ele>364</ele></trkpt>
   <trkpt lat="49.781853" lon="14.681574"><ele>364</ele></trkpt>
   <trkpt lat="49.781891" lon="14.681555"><ele>364</ele></trkpt>
   <trkpt lat="49.782218" lon="14.68139"><ele>364</ele></trkpt>
   <trkpt lat="49.782318" lon="14.681348"><ele>365</ele></trkpt>
   <trkpt lat="49.782407" lon="14.681311"><ele>365.75</ele></trkpt>
   <trkpt lat="49.782558" lon="14.681255"><ele>366.75</ele></trkpt>
   <trkpt lat="49.782854" lon="14.681194"><ele>366</ele></trkpt>
   <trkpt lat="49.78308" lon="14.681177"><ele>364</ele></trkpt>
   <trkpt lat="49.78338" lon="14.681202"><ele>364.75</ele></trkpt>
   <trkpt lat="49.78349" lon="14.681222"><ele>365</ele></trkpt>
   <trkpt lat="49.783743" lon="14.681307"><ele>364.75</ele></trkpt>
   <trkpt lat="49.784017" lon="14.681436"><ele>364.5</ele></trkpt>
   <trkpt lat="49.78427" lon="14.681598"><ele>363.75</ele></trkpt>
   <trkpt lat="49.78439" lon="14.681693"><ele>363</ele></trkpt>
   <trkpt lat="49.78455" lon="14.681837"><ele>364.25</ele></trkpt>
   <trkpt lat="49.784768" lon="14.682076"><ele>364</ele></trkpt>
   <trkpt lat="49.784909" lon="14.682252"><ele>363.5</ele></trkpt>
   <trkpt lat="49.785137" lon="14.682566"><ele>363.25</ele></trkpt>
   <trkpt lat="49.786937" lon="14.685063"><ele>360.5</ele></trkpt>
   <trkpt lat="49.787581" lon="14.686002"><ele>359.25</ele></trkpt>
   <trkpt lat="49.787854" lon="14.686454"><ele>357.25</ele></trkpt>
   <trkpt lat="49.787962" lon="14.686654"><ele>356.5</ele></trkpt>
   <trkpt lat="49.788182" lon="14.687113"><ele>355.25</ele></trkpt>
   <trkpt lat="49.788381" lon="14.687594"><ele>355</ele></trkpt>
   <trkpt lat="49.788476" lon="14.687853"><ele>354.25</ele></trkpt>
   <trkpt lat="49.788565" lon="14.688121"><ele>355.5</ele></trkpt>
   <trkpt lat="49.788714" lon="14.688641"><ele>354.25</ele></trkpt>
   <trkpt lat="49.788781" lon="14.688929"><ele>354.5</ele></trkpt>
   <trkpt lat="49.788866" lon="14.689352"><ele>354</ele></trkpt>
   <trkpt lat="49.788901" lon="14.689538"><ele>354.5</ele></trkpt>
   <trkpt lat="49.789006" lon="14.690185"><ele>354.5</ele></trkpt>
   <trkpt lat="49.789115" lon="14.690891"><ele>354</ele></trkpt>
   <trkpt lat="49.789231" lon="14.691505"><ele>354</ele></trkpt>
   <trkpt lat="49.789334" lon="14.691949"><ele>353.75</ele></trkpt>
   <trkpt lat="49.789422" lon="14.692263"><ele>353.75</ele></trkpt>
   <trkpt lat="49.789494" lon="14.69249"><ele>355.5</ele></trkpt>
   <trkpt lat="49.789584" lon="14.692735"><ele>355.5</ele></trkpt>
   <trkpt lat="49.789669" lon="14.692954"><ele>354.5</ele></trkpt>
   <trkpt lat="49.789879" lon="14.693426"><ele>354.75</ele></trkpt>
   <trkpt lat="49.789999" lon="14.693659"><ele>353</ele></trkpt>
   <trkpt lat="49.790119" lon="14.693868"><ele>354.25</ele></trkpt>
   <trkpt lat="49.790264" lon="14.694096"><ele>352.75</ele></trkpt>
   <trkpt lat="49.790543" lon="14.694487"><ele>352.75</ele></trkpt>
   <trkpt lat="49.790708" lon="14.694696"><ele>353</ele></trkpt>
   <trkpt lat="49.792906" lon="14.697203"><ele>345.5</ele></trkpt>
   <trkpt lat="49.793029" lon="14.697343"><ele>345.25</ele></trkpt>
   <trkpt lat="49.795567" lon="14.700228"><ele>346.5</ele></trkpt>
   <trkpt lat="49.795772" lon="14.700445"><ele>347.75</ele></trkpt>
   <trkpt lat="49.795938" lon="14.700607"><ele>347.5</ele></trkpt>
   <trkpt lat="49.796257" lon="14.700883"><ele>346.5</ele></trkpt>
   <trkpt lat="49.796566" lon="14.701114"><ele>345.5</ele></trkpt>
   <trkpt lat="49.796714" lon="14.701206"><ele>345.75</ele></trkpt>
   <trkpt lat="49.797072" lon="14.701402"><ele>344</ele></trkpt>
   <trkpt lat="49.797258" lon="14.701483"><ele>344.25</ele></trkpt>
   <trkpt lat="49.797426" lon="14.701549"><ele>344</ele></trkpt>
   <trkpt lat="49.797828" lon="14.701678"><ele>341.75</ele></trkpt>
   <trkpt lat="49.798867" lon="14.701987"><ele>338.75</ele></trkpt>
   <trkpt lat="49.79902" lon="14.702029"><ele>337.25</ele></trkpt>
   <trkpt lat="49.799376" lon="14.702157"><ele>338</ele></trkpt>
   <trkpt lat="49.799628" lon="14.702261"><ele>338.5</ele></trkpt>
   <trkpt lat="49.799885" lon="14.702402"><ele>338.25</ele></trkpt>
   <trkpt lat="49.800198" lon="14.702608"><ele>340.5</ele></trkpt>
   <trkpt lat="49.800576" lon="14.702936"><ele>341</ele></trkpt>
   <trkpt lat="49.80088" lon="14.70324"><ele>341.25</ele></trkpt>
   <trkpt lat="49.801199" lon="14.703654"><ele>340</ele></trkpt>
   <trkpt lat="49.801389" lon="14.703909"><ele>338</ele></trkpt>
   <trkpt lat="49.802928" lon="14.70634"><ele>338.5</ele></trkpt>
   <trkpt lat="49.803152" lon="14.706665"><ele>337.25</ele></trkpt>
   <trkpt lat="49.803298" lon="14.706858"><ele>336</ele></trkpt>
   <trkpt lat="49.803447" lon="14.707035"><ele>335.5</ele></trkpt>
   <trkpt lat="49.803754" lon="14.707363"><ele>332.5</ele></trkpt>
   <trkpt lat="49.804093" lon="14.70766"><ele>330.75</ele></trkpt>
   <trkpt lat="49.804495" lon="14.707959"><ele>331</ele></trkpt>
   <trkpt lat="49.805485" lon="14.708672"><ele>330.5</ele></trkpt>
   <trkpt lat="49.805937" lon="14.708978"><ele>330.25</ele></trkpt>
   <trkpt lat="49.806105" lon="14.709081"><ele>330.75</ele></trkpt>
   <trkpt lat="49.806281" lon="14.709174"><ele>330.5</ele></trkpt>
   <trkpt lat="49.806465" lon="14.709263"><ele>330.5</ele></trkpt>
   <trkpt lat="49.806645" lon="14.709335"><ele>330.25</ele></trkpt>
   <trkpt lat="49.806812" lon="14.709386"><ele>329.75</ele></trkpt>
   <trkpt lat="49.80716" lon="14.709461"><ele>329.25</ele></trkpt>
   <trkpt lat="49.807337" lon="14.709484"><ele>328.25</ele></trkpt>
   <trkpt lat="49.807715" lon="14.709496"><ele>328.25</ele></trkpt>
   <trkpt lat="49.807908" lon="14.709479"><ele>328.75</ele></trkpt>
   <trkpt lat="49.808091" lon="14.709454"><ele>328.75</ele></trkpt>
   <trkpt lat="49.80847" lon="14.709363"><ele>329.5</ele></trkpt>
   <trkpt lat="49.808812" lon="14.709226"><ele>328.5</ele></trkpt>
   <trkpt lat="49.808996" lon="14.709139"><ele>328</ele></trkpt>
   <trkpt lat="49.80936" lon="14.70892"><ele>327.5</ele></trkpt>
   <trkpt lat="49.809497" lon="14.708823"><ele>327.25</ele></trkpt>
   <trkpt lat="49.80967" lon="14.708683"><ele>326.75</ele></trkpt>
   <trkpt lat="49.809824" lon="14.708545"><ele>326.75</ele></trkpt>
   <trkpt lat="49.810175" lon="14.708198"><ele>326.25</ele></trkpt>
   <trkpt lat="49.810905" lon="14.707396"><ele>324.5</ele></trkpt>
   <trkpt lat="49.811564" lon="14.706658"><ele>323</ele></trkpt>
   <trkpt lat="49.81157" lon="14.706652"><ele>323</ele></trkpt>
   <trkpt lat="49.812692" lon="14.705419"><ele>323.25</ele></trkpt>
   <trkpt lat="49.813098" lon="14.70499"><ele>322.75</ele></trkpt>
   <trkpt lat="49.813442" lon="14.704678"><ele>322.5</ele></trkpt>
   <trkpt lat="49.813788" lon="14.70443"><ele>320.75</ele></trkpt>
   <trkpt lat="49.813974" lon="14.704318"><ele>319.25</ele></trkpt>
   <trkpt lat="49.814245" lon="14.704178"><ele>319.75</ele></trkpt>
   <trkpt lat="49.814363" lon="14.704125"><ele>319.75</ele></trkpt>
   <trkpt lat="49.814484" lon="14.70408"><ele>319.5</ele></trkpt>
   <trkpt lat="49.81481" lon="14.703989"><ele>319.75</ele></trkpt>
   <trkpt lat="49.814981" lon="14.703963"><ele>319.75</ele></trkpt>
   <trkpt lat="49.81514" lon="14.70395"><ele>320</ele></trkpt>
   <trkpt lat="49.815964" lon="14.703974"><ele>316.25</ele></trkpt>
   <trkpt lat="49.816384" lon="14.703963"><ele>315.5</ele></trkpt>
   <trkpt lat="49.81656" lon="14.703946"><ele>316.75</ele></trkpt>
   <trkpt lat="49.816715" lon="14.703917"><ele>317.75</ele></trkpt>
   <trkpt lat="49.817041" lon="14.703814"><ele>319.75</ele></trkpt>
   <trkpt lat="49.817196" lon="14.703746"><ele>320.75</ele></trkpt>
   <trkpt lat="49.817341" lon="14.703668"><ele>320.25</ele></trkpt>
   <trkpt lat="49.8175" lon="14.703575"><ele>319</ele></trkpt>
   <trkpt lat="49.817802" lon="14.703349"><ele>318.25</ele></trkpt>
   <trkpt lat="49.817948" lon="14.703219"><ele>319.75</ele></trkpt>
   <trkpt lat="49.81809" lon="14.703075"><ele>317.5</ele></trkpt>
   <trkpt lat="49.818356" lon="14.702765"><ele>316.5</ele></trkpt>
   <trkpt lat="49.818889" lon="14.702047"><ele>315.75</ele></trkpt>
   <trkpt lat="49.819211" lon="14.701635"><ele>315.75</ele></trkpt>
   <trkpt lat="49.819491" lon="14.70134"><ele>314.75</ele></trkpt>
   <trkpt lat="49.819637" lon="14.701213"><ele>314</ele></trkpt>
   <trkpt lat="49.819914" lon="14.701006"><ele>312</ele></trkpt>
   <trkpt lat="49.820217" lon="14.700838"><ele>313</ele></trkpt>
   <trkpt lat="49.820513" lon="14.700718"><ele>311.75</ele></trkpt>
   <trkpt lat="49.82068" lon="14.700667"><ele>311</ele></trkpt>
   <trkpt lat="49.820988" lon="14.700616"><ele>311</ele></trkpt>
   <trkpt lat="49.821304" lon="14.700609"><ele>310.75</ele></trkpt>
   <trkpt lat="49.821588" lon="14.700648"><ele>308.25</ele></trkpt>
   <trkpt lat="49.821894" lon="14.700735"><ele>309</ele></trkpt>
   <trkpt lat="49.822191" lon="14.700848"><ele>311.5</ele></trkpt>
   <trkpt lat="49.822491" lon="14.701025"><ele>310.75</ele></trkpt>
   <trkpt lat="49.822643" lon="14.701133"><ele>310</ele></trkpt>
   <trkpt lat="49.822847" lon="14.7013"><ele>308.5</ele></trkpt>
   <trkpt lat="49.823078" lon="14.701522"><ele>307.5</ele></trkpt>
   <trkpt lat="49.823444" lon="14.701937"><ele>306.25</ele></trkpt>
   <trkpt lat="49.823864" lon="14.702448"><ele>307.25</ele></trkpt>
   <trkpt lat="49.824171" lon="14.702772"><ele>308.75</ele></trkpt>
   <trkpt lat="49.824434" lon="14.702995"><ele>308</ele></trkpt>
   <trkpt lat="49.824658" lon="14.703154"><ele>308</ele></trkpt>
   <trkpt lat="49.824848" lon="14.703262"><ele>309.5</ele></trkpt>
   <trkpt lat="49.825029" lon="14.70335"><ele>308.25</ele></trkpt>
   <trkpt lat="49.825219" lon="14.703418"><ele>309.5</ele></trkpt>
   <trkpt lat="49.82539" lon="14.703465"><ele>310.25</ele></trkpt>
   <trkpt lat="49.825567" lon="14.703498"><ele>310.25</ele></trkpt>
   <trkpt lat="49.825737" lon="14.703518"><ele>310</ele></trkpt>
   <trkpt lat="49.82591" lon="14.703525"><ele>309.25</ele></trkpt>
   <trkpt lat="49.826056" lon="14.703521"><ele>308.75</ele></trkpt>
   <trkpt lat="49.826209" lon="14.703505"><ele>308</ele></trkpt>
   <trkpt lat="49.826401" lon="14.703469"><ele>306.75</ele></trkpt>
   <trkpt lat="49.826581" lon="14.703428"><ele>304.75</ele></trkpt>
   <trkpt lat="49.826766" lon="14.70336"><ele>305</ele></trkpt>
   <trkpt lat="49.826948" lon="14.703283"><ele>305.75</ele></trkpt>
   <trkpt lat="49.827156" lon="14.703171"><ele>303</ele></trkpt>
   <trkpt lat="49.827346" lon="14.703052"><ele>304.5</ele></trkpt>
   <trkpt lat="49.827531" lon="14.702915"><ele>306</ele></trkpt>
   <trkpt lat="49.827699" lon="14.702769"><ele>305</ele></trkpt>
   <trkpt lat="49.82794" lon="14.702517"><ele>302.75</ele></trkpt>
   <trkpt lat="49.828061" lon="14.702379"><ele>302.75</ele></trkpt>
   <trkpt lat="49.828176" lon="14.702232"><ele>303.75</ele></trkpt>
   <trkpt lat="49.8283" lon="14.70205"><ele>304.75</ele></trkpt>
   <trkpt lat="49.828406" lon="14.701881"><ele>305.25</ele></trkpt>
   <trkpt lat="49.828524" lon="14.701675"><ele>307</ele></trkpt>
   <trkpt lat="49.828628" lon="14.701469"><ele>304.75</ele></trkpt>
   <trkpt lat="49.828742" lon="14.701235"><ele>305.5</ele></trkpt>
   <trkpt lat="49.829231" lon="14.700132"><ele>299.5</ele></trkpt>
   <trkpt lat="49.829334" lon="14.69992"><ele>298.5</ele></trkpt>
   <trkpt lat="49.82955" lon="14.699523"><ele>298.25</ele></trkpt>
   <trkpt lat="49.829747" lon="14.699231"><ele>299</ele></trkpt>
   <trkpt lat="49.829989" lon="14.698928"><ele>299.75</ele></trkpt>
   <trkpt lat="49.830252" lon="14.698661"><ele>298.75</ele></trkpt>
   <trkpt lat="49.830384" lon="14.69855"><ele>297.5</ele></trkpt>
   <trkpt lat="49.830541" lon="14.698425"><ele>296.75</ele></trkpt>
   <trkpt lat="49.83077" lon="14.698276"><ele>298.5</ele></trkpt>
   <trkpt lat="49.831095" lon="14.698122"><ele>300</ele></trkpt>
   <trkpt lat="49.831401" lon="14.69802"><ele>300.75</ele></trkpt>
   <trkpt lat="49.831875" lon="14.697962"><ele>300.25</ele></trkpt>
   <trkpt lat="49.832039" lon="14.697963"><ele>300.25</ele></trkpt>
   <trkpt lat="49.832392" lon="14.697997"><ele>299.5</ele></trkpt>
   <trkpt lat="49.832789" lon="14.698082"><ele>297.75</ele></trkpt>
   <trkpt lat="49.833237" lon="14.698195"><ele>298.5</ele></trkpt>
   <trkpt lat="49.833889" lon="14.698354"><ele>295.5</ele></trkpt>
   <trkpt lat="49.833894" lon="14.698355"><ele>295.5</ele></trkpt>
   <trkpt lat="49.834695" lon="14.698553"><ele>296.5</ele></trkpt>
   <trkpt lat="49.835125" lon="14.698675"><ele>292.5</ele></trkpt>
   <trkpt lat="49.835494" lon="14.698821"><ele>293.5</ele></trkpt>
   <trkpt lat="49.83583" lon="14.699013"><ele>292.75</ele></trkpt>
   <trkpt lat="49.836254" lon="14.699319"><ele>292.25</ele></trkpt>
   <trkpt lat="49.836678" lon="14.699647"><ele>293.25</ele></trkpt>
   <trkpt lat="49.837045" lon="14.699909"><ele>295.75</ele></trkpt>
   <trkpt lat="49.83737" lon="14.700072"><ele>295.5</ele></trkpt>
   <trkpt lat="49.837701" lon="14.700178"><ele>296.5</ele></trkpt>
   <trkpt lat="49.83803" lon="14.700245"><ele>293</ele></trkpt>
   <trkpt lat="49.838228" lon="14.700249"><ele>292.25</ele></trkpt>
   <trkpt lat="49.83843" lon="14.700232"><ele>291.75</ele></trkpt>
   <trkpt lat="49.838656" lon="14.700197"><ele>291</ele></trkpt>
   <trkpt lat="49.838976" lon="14.700116"><ele>290.5</ele></trkpt>
   <trkpt lat="49.839375" lon="14.699971"><ele>290</ele></trkpt>
   <trkpt lat="49.840259" lon="14.699622"><ele>286.75</ele></trkpt>
   <trkpt lat="49.840351" lon="14.699587"><ele>283.5</ele></trkpt>
   <trkpt lat="49.84063" lon="14.699477"><ele>280.75</ele></trkpt>
   <trkpt lat="49.841387" lon="14.699189"><ele>288.5</ele></trkpt>
   <trkpt lat="49.841854" lon="14.699021"><ele>290.5</ele></trkpt>
   <trkpt lat="49.842373" lon="14.698855"><ele>287</ele></trkpt>
   <trkpt lat="49.842678" lon="14.698783"><ele>287.25</ele></trkpt>
   <trkpt lat="49.842841" lon="14.698745"><ele>286.5</ele></trkpt>
   <trkpt lat="49.843125" lon="14.698711"><ele>284.5</ele></trkpt>
   <trkpt lat="49.843641" lon="14.698663"><ele>282.75</ele></trkpt>
   <trkpt lat="49.843785" lon="14.698658"><ele>283</ele></trkpt>
   <trkpt lat="49.844246" lon="14.698678"><ele>283.25</ele></trkpt>
   <trkpt lat="49.844662" lon="14.698726"><ele>282.75</ele></trkpt>
   <trkpt lat="49.845033" lon="14.698799"><ele>282</ele></trkpt>
   <trkpt lat="49.845268" lon="14.698862"><ele>282.5</ele></trkpt>
   <trkpt lat="49.845371" lon="14.698899"><ele>282.75</ele></trkpt>
   <trkpt lat="49.845847" lon="14.699105"><ele>281.75</ele></trkpt>
   <trkpt lat="49.846112" lon="14.699244"><ele>282.5</ele></trkpt>
   <trkpt lat="49.846148" lon="14.699263"><ele>282.5</ele></trkpt>
   <trkpt lat="49.846486" lon="14.699404"><ele>281.75</ele></trkpt>
   <trkpt lat="49.846821" lon="14.699537"><ele>281.5</ele></trkpt>
   <trkpt lat="49.846892" lon="14.699574"><ele>281.25</ele></trkpt>
   <trkpt lat="49.847106" lon="14.69967"><ele>280.75</ele></trkpt>
   <trkpt lat="49.847285" lon="14.699734"><ele>280.75</ele></trkpt>
   <trkpt lat="49.847547" lon="14.699858"><ele>280</ele></trkpt>
   <trkpt lat="49.847565" lon="14.699868"><ele>279.75</ele></trkpt>
   <trkpt lat="49.84758" lon="14.699877"><ele>279.75</ele></trkpt>
   <trkpt lat="49.847722" lon="14.699958"><ele>279.25</ele></trkpt>
   <trkpt lat="49.847851" lon="14.700033"><ele>279.25</ele></trkpt>
   <trkpt lat="49.84788" lon="14.700048"><ele>279.25</ele></trkpt>
   <trkpt lat="49.848055" lon="14.700137"><ele>278.75</ele></trkpt>
   <trkpt lat="49.848216" lon="14.700204"><ele>279.25</ele></trkpt>
   <trkpt lat="49.848836" lon="14.700472"><ele>278.75</ele></trkpt>
   <trkpt lat="49.849012" lon="14.700558"><ele>279</ele></trkpt>
   <trkpt lat="49.849758" lon="14.700991"><ele>278.75</ele></trkpt>
   <trkpt lat="49.849803" lon="14.701017"><ele>278.75</ele></trkpt>
   <trkpt lat="49.850288" lon="14.701297"><ele>279</ele></trkpt>
   <trkpt lat="49.850659" lon="14.701506"><ele>279</ele></trkpt>
   <trkpt lat="49.850892" lon="14.701605"><ele>279</ele></trkpt>
   <trkpt lat="49.851076" lon="14.701672"><ele>279</ele></trkpt>
   <trkpt lat="49.851247" lon="14.701723"><ele>279</ele></trkpt>
   <trkpt lat="49.851554" lon="14.701778"><ele>279</ele></trkpt>
   <trkpt lat="49.851702" lon="14.701788"><ele>279</ele></trkpt>
   <trkpt lat="49.852067" lon="14.701761"><ele>279</ele></trkpt>
   <trkpt lat="49.852236" lon="14.701738"><ele>278.75</ele></trkpt>
   <trkpt lat="49.852666" lon="14.701644"><ele>278</ele></trkpt>
   <trkpt lat="49.852947" lon="14.701542"><ele>278.75</ele></trkpt>
   <trkpt lat="49.853152" lon="14.701447"><ele>278.5</ele></trkpt>
   <trkpt lat="49.853245" lon="14.701393"><ele>278.25</ele></trkpt>
   <trkpt lat="49.85349" lon="14.701226"><ele>278.25</ele></trkpt>
   <trkpt lat="49.853685" lon="14.701062"><ele>277.25</ele></trkpt>
   <trkpt lat="49.853848" lon="14.700898"><ele>277.5</ele></trkpt>
   <trkpt lat="49.854002" lon="14.700715"><ele>275</ele></trkpt>
   <trkpt lat="49.854116" lon="14.700555"><ele>273.5</ele></trkpt>
   <trkpt lat="49.854217" lon="14.700405"><ele>271.25</ele></trkpt>
   <trkpt lat="49.854226" lon="14.700392"><ele>271.25</ele></trkpt>
   <trkpt lat="49.854242" lon="14.700368"><ele>271.25</ele></trkpt>
   <trkpt lat="49.854391" lon="14.700112"><ele>271.75</ele></trkpt>
   <trkpt lat="49.854576" lon="14.699749"><ele>272.5</ele></trkpt>
   <trkpt lat="49.854691" lon="14.699493"><ele>273</ele></trkpt>
   <trkpt lat="49.85509" lon="14.698499"><ele>275.25</ele></trkpt>
   <trkpt lat="49.855395" lon="14.697734"><ele>275.25</ele></trkpt>
   <trkpt lat="49.855582" lon="14.697318"><ele>279.25</ele></trkpt>
   <trkpt lat="49.855707" lon="14.697085"><ele>279.5</ele></trkpt>
   <trkpt lat="49.855818" lon="14.696894"><ele>279.5</ele></trkpt>
   <trkpt lat="49.855939" lon="14.696707"><ele>280.75</ele></trkpt>
   <trkpt lat="49.856062" lon="14.696534"><ele>281.25</ele></trkpt>
   <trkpt lat="49.856309" lon="14.696258"><ele>281</ele></trkpt>
   <trkpt lat="49.856612" lon="14.695981"><ele>280.5</ele></trkpt>
   <trkpt lat="49.856898" lon="14.695793"><ele>281</ele></trkpt>
   <trkpt lat="49.85705" lon="14.695714"><ele>281.5</ele></trkpt>
   <trkpt lat="49.857221" lon="14.695638"><ele>282.25</ele></trkpt>
   <trkpt lat="49.857368" lon="14.695588"><ele>283.25</ele></trkpt>
   <trkpt lat="49.85754" lon="14.695542"><ele>283.75</ele></trkpt>
   <trkpt lat="49.857871" lon="14.6955"><ele>283.75</ele></trkpt>
   <trkpt lat="49.858046" lon="14.695501"><ele>283.75</ele></trkpt>
   <trkpt lat="49.858233" lon="14.695517"><ele>283.25</ele></trkpt>
   <trkpt lat="49.858411" lon="14.695546"><ele>283.5</ele></trkpt>
   <trkpt lat="49.858784" lon="14.695647"><ele>285</ele></trkpt>
   <trkpt lat="49.858978" lon="14.695726"><ele>284.75</ele></trkpt>
   <trkpt lat="49.859164" lon="14.695818"><ele>284</ele></trkpt>
   <trkpt lat="49.859326" lon="14.695911"><ele>284.75</ele></trkpt>
   <trkpt lat="49.85949" lon="14.696023"><ele>284.5</ele></trkpt>
   <trkpt lat="49.859662" lon="14.69615"><ele>283.75</ele></trkpt>
   <trkpt lat="49.859825" lon="14.69629"><ele>283.75</ele></trkpt>
   <trkpt lat="49.859989" lon="14.696446"><ele>283.75</ele></trkpt>
   <trkpt lat="49.860161" lon="14.696632"><ele>283.5</ele></trkpt>
   <trkpt lat="49.860446" lon="14.697001"><ele>284.25</ele></trkpt>
   <trkpt lat="49.860582" lon="14.697204"><ele>285</ele></trkpt>
   <trkpt lat="49.860715" lon="14.697419"><ele>284.75</ele></trkpt>
   <trkpt lat="49.860822" lon="14.697618"><ele>285.25</ele></trkpt>
   <trkpt lat="49.86095" lon="14.697871"><ele>286</ele></trkpt>
   <trkpt lat="49.861052" lon="14.698101"><ele>286.75</ele></trkpt>
   <trkpt lat="49.861152" lon="14.698354"><ele>286.75</ele></trkpt>
   <trkpt lat="49.862023" lon="14.700704"><ele>288.5</ele></trkpt>
   <trkpt lat="49.862061" lon="14.700806"><ele>288.25</ele></trkpt>
   <trkpt lat="49.862273" lon="14.701424"><ele>287.75</ele></trkpt>
   <trkpt lat="49.862393" lon="14.70181"><ele>287</ele></trkpt>
   <trkpt lat="49.862555" lon="14.702283"><ele>287</ele></trkpt>
   <trkpt lat="49.862592" lon="14.702383"><ele>286.25</ele></trkpt>
   <trkpt lat="49.862796" lon="14.702899"><ele>288.5</ele></trkpt>
   <trkpt lat="49.862962" lon="14.703292"><ele>286</ele></trkpt>
   <trkpt lat="49.863159" lon="14.703796"><ele>291.5</ele></trkpt>
   <trkpt lat="49.863177" lon="14.703845"><ele>291.5</ele></trkpt>
   <trkpt lat="49.864173" lon="14.706564"><ele>294.75</ele></trkpt>
   <trkpt lat="49.864404" lon="14.707165"><ele>293.75</ele></trkpt>
   <trkpt lat="49.864641" lon="14.707711"><ele>291.25</ele></trkpt>
   <trkpt lat="49.864768" lon="14.707969"><ele>295.75</ele></trkpt>
   <trkpt lat="49.864897" lon="14.708215"><ele>297.75</ele></trkpt>
   <trkpt lat="49.864964" lon="14.708328"><ele>296.75</ele></trkpt>
   <trkpt lat="49.866361" lon="14.710581"><ele>297.5</ele></trkpt>
   <trkpt lat="49.86793" lon="14.713081"><ele>299.5</ele></trkpt>
   <trkpt lat="49.868772" lon="14.714431"><ele>302.5</ele></trkpt>
   <trkpt lat="49.869058" lon="14.714876"><ele>302</ele></trkpt>
   <trkpt lat="49.869294" lon="14.715226"><ele>302</ele></trkpt>
   <trkpt lat="49.869414" lon="14.715386"><ele>302.5</ele></trkpt>
   <trkpt lat="49.869578" lon="14.715576"><ele>303.25</ele></trkpt>
   <trkpt lat="49.869845" lon="14.715838"><ele>302.75</ele></trkpt>
   <trkpt lat="49.870157" lon="14.716084"><ele>303.25</ele></trkpt>
   <trkpt lat="49.870474" lon="14.716268"><ele>305.5</ele></trkpt>
   <trkpt lat="49.870803" lon="14.716398"><ele>305.75</ele></trkpt>
   <trkpt lat="49.871128" lon="14.71648"><ele>309.75</ele></trkpt>
   <trkpt lat="49.87147" lon="14.716512"><ele>311.25</ele></trkpt>
   <trkpt lat="49.871913" lon="14.716494"><ele>313.5</ele></trkpt>
   <trkpt lat="49.872412" lon="14.716457"><ele>310.25</ele></trkpt>
   <trkpt lat="49.872775" lon="14.716466"><ele>305</ele></trkpt>
   <trkpt lat="49.873112" lon="14.716525"><ele>302.5</ele></trkpt>
   <trkpt lat="49.873278" lon="14.716571"><ele>303.5</ele></trkpt>
   <trkpt lat="49.87347" lon="14.71664"><ele>306</ele></trkpt>
   <trkpt lat="49.873816" lon="14.716813"><ele>307.25</ele></trkpt>
   <trkpt lat="49.873974" lon="14.716914"><ele>309</ele></trkpt>
   <trkpt lat="49.874139" lon="14.717036"><ele>309.5</ele></trkpt>
   <trkpt lat="49.874304" lon="14.717175"><ele>310.5</ele></trkpt>
   <trkpt lat="49.874448" lon="14.717312"><ele>311.5</ele></trkpt>
   <trkpt lat="49.874607" lon="14.717489"><ele>312.75</ele></trkpt>
   <trkpt lat="49.874747" lon="14.717661"><ele>312</ele></trkpt>
   <trkpt lat="49.874883" lon="14.717849"><ele>312.25</ele></trkpt>
   <trkpt lat="49.875025" lon="14.718059"><ele>310</ele></trkpt>
   <trkpt lat="49.87515" lon="14.718278"><ele>309.75</ele></trkpt>
   <trkpt lat="49.87526" lon="14.718484"><ele>310</ele></trkpt>
   <trkpt lat="49.875367" lon="14.718712"><ele>311</ele></trkpt>
   <trkpt lat="49.875465" lon="14.71895"><ele>311.75</ele></trkpt>
   <trkpt lat="49.875564" lon="14.719217"><ele>310.75</ele></trkpt>
   <trkpt lat="49.87564" lon="14.719449"><ele>310.5</ele></trkpt>
   <trkpt lat="49.875713" lon="14.719703"><ele>310</ele></trkpt>
   <trkpt lat="49.875807" lon="14.720117"><ele>310.75</ele></trkpt>
   <trkpt lat="49.875873" lon="14.720484"><ele>310.75</ele></trkpt>
   <trkpt lat="49.875911" lon="14.720772"><ele>308</ele></trkpt>
   <trkpt lat="49.875941" lon="14.721029"><ele>306.25</ele></trkpt>
   <trkpt lat="49.876051" lon="14.722313"><ele>314.25</ele></trkpt>
   <trkpt lat="49.876109" lon="14.722806"><ele>313.75</ele></trkpt>
   <trkpt lat="49.876189" lon="14.723296"><ele>320</ele></trkpt>
   <trkpt lat="49.876248" lon="14.723555"><ele>322</ele></trkpt>
   <trkpt lat="49.876318" lon="14.723806"><ele>318.5</ele></trkpt>
   <trkpt lat="49.876401" lon="14.724056"><ele>315</ele></trkpt>
   <trkpt lat="49.876586" lon="14.72452"><ele>321.75</ele></trkpt>
   <trkpt lat="49.876798" lon="14.724949"><ele>323</ele></trkpt>
   <trkpt lat="49.876916" lon="14.725154"><ele>319.5</ele></trkpt>
   <trkpt lat="49.877039" lon="14.725345"><ele>321.5</ele></trkpt>
   <trkpt lat="49.877169" lon="14.725526"><ele>320.5</ele></trkpt>
   <trkpt lat="49.877301" lon="14.725702"><ele>323.5</ele></trkpt>
   <trkpt lat="49.877443" lon="14.725868"><ele>322.5</ele></trkpt>
   <trkpt lat="49.877586" lon="14.726008"><ele>324</ele></trkpt>
   <trkpt lat="49.877744" lon="14.726137"><ele>320.75</ele></trkpt>
   <trkpt lat="49.877897" lon="14.726246"><ele>323.5</ele></trkpt>
   <trkpt lat="49.878226" lon="14.726446"><ele>317.5</ele></trkpt>
   <trkpt lat="49.878398" lon="14.726529"><ele>317.25</ele></trkpt>
   <trkpt lat="49.878562" lon="14.726588"><ele>318.5</ele></trkpt>
   <trkpt lat="49.878734" lon="14.726639"><ele>318.5</ele></trkpt>
   <trkpt lat="49.878906" lon="14.726673"><ele>317.75</ele></trkpt>
   <trkpt lat="49.879075" lon="14.726693"><ele>317.75</ele></trkpt>
   <trkpt lat="49.879432" lon="14.726711"><ele>318</ele></trkpt>
   <trkpt lat="49.879935" lon="14.726716"><ele>319.75</ele></trkpt>
   <trkpt lat="49.881676" lon="14.726724"><ele>320.25</ele></trkpt>
   <trkpt lat="49.883191" lon="14.726732"><ele>319.25</ele></trkpt>
   <trkpt lat="49.883733" lon="14.726743"><ele>320.25</ele></trkpt>
   <trkpt lat="49.884268" lon="14.726771"><ele>325.25</ele></trkpt>
   <trkpt lat="49.884521" lon="14.726794"><ele>326.75</ele></trkpt>
   <trkpt lat="49.884769" lon="14.726831"><ele>328</ele></trkpt>
   <trkpt lat="49.88503" lon="14.726883"><ele>327.5</ele></trkpt>
   <trkpt lat="49.885286" lon="14.726947"><ele>325</ele></trkpt>
   <trkpt lat="49.885821" lon="14.727121"><ele>324.75</ele></trkpt>
   <trkpt lat="49.886622" lon="14.727414"><ele>323.25</ele></trkpt>
   <trkpt lat="49.891651" lon="14.729261"><ele>335</ele></trkpt>
   <trkpt lat="49.892039" lon="14.729384"><ele>333.25</ele></trkpt>
   <trkpt lat="49.892043" lon="14.729385"><ele>333.25</ele></trkpt>
   <trkpt lat="49.892071" lon="14.729394"><ele>333</ele></trkpt>
   <trkpt lat="49.892198" lon="14.729424"><ele>332.75</ele></trkpt>
   <trkpt lat="49.892545" lon="14.729484"><ele>333.25</ele></trkpt>
   <trkpt lat="49.892766" lon="14.729508"><ele>332.5</ele></trkpt>
   <trkpt lat="49.892881" lon="14.729506"><ele>333.5</ele></trkpt>
   <trkpt lat="49.893236" lon="14.729475"><ele>335.75</ele></trkpt>
   <trkpt lat="49.89349" lon="14.729428"><ele>335.25</ele></trkpt>
   <trkpt lat="49.893835" lon="14.729322"><ele>335.25</ele></trkpt>
   <trkpt lat="49.893989" lon="14.72926"><ele>334.75</ele></trkpt>
   <trkpt lat="49.894365" lon="14.729074"><ele>333.25</ele></trkpt>
   <trkpt lat="49.894811" lon="14.7288"><ele>333</ele></trkpt>
   <trkpt lat="49.894881" lon="14.728757"><ele>332.75</ele></trkpt>
   <trkpt lat="49.895114" lon="14.728635"><ele>334.25</ele></trkpt>
   <trkpt lat="49.895588" lon="14.728424"><ele>338</ele></trkpt>
   <trkpt lat="49.895825" lon="14.728317"><ele>337.25</ele></trkpt>
   <trkpt lat="49.895917" lon="14.728274"><ele>338</ele></trkpt>
   <trkpt lat="49.896691" lon="14.727804"><ele>337.25</ele></trkpt>
   <trkpt lat="49.897175" lon="14.727525"><ele>338</ele></trkpt>
   <trkpt lat="49.897588" lon="14.72734"><ele>338</ele></trkpt>
   <trkpt lat="49.898036" lon="14.72719"><ele>338</ele></trkpt>
   <trkpt lat="49.898389" lon="14.72711"><ele>338</ele></trkpt>
   <trkpt lat="49.89856" lon="14.727085"><ele>338.25</ele></trkpt>
   <trkpt lat="49.898741" lon="14.727074"><ele>338.5</ele></trkpt>
   <trkpt lat="49.898936" lon="14.727074"><ele>338.25</ele></trkpt>
   <trkpt lat="49.899144" lon="14.727091"><ele>338</ele></trkpt>
   <trkpt lat="49.899362" lon="14.727126"><ele>338.25</ele></trkpt>
   <trkpt lat="49.899564" lon="14.72717"><ele>338.25</ele></trkpt>
   <trkpt lat="49.90002" lon="14.727296"><ele>338.25</ele></trkpt>
   <trkpt lat="49.900875" lon="14.727565"><ele>339.75</ele></trkpt>
   <trkpt lat="49.900904" lon="14.727574"><ele>339.5</ele></trkpt>
   <trkpt lat="49.901171" lon="14.727657"><ele>339.25</ele></trkpt>
   <trkpt lat="49.901389" lon="14.727748"><ele>340.75</ele></trkpt>
   <trkpt lat="49.901945" lon="14.727933"><ele>341.5</ele></trkpt>
   <trkpt lat="49.901984" lon="14.727943"><ele>341.5</ele></trkpt>
   <trkpt lat="49.902387" lon="14.728029"><ele>341.5</ele></trkpt>
   <trkpt lat="49.902603" lon="14.728062"><ele>341.75</ele></trkpt>
   <trkpt lat="49.902811" lon="14.728085"><ele>341.5</ele></trkpt>
   <trkpt lat="49.903023" lon="14.728096"><ele>341.75</ele></trkpt>
   <trkpt lat="49.903222" lon="14.728088"><ele>342</ele></trkpt>
   <trkpt lat="49.90335" lon="14.728075"><ele>342.25</ele></trkpt>
   <trkpt lat="49.903632" lon="14.728032"><ele>342.75</ele></trkpt>
   <trkpt lat="49.903852" lon="14.727977"><ele>341.75</ele></trkpt>
   <trkpt lat="49.904055" lon="14.727915"><ele>341</ele></trkpt>
   <trkpt lat="49.904262" lon="14.727832"><ele>342.75</ele></trkpt>
   <trkpt lat="49.904485" lon="14.727727"><ele>345.25</ele></trkpt>
   <trkpt lat="49.904679" lon="14.727625"><ele>345.5</ele></trkpt>
   <trkpt lat="49.904928" lon="14.727476"><ele>345.25</ele></trkpt>
   <trkpt lat="49.905335" lon="14.727195"><ele>346.75</ele></trkpt>
   <trkpt lat="49.905763" lon="14.726836"><ele>347.5</ele></trkpt>
   <trkpt lat="49.906163" lon="14.726439"><ele>347</ele></trkpt>
   <trkpt lat="49.906355" lon="14.726224"><ele>347.5</ele></trkpt>
   <trkpt lat="49.906542" lon="14.725997"><ele>348</ele></trkpt>
   <trkpt lat="49.906758" lon="14.725711"><ele>347.5</ele></trkpt>
   <trkpt lat="49.906974" lon="14.725409"><ele>347.25</ele></trkpt>
   <trkpt lat="49.907073" lon="14.725249"><ele>346.5</ele></trkpt>
   <trkpt lat="49.907106" lon="14.725196"><ele>346.75</ele></trkpt>
   <trkpt lat="49.907412" lon="14.724687"><ele>348.5</ele></trkpt>
   <trkpt lat="49.908758" lon="14.722347"><ele>347.25</ele></trkpt>
   <trkpt lat="49.908953" lon="14.722013"><ele>348.75</ele></trkpt>
   <trkpt lat="49.909319" lon="14.721382"><ele>352.5</ele></trkpt>
   <trkpt lat="49.909463" lon="14.721148"><ele>353</ele></trkpt>
   <trkpt lat="49.909594" lon="14.720951"><ele>353</ele></trkpt>
   <trkpt lat="49.909726" lon="14.720773"><ele>353</ele></trkpt>
   <trkpt lat="49.910006" lon="14.720437"><ele>354</ele></trkpt>
   <trkpt lat="49.910304" lon="14.720152"><ele>353.75</ele></trkpt>
   <trkpt lat="49.910453" lon="14.720027"><ele>353.75</ele></trkpt>
   <trkpt lat="49.910592" lon="14.719924"><ele>353</ele></trkpt>
   <trkpt lat="49.910895" lon="14.719738"><ele>352.25</ele></trkpt>
   <trkpt lat="49.911049" lon="14.719663"><ele>351</ele></trkpt>
   <trkpt lat="49.911257" lon="14.719579"><ele>351</ele></trkpt>
   <trkpt lat="49.911368" lon="14.719546"><ele>351.5</ele></trkpt>
   <trkpt lat="49.9117" lon="14.719481"><ele>353</ele></trkpt>
   <trkpt lat="49.911911" lon="14.719464"><ele>354</ele></trkpt>
   <trkpt lat="49.912067" lon="14.719468"><ele>354</ele></trkpt>
   <trkpt lat="49.912415" lon="14.719507"><ele>354.75</ele></trkpt>
   <trkpt lat="49.913235" lon="14.719662"><ele>358.5</ele></trkpt>
   <trkpt lat="49.913513" lon="14.719687"><ele>359</ele></trkpt>
   <trkpt lat="49.91376" lon="14.719695"><ele>358.75</ele></trkpt>
   <trkpt lat="49.913975" lon="14.719672"><ele>359</ele></trkpt>
   <trkpt lat="49.914169" lon="14.719633"><ele>358.75</ele></trkpt>
   <trkpt lat="49.914338" lon="14.719584"><ele>357.75</ele></trkpt>
   <trkpt lat="49.914542" lon="14.719506"><ele>357.5</ele></trkpt>
   <trkpt lat="49.914726" lon="14.719418"><ele>358.25</ele></trkpt>
   <trkpt lat="49.914975" lon="14.719267"><ele>360.75</ele></trkpt>
   <trkpt lat="49.915196" lon="14.719103"><ele>361.5</ele></trkpt>
   <trkpt lat="49.915438" lon="14.718892"><ele>361.75</ele></trkpt>
   <trkpt lat="49.91566" lon="14.718685"><ele>362.25</ele></trkpt>
   <trkpt lat="49.916456" lon="14.717918"><ele>360</ele></trkpt>
   <trkpt lat="49.916741" lon="14.71767"><ele>359</ele></trkpt>
   <trkpt lat="49.916859" lon="14.717581"><ele>358.75</ele></trkpt>
   <trkpt lat="49.917103" lon="14.71742"><ele>359.75</ele></trkpt>
   <trkpt lat="49.917276" lon="14.717328"><ele>359.75</ele></trkpt>
   <trkpt lat="49.917595" lon="14.717185"><ele>360.75</ele></trkpt>
   <trkpt lat="49.917762" lon="14.717121"><ele>358.75</ele></trkpt>
   <trkpt lat="49.918767" lon="14.716751"><ele>362.75</ele></trkpt>
   <trkpt lat="49.918915" lon="14.716693"><ele>362.5</ele></trkpt>
   <trkpt lat="49.922148" lon="14.715503"><ele>365.75</ele></trkpt>
   <trkpt lat="49.923375" lon="14.715051"><ele>366.75</ele></trkpt>
   <trkpt lat="49.923528" lon="14.714995"><ele>368.5</ele></trkpt>
   <trkpt lat="49.924434" lon="14.714661"><ele>372.75</ele></trkpt>
   <trkpt lat="49.925201" lon="14.71438"><ele>370.25</ele></trkpt>
   <trkpt lat="49.925935" lon="14.71411"><ele>371</ele></trkpt>
   <trkpt lat="49.92675" lon="14.713812"><ele>374.75</ele></trkpt>
   <trkpt lat="49.927167" lon="14.713634"><ele>373.25</ele></trkpt>
   <trkpt lat="49.927332" lon="14.713549"><ele>374.25</ele></trkpt>
   <trkpt lat="49.9275" lon="14.71345"><ele>375.75</ele></trkpt>
   <trkpt lat="49.927658" lon="14.713335"><ele>375.5</ele></trkpt>
   <trkpt lat="49.92782" lon="14.713204"><ele>375.25</ele></trkpt>
   <trkpt lat="49.927975" lon="14.713063"><ele>375</ele></trkpt>
   <trkpt lat="49.928255" lon="14.712754"><ele>376.75</ele></trkpt>
   <trkpt lat="49.928393" lon="14.712582"><ele>377</ele></trkpt>
   <trkpt lat="49.928527" lon="14.71238"><ele>376.5</ele></trkpt>
   <trkpt lat="49.928655" lon="14.712178"><ele>375.75</ele></trkpt>
   <trkpt lat="49.928785" lon="14.711946"><ele>377.75</ele></trkpt>
   <trkpt lat="49.928891" lon="14.711743"><ele>376.5</ele></trkpt>
   <trkpt lat="49.929388" lon="14.710723"><ele>373</ele></trkpt>
   <trkpt lat="49.929501" lon="14.710489"><ele>373</ele></trkpt>
   <trkpt lat="49.929649" lon="14.710187"><ele>374.25</ele></trkpt>
   <trkpt lat="49.929764" lon="14.709969"><ele>374</ele></trkpt>
   <trkpt lat="49.92988" lon="14.709763"><ele>372.75</ele></trkpt>
   <trkpt lat="49.930045" lon="14.709501"><ele>374.5</ele></trkpt>
   <trkpt lat="49.930124" lon="14.709381"><ele>373.75</ele></trkpt>
   <trkpt lat="49.930386" lon="14.709047"><ele>376.5</ele></trkpt>
   <trkpt lat="49.930538" lon="14.708889"><ele>377.5</ele></trkpt>
   <trkpt lat="49.930683" lon="14.70875"><ele>378.25</ele></trkpt>
   <trkpt lat="49.931016" lon="14.708467"><ele>379</ele></trkpt>
   <trkpt lat="49.931439" lon="14.708136"><ele>378.25</ele></trkpt>
   <trkpt lat="49.932222" lon="14.707525"><ele>379.25</ele></trkpt>
   <trkpt lat="49.932583" lon="14.707205"><ele>381.25</ele></trkpt>
   <trkpt lat="49.932922" lon="14.70685"><ele>383.25</ele></trkpt>
   <trkpt lat="49.933223" lon="14.706477"><ele>382.75</ele></trkpt>
   <trkpt lat="49.933244" lon="14.706449"><ele>382.75</ele></trkpt>
   <trkpt lat="49.933298" lon="14.706381"><ele>382.5</ele></trkpt>
   <trkpt lat="49.933506" lon="14.70608"><ele>380.75</ele></trkpt>
   <trkpt lat="49.933652" lon="14.705844"><ele>381</ele></trkpt>
   <trkpt lat="49.934523" lon="14.704421"><ele>379.25</ele></trkpt>
   <trkpt lat="49.93489" lon="14.703849"><ele>381.5</ele></trkpt>
   <trkpt lat="49.935263" lon="14.703339"><ele>385</ele></trkpt>
   <trkpt lat="49.935467" lon="14.703084"><ele>389.25</ele></trkpt>
   <trkpt lat="49.935671" lon="14.702845"><ele>389.75</ele></trkpt>
   <trkpt lat="49.936085" lon="14.702408"><ele>388.25</ele></trkpt>
   <trkpt lat="49.936292" lon="14.702209"><ele>388.5</ele></trkpt>
   <trkpt lat="49.936717" lon="14.701837"><ele>387</ele></trkpt>
   <trkpt lat="49.937173" lon="14.701499"><ele>384.75</ele></trkpt>
   <trkpt lat="49.937931" lon="14.701025"><ele>386</ele></trkpt>
   <trkpt lat="49.938477" lon="14.700713"><ele>387.75</ele></trkpt>
   <trkpt lat="49.938965" lon="14.700459"><ele>391.25</ele></trkpt>
   <trkpt lat="49.9395" lon="14.700208"><ele>392</ele></trkpt>
   <trkpt lat="49.940001" lon="14.700001"><ele>390.75</ele></trkpt>
   <trkpt lat="49.940961" lon="14.699672"><ele>391</ele></trkpt>
   <trkpt lat="49.941238" lon="14.699595"><ele>391.75</ele></trkpt>
   <trkpt lat="49.942576" lon="14.699217"><ele>395.75</ele></trkpt>
   <trkpt lat="49.942759" lon="14.699153"><ele>395.5</ele></trkpt>
   <trkpt lat="49.943136" lon="14.698982"><ele>396.75</ele></trkpt>
   <trkpt lat="49.943325" lon="14.698873"><ele>395.25</ele></trkpt>
   <trkpt lat="49.943476" lon="14.698772"><ele>396</ele></trkpt>
   <trkpt lat="49.943639" lon="14.698648"><ele>395.5</ele></trkpt>
   <trkpt lat="49.943774" lon="14.698533"><ele>395</ele></trkpt>
   <trkpt lat="49.944073" lon="14.698237"><ele>395</ele></trkpt>
   <trkpt lat="49.944345" lon="14.697896"><ele>395.5</ele></trkpt>
   <trkpt lat="49.944484" lon="14.697697"><ele>396</ele></trkpt>
   <trkpt lat="49.944737" lon="14.697271"><ele>396.5</ele></trkpt>
   <trkpt lat="49.944846" lon="14.697059"><ele>396.5</ele></trkpt>
   <trkpt lat="49.944964" lon="14.6968"><ele>397.25</ele></trkpt>
   <trkpt lat="49.94506" lon="14.696565"><ele>397.75</ele></trkpt>
   <trkpt lat="49.945165" lon="14.696264"><ele>398.25</ele></trkpt>
   <trkpt lat="49.94523" lon="14.696067"><ele>398.5</ele></trkpt>
   <trkpt lat="49.945316" lon="14.695756"><ele>398</ele></trkpt>
   <trkpt lat="49.945384" lon="14.695476"><ele>398.5</ele></trkpt>
   <trkpt lat="49.945737" lon="14.693869"><ele>398</ele></trkpt>
   <trkpt lat="49.945815" lon="14.693565"><ele>399</ele></trkpt>
   <trkpt lat="49.945903" lon="14.69326"><ele>398.25</ele></trkpt>
   <trkpt lat="49.945993" lon="14.692991"><ele>397</ele></trkpt>
   <trkpt lat="49.946082" lon="14.692759"><ele>399.5</ele></trkpt>
   <trkpt lat="49.946257" lon="14.692365"><ele>398</ele></trkpt>
   <trkpt lat="49.946376" lon="14.692129"><ele>400.25</ele></trkpt>
   <trkpt lat="49.946618" lon="14.691716"><ele>400.75</ele></trkpt>
   <trkpt lat="49.946888" lon="14.691325"><ele>402.25</ele></trkpt>
   <trkpt lat="49.947407" lon="14.690609"><ele>403.5</ele></trkpt>
   <trkpt lat="49.947699" lon="14.690184"><ele>404</ele></trkpt>
   <trkpt lat="49.947956" lon="14.689767"><ele>403.75</ele></trkpt>
   <trkpt lat="49.948058" lon="14.689585"><ele>403.25</ele></trkpt>
   <trkpt lat="49.948088" lon="14.689525"><ele>403.25</ele></trkpt>
   <trkpt lat="49.94821" lon="14.68929"><ele>403</ele></trkpt>
   <trkpt lat="49.948351" lon="14.688987"><ele>402.5</ele></trkpt>
   <trkpt lat="49.94855" lon="14.688499"><ele>404</ele></trkpt>
   <trkpt lat="49.948717" lon="14.688024"><ele>404</ele></trkpt>
   <trkpt lat="49.948867" lon="14.687505"><ele>405</ele></trkpt>
   <trkpt lat="49.948943" lon="14.687202"><ele>404.75</ele></trkpt>
   <trkpt lat="49.948998" lon="14.686955"><ele>406</ele></trkpt>
   <trkpt lat="49.949061" lon="14.686624"><ele>406.25</ele></trkpt>
   <trkpt lat="49.94916" lon="14.686024"><ele>407</ele></trkpt>
   <trkpt lat="49.949265" lon="14.685088"><ele>407.5</ele></trkpt>
   <trkpt lat="49.949326" lon="14.684413"><ele>408.25</ele></trkpt>
   <trkpt lat="49.949402" lon="14.683353"><ele>408.25</ele></trkpt>
   <trkpt lat="49.949414" lon="14.683178"><ele>408</ele></trkpt>
   <trkpt lat="49.94942" lon="14.683075"><ele>408</ele></trkpt>
   <trkpt lat="49.949424" lon="14.683008"><ele>408</ele></trkpt>
   <trkpt lat="49.949462" lon="14.682303"><ele>408.75</ele></trkpt>
   <trkpt lat="49.949496" lon="14.681803"><ele>408.75</ele></trkpt>
   <trkpt lat="49.949525" lon="14.681511"><ele>408.5</ele></trkpt>
   <trkpt lat="49.949552" lon="14.681139"><ele>408.75</ele></trkpt>
   <trkpt lat="49.949558" lon="14.680976"><ele>409.25</ele></trkpt>
   <trkpt lat="49.949602" lon="14.679098"><ele>410.75</ele></trkpt>
   <trkpt lat="49.949638" lon="14.676665"><ele>412.5</ele></trkpt>
   <trkpt lat="49.94965" lon="14.676333"><ele>413.75</ele></trkpt>
   <trkpt lat="49.949673" lon="14.675958"><ele>411.75</ele></trkpt>
   <trkpt lat="49.949741" lon="14.6753"><ele>410.75</ele></trkpt>
   <trkpt lat="49.94983" lon="14.674684"><ele>413.25</ele></trkpt>
   <trkpt lat="49.949945" lon="14.674042"><ele>412.25</ele></trkpt>
   <trkpt lat="49.950085" lon="14.673381"><ele>413.75</ele></trkpt>
   <trkpt lat="49.950239" lon="14.672773"><ele>411</ele></trkpt>
   <trkpt lat="49.950437" lon="14.672099"><ele>411.5</ele></trkpt>
   <trkpt lat="49.950622" lon="14.671537"><ele>410.75</ele></trkpt>
   <trkpt lat="49.950882" lon="14.670642"><ele>410.25</ele></trkpt>
   <trkpt lat="49.950901" lon="14.670587"><ele>410.25</ele></trkpt>
   <trkpt lat="49.950917" lon="14.670539"><ele>410.5</ele></trkpt>
   <trkpt lat="49.951694" lon="14.668311"><ele>407.75</ele></trkpt>
   <trkpt lat="49.95171" lon="14.668268"><ele>408.25</ele></trkpt>
   <trkpt lat="49.953133" lon="14.66413"><ele>404.25</ele></trkpt>
   <trkpt lat="49.953346" lon="14.663518"><ele>403</ele></trkpt>
   <trkpt lat="49.953351" lon="14.663503"><ele>403</ele></trkpt>
   <trkpt lat="49.95468" lon="14.659655"><ele>396.5</ele></trkpt>
   <trkpt lat="49.955377" lon="14.657655"><ele>394</ele></trkpt>
   <trkpt lat="49.955436" lon="14.657485"><ele>393.25</ele></trkpt>
   <trkpt lat="49.955584" lon="14.657095"><ele>393.5</ele></trkpt>
   <trkpt lat="49.955703" lon="14.656795"><ele>393.75</ele></trkpt>
   <trkpt lat="49.955828" lon="14.656513"><ele>394</ele></trkpt>
   <trkpt lat="49.956075" lon="14.656041"><ele>393.5</ele></trkpt>
   <trkpt lat="49.956212" lon="14.655801"><ele>393.5</ele></trkpt>
   <trkpt lat="49.956338" lon="14.655603"><ele>393.75</ele></trkpt>
   <trkpt lat="49.956486" lon="14.655387"><ele>393.5</ele></trkpt>
   <trkpt lat="49.956622" lon="14.655206"><ele>393</ele></trkpt>
   <trkpt lat="49.956953" lon="14.654819"><ele>393.5</ele></trkpt>
   <trkpt lat="49.957287" lon="14.654488"><ele>392.25</ele></trkpt>
   <trkpt lat="49.95746" lon="14.65434"><ele>391.5</ele></trkpt>
   <trkpt lat="49.957808" lon="14.654084"><ele>390.75</ele></trkpt>
   <trkpt lat="49.958168" lon="14.65387"><ele>389</ele></trkpt>
   <trkpt lat="49.958362" lon="14.653782"><ele>388</ele></trkpt>
   <trkpt lat="49.958712" lon="14.653649"><ele>390.25</ele></trkpt>
   <trkpt lat="49.958851" lon="14.65361"><ele>391</ele></trkpt>
   <trkpt lat="49.959025" lon="14.653566"><ele>389.5</ele></trkpt>
   <trkpt lat="49.959492" lon="14.653503"><ele>388.5</ele></trkpt>
   <trkpt lat="49.959603" lon="14.653501"><ele>388.75</ele></trkpt>
   <trkpt lat="49.959925" lon="14.653505"><ele>389</ele></trkpt>
   <trkpt lat="49.960439" lon="14.653542"><ele>388.75</ele></trkpt>
   <trkpt lat="49.96086" lon="14.653577"><ele>388.75</ele></trkpt>
   <trkpt lat="49.961487" lon="14.653621"><ele>388.5</ele></trkpt>
   <trkpt lat="49.962572" lon="14.653673"><ele>388</ele></trkpt>
   <trkpt lat="49.964789" lon="14.653719"><ele>382.5</ele></trkpt>
   <trkpt lat="49.965029" lon="14.653728"><ele>381.5</ele></trkpt>
   <trkpt lat="49.965128" lon="14.653735"><ele>381.25</ele></trkpt>
   <trkpt lat="49.965409" lon="14.65376"><ele>381</ele></trkpt>
   <trkpt lat="49.965607" lon="14.653791"><ele>381.5</ele></trkpt>
   <trkpt lat="49.965832" lon="14.653834"><ele>381.5</ele></trkpt>
   <trkpt lat="49.966047" lon="14.653889"><ele>382.75</ele></trkpt>
   <trkpt lat="49.966265" lon="14.653964"><ele>381.5</ele></trkpt>
   <trkpt lat="49.966674" lon="14.654137"><ele>382.25</ele></trkpt>
   <trkpt lat="49.966869" lon="14.65424"><ele>380.5</ele></trkpt>
   <trkpt lat="49.967081" lon="14.654366"><ele>380</ele></trkpt>
   <trkpt lat="49.967469" lon="14.654643"><ele>379.75</ele></trkpt>
   <trkpt lat="49.967641" lon="14.654783"><ele>379.5</ele></trkpt>
   <trkpt lat="49.967832" lon="14.654953"><ele>379.5</ele></trkpt>
   <trkpt lat="49.967999" lon="14.655121"><ele>378.75</ele></trkpt>
   <trkpt lat="49.968342" lon="14.655501"><ele>379.5</ele></trkpt>
   <trkpt lat="49.968669" lon="14.655913"><ele>380</ele></trkpt>
   <trkpt lat="49.968775" lon="14.656057"><ele>380</ele></trkpt>
   <trkpt lat="49.969008" lon="14.656373"><ele>380.75</ele></trkpt>
   <trkpt lat="49.969419" lon="14.656934"><ele>379</ele></trkpt>
   <trkpt lat="49.970675" lon="14.658669"><ele>379</ele></trkpt>
   <trkpt lat="49.971453" lon="14.659733"><ele>375</ele></trkpt>
   <trkpt lat="49.971514" lon="14.659819"><ele>374</ele></trkpt>
   <trkpt lat="49.971827" lon="14.660244"><ele>371</ele></trkpt>
   <trkpt lat="49.971917" lon="14.660371"><ele>371.5</ele></trkpt>
   <trkpt lat="49.973186" lon="14.662121"><ele>373.25</ele></trkpt>
   <trkpt lat="49.973257" lon="14.662219"><ele>373.5</ele></trkpt>
   <trkpt lat="49.973722" lon="14.66285"><ele>374.25</ele></trkpt>
   <trkpt lat="49.974129" lon="14.663376"><ele>373</ele></trkpt>
   <trkpt lat="49.974543" lon="14.663853"><ele>373.25</ele></trkpt>
   <trkpt lat="49.974971" lon="14.664302"><ele>372.75</ele></trkpt>
   <trkpt lat="49.975424" lon="14.664716"><ele>372.75</ele></trkpt>
   <trkpt lat="49.975942" lon="14.665136"><ele>372.5</ele></trkpt>
   <trkpt lat="49.976338" lon="14.665429"><ele>371.75</ele></trkpt>
   <trkpt lat="49.978188" lon="14.666737"><ele>364.75</ele></trkpt>
   <trkpt lat="49.97832" lon="14.666831"><ele>364</ele></trkpt>
   <trkpt lat="49.979342" lon="14.667541"><ele>364</ele></trkpt>
   <trkpt lat="49.979821" lon="14.667839"><ele>363.75</ele></trkpt>
   <trkpt lat="49.980057" lon="14.667968"><ele>363.75</ele></trkpt>
   <trkpt lat="49.980545" lon="14.668187"><ele>363.5</ele></trkpt>
   <trkpt lat="49.980783" lon="14.668277"><ele>363.75</ele></trkpt>
   <trkpt lat="49.981037" lon="14.66836"><ele>364</ele></trkpt>
   <trkpt lat="49.981266" lon="14.668425"><ele>364</ele></trkpt>
   <trkpt lat="49.981519" lon="14.668482"><ele>365</ele></trkpt>
   <trkpt lat="49.982126" lon="14.668573"><ele>364</ele></trkpt>
   <trkpt lat="49.983053" lon="14.66863"><ele>362.25</ele></trkpt>
   <trkpt lat="49.984594" lon="14.668693"><ele>362.25</ele></trkpt>
   <trkpt lat="49.986809" lon="14.668789"><ele>354</ele></trkpt>
   <trkpt lat="49.986844" lon="14.668791"><ele>353.5</ele></trkpt>
   <trkpt lat="49.986912" lon="14.668794"><ele>352.5</ele></trkpt>
   <trkpt lat="49.987029" lon="14.668799"><ele>352.75</ele></trkpt>
   <trkpt lat="49.987262" lon="14.66881"><ele>355</ele></trkpt>
   <trkpt lat="49.98908" lon="14.668899"><ele>357</ele></trkpt>
   <trkpt lat="49.989816" lon="14.668936"><ele>356.5</ele></trkpt>
   <trkpt lat="49.989854" lon="14.668938"><ele>356.5</ele></trkpt>
   <trkpt lat="49.990721" lon="14.668914"><ele>356</ele></trkpt>
   <trkpt lat="49.990795" lon="14.668918"><ele>356.5</ele></trkpt>
   <trkpt lat="49.991459" lon="14.668944"><ele>356</ele></trkpt>
   <trkpt lat="49.991866" lon="14.668966"><ele>356</ele></trkpt>
   <trkpt lat="49.992476" lon="14.668982"><ele>355</ele></trkpt>
   <trkpt lat="49.99267" lon="14.668969"><ele>353.75</ele></trkpt>
   <trkpt lat="49.992974" lon="14.668932"><ele>352</ele></trkpt>
   <trkpt lat="49.993267" lon="14.668869"><ele>351</ele></trkpt>
   <trkpt lat="49.993672" lon="14.668731"><ele>349.25</ele></trkpt>
   <trkpt lat="49.993944" lon="14.668605"><ele>350</ele></trkpt>
   <trkpt lat="49.99412" lon="14.668516"><ele>350.25</ele></trkpt>
   <trkpt lat="49.994303" lon="14.668401"><ele>350</ele></trkpt>
   <trkpt lat="49.994484" lon="14.668279"><ele>349.75</ele></trkpt>
   <trkpt lat="49.994645" lon="14.668157"><ele>349.75</ele></trkpt>
   <trkpt lat="49.994982" lon="14.667864"><ele>349.25</ele></trkpt>
   <trkpt lat="49.995308" lon="14.667515"><ele>349</ele></trkpt>
   <trkpt lat="49.995451" lon="14.667344"><ele>349</ele></trkpt>
   <trkpt lat="49.995605" lon="14.667142"><ele>349</ele></trkpt>
   <trkpt lat="49.995747" lon="14.66695"><ele>348.25</ele></trkpt>
   <trkpt lat="49.995877" lon="14.666749"><ele>348.75</ele></trkpt>
   <trkpt lat="49.996143" lon="14.66631"><ele>348</ele></trkpt>
   <trkpt lat="49.996546" lon="14.665565"><ele>348</ele></trkpt>
   <trkpt lat="49.996569" lon="14.66552"><ele>347.75</ele></trkpt>
   <trkpt lat="49.996767" lon="14.665118"><ele>347.25</ele></trkpt>
   <trkpt lat="49.996973" lon="14.664638"><ele>347</ele></trkpt>
   <trkpt lat="49.997056" lon="14.664429"><ele>347</ele></trkpt>
   <trkpt lat="49.997171" lon="14.664177"><ele>347.75</ele></trkpt>
   <trkpt lat="49.997591" lon="14.663364"><ele>347</ele></trkpt>
   <trkpt lat="49.998484" lon="14.661694"><ele>346</ele></trkpt>
   <trkpt lat="49.998775" lon="14.661146"><ele>345.5</ele></trkpt>
   <trkpt lat="49.998798" lon="14.661104"><ele>345.5</ele></trkpt>
   <trkpt lat="49.99888" lon="14.660945"><ele>345.75</ele></trkpt>
   <trkpt lat="49.999138" lon="14.66038"><ele>345</ele></trkpt>
   <trkpt lat="49.999429" lon="14.659702"><ele>344.25</ele></trkpt>
   <trkpt lat="49.999667" lon="14.659139"><ele>343.25</ele></trkpt>
   <trkpt lat="49.999888" lon="14.658569"><ele>343.5</ele></trkpt>
   <trkpt lat="50.00039" lon="14.657255"><ele>343</ele></trkpt>
   <trkpt lat="50.000554" lon="14.656849"><ele>342.5</ele></trkpt>
   <trkpt lat="50.00066" lon="14.656617"><ele>342</ele></trkpt>
   <trkpt lat="50.000882" lon="14.656088"><ele>342</ele></trkpt>
   <trkpt lat="50.000909" lon="14.656015"><ele>341.25</ele></trkpt>
   <trkpt lat="50.00092" lon="14.655987"><ele>341</ele></trkpt>
   <trkpt lat="50.001662" lon="14.654033"><ele>339.25</ele></trkpt>
   <trkpt lat="50.001679" lon="14.65399"><ele>339.25</ele></trkpt>
   <trkpt lat="50.001844" lon="14.653556"><ele>339.25</ele></trkpt>
   <trkpt lat="50.002589" lon="14.651643"><ele>338.25</ele></trkpt>
   <trkpt lat="50.002841" lon="14.650993"><ele>337.5</ele></trkpt>
   <trkpt lat="50.003431" lon="14.649467"><ele>336.75</ele></trkpt>
   <trkpt lat="50.003799" lon="14.648565"><ele>335</ele></trkpt>
   <trkpt lat="50.004044" lon="14.648052"><ele>335</ele></trkpt>
   <trkpt lat="50.004202" lon="14.647769"><ele>335.5</ele></trkpt>
   <trkpt lat="50.004563" lon="14.647196"><ele>336.75</ele></trkpt>
   <trkpt lat="50.004866" lon="14.646807"><ele>335.25</ele></trkpt>
   <trkpt lat="50.005111" lon="14.646524"><ele>334.75</ele></trkpt>
   <trkpt lat="50.005358" lon="14.646275"><ele>334.25</ele></trkpt>
   <trkpt lat="50.005621" lon="14.646043"><ele>333.5</ele></trkpt>
   <trkpt lat="50.00591" lon="14.645827"><ele>333</ele></trkpt>
   <trkpt lat="50.006825" lon="14.645223"><ele>331.5</ele></trkpt>
   <trkpt lat="50.00704" lon="14.645077"><ele>330.25</ele></trkpt>
   <trkpt lat="50.007276" lon="14.644903"><ele>329.25</ele></trkpt>
   <trkpt lat="50.007571" lon="14.644649"><ele>328.5</ele></trkpt>
   <trkpt lat="50.007807" lon="14.644429"><ele>329.25</ele></trkpt>
   <trkpt lat="50.008063" lon="14.644145"><ele>329.25</ele></trkpt>
   <trkpt lat="50.008155" lon="14.644035"><ele>326.5</ele></trkpt>
   <trkpt lat="50.008432" lon="14.643678"><ele>327.5</ele></trkpt>
   <trkpt lat="50.008666" lon="14.643322"><ele>329</ele></trkpt>
   <trkpt lat="50.008884" lon="14.642943"><ele>328.5</ele></trkpt>
   <trkpt lat="50.008978" lon="14.642758"><ele>328.5</ele></trkpt>
   <trkpt lat="50.009138" lon="14.642333"><ele>328</ele></trkpt>
   <trkpt lat="50.00955" lon="14.640868"><ele>325</ele></trkpt>
   <trkpt lat="50.009615" lon="14.640639"><ele>325</ele></trkpt>
   <trkpt lat="50.009706" lon="14.640314"><ele>324</ele></trkpt>
   <trkpt lat="50.009906" lon="14.639626"><ele>324.5</ele></trkpt>
   <trkpt lat="50.010002" lon="14.639204"><ele>325</ele></trkpt>
   <trkpt lat="50.010291" lon="14.637184"><ele>323.75</ele></trkpt>
   <trkpt lat="50.010513" lon="14.635572"><ele>322.75</ele></trkpt>
   <trkpt lat="50.010616" lon="14.63492"><ele>323.5</ele></trkpt>
   <trkpt lat="50.01074" lon="14.634248"><ele>322.25</ele></trkpt>
   <trkpt lat="50.010887" lon="14.633597"><ele>322.5</ele></trkpt>
   <trkpt lat="50.011048" lon="14.632975"><ele>322</ele></trkpt>
   <trkpt lat="50.011201" lon="14.632457"><ele>321.75</ele></trkpt>
   <trkpt lat="50.01179" lon="14.630688"><ele>322</ele></trkpt>
   <trkpt lat="50.012249" lon="14.629322"><ele>319.25</ele></trkpt>
   <trkpt lat="50.012348" lon="14.629043"><ele>320.5</ele></trkpt>
   <trkpt lat="50.0124" lon="14.628897"><ele>320.5</ele></trkpt>
   <trkpt lat="50.012603" lon="14.628386"><ele>319.5</ele></trkpt>
   <trkpt lat="50.012883" lon="14.62774"><ele>319.5</ele></trkpt>
   <trkpt lat="50.013043" lon="14.627403"><ele>317</ele></trkpt>
   <trkpt lat="50.013126" lon="14.627235"><ele>317.5</ele></trkpt>
   <trkpt lat="50.013334" lon="14.62683"><ele>317</ele></trkpt>
   <trkpt lat="50.014068" lon="14.625536"><ele>315.75</ele></trkpt>
   <trkpt lat="50.014548" lon="14.624718"><ele>313.75</ele></trkpt>
   <trkpt lat="50.014725" lon="14.624399"><ele>313.5</ele></trkpt>
   <trkpt lat="50.015823" lon="14.622504"><ele>311.75</ele></trkpt>
   <trkpt lat="50.016225" lon="14.621766"><ele>307.75</ele></trkpt>
   <trkpt lat="50.016368" lon="14.62147"><ele>308.5</ele></trkpt>
   <trkpt lat="50.016633" lon="14.620886"><ele>309</ele></trkpt>
   <trkpt lat="50.016907" lon="14.620203"><ele>309.25</ele></trkpt>
   <trkpt lat="50.018937" lon="14.614984"><ele>304.75</ele></trkpt>
   <trkpt lat="50.019453" lon="14.613651"><ele>303.75</ele></trkpt>
   <trkpt lat="50.019611" lon="14.613241"><ele>303</ele></trkpt>
   <trkpt lat="50.020412" lon="14.611166"><ele>300</ele></trkpt>
   <trkpt lat="50.020417" lon="14.611154"><ele>300</ele></trkpt>
   <trkpt lat="50.021122" lon="14.609337"><ele>297</ele></trkpt>
   <trkpt lat="50.021229" lon="14.609062"><ele>293.75</ele></trkpt>
   <trkpt lat="50.021776" lon="14.607612"><ele>298</ele></trkpt>
   <trkpt lat="50.022254" lon="14.606318"><ele>297.25</ele></trkpt>
   <trkpt lat="50.022461" lon="14.605786"><ele>296.75</ele></trkpt>
   <trkpt lat="50.022696" lon="14.605227"><ele>296</ele></trkpt>
   <trkpt lat="50.022933" lon="14.60475"><ele>295.5</ele></trkpt>
   <trkpt lat="50.023194" lon="14.604285"><ele>295.25</ele></trkpt>
   <trkpt lat="50.023403" lon="14.603955"><ele>295</ele></trkpt>
   <trkpt lat="50.023604" lon="14.603671"><ele>295.75</ele></trkpt>
   <trkpt lat="50.023785" lon="14.603432"><ele>295.75</ele></trkpt>
   <trkpt lat="50.024021" lon="14.603142"><ele>295.5</ele></trkpt>
   <trkpt lat="50.02437" lon="14.602779"><ele>295</ele></trkpt>
   <trkpt lat="50.024763" lon="14.602427"><ele>294.75</ele></trkpt>
   <trkpt lat="50.025219" lon="14.602033"><ele>294</ele></trkpt>
   <trkpt lat="50.027661" lon="14.599962"><ele>291.25</ele></trkpt>
   <trkpt lat="50.028295" lon="14.599423"><ele>290</ele></trkpt>
   <trkpt lat="50.0284" lon="14.599334"><ele>290.25</ele></trkpt>
   <trkpt lat="50.028847" lon="14.598955"><ele>289.75</ele></trkpt>
   <trkpt lat="50.029492" lon="14.5984"><ele>290</ele></trkpt>
   <trkpt lat="50.029743" lon="14.598162"><ele>290.5</ele></trkpt>
   <trkpt lat="50.030133" lon="14.597763"><ele>290</ele></trkpt>
   <trkpt lat="50.030511" lon="14.5973"><ele>289.25</ele></trkpt>
   <trkpt lat="50.030887" lon="14.596784"><ele>287.25</ele></trkpt>
   <trkpt lat="50.031083" lon="14.596477"><ele>289</ele></trkpt>
   <trkpt lat="50.031274" lon="14.596152"><ele>289</ele></trkpt>
   <trkpt lat="50.031459" lon="14.595813"><ele>289</ele></trkpt>
   <trkpt lat="50.031653" lon="14.595438"><ele>289</ele></trkpt>
   <trkpt lat="50.031802" lon="14.595146"><ele>289</ele></trkpt>
   <trkpt lat="50.031821" lon="14.595108"><ele>289</ele></trkpt>
   <trkpt lat="50.032045" lon="14.594668"><ele>289</ele></trkpt>
   <trkpt lat="50.032224" lon="14.594349"><ele>289</ele></trkpt>
   <trkpt lat="50.032575" lon="14.593776"><ele>288.5</ele></trkpt>
   <trkpt lat="50.032721" lon="14.593521"><ele>288.5</ele></trkpt>
   <trkpt lat="50.032749" lon="14.593469"><ele>288.5</ele></trkpt>
   <trkpt lat="50.033859" lon="14.591374"><ele>288</ele></trkpt>
   <trkpt lat="50.034625" lon="14.589909"><ele>288</ele></trkpt>
   <trkpt lat="50.035992" lon="14.587225"><ele>287</ele></trkpt>
   <trkpt lat="50.036004" lon="14.587202"><ele>287</ele></trkpt>
   <trkpt lat="50.036086" lon="14.587033"><ele>287</ele></trkpt>
   <trkpt lat="50.036266" lon="14.586631"><ele>286.25</ele></trkpt>
   <trkpt lat="50.036378" lon="14.586405"><ele>286.75</ele></trkpt>
   <trkpt lat="50.036977" lon="14.585267"><ele>286.5</ele></trkpt>
   <trkpt lat="50.037024" lon="14.585179"><ele>285.75</ele></trkpt>
   <trkpt lat="50.037286" lon="14.584675"><ele>285.5</ele></trkpt>
   <trkpt lat="50.037492" lon="14.584285"><ele>286</ele></trkpt>
   <trkpt lat="50.037956" lon="14.583398"><ele>286</ele></trkpt>
   <trkpt lat="50.037975" lon="14.583361"><ele>286.25</ele></trkpt>
   <trkpt lat="50.038001" lon="14.583313"><ele>286.5</ele></trkpt>
   <trkpt lat="50.038661" lon="14.582053"><ele>286.5</ele></trkpt>
   <trkpt lat="50.042993" lon="14.573754"><ele>283.25</ele></trkpt>
   <trkpt lat="50.043355" lon="14.573059"><ele>283.75</ele></trkpt>
   <trkpt lat="50.043681" lon="14.572451"><ele>283.75</ele></trkpt>
   <trkpt lat="50.044002" lon="14.571878"><ele>283.5</ele></trkpt>
   <trkpt lat="50.044339" lon="14.571321"><ele>283.25</ele></trkpt>
   <trkpt lat="50.044685" lon="14.570768"><ele>283</ele></trkpt>
   <trkpt lat="50.045466" lon="14.56955"><ele>282.5</ele></trkpt>
   <trkpt lat="50.045517" lon="14.569471"><ele>281.5</ele></trkpt>
   <trkpt lat="50.046034" lon="14.568663"><ele>282</ele></trkpt>
   <trkpt lat="50.047097" lon="14.567008"><ele>280.5</ele></trkpt>
   <trkpt lat="50.047416" lon="14.566502"><ele>279.5</ele></trkpt>
   <trkpt lat="50.048992" lon="14.564028"><ele>277.5</ele></trkpt>
   <trkpt lat="50.048996" lon="14.564021"><ele>277.5</ele></trkpt>
   <trkpt lat="50.049594" lon="14.563089"><ele>276.25</ele></trkpt>
   <trkpt lat="50.050239" lon="14.562073"><ele>274.25</ele></trkpt>
   <trkpt lat="50.052268" lon="14.558892"><ele>271.25</ele></trkpt>
   <trkpt lat="50.052594" lon="14.558368"><ele>270.75</ele></trkpt>
   <trkpt lat="50.052915" lon="14.557815"><ele>269.5</ele></trkpt>
   <trkpt lat="50.053118" lon="14.557435"><ele>269.75</ele></trkpt>
   <trkpt lat="50.053367" lon="14.556917"><ele>267.75</ele></trkpt>
   <trkpt lat="50.053504" lon="14.556602"><ele>269.25</ele></trkpt>
   <trkpt lat="50.053752" lon="14.555957"><ele>267.75</ele></trkpt>
   <trkpt lat="50.053862" lon="14.555632"><ele>268.5</ele></trkpt>
   <trkpt lat="50.054068" lon="14.554931"><ele>268.25</ele></trkpt>
   <trkpt lat="50.05424" lon="14.554223"><ele>265.25</ele></trkpt>
   <trkpt lat="50.054309" lon="14.553879"><ele>266</ele></trkpt>
   <trkpt lat="50.05438" lon="14.553487"><ele>266.75</ele></trkpt>
   <trkpt lat="50.054481" lon="14.552766"><ele>264.5</ele></trkpt>
   <trkpt lat="50.054548" lon="14.552015"><ele>264</ele></trkpt>
   <trkpt lat="50.054571" lon="14.551646"><ele>263.75</ele></trkpt>
   <trkpt lat="50.05459" lon="14.55129"><ele>264.25</ele></trkpt>
   <trkpt lat="50.054628" lon="14.550306"><ele>263.25</ele></trkpt>
   <trkpt lat="50.054648" lon="14.549608"><ele>262.5</ele></trkpt>
   <trkpt lat="50.054704" lon="14.54783"><ele>261.5</ele></trkpt>
   <trkpt lat="50.054725" lon="14.546993"><ele>261.75</ele></trkpt>
   <trkpt lat="50.054726" lon="14.546968"><ele>261.75</ele></trkpt>
   <trkpt lat="50.054729" lon="14.546824"><ele>261.75</ele></trkpt>
   <trkpt lat="50.054781" lon="14.545891"><ele>259.75</ele></trkpt>
   <trkpt lat="50.054805" lon="14.545385"><ele>259.25</ele></trkpt>
   <trkpt lat="50.054815" lon="14.544977"><ele>259</ele></trkpt>
   <trkpt lat="50.054816" lon="14.544927"><ele>259</ele></trkpt>
   <trkpt lat="50.054845" lon="14.54429"><ele>259</ele></trkpt>
   <trkpt lat="50.054899" lon="14.54347"><ele>259.5</ele></trkpt>
   <trkpt lat="50.054909" lon="14.543325"><ele>260</ele></trkpt>
   <trkpt lat="50.054934" lon="14.543024"><ele>259.75</ele></trkpt>
   <trkpt lat="50.054989" lon="14.542541"><ele>259</ele></trkpt>
   <trkpt lat="50.055019" lon="14.542159"><ele>259.75</ele></trkpt>
   <trkpt lat="50.05511" lon="14.541015"><ele>259.75</ele></trkpt>
   <trkpt lat="50.05515" lon="14.540315"><ele>259.5</ele></trkpt>
   <trkpt lat="50.055165" lon="14.539947"><ele>259.5</ele></trkpt>
   <trkpt lat="50.055318" lon="14.534837"><ele>258.25</ele></trkpt>
   <trkpt lat="50.055339" lon="14.53309"><ele>258.75</ele></trkpt>
   <trkpt lat="50.055303" lon="14.53217"><ele>257.25</ele></trkpt>
   <trkpt lat="50.055286" lon="14.531571"><ele>257</ele></trkpt>
   <trkpt lat="50.055288" lon="14.531355"><ele>257</ele></trkpt>
   <trkpt lat="50.055318" lon="14.530501"><ele>256.75</ele></trkpt>
   <trkpt lat="50.055321" lon="14.530431"><ele>256.75</ele></trkpt>
   <trkpt lat="50.05535" lon="14.529889"><ele>255.5</ele></trkpt>
   <trkpt lat="50.055391" lon="14.529354"><ele>255</ele></trkpt>
   <trkpt lat="50.055396" lon="14.529293"><ele>255.25</ele></trkpt>
   <trkpt lat="50.055448" lon="14.528741"><ele>253.5</ele></trkpt>
   <trkpt lat="50.055499" lon="14.528272"><ele>254.25</ele></trkpt>
   <trkpt lat="50.055526" lon="14.528078"><ele>255.25</ele></trkpt>
   <trkpt lat="50.055594" lon="14.527676"><ele>255</ele></trkpt>
   <trkpt lat="50.055647" lon="14.52743"><ele>253.75</ele></trkpt>
   <trkpt lat="50.055844" lon="14.526556"><ele>255.5</ele></trkpt>
   <trkpt lat="50.055921" lon="14.526256"><ele>255.5</ele></trkpt>
   <trkpt lat="50.056037" lon="14.52589"><ele>255.75</ele></trkpt>
   <trkpt lat="50.056046" lon="14.525863"><ele>255.75</ele></trkpt>
   <trkpt lat="50.056065" lon="14.525813"><ele>255.5</ele></trkpt>
   <trkpt lat="50.05623" lon="14.525371"><ele>254.25</ele></trkpt>
   <trkpt lat="50.056327" lon="14.525136"><ele>255.25</ele></trkpt>
   <trkpt lat="50.056557" lon="14.524629"><ele>254</ele></trkpt>
   <trkpt lat="50.056707" lon="14.524333"><ele>254</ele></trkpt>
   <trkpt lat="50.056835" lon="14.524096"><ele>253.75</ele></trkpt>
   <trkpt lat="50.057008" lon="14.523804"><ele>255</ele></trkpt>
   <trkpt lat="50.057192" lon="14.52351"><ele>254.25</ele></trkpt>
   <trkpt lat="50.057413" lon="14.523192"><ele>254.75</ele></trkpt>
   <trkpt lat="50.057628" lon="14.522907"><ele>255.75</ele></trkpt>
   <trkpt lat="50.057745" lon="14.522764"><ele>254.5</ele></trkpt>
   <trkpt lat="50.058007" lon="14.522457"><ele>254.5</ele></trkpt>
   <trkpt lat="50.058231" lon="14.522213"><ele>254.75</ele></trkpt>
   <trkpt lat="50.059207" lon="14.521171"><ele>252.5</ele></trkpt>
   <trkpt lat="50.05941" lon="14.520953"><ele>252.25</ele></trkpt>
   <trkpt lat="50.059761" lon="14.520538"><ele>251</ele></trkpt>
   <trkpt lat="50.059984" lon="14.520245"><ele>251</ele></trkpt>
   <trkpt lat="50.060276" lon="14.519807"><ele>250</ele></trkpt>
   <trkpt lat="50.060554" lon="14.519298"><ele>249.25</ele></trkpt>
   <trkpt lat="50.060784" lon="14.518819"><ele>249.5</ele></trkpt>
   <trkpt lat="50.061002" lon="14.518257"><ele>248.5</ele></trkpt>
   <trkpt lat="50.061123" lon="14.517897"><ele>248.25</ele></trkpt>
   <trkpt lat="50.061276" lon="14.517355"><ele>246</ele></trkpt>
   <trkpt lat="50.061346" lon="14.517053"><ele>247</ele></trkpt>
   <trkpt lat="50.061416" lon="14.516706"><ele>243.5</ele></trkpt>
   <trkpt lat="50.061486" lon="14.516294"><ele>242.25</ele></trkpt>
   <trkpt lat="50.06154" lon="14.515868"><ele>246</ele></trkpt>
   <trkpt lat="50.061564" lon="14.515629"><ele>246.25</ele></trkpt>
   <trkpt lat="50.061587" lon="14.515323"><ele>246.75</ele></trkpt>
   <trkpt lat="50.061612" lon="14.514801"><ele>247</ele></trkpt>
   <trkpt lat="50.061627" lon="14.513862"><ele>246</ele></trkpt>
   <trkpt lat="50.061628" lon="14.51376"><ele>246</ele></trkpt>
   <trkpt lat="50.061646" lon="14.512633"><ele>245.75</ele></trkpt>
   <trkpt lat="50.061647" lon="14.512516"><ele>245.75</ele></trkpt>
   <trkpt lat="50.061674" lon="14.51074"><ele>244</ele></trkpt>
   <trkpt lat="50.061634" lon="14.509778"><ele>243.75</ele></trkpt>
   <trkpt lat="50.061628" lon="14.509294"><ele>243</ele></trkpt>
   <trkpt lat="50.061635" lon="14.508841"><ele>242.75</ele></trkpt>
   <trkpt lat="50.061674" lon="14.508066"><ele>243</ele></trkpt>
   <trkpt lat="50.061763" lon="14.507029"><ele>242</ele></trkpt>
   <trkpt lat="50.06186" lon="14.506121"><ele>241</ele></trkpt>
   <trkpt lat="50.061862" lon="14.506104"><ele>241</ele></trkpt>
   <trkpt lat="50.061867" lon="14.506049"><ele>241</ele></trkpt>
   <trkpt lat="50.062041" lon="14.504404"><ele>240</ele></trkpt>
   <trkpt lat="50.062096" lon="14.50389"><ele>239.75</ele></trkpt>
   <trkpt lat="50.062251" lon="14.502509"><ele>239</ele></trkpt>
   <trkpt lat="50.062367" lon="14.501603"><ele>238.25</ele></trkpt>
   <trkpt lat="50.06253" lon="14.500146"><ele>238</ele></trkpt>
   <trkpt lat="50.0626" lon="14.499497"><ele>237</ele></trkpt>
   <trkpt lat="50.062661" lon="14.498919"><ele>237</ele></trkpt>
   <trkpt lat="50.06283" lon="14.49734"><ele>236</ele></trkpt>
   <trkpt lat="50.06305" lon="14.495271"><ele>234.75</ele></trkpt>
   <trkpt lat="50.063056" lon="14.495219"><ele>234.75</ele></trkpt>
   <trkpt lat="50.063059" lon="14.495191"><ele>234.5</ele></trkpt>
   <trkpt lat="50.063129" lon="14.494527"><ele>231.75</ele></trkpt>
   <trkpt lat="50.06316" lon="14.494219"><ele>231</ele></trkpt>
   <trkpt lat="50.063205" lon="14.493768"><ele>234</ele></trkpt>
   <trkpt lat="50.06325" lon="14.493155"><ele>233.5</ele></trkpt>
   <trkpt lat="50.063284" lon="14.492508"><ele>233</ele></trkpt>
   <trkpt lat="50.063309" lon="14.491789"><ele>233</ele></trkpt>
   <trkpt lat="50.063363" lon="14.489409"><ele>231</ele></trkpt>
   <trkpt lat="50.063399" lon="14.488489"><ele>230</ele></trkpt>
   <trkpt lat="50.063446" lon="14.487607"><ele>229</ele></trkpt>
   <trkpt lat="50.063501" lon="14.486814"><ele>229</ele></trkpt>
   <trkpt lat="50.063567" lon="14.486049"><ele>229</ele></trkpt>
   <trkpt lat="50.063673" lon="14.48501"><ele>227.75</ele></trkpt>
   <trkpt lat="50.063757" lon="14.484301"><ele>227</ele></trkpt>
   <trkpt lat="50.063836" lon="14.48369"><ele>227</ele></trkpt>
   <trkpt lat="50.063951" lon="14.482886"><ele>227</ele></trkpt>
   <trkpt lat="50.064165" lon="14.481534"><ele>225.5</ele></trkpt>
   <trkpt lat="50.064175" lon="14.481474"><ele>225.25</ele></trkpt>
   <trkpt lat="50.064216" lon="14.481145"><ele>225.5</ele></trkpt>
   <trkpt lat="50.064253" lon="14.480764"><ele>225</ele></trkpt>
   <trkpt lat="50.064298" lon="14.480414"><ele>225</ele></trkpt>
   <trkpt lat="50.064317" lon="14.480299"><ele>225</ele></trkpt>
   <trkpt lat="50.064422" lon="14.479354"><ele>224</ele></trkpt>
   <trkpt lat="50.064444" lon="14.479213"><ele>224</ele></trkpt>
   <trkpt lat="50.06481" lon="14.476877"><ele>223.5</ele></trkpt>
   <trkpt lat="50.065064" lon="14.47515"><ele>221</ele></trkpt>
   <trkpt lat="50.065116" lon="14.474718"><ele>221.5</ele></trkpt>
   <trkpt lat="50.06532" lon="14.472813"><ele>220</ele></trkpt>
   <trkpt lat="50.065376" lon="14.472315"><ele>219</ele></trkpt>
   <trkpt lat="50.065447" lon="14.471917"><ele>219</ele></trkpt>
   <trkpt lat="50.065532" lon="14.471508"><ele>219</ele></trkpt>
   <trkpt lat="50.065675" lon="14.470741"><ele>218.5</ele></trkpt>
   <trkpt lat="50.065708" lon="14.470468"><ele>218.25</ele></trkpt>
   <trkpt lat="50.065751" lon="14.470073"><ele>218.25</ele></trkpt>
   <trkpt lat="50.065795" lon="14.469535"><ele>213.5</ele></trkpt>
   <trkpt lat="50.065803" lon="14.469338"><ele>213.75</ele></trkpt>
   <trkpt lat="50.06581" lon="14.469136"><ele>217.75</ele></trkpt>
   <trkpt lat="50.065808" lon="14.468742"><ele>217</ele></trkpt>
   <trkpt lat="50.0658" lon="14.468503"><ele>217</ele></trkpt>
   <trkpt lat="50.06577" lon="14.468054"><ele>217</ele></trkpt>
   <trkpt lat="50.06572" lon="14.467606"><ele>217.25</ele></trkpt>
   <trkpt lat="50.06562" lon="14.467009"><ele>216.25</ele></trkpt>
   <trkpt lat="50.065504" lon="14.466506"><ele>216.75</ele></trkpt>
   <trkpt lat="50.065363" lon="14.466018"><ele>216.25</ele></trkpt>
   <trkpt lat="50.06521" lon="14.465585"><ele>217.25</ele></trkpt>
   <trkpt lat="50.064941" lon="14.464936"><ele>216</ele></trkpt>
   <trkpt lat="50.064773" lon="14.464533"><ele>215</ele></trkpt>
   <trkpt lat="50.06469" lon="14.46431"><ele>215</ele></trkpt>
   <trkpt lat="50.064579" lon="14.464039"><ele>214.75</ele></trkpt>
   <trkpt lat="50.064345" lon="14.463538"><ele>214</ele></trkpt>
   <trkpt lat="50.06409" lon="14.462911"><ele>214</ele></trkpt>
   <trkpt lat="50.063945" lon="14.462589"><ele>213.25</ele></trkpt>
   <trkpt lat="50.063862" lon="14.462412"><ele>213</ele></trkpt>
   <trkpt lat="50.063547" lon="14.461745"><ele>212.75</ele></trkpt>
   <trkpt lat="50.063275" lon="14.461175"><ele>212</ele></trkpt>
   <trkpt lat="50.063268" lon="14.46116"><ele>212</ele></trkpt>
   <trkpt lat="50.063163" lon="14.46094"><ele>212</ele></trkpt>
   <trkpt lat="50.063156" lon="14.460925"><ele>212</ele></trkpt>
   <trkpt lat="50.063035" lon="14.46067"><ele>212</ele></trkpt>
   <trkpt lat="50.062823" lon="14.460216"><ele>211.5</ele></trkpt>
   <trkpt lat="50.062626" lon="14.459753"><ele>211</ele></trkpt>
   <trkpt lat="50.062527" lon="14.459465"><ele>211</ele></trkpt>
   <trkpt lat="50.062486" lon="14.45934"><ele>210.5</ele></trkpt>
   <trkpt lat="50.062419" lon="14.459105"><ele>210.25</ele></trkpt>
   <trkpt lat="50.062316" lon="14.458662"><ele>210.25</ele></trkpt>
   <trkpt lat="50.062237" lon="14.458174"><ele>210</ele></trkpt>
   <trkpt lat="50.062191" lon="14.457694"><ele>209</ele></trkpt>
   <trkpt lat="50.062176" lon="14.457233"><ele>209</ele></trkpt>
   <trkpt lat="50.062188" lon="14.456764"><ele>209</ele></trkpt>
   <trkpt lat="50.062225" lon="14.456324"><ele>207.75</ele></trkpt>
   <trkpt lat="50.062252" lon="14.456112"><ele>207.75</ele></trkpt>
   <trkpt lat="50.062324" lon="14.455691"><ele>207.75</ele></trkpt>
   <trkpt lat="50.062397" lon="14.455352"><ele>208</ele></trkpt>
   <trkpt lat="50.062476" lon="14.455043"><ele>207.75</ele></trkpt>
   <trkpt lat="50.062496" lon="14.454964"><ele>207.5</ele></trkpt>
   <trkpt lat="50.062525" lon="14.454861"><ele>207.25</ele></trkpt>
   <trkpt lat="50.062571" lon="14.454696"><ele>207</ele></trkpt>
   <trkpt lat="50.062698" lon="14.454228"><ele>206</ele></trkpt>
   <trkpt lat="50.062781" lon="14.453937"><ele>206</ele></trkpt>
   <trkpt lat="50.062851" lon="14.453692"><ele>205.5</ele></trkpt>
   <trkpt lat="50.063145" lon="14.452659"><ele>205</ele></trkpt>
   <trkpt lat="50.06316" lon="14.452609"><ele>204.75</ele></trkpt>
   <trkpt lat="50.063176" lon="14.452553"><ele>204.75</ele></trkpt>
   <trkpt lat="50.063456" lon="14.451571"><ele>205</ele></trkpt>
   <trkpt lat="50.063487" lon="14.451461"><ele>205</ele></trkpt>
   <trkpt lat="50.063557" lon="14.451236"><ele>204.5</ele></trkpt>
   <trkpt lat="50.063755" lon="14.450698"><ele>204</ele></trkpt>
   <trkpt lat="50.063819" lon="14.450503"><ele>204</ele></trkpt>
   <trkpt lat="50.06385" lon="14.450395"><ele>204</ele></trkpt>
   <trkpt lat="50.064138" lon="14.449432"><ele>204</ele></trkpt>
   <trkpt lat="50.064389" lon="14.448599"><ele>204</ele></trkpt>
   <trkpt lat="50.064624" lon="14.447811"><ele>204</ele></trkpt>
   <trkpt lat="50.065597" lon="14.444567"><ele>203.25</ele></trkpt>
   <trkpt lat="50.065909" lon="14.44353"><ele>203</ele></trkpt>
   <trkpt lat="50.06594" lon="14.443423"><ele>203</ele></trkpt>
   <trkpt lat="50.066114" lon="14.442843"><ele>201.75</ele></trkpt>
   <trkpt lat="50.066232" lon="14.442447"><ele>201</ele></trkpt>
   <trkpt lat="50.066254" lon="14.442379"><ele>201</ele></trkpt>
   <trkpt lat="50.066356" lon="14.442031"><ele>200.5</ele></trkpt>
   <trkpt lat="50.066497" lon="14.441564"><ele>200.5</ele></trkpt>
   <trkpt lat="50.066516" lon="14.441502"><ele>200</ele></trkpt>
   <trkpt lat="50.066562" lon="14.441347"><ele>199</ele></trkpt>
   <trkpt lat="50.066612" lon="14.441177"><ele>200.25</ele></trkpt>
   <trkpt lat="50.066748" lon="14.440722"><ele>204</ele></trkpt>
   <trkpt lat="50.066886" lon="14.440263"><ele>203.75</ele></trkpt>
   <trkpt lat="50.066893" lon="14.440239"><ele>203.75</ele></trkpt>
   <trkpt lat="50.067011" lon="14.439849"><ele>204</ele></trkpt>
   <trkpt lat="50.067125" lon="14.439501"><ele>204</ele></trkpt>
   <trkpt lat="50.067244" lon="14.439179"><ele>204</ele></trkpt>
   <trkpt lat="50.067374" lon="14.438877"><ele>204.5</ele></trkpt>
   <trkpt lat="50.067489" lon="14.43865"><ele>204.75</ele></trkpt>
   <trkpt lat="50.067611" lon="14.438442"><ele>205</ele></trkpt>
   <trkpt lat="50.067763" lon="14.438203"><ele>205</ele></trkpt>
   <trkpt lat="50.068042" lon="14.43783"><ele>204.75</ele></trkpt>
   <trkpt lat="50.068169" lon="14.437697"><ele>205</ele></trkpt>
   <trkpt lat="50.06833" lon="14.437544"><ele>205</ele></trkpt>
   <trkpt lat="50.068405" lon="14.437478"><ele>205</ele></trkpt>
   <trkpt lat="50.068448" lon="14.437444"><ele>205.25</ele></trkpt>
   <trkpt lat="50.068669" lon="14.437273"><ele>205.25</ele></trkpt>
   <trkpt lat="50.068943" lon="14.437112"><ele>206.75</ele></trkpt>
   <trkpt lat="50.069094" lon="14.437039"><ele>207.75</ele></trkpt>
   <trkpt lat="50.069305" lon="14.436952"><ele>206</ele></trkpt>
   <trkpt lat="50.069464" lon="14.436898"><ele>208</ele></trkpt>
   <trkpt lat="50.069524" lon="14.436879"><ele>211.25</ele></trkpt>
   <trkpt lat="50.06964" lon="14.436839"><ele>211.25</ele></trkpt>
   <trkpt lat="50.073466" lon="14.435602"><ele>211.75</ele></trkpt>
   <trkpt lat="50.073809" lon="14.435457"><ele>211.75</ele></trkpt>
   <trkpt lat="50.074314" lon="14.435204"><ele>211.75</ele></trkpt>
   <trkpt lat="50.074803" lon="14.434912"><ele>211.75</ele></trkpt>
   <trkpt lat="50.075324" lon="14.43455"><ele>211.75</ele></trkpt>
   <trkpt lat="50.076258" lon="14.4338"><ele>212</ele></trkpt>
   <trkpt lat="50.076543" lon="14.433586"><ele>212</ele></trkpt>
   <trkpt lat="50.07684" lon="14.433398"><ele>212</ele></trkpt>
   <trkpt lat="50.07708" lon="14.43328"><ele>212</ele></trkpt>
   <trkpt lat="50.077445" lon="14.433147"><ele>212.25</ele></trkpt>
   <trkpt lat="50.077716" lon="14.433111"><ele>212.25</ele></trkpt>
   <trkpt lat="50.077926" lon="14.433111"><ele>212.25</ele></trkpt>
   <trkpt lat="50.07812" lon="14.433141"><ele>212.25</ele></trkpt>
   <trkpt lat="50.078256" lon="14.433168"><ele>212.25</ele></trkpt>
   <trkpt lat="50.078493" lon="14.433256"><ele>212.25</ele></trkpt>
   <trkpt lat="50.0787" lon="14.433352"><ele>212.25</ele></trkpt>
   <trkpt lat="50.079087" lon="14.433551"><ele>212.25</ele></trkpt>
   <trkpt lat="50.07912" lon="14.433569"><ele>212.25</ele></trkpt>
   <trkpt lat="50.079146" lon="14.433582"><ele>212.5</ele></trkpt>
   <trkpt lat="50.079318" lon="14.433676"><ele>212.5</ele></trkpt>
   <trkpt lat="50.079825" lon="14.433924"><ele>209</ele></trkpt>
   <trkpt lat="50.079983" lon="14.434009"><ele>209</ele></trkpt>
   <trkpt lat="50.080106" lon="14.434086"><ele>208.75</ele></trkpt>
   <trkpt lat="50.080157" lon="14.434123"><ele>209</ele></trkpt>
   <trkpt lat="50.080256" lon="14.434194"><ele>209</ele></trkpt>
   <trkpt lat="50.080591" lon="14.434513"><ele>209</ele></trkpt>
   <trkpt lat="50.081111" lon="14.435129"><ele>209.25</ele></trkpt>
   <trkpt lat="50.081237" lon="14.435268"><ele>209.5</ele></trkpt>
   <trkpt lat="50.081424" lon="14.435453"><ele>209.5</ele></trkpt>
   <trkpt lat="50.081583" lon="14.435589"><ele>209.75</ele></trkpt>
   <trkpt lat="50.081884" lon="14.435811"><ele>210</ele></trkpt>
  </trkseg>
 </trk>
</gpx>